Fecha y Hora,2026-09-01 20:42:02
Medidor,VGM_GAUSSMETER
Firmware,AL-PRG-0VGM-01 4.01
Muestras por punto,5
T estabilizacion (s),5
Velocidad (mm/min),1000
Radio maximo (mm),100
Paso radial (mm),100
Resol theta (deg),6
Resol phi (deg),6
Sentido cascarones,afuera_dentro

Timestamp,radio,theta_deg,phi_deg,X,Y,Z,T_robot (C),muestra,Time (s),x axis (gauss),y axis (gauss),z axis (gauss),Magnitude (gauss)
2026-09-01 20:42:13.988,0.0,0.0,0.0,0.0,0.0,0.0,,1,0.25,427.19,157.66,57.78,459.0
2026-09-01 20:42:14.243,0.0,0.0,0.0,0.0,0.0,0.0,,2,0.5,427.19,157.66,57.78,459.0
2026-09-01 20:42:14.482,0.0,0.0,0.0,0.0,0.0,0.0,,3,0.75,427.16,157.67,57.77,458.98
2026-09-01 20:42:14.737,0.0,0.0,0.0,0.0,0.0,0.0,,4,1.0,427.16,157.67,57.77,458.98
2026-09-01 20:42:14.993,0.0,0.0,0.0,0.0,0.0,0.0,,5,1.25,427.19,157.65,57.79,459.0
2026-09-01 20:42:28.862,100.0,0.0,0.0,0.0,0.0,100.0,,1,0.25,427.54,157.6,58.08,459.34
2026-09-01 20:42:29.117,100.0,0.0,0.0,0.0,0.0,100.0,,2,0.5,427.54,157.6,58.08,459.34
2026-09-01 20:42:29.356,100.0,0.0,0.0,0.0,0.0,100.0,,3,0.75,427.56,157.6,58.08,459.36
2026-09-01 20:42:29.611,100.0,0.0,0.0,0.0,0.0,100.0,,4,1.0,427.56,157.6,58.08,459.36
2026-09-01 20:42:29.867,100.0,0.0,0.0,0.0,0.0,100.0,,5,1.25,427.53,157.6,58.08,459.33
2026-09-01 20:42:36.865,100.0,6.0,0.0,10.4528,0.0,99.4522,,1,0.25,427.56,157.43,58.1,459.31
2026-09-01 20:42:37.104,100.0,6.0,0.0,10.4528,0.0,99.4522,,2,0.5,427.58,157.43,58.1,459.33
2026-09-01 20:42:37.359,100.0,6.0,0.0,10.4528,0.0,99.4522,,3,0.75,427.58,157.43,58.1,459.33
2026-09-01 20:42:37.615,100.0,6.0,0.0,10.4528,0.0,99.4522,,4,1.0,427.57,157.41,58.1,459.31
2026-09-01 20:42:37.870,100.0,6.0,0.0,10.4528,0.0,99.4522,,5,1.25,427.57,157.41,58.1,459.31
2026-09-01 20:42:44.231,100.0,6.0,6.0,10.3956,1.0926,99.4522,,1,0.25,427.69,157.28,58.14,459.38
2026-09-01 20:42:44.486,100.0,6.0,6.0,10.3956,1.0926,99.4522,,2,0.5,427.69,157.31,58.15,459.39
2026-09-01 20:42:44.741,100.0,6.0,6.0,10.3956,1.0926,99.4522,,3,0.75,427.69,157.31,58.15,459.39
2026-09-01 20:42:44.980,100.0,6.0,6.0,10.3956,1.0926,99.4522,,4,1.0,427.71,157.3,58.13,459.41
2026-09-01 20:42:47.483,100.0,6.0,6.0,10.3956,1.0926,99.4522,,5,1.25,427.71,157.3,58.13,459.41
2026-09-01 20:42:53.860,100.0,6.0,12.0,10.2244,2.1733,99.4522,,1,0.25,427.71,157.32,58.17,459.42
2026-09-01 20:42:54.115,100.0,6.0,12.0,10.2244,2.1733,99.4522,,2,0.5,427.72,157.32,58.18,459.43
2026-09-01 20:42:54.354,100.0,6.0,12.0,10.2244,2.1733,99.4522,,3,0.75,427.72,157.32,58.18,459.43
2026-09-01 20:42:54.609,100.0,6.0,12.0,10.2244,2.1733,99.4522,,4,1.0,427.78,157.29,58.16,459.47
2026-09-01 20:42:54.864,100.0,6.0,12.0,10.2244,2.1733,99.4522,,5,1.25,427.78,157.29,58.16,459.47
2026-09-01 20:43:01.241,100.0,6.0,18.0,9.9412,3.2301,99.4522,,1,0.25,427.72,157.23,58.15,459.39
2026-09-01 20:43:01.480,100.0,6.0,18.0,9.9412,3.2301,99.4522,,2,0.5,427.74,157.2,58.16,459.4
2026-09-01 20:43:01.735,100.0,6.0,18.0,9.9412,3.2301,99.4522,,3,0.75,427.74,157.2,58.16,459.4
2026-09-01 20:43:01.990,100.0,6.0,18.0,9.9412,3.2301,99.4522,,4,1.0,427.73,157.21,58.16,459.4
2026-09-01 20:43:02.229,100.0,6.0,18.0,9.9412,3.2301,99.4522,,5,1.25,427.68,157.24,58.14,459.36
2026-09-01 20:43:10.854,100.0,6.0,24.0,9.5492,4.2516,99.4522,,1,0.25,427.66,157.37,58.11,459.38
2026-09-01 20:43:11.109,100.0,6.0,24.0,9.5492,4.2516,99.4522,,2,0.5,427.67,157.37,58.11,459.39
2026-09-01 20:43:11.364,100.0,6.0,24.0,9.5492,4.2516,99.4522,,3,0.75,427.67,157.37,58.11,459.39
2026-09-01 20:43:11.619,100.0,6.0,24.0,9.5492,4.2516,99.4522,,4,1.0,427.65,157.37,58.11,459.37
2026-09-01 20:43:11.858,100.0,6.0,24.0,9.5492,4.2516,99.4522,,5,1.25,427.65,157.37,58.11,459.37
2026-09-01 20:43:18.235,100.0,6.0,30.0,9.0524,5.2264,99.4522,,1,0.25,427.72,157.3,58.11,459.41
2026-09-01 20:43:18.490,100.0,6.0,30.0,9.0524,5.2264,99.4522,,2,0.5,427.73,157.29,58.12,459.42
2026-09-01 20:43:18.730,100.0,6.0,30.0,9.0524,5.2264,99.4522,,3,0.75,427.72,157.29,58.12,459.41
2026-09-01 20:43:21.233,100.0,6.0,30.0,9.0524,5.2264,99.4522,,4,1.0,427.72,157.29,58.12,459.41
2026-09-01 20:43:21.488,100.0,6.0,30.0,9.0524,5.2264,99.4522,,5,1.25,427.69,157.3,58.11,459.38
2026-09-01 20:43:27.865,100.0,6.0,36.0,8.4565,6.144,99.4522,,1,0.25,427.74,157.25,58.11,459.41
2026-09-01 20:43:28.104,100.0,6.0,36.0,8.4565,6.144,99.4522,,2,0.5,427.74,157.25,58.11,459.41
2026-09-01 20:43:28.359,100.0,6.0,36.0,8.4565,6.144,99.4522,,3,0.75,427.7,157.24,58.11,459.37
2026-09-01 20:43:28.614,100.0,6.0,36.0,8.4565,6.144,99.4522,,4,1.0,427.7,157.24,58.11,459.37
2026-09-01 20:43:28.869,100.0,6.0,36.0,8.4565,6.144,99.4522,,5,1.25,427.68,157.24,58.11,459.35
2026-09-01 20:43:35.230,100.0,6.0,42.0,7.768,6.9943,99.4522,,1,0.25,427.71,157.35,58.07,459.42
2026-09-01 20:43:35.485,100.0,6.0,42.0,7.768,6.9943,99.4522,,2,0.5,427.7,157.35,58.08,459.41
2026-09-01 20:43:35.740,100.0,6.0,42.0,7.768,6.9943,99.4522,,3,0.75,427.7,157.35,58.08,459.41
2026-09-01 20:43:35.979,100.0,6.0,42.0,7.768,6.9943,99.4522,,4,1.0,427.71,157.35,58.05,459.41
2026-09-01 20:43:38.482,100.0,6.0,42.0,7.768,6.9943,99.4522,,5,1.25,427.69,157.34,58.06,459.39
2026-09-01 20:43:44.859,100.0,6.0,48.0,6.9943,7.768,99.4522,,1,0.25,427.68,157.25,58.03,459.35
2026-09-01 20:43:45.114,100.0,6.0,48.0,6.9943,7.768,99.4522,,2,0.5,427.68,157.25,58.03,459.35
2026-09-01 20:43:45.353,100.0,6.0,48.0,6.9943,7.768,99.4522,,3,0.75,427.78,157.26,58.04,459.45
2026-09-01 20:43:45.608,100.0,6.0,48.0,6.9943,7.768,99.4522,,4,1.0,427.78,157.26,58.04,459.45
2026-09-01 20:43:45.864,100.0,6.0,48.0,6.9943,7.768,99.4522,,5,1.25,427.78,157.26,58.02,459.44
2026-09-01 20:43:52.240,100.0,6.0,54.0,6.144,8.4565,99.4522,,1,0.25,427.67,157.28,57.99,459.34
2026-09-01 20:43:52.480,100.0,6.0,54.0,6.144,8.4565,99.4522,,2,0.5,427.75,157.26,58.0,459.41
2026-09-01 20:43:52.735,100.0,6.0,54.0,6.144,8.4565,99.4522,,3,0.75,427.75,157.26,58.0,459.41
2026-09-01 20:43:52.990,100.0,6.0,54.0,6.144,8.4565,99.4522,,4,1.0,427.74,157.28,57.99,459.41
2026-09-01 20:43:53.229,100.0,6.0,54.0,6.144,8.4565,99.4522,,5,1.25,427.76,157.25,58.03,459.42
2026-09-01 20:44:01.854,100.0,6.0,60.0,5.2264,9.0524,99.4522,,1,0.25,427.63,157.28,58.06,459.32
2026-09-01 20:44:02.109,100.0,6.0,60.0,5.2264,9.0524,99.4522,,2,0.5,427.63,157.28,58.06,459.32
2026-09-01 20:44:02.364,100.0,6.0,60.0,5.2264,9.0524,99.4522,,3,0.75,427.67,157.29,58.06,459.36
2026-09-01 20:44:02.619,100.0,6.0,60.0,5.2264,9.0524,99.4522,,4,1.0,427.67,157.29,58.06,459.36
2026-09-01 20:44:02.858,100.0,6.0,60.0,5.2264,9.0524,99.4522,,5,1.25,427.68,157.26,58.06,459.36
2026-09-01 20:44:09.235,100.0,6.0,66.0,4.2516,9.5492,99.4522,,1,0.25,427.71,157.33,58.05,459.41
2026-09-01 20:44:09.490,100.0,6.0,66.0,4.2516,9.5492,99.4522,,2,0.5,427.72,157.35,58.06,459.42
2026-09-01 20:44:09.729,100.0,6.0,66.0,4.2516,9.5492,99.4522,,3,0.75,427.75,157.33,58.07,459.45
2026-09-01 20:44:12.232,100.0,6.0,66.0,4.2516,9.5492,99.4522,,4,1.0,427.75,157.33,58.07,459.45
2026-09-01 20:44:12.487,100.0,6.0,66.0,4.2516,9.5492,99.4522,,5,1.25,427.75,157.33,58.07,459.45
2026-09-01 20:44:18.864,100.0,6.0,72.0,3.2301,9.9412,99.4522,,1,0.25,427.71,157.31,58.08,459.4
2026-09-01 20:44:19.103,100.0,6.0,72.0,3.2301,9.9412,99.4522,,2,0.5,427.71,157.31,58.08,459.4
2026-09-01 20:44:19.358,100.0,6.0,72.0,3.2301,9.9412,99.4522,,3,0.75,427.74,157.3,58.06,459.42
2026-09-01 20:44:19.614,100.0,6.0,72.0,3.2301,9.9412,99.4522,,4,1.0,427.74,157.3,58.06,459.42
2026-09-01 20:44:19.869,100.0,6.0,72.0,3.2301,9.9412,99.4522,,5,1.25,427.75,157.29,58.06,459.43
2026-09-01 20:44:26.230,100.0,6.0,78.0,2.1733,10.2244,99.4522,,1,0.25,427.72,157.31,58.08,459.41
2026-09-01 20:44:26.485,100.0,6.0,78.0,2.1733,10.2244,99.4522,,2,0.5,427.79,157.29,58.08,459.47
2026-09-01 20:44:26.740,100.0,6.0,78.0,2.1733,10.2244,99.4522,,3,0.75,427.79,157.29,58.08,459.47
2026-09-01 20:44:26.979,100.0,6.0,78.0,2.1733,10.2244,99.4522,,4,1.0,427.71,157.3,58.08,459.4
2026-09-01 20:44:29.482,100.0,6.0,78.0,2.1733,10.2244,99.4522,,5,1.25,427.71,157.3,58.08,459.4
2026-09-01 20:44:35.859,100.0,6.0,84.0,1.0926,10.3956,99.4522,,1,0.25,427.8,157.23,58.09,459.46
2026-09-01 20:44:36.114,100.0,6.0,84.0,1.0926,10.3956,99.4522,,2,0.5,427.8,157.23,58.09,459.46
2026-09-01 20:44:36.353,100.0,6.0,84.0,1.0926,10.3956,99.4522,,3,0.75,427.81,157.25,58.08,459.48
2026-09-01 20:44:36.608,100.0,6.0,84.0,1.0926,10.3956,99.4522,,4,1.0,427.81,157.25,58.08,459.48
2026-09-01 20:44:36.863,100.0,6.0,84.0,1.0926,10.3956,99.4522,,5,1.25,427.83,157.24,58.1,459.49
2026-09-01 20:44:43.240,100.0,6.0,90.0,0.0,10.4528,99.4522,,1,0.25,427.64,157.38,58.03,459.36
2026-09-01 20:44:43.480,100.0,6.0,90.0,0.0,10.4528,99.4522,,2,0.5,427.73,157.38,58.04,459.44
2026-09-01 20:44:43.735,100.0,6.0,90.0,0.0,10.4528,99.4522,,3,0.75,427.73,157.38,58.04,459.44
2026-09-01 20:44:43.990,100.0,6.0,90.0,0.0,10.4528,99.4522,,4,1.0,427.73,157.38,58.03,459.44
2026-09-01 20:44:44.229,100.0,6.0,90.0,0.0,10.4528,99.4522,,5,1.25,427.74,157.39,58.05,459.45
2026-09-01 20:44:52.854,100.0,6.0,96.0,-1.0926,10.3956,99.4522,,1,0.25,427.79,157.44,58.04,459.52
2026-09-01 20:44:53.109,100.0,6.0,96.0,-1.0926,10.3956,99.4522,,2,0.5,427.79,157.44,58.04,459.52
2026-09-01 20:44:53.364,100.0,6.0,96.0,-1.0926,10.3956,99.4522,,3,0.75,427.79,157.42,58.04,459.51
2026-09-01 20:44:53.603,100.0,6.0,96.0,-1.0926,10.3956,99.4522,,4,1.0,427.79,157.42,58.04,459.51
2026-09-01 20:44:53.858,100.0,6.0,96.0,-1.0926,10.3956,99.4522,,5,1.25,427.8,157.43,58.05,459.52
2026-09-01 20:45:00.235,100.0,6.0,102.0,-2.1733,10.2244,99.4522,,1,0.25,427.76,157.49,58.06,459.51
2026-09-01 20:45:00.490,100.0,6.0,102.0,-2.1733,10.2244,99.4522,,2,0.5,427.76,157.49,58.07,459.51
2026-09-01 20:45:00.730,100.0,6.0,102.0,-2.1733,10.2244,99.4522,,3,0.75,427.76,157.49,58.07,459.51
2026-09-01 20:45:00.985,100.0,6.0,102.0,-2.1733,10.2244,99.4522,,4,1.0,427.76,157.49,58.07,459.51
2026-09-01 20:45:01.240,100.0,6.0,102.0,-2.1733,10.2244,99.4522,,5,1.25,427.81,157.48,58.07,459.55
2026-09-01 20:45:07.617,100.0,6.0,108.0,-3.2301,9.9412,99.4522,,1,0.25,427.78,157.51,58.01,459.53
2026-09-01 20:45:07.856,100.0,6.0,108.0,-3.2301,9.9412,99.4522,,2,0.5,427.77,157.51,58.01,459.52
2026-09-01 20:45:08.111,100.0,6.0,108.0,-3.2301,9.9412,99.4522,,3,0.75,427.77,157.51,58.01,459.52
2026-09-01 20:45:08.366,100.0,6.0,108.0,-3.2301,9.9412,99.4522,,4,1.0,427.81,157.5,58.03,459.55
2026-09-01 20:45:08.605,100.0,6.0,108.0,-3.2301,9.9412,99.4522,,5,1.25,427.81,157.5,58.03,459.55
2026-09-01 20:45:14.982,100.0,6.0,114.0,-4.2516,9.5492,99.4522,,1,0.25,427.76,157.57,58.0,459.53
2026-09-01 20:45:15.237,100.0,6.0,114.0,-4.2516,9.5492,99.4522,,2,0.5,427.76,157.57,58.0,459.53
2026-09-01 20:45:15.492,100.0,6.0,114.0,-4.2516,9.5492,99.4522,,3,0.75,427.78,157.58,58.0,459.55
2026-09-01 20:45:15.732,100.0,6.0,114.0,-4.2516,9.5492,99.4522,,4,1.0,427.78,157.58,58.0,459.55
2026-09-01 20:45:15.987,100.0,6.0,114.0,-4.2516,9.5492,99.4522,,5,1.25,427.78,157.58,58.0,459.55
2026-09-01 20:45:22.364,100.0,6.0,120.0,-5.2264,9.0524,99.4522,,1,0.25,427.77,157.6,57.96,459.54
2026-09-01 20:45:22.603,100.0,6.0,120.0,-5.2264,9.0524,99.4522,,2,0.5,427.77,157.6,57.96,459.54
2026-09-01 20:45:22.858,100.0,6.0,120.0,-5.2264,9.0524,99.4522,,3,0.75,427.78,157.6,57.98,459.55
2026-09-01 20:45:23.113,100.0,6.0,120.0,-5.2264,9.0524,99.4522,,4,1.0,427.78,157.6,57.98,459.55
2026-09-01 20:45:23.368,100.0,6.0,120.0,-5.2264,9.0524,99.4522,,5,1.25,427.74,157.61,57.96,459.52
2026-09-01 20:45:29.729,100.0,6.0,126.0,-6.144,8.4565,99.4522,,1,0.25,427.91,157.61,57.94,459.67
2026-09-01 20:45:32.232,100.0,6.0,126.0,-6.144,8.4565,99.4522,,2,0.5,427.84,157.58,57.93,459.6
2026-09-01 20:45:32.487,100.0,6.0,126.0,-6.144,8.4565,99.4522,,3,0.75,427.84,157.58,57.93,459.6
2026-09-01 20:45:32.742,100.0,6.0,126.0,-6.144,8.4565,99.4522,,4,1.0,427.84,157.57,57.93,459.59
2026-09-01 20:45:32.981,100.0,6.0,126.0,-6.144,8.4565,99.4522,,5,1.25,427.84,157.57,57.93,459.59
2026-09-01 20:45:39.358,100.0,6.0,132.0,-6.9943,7.768,99.4522,,1,0.25,427.95,157.58,57.92,459.7
2026-09-01 20:45:39.613,100.0,6.0,132.0,-6.9943,7.768,99.4522,,2,0.5,427.95,157.58,57.92,459.7
2026-09-01 20:45:39.868,100.0,6.0,132.0,-6.9943,7.768,99.4522,,3,0.75,427.9,157.58,57.92,459.65
2026-09-01 20:45:40.107,100.0,6.0,132.0,-6.9943,7.768,99.4522,,4,1.0,427.9,157.58,57.92,459.65
2026-09-01 20:45:40.362,100.0,6.0,132.0,-6.9943,7.768,99.4522,,5,1.25,427.88,157.57,57.94,459.63
2026-09-01 20:45:46.739,100.0,6.0,138.0,-7.768,6.9943,99.4522,,1,0.25,427.91,157.54,57.91,459.65
2026-09-01 20:45:46.979,100.0,6.0,138.0,-7.768,6.9943,99.4522,,2,0.5,427.96,157.55,57.89,459.69
2026-09-01 20:45:49.482,100.0,6.0,138.0,-7.768,6.9943,99.4522,,3,0.75,427.96,157.55,57.89,459.69
2026-09-01 20:45:49.737,100.0,6.0,138.0,-7.768,6.9943,99.4522,,4,1.0,427.93,157.53,57.91,459.66
2026-09-01 20:45:49.992,100.0,6.0,138.0,-7.768,6.9943,99.4522,,5,1.25,427.93,157.53,57.91,459.66
2026-09-01 20:45:56.353,100.0,6.0,144.0,-8.4565,6.144,99.4522,,1,0.25,427.93,157.46,57.94,459.64
2026-09-01 20:45:56.608,100.0,6.0,144.0,-8.4565,6.144,99.4522,,2,0.5,427.93,157.46,57.94,459.64
2026-09-01 20:45:56.863,100.0,6.0,144.0,-8.4565,6.144,99.4522,,3,0.75,427.93,157.47,57.95,459.65
2026-09-01 20:45:57.118,100.0,6.0,144.0,-8.4565,6.144,99.4522,,4,1.0,427.93,157.47,57.95,459.65
2026-09-01 20:45:57.357,100.0,6.0,144.0,-8.4565,6.144,99.4522,,5,1.25,427.92,157.45,57.94,459.63
2026-09-01 20:46:03.734,100.0,6.0,150.0,-9.0524,5.2264,99.4522,,1,0.25,427.87,157.51,57.97,459.61
2026-09-01 20:46:03.989,100.0,6.0,150.0,-9.0524,5.2264,99.4522,,2,0.5,427.87,157.51,57.97,459.61
2026-09-01 20:46:04.228,100.0,6.0,150.0,-9.0524,5.2264,99.4522,,3,0.75,427.83,157.5,57.98,459.57
2026-09-01 20:46:06.731,100.0,6.0,150.0,-9.0524,5.2264,99.4522,,4,1.0,427.85,157.5,57.97,459.58
2026-09-01 20:46:06.986,100.0,6.0,150.0,-9.0524,5.2264,99.4522,,5,1.25,427.85,157.5,57.97,459.58
2026-09-01 20:46:13.363,100.0,6.0,156.0,-9.5492,4.2516,99.4522,,1,0.25,427.94,157.52,57.95,459.67
2026-09-01 20:46:13.602,100.0,6.0,156.0,-9.5492,4.2516,99.4522,,2,0.5,427.94,157.52,57.95,459.67
2026-09-01 20:46:13.858,100.0,6.0,156.0,-9.5492,4.2516,99.4522,,3,0.75,427.93,157.52,57.96,459.66
2026-09-01 20:46:14.113,100.0,6.0,156.0,-9.5492,4.2516,99.4522,,4,1.0,427.93,157.52,57.96,459.66
2026-09-01 20:46:14.368,100.0,6.0,156.0,-9.5492,4.2516,99.4522,,5,1.25,427.92,157.55,57.95,459.66
2026-09-01 20:46:20.729,100.0,6.0,162.0,-9.9412,3.2301,99.4522,,1,0.25,427.97,157.61,57.96,459.73
2026-09-01 20:46:20.984,100.0,6.0,162.0,-9.9412,3.2301,99.4522,,2,0.5,427.97,157.61,57.96,459.73
2026-09-01 20:46:21.239,100.0,6.0,162.0,-9.9412,3.2301,99.4522,,3,0.75,427.96,157.61,57.98,459.73
2026-09-01 20:46:21.478,100.0,6.0,162.0,-9.9412,3.2301,99.4522,,4,1.0,427.9,157.61,57.96,459.67
2026-09-01 20:46:23.981,100.0,6.0,162.0,-9.9412,3.2301,99.4522,,5,1.25,427.9,157.61,57.96,459.67
2026-09-01 20:46:30.358,100.0,6.0,168.0,-10.2244,2.1733,99.4522,,1,0.25,427.99,157.58,58.0,459.75
2026-09-01 20:46:30.613,100.0,6.0,168.0,-10.2244,2.1733,99.4522,,2,0.5,427.99,157.58,58.0,459.75
2026-09-01 20:46:30.852,100.0,6.0,168.0,-10.2244,2.1733,99.4522,,3,0.75,428.01,157.61,58.0,459.77
2026-09-01 20:46:31.107,100.0,6.0,168.0,-10.2244,2.1733,99.4522,,4,1.0,428.01,157.61,58.0,459.77
2026-09-01 20:46:31.362,100.0,6.0,168.0,-10.2244,2.1733,99.4522,,5,1.25,428.04,157.61,57.99,459.8
2026-09-01 20:46:37.739,100.0,6.0,174.0,-10.3956,1.0926,99.4522,,1,0.25,427.94,157.61,57.98,459.71
2026-09-01 20:46:37.979,100.0,6.0,174.0,-10.3956,1.0926,99.4522,,2,0.5,427.94,157.61,57.98,459.71
2026-09-01 20:46:38.234,100.0,6.0,174.0,-10.3956,1.0926,99.4522,,3,0.75,427.95,157.59,57.97,459.71
2026-09-01 20:46:38.489,100.0,6.0,174.0,-10.3956,1.0926,99.4522,,4,1.0,427.95,157.59,57.97,459.71
2026-09-01 20:46:38.728,100.0,6.0,174.0,-10.3956,1.0926,99.4522,,5,1.25,428.02,157.6,57.98,459.78
2026-09-01 20:46:47.353,100.0,6.0,180.0,-10.4528,0.0,99.4522,,1,0.25,427.95,157.61,57.96,459.71
2026-09-01 20:46:47.608,100.0,6.0,180.0,-10.4528,0.0,99.4522,,2,0.5,427.95,157.61,57.96,459.71
2026-09-01 20:46:47.863,100.0,6.0,180.0,-10.4528,0.0,99.4522,,3,0.75,427.95,157.61,57.95,459.71
2026-09-01 20:46:48.102,100.0,6.0,180.0,-10.4528,0.0,99.4522,,4,1.0,427.95,157.61,57.95,459.71
2026-09-01 20:46:48.357,100.0,6.0,180.0,-10.4528,0.0,99.4522,,5,1.25,427.95,157.61,57.95,459.71
2026-09-01 20:46:54.734,100.0,6.0,186.0,-10.3956,-1.0926,99.4522,,1,0.25,428.01,157.55,57.98,459.75
2026-09-01 20:46:54.989,100.0,6.0,186.0,-10.3956,-1.0926,99.4522,,2,0.5,428.01,157.55,57.98,459.75
2026-09-01 20:46:55.228,100.0,6.0,186.0,-10.3956,-1.0926,99.4522,,3,0.75,428.03,157.58,57.97,459.78
2026-09-01 20:46:57.731,100.0,6.0,186.0,-10.3956,-1.0926,99.4522,,4,1.0,428.0,157.59,57.97,459.75
2026-09-01 20:46:57.986,100.0,6.0,186.0,-10.3956,-1.0926,99.4522,,5,1.25,428.0,157.59,57.97,459.75
2026-09-01 20:47:04.363,100.0,6.0,192.0,-10.2244,-2.1733,99.4522,,1,0.25,428.06,157.46,58.01,459.77
2026-09-01 20:47:04.603,100.0,6.0,192.0,-10.2244,-2.1733,99.4522,,2,0.5,428.06,157.46,58.01,459.77
2026-09-01 20:47:04.858,100.0,6.0,192.0,-10.2244,-2.1733,99.4522,,3,0.75,428.06,157.46,58.01,459.77
2026-09-01 20:47:05.113,100.0,6.0,192.0,-10.2244,-2.1733,99.4522,,4,1.0,428.04,157.48,58.01,459.76
2026-09-01 20:47:05.352,100.0,6.0,192.0,-10.2244,-2.1733,99.4522,,5,1.25,428.04,157.48,58.01,459.76
2026-09-01 20:47:11.729,100.0,6.0,198.0,-9.9412,-3.2301,99.4522,,1,0.25,428.1,157.51,57.98,459.82
2026-09-01 20:47:11.984,100.0,6.0,198.0,-9.9412,-3.2301,99.4522,,2,0.5,428.1,157.51,57.98,459.82
2026-09-01 20:47:12.239,100.0,6.0,198.0,-9.9412,-3.2301,99.4522,,3,0.75,428.11,157.52,57.98,459.83
2026-09-01 20:47:12.478,100.0,6.0,198.0,-9.9412,-3.2301,99.4522,,4,1.0,428.11,157.52,57.98,459.83
2026-09-01 20:47:12.733,100.0,6.0,198.0,-9.9412,-3.2301,99.4522,,5,1.25,428.12,157.5,57.99,459.84
2026-09-01 20:47:19.110,100.0,6.0,204.0,-9.5492,-4.2516,99.4522,,1,0.25,428.1,157.58,58.0,459.85
2026-09-01 20:47:19.366,100.0,6.0,204.0,-9.5492,-4.2516,99.4522,,2,0.5,428.08,157.59,58.01,459.83
2026-09-01 20:47:19.605,100.0,6.0,204.0,-9.5492,-4.2516,99.4522,,3,0.75,428.08,157.59,58.01,459.83
2026-09-01 20:47:19.860,100.0,6.0,204.0,-9.5492,-4.2516,99.4522,,4,1.0,428.06,157.6,58.03,459.82
2026-09-01 20:47:20.115,100.0,6.0,204.0,-9.5492,-4.2516,99.4522,,5,1.25,428.06,157.6,58.03,459.82
2026-09-01 20:47:26.492,100.0,6.0,210.0,-9.0524,-5.2264,99.4522,,1,0.25,428.12,157.45,58.04,459.83
2026-09-01 20:47:26.731,100.0,6.0,210.0,-9.0524,-5.2264,99.4522,,2,0.5,428.11,157.45,58.04,459.82
2026-09-01 20:47:26.986,100.0,6.0,210.0,-9.0524,-5.2264,99.4522,,3,0.75,428.11,157.45,58.04,459.82
2026-09-01 20:47:27.241,100.0,6.0,210.0,-9.0524,-5.2264,99.4522,,4,1.0,428.1,157.45,58.03,459.81
2026-09-01 20:47:27.480,100.0,6.0,210.0,-9.0524,-5.2264,99.4522,,5,1.25,428.1,157.45,58.03,459.81
2026-09-01 20:47:33.857,100.0,6.0,216.0,-8.4565,-6.144,99.4522,,1,0.25,428.07,157.57,58.01,459.82
2026-09-01 20:47:34.112,100.0,6.0,216.0,-8.4565,-6.144,99.4522,,2,0.5,428.07,157.57,58.01,459.82
2026-09-01 20:47:34.352,100.0,6.0,216.0,-8.4565,-6.144,99.4522,,3,0.75,428.04,157.58,58.0,459.79
2026-09-01 20:47:34.607,100.0,6.0,216.0,-8.4565,-6.144,99.4522,,4,1.0,428.04,157.58,58.0,459.79
2026-09-01 20:47:34.862,100.0,6.0,216.0,-8.4565,-6.144,99.4522,,5,1.25,428.03,157.57,58.02,459.78
2026-09-01 20:47:41.239,100.0,6.0,222.0,-7.768,-6.9943,99.4522,,1,0.25,428.0,157.56,57.99,459.75
2026-09-01 20:47:41.478,100.0,6.0,222.0,-7.768,-6.9943,99.4522,,2,0.5,428.07,157.57,57.99,459.82
2026-09-01 20:47:43.981,100.0,6.0,222.0,-7.768,-6.9943,99.4522,,3,0.75,428.07,157.57,57.99,459.82
2026-09-01 20:47:44.236,100.0,6.0,222.0,-7.768,-6.9943,99.4522,,4,1.0,428.03,157.58,57.98,459.78
2026-09-01 20:47:44.491,100.0,6.0,222.0,-7.768,-6.9943,99.4522,,5,1.25,428.03,157.58,57.98,459.78
2026-09-01 20:47:50.852,100.0,6.0,228.0,-6.9943,-7.768,99.4522,,1,0.25,427.97,157.7,58.04,459.77
2026-09-01 20:47:51.107,100.0,6.0,228.0,-6.9943,-7.768,99.4522,,2,0.5,427.97,157.7,58.04,459.77
2026-09-01 20:47:51.362,100.0,6.0,228.0,-6.9943,-7.768,99.4522,,3,0.75,428.01,157.69,58.03,459.81
2026-09-01 20:47:51.617,100.0,6.0,228.0,-6.9943,-7.768,99.4522,,4,1.0,428.01,157.69,58.03,459.81
2026-09-01 20:47:51.856,100.0,6.0,228.0,-6.9943,-7.768,99.4522,,5,1.25,428.01,157.69,58.03,459.81
2026-09-01 20:47:58.233,100.0,6.0,234.0,-6.144,-8.4565,99.4522,,1,0.25,427.97,157.69,58.06,459.77
2026-09-01 20:47:58.488,100.0,6.0,234.0,-6.144,-8.4565,99.4522,,2,0.5,427.97,157.69,58.06,459.77
2026-09-01 20:47:58.728,100.0,6.0,234.0,-6.144,-8.4565,99.4522,,3,0.75,427.95,157.7,58.04,459.75
2026-09-01 20:48:01.231,100.0,6.0,234.0,-6.144,-8.4565,99.4522,,4,1.0,427.96,157.69,58.05,459.76
2026-09-01 20:48:01.486,100.0,6.0,234.0,-6.144,-8.4565,99.4522,,5,1.25,427.96,157.69,58.05,459.76
2026-09-01 20:48:07.863,100.0,6.0,240.0,-5.2264,-9.0524,99.4522,,1,0.25,427.99,157.65,58.04,459.77
2026-09-01 20:48:08.102,100.0,6.0,240.0,-5.2264,-9.0524,99.4522,,2,0.5,428.05,157.65,58.04,459.83
2026-09-01 20:48:08.357,100.0,6.0,240.0,-5.2264,-9.0524,99.4522,,3,0.75,428.05,157.65,58.04,459.83
2026-09-01 20:48:08.612,100.0,6.0,240.0,-5.2264,-9.0524,99.4522,,4,1.0,428.02,157.63,58.04,459.8
2026-09-01 20:48:08.867,100.0,6.0,240.0,-5.2264,-9.0524,99.4522,,5,1.25,428.02,157.63,58.04,459.8
2026-09-01 20:48:15.228,100.0,6.0,246.0,-4.2516,-9.5492,99.4522,,1,0.25,428.08,157.54,58.09,459.83
2026-09-01 20:48:15.483,100.0,6.0,246.0,-4.2516,-9.5492,99.4522,,2,0.5,428.08,157.54,58.09,459.83
2026-09-01 20:48:15.738,100.0,6.0,246.0,-4.2516,-9.5492,99.4522,,3,0.75,428.1,157.54,58.11,459.85
2026-09-01 20:48:15.977,100.0,6.0,246.0,-4.2516,-9.5492,99.4522,,4,1.0,427.94,157.53,58.1,459.69
2026-09-01 20:48:18.480,100.0,6.0,246.0,-4.2516,-9.5492,99.4522,,5,1.25,427.94,157.53,58.1,459.69
2026-09-01 20:48:24.857,100.0,6.0,252.0,-3.2301,-9.9412,99.4522,,1,0.25,428.03,157.5,58.08,459.77
2026-09-01 20:48:25.113,100.0,6.0,252.0,-3.2301,-9.9412,99.4522,,2,0.5,428.02,157.5,58.08,459.76
2026-09-01 20:48:25.352,100.0,6.0,252.0,-3.2301,-9.9412,99.4522,,3,0.75,428.02,157.5,58.08,459.76
2026-09-01 20:48:25.607,100.0,6.0,252.0,-3.2301,-9.9412,99.4522,,4,1.0,428.06,157.51,58.09,459.8
2026-09-01 20:48:25.862,100.0,6.0,252.0,-3.2301,-9.9412,99.4522,,5,1.25,428.06,157.51,58.09,459.8
2026-09-01 20:48:32.239,100.0,6.0,258.0,-2.1733,-10.2244,99.4522,,1,0.25,428.05,157.51,58.14,459.8
2026-09-01 20:48:32.478,100.0,6.0,258.0,-2.1733,-10.2244,99.4522,,2,0.5,428.05,157.51,58.14,459.8
2026-09-01 20:48:32.733,100.0,6.0,258.0,-2.1733,-10.2244,99.4522,,3,0.75,428.06,157.5,58.14,459.8
2026-09-01 20:48:32.988,100.0,6.0,258.0,-2.1733,-10.2244,99.4522,,4,1.0,428.06,157.5,58.14,459.8
2026-09-01 20:48:33.227,100.0,6.0,258.0,-2.1733,-10.2244,99.4522,,5,1.25,428.07,157.5,58.14,459.81
2026-09-01 20:48:41.852,100.0,6.0,264.0,-1.0926,-10.3956,99.4522,,1,0.25,428.04,157.54,58.08,459.79
2026-09-01 20:48:42.107,100.0,6.0,264.0,-1.0926,-10.3956,99.4522,,2,0.5,428.01,157.55,58.06,459.76
2026-09-01 20:48:42.362,100.0,6.0,264.0,-1.0926,-10.3956,99.4522,,3,0.75,428.01,157.55,58.06,459.76
2026-09-01 20:48:42.601,100.0,6.0,264.0,-1.0926,-10.3956,99.4522,,4,1.0,428.0,157.55,58.07,459.75
2026-09-01 20:48:42.856,100.0,6.0,264.0,-1.0926,-10.3956,99.4522,,5,1.25,428.0,157.55,58.07,459.75
2026-09-01 20:48:49.233,100.0,6.0,270.0,-0.0,-10.4528,99.4522,,1,0.25,427.97,157.53,58.11,459.72
2026-09-01 20:48:49.488,100.0,6.0,270.0,-0.0,-10.4528,99.4522,,2,0.5,427.97,157.53,58.11,459.72
2026-09-01 20:48:49.728,100.0,6.0,270.0,-0.0,-10.4528,99.4522,,3,0.75,427.96,157.53,58.11,459.71
2026-09-01 20:48:49.983,100.0,6.0,270.0,-0.0,-10.4528,99.4522,,4,1.0,427.96,157.53,58.11,459.71
2026-09-01 20:48:50.238,100.0,6.0,270.0,-0.0,-10.4528,99.4522,,5,1.25,427.96,157.53,58.11,459.71
2026-09-01 20:48:56.615,100.0,6.0,276.0,1.0926,-10.3956,99.4522,,1,0.25,427.93,157.44,58.13,459.66
2026-09-01 20:48:56.854,100.0,6.0,276.0,1.0926,-10.3956,99.4522,,2,0.5,427.93,157.44,58.13,459.66
2026-09-01 20:48:57.109,100.0,6.0,276.0,1.0926,-10.3956,99.4522,,3,0.75,427.95,157.43,58.13,459.67
2026-09-01 20:48:57.364,100.0,6.0,276.0,1.0926,-10.3956,99.4522,,4,1.0,427.95,157.43,58.13,459.67
2026-09-01 20:48:57.603,100.0,6.0,276.0,1.0926,-10.3956,99.4522,,5,1.25,427.99,157.43,58.12,459.71
2026-09-01 20:49:03.980,100.0,6.0,282.0,2.1733,-10.2244,99.4522,,1,0.25,428.03,157.52,58.14,459.78
2026-09-01 20:49:04.235,100.0,6.0,282.0,2.1733,-10.2244,99.4522,,2,0.5,428.06,157.53,58.14,459.81
2026-09-01 20:49:04.490,100.0,6.0,282.0,2.1733,-10.2244,99.4522,,3,0.75,428.06,157.53,58.14,459.81
2026-09-01 20:49:04.729,100.0,6.0,282.0,2.1733,-10.2244,99.4522,,4,1.0,428.04,157.53,58.14,459.79
2026-09-01 20:49:04.984,100.0,6.0,282.0,2.1733,-10.2244,99.4522,,5,1.25,428.04,157.53,58.14,459.79
2026-09-01 20:49:11.361,100.0,6.0,288.0,3.2301,-9.9412,99.4522,,1,0.25,427.98,157.59,58.17,459.76
2026-09-01 20:49:11.616,100.0,6.0,288.0,3.2301,-9.9412,99.4522,,2,0.5,427.98,157.58,58.17,459.76
2026-09-01 20:49:11.855,100.0,6.0,288.0,3.2301,-9.9412,99.4522,,3,0.75,427.98,157.58,58.17,459.76
2026-09-01 20:49:12.110,100.0,6.0,288.0,3.2301,-9.9412,99.4522,,4,1.0,427.96,157.56,58.16,459.73
2026-09-01 20:49:12.366,100.0,6.0,288.0,3.2301,-9.9412,99.4522,,5,1.25,427.96,157.56,58.16,459.73
2026-09-01 20:49:18.727,100.0,6.0,294.0,4.2516,-9.5492,99.4522,,1,0.25,428.01,157.61,58.19,459.8
2026-09-01 20:49:21.230,100.0,6.0,294.0,4.2516,-9.5492,99.4522,,2,0.5,428.01,157.61,58.19,459.8
2026-09-01 20:49:21.485,100.0,6.0,294.0,4.2516,-9.5492,99.4522,,3,0.75,428.01,157.61,58.19,459.8
2026-09-01 20:49:21.740,100.0,6.0,294.0,4.2516,-9.5492,99.4522,,4,1.0,428.01,157.61,58.19,459.8
2026-09-01 20:49:21.979,100.0,6.0,294.0,4.2516,-9.5492,99.4522,,5,1.25,427.94,157.62,58.18,459.74
2026-09-01 20:49:28.356,100.0,6.0,300.0,5.2264,-9.0524,99.4522,,1,0.25,427.93,157.64,58.17,459.73
2026-09-01 20:49:28.611,100.0,6.0,300.0,5.2264,-9.0524,99.4522,,2,0.5,427.92,157.64,58.16,459.72
2026-09-01 20:49:28.866,100.0,6.0,300.0,5.2264,-9.0524,99.4522,,3,0.75,427.92,157.64,58.16,459.72
2026-09-01 20:49:29.105,100.0,6.0,300.0,5.2264,-9.0524,99.4522,,4,1.0,427.93,157.65,58.16,459.73
2026-09-01 20:49:29.360,100.0,6.0,300.0,5.2264,-9.0524,99.4522,,5,1.25,427.93,157.65,58.16,459.73
2026-09-01 20:49:35.737,100.0,6.0,306.0,6.144,-8.4565,99.4522,,1,0.25,428.01,157.59,58.09,459.78
2026-09-01 20:49:35.976,100.0,6.0,306.0,6.144,-8.4565,99.4522,,2,0.5,428.04,157.57,58.1,459.8
2026-09-01 20:49:38.479,100.0,6.0,306.0,6.144,-8.4565,99.4522,,3,0.75,428.04,157.58,58.09,459.8
2026-09-01 20:49:38.734,100.0,6.0,306.0,6.144,-8.4565,99.4522,,4,1.0,428.04,157.58,58.09,459.8
2026-09-01 20:49:38.989,100.0,6.0,306.0,6.144,-8.4565,99.4522,,5,1.25,428.05,157.58,58.09,459.81
2026-09-01 20:49:45.366,100.0,6.0,312.0,6.9943,-7.768,99.4522,,1,0.25,428.0,157.61,58.05,459.77
2026-09-01 20:49:45.605,100.0,6.0,312.0,6.9943,-7.768,99.4522,,2,0.5,428.02,157.6,58.07,459.79
2026-09-01 20:49:45.860,100.0,6.0,312.0,6.9943,-7.768,99.4522,,3,0.75,428.02,157.6,58.07,459.79
2026-09-01 20:49:46.116,100.0,6.0,312.0,6.9943,-7.768,99.4522,,4,1.0,428.0,157.61,58.06,459.77
2026-09-01 20:49:46.355,100.0,6.0,312.0,6.9943,-7.768,99.4522,,5,1.25,428.0,157.61,58.06,459.77
2026-09-01 20:49:52.731,100.0,6.0,318.0,7.768,-6.9943,99.4522,,1,0.25,428.09,157.53,58.08,459.83
2026-09-01 20:49:52.987,100.0,6.0,318.0,7.768,-6.9943,99.4522,,2,0.5,428.09,157.53,58.09,459.83
2026-09-01 20:49:53.226,100.0,6.0,318.0,7.768,-6.9943,99.4522,,3,0.75,428.06,157.55,58.09,459.81
2026-09-01 20:49:55.729,100.0,6.0,318.0,7.768,-6.9943,99.4522,,4,1.0,428.06,157.55,58.09,459.81
2026-09-01 20:49:55.984,100.0,6.0,318.0,7.768,-6.9943,99.4522,,5,1.25,428.05,157.54,58.11,459.8
2026-09-01 20:50:02.361,100.0,6.0,324.0,8.4565,-6.144,99.4522,,1,0.25,428.08,157.42,58.12,459.79
2026-09-01 20:50:02.616,100.0,6.0,324.0,8.4565,-6.144,99.4522,,2,0.5,428.06,157.42,58.11,459.77
2026-09-01 20:50:02.855,100.0,6.0,324.0,8.4565,-6.144,99.4522,,3,0.75,428.06,157.42,58.11,459.77
2026-09-01 20:50:03.110,100.0,6.0,324.0,8.4565,-6.144,99.4522,,4,1.0,428.06,157.42,58.11,459.77
2026-09-01 20:50:03.365,100.0,6.0,324.0,8.4565,-6.144,99.4522,,5,1.25,428.08,157.4,58.12,459.78
2026-09-01 20:50:09.726,100.0,6.0,330.0,9.0524,-5.2264,99.4522,,1,0.25,428.07,157.44,58.12,459.79
2026-09-01 20:50:12.229,100.0,6.0,330.0,9.0524,-5.2264,99.4522,,2,0.5,428.07,157.44,58.12,459.79
2026-09-01 20:50:12.484,100.0,6.0,330.0,9.0524,-5.2264,99.4522,,3,0.75,428.15,157.47,58.13,459.87
2026-09-01 20:50:12.739,100.0,6.0,330.0,9.0524,-5.2264,99.4522,,4,1.0,428.15,157.47,58.13,459.87
2026-09-01 20:50:12.978,100.0,6.0,330.0,9.0524,-5.2264,99.4522,,5,1.25,428.15,157.47,58.14,459.87
2026-09-01 20:50:19.355,100.0,6.0,336.0,9.5492,-4.2516,99.4522,,1,0.25,428.14,157.52,58.11,459.88
2026-09-01 20:50:19.610,100.0,6.0,336.0,9.5492,-4.2516,99.4522,,2,0.5,428.14,157.52,58.11,459.88
2026-09-01 20:50:19.865,100.0,6.0,336.0,9.5492,-4.2516,99.4522,,3,0.75,428.12,157.52,58.1,459.86
2026-09-01 20:50:20.104,100.0,6.0,336.0,9.5492,-4.2516,99.4522,,4,1.0,428.12,157.52,58.1,459.86
2026-09-01 20:50:20.360,100.0,6.0,336.0,9.5492,-4.2516,99.4522,,5,1.25,428.13,157.51,58.12,459.87
2026-09-01 20:50:26.736,100.0,6.0,342.0,9.9412,-3.2301,99.4522,,1,0.25,428.11,157.51,58.13,459.85
2026-09-01 20:50:26.976,100.0,6.0,342.0,9.9412,-3.2301,99.4522,,2,0.5,428.15,157.51,58.14,459.89
2026-09-01 20:50:29.479,100.0,6.0,342.0,9.9412,-3.2301,99.4522,,3,0.75,428.13,157.51,58.14,459.87
2026-09-01 20:50:29.734,100.0,6.0,342.0,9.9412,-3.2301,99.4522,,4,1.0,428.13,157.51,58.14,459.87
2026-09-01 20:50:29.989,100.0,6.0,342.0,9.9412,-3.2301,99.4522,,5,1.25,428.17,157.53,58.14,459.91
2026-09-01 20:50:36.366,100.0,6.0,348.0,10.2244,-2.1733,99.4522,,1,0.25,428.15,157.42,58.18,459.86
2026-09-01 20:50:36.605,100.0,6.0,348.0,10.2244,-2.1733,99.4522,,2,0.5,428.15,157.42,58.18,459.86
2026-09-01 20:50:36.860,100.0,6.0,348.0,10.2244,-2.1733,99.4522,,3,0.75,428.16,157.43,58.17,459.87
2026-09-01 20:50:37.115,100.0,6.0,348.0,10.2244,-2.1733,99.4522,,4,1.0,428.16,157.43,58.17,459.87
2026-09-01 20:50:37.354,100.0,6.0,348.0,10.2244,-2.1733,99.4522,,5,1.25,428.15,157.46,58.17,459.88
2026-09-01 20:50:43.731,100.0,6.0,354.0,10.3956,-1.0926,99.4522,,1,0.25,428.21,157.41,58.15,459.91
2026-09-01 20:50:43.986,100.0,6.0,354.0,10.3956,-1.0926,99.4522,,2,0.5,428.22,157.4,58.15,459.92
2026-09-01 20:50:44.225,100.0,6.0,354.0,10.3956,-1.0926,99.4522,,3,0.75,428.19,157.38,58.15,459.88
2026-09-01 20:50:46.728,100.0,6.0,354.0,10.3956,-1.0926,99.4522,,4,1.0,428.19,157.38,58.15,459.88
2026-09-01 20:50:46.983,100.0,6.0,354.0,10.3956,-1.0926,99.4522,,5,1.25,428.19,157.38,58.15,459.88
2026-09-01 20:50:53.982,100.0,12.0,354.0,20.6773,-2.1733,97.8148,,1,0.25,428.37,157.33,58.28,460.05
2026-09-01 20:50:54.237,100.0,12.0,354.0,20.6773,-2.1733,97.8148,,2,0.5,428.38,157.33,58.28,460.06
2026-09-01 20:50:54.476,100.0,12.0,354.0,20.6773,-2.1733,97.8148,,3,0.75,428.38,157.36,58.26,460.07
2026-09-01 20:50:56.979,100.0,12.0,354.0,20.6773,-2.1733,97.8148,,4,1.0,428.38,157.35,58.27,460.06
2026-09-01 20:50:57.234,100.0,12.0,354.0,20.6773,-2.1733,97.8148,,5,1.25,428.38,157.35,58.27,460.06
2026-09-01 20:51:03.739,100.0,12.0,348.0,20.3368,-4.3227,97.8148,,1,0.25,428.36,157.48,58.22,460.08
2026-09-01 20:51:03.978,100.0,12.0,348.0,20.3368,-4.3227,97.8148,,2,0.5,428.36,157.48,58.22,460.08
2026-09-01 20:51:04.233,100.0,12.0,348.0,20.3368,-4.3227,97.8148,,3,0.75,428.4,157.48,58.23,460.12
2026-09-01 20:51:04.488,100.0,12.0,348.0,20.3368,-4.3227,97.8148,,4,1.0,428.4,157.48,58.23,460.12
2026-09-01 20:51:04.727,100.0,12.0,348.0,20.3368,-4.3227,97.8148,,5,1.25,428.35,157.49,58.22,460.08
2026-09-01 20:51:11.231,100.0,12.0,342.0,19.7736,-6.4248,97.8148,,1,0.25,428.3,157.56,58.23,460.06
2026-09-01 20:51:11.487,100.0,12.0,342.0,19.7736,-6.4248,97.8148,,2,0.5,428.3,157.56,58.23,460.06
2026-09-01 20:51:11.726,100.0,12.0,342.0,19.7736,-6.4248,97.8148,,3,0.75,428.24,157.57,58.25,460.01
2026-09-01 20:51:14.229,100.0,12.0,342.0,19.7736,-6.4248,97.8148,,4,1.0,428.24,157.57,58.25,460.01
2026-09-01 20:51:14.484,100.0,12.0,342.0,19.7736,-6.4248,97.8148,,5,1.25,428.25,157.56,58.25,460.01
2026-09-01 20:51:20.988,100.0,12.0,336.0,18.9937,-8.4565,97.8148,,1,0.25,428.31,157.56,58.21,460.06
2026-09-01 20:51:21.227,100.0,12.0,336.0,18.9937,-8.4565,97.8148,,2,0.5,428.27,157.56,58.22,460.03
2026-09-01 20:51:21.482,100.0,12.0,336.0,18.9937,-8.4565,97.8148,,3,0.75,428.27,157.56,58.22,460.03
2026-09-01 20:51:21.737,100.0,12.0,336.0,18.9937,-8.4565,97.8148,,4,1.0,428.23,157.55,58.2,459.98
2026-09-01 20:51:21.976,100.0,12.0,336.0,18.9937,-8.4565,97.8148,,5,1.25,428.23,157.55,58.2,459.98
2026-09-01 20:51:28.481,100.0,12.0,330.0,18.0057,-10.3956,97.8148,,1,0.25,428.23,157.63,58.25,460.02
2026-09-01 20:51:28.736,100.0,12.0,330.0,18.0057,-10.3956,97.8148,,2,0.5,428.23,157.63,58.25,460.02
2026-09-01 20:51:28.975,100.0,12.0,330.0,18.0057,-10.3956,97.8148,,3,0.75,428.23,157.62,58.25,460.01
2026-09-01 20:51:31.478,100.0,12.0,330.0,18.0057,-10.3956,97.8148,,4,1.0,428.24,157.63,58.25,460.03
2026-09-01 20:51:31.733,100.0,12.0,330.0,18.0057,-10.3956,97.8148,,5,1.25,428.24,157.63,58.25,460.03
2026-09-01 20:51:38.238,100.0,12.0,324.0,16.8204,-12.2207,97.8148,,1,0.25,428.19,157.65,58.23,459.99
2026-09-01 20:51:38.477,100.0,12.0,324.0,16.8204,-12.2207,97.8148,,2,0.5,428.19,157.65,58.23,459.99
2026-09-01 20:51:38.732,100.0,12.0,324.0,16.8204,-12.2207,97.8148,,3,0.75,428.17,157.65,58.23,459.97
2026-09-01 20:51:38.987,100.0,12.0,324.0,16.8204,-12.2207,97.8148,,4,1.0,428.17,157.65,58.23,459.97
2026-09-01 20:51:39.226,100.0,12.0,324.0,16.8204,-12.2207,97.8148,,5,1.25,428.17,157.63,58.23,459.96
2026-09-01 20:51:47.851,100.0,12.0,318.0,15.4508,-13.912,97.8148,,1,0.25,428.08,157.73,58.25,459.91
2026-09-01 20:51:48.106,100.0,12.0,318.0,15.4508,-13.912,97.8148,,2,0.5,428.08,157.73,58.25,459.91
2026-09-01 20:51:48.361,100.0,12.0,318.0,15.4508,-13.912,97.8148,,3,0.75,428.06,157.72,58.24,459.89
2026-09-01 20:51:48.600,100.0,12.0,318.0,15.4508,-13.912,97.8148,,4,1.0,428.06,157.72,58.24,459.89
2026-09-01 20:51:48.855,100.0,12.0,318.0,15.4508,-13.912,97.8148,,5,1.25,428.06,157.72,58.24,459.89
2026-09-01 20:51:55.232,100.0,12.0,312.0,13.912,-15.4508,97.8148,,1,0.25,428.08,157.8,58.2,459.93
2026-09-01 20:51:55.487,100.0,12.0,312.0,13.912,-15.4508,97.8148,,2,0.5,428.08,157.8,58.2,459.93
2026-09-01 20:51:55.726,100.0,12.0,312.0,13.912,-15.4508,97.8148,,3,0.75,428.05,157.79,58.19,459.9
2026-09-01 20:51:55.981,100.0,12.0,312.0,13.912,-15.4508,97.8148,,4,1.0,428.05,157.79,58.19,459.9
2026-09-01 20:51:56.236,100.0,12.0,312.0,13.912,-15.4508,97.8148,,5,1.25,428.02,157.78,58.19,459.87
2026-09-01 20:52:02.613,100.0,12.0,306.0,12.2207,-16.8204,97.8148,,1,0.25,428.1,157.62,58.18,459.88
2026-09-01 20:52:02.852,100.0,12.0,306.0,12.2207,-16.8204,97.8148,,2,0.5,428.08,157.62,58.18,459.87
2026-09-01 20:52:03.107,100.0,12.0,306.0,12.2207,-16.8204,97.8148,,3,0.75,428.08,157.62,58.18,459.87
2026-09-01 20:52:03.363,100.0,12.0,306.0,12.2207,-16.8204,97.8148,,4,1.0,428.17,157.62,58.18,459.95
2026-09-01 20:52:03.602,100.0,12.0,306.0,12.2207,-16.8204,97.8148,,5,1.25,428.17,157.62,58.18,459.95
2026-09-01 20:52:10.106,100.0,12.0,300.0,10.3956,-18.0057,97.8148,,1,0.25,428.1,157.63,58.21,459.89
2026-09-01 20:52:10.361,100.0,12.0,300.0,10.3956,-18.0057,97.8148,,2,0.5,428.1,157.63,58.21,459.89
2026-09-01 20:52:10.600,100.0,12.0,300.0,10.3956,-18.0057,97.8148,,3,0.75,428.05,157.65,58.2,459.85
2026-09-01 20:52:10.855,100.0,12.0,300.0,10.3956,-18.0057,97.8148,,4,1.0,428.05,157.65,58.2,459.85
2026-09-01 20:52:11.111,100.0,12.0,300.0,10.3956,-18.0057,97.8148,,5,1.25,428.01,157.64,58.2,459.81
2026-09-01 20:52:17.615,100.0,12.0,294.0,8.4565,-18.9937,97.8148,,1,0.25,428.11,157.64,58.17,459.9
2026-09-01 20:52:17.854,100.0,12.0,294.0,8.4565,-18.9937,97.8148,,2,0.5,428.14,157.64,58.16,459.93
2026-09-01 20:52:18.109,100.0,12.0,294.0,8.4565,-18.9937,97.8148,,3,0.75,428.14,157.64,58.16,459.93
2026-09-01 20:52:18.364,100.0,12.0,294.0,8.4565,-18.9937,97.8148,,4,1.0,428.09,157.62,58.18,459.88
2026-09-01 20:52:18.603,100.0,12.0,294.0,8.4565,-18.9937,97.8148,,5,1.25,428.09,157.62,58.18,459.88
2026-09-01 20:52:25.108,100.0,12.0,288.0,6.4248,-19.7736,97.8148,,1,0.25,428.06,157.51,58.15,459.81
2026-09-01 20:52:25.363,100.0,12.0,288.0,6.4248,-19.7736,97.8148,,2,0.5,428.06,157.51,58.15,459.81
2026-09-01 20:52:25.602,100.0,12.0,288.0,6.4248,-19.7736,97.8148,,3,0.75,428.06,157.52,58.18,459.81
2026-09-01 20:52:25.857,100.0,12.0,288.0,6.4248,-19.7736,97.8148,,4,1.0,428.06,157.52,58.18,459.81
2026-09-01 20:52:26.112,100.0,12.0,288.0,6.4248,-19.7736,97.8148,,5,1.25,428.13,157.53,58.16,459.88
2026-09-01 20:52:32.601,100.0,12.0,282.0,4.3227,-20.3368,97.8148,,1,0.25,427.98,157.56,58.17,459.75
2026-09-01 20:52:32.856,100.0,12.0,282.0,4.3227,-20.3368,97.8148,,2,0.5,427.99,157.56,58.18,459.76
2026-09-01 20:52:33.111,100.0,12.0,282.0,4.3227,-20.3368,97.8148,,3,0.75,427.99,157.56,58.18,459.76
2026-09-01 20:52:33.350,100.0,12.0,282.0,4.3227,-20.3368,97.8148,,4,1.0,427.98,157.55,58.18,459.75
2026-09-01 20:52:33.606,100.0,12.0,282.0,4.3227,-20.3368,97.8148,,5,1.25,427.98,157.55,58.18,459.75
2026-09-01 20:52:40.110,100.0,12.0,276.0,2.1733,-20.6773,97.8148,,1,0.25,428.03,157.57,58.13,459.8
2026-09-01 20:52:40.365,100.0,12.0,276.0,2.1733,-20.6773,97.8148,,2,0.5,428.03,157.57,58.13,459.8
2026-09-01 20:52:40.604,100.0,12.0,276.0,2.1733,-20.6773,97.8148,,3,0.75,427.99,157.56,58.13,459.76
2026-09-01 20:52:40.859,100.0,12.0,276.0,2.1733,-20.6773,97.8148,,4,1.0,427.99,157.56,58.13,459.76
2026-09-01 20:52:41.114,100.0,12.0,276.0,2.1733,-20.6773,97.8148,,5,1.25,428.01,157.55,58.14,459.77
2026-09-01 20:52:47.603,100.0,12.0,270.0,-0.0,-20.7912,97.8148,,1,0.25,427.96,157.65,58.12,459.76
2026-09-01 20:52:47.858,100.0,12.0,270.0,-0.0,-20.7912,97.8148,,2,0.5,427.94,157.65,58.13,459.74
2026-09-01 20:52:48.113,100.0,12.0,270.0,-0.0,-20.7912,97.8148,,3,0.75,427.94,157.65,58.13,459.74
2026-09-01 20:52:48.352,100.0,12.0,270.0,-0.0,-20.7912,97.8148,,4,1.0,427.97,157.66,58.14,459.77
2026-09-01 20:52:48.607,100.0,12.0,270.0,-0.0,-20.7912,97.8148,,5,1.25,427.97,157.66,58.14,459.77
2026-09-01 20:52:55.112,100.0,12.0,264.0,-2.1733,-20.6773,97.8148,,1,0.25,428.06,157.61,58.13,459.84
2026-09-01 20:52:55.351,100.0,12.0,264.0,-2.1733,-20.6773,97.8148,,2,0.5,428.06,157.61,58.13,459.84
2026-09-01 20:52:55.606,100.0,12.0,264.0,-2.1733,-20.6773,97.8148,,3,0.75,428.04,157.62,58.12,459.82
2026-09-01 20:52:55.861,100.0,12.0,264.0,-2.1733,-20.6773,97.8148,,4,1.0,428.04,157.62,58.12,459.82
2026-09-01 20:52:56.100,100.0,12.0,264.0,-2.1733,-20.6773,97.8148,,5,1.25,428.02,157.61,58.12,459.8
2026-09-01 20:53:02.605,100.0,12.0,258.0,-4.3227,-20.3368,97.8148,,1,0.25,428.0,157.55,58.08,459.76
2026-09-01 20:53:02.860,100.0,12.0,258.0,-4.3227,-20.3368,97.8148,,2,0.5,427.99,157.56,58.08,459.75
2026-09-01 20:53:03.115,100.0,12.0,258.0,-4.3227,-20.3368,97.8148,,3,0.75,427.99,157.56,58.08,459.75
2026-09-01 20:53:03.354,100.0,12.0,258.0,-4.3227,-20.3368,97.8148,,4,1.0,428.03,157.56,58.08,459.79
2026-09-01 20:53:03.609,100.0,12.0,258.0,-4.3227,-20.3368,97.8148,,5,1.25,428.03,157.56,58.08,459.79
2026-09-01 20:53:10.113,100.0,12.0,252.0,-6.4248,-19.7736,97.8148,,1,0.25,428.02,157.67,58.03,459.81
2026-09-01 20:53:10.353,100.0,12.0,252.0,-6.4248,-19.7736,97.8148,,2,0.5,428.02,157.67,58.03,459.81
2026-09-01 20:53:10.608,100.0,12.0,252.0,-6.4248,-19.7736,97.8148,,3,0.75,428.04,157.67,58.04,459.83
2026-09-01 20:53:10.863,100.0,12.0,252.0,-6.4248,-19.7736,97.8148,,4,1.0,428.04,157.67,58.04,459.83
2026-09-01 20:53:11.102,100.0,12.0,252.0,-6.4248,-19.7736,97.8148,,5,1.25,428.04,157.67,58.03,459.83
2026-09-01 20:53:17.606,100.0,12.0,246.0,-8.4565,-18.9937,97.8148,,1,0.25,428.01,157.6,58.07,459.78
2026-09-01 20:53:17.862,100.0,12.0,246.0,-8.4565,-18.9937,97.8148,,2,0.5,428.03,157.61,58.07,459.8
2026-09-01 20:53:18.101,100.0,12.0,246.0,-8.4565,-18.9937,97.8148,,3,0.75,428.03,157.61,58.07,459.8
2026-09-01 20:53:18.356,100.0,12.0,246.0,-8.4565,-18.9937,97.8148,,4,1.0,428.03,157.59,58.07,459.8
2026-09-01 20:53:18.611,100.0,12.0,246.0,-8.4565,-18.9937,97.8148,,5,1.25,428.03,157.59,58.07,459.8
2026-09-01 20:53:25.099,100.0,12.0,240.0,-10.3956,-18.0057,97.8148,,1,0.25,428.04,157.61,58.1,459.82
2026-09-01 20:53:25.354,100.0,12.0,240.0,-10.3956,-18.0057,97.8148,,2,0.5,428.04,157.61,58.1,459.82
2026-09-01 20:53:25.609,100.0,12.0,240.0,-10.3956,-18.0057,97.8148,,3,0.75,428.05,157.6,58.11,459.82
2026-09-01 20:53:25.865,100.0,12.0,240.0,-10.3956,-18.0057,97.8148,,4,1.0,428.05,157.6,58.11,459.82
2026-09-01 20:53:26.104,100.0,12.0,240.0,-10.3956,-18.0057,97.8148,,5,1.25,428.14,157.61,58.1,459.91
2026-09-01 20:53:32.608,100.0,12.0,234.0,-12.2207,-16.8204,97.8148,,1,0.25,428.17,157.6,58.05,459.93
2026-09-01 20:53:32.863,100.0,12.0,234.0,-12.2207,-16.8204,97.8148,,2,0.5,428.18,157.61,58.06,459.94
2026-09-01 20:53:33.102,100.0,12.0,234.0,-12.2207,-16.8204,97.8148,,3,0.75,428.18,157.61,58.06,459.94
2026-09-01 20:53:33.357,100.0,12.0,234.0,-12.2207,-16.8204,97.8148,,4,1.0,428.17,157.62,58.05,459.93
2026-09-01 20:53:33.612,100.0,12.0,234.0,-12.2207,-16.8204,97.8148,,5,1.25,428.17,157.62,58.05,459.93
2026-09-01 20:53:39.989,100.0,12.0,228.0,-13.912,-15.4508,97.8148,,1,0.25,428.22,157.61,58.03,459.97
2026-09-01 20:53:40.228,100.0,12.0,228.0,-13.912,-15.4508,97.8148,,2,0.5,428.22,157.61,58.03,459.97
2026-09-01 20:53:40.483,100.0,12.0,228.0,-13.912,-15.4508,97.8148,,3,0.75,428.21,157.6,58.04,459.96
2026-09-01 20:53:40.739,100.0,12.0,228.0,-13.912,-15.4508,97.8148,,4,1.0,428.21,157.6,58.04,459.96
2026-09-01 20:53:40.978,100.0,12.0,228.0,-13.912,-15.4508,97.8148,,5,1.25,428.18,157.63,58.02,459.94
2026-09-01 20:53:47.355,100.0,12.0,222.0,-15.4508,-13.912,97.8148,,1,0.25,428.25,157.59,58.11,460.01
2026-09-01 20:53:47.610,100.0,12.0,222.0,-15.4508,-13.912,97.8148,,2,0.5,428.21,157.59,58.11,459.97
2026-09-01 20:53:47.849,100.0,12.0,222.0,-15.4508,-13.912,97.8148,,3,0.75,428.21,157.59,58.11,459.97
2026-09-01 20:53:48.104,100.0,12.0,222.0,-15.4508,-13.912,97.8148,,4,1.0,428.21,157.59,58.11,459.97
2026-09-01 20:53:48.359,100.0,12.0,222.0,-15.4508,-13.912,97.8148,,5,1.25,428.19,157.6,58.09,459.95
2026-09-01 20:53:54.863,100.0,12.0,216.0,-16.8204,-12.2207,97.8148,,1,0.25,428.21,157.73,58.02,460.0
2026-09-01 20:53:55.103,100.0,12.0,216.0,-16.8204,-12.2207,97.8148,,2,0.5,428.21,157.73,58.02,460.0
2026-09-01 20:53:55.358,100.0,12.0,216.0,-16.8204,-12.2207,97.8148,,3,0.75,428.2,157.73,58.03,460.0
2026-09-01 20:53:55.613,100.0,12.0,216.0,-16.8204,-12.2207,97.8148,,4,1.0,428.2,157.73,58.03,460.0
2026-09-01 20:53:55.852,100.0,12.0,216.0,-16.8204,-12.2207,97.8148,,5,1.25,428.2,157.73,58.03,460.0
2026-09-01 20:54:02.356,100.0,12.0,210.0,-18.0057,-10.3956,97.8148,,1,0.25,428.23,157.66,58.06,460.0
2026-09-01 20:54:02.611,100.0,12.0,210.0,-18.0057,-10.3956,97.8148,,2,0.5,428.23,157.65,58.08,460.0
2026-09-01 20:54:02.850,100.0,12.0,210.0,-18.0057,-10.3956,97.8148,,3,0.75,428.23,157.65,58.08,460.0
2026-09-01 20:54:03.105,100.0,12.0,210.0,-18.0057,-10.3956,97.8148,,4,1.0,428.23,157.65,58.08,460.0
2026-09-01 20:54:03.361,100.0,12.0,210.0,-18.0057,-10.3956,97.8148,,5,1.25,428.23,157.65,58.08,460.0
2026-09-01 20:54:09.849,100.0,12.0,204.0,-18.9937,-8.4565,97.8148,,1,0.25,428.27,157.7,58.05,460.05
2026-09-01 20:54:10.104,100.0,12.0,204.0,-18.9937,-8.4565,97.8148,,2,0.5,428.27,157.7,58.05,460.05
2026-09-01 20:54:10.359,100.0,12.0,204.0,-18.9937,-8.4565,97.8148,,3,0.75,428.28,157.7,58.05,460.06
2026-09-01 20:54:10.614,100.0,12.0,204.0,-18.9937,-8.4565,97.8148,,4,1.0,428.28,157.7,58.05,460.06
2026-09-01 20:54:10.853,100.0,12.0,204.0,-18.9937,-8.4565,97.8148,,5,1.25,428.25,157.7,58.04,460.03
2026-09-01 20:54:17.358,100.0,12.0,198.0,-19.7736,-6.4248,97.8148,,1,0.25,428.31,157.72,58.06,460.1
2026-09-01 20:54:17.613,100.0,12.0,198.0,-19.7736,-6.4248,97.8148,,2,0.5,428.27,157.74,58.06,460.07
2026-09-01 20:54:17.852,100.0,12.0,198.0,-19.7736,-6.4248,97.8148,,3,0.75,428.27,157.74,58.06,460.07
2026-09-01 20:54:18.107,100.0,12.0,198.0,-19.7736,-6.4248,97.8148,,4,1.0,428.29,157.74,58.04,460.09
2026-09-01 20:54:18.362,100.0,12.0,198.0,-19.7736,-6.4248,97.8148,,5,1.25,428.29,157.74,58.04,460.09
2026-09-01 20:54:24.851,100.0,12.0,192.0,-20.3368,-4.3227,97.8148,,1,0.25,428.24,157.77,58.02,460.05
2026-09-01 20:54:25.106,100.0,12.0,192.0,-20.3368,-4.3227,97.8148,,2,0.5,428.24,157.77,58.02,460.05
2026-09-01 20:54:25.361,100.0,12.0,192.0,-20.3368,-4.3227,97.8148,,3,0.75,428.2,157.77,58.01,460.01
2026-09-01 20:54:25.600,100.0,12.0,192.0,-20.3368,-4.3227,97.8148,,4,1.0,428.2,157.77,58.01,460.01
2026-09-01 20:54:25.855,100.0,12.0,192.0,-20.3368,-4.3227,97.8148,,5,1.25,428.19,157.76,58.01,460.0
2026-09-01 20:54:32.360,100.0,12.0,186.0,-20.6773,-2.1733,97.8148,,1,0.25,428.29,157.73,58.02,460.08
2026-09-01 20:54:32.599,100.0,12.0,186.0,-20.6773,-2.1733,97.8148,,2,0.5,428.23,157.75,58.04,460.03
2026-09-01 20:54:32.854,100.0,12.0,186.0,-20.6773,-2.1733,97.8148,,3,0.75,428.23,157.75,58.04,460.03
2026-09-01 20:54:33.109,100.0,12.0,186.0,-20.6773,-2.1733,97.8148,,4,1.0,428.28,157.75,58.02,460.08
2026-09-01 20:54:33.364,100.0,12.0,186.0,-20.6773,-2.1733,97.8148,,5,1.25,428.28,157.75,58.02,460.08
2026-09-01 20:54:39.852,100.0,12.0,180.0,-20.7912,0.0,97.8148,,1,0.25,428.23,157.85,57.96,460.06
2026-09-01 20:54:40.108,100.0,12.0,180.0,-20.7912,0.0,97.8148,,2,0.5,428.23,157.85,57.96,460.06
2026-09-01 20:54:40.363,100.0,12.0,180.0,-20.7912,0.0,97.8148,,3,0.75,428.27,157.84,57.95,460.09
2026-09-01 20:54:40.602,100.0,12.0,180.0,-20.7912,0.0,97.8148,,4,1.0,428.27,157.84,57.95,460.09
2026-09-01 20:54:40.857,100.0,12.0,180.0,-20.7912,0.0,97.8148,,5,1.25,428.2,157.84,57.97,460.03
2026-09-01 20:54:47.361,100.0,12.0,174.0,-20.6773,2.1733,97.8148,,1,0.25,428.21,157.87,58.01,460.05
2026-09-01 20:54:47.600,100.0,12.0,174.0,-20.6773,2.1733,97.8148,,2,0.5,428.18,157.84,58.0,460.01
2026-09-01 20:54:47.855,100.0,12.0,174.0,-20.6773,2.1733,97.8148,,3,0.75,428.18,157.84,58.0,460.01
2026-09-01 20:54:48.111,100.0,12.0,174.0,-20.6773,2.1733,97.8148,,4,1.0,428.19,157.85,58.01,460.03
2026-09-01 20:54:48.350,100.0,12.0,174.0,-20.6773,2.1733,97.8148,,5,1.25,428.19,157.85,58.01,460.03
2026-09-01 20:54:54.854,100.0,12.0,168.0,-20.3368,4.3227,97.8148,,1,0.25,428.15,157.82,57.96,459.97
2026-09-01 20:54:55.109,100.0,12.0,168.0,-20.3368,4.3227,97.8148,,2,0.5,428.15,157.82,57.96,459.97
2026-09-01 20:54:55.348,100.0,12.0,168.0,-20.3368,4.3227,97.8148,,3,0.75,428.11,157.81,57.95,459.93
2026-09-01 20:54:55.603,100.0,12.0,168.0,-20.3368,4.3227,97.8148,,4,1.0,428.11,157.81,57.95,459.93
2026-09-01 20:54:55.859,100.0,12.0,168.0,-20.3368,4.3227,97.8148,,5,1.25,428.13,157.81,57.94,459.95
2026-09-01 20:55:02.363,100.0,12.0,162.0,-19.7736,6.4248,97.8148,,1,0.25,428.18,157.76,58.02,459.99
2026-09-01 20:55:02.602,100.0,12.0,162.0,-19.7736,6.4248,97.8148,,2,0.5,428.15,157.78,58.01,459.96
2026-09-01 20:55:02.857,100.0,12.0,162.0,-19.7736,6.4248,97.8148,,3,0.75,428.15,157.78,58.01,459.96
2026-09-01 20:55:03.112,100.0,12.0,162.0,-19.7736,6.4248,97.8148,,4,1.0,428.18,157.76,58.02,459.99
2026-09-01 20:55:03.351,100.0,12.0,162.0,-19.7736,6.4248,97.8148,,5,1.25,428.18,157.76,58.02,459.99
2026-09-01 20:55:09.856,100.0,12.0,156.0,-18.9937,8.4565,97.8148,,1,0.25,428.1,157.73,57.96,459.89
2026-09-01 20:55:10.111,100.0,12.0,156.0,-18.9937,8.4565,97.8148,,2,0.5,428.1,157.73,57.96,459.89
2026-09-01 20:55:10.350,100.0,12.0,156.0,-18.9937,8.4565,97.8148,,3,0.75,428.13,157.71,57.95,459.91
2026-09-01 20:55:10.605,100.0,12.0,156.0,-18.9937,8.4565,97.8148,,4,1.0,428.13,157.71,57.95,459.91
2026-09-01 20:55:10.860,100.0,12.0,156.0,-18.9937,8.4565,97.8148,,5,1.25,428.14,157.72,57.95,459.93
2026-09-01 20:55:17.349,100.0,12.0,150.0,-18.0057,10.3956,97.8148,,1,0.25,428.08,157.89,58.0,459.94
2026-09-01 20:55:17.604,100.0,12.0,150.0,-18.0057,10.3956,97.8148,,2,0.5,428.06,157.88,58.0,459.91
2026-09-01 20:55:17.859,100.0,12.0,150.0,-18.0057,10.3956,97.8148,,3,0.75,428.06,157.88,58.0,459.91
2026-09-01 20:55:18.114,100.0,12.0,150.0,-18.0057,10.3956,97.8148,,4,1.0,428.06,157.86,58.0,459.91
2026-09-01 20:55:18.353,100.0,12.0,150.0,-18.0057,10.3956,97.8148,,5,1.25,428.06,157.86,58.0,459.91
2026-09-01 20:55:24.858,100.0,12.0,144.0,-16.8204,12.2207,97.8148,,1,0.25,428.01,157.84,57.89,459.84
2026-09-01 20:55:25.113,100.0,12.0,144.0,-16.8204,12.2207,97.8148,,2,0.5,428.01,157.84,57.89,459.84
2026-09-01 20:55:25.352,100.0,12.0,144.0,-16.8204,12.2207,97.8148,,3,0.75,428.0,157.83,57.9,459.83
2026-09-01 20:55:25.607,100.0,12.0,144.0,-16.8204,12.2207,97.8148,,4,1.0,428.0,157.83,57.9,459.83
2026-09-01 20:55:25.862,100.0,12.0,144.0,-16.8204,12.2207,97.8148,,5,1.25,428.03,157.83,57.91,459.86
2026-09-01 20:55:32.239,100.0,12.0,138.0,-15.4508,13.912,97.8148,,1,0.25,427.94,157.86,57.97,459.79
2026-09-01 20:55:32.478,100.0,12.0,138.0,-15.4508,13.912,97.8148,,2,0.5,427.93,157.84,57.98,459.78
2026-09-01 20:55:32.733,100.0,12.0,138.0,-15.4508,13.912,97.8148,,3,0.75,427.93,157.84,57.98,459.78
2026-09-01 20:55:32.988,100.0,12.0,138.0,-15.4508,13.912,97.8148,,4,1.0,427.96,157.82,57.99,459.8
2026-09-01 20:55:33.227,100.0,12.0,138.0,-15.4508,13.912,97.8148,,5,1.25,427.96,157.82,57.99,459.8
2026-09-01 20:55:39.604,100.0,12.0,132.0,-13.912,15.4508,97.8148,,1,0.25,427.89,157.89,57.94,459.75
2026-09-01 20:55:39.859,100.0,12.0,132.0,-13.912,15.4508,97.8148,,2,0.5,427.88,157.86,57.93,459.73
2026-09-01 20:55:40.098,100.0,12.0,132.0,-13.912,15.4508,97.8148,,3,0.75,427.88,157.86,57.93,459.73
2026-09-01 20:55:40.353,100.0,12.0,132.0,-13.912,15.4508,97.8148,,4,1.0,427.87,157.87,57.95,459.73
2026-09-01 20:55:40.608,100.0,12.0,132.0,-13.912,15.4508,97.8148,,5,1.25,427.87,157.87,57.95,459.73
2026-09-01 20:55:47.113,100.0,12.0,126.0,-12.2207,16.8204,97.8148,,1,0.25,427.84,157.78,57.93,459.67
2026-09-01 20:55:47.352,100.0,12.0,126.0,-12.2207,16.8204,97.8148,,2,0.5,427.84,157.78,57.93,459.67
2026-09-01 20:55:47.607,100.0,12.0,126.0,-12.2207,16.8204,97.8148,,3,0.75,427.86,157.79,57.94,459.69
2026-09-01 20:55:47.862,100.0,12.0,126.0,-12.2207,16.8204,97.8148,,4,1.0,427.86,157.79,57.94,459.69
2026-09-01 20:55:48.101,100.0,12.0,126.0,-12.2207,16.8204,97.8148,,5,1.25,427.92,157.77,57.94,459.74
2026-09-01 20:55:54.606,100.0,12.0,120.0,-10.3956,18.0057,97.8148,,1,0.25,427.9,157.68,58.01,459.7
2026-09-01 20:55:54.861,100.0,12.0,120.0,-10.3956,18.0057,97.8148,,2,0.5,427.93,157.68,58.01,459.73
2026-09-01 20:55:55.100,100.0,12.0,120.0,-10.3956,18.0057,97.8148,,3,0.75,427.93,157.68,58.01,459.73
2026-09-01 20:55:55.355,100.0,12.0,120.0,-10.3956,18.0057,97.8148,,4,1.0,427.93,157.69,58.01,459.73
2026-09-01 20:55:55.610,100.0,12.0,120.0,-10.3956,18.0057,97.8148,,5,1.25,427.93,157.69,58.01,459.73
2026-09-01 20:56:02.099,100.0,12.0,114.0,-8.4565,18.9937,97.8148,,1,0.25,427.83,157.72,58.01,459.65
2026-09-01 20:56:02.354,100.0,12.0,114.0,-8.4565,18.9937,97.8148,,2,0.5,427.83,157.72,58.01,459.65
2026-09-01 20:56:02.609,100.0,12.0,114.0,-8.4565,18.9937,97.8148,,3,0.75,427.84,157.71,58.01,459.65
2026-09-01 20:56:02.848,100.0,12.0,114.0,-8.4565,18.9937,97.8148,,4,1.0,427.84,157.71,58.01,459.65
2026-09-01 20:56:03.103,100.0,12.0,114.0,-8.4565,18.9937,97.8148,,5,1.25,427.83,157.69,58.01,459.64
2026-09-01 20:56:09.608,100.0,12.0,108.0,-6.4248,19.7736,97.8148,,1,0.25,427.77,157.69,57.94,459.57
2026-09-01 20:56:09.863,100.0,12.0,108.0,-6.4248,19.7736,97.8148,,2,0.5,427.77,157.69,57.94,459.57
2026-09-01 20:56:10.102,100.0,12.0,108.0,-6.4248,19.7736,97.8148,,3,0.75,427.77,157.69,57.94,459.57
2026-09-01 20:56:10.357,100.0,12.0,108.0,-6.4248,19.7736,97.8148,,4,1.0,427.81,157.7,57.94,459.61
2026-09-01 20:56:10.612,100.0,12.0,108.0,-6.4248,19.7736,97.8148,,5,1.25,427.81,157.7,57.94,459.61
2026-09-01 20:56:17.100,100.0,12.0,102.0,-4.3227,20.3368,97.8148,,1,0.25,427.68,157.66,57.96,459.48
2026-09-01 20:56:17.356,100.0,12.0,102.0,-4.3227,20.3368,97.8148,,2,0.5,427.72,157.67,57.95,459.52
2026-09-01 20:56:17.611,100.0,12.0,102.0,-4.3227,20.3368,97.8148,,3,0.75,427.72,157.67,57.95,459.52
2026-09-01 20:56:17.850,100.0,12.0,102.0,-4.3227,20.3368,97.8148,,4,1.0,427.72,157.67,57.95,459.52
2026-09-01 20:56:18.105,100.0,12.0,102.0,-4.3227,20.3368,97.8148,,5,1.25,427.75,157.66,57.93,459.54
2026-09-01 20:56:24.609,100.0,12.0,96.0,-2.1733,20.6773,97.8148,,1,0.25,427.72,157.62,57.97,459.5
2026-09-01 20:56:24.848,100.0,12.0,96.0,-2.1733,20.6773,97.8148,,2,0.5,427.72,157.62,57.97,459.5
2026-09-01 20:56:25.104,100.0,12.0,96.0,-2.1733,20.6773,97.8148,,3,0.75,427.75,157.62,57.99,459.53
2026-09-01 20:56:25.359,100.0,12.0,96.0,-2.1733,20.6773,97.8148,,4,1.0,427.75,157.62,57.99,459.53
2026-09-01 20:56:25.598,100.0,12.0,96.0,-2.1733,20.6773,97.8148,,5,1.25,427.75,157.62,57.99,459.53
2026-09-01 20:56:32.102,100.0,12.0,90.0,0.0,20.7912,97.8148,,1,0.25,427.8,157.47,58.04,459.54
2026-09-01 20:56:32.357,100.0,12.0,90.0,0.0,20.7912,97.8148,,2,0.5,427.81,157.45,58.03,459.54
2026-09-01 20:56:32.612,100.0,12.0,90.0,0.0,20.7912,97.8148,,3,0.75,427.81,157.45,58.03,459.54
2026-09-01 20:56:32.851,100.0,12.0,90.0,0.0,20.7912,97.8148,,4,1.0,427.78,157.45,58.03,459.51
2026-09-01 20:56:33.107,100.0,12.0,90.0,0.0,20.7912,97.8148,,5,1.25,427.78,157.45,58.03,459.51
2026-09-01 20:56:39.611,100.0,12.0,84.0,2.1733,20.6773,97.8148,,1,0.25,427.67,157.53,58.06,459.44
2026-09-01 20:56:39.850,100.0,12.0,84.0,2.1733,20.6773,97.8148,,2,0.5,427.67,157.53,58.06,459.44
2026-09-01 20:56:40.105,100.0,12.0,84.0,2.1733,20.6773,97.8148,,3,0.75,427.65,157.54,58.05,459.42
2026-09-01 20:56:40.360,100.0,12.0,84.0,2.1733,20.6773,97.8148,,4,1.0,427.65,157.54,58.05,459.42
2026-09-01 20:56:40.599,100.0,12.0,84.0,2.1733,20.6773,97.8148,,5,1.25,427.64,157.53,58.06,459.41
2026-09-01 20:56:47.104,100.0,12.0,78.0,4.3227,20.3368,97.8148,,1,0.25,427.74,157.46,58.08,459.48
2026-09-01 20:56:47.359,100.0,12.0,78.0,4.3227,20.3368,97.8148,,2,0.5,427.74,157.46,58.07,459.48
2026-09-01 20:56:47.598,100.0,12.0,78.0,4.3227,20.3368,97.8148,,3,0.75,427.74,157.46,58.07,459.48
2026-09-01 20:56:47.853,100.0,12.0,78.0,4.3227,20.3368,97.8148,,4,1.0,427.77,157.46,58.07,459.51
2026-09-01 20:56:48.108,100.0,12.0,78.0,4.3227,20.3368,97.8148,,5,1.25,427.77,157.46,58.07,459.51
2026-09-01 20:56:54.613,100.0,12.0,72.0,6.4248,19.7736,97.8148,,1,0.25,427.72,157.37,58.12,459.44
2026-09-01 20:56:54.852,100.0,12.0,72.0,6.4248,19.7736,97.8148,,2,0.5,427.72,157.37,58.12,459.44
2026-09-01 20:56:55.107,100.0,12.0,72.0,6.4248,19.7736,97.8148,,3,0.75,427.73,157.4,58.13,459.46
2026-09-01 20:56:55.362,100.0,12.0,72.0,6.4248,19.7736,97.8148,,4,1.0,427.73,157.4,58.13,459.46
2026-09-01 20:56:55.601,100.0,12.0,72.0,6.4248,19.7736,97.8148,,5,1.25,427.77,157.4,58.13,459.5
2026-09-01 20:57:02.106,100.0,12.0,66.0,8.4565,18.9937,97.8148,,1,0.25,427.96,157.28,58.18,459.64
2026-09-01 20:57:02.361,100.0,12.0,66.0,8.4565,18.9937,97.8148,,2,0.5,427.94,157.27,58.2,459.62
2026-09-01 20:57:02.600,100.0,12.0,66.0,8.4565,18.9937,97.8148,,3,0.75,427.94,157.27,58.2,459.62
2026-09-01 20:57:02.855,100.0,12.0,66.0,8.4565,18.9937,97.8148,,4,1.0,427.9,157.27,58.19,459.58
2026-09-01 20:57:03.110,100.0,12.0,66.0,8.4565,18.9937,97.8148,,5,1.25,427.9,157.27,58.19,459.58
2026-09-01 20:57:09.598,100.0,12.0,60.0,10.3956,18.0057,97.8148,,1,0.25,427.99,157.19,58.23,459.64
2026-09-01 20:57:09.854,100.0,12.0,60.0,10.3956,18.0057,97.8148,,2,0.5,427.99,157.19,58.23,459.64
2026-09-01 20:57:10.109,100.0,12.0,60.0,10.3956,18.0057,97.8148,,3,0.75,428.02,157.2,58.23,459.67
2026-09-01 20:57:10.348,100.0,12.0,60.0,10.3956,18.0057,97.8148,,4,1.0,428.02,157.2,58.23,459.67
2026-09-01 20:57:10.603,100.0,12.0,60.0,10.3956,18.0057,97.8148,,5,1.25,427.99,157.19,58.23,459.64
2026-09-01 20:57:17.107,100.0,12.0,54.0,12.2207,16.8204,97.8148,,1,0.25,427.97,157.26,58.17,459.64
2026-09-01 20:57:17.362,100.0,12.0,54.0,12.2207,16.8204,97.8148,,2,0.5,427.95,157.27,58.17,459.62
2026-09-01 20:57:17.601,100.0,12.0,54.0,12.2207,16.8204,97.8148,,3,0.75,427.95,157.27,58.17,459.62
2026-09-01 20:57:17.857,100.0,12.0,54.0,12.2207,16.8204,97.8148,,4,1.0,427.97,157.27,58.18,459.64
2026-09-01 20:57:18.112,100.0,12.0,54.0,12.2207,16.8204,97.8148,,5,1.25,427.97,157.27,58.18,459.64
2026-09-01 20:57:24.473,100.0,12.0,48.0,13.912,15.4508,97.8148,,1,0.25,427.99,157.2,58.21,459.64
2026-09-01 20:57:26.976,100.0,12.0,48.0,13.912,15.4508,97.8148,,2,0.5,427.99,157.2,58.21,459.64
2026-09-01 20:57:27.231,100.0,12.0,48.0,13.912,15.4508,97.8148,,3,0.75,428.05,157.2,58.2,459.7
2026-09-01 20:57:27.486,100.0,12.0,48.0,13.912,15.4508,97.8148,,4,1.0,428.05,157.2,58.2,459.7
2026-09-01 20:57:27.725,100.0,12.0,48.0,13.912,15.4508,97.8148,,5,1.25,428.08,157.21,58.22,459.73
2026-09-01 20:57:34.102,100.0,12.0,42.0,15.4508,13.912,97.8148,,1,0.25,428.05,157.23,58.3,459.72
2026-09-01 20:57:34.357,100.0,12.0,42.0,15.4508,13.912,97.8148,,2,0.5,428.04,157.25,58.28,459.71
2026-09-01 20:57:34.612,100.0,12.0,42.0,15.4508,13.912,97.8148,,3,0.75,428.04,157.25,58.28,459.71
2026-09-01 20:57:34.851,100.0,12.0,42.0,15.4508,13.912,97.8148,,4,1.0,428.04,157.24,58.3,459.71
2026-09-01 20:57:35.106,100.0,12.0,42.0,15.4508,13.912,97.8148,,5,1.25,428.04,157.24,58.3,459.71
2026-09-01 20:57:41.611,100.0,12.0,36.0,16.8204,12.2207,97.8148,,1,0.25,428.02,157.4,58.24,459.74
2026-09-01 20:57:41.850,100.0,12.0,36.0,16.8204,12.2207,97.8148,,2,0.5,428.02,157.4,58.24,459.74
2026-09-01 20:57:42.105,100.0,12.0,36.0,16.8204,12.2207,97.8148,,3,0.75,428.03,157.41,58.23,459.75
2026-09-01 20:57:42.360,100.0,12.0,36.0,16.8204,12.2207,97.8148,,4,1.0,428.03,157.41,58.23,459.75
2026-09-01 20:57:42.599,100.0,12.0,36.0,16.8204,12.2207,97.8148,,5,1.25,428.0,157.39,58.24,459.72
2026-09-01 20:57:49.103,100.0,12.0,30.0,18.0057,10.3956,97.8148,,1,0.25,428.12,157.27,58.28,459.8
2026-09-01 20:57:49.359,100.0,12.0,30.0,18.0057,10.3956,97.8148,,2,0.5,428.15,157.29,58.28,459.83
2026-09-01 20:57:49.598,100.0,12.0,30.0,18.0057,10.3956,97.8148,,3,0.75,428.15,157.29,58.28,459.83
2026-09-01 20:57:49.853,100.0,12.0,30.0,18.0057,10.3956,97.8148,,4,1.0,428.15,157.28,58.3,459.83
2026-09-01 20:57:50.108,100.0,12.0,30.0,18.0057,10.3956,97.8148,,5,1.25,428.15,157.28,58.3,459.83
2026-09-01 20:57:56.612,100.0,12.0,24.0,18.9937,8.4565,97.8148,,1,0.25,428.16,157.43,58.24,459.88
2026-09-01 20:57:56.851,100.0,12.0,24.0,18.9937,8.4565,97.8148,,2,0.5,428.16,157.43,58.24,459.88
2026-09-01 20:57:57.106,100.0,12.0,24.0,18.9937,8.4565,97.8148,,3,0.75,428.16,157.42,58.25,459.88
2026-09-01 20:57:57.361,100.0,12.0,24.0,18.9937,8.4565,97.8148,,4,1.0,428.16,157.42,58.25,459.88
2026-09-01 20:57:57.601,100.0,12.0,24.0,18.9937,8.4565,97.8148,,5,1.25,428.17,157.42,58.24,459.89
2026-09-01 20:58:04.105,100.0,12.0,18.0,19.7736,6.4248,97.8148,,1,0.25,428.29,157.29,58.32,459.97
2026-09-01 20:58:04.360,100.0,12.0,18.0,19.7736,6.4248,97.8148,,2,0.5,428.32,157.29,58.31,459.99
2026-09-01 20:58:04.599,100.0,12.0,18.0,19.7736,6.4248,97.8148,,3,0.75,428.32,157.29,58.31,459.99
2026-09-01 20:58:04.854,100.0,12.0,18.0,19.7736,6.4248,97.8148,,4,1.0,428.32,157.3,58.31,460.0
2026-09-01 20:58:05.109,100.0,12.0,18.0,19.7736,6.4248,97.8148,,5,1.25,428.32,157.3,58.31,460.0
2026-09-01 20:58:11.598,100.0,12.0,12.0,20.3368,4.3227,97.8148,,1,0.25,428.22,157.48,58.26,459.96
2026-09-01 20:58:11.853,100.0,12.0,12.0,20.3368,4.3227,97.8148,,2,0.5,428.22,157.48,58.26,459.96
2026-09-01 20:58:12.108,100.0,12.0,12.0,20.3368,4.3227,97.8148,,3,0.75,428.24,157.49,58.24,459.98
2026-09-01 20:58:12.347,100.0,12.0,12.0,20.3368,4.3227,97.8148,,4,1.0,428.24,157.49,58.24,459.98
2026-09-01 20:58:12.602,100.0,12.0,12.0,20.3368,4.3227,97.8148,,5,1.25,428.19,157.5,58.24,459.94
2026-09-01 20:58:19.107,100.0,12.0,6.0,20.6773,2.1733,97.8148,,1,0.25,428.2,157.56,58.31,459.97
2026-09-01 20:58:19.362,100.0,12.0,6.0,20.6773,2.1733,97.8148,,2,0.5,428.18,157.57,58.31,459.96
2026-09-01 20:58:19.601,100.0,12.0,6.0,20.6773,2.1733,97.8148,,3,0.75,428.18,157.57,58.31,459.96
2026-09-01 20:58:19.856,100.0,12.0,6.0,20.6773,2.1733,97.8148,,4,1.0,428.15,157.58,58.31,459.93
2026-09-01 20:58:20.111,100.0,12.0,6.0,20.6773,2.1733,97.8148,,5,1.25,428.15,157.58,58.31,459.93
2026-09-01 20:58:26.599,100.0,12.0,0.0,20.7912,0.0,97.8148,,1,0.25,428.33,157.45,58.26,460.05
2026-09-01 20:58:26.854,100.0,12.0,0.0,20.7912,0.0,97.8148,,2,0.5,428.33,157.45,58.26,460.05
2026-09-01 20:58:27.110,100.0,12.0,0.0,20.7912,0.0,97.8148,,3,0.75,428.33,157.44,58.27,460.05
2026-09-01 20:58:27.349,100.0,12.0,0.0,20.7912,0.0,97.8148,,4,1.0,428.33,157.44,58.27,460.05
2026-09-01 20:58:27.604,100.0,12.0,0.0,20.7912,0.0,97.8148,,5,1.25,428.34,157.44,58.27,460.06
2026-09-01 20:58:34.602,100.0,18.0,0.0,30.9017,0.0,95.1057,,1,0.25,428.56,157.37,58.29,460.24
2026-09-01 20:58:34.858,100.0,18.0,0.0,30.9017,0.0,95.1057,,2,0.5,428.61,157.37,58.3,460.29
2026-09-01 20:58:35.113,100.0,18.0,0.0,30.9017,0.0,95.1057,,3,0.75,428.61,157.37,58.3,460.29
2026-09-01 20:58:35.352,100.0,18.0,0.0,30.9017,0.0,95.1057,,4,1.0,428.59,157.38,58.31,460.28
2026-09-01 20:58:35.607,100.0,18.0,0.0,30.9017,0.0,95.1057,,5,1.25,428.59,157.38,58.31,460.28
2026-09-01 20:58:42.111,100.0,18.0,6.0,30.7324,3.2301,95.1057,,1,0.25,428.48,157.28,58.33,460.14
2026-09-01 20:58:42.350,100.0,18.0,6.0,30.7324,3.2301,95.1057,,2,0.5,428.48,157.28,58.33,460.14
2026-09-01 20:58:42.605,100.0,18.0,6.0,30.7324,3.2301,95.1057,,3,0.75,428.49,157.27,58.33,460.15
2026-09-01 20:58:42.860,100.0,18.0,6.0,30.7324,3.2301,95.1057,,4,1.0,428.49,157.27,58.33,460.15
2026-09-01 20:58:43.100,100.0,18.0,6.0,30.7324,3.2301,95.1057,,5,1.25,428.46,157.25,58.33,460.11
2026-09-01 20:58:49.604,100.0,18.0,12.0,30.2264,6.4248,95.1057,,1,0.25,428.51,157.1,58.35,460.11
2026-09-01 20:58:49.859,100.0,18.0,12.0,30.2264,6.4248,95.1057,,2,0.5,428.54,157.09,58.34,460.13
2026-09-01 20:58:50.098,100.0,18.0,12.0,30.2264,6.4248,95.1057,,3,0.75,428.54,157.09,58.34,460.13
2026-09-01 20:58:50.353,100.0,18.0,12.0,30.2264,6.4248,95.1057,,4,1.0,428.53,157.1,58.35,460.13
2026-09-01 20:58:50.608,100.0,18.0,12.0,30.2264,6.4248,95.1057,,5,1.25,428.53,157.1,58.35,460.13
2026-09-01 20:58:57.097,100.0,18.0,18.0,29.3893,9.5492,95.1057,,1,0.25,428.55,157.08,58.31,460.14
2026-09-01 20:58:57.352,100.0,18.0,18.0,29.3893,9.5492,95.1057,,2,0.5,428.55,157.08,58.31,460.14
2026-09-01 20:58:57.607,100.0,18.0,18.0,29.3893,9.5492,95.1057,,3,0.75,428.52,157.08,58.32,460.11
2026-09-01 20:58:57.862,100.0,18.0,18.0,29.3893,9.5492,95.1057,,4,1.0,428.52,157.08,58.32,460.11
2026-09-01 20:58:58.101,100.0,18.0,18.0,29.3893,9.5492,95.1057,,5,1.25,428.5,157.09,58.32,460.09
2026-09-01 20:59:04.606,100.0,18.0,24.0,28.2301,12.5689,95.1057,,1,0.25,428.41,157.15,58.28,460.03
2026-09-01 20:59:04.861,100.0,18.0,24.0,28.2301,12.5689,95.1057,,2,0.5,428.38,157.13,58.27,459.99
2026-09-01 20:59:05.100,100.0,18.0,24.0,28.2301,12.5689,95.1057,,3,0.75,428.38,157.13,58.27,459.99
2026-09-01 20:59:05.355,100.0,18.0,24.0,28.2301,12.5689,95.1057,,4,1.0,428.35,157.15,58.26,459.97
2026-09-01 20:59:05.610,100.0,18.0,24.0,28.2301,12.5689,95.1057,,5,1.25,428.35,157.15,58.26,459.97
2026-09-01 20:59:12.099,100.0,18.0,30.0,26.7617,15.4508,95.1057,,1,0.25,428.34,156.99,58.28,459.91
2026-09-01 20:59:12.354,100.0,18.0,30.0,26.7617,15.4508,95.1057,,2,0.5,428.34,156.99,58.28,459.91
2026-09-01 20:59:12.609,100.0,18.0,30.0,26.7617,15.4508,95.1057,,3,0.75,428.36,157.0,58.27,459.93
2026-09-01 20:59:12.848,100.0,18.0,30.0,26.7617,15.4508,95.1057,,4,1.0,428.36,157.0,58.27,459.93
2026-09-01 20:59:13.103,100.0,18.0,30.0,26.7617,15.4508,95.1057,,5,1.25,428.41,156.99,58.27,459.97
2026-09-01 20:59:19.607,100.0,18.0,36.0,25.0,18.1636,95.1057,,1,0.25,428.27,156.92,58.29,459.82
2026-09-01 20:59:19.846,100.0,18.0,36.0,25.0,18.1636,95.1057,,2,0.5,428.27,156.91,58.28,459.81
2026-09-01 20:59:20.101,100.0,18.0,36.0,25.0,18.1636,95.1057,,3,0.75,428.27,156.91,58.28,459.81
2026-09-01 20:59:20.357,100.0,18.0,36.0,25.0,18.1636,95.1057,,4,1.0,428.26,156.91,58.28,459.8
2026-09-01 20:59:20.612,100.0,18.0,36.0,25.0,18.1636,95.1057,,5,1.25,428.26,156.91,58.28,459.8
2026-09-01 20:59:27.100,100.0,18.0,42.0,22.9644,20.6773,95.1057,,1,0.25,428.14,156.99,58.23,459.71
2026-09-01 20:59:27.355,100.0,18.0,42.0,22.9644,20.6773,95.1057,,2,0.5,428.14,156.99,58.23,459.71
2026-09-01 20:59:27.610,100.0,18.0,42.0,22.9644,20.6773,95.1057,,3,0.75,428.13,156.99,58.22,459.7
2026-09-01 20:59:27.850,100.0,18.0,42.0,22.9644,20.6773,95.1057,,4,1.0,428.13,156.99,58.22,459.7
2026-09-01 20:59:28.105,100.0,18.0,42.0,22.9644,20.6773,95.1057,,5,1.25,428.15,156.99,58.21,459.72
2026-09-01 20:59:34.609,100.0,18.0,48.0,20.6773,22.9644,95.1057,,1,0.25,428.12,157.03,58.21,459.71
2026-09-01 20:59:34.848,100.0,18.0,48.0,20.6773,22.9644,95.1057,,2,0.5,428.06,157.02,58.21,459.65
2026-09-01 20:59:35.103,100.0,18.0,48.0,20.6773,22.9644,95.1057,,3,0.75,428.06,157.02,58.21,459.65
2026-09-01 20:59:35.358,100.0,18.0,48.0,20.6773,22.9644,95.1057,,4,1.0,428.09,157.02,58.22,459.68
2026-09-01 20:59:35.597,100.0,18.0,48.0,20.6773,22.9644,95.1057,,5,1.25,428.09,157.02,58.22,459.68
2026-09-01 20:59:42.102,100.0,18.0,54.0,18.1636,25.0,95.1057,,1,0.25,427.98,156.96,58.18,459.55
2026-09-01 20:59:42.357,100.0,18.0,54.0,18.1636,25.0,95.1057,,2,0.5,427.98,156.96,58.18,459.55
2026-09-01 20:59:42.612,100.0,18.0,54.0,18.1636,25.0,95.1057,,3,0.75,428.01,156.95,58.19,459.57
2026-09-01 20:59:42.851,100.0,18.0,54.0,18.1636,25.0,95.1057,,4,1.0,428.01,156.95,58.19,459.57
2026-09-01 20:59:43.106,100.0,18.0,54.0,18.1636,25.0,95.1057,,5,1.25,427.98,156.94,58.19,459.54
2026-09-01 20:59:49.611,100.0,18.0,60.0,15.4508,26.7617,95.1057,,1,0.25,427.86,157.03,58.26,459.47
2026-09-01 20:59:49.850,100.0,18.0,60.0,15.4508,26.7617,95.1057,,2,0.5,427.87,157.02,58.25,459.47
2026-09-01 20:59:50.105,100.0,18.0,60.0,15.4508,26.7617,95.1057,,3,0.75,427.87,157.02,58.25,459.47
2026-09-01 20:59:50.360,100.0,18.0,60.0,15.4508,26.7617,95.1057,,4,1.0,427.84,157.01,58.26,459.44
2026-09-01 20:59:50.599,100.0,18.0,60.0,15.4508,26.7617,95.1057,,5,1.25,427.84,157.01,58.26,459.44
2026-09-01 20:59:57.104,100.0,18.0,66.0,12.5689,28.2301,95.1057,,1,0.25,427.82,157.02,58.13,459.41
2026-09-01 20:59:57.359,100.0,18.0,66.0,12.5689,28.2301,95.1057,,2,0.5,427.82,157.02,58.13,459.41
2026-09-01 20:59:57.598,100.0,18.0,66.0,12.5689,28.2301,95.1057,,3,0.75,427.8,157.02,58.12,459.39
2026-09-01 20:59:57.853,100.0,18.0,66.0,12.5689,28.2301,95.1057,,4,1.0,427.8,157.02,58.12,459.39
2026-09-01 20:59:58.108,100.0,18.0,66.0,12.5689,28.2301,95.1057,,5,1.25,427.81,157.03,58.12,459.41
2026-09-01 21:00:04.597,100.0,18.0,72.0,9.5492,29.3893,95.1057,,1,0.25,427.72,157.07,58.1,459.33
2026-09-01 21:00:04.852,100.0,18.0,72.0,9.5492,29.3893,95.1057,,2,0.5,427.69,157.05,58.09,459.3
2026-09-01 21:00:05.107,100.0,18.0,72.0,9.5492,29.3893,95.1057,,3,0.75,427.69,157.05,58.09,459.3
2026-09-01 21:00:05.362,100.0,18.0,72.0,9.5492,29.3893,95.1057,,4,1.0,427.73,157.08,58.1,459.35
2026-09-01 21:00:05.601,100.0,18.0,72.0,9.5492,29.3893,95.1057,,5,1.25,427.73,157.08,58.1,459.35
2026-09-01 21:00:12.105,100.0,18.0,78.0,6.4248,30.2264,95.1057,,1,0.25,427.61,157.13,58.05,459.24
2026-09-01 21:00:12.360,100.0,18.0,78.0,6.4248,30.2264,95.1057,,2,0.5,427.61,157.13,58.05,459.24
2026-09-01 21:00:12.600,100.0,18.0,78.0,6.4248,30.2264,95.1057,,3,0.75,427.6,157.13,58.04,459.23
2026-09-01 21:00:12.854,100.0,18.0,78.0,6.4248,30.2264,95.1057,,4,1.0,427.6,157.13,58.04,459.23
2026-09-01 21:00:13.110,100.0,18.0,78.0,6.4248,30.2264,95.1057,,5,1.25,427.61,157.11,58.04,459.24
2026-09-01 21:00:19.598,100.0,18.0,84.0,3.2301,30.7324,95.1057,,1,0.25,427.54,157.28,57.96,459.22
2026-09-01 21:00:19.853,100.0,18.0,84.0,3.2301,30.7324,95.1057,,2,0.5,427.53,157.27,57.97,459.21
2026-09-01 21:00:20.108,100.0,18.0,84.0,3.2301,30.7324,95.1057,,3,0.75,427.53,157.27,57.97,459.21
2026-09-01 21:00:20.347,100.0,18.0,84.0,3.2301,30.7324,95.1057,,4,1.0,427.63,157.27,57.96,459.3
2026-09-01 21:00:20.602,100.0,18.0,84.0,3.2301,30.7324,95.1057,,5,1.25,427.63,157.27,57.96,459.3
2026-09-01 21:00:27.107,100.0,18.0,90.0,0.0,30.9017,95.1057,,1,0.25,427.41,157.53,57.88,459.17
2026-09-01 21:00:27.346,100.0,18.0,90.0,0.0,30.9017,95.1057,,2,0.5,427.41,157.53,57.88,459.17
2026-09-01 21:00:27.601,100.0,18.0,90.0,0.0,30.9017,95.1057,,3,0.75,427.38,157.52,57.88,459.14
2026-09-01 21:00:27.856,100.0,18.0,90.0,0.0,30.9017,95.1057,,4,1.0,427.38,157.52,57.88,459.14
2026-09-01 21:00:28.111,100.0,18.0,90.0,0.0,30.9017,95.1057,,5,1.25,427.37,157.51,57.89,459.13
2026-09-01 21:00:34.600,100.0,18.0,96.0,-3.2301,30.7324,95.1057,,1,0.25,427.3,157.59,57.92,459.1
2026-09-01 21:00:34.855,100.0,18.0,96.0,-3.2301,30.7324,95.1057,,2,0.5,427.38,157.6,57.91,459.17
2026-09-01 21:00:35.110,100.0,18.0,96.0,-3.2301,30.7324,95.1057,,3,0.75,427.38,157.6,57.91,459.17
2026-09-01 21:00:35.349,100.0,18.0,96.0,-3.2301,30.7324,95.1057,,4,1.0,427.38,157.59,57.92,459.17
2026-09-01 21:00:35.604,100.0,18.0,96.0,-3.2301,30.7324,95.1057,,5,1.25,427.38,157.59,57.92,459.17
2026-09-01 21:00:42.109,100.0,18.0,102.0,-6.4248,30.2264,95.1057,,1,0.25,427.44,157.58,57.86,459.22
2026-09-01 21:00:42.348,100.0,18.0,102.0,-6.4248,30.2264,95.1057,,2,0.5,427.44,157.58,57.86,459.22
2026-09-01 21:00:42.603,100.0,18.0,102.0,-6.4248,30.2264,95.1057,,3,0.75,427.41,157.56,57.85,459.18
2026-09-01 21:00:42.858,100.0,18.0,102.0,-6.4248,30.2264,95.1057,,4,1.0,427.41,157.56,57.85,459.18
2026-09-01 21:00:43.097,100.0,18.0,102.0,-6.4248,30.2264,95.1057,,5,1.25,427.39,157.57,57.86,459.17
2026-09-01 21:00:49.601,100.0,18.0,108.0,-9.5492,29.3893,95.1057,,1,0.25,427.47,157.68,57.85,459.28
2026-09-01 21:00:49.857,100.0,18.0,108.0,-9.5492,29.3893,95.1057,,2,0.5,427.47,157.66,57.85,459.27
2026-09-01 21:00:50.112,100.0,18.0,108.0,-9.5492,29.3893,95.1057,,3,0.75,427.47,157.66,57.85,459.27
2026-09-01 21:00:50.351,100.0,18.0,108.0,-9.5492,29.3893,95.1057,,4,1.0,427.44,157.67,57.87,459.25
2026-09-01 21:00:50.606,100.0,18.0,108.0,-9.5492,29.3893,95.1057,,5,1.25,427.44,157.67,57.87,459.25
2026-09-01 21:00:57.110,100.0,18.0,114.0,-12.5689,28.2301,95.1057,,1,0.25,427.45,157.83,57.81,459.31
2026-09-01 21:00:57.349,100.0,18.0,114.0,-12.5689,28.2301,95.1057,,2,0.5,427.45,157.83,57.81,459.31
2026-09-01 21:00:57.604,100.0,18.0,114.0,-12.5689,28.2301,95.1057,,3,0.75,427.45,157.82,57.81,459.3
2026-09-01 21:00:57.860,100.0,18.0,114.0,-12.5689,28.2301,95.1057,,4,1.0,427.45,157.82,57.81,459.3
2026-09-01 21:00:58.099,100.0,18.0,114.0,-12.5689,28.2301,95.1057,,5,1.25,427.47,157.85,57.82,459.33
2026-09-01 21:01:04.603,100.0,18.0,120.0,-15.4508,26.7617,95.1057,,1,0.25,427.51,158.06,57.82,459.44
2026-09-01 21:01:04.858,100.0,18.0,120.0,-15.4508,26.7617,95.1057,,2,0.5,427.51,158.06,57.83,459.44
2026-09-01 21:01:05.097,100.0,18.0,120.0,-15.4508,26.7617,95.1057,,3,0.75,427.51,158.06,57.83,459.44
2026-09-01 21:01:05.353,100.0,18.0,120.0,-15.4508,26.7617,95.1057,,4,1.0,427.48,158.04,57.82,459.41
2026-09-01 21:01:05.608,100.0,18.0,120.0,-15.4508,26.7617,95.1057,,5,1.25,427.48,158.04,57.82,459.41
2026-09-01 21:01:12.096,100.0,18.0,126.0,-18.1636,25.0,95.1057,,1,0.25,427.59,158.16,57.75,459.54
2026-09-01 21:01:12.351,100.0,18.0,126.0,-18.1636,25.0,95.1057,,2,0.5,427.59,158.16,57.75,459.54
2026-09-01 21:01:12.606,100.0,18.0,126.0,-18.1636,25.0,95.1057,,3,0.75,427.62,158.13,57.76,459.56
2026-09-01 21:01:12.861,100.0,18.0,126.0,-18.1636,25.0,95.1057,,4,1.0,427.62,158.13,57.76,459.56
2026-09-01 21:01:13.100,100.0,18.0,126.0,-18.1636,25.0,95.1057,,5,1.25,427.58,158.14,57.75,459.53
2026-09-01 21:01:19.605,100.0,18.0,132.0,-20.6773,22.9644,95.1057,,1,0.25,427.6,158.29,57.73,459.59
2026-09-01 21:01:19.860,100.0,18.0,132.0,-20.6773,22.9644,95.1057,,2,0.5,427.63,158.3,57.74,459.63
2026-09-01 21:01:20.099,100.0,18.0,132.0,-20.6773,22.9644,95.1057,,3,0.75,427.63,158.3,57.74,459.63
2026-09-01 21:01:20.354,100.0,18.0,132.0,-20.6773,22.9644,95.1057,,4,1.0,427.58,158.27,57.73,459.57
2026-09-01 21:01:20.609,100.0,18.0,132.0,-20.6773,22.9644,95.1057,,5,1.25,427.58,158.27,57.73,459.57
2026-09-01 21:01:27.098,100.0,18.0,138.0,-22.9644,20.6773,95.1057,,1,0.25,427.64,158.26,57.74,459.62
2026-09-01 21:01:27.353,100.0,18.0,138.0,-22.9644,20.6773,95.1057,,2,0.5,427.64,158.26,57.74,459.62
2026-09-01 21:01:27.608,100.0,18.0,138.0,-22.9644,20.6773,95.1057,,3,0.75,427.68,158.28,57.75,459.67
2026-09-01 21:01:27.847,100.0,18.0,138.0,-22.9644,20.6773,95.1057,,4,1.0,427.68,158.28,57.75,459.67
2026-09-01 21:01:28.102,100.0,18.0,138.0,-22.9644,20.6773,95.1057,,5,1.25,427.74,158.28,57.76,459.72
2026-09-01 21:01:34.606,100.0,18.0,144.0,-25.0,18.1636,95.1057,,1,0.25,427.83,158.3,57.75,459.81
2026-09-01 21:01:34.846,100.0,18.0,144.0,-25.0,18.1636,95.1057,,2,0.5,427.88,158.29,57.77,459.86
2026-09-01 21:01:35.101,100.0,18.0,144.0,-25.0,18.1636,95.1057,,3,0.75,427.88,158.29,57.77,459.86
2026-09-01 21:01:35.356,100.0,18.0,144.0,-25.0,18.1636,95.1057,,4,1.0,427.9,158.29,57.76,459.88
2026-09-01 21:01:35.611,100.0,18.0,144.0,-25.0,18.1636,95.1057,,5,1.25,427.9,158.29,57.76,459.88
2026-09-01 21:01:42.099,100.0,18.0,150.0,-26.7617,15.4508,95.1057,,1,0.25,427.9,158.49,57.73,459.94
2026-09-01 21:01:42.354,100.0,18.0,150.0,-26.7617,15.4508,95.1057,,2,0.5,427.9,158.49,57.73,459.94
2026-09-01 21:01:42.609,100.0,18.0,150.0,-26.7617,15.4508,95.1057,,3,0.75,427.88,158.46,57.73,459.91
2026-09-01 21:01:42.849,100.0,18.0,150.0,-26.7617,15.4508,95.1057,,4,1.0,427.88,158.46,57.73,459.91
2026-09-01 21:01:43.104,100.0,18.0,150.0,-26.7617,15.4508,95.1057,,5,1.25,427.84,158.47,57.72,459.88
2026-09-01 21:01:49.608,100.0,18.0,156.0,-28.2301,12.5689,95.1057,,1,0.25,427.97,158.47,57.77,460.0
2026-09-01 21:01:49.847,100.0,18.0,156.0,-28.2301,12.5689,95.1057,,2,0.5,427.97,158.47,57.77,460.0
2026-09-01 21:01:50.102,100.0,18.0,156.0,-28.2301,12.5689,95.1057,,3,0.75,427.93,158.48,57.77,459.97
2026-09-01 21:01:50.357,100.0,18.0,156.0,-28.2301,12.5689,95.1057,,4,1.0,427.93,158.48,57.75,459.97
2026-09-01 21:01:50.596,100.0,18.0,156.0,-28.2301,12.5689,95.1057,,5,1.25,427.93,158.48,57.75,459.97
2026-09-01 21:01:57.101,100.0,18.0,162.0,-29.3893,9.5492,95.1057,,1,0.25,428.07,158.39,57.79,460.07
2026-09-01 21:01:57.356,100.0,18.0,162.0,-29.3893,9.5492,95.1057,,2,0.5,428.07,158.38,57.78,460.07
2026-09-01 21:01:57.611,100.0,18.0,162.0,-29.3893,9.5492,95.1057,,3,0.75,428.07,158.38,57.78,460.07
2026-09-01 21:01:57.850,100.0,18.0,162.0,-29.3893,9.5492,95.1057,,4,1.0,428.01,158.38,57.79,460.01
2026-09-01 21:01:58.105,100.0,18.0,162.0,-29.3893,9.5492,95.1057,,5,1.25,428.01,158.38,57.79,460.01
2026-09-01 21:02:04.610,100.0,18.0,168.0,-30.2264,6.4248,95.1057,,1,0.25,428.24,158.2,57.84,460.17
2026-09-01 21:02:04.849,100.0,18.0,168.0,-30.2264,6.4248,95.1057,,2,0.5,428.24,158.2,57.84,460.17
2026-09-01 21:02:05.104,100.0,18.0,168.0,-30.2264,6.4248,95.1057,,3,0.75,428.19,158.21,57.84,460.13
2026-09-01 21:02:05.359,100.0,18.0,168.0,-30.2264,6.4248,95.1057,,4,1.0,428.19,158.21,57.84,460.13
2026-09-01 21:02:05.598,100.0,18.0,168.0,-30.2264,6.4248,95.1057,,5,1.25,428.22,158.19,57.83,460.15
2026-09-01 21:02:12.103,100.0,18.0,174.0,-30.7324,3.2301,95.1057,,1,0.25,428.28,158.19,57.83,460.2
2026-09-01 21:02:12.358,100.0,18.0,174.0,-30.7324,3.2301,95.1057,,2,0.5,428.25,158.2,57.82,460.18
2026-09-01 21:02:12.597,100.0,18.0,174.0,-30.7324,3.2301,95.1057,,3,0.75,428.25,158.2,57.82,460.18
2026-09-01 21:02:12.852,100.0,18.0,174.0,-30.7324,3.2301,95.1057,,4,1.0,428.24,158.21,57.81,460.17
2026-09-01 21:02:13.107,100.0,18.0,174.0,-30.7324,3.2301,95.1057,,5,1.25,428.24,158.21,57.81,460.17
2026-09-01 21:02:19.596,100.0,18.0,180.0,-30.9017,0.0,95.1057,,1,0.25,428.26,158.21,57.82,460.19
2026-09-01 21:02:19.851,100.0,18.0,180.0,-30.9017,0.0,95.1057,,2,0.5,428.26,158.21,57.82,460.19
2026-09-01 21:02:20.106,100.0,18.0,180.0,-30.9017,0.0,95.1057,,3,0.75,428.26,158.19,57.82,460.18
2026-09-01 21:02:20.361,100.0,18.0,180.0,-30.9017,0.0,95.1057,,4,1.0,428.26,158.19,57.82,460.18
2026-09-01 21:02:20.600,100.0,18.0,180.0,-30.9017,0.0,95.1057,,5,1.25,428.28,158.17,57.81,460.19
2026-09-01 21:02:27.104,100.0,18.0,186.0,-30.7324,-3.2301,95.1057,,1,0.25,428.36,158.07,57.84,460.24
2026-09-01 21:02:27.360,100.0,18.0,186.0,-30.7324,-3.2301,95.1057,,2,0.5,428.38,158.04,57.84,460.25
2026-09-01 21:02:27.599,100.0,18.0,186.0,-30.7324,-3.2301,95.1057,,3,0.75,428.38,158.04,57.84,460.25
2026-09-01 21:02:27.854,100.0,18.0,186.0,-30.7324,-3.2301,95.1057,,4,1.0,428.4,158.07,57.84,460.28
2026-09-01 21:02:28.109,100.0,18.0,186.0,-30.7324,-3.2301,95.1057,,5,1.25,428.4,158.07,57.84,460.28
2026-09-01 21:02:34.597,100.0,18.0,192.0,-30.2264,-6.4248,95.1057,,1,0.25,428.58,157.63,57.93,460.3
2026-09-01 21:02:34.852,100.0,18.0,192.0,-30.2264,-6.4248,95.1057,,2,0.5,428.58,157.63,57.93,460.3
2026-09-01 21:02:35.107,100.0,18.0,192.0,-30.2264,-6.4248,95.1057,,3,0.75,428.52,157.68,57.93,460.26
2026-09-01 21:02:35.347,100.0,18.0,192.0,-30.2264,-6.4248,95.1057,,4,1.0,428.52,157.68,57.93,460.26
2026-09-01 21:02:35.602,100.0,18.0,192.0,-30.2264,-6.4248,95.1057,,5,1.25,428.56,157.68,57.94,460.3
2026-09-01 21:02:42.106,100.0,18.0,198.0,-29.3893,-9.5492,95.1057,,1,0.25,428.52,157.66,57.99,460.27
2026-09-01 21:02:42.345,100.0,18.0,198.0,-29.3893,-9.5492,95.1057,,2,0.5,428.53,157.67,57.98,460.28
2026-09-01 21:02:42.600,100.0,18.0,198.0,-29.3893,-9.5492,95.1057,,3,0.75,428.53,157.67,57.98,460.28
2026-09-01 21:02:42.855,100.0,18.0,198.0,-29.3893,-9.5492,95.1057,,4,1.0,428.53,157.66,57.97,460.27
2026-09-01 21:02:43.110,100.0,18.0,198.0,-29.3893,-9.5492,95.1057,,5,1.25,428.53,157.66,57.97,460.27
2026-09-01 21:02:49.599,100.0,18.0,204.0,-28.2301,-12.5689,95.1057,,1,0.25,428.39,157.8,57.96,460.19
2026-09-01 21:02:49.854,100.0,18.0,204.0,-28.2301,-12.5689,95.1057,,2,0.5,428.39,157.8,57.96,460.19
2026-09-01 21:02:50.109,100.0,18.0,204.0,-28.2301,-12.5689,95.1057,,3,0.75,428.4,157.78,57.97,460.19
2026-09-01 21:02:50.348,100.0,18.0,204.0,-28.2301,-12.5689,95.1057,,4,1.0,428.4,157.78,57.97,460.19
2026-09-01 21:02:50.603,100.0,18.0,204.0,-28.2301,-12.5689,95.1057,,5,1.25,428.46,157.78,57.97,460.25
2026-09-01 21:02:57.108,100.0,18.0,210.0,-26.7617,-15.4508,95.1057,,1,0.25,428.46,157.64,57.97,460.2
2026-09-01 21:02:57.347,100.0,18.0,210.0,-26.7617,-15.4508,95.1057,,2,0.5,428.48,157.65,57.96,460.22
2026-09-01 21:02:57.602,100.0,18.0,210.0,-26.7617,-15.4508,95.1057,,3,0.75,428.48,157.65,57.96,460.22
2026-09-01 21:02:57.857,100.0,18.0,210.0,-26.7617,-15.4508,95.1057,,4,1.0,428.43,157.66,57.97,460.18
2026-09-01 21:02:58.096,100.0,18.0,210.0,-26.7617,-15.4508,95.1057,,5,1.25,428.43,157.66,57.97,460.18
2026-09-01 21:03:04.600,100.0,18.0,216.0,-25.0,-18.1636,95.1057,,1,0.25,428.47,157.35,58.0,460.11
2026-09-01 21:03:04.856,100.0,18.0,216.0,-25.0,-18.1636,95.1057,,2,0.5,428.47,157.35,58.0,460.11
2026-09-01 21:03:05.110,100.0,18.0,216.0,-25.0,-18.1636,95.1057,,3,0.75,428.42,157.36,58.0,460.07
2026-09-01 21:03:05.350,100.0,18.0,216.0,-25.0,-18.1636,95.1057,,4,1.0,428.42,157.36,58.0,460.07
2026-09-01 21:03:05.605,100.0,18.0,216.0,-25.0,-18.1636,95.1057,,5,1.25,428.46,157.38,57.99,460.11
2026-09-01 21:03:12.109,100.0,18.0,222.0,-22.9644,-20.6773,95.1057,,1,0.25,428.34,157.57,57.99,460.07
2026-09-01 21:03:12.348,100.0,18.0,222.0,-22.9644,-20.6773,95.1057,,2,0.5,428.39,157.55,57.99,460.11
2026-09-01 21:03:12.603,100.0,18.0,222.0,-22.9644,-20.6773,95.1057,,3,0.75,428.39,157.55,57.99,460.11
2026-09-01 21:03:12.858,100.0,18.0,222.0,-22.9644,-20.6773,95.1057,,4,1.0,428.35,157.54,57.98,460.06
2026-09-01 21:03:13.098,100.0,18.0,222.0,-22.9644,-20.6773,95.1057,,5,1.25,428.35,157.54,57.98,460.06
2026-09-01 21:03:19.602,100.0,18.0,228.0,-20.6773,-22.9644,95.1057,,1,0.25,428.23,157.51,57.95,459.94
2026-09-01 21:03:19.857,100.0,18.0,228.0,-20.6773,-22.9644,95.1057,,2,0.5,428.23,157.51,57.95,459.94
2026-09-01 21:03:20.096,100.0,18.0,228.0,-20.6773,-22.9644,95.1057,,3,0.75,428.18,157.49,57.94,459.88
2026-09-01 21:03:20.351,100.0,18.0,228.0,-20.6773,-22.9644,95.1057,,4,1.0,428.18,157.49,57.94,459.88
2026-09-01 21:03:20.606,100.0,18.0,228.0,-20.6773,-22.9644,95.1057,,5,1.25,428.24,157.48,57.96,459.94
2026-09-01 21:03:27.095,100.0,18.0,234.0,-18.1636,-25.0,95.1057,,1,0.25,428.2,157.46,58.04,459.91
2026-09-01 21:03:27.350,100.0,18.0,234.0,-18.1636,-25.0,95.1057,,2,0.5,428.27,157.44,58.03,459.96
2026-09-01 21:03:27.605,100.0,18.0,234.0,-18.1636,-25.0,95.1057,,3,0.75,428.27,157.44,58.03,459.96
2026-09-01 21:03:27.860,100.0,18.0,234.0,-18.1636,-25.0,95.1057,,4,1.0,428.23,157.44,58.04,459.93
2026-09-01 21:03:28.099,100.0,18.0,234.0,-18.1636,-25.0,95.1057,,5,1.25,428.23,157.44,58.04,459.93
2026-09-01 21:03:34.603,100.0,18.0,240.0,-15.4508,-26.7617,95.1057,,1,0.25,428.13,157.45,57.99,459.83
2026-09-01 21:03:34.859,100.0,18.0,240.0,-15.4508,-26.7617,95.1057,,2,0.5,428.13,157.45,57.99,459.83
2026-09-01 21:03:35.098,100.0,18.0,240.0,-15.4508,-26.7617,95.1057,,3,0.75,428.08,157.45,58.0,459.79
2026-09-01 21:03:35.353,100.0,18.0,240.0,-15.4508,-26.7617,95.1057,,4,1.0,428.08,157.45,58.0,459.79
2026-09-01 21:03:35.608,100.0,18.0,240.0,-15.4508,-26.7617,95.1057,,5,1.25,428.1,157.46,58.01,459.81
2026-09-01 21:03:42.096,100.0,18.0,246.0,-12.5689,-28.2301,95.1057,,1,0.25,428.07,157.35,58.0,459.74
2026-09-01 21:03:42.351,100.0,18.0,246.0,-12.5689,-28.2301,95.1057,,2,0.5,428.07,157.35,58.0,459.74
2026-09-01 21:03:42.607,100.0,18.0,246.0,-12.5689,-28.2301,95.1057,,3,0.75,428.07,157.35,58.0,459.74
2026-09-01 21:03:42.846,100.0,18.0,246.0,-12.5689,-28.2301,95.1057,,4,1.0,428.07,157.34,58.01,459.74
2026-09-01 21:03:43.101,100.0,18.0,246.0,-12.5689,-28.2301,95.1057,,5,1.25,428.07,157.34,58.01,459.74
2026-09-01 21:03:49.605,100.0,18.0,252.0,-9.5492,-29.3893,95.1057,,1,0.25,427.92,157.52,58.09,459.67
2026-09-01 21:03:49.860,100.0,18.0,252.0,-9.5492,-29.3893,95.1057,,2,0.5,427.86,157.52,58.09,459.62
2026-09-01 21:03:50.099,100.0,18.0,252.0,-9.5492,-29.3893,95.1057,,3,0.75,427.86,157.52,58.09,459.62
2026-09-01 21:03:50.355,100.0,18.0,252.0,-9.5492,-29.3893,95.1057,,4,1.0,427.86,157.52,58.09,459.62
2026-09-01 21:03:50.610,100.0,18.0,252.0,-9.5492,-29.3893,95.1057,,5,1.25,427.9,157.52,58.08,459.65
2026-09-01 21:03:57.098,100.0,18.0,258.0,-6.4248,-30.2264,95.1057,,1,0.25,427.91,157.52,58.05,459.66
2026-09-01 21:03:57.353,100.0,18.0,258.0,-6.4248,-30.2264,95.1057,,2,0.5,427.91,157.52,58.05,459.66
2026-09-01 21:03:57.608,100.0,18.0,258.0,-6.4248,-30.2264,95.1057,,3,0.75,427.89,157.51,58.06,459.64
2026-09-01 21:03:57.847,100.0,18.0,258.0,-6.4248,-30.2264,95.1057,,4,1.0,427.89,157.51,58.06,459.64
2026-09-01 21:03:58.102,100.0,18.0,258.0,-6.4248,-30.2264,95.1057,,5,1.25,427.89,157.51,58.06,459.64
2026-09-01 21:04:04.607,100.0,18.0,264.0,-3.2301,-30.7324,95.1057,,1,0.25,427.84,157.44,58.06,459.57
2026-09-01 21:04:04.846,100.0,18.0,264.0,-3.2301,-30.7324,95.1057,,2,0.5,427.87,157.45,58.06,459.6
2026-09-01 21:04:05.101,100.0,18.0,264.0,-3.2301,-30.7324,95.1057,,3,0.75,427.87,157.45,58.06,459.6
2026-09-01 21:04:05.356,100.0,18.0,264.0,-3.2301,-30.7324,95.1057,,4,1.0,427.85,157.46,58.06,459.58
2026-09-01 21:04:05.595,100.0,18.0,264.0,-3.2301,-30.7324,95.1057,,5,1.25,427.85,157.46,58.06,459.58
2026-09-01 21:04:12.100,100.0,18.0,270.0,-0.0,-30.9017,95.1057,,1,0.25,427.89,157.54,58.04,459.64
2026-09-01 21:04:12.355,100.0,18.0,270.0,-0.0,-30.9017,95.1057,,2,0.5,427.89,157.54,58.04,459.64
2026-09-01 21:04:12.610,100.0,18.0,270.0,-0.0,-30.9017,95.1057,,3,0.75,427.89,157.57,58.04,459.65
2026-09-01 21:04:12.849,100.0,18.0,270.0,-0.0,-30.9017,95.1057,,4,1.0,427.89,157.57,58.04,459.65
2026-09-01 21:04:13.104,100.0,18.0,270.0,-0.0,-30.9017,95.1057,,5,1.25,427.93,157.56,58.06,459.69
2026-09-01 21:04:19.608,100.0,18.0,276.0,3.2301,-30.7324,95.1057,,1,0.25,427.83,157.6,58.08,459.61
2026-09-01 21:04:19.848,100.0,18.0,276.0,3.2301,-30.7324,95.1057,,2,0.5,427.81,157.6,58.08,459.6
2026-09-01 21:04:20.103,100.0,18.0,276.0,3.2301,-30.7324,95.1057,,3,0.75,427.81,157.6,58.08,459.6
2026-09-01 21:04:20.358,100.0,18.0,276.0,3.2301,-30.7324,95.1057,,4,1.0,427.85,157.6,58.08,459.63
2026-09-01 21:04:20.597,100.0,18.0,276.0,3.2301,-30.7324,95.1057,,5,1.25,427.85,157.6,58.08,459.63
2026-09-01 21:04:27.101,100.0,18.0,282.0,6.4248,-30.2264,95.1057,,1,0.25,427.82,157.66,58.1,459.63
2026-09-01 21:04:27.356,100.0,18.0,282.0,6.4248,-30.2264,95.1057,,2,0.5,427.82,157.66,58.1,459.63
2026-09-01 21:04:27.596,100.0,18.0,282.0,6.4248,-30.2264,95.1057,,3,0.75,427.8,157.64,58.11,459.6
2026-09-01 21:04:27.851,100.0,18.0,282.0,6.4248,-30.2264,95.1057,,4,1.0,427.8,157.64,58.11,459.6
2026-09-01 21:04:28.106,100.0,18.0,282.0,6.4248,-30.2264,95.1057,,5,1.25,427.8,157.63,58.11,459.6
2026-09-01 21:04:34.594,100.0,18.0,288.0,9.5492,-29.3893,95.1057,,1,0.25,427.82,157.72,58.18,459.66
2026-09-01 21:04:34.849,100.0,18.0,288.0,9.5492,-29.3893,95.1057,,2,0.5,427.84,157.72,58.17,459.68
2026-09-01 21:04:35.104,100.0,18.0,288.0,9.5492,-29.3893,95.1057,,3,0.75,427.84,157.72,58.17,459.68
2026-09-01 21:04:35.360,100.0,18.0,288.0,9.5492,-29.3893,95.1057,,4,1.0,427.81,157.73,58.17,459.65
2026-09-01 21:04:35.599,100.0,18.0,288.0,9.5492,-29.3893,95.1057,,5,1.25,427.81,157.73,58.17,459.65
2026-09-01 21:04:42.103,100.0,18.0,294.0,12.5689,-28.2301,95.1057,,1,0.25,427.87,157.68,58.15,459.69
2026-09-01 21:04:42.358,100.0,18.0,294.0,12.5689,-28.2301,95.1057,,2,0.5,427.87,157.68,58.15,459.69
2026-09-01 21:04:42.597,100.0,18.0,294.0,12.5689,-28.2301,95.1057,,3,0.75,427.85,157.69,58.14,459.67
2026-09-01 21:04:42.852,100.0,18.0,294.0,12.5689,-28.2301,95.1057,,4,1.0,427.85,157.69,58.14,459.67
2026-09-01 21:04:43.107,100.0,18.0,294.0,12.5689,-28.2301,95.1057,,5,1.25,427.89,157.7,58.14,459.71
2026-09-01 21:04:49.596,100.0,18.0,300.0,15.4508,-26.7617,95.1057,,1,0.25,427.99,157.71,58.14,459.81
2026-09-01 21:04:49.851,100.0,18.0,300.0,15.4508,-26.7617,95.1057,,2,0.5,427.93,157.72,58.14,459.76
2026-09-01 21:04:50.106,100.0,18.0,300.0,15.4508,-26.7617,95.1057,,3,0.75,427.93,157.72,58.14,459.76
2026-09-01 21:04:50.345,100.0,18.0,300.0,15.4508,-26.7617,95.1057,,4,1.0,427.94,157.71,58.14,459.76
2026-09-01 21:04:50.600,100.0,18.0,300.0,15.4508,-26.7617,95.1057,,5,1.25,427.94,157.71,58.14,459.76
2026-09-01 21:04:57.105,100.0,18.0,306.0,18.1636,-25.0,95.1057,,1,0.25,427.93,157.74,58.18,459.77
2026-09-01 21:04:57.344,100.0,18.0,306.0,18.1636,-25.0,95.1057,,2,0.5,427.93,157.74,58.18,459.77
2026-09-01 21:04:57.599,100.0,18.0,306.0,18.1636,-25.0,95.1057,,3,0.75,427.94,157.75,58.19,459.78
2026-09-01 21:04:57.854,100.0,18.0,306.0,18.1636,-25.0,95.1057,,4,1.0,427.94,157.75,58.19,459.78
2026-09-01 21:04:58.109,100.0,18.0,306.0,18.1636,-25.0,95.1057,,5,1.25,427.89,157.76,58.2,459.74
2026-09-01 21:05:04.598,100.0,18.0,312.0,20.6773,-22.9644,95.1057,,1,0.25,427.92,157.84,58.21,459.8
2026-09-01 21:05:04.853,100.0,18.0,312.0,20.6773,-22.9644,95.1057,,2,0.5,427.95,157.84,58.22,459.83
2026-09-01 21:05:05.108,100.0,18.0,312.0,20.6773,-22.9644,95.1057,,3,0.75,427.95,157.84,58.22,459.83
2026-09-01 21:05:05.347,100.0,18.0,312.0,20.6773,-22.9644,95.1057,,4,1.0,428.02,157.85,58.22,459.89
2026-09-01 21:05:05.602,100.0,18.0,312.0,20.6773,-22.9644,95.1057,,5,1.25,428.02,157.85,58.22,459.89
2026-09-01 21:05:12.106,100.0,18.0,318.0,22.9644,-20.6773,95.1057,,1,0.25,427.99,157.91,58.19,459.88
2026-09-01 21:05:12.346,100.0,18.0,318.0,22.9644,-20.6773,95.1057,,2,0.5,427.99,157.91,58.19,459.88
2026-09-01 21:05:12.601,100.0,18.0,318.0,22.9644,-20.6773,95.1057,,3,0.75,428.05,157.91,58.18,459.94
2026-09-01 21:05:12.856,100.0,18.0,318.0,22.9644,-20.6773,95.1057,,4,1.0,428.05,157.91,58.18,459.94
2026-09-01 21:05:13.095,100.0,18.0,318.0,22.9644,-20.6773,95.1057,,5,1.25,428.05,157.9,58.17,459.93
2026-09-01 21:05:19.599,100.0,18.0,324.0,25.0,-18.1636,95.1057,,1,0.25,428.07,157.82,58.27,459.94
2026-09-01 21:05:19.854,100.0,18.0,324.0,25.0,-18.1636,95.1057,,2,0.5,428.07,157.84,58.26,459.94
2026-09-01 21:05:20.109,100.0,18.0,324.0,25.0,-18.1636,95.1057,,3,0.75,428.07,157.84,58.26,459.94
2026-09-01 21:05:20.349,100.0,18.0,324.0,25.0,-18.1636,95.1057,,4,1.0,428.09,157.83,58.27,459.96
2026-09-01 21:05:20.604,100.0,18.0,324.0,25.0,-18.1636,95.1057,,5,1.25,428.09,157.83,58.27,459.96
2026-09-01 21:05:27.108,100.0,18.0,330.0,26.7617,-15.4508,95.1057,,1,0.25,428.2,157.78,58.25,460.04
2026-09-01 21:05:27.347,100.0,18.0,330.0,26.7617,-15.4508,95.1057,,2,0.5,428.2,157.78,58.25,460.04
2026-09-01 21:05:27.602,100.0,18.0,330.0,26.7617,-15.4508,95.1057,,3,0.75,428.2,157.73,58.24,460.02
2026-09-01 21:05:27.857,100.0,18.0,330.0,26.7617,-15.4508,95.1057,,4,1.0,428.2,157.73,58.24,460.02
2026-09-01 21:05:28.097,100.0,18.0,330.0,26.7617,-15.4508,95.1057,,5,1.25,428.19,157.73,58.26,460.02
2026-09-01 21:05:34.601,100.0,18.0,336.0,28.2301,-12.5689,95.1057,,1,0.25,428.23,157.83,58.29,460.09
2026-09-01 21:05:34.856,100.0,18.0,336.0,28.2301,-12.5689,95.1057,,2,0.5,428.19,157.85,58.27,460.06
2026-09-01 21:05:35.095,100.0,18.0,336.0,28.2301,-12.5689,95.1057,,3,0.75,428.19,157.85,58.27,460.06
2026-09-01 21:05:35.350,100.0,18.0,336.0,28.2301,-12.5689,95.1057,,4,1.0,428.2,157.81,58.28,460.06
2026-09-01 21:05:35.605,100.0,18.0,336.0,28.2301,-12.5689,95.1057,,5,1.25,428.2,157.81,58.28,460.06
2026-09-01 21:05:42.094,100.0,18.0,342.0,29.3893,-9.5492,95.1057,,1,0.25,428.2,157.76,58.36,460.05
2026-09-01 21:05:42.349,100.0,18.0,342.0,29.3893,-9.5492,95.1057,,2,0.5,428.23,157.75,58.35,460.07
2026-09-01 21:05:42.604,100.0,18.0,342.0,29.3893,-9.5492,95.1057,,3,0.75,428.23,157.75,58.35,460.07
2026-09-01 21:05:42.859,100.0,18.0,342.0,29.3893,-9.5492,95.1057,,4,1.0,428.23,157.75,58.35,460.07
2026-09-01 21:05:43.098,100.0,18.0,342.0,29.3893,-9.5492,95.1057,,5,1.25,428.25,157.74,58.34,460.09
2026-09-01 21:05:49.603,100.0,18.0,348.0,30.2264,-6.4248,95.1057,,1,0.25,428.31,157.66,58.35,460.12
2026-09-01 21:05:49.858,100.0,18.0,348.0,30.2264,-6.4248,95.1057,,2,0.5,428.31,157.66,58.35,460.12
2026-09-01 21:05:50.097,100.0,18.0,348.0,30.2264,-6.4248,95.1057,,3,0.75,428.35,157.66,58.35,460.15
2026-09-01 21:05:50.352,100.0,18.0,348.0,30.2264,-6.4248,95.1057,,4,1.0,428.35,157.66,58.35,460.15
2026-09-01 21:05:50.607,100.0,18.0,348.0,30.2264,-6.4248,95.1057,,5,1.25,428.35,157.66,58.35,460.15
2026-09-01 21:05:57.096,100.0,18.0,354.0,30.7324,-3.2301,95.1057,,1,0.25,428.41,157.55,58.33,460.17
2026-09-01 21:05:57.351,100.0,18.0,354.0,30.7324,-3.2301,95.1057,,2,0.5,428.42,157.54,58.34,460.18
2026-09-01 21:05:57.606,100.0,18.0,354.0,30.7324,-3.2301,95.1057,,3,0.75,428.42,157.54,58.34,460.18
2026-09-01 21:05:57.845,100.0,18.0,354.0,30.7324,-3.2301,95.1057,,4,1.0,428.45,157.54,58.33,460.2
2026-09-01 21:05:58.100,100.0,18.0,354.0,30.7324,-3.2301,95.1057,,5,1.25,428.45,157.54,58.33,460.2
2026-09-01 21:06:05.099,100.0,24.0,354.0,40.4508,-4.2516,91.3545,,1,0.25,428.62,157.63,58.36,460.4
2026-09-01 21:06:05.354,100.0,24.0,354.0,40.4508,-4.2516,91.3545,,2,0.5,428.62,157.63,58.36,460.4
2026-09-01 21:06:05.609,100.0,24.0,354.0,40.4508,-4.2516,91.3545,,3,0.75,428.59,157.61,58.35,460.36
2026-09-01 21:06:05.848,100.0,24.0,354.0,40.4508,-4.2516,91.3545,,4,1.0,428.59,157.61,58.35,460.36
2026-09-01 21:06:06.104,100.0,24.0,354.0,40.4508,-4.2516,91.3545,,5,1.25,428.54,157.63,58.36,460.32
2026-09-01 21:06:12.719,100.0,24.0,348.0,39.7848,-8.4565,91.3545,,1,0.25,428.42,157.78,58.37,460.26
2026-09-01 21:06:15.222,100.0,24.0,348.0,39.7848,-8.4565,91.3545,,2,0.5,428.42,157.78,58.37,460.26
2026-09-01 21:06:15.478,100.0,24.0,348.0,39.7848,-8.4565,91.3545,,3,0.75,428.42,157.77,58.38,460.26
2026-09-01 21:06:15.733,100.0,24.0,348.0,39.7848,-8.4565,91.3545,,4,1.0,428.42,157.77,58.38,460.26
2026-09-01 21:06:15.972,100.0,24.0,348.0,39.7848,-8.4565,91.3545,,5,1.25,428.42,157.76,58.38,460.26
2026-09-01 21:06:22.604,100.0,24.0,342.0,38.683,-12.5689,91.3545,,1,0.25,428.25,158.14,58.32,460.22
2026-09-01 21:06:22.859,100.0,24.0,342.0,38.683,-12.5689,91.3545,,2,0.5,428.25,158.14,58.32,460.22
2026-09-01 21:06:23.098,100.0,24.0,342.0,38.683,-12.5689,91.3545,,3,0.75,428.26,158.14,58.32,460.23
2026-09-01 21:06:23.353,100.0,24.0,342.0,38.683,-12.5689,91.3545,,4,1.0,428.26,158.14,58.32,460.23
2026-09-01 21:06:23.608,100.0,24.0,342.0,38.683,-12.5689,91.3545,,5,1.25,428.26,158.14,58.32,460.23
2026-09-01 21:06:30.224,100.0,24.0,336.0,37.1572,-16.5435,91.3545,,1,0.25,428.14,158.24,58.31,460.15
2026-09-01 21:06:30.479,100.0,24.0,336.0,37.1572,-16.5435,91.3545,,2,0.5,428.11,158.23,58.31,460.12
2026-09-01 21:06:30.718,100.0,24.0,336.0,37.1572,-16.5435,91.3545,,3,0.75,428.14,158.25,58.3,460.15
2026-09-01 21:06:33.221,100.0,24.0,336.0,37.1572,-16.5435,91.3545,,4,1.0,428.14,158.25,58.3,460.15
2026-09-01 21:06:33.476,100.0,24.0,336.0,37.1572,-16.5435,91.3545,,5,1.25,428.17,158.24,58.31,460.18
2026-09-01 21:06:40.108,100.0,24.0,330.0,35.2244,-20.3368,91.3545,,1,0.25,428.01,158.4,58.23,460.08
2026-09-01 21:06:40.347,100.0,24.0,330.0,35.2244,-20.3368,91.3545,,2,0.5,428.05,158.4,58.21,460.11
2026-09-01 21:06:40.602,100.0,24.0,330.0,35.2244,-20.3368,91.3545,,3,0.75,428.05,158.4,58.21,460.11
2026-09-01 21:06:40.858,100.0,24.0,330.0,35.2244,-20.3368,91.3545,,4,1.0,428.05,158.4,58.22,460.11
2026-09-01 21:06:41.097,100.0,24.0,330.0,35.2244,-20.3368,91.3545,,5,1.25,428.05,158.4,58.22,460.11
2026-09-01 21:06:47.729,100.0,24.0,324.0,32.9057,-23.9074,91.3545,,1,0.25,427.96,158.28,58.19,459.98
2026-09-01 21:06:47.984,100.0,24.0,324.0,32.9057,-23.9074,91.3545,,2,0.5,427.95,158.29,58.18,459.98
2026-09-01 21:06:48.223,100.0,24.0,324.0,32.9057,-23.9074,91.3545,,3,0.75,427.95,158.29,58.18,459.98
2026-09-01 21:06:48.478,100.0,24.0,324.0,32.9057,-23.9074,91.3545,,4,1.0,427.9,158.27,58.2,459.92
2026-09-01 21:06:48.733,100.0,24.0,324.0,32.9057,-23.9074,91.3545,,5,1.25,427.9,158.27,58.2,459.92
2026-09-01 21:06:55.349,100.0,24.0,318.0,30.2264,-27.216,91.3545,,1,0.25,427.91,158.15,58.17,459.89
2026-09-01 21:06:55.604,100.0,24.0,318.0,30.2264,-27.216,91.3545,,2,0.5,427.89,158.15,58.16,459.87
2026-09-01 21:06:55.843,100.0,24.0,318.0,30.2264,-27.216,91.3545,,3,0.75,427.89,158.15,58.16,459.87
2026-09-01 21:06:56.098,100.0,24.0,318.0,30.2264,-27.216,91.3545,,4,1.0,427.89,158.15,58.16,459.87
2026-09-01 21:06:56.353,100.0,24.0,318.0,30.2264,-27.216,91.3545,,5,1.25,427.86,158.13,58.18,459.84
2026-09-01 21:07:02.969,100.0,24.0,312.0,27.216,-30.2264,91.3545,,1,0.25,427.77,157.99,58.19,459.71
2026-09-01 21:07:05.472,100.0,24.0,312.0,27.216,-30.2264,91.3545,,2,0.5,427.77,157.98,58.19,459.7
2026-09-01 21:07:05.727,100.0,24.0,312.0,27.216,-30.2264,91.3545,,3,0.75,427.77,157.98,58.19,459.7
2026-09-01 21:07:05.982,100.0,24.0,312.0,27.216,-30.2264,91.3545,,4,1.0,427.78,157.97,58.2,459.71
2026-09-01 21:07:06.221,100.0,24.0,312.0,27.216,-30.2264,91.3545,,5,1.25,427.78,157.97,58.2,459.71
2026-09-01 21:07:12.853,100.0,24.0,306.0,23.9074,-32.9057,91.3545,,1,0.25,427.64,158.09,58.2,459.62
2026-09-01 21:07:13.108,100.0,24.0,306.0,23.9074,-32.9057,91.3545,,2,0.5,427.64,158.09,58.2,459.62
2026-09-01 21:07:13.348,100.0,24.0,306.0,23.9074,-32.9057,91.3545,,3,0.75,427.6,158.11,58.19,459.59
2026-09-01 21:07:13.603,100.0,24.0,306.0,23.9074,-32.9057,91.3545,,4,1.0,427.6,158.11,58.19,459.59
2026-09-01 21:07:13.858,100.0,24.0,306.0,23.9074,-32.9057,91.3545,,5,1.25,427.61,158.09,58.17,459.59
2026-09-01 21:07:20.474,100.0,24.0,300.0,20.3368,-35.2244,91.3545,,1,0.25,427.56,157.87,58.07,459.45
2026-09-01 21:07:20.729,100.0,24.0,300.0,20.3368,-35.2244,91.3545,,2,0.5,427.56,157.87,58.07,459.45
2026-09-01 21:07:20.968,100.0,24.0,300.0,20.3368,-35.2244,91.3545,,3,0.75,427.59,157.89,58.07,459.49
2026-09-01 21:07:23.471,100.0,24.0,300.0,20.3368,-35.2244,91.3545,,4,1.0,427.61,157.9,58.07,459.51
2026-09-01 21:07:23.726,100.0,24.0,300.0,20.3368,-35.2244,91.3545,,5,1.25,427.61,157.9,58.07,459.51
2026-09-01 21:07:30.358,100.0,24.0,294.0,16.5435,-37.1572,91.3545,,1,0.25,427.48,157.9,58.09,459.39
2026-09-01 21:07:30.597,100.0,24.0,294.0,16.5435,-37.1572,91.3545,,2,0.5,427.48,157.9,58.09,459.39
2026-09-01 21:07:30.852,100.0,24.0,294.0,16.5435,-37.1572,91.3545,,3,0.75,427.4,157.92,58.09,459.32
2026-09-01 21:07:31.107,100.0,24.0,294.0,16.5435,-37.1572,91.3545,,4,1.0,427.4,157.92,58.09,459.32
2026-09-01 21:07:31.346,100.0,24.0,294.0,16.5435,-37.1572,91.3545,,5,1.25,427.41,157.91,58.09,459.33
2026-09-01 21:07:37.978,100.0,24.0,288.0,12.5689,-38.683,91.3545,,1,0.25,427.41,157.87,58.03,459.31
2026-09-01 21:07:38.233,100.0,24.0,288.0,12.5689,-38.683,91.3545,,2,0.5,427.41,157.87,58.03,459.31
2026-09-01 21:07:38.472,100.0,24.0,288.0,12.5689,-38.683,91.3545,,3,0.75,427.41,157.87,58.04,459.31
2026-09-01 21:07:38.727,100.0,24.0,288.0,12.5689,-38.683,91.3545,,4,1.0,427.41,157.87,58.04,459.31
2026-09-01 21:07:38.982,100.0,24.0,288.0,12.5689,-38.683,91.3545,,5,1.25,427.41,157.86,58.04,459.31
2026-09-01 21:07:45.598,100.0,24.0,282.0,8.4565,-39.7848,91.3545,,1,0.25,427.36,157.9,58.01,459.27
2026-09-01 21:07:45.854,100.0,24.0,282.0,8.4565,-39.7848,91.3545,,2,0.5,427.36,157.9,58.01,459.27
2026-09-01 21:07:46.093,100.0,24.0,282.0,8.4565,-39.7848,91.3545,,3,0.75,427.36,157.9,58.01,459.27
2026-09-01 21:07:46.348,100.0,24.0,282.0,8.4565,-39.7848,91.3545,,4,1.0,427.36,157.91,58.02,459.28
2026-09-01 21:07:46.603,100.0,24.0,282.0,8.4565,-39.7848,91.3545,,5,1.25,427.36,157.91,58.02,459.28
2026-09-01 21:07:53.219,100.0,24.0,276.0,4.2516,-40.4508,91.3545,,1,0.25,427.32,157.76,57.95,459.18
2026-09-01 21:07:55.722,100.0,24.0,276.0,4.2516,-40.4508,91.3545,,2,0.5,427.32,157.76,57.95,459.18
2026-09-01 21:07:55.977,100.0,24.0,276.0,4.2516,-40.4508,91.3545,,3,0.75,427.28,157.77,57.96,459.15
2026-09-01 21:07:56.232,100.0,24.0,276.0,4.2516,-40.4508,91.3545,,4,1.0,427.28,157.77,57.96,459.15
2026-09-01 21:07:56.471,100.0,24.0,276.0,4.2516,-40.4508,91.3545,,5,1.25,427.31,157.76,57.95,459.17
2026-09-01 21:08:03.103,100.0,24.0,270.0,-0.0,-40.6737,91.3545,,1,0.25,427.33,157.65,57.99,459.15
2026-09-01 21:08:03.358,100.0,24.0,270.0,-0.0,-40.6737,91.3545,,2,0.5,427.4,157.64,57.99,459.22
2026-09-01 21:08:03.597,100.0,24.0,270.0,-0.0,-40.6737,91.3545,,3,0.75,427.4,157.64,57.99,459.22
2026-09-01 21:08:03.852,100.0,24.0,270.0,-0.0,-40.6737,91.3545,,4,1.0,427.4,157.62,57.98,459.21
2026-09-01 21:08:04.107,100.0,24.0,270.0,-0.0,-40.6737,91.3545,,5,1.25,427.4,157.62,57.98,459.21
2026-09-01 21:08:10.723,100.0,24.0,264.0,-4.2516,-40.4508,91.3545,,1,0.25,427.48,157.28,58.0,459.17
2026-09-01 21:08:10.978,100.0,24.0,264.0,-4.2516,-40.4508,91.3545,,2,0.5,427.5,157.27,57.99,459.18
2026-09-01 21:08:11.217,100.0,24.0,264.0,-4.2516,-40.4508,91.3545,,3,0.75,427.57,157.28,57.99,459.25
2026-09-01 21:08:13.720,100.0,24.0,264.0,-4.2516,-40.4508,91.3545,,4,1.0,427.57,157.28,57.99,459.25
2026-09-01 21:08:13.975,100.0,24.0,264.0,-4.2516,-40.4508,91.3545,,5,1.25,427.57,157.28,57.99,459.25
2026-09-01 21:08:20.607,100.0,24.0,258.0,-8.4565,-39.7848,91.3545,,1,0.25,427.65,157.26,57.92,459.31
2026-09-01 21:08:20.846,100.0,24.0,258.0,-8.4565,-39.7848,91.3545,,2,0.5,427.66,157.26,57.91,459.32
2026-09-01 21:08:21.101,100.0,24.0,258.0,-8.4565,-39.7848,91.3545,,3,0.75,427.66,157.26,57.91,459.32
2026-09-01 21:08:21.357,100.0,24.0,258.0,-8.4565,-39.7848,91.3545,,4,1.0,427.64,157.26,57.91,459.3
2026-09-01 21:08:21.596,100.0,24.0,258.0,-8.4565,-39.7848,91.3545,,5,1.25,427.64,157.26,57.91,459.3
2026-09-01 21:08:28.228,100.0,24.0,252.0,-12.5689,-38.683,91.3545,,1,0.25,427.85,157.16,57.94,459.46
2026-09-01 21:08:28.483,100.0,24.0,252.0,-12.5689,-38.683,91.3545,,2,0.5,427.87,157.17,57.96,459.49
2026-09-01 21:08:28.722,100.0,24.0,252.0,-12.5689,-38.683,91.3545,,3,0.75,427.87,157.17,57.96,459.49
2026-09-01 21:08:28.977,100.0,24.0,252.0,-12.5689,-38.683,91.3545,,4,1.0,427.9,157.17,57.97,459.52
2026-09-01 21:08:29.232,100.0,24.0,252.0,-12.5689,-38.683,91.3545,,5,1.25,427.9,157.17,57.97,459.52
2026-09-01 21:08:35.848,100.0,24.0,246.0,-16.5435,-37.1572,91.3545,,1,0.25,427.85,157.29,57.95,459.51
2026-09-01 21:08:36.103,100.0,24.0,246.0,-16.5435,-37.1572,91.3545,,2,0.5,427.85,157.29,57.95,459.51
2026-09-01 21:08:36.358,100.0,24.0,246.0,-16.5435,-37.1572,91.3545,,3,0.75,427.9,157.3,57.93,459.56
2026-09-01 21:08:36.597,100.0,24.0,246.0,-16.5435,-37.1572,91.3545,,4,1.0,427.9,157.3,57.93,459.56
2026-09-01 21:08:36.852,100.0,24.0,246.0,-16.5435,-37.1572,91.3545,,5,1.25,427.89,157.29,57.94,459.55
2026-09-01 21:08:43.468,100.0,24.0,240.0,-20.3368,-35.2244,91.3545,,1,0.25,427.97,157.19,57.91,459.58
2026-09-01 21:08:45.971,100.0,24.0,240.0,-20.3368,-35.2244,91.3545,,2,0.5,427.93,157.2,57.89,459.55
2026-09-01 21:08:46.226,100.0,24.0,240.0,-20.3368,-35.2244,91.3545,,3,0.75,427.93,157.2,57.89,459.55
2026-09-01 21:08:46.481,100.0,24.0,240.0,-20.3368,-35.2244,91.3545,,4,1.0,427.93,157.2,57.89,459.55
2026-09-01 21:08:46.721,100.0,24.0,240.0,-20.3368,-35.2244,91.3545,,5,1.25,428.05,157.21,57.89,459.66
2026-09-01 21:08:53.352,100.0,24.0,234.0,-23.9074,-32.9057,91.3545,,1,0.25,428.13,157.24,57.93,459.75
2026-09-01 21:08:53.608,100.0,24.0,234.0,-23.9074,-32.9057,91.3545,,2,0.5,428.13,157.24,57.93,459.75
2026-09-01 21:08:53.847,100.0,24.0,234.0,-23.9074,-32.9057,91.3545,,3,0.75,428.2,157.23,57.92,459.81
2026-09-01 21:08:54.102,100.0,24.0,234.0,-23.9074,-32.9057,91.3545,,4,1.0,428.2,157.23,57.92,459.81
2026-09-01 21:08:54.357,100.0,24.0,234.0,-23.9074,-32.9057,91.3545,,5,1.25,428.17,157.23,57.93,459.78
2026-09-01 21:09:00.973,100.0,24.0,228.0,-27.216,-30.2264,91.3545,,1,0.25,428.31,157.16,57.97,459.9
2026-09-01 21:09:01.228,100.0,24.0,228.0,-27.216,-30.2264,91.3545,,2,0.5,428.31,157.16,57.97,459.9
2026-09-01 21:09:01.483,100.0,24.0,228.0,-27.216,-30.2264,91.3545,,3,0.75,428.37,157.16,57.99,459.95
2026-09-01 21:09:01.722,100.0,24.0,228.0,-27.216,-30.2264,91.3545,,4,1.0,428.37,157.16,57.99,459.95
2026-09-01 21:09:01.977,100.0,24.0,228.0,-27.216,-30.2264,91.3545,,5,1.25,428.38,157.19,57.97,459.97
2026-09-01 21:09:08.593,100.0,24.0,222.0,-30.2264,-27.216,91.3545,,1,0.25,428.48,157.33,57.95,460.11
2026-09-01 21:09:08.848,100.0,24.0,222.0,-30.2264,-27.216,91.3545,,2,0.5,428.44,157.33,57.94,460.07
2026-09-01 21:09:09.103,100.0,24.0,222.0,-30.2264,-27.216,91.3545,,3,0.75,428.44,157.33,57.94,460.07
2026-09-01 21:09:09.343,100.0,24.0,222.0,-30.2264,-27.216,91.3545,,4,1.0,428.4,157.34,57.95,460.04
2026-09-01 21:09:09.598,100.0,24.0,222.0,-30.2264,-27.216,91.3545,,5,1.25,428.4,157.34,57.95,460.04
2026-09-01 21:09:16.229,100.0,24.0,216.0,-32.9057,-23.9074,91.3545,,1,0.25,428.49,157.5,57.87,460.17
2026-09-01 21:09:16.469,100.0,24.0,216.0,-32.9057,-23.9074,91.3545,,2,0.5,428.5,157.5,57.87,460.18
2026-09-01 21:09:16.724,100.0,24.0,216.0,-32.9057,-23.9074,91.3545,,3,0.75,428.5,157.5,57.87,460.18
2026-09-01 21:09:16.979,100.0,24.0,216.0,-32.9057,-23.9074,91.3545,,4,1.0,428.52,157.5,57.87,460.2
2026-09-01 21:09:17.218,100.0,24.0,216.0,-32.9057,-23.9074,91.3545,,5,1.25,428.47,157.51,57.87,460.15
2026-09-01 21:09:26.098,100.0,24.0,210.0,-35.2244,-20.3368,91.3545,,1,0.25,428.58,157.65,57.92,460.31
2026-09-01 21:09:26.353,100.0,24.0,210.0,-35.2244,-20.3368,91.3545,,2,0.5,428.51,157.64,57.92,460.24
2026-09-01 21:09:26.592,100.0,24.0,210.0,-35.2244,-20.3368,91.3545,,3,0.75,428.51,157.64,57.92,460.24
2026-09-01 21:09:26.847,100.0,24.0,210.0,-35.2244,-20.3368,91.3545,,4,1.0,428.58,157.65,57.93,460.31
2026-09-01 21:09:27.102,100.0,24.0,210.0,-35.2244,-20.3368,91.3545,,5,1.25,428.58,157.65,57.93,460.31
2026-09-01 21:09:33.718,100.0,24.0,204.0,-37.1572,-16.5435,91.3545,,1,0.25,428.63,157.74,57.9,460.38
2026-09-01 21:09:36.221,100.0,24.0,204.0,-37.1572,-16.5435,91.3545,,2,0.5,428.62,157.73,57.89,460.37
2026-09-01 21:09:36.476,100.0,24.0,204.0,-37.1572,-16.5435,91.3545,,3,0.75,428.62,157.73,57.89,460.37
2026-09-01 21:09:36.731,100.0,24.0,204.0,-37.1572,-16.5435,91.3545,,4,1.0,428.61,157.74,57.89,460.36
2026-09-01 21:09:36.970,100.0,24.0,204.0,-37.1572,-16.5435,91.3545,,5,1.25,428.61,157.74,57.89,460.36
2026-09-01 21:09:43.602,100.0,24.0,198.0,-38.683,-12.5689,91.3545,,1,0.25,428.65,158.1,57.85,460.52
2026-09-01 21:09:43.857,100.0,24.0,198.0,-38.683,-12.5689,91.3545,,2,0.5,428.67,158.1,57.84,460.54
2026-09-01 21:09:44.097,100.0,24.0,198.0,-38.683,-12.5689,91.3545,,3,0.75,428.67,158.1,57.84,460.54
2026-09-01 21:09:44.352,100.0,24.0,198.0,-38.683,-12.5689,91.3545,,4,1.0,428.68,158.07,57.85,460.54
2026-09-01 21:09:44.607,100.0,24.0,198.0,-38.683,-12.5689,91.3545,,5,1.25,428.68,158.07,57.85,460.54
2026-09-01 21:09:51.223,100.0,24.0,192.0,-39.7848,-8.4565,91.3545,,1,0.25,428.74,158.11,57.8,460.6
2026-09-01 21:09:51.478,100.0,24.0,192.0,-39.7848,-8.4565,91.3545,,2,0.5,428.76,158.08,57.8,460.61
2026-09-01 21:09:51.717,100.0,24.0,192.0,-39.7848,-8.4565,91.3545,,3,0.75,428.68,158.07,57.84,460.54
2026-09-01 21:09:54.220,100.0,24.0,192.0,-39.7848,-8.4565,91.3545,,4,1.0,428.68,158.06,57.82,460.53
2026-09-01 21:09:54.475,100.0,24.0,192.0,-39.7848,-8.4565,91.3545,,5,1.25,428.68,158.06,57.82,460.53
2026-09-01 21:10:01.107,100.0,24.0,186.0,-40.4508,-4.2516,91.3545,,1,0.25,428.68,158.16,57.8,460.56
2026-09-01 21:10:01.346,100.0,24.0,186.0,-40.4508,-4.2516,91.3545,,2,0.5,428.69,158.17,57.81,460.58
2026-09-01 21:10:01.601,100.0,24.0,186.0,-40.4508,-4.2516,91.3545,,3,0.75,428.69,158.17,57.81,460.58
2026-09-01 21:10:01.856,100.0,24.0,186.0,-40.4508,-4.2516,91.3545,,4,1.0,428.69,158.17,57.8,460.57
2026-09-01 21:10:02.096,100.0,24.0,186.0,-40.4508,-4.2516,91.3545,,5,1.25,428.69,158.17,57.8,460.57
2026-09-01 21:10:08.727,100.0,24.0,180.0,-40.6737,0.0,91.3545,,1,0.25,428.58,158.36,57.78,460.54
2026-09-01 21:10:08.967,100.0,24.0,180.0,-40.6737,0.0,91.3545,,2,0.5,428.57,158.36,57.77,460.52
2026-09-01 21:10:11.470,100.0,24.0,180.0,-40.6737,0.0,91.3545,,3,0.75,428.57,158.36,57.77,460.52
2026-09-01 21:10:11.725,100.0,24.0,180.0,-40.6737,0.0,91.3545,,4,1.0,428.57,158.36,57.79,460.53
2026-09-01 21:10:11.980,100.0,24.0,180.0,-40.6737,0.0,91.3545,,5,1.25,428.57,158.36,57.79,460.53
2026-09-01 21:10:18.596,100.0,24.0,174.0,-40.4508,4.2516,91.3545,,1,0.25,428.47,158.4,57.72,460.44
2026-09-01 21:10:18.851,100.0,24.0,174.0,-40.4508,4.2516,91.3545,,2,0.5,428.46,158.39,57.72,460.43
2026-09-01 21:10:19.106,100.0,24.0,174.0,-40.4508,4.2516,91.3545,,3,0.75,428.46,158.39,57.72,460.43
2026-09-01 21:10:19.345,100.0,24.0,174.0,-40.4508,4.2516,91.3545,,4,1.0,428.5,158.4,57.73,460.47
2026-09-01 21:10:19.600,100.0,24.0,174.0,-40.4508,4.2516,91.3545,,5,1.25,428.5,158.4,57.73,460.47
2026-09-01 21:10:26.232,100.0,24.0,168.0,-39.7848,8.4565,91.3545,,1,0.25,428.43,158.48,57.69,460.43
2026-09-01 21:10:26.471,100.0,24.0,168.0,-39.7848,8.4565,91.3545,,2,0.5,428.43,158.48,57.69,460.43
2026-09-01 21:10:26.726,100.0,24.0,168.0,-39.7848,8.4565,91.3545,,3,0.75,428.38,158.48,57.7,460.38
2026-09-01 21:10:26.981,100.0,24.0,168.0,-39.7848,8.4565,91.3545,,4,1.0,428.38,158.48,57.7,460.38
2026-09-01 21:10:27.221,100.0,24.0,168.0,-39.7848,8.4565,91.3545,,5,1.25,428.41,158.47,57.69,460.4
2026-09-01 21:10:33.853,100.0,24.0,162.0,-38.683,12.5689,91.3545,,1,0.25,428.24,158.46,57.67,460.24
2026-09-01 21:10:34.092,100.0,24.0,162.0,-38.683,12.5689,91.3545,,2,0.5,428.24,158.46,57.67,460.24
2026-09-01 21:10:34.347,100.0,24.0,162.0,-38.683,12.5689,91.3545,,3,0.75,428.3,158.46,57.69,460.3
2026-09-01 21:10:34.602,100.0,24.0,162.0,-38.683,12.5689,91.3545,,4,1.0,428.3,158.46,57.69,460.3
2026-09-01 21:10:34.857,100.0,24.0,162.0,-38.683,12.5689,91.3545,,5,1.25,428.29,158.49,57.67,460.3
2026-09-01 21:10:41.473,100.0,24.0,156.0,-37.1572,16.5435,91.3545,,1,0.25,428.07,158.72,57.65,460.17
2026-09-01 21:10:41.728,100.0,24.0,156.0,-37.1572,16.5435,91.3545,,2,0.5,428.01,158.74,57.66,460.12
2026-09-01 21:10:41.967,100.0,24.0,156.0,-37.1572,16.5435,91.3545,,3,0.75,428.06,158.72,57.66,460.16
2026-09-01 21:10:44.470,100.0,24.0,156.0,-37.1572,16.5435,91.3545,,4,1.0,428.06,158.72,57.66,460.16
2026-09-01 21:10:44.725,100.0,24.0,156.0,-37.1572,16.5435,91.3545,,5,1.25,427.97,158.74,57.66,460.08
2026-09-01 21:10:51.341,100.0,24.0,150.0,-35.2244,20.3368,91.3545,,1,0.25,427.94,158.66,57.65,460.03
2026-09-01 21:10:51.596,100.0,24.0,150.0,-35.2244,20.3368,91.3545,,2,0.5,427.94,158.66,57.65,460.03
2026-09-01 21:10:51.852,100.0,24.0,150.0,-35.2244,20.3368,91.3545,,3,0.75,427.88,158.67,57.63,459.97
2026-09-01 21:10:52.107,100.0,24.0,150.0,-35.2244,20.3368,91.3545,,4,1.0,427.88,158.67,57.63,459.97
2026-09-01 21:10:52.346,100.0,24.0,150.0,-35.2244,20.3368,91.3545,,5,1.25,427.88,158.67,57.63,459.97
2026-09-01 21:10:58.978,100.0,24.0,144.0,-32.9057,23.9074,91.3545,,1,0.25,427.67,158.64,57.61,459.76
2026-09-01 21:10:59.217,100.0,24.0,144.0,-32.9057,23.9074,91.3545,,2,0.5,427.61,158.65,57.63,459.71
2026-09-01 21:11:01.720,100.0,24.0,144.0,-32.9057,23.9074,91.3545,,3,0.75,427.62,158.64,57.62,459.72
2026-09-01 21:11:01.975,100.0,24.0,144.0,-32.9057,23.9074,91.3545,,4,1.0,427.62,158.64,57.62,459.72
2026-09-01 21:11:02.230,100.0,24.0,144.0,-32.9057,23.9074,91.3545,,5,1.25,427.63,158.64,57.62,459.73
2026-09-01 21:11:08.846,100.0,24.0,138.0,-30.2264,27.216,91.3545,,1,0.25,427.54,158.54,57.61,459.61
2026-09-01 21:11:09.101,100.0,24.0,138.0,-30.2264,27.216,91.3545,,2,0.5,427.54,158.54,57.61,459.61
2026-09-01 21:11:09.356,100.0,24.0,138.0,-30.2264,27.216,91.3545,,3,0.75,427.54,158.54,57.61,459.61
2026-09-01 21:11:09.595,100.0,24.0,138.0,-30.2264,27.216,91.3545,,4,1.0,427.48,158.53,57.62,459.55
2026-09-01 21:11:09.850,100.0,24.0,138.0,-30.2264,27.216,91.3545,,5,1.25,427.48,158.53,57.62,459.55
2026-09-01 21:11:16.466,100.0,24.0,132.0,-27.216,30.2264,91.3545,,1,0.25,427.4,158.47,57.69,459.46
2026-09-01 21:11:18.969,100.0,24.0,132.0,-27.216,30.2264,91.3545,,2,0.5,427.4,158.47,57.69,459.46
2026-09-01 21:11:19.224,100.0,24.0,132.0,-27.216,30.2264,91.3545,,3,0.75,427.39,158.45,57.69,459.45
2026-09-01 21:11:19.480,100.0,24.0,132.0,-27.216,30.2264,91.3545,,4,1.0,427.39,158.45,57.69,459.45
2026-09-01 21:11:19.719,100.0,24.0,132.0,-27.216,30.2264,91.3545,,5,1.25,427.4,158.48,57.67,459.46
2026-09-01 21:11:26.351,100.0,24.0,126.0,-23.9074,32.9057,91.3545,,1,0.25,427.26,158.39,57.62,459.3
2026-09-01 21:11:26.606,100.0,24.0,126.0,-23.9074,32.9057,91.3545,,2,0.5,427.31,158.39,57.61,459.34
2026-09-01 21:11:26.845,100.0,24.0,126.0,-23.9074,32.9057,91.3545,,3,0.75,427.31,158.39,57.61,459.34
2026-09-01 21:11:27.100,100.0,24.0,126.0,-23.9074,32.9057,91.3545,,4,1.0,427.24,158.39,57.6,459.28
2026-09-01 21:11:27.355,100.0,24.0,126.0,-23.9074,32.9057,91.3545,,5,1.25,427.24,158.39,57.6,459.28
2026-09-01 21:11:33.971,100.0,24.0,120.0,-20.3368,35.2244,91.3545,,1,0.25,427.16,158.35,57.6,459.19
2026-09-01 21:11:34.226,100.0,24.0,120.0,-20.3368,35.2244,91.3545,,2,0.5,427.19,158.33,57.6,459.21
2026-09-01 21:11:34.481,100.0,24.0,120.0,-20.3368,35.2244,91.3545,,3,0.75,427.19,158.33,57.6,459.21
2026-09-01 21:11:34.721,100.0,24.0,120.0,-20.3368,35.2244,91.3545,,4,1.0,427.1,158.33,57.62,459.13
2026-09-01 21:11:34.976,100.0,24.0,120.0,-20.3368,35.2244,91.3545,,5,1.25,427.1,158.33,57.62,459.13
2026-09-01 21:11:41.592,100.0,24.0,114.0,-16.5435,37.1572,91.3545,,1,0.25,427.07,158.11,57.59,459.02
2026-09-01 21:11:41.847,100.0,24.0,114.0,-16.5435,37.1572,91.3545,,2,0.5,427.07,158.11,57.59,459.02
2026-09-01 21:11:42.102,100.0,24.0,114.0,-16.5435,37.1572,91.3545,,3,0.75,427.11,158.14,57.59,459.07
2026-09-01 21:11:42.341,100.0,24.0,114.0,-16.5435,37.1572,91.3545,,4,1.0,427.11,158.14,57.59,459.07
2026-09-01 21:11:42.596,100.0,24.0,114.0,-16.5435,37.1572,91.3545,,5,1.25,427.07,158.13,57.57,459.02
2026-09-01 21:11:49.228,100.0,24.0,108.0,-12.5689,38.683,91.3545,,1,0.25,426.96,157.9,57.68,458.86
2026-09-01 21:11:49.468,100.0,24.0,108.0,-12.5689,38.683,91.3545,,2,0.5,426.96,157.9,57.68,458.86
2026-09-01 21:11:49.723,100.0,24.0,108.0,-12.5689,38.683,91.3545,,3,0.75,426.99,157.91,57.69,458.89
2026-09-01 21:11:49.978,100.0,24.0,108.0,-12.5689,38.683,91.3545,,4,1.0,426.99,157.91,57.69,458.89
2026-09-01 21:11:50.217,100.0,24.0,108.0,-12.5689,38.683,91.3545,,5,1.25,427.02,157.9,57.68,458.91
2026-09-01 21:11:59.097,100.0,24.0,102.0,-8.4565,39.7848,91.3545,,1,0.25,426.84,157.83,57.63,458.71
2026-09-01 21:11:59.352,100.0,24.0,102.0,-8.4565,39.7848,91.3545,,2,0.5,426.84,157.83,57.63,458.71
2026-09-01 21:11:59.591,100.0,24.0,102.0,-8.4565,39.7848,91.3545,,3,0.75,426.87,157.83,57.64,458.74
2026-09-01 21:11:59.846,100.0,24.0,102.0,-8.4565,39.7848,91.3545,,4,1.0,426.87,157.83,57.64,458.74
2026-09-01 21:12:00.101,100.0,24.0,102.0,-8.4565,39.7848,91.3545,,5,1.25,426.93,157.84,57.63,458.8
2026-09-01 21:12:06.718,100.0,24.0,96.0,-4.2516,40.4508,91.3545,,1,0.25,427.0,157.5,57.75,458.77
2026-09-01 21:12:06.973,100.0,24.0,96.0,-4.2516,40.4508,91.3545,,2,0.5,427.0,157.5,57.75,458.77
2026-09-01 21:12:07.228,100.0,24.0,96.0,-4.2516,40.4508,91.3545,,3,0.75,427.0,157.5,57.75,458.77
2026-09-01 21:12:07.467,100.0,24.0,96.0,-4.2516,40.4508,91.3545,,4,1.0,427.09,157.54,57.75,458.86
2026-09-01 21:12:09.970,100.0,24.0,96.0,-4.2516,40.4508,91.3545,,5,1.25,427.09,157.54,57.75,458.86
2026-09-01 21:12:16.602,100.0,24.0,90.0,0.0,40.6737,91.3545,,1,0.25,427.1,157.37,57.79,458.82
2026-09-01 21:12:16.841,100.0,24.0,90.0,0.0,40.6737,91.3545,,2,0.5,427.1,157.37,57.79,458.82
2026-09-01 21:12:17.096,100.0,24.0,90.0,0.0,40.6737,91.3545,,3,0.75,427.1,157.36,57.8,458.82
2026-09-01 21:12:17.351,100.0,24.0,90.0,0.0,40.6737,91.3545,,4,1.0,427.1,157.36,57.8,458.82
2026-09-01 21:12:17.607,100.0,24.0,90.0,0.0,40.6737,91.3545,,5,1.25,427.05,157.36,57.8,458.77
2026-09-01 21:12:24.223,100.0,24.0,84.0,4.2516,40.4508,91.3545,,1,0.25,427.08,157.27,57.88,458.78
2026-09-01 21:12:24.478,100.0,24.0,84.0,4.2516,40.4508,91.3545,,2,0.5,427.08,157.27,57.88,458.78
2026-09-01 21:12:24.717,100.0,24.0,84.0,4.2516,40.4508,91.3545,,3,0.75,427.05,157.29,57.86,458.75
2026-09-01 21:12:27.220,100.0,24.0,84.0,4.2516,40.4508,91.3545,,4,1.0,427.05,157.29,57.86,458.75
2026-09-01 21:12:27.475,100.0,24.0,84.0,4.2516,40.4508,91.3545,,5,1.25,427.09,157.27,57.87,458.79
2026-09-01 21:12:34.091,100.0,24.0,78.0,8.4565,39.7848,91.3545,,1,0.25,427.12,157.05,57.92,458.74
2026-09-01 21:12:34.346,100.0,24.0,78.0,8.4565,39.7848,91.3545,,2,0.5,427.12,157.05,57.92,458.74
2026-09-01 21:12:34.601,100.0,24.0,78.0,8.4565,39.7848,91.3545,,3,0.75,427.16,157.04,57.92,458.78
2026-09-01 21:12:34.856,100.0,24.0,78.0,8.4565,39.7848,91.3545,,4,1.0,427.16,157.04,57.92,458.78
2026-09-01 21:12:35.095,100.0,24.0,78.0,8.4565,39.7848,91.3545,,5,1.25,427.17,157.05,57.94,458.79
2026-09-01 21:12:41.727,100.0,24.0,72.0,12.5689,38.683,91.3545,,1,0.25,427.37,156.74,58.13,458.9
2026-09-01 21:12:41.967,100.0,24.0,72.0,12.5689,38.683,91.3545,,2,0.5,427.35,156.75,58.11,458.88
2026-09-01 21:12:44.469,100.0,24.0,72.0,12.5689,38.683,91.3545,,3,0.75,427.36,156.72,58.11,458.88
2026-09-01 21:12:44.725,100.0,24.0,72.0,12.5689,38.683,91.3545,,4,1.0,427.36,156.72,58.11,458.88
2026-09-01 21:12:44.980,100.0,24.0,72.0,12.5689,38.683,91.3545,,5,1.25,427.35,156.74,58.1,458.88
2026-09-01 21:12:51.596,100.0,24.0,66.0,16.5435,37.1572,91.3545,,1,0.25,427.47,156.71,58.12,458.98
2026-09-01 21:12:51.851,100.0,24.0,66.0,16.5435,37.1572,91.3545,,2,0.5,427.47,156.71,58.12,458.98
2026-09-01 21:12:52.106,100.0,24.0,66.0,16.5435,37.1572,91.3545,,3,0.75,427.46,156.73,58.13,458.98
2026-09-01 21:12:52.345,100.0,24.0,66.0,16.5435,37.1572,91.3545,,4,1.0,427.46,156.73,58.13,458.98
2026-09-01 21:12:52.600,100.0,24.0,66.0,16.5435,37.1572,91.3545,,5,1.25,427.47,156.73,58.11,458.98
2026-09-01 21:12:59.216,100.0,24.0,60.0,20.3368,35.2244,91.3545,,1,0.25,427.62,156.71,58.17,459.13
2026-09-01 21:13:01.719,100.0,24.0,60.0,20.3368,35.2244,91.3545,,2,0.5,427.62,156.71,58.17,459.13
2026-09-01 21:13:01.974,100.0,24.0,60.0,20.3368,35.2244,91.3545,,3,0.75,427.59,156.73,58.19,459.11
2026-09-01 21:13:02.229,100.0,24.0,60.0,20.3368,35.2244,91.3545,,4,1.0,427.59,156.73,58.19,459.11
2026-09-01 21:13:02.468,100.0,24.0,60.0,20.3368,35.2244,91.3545,,5,1.25,427.59,156.72,58.17,459.1
2026-09-01 21:13:09.100,100.0,24.0,54.0,23.9074,32.9057,91.3545,,1,0.25,427.81,156.58,58.21,459.26
2026-09-01 21:13:09.355,100.0,24.0,54.0,23.9074,32.9057,91.3545,,2,0.5,427.81,156.58,58.21,459.26
2026-09-01 21:13:09.594,100.0,24.0,54.0,23.9074,32.9057,91.3545,,3,0.75,427.83,156.59,58.2,459.28
2026-09-01 21:13:09.850,100.0,24.0,54.0,23.9074,32.9057,91.3545,,4,1.0,427.83,156.59,58.2,459.28
2026-09-01 21:13:10.105,100.0,24.0,54.0,23.9074,32.9057,91.3545,,5,1.25,427.81,156.59,58.21,459.27
2026-09-01 21:13:16.721,100.0,24.0,48.0,27.216,30.2264,91.3545,,1,0.25,428.0,156.64,58.3,459.47
2026-09-01 21:13:16.976,100.0,24.0,48.0,27.216,30.2264,91.3545,,2,0.5,427.99,156.64,58.3,459.46
2026-09-01 21:13:17.231,100.0,24.0,48.0,27.216,30.2264,91.3545,,3,0.75,427.99,156.64,58.3,459.46
2026-09-01 21:13:17.470,100.0,24.0,48.0,27.216,30.2264,91.3545,,4,1.0,427.96,156.65,58.3,459.44
2026-09-01 21:13:17.725,100.0,24.0,48.0,27.216,30.2264,91.3545,,5,1.25,427.96,156.65,58.3,459.44
2026-09-01 21:13:24.341,100.0,24.0,42.0,30.2264,27.216,91.3545,,1,0.25,428.11,156.79,58.33,459.63
2026-09-01 21:13:24.596,100.0,24.0,42.0,30.2264,27.216,91.3545,,2,0.5,428.12,156.79,58.33,459.64
2026-09-01 21:13:24.851,100.0,24.0,42.0,30.2264,27.216,91.3545,,3,0.75,428.12,156.79,58.33,459.64
2026-09-01 21:13:25.090,100.0,24.0,42.0,30.2264,27.216,91.3545,,4,1.0,428.14,156.77,58.34,459.65
2026-09-01 21:13:25.345,100.0,24.0,42.0,30.2264,27.216,91.3545,,5,1.25,428.14,156.77,58.34,459.65
2026-09-01 21:13:31.977,100.0,24.0,36.0,32.9057,23.9074,91.3545,,1,0.25,428.25,156.97,58.32,459.82
2026-09-01 21:13:32.217,100.0,24.0,36.0,32.9057,23.9074,91.3545,,2,0.5,428.24,157.0,58.33,459.82
2026-09-01 21:13:34.719,100.0,24.0,36.0,32.9057,23.9074,91.3545,,3,0.75,428.24,157.0,58.33,459.82
2026-09-01 21:13:34.974,100.0,24.0,36.0,32.9057,23.9074,91.3545,,4,1.0,428.27,156.98,58.34,459.84
2026-09-01 21:13:35.230,100.0,24.0,36.0,32.9057,23.9074,91.3545,,5,1.25,428.27,156.98,58.34,459.84
2026-09-01 21:13:41.846,100.0,24.0,30.0,35.2244,20.3368,91.3545,,1,0.25,428.47,156.74,58.35,459.95
2026-09-01 21:13:42.101,100.0,24.0,30.0,35.2244,20.3368,91.3545,,2,0.5,428.46,156.74,58.36,459.94
2026-09-01 21:13:42.356,100.0,24.0,30.0,35.2244,20.3368,91.3545,,3,0.75,428.46,156.74,58.36,459.94
2026-09-01 21:13:42.595,100.0,24.0,30.0,35.2244,20.3368,91.3545,,4,1.0,428.45,156.74,58.35,459.93
2026-09-01 21:13:42.850,100.0,24.0,30.0,35.2244,20.3368,91.3545,,5,1.25,428.45,156.74,58.35,459.93
2026-09-01 21:13:49.466,100.0,24.0,24.0,37.1572,16.5435,91.3545,,1,0.25,428.61,156.9,58.41,460.14
2026-09-01 21:13:51.969,100.0,24.0,24.0,37.1572,16.5435,91.3545,,2,0.5,428.61,156.92,58.42,460.15
2026-09-01 21:13:52.224,100.0,24.0,24.0,37.1572,16.5435,91.3545,,3,0.75,428.61,156.92,58.42,460.15
2026-09-01 21:13:52.479,100.0,24.0,24.0,37.1572,16.5435,91.3545,,4,1.0,428.58,156.9,58.4,460.11
2026-09-01 21:13:52.718,100.0,24.0,24.0,37.1572,16.5435,91.3545,,5,1.25,428.58,156.9,58.4,460.11
2026-09-01 21:13:59.350,100.0,24.0,18.0,38.683,12.5689,91.3545,,1,0.25,428.66,157.13,58.41,460.27
2026-09-01 21:13:59.605,100.0,24.0,18.0,38.683,12.5689,91.3545,,2,0.5,428.66,157.13,58.41,460.27
2026-09-01 21:13:59.844,100.0,24.0,18.0,38.683,12.5689,91.3545,,3,0.75,428.69,157.14,58.4,460.3
2026-09-01 21:14:00.099,100.0,24.0,18.0,38.683,12.5689,91.3545,,4,1.0,428.69,157.14,58.4,460.3
2026-09-01 21:14:00.355,100.0,24.0,18.0,38.683,12.5689,91.3545,,5,1.25,428.73,157.14,58.41,460.34
2026-09-01 21:14:06.971,100.0,24.0,12.0,39.7848,8.4565,91.3545,,1,0.25,428.71,157.14,58.37,460.31
2026-09-01 21:14:07.226,100.0,24.0,12.0,39.7848,8.4565,91.3545,,2,0.5,428.71,157.14,58.37,460.31
2026-09-01 21:14:07.481,100.0,24.0,12.0,39.7848,8.4565,91.3545,,3,0.75,428.69,157.15,58.38,460.3
2026-09-01 21:14:07.720,100.0,24.0,12.0,39.7848,8.4565,91.3545,,4,1.0,428.69,157.15,58.38,460.3
2026-09-01 21:14:07.975,100.0,24.0,12.0,39.7848,8.4565,91.3545,,5,1.25,428.69,157.16,58.36,460.3
2026-09-01 21:14:14.591,100.0,24.0,6.0,40.4508,4.2516,91.3545,,1,0.25,428.69,157.42,58.34,460.39
2026-09-01 21:14:14.846,100.0,24.0,6.0,40.4508,4.2516,91.3545,,2,0.5,428.69,157.42,58.34,460.39
2026-09-01 21:14:15.101,100.0,24.0,6.0,40.4508,4.2516,91.3545,,3,0.75,428.69,157.42,58.34,460.39
2026-09-01 21:14:15.340,100.0,24.0,6.0,40.4508,4.2516,91.3545,,4,1.0,428.74,157.42,58.36,460.43
2026-09-01 21:14:15.595,100.0,24.0,6.0,40.4508,4.2516,91.3545,,5,1.25,428.74,157.42,58.36,460.43
2026-09-01 21:14:22.227,100.0,24.0,0.0,40.6737,0.0,91.3545,,1,0.25,428.71,157.31,58.36,460.37
2026-09-01 21:14:22.466,100.0,24.0,0.0,40.6737,0.0,91.3545,,2,0.5,428.77,157.3,58.36,460.42
2026-09-01 21:14:22.721,100.0,24.0,0.0,40.6737,0.0,91.3545,,3,0.75,428.77,157.3,58.36,460.42
2026-09-01 21:14:22.977,100.0,24.0,0.0,40.6737,0.0,91.3545,,4,1.0,428.74,157.31,58.37,460.4
2026-09-01 21:14:23.216,100.0,24.0,0.0,40.6737,0.0,91.3545,,5,1.25,428.72,157.31,58.36,460.38
2026-09-01 21:14:32.478,100.0,30.0,0.0,50.0,0.0,86.6025,,1,0.25,428.93,157.41,58.47,460.62
2026-09-01 21:14:32.717,100.0,30.0,0.0,50.0,0.0,86.6025,,2,0.5,428.98,157.42,58.46,460.67
2026-09-01 21:14:32.972,100.0,30.0,0.0,50.0,0.0,86.6025,,3,0.75,428.98,157.42,58.46,460.67
2026-09-01 21:14:33.227,100.0,30.0,0.0,50.0,0.0,86.6025,,4,1.0,428.94,157.42,58.46,460.63
2026-09-01 21:14:33.466,100.0,30.0,0.0,50.0,0.0,86.6025,,5,1.25,428.94,157.42,58.46,460.63
2026-09-01 21:14:40.098,100.0,30.0,6.0,49.7261,5.2264,86.6025,,1,0.25,429.0,157.21,58.51,460.62
2026-09-01 21:14:40.354,100.0,30.0,6.0,49.7261,5.2264,86.6025,,2,0.5,429.0,157.21,58.51,460.62
2026-09-01 21:14:40.593,100.0,30.0,6.0,49.7261,5.2264,86.6025,,3,0.75,429.01,157.22,58.52,460.64
2026-09-01 21:14:40.848,100.0,30.0,6.0,49.7261,5.2264,86.6025,,4,1.0,429.01,157.22,58.52,460.64
2026-09-01 21:14:41.103,100.0,30.0,6.0,49.7261,5.2264,86.6025,,5,1.25,429.01,157.21,58.52,460.63
2026-09-01 21:14:47.719,100.0,30.0,12.0,48.9074,10.3956,86.6025,,1,0.25,428.92,156.99,58.57,460.48
2026-09-01 21:14:47.974,100.0,30.0,12.0,48.9074,10.3956,86.6025,,2,0.5,428.92,156.99,58.57,460.48
2026-09-01 21:14:48.229,100.0,30.0,12.0,48.9074,10.3956,86.6025,,3,0.75,428.9,156.99,58.56,460.46
2026-09-01 21:14:48.468,100.0,30.0,12.0,48.9074,10.3956,86.6025,,4,1.0,428.9,156.99,58.56,460.46
2026-09-01 21:14:48.723,100.0,30.0,12.0,48.9074,10.3956,86.6025,,5,1.25,428.89,156.99,58.55,460.45
2026-09-01 21:14:55.355,100.0,30.0,18.0,47.5528,15.4508,86.6025,,1,0.25,428.85,156.81,58.5,460.35
2026-09-01 21:14:55.594,100.0,30.0,18.0,47.5528,15.4508,86.6025,,2,0.5,428.85,156.81,58.5,460.35
2026-09-01 21:14:55.849,100.0,30.0,18.0,47.5528,15.4508,86.6025,,3,0.75,428.85,156.81,58.5,460.35
2026-09-01 21:14:56.104,100.0,30.0,18.0,47.5528,15.4508,86.6025,,4,1.0,428.83,156.8,58.5,460.32
2026-09-01 21:14:56.344,100.0,30.0,18.0,47.5528,15.4508,86.6025,,5,1.25,428.83,156.8,58.5,460.32
2026-09-01 21:15:02.976,100.0,30.0,24.0,45.6773,20.3368,86.6025,,1,0.25,428.72,156.58,58.47,460.14
2026-09-01 21:15:03.215,100.0,30.0,24.0,45.6773,20.3368,86.6025,,2,0.5,428.73,156.56,58.47,460.15
2026-09-01 21:15:05.718,100.0,30.0,24.0,45.6773,20.3368,86.6025,,3,0.75,428.74,156.57,58.46,460.16
2026-09-01 21:15:05.973,100.0,30.0,24.0,45.6773,20.3368,86.6025,,4,1.0,428.74,156.57,58.46,460.16
2026-09-01 21:15:06.228,100.0,30.0,24.0,45.6773,20.3368,86.6025,,5,1.25,428.78,156.57,58.46,460.19
2026-09-01 21:15:12.844,100.0,30.0,30.0,43.3013,25.0,86.6025,,1,0.25,428.54,156.46,58.44,459.93
2026-09-01 21:15:13.099,100.0,30.0,30.0,43.3013,25.0,86.6025,,2,0.5,428.59,156.48,58.45,459.99
2026-09-01 21:15:13.354,100.0,30.0,30.0,43.3013,25.0,86.6025,,3,0.75,428.59,156.48,58.45,459.99
2026-09-01 21:15:13.593,100.0,30.0,30.0,43.3013,25.0,86.6025,,4,1.0,428.57,156.48,58.45,459.97
2026-09-01 21:15:13.848,100.0,30.0,30.0,43.3013,25.0,86.6025,,5,1.25,428.57,156.48,58.45,459.97
2026-09-01 21:15:20.464,100.0,30.0,36.0,40.4508,29.3893,86.6025,,1,0.25,428.46,156.13,58.46,459.75
2026-09-01 21:15:22.967,100.0,30.0,36.0,40.4508,29.3893,86.6025,,2,0.5,428.46,156.13,58.46,459.75
2026-09-01 21:15:23.222,100.0,30.0,36.0,40.4508,29.3893,86.6025,,3,0.75,428.48,156.12,58.47,459.76
2026-09-01 21:15:23.477,100.0,30.0,36.0,40.4508,29.3893,86.6025,,4,1.0,428.48,156.12,58.47,459.76
2026-09-01 21:15:23.716,100.0,30.0,36.0,40.4508,29.3893,86.6025,,5,1.25,428.48,156.12,58.47,459.76
2026-09-01 21:15:30.348,100.0,30.0,42.0,37.1572,33.4565,86.6025,,1,0.25,428.19,156.16,58.44,459.5
2026-09-01 21:15:30.604,100.0,30.0,42.0,37.1572,33.4565,86.6025,,2,0.5,428.21,156.18,58.46,459.53
2026-09-01 21:15:30.843,100.0,30.0,42.0,37.1572,33.4565,86.6025,,3,0.75,428.21,156.18,58.46,459.53
2026-09-01 21:15:31.098,100.0,30.0,42.0,37.1572,33.4565,86.6025,,4,1.0,428.14,156.17,58.43,459.46
2026-09-01 21:15:31.353,100.0,30.0,42.0,37.1572,33.4565,86.6025,,5,1.25,428.14,156.17,58.43,459.46
2026-09-01 21:15:37.969,100.0,30.0,48.0,33.4565,37.1572,86.6025,,1,0.25,427.92,156.17,58.35,459.24
2026-09-01 21:15:38.224,100.0,30.0,48.0,33.4565,37.1572,86.6025,,2,0.5,427.89,156.19,58.34,459.22
2026-09-01 21:15:38.479,100.0,30.0,48.0,33.4565,37.1572,86.6025,,3,0.75,427.89,156.19,58.34,459.22
2026-09-01 21:15:38.718,100.0,30.0,48.0,33.4565,37.1572,86.6025,,4,1.0,427.89,156.19,58.35,459.22
2026-09-01 21:15:38.973,100.0,30.0,48.0,33.4565,37.1572,86.6025,,5,1.25,427.89,156.19,58.35,459.22
2026-09-01 21:15:45.589,100.0,30.0,54.0,29.3893,40.4508,86.6025,,1,0.25,427.64,156.29,58.22,459.01
2026-09-01 21:15:45.844,100.0,30.0,54.0,29.3893,40.4508,86.6025,,2,0.5,427.64,156.29,58.22,459.01
2026-09-01 21:15:46.099,100.0,30.0,54.0,29.3893,40.4508,86.6025,,3,0.75,427.6,156.29,58.24,458.97
2026-09-01 21:15:46.354,100.0,30.0,54.0,29.3893,40.4508,86.6025,,4,1.0,427.6,156.29,58.24,458.97
2026-09-01 21:15:46.594,100.0,30.0,54.0,29.3893,40.4508,86.6025,,5,1.25,427.63,156.32,58.24,459.01
2026-09-01 21:15:53.226,100.0,30.0,60.0,25.0,43.3013,86.6025,,1,0.25,427.47,156.23,58.19,458.82
2026-09-01 21:15:53.465,100.0,30.0,60.0,25.0,43.3013,86.6025,,2,0.5,427.42,156.26,58.16,458.78
2026-09-01 21:15:55.968,100.0,30.0,60.0,25.0,43.3013,86.6025,,3,0.75,427.42,156.26,58.16,458.78
2026-09-01 21:15:56.223,100.0,30.0,60.0,25.0,43.3013,86.6025,,4,1.0,427.42,156.26,58.16,458.78
2026-09-01 21:15:56.478,100.0,30.0,60.0,25.0,43.3013,86.6025,,5,1.25,427.4,156.26,58.17,458.77
2026-09-01 21:16:03.094,100.0,30.0,66.0,20.3368,45.6773,86.6025,,1,0.25,427.22,156.39,58.1,458.63
2026-09-01 21:16:03.349,100.0,30.0,66.0,20.3368,45.6773,86.6025,,2,0.5,427.22,156.39,58.1,458.63
2026-09-01 21:16:03.604,100.0,30.0,66.0,20.3368,45.6773,86.6025,,3,0.75,427.25,156.36,58.1,458.65
2026-09-01 21:16:03.843,100.0,30.0,66.0,20.3368,45.6773,86.6025,,4,1.0,427.25,156.36,58.1,458.65
2026-09-01 21:16:04.098,100.0,30.0,66.0,20.3368,45.6773,86.6025,,5,1.25,427.27,156.36,58.1,458.67
2026-09-01 21:16:10.714,100.0,30.0,72.0,15.4508,47.5528,86.6025,,1,0.25,426.96,156.48,57.98,458.41
2026-09-01 21:16:13.217,100.0,30.0,72.0,15.4508,47.5528,86.6025,,2,0.5,426.96,156.48,57.98,458.41
2026-09-01 21:16:13.472,100.0,30.0,72.0,15.4508,47.5528,86.6025,,3,0.75,426.97,156.48,57.97,458.42
2026-09-01 21:16:13.728,100.0,30.0,72.0,15.4508,47.5528,86.6025,,4,1.0,426.97,156.48,57.97,458.42
2026-09-01 21:16:13.967,100.0,30.0,72.0,15.4508,47.5528,86.6025,,5,1.25,427.0,156.49,57.99,458.45
2026-09-01 21:16:20.599,100.0,30.0,78.0,10.3956,48.9074,86.6025,,1,0.25,426.84,156.71,57.93,458.37
2026-09-01 21:16:20.854,100.0,30.0,78.0,10.3956,48.9074,86.6025,,2,0.5,426.84,156.71,57.93,458.37
2026-09-01 21:16:21.093,100.0,30.0,78.0,10.3956,48.9074,86.6025,,3,0.75,426.82,156.7,57.95,458.35
2026-09-01 21:16:21.348,100.0,30.0,78.0,10.3956,48.9074,86.6025,,4,1.0,426.82,156.7,57.95,458.35
2026-09-01 21:16:21.603,100.0,30.0,78.0,10.3956,48.9074,86.6025,,5,1.25,426.82,156.72,57.92,458.35
2026-09-01 21:16:28.219,100.0,30.0,84.0,5.2264,49.7261,86.6025,,1,0.25,426.73,156.85,57.95,458.32
2026-09-01 21:16:28.474,100.0,30.0,84.0,5.2264,49.7261,86.6025,,2,0.5,426.73,156.85,57.95,458.32
2026-09-01 21:16:28.729,100.0,30.0,84.0,5.2264,49.7261,86.6025,,3,0.75,426.73,156.85,57.95,458.32
2026-09-01 21:16:28.968,100.0,30.0,84.0,5.2264,49.7261,86.6025,,4,1.0,426.67,156.85,57.93,458.26
2026-09-01 21:16:29.223,100.0,30.0,84.0,5.2264,49.7261,86.6025,,5,1.25,426.67,156.85,57.93,458.26
2026-09-01 21:16:35.839,100.0,30.0,90.0,0.0,50.0,86.6025,,1,0.25,426.62,157.14,57.81,458.3
2026-09-01 21:16:36.095,100.0,30.0,90.0,0.0,50.0,86.6025,,2,0.5,426.61,157.17,57.83,458.3
2026-09-01 21:16:36.350,100.0,30.0,90.0,0.0,50.0,86.6025,,3,0.75,426.61,157.17,57.83,458.3
2026-09-01 21:16:36.589,100.0,30.0,90.0,0.0,50.0,86.6025,,4,1.0,426.59,157.16,57.83,458.28
2026-09-01 21:16:36.844,100.0,30.0,90.0,0.0,50.0,86.6025,,5,1.25,426.59,157.16,57.83,458.28
2026-09-01 21:16:43.476,100.0,30.0,96.0,-5.2264,49.7261,86.6025,,1,0.25,426.43,157.53,57.67,458.24
2026-09-01 21:16:43.715,100.0,30.0,96.0,-5.2264,49.7261,86.6025,,2,0.5,426.43,157.52,57.69,458.23
2026-09-01 21:16:43.970,100.0,30.0,96.0,-5.2264,49.7261,86.6025,,3,0.75,426.43,157.52,57.69,458.23
2026-09-01 21:16:44.225,100.0,30.0,96.0,-5.2264,49.7261,86.6025,,4,1.0,426.43,157.52,57.68,458.23
2026-09-01 21:16:44.464,100.0,30.0,96.0,-5.2264,49.7261,86.6025,,5,1.25,426.39,157.54,57.69,458.2
2026-09-01 21:16:53.344,100.0,30.0,102.0,-10.3956,48.9074,86.6025,,1,0.25,426.33,157.87,57.55,458.24
2026-09-01 21:16:53.599,100.0,30.0,102.0,-10.3956,48.9074,86.6025,,2,0.5,426.35,157.88,57.56,458.27
2026-09-01 21:16:53.854,100.0,30.0,102.0,-10.3956,48.9074,86.6025,,3,0.75,426.35,157.88,57.56,458.27
2026-09-01 21:16:54.094,100.0,30.0,102.0,-10.3956,48.9074,86.6025,,4,1.0,426.33,157.88,57.55,458.25
2026-09-01 21:16:54.349,100.0,30.0,102.0,-10.3956,48.9074,86.6025,,5,1.25,426.33,157.88,57.55,458.25
2026-09-01 21:17:00.965,100.0,30.0,108.0,-15.4508,47.5528,86.6025,,1,0.25,426.28,158.12,57.53,458.28
2026-09-01 21:17:03.468,100.0,30.0,108.0,-15.4508,47.5528,86.6025,,2,0.5,426.32,158.13,57.53,458.32
2026-09-01 21:17:03.723,100.0,30.0,108.0,-15.4508,47.5528,86.6025,,3,0.75,426.32,158.13,57.53,458.32
2026-09-01 21:17:03.978,100.0,30.0,108.0,-15.4508,47.5528,86.6025,,4,1.0,426.32,158.13,57.52,458.32
2026-09-01 21:17:04.217,100.0,30.0,108.0,-15.4508,47.5528,86.6025,,5,1.25,426.32,158.13,57.52,458.32
2026-09-01 21:17:10.849,100.0,30.0,114.0,-20.3368,45.6773,86.6025,,1,0.25,426.48,158.22,57.53,458.5
2026-09-01 21:17:11.104,100.0,30.0,114.0,-20.3368,45.6773,86.6025,,2,0.5,426.45,158.22,57.54,458.48
2026-09-01 21:17:11.343,100.0,30.0,114.0,-20.3368,45.6773,86.6025,,3,0.75,426.45,158.22,57.54,458.48
2026-09-01 21:17:11.598,100.0,30.0,114.0,-20.3368,45.6773,86.6025,,4,1.0,426.45,158.22,57.55,458.48
2026-09-01 21:17:11.853,100.0,30.0,114.0,-20.3368,45.6773,86.6025,,5,1.25,426.45,158.22,57.55,458.48
2026-09-01 21:17:18.469,100.0,30.0,120.0,-25.0,43.3013,86.6025,,1,0.25,426.48,158.62,57.48,458.63
2026-09-01 21:17:18.724,100.0,30.0,120.0,-25.0,43.3013,86.6025,,2,0.5,426.48,158.62,57.48,458.63
2026-09-01 21:17:18.979,100.0,30.0,120.0,-25.0,43.3013,86.6025,,3,0.75,426.5,158.61,57.48,458.65
2026-09-01 21:17:19.218,100.0,30.0,120.0,-25.0,43.3013,86.6025,,4,1.0,426.5,158.61,57.48,458.65
2026-09-01 21:17:19.474,100.0,30.0,120.0,-25.0,43.3013,86.6025,,5,1.25,426.53,158.61,57.48,458.68
2026-09-01 21:17:26.090,100.0,30.0,126.0,-29.3893,40.4508,86.6025,,1,0.25,426.66,158.93,57.48,458.91
2026-09-01 21:17:26.345,100.0,30.0,126.0,-29.3893,40.4508,86.6025,,2,0.5,426.66,158.93,57.48,458.91
2026-09-01 21:17:26.600,100.0,30.0,126.0,-29.3893,40.4508,86.6025,,3,0.75,426.68,158.93,57.47,458.93
2026-09-01 21:17:26.839,100.0,30.0,126.0,-29.3893,40.4508,86.6025,,4,1.0,426.68,158.93,57.47,458.93
2026-09-01 21:17:27.094,100.0,30.0,126.0,-29.3893,40.4508,86.6025,,5,1.25,426.72,158.94,57.47,458.97
2026-09-01 21:17:33.726,100.0,30.0,132.0,-33.4565,37.1572,86.6025,,1,0.25,427.03,158.73,57.53,459.19
2026-09-01 21:17:33.965,100.0,30.0,132.0,-33.4565,37.1572,86.6025,,2,0.5,427.03,158.73,57.53,459.19
2026-09-01 21:17:34.220,100.0,30.0,132.0,-33.4565,37.1572,86.6025,,3,0.75,427.03,158.73,57.53,459.19
2026-09-01 21:17:34.475,100.0,30.0,132.0,-33.4565,37.1572,86.6025,,4,1.0,427.09,158.73,57.52,459.24
2026-09-01 21:17:34.714,100.0,30.0,132.0,-33.4565,37.1572,86.6025,,5,1.25,427.11,158.73,57.52,459.26
2026-09-01 21:17:43.594,100.0,30.0,138.0,-37.1572,33.4565,86.6025,,1,0.25,427.16,159.17,57.51,459.46
2026-09-01 21:17:43.849,100.0,30.0,138.0,-37.1572,33.4565,86.6025,,2,0.5,427.16,159.17,57.51,459.46
2026-09-01 21:17:44.088,100.0,30.0,138.0,-37.1572,33.4565,86.6025,,3,0.75,427.13,159.17,57.51,459.43
2026-09-01 21:17:44.344,100.0,30.0,138.0,-37.1572,33.4565,86.6025,,4,1.0,427.13,159.17,57.51,459.43
2026-09-01 21:17:44.599,100.0,30.0,138.0,-37.1572,33.4565,86.6025,,5,1.25,427.17,159.16,57.5,459.46
2026-09-01 21:17:51.215,100.0,30.0,144.0,-40.4508,29.3893,86.6025,,1,0.25,427.57,159.03,57.58,459.8
2026-09-01 21:17:53.718,100.0,30.0,144.0,-40.4508,29.3893,86.6025,,2,0.5,427.57,159.03,57.58,459.8
2026-09-01 21:17:53.973,100.0,30.0,144.0,-40.4508,29.3893,86.6025,,3,0.75,427.56,159.03,57.57,459.79
2026-09-01 21:17:54.228,100.0,30.0,144.0,-40.4508,29.3893,86.6025,,4,1.0,427.56,159.03,57.57,459.79
2026-09-01 21:17:54.467,100.0,30.0,144.0,-40.4508,29.3893,86.6025,,5,1.25,427.56,159.02,57.58,459.79
2026-09-01 21:18:01.099,100.0,30.0,150.0,-43.3013,25.0,86.6025,,1,0.25,427.74,159.13,57.61,460.0
2026-09-01 21:18:01.354,100.0,30.0,150.0,-43.3013,25.0,86.6025,,2,0.5,427.74,159.13,57.61,460.0
2026-09-01 21:18:01.593,100.0,30.0,150.0,-43.3013,25.0,86.6025,,3,0.75,427.68,159.13,57.61,459.94
2026-09-01 21:18:01.848,100.0,30.0,150.0,-43.3013,25.0,86.6025,,4,1.0,427.68,159.13,57.61,459.94
2026-09-01 21:18:02.103,100.0,30.0,150.0,-43.3013,25.0,86.6025,,5,1.25,427.68,159.13,57.61,459.94
2026-09-01 21:18:08.719,100.0,30.0,156.0,-45.6773,20.3368,86.6025,,1,0.25,427.95,159.29,57.59,460.25
2026-09-01 21:18:08.974,100.0,30.0,156.0,-45.6773,20.3368,86.6025,,2,0.5,427.93,159.28,57.6,460.23
2026-09-01 21:18:09.213,100.0,30.0,156.0,-45.6773,20.3368,86.6025,,3,0.75,427.96,159.28,57.6,460.25
2026-09-01 21:18:11.716,100.0,30.0,156.0,-45.6773,20.3368,86.6025,,4,1.0,427.96,159.28,57.6,460.25
2026-09-01 21:18:11.972,100.0,30.0,156.0,-45.6773,20.3368,86.6025,,5,1.25,427.94,159.29,57.59,460.24
2026-09-01 21:18:18.603,100.0,30.0,162.0,-47.5528,15.4508,86.6025,,1,0.25,428.28,159.12,57.65,460.5
2026-09-01 21:18:18.843,100.0,30.0,162.0,-47.5528,15.4508,86.6025,,2,0.5,428.28,159.12,57.65,460.5
2026-09-01 21:18:19.098,100.0,30.0,162.0,-47.5528,15.4508,86.6025,,3,0.75,428.28,159.12,57.65,460.5
2026-09-01 21:18:19.353,100.0,30.0,162.0,-47.5528,15.4508,86.6025,,4,1.0,428.31,159.12,57.65,460.53
2026-09-01 21:18:19.592,100.0,30.0,162.0,-47.5528,15.4508,86.6025,,5,1.25,428.31,159.12,57.65,460.53
2026-09-01 21:18:26.224,100.0,30.0,168.0,-48.9074,10.3956,86.6025,,1,0.25,428.44,159.03,57.72,460.63
2026-09-01 21:18:26.479,100.0,30.0,168.0,-48.9074,10.3956,86.6025,,2,0.5,428.48,159.04,57.73,460.67
2026-09-01 21:18:26.718,100.0,30.0,168.0,-48.9074,10.3956,86.6025,,3,0.75,428.48,159.04,57.73,460.67
2026-09-01 21:18:26.973,100.0,30.0,168.0,-48.9074,10.3956,86.6025,,4,1.0,428.49,159.03,57.72,460.67
2026-09-01 21:18:27.228,100.0,30.0,168.0,-48.9074,10.3956,86.6025,,5,1.25,428.49,159.03,57.72,460.67
2026-09-01 21:18:33.844,100.0,30.0,174.0,-49.7261,5.2264,86.6025,,1,0.25,428.7,158.79,57.75,460.79
2026-09-01 21:18:34.099,100.0,30.0,174.0,-49.7261,5.2264,86.6025,,2,0.5,428.74,158.78,57.76,460.83
2026-09-01 21:18:34.338,100.0,30.0,174.0,-49.7261,5.2264,86.6025,,3,0.75,428.74,158.78,57.76,460.83
2026-09-01 21:18:34.593,100.0,30.0,174.0,-49.7261,5.2264,86.6025,,4,1.0,428.69,158.78,57.75,460.78
2026-09-01 21:18:34.849,100.0,30.0,174.0,-49.7261,5.2264,86.6025,,5,1.25,428.69,158.78,57.75,460.78
2026-09-01 21:18:41.465,100.0,30.0,180.0,-50.0,0.0,86.6025,,1,0.25,428.86,158.63,57.8,460.89
2026-09-01 21:18:41.720,100.0,30.0,180.0,-50.0,0.0,86.6025,,2,0.5,428.86,158.63,57.8,460.89
2026-09-01 21:18:41.975,100.0,30.0,180.0,-50.0,0.0,86.6025,,3,0.75,428.89,158.63,57.8,460.92
2026-09-01 21:18:42.214,100.0,30.0,180.0,-50.0,0.0,86.6025,,4,1.0,428.89,158.63,57.8,460.92
2026-09-01 21:18:42.469,100.0,30.0,180.0,-50.0,0.0,86.6025,,5,1.25,428.84,158.61,57.8,460.87
2026-09-01 21:18:49.101,100.0,30.0,186.0,-49.7261,-5.2264,86.6025,,1,0.25,428.99,158.24,57.86,460.89
2026-09-01 21:18:49.340,100.0,30.0,186.0,-49.7261,-5.2264,86.6025,,2,0.5,428.99,158.24,57.86,460.89
2026-09-01 21:18:49.595,100.0,30.0,186.0,-49.7261,-5.2264,86.6025,,3,0.75,429.01,158.25,57.86,460.91
2026-09-01 21:18:49.850,100.0,30.0,186.0,-49.7261,-5.2264,86.6025,,4,1.0,429.01,158.25,57.86,460.91
2026-09-01 21:18:50.089,100.0,30.0,186.0,-49.7261,-5.2264,86.6025,,5,1.25,429.02,158.24,57.85,460.91
2026-09-01 21:18:56.721,100.0,30.0,192.0,-48.9074,-10.3956,86.6025,,1,0.25,428.96,158.08,57.92,460.81
2026-09-01 21:18:56.976,100.0,30.0,192.0,-48.9074,-10.3956,86.6025,,2,0.5,428.97,158.1,57.92,460.83
2026-09-01 21:18:57.216,100.0,30.0,192.0,-48.9074,-10.3956,86.6025,,3,0.75,428.97,158.1,57.92,460.83
2026-09-01 21:18:57.471,100.0,30.0,192.0,-48.9074,-10.3956,86.6025,,4,1.0,428.95,158.09,57.92,460.8
2026-09-01 21:18:57.726,100.0,30.0,192.0,-48.9074,-10.3956,86.6025,,5,1.25,428.95,158.09,57.92,460.8
2026-09-01 21:19:04.342,100.0,30.0,198.0,-47.5528,-15.4508,86.6025,,1,0.25,428.98,157.86,57.9,460.75
2026-09-01 21:19:04.597,100.0,30.0,198.0,-47.5528,-15.4508,86.6025,,2,0.5,428.97,157.86,57.9,460.74
2026-09-01 21:19:04.852,100.0,30.0,198.0,-47.5528,-15.4508,86.6025,,3,0.75,428.97,157.86,57.9,460.74
2026-09-01 21:19:05.091,100.0,30.0,198.0,-47.5528,-15.4508,86.6025,,4,1.0,429.01,157.88,57.91,460.79
2026-09-01 21:19:05.346,100.0,30.0,198.0,-47.5528,-15.4508,86.6025,,5,1.25,429.01,157.88,57.91,460.79
2026-09-01 21:19:11.978,100.0,30.0,204.0,-45.6773,-20.3368,86.6025,,1,0.25,428.9,157.63,57.94,460.6
2026-09-01 21:19:12.217,100.0,30.0,204.0,-45.6773,-20.3368,86.6025,,2,0.5,428.93,157.65,57.95,460.64
2026-09-01 21:19:12.472,100.0,30.0,204.0,-45.6773,-20.3368,86.6025,,3,0.75,428.93,157.65,57.95,460.64
2026-09-01 21:19:12.727,100.0,30.0,204.0,-45.6773,-20.3368,86.6025,,4,1.0,428.93,157.65,57.95,460.64
2026-09-01 21:19:12.966,100.0,30.0,204.0,-45.6773,-20.3368,86.6025,,5,1.25,428.93,157.64,57.95,460.64
2026-09-01 21:19:19.598,100.0,30.0,210.0,-43.3013,-25.0,86.6025,,1,0.25,428.81,157.53,57.96,460.49
2026-09-01 21:19:19.853,100.0,30.0,210.0,-43.3013,-25.0,86.6025,,2,0.5,428.81,157.53,57.96,460.49
2026-09-01 21:19:20.093,100.0,30.0,210.0,-43.3013,-25.0,86.6025,,3,0.75,428.82,157.51,57.96,460.49
2026-09-01 21:19:20.348,100.0,30.0,210.0,-43.3013,-25.0,86.6025,,4,1.0,428.82,157.51,57.96,460.49
2026-09-01 21:19:20.603,100.0,30.0,210.0,-43.3013,-25.0,86.6025,,5,1.25,428.77,157.5,57.96,460.44
2026-09-01 21:19:27.219,100.0,30.0,216.0,-40.4508,-29.3893,86.6025,,1,0.25,428.81,157.21,58.02,460.39
2026-09-01 21:19:27.474,100.0,30.0,216.0,-40.4508,-29.3893,86.6025,,2,0.5,428.81,157.21,58.02,460.39
2026-09-01 21:19:27.713,100.0,30.0,216.0,-40.4508,-29.3893,86.6025,,3,0.75,428.74,157.19,58.02,460.31
2026-09-01 21:19:30.216,100.0,30.0,216.0,-40.4508,-29.3893,86.6025,,4,1.0,428.74,157.19,58.02,460.31
2026-09-01 21:19:30.471,100.0,30.0,216.0,-40.4508,-29.3893,86.6025,,5,1.25,428.73,157.21,58.01,460.31
2026-09-01 21:19:37.103,100.0,30.0,222.0,-37.1572,-33.4565,86.6025,,1,0.25,428.55,157.1,58.01,460.1
2026-09-01 21:19:37.342,100.0,30.0,222.0,-37.1572,-33.4565,86.6025,,2,0.5,428.55,157.1,58.01,460.1
2026-09-01 21:19:37.597,100.0,30.0,222.0,-37.1572,-33.4565,86.6025,,3,0.75,428.52,157.1,57.99,460.07
2026-09-01 21:19:37.852,100.0,30.0,222.0,-37.1572,-33.4565,86.6025,,4,1.0,428.52,157.1,57.99,460.07
2026-09-01 21:19:38.091,100.0,30.0,222.0,-37.1572,-33.4565,86.6025,,5,1.25,428.54,157.11,58.02,460.1
2026-09-01 21:19:44.723,100.0,30.0,228.0,-33.4565,-37.1572,86.6025,,1,0.25,428.34,157.07,57.97,459.89
2026-09-01 21:19:44.962,100.0,30.0,228.0,-33.4565,-37.1572,86.6025,,2,0.5,428.34,157.08,57.97,459.9
2026-09-01 21:19:47.465,100.0,30.0,228.0,-33.4565,-37.1572,86.6025,,3,0.75,428.36,157.07,57.98,459.91
2026-09-01 21:19:47.721,100.0,30.0,228.0,-33.4565,-37.1572,86.6025,,4,1.0,428.36,157.07,57.98,459.91
2026-09-01 21:19:47.976,100.0,30.0,228.0,-33.4565,-37.1572,86.6025,,5,1.25,428.34,157.07,57.97,459.89
2026-09-01 21:19:54.592,100.0,30.0,234.0,-29.3893,-40.4508,86.6025,,1,0.25,428.22,156.96,57.92,459.74
2026-09-01 21:19:54.847,100.0,30.0,234.0,-29.3893,-40.4508,86.6025,,2,0.5,428.22,156.96,57.92,459.74
2026-09-01 21:19:55.102,100.0,30.0,234.0,-29.3893,-40.4508,86.6025,,3,0.75,428.15,156.96,57.92,459.67
2026-09-01 21:19:55.341,100.0,30.0,234.0,-29.3893,-40.4508,86.6025,,4,1.0,428.15,156.96,57.92,459.67
2026-09-01 21:19:55.596,100.0,30.0,234.0,-29.3893,-40.4508,86.6025,,5,1.25,428.19,156.93,57.92,459.7
2026-09-01 21:20:02.228,100.0,30.0,240.0,-25.0,-43.3013,86.6025,,1,0.25,427.96,157.05,57.89,459.52
2026-09-01 21:20:02.467,100.0,30.0,240.0,-25.0,-43.3013,86.6025,,2,0.5,427.94,157.04,57.89,459.5
2026-09-01 21:20:02.722,100.0,30.0,240.0,-25.0,-43.3013,86.6025,,3,0.75,427.94,157.04,57.89,459.5
2026-09-01 21:20:02.977,100.0,30.0,240.0,-25.0,-43.3013,86.6025,,4,1.0,427.92,157.03,57.9,459.48
2026-09-01 21:20:03.216,100.0,30.0,240.0,-25.0,-43.3013,86.6025,,5,1.25,427.92,157.03,57.9,459.48
2026-09-01 21:20:09.848,100.0,30.0,246.0,-20.3368,-45.6773,86.6025,,1,0.25,427.7,157.01,57.93,459.27
2026-09-01 21:20:10.087,100.0,30.0,246.0,-20.3368,-45.6773,86.6025,,2,0.5,427.72,156.99,57.94,459.28
2026-09-01 21:20:10.342,100.0,30.0,246.0,-20.3368,-45.6773,86.6025,,3,0.75,427.72,156.99,57.94,459.28
2026-09-01 21:20:10.597,100.0,30.0,246.0,-20.3368,-45.6773,86.6025,,4,1.0,427.72,157.0,57.93,459.29
2026-09-01 21:20:10.853,100.0,30.0,246.0,-20.3368,-45.6773,86.6025,,5,1.25,427.72,157.0,57.93,459.29
2026-09-01 21:20:17.469,100.0,30.0,252.0,-15.4508,-47.5528,86.6025,,1,0.25,427.5,157.12,57.87,459.12
2026-09-01 21:20:17.724,100.0,30.0,252.0,-15.4508,-47.5528,86.6025,,2,0.5,427.5,157.12,57.87,459.12
2026-09-01 21:20:17.963,100.0,30.0,252.0,-15.4508,-47.5528,86.6025,,3,0.75,427.5,157.12,57.87,459.12
2026-09-01 21:20:20.466,100.0,30.0,252.0,-15.4508,-47.5528,86.6025,,4,1.0,427.45,157.12,57.88,459.07
2026-09-01 21:20:20.721,100.0,30.0,252.0,-15.4508,-47.5528,86.6025,,5,1.25,427.45,157.12,57.88,459.07
2026-09-01 21:20:27.353,100.0,30.0,258.0,-10.3956,-48.9074,86.6025,,1,0.25,427.4,157.21,57.91,459.06
2026-09-01 21:20:27.592,100.0,30.0,258.0,-10.3956,-48.9074,86.6025,,2,0.5,427.38,157.21,57.9,459.04
2026-09-01 21:20:27.847,100.0,30.0,258.0,-10.3956,-48.9074,86.6025,,3,0.75,427.38,157.21,57.9,459.04
2026-09-01 21:20:28.102,100.0,30.0,258.0,-10.3956,-48.9074,86.6025,,4,1.0,427.39,157.22,57.91,459.05
2026-09-01 21:20:28.341,100.0,30.0,258.0,-10.3956,-48.9074,86.6025,,5,1.25,427.39,157.22,57.91,459.05
2026-09-01 21:20:34.973,100.0,30.0,264.0,-5.2264,-49.7261,86.6025,,1,0.25,427.29,157.3,57.95,458.99
2026-09-01 21:20:35.212,100.0,30.0,264.0,-5.2264,-49.7261,86.6025,,2,0.5,427.26,157.3,57.96,458.97
2026-09-01 21:20:37.715,100.0,30.0,264.0,-5.2264,-49.7261,86.6025,,3,0.75,427.26,157.3,57.96,458.97
2026-09-01 21:20:37.970,100.0,30.0,264.0,-5.2264,-49.7261,86.6025,,4,1.0,427.27,157.29,57.96,458.97
2026-09-01 21:20:38.225,100.0,30.0,264.0,-5.2264,-49.7261,86.6025,,5,1.25,427.27,157.29,57.96,458.97
2026-09-01 21:20:44.841,100.0,30.0,270.0,-0.0,-50.0,86.6025,,1,0.25,427.22,157.5,57.96,459.0
2026-09-01 21:20:45.096,100.0,30.0,270.0,-0.0,-50.0,86.6025,,2,0.5,427.14,157.49,57.96,458.92
2026-09-01 21:20:45.351,100.0,30.0,270.0,-0.0,-50.0,86.6025,,3,0.75,427.14,157.49,57.96,458.92
2026-09-01 21:20:45.591,100.0,30.0,270.0,-0.0,-50.0,86.6025,,4,1.0,427.14,157.49,57.96,458.92
2026-09-01 21:20:45.846,100.0,30.0,270.0,-0.0,-50.0,86.6025,,5,1.25,427.14,157.48,57.95,458.91
2026-09-01 21:20:52.478,100.0,30.0,276.0,5.2264,-49.7261,86.6025,,1,0.25,427.12,157.53,58.01,458.92
2026-09-01 21:20:52.717,100.0,30.0,276.0,5.2264,-49.7261,86.6025,,2,0.5,427.12,157.53,58.01,458.92
2026-09-01 21:20:52.972,100.0,30.0,276.0,5.2264,-49.7261,86.6025,,3,0.75,427.11,157.54,58.01,458.91
2026-09-01 21:20:53.227,100.0,30.0,276.0,5.2264,-49.7261,86.6025,,4,1.0,427.11,157.54,58.01,458.91
2026-09-01 21:20:53.466,100.0,30.0,276.0,5.2264,-49.7261,86.6025,,5,1.25,427.11,157.55,58.03,458.92
2026-09-01 21:21:00.098,100.0,30.0,282.0,10.3956,-48.9074,86.6025,,1,0.25,427.17,157.73,58.04,459.04
2026-09-01 21:21:00.337,100.0,30.0,282.0,10.3956,-48.9074,86.6025,,2,0.5,427.17,157.73,58.04,459.04
2026-09-01 21:21:00.592,100.0,30.0,282.0,10.3956,-48.9074,86.6025,,3,0.75,427.14,157.72,58.03,459.01
2026-09-01 21:21:00.847,100.0,30.0,282.0,10.3956,-48.9074,86.6025,,4,1.0,427.14,157.72,58.03,459.01
2026-09-01 21:21:01.102,100.0,30.0,282.0,10.3956,-48.9074,86.6025,,5,1.25,427.14,157.72,58.03,459.01
2026-09-01 21:21:07.718,100.0,30.0,288.0,15.4508,-47.5528,86.6025,,1,0.25,427.19,157.77,58.0,459.07
2026-09-01 21:21:07.973,100.0,30.0,288.0,15.4508,-47.5528,86.6025,,2,0.5,427.17,157.76,58.0,459.04
2026-09-01 21:21:08.212,100.0,30.0,288.0,15.4508,-47.5528,86.6025,,3,0.75,427.18,157.76,58.0,459.05
2026-09-01 21:21:10.715,100.0,30.0,288.0,15.4508,-47.5528,86.6025,,4,1.0,427.18,157.76,58.0,459.05
2026-09-01 21:21:10.971,100.0,30.0,288.0,15.4508,-47.5528,86.6025,,5,1.25,427.17,157.76,57.99,459.04
2026-09-01 21:21:17.602,100.0,30.0,294.0,20.3368,-45.6773,86.6025,,1,0.25,427.25,158.03,58.11,459.23
2026-09-01 21:21:17.842,100.0,30.0,294.0,20.3368,-45.6773,86.6025,,2,0.5,427.25,158.03,58.11,459.23
2026-09-01 21:21:18.097,100.0,30.0,294.0,20.3368,-45.6773,86.6025,,3,0.75,427.25,158.03,58.11,459.23
2026-09-01 21:21:18.352,100.0,30.0,294.0,20.3368,-45.6773,86.6025,,4,1.0,427.2,158.05,58.1,459.18
2026-09-01 21:21:18.591,100.0,30.0,294.0,20.3368,-45.6773,86.6025,,5,1.25,427.2,158.05,58.1,459.18
2026-09-01 21:21:25.223,100.0,30.0,300.0,25.0,-43.3013,86.6025,,1,0.25,427.28,158.18,58.09,459.3
2026-09-01 21:21:25.462,100.0,30.0,300.0,25.0,-43.3013,86.6025,,2,0.5,427.44,158.22,58.06,459.46
2026-09-01 21:21:27.965,100.0,30.0,300.0,25.0,-43.3013,86.6025,,3,0.75,427.41,158.19,58.07,459.42
2026-09-01 21:21:28.220,100.0,30.0,300.0,25.0,-43.3013,86.6025,,4,1.0,427.41,158.19,58.07,459.42
2026-09-01 21:21:28.475,100.0,30.0,300.0,25.0,-43.3013,86.6025,,5,1.25,427.34,158.17,58.06,459.35
2026-09-01 21:21:35.091,100.0,30.0,306.0,29.3893,-40.4508,86.6025,,1,0.25,427.43,158.48,58.09,459.55
2026-09-01 21:21:35.346,100.0,30.0,306.0,29.3893,-40.4508,86.6025,,2,0.5,427.41,158.49,58.09,459.53
2026-09-01 21:21:35.601,100.0,30.0,306.0,29.3893,-40.4508,86.6025,,3,0.75,427.41,158.49,58.09,459.53
2026-09-01 21:21:35.840,100.0,30.0,306.0,29.3893,-40.4508,86.6025,,4,1.0,427.4,158.48,58.08,459.52
2026-09-01 21:21:36.095,100.0,30.0,306.0,29.3893,-40.4508,86.6025,,5,1.25,427.4,158.48,58.08,459.52
2026-09-01 21:21:42.712,100.0,30.0,312.0,33.4565,-37.1572,86.6025,,1,0.25,427.7,158.45,58.22,459.8
2026-09-01 21:21:45.215,100.0,30.0,312.0,33.4565,-37.1572,86.6025,,2,0.5,427.7,158.45,58.22,459.8
2026-09-01 21:21:45.470,100.0,30.0,312.0,33.4565,-37.1572,86.6025,,3,0.75,427.69,158.44,58.23,459.79
2026-09-01 21:21:45.725,100.0,30.0,312.0,33.4565,-37.1572,86.6025,,4,1.0,427.69,158.44,58.23,459.79
2026-09-01 21:21:45.964,100.0,30.0,312.0,33.4565,-37.1572,86.6025,,5,1.25,427.69,158.44,58.23,459.79
2026-09-01 21:21:52.596,100.0,30.0,318.0,37.1572,-33.4565,86.6025,,1,0.25,427.85,158.43,58.29,459.94
2026-09-01 21:21:52.851,100.0,30.0,318.0,37.1572,-33.4565,86.6025,,2,0.5,427.87,158.43,58.28,459.96
2026-09-01 21:21:53.090,100.0,30.0,318.0,37.1572,-33.4565,86.6025,,3,0.75,427.87,158.43,58.28,459.96
2026-09-01 21:21:53.345,100.0,30.0,318.0,37.1572,-33.4565,86.6025,,4,1.0,427.83,158.44,58.28,459.93
2026-09-01 21:21:53.600,100.0,30.0,318.0,37.1572,-33.4565,86.6025,,5,1.25,427.83,158.44,58.28,459.93
2026-09-01 21:22:00.216,100.0,30.0,324.0,40.4508,-29.3893,86.6025,,1,0.25,428.01,158.49,58.31,460.12
2026-09-01 21:22:00.471,100.0,30.0,324.0,40.4508,-29.3893,86.6025,,2,0.5,428.02,158.47,58.31,460.12
2026-09-01 21:22:00.726,100.0,30.0,324.0,40.4508,-29.3893,86.6025,,3,0.75,428.02,158.47,58.31,460.12
2026-09-01 21:22:00.966,100.0,30.0,324.0,40.4508,-29.3893,86.6025,,4,1.0,427.93,158.46,58.31,460.03
2026-09-01 21:22:01.221,100.0,30.0,324.0,40.4508,-29.3893,86.6025,,5,1.25,427.93,158.46,58.31,460.03
2026-09-01 21:22:07.837,100.0,30.0,330.0,43.3013,-25.0,86.6025,,1,0.25,428.14,158.4,58.36,460.21
2026-09-01 21:22:08.092,100.0,30.0,330.0,43.3013,-25.0,86.6025,,2,0.5,428.14,158.4,58.36,460.21
2026-09-01 21:22:08.347,100.0,30.0,330.0,43.3013,-25.0,86.6025,,3,0.75,428.17,158.38,58.36,460.23
2026-09-01 21:22:08.602,100.0,30.0,330.0,43.3013,-25.0,86.6025,,4,1.0,428.17,158.38,58.36,460.23
2026-09-01 21:22:08.841,100.0,30.0,330.0,43.3013,-25.0,86.6025,,5,1.25,428.14,158.38,58.35,460.2
2026-09-01 21:22:15.473,100.0,30.0,336.0,45.6773,-20.3368,86.6025,,1,0.25,428.29,158.41,58.36,460.36
2026-09-01 21:22:15.712,100.0,30.0,336.0,45.6773,-20.3368,86.6025,,2,0.5,428.28,158.42,58.35,460.35
2026-09-01 21:22:18.215,100.0,30.0,336.0,45.6773,-20.3368,86.6025,,3,0.75,428.28,158.42,58.35,460.35
2026-09-01 21:22:18.470,100.0,30.0,336.0,45.6773,-20.3368,86.6025,,4,1.0,428.28,158.42,58.35,460.35
2026-09-01 21:22:18.725,100.0,30.0,336.0,45.6773,-20.3368,86.6025,,5,1.25,428.31,158.41,58.35,460.37
2026-09-01 21:22:25.342,100.0,30.0,342.0,47.5528,-15.4508,86.6025,,1,0.25,428.56,158.18,58.39,460.53
2026-09-01 21:22:25.597,100.0,30.0,342.0,47.5528,-15.4508,86.6025,,2,0.5,428.56,158.18,58.39,460.53
2026-09-01 21:22:25.852,100.0,30.0,342.0,47.5528,-15.4508,86.6025,,3,0.75,428.58,158.2,58.39,460.56
2026-09-01 21:22:26.091,100.0,30.0,342.0,47.5528,-15.4508,86.6025,,4,1.0,428.58,158.2,58.39,460.56
2026-09-01 21:22:26.346,100.0,30.0,342.0,47.5528,-15.4508,86.6025,,5,1.25,428.55,158.2,58.38,460.53
2026-09-01 21:22:32.962,100.0,30.0,348.0,48.9074,-10.3956,86.6025,,1,0.25,428.63,157.97,58.45,460.53
2026-09-01 21:22:35.465,100.0,30.0,348.0,48.9074,-10.3956,86.6025,,2,0.5,428.63,157.97,58.45,460.53
2026-09-01 21:22:35.720,100.0,30.0,348.0,48.9074,-10.3956,86.6025,,3,0.75,428.64,157.98,58.45,460.55
2026-09-01 21:22:35.975,100.0,30.0,348.0,48.9074,-10.3956,86.6025,,4,1.0,428.64,157.98,58.45,460.55
2026-09-01 21:22:36.214,100.0,30.0,348.0,48.9074,-10.3956,86.6025,,5,1.25,428.69,157.99,58.45,460.59
2026-09-01 21:22:42.847,100.0,30.0,354.0,49.7261,-5.2264,86.6025,,1,0.25,428.79,157.76,58.52,460.62
2026-09-01 21:22:43.102,100.0,30.0,354.0,49.7261,-5.2264,86.6025,,2,0.5,428.79,157.76,58.52,460.62
2026-09-01 21:22:43.341,100.0,30.0,354.0,49.7261,-5.2264,86.6025,,3,0.75,428.8,157.75,58.51,460.62
2026-09-01 21:22:43.596,100.0,30.0,354.0,49.7261,-5.2264,86.6025,,4,1.0,428.8,157.75,58.51,460.62
2026-09-01 21:22:43.851,100.0,30.0,354.0,49.7261,-5.2264,86.6025,,5,1.25,428.86,157.76,58.51,460.68
2026-09-01 21:22:50.850,100.0,36.0,354.0,58.4565,-6.144,80.9017,,1,0.25,429.14,157.89,58.49,460.98
2026-09-01 21:22:51.089,100.0,36.0,354.0,58.4565,-6.144,80.9017,,2,0.5,429.11,157.91,58.49,460.96
2026-09-01 21:22:51.344,100.0,36.0,354.0,58.4565,-6.144,80.9017,,3,0.75,429.11,157.91,58.49,460.96
2026-09-01 21:22:51.599,100.0,36.0,354.0,58.4565,-6.144,80.9017,,4,1.0,429.14,157.87,58.49,460.98
2026-09-01 21:22:51.838,100.0,36.0,354.0,58.4565,-6.144,80.9017,,5,1.25,429.14,157.87,58.49,460.98
2026-09-01 21:22:58.598,100.0,36.0,348.0,57.4941,-12.2207,80.9017,,1,0.25,429.0,158.33,58.38,460.99
2026-09-01 21:22:58.837,100.0,36.0,348.0,57.4941,-12.2207,80.9017,,2,0.5,428.98,158.36,58.39,460.98
2026-09-01 21:22:59.092,100.0,36.0,348.0,57.4941,-12.2207,80.9017,,3,0.75,428.98,158.36,58.39,460.98
2026-09-01 21:22:59.347,100.0,36.0,348.0,57.4941,-12.2207,80.9017,,4,1.0,429.01,158.34,58.4,461.01
2026-09-01 21:22:59.602,100.0,36.0,348.0,57.4941,-12.2207,80.9017,,5,1.25,429.01,158.34,58.4,461.01
2026-09-01 21:23:06.345,100.0,36.0,342.0,55.9017,-18.1636,80.9017,,1,0.25,428.71,158.77,58.35,460.87
2026-09-01 21:23:06.600,100.0,36.0,342.0,55.9017,-18.1636,80.9017,,2,0.5,428.65,158.75,58.35,460.81
2026-09-01 21:23:06.840,100.0,36.0,342.0,55.9017,-18.1636,80.9017,,3,0.75,428.65,158.75,58.35,460.81
2026-09-01 21:23:07.095,100.0,36.0,342.0,55.9017,-18.1636,80.9017,,4,1.0,428.63,158.75,58.35,460.79
2026-09-01 21:23:07.350,100.0,36.0,342.0,55.9017,-18.1636,80.9017,,5,1.25,428.63,158.75,58.35,460.79
2026-09-01 21:23:14.093,100.0,36.0,336.0,53.6969,-23.9074,80.9017,,1,0.25,428.41,158.96,58.26,460.64
2026-09-01 21:23:14.348,100.0,36.0,336.0,53.6969,-23.9074,80.9017,,2,0.5,428.42,158.96,58.27,460.65
2026-09-01 21:23:14.588,100.0,36.0,336.0,53.6969,-23.9074,80.9017,,3,0.75,428.42,158.96,58.27,460.65
2026-09-01 21:23:14.843,100.0,36.0,336.0,53.6969,-23.9074,80.9017,,4,1.0,428.41,158.96,58.27,460.65
2026-09-01 21:23:15.098,100.0,36.0,336.0,53.6969,-23.9074,80.9017,,5,1.25,428.41,158.96,58.27,460.65
2026-09-01 21:23:21.841,100.0,36.0,330.0,50.9037,-29.3893,80.9017,,1,0.25,428.21,158.83,58.27,460.41
2026-09-01 21:23:22.096,100.0,36.0,330.0,50.9037,-29.3893,80.9017,,2,0.5,428.21,158.86,58.27,460.42
2026-09-01 21:23:22.351,100.0,36.0,330.0,50.9037,-29.3893,80.9017,,3,0.75,428.21,158.86,58.27,460.42
2026-09-01 21:23:22.591,100.0,36.0,330.0,50.9037,-29.3893,80.9017,,4,1.0,428.26,158.84,58.26,460.46
2026-09-01 21:23:22.846,100.0,36.0,330.0,50.9037,-29.3893,80.9017,,5,1.25,428.26,158.84,58.26,460.46
2026-09-01 21:23:29.589,100.0,36.0,324.0,47.5528,-34.5492,80.9017,,1,0.25,428.03,158.79,58.19,460.22
2026-09-01 21:23:29.844,100.0,36.0,324.0,47.5528,-34.5492,80.9017,,2,0.5,428.02,158.79,58.2,460.22
2026-09-01 21:23:30.099,100.0,36.0,324.0,47.5528,-34.5492,80.9017,,3,0.75,428.02,158.79,58.2,460.22
2026-09-01 21:23:30.338,100.0,36.0,324.0,47.5528,-34.5492,80.9017,,4,1.0,428.0,158.81,58.19,460.2
2026-09-01 21:23:30.594,100.0,36.0,324.0,47.5528,-34.5492,80.9017,,5,1.25,428.0,158.81,58.19,460.2
2026-09-01 21:23:37.337,100.0,36.0,318.0,43.681,-39.3305,80.9017,,1,0.25,427.64,159.05,58.1,459.94
2026-09-01 21:23:37.592,100.0,36.0,318.0,43.681,-39.3305,80.9017,,2,0.5,427.63,159.06,58.09,459.93
2026-09-01 21:23:37.847,100.0,36.0,318.0,43.681,-39.3305,80.9017,,3,0.75,427.63,159.06,58.09,459.93
2026-09-01 21:23:38.086,100.0,36.0,318.0,43.681,-39.3305,80.9017,,4,1.0,427.62,159.06,58.09,459.92
2026-09-01 21:23:38.342,100.0,36.0,318.0,43.681,-39.3305,80.9017,,5,1.25,427.62,159.06,58.09,459.92
2026-09-01 21:23:46.957,100.0,36.0,312.0,39.3305,-43.681,80.9017,,1,1.5,427.39,158.82,58.02,459.62
2026-09-01 21:23:49.469,100.0,36.0,312.0,39.3305,-43.681,80.9017,,2,1.75,427.33,158.8,58.02,459.55
2026-09-01 21:23:49.724,100.0,36.0,312.0,39.3305,-43.681,80.9017,,3,2.0,427.33,158.8,58.02,459.55
2026-09-01 21:23:49.963,100.0,36.0,312.0,39.3305,-43.681,80.9017,,4,2.25,427.33,158.82,58.02,459.56
2026-09-01 21:23:50.218,100.0,36.0,312.0,39.3305,-43.681,80.9017,,5,2.5,427.33,158.82,58.02,459.56
2026-09-01 21:23:56.962,100.0,36.0,306.0,34.5492,-47.5528,80.9017,,1,0.25,427.02,158.91,57.99,459.3
2026-09-01 21:23:59.465,100.0,36.0,306.0,34.5492,-47.5528,80.9017,,2,0.5,427.02,158.91,57.99,459.3
2026-09-01 21:23:59.720,100.0,36.0,306.0,34.5492,-47.5528,80.9017,,3,0.75,427.07,158.92,57.98,459.35
2026-09-01 21:23:59.975,100.0,36.0,306.0,34.5492,-47.5528,80.9017,,4,1.0,427.07,158.92,57.98,459.35
2026-09-01 21:24:00.214,100.0,36.0,306.0,34.5492,-47.5528,80.9017,,5,1.25,427.11,158.91,57.97,459.38
2026-09-01 21:24:06.973,100.0,36.0,300.0,29.3893,-50.9037,80.9017,,1,0.25,426.94,158.64,57.95,459.13
2026-09-01 21:24:07.213,100.0,36.0,300.0,29.3893,-50.9037,80.9017,,2,0.5,426.94,158.64,57.95,459.13
2026-09-01 21:24:07.468,100.0,36.0,300.0,29.3893,-50.9037,80.9017,,3,0.75,426.95,158.65,57.96,459.14
2026-09-01 21:24:07.723,100.0,36.0,300.0,29.3893,-50.9037,80.9017,,4,1.0,426.95,158.65,57.96,459.14
2026-09-01 21:24:07.962,100.0,36.0,300.0,29.3893,-50.9037,80.9017,,5,1.25,426.91,158.66,57.95,459.11
2026-09-01 21:24:16.969,100.0,36.0,294.0,23.9074,-53.6969,80.9017,,1,0.25,426.78,158.42,57.94,458.9
2026-09-01 21:24:17.224,100.0,36.0,294.0,23.9074,-53.6969,80.9017,,2,0.5,426.82,158.42,57.93,458.94
2026-09-01 21:24:17.463,100.0,36.0,294.0,23.9074,-53.6969,80.9017,,3,0.75,426.82,158.42,57.93,458.94
2026-09-01 21:24:17.719,100.0,36.0,294.0,23.9074,-53.6969,80.9017,,4,1.0,426.83,158.41,57.93,458.94
2026-09-01 21:24:17.974,100.0,36.0,294.0,23.9074,-53.6969,80.9017,,5,1.25,426.83,158.41,57.93,458.94
2026-09-01 21:24:24.717,100.0,36.0,288.0,18.1636,-55.9017,80.9017,,1,0.25,426.76,158.05,57.9,458.75
2026-09-01 21:24:24.972,100.0,36.0,288.0,18.1636,-55.9017,80.9017,,2,0.5,426.8,158.04,57.91,458.79
2026-09-01 21:24:25.211,100.0,36.0,288.0,18.1636,-55.9017,80.9017,,3,0.75,426.85,158.05,57.9,458.83
2026-09-01 21:24:27.714,100.0,36.0,288.0,18.1636,-55.9017,80.9017,,4,1.0,426.85,158.05,57.9,458.83
2026-09-01 21:24:27.969,100.0,36.0,288.0,18.1636,-55.9017,80.9017,,5,1.25,426.78,158.05,57.92,458.77
2026-09-01 21:24:34.713,100.0,36.0,282.0,12.2207,-57.4941,80.9017,,1,0.25,426.66,157.87,57.91,458.6
2026-09-01 21:24:34.968,100.0,36.0,282.0,12.2207,-57.4941,80.9017,,2,0.5,426.66,157.87,57.91,458.6
2026-09-01 21:24:35.223,100.0,36.0,282.0,12.2207,-57.4941,80.9017,,3,0.75,426.62,157.88,57.91,458.56
2026-09-01 21:24:35.462,100.0,36.0,282.0,12.2207,-57.4941,80.9017,,4,1.0,426.62,157.88,57.91,458.56
2026-09-01 21:24:35.717,100.0,36.0,282.0,12.2207,-57.4941,80.9017,,5,1.25,426.66,157.89,57.92,458.6
2026-09-01 21:24:42.461,100.0,36.0,276.0,6.144,-58.4565,80.9017,,1,0.25,426.73,157.55,57.84,458.54
2026-09-01 21:24:44.964,100.0,36.0,276.0,6.144,-58.4565,80.9017,,2,0.5,426.74,157.56,57.84,458.56
2026-09-01 21:24:45.219,100.0,36.0,276.0,6.144,-58.4565,80.9017,,3,0.75,426.74,157.56,57.84,458.56
2026-09-01 21:24:45.474,100.0,36.0,276.0,6.144,-58.4565,80.9017,,4,1.0,426.71,157.55,57.84,458.52
2026-09-01 21:24:45.713,100.0,36.0,276.0,6.144,-58.4565,80.9017,,5,1.25,426.71,157.55,57.84,458.52
2026-09-01 21:24:52.472,100.0,36.0,270.0,-0.0,-58.7785,80.9017,,1,0.25,426.79,157.44,57.84,458.56
2026-09-01 21:24:52.712,100.0,36.0,270.0,-0.0,-58.7785,80.9017,,2,0.5,426.77,157.44,57.84,458.54
2026-09-01 21:24:52.967,100.0,36.0,270.0,-0.0,-58.7785,80.9017,,3,0.75,426.77,157.44,57.84,458.54
2026-09-01 21:24:53.222,100.0,36.0,270.0,-0.0,-58.7785,80.9017,,4,1.0,426.79,157.42,57.83,458.55
2026-09-01 21:24:53.461,100.0,36.0,270.0,-0.0,-58.7785,80.9017,,5,1.25,426.83,157.45,57.84,458.6
2026-09-01 21:25:02.468,100.0,36.0,264.0,-6.144,-58.4565,80.9017,,1,0.25,426.95,157.12,57.89,458.61
2026-09-01 21:25:02.723,100.0,36.0,264.0,-6.144,-58.4565,80.9017,,2,0.5,426.95,157.12,57.89,458.61
2026-09-01 21:25:02.962,100.0,36.0,264.0,-6.144,-58.4565,80.9017,,3,0.75,426.95,157.12,57.89,458.61
2026-09-01 21:25:03.218,100.0,36.0,264.0,-6.144,-58.4565,80.9017,,4,1.0,426.97,157.11,57.88,458.62
2026-09-01 21:25:03.473,100.0,36.0,264.0,-6.144,-58.4565,80.9017,,5,1.25,426.97,157.11,57.88,458.62
2026-09-01 21:25:10.216,100.0,36.0,258.0,-12.2207,-57.4941,80.9017,,1,0.25,427.23,156.85,57.89,458.77
2026-09-01 21:25:10.471,100.0,36.0,258.0,-12.2207,-57.4941,80.9017,,2,0.5,427.23,156.85,57.89,458.77
2026-09-01 21:25:10.710,100.0,36.0,258.0,-12.2207,-57.4941,80.9017,,3,0.75,427.24,156.85,57.89,458.78
2026-09-01 21:25:13.213,100.0,36.0,258.0,-12.2207,-57.4941,80.9017,,4,1.0,427.24,156.85,57.89,458.78
2026-09-01 21:25:13.468,100.0,36.0,258.0,-12.2207,-57.4941,80.9017,,5,1.25,427.27,156.88,57.89,458.82
2026-09-01 21:25:20.212,100.0,36.0,252.0,-18.1636,-55.9017,80.9017,,1,0.25,427.41,156.83,57.79,458.92
2026-09-01 21:25:20.467,100.0,36.0,252.0,-18.1636,-55.9017,80.9017,,2,0.5,427.41,156.83,57.79,458.92
2026-09-01 21:25:20.722,100.0,36.0,252.0,-18.1636,-55.9017,80.9017,,3,0.75,427.41,156.84,57.79,458.93
2026-09-01 21:25:20.961,100.0,36.0,252.0,-18.1636,-55.9017,80.9017,,4,1.0,427.44,156.86,57.8,458.96
2026-09-01 21:25:23.464,100.0,36.0,252.0,-18.1636,-55.9017,80.9017,,5,1.25,427.44,156.86,57.8,458.96
2026-09-01 21:25:30.223,100.0,36.0,246.0,-23.9074,-53.6969,80.9017,,1,0.25,427.66,156.75,57.86,459.14
2026-09-01 21:25:30.463,100.0,36.0,246.0,-23.9074,-53.6969,80.9017,,2,0.5,427.64,156.74,57.85,459.11
2026-09-01 21:25:30.718,100.0,36.0,246.0,-23.9074,-53.6969,80.9017,,3,0.75,427.64,156.74,57.85,459.11
2026-09-01 21:25:30.973,100.0,36.0,246.0,-23.9074,-53.6969,80.9017,,4,1.0,427.62,156.76,57.85,459.1
2026-09-01 21:25:31.212,100.0,36.0,246.0,-23.9074,-53.6969,80.9017,,5,1.25,427.62,156.76,57.85,459.1
2026-09-01 21:25:37.971,100.0,36.0,240.0,-29.3893,-50.9037,80.9017,,1,0.25,427.88,156.73,57.91,459.34
2026-09-01 21:25:38.210,100.0,36.0,240.0,-29.3893,-50.9037,80.9017,,2,0.5,427.96,156.74,57.91,459.42
2026-09-01 21:25:40.713,100.0,36.0,240.0,-29.3893,-50.9037,80.9017,,3,0.75,427.98,156.75,57.91,459.44
2026-09-01 21:25:40.968,100.0,36.0,240.0,-29.3893,-50.9037,80.9017,,4,1.0,427.98,156.75,57.91,459.44
2026-09-01 21:25:41.224,100.0,36.0,240.0,-29.3893,-50.9037,80.9017,,5,1.25,427.97,156.72,57.91,459.42
2026-09-01 21:25:47.967,100.0,36.0,234.0,-34.5492,-47.5528,80.9017,,1,0.25,428.27,156.71,57.99,459.71
2026-09-01 21:25:48.222,100.0,36.0,234.0,-34.5492,-47.5528,80.9017,,2,0.5,428.27,156.71,57.99,459.71
2026-09-01 21:25:48.461,100.0,36.0,234.0,-34.5492,-47.5528,80.9017,,3,0.75,428.27,156.71,58.01,459.71
2026-09-01 21:25:48.716,100.0,36.0,234.0,-34.5492,-47.5528,80.9017,,4,1.0,428.27,156.71,58.01,459.71
2026-09-01 21:25:48.972,100.0,36.0,234.0,-34.5492,-47.5528,80.9017,,5,1.25,428.22,156.71,58.01,459.66
2026-09-01 21:25:55.715,100.0,36.0,228.0,-39.3305,-43.681,80.9017,,1,0.25,428.55,156.79,58.0,460.0
2026-09-01 21:25:55.970,100.0,36.0,228.0,-39.3305,-43.681,80.9017,,2,0.5,428.55,156.79,58.0,460.0
2026-09-01 21:25:56.225,100.0,36.0,228.0,-39.3305,-43.681,80.9017,,3,0.75,428.56,156.8,57.99,460.01
2026-09-01 21:25:56.464,100.0,36.0,228.0,-39.3305,-43.681,80.9017,,4,1.0,428.56,156.8,57.99,460.01
2026-09-01 21:25:56.719,100.0,36.0,228.0,-39.3305,-43.681,80.9017,,5,1.25,428.59,156.81,57.99,460.04
2026-09-01 21:26:03.463,100.0,36.0,222.0,-43.681,-39.3305,80.9017,,1,0.25,428.73,156.99,57.96,460.23
2026-09-01 21:26:03.718,100.0,36.0,222.0,-43.681,-39.3305,80.9017,,2,0.5,428.73,156.99,57.96,460.23
2026-09-01 21:26:03.973,100.0,36.0,222.0,-43.681,-39.3305,80.9017,,3,0.75,428.76,157.0,57.97,460.26
2026-09-01 21:26:04.212,100.0,36.0,222.0,-43.681,-39.3305,80.9017,,4,1.0,428.76,157.0,57.97,460.26
2026-09-01 21:26:04.467,100.0,36.0,222.0,-43.681,-39.3305,80.9017,,5,1.25,428.75,157.01,57.98,460.26
2026-09-01 21:26:11.211,100.0,36.0,216.0,-47.5528,-34.5492,80.9017,,1,0.25,428.95,157.12,58.05,460.49
2026-09-01 21:26:13.714,100.0,36.0,216.0,-47.5528,-34.5492,80.9017,,2,0.5,428.94,157.09,58.06,460.47
2026-09-01 21:26:13.969,100.0,36.0,216.0,-47.5528,-34.5492,80.9017,,3,0.75,428.94,157.09,58.06,460.47
2026-09-01 21:26:14.224,100.0,36.0,216.0,-47.5528,-34.5492,80.9017,,4,1.0,428.94,157.08,58.06,460.47
2026-09-01 21:26:14.463,100.0,36.0,216.0,-47.5528,-34.5492,80.9017,,5,1.25,428.94,157.08,58.06,460.47
2026-09-01 21:26:21.223,100.0,36.0,210.0,-50.9037,-29.3893,80.9017,,1,0.25,429.02,157.42,58.04,460.66
2026-09-01 21:26:21.462,100.0,36.0,210.0,-50.9037,-29.3893,80.9017,,2,0.5,429.1,157.42,58.03,460.73
2026-09-01 21:26:21.717,100.0,36.0,210.0,-50.9037,-29.3893,80.9017,,3,0.75,429.1,157.42,58.03,460.73
2026-09-01 21:26:21.972,100.0,36.0,210.0,-50.9037,-29.3893,80.9017,,4,1.0,429.09,157.42,58.04,460.72
2026-09-01 21:26:22.211,100.0,36.0,210.0,-50.9037,-29.3893,80.9017,,5,1.25,429.09,157.42,58.04,460.72
2026-09-01 21:26:28.971,100.0,36.0,204.0,-53.6969,-23.9074,80.9017,,1,0.25,429.23,157.8,57.95,460.97
2026-09-01 21:26:29.210,100.0,36.0,204.0,-53.6969,-23.9074,80.9017,,2,0.5,429.18,157.8,57.95,460.92
2026-09-01 21:26:31.713,100.0,36.0,204.0,-53.6969,-23.9074,80.9017,,3,0.75,429.17,157.81,57.94,460.92
2026-09-01 21:26:31.968,100.0,36.0,204.0,-53.6969,-23.9074,80.9017,,4,1.0,429.17,157.81,57.94,460.92
2026-09-01 21:26:32.223,100.0,36.0,204.0,-53.6969,-23.9074,80.9017,,5,1.25,429.17,157.81,57.94,460.92
2026-09-01 21:26:38.966,100.0,36.0,198.0,-55.9017,-18.1636,80.9017,,1,0.25,429.21,158.1,58.01,461.06
2026-09-01 21:26:39.221,100.0,36.0,198.0,-55.9017,-18.1636,80.9017,,2,0.5,429.21,158.1,58.01,461.06
2026-09-01 21:26:39.461,100.0,36.0,198.0,-55.9017,-18.1636,80.9017,,3,0.75,429.22,158.08,57.99,461.06
2026-09-01 21:26:39.716,100.0,36.0,198.0,-55.9017,-18.1636,80.9017,,4,1.0,429.22,158.08,57.99,461.06
2026-09-01 21:26:39.971,100.0,36.0,198.0,-55.9017,-18.1636,80.9017,,5,1.25,429.24,158.08,57.99,461.08
2026-09-01 21:26:46.714,100.0,36.0,192.0,-57.4941,-12.2207,80.9017,,1,0.25,429.25,158.39,57.94,461.19
2026-09-01 21:26:46.970,100.0,36.0,192.0,-57.4941,-12.2207,80.9017,,2,0.5,429.25,158.39,57.94,461.19
2026-09-01 21:26:47.225,100.0,36.0,192.0,-57.4941,-12.2207,80.9017,,3,0.75,429.18,158.38,57.92,461.12
2026-09-01 21:26:47.464,100.0,36.0,192.0,-57.4941,-12.2207,80.9017,,4,1.0,429.18,158.38,57.92,461.12
2026-09-01 21:26:47.719,100.0,36.0,192.0,-57.4941,-12.2207,80.9017,,5,1.25,429.18,158.35,57.93,461.11
2026-09-01 21:26:54.462,100.0,36.0,186.0,-58.4565,-6.144,80.9017,,1,0.25,429.15,158.63,57.95,461.18
2026-09-01 21:26:54.717,100.0,36.0,186.0,-58.4565,-6.144,80.9017,,2,0.5,429.15,158.63,57.95,461.18
2026-09-01 21:26:54.973,100.0,36.0,186.0,-58.4565,-6.144,80.9017,,3,0.75,429.19,158.64,57.96,461.22
2026-09-01 21:26:55.212,100.0,36.0,186.0,-58.4565,-6.144,80.9017,,4,1.0,429.19,158.64,57.96,461.22
2026-09-01 21:26:55.467,100.0,36.0,186.0,-58.4565,-6.144,80.9017,,5,1.25,429.14,158.65,57.95,461.18
2026-09-01 21:27:02.210,100.0,36.0,180.0,-58.7785,0.0,80.9017,,1,0.25,429.02,158.85,57.84,461.12
2026-09-01 21:27:04.713,100.0,36.0,180.0,-58.7785,0.0,80.9017,,2,0.5,429.08,158.84,57.84,461.17
2026-09-01 21:27:04.968,100.0,36.0,180.0,-58.7785,0.0,80.9017,,3,0.75,429.08,158.84,57.84,461.17
2026-09-01 21:27:05.223,100.0,36.0,180.0,-58.7785,0.0,80.9017,,4,1.0,429.03,158.85,57.84,461.13
2026-09-01 21:27:05.463,100.0,36.0,180.0,-58.7785,0.0,80.9017,,5,1.25,429.03,158.85,57.84,461.13
2026-09-01 21:27:12.222,100.0,36.0,174.0,-58.4565,6.144,80.9017,,1,0.25,428.85,159.03,57.86,461.03
2026-09-01 21:27:12.461,100.0,36.0,174.0,-58.4565,6.144,80.9017,,2,0.5,428.85,159.05,57.84,461.03
2026-09-01 21:27:12.716,100.0,36.0,174.0,-58.4565,6.144,80.9017,,3,0.75,428.85,159.05,57.84,461.03
2026-09-01 21:27:12.971,100.0,36.0,174.0,-58.4565,6.144,80.9017,,4,1.0,428.86,159.06,57.86,461.05
2026-09-01 21:27:13.211,100.0,36.0,174.0,-58.4565,6.144,80.9017,,5,1.25,428.86,159.06,57.86,461.05
2026-09-01 21:27:19.970,100.0,36.0,168.0,-57.4941,12.2207,80.9017,,1,0.25,428.75,159.27,57.74,461.0
2026-09-01 21:27:20.209,100.0,36.0,168.0,-57.4941,12.2207,80.9017,,2,0.5,428.62,159.29,57.72,460.89
2026-09-01 21:27:22.712,100.0,36.0,168.0,-57.4941,12.2207,80.9017,,3,0.75,428.6,159.3,57.73,460.87
2026-09-01 21:27:22.967,100.0,36.0,168.0,-57.4941,12.2207,80.9017,,4,1.0,428.6,159.3,57.73,460.87
2026-09-01 21:27:23.222,100.0,36.0,168.0,-57.4941,12.2207,80.9017,,5,1.25,428.6,159.3,57.73,460.87
2026-09-01 21:27:29.966,100.0,36.0,162.0,-55.9017,18.1636,80.9017,,1,0.25,428.36,159.46,57.69,460.7
2026-09-01 21:27:30.221,100.0,36.0,162.0,-55.9017,18.1636,80.9017,,2,0.5,428.36,159.46,57.69,460.7
2026-09-01 21:27:30.460,100.0,36.0,162.0,-55.9017,18.1636,80.9017,,3,0.75,428.31,159.47,57.7,460.66
2026-09-01 21:27:32.963,100.0,36.0,162.0,-55.9017,18.1636,80.9017,,4,1.0,428.31,159.47,57.7,460.66
2026-09-01 21:27:33.218,100.0,36.0,162.0,-55.9017,18.1636,80.9017,,5,1.25,428.26,159.47,57.69,460.61
2026-09-01 21:27:39.962,100.0,36.0,156.0,-53.6969,23.9074,80.9017,,1,0.25,427.94,159.75,57.58,460.4
2026-09-01 21:27:40.217,100.0,36.0,156.0,-53.6969,23.9074,80.9017,,2,0.5,427.94,159.75,57.58,460.4
2026-09-01 21:27:40.472,100.0,36.0,156.0,-53.6969,23.9074,80.9017,,3,0.75,427.92,159.76,57.58,460.38
2026-09-01 21:27:40.711,100.0,36.0,156.0,-53.6969,23.9074,80.9017,,4,1.0,427.92,159.76,57.58,460.38
2026-09-01 21:27:40.966,100.0,36.0,156.0,-53.6969,23.9074,80.9017,,5,1.25,427.98,159.76,57.58,460.44
2026-09-01 21:27:47.710,100.0,36.0,150.0,-50.9037,29.3893,80.9017,,1,0.25,427.63,159.67,57.57,460.08
2026-09-01 21:27:50.213,100.0,36.0,150.0,-50.9037,29.3893,80.9017,,2,0.5,427.61,159.65,57.56,460.05
2026-09-01 21:27:50.468,100.0,36.0,150.0,-50.9037,29.3893,80.9017,,3,0.75,427.61,159.65,57.56,460.05
2026-09-01 21:27:50.723,100.0,36.0,150.0,-50.9037,29.3893,80.9017,,4,1.0,427.65,159.67,57.58,460.1
2026-09-01 21:27:50.962,100.0,36.0,150.0,-50.9037,29.3893,80.9017,,5,1.25,427.65,159.67,57.58,460.1
2026-09-01 21:27:57.721,100.0,36.0,144.0,-47.5528,34.5492,80.9017,,1,0.25,427.34,159.56,57.56,459.77
2026-09-01 21:27:57.961,100.0,36.0,144.0,-47.5528,34.5492,80.9017,,2,0.5,427.33,159.58,57.55,459.77
2026-09-01 21:27:58.216,100.0,36.0,144.0,-47.5528,34.5492,80.9017,,3,0.75,427.33,159.58,57.55,459.77
2026-09-01 21:27:58.471,100.0,36.0,144.0,-47.5528,34.5492,80.9017,,4,1.0,427.34,159.57,57.55,459.77
2026-09-01 21:27:58.710,100.0,36.0,144.0,-47.5528,34.5492,80.9017,,5,1.25,427.32,159.57,57.57,459.76
2026-09-01 21:28:07.717,100.0,36.0,138.0,-43.681,39.3305,80.9017,,1,0.25,426.99,159.63,57.42,459.45
2026-09-01 21:28:07.972,100.0,36.0,138.0,-43.681,39.3305,80.9017,,2,0.5,426.99,159.63,57.42,459.45
2026-09-01 21:28:08.212,100.0,36.0,138.0,-43.681,39.3305,80.9017,,3,0.75,426.94,159.65,57.42,459.41
2026-09-01 21:28:08.467,100.0,36.0,138.0,-43.681,39.3305,80.9017,,4,1.0,426.94,159.65,57.42,459.41
2026-09-01 21:28:08.722,100.0,36.0,138.0,-43.681,39.3305,80.9017,,5,1.25,426.92,159.63,57.42,459.39
2026-09-01 21:28:15.338,100.0,36.0,132.0,-39.3305,43.681,80.9017,,1,0.25,426.62,159.51,57.39,459.06
2026-09-01 21:28:15.593,100.0,36.0,132.0,-39.3305,43.681,80.9017,,2,0.5,426.62,159.51,57.39,459.06
2026-09-01 21:28:15.848,100.0,36.0,132.0,-39.3305,43.681,80.9017,,3,0.75,426.61,159.51,57.4,459.05
2026-09-01 21:28:16.087,100.0,36.0,132.0,-39.3305,43.681,80.9017,,4,1.0,426.61,159.51,57.4,459.05
2026-09-01 21:28:16.342,100.0,36.0,132.0,-39.3305,43.681,80.9017,,5,1.25,426.61,159.51,57.4,459.05
2026-09-01 21:28:23.086,100.0,36.0,126.0,-34.5492,47.5528,80.9017,,1,0.25,426.41,159.34,57.41,458.81
2026-09-01 21:28:23.341,100.0,36.0,126.0,-34.5492,47.5528,80.9017,,2,0.5,426.41,159.34,57.41,458.81
2026-09-01 21:28:23.596,100.0,36.0,126.0,-34.5492,47.5528,80.9017,,3,0.75,426.42,159.35,57.4,458.82
2026-09-01 21:28:23.835,100.0,36.0,126.0,-34.5492,47.5528,80.9017,,4,1.0,426.42,159.35,57.4,458.82
2026-09-01 21:28:24.090,100.0,36.0,126.0,-34.5492,47.5528,80.9017,,5,1.25,426.42,159.35,57.4,458.82
2026-09-01 21:28:30.834,100.0,36.0,120.0,-29.3893,50.9037,80.9017,,1,0.25,426.16,158.9,57.35,458.42
2026-09-01 21:28:31.089,100.0,36.0,120.0,-29.3893,50.9037,80.9017,,2,0.5,426.16,158.9,57.35,458.42
2026-09-01 21:28:31.344,100.0,36.0,120.0,-29.3893,50.9037,80.9017,,3,0.75,426.16,158.9,57.37,458.42
2026-09-01 21:28:31.599,100.0,36.0,120.0,-29.3893,50.9037,80.9017,,4,1.0,426.16,158.9,57.37,458.42
2026-09-01 21:28:31.838,100.0,36.0,120.0,-29.3893,50.9037,80.9017,,5,1.25,426.19,158.91,57.36,458.45
2026-09-01 21:28:38.598,100.0,36.0,114.0,-23.9074,53.6969,80.9017,,1,0.25,426.03,158.51,57.37,458.16
2026-09-01 21:28:38.837,100.0,36.0,114.0,-23.9074,53.6969,80.9017,,2,0.5,426.03,158.51,57.37,458.16
2026-09-01 21:28:39.092,100.0,36.0,114.0,-23.9074,53.6969,80.9017,,3,0.75,426.05,158.52,57.37,458.19
2026-09-01 21:28:39.347,100.0,36.0,114.0,-23.9074,53.6969,80.9017,,4,1.0,426.05,158.52,57.37,458.19
2026-09-01 21:28:39.586,100.0,36.0,114.0,-23.9074,53.6969,80.9017,,5,1.25,426.02,158.51,57.36,458.15
2026-09-01 21:28:46.346,100.0,36.0,108.0,-18.1636,55.9017,80.9017,,1,0.25,425.91,158.17,57.38,457.94
2026-09-01 21:28:46.585,100.0,36.0,108.0,-18.1636,55.9017,80.9017,,2,0.5,425.91,158.17,57.38,457.94
2026-09-01 21:28:46.840,100.0,36.0,108.0,-18.1636,55.9017,80.9017,,3,0.75,425.96,158.17,57.38,457.98
2026-09-01 21:28:47.095,100.0,36.0,108.0,-18.1636,55.9017,80.9017,,4,1.0,425.96,158.17,57.38,457.98
2026-09-01 21:28:47.334,100.0,36.0,108.0,-18.1636,55.9017,80.9017,,5,1.25,425.89,158.16,57.39,457.91
2026-09-01 21:28:54.094,100.0,36.0,102.0,-12.2207,57.4941,80.9017,,1,0.25,425.93,157.84,57.43,457.85
2026-09-01 21:28:54.349,100.0,36.0,102.0,-12.2207,57.4941,80.9017,,2,0.5,425.93,157.84,57.43,457.85
2026-09-01 21:28:54.588,100.0,36.0,102.0,-12.2207,57.4941,80.9017,,3,0.75,425.96,157.85,57.43,457.88
2026-09-01 21:28:54.843,100.0,36.0,102.0,-12.2207,57.4941,80.9017,,4,1.0,425.96,157.85,57.43,457.88
2026-09-01 21:28:55.099,100.0,36.0,102.0,-12.2207,57.4941,80.9017,,5,1.25,425.96,157.87,57.43,457.88
2026-09-01 21:29:01.842,100.0,36.0,96.0,-6.144,58.4565,80.9017,,1,0.25,425.96,157.36,57.59,457.73
2026-09-01 21:29:02.097,100.0,36.0,96.0,-6.144,58.4565,80.9017,,2,0.5,425.96,157.36,57.59,457.73
2026-09-01 21:29:02.336,100.0,36.0,96.0,-6.144,58.4565,80.9017,,3,0.75,425.93,157.35,57.58,457.7
2026-09-01 21:29:02.592,100.0,36.0,96.0,-6.144,58.4565,80.9017,,4,1.0,425.93,157.35,57.58,457.7
2026-09-01 21:29:02.847,100.0,36.0,96.0,-6.144,58.4565,80.9017,,5,1.25,425.95,157.36,57.58,457.72
2026-09-01 21:29:09.590,100.0,36.0,90.0,0.0,58.7785,80.9017,,1,0.25,425.96,156.95,57.64,457.59
2026-09-01 21:29:09.846,100.0,36.0,90.0,0.0,58.7785,80.9017,,2,0.5,425.96,156.95,57.64,457.59
2026-09-01 21:29:10.085,100.0,36.0,90.0,0.0,58.7785,80.9017,,3,0.75,425.93,156.97,57.65,457.58
2026-09-01 21:29:10.340,100.0,36.0,90.0,0.0,58.7785,80.9017,,4,1.0,425.93,156.97,57.65,457.58
2026-09-01 21:29:10.595,100.0,36.0,90.0,0.0,58.7785,80.9017,,5,1.25,425.98,156.98,57.64,457.62
2026-09-01 21:29:17.339,100.0,36.0,84.0,6.144,58.4565,80.9017,,1,0.25,426.22,156.71,57.74,457.77
2026-09-01 21:29:17.594,100.0,36.0,84.0,6.144,58.4565,80.9017,,2,0.5,426.22,156.71,57.74,457.77
2026-09-01 21:29:17.849,100.0,36.0,84.0,6.144,58.4565,80.9017,,3,0.75,426.19,156.71,57.74,457.74
2026-09-01 21:29:18.088,100.0,36.0,84.0,6.144,58.4565,80.9017,,4,1.0,426.19,156.71,57.74,457.74
2026-09-01 21:29:18.343,100.0,36.0,84.0,6.144,58.4565,80.9017,,5,1.25,426.14,156.73,57.74,457.7
2026-09-01 21:29:25.087,100.0,36.0,78.0,12.2207,57.4941,80.9017,,1,0.25,426.44,156.38,57.81,457.87
2026-09-01 21:29:25.342,100.0,36.0,78.0,12.2207,57.4941,80.9017,,2,0.5,426.44,156.38,57.81,457.87
2026-09-01 21:29:25.597,100.0,36.0,78.0,12.2207,57.4941,80.9017,,3,0.75,426.37,156.4,57.8,457.81
2026-09-01 21:29:25.836,100.0,36.0,78.0,12.2207,57.4941,80.9017,,4,1.0,426.37,156.4,57.8,457.81
2026-09-01 21:29:26.091,100.0,36.0,78.0,12.2207,57.4941,80.9017,,5,1.25,426.38,156.4,57.8,457.82
2026-09-01 21:29:32.835,100.0,36.0,72.0,18.1636,55.9017,80.9017,,1,0.25,426.62,156.19,57.87,457.98
2026-09-01 21:29:33.090,100.0,36.0,72.0,18.1636,55.9017,80.9017,,2,0.5,426.62,156.19,57.87,457.98
2026-09-01 21:29:33.345,100.0,36.0,72.0,18.1636,55.9017,80.9017,,3,0.75,426.63,156.2,57.87,457.99
2026-09-01 21:29:33.584,100.0,36.0,72.0,18.1636,55.9017,80.9017,,4,1.0,426.63,156.2,57.87,457.99
2026-09-01 21:29:33.839,100.0,36.0,72.0,18.1636,55.9017,80.9017,,5,1.25,426.6,156.2,57.86,457.96
2026-09-01 21:29:40.598,100.0,36.0,66.0,23.9074,53.6969,80.9017,,1,0.25,427.03,155.84,58.03,458.26
2026-09-01 21:29:40.838,100.0,36.0,66.0,23.9074,53.6969,80.9017,,2,0.5,427.03,155.84,58.03,458.26
2026-09-01 21:29:41.093,100.0,36.0,66.0,23.9074,53.6969,80.9017,,3,0.75,427.04,155.85,58.03,458.27
2026-09-01 21:29:41.348,100.0,36.0,66.0,23.9074,53.6969,80.9017,,4,1.0,427.04,155.85,58.03,458.27
2026-09-01 21:29:41.587,100.0,36.0,66.0,23.9074,53.6969,80.9017,,5,1.25,426.98,155.85,58.03,458.22
2026-09-01 21:29:48.346,100.0,36.0,60.0,29.3893,50.9037,80.9017,,1,0.25,427.24,155.84,58.1,458.47
2026-09-01 21:29:48.586,100.0,36.0,60.0,29.3893,50.9037,80.9017,,2,0.5,427.24,155.84,58.1,458.47
2026-09-01 21:29:48.841,100.0,36.0,60.0,29.3893,50.9037,80.9017,,3,0.75,427.25,155.84,58.1,458.48
2026-09-01 21:29:49.096,100.0,36.0,60.0,29.3893,50.9037,80.9017,,4,1.0,427.25,155.84,58.1,458.48
2026-09-01 21:29:49.335,100.0,36.0,60.0,29.3893,50.9037,80.9017,,5,1.25,427.35,155.84,58.09,458.57
2026-09-01 21:29:56.094,100.0,36.0,54.0,34.5492,47.5528,80.9017,,1,0.25,427.58,155.84,58.14,458.79
2026-09-01 21:29:56.333,100.0,36.0,54.0,34.5492,47.5528,80.9017,,2,0.5,427.58,155.84,58.14,458.79
2026-09-01 21:29:56.589,100.0,36.0,54.0,34.5492,47.5528,80.9017,,3,0.75,427.57,155.84,58.15,458.78
2026-09-01 21:29:56.844,100.0,36.0,54.0,34.5492,47.5528,80.9017,,4,1.0,427.57,155.84,58.15,458.78
2026-09-01 21:29:57.099,100.0,36.0,54.0,34.5492,47.5528,80.9017,,5,1.25,427.6,155.83,58.15,458.8
2026-09-01 21:30:03.842,100.0,36.0,48.0,39.3305,43.681,80.9017,,1,0.25,428.0,155.75,58.26,459.16
2026-09-01 21:30:04.097,100.0,36.0,48.0,39.3305,43.681,80.9017,,2,0.5,428.0,155.75,58.26,459.16
2026-09-01 21:30:04.336,100.0,36.0,48.0,39.3305,43.681,80.9017,,3,0.75,428.0,155.75,58.27,459.17
2026-09-01 21:30:04.592,100.0,36.0,48.0,39.3305,43.681,80.9017,,4,1.0,428.0,155.75,58.27,459.17
2026-09-01 21:30:04.847,100.0,36.0,48.0,39.3305,43.681,80.9017,,5,1.25,427.94,155.77,58.25,459.11
2026-09-01 21:30:11.463,100.0,36.0,42.0,43.681,39.3305,80.9017,,1,0.25,428.28,155.84,58.33,459.46
2026-09-01 21:30:11.718,100.0,36.0,42.0,43.681,39.3305,80.9017,,2,0.5,428.28,155.84,58.33,459.46
2026-09-01 21:30:11.973,100.0,36.0,42.0,43.681,39.3305,80.9017,,3,0.75,428.22,155.84,58.32,459.41
2026-09-01 21:30:12.212,100.0,36.0,42.0,43.681,39.3305,80.9017,,4,1.0,428.22,155.84,58.32,459.41
2026-09-01 21:30:12.467,100.0,36.0,42.0,43.681,39.3305,80.9017,,5,1.25,428.23,155.83,58.32,459.41
2026-09-01 21:30:19.211,100.0,36.0,36.0,47.5528,34.5492,80.9017,,1,0.25,428.51,156.01,58.45,459.75
2026-09-01 21:30:19.466,100.0,36.0,36.0,47.5528,34.5492,80.9017,,2,0.5,428.51,156.01,58.45,459.75
2026-09-01 21:30:19.721,100.0,36.0,36.0,47.5528,34.5492,80.9017,,3,0.75,428.55,156.01,58.43,459.79
2026-09-01 21:30:19.960,100.0,36.0,36.0,47.5528,34.5492,80.9017,,4,1.0,428.55,156.01,58.43,459.79
2026-09-01 21:30:20.215,100.0,36.0,36.0,47.5528,34.5492,80.9017,,5,1.25,428.57,155.99,58.41,459.8
2026-09-01 21:30:26.959,100.0,36.0,30.0,50.9037,29.3893,80.9017,,1,0.25,428.82,156.13,58.48,460.09
2026-09-01 21:30:29.461,100.0,36.0,30.0,50.9037,29.3893,80.9017,,2,0.5,428.85,156.13,58.47,460.11
2026-09-01 21:30:29.717,100.0,36.0,30.0,50.9037,29.3893,80.9017,,3,0.75,428.85,156.13,58.47,460.11
2026-09-01 21:30:29.972,100.0,36.0,30.0,50.9037,29.3893,80.9017,,4,1.0,428.81,156.13,58.49,460.08
2026-09-01 21:30:30.211,100.0,36.0,30.0,50.9037,29.3893,80.9017,,5,1.25,428.81,156.13,58.49,460.08
2026-09-01 21:30:36.970,100.0,36.0,24.0,53.6969,23.9074,80.9017,,1,0.25,429.05,156.51,58.49,460.43
2026-09-01 21:30:37.209,100.0,36.0,24.0,53.6969,23.9074,80.9017,,2,0.5,429.03,156.52,58.48,460.41
2026-09-01 21:30:37.465,100.0,36.0,24.0,53.6969,23.9074,80.9017,,3,0.75,429.03,156.52,58.48,460.41
2026-09-01 21:30:37.720,100.0,36.0,24.0,53.6969,23.9074,80.9017,,4,1.0,429.02,156.51,58.48,460.4
2026-09-01 21:30:37.959,100.0,36.0,24.0,53.6969,23.9074,80.9017,,5,1.25,429.05,156.5,58.49,460.43
2026-09-01 21:30:46.966,100.0,36.0,18.0,55.9017,18.1636,80.9017,,1,0.25,429.24,156.55,58.55,460.63
2026-09-01 21:30:47.221,100.0,36.0,18.0,55.9017,18.1636,80.9017,,2,0.5,429.24,156.55,58.55,460.63
2026-09-01 21:30:47.460,100.0,36.0,18.0,55.9017,18.1636,80.9017,,3,0.75,429.24,156.55,58.55,460.63
2026-09-01 21:30:47.715,100.0,36.0,18.0,55.9017,18.1636,80.9017,,4,1.0,429.2,156.53,58.55,460.58
2026-09-01 21:30:47.970,100.0,36.0,18.0,55.9017,18.1636,80.9017,,5,1.25,429.2,156.53,58.55,460.58
2026-09-01 21:30:54.714,100.0,36.0,12.0,57.4941,12.2207,80.9017,,1,0.25,429.29,156.84,58.55,460.77
2026-09-01 21:30:54.969,100.0,36.0,12.0,57.4941,12.2207,80.9017,,2,0.5,429.29,156.84,58.55,460.77
2026-09-01 21:30:55.208,100.0,36.0,12.0,57.4941,12.2207,80.9017,,3,0.75,429.35,156.8,58.55,460.82
2026-09-01 21:30:57.711,100.0,36.0,12.0,57.4941,12.2207,80.9017,,4,1.0,429.35,156.8,58.55,460.82
2026-09-01 21:30:57.966,100.0,36.0,12.0,57.4941,12.2207,80.9017,,5,1.25,429.4,156.82,58.55,460.87
2026-09-01 21:31:04.710,100.0,36.0,6.0,58.4565,6.144,80.9017,,1,0.25,429.33,157.3,58.55,460.97
2026-09-01 21:31:04.965,100.0,36.0,6.0,58.4565,6.144,80.9017,,2,0.5,429.33,157.3,58.55,460.97
2026-09-01 21:31:05.220,100.0,36.0,6.0,58.4565,6.144,80.9017,,3,0.75,429.31,157.31,58.56,460.95
2026-09-01 21:31:05.459,100.0,36.0,6.0,58.4565,6.144,80.9017,,4,1.0,429.31,157.31,58.56,460.95
2026-09-01 21:31:05.714,100.0,36.0,6.0,58.4565,6.144,80.9017,,5,1.25,429.28,157.32,58.56,460.93
2026-09-01 21:31:12.458,100.0,36.0,0.0,58.7785,0.0,80.9017,,1,0.25,429.24,157.73,58.43,461.02
2026-09-01 21:31:14.961,100.0,36.0,0.0,58.7785,0.0,80.9017,,2,0.5,429.21,157.73,58.44,460.99
2026-09-01 21:31:15.216,100.0,36.0,0.0,58.7785,0.0,80.9017,,3,0.75,429.21,157.73,58.44,460.99
2026-09-01 21:31:15.471,100.0,36.0,0.0,58.7785,0.0,80.9017,,4,1.0,429.22,157.71,58.44,460.99
2026-09-01 21:31:15.710,100.0,36.0,0.0,58.7785,0.0,80.9017,,5,1.25,429.22,157.71,58.44,460.99
2026-09-01 21:31:22.709,100.0,42.0,0.0,66.9131,0.0,74.3145,,1,0.25,429.6,157.79,58.51,461.38
2026-09-01 21:31:22.964,100.0,42.0,0.0,66.9131,0.0,74.3145,,2,0.5,429.6,157.79,58.51,461.38
2026-09-01 21:31:23.219,100.0,42.0,0.0,66.9131,0.0,74.3145,,3,0.75,429.62,157.77,58.51,461.39
2026-09-01 21:31:23.458,100.0,42.0,0.0,66.9131,0.0,74.3145,,4,1.0,429.61,157.78,58.51,461.39
2026-09-01 21:31:25.961,100.0,42.0,0.0,66.9131,0.0,74.3145,,5,1.25,429.61,157.78,58.51,461.39
2026-09-01 21:31:32.720,100.0,42.0,6.0,66.5465,6.9943,74.3145,,1,0.25,429.62,157.35,58.61,461.26
2026-09-01 21:31:32.960,100.0,42.0,6.0,66.5465,6.9943,74.3145,,2,0.5,429.65,157.37,58.61,461.3
2026-09-01 21:31:33.215,100.0,42.0,6.0,66.5465,6.9943,74.3145,,3,0.75,429.65,157.37,58.61,461.3
2026-09-01 21:31:33.470,100.0,42.0,6.0,66.5465,6.9943,74.3145,,4,1.0,429.66,157.35,58.62,461.3
2026-09-01 21:31:33.709,100.0,42.0,6.0,66.5465,6.9943,74.3145,,5,1.25,429.66,157.35,58.62,461.3
2026-09-01 21:31:40.468,100.0,42.0,12.0,65.4508,13.912,74.3145,,1,0.25,429.63,156.96,58.65,461.14
2026-09-01 21:31:40.708,100.0,42.0,12.0,65.4508,13.912,74.3145,,2,0.5,429.65,156.96,58.66,461.16
2026-09-01 21:31:43.210,100.0,42.0,12.0,65.4508,13.912,74.3145,,3,0.75,429.63,156.94,58.67,461.14
2026-09-01 21:31:43.466,100.0,42.0,12.0,65.4508,13.912,74.3145,,4,1.0,429.63,156.94,58.67,461.14
2026-09-01 21:31:43.721,100.0,42.0,12.0,65.4508,13.912,74.3145,,5,1.25,429.64,156.94,58.66,461.15
2026-09-01 21:31:50.464,100.0,42.0,18.0,63.6381,20.6773,74.3145,,1,0.25,429.59,156.66,58.57,460.99
2026-09-01 21:31:50.719,100.0,42.0,18.0,63.6381,20.6773,74.3145,,2,0.5,429.59,156.66,58.57,460.99
2026-09-01 21:31:50.958,100.0,42.0,18.0,63.6381,20.6773,74.3145,,3,0.75,429.58,156.65,58.57,460.98
2026-09-01 21:31:51.213,100.0,42.0,18.0,63.6381,20.6773,74.3145,,4,1.0,429.58,156.65,58.57,460.98
2026-09-01 21:31:51.469,100.0,42.0,18.0,63.6381,20.6773,74.3145,,5,1.25,429.56,156.62,58.56,460.95
2026-09-01 21:31:58.212,100.0,42.0,24.0,61.1281,27.216,74.3145,,1,0.25,429.29,156.21,58.62,460.57
2026-09-01 21:31:58.467,100.0,42.0,24.0,61.1281,27.216,74.3145,,2,0.5,429.29,156.21,58.62,460.57
2026-09-01 21:31:58.722,100.0,42.0,24.0,61.1281,27.216,74.3145,,3,0.75,429.35,156.2,58.61,460.62
2026-09-01 21:31:58.961,100.0,42.0,24.0,61.1281,27.216,74.3145,,4,1.0,429.35,156.2,58.61,460.62
2026-09-01 21:31:59.217,100.0,42.0,24.0,61.1281,27.216,74.3145,,5,1.25,429.42,156.2,58.62,460.69
2026-09-01 21:32:05.960,100.0,42.0,30.0,57.9484,33.4565,74.3145,,1,0.25,429.22,155.84,58.58,460.37
2026-09-01 21:32:06.215,100.0,42.0,30.0,57.9484,33.4565,74.3145,,2,0.5,429.22,155.84,58.58,460.37
2026-09-01 21:32:06.470,100.0,42.0,30.0,57.9484,33.4565,74.3145,,3,0.75,429.21,155.83,58.58,460.36
2026-09-01 21:32:06.709,100.0,42.0,30.0,57.9484,33.4565,74.3145,,4,1.0,429.21,155.83,58.58,460.36
2026-09-01 21:32:06.964,100.0,42.0,30.0,57.9484,33.4565,74.3145,,5,1.25,429.13,155.85,58.59,460.29
2026-09-01 21:32:13.708,100.0,42.0,36.0,54.1338,39.3305,74.3145,,1,0.25,428.79,155.74,58.47,459.92
2026-09-01 21:32:16.211,100.0,42.0,36.0,54.1338,39.3305,74.3145,,2,0.5,428.8,155.72,58.49,459.93
2026-09-01 21:32:16.466,100.0,42.0,36.0,54.1338,39.3305,74.3145,,3,0.75,428.8,155.72,58.49,459.93
2026-09-01 21:32:16.721,100.0,42.0,36.0,54.1338,39.3305,74.3145,,4,1.0,428.75,155.72,58.48,459.88
2026-09-01 21:32:16.960,100.0,42.0,36.0,54.1338,39.3305,74.3145,,5,1.25,428.75,155.72,58.48,459.88
2026-09-01 21:32:23.720,100.0,42.0,42.0,49.7261,44.7736,74.3145,,1,0.25,428.35,155.49,58.43,459.42
2026-09-01 21:32:23.959,100.0,42.0,42.0,49.7261,44.7736,74.3145,,2,0.5,428.36,155.5,58.41,459.43
2026-09-01 21:32:24.214,100.0,42.0,42.0,49.7261,44.7736,74.3145,,3,0.75,428.36,155.5,58.41,459.43
2026-09-01 21:32:24.469,100.0,42.0,42.0,49.7261,44.7736,74.3145,,4,1.0,428.3,155.49,58.43,459.38
2026-09-01 21:32:24.708,100.0,42.0,42.0,49.7261,44.7736,74.3145,,5,1.25,428.39,155.49,58.44,459.46
2026-09-01 21:32:33.716,100.0,42.0,48.0,44.7736,49.7261,74.3145,,1,0.25,428.02,155.28,58.38,459.04
2026-09-01 21:32:33.971,100.0,42.0,48.0,44.7736,49.7261,74.3145,,2,0.5,428.02,155.28,58.38,459.04
2026-09-01 21:32:34.210,100.0,42.0,48.0,44.7736,49.7261,74.3145,,3,0.75,428.02,155.3,58.38,459.05
2026-09-01 21:32:34.465,100.0,42.0,48.0,44.7736,49.7261,74.3145,,4,1.0,428.02,155.3,58.38,459.05
2026-09-01 21:32:34.720,100.0,42.0,48.0,44.7736,49.7261,74.3145,,5,1.25,428.04,155.31,58.38,459.07
2026-09-01 21:32:41.463,100.0,42.0,54.0,39.3305,54.1338,74.3145,,1,0.25,427.55,155.39,58.26,458.62
2026-09-01 21:32:41.719,100.0,42.0,54.0,39.3305,54.1338,74.3145,,2,0.5,427.55,155.39,58.26,458.62
2026-09-01 21:32:41.958,100.0,42.0,54.0,39.3305,54.1338,74.3145,,3,0.75,427.59,155.41,58.26,458.67
2026-09-01 21:32:44.461,100.0,42.0,54.0,39.3305,54.1338,74.3145,,4,1.0,427.59,155.41,58.26,458.67
2026-09-01 21:32:44.716,100.0,42.0,54.0,39.3305,54.1338,74.3145,,5,1.25,427.6,155.41,58.26,458.68
2026-09-01 21:32:51.459,100.0,42.0,60.0,33.4565,57.9484,74.3145,,1,0.25,427.1,155.56,58.11,458.24
2026-09-01 21:32:51.714,100.0,42.0,60.0,33.4565,57.9484,74.3145,,2,0.5,427.1,155.56,58.11,458.24
2026-09-01 21:32:51.969,100.0,42.0,60.0,33.4565,57.9484,74.3145,,3,0.75,427.11,155.55,58.12,458.25
2026-09-01 21:32:52.209,100.0,42.0,60.0,33.4565,57.9484,74.3145,,4,1.0,427.11,155.55,58.12,458.25
2026-09-01 21:32:52.464,100.0,42.0,60.0,33.4565,57.9484,74.3145,,5,1.25,427.07,155.56,58.13,458.22
2026-09-01 21:32:59.207,100.0,42.0,66.0,27.216,61.1281,74.3145,,1,0.25,426.78,155.53,57.99,457.92
2026-09-01 21:33:01.710,100.0,42.0,66.0,27.216,61.1281,74.3145,,2,0.5,426.78,155.53,57.99,457.92
2026-09-01 21:33:01.965,100.0,42.0,66.0,27.216,61.1281,74.3145,,3,0.75,426.78,155.53,57.99,457.92
2026-09-01 21:33:02.220,100.0,42.0,66.0,27.216,61.1281,74.3145,,4,1.0,426.86,155.54,57.97,457.99
2026-09-01 21:33:02.459,100.0,42.0,66.0,27.216,61.1281,74.3145,,5,1.25,426.86,155.54,57.97,457.99
2026-09-01 21:33:09.219,100.0,42.0,72.0,20.6773,63.6381,74.3145,,1,0.25,426.37,155.76,57.9,457.6
2026-09-01 21:33:09.458,100.0,42.0,72.0,20.6773,63.6381,74.3145,,2,0.5,426.34,155.78,57.9,457.58
2026-09-01 21:33:09.713,100.0,42.0,72.0,20.6773,63.6381,74.3145,,3,0.75,426.34,155.78,57.9,457.58
2026-09-01 21:33:09.968,100.0,42.0,72.0,20.6773,63.6381,74.3145,,4,1.0,426.36,155.77,57.89,457.6
2026-09-01 21:33:10.208,100.0,42.0,72.0,20.6773,63.6381,74.3145,,5,1.25,426.37,155.76,57.9,457.6
2026-09-01 21:33:19.215,100.0,42.0,78.0,13.912,65.4508,74.3145,,1,0.25,425.98,156.01,57.83,457.32
2026-09-01 21:33:19.470,100.0,42.0,78.0,13.912,65.4508,74.3145,,2,0.5,425.98,156.01,57.83,457.32
2026-09-01 21:33:19.709,100.0,42.0,78.0,13.912,65.4508,74.3145,,3,0.75,426.01,156.03,57.84,457.35
2026-09-01 21:33:19.964,100.0,42.0,78.0,13.912,65.4508,74.3145,,4,1.0,426.01,156.03,57.84,457.35
2026-09-01 21:33:20.219,100.0,42.0,78.0,13.912,65.4508,74.3145,,5,1.25,426.02,156.04,57.84,457.36
2026-09-01 21:33:26.963,100.0,42.0,84.0,6.9943,66.5465,74.3145,,1,0.25,425.7,156.44,57.68,457.18
2026-09-01 21:33:27.218,100.0,42.0,84.0,6.9943,66.5465,74.3145,,2,0.5,425.7,156.44,57.68,457.18
2026-09-01 21:33:27.457,100.0,42.0,84.0,6.9943,66.5465,74.3145,,3,0.75,425.67,156.43,57.69,457.15
2026-09-01 21:33:29.960,100.0,42.0,84.0,6.9943,66.5465,74.3145,,4,1.0,425.68,156.44,57.69,457.17
2026-09-01 21:33:30.215,100.0,42.0,84.0,6.9943,66.5465,74.3145,,5,1.25,425.68,156.44,57.69,457.17
2026-09-01 21:33:36.959,100.0,42.0,90.0,0.0,66.9131,74.3145,,1,0.25,425.46,156.94,57.58,457.12
2026-09-01 21:33:37.214,100.0,42.0,90.0,0.0,66.9131,74.3145,,2,0.5,425.41,156.94,57.57,457.07
2026-09-01 21:33:37.469,100.0,42.0,90.0,0.0,66.9131,74.3145,,3,0.75,425.41,156.94,57.57,457.07
2026-09-01 21:33:37.708,100.0,42.0,90.0,0.0,66.9131,74.3145,,4,1.0,425.43,156.95,57.59,457.1
2026-09-01 21:33:37.963,100.0,42.0,90.0,0.0,66.9131,74.3145,,5,1.25,425.43,156.95,57.59,457.1
2026-09-01 21:33:44.707,100.0,42.0,96.0,-6.9943,66.5465,74.3145,,1,0.25,425.32,157.39,57.52,457.14
2026-09-01 21:33:47.210,100.0,42.0,96.0,-6.9943,66.5465,74.3145,,2,0.5,425.32,157.39,57.52,457.14
2026-09-01 21:33:47.465,100.0,42.0,96.0,-6.9943,66.5465,74.3145,,3,0.75,425.3,157.36,57.5,457.1
2026-09-01 21:33:47.720,100.0,42.0,96.0,-6.9943,66.5465,74.3145,,4,1.0,425.3,157.36,57.5,457.1
2026-09-01 21:33:47.959,100.0,42.0,96.0,-6.9943,66.5465,74.3145,,5,1.25,425.31,157.36,57.51,457.11
2026-09-01 21:33:54.718,100.0,42.0,102.0,-13.912,65.4508,74.3145,,1,0.25,425.14,158.0,57.37,457.16
2026-09-01 21:33:54.958,100.0,42.0,102.0,-13.912,65.4508,74.3145,,2,0.5,425.14,158.0,57.37,457.16
2026-09-01 21:33:55.213,100.0,42.0,102.0,-13.912,65.4508,74.3145,,3,0.75,425.16,157.99,57.37,457.17
2026-09-01 21:33:55.468,100.0,42.0,102.0,-13.912,65.4508,74.3145,,4,1.0,425.16,157.99,57.37,457.17
2026-09-01 21:33:55.707,100.0,42.0,102.0,-13.912,65.4508,74.3145,,5,1.25,425.24,158.0,57.35,457.25
2026-09-01 21:34:04.714,100.0,42.0,108.0,-20.6773,63.6381,74.3145,,1,0.25,425.2,158.56,57.29,457.4
2026-09-01 21:34:04.969,100.0,42.0,108.0,-20.6773,63.6381,74.3145,,2,0.5,425.3,158.52,57.28,457.48
2026-09-01 21:34:05.209,100.0,42.0,108.0,-20.6773,63.6381,74.3145,,3,0.75,425.3,158.52,57.28,457.48
2026-09-01 21:34:05.464,100.0,42.0,108.0,-20.6773,63.6381,74.3145,,4,1.0,425.28,158.52,57.29,457.46
2026-09-01 21:34:05.719,100.0,42.0,108.0,-20.6773,63.6381,74.3145,,5,1.25,425.28,158.52,57.29,457.46
2026-09-01 21:34:12.462,100.0,42.0,114.0,-27.216,61.1281,74.3145,,1,0.25,425.4,158.84,57.37,457.69
2026-09-01 21:34:12.717,100.0,42.0,114.0,-27.216,61.1281,74.3145,,2,0.5,425.47,158.84,57.38,457.76
2026-09-01 21:34:12.956,100.0,42.0,114.0,-27.216,61.1281,74.3145,,3,0.75,425.43,158.85,57.36,457.72
2026-09-01 21:34:15.459,100.0,42.0,114.0,-27.216,61.1281,74.3145,,4,1.0,425.46,158.86,57.35,457.75
2026-09-01 21:34:15.714,100.0,42.0,114.0,-27.216,61.1281,74.3145,,5,1.25,425.46,158.86,57.35,457.75
2026-09-01 21:34:22.458,100.0,42.0,120.0,-33.4565,57.9484,74.3145,,1,0.25,425.64,159.24,57.33,458.05
2026-09-01 21:34:22.713,100.0,42.0,120.0,-33.4565,57.9484,74.3145,,2,0.5,425.64,159.24,57.33,458.05
2026-09-01 21:34:22.968,100.0,42.0,120.0,-33.4565,57.9484,74.3145,,3,0.75,425.64,159.24,57.33,458.05
2026-09-01 21:34:23.207,100.0,42.0,120.0,-33.4565,57.9484,74.3145,,4,1.0,425.62,159.24,57.32,458.03
2026-09-01 21:34:23.462,100.0,42.0,120.0,-33.4565,57.9484,74.3145,,5,1.25,425.62,159.24,57.32,458.03
2026-09-01 21:34:30.206,100.0,42.0,126.0,-39.3305,54.1338,74.3145,,1,0.25,425.86,159.69,57.34,458.41
2026-09-01 21:34:32.709,100.0,42.0,126.0,-39.3305,54.1338,74.3145,,2,0.5,425.86,159.69,57.34,458.41
2026-09-01 21:34:32.964,100.0,42.0,126.0,-39.3305,54.1338,74.3145,,3,0.75,425.85,159.69,57.34,458.4
2026-09-01 21:34:33.219,100.0,42.0,126.0,-39.3305,54.1338,74.3145,,4,1.0,425.85,159.69,57.34,458.4
2026-09-01 21:34:33.458,100.0,42.0,126.0,-39.3305,54.1338,74.3145,,5,1.25,425.9,159.68,57.34,458.44
2026-09-01 21:34:40.218,100.0,42.0,132.0,-44.7736,49.7261,74.3145,,1,0.25,426.22,159.99,57.39,458.86
2026-09-01 21:34:40.457,100.0,42.0,132.0,-44.7736,49.7261,74.3145,,2,0.5,426.22,160.0,57.39,458.86
2026-09-01 21:34:42.960,100.0,42.0,132.0,-44.7736,49.7261,74.3145,,3,0.75,426.22,160.0,57.39,458.86
2026-09-01 21:34:43.215,100.0,42.0,132.0,-44.7736,49.7261,74.3145,,4,1.0,426.24,160.01,57.38,458.88
2026-09-01 21:34:43.470,100.0,42.0,132.0,-44.7736,49.7261,74.3145,,5,1.25,426.24,160.01,57.38,458.88
2026-09-01 21:34:50.214,100.0,42.0,138.0,-49.7261,44.7736,74.3145,,1,0.25,426.67,160.25,57.42,459.37
2026-09-01 21:34:50.469,100.0,42.0,138.0,-49.7261,44.7736,74.3145,,2,0.5,426.67,160.25,57.42,459.37
2026-09-01 21:34:50.708,100.0,42.0,138.0,-49.7261,44.7736,74.3145,,3,0.75,426.67,160.25,57.42,459.37
2026-09-01 21:34:50.963,100.0,42.0,138.0,-49.7261,44.7736,74.3145,,4,1.0,426.63,160.26,57.42,459.34
2026-09-01 21:34:51.218,100.0,42.0,138.0,-49.7261,44.7736,74.3145,,5,1.25,426.63,160.26,57.42,459.34
2026-09-01 21:34:57.962,100.0,42.0,144.0,-54.1338,39.3305,74.3145,,1,0.25,427.07,160.29,57.5,459.76
2026-09-01 21:34:58.217,100.0,42.0,144.0,-54.1338,39.3305,74.3145,,2,0.5,427.07,160.3,57.5,459.77
2026-09-01 21:34:58.456,100.0,42.0,144.0,-54.1338,39.3305,74.3145,,3,0.75,427.04,160.27,57.5,459.73
2026-09-01 21:35:00.959,100.0,42.0,144.0,-54.1338,39.3305,74.3145,,4,1.0,427.04,160.27,57.5,459.73
2026-09-01 21:35:01.214,100.0,42.0,144.0,-54.1338,39.3305,74.3145,,5,1.25,427.06,160.26,57.51,459.75
2026-09-01 21:35:07.957,100.0,42.0,150.0,-57.9484,33.4565,74.3145,,1,0.25,427.62,160.19,57.62,460.26
2026-09-01 21:35:08.213,100.0,42.0,150.0,-57.9484,33.4565,74.3145,,2,0.5,427.62,160.19,57.62,460.26
2026-09-01 21:35:08.468,100.0,42.0,150.0,-57.9484,33.4565,74.3145,,3,0.75,427.61,160.21,57.62,460.25
2026-09-01 21:35:08.707,100.0,42.0,150.0,-57.9484,33.4565,74.3145,,4,1.0,427.58,160.19,57.61,460.22
2026-09-01 21:35:11.210,100.0,42.0,150.0,-57.9484,33.4565,74.3145,,5,1.25,427.58,160.19,57.61,460.22
2026-09-01 21:35:17.969,100.0,42.0,156.0,-61.1281,27.216,74.3145,,1,0.25,427.92,160.33,57.62,460.58
2026-09-01 21:35:18.208,100.0,42.0,156.0,-61.1281,27.216,74.3145,,2,0.5,427.9,160.33,57.62,460.56
2026-09-01 21:35:18.464,100.0,42.0,156.0,-61.1281,27.216,74.3145,,3,0.75,427.9,160.33,57.62,460.56
2026-09-01 21:35:18.719,100.0,42.0,156.0,-61.1281,27.216,74.3145,,4,1.0,427.9,160.32,57.62,460.56
2026-09-01 21:35:18.958,100.0,42.0,156.0,-61.1281,27.216,74.3145,,5,1.25,427.9,160.32,57.62,460.56
2026-09-01 21:35:25.717,100.0,42.0,162.0,-63.6381,20.6773,74.3145,,1,0.25,428.33,160.11,57.72,460.9
2026-09-01 21:35:25.956,100.0,42.0,162.0,-63.6381,20.6773,74.3145,,2,0.5,428.32,160.14,57.72,460.9
2026-09-01 21:35:28.459,100.0,42.0,162.0,-63.6381,20.6773,74.3145,,3,0.75,428.34,160.17,57.74,460.93
2026-09-01 21:35:28.715,100.0,42.0,162.0,-63.6381,20.6773,74.3145,,4,1.0,428.34,160.17,57.74,460.93
2026-09-01 21:35:28.970,100.0,42.0,162.0,-63.6381,20.6773,74.3145,,5,1.25,428.34,160.17,57.74,460.93
2026-09-01 21:35:35.713,100.0,42.0,168.0,-65.4508,13.912,74.3145,,1,0.25,428.7,159.85,57.87,461.17
2026-09-01 21:35:35.968,100.0,42.0,168.0,-65.4508,13.912,74.3145,,2,0.5,428.7,159.85,57.87,461.17
2026-09-01 21:35:36.207,100.0,42.0,168.0,-65.4508,13.912,74.3145,,3,0.75,428.71,159.83,57.86,461.17
2026-09-01 21:35:36.462,100.0,42.0,168.0,-65.4508,13.912,74.3145,,4,1.0,428.71,159.83,57.86,461.17
2026-09-01 21:35:36.718,100.0,42.0,168.0,-65.4508,13.912,74.3145,,5,1.25,428.68,159.84,57.86,461.15
2026-09-01 21:35:43.461,100.0,42.0,174.0,-66.5465,6.9943,74.3145,,1,0.25,428.94,159.7,57.92,461.35
2026-09-01 21:35:43.716,100.0,42.0,174.0,-66.5465,6.9943,74.3145,,2,0.5,428.94,159.7,57.92,461.35
2026-09-01 21:35:43.971,100.0,42.0,174.0,-66.5465,6.9943,74.3145,,3,0.75,428.95,159.67,57.93,461.35
2026-09-01 21:35:44.210,100.0,42.0,174.0,-66.5465,6.9943,74.3145,,4,1.0,428.95,159.67,57.93,461.35
2026-09-01 21:35:44.466,100.0,42.0,174.0,-66.5465,6.9943,74.3145,,5,1.25,428.99,159.67,57.91,461.38
2026-09-01 21:35:51.209,100.0,42.0,180.0,-66.9131,0.0,74.3145,,1,0.25,429.3,159.16,57.97,461.5
2026-09-01 21:35:51.464,100.0,42.0,180.0,-66.9131,0.0,74.3145,,2,0.5,429.3,159.16,57.97,461.5
2026-09-01 21:35:51.719,100.0,42.0,180.0,-66.9131,0.0,74.3145,,3,0.75,429.26,159.14,57.97,461.46
2026-09-01 21:35:51.958,100.0,42.0,180.0,-66.9131,0.0,74.3145,,4,1.0,429.26,159.14,57.97,461.46
2026-09-01 21:35:52.214,100.0,42.0,180.0,-66.9131,0.0,74.3145,,5,1.25,429.24,159.14,57.95,461.44
2026-09-01 21:35:58.957,100.0,42.0,186.0,-66.5465,-6.9943,74.3145,,1,0.25,429.5,158.74,58.08,461.56
2026-09-01 21:35:59.212,100.0,42.0,186.0,-66.5465,-6.9943,74.3145,,2,0.5,429.5,158.74,58.08,461.56
2026-09-01 21:35:59.467,100.0,42.0,186.0,-66.5465,-6.9943,74.3145,,3,0.75,429.5,158.73,58.07,461.55
2026-09-01 21:35:59.706,100.0,42.0,186.0,-66.5465,-6.9943,74.3145,,4,1.0,429.55,158.72,58.06,461.6
2026-09-01 21:36:02.209,100.0,42.0,186.0,-66.5465,-6.9943,74.3145,,5,1.25,429.55,158.72,58.06,461.6
2026-09-01 21:36:08.969,100.0,42.0,192.0,-65.4508,-13.912,74.3145,,1,0.25,429.56,158.37,58.18,461.5
2026-09-01 21:36:09.208,100.0,42.0,192.0,-65.4508,-13.912,74.3145,,2,0.5,429.57,158.37,58.18,461.51
2026-09-01 21:36:09.463,100.0,42.0,192.0,-65.4508,-13.912,74.3145,,3,0.75,429.57,158.37,58.18,461.51
2026-09-01 21:36:09.718,100.0,42.0,192.0,-65.4508,-13.912,74.3145,,4,1.0,429.58,158.37,58.17,461.52
2026-09-01 21:36:09.957,100.0,42.0,192.0,-65.4508,-13.912,74.3145,,5,1.25,429.58,158.37,58.17,461.52
2026-09-01 21:36:16.717,100.0,42.0,198.0,-63.6381,-20.6773,74.3145,,1,0.25,429.6,157.91,58.2,461.38
2026-09-01 21:36:16.956,100.0,42.0,198.0,-63.6381,-20.6773,74.3145,,2,0.5,429.66,157.93,58.19,461.44
2026-09-01 21:36:19.459,100.0,42.0,198.0,-63.6381,-20.6773,74.3145,,3,0.75,429.66,157.93,58.19,461.44
2026-09-01 21:36:19.714,100.0,42.0,198.0,-63.6381,-20.6773,74.3145,,4,1.0,429.7,157.92,58.19,461.48
2026-09-01 21:36:19.969,100.0,42.0,198.0,-63.6381,-20.6773,74.3145,,5,1.25,429.7,157.92,58.19,461.48
2026-09-01 21:36:26.713,100.0,42.0,204.0,-61.1281,-27.216,74.3145,,1,0.25,429.47,157.58,58.18,461.15
2026-09-01 21:36:26.968,100.0,42.0,204.0,-61.1281,-27.216,74.3145,,2,0.5,429.47,157.58,58.18,461.15
2026-09-01 21:36:27.207,100.0,42.0,204.0,-61.1281,-27.216,74.3145,,3,0.75,429.51,157.57,58.18,461.18
2026-09-01 21:36:27.462,100.0,42.0,204.0,-61.1281,-27.216,74.3145,,4,1.0,429.51,157.57,58.18,461.18
2026-09-01 21:36:27.717,100.0,42.0,204.0,-61.1281,-27.216,74.3145,,5,1.25,429.51,157.57,58.18,461.18
2026-09-01 21:36:34.461,100.0,42.0,210.0,-57.9484,-33.4565,74.3145,,1,0.25,429.35,157.16,58.31,460.91
2026-09-01 21:36:34.716,100.0,42.0,210.0,-57.9484,-33.4565,74.3145,,2,0.5,429.35,157.16,58.31,460.91
2026-09-01 21:36:34.971,100.0,42.0,210.0,-57.9484,-33.4565,74.3145,,3,0.75,429.29,157.17,58.32,460.86
2026-09-01 21:36:35.210,100.0,42.0,210.0,-57.9484,-33.4565,74.3145,,4,1.0,429.29,157.17,58.32,460.86
2026-09-01 21:36:35.465,100.0,42.0,210.0,-57.9484,-33.4565,74.3145,,5,1.25,429.33,157.18,58.32,460.9
2026-09-01 21:36:42.208,100.0,42.0,216.0,-54.1338,-39.3305,74.3145,,1,0.25,429.14,156.95,58.26,460.63
2026-09-01 21:36:42.464,100.0,42.0,216.0,-54.1338,-39.3305,74.3145,,2,0.5,429.14,156.95,58.26,460.63
2026-09-01 21:36:42.719,100.0,42.0,216.0,-54.1338,-39.3305,74.3145,,3,0.75,429.15,156.96,58.24,460.64
2026-09-01 21:36:42.958,100.0,42.0,216.0,-54.1338,-39.3305,74.3145,,4,1.0,429.15,156.96,58.24,460.64
2026-09-01 21:36:43.213,100.0,42.0,216.0,-54.1338,-39.3305,74.3145,,5,1.25,429.18,156.97,58.25,460.68
2026-09-01 21:36:49.956,100.0,42.0,222.0,-49.7261,-44.7736,74.3145,,1,0.25,428.86,156.77,58.25,460.31
2026-09-01 21:36:50.212,100.0,42.0,222.0,-49.7261,-44.7736,74.3145,,2,0.5,428.86,156.77,58.25,460.31
2026-09-01 21:36:50.467,100.0,42.0,222.0,-49.7261,-44.7736,74.3145,,3,0.75,428.86,156.77,58.24,460.31
2026-09-01 21:36:50.706,100.0,42.0,222.0,-49.7261,-44.7736,74.3145,,4,1.0,428.9,156.78,58.22,460.35
2026-09-01 21:36:53.209,100.0,42.0,222.0,-49.7261,-44.7736,74.3145,,5,1.25,428.89,156.79,58.23,460.34
2026-09-01 21:36:59.968,100.0,42.0,228.0,-44.7736,-49.7261,74.3145,,1,0.25,428.52,156.55,58.16,459.91
2026-09-01 21:37:00.207,100.0,42.0,228.0,-44.7736,-49.7261,74.3145,,2,0.5,428.59,156.54,58.17,459.97
2026-09-01 21:37:00.462,100.0,42.0,228.0,-44.7736,-49.7261,74.3145,,3,0.75,428.59,156.54,58.17,459.97
2026-09-01 21:37:00.717,100.0,42.0,228.0,-44.7736,-49.7261,74.3145,,4,1.0,428.59,156.54,58.17,459.97
2026-09-01 21:37:00.957,100.0,42.0,228.0,-44.7736,-49.7261,74.3145,,5,1.25,428.56,156.56,58.19,459.95
2026-09-01 21:37:07.716,100.0,42.0,234.0,-39.3305,-54.1338,74.3145,,1,0.25,428.24,156.42,58.15,459.6
2026-09-01 21:37:07.955,100.0,42.0,234.0,-39.3305,-54.1338,74.3145,,2,0.5,428.25,156.4,58.17,459.61
2026-09-01 21:37:10.458,100.0,42.0,234.0,-39.3305,-54.1338,74.3145,,3,0.75,428.25,156.4,58.17,459.61
2026-09-01 21:37:10.713,100.0,42.0,234.0,-39.3305,-54.1338,74.3145,,4,1.0,428.22,156.4,58.16,459.58
2026-09-01 21:37:10.968,100.0,42.0,234.0,-39.3305,-54.1338,74.3145,,5,1.25,428.22,156.4,58.16,459.58
2026-09-01 21:37:17.712,100.0,42.0,240.0,-33.4565,-57.9484,74.3145,,1,0.25,427.7,156.65,58.09,459.17
2026-09-01 21:37:17.967,100.0,42.0,240.0,-33.4565,-57.9484,74.3145,,2,0.5,427.7,156.65,58.09,459.17
2026-09-01 21:37:18.206,100.0,42.0,240.0,-33.4565,-57.9484,74.3145,,3,0.75,427.78,156.63,58.09,459.24
2026-09-01 21:37:20.709,100.0,42.0,240.0,-33.4565,-57.9484,74.3145,,4,1.0,427.78,156.63,58.09,459.24
2026-09-01 21:37:20.964,100.0,42.0,240.0,-33.4565,-57.9484,74.3145,,5,1.25,427.81,156.63,58.1,459.27
2026-09-01 21:37:27.708,100.0,42.0,246.0,-27.216,-61.1281,74.3145,,1,0.25,427.39,156.59,58.07,458.86
2026-09-01 21:37:27.963,100.0,42.0,246.0,-27.216,-61.1281,74.3145,,2,0.5,427.39,156.59,58.07,458.86
2026-09-01 21:37:28.218,100.0,42.0,246.0,-27.216,-61.1281,74.3145,,3,0.75,427.4,156.59,58.06,458.87
2026-09-01 21:37:28.457,100.0,42.0,246.0,-27.216,-61.1281,74.3145,,4,1.0,427.4,156.59,58.06,458.87
2026-09-01 21:37:28.712,100.0,42.0,246.0,-27.216,-61.1281,74.3145,,5,1.25,427.41,156.57,58.06,458.87
2026-09-01 21:37:35.456,100.0,42.0,252.0,-20.6773,-63.6381,74.3145,,1,0.25,427.03,156.54,57.91,458.48
2026-09-01 21:37:37.958,100.0,42.0,252.0,-20.6773,-63.6381,74.3145,,2,0.5,427.06,156.52,57.92,458.51
2026-09-01 21:37:38.214,100.0,42.0,252.0,-20.6773,-63.6381,74.3145,,3,0.75,427.06,156.52,57.92,458.51
2026-09-01 21:37:38.469,100.0,42.0,252.0,-20.6773,-63.6381,74.3145,,4,1.0,427.06,156.53,57.92,458.51
2026-09-01 21:37:38.708,100.0,42.0,252.0,-20.6773,-63.6381,74.3145,,5,1.25,427.06,156.53,57.92,458.51
2026-09-01 21:37:45.467,100.0,42.0,258.0,-13.912,-65.4508,74.3145,,1,0.25,426.78,156.76,57.95,458.33
2026-09-01 21:37:45.706,100.0,42.0,258.0,-13.912,-65.4508,74.3145,,2,0.5,426.81,156.75,57.94,458.36
2026-09-01 21:37:45.961,100.0,42.0,258.0,-13.912,-65.4508,74.3145,,3,0.75,426.81,156.75,57.94,458.36
2026-09-01 21:37:46.217,100.0,42.0,258.0,-13.912,-65.4508,74.3145,,4,1.0,426.78,156.74,57.95,458.33
2026-09-01 21:37:46.456,100.0,42.0,258.0,-13.912,-65.4508,74.3145,,5,1.25,426.76,156.72,57.94,458.3
2026-09-01 21:37:55.463,100.0,42.0,264.0,-6.9943,-66.5465,74.3145,,1,0.25,426.64,156.87,57.92,458.24
2026-09-01 21:37:55.718,100.0,42.0,264.0,-6.9943,-66.5465,74.3145,,2,0.5,426.64,156.87,57.92,458.24
2026-09-01 21:37:55.957,100.0,42.0,264.0,-6.9943,-66.5465,74.3145,,3,0.75,426.62,156.86,57.93,458.22
2026-09-01 21:37:56.212,100.0,42.0,264.0,-6.9943,-66.5465,74.3145,,4,1.0,426.62,156.86,57.93,458.22
2026-09-01 21:37:56.467,100.0,42.0,264.0,-6.9943,-66.5465,74.3145,,5,1.25,426.64,156.87,57.92,458.24
2026-09-01 21:38:03.211,100.0,42.0,270.0,-0.0,-66.9131,74.3145,,1,0.25,426.41,157.23,57.9,458.14
2026-09-01 21:38:03.466,100.0,42.0,270.0,-0.0,-66.9131,74.3145,,2,0.5,426.41,157.23,57.9,458.14
2026-09-01 21:38:03.705,100.0,42.0,270.0,-0.0,-66.9131,74.3145,,3,0.75,426.38,157.23,57.89,458.11
2026-09-01 21:38:06.208,100.0,42.0,270.0,-0.0,-66.9131,74.3145,,4,1.0,426.38,157.23,57.89,458.11
2026-09-01 21:38:06.463,100.0,42.0,270.0,-0.0,-66.9131,74.3145,,5,1.25,426.37,157.25,57.9,458.11
2026-09-01 21:38:13.207,100.0,42.0,276.0,6.9943,-66.5465,74.3145,,1,0.25,426.34,157.43,57.92,458.15
2026-09-01 21:38:13.462,100.0,42.0,276.0,6.9943,-66.5465,74.3145,,2,0.5,426.3,157.42,57.93,458.11
2026-09-01 21:38:13.717,100.0,42.0,276.0,6.9943,-66.5465,74.3145,,3,0.75,426.3,157.42,57.93,458.11
2026-09-01 21:38:13.956,100.0,42.0,276.0,6.9943,-66.5465,74.3145,,4,1.0,426.37,157.4,57.93,458.17
2026-09-01 21:38:14.211,100.0,42.0,276.0,6.9943,-66.5465,74.3145,,5,1.25,426.37,157.4,57.93,458.17
2026-09-01 21:38:20.955,100.0,42.0,282.0,13.912,-65.4508,74.3145,,1,0.25,426.26,157.92,57.95,458.25
2026-09-01 21:38:23.457,100.0,42.0,282.0,13.912,-65.4508,74.3145,,2,0.5,426.32,157.89,57.93,458.29
2026-09-01 21:38:23.713,100.0,42.0,282.0,13.912,-65.4508,74.3145,,3,0.75,426.32,157.89,57.93,458.29
2026-09-01 21:38:23.968,100.0,42.0,282.0,13.912,-65.4508,74.3145,,4,1.0,426.3,157.91,57.92,458.28
2026-09-01 21:38:24.207,100.0,42.0,282.0,13.912,-65.4508,74.3145,,5,1.25,426.3,157.91,57.92,458.28
2026-09-01 21:38:30.966,100.0,42.0,288.0,20.6773,-63.6381,74.3145,,1,0.25,426.3,158.24,57.85,458.38
2026-09-01 21:38:31.205,100.0,42.0,288.0,20.6773,-63.6381,74.3145,,2,0.5,426.31,158.25,57.86,458.4
2026-09-01 21:38:33.708,100.0,42.0,288.0,20.6773,-63.6381,74.3145,,3,0.75,426.26,158.25,57.85,458.35
2026-09-01 21:38:33.963,100.0,42.0,288.0,20.6773,-63.6381,74.3145,,4,1.0,426.26,158.25,57.85,458.35
2026-09-01 21:38:34.218,100.0,42.0,288.0,20.6773,-63.6381,74.3145,,5,1.25,426.26,158.26,57.86,458.35
2026-09-01 21:38:40.962,100.0,42.0,294.0,27.216,-61.1281,74.3145,,1,0.25,426.41,158.59,57.91,458.61
2026-09-01 21:38:41.217,100.0,42.0,294.0,27.216,-61.1281,74.3145,,2,0.5,426.41,158.59,57.91,458.61
2026-09-01 21:38:41.456,100.0,42.0,294.0,27.216,-61.1281,74.3145,,3,0.75,426.45,158.59,57.89,458.65
2026-09-01 21:38:41.711,100.0,42.0,294.0,27.216,-61.1281,74.3145,,4,1.0,426.45,158.59,57.89,458.65
2026-09-01 21:38:41.966,100.0,42.0,294.0,27.216,-61.1281,74.3145,,5,1.25,426.49,158.58,57.9,458.68
2026-09-01 21:38:48.710,100.0,42.0,300.0,33.4565,-57.9484,74.3145,,1,0.25,426.62,158.94,58.02,458.94
2026-09-01 21:38:48.965,100.0,42.0,300.0,33.4565,-57.9484,74.3145,,2,0.5,426.62,158.94,58.02,458.94
2026-09-01 21:38:49.220,100.0,42.0,300.0,33.4565,-57.9484,74.3145,,3,0.75,426.63,158.95,58.01,458.95
2026-09-01 21:38:49.459,100.0,42.0,300.0,33.4565,-57.9484,74.3145,,4,1.0,426.63,158.95,58.01,458.95
2026-09-01 21:38:49.714,100.0,42.0,300.0,33.4565,-57.9484,74.3145,,5,1.25,426.58,158.94,58.01,458.9
2026-09-01 21:38:56.458,100.0,42.0,306.0,39.3305,-54.1338,74.3145,,1,0.25,426.88,159.08,58.02,459.23
2026-09-01 21:38:56.713,100.0,42.0,306.0,39.3305,-54.1338,74.3145,,2,0.5,426.88,159.08,58.02,459.23
2026-09-01 21:38:56.968,100.0,42.0,306.0,39.3305,-54.1338,74.3145,,3,0.75,426.83,159.09,58.01,459.19
2026-09-01 21:38:57.207,100.0,42.0,306.0,39.3305,-54.1338,74.3145,,4,1.0,426.83,159.09,58.01,459.19
2026-09-01 21:38:57.462,100.0,42.0,306.0,39.3305,-54.1338,74.3145,,5,1.25,426.87,159.07,58.03,459.22
2026-09-01 21:39:04.206,100.0,42.0,312.0,44.7736,-49.7261,74.3145,,1,0.25,427.17,159.25,58.08,459.57
2026-09-01 21:39:04.461,100.0,42.0,312.0,44.7736,-49.7261,74.3145,,2,0.5,427.17,159.25,58.08,459.57
2026-09-01 21:39:04.716,100.0,42.0,312.0,44.7736,-49.7261,74.3145,,3,0.75,427.22,159.27,58.09,459.62
2026-09-01 21:39:04.955,100.0,42.0,312.0,44.7736,-49.7261,74.3145,,4,1.0,427.17,159.28,58.06,459.58
2026-09-01 21:39:07.458,100.0,42.0,312.0,44.7736,-49.7261,74.3145,,5,1.25,427.17,159.28,58.06,459.58
2026-09-01 21:39:14.217,100.0,42.0,318.0,49.7261,-44.7736,74.3145,,1,0.25,427.52,159.43,58.1,459.96
2026-09-01 21:39:14.456,100.0,42.0,318.0,49.7261,-44.7736,74.3145,,2,0.5,427.55,159.42,58.11,459.98
2026-09-01 21:39:14.712,100.0,42.0,318.0,49.7261,-44.7736,74.3145,,3,0.75,427.55,159.42,58.11,459.98
2026-09-01 21:39:14.967,100.0,42.0,318.0,49.7261,-44.7736,74.3145,,4,1.0,427.5,159.43,58.13,459.94
2026-09-01 21:39:15.206,100.0,42.0,318.0,49.7261,-44.7736,74.3145,,5,1.25,427.5,159.43,58.13,459.94
2026-09-01 21:39:21.965,100.0,42.0,324.0,54.1338,-39.3305,74.3145,,1,0.25,427.9,159.31,58.14,460.28
2026-09-01 21:39:22.204,100.0,42.0,324.0,54.1338,-39.3305,74.3145,,2,0.5,427.9,159.28,58.15,460.27
2026-09-01 21:39:24.707,100.0,42.0,324.0,54.1338,-39.3305,74.3145,,3,0.75,427.95,159.3,58.14,460.32
2026-09-01 21:39:24.962,100.0,42.0,324.0,54.1338,-39.3305,74.3145,,4,1.0,427.95,159.3,58.14,460.32
2026-09-01 21:39:25.218,100.0,42.0,324.0,54.1338,-39.3305,74.3145,,5,1.25,427.95,159.3,58.15,460.32
2026-09-01 21:39:31.961,100.0,42.0,330.0,57.9484,-33.4565,74.3145,,1,0.25,428.24,159.26,58.33,460.6
2026-09-01 21:39:32.216,100.0,42.0,330.0,57.9484,-33.4565,74.3145,,2,0.5,428.24,159.26,58.33,460.6
2026-09-01 21:39:32.455,100.0,42.0,330.0,57.9484,-33.4565,74.3145,,3,0.75,428.26,159.25,58.34,460.61
2026-09-01 21:39:32.710,100.0,42.0,330.0,57.9484,-33.4565,74.3145,,4,1.0,428.26,159.25,58.34,460.61
2026-09-01 21:39:32.965,100.0,42.0,330.0,57.9484,-33.4565,74.3145,,5,1.25,428.29,159.26,58.34,460.65
2026-09-01 21:39:39.709,100.0,42.0,336.0,61.1281,-27.216,74.3145,,1,0.25,428.57,159.23,58.31,460.89
2026-09-01 21:39:39.964,100.0,42.0,336.0,61.1281,-27.216,74.3145,,2,0.5,428.57,159.23,58.31,460.89
2026-09-01 21:39:40.219,100.0,42.0,336.0,61.1281,-27.216,74.3145,,3,0.75,428.59,159.2,58.29,460.9
2026-09-01 21:39:40.459,100.0,42.0,336.0,61.1281,-27.216,74.3145,,4,1.0,428.59,159.2,58.29,460.9
2026-09-01 21:39:40.714,100.0,42.0,336.0,61.1281,-27.216,74.3145,,5,1.25,428.58,159.22,58.31,460.9
2026-09-01 21:39:47.457,100.0,42.0,342.0,63.6381,-20.6773,74.3145,,1,0.25,429.02,158.8,58.4,461.17
2026-09-01 21:39:47.712,100.0,42.0,342.0,63.6381,-20.6773,74.3145,,2,0.5,429.02,158.8,58.4,461.17
2026-09-01 21:39:47.967,100.0,42.0,342.0,63.6381,-20.6773,74.3145,,3,0.75,428.97,158.79,58.39,461.12
2026-09-01 21:39:48.207,100.0,42.0,342.0,63.6381,-20.6773,74.3145,,4,1.0,428.97,158.79,58.39,461.12
2026-09-01 21:39:48.462,100.0,42.0,342.0,63.6381,-20.6773,74.3145,,5,1.25,429.03,158.77,58.39,461.17
2026-09-01 21:39:55.205,100.0,42.0,348.0,65.4508,-13.912,74.3145,,1,0.25,429.27,158.5,58.54,461.32
2026-09-01 21:39:55.460,100.0,42.0,348.0,65.4508,-13.912,74.3145,,2,0.5,429.27,158.5,58.54,461.32
2026-09-01 21:39:55.715,100.0,42.0,348.0,65.4508,-13.912,74.3145,,3,0.75,429.29,158.51,58.56,461.35
2026-09-01 21:39:55.954,100.0,42.0,348.0,65.4508,-13.912,74.3145,,4,1.0,429.24,158.52,58.53,461.3
2026-09-01 21:39:58.457,100.0,42.0,348.0,65.4508,-13.912,74.3145,,5,1.25,429.24,158.52,58.53,461.3
2026-09-01 21:40:05.217,100.0,42.0,354.0,66.5465,-6.9943,74.3145,,1,0.25,429.46,158.22,58.51,461.4
2026-09-01 21:40:05.456,100.0,42.0,354.0,66.5465,-6.9943,74.3145,,2,0.5,429.43,158.25,58.51,461.38
2026-09-01 21:40:05.711,100.0,42.0,354.0,66.5465,-6.9943,74.3145,,3,0.75,429.43,158.25,58.51,461.38
2026-09-01 21:40:05.966,100.0,42.0,354.0,66.5465,-6.9943,74.3145,,4,1.0,429.38,158.22,58.51,461.32
2026-09-01 21:40:06.205,100.0,42.0,354.0,66.5465,-6.9943,74.3145,,5,1.25,429.38,158.22,58.51,461.32
2026-09-01 21:40:13.204,100.0,48.0,354.0,73.9074,-7.768,66.9131,,1,0.25,429.68,158.49,58.5,461.69
2026-09-01 21:40:15.707,100.0,48.0,354.0,73.9074,-7.768,66.9131,,2,0.5,429.74,158.47,58.49,461.74
2026-09-01 21:40:15.962,100.0,48.0,354.0,73.9074,-7.768,66.9131,,3,0.75,429.74,158.47,58.49,461.74
2026-09-01 21:40:16.217,100.0,48.0,354.0,73.9074,-7.768,66.9131,,4,1.0,429.71,158.48,58.49,461.72
2026-09-01 21:40:16.456,100.0,48.0,354.0,73.9074,-7.768,66.9131,,5,1.25,429.71,158.48,58.49,461.72
2026-09-01 21:40:23.343,100.0,48.0,348.0,72.6905,-15.4508,66.9131,,1,0.25,429.43,159.03,58.39,461.63
2026-09-01 21:40:23.582,100.0,48.0,348.0,72.6905,-15.4508,66.9131,,2,0.5,429.4,159.02,58.39,461.6
2026-09-01 21:40:23.838,100.0,48.0,348.0,72.6905,-15.4508,66.9131,,3,0.75,429.4,159.02,58.39,461.6
2026-09-01 21:40:24.093,100.0,48.0,348.0,72.6905,-15.4508,66.9131,,4,1.0,429.42,159.0,58.39,461.61
2026-09-01 21:40:24.332,100.0,48.0,348.0,72.6905,-15.4508,66.9131,,5,1.25,429.42,159.0,58.39,461.61
2026-09-01 21:40:31.219,100.0,48.0,342.0,70.6773,-22.9644,66.9131,,1,0.25,429.11,159.3,58.36,461.43
2026-09-01 21:40:31.458,100.0,48.0,342.0,70.6773,-22.9644,66.9131,,2,0.5,429.11,159.3,58.36,461.43
2026-09-01 21:40:31.713,100.0,48.0,342.0,70.6773,-22.9644,66.9131,,3,0.75,429.12,159.31,58.35,461.44
2026-09-01 21:40:31.968,100.0,48.0,342.0,70.6773,-22.9644,66.9131,,4,1.0,429.12,159.31,58.35,461.44
2026-09-01 21:40:32.207,100.0,48.0,342.0,70.6773,-22.9644,66.9131,,5,1.25,429.13,159.32,58.36,461.45
2026-09-01 21:40:39.094,100.0,48.0,336.0,67.8897,-30.2264,66.9131,,1,0.25,428.75,159.52,58.28,461.16
2026-09-01 21:40:39.333,100.0,48.0,336.0,67.8897,-30.2264,66.9131,,2,0.5,428.75,159.52,58.28,461.16
2026-09-01 21:40:39.588,100.0,48.0,336.0,67.8897,-30.2264,66.9131,,3,0.75,428.74,159.52,58.28,461.15
2026-09-01 21:40:39.843,100.0,48.0,336.0,67.8897,-30.2264,66.9131,,4,1.0,428.74,159.52,58.28,461.15
2026-09-01 21:40:40.083,100.0,48.0,336.0,67.8897,-30.2264,66.9131,,5,1.25,428.72,159.52,58.28,461.13
2026-09-01 21:40:46.954,100.0,48.0,330.0,64.3582,-37.1572,66.9131,,1,0.25,428.26,159.77,58.13,460.77
2026-09-01 21:40:49.457,100.0,48.0,330.0,64.3582,-37.1572,66.9131,,2,0.5,428.26,159.77,58.13,460.77
2026-09-01 21:40:49.712,100.0,48.0,330.0,64.3582,-37.1572,66.9131,,3,0.75,428.32,159.76,58.14,460.82
2026-09-01 21:40:49.967,100.0,48.0,330.0,64.3582,-37.1572,66.9131,,4,1.0,428.32,159.76,58.14,460.82
2026-09-01 21:40:50.206,100.0,48.0,330.0,64.3582,-37.1572,66.9131,,5,1.25,428.32,159.76,58.13,460.82
2026-09-01 21:40:58.952,100.0,48.0,324.0,60.1217,-43.681,66.9131,,1,1.5,427.85,159.88,58.01,460.41
2026-09-01 21:40:59.086,100.0,48.0,324.0,60.1217,-43.681,66.9131,,2,1.75,427.84,159.88,58.02,460.4
2026-09-01 21:40:59.341,100.0,48.0,324.0,60.1217,-43.681,66.9131,,3,2.0,427.84,159.88,58.02,460.4
2026-09-01 21:40:59.580,100.0,48.0,324.0,60.1217,-43.681,66.9131,,4,2.25,427.84,159.9,58.01,460.41
2026-09-01 21:40:59.835,100.0,48.0,324.0,60.1217,-43.681,66.9131,,5,2.5,427.84,159.9,58.01,460.41
2026-09-01 21:41:06.578,100.0,48.0,318.0,55.2264,-49.7261,66.9131,,1,0.25,427.33,159.85,57.98,459.91
2026-09-01 21:41:06.833,100.0,48.0,318.0,55.2264,-49.7261,66.9131,,2,0.5,427.32,159.85,57.99,459.91
2026-09-01 21:41:07.089,100.0,48.0,318.0,55.2264,-49.7261,66.9131,,3,0.75,427.32,159.85,57.99,459.91
2026-09-01 21:41:07.344,100.0,48.0,318.0,55.2264,-49.7261,66.9131,,4,1.0,427.31,159.84,57.99,459.89
2026-09-01 21:41:07.583,100.0,48.0,318.0,55.2264,-49.7261,66.9131,,5,1.25,427.31,159.84,57.99,459.89
2026-09-01 21:41:14.342,100.0,48.0,312.0,49.7261,-55.2264,66.9131,,1,0.25,426.85,159.83,57.85,459.44
2026-09-01 21:41:14.581,100.0,48.0,312.0,49.7261,-55.2264,66.9131,,2,0.5,426.85,159.82,57.86,459.44
2026-09-01 21:41:14.836,100.0,48.0,312.0,49.7261,-55.2264,66.9131,,3,0.75,426.85,159.82,57.86,459.44
2026-09-01 21:41:15.091,100.0,48.0,312.0,49.7261,-55.2264,66.9131,,4,1.0,426.87,159.85,57.87,459.47
2026-09-01 21:41:15.331,100.0,48.0,312.0,49.7261,-55.2264,66.9131,,5,1.25,426.87,159.85,57.87,459.47
2026-09-01 21:41:22.090,100.0,48.0,306.0,43.681,-60.1217,66.9131,,1,0.25,426.43,159.71,57.74,459.0
2026-09-01 21:41:22.329,100.0,48.0,306.0,43.681,-60.1217,66.9131,,2,0.5,426.51,159.72,57.74,459.08
2026-09-01 21:41:22.584,100.0,48.0,306.0,43.681,-60.1217,66.9131,,3,0.75,426.51,159.72,57.74,459.08
2026-09-01 21:41:22.839,100.0,48.0,306.0,43.681,-60.1217,66.9131,,4,1.0,426.44,159.72,57.74,459.01
2026-09-01 21:41:23.078,100.0,48.0,306.0,43.681,-60.1217,66.9131,,5,1.25,426.44,159.72,57.74,459.01
2026-09-01 21:41:29.838,100.0,48.0,300.0,37.1572,-64.3582,66.9131,,1,0.25,426.06,159.47,57.78,458.58
2026-09-01 21:41:30.093,100.0,48.0,300.0,37.1572,-64.3582,66.9131,,2,0.5,426.0,159.46,57.76,458.51
2026-09-01 21:41:30.332,100.0,48.0,300.0,37.1572,-64.3582,66.9131,,3,0.75,426.0,159.46,57.76,458.51
2026-09-01 21:41:30.587,100.0,48.0,300.0,37.1572,-64.3582,66.9131,,4,1.0,426.06,159.45,57.77,458.57
2026-09-01 21:41:30.842,100.0,48.0,300.0,37.1572,-64.3582,66.9131,,5,1.25,426.06,159.45,57.77,458.57
2026-09-01 21:41:37.713,100.0,48.0,294.0,30.2264,-67.8897,66.9131,,1,0.25,425.83,159.15,57.73,458.24
2026-09-01 21:41:37.969,100.0,48.0,294.0,30.2264,-67.8897,66.9131,,2,0.5,425.83,159.15,57.73,458.24
2026-09-01 21:41:38.208,100.0,48.0,294.0,30.2264,-67.8897,66.9131,,3,0.75,425.86,159.15,57.73,458.27
2026-09-01 21:41:38.463,100.0,48.0,294.0,30.2264,-67.8897,66.9131,,4,1.0,425.86,159.15,57.73,458.27
2026-09-01 21:41:38.718,100.0,48.0,294.0,30.2264,-67.8897,66.9131,,5,1.25,425.87,159.14,57.72,458.28
2026-09-01 21:41:45.589,100.0,48.0,288.0,22.9644,-70.6773,66.9131,,1,0.25,425.7,158.54,57.7,457.91
2026-09-01 21:41:45.828,100.0,48.0,288.0,22.9644,-70.6773,66.9131,,2,0.5,425.7,158.54,57.7,457.91
2026-09-01 21:41:46.083,100.0,48.0,288.0,22.9644,-70.6773,66.9131,,3,0.75,425.69,158.54,57.7,457.9
2026-09-01 21:41:46.338,100.0,48.0,288.0,22.9644,-70.6773,66.9131,,4,1.0,425.69,158.54,57.7,457.9
2026-09-01 21:41:46.593,100.0,48.0,288.0,22.9644,-70.6773,66.9131,,5,1.25,425.71,158.53,57.7,457.91
2026-09-01 21:41:53.464,100.0,48.0,282.0,15.4508,-72.6905,66.9131,,1,0.25,425.61,158.33,57.71,457.75
2026-09-01 21:41:53.704,100.0,48.0,282.0,15.4508,-72.6905,66.9131,,2,0.5,425.61,158.34,57.7,457.76
2026-09-01 21:41:56.206,100.0,48.0,282.0,15.4508,-72.6905,66.9131,,3,0.75,425.6,158.34,57.69,457.74
2026-09-01 21:41:56.462,100.0,48.0,282.0,15.4508,-72.6905,66.9131,,4,1.0,425.6,158.34,57.69,457.74
2026-09-01 21:41:56.717,100.0,48.0,282.0,15.4508,-72.6905,66.9131,,5,1.25,425.6,158.34,57.69,457.74
2026-09-01 21:42:03.588,100.0,48.0,276.0,7.768,-73.9074,66.9131,,1,0.25,425.72,157.75,57.74,457.66
2026-09-01 21:42:03.843,100.0,48.0,276.0,7.768,-73.9074,66.9131,,2,0.5,425.72,157.75,57.74,457.66
2026-09-01 21:42:04.082,100.0,48.0,276.0,7.768,-73.9074,66.9131,,3,0.75,425.68,157.75,57.74,457.62
2026-09-01 21:42:04.337,100.0,48.0,276.0,7.768,-73.9074,66.9131,,4,1.0,425.68,157.75,57.74,457.62
2026-09-01 21:42:04.592,100.0,48.0,276.0,7.768,-73.9074,66.9131,,5,1.25,425.75,157.77,57.74,457.69
2026-09-01 21:42:11.463,100.0,48.0,270.0,-0.0,-74.3145,66.9131,,1,0.25,425.85,157.13,57.8,457.57
2026-09-01 21:42:11.718,100.0,48.0,270.0,-0.0,-74.3145,66.9131,,2,0.5,425.87,157.16,57.8,457.6
2026-09-01 21:42:11.957,100.0,48.0,270.0,-0.0,-74.3145,66.9131,,3,0.75,425.87,157.16,57.8,457.6
2026-09-01 21:42:12.212,100.0,48.0,270.0,-0.0,-74.3145,66.9131,,4,1.0,425.88,157.16,57.78,457.61
2026-09-01 21:42:12.467,100.0,48.0,270.0,-0.0,-74.3145,66.9131,,5,1.25,425.88,157.16,57.78,457.61
2026-09-01 21:42:19.338,100.0,48.0,264.0,-7.768,-73.9074,66.9131,,1,0.25,426.05,156.96,57.78,457.7
2026-09-01 21:42:19.578,100.0,48.0,264.0,-7.768,-73.9074,66.9131,,2,0.5,426.08,156.96,57.78,457.73
2026-09-01 21:42:19.833,100.0,48.0,264.0,-7.768,-73.9074,66.9131,,3,0.75,426.08,156.96,57.78,457.73
2026-09-01 21:42:20.088,100.0,48.0,264.0,-7.768,-73.9074,66.9131,,4,1.0,426.15,156.97,57.78,457.8
2026-09-01 21:42:20.343,100.0,48.0,264.0,-7.768,-73.9074,66.9131,,5,1.25,426.15,156.97,57.78,457.8
2026-09-01 21:42:27.214,100.0,48.0,258.0,-15.4508,-72.6905,66.9131,,1,0.25,426.46,156.7,57.78,457.99
2026-09-01 21:42:27.453,100.0,48.0,258.0,-15.4508,-72.6905,66.9131,,2,0.5,426.34,156.73,57.78,457.89
2026-09-01 21:42:29.956,100.0,48.0,258.0,-15.4508,-72.6905,66.9131,,3,0.75,426.34,156.73,57.78,457.89
2026-09-01 21:42:30.211,100.0,48.0,258.0,-15.4508,-72.6905,66.9131,,4,1.0,426.34,156.73,57.78,457.89
2026-09-01 21:42:30.466,100.0,48.0,258.0,-15.4508,-72.6905,66.9131,,5,1.25,426.36,156.73,57.79,457.91
2026-09-01 21:42:37.337,100.0,48.0,252.0,-22.9644,-70.6773,66.9131,,1,0.25,426.87,156.24,57.91,458.23
2026-09-01 21:42:37.592,100.0,48.0,252.0,-22.9644,-70.6773,66.9131,,2,0.5,426.91,156.25,57.9,458.27
2026-09-01 21:42:37.831,100.0,48.0,252.0,-22.9644,-70.6773,66.9131,,3,0.75,426.91,156.25,57.9,458.27
2026-09-01 21:42:38.086,100.0,48.0,252.0,-22.9644,-70.6773,66.9131,,4,1.0,426.93,156.23,57.92,458.29
2026-09-01 21:42:38.341,100.0,48.0,252.0,-22.9644,-70.6773,66.9131,,5,1.25,426.93,156.23,57.92,458.29
2026-09-01 21:42:45.212,100.0,48.0,246.0,-30.2264,-67.8897,66.9131,,1,0.25,427.27,156.22,57.94,458.6
2026-09-01 21:42:45.467,100.0,48.0,246.0,-30.2264,-67.8897,66.9131,,2,0.5,427.27,156.22,57.94,458.6
2026-09-01 21:42:45.707,100.0,48.0,246.0,-30.2264,-67.8897,66.9131,,3,0.75,427.23,156.22,57.94,458.57
2026-09-01 21:42:45.962,100.0,48.0,246.0,-30.2264,-67.8897,66.9131,,4,1.0,427.23,156.22,57.94,458.57
2026-09-01 21:42:46.217,100.0,48.0,246.0,-30.2264,-67.8897,66.9131,,5,1.25,427.23,156.22,57.94,458.57
2026-09-01 21:42:53.088,100.0,48.0,240.0,-37.1572,-64.3582,66.9131,,1,0.25,427.64,156.22,58.01,458.96
2026-09-01 21:42:53.343,100.0,48.0,240.0,-37.1572,-64.3582,66.9131,,2,0.5,427.64,156.22,58.01,458.96
2026-09-01 21:42:53.582,100.0,48.0,240.0,-37.1572,-64.3582,66.9131,,3,0.75,427.67,156.2,58.01,458.98
2026-09-01 21:42:53.837,100.0,48.0,240.0,-37.1572,-64.3582,66.9131,,4,1.0,427.67,156.2,58.01,458.98
2026-09-01 21:42:54.092,100.0,48.0,240.0,-37.1572,-64.3582,66.9131,,5,1.25,427.6,156.21,58.0,458.91
2026-09-01 21:43:00.836,100.0,48.0,234.0,-43.681,-60.1217,66.9131,,1,0.25,428.18,156.2,58.1,459.46
2026-09-01 21:43:01.091,100.0,48.0,234.0,-43.681,-60.1217,66.9131,,2,0.5,428.18,156.2,58.1,459.46
2026-09-01 21:43:01.330,100.0,48.0,234.0,-43.681,-60.1217,66.9131,,3,0.75,428.21,156.21,58.08,459.49
2026-09-01 21:43:01.585,100.0,48.0,234.0,-43.681,-60.1217,66.9131,,4,1.0,428.21,156.21,58.08,459.49
2026-09-01 21:43:01.840,100.0,48.0,234.0,-43.681,-60.1217,66.9131,,5,1.25,428.18,156.21,58.09,459.47
2026-09-01 21:43:08.584,100.0,48.0,228.0,-49.7261,-55.2264,66.9131,,1,0.25,428.73,156.21,58.13,459.98
2026-09-01 21:43:08.839,100.0,48.0,228.0,-49.7261,-55.2264,66.9131,,2,0.5,428.73,156.21,58.13,459.98
2026-09-01 21:43:09.078,100.0,48.0,228.0,-49.7261,-55.2264,66.9131,,3,0.75,428.7,156.2,58.14,459.95
2026-09-01 21:43:09.333,100.0,48.0,228.0,-49.7261,-55.2264,66.9131,,4,1.0,428.7,156.2,58.14,459.95
2026-09-01 21:43:09.588,100.0,48.0,228.0,-49.7261,-55.2264,66.9131,,5,1.25,428.74,156.21,58.14,459.99
2026-09-01 21:43:16.331,100.0,48.0,222.0,-55.2264,-49.7261,66.9131,,1,0.25,429.01,156.59,58.27,460.39
2026-09-01 21:43:16.587,100.0,48.0,222.0,-55.2264,-49.7261,66.9131,,2,0.5,429.01,156.59,58.27,460.39
2026-09-01 21:43:16.842,100.0,48.0,222.0,-55.2264,-49.7261,66.9131,,3,0.75,429.01,156.59,58.27,460.39
2026-09-01 21:43:17.081,100.0,48.0,222.0,-55.2264,-49.7261,66.9131,,4,1.0,429.01,156.59,58.27,460.39
2026-09-01 21:43:17.336,100.0,48.0,222.0,-55.2264,-49.7261,66.9131,,5,1.25,428.97,156.6,58.26,460.36
2026-09-01 21:43:24.207,100.0,48.0,216.0,-60.1217,-43.681,66.9131,,1,0.25,429.41,156.82,58.21,460.84
2026-09-01 21:43:24.462,100.0,48.0,216.0,-60.1217,-43.681,66.9131,,2,0.5,429.42,156.83,58.2,460.85
2026-09-01 21:43:24.717,100.0,48.0,216.0,-60.1217,-43.681,66.9131,,3,0.75,429.42,156.83,58.2,460.85
2026-09-01 21:43:24.956,100.0,48.0,216.0,-60.1217,-43.681,66.9131,,4,1.0,429.4,156.83,58.21,460.83
2026-09-01 21:43:25.211,100.0,48.0,216.0,-60.1217,-43.681,66.9131,,5,1.25,429.4,156.83,58.21,460.83
2026-09-01 21:43:32.082,100.0,48.0,210.0,-64.3582,-37.1572,66.9131,,1,0.25,429.65,157.22,58.24,461.2
2026-09-01 21:43:32.337,100.0,48.0,210.0,-64.3582,-37.1572,66.9131,,2,0.5,429.67,157.23,58.23,461.22
2026-09-01 21:43:32.593,100.0,48.0,210.0,-64.3582,-37.1572,66.9131,,3,0.75,429.67,157.23,58.23,461.22
2026-09-01 21:43:32.832,100.0,48.0,210.0,-64.3582,-37.1572,66.9131,,4,1.0,429.66,157.24,58.24,461.22
2026-09-01 21:43:33.087,100.0,48.0,210.0,-64.3582,-37.1572,66.9131,,5,1.25,429.66,157.24,58.24,461.22
2026-09-01 21:43:39.958,100.0,48.0,204.0,-67.8897,-30.2264,66.9131,,1,0.25,429.82,157.63,58.25,461.5
2026-09-01 21:43:40.213,100.0,48.0,204.0,-67.8897,-30.2264,66.9131,,2,0.5,429.82,157.63,58.25,461.5
2026-09-01 21:43:40.452,100.0,48.0,204.0,-67.8897,-30.2264,66.9131,,3,0.75,429.79,157.62,58.24,461.47
2026-09-01 21:43:42.955,100.0,48.0,204.0,-67.8897,-30.2264,66.9131,,4,1.0,429.84,157.6,58.24,461.51
2026-09-01 21:43:43.210,100.0,48.0,204.0,-67.8897,-30.2264,66.9131,,5,1.25,429.84,157.6,58.24,461.51
2026-09-01 21:43:50.081,100.0,48.0,198.0,-70.6773,-22.9644,66.9131,,1,0.25,429.85,158.13,58.21,461.69
2026-09-01 21:43:50.336,100.0,48.0,198.0,-70.6773,-22.9644,66.9131,,2,0.5,429.84,158.14,58.21,461.69
2026-09-01 21:43:50.591,100.0,48.0,198.0,-70.6773,-22.9644,66.9131,,3,0.75,429.84,158.14,58.21,461.69
2026-09-01 21:43:50.830,100.0,48.0,198.0,-70.6773,-22.9644,66.9131,,4,1.0,429.89,158.14,58.21,461.73
2026-09-01 21:43:51.086,100.0,48.0,198.0,-70.6773,-22.9644,66.9131,,5,1.25,429.89,158.14,58.21,461.73
2026-09-01 21:43:57.957,100.0,48.0,192.0,-72.6905,-15.4508,66.9131,,1,0.25,429.88,158.68,58.11,461.9
2026-09-01 21:43:58.212,100.0,48.0,192.0,-72.6905,-15.4508,66.9131,,2,0.5,429.88,158.68,58.11,461.9
2026-09-01 21:43:58.467,100.0,48.0,192.0,-72.6905,-15.4508,66.9131,,3,0.75,429.85,158.68,58.1,461.87
2026-09-01 21:43:58.706,100.0,48.0,192.0,-72.6905,-15.4508,66.9131,,4,1.0,429.85,158.68,58.1,461.87
2026-09-01 21:43:58.961,100.0,48.0,192.0,-72.6905,-15.4508,66.9131,,5,1.25,429.83,158.71,58.12,461.86
2026-09-01 21:44:05.832,100.0,48.0,186.0,-73.9074,-7.768,66.9131,,1,0.25,429.78,159.12,58.04,461.95
2026-09-01 21:44:06.087,100.0,48.0,186.0,-73.9074,-7.768,66.9131,,2,0.5,429.78,159.12,58.04,461.95
2026-09-01 21:44:06.342,100.0,48.0,186.0,-73.9074,-7.768,66.9131,,3,0.75,429.77,159.13,58.04,461.94
2026-09-01 21:44:06.582,100.0,48.0,186.0,-73.9074,-7.768,66.9131,,4,1.0,429.77,159.13,58.04,461.94
2026-09-01 21:44:06.837,100.0,48.0,186.0,-73.9074,-7.768,66.9131,,5,1.25,429.76,159.13,58.04,461.93
2026-09-01 21:44:13.708,100.0,48.0,180.0,-74.3145,0.0,66.9131,,1,0.25,429.53,159.66,57.96,461.89
2026-09-01 21:44:13.963,100.0,48.0,180.0,-74.3145,0.0,66.9131,,2,0.5,429.59,159.65,57.94,461.94
2026-09-01 21:44:14.202,100.0,48.0,180.0,-74.3145,0.0,66.9131,,3,0.75,429.59,159.66,57.95,461.94
2026-09-01 21:44:16.705,100.0,48.0,180.0,-74.3145,0.0,66.9131,,4,1.0,429.59,159.66,57.95,461.94
2026-09-01 21:44:16.960,100.0,48.0,180.0,-74.3145,0.0,66.9131,,5,1.25,429.59,159.66,57.95,461.94
2026-09-01 21:44:23.831,100.0,48.0,174.0,-73.9074,7.768,66.9131,,1,0.25,429.32,159.93,57.9,461.78
2026-09-01 21:44:24.086,100.0,48.0,174.0,-73.9074,7.768,66.9131,,2,0.5,429.32,159.93,57.9,461.78
2026-09-01 21:44:24.341,100.0,48.0,174.0,-73.9074,7.768,66.9131,,3,0.75,429.32,159.93,57.9,461.78
2026-09-01 21:44:24.580,100.0,48.0,174.0,-73.9074,7.768,66.9131,,4,1.0,429.32,159.93,57.9,461.78
2026-09-01 21:44:24.836,100.0,48.0,174.0,-73.9074,7.768,66.9131,,5,1.25,429.33,159.91,57.89,461.78
2026-09-01 21:44:31.707,100.0,48.0,168.0,-72.6905,15.4508,66.9131,,1,0.25,429.0,160.18,57.84,461.56
2026-09-01 21:44:31.962,100.0,48.0,168.0,-72.6905,15.4508,66.9131,,2,0.5,428.98,160.19,57.84,461.55
2026-09-01 21:44:32.217,100.0,48.0,168.0,-72.6905,15.4508,66.9131,,3,0.75,428.98,160.19,57.84,461.55
2026-09-01 21:44:32.456,100.0,48.0,168.0,-72.6905,15.4508,66.9131,,4,1.0,429.01,160.18,57.84,461.57
2026-09-01 21:44:32.711,100.0,48.0,168.0,-72.6905,15.4508,66.9131,,5,1.25,429.01,160.18,57.84,461.57
2026-09-01 21:44:39.582,100.0,48.0,162.0,-70.6773,22.9644,66.9131,,1,0.25,428.58,160.54,57.73,461.28
2026-09-01 21:44:39.837,100.0,48.0,162.0,-70.6773,22.9644,66.9131,,2,0.5,428.55,160.52,57.72,461.25
2026-09-01 21:44:40.092,100.0,48.0,162.0,-70.6773,22.9644,66.9131,,3,0.75,428.55,160.52,57.72,461.25
2026-09-01 21:44:40.331,100.0,48.0,162.0,-70.6773,22.9644,66.9131,,4,1.0,428.59,160.53,57.73,461.29
2026-09-01 21:44:40.586,100.0,48.0,162.0,-70.6773,22.9644,66.9131,,5,1.25,428.59,160.53,57.73,461.29
2026-09-01 21:44:47.457,100.0,48.0,156.0,-67.8897,30.2264,66.9131,,1,0.25,428.16,160.66,57.65,460.92
2026-09-01 21:44:47.713,100.0,48.0,156.0,-67.8897,30.2264,66.9131,,2,0.5,428.16,160.66,57.65,460.92
2026-09-01 21:44:47.952,100.0,48.0,156.0,-67.8897,30.2264,66.9131,,3,0.75,428.12,160.69,57.67,460.9
2026-09-01 21:44:50.455,100.0,48.0,156.0,-67.8897,30.2264,66.9131,,4,1.0,428.08,160.69,57.66,460.86
2026-09-01 21:44:50.710,100.0,48.0,156.0,-67.8897,30.2264,66.9131,,5,1.25,428.08,160.69,57.66,460.86
2026-09-01 21:44:57.581,100.0,48.0,150.0,-64.3582,37.1572,66.9131,,1,0.25,427.59,160.76,57.56,460.42
2026-09-01 21:44:57.836,100.0,48.0,150.0,-64.3582,37.1572,66.9131,,2,0.5,427.62,160.76,57.57,460.45
2026-09-01 21:44:58.091,100.0,48.0,150.0,-64.3582,37.1572,66.9131,,3,0.75,427.62,160.76,57.57,460.45
2026-09-01 21:44:58.330,100.0,48.0,150.0,-64.3582,37.1572,66.9131,,4,1.0,427.57,160.78,57.56,460.41
2026-09-01 21:44:58.585,100.0,48.0,150.0,-64.3582,37.1572,66.9131,,5,1.25,427.57,160.78,57.56,460.41
2026-09-01 21:45:05.456,100.0,48.0,144.0,-60.1217,43.681,66.9131,,1,0.25,426.96,160.86,57.42,459.85
2026-09-01 21:45:05.711,100.0,48.0,144.0,-60.1217,43.681,66.9131,,2,0.5,426.96,160.86,57.42,459.85
2026-09-01 21:45:05.967,100.0,48.0,144.0,-60.1217,43.681,66.9131,,3,0.75,426.94,160.86,57.43,459.83
2026-09-01 21:45:06.206,100.0,48.0,144.0,-60.1217,43.681,66.9131,,4,1.0,426.94,160.86,57.43,459.83
2026-09-01 21:45:06.461,100.0,48.0,144.0,-60.1217,43.681,66.9131,,5,1.25,426.9,160.84,57.42,459.79
2026-09-01 21:45:15.199,100.0,48.0,138.0,-55.2264,49.7261,66.9131,,1,1.5,426.57,160.52,57.43,459.37
2026-09-01 21:45:15.341,100.0,48.0,138.0,-55.2264,49.7261,66.9131,,2,1.75,426.54,160.52,57.41,459.34
2026-09-01 21:45:15.580,100.0,48.0,138.0,-55.2264,49.7261,66.9131,,3,2.0,426.54,160.52,57.41,459.34
2026-09-01 21:45:15.835,100.0,48.0,138.0,-55.2264,49.7261,66.9131,,4,2.25,426.6,160.53,57.43,459.4
2026-09-01 21:45:16.090,100.0,48.0,138.0,-55.2264,49.7261,66.9131,,5,2.5,426.6,160.53,57.43,459.4
2026-09-01 21:45:22.834,100.0,48.0,132.0,-49.7261,55.2264,66.9131,,1,0.25,426.01,160.5,57.25,458.82
2026-09-01 21:45:23.089,100.0,48.0,132.0,-49.7261,55.2264,66.9131,,2,0.5,426.02,160.51,57.27,458.84
2026-09-01 21:45:23.328,100.0,48.0,132.0,-49.7261,55.2264,66.9131,,3,0.75,426.02,160.51,57.27,458.84
2026-09-01 21:45:23.583,100.0,48.0,132.0,-49.7261,55.2264,66.9131,,4,1.0,426.03,160.51,57.27,458.85
2026-09-01 21:45:23.838,100.0,48.0,132.0,-49.7261,55.2264,66.9131,,5,1.25,426.03,160.51,57.27,458.85
2026-09-01 21:45:30.582,100.0,48.0,126.0,-43.681,60.1217,66.9131,,1,0.25,425.59,160.11,57.17,458.29
2026-09-01 21:45:30.837,100.0,48.0,126.0,-43.681,60.1217,66.9131,,2,0.5,425.52,160.09,57.18,458.22
2026-09-01 21:45:31.092,100.0,48.0,126.0,-43.681,60.1217,66.9131,,3,0.75,425.52,160.09,57.18,458.22
2026-09-01 21:45:31.331,100.0,48.0,126.0,-43.681,60.1217,66.9131,,4,1.0,425.6,160.12,57.18,458.3
2026-09-01 21:45:31.586,100.0,48.0,126.0,-43.681,60.1217,66.9131,,5,1.25,425.6,160.12,57.18,458.3
2026-09-01 21:45:38.457,100.0,48.0,120.0,-37.1572,64.3582,66.9131,,1,0.25,425.21,159.7,57.11,457.78
2026-09-01 21:45:38.712,100.0,48.0,120.0,-37.1572,64.3582,66.9131,,2,0.5,425.21,159.7,57.11,457.78
2026-09-01 21:45:38.951,100.0,48.0,120.0,-37.1572,64.3582,66.9131,,3,0.75,425.23,159.71,57.09,457.8
2026-09-01 21:45:41.454,100.0,48.0,120.0,-37.1572,64.3582,66.9131,,4,1.0,425.23,159.71,57.09,457.8
2026-09-01 21:45:41.709,100.0,48.0,120.0,-37.1572,64.3582,66.9131,,5,1.25,425.25,159.7,57.1,457.82
2026-09-01 21:45:48.581,100.0,48.0,114.0,-30.2264,67.8897,66.9131,,1,0.25,424.95,159.15,57.16,457.36
2026-09-01 21:45:48.836,100.0,48.0,114.0,-30.2264,67.8897,66.9131,,2,0.5,424.97,159.14,57.15,457.37
2026-09-01 21:45:49.091,100.0,48.0,114.0,-30.2264,67.8897,66.9131,,3,0.75,424.97,159.14,57.15,457.37
2026-09-01 21:45:49.330,100.0,48.0,114.0,-30.2264,67.8897,66.9131,,4,1.0,424.95,159.18,57.16,457.37
2026-09-01 21:45:49.585,100.0,48.0,114.0,-30.2264,67.8897,66.9131,,5,1.25,424.95,159.18,57.16,457.37
2026-09-01 21:45:56.456,100.0,48.0,108.0,-22.9644,70.6773,66.9131,,1,0.25,424.72,158.49,57.17,456.91
2026-09-01 21:45:56.711,100.0,48.0,108.0,-22.9644,70.6773,66.9131,,2,0.5,424.72,158.49,57.17,456.91
2026-09-01 21:45:56.966,100.0,48.0,108.0,-22.9644,70.6773,66.9131,,3,0.75,424.72,158.49,57.17,456.91
2026-09-01 21:45:57.206,100.0,48.0,108.0,-22.9644,70.6773,66.9131,,4,1.0,424.74,158.49,57.16,456.93
2026-09-01 21:45:57.461,100.0,48.0,108.0,-22.9644,70.6773,66.9131,,5,1.25,424.74,158.49,57.16,456.93
2026-09-01 21:46:04.332,100.0,48.0,102.0,-15.4508,72.6905,66.9131,,1,0.25,424.74,157.99,57.2,456.76
2026-09-01 21:46:04.587,100.0,48.0,102.0,-15.4508,72.6905,66.9131,,2,0.5,424.74,157.99,57.2,456.76
2026-09-01 21:46:04.826,100.0,48.0,102.0,-15.4508,72.6905,66.9131,,3,0.75,424.79,158.0,57.19,456.81
2026-09-01 21:46:05.081,100.0,48.0,102.0,-15.4508,72.6905,66.9131,,4,1.0,424.79,158.0,57.19,456.81
2026-09-01 21:46:05.336,100.0,48.0,102.0,-15.4508,72.6905,66.9131,,5,1.25,424.71,158.01,57.2,456.74
2026-09-01 21:46:12.208,100.0,48.0,96.0,-7.768,73.9074,66.9131,,1,0.25,424.8,157.28,57.31,456.59
2026-09-01 21:46:12.463,100.0,48.0,96.0,-7.768,73.9074,66.9131,,2,0.5,424.72,157.28,57.31,456.51
2026-09-01 21:46:12.702,100.0,48.0,96.0,-7.768,73.9074,66.9131,,3,0.75,424.8,157.24,57.32,456.57
2026-09-01 21:46:15.205,100.0,48.0,96.0,-7.768,73.9074,66.9131,,4,1.0,424.8,157.26,57.32,456.58
2026-09-01 21:46:15.460,100.0,48.0,96.0,-7.768,73.9074,66.9131,,5,1.25,424.8,157.26,57.32,456.58
2026-09-01 21:46:22.331,100.0,48.0,90.0,0.0,74.3145,66.9131,,1,0.25,424.85,156.88,57.41,456.51
2026-09-01 21:46:22.586,100.0,48.0,90.0,0.0,74.3145,66.9131,,2,0.5,424.85,156.88,57.41,456.51
2026-09-01 21:46:22.841,100.0,48.0,90.0,0.0,74.3145,66.9131,,3,0.75,424.94,156.9,57.4,456.6
2026-09-01 21:46:23.080,100.0,48.0,90.0,0.0,74.3145,66.9131,,4,1.0,424.94,156.9,57.4,456.6
2026-09-01 21:46:23.336,100.0,48.0,90.0,0.0,74.3145,66.9131,,5,1.25,424.92,156.9,57.4,456.58
2026-09-01 21:46:30.207,100.0,48.0,84.0,7.768,73.9074,66.9131,,1,0.25,425.12,156.28,57.56,456.57
2026-09-01 21:46:30.462,100.0,48.0,84.0,7.768,73.9074,66.9131,,2,0.5,425.12,156.28,57.56,456.57
2026-09-01 21:46:30.701,100.0,48.0,84.0,7.768,73.9074,66.9131,,3,0.75,425.09,156.29,57.55,456.55
2026-09-01 21:46:33.204,100.0,48.0,84.0,7.768,73.9074,66.9131,,4,1.0,425.14,156.27,57.56,456.59
2026-09-01 21:46:33.459,100.0,48.0,84.0,7.768,73.9074,66.9131,,5,1.25,425.14,156.27,57.56,456.59
2026-09-01 21:46:40.330,100.0,48.0,78.0,15.4508,72.6905,66.9131,,1,0.25,425.5,155.97,57.65,456.83
2026-09-01 21:46:40.585,100.0,48.0,78.0,15.4508,72.6905,66.9131,,2,0.5,425.5,155.97,57.65,456.83
2026-09-01 21:46:40.840,100.0,48.0,78.0,15.4508,72.6905,66.9131,,3,0.75,425.45,155.99,57.65,456.79
2026-09-01 21:46:41.080,100.0,48.0,78.0,15.4508,72.6905,66.9131,,4,1.0,425.45,155.99,57.65,456.79
2026-09-01 21:46:41.335,100.0,48.0,78.0,15.4508,72.6905,66.9131,,5,1.25,425.53,155.95,57.64,456.85
2026-09-01 21:46:48.206,100.0,48.0,72.0,22.9644,70.6773,66.9131,,1,0.25,425.87,155.61,57.76,457.07
2026-09-01 21:46:48.461,100.0,48.0,72.0,22.9644,70.6773,66.9131,,2,0.5,425.87,155.61,57.76,457.07
2026-09-01 21:46:48.716,100.0,48.0,72.0,22.9644,70.6773,66.9131,,3,0.75,425.93,155.61,57.76,457.12
2026-09-01 21:46:48.955,100.0,48.0,72.0,22.9644,70.6773,66.9131,,4,1.0,425.93,155.61,57.76,457.12
2026-09-01 21:46:49.210,100.0,48.0,72.0,22.9644,70.6773,66.9131,,5,1.25,425.93,155.6,57.76,457.12
2026-09-01 21:46:56.081,100.0,48.0,66.0,30.2264,67.8897,66.9131,,1,0.25,426.41,155.28,57.88,457.47
2026-09-01 21:46:56.336,100.0,48.0,66.0,30.2264,67.8897,66.9131,,2,0.5,426.39,155.28,57.87,457.45
2026-09-01 21:46:56.591,100.0,48.0,66.0,30.2264,67.8897,66.9131,,3,0.75,426.39,155.28,57.87,457.45
2026-09-01 21:46:56.831,100.0,48.0,66.0,30.2264,67.8897,66.9131,,4,1.0,426.39,155.25,57.87,457.44
2026-09-01 21:46:57.086,100.0,48.0,66.0,30.2264,67.8897,66.9131,,5,1.25,426.39,155.25,57.87,457.44
2026-09-01 21:47:03.957,100.0,48.0,60.0,37.1572,64.3582,66.9131,,1,0.25,426.89,155.04,58.01,457.86
2026-09-01 21:47:04.212,100.0,48.0,60.0,37.1572,64.3582,66.9131,,2,0.5,426.9,155.06,58.0,457.87
2026-09-01 21:47:04.451,100.0,48.0,60.0,37.1572,64.3582,66.9131,,3,0.75,426.94,155.05,58.01,457.91
2026-09-01 21:47:06.954,100.0,48.0,60.0,37.1572,64.3582,66.9131,,4,1.0,426.94,155.05,58.01,457.91
2026-09-01 21:47:07.209,100.0,48.0,60.0,37.1572,64.3582,66.9131,,5,1.25,426.95,155.02,58.03,457.91
2026-09-01 21:47:14.080,100.0,48.0,54.0,43.681,60.1217,66.9131,,1,0.25,427.5,154.84,58.13,458.37
2026-09-01 21:47:14.335,100.0,48.0,54.0,43.681,60.1217,66.9131,,2,0.5,427.49,154.83,58.14,458.36
2026-09-01 21:47:14.590,100.0,48.0,54.0,43.681,60.1217,66.9131,,3,0.75,427.49,154.83,58.14,458.36
2026-09-01 21:47:14.829,100.0,48.0,54.0,43.681,60.1217,66.9131,,4,1.0,427.49,154.83,58.14,458.36
2026-09-01 21:47:15.084,100.0,48.0,54.0,43.681,60.1217,66.9131,,5,1.25,427.55,154.83,58.13,458.42
2026-09-01 21:47:21.956,100.0,48.0,48.0,49.7261,55.2264,66.9131,,1,0.25,427.92,154.98,58.26,458.83
2026-09-01 21:47:22.211,100.0,48.0,48.0,49.7261,55.2264,66.9131,,2,0.5,427.94,154.98,58.28,458.85
2026-09-01 21:47:22.466,100.0,48.0,48.0,49.7261,55.2264,66.9131,,3,0.75,427.94,154.98,58.28,458.85
2026-09-01 21:47:22.705,100.0,48.0,48.0,49.7261,55.2264,66.9131,,4,1.0,427.93,154.99,58.27,458.84
2026-09-01 21:47:22.960,100.0,48.0,48.0,49.7261,55.2264,66.9131,,5,1.25,427.93,154.99,58.27,458.84
2026-09-01 21:47:29.704,100.0,48.0,42.0,55.2264,49.7261,66.9131,,1,0.25,428.42,155.03,58.38,459.33
2026-09-01 21:47:29.959,100.0,48.0,42.0,55.2264,49.7261,66.9131,,2,0.5,428.42,155.03,58.37,459.33
2026-09-01 21:47:30.214,100.0,48.0,42.0,55.2264,49.7261,66.9131,,3,0.75,428.42,155.03,58.37,459.33
2026-09-01 21:47:30.453,100.0,48.0,42.0,55.2264,49.7261,66.9131,,4,1.0,428.42,155.04,58.36,459.33
2026-09-01 21:47:30.708,100.0,48.0,42.0,55.2264,49.7261,66.9131,,5,1.25,428.42,155.04,58.36,459.33
2026-09-01 21:47:39.447,100.0,48.0,36.0,60.1217,43.681,66.9131,,1,1.5,428.85,155.49,58.39,459.89
2026-09-01 21:47:39.588,100.0,48.0,36.0,60.1217,43.681,66.9131,,2,1.75,428.85,155.49,58.39,459.89
2026-09-01 21:47:39.827,100.0,48.0,36.0,60.1217,43.681,66.9131,,3,2.0,428.83,155.49,58.39,459.87
2026-09-01 21:47:40.082,100.0,48.0,36.0,60.1217,43.681,66.9131,,4,2.25,428.83,155.49,58.39,459.87
2026-09-01 21:47:40.337,100.0,48.0,36.0,60.1217,43.681,66.9131,,5,2.5,428.87,155.47,58.38,459.9
2026-09-01 21:47:47.081,100.0,48.0,30.0,64.3582,37.1572,66.9131,,1,0.25,429.15,155.68,58.54,460.25
2026-09-01 21:47:47.336,100.0,48.0,30.0,64.3582,37.1572,66.9131,,2,0.5,429.14,155.67,58.54,460.24
2026-09-01 21:47:47.591,100.0,48.0,30.0,64.3582,37.1572,66.9131,,3,0.75,429.14,155.67,58.54,460.24
2026-09-01 21:47:47.830,100.0,48.0,30.0,64.3582,37.1572,66.9131,,4,1.0,429.14,155.67,58.54,460.24
2026-09-01 21:47:48.085,100.0,48.0,30.0,64.3582,37.1572,66.9131,,5,1.25,429.17,155.68,58.55,460.27
2026-09-01 21:47:54.956,100.0,48.0,24.0,67.8897,30.2264,66.9131,,1,0.25,429.49,156.17,58.59,460.74
2026-09-01 21:47:55.211,100.0,48.0,24.0,67.8897,30.2264,66.9131,,2,0.5,429.47,156.14,58.59,460.71
2026-09-01 21:47:55.451,100.0,48.0,24.0,67.8897,30.2264,66.9131,,3,0.75,429.54,156.15,58.58,460.78
2026-09-01 21:47:57.954,100.0,48.0,24.0,67.8897,30.2264,66.9131,,4,1.0,429.54,156.15,58.58,460.78
2026-09-01 21:47:58.209,100.0,48.0,24.0,67.8897,30.2264,66.9131,,5,1.25,429.51,156.16,58.58,460.75
2026-09-01 21:48:05.080,100.0,48.0,18.0,70.6773,22.9644,66.9131,,1,0.25,429.71,156.53,58.61,461.07
2026-09-01 21:48:05.335,100.0,48.0,18.0,70.6773,22.9644,66.9131,,2,0.5,429.71,156.53,58.61,461.07
2026-09-01 21:48:05.590,100.0,48.0,18.0,70.6773,22.9644,66.9131,,3,0.75,429.76,156.56,58.61,461.12
2026-09-01 21:48:05.829,100.0,48.0,18.0,70.6773,22.9644,66.9131,,4,1.0,429.76,156.56,58.61,461.12
2026-09-01 21:48:06.084,100.0,48.0,18.0,70.6773,22.9644,66.9131,,5,1.25,429.74,156.55,58.6,461.1
2026-09-01 21:48:12.955,100.0,48.0,12.0,72.6905,15.4508,66.9131,,1,0.25,429.78,157.26,58.6,461.38
2026-09-01 21:48:13.210,100.0,48.0,12.0,72.6905,15.4508,66.9131,,2,0.5,429.76,157.26,58.6,461.36
2026-09-01 21:48:13.465,100.0,48.0,12.0,72.6905,15.4508,66.9131,,3,0.75,429.76,157.26,58.6,461.36
2026-09-01 21:48:13.704,100.0,48.0,12.0,72.6905,15.4508,66.9131,,4,1.0,429.78,157.26,58.61,461.38
2026-09-01 21:48:13.960,100.0,48.0,12.0,72.6905,15.4508,66.9131,,5,1.25,429.78,157.26,58.61,461.38
2026-09-01 21:48:20.831,100.0,48.0,6.0,73.9074,7.768,66.9131,,1,0.25,429.94,157.41,58.63,461.58
2026-09-01 21:48:21.086,100.0,48.0,6.0,73.9074,7.768,66.9131,,2,0.5,429.93,157.4,58.62,461.57
2026-09-01 21:48:21.325,100.0,48.0,6.0,73.9074,7.768,66.9131,,3,0.75,429.93,157.4,58.62,461.57
2026-09-01 21:48:21.580,100.0,48.0,6.0,73.9074,7.768,66.9131,,4,1.0,429.97,157.41,58.64,461.61
2026-09-01 21:48:21.835,100.0,48.0,6.0,73.9074,7.768,66.9131,,5,1.25,429.97,157.41,58.64,461.61
2026-09-01 21:48:28.706,100.0,48.0,0.0,74.3145,0.0,66.9131,,1,0.25,429.78,157.96,58.58,461.62
2026-09-01 21:48:28.961,100.0,48.0,0.0,74.3145,0.0,66.9131,,2,0.5,429.78,157.96,58.58,461.62
2026-09-01 21:48:29.200,100.0,48.0,0.0,74.3145,0.0,66.9131,,3,0.75,429.82,157.94,58.58,461.65
2026-09-01 21:48:31.703,100.0,48.0,0.0,74.3145,0.0,66.9131,,4,1.0,429.81,157.95,58.58,461.64
2026-09-01 21:48:31.958,100.0,48.0,0.0,74.3145,0.0,66.9131,,5,1.25,429.81,157.95,58.58,461.64
2026-09-01 21:48:38.957,100.0,54.0,0.0,80.9017,0.0,58.7785,,1,0.25,430.08,158.06,58.62,461.93
2026-09-01 21:48:39.212,100.0,54.0,0.0,80.9017,0.0,58.7785,,2,0.5,430.08,158.06,58.62,461.93
2026-09-01 21:48:39.451,100.0,54.0,0.0,80.9017,0.0,58.7785,,3,0.75,430.09,158.07,58.62,461.95
2026-09-01 21:48:39.706,100.0,54.0,0.0,80.9017,0.0,58.7785,,4,1.0,430.09,158.07,58.62,461.95
2026-09-01 21:48:39.961,100.0,54.0,0.0,80.9017,0.0,58.7785,,5,1.25,430.12,158.05,58.62,461.97
2026-09-01 21:48:46.832,100.0,54.0,6.0,80.4585,8.4565,58.7785,,1,0.25,430.15,157.63,58.62,461.85
2026-09-01 21:48:47.088,100.0,54.0,6.0,80.4585,8.4565,58.7785,,2,0.5,430.15,157.63,58.62,461.85
2026-09-01 21:48:47.327,100.0,54.0,6.0,80.4585,8.4565,58.7785,,3,0.75,430.11,157.62,58.62,461.81
2026-09-01 21:48:47.582,100.0,54.0,6.0,80.4585,8.4565,58.7785,,4,1.0,430.11,157.62,58.62,461.81
2026-09-01 21:48:47.837,100.0,54.0,6.0,80.4585,8.4565,58.7785,,5,1.25,430.17,157.62,58.62,461.87
2026-09-01 21:48:54.708,100.0,54.0,12.0,79.1338,16.8204,58.7785,,1,0.25,430.17,157.02,58.65,461.67
2026-09-01 21:48:54.963,100.0,54.0,12.0,79.1338,16.8204,58.7785,,2,0.5,430.2,157.02,58.65,461.7
2026-09-01 21:48:55.202,100.0,54.0,12.0,79.1338,16.8204,58.7785,,3,0.75,430.2,157.02,58.65,461.7
2026-09-01 21:48:55.457,100.0,54.0,12.0,79.1338,16.8204,58.7785,,4,1.0,430.2,157.01,58.66,461.69
2026-09-01 21:48:55.712,100.0,54.0,12.0,79.1338,16.8204,58.7785,,5,1.25,430.2,157.01,58.66,461.69
2026-09-01 21:49:02.583,100.0,54.0,18.0,76.9421,25.0,58.7785,,1,0.25,429.93,156.48,58.63,461.26
2026-09-01 21:49:02.839,100.0,54.0,18.0,76.9421,25.0,58.7785,,2,0.5,429.98,156.45,58.63,461.29
2026-09-01 21:49:03.078,100.0,54.0,18.0,76.9421,25.0,58.7785,,3,0.75,429.98,156.45,58.63,461.29
2026-09-01 21:49:03.333,100.0,54.0,18.0,76.9421,25.0,58.7785,,4,1.0,430.01,156.46,58.64,461.33
2026-09-01 21:49:03.588,100.0,54.0,18.0,76.9421,25.0,58.7785,,5,1.25,430.01,156.46,58.64,461.33
2026-09-01 21:49:10.459,100.0,54.0,24.0,73.9074,32.9057,58.7785,,1,0.25,429.78,155.89,58.66,460.92
2026-09-01 21:49:10.714,100.0,54.0,24.0,73.9074,32.9057,58.7785,,2,0.5,429.78,155.89,58.66,460.92
2026-09-01 21:49:10.953,100.0,54.0,24.0,73.9074,32.9057,58.7785,,3,0.75,429.71,155.88,58.67,460.85
2026-09-01 21:49:11.208,100.0,54.0,24.0,73.9074,32.9057,58.7785,,4,1.0,429.71,155.88,58.67,460.85
2026-09-01 21:49:11.463,100.0,54.0,24.0,73.9074,32.9057,58.7785,,5,1.25,429.75,155.87,58.64,460.88
2026-09-01 21:49:18.335,100.0,54.0,30.0,70.0629,40.4508,58.7785,,1,0.25,429.45,155.43,58.55,460.44
2026-09-01 21:49:18.590,100.0,54.0,30.0,70.0629,40.4508,58.7785,,2,0.5,429.45,155.43,58.55,460.44
2026-09-01 21:49:18.829,100.0,54.0,30.0,70.0629,40.4508,58.7785,,3,0.75,429.45,155.45,58.55,460.45
2026-09-01 21:49:19.084,100.0,54.0,30.0,70.0629,40.4508,58.7785,,4,1.0,429.45,155.45,58.55,460.45
2026-09-01 21:49:19.339,100.0,54.0,30.0,70.0629,40.4508,58.7785,,5,1.25,429.41,155.44,58.56,460.41
2026-09-01 21:49:26.210,100.0,54.0,36.0,65.4508,47.5528,58.7785,,1,0.25,429.09,154.99,58.52,459.96
2026-09-01 21:49:26.465,100.0,54.0,36.0,65.4508,47.5528,58.7785,,2,0.5,429.06,154.98,58.53,459.93
2026-09-01 21:49:26.704,100.0,54.0,36.0,65.4508,47.5528,58.7785,,3,0.75,429.06,154.98,58.53,459.93
2026-09-01 21:49:26.959,100.0,54.0,36.0,65.4508,47.5528,58.7785,,4,1.0,429.06,154.98,58.53,459.93
2026-09-01 21:49:27.214,100.0,54.0,36.0,65.4508,47.5528,58.7785,,5,1.25,429.06,154.98,58.53,459.93
2026-09-01 21:49:34.086,100.0,54.0,42.0,60.1217,54.1338,58.7785,,1,0.25,428.48,154.71,58.44,459.28
2026-09-01 21:49:34.325,100.0,54.0,42.0,60.1217,54.1338,58.7785,,2,0.5,428.48,154.71,58.44,459.28
2026-09-01 21:49:34.580,100.0,54.0,42.0,60.1217,54.1338,58.7785,,3,0.75,428.48,154.71,58.44,459.28
2026-09-01 21:49:34.835,100.0,54.0,42.0,60.1217,54.1338,58.7785,,4,1.0,428.48,154.72,58.43,459.29
2026-09-01 21:49:35.090,100.0,54.0,42.0,60.1217,54.1338,58.7785,,5,1.25,428.48,154.72,58.43,459.29
2026-09-01 21:49:41.961,100.0,54.0,48.0,54.1338,60.1217,58.7785,,1,0.25,427.89,154.72,58.22,458.71
2026-09-01 21:49:42.200,100.0,54.0,48.0,54.1338,60.1217,58.7785,,2,0.5,427.84,154.73,58.22,458.66
2026-09-01 21:49:44.703,100.0,54.0,48.0,54.1338,60.1217,58.7785,,3,0.75,427.84,154.73,58.22,458.66
2026-09-01 21:49:44.958,100.0,54.0,48.0,54.1338,60.1217,58.7785,,4,1.0,427.83,154.73,58.19,458.65
2026-09-01 21:49:45.213,100.0,54.0,48.0,54.1338,60.1217,58.7785,,5,1.25,427.83,154.73,58.19,458.65
2026-09-01 21:49:52.084,100.0,54.0,54.0,47.5528,65.4508,58.7785,,1,0.25,427.23,154.72,58.12,458.08
2026-09-01 21:49:52.339,100.0,54.0,54.0,47.5528,65.4508,58.7785,,2,0.5,427.28,154.73,58.13,458.13
2026-09-01 21:49:52.579,100.0,54.0,54.0,47.5528,65.4508,58.7785,,3,0.75,427.28,154.73,58.13,458.13
2026-09-01 21:49:52.834,100.0,54.0,54.0,47.5528,65.4508,58.7785,,4,1.0,427.26,154.7,58.13,458.1
2026-09-01 21:49:53.089,100.0,54.0,54.0,47.5528,65.4508,58.7785,,5,1.25,427.26,154.7,58.13,458.1
2026-09-01 21:49:59.960,100.0,54.0,60.0,40.4508,70.0629,58.7785,,1,0.25,426.69,154.69,58.03,457.55
2026-09-01 21:50:00.215,100.0,54.0,60.0,40.4508,70.0629,58.7785,,2,0.5,426.69,154.69,58.03,457.55
2026-09-01 21:50:00.454,100.0,54.0,60.0,40.4508,70.0629,58.7785,,3,0.75,426.66,154.68,58.02,457.52
2026-09-01 21:50:00.709,100.0,54.0,60.0,40.4508,70.0629,58.7785,,4,1.0,426.66,154.68,58.02,457.52
2026-09-01 21:50:00.964,100.0,54.0,60.0,40.4508,70.0629,58.7785,,5,1.25,426.63,154.68,58.02,457.49
2026-09-01 21:50:07.835,100.0,54.0,66.0,32.9057,73.9074,58.7785,,1,0.25,426.11,154.82,57.91,457.04
2026-09-01 21:50:08.074,100.0,54.0,66.0,32.9057,73.9074,58.7785,,2,0.5,426.11,154.82,57.91,457.04
2026-09-01 21:50:08.330,100.0,54.0,66.0,32.9057,73.9074,58.7785,,3,0.75,426.08,154.81,57.91,457.01
2026-09-01 21:50:08.585,100.0,54.0,66.0,32.9057,73.9074,58.7785,,4,1.0,426.08,154.81,57.91,457.01
2026-09-01 21:50:08.840,100.0,54.0,66.0,32.9057,73.9074,58.7785,,5,1.25,426.05,154.81,57.91,456.98
2026-09-01 21:50:15.711,100.0,54.0,72.0,25.0,76.9421,58.7785,,1,0.25,425.54,155.22,57.68,456.62
2026-09-01 21:50:15.950,100.0,54.0,72.0,25.0,76.9421,58.7785,,2,0.5,425.56,155.24,57.66,456.64
2026-09-01 21:50:18.453,100.0,54.0,72.0,25.0,76.9421,58.7785,,3,0.75,425.51,155.22,57.68,456.59
2026-09-01 21:50:18.708,100.0,54.0,72.0,25.0,76.9421,58.7785,,4,1.0,425.51,155.22,57.68,456.59
2026-09-01 21:50:18.963,100.0,54.0,72.0,25.0,76.9421,58.7785,,5,1.25,425.6,155.22,57.69,456.68
2026-09-01 21:50:25.834,100.0,54.0,78.0,16.8204,79.1338,58.7785,,1,0.25,424.98,155.82,57.55,456.28
2026-09-01 21:50:26.089,100.0,54.0,78.0,16.8204,79.1338,58.7785,,2,0.5,424.98,155.82,57.55,456.28
2026-09-01 21:50:26.328,100.0,54.0,78.0,16.8204,79.1338,58.7785,,3,0.75,424.98,155.81,57.57,456.28
2026-09-01 21:50:26.584,100.0,54.0,78.0,16.8204,79.1338,58.7785,,4,1.0,424.98,155.81,57.57,456.28
2026-09-01 21:50:26.839,100.0,54.0,78.0,16.8204,79.1338,58.7785,,5,1.25,424.97,155.83,57.57,456.28
2026-09-01 21:50:33.710,100.0,54.0,84.0,8.4565,80.4585,58.7785,,1,0.25,424.66,156.3,57.43,456.14
2026-09-01 21:50:33.949,100.0,54.0,84.0,8.4565,80.4585,58.7785,,2,0.5,424.64,156.31,57.45,456.12
2026-09-01 21:50:36.452,100.0,54.0,84.0,8.4565,80.4585,58.7785,,3,0.75,424.66,156.3,57.45,456.14
2026-09-01 21:50:36.707,100.0,54.0,84.0,8.4565,80.4585,58.7785,,4,1.0,424.66,156.3,57.45,456.14
2026-09-01 21:50:36.962,100.0,54.0,84.0,8.4565,80.4585,58.7785,,5,1.25,424.66,156.3,57.45,456.14
2026-09-01 21:50:43.833,100.0,54.0,90.0,0.0,80.9017,58.7785,,1,0.25,424.3,156.98,57.25,456.01
2026-09-01 21:50:44.088,100.0,54.0,90.0,0.0,80.9017,58.7785,,2,0.5,424.3,156.98,57.25,456.01
2026-09-01 21:50:44.327,100.0,54.0,90.0,0.0,80.9017,58.7785,,3,0.75,424.28,156.96,57.24,455.98
2026-09-01 21:50:44.582,100.0,54.0,90.0,0.0,80.9017,58.7785,,4,1.0,424.28,156.96,57.24,455.98
2026-09-01 21:50:44.838,100.0,54.0,90.0,0.0,80.9017,58.7785,,5,1.25,424.31,156.96,57.23,456.01
2026-09-01 21:50:51.709,100.0,54.0,96.0,-8.4565,80.4585,58.7785,,1,0.25,424.14,157.61,57.12,456.06
2026-09-01 21:50:51.964,100.0,54.0,96.0,-8.4565,80.4585,58.7785,,2,0.5,424.17,157.62,57.12,456.09
2026-09-01 21:50:52.203,100.0,54.0,96.0,-8.4565,80.4585,58.7785,,3,0.75,424.17,157.62,57.12,456.09
2026-09-01 21:50:52.458,100.0,54.0,96.0,-8.4565,80.4585,58.7785,,4,1.0,424.19,157.62,57.12,456.11
2026-09-01 21:50:52.713,100.0,54.0,96.0,-8.4565,80.4585,58.7785,,5,1.25,424.19,157.62,57.12,456.11
2026-09-01 21:50:59.584,100.0,54.0,102.0,-16.8204,79.1338,58.7785,,1,0.25,424.11,158.25,57.02,456.24
2026-09-01 21:50:59.839,100.0,54.0,102.0,-16.8204,79.1338,58.7785,,2,0.5,424.07,158.25,57.04,456.21
2026-09-01 21:51:00.078,100.0,54.0,102.0,-16.8204,79.1338,58.7785,,3,0.75,424.07,158.25,57.04,456.21
2026-09-01 21:51:00.333,100.0,54.0,102.0,-16.8204,79.1338,58.7785,,4,1.0,424.07,158.25,57.03,456.21
2026-09-01 21:51:00.588,100.0,54.0,102.0,-16.8204,79.1338,58.7785,,5,1.25,424.07,158.25,57.03,456.21
2026-09-01 21:51:07.460,100.0,54.0,108.0,-25.0,76.9421,58.7785,,1,0.25,424.25,158.94,56.95,456.61
2026-09-01 21:51:07.699,100.0,54.0,108.0,-25.0,76.9421,58.7785,,2,0.5,424.17,158.93,56.96,456.53
2026-09-01 21:51:10.202,100.0,54.0,108.0,-25.0,76.9421,58.7785,,3,0.75,424.17,158.93,56.96,456.53
2026-09-01 21:51:10.457,100.0,54.0,108.0,-25.0,76.9421,58.7785,,4,1.0,424.17,158.93,56.96,456.53
2026-09-01 21:51:10.712,100.0,54.0,108.0,-25.0,76.9421,58.7785,,5,1.25,424.12,158.92,56.96,456.48
2026-09-01 21:51:17.583,100.0,54.0,114.0,-32.9057,73.9074,58.7785,,1,0.25,424.47,159.39,56.94,456.97
2026-09-01 21:51:17.838,100.0,54.0,114.0,-32.9057,73.9074,58.7785,,2,0.5,424.43,159.38,56.94,456.92
2026-09-01 21:51:18.077,100.0,54.0,114.0,-32.9057,73.9074,58.7785,,3,0.75,424.43,159.38,56.94,456.92
2026-09-01 21:51:18.332,100.0,54.0,114.0,-32.9057,73.9074,58.7785,,4,1.0,424.51,159.39,56.95,457.0
2026-09-01 21:51:18.587,100.0,54.0,114.0,-32.9057,73.9074,58.7785,,5,1.25,424.51,159.39,56.95,457.0
2026-09-01 21:51:25.458,100.0,54.0,120.0,-40.4508,70.0629,58.7785,,1,0.25,424.63,160.03,57.0,457.35
2026-09-01 21:51:25.713,100.0,54.0,120.0,-40.4508,70.0629,58.7785,,2,0.5,424.63,160.03,57.0,457.35
2026-09-01 21:51:25.953,100.0,54.0,120.0,-40.4508,70.0629,58.7785,,3,0.75,424.68,160.03,57.01,457.39
2026-09-01 21:51:26.208,100.0,54.0,120.0,-40.4508,70.0629,58.7785,,4,1.0,424.68,160.03,57.01,457.39
2026-09-01 21:51:26.463,100.0,54.0,120.0,-40.4508,70.0629,58.7785,,5,1.25,424.68,160.03,57.01,457.39
2026-09-01 21:51:33.334,100.0,54.0,126.0,-47.5528,65.4508,58.7785,,1,0.25,425.25,160.48,57.04,458.08
2026-09-01 21:51:33.589,100.0,54.0,126.0,-47.5528,65.4508,58.7785,,2,0.5,425.25,160.48,57.04,458.08
2026-09-01 21:51:33.828,100.0,54.0,126.0,-47.5528,65.4508,58.7785,,3,0.75,425.23,160.48,57.03,458.06
2026-09-01 21:51:34.083,100.0,54.0,126.0,-47.5528,65.4508,58.7785,,4,1.0,425.23,160.48,57.03,458.06
2026-09-01 21:51:34.338,100.0,54.0,126.0,-47.5528,65.4508,58.7785,,5,1.25,425.19,160.48,57.04,458.03
2026-09-01 21:51:41.209,100.0,54.0,132.0,-54.1338,60.1217,58.7785,,1,0.25,425.55,161.27,57.05,458.64
2026-09-01 21:51:41.449,100.0,54.0,132.0,-54.1338,60.1217,58.7785,,2,0.5,425.58,161.22,57.05,458.65
2026-09-01 21:51:43.951,100.0,54.0,132.0,-54.1338,60.1217,58.7785,,3,0.75,425.58,161.22,57.05,458.65
2026-09-01 21:51:44.207,100.0,54.0,132.0,-54.1338,60.1217,58.7785,,4,1.0,425.52,161.21,57.05,458.59
2026-09-01 21:51:44.462,100.0,54.0,132.0,-54.1338,60.1217,58.7785,,5,1.25,425.52,161.21,57.05,458.59
2026-09-01 21:51:51.333,100.0,54.0,138.0,-60.1217,54.1338,58.7785,,1,0.25,426.32,161.17,57.2,459.34
2026-09-01 21:51:51.588,100.0,54.0,138.0,-60.1217,54.1338,58.7785,,2,0.5,426.32,161.17,57.2,459.34
2026-09-01 21:51:51.827,100.0,54.0,138.0,-60.1217,54.1338,58.7785,,3,0.75,426.28,161.16,57.2,459.3
2026-09-01 21:51:52.082,100.0,54.0,138.0,-60.1217,54.1338,58.7785,,4,1.0,426.28,161.16,57.2,459.3
2026-09-01 21:51:52.337,100.0,54.0,138.0,-60.1217,54.1338,58.7785,,5,1.25,426.18,161.14,57.21,459.2
2026-09-01 21:51:59.208,100.0,54.0,144.0,-65.4508,47.5528,58.7785,,1,0.25,426.78,161.45,57.31,459.88
2026-09-01 21:51:59.463,100.0,54.0,144.0,-65.4508,47.5528,58.7785,,2,0.5,426.78,161.45,57.31,459.88
2026-09-01 21:51:59.703,100.0,54.0,144.0,-65.4508,47.5528,58.7785,,3,0.75,426.78,161.47,57.3,459.88
2026-09-01 21:51:59.958,100.0,54.0,144.0,-65.4508,47.5528,58.7785,,4,1.0,426.78,161.47,57.3,459.88
2026-09-01 21:52:00.213,100.0,54.0,144.0,-65.4508,47.5528,58.7785,,5,1.25,426.78,161.48,57.3,459.89
2026-09-01 21:52:07.084,100.0,54.0,150.0,-70.0629,40.4508,58.7785,,1,0.25,427.27,161.77,57.34,460.45
2026-09-01 21:52:07.339,100.0,54.0,150.0,-70.0629,40.4508,58.7785,,2,0.5,427.27,161.78,57.36,460.45
2026-09-01 21:52:07.578,100.0,54.0,150.0,-70.0629,40.4508,58.7785,,3,0.75,427.27,161.78,57.36,460.45
2026-09-01 21:52:07.833,100.0,54.0,150.0,-70.0629,40.4508,58.7785,,4,1.0,427.28,161.77,57.35,460.46
2026-09-01 21:52:08.088,100.0,54.0,150.0,-70.0629,40.4508,58.7785,,5,1.25,427.28,161.77,57.35,460.46
2026-09-01 21:52:14.959,100.0,54.0,156.0,-73.9074,32.9057,58.7785,,1,0.25,427.92,161.33,57.47,460.91
2026-09-01 21:52:15.198,100.0,54.0,156.0,-73.9074,32.9057,58.7785,,2,0.5,428.01,161.34,57.47,461.0
2026-09-01 21:52:17.701,100.0,54.0,156.0,-73.9074,32.9057,58.7785,,3,0.75,428.0,161.36,57.46,461.0
2026-09-01 21:52:17.957,100.0,54.0,156.0,-73.9074,32.9057,58.7785,,4,1.0,428.0,161.36,57.46,461.0
2026-09-01 21:52:18.212,100.0,54.0,156.0,-73.9074,32.9057,58.7785,,5,1.25,428.05,161.35,57.46,461.04
2026-09-01 21:52:25.083,100.0,54.0,162.0,-76.9421,25.0,58.7785,,1,0.25,428.53,161.19,57.6,461.45
2026-09-01 21:52:25.338,100.0,54.0,162.0,-76.9421,25.0,58.7785,,2,0.5,428.53,161.22,57.61,461.46
2026-09-01 21:52:25.577,100.0,54.0,162.0,-76.9421,25.0,58.7785,,3,0.75,428.53,161.22,57.61,461.46
2026-09-01 21:52:25.832,100.0,54.0,162.0,-76.9421,25.0,58.7785,,4,1.0,428.53,161.23,57.59,461.46
2026-09-01 21:52:26.087,100.0,54.0,162.0,-76.9421,25.0,58.7785,,5,1.25,428.53,161.23,57.59,461.46
2026-09-01 21:52:32.958,100.0,54.0,168.0,-79.1338,16.8204,58.7785,,1,0.25,429.09,160.91,57.67,461.88
2026-09-01 21:52:33.213,100.0,54.0,168.0,-79.1338,16.8204,58.7785,,2,0.5,429.08,160.92,57.68,461.87
2026-09-01 21:52:33.452,100.0,54.0,168.0,-79.1338,16.8204,58.7785,,3,0.75,429.08,160.92,57.68,461.87
2026-09-01 21:52:33.708,100.0,54.0,168.0,-79.1338,16.8204,58.7785,,4,1.0,429.05,160.93,57.68,461.85
2026-09-01 21:52:33.963,100.0,54.0,168.0,-79.1338,16.8204,58.7785,,5,1.25,429.05,160.93,57.68,461.85
2026-09-01 21:52:40.834,100.0,54.0,174.0,-80.4585,8.4565,58.7785,,1,0.25,429.52,160.49,57.8,462.15
2026-09-01 21:52:41.089,100.0,54.0,174.0,-80.4585,8.4565,58.7785,,2,0.5,429.52,160.49,57.8,462.15
2026-09-01 21:52:41.328,100.0,54.0,174.0,-80.4585,8.4565,58.7785,,3,0.75,429.56,160.49,57.81,462.19
2026-09-01 21:52:41.583,100.0,54.0,174.0,-80.4585,8.4565,58.7785,,4,1.0,429.56,160.49,57.81,462.19
2026-09-01 21:52:41.838,100.0,54.0,174.0,-80.4585,8.4565,58.7785,,5,1.25,429.5,160.49,57.8,462.13
2026-09-01 21:52:48.709,100.0,54.0,180.0,-80.9017,0.0,58.7785,,1,0.25,429.78,159.93,57.95,462.21
2026-09-01 21:52:48.948,100.0,54.0,180.0,-80.9017,0.0,58.7785,,2,0.5,429.85,159.94,57.95,462.28
2026-09-01 21:52:51.451,100.0,54.0,180.0,-80.9017,0.0,58.7785,,3,0.75,429.85,159.94,57.95,462.28
2026-09-01 21:52:51.706,100.0,54.0,180.0,-80.9017,0.0,58.7785,,4,1.0,429.86,159.95,57.94,462.29
2026-09-01 21:52:51.962,100.0,54.0,180.0,-80.9017,0.0,58.7785,,5,1.25,429.86,159.95,57.94,462.29
2026-09-01 21:52:58.833,100.0,54.0,186.0,-80.4585,-8.4565,58.7785,,1,0.25,430.08,159.24,58.06,462.27
2026-09-01 21:52:59.088,100.0,54.0,186.0,-80.4585,-8.4565,58.7785,,2,0.5,430.08,159.24,58.06,462.27
2026-09-01 21:52:59.327,100.0,54.0,186.0,-80.4585,-8.4565,58.7785,,3,0.75,430.07,159.24,58.05,462.26
2026-09-01 21:52:59.582,100.0,54.0,186.0,-80.4585,-8.4565,58.7785,,4,1.0,430.07,159.24,58.05,462.26
2026-09-01 21:52:59.837,100.0,54.0,186.0,-80.4585,-8.4565,58.7785,,5,1.25,430.04,159.25,58.06,462.24
2026-09-01 21:53:06.708,100.0,54.0,192.0,-79.1338,-16.8204,58.7785,,1,0.25,430.31,158.62,58.16,462.28
2026-09-01 21:53:06.963,100.0,54.0,192.0,-79.1338,-16.8204,58.7785,,2,0.5,430.31,158.62,58.16,462.28
2026-09-01 21:53:07.202,100.0,54.0,192.0,-79.1338,-16.8204,58.7785,,3,0.75,430.28,158.6,58.15,462.25
2026-09-01 21:53:07.457,100.0,54.0,192.0,-79.1338,-16.8204,58.7785,,4,1.0,430.28,158.6,58.15,462.25
2026-09-01 21:53:07.713,100.0,54.0,192.0,-79.1338,-16.8204,58.7785,,5,1.25,430.25,158.61,58.15,462.22
2026-09-01 21:53:14.584,100.0,54.0,198.0,-76.9421,-25.0,58.7785,,1,0.25,430.29,158.17,58.25,462.12
2026-09-01 21:53:14.823,100.0,54.0,198.0,-76.9421,-25.0,58.7785,,2,0.5,430.24,158.16,58.25,462.07
2026-09-01 21:53:15.078,100.0,54.0,198.0,-76.9421,-25.0,58.7785,,3,0.75,430.24,158.16,58.25,462.07
2026-09-01 21:53:15.333,100.0,54.0,198.0,-76.9421,-25.0,58.7785,,4,1.0,430.18,158.17,58.26,462.02
2026-09-01 21:53:15.588,100.0,54.0,198.0,-76.9421,-25.0,58.7785,,5,1.25,430.18,158.17,58.26,462.02
2026-09-01 21:53:22.459,100.0,54.0,204.0,-73.9074,-32.9057,58.7785,,1,0.25,430.03,157.53,58.3,461.67
2026-09-01 21:53:22.698,100.0,54.0,204.0,-73.9074,-32.9057,58.7785,,2,0.5,430.17,157.53,58.3,461.8
2026-09-01 21:53:25.201,100.0,54.0,204.0,-73.9074,-32.9057,58.7785,,3,0.75,430.14,157.54,58.3,461.77
2026-09-01 21:53:25.456,100.0,54.0,204.0,-73.9074,-32.9057,58.7785,,4,1.0,430.14,157.54,58.3,461.77
2026-09-01 21:53:25.711,100.0,54.0,204.0,-73.9074,-32.9057,58.7785,,5,1.25,430.17,157.53,58.31,461.8
2026-09-01 21:53:32.582,100.0,54.0,210.0,-70.0629,-40.4508,58.7785,,1,0.25,429.89,157.03,58.32,461.37
2026-09-01 21:53:32.838,100.0,54.0,210.0,-70.0629,-40.4508,58.7785,,2,0.5,429.91,157.04,58.33,461.39
2026-09-01 21:53:33.077,100.0,54.0,210.0,-70.0629,-40.4508,58.7785,,3,0.75,429.91,157.04,58.33,461.39
2026-09-01 21:53:33.332,100.0,54.0,210.0,-70.0629,-40.4508,58.7785,,4,1.0,429.9,157.04,58.33,461.38
2026-09-01 21:53:33.587,100.0,54.0,210.0,-70.0629,-40.4508,58.7785,,5,1.25,429.9,157.04,58.33,461.38
2026-09-01 21:53:40.458,100.0,54.0,216.0,-65.4508,-47.5528,58.7785,,1,0.25,429.64,156.6,58.26,460.98
2026-09-01 21:53:40.713,100.0,54.0,216.0,-65.4508,-47.5528,58.7785,,2,0.5,429.66,156.61,58.28,461.01
2026-09-01 21:53:40.952,100.0,54.0,216.0,-65.4508,-47.5528,58.7785,,3,0.75,429.66,156.61,58.28,461.01
2026-09-01 21:53:41.207,100.0,54.0,216.0,-65.4508,-47.5528,58.7785,,4,1.0,429.63,156.61,58.28,460.98
2026-09-01 21:53:41.462,100.0,54.0,216.0,-65.4508,-47.5528,58.7785,,5,1.25,429.63,156.61,58.28,460.98
2026-09-01 21:53:48.333,100.0,54.0,222.0,-60.1217,-54.1338,58.7785,,1,0.25,429.14,156.23,58.25,460.39
2026-09-01 21:53:48.588,100.0,54.0,222.0,-60.1217,-54.1338,58.7785,,2,0.5,429.14,156.23,58.25,460.39
2026-09-01 21:53:48.828,100.0,54.0,222.0,-60.1217,-54.1338,58.7785,,3,0.75,429.13,156.22,58.25,460.38
2026-09-01 21:53:49.083,100.0,54.0,222.0,-60.1217,-54.1338,58.7785,,4,1.0,429.13,156.22,58.25,460.38
2026-09-01 21:53:49.338,100.0,54.0,222.0,-60.1217,-54.1338,58.7785,,5,1.25,429.12,156.24,58.26,460.37
2026-09-01 21:53:56.209,100.0,54.0,228.0,-54.1338,-60.1217,58.7785,,1,0.25,428.62,156.13,58.16,459.86
2026-09-01 21:53:56.448,100.0,54.0,228.0,-54.1338,-60.1217,58.7785,,2,0.5,428.56,156.12,58.17,459.8
2026-09-01 21:53:58.951,100.0,54.0,228.0,-54.1338,-60.1217,58.7785,,3,0.75,428.56,156.12,58.17,459.8
2026-09-01 21:53:59.206,100.0,54.0,228.0,-54.1338,-60.1217,58.7785,,4,1.0,428.61,156.14,58.17,459.85
2026-09-01 21:53:59.461,100.0,54.0,228.0,-54.1338,-60.1217,58.7785,,5,1.25,428.61,156.14,58.17,459.85
2026-09-01 21:54:06.332,100.0,54.0,234.0,-47.5528,-65.4508,58.7785,,1,0.25,428.14,155.91,58.15,459.33
2026-09-01 21:54:06.587,100.0,54.0,234.0,-47.5528,-65.4508,58.7785,,2,0.5,428.14,155.91,58.15,459.33
2026-09-01 21:54:06.826,100.0,54.0,234.0,-47.5528,-65.4508,58.7785,,3,0.75,428.13,155.9,58.14,459.32
2026-09-01 21:54:07.081,100.0,54.0,234.0,-47.5528,-65.4508,58.7785,,4,1.0,428.13,155.9,58.14,459.32
2026-09-01 21:54:07.337,100.0,54.0,234.0,-47.5528,-65.4508,58.7785,,5,1.25,428.13,155.9,58.14,459.32
2026-09-01 21:54:14.208,100.0,54.0,240.0,-40.4508,-70.0629,58.7785,,1,0.25,427.64,155.76,58.05,458.81
2026-09-01 21:54:14.463,100.0,54.0,240.0,-40.4508,-70.0629,58.7785,,2,0.5,427.64,155.76,58.05,458.81
2026-09-01 21:54:14.702,100.0,54.0,240.0,-40.4508,-70.0629,58.7785,,3,0.75,427.63,155.77,58.05,458.8
2026-09-01 21:54:14.957,100.0,54.0,240.0,-40.4508,-70.0629,58.7785,,4,1.0,427.63,155.77,58.05,458.8
2026-09-01 21:54:15.212,100.0,54.0,240.0,-40.4508,-70.0629,58.7785,,5,1.25,427.55,155.77,58.06,458.73
2026-09-01 21:54:22.083,100.0,54.0,246.0,-32.9057,-73.9074,58.7785,,1,0.25,427.08,155.91,57.94,458.32
2026-09-01 21:54:22.338,100.0,54.0,246.0,-32.9057,-73.9074,58.7785,,2,0.5,427.05,155.9,57.95,458.29
2026-09-01 21:54:22.577,100.0,54.0,246.0,-32.9057,-73.9074,58.7785,,3,0.75,427.05,155.9,57.95,458.29
2026-09-01 21:54:22.832,100.0,54.0,246.0,-32.9057,-73.9074,58.7785,,4,1.0,427.12,155.9,57.96,458.36
2026-09-01 21:54:23.087,100.0,54.0,246.0,-32.9057,-73.9074,58.7785,,5,1.25,427.12,155.9,57.96,458.36
2026-09-01 21:54:29.959,100.0,54.0,252.0,-25.0,-76.9421,58.7785,,1,0.25,426.55,156.06,57.84,457.87
2026-09-01 21:54:30.198,100.0,54.0,252.0,-25.0,-76.9421,58.7785,,2,0.5,426.58,156.07,57.85,457.9
2026-09-01 21:54:32.701,100.0,54.0,252.0,-25.0,-76.9421,58.7785,,3,0.75,426.6,156.08,57.86,457.92
2026-09-01 21:54:32.956,100.0,54.0,252.0,-25.0,-76.9421,58.7785,,4,1.0,426.6,156.08,57.86,457.92
2026-09-01 21:54:33.211,100.0,54.0,252.0,-25.0,-76.9421,58.7785,,5,1.25,426.56,156.08,57.86,457.88
2026-09-01 21:54:40.082,100.0,54.0,258.0,-16.8204,-79.1338,58.7785,,1,0.25,426.01,156.51,57.73,457.5
2026-09-01 21:54:40.337,100.0,54.0,258.0,-16.8204,-79.1338,58.7785,,2,0.5,426.01,156.51,57.73,457.5
2026-09-01 21:54:40.576,100.0,54.0,258.0,-16.8204,-79.1338,58.7785,,3,0.75,426.01,156.5,57.73,457.5
2026-09-01 21:54:40.831,100.0,54.0,258.0,-16.8204,-79.1338,58.7785,,4,1.0,426.01,156.5,57.73,457.5
2026-09-01 21:54:41.086,100.0,54.0,258.0,-16.8204,-79.1338,58.7785,,5,1.25,426.03,156.51,57.74,457.52
2026-09-01 21:54:47.957,100.0,54.0,264.0,-8.4565,-80.4585,58.7785,,1,0.25,425.74,156.81,57.69,457.35
2026-09-01 21:54:48.212,100.0,54.0,264.0,-8.4565,-80.4585,58.7785,,2,0.5,425.75,156.81,57.69,457.36
2026-09-01 21:54:48.451,100.0,54.0,264.0,-8.4565,-80.4585,58.7785,,3,0.75,425.75,156.81,57.69,457.36
2026-09-01 21:54:48.706,100.0,54.0,264.0,-8.4565,-80.4585,58.7785,,4,1.0,425.68,156.8,57.68,457.29
2026-09-01 21:54:48.961,100.0,54.0,264.0,-8.4565,-80.4585,58.7785,,5,1.25,425.68,156.8,57.68,457.29
2026-09-01 21:54:55.833,100.0,54.0,270.0,-0.0,-80.9017,58.7785,,1,0.25,425.42,157.27,57.7,457.21
2026-09-01 21:54:56.088,100.0,54.0,270.0,-0.0,-80.9017,58.7785,,2,0.5,425.42,157.27,57.7,457.21
2026-09-01 21:54:56.327,100.0,54.0,270.0,-0.0,-80.9017,58.7785,,3,0.75,425.42,157.27,57.7,457.21
2026-09-01 21:54:56.582,100.0,54.0,270.0,-0.0,-80.9017,58.7785,,4,1.0,425.38,157.27,57.69,457.17
2026-09-01 21:54:56.837,100.0,54.0,270.0,-0.0,-80.9017,58.7785,,5,1.25,425.38,157.27,57.69,457.17
2026-09-01 21:55:03.708,100.0,54.0,276.0,8.4565,-80.4585,58.7785,,1,0.25,425.18,157.76,57.63,457.15
2026-09-01 21:55:03.947,100.0,54.0,276.0,8.4565,-80.4585,58.7785,,2,0.5,425.23,157.74,57.64,457.19
2026-09-01 21:55:06.450,100.0,54.0,276.0,8.4565,-80.4585,58.7785,,3,0.75,425.23,157.74,57.64,457.19
2026-09-01 21:55:06.705,100.0,54.0,276.0,8.4565,-80.4585,58.7785,,4,1.0,425.21,157.73,57.65,457.17
2026-09-01 21:55:06.960,100.0,54.0,276.0,8.4565,-80.4585,58.7785,,5,1.25,425.21,157.73,57.65,457.17
2026-09-01 21:55:13.831,100.0,54.0,282.0,16.8204,-79.1338,58.7785,,1,0.25,425.18,158.26,57.64,457.32
2026-09-01 21:55:14.086,100.0,54.0,282.0,16.8204,-79.1338,58.7785,,2,0.5,425.18,158.29,57.64,457.33
2026-09-01 21:55:14.325,100.0,54.0,282.0,16.8204,-79.1338,58.7785,,3,0.75,425.18,158.29,57.64,457.33
2026-09-01 21:55:14.581,100.0,54.0,282.0,16.8204,-79.1338,58.7785,,4,1.0,425.17,158.29,57.64,457.32
2026-09-01 21:55:14.836,100.0,54.0,282.0,16.8204,-79.1338,58.7785,,5,1.25,425.17,158.29,57.64,457.32
2026-09-01 21:55:21.707,100.0,54.0,288.0,25.0,-76.9421,58.7785,,1,0.25,425.27,158.71,57.68,457.57
2026-09-01 21:55:21.962,100.0,54.0,288.0,25.0,-76.9421,58.7785,,2,0.5,425.27,158.71,57.68,457.57
2026-09-01 21:55:22.201,100.0,54.0,288.0,25.0,-76.9421,58.7785,,3,0.75,425.25,158.72,57.68,457.55
2026-09-01 21:55:22.456,100.0,54.0,288.0,25.0,-76.9421,58.7785,,4,1.0,425.25,158.72,57.68,457.55
2026-09-01 21:55:22.711,100.0,54.0,288.0,25.0,-76.9421,58.7785,,5,1.25,425.27,158.71,57.67,457.56
2026-09-01 21:55:29.582,100.0,54.0,294.0,32.9057,-73.9074,58.7785,,1,0.25,425.42,159.3,57.7,457.91
2026-09-01 21:55:29.837,100.0,54.0,294.0,32.9057,-73.9074,58.7785,,2,0.5,425.42,159.3,57.7,457.91
2026-09-01 21:55:30.076,100.0,54.0,294.0,32.9057,-73.9074,58.7785,,3,0.75,425.42,159.3,57.69,457.91
2026-09-01 21:55:30.332,100.0,54.0,294.0,32.9057,-73.9074,58.7785,,4,1.0,425.42,159.3,57.69,457.91
2026-09-01 21:55:30.587,100.0,54.0,294.0,32.9057,-73.9074,58.7785,,5,1.25,425.41,159.29,57.7,457.9
2026-09-01 21:55:37.458,100.0,54.0,300.0,40.4508,-70.0629,58.7785,,1,0.25,425.63,159.57,57.7,458.2
2026-09-01 21:55:37.697,100.0,54.0,300.0,40.4508,-70.0629,58.7785,,2,0.5,425.66,159.6,57.71,458.24
2026-09-01 21:55:40.200,100.0,54.0,300.0,40.4508,-70.0629,58.7785,,3,0.75,425.69,159.6,57.7,458.27
2026-09-01 21:55:40.455,100.0,54.0,300.0,40.4508,-70.0629,58.7785,,4,1.0,425.69,159.6,57.7,458.27
2026-09-01 21:55:40.710,100.0,54.0,300.0,40.4508,-70.0629,58.7785,,5,1.25,425.72,159.61,57.7,458.3
2026-09-01 21:55:47.581,100.0,54.0,306.0,47.5528,-65.4508,58.7785,,1,0.25,426.09,160.04,57.78,458.8
2026-09-01 21:55:47.836,100.0,54.0,306.0,47.5528,-65.4508,58.7785,,2,0.5,426.09,160.04,57.78,458.8
2026-09-01 21:55:48.075,100.0,54.0,306.0,47.5528,-65.4508,58.7785,,3,0.75,426.07,160.04,57.79,458.78
2026-09-01 21:55:48.330,100.0,54.0,306.0,47.5528,-65.4508,58.7785,,4,1.0,426.07,160.04,57.79,458.78
2026-09-01 21:55:48.585,100.0,54.0,306.0,47.5528,-65.4508,58.7785,,5,1.25,426.12,160.06,57.78,458.84
2026-09-01 21:55:55.456,100.0,54.0,312.0,54.1338,-60.1217,58.7785,,1,0.25,426.57,160.42,57.78,459.38
2026-09-01 21:55:55.711,100.0,54.0,312.0,54.1338,-60.1217,58.7785,,2,0.5,426.47,160.37,57.8,459.27
2026-09-01 21:55:55.951,100.0,54.0,312.0,54.1338,-60.1217,58.7785,,3,0.75,426.47,160.37,57.8,459.27
2026-09-01 21:55:56.206,100.0,54.0,312.0,54.1338,-60.1217,58.7785,,4,1.0,426.5,160.38,57.8,459.3
2026-09-01 21:55:56.461,100.0,54.0,312.0,54.1338,-60.1217,58.7785,,5,1.25,426.5,160.38,57.8,459.3
2026-09-01 21:56:03.332,100.0,54.0,318.0,60.1217,-54.1338,58.7785,,1,0.25,427.09,160.34,57.95,459.86
2026-09-01 21:56:03.587,100.0,54.0,318.0,60.1217,-54.1338,58.7785,,2,0.5,427.12,160.32,57.95,459.88
2026-09-01 21:56:03.826,100.0,54.0,318.0,60.1217,-54.1338,58.7785,,3,0.75,427.12,160.32,57.95,459.88
2026-09-01 21:56:04.081,100.0,54.0,318.0,60.1217,-54.1338,58.7785,,4,1.0,427.1,160.3,57.96,459.85
2026-09-01 21:56:04.336,100.0,54.0,318.0,60.1217,-54.1338,58.7785,,5,1.25,427.1,160.3,57.96,459.85
2026-09-01 21:56:11.207,100.0,54.0,324.0,65.4508,-47.5528,58.7785,,1,0.25,427.6,160.44,57.96,460.37
2026-09-01 21:56:11.462,100.0,54.0,324.0,65.4508,-47.5528,58.7785,,2,0.5,427.6,160.44,57.96,460.37
2026-09-01 21:56:11.701,100.0,54.0,324.0,65.4508,-47.5528,58.7785,,3,0.75,427.65,160.45,57.96,460.42
2026-09-01 21:56:11.957,100.0,54.0,324.0,65.4508,-47.5528,58.7785,,4,1.0,427.65,160.45,57.96,460.42
2026-09-01 21:56:12.212,100.0,54.0,324.0,65.4508,-47.5528,58.7785,,5,1.25,427.65,160.45,57.97,460.42
2026-09-01 21:56:19.083,100.0,54.0,330.0,70.0629,-40.4508,58.7785,,1,0.25,428.17,160.28,58.11,460.86
2026-09-01 21:56:19.322,100.0,54.0,330.0,70.0629,-40.4508,58.7785,,2,0.5,428.17,160.28,58.11,460.86
2026-09-01 21:56:19.577,100.0,54.0,330.0,70.0629,-40.4508,58.7785,,3,0.75,428.17,160.27,58.12,460.86
2026-09-01 21:56:19.832,100.0,54.0,330.0,70.0629,-40.4508,58.7785,,4,1.0,428.17,160.27,58.12,460.86
2026-09-01 21:56:20.087,100.0,54.0,330.0,70.0629,-40.4508,58.7785,,5,1.25,428.16,160.27,58.1,460.85
2026-09-01 21:56:26.958,100.0,54.0,336.0,73.9074,-32.9057,58.7785,,1,0.25,428.76,160.07,58.29,461.36
2026-09-01 21:56:27.197,100.0,54.0,336.0,73.9074,-32.9057,58.7785,,2,0.5,428.78,160.08,58.29,461.38
2026-09-01 21:56:29.700,100.0,54.0,336.0,73.9074,-32.9057,58.7785,,3,0.75,428.69,160.08,58.29,461.3
2026-09-01 21:56:29.955,100.0,54.0,336.0,73.9074,-32.9057,58.7785,,4,1.0,428.69,160.08,58.29,461.3
2026-09-01 21:56:30.210,100.0,54.0,336.0,73.9074,-32.9057,58.7785,,5,1.25,428.69,160.08,58.29,461.3
2026-09-01 21:56:37.081,100.0,54.0,342.0,76.9421,-25.0,58.7785,,1,0.25,429.16,159.74,58.37,461.62
2026-09-01 21:56:37.337,100.0,54.0,342.0,76.9421,-25.0,58.7785,,2,0.5,429.16,159.74,58.37,461.62
2026-09-01 21:56:37.576,100.0,54.0,342.0,76.9421,-25.0,58.7785,,3,0.75,429.19,159.74,58.36,461.65
2026-09-01 21:56:37.831,100.0,54.0,342.0,76.9421,-25.0,58.7785,,4,1.0,429.19,159.74,58.36,461.65
2026-09-01 21:56:38.086,100.0,54.0,342.0,76.9421,-25.0,58.7785,,5,1.25,429.19,159.74,58.35,461.65
2026-09-01 21:56:44.957,100.0,54.0,348.0,79.1338,-16.8204,58.7785,,1,0.25,429.53,159.32,58.49,461.84
2026-09-01 21:56:45.212,100.0,54.0,348.0,79.1338,-16.8204,58.7785,,2,0.5,429.56,159.33,58.49,461.87
2026-09-01 21:56:45.451,100.0,54.0,348.0,79.1338,-16.8204,58.7785,,3,0.75,429.56,159.33,58.49,461.87
2026-09-01 21:56:45.706,100.0,54.0,348.0,79.1338,-16.8204,58.7785,,4,1.0,429.58,159.32,58.48,461.88
2026-09-01 21:56:45.961,100.0,54.0,348.0,79.1338,-16.8204,58.7785,,5,1.25,429.58,159.32,58.48,461.88
2026-09-01 21:56:52.833,100.0,54.0,354.0,80.4585,-8.4565,58.7785,,1,0.25,429.88,158.86,58.53,462.01
2026-09-01 21:56:53.072,100.0,54.0,354.0,80.4585,-8.4565,58.7785,,2,0.5,429.9,158.88,58.53,462.04
2026-09-01 21:56:53.327,100.0,54.0,354.0,80.4585,-8.4565,58.7785,,3,0.75,429.9,158.88,58.53,462.04
2026-09-01 21:56:53.582,100.0,54.0,354.0,80.4585,-8.4565,58.7785,,4,1.0,429.87,158.87,58.55,462.01
2026-09-01 21:56:53.837,100.0,54.0,354.0,80.4585,-8.4565,58.7785,,5,1.25,429.87,158.87,58.55,462.01
2026-09-01 21:57:00.835,100.0,60.0,354.0,86.1281,-9.0524,50.0,,1,0.25,430.07,158.97,58.5,462.22
2026-09-01 21:57:01.075,100.0,60.0,354.0,86.1281,-9.0524,50.0,,2,0.5,430.07,158.97,58.5,462.22
2026-09-01 21:57:01.330,100.0,60.0,354.0,86.1281,-9.0524,50.0,,3,0.75,430.11,158.97,58.5,462.26
2026-09-01 21:57:01.585,100.0,60.0,354.0,86.1281,-9.0524,50.0,,4,1.0,430.11,158.97,58.5,462.26
2026-09-01 21:57:01.824,100.0,60.0,354.0,86.1281,-9.0524,50.0,,5,1.25,430.09,158.97,58.5,462.24
2026-09-01 21:57:08.711,100.0,60.0,348.0,84.7101,-18.0057,50.0,,1,0.25,429.75,159.55,58.44,462.12
2026-09-01 21:57:08.950,100.0,60.0,348.0,84.7101,-18.0057,50.0,,2,0.5,429.79,159.54,58.43,462.15
2026-09-01 21:57:09.205,100.0,60.0,348.0,84.7101,-18.0057,50.0,,3,0.75,429.79,159.54,58.43,462.15
2026-09-01 21:57:09.460,100.0,60.0,348.0,84.7101,-18.0057,50.0,,4,1.0,429.79,159.54,58.44,462.15
2026-09-01 21:57:09.699,100.0,60.0,348.0,84.7101,-18.0057,50.0,,5,1.25,429.79,159.54,58.44,462.15
2026-09-01 21:57:16.586,100.0,60.0,342.0,82.3639,-26.7617,50.0,,1,0.25,429.33,159.93,58.3,461.84
2026-09-01 21:57:16.826,100.0,60.0,342.0,82.3639,-26.7617,50.0,,2,0.5,429.4,159.94,58.29,461.91
2026-09-01 21:57:17.081,100.0,60.0,342.0,82.3639,-26.7617,50.0,,3,0.75,429.4,159.94,58.29,461.91
2026-09-01 21:57:17.336,100.0,60.0,342.0,82.3639,-26.7617,50.0,,4,1.0,429.4,159.97,58.3,461.92
2026-09-01 21:57:17.575,100.0,60.0,342.0,82.3639,-26.7617,50.0,,5,1.25,429.4,159.97,58.3,461.92
2026-09-01 21:57:24.446,100.0,60.0,336.0,79.1154,-35.2244,50.0,,1,0.25,428.78,160.35,58.12,461.45
2026-09-01 21:57:26.949,100.0,60.0,336.0,79.1154,-35.2244,50.0,,2,0.5,428.79,160.36,58.13,461.47
2026-09-01 21:57:27.204,100.0,60.0,336.0,79.1154,-35.2244,50.0,,3,0.75,428.79,160.36,58.13,461.47
2026-09-01 21:57:27.459,100.0,60.0,336.0,79.1154,-35.2244,50.0,,4,1.0,428.79,160.35,58.13,461.46
2026-09-01 21:57:27.698,100.0,60.0,336.0,79.1154,-35.2244,50.0,,5,1.25,428.79,160.35,58.13,461.46
2026-09-01 21:57:34.585,100.0,60.0,330.0,75.0,-43.3013,50.0,,1,0.25,427.99,161.03,57.94,460.93
2026-09-01 21:57:34.824,100.0,60.0,330.0,75.0,-43.3013,50.0,,2,0.5,427.98,161.03,57.96,460.93
2026-09-01 21:57:35.079,100.0,60.0,330.0,75.0,-43.3013,50.0,,3,0.75,427.98,161.03,57.96,460.93
2026-09-01 21:57:35.334,100.0,60.0,330.0,75.0,-43.3013,50.0,,4,1.0,428.04,161.04,57.95,460.98
2026-09-01 21:57:35.574,100.0,60.0,330.0,75.0,-43.3013,50.0,,5,1.25,428.04,161.04,57.95,460.98
2026-09-01 21:57:42.460,100.0,60.0,324.0,70.0629,-50.9037,50.0,,1,0.25,427.54,160.93,57.84,460.47
2026-09-01 21:57:42.700,100.0,60.0,324.0,70.0629,-50.9037,50.0,,2,0.5,427.54,160.93,57.84,460.47
2026-09-01 21:57:42.955,100.0,60.0,324.0,70.0629,-50.9037,50.0,,3,0.75,427.58,160.96,57.83,460.51
2026-09-01 21:57:43.210,100.0,60.0,324.0,70.0629,-50.9037,50.0,,4,1.0,427.58,160.96,57.83,460.51
2026-09-01 21:57:43.449,100.0,60.0,324.0,70.0629,-50.9037,50.0,,5,1.25,427.52,160.97,57.85,460.46
2026-09-01 21:57:50.336,100.0,60.0,318.0,64.3582,-57.9484,50.0,,1,0.25,426.9,160.86,57.77,459.84
2026-09-01 21:57:50.575,100.0,60.0,318.0,64.3582,-57.9484,50.0,,2,0.5,426.9,160.86,57.77,459.84
2026-09-01 21:57:50.830,100.0,60.0,318.0,64.3582,-57.9484,50.0,,3,0.75,426.9,160.84,57.78,459.83
2026-09-01 21:57:51.085,100.0,60.0,318.0,64.3582,-57.9484,50.0,,4,1.0,426.9,160.84,57.78,459.83
2026-09-01 21:57:51.324,100.0,60.0,318.0,64.3582,-57.9484,50.0,,5,1.25,426.88,160.85,57.78,459.82
2026-09-01 21:57:58.211,100.0,60.0,312.0,57.9484,-64.3582,50.0,,1,0.25,426.18,160.84,57.6,459.14
2026-09-01 21:57:58.451,100.0,60.0,312.0,57.9484,-64.3582,50.0,,2,0.5,426.21,160.83,57.6,459.17
2026-09-01 21:57:58.706,100.0,60.0,312.0,57.9484,-64.3582,50.0,,3,0.75,426.21,160.83,57.6,459.17
2026-09-01 21:57:58.961,100.0,60.0,312.0,57.9484,-64.3582,50.0,,4,1.0,426.21,160.84,57.63,459.17
2026-09-01 21:57:59.200,100.0,60.0,312.0,57.9484,-64.3582,50.0,,5,1.25,426.21,160.84,57.63,459.17
2026-09-01 21:58:06.071,100.0,60.0,306.0,50.9037,-70.0629,50.0,,1,0.25,425.73,160.45,57.6,458.59
2026-09-01 21:58:06.326,100.0,60.0,306.0,50.9037,-70.0629,50.0,,2,0.5,425.73,160.45,57.59,458.59
2026-09-01 21:58:06.581,100.0,60.0,306.0,50.9037,-70.0629,50.0,,3,0.75,425.73,160.45,57.59,458.59
2026-09-01 21:58:06.836,100.0,60.0,306.0,50.9037,-70.0629,50.0,,4,1.0,425.75,160.44,57.6,458.6
2026-09-01 21:58:07.075,100.0,60.0,306.0,50.9037,-70.0629,50.0,,5,1.25,425.75,160.44,57.6,458.6
2026-09-01 21:58:13.946,100.0,60.0,300.0,43.3013,-75.0,50.0,,1,0.25,425.28,160.0,57.52,458.0
2026-09-01 21:58:16.449,100.0,60.0,300.0,43.3013,-75.0,50.0,,2,0.5,425.24,160.0,57.5,457.96
2026-09-01 21:58:16.704,100.0,60.0,300.0,43.3013,-75.0,50.0,,3,0.75,425.24,160.0,57.5,457.96
2026-09-01 21:58:16.959,100.0,60.0,300.0,43.3013,-75.0,50.0,,4,1.0,425.26,160.0,57.5,457.98
2026-09-01 21:58:17.199,100.0,60.0,300.0,43.3013,-75.0,50.0,,5,1.25,425.26,160.0,57.5,457.98
2026-09-01 21:58:24.086,100.0,60.0,294.0,35.2244,-79.1154,50.0,,1,0.25,424.95,159.58,57.47,457.54
2026-09-01 21:58:24.325,100.0,60.0,294.0,35.2244,-79.1154,50.0,,2,0.5,425.02,159.6,57.47,457.62
2026-09-01 21:58:24.580,100.0,60.0,294.0,35.2244,-79.1154,50.0,,3,0.75,425.02,159.6,57.47,457.62
2026-09-01 21:58:24.835,100.0,60.0,294.0,35.2244,-79.1154,50.0,,4,1.0,424.99,159.58,57.48,457.58
2026-09-01 21:58:25.074,100.0,60.0,294.0,35.2244,-79.1154,50.0,,5,1.25,424.99,159.58,57.48,457.58
2026-09-01 21:58:31.961,100.0,60.0,288.0,26.7617,-82.3639,50.0,,1,0.25,424.75,159.03,57.47,457.17
2026-09-01 21:58:32.200,100.0,60.0,288.0,26.7617,-82.3639,50.0,,2,0.5,424.75,159.03,57.47,457.17
2026-09-01 21:58:32.455,100.0,60.0,288.0,26.7617,-82.3639,50.0,,3,0.75,424.73,159.02,57.47,457.14
2026-09-01 21:58:32.710,100.0,60.0,288.0,26.7617,-82.3639,50.0,,4,1.0,424.73,159.02,57.47,457.14
2026-09-01 21:58:32.950,100.0,60.0,288.0,26.7617,-82.3639,50.0,,5,1.25,424.73,159.02,57.47,457.14
2026-09-01 21:58:39.821,100.0,60.0,282.0,18.0057,-84.7101,50.0,,1,0.25,424.69,158.44,57.46,456.9
2026-09-01 21:58:40.076,100.0,60.0,282.0,18.0057,-84.7101,50.0,,2,0.5,424.69,158.44,57.46,456.9
2026-09-01 21:58:40.331,100.0,60.0,282.0,18.0057,-84.7101,50.0,,3,0.75,424.72,158.44,57.47,456.93
2026-09-01 21:58:40.586,100.0,60.0,282.0,18.0057,-84.7101,50.0,,4,1.0,424.72,158.44,57.47,456.93
2026-09-01 21:58:40.825,100.0,60.0,282.0,18.0057,-84.7101,50.0,,5,1.25,424.63,158.44,57.46,456.85
2026-09-01 21:58:47.696,100.0,60.0,276.0,9.0524,-86.1281,50.0,,1,0.25,424.81,157.79,57.49,456.8
2026-09-01 21:58:50.199,100.0,60.0,276.0,9.0524,-86.1281,50.0,,2,0.5,424.81,157.79,57.49,456.8
2026-09-01 21:58:50.454,100.0,60.0,276.0,9.0524,-86.1281,50.0,,3,0.75,424.81,157.79,57.49,456.8
2026-09-01 21:58:50.709,100.0,60.0,276.0,9.0524,-86.1281,50.0,,4,1.0,424.81,157.77,57.5,456.79
2026-09-01 21:58:50.948,100.0,60.0,276.0,9.0524,-86.1281,50.0,,5,1.25,424.81,157.77,57.5,456.79
2026-09-01 21:58:57.835,100.0,60.0,270.0,-0.0,-86.6025,50.0,,1,0.25,425.06,157.22,57.51,456.83
2026-09-01 21:58:58.075,100.0,60.0,270.0,-0.0,-86.6025,50.0,,2,0.5,425.06,157.22,57.51,456.83
2026-09-01 21:58:58.330,100.0,60.0,270.0,-0.0,-86.6025,50.0,,3,0.75,424.98,157.22,57.52,456.76
2026-09-01 21:58:58.585,100.0,60.0,270.0,-0.0,-86.6025,50.0,,4,1.0,424.98,157.22,57.52,456.76
2026-09-01 21:58:58.824,100.0,60.0,270.0,-0.0,-86.6025,50.0,,5,1.25,424.95,157.21,57.52,456.73
2026-09-01 21:59:05.695,100.0,60.0,264.0,-9.0524,-86.1281,50.0,,1,0.25,425.34,156.72,57.58,456.93
2026-09-01 21:59:08.198,100.0,60.0,264.0,-9.0524,-86.1281,50.0,,2,0.5,425.31,156.74,57.58,456.91
2026-09-01 21:59:08.453,100.0,60.0,264.0,-9.0524,-86.1281,50.0,,3,0.75,425.31,156.74,57.58,456.91
2026-09-01 21:59:08.708,100.0,60.0,264.0,-9.0524,-86.1281,50.0,,4,1.0,425.36,156.75,57.58,456.96
2026-09-01 21:59:08.947,100.0,60.0,264.0,-9.0524,-86.1281,50.0,,5,1.25,425.36,156.75,57.58,456.96
2026-09-01 21:59:15.834,100.0,60.0,258.0,-18.0057,-84.7101,50.0,,1,0.25,425.71,156.42,57.58,457.17
2026-09-01 21:59:16.073,100.0,60.0,258.0,-18.0057,-84.7101,50.0,,2,0.5,425.71,156.42,57.58,457.17
2026-09-01 21:59:16.328,100.0,60.0,258.0,-18.0057,-84.7101,50.0,,3,0.75,425.65,156.44,57.59,457.13
2026-09-01 21:59:16.584,100.0,60.0,258.0,-18.0057,-84.7101,50.0,,4,1.0,425.65,156.44,57.59,457.13
2026-09-01 21:59:16.823,100.0,60.0,258.0,-18.0057,-84.7101,50.0,,5,1.25,425.7,156.41,57.59,457.16
2026-09-01 21:59:23.710,100.0,60.0,252.0,-26.7617,-82.3639,50.0,,1,0.25,426.27,155.89,57.78,457.54
2026-09-01 21:59:23.949,100.0,60.0,252.0,-26.7617,-82.3639,50.0,,2,0.5,426.27,155.89,57.78,457.54
2026-09-01 21:59:24.204,100.0,60.0,252.0,-26.7617,-82.3639,50.0,,3,0.75,426.25,155.88,57.78,457.52
2026-09-01 21:59:24.459,100.0,60.0,252.0,-26.7617,-82.3639,50.0,,4,1.0,426.25,155.88,57.78,457.52
2026-09-01 21:59:24.698,100.0,60.0,252.0,-26.7617,-82.3639,50.0,,5,1.25,426.29,155.88,57.77,457.55
2026-09-01 21:59:31.585,100.0,60.0,246.0,-35.2244,-79.1154,50.0,,1,0.25,426.91,155.74,57.79,458.09
2026-09-01 21:59:31.824,100.0,60.0,246.0,-35.2244,-79.1154,50.0,,2,0.5,426.87,155.75,57.79,458.05
2026-09-01 21:59:32.079,100.0,60.0,246.0,-35.2244,-79.1154,50.0,,3,0.75,426.87,155.75,57.79,458.05
2026-09-01 21:59:32.334,100.0,60.0,246.0,-35.2244,-79.1154,50.0,,4,1.0,426.87,155.74,57.78,458.05
2026-09-01 21:59:32.574,100.0,60.0,246.0,-35.2244,-79.1154,50.0,,5,1.25,426.87,155.74,57.78,458.05
2026-09-01 21:59:39.461,100.0,60.0,240.0,-43.3013,-75.0,50.0,,1,0.25,427.37,155.6,57.93,458.48
2026-09-01 21:59:39.700,100.0,60.0,240.0,-43.3013,-75.0,50.0,,2,0.5,427.37,155.6,57.93,458.48
2026-09-01 21:59:39.955,100.0,60.0,240.0,-43.3013,-75.0,50.0,,3,0.75,427.37,155.6,57.93,458.48
2026-09-01 21:59:40.210,100.0,60.0,240.0,-43.3013,-75.0,50.0,,4,1.0,427.43,155.61,57.93,458.54
2026-09-01 21:59:40.449,100.0,60.0,240.0,-43.3013,-75.0,50.0,,5,1.25,427.43,155.61,57.93,458.54
2026-09-01 21:59:47.320,100.0,60.0,234.0,-50.9037,-70.0629,50.0,,1,0.25,428.04,155.66,58.11,459.15
2026-09-01 21:59:47.575,100.0,60.0,234.0,-50.9037,-70.0629,50.0,,2,0.5,428.04,155.66,58.11,459.15
2026-09-01 21:59:47.830,100.0,60.0,234.0,-50.9037,-70.0629,50.0,,3,0.75,428.01,155.64,58.11,459.12
2026-09-01 21:59:48.085,100.0,60.0,234.0,-50.9037,-70.0629,50.0,,4,1.0,428.01,155.64,58.11,459.12
2026-09-01 21:59:48.325,100.0,60.0,234.0,-50.9037,-70.0629,50.0,,5,1.25,428.04,155.63,58.12,459.14
2026-09-01 21:59:55.196,100.0,60.0,228.0,-57.9484,-64.3582,50.0,,1,0.25,428.6,155.89,58.17,459.76
2026-09-01 21:59:57.699,100.0,60.0,228.0,-57.9484,-64.3582,50.0,,2,0.5,428.64,155.89,58.17,459.8
2026-09-01 21:59:57.954,100.0,60.0,228.0,-57.9484,-64.3582,50.0,,3,0.75,428.64,155.89,58.17,459.8
2026-09-01 21:59:58.209,100.0,60.0,228.0,-57.9484,-64.3582,50.0,,4,1.0,428.62,155.89,58.16,459.78
2026-09-01 21:59:58.448,100.0,60.0,228.0,-57.9484,-64.3582,50.0,,5,1.25,428.62,155.89,58.16,459.78
2026-09-01 22:00:05.335,100.0,60.0,222.0,-64.3582,-57.9484,50.0,,1,0.25,429.15,156.2,58.24,460.39
2026-09-01 22:00:05.574,100.0,60.0,222.0,-64.3582,-57.9484,50.0,,2,0.5,429.15,156.2,58.24,460.39
2026-09-01 22:00:05.829,100.0,60.0,222.0,-64.3582,-57.9484,50.0,,3,0.75,429.18,156.19,58.26,460.41
2026-09-01 22:00:06.084,100.0,60.0,222.0,-64.3582,-57.9484,50.0,,4,1.0,429.18,156.19,58.26,460.41
2026-09-01 22:00:06.323,100.0,60.0,222.0,-64.3582,-57.9484,50.0,,5,1.25,429.18,156.17,58.24,460.4
2026-09-01 22:00:13.210,100.0,60.0,216.0,-70.0629,-50.9037,50.0,,1,0.25,429.61,156.61,58.27,460.96
2026-09-01 22:00:13.449,100.0,60.0,216.0,-70.0629,-50.9037,50.0,,2,0.5,429.61,156.61,58.27,460.96
2026-09-01 22:00:13.705,100.0,60.0,216.0,-70.0629,-50.9037,50.0,,3,0.75,429.62,156.61,58.26,460.97
2026-09-01 22:00:13.960,100.0,60.0,216.0,-70.0629,-50.9037,50.0,,4,1.0,429.62,156.61,58.26,460.97
2026-09-01 22:00:14.199,100.0,60.0,216.0,-70.0629,-50.9037,50.0,,5,1.25,429.6,156.6,58.25,460.94
2026-09-01 22:00:21.070,100.0,60.0,210.0,-75.0,-43.3013,50.0,,1,0.25,429.95,157.18,58.22,461.46
2026-09-01 22:00:21.325,100.0,60.0,210.0,-75.0,-43.3013,50.0,,2,0.5,429.98,157.19,58.22,461.49
2026-09-01 22:00:21.580,100.0,60.0,210.0,-75.0,-43.3013,50.0,,3,0.75,429.98,157.19,58.22,461.49
2026-09-01 22:00:21.835,100.0,60.0,210.0,-75.0,-43.3013,50.0,,4,1.0,429.93,157.2,58.22,461.45
2026-09-01 22:00:22.074,100.0,60.0,210.0,-75.0,-43.3013,50.0,,5,1.25,429.93,157.2,58.22,461.45
2026-09-01 22:00:28.945,100.0,60.0,204.0,-79.1154,-35.2244,50.0,,1,0.25,430.29,157.65,58.24,461.94
2026-09-01 22:00:31.448,100.0,60.0,204.0,-79.1154,-35.2244,50.0,,2,0.5,430.29,157.65,58.24,461.94
2026-09-01 22:00:31.703,100.0,60.0,204.0,-79.1154,-35.2244,50.0,,3,0.75,430.33,157.64,58.24,461.98
2026-09-01 22:00:31.958,100.0,60.0,204.0,-79.1154,-35.2244,50.0,,4,1.0,430.33,157.64,58.24,461.98
2026-09-01 22:00:32.198,100.0,60.0,204.0,-79.1154,-35.2244,50.0,,5,1.25,430.33,157.66,58.23,461.98
2026-09-01 22:00:39.085,100.0,60.0,198.0,-82.3639,-26.7617,50.0,,1,0.25,430.43,158.28,58.22,462.29
2026-09-01 22:00:39.324,100.0,60.0,198.0,-82.3639,-26.7617,50.0,,2,0.5,430.41,158.29,58.21,462.27
2026-09-01 22:00:39.579,100.0,60.0,198.0,-82.3639,-26.7617,50.0,,3,0.75,430.41,158.29,58.21,462.27
2026-09-01 22:00:39.834,100.0,60.0,198.0,-82.3639,-26.7617,50.0,,4,1.0,430.39,158.28,58.22,462.25
2026-09-01 22:00:40.073,100.0,60.0,198.0,-82.3639,-26.7617,50.0,,5,1.25,430.39,158.28,58.22,462.25
2026-09-01 22:00:46.960,100.0,60.0,192.0,-84.7101,-18.0057,50.0,,1,0.25,430.43,158.96,58.13,462.51
2026-09-01 22:00:47.199,100.0,60.0,192.0,-84.7101,-18.0057,50.0,,2,0.5,430.4,158.98,58.13,462.49
2026-09-01 22:00:47.454,100.0,60.0,192.0,-84.7101,-18.0057,50.0,,3,0.75,430.4,158.98,58.13,462.49
2026-09-01 22:00:47.709,100.0,60.0,192.0,-84.7101,-18.0057,50.0,,4,1.0,430.38,158.96,58.13,462.46
2026-09-01 22:00:47.949,100.0,60.0,192.0,-84.7101,-18.0057,50.0,,5,1.25,430.38,158.96,58.13,462.46
2026-09-01 22:00:54.820,100.0,60.0,186.0,-86.1281,-9.0524,50.0,,1,0.25,430.27,159.55,58.03,462.55
2026-09-01 22:00:55.075,100.0,60.0,186.0,-86.1281,-9.0524,50.0,,2,0.5,430.27,159.55,58.03,462.55
2026-09-01 22:00:55.330,100.0,60.0,186.0,-86.1281,-9.0524,50.0,,3,0.75,430.3,159.55,58.03,462.58
2026-09-01 22:00:55.585,100.0,60.0,186.0,-86.1281,-9.0524,50.0,,4,1.0,430.3,159.55,58.03,462.58
2026-09-01 22:00:55.824,100.0,60.0,186.0,-86.1281,-9.0524,50.0,,5,1.25,430.31,159.55,58.03,462.59
2026-09-01 22:01:02.695,100.0,60.0,180.0,-86.6025,0.0,50.0,,1,0.25,429.99,160.23,57.86,462.5
2026-09-01 22:01:05.198,100.0,60.0,180.0,-86.6025,0.0,50.0,,2,0.5,430.04,160.21,57.87,462.54
2026-09-01 22:01:05.453,100.0,60.0,180.0,-86.6025,0.0,50.0,,3,0.75,430.04,160.21,57.87,462.54
2026-09-01 22:01:05.708,100.0,60.0,180.0,-86.6025,0.0,50.0,,4,1.0,429.98,160.22,57.86,462.49
2026-09-01 22:01:05.947,100.0,60.0,180.0,-86.6025,0.0,50.0,,5,1.25,429.98,160.22,57.86,462.49
2026-09-01 22:01:12.834,100.0,60.0,174.0,-86.1281,9.0524,50.0,,1,0.25,429.63,160.68,57.78,462.31
2026-09-01 22:01:13.074,100.0,60.0,174.0,-86.1281,9.0524,50.0,,2,0.5,429.63,160.68,57.78,462.31
2026-09-01 22:01:13.329,100.0,60.0,174.0,-86.1281,9.0524,50.0,,3,0.75,429.63,160.67,57.79,462.31
2026-09-01 22:01:13.584,100.0,60.0,174.0,-86.1281,9.0524,50.0,,4,1.0,429.63,160.67,57.79,462.31
2026-09-01 22:01:13.823,100.0,60.0,174.0,-86.1281,9.0524,50.0,,5,1.25,429.69,160.69,57.78,462.37
2026-09-01 22:01:20.710,100.0,60.0,168.0,-84.7101,18.0057,50.0,,1,0.25,429.24,161.17,57.67,462.11
2026-09-01 22:01:20.949,100.0,60.0,168.0,-84.7101,18.0057,50.0,,2,0.5,429.24,161.17,57.67,462.11
2026-09-01 22:01:21.204,100.0,60.0,168.0,-84.7101,18.0057,50.0,,3,0.75,429.26,161.17,57.66,462.13
2026-09-01 22:01:21.459,100.0,60.0,168.0,-84.7101,18.0057,50.0,,4,1.0,429.26,161.17,57.66,462.13
2026-09-01 22:01:21.698,100.0,60.0,168.0,-84.7101,18.0057,50.0,,5,1.25,429.27,161.16,57.67,462.13
2026-09-01 22:01:28.570,100.0,60.0,162.0,-82.3639,26.7617,50.0,,1,0.25,428.61,161.62,57.52,461.66
2026-09-01 22:01:28.825,100.0,60.0,162.0,-82.3639,26.7617,50.0,,2,0.5,428.57,161.6,57.52,461.62
2026-09-01 22:01:29.080,100.0,60.0,162.0,-82.3639,26.7617,50.0,,3,0.75,428.57,161.6,57.52,461.62
2026-09-01 22:01:29.335,100.0,60.0,162.0,-82.3639,26.7617,50.0,,4,1.0,428.59,161.6,57.52,461.64
2026-09-01 22:01:29.574,100.0,60.0,162.0,-82.3639,26.7617,50.0,,5,1.25,428.59,161.6,57.52,461.64
2026-09-01 22:01:36.445,100.0,60.0,156.0,-79.1154,35.2244,50.0,,1,0.25,427.93,161.95,57.36,461.13
2026-09-01 22:01:38.948,100.0,60.0,156.0,-79.1154,35.2244,50.0,,2,0.5,427.93,161.95,57.36,461.13
2026-09-01 22:01:39.203,100.0,60.0,156.0,-79.1154,35.2244,50.0,,3,0.75,427.92,161.97,57.35,461.12
2026-09-01 22:01:39.458,100.0,60.0,156.0,-79.1154,35.2244,50.0,,4,1.0,427.92,161.97,57.35,461.12
2026-09-01 22:01:39.697,100.0,60.0,156.0,-79.1154,35.2244,50.0,,5,1.25,428.01,161.98,57.34,461.21
2026-09-01 22:01:46.584,100.0,60.0,150.0,-75.0,43.3013,50.0,,1,0.25,427.3,162.12,57.22,460.58
2026-09-01 22:01:46.824,100.0,60.0,150.0,-75.0,43.3013,50.0,,2,0.5,427.36,162.11,57.22,460.64
2026-09-01 22:01:47.079,100.0,60.0,150.0,-75.0,43.3013,50.0,,3,0.75,427.36,162.11,57.22,460.64
2026-09-01 22:01:47.334,100.0,60.0,150.0,-75.0,43.3013,50.0,,4,1.0,427.31,162.11,57.21,460.59
2026-09-01 22:01:47.573,100.0,60.0,150.0,-75.0,43.3013,50.0,,5,1.25,427.31,162.11,57.21,460.59
2026-09-01 22:01:54.444,100.0,60.0,144.0,-70.0629,50.9037,50.0,,1,0.25,426.58,162.1,57.13,459.9
2026-09-01 22:01:56.947,100.0,60.0,144.0,-70.0629,50.9037,50.0,,2,0.5,426.58,162.1,57.13,459.9
2026-09-01 22:01:57.202,100.0,60.0,144.0,-70.0629,50.9037,50.0,,3,0.75,426.53,162.1,57.13,459.85
2026-09-01 22:01:57.457,100.0,60.0,144.0,-70.0629,50.9037,50.0,,4,1.0,426.53,162.1,57.13,459.85
2026-09-01 22:01:57.696,100.0,60.0,144.0,-70.0629,50.9037,50.0,,5,1.25,426.52,162.11,57.12,459.84
2026-09-01 22:02:04.583,100.0,60.0,138.0,-64.3582,57.9484,50.0,,1,0.25,425.89,161.87,57.0,459.16
2026-09-01 22:02:04.822,100.0,60.0,138.0,-64.3582,57.9484,50.0,,2,0.5,425.89,161.87,57.0,459.16
2026-09-01 22:02:05.078,100.0,60.0,138.0,-64.3582,57.9484,50.0,,3,0.75,425.86,161.87,57.0,459.13
2026-09-01 22:02:05.333,100.0,60.0,138.0,-64.3582,57.9484,50.0,,4,1.0,425.86,161.87,57.0,459.13
2026-09-01 22:02:05.572,100.0,60.0,138.0,-64.3582,57.9484,50.0,,5,1.25,425.82,161.84,57.02,459.09
2026-09-01 22:02:12.459,100.0,60.0,132.0,-57.9484,64.3582,50.0,,1,0.25,425.17,161.67,56.81,458.4
2026-09-01 22:02:12.698,100.0,60.0,132.0,-57.9484,64.3582,50.0,,2,0.5,425.19,161.67,56.82,458.42
2026-09-01 22:02:12.953,100.0,60.0,132.0,-57.9484,64.3582,50.0,,3,0.75,425.19,161.67,56.82,458.42
2026-09-01 22:02:13.208,100.0,60.0,132.0,-57.9484,64.3582,50.0,,4,1.0,425.16,161.66,56.82,458.39
2026-09-01 22:02:13.447,100.0,60.0,132.0,-57.9484,64.3582,50.0,,5,1.25,425.16,161.66,56.82,458.39
2026-09-01 22:02:20.334,100.0,60.0,126.0,-50.9037,70.0629,50.0,,1,0.25,424.62,161.21,56.82,457.73
2026-09-01 22:02:20.573,100.0,60.0,126.0,-50.9037,70.0629,50.0,,2,0.5,424.62,161.21,56.82,457.73
2026-09-01 22:02:20.829,100.0,60.0,126.0,-50.9037,70.0629,50.0,,3,0.75,424.62,161.21,56.82,457.73
2026-09-01 22:02:21.084,100.0,60.0,126.0,-50.9037,70.0629,50.0,,4,1.0,424.57,161.23,56.8,457.69
2026-09-01 22:02:21.323,100.0,60.0,126.0,-50.9037,70.0629,50.0,,5,1.25,424.57,161.23,56.8,457.69
2026-09-01 22:02:28.194,100.0,60.0,120.0,-43.3013,75.0,50.0,,1,0.25,423.98,160.6,56.7,456.9
2026-09-01 22:02:30.697,100.0,60.0,120.0,-43.3013,75.0,50.0,,2,0.5,424.01,160.61,56.72,456.94
2026-09-01 22:02:30.952,100.0,60.0,120.0,-43.3013,75.0,50.0,,3,0.75,424.01,160.61,56.72,456.94
2026-09-01 22:02:31.207,100.0,60.0,120.0,-43.3013,75.0,50.0,,4,1.0,423.98,160.63,56.71,456.92
2026-09-01 22:02:31.446,100.0,60.0,120.0,-43.3013,75.0,50.0,,5,1.25,423.98,160.63,56.71,456.92
2026-09-01 22:02:38.333,100.0,60.0,114.0,-35.2244,79.1154,50.0,,1,0.25,423.78,159.93,56.71,456.48
2026-09-01 22:02:38.573,100.0,60.0,114.0,-35.2244,79.1154,50.0,,2,0.5,423.76,159.96,56.7,456.48
2026-09-01 22:02:38.828,100.0,60.0,114.0,-35.2244,79.1154,50.0,,3,0.75,423.76,159.96,56.7,456.48
2026-09-01 22:02:39.083,100.0,60.0,114.0,-35.2244,79.1154,50.0,,4,1.0,423.65,159.97,56.71,456.38
2026-09-01 22:02:39.322,100.0,60.0,114.0,-35.2244,79.1154,50.0,,5,1.25,423.65,159.97,56.71,456.38
2026-09-01 22:02:46.209,100.0,60.0,108.0,-26.7617,82.3639,50.0,,1,0.25,423.51,159.07,56.76,455.94
2026-09-01 22:02:46.448,100.0,60.0,108.0,-26.7617,82.3639,50.0,,2,0.5,423.51,159.07,56.76,455.94
2026-09-01 22:02:46.703,100.0,60.0,108.0,-26.7617,82.3639,50.0,,3,0.75,423.53,159.07,56.74,455.96
2026-09-01 22:02:46.958,100.0,60.0,108.0,-26.7617,82.3639,50.0,,4,1.0,423.53,159.07,56.74,455.96
2026-09-01 22:02:47.197,100.0,60.0,108.0,-26.7617,82.3639,50.0,,5,1.25,423.53,159.07,56.74,455.96
2026-09-01 22:02:54.069,100.0,60.0,102.0,-18.0057,84.7101,50.0,,1,0.25,423.39,158.38,56.78,455.59
2026-09-01 22:02:54.324,100.0,60.0,102.0,-18.0057,84.7101,50.0,,2,0.5,423.39,158.38,56.78,455.59
2026-09-01 22:02:54.579,100.0,60.0,102.0,-18.0057,84.7101,50.0,,3,0.75,423.36,158.38,56.77,455.56
2026-09-01 22:02:54.834,100.0,60.0,102.0,-18.0057,84.7101,50.0,,4,1.0,423.36,158.38,56.77,455.56
2026-09-01 22:02:55.073,100.0,60.0,102.0,-18.0057,84.7101,50.0,,5,1.25,423.38,158.36,56.77,455.57
2026-09-01 22:03:01.944,100.0,60.0,96.0,-9.0524,86.1281,50.0,,1,0.25,423.48,157.55,56.91,455.4
2026-09-01 22:03:04.447,100.0,60.0,96.0,-9.0524,86.1281,50.0,,2,0.5,423.48,157.55,56.91,455.4
2026-09-01 22:03:04.702,100.0,60.0,96.0,-9.0524,86.1281,50.0,,3,0.75,423.48,157.56,56.9,455.4
2026-09-01 22:03:04.957,100.0,60.0,96.0,-9.0524,86.1281,50.0,,4,1.0,423.48,157.56,56.9,455.4
2026-09-01 22:03:05.197,100.0,60.0,96.0,-9.0524,86.1281,50.0,,5,1.25,423.54,157.57,56.91,455.47
2026-09-01 22:03:12.084,100.0,60.0,90.0,0.0,86.6025,50.0,,1,0.25,423.64,156.95,57.05,455.36
2026-09-01 22:03:12.323,100.0,60.0,90.0,0.0,86.6025,50.0,,2,0.5,423.64,156.95,57.05,455.36
2026-09-01 22:03:12.578,100.0,60.0,90.0,0.0,86.6025,50.0,,3,0.75,423.61,156.95,57.06,455.34
2026-09-01 22:03:12.833,100.0,60.0,90.0,0.0,86.6025,50.0,,4,1.0,423.61,156.95,57.06,455.34
2026-09-01 22:03:13.072,100.0,60.0,90.0,0.0,86.6025,50.0,,5,1.25,423.62,156.95,57.05,455.34
2026-09-01 22:03:19.943,100.0,60.0,84.0,9.0524,86.1281,50.0,,1,0.25,423.96,156.21,57.29,455.44
2026-09-01 22:03:22.446,100.0,60.0,84.0,9.0524,86.1281,50.0,,2,0.5,423.96,156.21,57.29,455.44
2026-09-01 22:03:22.701,100.0,60.0,84.0,9.0524,86.1281,50.0,,3,0.75,423.97,156.21,57.3,455.45
2026-09-01 22:03:22.956,100.0,60.0,84.0,9.0524,86.1281,50.0,,4,1.0,423.97,156.21,57.3,455.45
2026-09-01 22:03:23.195,100.0,60.0,84.0,9.0524,86.1281,50.0,,5,1.25,423.97,156.21,57.3,455.45
2026-09-01 22:03:30.082,100.0,60.0,78.0,18.0057,84.7101,50.0,,1,0.25,424.44,155.56,57.39,455.67
2026-09-01 22:03:30.322,100.0,60.0,78.0,18.0057,84.7101,50.0,,2,0.5,424.44,155.56,57.39,455.67
2026-09-01 22:03:30.577,100.0,60.0,78.0,18.0057,84.7101,50.0,,3,0.75,424.48,155.57,57.39,455.71
2026-09-01 22:03:30.832,100.0,60.0,78.0,18.0057,84.7101,50.0,,4,1.0,424.48,155.57,57.39,455.71
2026-09-01 22:03:31.071,100.0,60.0,78.0,18.0057,84.7101,50.0,,5,1.25,424.44,155.55,57.38,455.67
2026-09-01 22:03:37.958,100.0,60.0,72.0,26.7617,82.3639,50.0,,1,0.25,425.1,155.08,57.61,456.15
2026-09-01 22:03:38.197,100.0,60.0,72.0,26.7617,82.3639,50.0,,2,0.5,425.11,155.07,57.61,456.16
2026-09-01 22:03:38.452,100.0,60.0,72.0,26.7617,82.3639,50.0,,3,0.75,425.11,155.07,57.61,456.16
2026-09-01 22:03:38.707,100.0,60.0,72.0,26.7617,82.3639,50.0,,4,1.0,425.04,155.08,57.6,456.09
2026-09-01 22:03:38.946,100.0,60.0,72.0,26.7617,82.3639,50.0,,5,1.25,425.04,155.08,57.6,456.09
2026-09-01 22:03:45.833,100.0,60.0,66.0,35.2244,79.1154,50.0,,1,0.25,425.74,154.56,57.74,456.59
2026-09-01 22:03:46.073,100.0,60.0,66.0,35.2244,79.1154,50.0,,2,0.5,425.74,154.54,57.74,456.58
2026-09-01 22:03:46.328,100.0,60.0,66.0,35.2244,79.1154,50.0,,3,0.75,425.74,154.54,57.74,456.58
2026-09-01 22:03:46.583,100.0,60.0,66.0,35.2244,79.1154,50.0,,4,1.0,425.75,154.53,57.73,456.59
2026-09-01 22:03:46.822,100.0,60.0,66.0,35.2244,79.1154,50.0,,5,1.25,425.75,154.53,57.73,456.59
2026-09-01 22:03:53.693,100.0,60.0,60.0,43.3013,75.0,50.0,,1,0.25,426.41,154.41,57.87,457.18
2026-09-01 22:03:56.196,100.0,60.0,60.0,43.3013,75.0,50.0,,2,0.5,426.39,154.43,57.86,457.17
2026-09-01 22:03:56.451,100.0,60.0,60.0,43.3013,75.0,50.0,,3,0.75,426.39,154.43,57.86,457.17
2026-09-01 22:03:56.706,100.0,60.0,60.0,43.3013,75.0,50.0,,4,1.0,426.39,154.43,57.86,457.17
2026-09-01 22:03:56.945,100.0,60.0,60.0,43.3013,75.0,50.0,,5,1.25,426.38,154.42,57.88,457.16
2026-09-01 22:04:03.832,100.0,60.0,54.0,50.9037,70.0629,50.0,,1,0.25,427.1,154.44,58.08,457.86
2026-09-01 22:04:04.072,100.0,60.0,54.0,50.9037,70.0629,50.0,,2,0.5,427.1,154.42,58.08,457.85
2026-09-01 22:04:04.327,100.0,60.0,54.0,50.9037,70.0629,50.0,,3,0.75,427.1,154.42,58.08,457.85
2026-09-01 22:04:04.582,100.0,60.0,54.0,50.9037,70.0629,50.0,,4,1.0,427.13,154.44,58.09,457.89
2026-09-01 22:04:04.821,100.0,60.0,54.0,50.9037,70.0629,50.0,,5,1.25,427.13,154.44,58.09,457.89
2026-09-01 22:04:11.708,100.0,60.0,48.0,57.9484,64.3582,50.0,,1,0.25,427.72,154.48,58.2,458.47
2026-09-01 22:04:11.947,100.0,60.0,48.0,57.9484,64.3582,50.0,,2,0.5,427.72,154.48,58.2,458.47
2026-09-01 22:04:12.202,100.0,60.0,48.0,57.9484,64.3582,50.0,,3,0.75,427.74,154.49,58.2,458.49
2026-09-01 22:04:12.457,100.0,60.0,48.0,57.9484,64.3582,50.0,,4,1.0,427.74,154.49,58.2,458.49
2026-09-01 22:04:12.696,100.0,60.0,48.0,57.9484,64.3582,50.0,,5,1.25,427.81,154.48,58.19,458.55
2026-09-01 22:04:19.584,100.0,60.0,42.0,64.3582,57.9484,50.0,,1,0.25,428.51,154.5,58.35,459.23
2026-09-01 22:04:19.823,100.0,60.0,42.0,64.3582,57.9484,50.0,,2,0.5,428.51,154.5,58.35,459.23
2026-09-01 22:04:20.078,100.0,60.0,42.0,64.3582,57.9484,50.0,,3,0.75,428.5,154.51,58.35,459.22
2026-09-01 22:04:20.333,100.0,60.0,42.0,64.3582,57.9484,50.0,,4,1.0,428.5,154.51,58.35,459.22
2026-09-01 22:04:20.572,100.0,60.0,42.0,64.3582,57.9484,50.0,,5,1.25,428.51,154.53,58.35,459.24
2026-09-01 22:04:27.443,100.0,60.0,36.0,70.0629,50.9037,50.0,,1,0.25,429.0,154.88,58.47,459.83
2026-09-01 22:04:29.946,100.0,60.0,36.0,70.0629,50.9037,50.0,,2,0.5,429.0,154.88,58.47,459.83
2026-09-01 22:04:30.201,100.0,60.0,36.0,70.0629,50.9037,50.0,,3,0.75,429.0,154.88,58.47,459.83
2026-09-01 22:04:30.456,100.0,60.0,36.0,70.0629,50.9037,50.0,,4,1.0,429.01,154.89,58.47,459.84
2026-09-01 22:04:30.696,100.0,60.0,36.0,70.0629,50.9037,50.0,,5,1.25,429.01,154.89,58.47,459.84
2026-09-01 22:04:37.582,100.0,60.0,30.0,75.0,43.3013,50.0,,1,0.25,429.51,155.42,58.53,460.49
2026-09-01 22:04:37.822,100.0,60.0,30.0,75.0,43.3013,50.0,,2,0.5,429.51,155.42,58.53,460.49
2026-09-01 22:04:38.077,100.0,60.0,30.0,75.0,43.3013,50.0,,3,0.75,429.53,155.43,58.54,460.52
2026-09-01 22:04:38.332,100.0,60.0,30.0,75.0,43.3013,50.0,,4,1.0,429.53,155.43,58.54,460.52
2026-09-01 22:04:38.571,100.0,60.0,30.0,75.0,43.3013,50.0,,5,1.25,429.55,155.42,58.53,460.53
2026-09-01 22:04:45.458,100.0,60.0,24.0,79.1154,35.2244,50.0,,1,0.25,429.97,155.93,58.61,461.11
2026-09-01 22:04:45.697,100.0,60.0,24.0,79.1154,35.2244,50.0,,2,0.5,429.91,155.92,58.6,461.05
2026-09-01 22:04:45.952,100.0,60.0,24.0,79.1154,35.2244,50.0,,3,0.75,429.91,155.92,58.6,461.05
2026-09-01 22:04:46.207,100.0,60.0,24.0,79.1154,35.2244,50.0,,4,1.0,429.91,155.92,58.6,461.05
2026-09-01 22:04:46.447,100.0,60.0,24.0,79.1154,35.2244,50.0,,5,1.25,429.88,155.95,58.6,461.03
2026-09-01 22:04:53.318,100.0,60.0,18.0,82.3639,26.7617,50.0,,1,0.5,430.19,156.59,58.67,461.54
2026-09-01 22:04:54.083,100.0,60.0,18.0,82.3639,26.7617,50.0,,2,0.75,430.18,156.57,58.67,461.53
2026-09-01 22:04:54.322,100.0,60.0,18.0,82.3639,26.7617,50.0,,3,1.0,430.18,156.57,58.67,461.53
2026-09-01 22:04:54.577,100.0,60.0,18.0,82.3639,26.7617,50.0,,4,1.25,430.15,156.58,58.67,461.5
2026-09-01 22:04:54.832,100.0,60.0,18.0,82.3639,26.7617,50.0,,5,1.5,430.15,156.58,58.67,461.5
2026-09-01 22:05:01.703,100.0,60.0,12.0,84.7101,18.0057,50.0,,1,0.25,430.29,157.15,58.63,461.82
2026-09-01 22:05:01.958,100.0,60.0,12.0,84.7101,18.0057,50.0,,2,0.5,430.29,157.15,58.63,461.82
2026-09-01 22:05:02.197,100.0,60.0,12.0,84.7101,18.0057,50.0,,3,0.75,430.28,157.13,58.62,461.8
2026-09-01 22:05:02.453,100.0,60.0,12.0,84.7101,18.0057,50.0,,4,1.0,430.28,157.13,58.62,461.8
2026-09-01 22:05:02.708,100.0,60.0,12.0,84.7101,18.0057,50.0,,5,1.25,430.28,157.13,58.62,461.8
2026-09-01 22:05:09.579,100.0,60.0,6.0,86.1281,9.0524,50.0,,1,0.25,430.32,157.86,58.61,462.09
2026-09-01 22:05:09.818,100.0,60.0,6.0,86.1281,9.0524,50.0,,2,0.5,430.32,157.86,58.61,462.09
2026-09-01 22:05:10.073,100.0,60.0,6.0,86.1281,9.0524,50.0,,3,0.75,430.33,157.86,58.62,462.1
2026-09-01 22:05:10.328,100.0,60.0,6.0,86.1281,9.0524,50.0,,4,1.0,430.33,157.86,58.62,462.1
2026-09-01 22:05:10.583,100.0,60.0,6.0,86.1281,9.0524,50.0,,5,1.25,430.36,157.86,58.61,462.13
2026-09-01 22:05:17.454,100.0,60.0,0.0,86.6025,0.0,50.0,,1,0.25,430.28,158.41,58.55,462.23
2026-09-01 22:05:17.693,100.0,60.0,0.0,86.6025,0.0,50.0,,2,0.5,430.27,158.42,58.55,462.23
2026-09-01 22:05:20.196,100.0,60.0,0.0,86.6025,0.0,50.0,,3,0.75,430.27,158.42,58.55,462.23
2026-09-01 22:05:20.451,100.0,60.0,0.0,86.6025,0.0,50.0,,4,1.0,430.26,158.43,58.54,462.22
2026-09-01 22:05:20.706,100.0,60.0,0.0,86.6025,0.0,50.0,,5,1.25,430.26,158.43,58.54,462.22
2026-09-01 22:05:27.705,100.0,66.0,0.0,91.3545,0.0,40.6737,,1,0.25,430.47,158.43,58.51,462.41
2026-09-01 22:05:27.944,100.0,66.0,0.0,91.3545,0.0,40.6737,,2,0.5,430.47,158.43,58.51,462.41
2026-09-01 22:05:28.199,100.0,66.0,0.0,91.3545,0.0,40.6737,,3,0.75,430.52,158.42,58.53,462.46
2026-09-01 22:05:28.454,100.0,66.0,0.0,91.3545,0.0,40.6737,,4,1.0,430.52,158.42,58.53,462.46
2026-09-01 22:05:28.693,100.0,66.0,0.0,91.3545,0.0,40.6737,,5,1.25,430.52,158.43,58.51,462.46
2026-09-01 22:05:37.956,100.0,66.0,6.0,90.8541,9.5492,40.6737,,1,0.25,430.63,157.76,58.61,462.34
2026-09-01 22:05:38.195,100.0,66.0,6.0,90.8541,9.5492,40.6737,,2,0.5,430.63,157.76,58.61,462.34
2026-09-01 22:05:38.450,100.0,66.0,6.0,90.8541,9.5492,40.6737,,3,0.75,430.66,157.74,58.6,462.36
2026-09-01 22:05:38.705,100.0,66.0,6.0,90.8541,9.5492,40.6737,,4,1.0,430.66,157.74,58.6,462.36
2026-09-01 22:05:38.944,100.0,66.0,6.0,90.8541,9.5492,40.6737,,5,1.25,430.65,157.75,58.59,462.36
2026-09-01 22:05:45.943,100.0,66.0,12.0,89.3582,18.9937,40.6737,,1,0.25,430.57,157.04,58.66,462.05
2026-09-01 22:05:48.446,100.0,66.0,12.0,89.3582,18.9937,40.6737,,2,0.5,430.57,157.04,58.66,462.05
2026-09-01 22:05:48.701,100.0,66.0,12.0,89.3582,18.9937,40.6737,,3,0.75,430.56,157.02,58.65,462.03
2026-09-01 22:05:48.956,100.0,66.0,12.0,89.3582,18.9937,40.6737,,4,1.0,430.56,157.02,58.65,462.03
2026-09-01 22:05:49.195,100.0,66.0,12.0,89.3582,18.9937,40.6737,,5,1.25,430.57,157.03,58.65,462.04
2026-09-01 22:05:56.194,100.0,66.0,18.0,86.8833,28.2301,40.6737,,1,0.25,430.41,156.4,58.56,461.67
2026-09-01 22:05:56.449,100.0,66.0,18.0,86.8833,28.2301,40.6737,,2,0.5,430.41,156.41,58.55,461.67
2026-09-01 22:05:56.704,100.0,66.0,18.0,86.8833,28.2301,40.6737,,3,0.75,430.41,156.41,58.55,461.67
2026-09-01 22:05:56.943,100.0,66.0,18.0,86.8833,28.2301,40.6737,,4,1.0,430.38,156.44,58.56,461.65
2026-09-01 22:05:59.446,100.0,66.0,18.0,86.8833,28.2301,40.6737,,5,1.25,430.43,156.44,58.56,461.7
2026-09-01 22:06:06.445,100.0,66.0,24.0,83.4565,37.1572,40.6737,,1,0.25,430.15,155.72,58.6,461.2
2026-09-01 22:06:06.700,100.0,66.0,24.0,83.4565,37.1572,40.6737,,2,0.5,430.19,155.74,58.61,461.25
2026-09-01 22:06:06.955,100.0,66.0,24.0,83.4565,37.1572,40.6737,,3,0.75,430.19,155.74,58.61,461.25
2026-09-01 22:06:07.194,100.0,66.0,24.0,83.4565,37.1572,40.6737,,4,1.0,430.12,155.72,58.61,461.18
2026-09-01 22:06:07.449,100.0,66.0,24.0,83.4565,37.1572,40.6737,,5,1.25,430.12,155.72,58.61,461.18
2026-09-01 22:06:14.448,100.0,66.0,30.0,79.1154,45.6773,40.6737,,1,0.25,429.72,155.11,58.55,460.59
2026-09-01 22:06:14.703,100.0,66.0,30.0,79.1154,45.6773,40.6737,,2,0.5,429.72,155.11,58.55,460.59
2026-09-01 22:06:14.958,100.0,66.0,30.0,79.1154,45.6773,40.6737,,3,0.75,429.74,155.1,58.55,460.6
2026-09-01 22:06:15.197,100.0,66.0,30.0,79.1154,45.6773,40.6737,,4,1.0,429.74,155.1,58.55,460.6
2026-09-01 22:06:15.452,100.0,66.0,30.0,79.1154,45.6773,40.6737,,5,1.25,429.71,155.11,58.54,460.58
2026-09-01 22:06:22.451,100.0,66.0,36.0,73.9074,53.6969,40.6737,,1,0.25,429.18,154.69,58.49,459.94
2026-09-01 22:06:22.706,100.0,66.0,36.0,73.9074,53.6969,40.6737,,2,0.5,429.21,154.68,58.49,459.96
2026-09-01 22:06:22.945,100.0,66.0,36.0,73.9074,53.6969,40.6737,,3,0.75,429.21,154.68,58.49,459.96
2026-09-01 22:06:23.200,100.0,66.0,36.0,73.9074,53.6969,40.6737,,4,1.0,429.17,154.68,58.49,459.92
2026-09-01 22:06:23.455,100.0,66.0,36.0,73.9074,53.6969,40.6737,,5,1.25,429.17,154.68,58.49,459.92
2026-09-01 22:06:30.326,100.0,66.0,42.0,67.8897,61.1281,40.6737,,1,0.25,428.44,154.57,58.26,459.18
2026-09-01 22:06:30.582,100.0,66.0,42.0,67.8897,61.1281,40.6737,,2,0.5,428.44,154.57,58.26,459.18
2026-09-01 22:06:30.821,100.0,66.0,42.0,67.8897,61.1281,40.6737,,3,0.75,428.44,154.57,58.26,459.18
2026-09-01 22:06:31.076,100.0,66.0,42.0,67.8897,61.1281,40.6737,,4,1.0,428.47,154.55,58.26,459.2
2026-09-01 22:06:31.331,100.0,66.0,42.0,67.8897,61.1281,40.6737,,5,1.25,428.47,154.55,58.26,459.2
2026-09-01 22:06:38.202,100.0,66.0,48.0,61.1281,67.8897,40.6737,,1,0.25,427.73,154.45,58.14,458.46
2026-09-01 22:06:38.457,100.0,66.0,48.0,61.1281,67.8897,40.6737,,2,0.5,427.73,154.45,58.14,458.46
2026-09-01 22:06:38.696,100.0,66.0,48.0,61.1281,67.8897,40.6737,,3,0.75,427.71,154.45,58.16,458.44
2026-09-01 22:06:38.951,100.0,66.0,48.0,61.1281,67.8897,40.6737,,4,1.0,427.71,154.45,58.16,458.44
2026-09-01 22:06:39.206,100.0,66.0,48.0,61.1281,67.8897,40.6737,,5,1.25,427.72,154.44,58.14,458.44
2026-09-01 22:06:46.078,100.0,66.0,54.0,53.6969,73.9074,40.6737,,1,0.25,426.98,154.22,58.04,457.67
2026-09-01 22:06:46.333,100.0,66.0,54.0,53.6969,73.9074,40.6737,,2,0.5,426.97,154.24,58.05,457.67
2026-09-01 22:06:46.572,100.0,66.0,54.0,53.6969,73.9074,40.6737,,3,0.75,426.97,154.24,58.05,457.67
2026-09-01 22:06:46.827,100.0,66.0,54.0,53.6969,73.9074,40.6737,,4,1.0,426.97,154.24,58.05,457.67
2026-09-01 22:06:47.082,100.0,66.0,54.0,53.6969,73.9074,40.6737,,5,1.25,426.96,154.22,58.05,457.65
2026-09-01 22:06:53.953,100.0,66.0,60.0,45.6773,79.1154,40.6737,,1,0.25,426.19,154.41,57.83,456.97
2026-09-01 22:06:54.192,100.0,66.0,60.0,45.6773,79.1154,40.6737,,2,0.5,426.18,154.39,57.82,456.95
2026-09-01 22:06:56.695,100.0,66.0,60.0,45.6773,79.1154,40.6737,,3,0.75,426.22,154.4,57.82,456.99
2026-09-01 22:06:56.950,100.0,66.0,60.0,45.6773,79.1154,40.6737,,4,1.0,426.22,154.4,57.82,456.99
2026-09-01 22:06:57.205,100.0,66.0,60.0,45.6773,79.1154,40.6737,,5,1.25,426.22,154.42,57.82,457.0
2026-09-01 22:07:04.204,100.0,66.0,66.0,37.1572,83.4565,40.6737,,1,0.25,425.52,154.62,57.66,456.39
2026-09-01 22:07:04.443,100.0,66.0,66.0,37.1572,83.4565,40.6737,,2,0.5,425.49,154.6,57.64,456.36
2026-09-01 22:07:04.698,100.0,66.0,66.0,37.1572,83.4565,40.6737,,3,0.75,425.49,154.6,57.64,456.36
2026-09-01 22:07:04.953,100.0,66.0,66.0,37.1572,83.4565,40.6737,,4,1.0,425.46,154.61,57.65,456.33
2026-09-01 22:07:05.192,100.0,66.0,66.0,37.1572,83.4565,40.6737,,5,1.25,425.47,154.6,57.65,456.34
2026-09-01 22:07:14.455,100.0,66.0,72.0,28.2301,86.8833,40.6737,,1,0.25,424.81,155.02,57.47,455.84
2026-09-01 22:07:14.694,100.0,66.0,72.0,28.2301,86.8833,40.6737,,2,0.5,424.8,155.05,57.47,455.84
2026-09-01 22:07:14.949,100.0,66.0,72.0,28.2301,86.8833,40.6737,,3,0.75,424.8,155.05,57.47,455.84
2026-09-01 22:07:15.204,100.0,66.0,72.0,28.2301,86.8833,40.6737,,4,1.0,424.85,155.03,57.46,455.88
2026-09-01 22:07:15.443,100.0,66.0,72.0,28.2301,86.8833,40.6737,,5,1.25,424.85,155.03,57.46,455.88
2026-09-01 22:07:22.442,100.0,66.0,78.0,18.9937,89.3582,40.6737,,1,0.25,424.27,155.53,57.28,455.49
2026-09-01 22:07:24.945,100.0,66.0,78.0,18.9937,89.3582,40.6737,,2,0.5,424.24,155.54,57.28,455.47
2026-09-01 22:07:25.200,100.0,66.0,78.0,18.9937,89.3582,40.6737,,3,0.75,424.24,155.54,57.28,455.47
2026-09-01 22:07:25.455,100.0,66.0,78.0,18.9937,89.3582,40.6737,,4,1.0,424.24,155.54,57.28,455.47
2026-09-01 22:07:25.694,100.0,66.0,78.0,18.9937,89.3582,40.6737,,5,1.25,424.2,155.58,57.28,455.44
2026-09-01 22:07:32.693,100.0,66.0,84.0,9.5492,90.8541,40.6737,,1,0.25,423.59,156.41,57.07,455.13
2026-09-01 22:07:35.196,100.0,66.0,84.0,9.5492,90.8541,40.6737,,2,0.5,423.59,156.41,57.07,455.13
2026-09-01 22:07:35.451,100.0,66.0,84.0,9.5492,90.8541,40.6737,,3,0.75,423.56,156.41,57.07,455.1
2026-09-01 22:07:35.706,100.0,66.0,84.0,9.5492,90.8541,40.6737,,4,1.0,423.56,156.41,57.07,455.1
2026-09-01 22:07:35.945,100.0,66.0,84.0,9.5492,90.8541,40.6737,,5,1.25,423.53,156.4,57.05,455.07
2026-09-01 22:07:42.944,100.0,66.0,90.0,0.0,91.3545,40.6737,,1,0.25,423.16,157.24,56.85,454.99
2026-09-01 22:07:43.199,100.0,66.0,90.0,0.0,91.3545,40.6737,,2,0.5,423.17,157.24,56.84,455.0
2026-09-01 22:07:43.454,100.0,66.0,90.0,0.0,91.3545,40.6737,,3,0.75,423.17,157.24,56.84,455.0
2026-09-01 22:07:43.693,100.0,66.0,90.0,0.0,91.3545,40.6737,,4,1.0,423.16,157.22,56.84,454.98
2026-09-01 22:07:43.948,100.0,66.0,90.0,0.0,91.3545,40.6737,,5,1.25,423.16,157.22,56.84,454.98
2026-09-01 22:07:50.947,100.0,66.0,96.0,-9.5492,90.8541,40.6737,,1,0.25,422.92,158.11,56.71,455.05
2026-09-01 22:07:51.202,100.0,66.0,96.0,-9.5492,90.8541,40.6737,,2,0.5,422.92,158.11,56.71,455.05
2026-09-01 22:07:51.457,100.0,66.0,96.0,-9.5492,90.8541,40.6737,,3,0.75,422.88,158.11,56.71,455.01
2026-09-01 22:07:51.696,100.0,66.0,96.0,-9.5492,90.8541,40.6737,,4,1.0,422.88,158.11,56.71,455.01
2026-09-01 22:07:51.951,100.0,66.0,96.0,-9.5492,90.8541,40.6737,,5,1.25,422.91,158.13,56.72,455.05
2026-09-01 22:07:58.950,100.0,66.0,102.0,-18.9937,89.3582,40.6737,,1,0.25,422.95,158.77,56.62,455.3
2026-09-01 22:07:59.205,100.0,66.0,102.0,-18.9937,89.3582,40.6737,,2,0.5,422.95,158.77,56.62,455.3
2026-09-01 22:07:59.444,100.0,66.0,102.0,-18.9937,89.3582,40.6737,,3,0.75,422.95,158.77,56.62,455.3
2026-09-01 22:07:59.699,100.0,66.0,102.0,-18.9937,89.3582,40.6737,,4,1.0,422.94,158.75,56.62,455.28
2026-09-01 22:07:59.954,100.0,66.0,102.0,-18.9937,89.3582,40.6737,,5,1.25,422.94,158.75,56.62,455.28
2026-09-01 22:08:06.953,100.0,66.0,108.0,-28.2301,86.8833,40.6737,,1,0.25,422.99,159.77,56.51,455.67
2026-09-01 22:08:07.192,100.0,66.0,108.0,-28.2301,86.8833,40.6737,,2,0.5,422.97,159.8,56.49,455.66
2026-09-01 22:08:09.695,100.0,66.0,108.0,-28.2301,86.8833,40.6737,,3,0.75,422.97,159.8,56.49,455.66
2026-09-01 22:08:09.950,100.0,66.0,108.0,-28.2301,86.8833,40.6737,,4,1.0,423.0,159.79,56.5,455.69
2026-09-01 22:08:10.205,100.0,66.0,108.0,-28.2301,86.8833,40.6737,,5,1.25,423.0,159.79,56.5,455.69
2026-09-01 22:08:17.204,100.0,66.0,114.0,-37.1572,83.4565,40.6737,,1,0.25,423.2,160.56,56.48,456.14
2026-09-01 22:08:17.443,100.0,66.0,114.0,-37.1572,83.4565,40.6737,,2,0.5,423.2,160.56,56.48,456.14
2026-09-01 22:08:17.698,100.0,66.0,114.0,-37.1572,83.4565,40.6737,,3,0.75,423.24,160.56,56.49,456.18
2026-09-01 22:08:17.953,100.0,66.0,114.0,-37.1572,83.4565,40.6737,,4,1.0,423.24,160.56,56.49,456.18
2026-09-01 22:08:18.192,100.0,66.0,114.0,-37.1572,83.4565,40.6737,,5,1.25,423.15,160.53,56.48,456.08
2026-09-01 22:08:27.455,100.0,66.0,120.0,-45.6773,79.1154,40.6737,,1,0.25,423.59,161.38,56.54,456.8
2026-09-01 22:08:27.694,100.0,66.0,120.0,-45.6773,79.1154,40.6737,,2,0.5,423.59,161.38,56.54,456.8
2026-09-01 22:08:27.949,100.0,66.0,120.0,-45.6773,79.1154,40.6737,,3,0.75,423.57,161.38,56.53,456.78
2026-09-01 22:08:28.204,100.0,66.0,120.0,-45.6773,79.1154,40.6737,,4,1.0,423.57,161.38,56.53,456.78
2026-09-01 22:08:28.443,100.0,66.0,120.0,-45.6773,79.1154,40.6737,,5,1.25,423.6,161.39,56.52,456.81
2026-09-01 22:08:35.330,100.0,66.0,126.0,-53.6969,73.9074,40.6737,,1,0.25,424.13,161.84,56.62,457.47
2026-09-01 22:08:35.569,100.0,66.0,126.0,-53.6969,73.9074,40.6737,,2,0.5,424.15,161.85,56.6,457.49
2026-09-01 22:08:35.824,100.0,66.0,126.0,-53.6969,73.9074,40.6737,,3,0.75,424.15,161.85,56.6,457.49
2026-09-01 22:08:36.079,100.0,66.0,126.0,-53.6969,73.9074,40.6737,,4,1.0,424.17,161.84,56.61,457.51
2026-09-01 22:08:36.318,100.0,66.0,126.0,-53.6969,73.9074,40.6737,,5,1.25,424.17,161.84,56.61,457.51
2026-09-01 22:08:43.205,100.0,66.0,132.0,-61.1281,67.8897,40.6737,,1,0.25,424.87,162.22,56.71,458.3
2026-09-01 22:08:43.445,100.0,66.0,132.0,-61.1281,67.8897,40.6737,,2,0.5,424.84,162.25,56.72,458.29
2026-09-01 22:08:43.700,100.0,66.0,132.0,-61.1281,67.8897,40.6737,,3,0.75,424.84,162.25,56.72,458.29
2026-09-01 22:08:43.955,100.0,66.0,132.0,-61.1281,67.8897,40.6737,,4,1.0,424.81,162.25,56.71,458.26
2026-09-01 22:08:44.194,100.0,66.0,132.0,-61.1281,67.8897,40.6737,,5,1.25,424.81,162.25,56.71,458.26
2026-09-01 22:08:51.081,100.0,66.0,138.0,-67.8897,61.1281,40.6737,,1,0.25,425.49,162.77,56.8,459.08
2026-09-01 22:08:51.320,100.0,66.0,138.0,-67.8897,61.1281,40.6737,,2,0.5,425.49,162.77,56.8,459.08
2026-09-01 22:08:51.575,100.0,66.0,138.0,-67.8897,61.1281,40.6737,,3,0.75,425.51,162.75,56.82,459.1
2026-09-01 22:08:51.830,100.0,66.0,138.0,-67.8897,61.1281,40.6737,,4,1.0,425.51,162.75,56.82,459.1
2026-09-01 22:08:52.069,100.0,66.0,138.0,-67.8897,61.1281,40.6737,,5,1.25,425.47,162.76,56.8,459.06
2026-09-01 22:08:58.957,100.0,66.0,144.0,-73.9074,53.6969,40.6737,,1,0.25,426.25,162.78,56.99,459.81
2026-09-01 22:08:59.196,100.0,66.0,144.0,-73.9074,53.6969,40.6737,,2,0.5,426.25,162.78,56.99,459.81
2026-09-01 22:08:59.451,100.0,66.0,144.0,-73.9074,53.6969,40.6737,,3,0.75,426.25,162.77,57.0,459.81
2026-09-01 22:08:59.706,100.0,66.0,144.0,-73.9074,53.6969,40.6737,,4,1.0,426.25,162.77,57.0,459.81
2026-09-01 22:08:59.945,100.0,66.0,144.0,-73.9074,53.6969,40.6737,,5,1.25,426.27,162.76,56.97,459.82
2026-09-01 22:09:06.816,100.0,66.0,150.0,-79.1154,45.6773,40.6737,,1,0.25,426.99,162.81,57.09,460.52
2026-09-01 22:09:07.071,100.0,66.0,150.0,-79.1154,45.6773,40.6737,,2,0.5,427.03,162.8,57.1,460.56
2026-09-01 22:09:07.326,100.0,66.0,150.0,-79.1154,45.6773,40.6737,,3,0.75,427.03,162.8,57.1,460.56
2026-09-01 22:09:07.581,100.0,66.0,150.0,-79.1154,45.6773,40.6737,,4,1.0,427.0,162.82,57.08,460.54
2026-09-01 22:09:07.821,100.0,66.0,150.0,-79.1154,45.6773,40.6737,,5,1.25,427.0,162.82,57.08,460.54
2026-09-01 22:09:14.819,100.0,66.0,156.0,-83.4565,37.1572,40.6737,,1,0.25,427.74,162.69,57.28,461.2
2026-09-01 22:09:15.074,100.0,66.0,156.0,-83.4565,37.1572,40.6737,,2,0.5,427.74,162.69,57.28,461.2
2026-09-01 22:09:15.329,100.0,66.0,156.0,-83.4565,37.1572,40.6737,,3,0.75,427.72,162.69,57.29,461.18
2026-09-01 22:09:15.569,100.0,66.0,156.0,-83.4565,37.1572,40.6737,,4,1.0,427.72,162.69,57.29,461.18
2026-09-01 22:09:15.824,100.0,66.0,156.0,-83.4565,37.1572,40.6737,,5,1.25,427.73,162.68,57.27,461.19
2026-09-01 22:09:22.822,100.0,66.0,162.0,-86.8833,28.2301,40.6737,,1,0.25,428.47,162.37,57.37,461.78
2026-09-01 22:09:23.077,100.0,66.0,162.0,-86.8833,28.2301,40.6737,,2,0.5,428.49,162.36,57.38,461.79
2026-09-01 22:09:23.317,100.0,66.0,162.0,-86.8833,28.2301,40.6737,,3,0.75,428.49,162.36,57.38,461.79
2026-09-01 22:09:23.572,100.0,66.0,162.0,-86.8833,28.2301,40.6737,,4,1.0,428.48,162.37,57.39,461.79
2026-09-01 22:09:23.827,100.0,66.0,162.0,-86.8833,28.2301,40.6737,,5,1.25,428.48,162.37,57.39,461.79
2026-09-01 22:09:30.825,100.0,66.0,168.0,-89.3582,18.9937,40.6737,,1,0.25,428.94,162.03,57.58,462.12
2026-09-01 22:09:31.081,100.0,66.0,168.0,-89.3582,18.9937,40.6737,,2,0.5,428.94,162.03,57.58,462.12
2026-09-01 22:09:31.320,100.0,66.0,168.0,-89.3582,18.9937,40.6737,,3,0.75,428.98,162.01,57.57,462.15
2026-09-01 22:09:31.575,100.0,66.0,168.0,-89.3582,18.9937,40.6737,,4,1.0,428.98,162.01,57.57,462.15
2026-09-01 22:09:31.830,100.0,66.0,168.0,-89.3582,18.9937,40.6737,,5,1.25,429.0,162.02,57.56,462.17
2026-09-01 22:09:38.829,100.0,66.0,174.0,-90.8541,9.5492,40.6737,,1,0.25,429.59,161.39,57.74,462.52
2026-09-01 22:09:39.068,100.0,66.0,174.0,-90.8541,9.5492,40.6737,,2,0.5,429.59,161.39,57.73,462.52
2026-09-01 22:09:39.323,100.0,66.0,174.0,-90.8541,9.5492,40.6737,,3,0.75,429.59,161.39,57.73,462.52
2026-09-01 22:09:39.578,100.0,66.0,174.0,-90.8541,9.5492,40.6737,,4,1.0,429.61,161.39,57.73,462.54
2026-09-01 22:09:39.817,100.0,66.0,174.0,-90.8541,9.5492,40.6737,,5,1.25,429.61,161.39,57.73,462.54
2026-09-01 22:09:46.816,100.0,66.0,180.0,-91.3545,0.0,40.6737,,1,0.25,430.08,160.74,57.84,462.76
2026-09-01 22:09:47.071,100.0,66.0,180.0,-91.3545,0.0,40.6737,,2,0.5,430.08,160.74,57.84,462.76
2026-09-01 22:09:47.326,100.0,66.0,180.0,-91.3545,0.0,40.6737,,3,0.75,430.09,160.73,57.84,462.77
2026-09-01 22:09:47.581,100.0,66.0,180.0,-91.3545,0.0,40.6737,,4,1.0,430.09,160.73,57.84,462.77
2026-09-01 22:09:47.820,100.0,66.0,180.0,-91.3545,0.0,40.6737,,5,1.25,430.08,160.74,57.85,462.76
2026-09-01 22:09:54.819,100.0,66.0,186.0,-90.8541,-9.5492,40.6737,,1,0.25,430.46,159.86,58.05,462.83
2026-09-01 22:09:55.074,100.0,66.0,186.0,-90.8541,-9.5492,40.6737,,2,0.5,430.51,159.85,58.05,462.88
2026-09-01 22:09:55.329,100.0,66.0,186.0,-90.8541,-9.5492,40.6737,,3,0.75,430.51,159.85,58.05,462.88
2026-09-01 22:09:55.568,100.0,66.0,186.0,-90.8541,-9.5492,40.6737,,4,1.0,430.46,159.86,58.05,462.83
2026-09-01 22:09:55.823,100.0,66.0,186.0,-90.8541,-9.5492,40.6737,,5,1.25,430.46,159.86,58.05,462.83
2026-09-01 22:10:02.822,100.0,66.0,192.0,-89.3582,-18.9937,40.6737,,1,0.25,430.57,159.2,58.15,462.72
2026-09-01 22:10:03.077,100.0,66.0,192.0,-89.3582,-18.9937,40.6737,,2,0.5,430.57,159.2,58.15,462.72
2026-09-01 22:10:03.316,100.0,66.0,192.0,-89.3582,-18.9937,40.6737,,3,0.75,430.58,159.18,58.14,462.72
2026-09-01 22:10:03.571,100.0,66.0,192.0,-89.3582,-18.9937,40.6737,,4,1.0,430.58,159.18,58.14,462.72
2026-09-01 22:10:03.826,100.0,66.0,192.0,-89.3582,-18.9937,40.6737,,5,1.25,430.57,159.19,58.16,462.72
2026-09-01 22:10:10.825,100.0,66.0,198.0,-86.8833,-28.2301,40.6737,,1,0.25,430.56,158.49,58.14,462.47
2026-09-01 22:10:11.080,100.0,66.0,198.0,-86.8833,-28.2301,40.6737,,2,0.5,430.58,158.5,58.14,462.49
2026-09-01 22:10:11.319,100.0,66.0,198.0,-86.8833,-28.2301,40.6737,,3,0.75,430.58,158.5,58.14,462.49
2026-09-01 22:10:11.574,100.0,66.0,198.0,-86.8833,-28.2301,40.6737,,4,1.0,430.61,158.52,58.14,462.52
2026-09-01 22:10:11.829,100.0,66.0,198.0,-86.8833,-28.2301,40.6737,,5,1.25,430.61,158.52,58.14,462.52
2026-09-01 22:10:18.828,100.0,66.0,204.0,-83.4565,-37.1572,40.6737,,1,0.25,430.46,157.68,58.28,462.12
2026-09-01 22:10:19.067,100.0,66.0,204.0,-83.4565,-37.1572,40.6737,,2,0.5,430.46,157.68,58.28,462.12
2026-09-01 22:10:19.322,100.0,66.0,204.0,-83.4565,-37.1572,40.6737,,3,0.75,430.48,157.68,58.28,462.13
2026-09-01 22:10:19.578,100.0,66.0,204.0,-83.4565,-37.1572,40.6737,,4,1.0,430.48,157.68,58.28,462.13
2026-09-01 22:10:19.817,100.0,66.0,204.0,-83.4565,-37.1572,40.6737,,5,1.25,430.51,157.69,58.28,462.17
2026-09-01 22:10:26.815,100.0,66.0,210.0,-79.1154,-45.6773,40.6737,,1,0.25,430.2,157.16,58.3,461.7
2026-09-01 22:10:27.070,100.0,66.0,210.0,-79.1154,-45.6773,40.6737,,2,0.5,430.21,157.15,58.29,461.7
2026-09-01 22:10:27.325,100.0,66.0,210.0,-79.1154,-45.6773,40.6737,,3,0.75,430.21,157.15,58.29,461.7
2026-09-01 22:10:27.580,100.0,66.0,210.0,-79.1154,-45.6773,40.6737,,4,1.0,430.22,157.15,58.3,461.71
2026-09-01 22:10:27.820,100.0,66.0,210.0,-79.1154,-45.6773,40.6737,,5,1.25,430.22,157.15,58.3,461.71
2026-09-01 22:10:34.691,100.0,66.0,216.0,-73.9074,-53.6969,40.6737,,1,0.25,429.75,156.66,58.27,461.11
2026-09-01 22:10:37.194,100.0,66.0,216.0,-73.9074,-53.6969,40.6737,,2,0.5,429.75,156.65,58.28,461.1
2026-09-01 22:10:37.449,100.0,66.0,216.0,-73.9074,-53.6969,40.6737,,3,0.75,429.75,156.65,58.28,461.1
2026-09-01 22:10:37.704,100.0,66.0,216.0,-73.9074,-53.6969,40.6737,,4,1.0,429.75,156.65,58.28,461.1
2026-09-01 22:10:37.943,100.0,66.0,216.0,-73.9074,-53.6969,40.6737,,5,1.25,429.74,156.65,58.29,461.1
2026-09-01 22:10:44.830,100.0,66.0,222.0,-67.8897,-61.1281,40.6737,,1,0.25,429.29,156.13,58.29,460.5
2026-09-01 22:10:45.069,100.0,66.0,222.0,-67.8897,-61.1281,40.6737,,2,0.5,429.26,156.14,58.27,460.47
2026-09-01 22:10:45.324,100.0,66.0,222.0,-67.8897,-61.1281,40.6737,,3,0.75,429.26,156.14,58.27,460.47
2026-09-01 22:10:45.579,100.0,66.0,222.0,-67.8897,-61.1281,40.6737,,4,1.0,429.29,156.14,58.27,460.5
2026-09-01 22:10:45.818,100.0,66.0,222.0,-67.8897,-61.1281,40.6737,,5,1.25,429.29,156.14,58.27,460.5
2026-09-01 22:10:52.705,100.0,66.0,228.0,-61.1281,-67.8897,40.6737,,1,0.25,428.75,155.72,58.14,459.84
2026-09-01 22:10:52.945,100.0,66.0,228.0,-61.1281,-67.8897,40.6737,,2,0.5,428.75,155.72,58.14,459.84
2026-09-01 22:10:53.200,100.0,66.0,228.0,-61.1281,-67.8897,40.6737,,3,0.75,428.74,155.7,58.14,459.82
2026-09-01 22:10:53.455,100.0,66.0,228.0,-61.1281,-67.8897,40.6737,,4,1.0,428.74,155.7,58.14,459.82
2026-09-01 22:10:53.694,100.0,66.0,228.0,-61.1281,-67.8897,40.6737,,5,1.25,428.71,155.71,58.14,459.8
2026-09-01 22:11:00.565,100.0,66.0,234.0,-53.6969,-73.9074,40.6737,,1,0.5,428.08,155.5,58.1,459.13
2026-09-01 22:11:01.330,100.0,66.0,234.0,-53.6969,-73.9074,40.6737,,2,0.75,428.08,155.5,58.1,459.13
2026-09-01 22:11:01.569,100.0,66.0,234.0,-53.6969,-73.9074,40.6737,,3,1.0,428.03,155.51,58.1,459.09
2026-09-01 22:11:01.824,100.0,66.0,234.0,-53.6969,-73.9074,40.6737,,4,1.25,428.03,155.51,58.1,459.09
2026-09-01 22:11:02.079,100.0,66.0,234.0,-53.6969,-73.9074,40.6737,,5,1.5,428.03,155.49,58.1,459.08
2026-09-01 22:11:08.951,100.0,66.0,240.0,-45.6773,-79.1154,40.6737,,1,0.25,427.29,155.62,57.91,458.41
2026-09-01 22:11:09.206,100.0,66.0,240.0,-45.6773,-79.1154,40.6737,,2,0.5,427.27,155.63,57.89,458.4
2026-09-01 22:11:09.445,100.0,66.0,240.0,-45.6773,-79.1154,40.6737,,3,0.75,427.27,155.63,57.89,458.4
2026-09-01 22:11:09.700,100.0,66.0,240.0,-45.6773,-79.1154,40.6737,,4,1.0,427.28,155.65,57.91,458.41
2026-09-01 22:11:09.955,100.0,66.0,240.0,-45.6773,-79.1154,40.6737,,5,1.25,427.28,155.65,57.91,458.41
2026-09-01 22:11:16.953,100.0,66.0,246.0,-37.1572,-83.4565,40.6737,,1,0.25,426.68,155.72,57.75,457.86
2026-09-01 22:11:17.193,100.0,66.0,246.0,-37.1572,-83.4565,40.6737,,2,0.5,426.68,155.72,57.75,457.86
2026-09-01 22:11:17.448,100.0,66.0,246.0,-37.1572,-83.4565,40.6737,,3,0.75,426.65,155.72,57.77,457.83
2026-09-01 22:11:17.703,100.0,66.0,246.0,-37.1572,-83.4565,40.6737,,4,1.0,426.65,155.72,57.77,457.83
2026-09-01 22:11:17.942,100.0,66.0,246.0,-37.1572,-83.4565,40.6737,,5,1.25,426.62,155.75,57.77,457.82
2026-09-01 22:11:24.941,100.0,66.0,252.0,-28.2301,-86.8833,40.6737,,1,0.25,426.08,155.91,57.68,457.36
2026-09-01 22:11:27.444,100.0,66.0,252.0,-28.2301,-86.8833,40.6737,,2,0.5,426.08,155.91,57.68,457.36
2026-09-01 22:11:27.699,100.0,66.0,252.0,-28.2301,-86.8833,40.6737,,3,0.75,426.08,155.91,57.68,457.36
2026-09-01 22:11:27.954,100.0,66.0,252.0,-28.2301,-86.8833,40.6737,,4,1.0,425.99,155.92,57.69,457.28
2026-09-01 22:11:28.193,100.0,66.0,252.0,-28.2301,-86.8833,40.6737,,5,1.25,425.99,155.92,57.69,457.28
2026-09-01 22:11:35.191,100.0,66.0,258.0,-18.9937,-89.3582,40.6737,,1,0.25,425.4,156.34,57.56,456.85
2026-09-01 22:11:35.447,100.0,66.0,258.0,-18.9937,-89.3582,40.6737,,2,0.5,425.41,156.34,57.57,456.86
2026-09-01 22:11:35.702,100.0,66.0,258.0,-18.9937,-89.3582,40.6737,,3,0.75,425.41,156.34,57.57,456.86
2026-09-01 22:11:35.941,100.0,66.0,258.0,-18.9937,-89.3582,40.6737,,4,1.0,425.41,156.31,57.56,456.85
2026-09-01 22:11:38.444,100.0,66.0,258.0,-18.9937,-89.3582,40.6737,,5,1.25,425.41,156.31,57.56,456.85
2026-09-01 22:11:45.442,100.0,66.0,264.0,-9.5492,-90.8541,40.6737,,1,0.25,424.8,156.79,57.43,456.43
2026-09-01 22:11:45.697,100.0,66.0,264.0,-9.5492,-90.8541,40.6737,,2,0.5,424.8,156.79,57.43,456.43
2026-09-01 22:11:45.952,100.0,66.0,264.0,-9.5492,-90.8541,40.6737,,3,0.75,424.87,156.8,57.42,456.5
2026-09-01 22:11:46.192,100.0,66.0,264.0,-9.5492,-90.8541,40.6737,,4,1.0,424.87,156.8,57.42,456.5
2026-09-01 22:11:46.447,100.0,66.0,264.0,-9.5492,-90.8541,40.6737,,5,1.25,424.87,156.8,57.43,456.5
2026-09-01 22:11:53.445,100.0,66.0,270.0,-0.0,-91.3545,40.6737,,1,0.25,424.55,157.35,57.38,456.39
2026-09-01 22:11:53.700,100.0,66.0,270.0,-0.0,-91.3545,40.6737,,2,0.5,424.55,157.35,57.37,456.39
2026-09-01 22:11:53.955,100.0,66.0,270.0,-0.0,-91.3545,40.6737,,3,0.75,424.55,157.35,57.37,456.39
2026-09-01 22:11:54.194,100.0,66.0,270.0,-0.0,-91.3545,40.6737,,4,1.0,424.55,157.35,57.39,456.39
2026-09-01 22:11:54.450,100.0,66.0,270.0,-0.0,-91.3545,40.6737,,5,1.25,424.55,157.35,57.39,456.39
2026-09-01 22:12:01.448,100.0,66.0,276.0,9.5492,-90.8541,40.6737,,1,0.25,424.29,157.95,57.4,456.36
2026-09-01 22:12:01.703,100.0,66.0,276.0,9.5492,-90.8541,40.6737,,2,0.5,424.29,157.95,57.4,456.36
2026-09-01 22:12:01.942,100.0,66.0,276.0,9.5492,-90.8541,40.6737,,3,0.75,424.27,157.94,57.41,456.33
2026-09-01 22:12:02.197,100.0,66.0,276.0,9.5492,-90.8541,40.6737,,4,1.0,424.27,157.94,57.41,456.33
2026-09-01 22:12:02.453,100.0,66.0,276.0,9.5492,-90.8541,40.6737,,5,1.25,424.23,157.94,57.4,456.3
2026-09-01 22:12:09.451,100.0,66.0,282.0,18.9937,-89.3582,40.6737,,1,0.25,424.18,158.66,57.36,456.49
2026-09-01 22:12:09.690,100.0,66.0,282.0,18.9937,-89.3582,40.6737,,2,0.5,424.22,158.68,57.36,456.54
2026-09-01 22:12:12.193,100.0,66.0,282.0,18.9937,-89.3582,40.6737,,3,0.75,424.21,158.68,57.37,456.53
2026-09-01 22:12:12.448,100.0,66.0,282.0,18.9937,-89.3582,40.6737,,4,1.0,424.21,158.68,57.37,456.53
2026-09-01 22:12:12.703,100.0,66.0,282.0,18.9937,-89.3582,40.6737,,5,1.25,424.22,158.68,57.36,456.54
2026-09-01 22:12:19.702,100.0,66.0,288.0,28.2301,-86.8833,40.6737,,1,0.25,424.32,159.34,57.34,456.86
2026-09-01 22:12:19.941,100.0,66.0,288.0,28.2301,-86.8833,40.6737,,2,0.5,424.3,159.32,57.34,456.83
2026-09-01 22:12:20.196,100.0,66.0,288.0,28.2301,-86.8833,40.6737,,3,0.75,424.3,159.32,57.34,456.83
2026-09-01 22:12:20.451,100.0,66.0,288.0,28.2301,-86.8833,40.6737,,4,1.0,424.32,159.31,57.34,456.85
2026-09-01 22:12:20.690,100.0,66.0,288.0,28.2301,-86.8833,40.6737,,5,1.25,424.3,159.32,57.34,456.83
2026-09-01 22:12:29.953,100.0,66.0,294.0,37.1572,-83.4565,40.6737,,1,0.25,424.41,160.05,57.32,457.19
2026-09-01 22:12:30.192,100.0,66.0,294.0,37.1572,-83.4565,40.6737,,2,0.5,424.4,160.04,57.32,457.18
2026-09-01 22:12:30.447,100.0,66.0,294.0,37.1572,-83.4565,40.6737,,3,0.75,424.4,160.04,57.32,457.18
2026-09-01 22:12:30.702,100.0,66.0,294.0,37.1572,-83.4565,40.6737,,4,1.0,424.36,160.04,57.33,457.14
2026-09-01 22:12:30.941,100.0,66.0,294.0,37.1572,-83.4565,40.6737,,5,1.25,424.36,160.04,57.33,457.14
2026-09-01 22:12:37.940,100.0,66.0,300.0,45.6773,-79.1154,40.6737,,1,0.25,424.84,160.53,57.33,457.76
2026-09-01 22:12:40.443,100.0,66.0,300.0,45.6773,-79.1154,40.6737,,2,0.5,424.87,160.54,57.35,457.79
2026-09-01 22:12:40.698,100.0,66.0,300.0,45.6773,-79.1154,40.6737,,3,0.75,424.87,160.54,57.35,457.79
2026-09-01 22:12:40.953,100.0,66.0,300.0,45.6773,-79.1154,40.6737,,4,1.0,424.88,160.53,57.34,457.79
2026-09-01 22:12:41.192,100.0,66.0,300.0,45.6773,-79.1154,40.6737,,5,1.25,424.88,160.53,57.34,457.79
2026-09-01 22:12:48.079,100.0,66.0,306.0,53.6969,-73.9074,40.6737,,1,0.25,425.29,161.06,57.47,458.38
2026-09-01 22:12:48.318,100.0,66.0,306.0,53.6969,-73.9074,40.6737,,2,0.5,425.35,161.06,57.47,458.43
2026-09-01 22:12:48.573,100.0,66.0,306.0,53.6969,-73.9074,40.6737,,3,0.75,425.35,161.06,57.47,458.43
2026-09-01 22:12:48.828,100.0,66.0,306.0,53.6969,-73.9074,40.6737,,4,1.0,425.35,161.06,57.47,458.43
2026-09-01 22:12:49.067,100.0,66.0,306.0,53.6969,-73.9074,40.6737,,5,1.25,425.35,161.06,57.47,458.43
2026-09-01 22:12:55.955,100.0,66.0,312.0,61.1281,-67.8897,40.6737,,1,0.25,425.89,161.54,57.46,459.1
2026-09-01 22:12:56.194,100.0,66.0,312.0,61.1281,-67.8897,40.6737,,2,0.5,425.89,161.54,57.46,459.1
2026-09-01 22:12:56.449,100.0,66.0,312.0,61.1281,-67.8897,40.6737,,3,0.75,425.92,161.57,57.46,459.14
2026-09-01 22:12:56.704,100.0,66.0,312.0,61.1281,-67.8897,40.6737,,4,1.0,425.92,161.57,57.46,459.14
2026-09-01 22:12:56.943,100.0,66.0,312.0,61.1281,-67.8897,40.6737,,5,1.25,425.9,161.57,57.46,459.12
2026-09-01 22:13:03.814,100.0,66.0,318.0,67.8897,-61.1281,40.6737,,1,0.25,426.64,161.58,57.61,459.83
2026-09-01 22:13:04.069,100.0,66.0,318.0,67.8897,-61.1281,40.6737,,2,0.5,426.64,161.58,57.61,459.83
2026-09-01 22:13:04.324,100.0,66.0,318.0,67.8897,-61.1281,40.6737,,3,0.75,426.64,161.58,57.61,459.83
2026-09-01 22:13:04.579,100.0,66.0,318.0,67.8897,-61.1281,40.6737,,4,1.0,426.64,161.58,57.61,459.83
2026-09-01 22:13:04.818,100.0,66.0,318.0,67.8897,-61.1281,40.6737,,5,1.25,426.62,161.6,57.6,459.82
2026-09-01 22:13:11.689,100.0,66.0,324.0,73.9074,-53.6969,40.6737,,1,0.25,427.36,161.48,57.75,460.48
2026-09-01 22:13:14.192,100.0,66.0,324.0,73.9074,-53.6969,40.6737,,2,0.5,427.36,161.48,57.75,460.48
2026-09-01 22:13:14.448,100.0,66.0,324.0,73.9074,-53.6969,40.6737,,3,0.75,427.33,161.5,57.74,460.46
2026-09-01 22:13:14.703,100.0,66.0,324.0,73.9074,-53.6969,40.6737,,4,1.0,427.33,161.5,57.74,460.46
2026-09-01 22:13:14.942,100.0,66.0,324.0,73.9074,-53.6969,40.6737,,5,1.25,427.33,161.49,57.75,460.46
2026-09-01 22:13:21.829,100.0,66.0,330.0,79.1154,-45.6773,40.6737,,1,0.25,428.05,161.36,57.85,461.09
2026-09-01 22:13:22.068,100.0,66.0,330.0,79.1154,-45.6773,40.6737,,2,0.5,428.05,161.36,57.85,461.09
2026-09-01 22:13:22.323,100.0,66.0,330.0,79.1154,-45.6773,40.6737,,3,0.75,428.04,161.36,57.87,461.09
2026-09-01 22:13:22.578,100.0,66.0,330.0,79.1154,-45.6773,40.6737,,4,1.0,428.04,161.36,57.87,461.09
2026-09-01 22:13:22.817,100.0,66.0,330.0,79.1154,-45.6773,40.6737,,5,1.25,428.0,161.35,57.87,461.04
2026-09-01 22:13:29.816,100.0,66.0,336.0,83.4565,-37.1572,40.6737,,1,0.25,428.71,160.99,58.06,461.6
2026-09-01 22:13:30.071,100.0,66.0,336.0,83.4565,-37.1572,40.6737,,2,0.5,428.75,160.98,58.07,461.64
2026-09-01 22:13:30.326,100.0,66.0,336.0,83.4565,-37.1572,40.6737,,3,0.75,428.75,160.98,58.07,461.64
2026-09-01 22:13:30.565,100.0,66.0,336.0,83.4565,-37.1572,40.6737,,4,1.0,428.72,160.97,58.06,461.6
2026-09-01 22:13:30.820,100.0,66.0,336.0,83.4565,-37.1572,40.6737,,5,1.25,428.72,160.97,58.06,461.6
2026-09-01 22:13:37.819,100.0,66.0,342.0,86.8833,-28.2301,40.6737,,1,0.25,429.36,160.51,58.16,462.05
2026-09-01 22:13:38.074,100.0,66.0,342.0,86.8833,-28.2301,40.6737,,2,0.5,429.36,160.51,58.16,462.05
2026-09-01 22:13:38.329,100.0,66.0,342.0,86.8833,-28.2301,40.6737,,3,0.75,429.34,160.48,58.18,462.02
2026-09-01 22:13:38.568,100.0,66.0,342.0,86.8833,-28.2301,40.6737,,4,1.0,429.34,160.48,58.18,462.02
2026-09-01 22:13:38.823,100.0,66.0,342.0,86.8833,-28.2301,40.6737,,5,1.25,429.33,160.49,58.16,462.02
2026-09-01 22:13:45.822,100.0,66.0,348.0,89.3582,-18.9937,40.6737,,1,0.25,429.72,160.11,58.32,462.27
2026-09-01 22:13:46.077,100.0,66.0,348.0,89.3582,-18.9937,40.6737,,2,0.5,429.72,160.09,58.3,462.26
2026-09-01 22:13:46.316,100.0,66.0,348.0,89.3582,-18.9937,40.6737,,3,0.75,429.72,160.09,58.3,462.26
2026-09-01 22:13:46.571,100.0,66.0,348.0,89.3582,-18.9937,40.6737,,4,1.0,429.78,160.08,58.31,462.31
2026-09-01 22:13:46.826,100.0,66.0,348.0,89.3582,-18.9937,40.6737,,5,1.25,429.78,160.08,58.31,462.31
2026-09-01 22:13:53.825,100.0,66.0,354.0,90.8541,-9.5492,40.6737,,1,0.25,430.14,159.4,58.48,462.43
2026-09-01 22:13:54.064,100.0,66.0,354.0,90.8541,-9.5492,40.6737,,2,0.5,430.14,159.4,58.48,462.43
2026-09-01 22:13:54.319,100.0,66.0,354.0,90.8541,-9.5492,40.6737,,3,0.75,430.14,159.4,58.49,462.43
2026-09-01 22:13:54.574,100.0,66.0,354.0,90.8541,-9.5492,40.6737,,4,1.0,430.14,159.4,58.49,462.43
2026-09-01 22:13:54.829,100.0,66.0,354.0,90.8541,-9.5492,40.6737,,5,1.25,430.14,159.39,58.5,462.43
2026-09-01 22:14:01.828,100.0,72.0,354.0,94.5847,-9.9412,30.9017,,1,0.25,430.23,159.67,58.31,462.59
2026-09-01 22:14:02.067,100.0,72.0,354.0,94.5847,-9.9412,30.9017,,2,0.5,430.23,159.67,58.31,462.59
2026-09-01 22:14:02.322,100.0,72.0,354.0,94.5847,-9.9412,30.9017,,3,0.75,430.23,159.67,58.31,462.59
2026-09-01 22:14:02.577,100.0,72.0,354.0,94.5847,-9.9412,30.9017,,4,1.0,430.21,159.66,58.31,462.57
2026-09-01 22:14:02.816,100.0,72.0,354.0,94.5847,-9.9412,30.9017,,5,1.25,430.21,159.66,58.31,462.57
2026-09-01 22:14:09.815,100.0,72.0,348.0,93.0274,-19.7736,30.9017,,1,0.25,429.81,160.45,58.19,462.45
2026-09-01 22:14:10.070,100.0,72.0,348.0,93.0274,-19.7736,30.9017,,2,0.5,429.83,160.43,58.18,462.46
2026-09-01 22:14:10.325,100.0,72.0,348.0,93.0274,-19.7736,30.9017,,3,0.75,429.83,160.43,58.18,462.46
2026-09-01 22:14:10.564,100.0,72.0,348.0,93.0274,-19.7736,30.9017,,4,1.0,429.83,160.4,58.18,462.45
2026-09-01 22:14:10.819,100.0,72.0,348.0,93.0274,-19.7736,30.9017,,5,1.25,429.83,160.4,58.18,462.45
2026-09-01 22:14:17.818,100.0,72.0,342.0,90.4508,-29.3893,30.9017,,1,0.25,429.32,161.04,58.1,462.19
2026-09-01 22:14:18.073,100.0,72.0,342.0,90.4508,-29.3893,30.9017,,2,0.5,429.32,161.04,58.1,462.19
2026-09-01 22:14:18.328,100.0,72.0,342.0,90.4508,-29.3893,30.9017,,3,0.75,429.26,161.04,58.11,462.14
2026-09-01 22:14:18.567,100.0,72.0,342.0,90.4508,-29.3893,30.9017,,4,1.0,429.26,161.04,58.11,462.14
2026-09-01 22:14:18.822,100.0,72.0,342.0,90.4508,-29.3893,30.9017,,5,1.25,429.26,161.04,58.11,462.14
2026-09-01 22:14:25.821,100.0,72.0,336.0,86.8833,-38.683,30.9017,,1,0.25,428.65,161.26,57.94,461.63
2026-09-01 22:14:26.076,100.0,72.0,336.0,86.8833,-38.683,30.9017,,2,0.5,428.65,161.29,57.93,461.63
2026-09-01 22:14:26.315,100.0,72.0,336.0,86.8833,-38.683,30.9017,,3,0.75,428.65,161.29,57.93,461.63
2026-09-01 22:14:26.570,100.0,72.0,336.0,86.8833,-38.683,30.9017,,4,1.0,428.66,161.29,57.95,461.65
2026-09-01 22:14:26.826,100.0,72.0,336.0,86.8833,-38.683,30.9017,,5,1.25,428.66,161.29,57.95,461.65
2026-09-01 22:14:33.824,100.0,72.0,330.0,82.3639,-47.5528,30.9017,,1,0.25,427.9,161.84,57.73,461.11
2026-09-01 22:14:34.079,100.0,72.0,330.0,82.3639,-47.5528,30.9017,,2,0.5,427.9,161.84,57.73,461.11
2026-09-01 22:14:34.318,100.0,72.0,330.0,82.3639,-47.5528,30.9017,,3,0.75,427.89,161.85,57.74,461.1
2026-09-01 22:14:34.573,100.0,72.0,330.0,82.3639,-47.5528,30.9017,,4,1.0,427.89,161.85,57.74,461.1
2026-09-01 22:14:34.828,100.0,72.0,330.0,82.3639,-47.5528,30.9017,,5,1.25,427.91,161.85,57.73,461.12
2026-09-01 22:14:41.827,100.0,72.0,324.0,76.9421,-55.9017,30.9017,,1,0.25,427.17,161.88,57.56,460.42
2026-09-01 22:14:42.066,100.0,72.0,324.0,76.9421,-55.9017,30.9017,,2,0.5,427.2,161.86,57.57,460.44
2026-09-01 22:14:42.321,100.0,72.0,324.0,76.9421,-55.9017,30.9017,,3,0.75,427.2,161.86,57.57,460.44
2026-09-01 22:14:42.576,100.0,72.0,324.0,76.9421,-55.9017,30.9017,,4,1.0,427.21,161.87,57.55,460.45
2026-09-01 22:14:42.815,100.0,72.0,324.0,76.9421,-55.9017,30.9017,,5,1.25,427.21,161.87,57.55,460.45
2026-09-01 22:14:49.814,100.0,72.0,318.0,70.6773,-63.6381,30.9017,,1,0.25,426.35,161.97,57.46,459.68
2026-09-01 22:14:50.069,100.0,72.0,318.0,70.6773,-63.6381,30.9017,,2,0.5,426.35,161.97,57.46,459.68
2026-09-01 22:14:50.324,100.0,72.0,318.0,70.6773,-63.6381,30.9017,,3,0.75,426.3,161.98,57.45,459.64
2026-09-01 22:14:50.563,100.0,72.0,318.0,70.6773,-63.6381,30.9017,,4,1.0,426.3,161.98,57.45,459.64
2026-09-01 22:14:50.819,100.0,72.0,318.0,70.6773,-63.6381,30.9017,,5,1.25,426.29,161.98,57.46,459.63
2026-09-01 22:14:57.690,100.0,72.0,312.0,63.6381,-70.6773,30.9017,,1,0.25,425.58,161.73,57.3,458.86
2026-09-01 22:14:57.945,100.0,72.0,312.0,63.6381,-70.6773,30.9017,,2,0.5,425.58,161.73,57.3,458.86
2026-09-01 22:14:58.200,100.0,72.0,312.0,63.6381,-70.6773,30.9017,,3,0.75,425.57,161.73,57.3,458.85
2026-09-01 22:14:58.439,100.0,72.0,312.0,63.6381,-70.6773,30.9017,,4,1.0,425.55,161.74,57.29,458.84
2026-09-01 22:15:00.942,100.0,72.0,312.0,63.6381,-70.6773,30.9017,,5,1.25,425.55,161.74,57.29,458.84
2026-09-01 22:15:07.940,100.0,72.0,306.0,55.9017,-76.9421,30.9017,,1,0.25,425.01,161.29,57.29,458.18
2026-09-01 22:15:08.196,100.0,72.0,306.0,55.9017,-76.9421,30.9017,,2,0.5,425.01,161.29,57.29,458.18
2026-09-01 22:15:08.451,100.0,72.0,306.0,55.9017,-76.9421,30.9017,,3,0.75,425.0,161.28,57.29,458.16
2026-09-01 22:15:08.690,100.0,72.0,306.0,55.9017,-76.9421,30.9017,,4,1.0,425.0,161.28,57.29,458.16
2026-09-01 22:15:08.945,100.0,72.0,306.0,55.9017,-76.9421,30.9017,,5,1.25,424.98,161.28,57.3,458.15
2026-09-01 22:15:15.943,100.0,72.0,300.0,47.5528,-82.3639,30.9017,,1,0.25,424.39,160.85,57.24,457.44
2026-09-01 22:15:16.198,100.0,72.0,300.0,47.5528,-82.3639,30.9017,,2,0.5,424.41,160.84,57.24,457.46
2026-09-01 22:15:16.454,100.0,72.0,300.0,47.5528,-82.3639,30.9017,,3,0.75,424.41,160.84,57.24,457.46
2026-09-01 22:15:16.693,100.0,72.0,300.0,47.5528,-82.3639,30.9017,,4,1.0,424.46,160.84,57.24,457.5
2026-09-01 22:15:16.948,100.0,72.0,300.0,47.5528,-82.3639,30.9017,,5,1.25,424.46,160.84,57.24,457.5
2026-09-01 22:15:23.947,100.0,72.0,294.0,38.683,-86.8833,30.9017,,1,0.25,423.98,160.44,57.15,456.9
2026-09-01 22:15:24.202,100.0,72.0,294.0,38.683,-86.8833,30.9017,,2,0.5,423.98,160.44,57.15,456.9
2026-09-01 22:15:24.441,100.0,72.0,294.0,38.683,-86.8833,30.9017,,3,0.75,423.94,160.42,57.14,456.86
2026-09-01 22:15:24.696,100.0,72.0,294.0,38.683,-86.8833,30.9017,,4,1.0,423.94,160.42,57.14,456.86
2026-09-01 22:15:24.951,100.0,72.0,294.0,38.683,-86.8833,30.9017,,5,1.25,423.96,160.41,57.16,456.88
2026-09-01 22:15:31.950,100.0,72.0,288.0,29.3893,-90.4508,30.9017,,1,0.25,423.71,159.61,57.21,456.37
2026-09-01 22:15:32.189,100.0,72.0,288.0,29.3893,-90.4508,30.9017,,2,0.5,423.76,159.61,57.22,456.42
2026-09-01 22:15:34.692,100.0,72.0,288.0,29.3893,-90.4508,30.9017,,3,0.75,423.72,159.61,57.21,456.38
2026-09-01 22:15:34.947,100.0,72.0,288.0,29.3893,-90.4508,30.9017,,4,1.0,423.72,159.61,57.21,456.38
2026-09-01 22:15:35.202,100.0,72.0,288.0,29.3893,-90.4508,30.9017,,5,1.25,423.77,159.61,57.21,456.43
2026-09-01 22:15:42.200,100.0,72.0,282.0,19.7736,-93.0274,30.9017,,1,0.25,423.73,158.81,57.27,456.12
2026-09-01 22:15:42.439,100.0,72.0,282.0,19.7736,-93.0274,30.9017,,2,0.5,423.79,158.83,57.26,456.18
2026-09-01 22:15:42.695,100.0,72.0,282.0,19.7736,-93.0274,30.9017,,3,0.75,423.79,158.83,57.26,456.18
2026-09-01 22:15:42.950,100.0,72.0,282.0,19.7736,-93.0274,30.9017,,4,1.0,423.81,158.82,57.27,456.2
2026-09-01 22:15:43.189,100.0,72.0,282.0,19.7736,-93.0274,30.9017,,5,1.25,423.76,158.86,57.28,456.16
2026-09-01 22:15:52.451,100.0,72.0,276.0,9.9412,-94.5847,30.9017,,1,0.25,423.84,158.17,57.22,455.99
2026-09-01 22:15:52.690,100.0,72.0,276.0,9.9412,-94.5847,30.9017,,2,0.5,423.88,158.17,57.24,456.03
2026-09-01 22:15:52.945,100.0,72.0,276.0,9.9412,-94.5847,30.9017,,3,0.75,423.88,158.17,57.24,456.03
2026-09-01 22:15:53.201,100.0,72.0,276.0,9.9412,-94.5847,30.9017,,4,1.0,423.88,158.17,57.24,456.03
2026-09-01 22:15:53.440,100.0,72.0,276.0,9.9412,-94.5847,30.9017,,5,1.25,423.88,158.17,57.24,456.03
2026-09-01 22:16:00.438,100.0,72.0,270.0,-0.0,-95.1057,30.9017,,1,0.25,424.1,157.47,57.31,456.0
2026-09-01 22:16:02.941,100.0,72.0,270.0,-0.0,-95.1057,30.9017,,2,0.5,424.06,157.45,57.3,455.96
2026-09-01 22:16:03.196,100.0,72.0,270.0,-0.0,-95.1057,30.9017,,3,0.75,424.06,157.45,57.3,455.96
2026-09-01 22:16:03.451,100.0,72.0,270.0,-0.0,-95.1057,30.9017,,4,1.0,424.06,157.46,57.3,455.96
2026-09-01 22:16:03.691,100.0,72.0,270.0,-0.0,-95.1057,30.9017,,5,1.25,424.06,157.46,57.3,455.96
2026-09-01 22:16:10.689,100.0,72.0,264.0,-9.9412,-94.5847,30.9017,,1,0.25,424.51,156.66,57.41,456.12
2026-09-01 22:16:10.944,100.0,72.0,264.0,-9.9412,-94.5847,30.9017,,2,0.5,424.51,156.66,57.41,456.12
2026-09-01 22:16:11.199,100.0,72.0,264.0,-9.9412,-94.5847,30.9017,,3,0.75,424.53,156.7,57.41,456.15
2026-09-01 22:16:11.438,100.0,72.0,264.0,-9.9412,-94.5847,30.9017,,4,1.0,424.51,156.67,57.41,456.12
2026-09-01 22:16:13.941,100.0,72.0,264.0,-9.9412,-94.5847,30.9017,,5,1.25,424.52,156.65,57.42,456.12
2026-09-01 22:16:20.940,100.0,72.0,258.0,-19.7736,-93.0274,30.9017,,1,0.25,425.07,156.25,57.46,456.5
2026-09-01 22:16:21.195,100.0,72.0,258.0,-19.7736,-93.0274,30.9017,,2,0.5,425.07,156.25,57.46,456.5
2026-09-01 22:16:21.450,100.0,72.0,258.0,-19.7736,-93.0274,30.9017,,3,0.75,425.07,156.25,57.46,456.5
2026-09-01 22:16:21.689,100.0,72.0,258.0,-19.7736,-93.0274,30.9017,,4,1.0,425.02,156.27,57.45,456.46
2026-09-01 22:16:21.945,100.0,72.0,258.0,-19.7736,-93.0274,30.9017,,5,1.25,425.02,156.27,57.45,456.46
2026-09-01 22:16:28.943,100.0,72.0,252.0,-29.3893,-90.4508,30.9017,,1,0.25,425.66,155.83,57.65,456.93
2026-09-01 22:16:29.198,100.0,72.0,252.0,-29.3893,-90.4508,30.9017,,2,0.5,425.67,155.83,57.65,456.94
2026-09-01 22:16:29.453,100.0,72.0,252.0,-29.3893,-90.4508,30.9017,,3,0.75,425.67,155.83,57.65,456.94
2026-09-01 22:16:29.692,100.0,72.0,252.0,-29.3893,-90.4508,30.9017,,4,1.0,425.67,155.83,57.65,456.94
2026-09-01 22:16:29.947,100.0,72.0,252.0,-29.3893,-90.4508,30.9017,,5,1.25,425.63,155.82,57.65,456.9
2026-09-01 22:16:36.946,100.0,72.0,246.0,-38.683,-86.8833,30.9017,,1,0.25,426.44,155.53,57.8,457.58
2026-09-01 22:16:37.201,100.0,72.0,246.0,-38.683,-86.8833,30.9017,,2,0.5,426.44,155.53,57.8,457.58
2026-09-01 22:16:37.440,100.0,72.0,246.0,-38.683,-86.8833,30.9017,,3,0.75,426.44,155.52,57.78,457.57
2026-09-01 22:16:37.695,100.0,72.0,246.0,-38.683,-86.8833,30.9017,,4,1.0,426.44,155.52,57.78,457.57
2026-09-01 22:16:37.951,100.0,72.0,246.0,-38.683,-86.8833,30.9017,,5,1.25,426.44,155.52,57.78,457.57
2026-09-01 22:16:44.949,100.0,72.0,240.0,-47.5528,-82.3639,30.9017,,1,0.25,427.08,155.58,57.94,458.21
2026-09-01 22:16:45.188,100.0,72.0,240.0,-47.5528,-82.3639,30.9017,,2,0.5,427.13,155.59,57.94,458.26
2026-09-01 22:16:47.691,100.0,72.0,240.0,-47.5528,-82.3639,30.9017,,3,0.75,427.13,155.59,57.94,458.26
2026-09-01 22:16:47.946,100.0,72.0,240.0,-47.5528,-82.3639,30.9017,,4,1.0,427.09,155.58,57.93,458.22
2026-09-01 22:16:48.202,100.0,72.0,240.0,-47.5528,-82.3639,30.9017,,5,1.25,427.09,155.58,57.93,458.22
2026-09-01 22:16:55.200,100.0,72.0,234.0,-55.9017,-76.9421,30.9017,,1,0.25,427.9,155.51,58.12,458.97
2026-09-01 22:16:55.439,100.0,72.0,234.0,-55.9017,-76.9421,30.9017,,2,0.5,427.9,155.51,58.12,458.97
2026-09-01 22:16:55.694,100.0,72.0,234.0,-55.9017,-76.9421,30.9017,,3,0.75,427.93,155.5,58.12,459.0
2026-09-01 22:16:55.949,100.0,72.0,234.0,-55.9017,-76.9421,30.9017,,4,1.0,427.93,155.5,58.12,459.0
2026-09-01 22:16:56.188,100.0,72.0,234.0,-55.9017,-76.9421,30.9017,,5,1.25,427.93,155.51,58.13,459.0
2026-09-01 22:17:05.451,100.0,72.0,228.0,-63.6381,-70.6773,30.9017,,1,0.25,428.72,155.59,58.25,459.78
2026-09-01 22:17:05.690,100.0,72.0,228.0,-63.6381,-70.6773,30.9017,,2,0.5,428.72,155.59,58.25,459.78
2026-09-01 22:17:05.945,100.0,72.0,228.0,-63.6381,-70.6773,30.9017,,3,0.75,428.72,155.57,58.24,459.77
2026-09-01 22:17:06.200,100.0,72.0,228.0,-63.6381,-70.6773,30.9017,,4,1.0,428.72,155.57,58.24,459.77
2026-09-01 22:17:06.439,100.0,72.0,228.0,-63.6381,-70.6773,30.9017,,5,1.25,428.71,155.55,58.25,459.76
2026-09-01 22:17:13.326,100.0,72.0,222.0,-70.6773,-63.6381,30.9017,,1,0.25,429.3,156.02,58.28,460.47
2026-09-01 22:17:13.566,100.0,72.0,222.0,-70.6773,-63.6381,30.9017,,2,0.5,429.28,156.01,58.28,460.45
2026-09-01 22:17:13.821,100.0,72.0,222.0,-70.6773,-63.6381,30.9017,,3,0.75,429.28,156.01,58.28,460.45
2026-09-01 22:17:14.076,100.0,72.0,222.0,-70.6773,-63.6381,30.9017,,4,1.0,429.25,156.01,58.29,460.42
2026-09-01 22:17:14.315,100.0,72.0,222.0,-70.6773,-63.6381,30.9017,,5,1.25,429.25,156.01,58.29,460.42
2026-09-01 22:17:21.314,100.0,72.0,216.0,-76.9421,-55.9017,30.9017,,1,0.25,429.72,156.61,58.32,461.07
2026-09-01 22:17:21.569,100.0,72.0,216.0,-76.9421,-55.9017,30.9017,,2,0.5,429.72,156.61,58.32,461.07
2026-09-01 22:17:21.824,100.0,72.0,216.0,-76.9421,-55.9017,30.9017,,3,0.75,429.8,156.62,58.3,461.14
2026-09-01 22:17:22.063,100.0,72.0,216.0,-76.9421,-55.9017,30.9017,,4,1.0,429.8,156.62,58.3,461.14
2026-09-01 22:17:22.318,100.0,72.0,216.0,-76.9421,-55.9017,30.9017,,5,1.25,429.79,156.61,58.31,461.13
2026-09-01 22:17:29.317,100.0,72.0,210.0,-82.3639,-47.5528,30.9017,,1,0.25,430.2,157.17,58.34,461.71
2026-09-01 22:17:29.572,100.0,72.0,210.0,-82.3639,-47.5528,30.9017,,2,0.5,430.2,157.17,58.35,461.71
2026-09-01 22:17:29.827,100.0,72.0,210.0,-82.3639,-47.5528,30.9017,,3,0.75,430.2,157.17,58.35,461.71
2026-09-01 22:17:30.066,100.0,72.0,210.0,-82.3639,-47.5528,30.9017,,4,1.0,430.22,157.17,58.35,461.73
2026-09-01 22:17:30.321,100.0,72.0,210.0,-82.3639,-47.5528,30.9017,,5,1.25,430.22,157.17,58.35,461.73
2026-09-01 22:17:37.320,100.0,72.0,204.0,-86.8833,-38.683,30.9017,,1,0.25,430.47,157.78,58.39,462.17
2026-09-01 22:17:37.575,100.0,72.0,204.0,-86.8833,-38.683,30.9017,,2,0.5,430.47,157.78,58.39,462.17
2026-09-01 22:17:37.814,100.0,72.0,204.0,-86.8833,-38.683,30.9017,,3,0.75,430.44,157.78,58.39,462.14
2026-09-01 22:17:38.069,100.0,72.0,204.0,-86.8833,-38.683,30.9017,,4,1.0,430.44,157.78,58.39,462.14
2026-09-01 22:17:38.324,100.0,72.0,204.0,-86.8833,-38.683,30.9017,,5,1.25,430.48,157.79,58.39,462.19
2026-09-01 22:17:45.323,100.0,72.0,198.0,-90.4508,-29.3893,30.9017,,1,0.25,430.63,158.48,58.38,462.56
2026-09-01 22:17:45.578,100.0,72.0,198.0,-90.4508,-29.3893,30.9017,,2,0.5,430.66,158.48,58.37,462.59
2026-09-01 22:17:45.817,100.0,72.0,198.0,-90.4508,-29.3893,30.9017,,3,0.75,430.66,158.48,58.37,462.59
2026-09-01 22:17:46.072,100.0,72.0,198.0,-90.4508,-29.3893,30.9017,,4,1.0,430.67,158.47,58.38,462.59
2026-09-01 22:17:46.327,100.0,72.0,198.0,-90.4508,-29.3893,30.9017,,5,1.25,430.67,158.47,58.38,462.59
2026-09-01 22:17:53.326,100.0,72.0,192.0,-93.0274,-19.7736,30.9017,,1,0.25,430.56,159.38,58.24,462.79
2026-09-01 22:17:53.565,100.0,72.0,192.0,-93.0274,-19.7736,30.9017,,2,0.5,430.56,159.38,58.24,462.79
2026-09-01 22:17:53.820,100.0,72.0,192.0,-93.0274,-19.7736,30.9017,,3,0.75,430.58,159.4,58.25,462.81
2026-09-01 22:17:54.075,100.0,72.0,192.0,-93.0274,-19.7736,30.9017,,4,1.0,430.58,159.4,58.25,462.81
2026-09-01 22:17:54.314,100.0,72.0,192.0,-93.0274,-19.7736,30.9017,,5,1.25,430.58,159.39,58.23,462.81
2026-09-01 22:18:01.313,100.0,72.0,186.0,-94.5847,-9.9412,30.9017,,1,0.25,430.41,160.1,58.21,462.89
2026-09-01 22:18:01.568,100.0,72.0,186.0,-94.5847,-9.9412,30.9017,,2,0.5,430.45,160.11,58.2,462.93
2026-09-01 22:18:01.823,100.0,72.0,186.0,-94.5847,-9.9412,30.9017,,3,0.75,430.45,160.11,58.2,462.93
2026-09-01 22:18:02.062,100.0,72.0,186.0,-94.5847,-9.9412,30.9017,,4,1.0,430.42,160.1,58.19,462.9
2026-09-01 22:18:02.317,100.0,72.0,186.0,-94.5847,-9.9412,30.9017,,5,1.25,430.42,160.1,58.19,462.9
2026-09-01 22:18:09.316,100.0,72.0,180.0,-95.1057,0.0,30.9017,,1,0.25,430.12,160.8,58.01,462.84
2026-09-01 22:18:09.571,100.0,72.0,180.0,-95.1057,0.0,30.9017,,2,0.5,430.12,160.8,58.01,462.84
2026-09-01 22:18:09.826,100.0,72.0,180.0,-95.1057,0.0,30.9017,,3,0.75,430.12,160.84,57.99,462.85
2026-09-01 22:18:10.065,100.0,72.0,180.0,-95.1057,0.0,30.9017,,4,1.0,430.12,160.84,57.99,462.85
2026-09-01 22:18:10.320,100.0,72.0,180.0,-95.1057,0.0,30.9017,,5,1.25,430.15,160.81,58.0,462.87
2026-09-01 22:18:17.319,100.0,72.0,174.0,-94.5847,9.9412,30.9017,,1,0.25,429.67,161.47,57.93,462.64
2026-09-01 22:18:17.574,100.0,72.0,174.0,-94.5847,9.9412,30.9017,,2,0.5,429.73,161.45,57.92,462.69
2026-09-01 22:18:17.813,100.0,72.0,174.0,-94.5847,9.9412,30.9017,,3,0.75,429.73,161.45,57.92,462.69
2026-09-01 22:18:18.068,100.0,72.0,174.0,-94.5847,9.9412,30.9017,,4,1.0,429.72,161.46,57.92,462.69
2026-09-01 22:18:18.323,100.0,72.0,174.0,-94.5847,9.9412,30.9017,,5,1.25,429.72,161.46,57.92,462.69
2026-09-01 22:18:25.322,100.0,72.0,168.0,-93.0274,19.7736,30.9017,,1,0.25,429.11,162.09,57.71,462.31
2026-09-01 22:18:25.577,100.0,72.0,168.0,-93.0274,19.7736,30.9017,,2,0.5,429.11,162.09,57.71,462.31
2026-09-01 22:18:25.816,100.0,72.0,168.0,-93.0274,19.7736,30.9017,,3,0.75,429.1,162.1,57.71,462.31
2026-09-01 22:18:26.071,100.0,72.0,168.0,-93.0274,19.7736,30.9017,,4,1.0,429.1,162.1,57.71,462.31
2026-09-01 22:18:26.326,100.0,72.0,168.0,-93.0274,19.7736,30.9017,,5,1.25,429.1,162.08,57.7,462.3
2026-09-01 22:18:33.325,100.0,72.0,162.0,-90.4508,29.3893,30.9017,,1,0.25,428.49,162.49,57.56,461.86
2026-09-01 22:18:33.564,100.0,72.0,162.0,-90.4508,29.3893,30.9017,,2,0.5,428.59,162.49,57.57,461.95
2026-09-01 22:18:33.819,100.0,72.0,162.0,-90.4508,29.3893,30.9017,,3,0.75,428.59,162.49,57.57,461.95
2026-09-01 22:18:34.074,100.0,72.0,162.0,-90.4508,29.3893,30.9017,,4,1.0,428.54,162.5,57.56,461.91
2026-09-01 22:18:34.313,100.0,72.0,162.0,-90.4508,29.3893,30.9017,,5,1.25,428.54,162.5,57.56,461.91
2026-09-01 22:18:41.312,100.0,72.0,156.0,-86.8833,38.683,30.9017,,1,0.25,427.68,163.0,57.32,461.26
2026-09-01 22:18:41.567,100.0,72.0,156.0,-86.8833,38.683,30.9017,,2,0.5,427.68,163.0,57.32,461.26
2026-09-01 22:18:41.822,100.0,72.0,156.0,-86.8833,38.683,30.9017,,3,0.75,427.71,163.0,57.31,461.29
2026-09-01 22:18:42.077,100.0,72.0,156.0,-86.8833,38.683,30.9017,,4,1.0,427.71,163.0,57.31,461.29
2026-09-01 22:18:42.316,100.0,72.0,156.0,-86.8833,38.683,30.9017,,5,1.25,427.75,163.01,57.31,461.33
2026-09-01 22:18:49.315,100.0,72.0,150.0,-82.3639,47.5528,30.9017,,1,0.25,426.95,162.99,57.17,460.56
2026-09-01 22:18:49.570,100.0,72.0,150.0,-82.3639,47.5528,30.9017,,2,0.5,426.95,162.98,57.15,460.55
2026-09-01 22:18:49.825,100.0,72.0,150.0,-82.3639,47.5528,30.9017,,3,0.75,426.95,162.98,57.15,460.55
2026-09-01 22:18:50.064,100.0,72.0,150.0,-82.3639,47.5528,30.9017,,4,1.0,426.97,162.99,57.16,460.58
2026-09-01 22:18:50.319,100.0,72.0,150.0,-82.3639,47.5528,30.9017,,5,1.25,426.97,162.99,57.16,460.58
2026-09-01 22:18:57.318,100.0,72.0,144.0,-76.9421,55.9017,30.9017,,1,0.25,426.1,163.15,56.96,459.8
2026-09-01 22:18:57.573,100.0,72.0,144.0,-76.9421,55.9017,30.9017,,2,0.5,426.1,163.15,56.96,459.8
2026-09-01 22:18:57.812,100.0,72.0,144.0,-76.9421,55.9017,30.9017,,3,0.75,426.1,163.16,56.97,459.81
2026-09-01 22:18:58.067,100.0,72.0,144.0,-76.9421,55.9017,30.9017,,4,1.0,426.1,163.16,56.97,459.81
2026-09-01 22:18:58.322,100.0,72.0,144.0,-76.9421,55.9017,30.9017,,5,1.25,426.11,163.17,56.97,459.82
2026-09-01 22:19:05.321,100.0,72.0,138.0,-70.6773,63.6381,30.9017,,1,0.25,425.23,163.06,56.8,458.95
2026-09-01 22:19:05.576,100.0,72.0,138.0,-70.6773,63.6381,30.9017,,2,0.5,425.19,163.07,56.81,458.91
2026-09-01 22:19:05.815,100.0,72.0,138.0,-70.6773,63.6381,30.9017,,3,0.75,425.19,163.07,56.81,458.91
2026-09-01 22:19:06.071,100.0,72.0,138.0,-70.6773,63.6381,30.9017,,4,1.0,425.18,163.07,56.79,458.9
2026-09-01 22:19:06.326,100.0,72.0,138.0,-70.6773,63.6381,30.9017,,5,1.25,425.18,163.07,56.79,458.9
2026-09-01 22:19:13.197,100.0,72.0,132.0,-63.6381,70.6773,30.9017,,1,0.25,424.41,162.71,56.7,458.05
2026-09-01 22:19:13.452,100.0,72.0,132.0,-63.6381,70.6773,30.9017,,2,0.5,424.41,162.71,56.7,458.05
2026-09-01 22:19:13.691,100.0,72.0,132.0,-63.6381,70.6773,30.9017,,3,0.75,424.44,162.71,56.67,458.07
2026-09-01 22:19:13.946,100.0,72.0,132.0,-63.6381,70.6773,30.9017,,4,1.0,424.44,162.71,56.67,458.07
2026-09-01 22:19:14.201,100.0,72.0,132.0,-63.6381,70.6773,30.9017,,5,1.25,424.52,162.72,56.68,458.15
2026-09-01 22:19:21.200,100.0,72.0,126.0,-55.9017,76.9421,30.9017,,1,0.25,423.92,162.12,56.57,457.37
2026-09-01 22:19:21.439,100.0,72.0,126.0,-55.9017,76.9421,30.9017,,2,0.5,423.91,162.1,56.57,457.35
2026-09-01 22:19:21.694,100.0,72.0,126.0,-55.9017,76.9421,30.9017,,3,0.75,423.91,162.1,56.57,457.35
2026-09-01 22:19:21.949,100.0,72.0,126.0,-55.9017,76.9421,30.9017,,4,1.0,423.89,162.11,56.57,457.34
2026-09-01 22:19:22.188,100.0,72.0,126.0,-55.9017,76.9421,30.9017,,5,1.25,423.89,162.11,56.57,457.34
2026-09-01 22:19:29.187,100.0,72.0,120.0,-47.5528,82.3639,30.9017,,1,0.25,423.32,161.53,56.45,456.59
2026-09-01 22:19:31.690,100.0,72.0,120.0,-47.5528,82.3639,30.9017,,2,0.5,423.32,161.51,56.45,456.58
2026-09-01 22:19:31.945,100.0,72.0,120.0,-47.5528,82.3639,30.9017,,3,0.75,423.32,161.51,56.45,456.58
2026-09-01 22:19:32.200,100.0,72.0,120.0,-47.5528,82.3639,30.9017,,4,1.0,423.32,161.51,56.45,456.58
2026-09-01 22:19:32.439,100.0,72.0,120.0,-47.5528,82.3639,30.9017,,5,1.25,423.3,161.51,56.45,456.56
2026-09-01 22:19:39.438,100.0,72.0,114.0,-38.683,86.8833,30.9017,,1,0.25,422.85,160.72,56.4,455.86
2026-09-01 22:19:39.693,100.0,72.0,114.0,-38.683,86.8833,30.9017,,2,0.5,422.85,160.72,56.4,455.86
2026-09-01 22:19:39.948,100.0,72.0,114.0,-38.683,86.8833,30.9017,,3,0.75,422.82,160.72,56.4,455.83
2026-09-01 22:19:40.187,100.0,72.0,114.0,-38.683,86.8833,30.9017,,4,1.0,422.92,160.72,56.4,455.93
2026-09-01 22:19:42.690,100.0,72.0,114.0,-38.683,86.8833,30.9017,,5,1.25,422.88,160.71,56.39,455.88
2026-09-01 22:19:49.689,100.0,72.0,108.0,-29.3893,90.4508,30.9017,,1,0.25,422.66,159.77,56.39,455.35
2026-09-01 22:19:49.944,100.0,72.0,108.0,-29.3893,90.4508,30.9017,,2,0.5,422.61,159.77,56.4,455.3
2026-09-01 22:19:50.199,100.0,72.0,108.0,-29.3893,90.4508,30.9017,,3,0.75,422.61,159.77,56.4,455.3
2026-09-01 22:19:50.438,100.0,72.0,108.0,-29.3893,90.4508,30.9017,,4,1.0,422.62,159.79,56.4,455.32
2026-09-01 22:19:50.693,100.0,72.0,108.0,-29.3893,90.4508,30.9017,,5,1.25,422.62,159.79,56.4,455.32
2026-09-01 22:19:57.692,100.0,72.0,102.0,-19.7736,93.0274,30.9017,,1,0.25,422.44,159.0,56.47,454.89
2026-09-01 22:19:57.947,100.0,72.0,102.0,-19.7736,93.0274,30.9017,,2,0.5,422.44,159.0,56.47,454.89
2026-09-01 22:19:58.186,100.0,72.0,102.0,-19.7736,93.0274,30.9017,,3,0.75,422.55,158.95,56.5,454.97
2026-09-01 22:20:00.689,100.0,72.0,102.0,-19.7736,93.0274,30.9017,,4,1.0,422.59,158.94,56.48,455.01
2026-09-01 22:20:00.944,100.0,72.0,102.0,-19.7736,93.0274,30.9017,,5,1.25,422.59,158.94,56.48,455.01
2026-09-01 22:20:07.943,100.0,72.0,96.0,-9.9412,94.5847,30.9017,,1,0.25,422.59,158.01,56.62,454.7
2026-09-01 22:20:08.198,100.0,72.0,96.0,-9.9412,94.5847,30.9017,,2,0.5,422.59,158.01,56.62,454.7
2026-09-01 22:20:08.437,100.0,72.0,96.0,-9.9412,94.5847,30.9017,,3,0.75,422.53,158.02,56.61,454.64
2026-09-01 22:20:10.940,100.0,72.0,96.0,-9.9412,94.5847,30.9017,,4,1.0,422.46,158.03,56.61,454.58
2026-09-01 22:20:11.195,100.0,72.0,96.0,-9.9412,94.5847,30.9017,,5,1.25,422.46,158.03,56.61,454.58
2026-09-01 22:20:18.194,100.0,72.0,90.0,0.0,95.1057,30.9017,,1,0.25,422.78,157.13,56.72,454.58
2026-09-01 22:20:18.449,100.0,72.0,90.0,0.0,95.1057,30.9017,,2,0.5,422.78,157.13,56.72,454.58
2026-09-01 22:20:18.688,100.0,72.0,90.0,0.0,95.1057,30.9017,,3,0.75,422.77,157.15,56.74,454.58
2026-09-01 22:20:18.943,100.0,72.0,90.0,0.0,95.1057,30.9017,,4,1.0,422.77,157.15,56.74,454.58
2026-09-01 22:20:19.198,100.0,72.0,90.0,0.0,95.1057,30.9017,,5,1.25,422.71,157.15,56.74,454.53
2026-09-01 22:20:26.197,100.0,72.0,84.0,9.9412,94.5847,30.9017,,1,0.25,423.21,156.31,56.98,454.73
2026-09-01 22:20:26.436,100.0,72.0,84.0,9.9412,94.5847,30.9017,,2,0.5,423.17,156.33,56.97,454.7
2026-09-01 22:20:28.939,100.0,72.0,84.0,9.9412,94.5847,30.9017,,3,0.75,423.15,156.29,56.98,454.67
2026-09-01 22:20:29.194,100.0,72.0,84.0,9.9412,94.5847,30.9017,,4,1.0,423.15,156.29,56.98,454.67
2026-09-01 22:20:29.449,100.0,72.0,84.0,9.9412,94.5847,30.9017,,5,1.25,423.17,156.3,56.96,454.69
2026-09-01 22:20:36.448,100.0,72.0,78.0,19.7736,93.0274,30.9017,,1,0.25,423.78,155.59,57.15,455.04
2026-09-01 22:20:36.687,100.0,72.0,78.0,19.7736,93.0274,30.9017,,2,0.5,423.81,155.56,57.15,455.06
2026-09-01 22:20:36.942,100.0,72.0,78.0,19.7736,93.0274,30.9017,,3,0.75,423.81,155.56,57.15,455.06
2026-09-01 22:20:37.197,100.0,72.0,78.0,19.7736,93.0274,30.9017,,4,1.0,423.76,155.55,57.15,455.01
2026-09-01 22:20:37.436,100.0,72.0,78.0,19.7736,93.0274,30.9017,,5,1.25,423.81,155.56,57.16,455.06
2026-09-01 22:20:46.699,100.0,72.0,72.0,29.3893,90.4508,30.9017,,1,0.25,424.36,155.03,57.37,455.41
2026-09-01 22:20:46.938,100.0,72.0,72.0,29.3893,90.4508,30.9017,,2,0.5,424.43,155.04,57.36,455.48
2026-09-01 22:20:47.193,100.0,72.0,72.0,29.3893,90.4508,30.9017,,3,0.75,424.43,155.04,57.36,455.48
2026-09-01 22:20:47.448,100.0,72.0,72.0,29.3893,90.4508,30.9017,,4,1.0,424.34,155.04,57.35,455.4
2026-09-01 22:20:47.687,100.0,72.0,72.0,29.3893,90.4508,30.9017,,5,1.25,424.34,155.04,57.35,455.4
2026-09-01 22:20:54.686,100.0,72.0,66.0,38.683,86.8833,30.9017,,1,0.25,425.22,154.41,57.58,456.03
2026-09-01 22:20:57.189,100.0,72.0,66.0,38.683,86.8833,30.9017,,2,0.5,425.19,154.4,57.57,456.0
2026-09-01 22:20:57.444,100.0,72.0,66.0,38.683,86.8833,30.9017,,3,0.75,425.19,154.4,57.57,456.0
2026-09-01 22:20:57.699,100.0,72.0,66.0,38.683,86.8833,30.9017,,4,1.0,425.21,154.4,57.59,456.02
2026-09-01 22:20:57.938,100.0,72.0,66.0,38.683,86.8833,30.9017,,5,1.25,425.21,154.4,57.59,456.02
2026-09-01 22:21:04.937,100.0,72.0,60.0,47.5528,82.3639,30.9017,,1,0.25,426.0,154.17,57.73,456.7
2026-09-01 22:21:07.440,100.0,72.0,60.0,47.5528,82.3639,30.9017,,2,0.5,426.0,154.17,57.73,456.7
2026-09-01 22:21:07.695,100.0,72.0,60.0,47.5528,82.3639,30.9017,,3,0.75,426.03,154.19,57.74,456.73
2026-09-01 22:21:07.950,100.0,72.0,60.0,47.5528,82.3639,30.9017,,4,1.0,426.03,154.19,57.74,456.73
2026-09-01 22:21:08.189,100.0,72.0,60.0,47.5528,82.3639,30.9017,,5,1.25,426.0,154.18,57.73,456.7
2026-09-01 22:21:15.188,100.0,72.0,54.0,55.9017,76.9421,30.9017,,1,0.25,426.79,154.14,57.86,457.44
2026-09-01 22:21:15.443,100.0,72.0,54.0,55.9017,76.9421,30.9017,,2,0.5,426.84,154.16,57.87,457.5
2026-09-01 22:21:15.698,100.0,72.0,54.0,55.9017,76.9421,30.9017,,3,0.75,426.84,154.16,57.87,457.5
2026-09-01 22:21:15.937,100.0,72.0,54.0,55.9017,76.9421,30.9017,,4,1.0,426.81,154.15,57.87,457.46
2026-09-01 22:21:16.192,100.0,72.0,54.0,55.9017,76.9421,30.9017,,5,1.25,426.81,154.15,57.87,457.46
2026-09-01 22:21:23.191,100.0,72.0,48.0,63.6381,70.6773,30.9017,,1,0.25,427.66,154.08,58.04,458.26
2026-09-01 22:21:23.446,100.0,72.0,48.0,63.6381,70.6773,30.9017,,2,0.5,427.66,154.08,58.04,458.26
2026-09-01 22:21:23.701,100.0,72.0,48.0,63.6381,70.6773,30.9017,,3,0.75,427.69,154.08,58.05,458.28
2026-09-01 22:21:23.940,100.0,72.0,48.0,63.6381,70.6773,30.9017,,4,1.0,427.69,154.08,58.05,458.28
2026-09-01 22:21:24.195,100.0,72.0,48.0,63.6381,70.6773,30.9017,,5,1.25,427.74,154.07,58.05,458.33
2026-09-01 22:21:31.194,100.0,72.0,42.0,70.6773,63.6381,30.9017,,1,0.25,428.34,154.42,58.2,459.02
2026-09-01 22:21:31.449,100.0,72.0,42.0,70.6773,63.6381,30.9017,,2,0.5,428.34,154.42,58.2,459.02
2026-09-01 22:21:31.688,100.0,72.0,42.0,70.6773,63.6381,30.9017,,3,0.75,428.34,154.42,58.2,459.02
2026-09-01 22:21:31.943,100.0,72.0,42.0,70.6773,63.6381,30.9017,,4,1.0,428.36,154.43,58.19,459.05
2026-09-01 22:21:32.198,100.0,72.0,42.0,70.6773,63.6381,30.9017,,5,1.25,428.36,154.43,58.19,459.05
2026-09-01 22:21:39.197,100.0,72.0,36.0,76.9421,55.9017,30.9017,,1,0.25,429.23,154.63,58.24,459.93
2026-09-01 22:21:39.436,100.0,72.0,36.0,76.9421,55.9017,30.9017,,2,0.5,429.11,154.63,58.22,459.82
2026-09-01 22:21:41.939,100.0,72.0,36.0,76.9421,55.9017,30.9017,,3,0.75,429.11,154.63,58.22,459.82
2026-09-01 22:21:42.194,100.0,72.0,36.0,76.9421,55.9017,30.9017,,4,1.0,429.09,154.64,58.23,459.8
2026-09-01 22:21:42.450,100.0,72.0,36.0,76.9421,55.9017,30.9017,,5,1.25,429.09,154.64,58.23,459.8
2026-09-01 22:21:49.448,100.0,72.0,30.0,82.3639,47.5528,30.9017,,1,0.25,429.9,154.84,58.28,460.63
2026-09-01 22:21:49.687,100.0,72.0,30.0,82.3639,47.5528,30.9017,,2,0.5,429.9,154.84,58.28,460.63
2026-09-01 22:21:49.942,100.0,72.0,30.0,82.3639,47.5528,30.9017,,3,0.75,429.89,154.88,58.29,460.64
2026-09-01 22:21:50.197,100.0,72.0,30.0,82.3639,47.5528,30.9017,,4,1.0,429.89,154.88,58.29,460.64
2026-09-01 22:21:50.437,100.0,72.0,30.0,82.3639,47.5528,30.9017,,5,1.25,429.86,154.87,58.3,460.61
2026-09-01 22:21:59.699,100.0,72.0,24.0,86.8833,38.683,30.9017,,1,0.25,430.32,155.29,58.39,461.19
2026-09-01 22:21:59.938,100.0,72.0,24.0,86.8833,38.683,30.9017,,2,0.5,430.32,155.29,58.39,461.19
2026-09-01 22:22:00.193,100.0,72.0,24.0,86.8833,38.683,30.9017,,3,0.75,430.34,155.3,58.39,461.21
2026-09-01 22:22:00.449,100.0,72.0,24.0,86.8833,38.683,30.9017,,4,1.0,430.34,155.3,58.39,461.21
2026-09-01 22:22:00.688,100.0,72.0,24.0,86.8833,38.683,30.9017,,5,1.25,430.35,155.28,58.39,461.21
2026-09-01 22:22:07.686,100.0,72.0,18.0,90.4508,29.3893,30.9017,,1,0.25,430.76,155.87,58.44,461.8
2026-09-01 22:22:10.189,100.0,72.0,18.0,90.4508,29.3893,30.9017,,2,0.5,430.76,155.87,58.44,461.8
2026-09-01 22:22:10.444,100.0,72.0,18.0,90.4508,29.3893,30.9017,,3,0.75,430.79,155.86,58.45,461.83
2026-09-01 22:22:10.700,100.0,72.0,18.0,90.4508,29.3893,30.9017,,4,1.0,430.79,155.86,58.45,461.83
2026-09-01 22:22:10.939,100.0,72.0,18.0,90.4508,29.3893,30.9017,,5,1.25,430.81,155.86,58.45,461.85
2026-09-01 22:22:17.937,100.0,72.0,12.0,93.0274,19.7736,30.9017,,1,0.25,430.82,156.82,58.42,462.18
2026-09-01 22:22:18.192,100.0,72.0,12.0,93.0274,19.7736,30.9017,,2,0.5,430.85,156.83,58.43,462.21
2026-09-01 22:22:18.448,100.0,72.0,12.0,93.0274,19.7736,30.9017,,3,0.75,430.85,156.83,58.43,462.21
2026-09-01 22:22:18.687,100.0,72.0,12.0,93.0274,19.7736,30.9017,,4,1.0,430.84,156.82,58.44,462.2
2026-09-01 22:22:18.942,100.0,72.0,12.0,93.0274,19.7736,30.9017,,5,1.25,430.84,156.82,58.44,462.2
2026-09-01 22:22:25.940,100.0,72.0,6.0,94.5847,9.9412,30.9017,,1,0.25,430.83,157.74,58.49,462.51
2026-09-01 22:22:26.195,100.0,72.0,6.0,94.5847,9.9412,30.9017,,2,0.5,430.83,157.74,58.49,462.51
2026-09-01 22:22:26.450,100.0,72.0,6.0,94.5847,9.9412,30.9017,,3,0.75,430.89,157.73,58.5,462.56
2026-09-01 22:22:26.690,100.0,72.0,6.0,94.5847,9.9412,30.9017,,4,1.0,430.89,157.73,58.5,462.56
2026-09-01 22:22:26.945,100.0,72.0,6.0,94.5847,9.9412,30.9017,,5,1.25,430.87,157.73,58.47,462.54
2026-09-01 22:22:33.943,100.0,72.0,0.0,95.1057,0.0,30.9017,,1,0.25,430.69,158.57,58.36,462.64
2026-09-01 22:22:34.199,100.0,72.0,0.0,95.1057,0.0,30.9017,,2,0.5,430.67,158.57,58.36,462.63
2026-09-01 22:22:34.438,100.0,72.0,0.0,95.1057,0.0,30.9017,,3,0.75,430.67,158.57,58.36,462.63
2026-09-01 22:22:34.693,100.0,72.0,0.0,95.1057,0.0,30.9017,,4,1.0,430.71,158.58,58.35,462.66
2026-09-01 22:22:34.948,100.0,72.0,0.0,95.1057,0.0,30.9017,,5,1.25,430.71,158.58,58.35,462.66
2026-09-01 22:22:41.946,100.0,78.0,0.0,97.8148,0.0,20.7912,,1,0.25,430.9,158.65,58.26,462.85
2026-09-01 22:22:42.185,100.0,78.0,0.0,97.8148,0.0,20.7912,,2,0.5,430.9,158.65,58.25,462.85
2026-09-01 22:22:44.688,100.0,78.0,0.0,97.8148,0.0,20.7912,,3,0.75,430.9,158.65,58.25,462.85
2026-09-01 22:22:44.943,100.0,78.0,0.0,97.8148,0.0,20.7912,,4,1.0,430.87,158.66,58.25,462.83
2026-09-01 22:22:45.199,100.0,78.0,0.0,97.8148,0.0,20.7912,,5,1.25,430.87,158.66,58.25,462.83
2026-09-01 22:22:52.197,100.0,78.0,6.0,97.2789,10.2244,20.7912,,1,0.25,431.02,157.95,58.34,462.74
2026-09-01 22:22:52.436,100.0,78.0,6.0,97.2789,10.2244,20.7912,,2,0.5,431.02,157.95,58.34,462.74
2026-09-01 22:22:52.691,100.0,78.0,6.0,97.2789,10.2244,20.7912,,3,0.75,430.99,157.94,58.35,462.71
2026-09-01 22:22:52.946,100.0,78.0,6.0,97.2789,10.2244,20.7912,,4,1.0,430.99,157.94,58.35,462.71
2026-09-01 22:22:53.186,100.0,78.0,6.0,97.2789,10.2244,20.7912,,5,1.25,431.0,157.96,58.35,462.72
2026-09-01 22:23:02.448,100.0,78.0,12.0,95.6773,20.3368,20.7912,,1,0.25,430.81,157.42,58.43,462.37
2026-09-01 22:23:02.687,100.0,78.0,12.0,95.6773,20.3368,20.7912,,2,0.5,430.81,157.42,58.43,462.37
2026-09-01 22:23:02.942,100.0,78.0,12.0,95.6773,20.3368,20.7912,,3,0.75,430.85,157.43,58.44,462.41
2026-09-01 22:23:03.197,100.0,78.0,12.0,95.6773,20.3368,20.7912,,4,1.0,430.85,157.43,58.44,462.41
2026-09-01 22:23:03.436,100.0,78.0,12.0,95.6773,20.3368,20.7912,,5,1.25,430.85,157.43,58.44,462.41
2026-09-01 22:23:10.435,100.0,78.0,18.0,93.0274,30.2264,20.7912,,1,0.25,430.33,157.64,58.41,462.0
2026-09-01 22:23:12.938,100.0,78.0,18.0,93.0274,30.2264,20.7912,,2,0.5,430.28,157.65,58.41,461.95
2026-09-01 22:23:13.193,100.0,78.0,18.0,93.0274,30.2264,20.7912,,3,0.75,430.28,157.65,58.41,461.95
2026-09-01 22:23:13.448,100.0,78.0,18.0,93.0274,30.2264,20.7912,,4,1.0,430.3,157.64,58.41,461.97
2026-09-01 22:23:13.687,100.0,78.0,18.0,93.0274,30.2264,20.7912,,5,1.25,430.3,157.64,58.41,461.97
2026-09-01 22:23:20.686,100.0,78.0,24.0,89.3582,39.7848,20.7912,,1,0.25,427.96,161.78,58.05,461.18
2026-09-01 22:23:20.941,100.0,78.0,24.0,89.3582,39.7848,20.7912,,2,0.5,427.96,161.78,58.05,461.18
2026-09-01 22:23:21.196,100.0,78.0,24.0,89.3582,39.7848,20.7912,,3,0.75,427.96,161.88,58.04,461.21
2026-09-01 22:23:21.435,100.0,78.0,24.0,89.3582,39.7848,20.7912,,4,1.0,427.9,162.19,57.97,461.26
2026-09-01 22:23:23.938,100.0,78.0,24.0,89.3582,39.7848,20.7912,,5,1.25,427.9,162.19,57.97,461.26
2026-09-01 22:23:30.937,100.0,78.0,30.0,84.7101,48.9074,20.7912,,1,0.25,426.61,163.38,57.63,460.44
2026-09-01 22:23:31.192,100.0,78.0,30.0,84.7101,48.9074,20.7912,,2,0.5,426.61,163.38,57.63,460.44
2026-09-01 22:23:31.447,100.0,78.0,30.0,84.7101,48.9074,20.7912,,3,0.75,426.53,163.41,57.63,460.38
2026-09-01 22:23:31.686,100.0,78.0,30.0,84.7101,48.9074,20.7912,,4,1.0,426.52,163.39,57.63,460.36
2026-09-01 22:23:34.189,100.0,78.0,30.0,84.7101,48.9074,20.7912,,5,1.25,426.52,163.39,57.63,460.36
2026-09-01 22:23:41.187,100.0,78.0,36.0,79.1338,57.4941,20.7912,,1,0.25,425.84,163.06,57.5,459.6
2026-09-01 22:23:41.442,100.0,78.0,36.0,79.1338,57.4941,20.7912,,2,0.5,425.84,163.06,57.5,459.6
2026-09-01 22:23:41.697,100.0,78.0,36.0,79.1338,57.4941,20.7912,,3,0.75,425.87,163.09,57.51,459.64
2026-09-01 22:23:41.937,100.0,78.0,36.0,79.1338,57.4941,20.7912,,4,1.0,425.87,163.09,57.51,459.64
2026-09-01 22:23:42.192,100.0,78.0,36.0,79.1338,57.4941,20.7912,,5,1.25,425.88,163.06,57.51,459.64
2026-09-01 22:23:49.190,100.0,78.0,42.0,72.6905,65.4508,20.7912,,1,0.25,425.15,162.78,57.31,458.84
2026-09-01 22:23:49.445,100.0,78.0,42.0,72.6905,65.4508,20.7912,,2,0.5,425.13,162.79,57.31,458.82
2026-09-01 22:23:49.700,100.0,78.0,42.0,72.6905,65.4508,20.7912,,3,0.75,425.13,162.79,57.31,458.82
2026-09-01 22:23:49.939,100.0,78.0,42.0,72.6905,65.4508,20.7912,,4,1.0,425.15,162.81,57.3,458.84
2026-09-01 22:23:50.195,100.0,78.0,42.0,72.6905,65.4508,20.7912,,5,1.25,425.15,162.81,57.3,458.84
2026-09-01 22:23:57.193,100.0,78.0,48.0,65.4508,72.6905,20.7912,,1,0.25,424.26,162.73,56.98,457.95
2026-09-01 22:23:57.448,100.0,78.0,48.0,65.4508,72.6905,20.7912,,2,0.5,424.26,162.73,56.98,457.95
2026-09-01 22:23:57.687,100.0,78.0,48.0,65.4508,72.6905,20.7912,,3,0.75,424.28,162.71,56.99,457.96
2026-09-01 22:23:57.942,100.0,78.0,48.0,65.4508,72.6905,20.7912,,4,1.0,424.28,162.71,56.99,457.96
2026-09-01 22:23:58.197,100.0,78.0,48.0,65.4508,72.6905,20.7912,,5,1.25,424.3,162.75,57.01,458.0
2026-09-01 22:24:05.196,100.0,78.0,54.0,57.4941,79.1338,20.7912,,1,0.25,423.41,162.59,56.78,457.09
2026-09-01 22:24:05.435,100.0,78.0,54.0,57.4941,79.1338,20.7912,,2,0.5,423.44,162.58,56.8,457.12
2026-09-01 22:24:07.938,100.0,78.0,54.0,57.4941,79.1338,20.7912,,3,0.75,423.43,162.58,56.8,457.11
2026-09-01 22:24:08.193,100.0,78.0,54.0,57.4941,79.1338,20.7912,,4,1.0,423.43,162.58,56.8,457.11
2026-09-01 22:24:08.448,100.0,78.0,54.0,57.4941,79.1338,20.7912,,5,1.25,423.44,162.6,56.81,457.12
2026-09-01 22:24:15.447,100.0,78.0,60.0,48.9074,84.7101,20.7912,,1,0.25,422.63,162.32,56.61,456.25
2026-09-01 22:24:15.686,100.0,78.0,60.0,48.9074,84.7101,20.7912,,2,0.5,422.64,162.31,56.63,456.26
2026-09-01 22:24:15.941,100.0,78.0,60.0,48.9074,84.7101,20.7912,,3,0.75,422.64,162.31,56.63,456.26
2026-09-01 22:24:16.196,100.0,78.0,60.0,48.9074,84.7101,20.7912,,4,1.0,422.62,162.32,56.63,456.24
2026-09-01 22:24:16.436,100.0,78.0,60.0,48.9074,84.7101,20.7912,,5,1.25,422.62,162.32,56.63,456.24
2026-09-01 22:24:23.434,100.0,78.0,66.0,39.7848,89.3582,20.7912,,1,0.25,421.88,162.42,56.48,455.57
2026-09-01 22:24:25.937,100.0,78.0,66.0,39.7848,89.3582,20.7912,,2,0.5,421.91,162.44,56.48,455.61
2026-09-01 22:24:26.192,100.0,78.0,66.0,39.7848,89.3582,20.7912,,3,0.75,421.91,162.44,56.48,455.61
2026-09-01 22:24:26.447,100.0,78.0,66.0,39.7848,89.3582,20.7912,,4,1.0,421.88,162.43,56.49,455.58
2026-09-01 22:24:26.686,100.0,78.0,66.0,39.7848,89.3582,20.7912,,5,1.25,421.88,162.43,56.49,455.58
2026-09-01 22:24:33.685,100.0,78.0,72.0,30.2264,93.0274,20.7912,,1,0.25,421.31,162.26,56.4,454.98
2026-09-01 22:24:36.188,100.0,78.0,72.0,30.2264,93.0274,20.7912,,2,0.5,421.31,162.26,56.4,454.98
2026-09-01 22:24:36.443,100.0,78.0,72.0,30.2264,93.0274,20.7912,,3,0.75,421.29,162.25,56.41,454.96
2026-09-01 22:24:36.698,100.0,78.0,72.0,30.2264,93.0274,20.7912,,4,1.0,421.29,162.25,56.41,454.96
2026-09-01 22:24:36.937,100.0,78.0,72.0,30.2264,93.0274,20.7912,,5,1.25,421.29,162.26,56.41,454.96
2026-09-01 22:24:43.936,100.0,78.0,78.0,20.3368,95.6773,20.7912,,1,0.25,420.52,162.97,56.33,454.49
2026-09-01 22:24:44.191,100.0,78.0,78.0,20.3368,95.6773,20.7912,,2,0.5,420.52,162.97,56.33,454.49
2026-09-01 22:24:44.446,100.0,78.0,78.0,20.3368,95.6773,20.7912,,3,0.75,420.52,162.97,56.33,454.49
2026-09-01 22:24:44.685,100.0,78.0,78.0,20.3368,95.6773,20.7912,,4,1.0,420.51,162.97,56.33,454.48
2026-09-01 22:24:44.940,100.0,78.0,78.0,20.3368,95.6773,20.7912,,5,1.25,420.51,162.97,56.33,454.48
2026-09-01 22:24:51.939,100.0,78.0,84.0,10.2244,97.2789,20.7912,,1,0.25,419.94,163.68,56.08,454.18
2026-09-01 22:24:52.194,100.0,78.0,84.0,10.2244,97.2789,20.7912,,2,0.5,419.97,163.7,56.09,454.22
2026-09-01 22:24:52.449,100.0,78.0,84.0,10.2244,97.2789,20.7912,,3,0.75,419.97,163.7,56.09,454.22
2026-09-01 22:24:52.688,100.0,78.0,84.0,10.2244,97.2789,20.7912,,4,1.0,419.97,163.7,56.09,454.22
2026-09-01 22:24:52.943,100.0,78.0,84.0,10.2244,97.2789,20.7912,,5,1.25,419.98,163.69,56.1,454.22
2026-09-01 22:24:59.942,100.0,78.0,90.0,0.0,97.8148,20.7912,,1,0.25,419.48,164.67,55.99,454.1
2026-09-01 22:25:00.197,100.0,78.0,90.0,0.0,97.8148,20.7912,,2,0.5,419.48,164.67,55.99,454.1
2026-09-01 22:25:00.436,100.0,78.0,90.0,0.0,97.8148,20.7912,,3,0.75,419.49,164.65,55.96,454.1
2026-09-01 22:25:00.691,100.0,78.0,90.0,0.0,97.8148,20.7912,,4,1.0,419.49,164.65,55.96,454.1
2026-09-01 22:25:00.946,100.0,78.0,90.0,0.0,97.8148,20.7912,,5,1.25,419.49,164.65,55.96,454.1
2026-09-01 22:25:07.945,100.0,78.0,96.0,-10.2244,97.2789,20.7912,,1,0.25,419.2,165.61,55.73,454.15
2026-09-01 22:25:08.184,100.0,78.0,96.0,-10.2244,97.2789,20.7912,,2,0.5,419.24,165.61,55.73,454.19
2026-09-01 22:25:10.687,100.0,78.0,96.0,-10.2244,97.2789,20.7912,,3,0.75,419.24,165.61,55.73,454.19
2026-09-01 22:25:10.942,100.0,78.0,96.0,-10.2244,97.2789,20.7912,,4,1.0,419.2,165.61,55.72,454.15
2026-09-01 22:25:11.197,100.0,78.0,96.0,-10.2244,97.2789,20.7912,,5,1.25,419.2,165.61,55.72,454.15
2026-09-01 22:25:18.196,100.0,78.0,102.0,-20.3368,95.6773,20.7912,,1,0.25,419.05,166.68,55.63,454.4
2026-09-01 22:25:18.435,100.0,78.0,102.0,-20.3368,95.6773,20.7912,,2,0.5,419.0,166.67,55.63,454.35
2026-09-01 22:25:18.690,100.0,78.0,102.0,-20.3368,95.6773,20.7912,,3,0.75,419.0,166.67,55.63,454.35
2026-09-01 22:25:18.945,100.0,78.0,102.0,-20.3368,95.6773,20.7912,,4,1.0,419.0,166.67,55.63,454.35
2026-09-01 22:25:19.184,100.0,78.0,102.0,-20.3368,95.6773,20.7912,,5,1.25,419.06,166.7,55.63,454.41
2026-09-01 22:25:28.447,100.0,78.0,108.0,-30.2264,93.0274,20.7912,,1,0.25,419.24,167.47,55.61,454.86
2026-09-01 22:25:28.686,100.0,78.0,108.0,-30.2264,93.0274,20.7912,,2,0.5,419.24,167.47,55.61,454.86
2026-09-01 22:25:28.941,100.0,78.0,108.0,-30.2264,93.0274,20.7912,,3,0.75,419.22,167.49,55.6,454.85
2026-09-01 22:25:29.196,100.0,78.0,108.0,-30.2264,93.0274,20.7912,,4,1.0,419.22,167.49,55.6,454.85
2026-09-01 22:25:29.435,100.0,78.0,108.0,-30.2264,93.0274,20.7912,,5,1.25,419.29,167.51,55.6,454.92
2026-09-01 22:25:36.434,100.0,78.0,114.0,-39.7848,89.3582,20.7912,,1,0.25,419.52,168.21,55.6,455.39
2026-09-01 22:25:38.937,100.0,78.0,114.0,-39.7848,89.3582,20.7912,,2,0.5,419.52,168.21,55.6,455.39
2026-09-01 22:25:39.192,100.0,78.0,114.0,-39.7848,89.3582,20.7912,,3,0.75,419.51,168.23,55.6,455.39
2026-09-01 22:25:39.447,100.0,78.0,114.0,-39.7848,89.3582,20.7912,,4,1.0,419.51,168.23,55.6,455.39
2026-09-01 22:25:39.686,100.0,78.0,114.0,-39.7848,89.3582,20.7912,,5,1.25,419.57,168.23,55.59,455.44
2026-09-01 22:25:46.685,100.0,78.0,120.0,-48.9074,84.7101,20.7912,,1,0.25,419.94,169.26,55.64,456.17
2026-09-01 22:25:46.940,100.0,78.0,120.0,-48.9074,84.7101,20.7912,,2,0.5,419.97,169.25,55.63,456.19
2026-09-01 22:25:47.195,100.0,78.0,120.0,-48.9074,84.7101,20.7912,,3,0.75,419.97,169.25,55.63,456.19
2026-09-01 22:25:47.434,100.0,78.0,120.0,-48.9074,84.7101,20.7912,,4,1.0,419.97,169.23,55.64,456.19
2026-09-01 22:25:49.937,100.0,78.0,120.0,-48.9074,84.7101,20.7912,,5,1.25,419.97,169.25,55.63,456.19
2026-09-01 22:25:56.936,100.0,78.0,126.0,-57.4941,79.1338,20.7912,,1,0.25,420.48,169.98,55.77,456.95
2026-09-01 22:25:57.191,100.0,78.0,126.0,-57.4941,79.1338,20.7912,,2,0.5,420.46,169.98,55.77,456.93
2026-09-01 22:25:57.446,100.0,78.0,126.0,-57.4941,79.1338,20.7912,,3,0.75,420.46,169.98,55.77,456.93
2026-09-01 22:25:57.685,100.0,78.0,126.0,-57.4941,79.1338,20.7912,,4,1.0,420.43,169.97,55.77,456.9
2026-09-01 22:25:57.940,100.0,78.0,126.0,-57.4941,79.1338,20.7912,,5,1.25,420.43,169.97,55.77,456.9
2026-09-01 22:26:04.939,100.0,78.0,132.0,-65.4508,72.6905,20.7912,,1,0.25,421.3,170.32,55.91,457.85
2026-09-01 22:26:05.194,100.0,78.0,132.0,-65.4508,72.6905,20.7912,,2,0.5,421.3,170.32,55.91,457.85
2026-09-01 22:26:05.449,100.0,78.0,132.0,-65.4508,72.6905,20.7912,,3,0.75,421.35,170.34,55.9,457.9
2026-09-01 22:26:05.688,100.0,78.0,132.0,-65.4508,72.6905,20.7912,,4,1.0,421.35,170.34,55.9,457.9
2026-09-01 22:26:05.943,100.0,78.0,132.0,-65.4508,72.6905,20.7912,,5,1.25,421.28,170.32,55.91,457.83
2026-09-01 22:26:12.942,100.0,78.0,138.0,-72.6905,65.4508,20.7912,,1,0.25,422.14,170.65,56.09,458.76
2026-09-01 22:26:13.197,100.0,78.0,138.0,-72.6905,65.4508,20.7912,,2,0.5,422.05,170.68,56.08,458.69
2026-09-01 22:26:13.436,100.0,78.0,138.0,-72.6905,65.4508,20.7912,,3,0.75,422.05,170.68,56.08,458.69
2026-09-01 22:26:13.691,100.0,78.0,138.0,-72.6905,65.4508,20.7912,,4,1.0,422.05,170.67,56.08,458.69
2026-09-01 22:26:13.946,100.0,78.0,138.0,-72.6905,65.4508,20.7912,,5,1.25,422.05,170.67,56.08,458.69
2026-09-01 22:26:20.945,100.0,78.0,144.0,-79.1338,57.4941,20.7912,,1,0.25,422.88,170.96,56.27,459.58
2026-09-01 22:26:21.184,100.0,78.0,144.0,-79.1338,57.4941,20.7912,,2,0.5,422.89,170.95,56.27,459.59
2026-09-01 22:26:23.687,100.0,78.0,144.0,-79.1338,57.4941,20.7912,,3,0.75,422.89,170.95,56.27,459.59
2026-09-01 22:26:23.943,100.0,78.0,144.0,-79.1338,57.4941,20.7912,,4,1.0,422.9,170.96,56.26,459.6
2026-09-01 22:26:24.198,100.0,78.0,144.0,-79.1338,57.4941,20.7912,,5,1.25,422.9,170.96,56.26,459.6
2026-09-01 22:26:31.196,100.0,78.0,150.0,-84.7101,48.9074,20.7912,,1,0.25,423.84,170.87,56.48,460.46
2026-09-01 22:26:31.435,100.0,78.0,150.0,-84.7101,48.9074,20.7912,,2,0.5,423.84,170.87,56.48,460.46
2026-09-01 22:26:31.690,100.0,78.0,150.0,-84.7101,48.9074,20.7912,,3,0.75,423.82,170.9,56.47,460.45
2026-09-01 22:26:31.946,100.0,78.0,150.0,-84.7101,48.9074,20.7912,,4,1.0,423.82,170.9,56.47,460.45
2026-09-01 22:26:32.185,100.0,78.0,150.0,-84.7101,48.9074,20.7912,,5,1.25,423.86,170.91,56.47,460.49
2026-09-01 22:26:39.183,100.0,78.0,156.0,-89.3582,39.7848,20.7912,,1,0.25,424.62,170.84,56.67,461.19
2026-09-01 22:26:41.686,100.0,78.0,156.0,-89.3582,39.7848,20.7912,,2,0.5,424.62,170.84,56.67,461.19
2026-09-01 22:26:41.941,100.0,78.0,156.0,-89.3582,39.7848,20.7912,,3,0.75,424.58,170.86,56.66,461.16
2026-09-01 22:26:42.196,100.0,78.0,156.0,-89.3582,39.7848,20.7912,,4,1.0,424.58,170.86,56.66,461.16
2026-09-01 22:26:42.436,100.0,78.0,156.0,-89.3582,39.7848,20.7912,,5,1.25,424.6,170.84,56.66,461.17
2026-09-01 22:26:49.434,100.0,78.0,162.0,-93.0274,30.2264,20.7912,,1,0.25,425.52,170.28,56.85,461.83
2026-09-01 22:26:49.689,100.0,78.0,162.0,-93.0274,30.2264,20.7912,,2,0.5,425.5,170.29,56.84,461.82
2026-09-01 22:26:49.945,100.0,78.0,162.0,-93.0274,30.2264,20.7912,,3,0.75,425.5,170.29,56.84,461.82
2026-09-01 22:26:50.184,100.0,78.0,162.0,-93.0274,30.2264,20.7912,,4,1.0,425.46,170.28,56.86,461.78
2026-09-01 22:26:52.687,100.0,78.0,162.0,-93.0274,30.2264,20.7912,,5,1.25,425.46,170.28,56.86,461.78
2026-09-01 22:26:59.686,100.0,78.0,168.0,-95.6773,20.3368,20.7912,,1,0.25,426.18,169.79,57.0,462.28
2026-09-01 22:26:59.941,100.0,78.0,168.0,-95.6773,20.3368,20.7912,,2,0.5,426.21,169.82,57.01,462.32
2026-09-01 22:27:00.196,100.0,78.0,168.0,-95.6773,20.3368,20.7912,,3,0.75,426.21,169.82,57.01,462.32
2026-09-01 22:27:00.435,100.0,78.0,168.0,-95.6773,20.3368,20.7912,,4,1.0,426.21,169.82,57.01,462.32
2026-09-01 22:27:00.690,100.0,78.0,168.0,-95.6773,20.3368,20.7912,,5,1.25,426.25,169.8,57.0,462.35
2026-09-01 22:27:07.689,100.0,78.0,174.0,-97.2789,10.2244,20.7912,,1,0.25,426.85,168.98,57.24,462.63
2026-09-01 22:27:07.944,100.0,78.0,174.0,-97.2789,10.2244,20.7912,,2,0.5,426.85,168.98,57.24,462.63
2026-09-01 22:27:08.183,100.0,78.0,174.0,-97.2789,10.2244,20.7912,,3,0.75,426.93,169.01,57.25,462.72
2026-09-01 22:27:10.686,100.0,78.0,174.0,-97.2789,10.2244,20.7912,,4,1.0,426.93,169.01,57.25,462.72
2026-09-01 22:27:10.941,100.0,78.0,174.0,-97.2789,10.2244,20.7912,,5,1.25,426.91,168.99,57.24,462.69
2026-09-01 22:27:17.940,100.0,78.0,180.0,-97.8148,0.0,20.7912,,1,0.25,427.27,168.56,57.3,462.87
2026-09-01 22:27:18.195,100.0,78.0,180.0,-97.8148,0.0,20.7912,,2,0.5,427.22,168.56,57.29,462.82
2026-09-01 22:27:18.434,100.0,78.0,180.0,-97.8148,0.0,20.7912,,3,0.75,427.25,168.59,57.29,462.86
2026-09-01 22:27:20.937,100.0,78.0,180.0,-97.8148,0.0,20.7912,,4,1.0,427.25,168.59,57.29,462.86
2026-09-01 22:27:21.192,100.0,78.0,180.0,-97.8148,0.0,20.7912,,5,1.25,427.26,168.59,57.3,462.87
2026-09-01 22:27:28.191,100.0,78.0,186.0,-97.2789,-10.2244,20.7912,,1,0.25,427.69,167.58,57.5,462.93
2026-09-01 22:27:28.446,100.0,78.0,186.0,-97.2789,-10.2244,20.7912,,2,0.5,427.71,167.59,57.51,462.95
2026-09-01 22:27:28.685,100.0,78.0,186.0,-97.2789,-10.2244,20.7912,,3,0.75,427.71,167.59,57.51,462.95
2026-09-01 22:27:28.940,100.0,78.0,186.0,-97.2789,-10.2244,20.7912,,4,1.0,427.72,167.58,57.5,462.96
2026-09-01 22:27:29.195,100.0,78.0,186.0,-97.2789,-10.2244,20.7912,,5,1.25,427.72,167.58,57.5,462.96
2026-09-01 22:27:36.194,100.0,78.0,192.0,-95.6773,-20.3368,20.7912,,1,0.25,427.83,166.86,57.56,462.81
2026-09-01 22:27:36.433,100.0,78.0,192.0,-95.6773,-20.3368,20.7912,,2,0.5,427.8,166.87,57.58,462.78
2026-09-01 22:27:38.936,100.0,78.0,192.0,-95.6773,-20.3368,20.7912,,3,0.75,427.8,166.87,57.58,462.78
2026-09-01 22:27:39.191,100.0,78.0,192.0,-95.6773,-20.3368,20.7912,,4,1.0,427.84,166.87,57.56,462.82
2026-09-01 22:27:39.446,100.0,78.0,192.0,-95.6773,-20.3368,20.7912,,5,1.25,427.84,166.87,57.56,462.82
2026-09-01 22:27:46.445,100.0,78.0,198.0,-93.0274,-30.2264,20.7912,,1,0.25,427.85,166.04,57.69,462.55
2026-09-01 22:27:46.684,100.0,78.0,198.0,-93.0274,-30.2264,20.7912,,2,0.5,427.85,166.04,57.69,462.55
2026-09-01 22:27:46.939,100.0,78.0,198.0,-93.0274,-30.2264,20.7912,,3,0.75,427.81,166.03,57.69,462.5
2026-09-01 22:27:47.194,100.0,78.0,198.0,-93.0274,-30.2264,20.7912,,4,1.0,427.81,166.03,57.69,462.5
2026-09-01 22:27:47.433,100.0,78.0,198.0,-93.0274,-30.2264,20.7912,,5,1.25,427.78,166.03,57.69,462.48
2026-09-01 22:27:56.696,100.0,78.0,204.0,-89.3582,-39.7848,20.7912,,1,0.25,427.81,165.19,57.71,462.21
2026-09-01 22:27:56.935,100.0,78.0,204.0,-89.3582,-39.7848,20.7912,,2,0.5,427.81,165.19,57.71,462.21
2026-09-01 22:27:57.190,100.0,78.0,204.0,-89.3582,-39.7848,20.7912,,3,0.75,427.81,165.19,57.71,462.21
2026-09-01 22:27:57.445,100.0,78.0,204.0,-89.3582,-39.7848,20.7912,,4,1.0,427.81,165.19,57.71,462.21
2026-09-01 22:27:57.684,100.0,78.0,204.0,-89.3582,-39.7848,20.7912,,5,1.25,427.78,165.2,57.71,462.18
2026-09-01 22:28:04.683,100.0,78.0,210.0,-84.7101,-48.9074,20.7912,,1,0.25,427.51,164.34,57.76,461.63
2026-09-01 22:28:07.186,100.0,78.0,210.0,-84.7101,-48.9074,20.7912,,2,0.5,427.51,164.34,57.76,461.63
2026-09-01 22:28:07.441,100.0,78.0,210.0,-84.7101,-48.9074,20.7912,,3,0.75,427.54,164.33,57.78,461.66
2026-09-01 22:28:07.696,100.0,78.0,210.0,-84.7101,-48.9074,20.7912,,4,1.0,427.54,164.33,57.78,461.66
2026-09-01 22:28:07.935,100.0,78.0,210.0,-84.7101,-48.9074,20.7912,,5,1.25,427.54,164.33,57.78,461.66
2026-09-01 22:28:14.934,100.0,78.0,216.0,-79.1338,-57.4941,20.7912,,1,0.25,427.06,163.76,57.72,461.0
2026-09-01 22:28:15.189,100.0,78.0,216.0,-79.1338,-57.4941,20.7912,,2,0.5,427.1,163.77,57.71,461.04
2026-09-01 22:28:15.444,100.0,78.0,216.0,-79.1338,-57.4941,20.7912,,3,0.75,427.1,163.77,57.71,461.04
2026-09-01 22:28:15.683,100.0,78.0,216.0,-79.1338,-57.4941,20.7912,,4,1.0,427.06,163.77,57.72,461.01
2026-09-01 22:28:18.186,100.0,78.0,216.0,-79.1338,-57.4941,20.7912,,5,1.25,427.06,163.77,57.72,461.01
2026-09-01 22:28:25.185,100.0,78.0,222.0,-72.6905,-65.4508,20.7912,,1,0.25,426.56,163.18,57.63,460.32
2026-09-01 22:28:25.440,100.0,78.0,222.0,-72.6905,-65.4508,20.7912,,2,0.5,426.56,163.18,57.63,460.32
2026-09-01 22:28:25.695,100.0,78.0,222.0,-72.6905,-65.4508,20.7912,,3,0.75,426.57,163.16,57.64,460.33
2026-09-01 22:28:25.934,100.0,78.0,222.0,-72.6905,-65.4508,20.7912,,4,1.0,426.54,163.18,57.65,460.31
2026-09-01 22:28:28.437,100.0,78.0,222.0,-72.6905,-65.4508,20.7912,,5,1.25,426.54,163.18,57.65,460.31
2026-09-01 22:28:35.435,100.0,78.0,228.0,-65.4508,-72.6905,20.7912,,1,0.25,425.85,162.86,57.48,459.53
2026-09-01 22:28:35.691,100.0,78.0,228.0,-65.4508,-72.6905,20.7912,,2,0.5,425.85,162.86,57.48,459.53
2026-09-01 22:28:35.946,100.0,78.0,228.0,-65.4508,-72.6905,20.7912,,3,0.75,425.87,162.87,57.48,459.56
2026-09-01 22:28:36.185,100.0,78.0,228.0,-65.4508,-72.6905,20.7912,,4,1.0,425.87,162.87,57.48,459.56
2026-09-01 22:28:36.440,100.0,78.0,228.0,-65.4508,-72.6905,20.7912,,5,1.25,425.85,162.87,57.49,459.54
2026-09-01 22:28:43.438,100.0,78.0,234.0,-57.4941,-79.1338,20.7912,,1,0.25,425.15,162.67,57.33,458.8
2026-09-01 22:28:43.694,100.0,78.0,234.0,-57.4941,-79.1338,20.7912,,2,0.5,425.13,162.68,57.35,458.79
2026-09-01 22:28:43.933,100.0,78.0,234.0,-57.4941,-79.1338,20.7912,,3,0.75,425.05,162.71,57.34,458.72
2026-09-01 22:28:46.436,100.0,78.0,234.0,-57.4941,-79.1338,20.7912,,4,1.0,425.05,162.71,57.34,458.72
2026-09-01 22:28:46.691,100.0,78.0,234.0,-57.4941,-79.1338,20.7912,,5,1.25,425.07,162.69,57.35,458.73
2026-09-01 22:28:53.689,100.0,78.0,240.0,-48.9074,-84.7101,20.7912,,1,0.25,424.36,162.58,57.17,458.01
2026-09-01 22:28:53.944,100.0,78.0,240.0,-48.9074,-84.7101,20.7912,,2,0.5,424.34,162.58,57.18,458.0
2026-09-01 22:28:54.184,100.0,78.0,240.0,-48.9074,-84.7101,20.7912,,3,0.75,424.34,162.58,57.18,458.0
2026-09-01 22:28:54.439,100.0,78.0,240.0,-48.9074,-84.7101,20.7912,,4,1.0,424.37,162.59,57.19,458.03
2026-09-01 22:28:54.694,100.0,78.0,240.0,-48.9074,-84.7101,20.7912,,5,1.25,424.37,162.59,57.19,458.03
2026-09-01 22:29:01.692,100.0,78.0,246.0,-39.7848,-89.3582,20.7912,,1,0.25,423.55,162.74,57.02,457.3
2026-09-01 22:29:01.947,100.0,78.0,246.0,-39.7848,-89.3582,20.7912,,2,0.5,423.55,162.74,57.02,457.3
2026-09-01 22:29:02.187,100.0,78.0,246.0,-39.7848,-89.3582,20.7912,,3,0.75,423.54,162.73,57.04,457.29
2026-09-01 22:29:02.442,100.0,78.0,246.0,-39.7848,-89.3582,20.7912,,4,1.0,423.54,162.73,57.04,457.29
2026-09-01 22:29:02.697,100.0,78.0,246.0,-39.7848,-89.3582,20.7912,,5,1.25,423.52,162.74,57.03,457.28
2026-09-01 22:29:09.695,100.0,78.0,252.0,-30.2264,-93.0274,20.7912,,1,0.25,422.75,162.88,56.9,456.6
2026-09-01 22:29:09.935,100.0,78.0,252.0,-30.2264,-93.0274,20.7912,,2,0.5,422.72,162.88,56.88,456.57
2026-09-01 22:29:10.190,100.0,78.0,252.0,-30.2264,-93.0274,20.7912,,3,0.75,422.72,162.88,56.88,456.57
2026-09-01 22:29:10.445,100.0,78.0,252.0,-30.2264,-93.0274,20.7912,,4,1.0,422.82,162.91,56.89,456.67
2026-09-01 22:29:10.684,100.0,78.0,252.0,-30.2264,-93.0274,20.7912,,5,1.25,422.82,162.91,56.89,456.67
2026-09-01 22:29:17.682,100.0,78.0,258.0,-20.3368,-95.6773,20.7912,,1,0.25,422.15,163.37,56.68,456.19
2026-09-01 22:29:20.185,100.0,78.0,258.0,-20.3368,-95.6773,20.7912,,2,0.5,422.16,163.37,56.7,456.2
2026-09-01 22:29:20.440,100.0,78.0,258.0,-20.3368,-95.6773,20.7912,,3,0.75,422.16,163.37,56.7,456.2
2026-09-01 22:29:20.695,100.0,78.0,258.0,-20.3368,-95.6773,20.7912,,4,1.0,422.17,163.36,56.69,456.21
2026-09-01 22:29:20.935,100.0,78.0,258.0,-20.3368,-95.6773,20.7912,,5,1.25,422.17,163.36,56.69,456.21
2026-09-01 22:29:27.933,100.0,78.0,264.0,-10.2244,-97.2789,20.7912,,1,0.25,421.51,163.89,56.64,455.78
2026-09-01 22:29:30.436,100.0,78.0,264.0,-10.2244,-97.2789,20.7912,,2,0.5,421.47,163.89,56.64,455.74
2026-09-01 22:29:30.691,100.0,78.0,264.0,-10.2244,-97.2789,20.7912,,3,0.75,421.47,163.89,56.64,455.74
2026-09-01 22:29:30.946,100.0,78.0,264.0,-10.2244,-97.2789,20.7912,,4,1.0,421.45,163.88,56.63,455.72
2026-09-01 22:29:31.185,100.0,78.0,264.0,-10.2244,-97.2789,20.7912,,5,1.25,421.45,163.88,56.63,455.72
2026-09-01 22:29:38.184,100.0,78.0,270.0,-0.0,-97.8148,20.7912,,1,0.25,420.97,164.67,56.51,455.54
2026-09-01 22:29:38.439,100.0,78.0,270.0,-0.0,-97.8148,20.7912,,2,0.5,420.97,164.67,56.51,455.54
2026-09-01 22:29:38.694,100.0,78.0,270.0,-0.0,-97.8148,20.7912,,3,0.75,420.97,164.65,56.5,455.54
2026-09-01 22:29:38.933,100.0,78.0,270.0,-0.0,-97.8148,20.7912,,4,1.0,420.97,164.65,56.5,455.54
2026-09-01 22:29:39.188,100.0,78.0,270.0,-0.0,-97.8148,20.7912,,5,1.25,421.0,164.65,56.52,455.57
2026-09-01 22:29:46.187,100.0,78.0,276.0,10.2244,-97.2789,20.7912,,1,0.25,420.84,165.21,56.45,455.61
2026-09-01 22:29:46.442,100.0,78.0,276.0,10.2244,-97.2789,20.7912,,2,0.5,420.85,165.23,56.46,455.63
2026-09-01 22:29:46.697,100.0,78.0,276.0,10.2244,-97.2789,20.7912,,3,0.75,420.85,165.23,56.46,455.63
2026-09-01 22:29:46.936,100.0,78.0,276.0,10.2244,-97.2789,20.7912,,4,1.0,420.82,165.24,56.45,455.6
2026-09-01 22:29:47.191,100.0,78.0,276.0,10.2244,-97.2789,20.7912,,5,1.25,420.82,165.24,56.45,455.6
2026-09-01 22:29:54.190,100.0,78.0,282.0,20.3368,-95.6773,20.7912,,1,0.25,420.61,166.03,56.37,455.69
2026-09-01 22:29:54.445,100.0,78.0,282.0,20.3368,-95.6773,20.7912,,2,0.5,420.61,166.03,56.37,455.69
2026-09-01 22:29:54.684,100.0,78.0,282.0,20.3368,-95.6773,20.7912,,3,0.75,420.64,166.03,56.38,455.72
2026-09-01 22:29:54.939,100.0,78.0,282.0,20.3368,-95.6773,20.7912,,4,1.0,420.64,166.03,56.38,455.72
2026-09-01 22:29:55.194,100.0,78.0,282.0,20.3368,-95.6773,20.7912,,5,1.25,420.64,166.02,56.39,455.71
2026-09-01 22:30:02.193,100.0,78.0,288.0,30.2264,-93.0274,20.7912,,1,0.25,420.7,166.83,56.39,456.07
2026-09-01 22:30:02.432,100.0,78.0,288.0,30.2264,-93.0274,20.7912,,2,0.5,420.79,166.84,56.38,456.15
2026-09-01 22:30:04.935,100.0,78.0,288.0,30.2264,-93.0274,20.7912,,3,0.75,420.77,166.84,56.39,456.13
2026-09-01 22:30:05.190,100.0,78.0,288.0,30.2264,-93.0274,20.7912,,4,1.0,420.77,166.84,56.39,456.13
2026-09-01 22:30:05.445,100.0,78.0,288.0,30.2264,-93.0274,20.7912,,5,1.25,420.77,166.84,56.39,456.13
2026-09-01 22:30:12.444,100.0,78.0,294.0,39.7848,-89.3582,20.7912,,1,0.25,420.95,167.62,56.31,456.58
2026-09-01 22:30:12.683,100.0,78.0,294.0,39.7848,-89.3582,20.7912,,2,0.5,420.98,167.64,56.32,456.61
2026-09-01 22:30:12.938,100.0,78.0,294.0,39.7848,-89.3582,20.7912,,3,0.75,420.98,167.64,56.32,456.61
2026-09-01 22:30:13.193,100.0,78.0,294.0,39.7848,-89.3582,20.7912,,4,1.0,420.92,167.64,56.3,456.55
2026-09-01 22:30:13.432,100.0,78.0,294.0,39.7848,-89.3582,20.7912,,5,1.25,420.85,167.61,56.31,456.48
2026-09-01 22:30:22.695,100.0,78.0,300.0,48.9074,-84.7101,20.7912,,1,0.25,421.29,168.2,56.37,457.11
2026-09-01 22:30:22.934,100.0,78.0,300.0,48.9074,-84.7101,20.7912,,2,0.5,421.29,168.2,56.37,457.11
2026-09-01 22:30:23.189,100.0,78.0,300.0,48.9074,-84.7101,20.7912,,3,0.75,421.28,168.19,56.36,457.1
2026-09-01 22:30:23.444,100.0,78.0,300.0,48.9074,-84.7101,20.7912,,4,1.0,421.28,168.19,56.36,457.1
2026-09-01 22:30:23.683,100.0,78.0,300.0,48.9074,-84.7101,20.7912,,5,1.25,421.3,168.18,56.35,457.11
2026-09-01 22:30:30.682,100.0,78.0,306.0,57.4941,-79.1338,20.7912,,1,0.25,421.83,168.85,56.35,457.84
2026-09-01 22:30:33.185,100.0,78.0,306.0,57.4941,-79.1338,20.7912,,2,0.5,421.83,168.85,56.35,457.84
2026-09-01 22:30:33.440,100.0,78.0,306.0,57.4941,-79.1338,20.7912,,3,0.75,421.8,168.85,56.35,457.82
2026-09-01 22:30:33.695,100.0,78.0,306.0,57.4941,-79.1338,20.7912,,4,1.0,421.8,168.85,56.35,457.82
2026-09-01 22:30:33.934,100.0,78.0,306.0,57.4941,-79.1338,20.7912,,5,1.25,421.75,168.87,56.34,457.78
2026-09-01 22:30:40.932,100.0,78.0,312.0,65.4508,-72.6905,20.7912,,1,0.25,422.51,169.13,56.46,458.59
2026-09-01 22:30:43.435,100.0,78.0,312.0,65.4508,-72.6905,20.7912,,2,0.5,422.51,169.13,56.46,458.59
2026-09-01 22:30:43.690,100.0,78.0,312.0,65.4508,-72.6905,20.7912,,3,0.75,422.53,169.13,56.46,458.61
2026-09-01 22:30:43.946,100.0,78.0,312.0,65.4508,-72.6905,20.7912,,4,1.0,422.53,169.13,56.46,458.61
2026-09-01 22:30:44.185,100.0,78.0,312.0,65.4508,-72.6905,20.7912,,5,1.25,422.52,169.12,56.47,458.59
2026-09-01 22:30:51.183,100.0,78.0,318.0,72.6905,-65.4508,20.7912,,1,0.25,423.39,169.43,56.59,459.53
2026-09-01 22:30:51.438,100.0,78.0,318.0,72.6905,-65.4508,20.7912,,2,0.5,423.37,169.44,56.59,459.51
2026-09-01 22:30:51.693,100.0,78.0,318.0,72.6905,-65.4508,20.7912,,3,0.75,423.37,169.44,56.59,459.51
2026-09-01 22:30:51.933,100.0,78.0,318.0,72.6905,-65.4508,20.7912,,4,1.0,423.33,169.45,56.57,459.47
2026-09-01 22:30:54.436,100.0,78.0,318.0,72.6905,-65.4508,20.7912,,5,1.25,423.4,169.46,56.57,459.54
2026-09-01 22:31:01.434,100.0,78.0,324.0,79.1338,-57.4941,20.7912,,1,0.25,424.17,169.45,56.7,460.26
2026-09-01 22:31:01.689,100.0,78.0,324.0,79.1338,-57.4941,20.7912,,2,0.5,424.18,169.46,56.71,460.28
2026-09-01 22:31:01.944,100.0,78.0,324.0,79.1338,-57.4941,20.7912,,3,0.75,424.18,169.46,56.71,460.28
2026-09-01 22:31:02.183,100.0,78.0,324.0,79.1338,-57.4941,20.7912,,4,1.0,424.16,169.47,56.71,460.26
2026-09-01 22:31:02.438,100.0,78.0,324.0,79.1338,-57.4941,20.7912,,5,1.25,424.16,169.47,56.71,460.26
2026-09-01 22:31:09.437,100.0,78.0,330.0,84.7101,-48.9074,20.7912,,1,0.25,425.02,169.22,56.86,460.98
2026-09-01 22:31:09.692,100.0,78.0,330.0,84.7101,-48.9074,20.7912,,2,0.5,425.02,169.22,56.86,460.98
2026-09-01 22:31:09.931,100.0,78.0,330.0,84.7101,-48.9074,20.7912,,3,0.75,425.1,169.21,56.86,461.05
2026-09-01 22:31:12.434,100.0,78.0,330.0,84.7101,-48.9074,20.7912,,4,1.0,425.09,169.22,56.86,461.05
2026-09-01 22:31:12.689,100.0,78.0,330.0,84.7101,-48.9074,20.7912,,5,1.25,425.09,169.22,56.86,461.05
2026-09-01 22:31:19.688,100.0,78.0,336.0,89.3582,-39.7848,20.7912,,1,0.25,425.65,168.99,56.97,461.49
2026-09-01 22:31:19.943,100.0,78.0,336.0,89.3582,-39.7848,20.7912,,2,0.5,425.65,168.99,56.97,461.49
2026-09-01 22:31:20.182,100.0,78.0,336.0,89.3582,-39.7848,20.7912,,3,0.75,425.77,169.02,56.96,461.61
2026-09-01 22:31:22.685,100.0,78.0,336.0,89.3582,-39.7848,20.7912,,4,1.0,425.77,169.02,56.96,461.61
2026-09-01 22:31:22.940,100.0,78.0,336.0,89.3582,-39.7848,20.7912,,5,1.25,425.75,169.0,56.96,461.59
2026-09-01 22:31:29.939,100.0,78.0,342.0,93.0274,-30.2264,20.7912,,1,0.25,426.43,168.44,57.17,462.04
2026-09-01 22:31:30.194,100.0,78.0,342.0,93.0274,-30.2264,20.7912,,2,0.5,426.43,168.44,57.17,462.04
2026-09-01 22:31:30.433,100.0,78.0,342.0,93.0274,-30.2264,20.7912,,3,0.75,426.43,168.44,57.17,462.04
2026-09-01 22:31:30.688,100.0,78.0,342.0,93.0274,-30.2264,20.7912,,4,1.0,426.42,168.44,57.18,462.03
2026-09-01 22:31:30.943,100.0,78.0,342.0,93.0274,-30.2264,20.7912,,5,1.25,426.42,168.44,57.18,462.03
2026-09-01 22:31:37.942,100.0,78.0,348.0,95.6773,-20.3368,20.7912,,1,0.25,427.01,167.89,57.29,462.39
2026-09-01 22:31:38.197,100.0,78.0,348.0,95.6773,-20.3368,20.7912,,2,0.5,427.03,167.88,57.29,462.4
2026-09-01 22:31:38.436,100.0,78.0,348.0,95.6773,-20.3368,20.7912,,3,0.75,427.03,167.88,57.29,462.4
2026-09-01 22:31:38.691,100.0,78.0,348.0,95.6773,-20.3368,20.7912,,4,1.0,427.03,167.88,57.29,462.4
2026-09-01 22:31:38.946,100.0,78.0,348.0,95.6773,-20.3368,20.7912,,5,1.25,427.02,167.88,57.3,462.39
2026-09-01 22:31:45.945,100.0,78.0,354.0,97.2789,-10.2244,20.7912,,1,0.25,427.53,167.12,57.47,462.61
2026-09-01 22:31:46.184,100.0,78.0,354.0,97.2789,-10.2244,20.7912,,2,0.5,427.53,167.12,57.47,462.61
2026-09-01 22:31:46.439,100.0,78.0,354.0,97.2789,-10.2244,20.7912,,3,0.75,427.59,167.11,57.47,462.66
2026-09-01 22:31:46.694,100.0,78.0,354.0,97.2789,-10.2244,20.7912,,4,1.0,427.59,167.11,57.47,462.66
2026-09-01 22:31:46.933,100.0,78.0,354.0,97.2789,-10.2244,20.7912,,5,1.25,427.59,167.11,57.47,462.66
2026-09-01 22:31:53.932,100.0,84.0,354.0,98.9074,-10.3956,10.4528,,1,0.25,427.68,167.17,57.34,462.75
2026-09-01 22:31:56.435,100.0,84.0,354.0,98.9074,-10.3956,10.4528,,2,0.5,427.66,167.17,57.34,462.73
2026-09-01 22:31:56.690,100.0,84.0,354.0,98.9074,-10.3956,10.4528,,3,0.75,427.66,167.17,57.34,462.73
2026-09-01 22:31:56.945,100.0,84.0,354.0,98.9074,-10.3956,10.4528,,4,1.0,427.68,167.17,57.34,462.75
2026-09-01 22:31:57.184,100.0,84.0,354.0,98.9074,-10.3956,10.4528,,5,1.25,427.68,167.17,57.34,462.75
2026-09-01 22:32:04.183,100.0,84.0,348.0,97.2789,-20.6773,10.4528,,1,0.25,427.1,168.04,57.22,462.52
2026-09-01 22:32:04.438,100.0,84.0,348.0,97.2789,-20.6773,10.4528,,2,0.5,427.1,168.04,57.22,462.52
2026-09-01 22:32:04.693,100.0,84.0,348.0,97.2789,-20.6773,10.4528,,3,0.75,427.06,168.01,57.23,462.47
2026-09-01 22:32:04.932,100.0,84.0,348.0,97.2789,-20.6773,10.4528,,4,1.0,427.06,168.01,57.23,462.47
2026-09-01 22:32:05.187,100.0,84.0,348.0,97.2789,-20.6773,10.4528,,5,1.25,427.07,168.03,57.23,462.49
2026-09-01 22:32:12.186,100.0,84.0,342.0,94.5847,-30.7324,10.4528,,1,0.25,426.49,168.58,57.04,462.13
2026-09-01 22:32:12.441,100.0,84.0,342.0,94.5847,-30.7324,10.4528,,2,0.5,426.46,168.58,57.06,462.1
2026-09-01 22:32:12.696,100.0,84.0,342.0,94.5847,-30.7324,10.4528,,3,0.75,426.46,168.58,57.06,462.1
2026-09-01 22:32:12.935,100.0,84.0,342.0,94.5847,-30.7324,10.4528,,4,1.0,426.44,168.59,57.04,462.09
2026-09-01 22:32:13.190,100.0,84.0,342.0,94.5847,-30.7324,10.4528,,5,1.25,426.44,168.59,57.04,462.09
2026-09-01 22:32:20.189,100.0,84.0,336.0,90.8541,-40.4508,10.4528,,1,0.25,425.78,169.24,56.92,461.7
2026-09-01 22:32:20.444,100.0,84.0,336.0,90.8541,-40.4508,10.4528,,2,0.5,425.78,169.24,56.92,461.7
2026-09-01 22:32:20.683,100.0,84.0,336.0,90.8541,-40.4508,10.4528,,3,0.75,425.72,169.24,56.93,461.64
2026-09-01 22:32:20.938,100.0,84.0,336.0,90.8541,-40.4508,10.4528,,4,1.0,425.72,169.24,56.93,461.64
2026-09-01 22:32:21.193,100.0,84.0,336.0,90.8541,-40.4508,10.4528,,5,1.25,425.71,169.24,56.93,461.64
2026-09-01 22:32:28.192,100.0,84.0,330.0,86.1281,-49.7261,10.4528,,1,0.25,424.87,169.61,56.77,460.98
2026-09-01 22:32:28.431,100.0,84.0,330.0,86.1281,-49.7261,10.4528,,2,0.5,424.8,169.63,56.77,460.92
2026-09-01 22:32:30.934,100.0,84.0,330.0,86.1281,-49.7261,10.4528,,3,0.75,424.76,169.63,56.78,460.88
2026-09-01 22:32:31.189,100.0,84.0,330.0,86.1281,-49.7261,10.4528,,4,1.0,424.76,169.63,56.78,460.88
2026-09-01 22:32:31.444,100.0,84.0,330.0,86.1281,-49.7261,10.4528,,5,1.25,424.79,169.64,56.78,460.92
2026-09-01 22:32:38.442,100.0,84.0,324.0,80.4585,-58.4565,10.4528,,1,0.25,424.06,169.67,56.64,460.24
2026-09-01 22:32:38.681,100.0,84.0,324.0,80.4585,-58.4565,10.4528,,2,0.5,424.04,169.64,56.6,460.2
2026-09-01 22:32:41.184,100.0,84.0,324.0,80.4585,-58.4565,10.4528,,3,0.75,424.06,169.64,56.61,460.22
2026-09-01 22:32:41.440,100.0,84.0,324.0,80.4585,-58.4565,10.4528,,4,1.0,424.06,169.64,56.61,460.22
2026-09-01 22:32:41.695,100.0,84.0,324.0,80.4585,-58.4565,10.4528,,5,1.25,424.09,169.65,56.61,460.25
2026-09-01 22:32:48.693,100.0,84.0,318.0,73.9074,-66.5465,10.4528,,1,0.25,423.18,169.71,56.45,459.42
2026-09-01 22:32:48.932,100.0,84.0,318.0,73.9074,-66.5465,10.4528,,2,0.5,423.27,169.7,56.46,459.5
2026-09-01 22:32:49.187,100.0,84.0,318.0,73.9074,-66.5465,10.4528,,3,0.75,423.27,169.7,56.46,459.5
2026-09-01 22:32:49.442,100.0,84.0,318.0,73.9074,-66.5465,10.4528,,4,1.0,423.24,169.7,56.46,459.47
2026-09-01 22:32:49.682,100.0,84.0,318.0,73.9074,-66.5465,10.4528,,5,1.25,423.15,169.69,56.45,459.38
2026-09-01 22:32:58.944,100.0,84.0,312.0,66.5465,-73.9074,10.4528,,1,0.25,422.4,169.32,56.37,458.55
2026-09-01 22:32:59.183,100.0,84.0,312.0,66.5465,-73.9074,10.4528,,2,0.5,422.41,169.31,56.36,458.55
2026-09-01 22:32:59.438,100.0,84.0,312.0,66.5465,-73.9074,10.4528,,3,0.75,422.41,169.31,56.36,458.55
2026-09-01 22:32:59.693,100.0,84.0,312.0,66.5465,-73.9074,10.4528,,4,1.0,422.41,169.3,56.36,458.55
2026-09-01 22:32:59.932,100.0,84.0,312.0,66.5465,-73.9074,10.4528,,5,1.25,422.41,169.3,56.36,458.55
2026-09-01 22:33:06.931,100.0,84.0,306.0,58.4565,-80.4585,10.4528,,1,0.25,421.55,169.17,56.22,457.69
2026-09-01 22:33:09.434,100.0,84.0,306.0,58.4565,-80.4585,10.4528,,2,0.5,421.56,169.17,56.22,457.7
2026-09-01 22:33:09.689,100.0,84.0,306.0,58.4565,-80.4585,10.4528,,3,0.75,421.56,169.17,56.22,457.7
2026-09-01 22:33:09.944,100.0,84.0,306.0,58.4565,-80.4585,10.4528,,4,1.0,421.6,169.18,56.21,457.74
2026-09-01 22:33:10.183,100.0,84.0,306.0,58.4565,-80.4585,10.4528,,5,1.25,421.6,169.18,56.21,457.74
2026-09-01 22:33:17.182,100.0,84.0,300.0,49.7261,-86.1281,10.4528,,1,0.25,421.05,168.53,56.3,457.0
2026-09-01 22:33:17.437,100.0,84.0,300.0,49.7261,-86.1281,10.4528,,2,0.5,421.05,168.53,56.3,457.0
2026-09-01 22:33:17.692,100.0,84.0,300.0,49.7261,-86.1281,10.4528,,3,0.75,421.02,168.52,56.3,456.97
2026-09-01 22:33:17.931,100.0,84.0,300.0,49.7261,-86.1281,10.4528,,4,1.0,421.06,168.53,56.3,457.01
2026-09-01 22:33:20.434,100.0,84.0,300.0,49.7261,-86.1281,10.4528,,5,1.25,421.02,168.52,56.3,456.97
2026-09-01 22:33:27.433,100.0,84.0,294.0,40.4508,-90.8541,10.4528,,1,0.25,420.66,167.78,56.26,456.36
2026-09-01 22:33:27.688,100.0,84.0,294.0,40.4508,-90.8541,10.4528,,2,0.5,420.66,167.78,56.26,456.36
2026-09-01 22:33:27.943,100.0,84.0,294.0,40.4508,-90.8541,10.4528,,3,0.75,420.66,167.78,56.26,456.36
2026-09-01 22:33:28.182,100.0,84.0,294.0,40.4508,-90.8541,10.4528,,4,1.0,420.61,167.8,56.25,456.32
2026-09-01 22:33:28.437,100.0,84.0,294.0,40.4508,-90.8541,10.4528,,5,1.25,420.61,167.8,56.25,456.32
2026-09-01 22:33:35.436,100.0,84.0,288.0,30.7324,-94.5847,10.4528,,1,0.25,420.43,167.03,56.29,455.88
2026-09-01 22:33:35.691,100.0,84.0,288.0,30.7324,-94.5847,10.4528,,2,0.5,420.52,167.03,56.28,455.96
2026-09-01 22:33:35.946,100.0,84.0,288.0,30.7324,-94.5847,10.4528,,3,0.75,420.52,167.03,56.28,455.96
2026-09-01 22:33:36.185,100.0,84.0,288.0,30.7324,-94.5847,10.4528,,4,1.0,420.52,167.03,56.28,455.96
2026-09-01 22:33:36.440,100.0,84.0,288.0,30.7324,-94.5847,10.4528,,5,1.25,420.44,167.02,56.29,455.88
2026-09-01 22:33:43.439,100.0,84.0,282.0,20.6773,-97.2789,10.4528,,1,0.25,420.4,166.21,56.35,455.56
2026-09-01 22:33:43.694,100.0,84.0,282.0,20.6773,-97.2789,10.4528,,2,0.5,420.4,166.21,56.35,455.56
2026-09-01 22:33:43.933,100.0,84.0,282.0,20.6773,-97.2789,10.4528,,3,0.75,420.4,166.18,56.35,455.55
2026-09-01 22:33:44.188,100.0,84.0,282.0,20.6773,-97.2789,10.4528,,4,1.0,420.4,166.18,56.35,455.55
2026-09-01 22:33:44.443,100.0,84.0,282.0,20.6773,-97.2789,10.4528,,5,1.25,420.4,166.18,56.35,455.55
2026-09-01 22:33:51.441,100.0,84.0,276.0,10.3956,-98.9074,10.4528,,1,0.25,420.57,165.24,56.36,455.36
2026-09-01 22:33:51.681,100.0,84.0,276.0,10.3956,-98.9074,10.4528,,2,0.5,420.56,165.24,56.38,455.36
2026-09-01 22:33:54.184,100.0,84.0,276.0,10.3956,-98.9074,10.4528,,3,0.75,420.56,165.24,56.38,455.36
2026-09-01 22:33:54.439,100.0,84.0,276.0,10.3956,-98.9074,10.4528,,4,1.0,420.57,165.22,56.37,455.36
2026-09-01 22:33:54.694,100.0,84.0,276.0,10.3956,-98.9074,10.4528,,5,1.25,420.57,165.22,56.37,455.36
2026-09-01 22:34:01.692,100.0,84.0,270.0,-0.0,-99.4522,10.4528,,1,0.25,420.82,164.56,56.43,455.36
2026-09-01 22:34:01.932,100.0,84.0,270.0,-0.0,-99.4522,10.4528,,2,0.5,420.82,164.56,56.43,455.36
2026-09-01 22:34:02.187,100.0,84.0,270.0,-0.0,-99.4522,10.4528,,3,0.75,420.75,164.56,56.42,455.29
2026-09-01 22:34:02.442,100.0,84.0,270.0,-0.0,-99.4522,10.4528,,4,1.0,420.75,164.56,56.42,455.29
2026-09-01 22:34:02.681,100.0,84.0,270.0,-0.0,-99.4522,10.4528,,5,1.25,420.75,164.57,56.43,455.3
2026-09-01 22:34:11.943,100.0,84.0,264.0,-10.3956,-98.9074,10.4528,,1,0.25,421.36,163.72,56.52,455.56
2026-09-01 22:34:12.182,100.0,84.0,264.0,-10.3956,-98.9074,10.4528,,2,0.5,421.36,163.72,56.52,455.56
2026-09-01 22:34:12.437,100.0,84.0,264.0,-10.3956,-98.9074,10.4528,,3,0.75,421.36,163.73,56.51,455.57
2026-09-01 22:34:12.692,100.0,84.0,264.0,-10.3956,-98.9074,10.4528,,4,1.0,421.36,163.73,56.51,455.57
2026-09-01 22:34:12.932,100.0,84.0,264.0,-10.3956,-98.9074,10.4528,,5,1.25,421.35,163.75,56.52,455.57
2026-09-01 22:34:19.930,100.0,84.0,258.0,-20.6773,-97.2789,10.4528,,1,0.25,422.03,163.26,56.66,456.04
2026-09-01 22:34:22.433,100.0,84.0,258.0,-20.6773,-97.2789,10.4528,,2,0.5,422.03,163.26,56.66,456.04
2026-09-01 22:34:22.688,100.0,84.0,258.0,-20.6773,-97.2789,10.4528,,3,0.75,421.99,163.27,56.67,456.0
2026-09-01 22:34:22.943,100.0,84.0,258.0,-20.6773,-97.2789,10.4528,,4,1.0,421.99,163.27,56.67,456.0
2026-09-01 22:34:23.183,100.0,84.0,258.0,-20.6773,-97.2789,10.4528,,5,1.25,421.95,163.28,56.67,455.97
2026-09-01 22:34:30.181,100.0,84.0,252.0,-30.7324,-94.5847,10.4528,,1,0.25,422.66,162.81,56.84,456.48
2026-09-01 22:34:30.436,100.0,84.0,252.0,-30.7324,-94.5847,10.4528,,2,0.5,422.71,162.8,56.82,456.52
2026-09-01 22:34:30.691,100.0,84.0,252.0,-30.7324,-94.5847,10.4528,,3,0.75,422.71,162.8,56.82,456.52
2026-09-01 22:34:30.930,100.0,84.0,252.0,-30.7324,-94.5847,10.4528,,4,1.0,422.64,162.78,56.83,456.45
2026-09-01 22:34:33.433,100.0,84.0,252.0,-30.7324,-94.5847,10.4528,,5,1.25,422.68,162.81,56.83,456.5
2026-09-01 22:34:40.432,100.0,84.0,246.0,-40.4508,-90.8541,10.4528,,1,0.25,423.44,162.62,57.0,457.16
2026-09-01 22:34:40.687,100.0,84.0,246.0,-40.4508,-90.8541,10.4528,,2,0.5,423.5,162.63,57.0,457.21
2026-09-01 22:34:40.942,100.0,84.0,246.0,-40.4508,-90.8541,10.4528,,3,0.75,423.5,162.63,57.0,457.21
2026-09-01 22:34:41.181,100.0,84.0,246.0,-40.4508,-90.8541,10.4528,,4,1.0,423.46,162.64,57.0,457.18
2026-09-01 22:34:41.436,100.0,84.0,246.0,-40.4508,-90.8541,10.4528,,5,1.25,423.46,162.64,57.0,457.18
2026-09-01 22:34:48.435,100.0,84.0,240.0,-49.7261,-86.1281,10.4528,,1,0.25,424.24,162.5,57.25,457.89
2026-09-01 22:34:48.690,100.0,84.0,240.0,-49.7261,-86.1281,10.4528,,2,0.5,424.24,162.5,57.25,457.89
2026-09-01 22:34:48.945,100.0,84.0,240.0,-49.7261,-86.1281,10.4528,,3,0.75,424.27,162.49,57.24,457.91
2026-09-01 22:34:49.184,100.0,84.0,240.0,-49.7261,-86.1281,10.4528,,4,1.0,424.27,162.49,57.24,457.91
2026-09-01 22:34:49.439,100.0,84.0,240.0,-49.7261,-86.1281,10.4528,,5,1.25,424.33,162.51,57.24,457.97
2026-09-01 22:34:56.438,100.0,84.0,234.0,-58.4565,-80.4585,10.4528,,1,0.25,425.06,162.68,57.37,458.72
2026-09-01 22:34:56.693,100.0,84.0,234.0,-58.4565,-80.4585,10.4528,,2,0.5,425.11,162.68,57.36,458.77
2026-09-01 22:34:56.932,100.0,84.0,234.0,-58.4565,-80.4585,10.4528,,3,0.75,425.11,162.68,57.36,458.77
2026-09-01 22:34:57.187,100.0,84.0,234.0,-58.4565,-80.4585,10.4528,,4,1.0,425.05,162.69,57.35,458.72
2026-09-01 22:34:57.442,100.0,84.0,234.0,-58.4565,-80.4585,10.4528,,5,1.25,425.05,162.69,57.35,458.72
2026-09-01 22:35:04.441,100.0,84.0,228.0,-66.5465,-73.9074,10.4528,,1,0.25,425.83,162.87,57.54,459.53
2026-09-01 22:35:04.680,100.0,84.0,228.0,-66.5465,-73.9074,10.4528,,2,0.5,425.86,162.88,57.53,459.56
2026-09-01 22:35:07.183,100.0,84.0,228.0,-66.5465,-73.9074,10.4528,,3,0.75,425.86,162.88,57.53,459.56
2026-09-01 22:35:07.438,100.0,84.0,228.0,-66.5465,-73.9074,10.4528,,4,1.0,425.88,162.88,57.54,459.58
2026-09-01 22:35:07.693,100.0,84.0,228.0,-66.5465,-73.9074,10.4528,,5,1.25,425.88,162.88,57.54,459.58
2026-09-01 22:35:14.692,100.0,84.0,222.0,-73.9074,-66.5465,10.4528,,1,0.25,426.54,163.36,57.69,460.38
2026-09-01 22:35:14.931,100.0,84.0,222.0,-73.9074,-66.5465,10.4528,,2,0.5,426.55,163.34,57.69,460.38
2026-09-01 22:35:17.434,100.0,84.0,222.0,-73.9074,-66.5465,10.4528,,3,0.75,426.57,163.34,57.69,460.4
2026-09-01 22:35:17.689,100.0,84.0,222.0,-73.9074,-66.5465,10.4528,,4,1.0,426.57,163.34,57.69,460.4
2026-09-01 22:35:17.944,100.0,84.0,222.0,-73.9074,-66.5465,10.4528,,5,1.25,426.56,163.36,57.69,460.39
2026-09-01 22:35:24.942,100.0,84.0,216.0,-80.4585,-58.4565,10.4528,,1,0.25,427.08,163.83,57.78,461.05
2026-09-01 22:35:25.182,100.0,84.0,216.0,-80.4585,-58.4565,10.4528,,2,0.5,427.08,163.83,57.78,461.05
2026-09-01 22:35:25.437,100.0,84.0,216.0,-80.4585,-58.4565,10.4528,,3,0.75,427.08,163.83,57.78,461.05
2026-09-01 22:35:25.692,100.0,84.0,216.0,-80.4585,-58.4565,10.4528,,4,1.0,427.09,163.85,57.78,461.07
2026-09-01 22:35:25.931,100.0,84.0,216.0,-80.4585,-58.4565,10.4528,,5,1.25,427.09,163.85,57.78,461.07
2026-09-01 22:35:32.930,100.0,84.0,210.0,-86.1281,-49.7261,10.4528,,1,0.25,427.49,164.52,57.84,461.69
2026-09-01 22:35:35.432,100.0,84.0,210.0,-86.1281,-49.7261,10.4528,,2,0.5,427.52,164.49,57.85,461.71
2026-09-01 22:35:35.688,100.0,84.0,210.0,-86.1281,-49.7261,10.4528,,3,0.75,427.52,164.49,57.85,461.71
2026-09-01 22:35:35.943,100.0,84.0,210.0,-86.1281,-49.7261,10.4528,,4,1.0,427.53,164.5,57.85,461.72
2026-09-01 22:35:36.182,100.0,84.0,210.0,-86.1281,-49.7261,10.4528,,5,1.25,427.53,164.5,57.85,461.72
2026-09-01 22:35:43.180,100.0,84.0,204.0,-90.8541,-40.4508,10.4528,,1,0.25,427.73,165.21,57.81,462.15
2026-09-01 22:35:45.683,100.0,84.0,204.0,-90.8541,-40.4508,10.4528,,2,0.5,427.75,165.22,57.81,462.17
2026-09-01 22:35:45.938,100.0,84.0,204.0,-90.8541,-40.4508,10.4528,,3,0.75,427.75,165.22,57.81,462.17
2026-09-01 22:35:46.193,100.0,84.0,204.0,-90.8541,-40.4508,10.4528,,4,1.0,427.76,165.21,57.8,462.18
2026-09-01 22:35:46.433,100.0,84.0,204.0,-90.8541,-40.4508,10.4528,,5,1.25,427.76,165.21,57.8,462.18
2026-09-01 22:35:53.431,100.0,84.0,198.0,-94.5847,-30.7324,10.4528,,1,0.25,427.88,166.13,57.78,462.62
2026-09-01 22:35:53.686,100.0,84.0,198.0,-94.5847,-30.7324,10.4528,,2,0.5,427.88,166.13,57.78,462.62
2026-09-01 22:35:53.941,100.0,84.0,198.0,-94.5847,-30.7324,10.4528,,3,0.75,427.94,166.13,57.77,462.67
2026-09-01 22:35:54.181,100.0,84.0,198.0,-94.5847,-30.7324,10.4528,,4,1.0,427.94,166.13,57.77,462.67
2026-09-01 22:35:54.436,100.0,84.0,198.0,-94.5847,-30.7324,10.4528,,5,1.25,428.01,166.13,57.77,462.74
2026-09-01 22:36:01.434,100.0,84.0,192.0,-97.2789,-20.6773,10.4528,,1,0.25,427.84,167.0,57.72,462.89
2026-09-01 22:36:01.689,100.0,84.0,192.0,-97.2789,-20.6773,10.4528,,2,0.5,427.8,167.0,57.71,462.85
2026-09-01 22:36:01.944,100.0,84.0,192.0,-97.2789,-20.6773,10.4528,,3,0.75,427.8,167.0,57.71,462.85
2026-09-01 22:36:02.184,100.0,84.0,192.0,-97.2789,-20.6773,10.4528,,4,1.0,427.88,167.0,57.71,462.92
2026-09-01 22:36:02.439,100.0,84.0,192.0,-97.2789,-20.6773,10.4528,,5,1.25,427.88,167.0,57.71,462.92
2026-09-01 22:36:09.437,100.0,84.0,186.0,-98.9074,-10.3956,10.4528,,1,0.25,427.69,167.68,57.61,462.98
2026-09-01 22:36:09.692,100.0,84.0,186.0,-98.9074,-10.3956,10.4528,,2,0.5,427.69,167.68,57.61,462.98
2026-09-01 22:36:09.931,100.0,84.0,186.0,-98.9074,-10.3956,10.4528,,3,0.75,427.74,167.66,57.61,463.02
2026-09-01 22:36:10.187,100.0,84.0,186.0,-98.9074,-10.3956,10.4528,,4,1.0,427.74,167.66,57.61,463.02
2026-09-01 22:36:10.442,100.0,84.0,186.0,-98.9074,-10.3956,10.4528,,5,1.25,427.72,167.67,57.63,463.01
2026-09-01 22:36:17.440,100.0,84.0,180.0,-99.4522,0.0,10.4528,,1,0.25,427.31,168.57,57.46,462.93
2026-09-01 22:36:17.679,100.0,84.0,180.0,-99.4522,0.0,10.4528,,2,0.5,427.34,168.58,57.45,462.96
2026-09-01 22:36:20.182,100.0,84.0,180.0,-99.4522,0.0,10.4528,,3,0.75,427.36,168.56,57.47,462.98
2026-09-01 22:36:20.437,100.0,84.0,180.0,-99.4522,0.0,10.4528,,4,1.0,427.36,168.56,57.47,462.98
2026-09-01 22:36:20.692,100.0,84.0,180.0,-99.4522,0.0,10.4528,,5,1.25,427.3,168.56,57.46,462.92
2026-09-01 22:36:27.691,100.0,84.0,174.0,-98.9074,10.3956,10.4528,,1,0.25,426.86,169.22,57.38,462.74
2026-09-01 22:36:27.930,100.0,84.0,174.0,-98.9074,10.3956,10.4528,,2,0.5,426.86,169.22,57.38,462.74
2026-09-01 22:36:28.185,100.0,84.0,174.0,-98.9074,10.3956,10.4528,,3,0.75,426.86,169.22,57.38,462.74
2026-09-01 22:36:28.440,100.0,84.0,174.0,-98.9074,10.3956,10.4528,,4,1.0,426.92,169.22,57.36,462.8
2026-09-01 22:36:28.680,100.0,84.0,174.0,-98.9074,10.3956,10.4528,,5,1.25,426.85,169.24,57.37,462.74
2026-09-01 22:36:37.942,100.0,84.0,168.0,-97.2789,20.6773,10.4528,,1,0.25,426.25,169.94,57.16,462.42
2026-09-01 22:36:38.181,100.0,84.0,168.0,-97.2789,20.6773,10.4528,,2,0.5,426.27,169.94,57.16,462.44
2026-09-01 22:36:38.436,100.0,84.0,168.0,-97.2789,20.6773,10.4528,,3,0.75,426.27,169.94,57.16,462.44
2026-09-01 22:36:38.691,100.0,84.0,168.0,-97.2789,20.6773,10.4528,,4,1.0,426.22,169.93,57.16,462.39
2026-09-01 22:36:38.930,100.0,84.0,168.0,-97.2789,20.6773,10.4528,,5,1.25,426.22,169.93,57.16,462.39
2026-09-01 22:36:45.929,100.0,84.0,162.0,-94.5847,30.7324,10.4528,,1,0.25,425.47,170.38,57.0,461.84
2026-09-01 22:36:48.432,100.0,84.0,162.0,-94.5847,30.7324,10.4528,,2,0.5,425.41,170.37,56.98,461.78
2026-09-01 22:36:48.687,100.0,84.0,162.0,-94.5847,30.7324,10.4528,,3,0.75,425.41,170.37,56.98,461.78
2026-09-01 22:36:48.942,100.0,84.0,162.0,-94.5847,30.7324,10.4528,,4,1.0,425.51,170.39,57.0,461.88
2026-09-01 22:36:49.181,100.0,84.0,162.0,-94.5847,30.7324,10.4528,,5,1.25,425.51,170.39,57.0,461.88
2026-09-01 22:36:56.180,100.0,84.0,156.0,-90.8541,40.4508,10.4528,,1,0.25,424.63,170.92,56.72,461.23
2026-09-01 22:36:56.435,100.0,84.0,156.0,-90.8541,40.4508,10.4528,,2,0.5,424.63,170.92,56.72,461.23
2026-09-01 22:36:56.690,100.0,84.0,156.0,-90.8541,40.4508,10.4528,,3,0.75,424.63,170.94,56.72,461.24
2026-09-01 22:36:56.929,100.0,84.0,156.0,-90.8541,40.4508,10.4528,,4,1.0,424.65,170.9,56.73,461.25
2026-09-01 22:36:59.432,100.0,84.0,156.0,-90.8541,40.4508,10.4528,,5,1.25,424.68,170.91,56.72,461.28
2026-09-01 22:37:06.431,100.0,84.0,150.0,-86.1281,49.7261,10.4528,,1,0.25,423.88,170.97,56.56,460.54
2026-09-01 22:37:06.686,100.0,84.0,150.0,-86.1281,49.7261,10.4528,,2,0.5,423.88,170.97,56.56,460.54
2026-09-01 22:37:06.941,100.0,84.0,150.0,-86.1281,49.7261,10.4528,,3,0.75,423.88,170.97,56.56,460.54
2026-09-01 22:37:07.180,100.0,84.0,150.0,-86.1281,49.7261,10.4528,,4,1.0,423.85,170.99,56.55,460.52
2026-09-01 22:37:09.683,100.0,84.0,150.0,-86.1281,49.7261,10.4528,,5,1.25,423.89,170.98,56.56,460.56
2026-09-01 22:37:16.682,100.0,84.0,144.0,-80.4585,58.4565,10.4528,,1,0.25,422.76,171.06,56.33,459.52
2026-09-01 22:37:16.937,100.0,84.0,144.0,-80.4585,58.4565,10.4528,,2,0.5,422.78,171.07,56.33,459.54
2026-09-01 22:37:17.192,100.0,84.0,144.0,-80.4585,58.4565,10.4528,,3,0.75,422.78,171.07,56.33,459.54
2026-09-01 22:37:17.431,100.0,84.0,144.0,-80.4585,58.4565,10.4528,,4,1.0,422.79,171.04,56.32,459.54
2026-09-01 22:37:17.686,100.0,84.0,144.0,-80.4585,58.4565,10.4528,,5,1.25,422.79,171.04,56.32,459.54
2026-09-01 22:37:24.685,100.0,84.0,138.0,-73.9074,66.5465,10.4528,,1,0.25,421.84,171.04,56.08,458.63
2026-09-01 22:37:24.940,100.0,84.0,138.0,-73.9074,66.5465,10.4528,,2,0.5,421.84,171.04,56.08,458.63
2026-09-01 22:37:25.179,100.0,84.0,138.0,-73.9074,66.5465,10.4528,,3,0.75,421.8,171.03,56.09,458.59
2026-09-01 22:37:27.682,100.0,84.0,138.0,-73.9074,66.5465,10.4528,,4,1.0,421.82,171.01,56.1,458.61
2026-09-01 22:37:27.937,100.0,84.0,138.0,-73.9074,66.5465,10.4528,,5,1.25,421.82,171.01,56.1,458.61
2026-09-01 22:37:34.936,100.0,84.0,132.0,-66.5465,73.9074,10.4528,,1,0.25,421.1,170.59,55.91,457.76
2026-09-01 22:37:35.191,100.0,84.0,132.0,-66.5465,73.9074,10.4528,,2,0.5,421.1,170.59,55.91,457.76
2026-09-01 22:37:35.430,100.0,84.0,132.0,-66.5465,73.9074,10.4528,,3,0.75,421.12,170.6,55.92,457.79
2026-09-01 22:37:35.685,100.0,84.0,132.0,-66.5465,73.9074,10.4528,,4,1.0,421.12,170.6,55.92,457.79
2026-09-01 22:37:35.940,100.0,84.0,132.0,-66.5465,73.9074,10.4528,,5,1.25,421.16,170.6,55.89,457.82
2026-09-01 22:37:42.939,100.0,84.0,126.0,-58.4565,80.4585,10.4528,,1,0.25,420.48,169.93,55.71,456.92
2026-09-01 22:37:43.194,100.0,84.0,126.0,-58.4565,80.4585,10.4528,,2,0.5,420.47,169.94,55.72,456.92
2026-09-01 22:37:43.433,100.0,84.0,126.0,-58.4565,80.4585,10.4528,,3,0.75,420.47,169.94,55.72,456.92
2026-09-01 22:37:43.688,100.0,84.0,126.0,-58.4565,80.4585,10.4528,,4,1.0,420.42,169.95,55.72,456.88
2026-09-01 22:37:43.943,100.0,84.0,126.0,-58.4565,80.4585,10.4528,,5,1.25,420.42,169.95,55.72,456.88
2026-09-01 22:37:50.942,100.0,84.0,120.0,-49.7261,86.1281,10.4528,,1,0.25,419.7,169.38,55.65,455.99
2026-09-01 22:37:51.181,100.0,84.0,120.0,-49.7261,86.1281,10.4528,,2,0.5,419.7,169.38,55.65,455.99
2026-09-01 22:37:51.436,100.0,84.0,120.0,-49.7261,86.1281,10.4528,,3,0.75,419.71,169.39,55.65,456.01
2026-09-01 22:37:51.691,100.0,84.0,120.0,-49.7261,86.1281,10.4528,,4,1.0,419.71,169.39,55.65,456.01
2026-09-01 22:37:51.930,100.0,84.0,120.0,-49.7261,86.1281,10.4528,,5,1.25,419.7,169.38,55.66,455.99
2026-09-01 22:37:58.929,100.0,84.0,114.0,-40.4508,90.8541,10.4528,,1,0.25,419.28,168.42,55.56,455.24
2026-09-01 22:38:01.432,100.0,84.0,114.0,-40.4508,90.8541,10.4528,,2,0.5,419.28,168.42,55.56,455.24
2026-09-01 22:38:01.687,100.0,84.0,114.0,-40.4508,90.8541,10.4528,,3,0.75,419.3,168.42,55.55,455.26
2026-09-01 22:38:01.942,100.0,84.0,114.0,-40.4508,90.8541,10.4528,,4,1.0,419.3,168.42,55.55,455.26
2026-09-01 22:38:02.181,100.0,84.0,114.0,-40.4508,90.8541,10.4528,,5,1.25,419.29,168.42,55.56,455.25
2026-09-01 22:38:09.180,100.0,84.0,108.0,-30.7324,94.5847,10.4528,,1,0.25,418.92,167.4,55.52,454.53
2026-09-01 22:38:09.435,100.0,84.0,108.0,-30.7324,94.5847,10.4528,,2,0.5,418.99,167.39,55.51,454.59
2026-09-01 22:38:09.690,100.0,84.0,108.0,-30.7324,94.5847,10.4528,,3,0.75,418.99,167.39,55.51,454.59
2026-09-01 22:38:09.929,100.0,84.0,108.0,-30.7324,94.5847,10.4528,,4,1.0,419.0,167.4,55.52,454.6
2026-09-01 22:38:12.432,100.0,84.0,108.0,-30.7324,94.5847,10.4528,,5,1.25,418.95,167.41,55.53,454.56
2026-09-01 22:38:19.431,100.0,84.0,102.0,-20.6773,97.2789,10.4528,,1,0.25,418.98,166.39,55.53,454.21
2026-09-01 22:38:19.686,100.0,84.0,102.0,-20.6773,97.2789,10.4528,,2,0.5,418.91,166.4,55.53,454.15
2026-09-01 22:38:19.941,100.0,84.0,102.0,-20.6773,97.2789,10.4528,,3,0.75,418.91,166.4,55.53,454.15
2026-09-01 22:38:20.180,100.0,84.0,102.0,-20.6773,97.2789,10.4528,,4,1.0,418.94,166.38,55.53,454.17
2026-09-01 22:38:20.435,100.0,84.0,102.0,-20.6773,97.2789,10.4528,,5,1.25,418.94,166.38,55.53,454.17
2026-09-01 22:38:27.434,100.0,84.0,96.0,-10.3956,98.9074,10.4528,,1,0.25,418.94,165.5,55.65,453.86
2026-09-01 22:38:27.689,100.0,84.0,96.0,-10.3956,98.9074,10.4528,,2,0.5,418.94,165.5,55.65,453.86
2026-09-01 22:38:27.928,100.0,84.0,96.0,-10.3956,98.9074,10.4528,,3,0.75,419.0,165.48,55.65,453.91
2026-09-01 22:38:30.431,100.0,84.0,96.0,-10.3956,98.9074,10.4528,,4,1.0,418.96,165.5,55.65,453.88
2026-09-01 22:38:30.686,100.0,84.0,96.0,-10.3956,98.9074,10.4528,,5,1.25,418.96,165.5,55.65,453.88
2026-09-01 22:38:37.685,100.0,84.0,90.0,0.0,99.4522,10.4528,,1,0.25,419.3,164.47,55.79,453.84
2026-09-01 22:38:37.940,100.0,84.0,90.0,0.0,99.4522,10.4528,,2,0.5,419.3,164.47,55.79,453.84
2026-09-01 22:38:38.179,100.0,84.0,90.0,0.0,99.4522,10.4528,,3,0.75,419.25,164.44,55.78,453.78
2026-09-01 22:38:40.682,100.0,84.0,90.0,0.0,99.4522,10.4528,,4,1.0,419.25,164.44,55.78,453.78
2026-09-01 22:38:40.937,100.0,84.0,90.0,0.0,99.4522,10.4528,,5,1.25,419.25,164.46,55.79,453.79
2026-09-01 22:38:47.936,100.0,84.0,84.0,10.3956,98.9074,10.4528,,1,0.25,419.61,163.7,56.04,453.88
2026-09-01 22:38:48.191,100.0,84.0,84.0,10.3956,98.9074,10.4528,,2,0.5,419.61,163.7,56.04,453.88
2026-09-01 22:38:48.430,100.0,84.0,84.0,10.3956,98.9074,10.4528,,3,0.75,419.62,163.67,56.05,453.88
2026-09-01 22:38:48.685,100.0,84.0,84.0,10.3956,98.9074,10.4528,,4,1.0,419.62,163.67,56.05,453.88
2026-09-01 22:38:48.940,100.0,84.0,84.0,10.3956,98.9074,10.4528,,5,1.25,419.62,163.67,56.05,453.88
2026-09-01 22:38:55.939,100.0,84.0,78.0,20.6773,97.2789,10.4528,,1,0.25,420.28,162.85,56.26,454.22
2026-09-01 22:38:56.178,100.0,84.0,78.0,20.6773,97.2789,10.4528,,2,0.5,420.34,162.87,56.28,454.29
2026-09-01 22:38:58.681,100.0,84.0,78.0,20.6773,97.2789,10.4528,,3,0.75,420.34,162.87,56.28,454.29
2026-09-01 22:38:58.936,100.0,84.0,78.0,20.6773,97.2789,10.4528,,4,1.0,420.3,162.86,56.27,454.24
2026-09-01 22:38:59.191,100.0,84.0,78.0,20.6773,97.2789,10.4528,,5,1.25,420.3,162.86,56.27,454.24
2026-09-01 22:39:06.190,100.0,84.0,72.0,30.7324,94.5847,10.4528,,1,0.25,420.97,162.15,56.42,454.63
2026-09-01 22:39:06.429,100.0,84.0,72.0,30.7324,94.5847,10.4528,,2,0.5,420.97,162.15,56.42,454.63
2026-09-01 22:39:06.684,100.0,84.0,72.0,30.7324,94.5847,10.4528,,3,0.75,420.94,162.16,56.41,454.6
2026-09-01 22:39:06.939,100.0,84.0,72.0,30.7324,94.5847,10.4528,,4,1.0,420.94,162.16,56.41,454.6
2026-09-01 22:39:07.178,100.0,84.0,72.0,30.7324,94.5847,10.4528,,5,1.25,421.04,162.15,56.43,454.69
2026-09-01 22:39:16.441,100.0,84.0,66.0,40.4508,90.8541,10.4528,,1,0.25,422.11,161.16,56.54,455.35
2026-09-01 22:39:16.680,100.0,84.0,66.0,40.4508,90.8541,10.4528,,2,0.5,422.11,161.16,56.54,455.35
2026-09-01 22:39:16.935,100.0,84.0,66.0,40.4508,90.8541,10.4528,,3,0.75,422.12,161.16,56.56,455.36
2026-09-01 22:39:17.190,100.0,84.0,66.0,40.4508,90.8541,10.4528,,4,1.0,422.12,161.16,56.56,455.36
2026-09-01 22:39:17.429,100.0,84.0,66.0,40.4508,90.8541,10.4528,,5,1.25,422.1,161.17,56.56,455.34
2026-09-01 22:39:24.428,100.0,84.0,60.0,49.7261,86.1281,10.4528,,1,0.25,423.44,159.81,56.8,456.14
2026-09-01 22:39:26.931,100.0,84.0,60.0,49.7261,86.1281,10.4528,,2,0.5,423.44,159.81,56.8,456.14
2026-09-01 22:39:27.186,100.0,84.0,60.0,49.7261,86.1281,10.4528,,3,0.75,423.45,159.8,56.8,456.14
2026-09-01 22:39:27.441,100.0,84.0,60.0,49.7261,86.1281,10.4528,,4,1.0,423.45,159.8,56.8,456.14
2026-09-01 22:39:27.680,100.0,84.0,60.0,49.7261,86.1281,10.4528,,5,1.25,423.48,159.81,56.79,456.17
2026-09-01 22:39:34.679,100.0,84.0,54.0,58.4565,80.4585,10.4528,,1,0.25,424.35,159.68,56.98,456.96
2026-09-01 22:39:34.934,100.0,84.0,54.0,58.4565,80.4585,10.4528,,2,0.5,424.4,159.69,56.99,457.01
2026-09-01 22:39:35.189,100.0,84.0,54.0,58.4565,80.4585,10.4528,,3,0.75,424.4,159.69,56.99,457.01
2026-09-01 22:39:35.428,100.0,84.0,54.0,58.4565,80.4585,10.4528,,4,1.0,424.38,159.71,56.97,457.0
2026-09-01 22:39:37.931,100.0,84.0,54.0,58.4565,80.4585,10.4528,,5,1.25,424.38,159.72,56.98,457.0
2026-09-01 22:39:44.930,100.0,84.0,48.0,66.5465,73.9074,10.4528,,1,0.25,425.33,159.56,57.13,457.85
2026-09-01 22:39:45.185,100.0,84.0,48.0,66.5465,73.9074,10.4528,,2,0.5,425.36,159.58,57.14,457.88
2026-09-01 22:39:45.440,100.0,84.0,48.0,66.5465,73.9074,10.4528,,3,0.75,425.36,159.58,57.14,457.88
2026-09-01 22:39:45.679,100.0,84.0,48.0,66.5465,73.9074,10.4528,,4,1.0,425.37,159.54,57.13,457.88
2026-09-01 22:39:45.934,100.0,84.0,48.0,66.5465,73.9074,10.4528,,5,1.25,425.37,159.54,57.13,457.88
2026-09-01 22:39:52.933,100.0,84.0,42.0,73.9074,66.5465,10.4528,,1,0.25,426.15,159.96,57.12,458.75
2026-09-01 22:39:53.188,100.0,84.0,42.0,73.9074,66.5465,10.4528,,2,0.5,426.15,159.96,57.12,458.75
2026-09-01 22:39:53.443,100.0,84.0,42.0,73.9074,66.5465,10.4528,,3,0.75,426.18,159.95,57.12,458.77
2026-09-01 22:39:53.682,100.0,84.0,42.0,73.9074,66.5465,10.4528,,4,1.0,426.18,159.95,57.12,458.77
2026-09-01 22:39:53.937,100.0,84.0,42.0,73.9074,66.5465,10.4528,,5,1.25,426.18,159.97,57.12,458.78
2026-09-01 22:40:00.936,100.0,84.0,36.0,80.4585,58.4565,10.4528,,1,0.25,426.94,160.23,57.04,459.57
2026-09-01 22:40:01.191,100.0,84.0,36.0,80.4585,58.4565,10.4528,,2,0.5,426.95,160.21,57.03,459.57
2026-09-01 22:40:01.430,100.0,84.0,36.0,80.4585,58.4565,10.4528,,3,0.75,426.95,160.21,57.03,459.57
2026-09-01 22:40:01.685,100.0,84.0,36.0,80.4585,58.4565,10.4528,,4,1.0,426.93,160.22,57.03,459.55
2026-09-01 22:40:01.940,100.0,84.0,36.0,80.4585,58.4565,10.4528,,5,1.25,426.93,160.22,57.03,459.55
2026-09-01 22:40:08.938,100.0,84.0,30.0,86.1281,49.7261,10.4528,,1,0.25,427.6,160.73,57.02,460.35
2026-09-01 22:40:09.178,100.0,84.0,30.0,86.1281,49.7261,10.4528,,2,0.5,427.54,160.75,57.03,460.3
2026-09-01 22:40:11.680,100.0,84.0,30.0,86.1281,49.7261,10.4528,,3,0.75,427.54,160.75,57.03,460.3
2026-09-01 22:40:11.935,100.0,84.0,30.0,86.1281,49.7261,10.4528,,4,1.0,427.54,160.75,57.03,460.3
2026-09-01 22:40:12.191,100.0,84.0,30.0,86.1281,49.7261,10.4528,,5,1.25,427.54,160.75,57.03,460.3
2026-09-01 22:40:19.189,100.0,84.0,24.0,90.8541,40.4508,10.4528,,1,0.25,428.12,161.49,56.91,461.09
2026-09-01 22:40:19.428,100.0,84.0,24.0,90.8541,40.4508,10.4528,,2,0.5,428.07,161.51,56.92,461.05
2026-09-01 22:40:21.931,100.0,84.0,24.0,90.8541,40.4508,10.4528,,3,0.75,428.07,161.51,56.92,461.05
2026-09-01 22:40:22.186,100.0,84.0,24.0,90.8541,40.4508,10.4528,,4,1.0,428.07,161.51,56.92,461.05
2026-09-01 22:40:22.441,100.0,84.0,24.0,90.8541,40.4508,10.4528,,5,1.25,428.05,161.51,56.93,461.03
2026-09-01 22:40:29.440,100.0,84.0,18.0,94.5847,30.7324,10.4528,,1,0.25,428.49,162.14,57.2,461.69
2026-09-01 22:40:29.679,100.0,84.0,18.0,94.5847,30.7324,10.4528,,2,0.5,428.49,162.14,57.2,461.69
2026-09-01 22:40:29.934,100.0,84.0,18.0,94.5847,30.7324,10.4528,,3,0.75,428.56,162.14,57.2,461.76
2026-09-01 22:40:30.189,100.0,84.0,18.0,94.5847,30.7324,10.4528,,4,1.0,428.56,162.14,57.2,461.76
2026-09-01 22:40:30.428,100.0,84.0,18.0,94.5847,30.7324,10.4528,,5,1.25,428.48,162.13,57.19,461.68
2026-09-01 22:40:39.691,100.0,84.0,12.0,97.2789,20.6773,10.4528,,1,0.25,428.84,162.74,57.39,462.25
2026-09-01 22:40:39.930,100.0,84.0,12.0,97.2789,20.6773,10.4528,,2,0.5,428.85,162.74,57.37,462.26
2026-09-01 22:40:40.185,100.0,84.0,12.0,97.2789,20.6773,10.4528,,3,0.75,428.85,162.74,57.37,462.26
2026-09-01 22:40:40.440,100.0,84.0,12.0,97.2789,20.6773,10.4528,,4,1.0,428.76,162.75,57.39,462.18
2026-09-01 22:40:40.679,100.0,84.0,12.0,97.2789,20.6773,10.4528,,5,1.25,428.76,162.75,57.39,462.18
2026-09-01 22:40:47.678,100.0,84.0,6.0,98.9074,10.3956,10.4528,,1,0.25,428.75,163.74,57.49,462.53
2026-09-01 22:40:50.181,100.0,84.0,6.0,98.9074,10.3956,10.4528,,2,0.5,428.78,163.74,57.51,462.56
2026-09-01 22:40:50.436,100.0,84.0,6.0,98.9074,10.3956,10.4528,,3,0.75,428.78,163.74,57.51,462.56
2026-09-01 22:40:50.691,100.0,84.0,6.0,98.9074,10.3956,10.4528,,4,1.0,428.75,163.75,57.5,462.54
2026-09-01 22:40:50.930,100.0,84.0,6.0,98.9074,10.3956,10.4528,,5,1.25,428.75,163.75,57.5,462.54
2026-09-01 22:40:57.928,100.0,84.0,0.0,99.4522,0.0,10.4528,,1,0.25,428.65,164.53,57.38,462.71
2026-09-01 22:40:58.184,100.0,84.0,0.0,99.4522,0.0,10.4528,,2,0.5,428.65,164.53,57.38,462.71
2026-09-01 22:40:58.439,100.0,84.0,0.0,99.4522,0.0,10.4528,,3,0.75,428.63,164.54,57.39,462.69
2026-09-01 22:40:58.678,100.0,84.0,0.0,99.4522,0.0,10.4528,,4,1.0,428.6,164.57,57.38,462.68
2026-09-01 22:41:01.181,100.0,84.0,0.0,99.4522,0.0,10.4528,,5,1.25,428.6,164.57,57.38,462.68
2026-09-01 22:41:08.179,100.0,90.0,0.0,100.0,0.0,0.0,,1,0.25,428.63,164.62,57.26,462.71
2026-09-01 22:41:08.434,100.0,90.0,0.0,100.0,0.0,0.0,,2,0.5,428.63,164.62,57.26,462.71
2026-09-01 22:41:08.690,100.0,90.0,0.0,100.0,0.0,0.0,,3,0.75,428.63,164.63,57.26,462.71
2026-09-01 22:41:08.929,100.0,90.0,0.0,100.0,0.0,0.0,,4,1.0,428.63,164.63,57.26,462.71
2026-09-01 22:41:09.184,100.0,90.0,0.0,100.0,0.0,0.0,,5,1.25,428.61,164.63,57.27,462.69
2026-09-01 22:41:16.182,100.0,90.0,6.0,99.4522,10.4528,0.0,,1,0.25,428.87,163.7,57.43,462.62
2026-09-01 22:41:16.437,100.0,90.0,6.0,99.4522,10.4528,0.0,,2,0.5,428.84,163.69,57.44,462.59
2026-09-01 22:41:16.692,100.0,90.0,6.0,99.4522,10.4528,0.0,,3,0.75,428.84,163.69,57.44,462.59
2026-09-01 22:41:16.932,100.0,90.0,6.0,99.4522,10.4528,0.0,,4,1.0,428.81,163.68,57.43,462.56
2026-09-01 22:41:17.187,100.0,90.0,6.0,99.4522,10.4528,0.0,,5,1.25,428.81,163.68,57.43,462.56
2026-09-01 22:41:24.185,100.0,90.0,12.0,97.8148,20.7912,0.0,,1,0.25,428.73,163.0,57.4,462.24
2026-09-01 22:41:24.440,100.0,90.0,12.0,97.8148,20.7912,0.0,,2,0.5,428.73,163.0,57.4,462.24
2026-09-01 22:41:24.680,100.0,90.0,12.0,97.8148,20.7912,0.0,,3,0.75,428.7,162.99,57.42,462.21
2026-09-01 22:41:24.935,100.0,90.0,12.0,97.8148,20.7912,0.0,,4,1.0,428.7,162.99,57.42,462.21
2026-09-01 22:41:25.190,100.0,90.0,12.0,97.8148,20.7912,0.0,,5,1.25,428.73,162.99,57.42,462.24
2026-09-01 22:41:32.188,100.0,90.0,18.0,95.1057,30.9017,0.0,,1,0.25,428.5,162.23,57.43,461.76
2026-09-01 22:41:32.427,100.0,90.0,18.0,95.1057,30.9017,0.0,,2,0.5,428.47,162.23,57.43,461.73
2026-09-01 22:41:34.930,100.0,90.0,18.0,95.1057,30.9017,0.0,,3,0.75,428.46,162.26,57.44,461.74
2026-09-01 22:41:35.185,100.0,90.0,18.0,95.1057,30.9017,0.0,,4,1.0,428.46,162.26,57.44,461.74
2026-09-01 22:41:35.441,100.0,90.0,18.0,95.1057,30.9017,0.0,,5,1.25,428.44,162.26,57.45,461.72
2026-09-01 22:41:42.439,100.0,90.0,24.0,91.3545,40.6737,0.0,,1,0.25,428.16,161.21,57.43,461.09
2026-09-01 22:41:42.678,100.0,90.0,24.0,91.3545,40.6737,0.0,,2,0.5,428.17,161.21,57.43,461.1
2026-09-01 22:41:42.933,100.0,90.0,24.0,91.3545,40.6737,0.0,,3,0.75,428.17,161.21,57.43,461.1
2026-09-01 22:41:43.189,100.0,90.0,24.0,91.3545,40.6737,0.0,,4,1.0,428.16,161.2,57.43,461.09
2026-09-01 22:41:43.428,100.0,90.0,24.0,91.3545,40.6737,0.0,,5,1.25,428.14,161.21,57.42,461.07
2026-09-01 22:41:52.690,100.0,90.0,30.0,86.6025,50.0,0.0,,1,0.25,427.69,160.41,57.44,460.37
2026-09-01 22:41:52.929,100.0,90.0,30.0,86.6025,50.0,0.0,,2,0.5,427.59,160.41,57.43,460.28
2026-09-01 22:41:53.184,100.0,90.0,30.0,86.6025,50.0,0.0,,3,0.75,427.59,160.41,57.43,460.28
2026-09-01 22:41:53.439,100.0,90.0,30.0,86.6025,50.0,0.0,,4,1.0,427.67,160.38,57.44,460.35
2026-09-01 22:41:53.678,100.0,90.0,30.0,86.6025,50.0,0.0,,5,1.25,427.67,160.38,57.44,460.35
2026-09-01 22:42:00.677,100.0,90.0,36.0,80.9017,58.7785,0.0,,1,0.25,427.04,159.74,57.33,459.52
2026-09-01 22:42:03.180,100.0,90.0,36.0,80.9017,58.7785,0.0,,2,0.5,427.04,159.74,57.33,459.52
2026-09-01 22:42:03.435,100.0,90.0,36.0,80.9017,58.7785,0.0,,3,0.75,427.04,159.74,57.36,459.53
2026-09-01 22:42:03.690,100.0,90.0,36.0,80.9017,58.7785,0.0,,4,1.0,427.04,159.74,57.36,459.53
2026-09-01 22:42:03.929,100.0,90.0,36.0,80.9017,58.7785,0.0,,5,1.25,427.09,159.76,57.34,459.58
2026-09-01 22:42:10.928,100.0,90.0,42.0,74.3145,66.9131,0.0,,1,0.25,426.5,159.0,57.19,458.75
2026-09-01 22:42:11.183,100.0,90.0,42.0,74.3145,66.9131,0.0,,2,0.5,426.5,159.0,57.19,458.75
2026-09-01 22:42:11.438,100.0,90.0,42.0,74.3145,66.9131,0.0,,3,0.75,426.5,159.0,57.19,458.75
2026-09-01 22:42:11.677,100.0,90.0,42.0,74.3145,66.9131,0.0,,4,1.0,426.47,159.02,57.19,458.73
2026-09-01 22:42:14.180,100.0,90.0,42.0,74.3145,66.9131,0.0,,5,1.25,426.5,159.04,57.17,458.76
2026-09-01 22:42:21.179,100.0,90.0,48.0,66.9131,74.3145,0.0,,1,0.25,425.57,159.15,56.99,457.91
2026-09-01 22:42:21.434,100.0,90.0,48.0,66.9131,74.3145,0.0,,2,0.5,425.53,159.15,56.98,457.87
2026-09-01 22:42:21.689,100.0,90.0,48.0,66.9131,74.3145,0.0,,3,0.75,425.53,159.15,56.98,457.87
2026-09-01 22:42:21.928,100.0,90.0,48.0,66.9131,74.3145,0.0,,4,1.0,425.57,159.17,56.99,457.92
2026-09-01 22:42:22.183,100.0,90.0,48.0,66.9131,74.3145,0.0,,5,1.25,425.57,159.17,56.99,457.92
2026-09-01 22:42:29.182,100.0,90.0,54.0,58.7785,80.9017,0.0,,1,0.25,424.4,159.57,56.67,456.93
2026-09-01 22:42:29.437,100.0,90.0,54.0,58.7785,80.9017,0.0,,2,0.5,424.4,159.57,56.67,456.93
2026-09-01 22:42:29.676,100.0,90.0,54.0,58.7785,80.9017,0.0,,3,0.75,424.38,159.56,56.67,456.91
2026-09-01 22:42:32.179,100.0,90.0,54.0,58.7785,80.9017,0.0,,4,1.0,424.36,159.58,56.68,456.9
2026-09-01 22:42:32.434,100.0,90.0,54.0,58.7785,80.9017,0.0,,5,1.25,424.36,159.58,56.68,456.9
2026-09-01 22:42:39.433,100.0,90.0,60.0,50.0,86.6025,0.0,,1,0.25,423.43,159.81,56.64,456.11
2026-09-01 22:42:39.688,100.0,90.0,60.0,50.0,86.6025,0.0,,2,0.5,423.43,159.81,56.64,456.11
2026-09-01 22:42:39.927,100.0,90.0,60.0,50.0,86.6025,0.0,,3,0.75,423.46,159.82,56.65,456.14
2026-09-01 22:42:42.430,100.0,90.0,60.0,50.0,86.6025,0.0,,4,1.0,423.45,159.78,56.65,456.12
2026-09-01 22:42:42.685,100.0,90.0,60.0,50.0,86.6025,0.0,,5,1.25,423.45,159.78,56.65,456.12
2026-09-01 22:42:49.684,100.0,90.0,66.0,40.6737,91.3545,0.0,,1,0.25,422.48,160.23,56.36,455.34
2026-09-01 22:42:49.939,100.0,90.0,66.0,40.6737,91.3545,0.0,,2,0.5,422.48,160.23,56.36,455.34
2026-09-01 22:42:50.178,100.0,90.0,66.0,40.6737,91.3545,0.0,,3,0.75,422.48,160.23,56.38,455.34
2026-09-01 22:42:50.433,100.0,90.0,66.0,40.6737,91.3545,0.0,,4,1.0,422.48,160.23,56.38,455.34
2026-09-01 22:42:50.688,100.0,90.0,66.0,40.6737,91.3545,0.0,,5,1.25,422.42,160.21,56.38,455.28
2026-09-01 22:42:57.687,100.0,90.0,72.0,30.9017,95.1057,0.0,,1,0.25,421.52,160.89,56.19,454.66
2026-09-01 22:42:57.942,100.0,90.0,72.0,30.9017,95.1057,0.0,,2,0.5,421.48,160.88,56.18,454.62
2026-09-01 22:42:58.181,100.0,90.0,72.0,30.9017,95.1057,0.0,,3,0.75,421.48,160.88,56.18,454.62
2026-09-01 22:42:58.436,100.0,90.0,72.0,30.9017,95.1057,0.0,,4,1.0,421.46,160.88,56.18,454.6
2026-09-01 22:42:58.691,100.0,90.0,72.0,30.9017,95.1057,0.0,,5,1.25,421.46,160.88,56.18,454.6
2026-09-01 22:43:05.690,100.0,90.0,78.0,20.7912,97.8148,0.0,,1,0.25,420.83,161.48,56.15,454.23
2026-09-01 22:43:05.929,100.0,90.0,78.0,20.7912,97.8148,0.0,,2,0.5,420.83,161.48,56.15,454.23
2026-09-01 22:43:06.184,100.0,90.0,78.0,20.7912,97.8148,0.0,,3,0.75,420.83,161.48,56.14,454.23
2026-09-01 22:43:06.439,100.0,90.0,78.0,20.7912,97.8148,0.0,,4,1.0,420.83,161.48,56.14,454.23
2026-09-01 22:43:06.678,100.0,90.0,78.0,20.7912,97.8148,0.0,,5,1.25,420.85,161.45,56.14,454.23
2026-09-01 22:43:13.677,100.0,90.0,84.0,10.4528,99.4522,0.0,,1,0.25,420.09,162.5,55.87,453.87
2026-09-01 22:43:16.180,100.0,90.0,84.0,10.4528,99.4522,0.0,,2,0.5,420.09,162.5,55.87,453.87
2026-09-01 22:43:16.435,100.0,90.0,84.0,10.4528,99.4522,0.0,,3,0.75,420.1,162.48,55.88,453.87
2026-09-01 22:43:16.690,100.0,90.0,84.0,10.4528,99.4522,0.0,,4,1.0,420.1,162.48,55.88,453.87
2026-09-01 22:43:16.929,100.0,90.0,84.0,10.4528,99.4522,0.0,,5,1.25,420.16,162.48,55.89,453.93
2026-09-01 22:43:23.928,100.0,90.0,90.0,0.0,100.0,0.0,,1,0.25,419.6,163.59,55.65,453.78
2026-09-01 22:43:24.183,100.0,90.0,90.0,0.0,100.0,0.0,,2,0.5,419.58,163.59,55.64,453.76
2026-09-01 22:43:24.438,100.0,90.0,90.0,0.0,100.0,0.0,,3,0.75,419.58,163.59,55.64,453.76
2026-09-01 22:43:24.677,100.0,90.0,90.0,0.0,100.0,0.0,,4,1.0,419.6,163.6,55.65,453.79
2026-09-01 22:43:27.180,100.0,90.0,90.0,0.0,100.0,0.0,,5,1.25,419.6,163.6,55.65,453.79
2026-09-01 22:43:34.179,100.0,90.0,96.0,-10.4528,99.4522,0.0,,1,0.25,419.29,164.69,55.49,453.87
2026-09-01 22:43:34.434,100.0,90.0,96.0,-10.4528,99.4522,0.0,,2,0.5,419.26,164.69,55.48,453.84
2026-09-01 22:43:34.689,100.0,90.0,96.0,-10.4528,99.4522,0.0,,3,0.75,419.26,164.69,55.48,453.84
2026-09-01 22:43:34.928,100.0,90.0,96.0,-10.4528,99.4522,0.0,,4,1.0,419.27,164.7,55.49,453.86
2026-09-01 22:43:35.183,100.0,90.0,96.0,-10.4528,99.4522,0.0,,5,1.25,419.27,164.7,55.49,453.86
2026-09-01 22:43:42.182,100.0,90.0,102.0,-20.7912,97.8148,0.0,,1,0.25,419.11,165.79,55.39,454.1
2026-09-01 22:43:42.437,100.0,90.0,102.0,-20.7912,97.8148,0.0,,2,0.5,419.11,165.79,55.39,454.1
2026-09-01 22:43:42.676,100.0,90.0,102.0,-20.7912,97.8148,0.0,,3,0.75,419.18,165.8,55.39,454.16
2026-09-01 22:43:45.179,100.0,90.0,102.0,-20.7912,97.8148,0.0,,4,1.0,419.18,165.8,55.39,454.16
2026-09-01 22:43:45.434,100.0,90.0,102.0,-20.7912,97.8148,0.0,,5,1.25,419.16,165.81,55.39,454.15
2026-09-01 22:43:52.433,100.0,90.0,108.0,-30.9017,95.1057,0.0,,1,0.25,419.19,166.86,55.33,454.55
2026-09-01 22:43:52.688,100.0,90.0,108.0,-30.9017,95.1057,0.0,,2,0.5,419.19,166.86,55.33,454.55
2026-09-01 22:43:52.927,100.0,90.0,108.0,-30.9017,95.1057,0.0,,3,0.75,419.18,166.86,55.33,454.54
2026-09-01 22:43:55.430,100.0,90.0,108.0,-30.9017,95.1057,0.0,,4,1.0,419.18,166.86,55.33,454.54
2026-09-01 22:43:55.685,100.0,90.0,108.0,-30.9017,95.1057,0.0,,5,1.25,419.18,166.88,55.33,454.55
2026-09-01 22:44:02.683,100.0,90.0,114.0,-40.6737,91.3545,0.0,,1,0.25,419.57,167.7,55.43,455.23
2026-09-01 22:44:02.939,100.0,90.0,114.0,-40.6737,91.3545,0.0,,2,0.5,419.58,167.69,55.43,455.23
2026-09-01 22:44:03.178,100.0,90.0,114.0,-40.6737,91.3545,0.0,,3,0.75,419.58,167.69,55.43,455.23
2026-09-01 22:44:03.433,100.0,90.0,114.0,-40.6737,91.3545,0.0,,4,1.0,419.57,167.71,55.46,455.23
2026-09-01 22:44:03.688,100.0,90.0,114.0,-40.6737,91.3545,0.0,,5,1.25,419.57,167.71,55.46,455.23
2026-09-01 22:44:10.686,100.0,90.0,120.0,-50.0,86.6025,0.0,,1,0.25,419.97,168.57,55.52,455.93
2026-09-01 22:44:10.926,100.0,90.0,120.0,-50.0,86.6025,0.0,,2,0.5,419.94,168.56,55.52,455.89
2026-09-01 22:44:13.429,100.0,90.0,120.0,-50.0,86.6025,0.0,,3,0.75,419.94,168.56,55.52,455.89
2026-09-01 22:44:13.684,100.0,90.0,120.0,-50.0,86.6025,0.0,,4,1.0,419.99,168.57,55.51,455.94
2026-09-01 22:44:13.939,100.0,90.0,120.0,-50.0,86.6025,0.0,,5,1.25,419.99,168.57,55.51,455.94
2026-09-01 22:44:20.937,100.0,90.0,126.0,-58.7785,80.9017,0.0,,1,0.25,420.65,169.49,55.61,456.9
2026-09-01 22:44:21.176,100.0,90.0,126.0,-58.7785,80.9017,0.0,,2,0.5,420.57,169.48,55.64,456.83
2026-09-01 22:44:23.680,100.0,90.0,126.0,-58.7785,80.9017,0.0,,3,0.75,420.57,169.48,55.64,456.83
2026-09-01 22:44:23.934,100.0,90.0,126.0,-58.7785,80.9017,0.0,,4,1.0,420.63,169.47,55.62,456.88
2026-09-01 22:44:24.190,100.0,90.0,126.0,-58.7785,80.9017,0.0,,5,1.25,420.63,169.47,55.62,456.88
2026-09-01 22:44:31.188,100.0,90.0,132.0,-66.9131,74.3145,0.0,,1,0.25,421.48,169.81,55.82,457.81
2026-09-01 22:44:31.427,100.0,90.0,132.0,-66.9131,74.3145,0.0,,2,0.5,421.48,169.81,55.82,457.81
2026-09-01 22:44:31.682,100.0,90.0,132.0,-66.9131,74.3145,0.0,,3,0.75,421.4,169.8,55.82,457.73
2026-09-01 22:44:31.938,100.0,90.0,132.0,-66.9131,74.3145,0.0,,4,1.0,421.4,169.8,55.82,457.73
2026-09-01 22:44:32.177,100.0,90.0,132.0,-66.9131,74.3145,0.0,,5,1.25,421.38,169.79,55.82,457.71
2026-09-01 22:44:39.175,100.0,90.0,138.0,-74.3145,66.9131,0.0,,1,0.25,422.24,170.32,56.01,458.72
2026-09-01 22:44:41.678,100.0,90.0,138.0,-74.3145,66.9131,0.0,,2,0.5,422.24,170.32,56.01,458.72
2026-09-01 22:44:41.933,100.0,90.0,138.0,-74.3145,66.9131,0.0,,3,0.75,422.25,170.33,56.01,458.74
2026-09-01 22:44:42.188,100.0,90.0,138.0,-74.3145,66.9131,0.0,,4,1.0,422.25,170.33,56.01,458.74
2026-09-01 22:44:42.428,100.0,90.0,138.0,-74.3145,66.9131,0.0,,5,1.25,422.22,170.31,56.0,458.7
2026-09-01 22:44:49.426,100.0,90.0,144.0,-80.9017,58.7785,0.0,,1,0.25,423.22,170.44,56.22,459.7
2026-09-01 22:44:51.929,100.0,90.0,144.0,-80.9017,58.7785,0.0,,2,0.5,423.22,170.44,56.22,459.7
2026-09-01 22:44:52.184,100.0,90.0,144.0,-80.9017,58.7785,0.0,,3,0.75,423.21,170.43,56.22,459.68
2026-09-01 22:44:52.440,100.0,90.0,144.0,-80.9017,58.7785,0.0,,4,1.0,423.21,170.43,56.22,459.68
2026-09-01 22:44:52.679,100.0,90.0,144.0,-80.9017,58.7785,0.0,,5,1.25,423.21,170.43,56.22,459.68
2026-09-01 22:44:59.677,100.0,90.0,150.0,-86.6025,50.0,0.0,,1,0.25,424.11,170.24,56.47,460.47
2026-09-01 22:44:59.932,100.0,90.0,150.0,-86.6025,50.0,0.0,,2,0.5,424.14,170.23,56.45,460.49
2026-09-01 22:45:00.188,100.0,90.0,150.0,-86.6025,50.0,0.0,,3,0.75,424.14,170.23,56.45,460.49
2026-09-01 22:45:00.427,100.0,90.0,150.0,-86.6025,50.0,0.0,,4,1.0,424.14,170.23,56.45,460.49
2026-09-01 22:45:00.682,100.0,90.0,150.0,-86.6025,50.0,0.0,,5,1.25,424.13,170.24,56.47,460.49
2026-09-01 22:45:07.681,100.0,90.0,156.0,-91.3545,40.6737,0.0,,1,0.25,424.97,170.1,56.64,461.23
2026-09-01 22:45:07.936,100.0,90.0,156.0,-91.3545,40.6737,0.0,,2,0.5,424.97,170.1,56.64,461.23
2026-09-01 22:45:08.191,100.0,90.0,156.0,-91.3545,40.6737,0.0,,3,0.75,424.97,170.09,56.63,461.23
2026-09-01 22:45:08.430,100.0,90.0,156.0,-91.3545,40.6737,0.0,,4,1.0,424.97,170.09,56.63,461.23
2026-09-01 22:45:08.685,100.0,90.0,156.0,-91.3545,40.6737,0.0,,5,1.25,424.97,170.09,56.63,461.23
2026-09-01 22:45:15.684,100.0,90.0,162.0,-95.1057,30.9017,0.0,,1,0.25,425.8,169.83,56.92,461.93
2026-09-01 22:45:15.939,100.0,90.0,162.0,-95.1057,30.9017,0.0,,2,0.5,425.81,169.81,56.91,461.93
2026-09-01 22:45:16.178,100.0,90.0,162.0,-95.1057,30.9017,0.0,,3,0.75,425.81,169.81,56.91,461.93
2026-09-01 22:45:16.433,100.0,90.0,162.0,-95.1057,30.9017,0.0,,4,1.0,425.82,169.83,56.92,461.95
2026-09-01 22:45:16.688,100.0,90.0,162.0,-95.1057,30.9017,0.0,,5,1.25,425.82,169.83,56.92,461.95
2026-09-01 22:45:23.687,100.0,90.0,168.0,-97.8148,20.7912,0.0,,1,0.25,426.58,169.19,57.14,462.45
2026-09-01 22:45:23.926,100.0,90.0,168.0,-97.8148,20.7912,0.0,,2,0.5,426.59,169.16,57.14,462.44
2026-09-01 22:45:26.429,100.0,90.0,168.0,-97.8148,20.7912,0.0,,3,0.75,426.62,169.18,57.15,462.48
2026-09-01 22:45:26.684,100.0,90.0,168.0,-97.8148,20.7912,0.0,,4,1.0,426.62,169.18,57.15,462.48
2026-09-01 22:45:26.939,100.0,90.0,168.0,-97.8148,20.7912,0.0,,5,1.25,426.61,169.18,57.14,462.47
2026-09-01 22:45:33.938,100.0,90.0,174.0,-99.4522,10.4528,0.0,,1,0.25,427.27,168.37,57.34,462.81
2026-09-01 22:45:34.177,100.0,90.0,174.0,-99.4522,10.4528,0.0,,2,0.5,427.27,168.37,57.34,462.81
2026-09-01 22:45:34.432,100.0,90.0,174.0,-99.4522,10.4528,0.0,,3,0.75,427.27,168.37,57.34,462.81
2026-09-01 22:45:34.687,100.0,90.0,174.0,-99.4522,10.4528,0.0,,4,1.0,427.28,168.38,57.33,462.82
2026-09-01 22:45:34.926,100.0,90.0,174.0,-99.4522,10.4528,0.0,,5,1.25,427.28,168.38,57.33,462.82
2026-09-01 22:45:41.925,100.0,90.0,180.0,-100.0,0.0,0.0,,1,0.25,427.64,167.85,57.42,462.97
2026-09-01 22:45:44.428,100.0,90.0,180.0,-100.0,0.0,0.0,,2,0.5,427.64,167.84,57.42,462.97
2026-09-01 22:45:44.683,100.0,90.0,180.0,-100.0,0.0,0.0,,3,0.75,427.64,167.84,57.42,462.97
2026-09-01 22:45:44.938,100.0,90.0,180.0,-100.0,0.0,0.0,,4,1.0,427.68,167.85,57.41,463.01
2026-09-01 22:45:45.177,100.0,90.0,180.0,-100.0,0.0,0.0,,5,1.25,427.68,167.85,57.41,463.01
2026-09-01 22:45:52.176,100.0,90.0,186.0,-99.4522,-10.4528,0.0,,1,0.25,428.18,166.75,57.63,463.1
2026-09-01 22:45:52.431,100.0,90.0,186.0,-99.4522,-10.4528,0.0,,2,0.5,428.18,166.75,57.63,463.1
2026-09-01 22:45:52.686,100.0,90.0,186.0,-99.4522,-10.4528,0.0,,3,0.75,428.13,166.75,57.63,463.05
2026-09-01 22:45:52.925,100.0,90.0,186.0,-99.4522,-10.4528,0.0,,4,1.0,428.14,166.72,57.61,463.05
2026-09-01 22:45:55.428,100.0,90.0,186.0,-99.4522,-10.4528,0.0,,5,1.25,428.14,166.72,57.61,463.05
2026-09-01 22:46:02.427,100.0,90.0,192.0,-97.8148,-20.7912,0.0,,1,0.25,428.2,166.13,57.73,462.91
2026-09-01 22:46:02.682,100.0,90.0,192.0,-97.8148,-20.7912,0.0,,2,0.5,428.2,166.13,57.73,462.91
2026-09-01 22:46:02.937,100.0,90.0,192.0,-97.8148,-20.7912,0.0,,3,0.75,428.22,166.13,57.73,462.93
2026-09-01 22:46:03.176,100.0,90.0,192.0,-97.8148,-20.7912,0.0,,4,1.0,428.22,166.13,57.73,462.93
2026-09-01 22:46:03.432,100.0,90.0,192.0,-97.8148,-20.7912,0.0,,5,1.25,428.27,166.14,57.73,462.97
2026-09-01 22:46:10.430,100.0,90.0,198.0,-95.1057,-30.9017,0.0,,1,0.25,428.3,165.2,57.74,462.67
2026-09-01 22:46:10.685,100.0,90.0,198.0,-95.1057,-30.9017,0.0,,2,0.5,428.38,165.21,57.74,462.75
2026-09-01 22:46:10.940,100.0,90.0,198.0,-95.1057,-30.9017,0.0,,3,0.75,428.38,165.21,57.74,462.75
2026-09-01 22:46:11.180,100.0,90.0,198.0,-95.1057,-30.9017,0.0,,4,1.0,428.36,165.19,57.74,462.72
2026-09-01 22:46:11.435,100.0,90.0,198.0,-95.1057,-30.9017,0.0,,5,1.25,428.36,165.19,57.74,462.72
2026-09-01 22:46:18.433,100.0,90.0,204.0,-91.3545,-40.6737,0.0,,1,0.25,428.29,164.33,57.77,462.35
2026-09-01 22:46:18.688,100.0,90.0,204.0,-91.3545,-40.6737,0.0,,2,0.5,428.29,164.33,57.77,462.35
2026-09-01 22:46:18.928,100.0,90.0,204.0,-91.3545,-40.6737,0.0,,3,0.75,428.29,164.32,57.77,462.35
2026-09-01 22:46:19.183,100.0,90.0,204.0,-91.3545,-40.6737,0.0,,4,1.0,428.29,164.32,57.77,462.35
2026-09-01 22:46:19.438,100.0,90.0,204.0,-91.3545,-40.6737,0.0,,5,1.25,428.28,164.33,57.77,462.34
2026-09-01 22:46:26.436,100.0,90.0,210.0,-86.6025,-50.0,0.0,,1,0.25,428.0,163.63,57.78,461.84
2026-09-01 22:46:26.676,100.0,90.0,210.0,-86.6025,-50.0,0.0,,2,0.5,427.98,163.61,57.8,461.81
2026-09-01 22:46:29.178,100.0,90.0,210.0,-86.6025,-50.0,0.0,,3,0.75,428.04,163.62,57.77,461.87
2026-09-01 22:46:29.433,100.0,90.0,210.0,-86.6025,-50.0,0.0,,4,1.0,428.04,163.62,57.77,461.87
2026-09-01 22:46:29.688,100.0,90.0,210.0,-86.6025,-50.0,0.0,,5,1.25,428.04,163.6,57.76,461.86
2026-09-01 22:46:36.687,100.0,90.0,216.0,-80.9017,-58.7785,0.0,,1,0.25,427.63,162.93,57.68,461.23
2026-09-01 22:46:36.926,100.0,90.0,216.0,-80.9017,-58.7785,0.0,,2,0.5,427.63,162.94,57.68,461.24
2026-09-01 22:46:37.181,100.0,90.0,216.0,-80.9017,-58.7785,0.0,,3,0.75,427.63,162.94,57.68,461.24
2026-09-01 22:46:37.436,100.0,90.0,216.0,-80.9017,-58.7785,0.0,,4,1.0,427.64,162.95,57.67,461.25
2026-09-01 22:46:37.676,100.0,90.0,216.0,-80.9017,-58.7785,0.0,,5,1.25,427.64,162.96,57.66,461.25
2026-09-01 22:46:46.938,100.0,90.0,222.0,-74.3145,-66.9131,0.0,,1,0.25,427.03,162.31,57.6,460.45
2026-09-01 22:46:47.177,100.0,90.0,222.0,-74.3145,-66.9131,0.0,,2,0.5,427.05,162.3,57.6,460.46
2026-09-01 22:46:47.432,100.0,90.0,222.0,-74.3145,-66.9131,0.0,,3,0.75,427.05,162.3,57.6,460.46
2026-09-01 22:46:47.687,100.0,90.0,222.0,-74.3145,-66.9131,0.0,,4,1.0,427.01,162.3,57.59,460.42
2026-09-01 22:46:47.926,100.0,90.0,222.0,-74.3145,-66.9131,0.0,,5,1.25,427.01,162.3,57.59,460.42
2026-09-01 22:46:54.925,100.0,90.0,228.0,-66.9131,-74.3145,0.0,,1,0.25,426.37,161.96,57.47,459.7
2026-09-01 22:46:57.428,100.0,90.0,228.0,-66.9131,-74.3145,0.0,,2,0.5,426.38,161.94,57.46,459.7
2026-09-01 22:46:57.683,100.0,90.0,228.0,-66.9131,-74.3145,0.0,,3,0.75,426.38,161.94,57.46,459.7
2026-09-01 22:46:57.938,100.0,90.0,228.0,-66.9131,-74.3145,0.0,,4,1.0,426.38,161.94,57.46,459.7
2026-09-01 22:46:58.177,100.0,90.0,228.0,-66.9131,-74.3145,0.0,,5,1.25,426.37,161.95,57.46,459.69
2026-09-01 22:47:05.176,100.0,90.0,234.0,-58.7785,-80.9017,0.0,,1,0.25,425.64,161.69,57.31,458.9
2026-09-01 22:47:05.431,100.0,90.0,234.0,-58.7785,-80.9017,0.0,,2,0.5,425.64,161.69,57.31,458.9
2026-09-01 22:47:05.686,100.0,90.0,234.0,-58.7785,-80.9017,0.0,,3,0.75,425.66,161.7,57.31,458.93
2026-09-01 22:47:05.925,100.0,90.0,234.0,-58.7785,-80.9017,0.0,,4,1.0,425.62,161.69,57.34,458.89
2026-09-01 22:47:08.428,100.0,90.0,234.0,-58.7785,-80.9017,0.0,,5,1.25,425.59,161.69,57.33,458.86
2026-09-01 22:47:15.427,100.0,90.0,240.0,-50.0,-86.6025,0.0,,1,0.25,424.62,161.65,57.12,457.92
2026-09-01 22:47:15.682,100.0,90.0,240.0,-50.0,-86.6025,0.0,,2,0.5,424.67,161.65,57.12,457.97
2026-09-01 22:47:15.937,100.0,90.0,240.0,-50.0,-86.6025,0.0,,3,0.75,424.67,161.65,57.12,457.97
2026-09-01 22:47:16.176,100.0,90.0,240.0,-50.0,-86.6025,0.0,,4,1.0,424.63,161.67,57.13,457.94
2026-09-01 22:47:16.431,100.0,90.0,240.0,-50.0,-86.6025,0.0,,5,1.25,424.63,161.67,57.13,457.94
2026-09-01 22:47:23.430,100.0,90.0,246.0,-40.6737,-91.3545,0.0,,1,0.25,423.81,161.86,56.89,457.21
2026-09-01 22:47:23.685,100.0,90.0,246.0,-40.6737,-91.3545,0.0,,2,0.5,423.81,161.86,56.89,457.21
2026-09-01 22:47:23.940,100.0,90.0,246.0,-40.6737,-91.3545,0.0,,3,0.75,423.82,161.87,56.88,457.23
2026-09-01 22:47:24.179,100.0,90.0,246.0,-40.6737,-91.3545,0.0,,4,1.0,423.82,161.87,56.88,457.23
2026-09-01 22:47:24.434,100.0,90.0,246.0,-40.6737,-91.3545,0.0,,5,1.25,423.8,161.89,56.9,457.22
2026-09-01 22:47:31.433,100.0,90.0,252.0,-30.9017,-95.1057,0.0,,1,0.25,423.08,161.9,56.73,456.53
2026-09-01 22:47:31.688,100.0,90.0,252.0,-30.9017,-95.1057,0.0,,2,0.5,423.11,161.91,56.72,456.56
2026-09-01 22:47:31.927,100.0,90.0,252.0,-30.9017,-95.1057,0.0,,3,0.75,423.11,161.91,56.72,456.56
2026-09-01 22:47:32.182,100.0,90.0,252.0,-30.9017,-95.1057,0.0,,4,1.0,423.13,161.91,56.73,456.58
2026-09-01 22:47:32.437,100.0,90.0,252.0,-30.9017,-95.1057,0.0,,5,1.25,423.13,161.91,56.73,456.58
2026-09-01 22:47:39.436,100.0,90.0,258.0,-20.7912,-97.8148,0.0,,1,0.25,422.39,162.33,56.58,456.03
2026-09-01 22:47:39.675,100.0,90.0,258.0,-20.7912,-97.8148,0.0,,2,0.5,422.31,162.35,56.58,455.96
2026-09-01 22:47:42.178,100.0,90.0,258.0,-20.7912,-97.8148,0.0,,3,0.75,422.31,162.35,56.58,455.96
2026-09-01 22:47:42.433,100.0,90.0,258.0,-20.7912,-97.8148,0.0,,4,1.0,422.31,162.34,56.58,455.96
2026-09-01 22:47:42.688,100.0,90.0,258.0,-20.7912,-97.8148,0.0,,5,1.25,422.31,162.34,56.58,455.96
2026-09-01 22:47:49.686,100.0,90.0,264.0,-10.4528,-99.4522,0.0,,1,0.25,421.68,162.99,56.38,455.58
2026-09-01 22:47:49.926,100.0,90.0,264.0,-10.4528,-99.4522,0.0,,2,0.5,421.68,162.99,56.38,455.58
2026-09-01 22:47:50.181,100.0,90.0,264.0,-10.4528,-99.4522,0.0,,3,0.75,421.71,162.97,56.38,455.6
2026-09-01 22:47:50.436,100.0,90.0,264.0,-10.4528,-99.4522,0.0,,4,1.0,421.71,162.97,56.38,455.6
2026-09-01 22:47:50.675,100.0,90.0,264.0,-10.4528,-99.4522,0.0,,5,1.25,421.71,162.99,56.37,455.61
2026-09-01 22:47:59.937,100.0,90.0,270.0,-0.0,-100.0,0.0,,1,0.25,421.23,163.72,56.31,455.42
2026-09-01 22:48:00.177,100.0,90.0,270.0,-0.0,-100.0,0.0,,2,0.5,421.23,163.72,56.31,455.42
2026-09-01 22:48:00.432,100.0,90.0,270.0,-0.0,-100.0,0.0,,3,0.75,421.19,163.71,56.31,455.38
2026-09-01 22:48:00.687,100.0,90.0,270.0,-0.0,-100.0,0.0,,4,1.0,421.19,163.71,56.31,455.38
2026-09-01 22:48:00.926,100.0,90.0,270.0,-0.0,-100.0,0.0,,5,1.25,421.25,163.7,56.3,455.43
2026-09-01 22:48:07.924,100.0,90.0,276.0,10.4528,-99.4522,0.0,,1,0.25,420.9,164.37,56.21,455.33
2026-09-01 22:48:10.427,100.0,90.0,276.0,10.4528,-99.4522,0.0,,2,0.5,420.9,164.37,56.21,455.33
2026-09-01 22:48:10.682,100.0,90.0,276.0,10.4528,-99.4522,0.0,,3,0.75,420.94,164.38,56.21,455.37
2026-09-01 22:48:10.937,100.0,90.0,276.0,10.4528,-99.4522,0.0,,4,1.0,420.94,164.38,56.21,455.37
2026-09-01 22:48:11.177,100.0,90.0,276.0,10.4528,-99.4522,0.0,,5,1.25,420.93,164.39,56.21,455.37
2026-09-01 22:48:18.175,100.0,90.0,282.0,20.7912,-97.8148,0.0,,1,0.25,420.83,165.29,56.22,455.6
2026-09-01 22:48:18.430,100.0,90.0,282.0,20.7912,-97.8148,0.0,,2,0.5,420.79,165.29,56.23,455.57
2026-09-01 22:48:18.685,100.0,90.0,282.0,20.7912,-97.8148,0.0,,3,0.75,420.79,165.29,56.23,455.57
2026-09-01 22:48:18.924,100.0,90.0,282.0,20.7912,-97.8148,0.0,,4,1.0,420.83,165.28,56.22,455.6
2026-09-01 22:48:21.427,100.0,90.0,282.0,20.7912,-97.8148,0.0,,5,1.25,420.82,165.28,56.22,455.59
2026-09-01 22:48:28.426,100.0,90.0,288.0,30.9017,-95.1057,0.0,,1,0.25,420.8,166.14,56.09,455.87
2026-09-01 22:48:28.681,100.0,90.0,288.0,30.9017,-95.1057,0.0,,2,0.5,420.76,166.13,56.1,455.83
2026-09-01 22:48:28.936,100.0,90.0,288.0,30.9017,-95.1057,0.0,,3,0.75,420.76,166.13,56.1,455.83
2026-09-01 22:48:29.175,100.0,90.0,288.0,30.9017,-95.1057,0.0,,4,1.0,420.74,166.14,56.1,455.81
2026-09-01 22:48:29.430,100.0,90.0,288.0,30.9017,-95.1057,0.0,,5,1.25,420.74,166.14,56.1,455.81
2026-09-01 22:48:36.429,100.0,90.0,294.0,40.6737,-91.3545,0.0,,1,0.25,421.07,166.76,56.08,456.34
2026-09-01 22:48:36.684,100.0,90.0,294.0,40.6737,-91.3545,0.0,,2,0.5,421.07,166.76,56.08,456.34
2026-09-01 22:48:36.939,100.0,90.0,294.0,40.6737,-91.3545,0.0,,3,0.75,421.06,166.76,56.08,456.33
2026-09-01 22:48:37.178,100.0,90.0,294.0,40.6737,-91.3545,0.0,,4,1.0,421.06,166.76,56.08,456.33
2026-09-01 22:48:37.433,100.0,90.0,294.0,40.6737,-91.3545,0.0,,5,1.25,421.13,166.76,56.08,456.4
2026-09-01 22:48:44.432,100.0,90.0,300.0,50.0,-86.6025,0.0,,1,0.25,421.58,167.53,56.12,457.1
2026-09-01 22:48:44.687,100.0,90.0,300.0,50.0,-86.6025,0.0,,2,0.5,421.54,167.52,56.12,457.06
2026-09-01 22:48:44.926,100.0,90.0,300.0,50.0,-86.6025,0.0,,3,0.75,421.54,167.52,56.12,457.06
2026-09-01 22:48:45.181,100.0,90.0,300.0,50.0,-86.6025,0.0,,4,1.0,421.56,167.52,56.11,457.08
2026-09-01 22:48:45.436,100.0,90.0,300.0,50.0,-86.6025,0.0,,5,1.25,421.56,167.52,56.11,457.08
2026-09-01 22:48:52.435,100.0,90.0,306.0,58.7785,-80.9017,0.0,,1,0.25,422.09,168.16,56.13,457.8
2026-09-01 22:48:52.674,100.0,90.0,306.0,58.7785,-80.9017,0.0,,2,0.5,422.09,168.18,56.11,457.81
2026-09-01 22:48:55.177,100.0,90.0,306.0,58.7785,-80.9017,0.0,,3,0.75,422.09,168.18,56.11,457.81
2026-09-01 22:48:55.432,100.0,90.0,306.0,58.7785,-80.9017,0.0,,4,1.0,422.09,168.18,56.11,457.81
2026-09-01 22:48:55.687,100.0,90.0,306.0,58.7785,-80.9017,0.0,,5,1.25,422.08,168.17,56.12,457.8
2026-09-01 22:49:02.686,100.0,90.0,312.0,66.9131,-74.3145,0.0,,1,0.25,422.81,168.57,56.18,458.62
2026-09-01 22:49:02.925,100.0,90.0,312.0,66.9131,-74.3145,0.0,,2,0.5,422.81,168.57,56.18,458.62
2026-09-01 22:49:03.180,100.0,90.0,312.0,66.9131,-74.3145,0.0,,3,0.75,422.83,168.58,56.19,458.65
2026-09-01 22:49:03.435,100.0,90.0,312.0,66.9131,-74.3145,0.0,,4,1.0,422.83,168.58,56.19,458.65
2026-09-01 22:49:03.674,100.0,90.0,312.0,66.9131,-74.3145,0.0,,5,1.25,422.8,168.57,56.18,458.61
2026-09-01 22:49:12.937,100.0,90.0,318.0,74.3145,-66.9131,0.0,,1,0.25,423.63,168.66,56.29,459.43
2026-09-01 22:49:13.176,100.0,90.0,318.0,74.3145,-66.9131,0.0,,2,0.5,423.67,168.65,56.28,459.46
2026-09-01 22:49:13.431,100.0,90.0,318.0,74.3145,-66.9131,0.0,,3,0.75,423.67,168.65,56.28,459.46
2026-09-01 22:49:13.686,100.0,90.0,318.0,74.3145,-66.9131,0.0,,4,1.0,423.68,168.64,56.29,459.47
2026-09-01 22:49:13.925,100.0,90.0,318.0,74.3145,-66.9131,0.0,,5,1.25,423.68,168.64,56.29,459.47
2026-09-01 22:49:20.924,100.0,90.0,324.0,80.9017,-58.7785,0.0,,1,0.25,424.52,168.84,56.36,460.32
2026-09-01 22:49:23.427,100.0,90.0,324.0,80.9017,-58.7785,0.0,,2,0.5,424.55,168.82,56.35,460.34
2026-09-01 22:49:23.682,100.0,90.0,324.0,80.9017,-58.7785,0.0,,3,0.75,424.55,168.82,56.35,460.34
2026-09-01 22:49:23.937,100.0,90.0,324.0,80.9017,-58.7785,0.0,,4,1.0,424.5,168.83,56.37,460.3
2026-09-01 22:49:24.176,100.0,90.0,324.0,80.9017,-58.7785,0.0,,5,1.25,424.5,168.83,56.37,460.3
2026-09-01 22:49:31.175,100.0,90.0,330.0,86.6025,-50.0,0.0,,1,0.25,425.47,168.65,56.53,461.15
2026-09-01 22:49:31.430,100.0,90.0,330.0,86.6025,-50.0,0.0,,2,0.5,425.47,168.65,56.53,461.15
2026-09-01 22:49:31.685,100.0,90.0,330.0,86.6025,-50.0,0.0,,3,0.75,425.47,168.66,56.54,461.15
2026-09-01 22:49:31.924,100.0,90.0,330.0,86.6025,-50.0,0.0,,4,1.0,425.42,168.65,56.53,461.1
2026-09-01 22:49:34.427,100.0,90.0,330.0,86.6025,-50.0,0.0,,5,1.25,425.42,168.65,56.53,461.1
2026-09-01 22:49:41.425,100.0,90.0,336.0,91.3545,-40.6737,0.0,,1,0.25,426.27,168.19,56.67,461.74
2026-09-01 22:49:41.680,100.0,90.0,336.0,91.3545,-40.6737,0.0,,2,0.5,426.27,168.19,56.67,461.74
2026-09-01 22:49:41.936,100.0,90.0,336.0,91.3545,-40.6737,0.0,,3,0.75,426.25,168.19,56.67,461.72
2026-09-01 22:49:42.175,100.0,90.0,336.0,91.3545,-40.6737,0.0,,4,1.0,426.25,168.19,56.67,461.72
2026-09-01 22:49:42.430,100.0,90.0,336.0,91.3545,-40.6737,0.0,,5,1.25,426.25,168.18,56.68,461.72
2026-09-01 22:49:49.428,100.0,90.0,342.0,95.1057,-30.9017,0.0,,1,0.25,426.92,167.78,56.81,462.21
2026-09-01 22:49:49.683,100.0,90.0,342.0,95.1057,-30.9017,0.0,,2,0.5,426.93,167.77,56.81,462.21
2026-09-01 22:49:49.938,100.0,90.0,342.0,95.1057,-30.9017,0.0,,3,0.75,426.93,167.77,56.81,462.21
2026-09-01 22:49:50.178,100.0,90.0,342.0,95.1057,-30.9017,0.0,,4,1.0,426.92,167.77,56.81,462.2
2026-09-01 22:49:50.433,100.0,90.0,342.0,95.1057,-30.9017,0.0,,5,1.25,426.92,167.77,56.81,462.2
2026-09-01 22:49:57.431,100.0,90.0,348.0,97.8148,-20.7912,0.0,,1,0.25,427.51,167.14,57.02,462.54
2026-09-01 22:49:57.686,100.0,90.0,348.0,97.8148,-20.7912,0.0,,2,0.5,427.51,167.14,57.02,462.54
2026-09-01 22:49:57.925,100.0,90.0,348.0,97.8148,-20.7912,0.0,,3,0.75,427.54,167.13,57.01,462.57
2026-09-01 22:49:58.180,100.0,90.0,348.0,97.8148,-20.7912,0.0,,4,1.0,427.54,167.13,57.01,462.57
2026-09-01 22:49:58.436,100.0,90.0,348.0,97.8148,-20.7912,0.0,,5,1.25,427.55,167.16,57.0,462.59
2026-09-01 22:50:05.434,100.0,90.0,354.0,99.4522,-10.4528,0.0,,1,0.25,428.06,166.42,57.13,462.81
2026-09-01 22:50:05.673,100.0,90.0,354.0,99.4522,-10.4528,0.0,,2,0.5,428.04,166.41,57.13,462.78
2026-09-01 22:50:08.176,100.0,90.0,354.0,99.4522,-10.4528,0.0,,3,0.75,428.06,166.41,57.12,462.8
2026-09-01 22:50:08.432,100.0,90.0,354.0,99.4522,-10.4528,0.0,,4,1.0,428.06,166.41,57.12,462.8
2026-09-01 22:50:08.687,100.0,90.0,354.0,99.4522,-10.4528,0.0,,5,1.25,428.1,166.45,57.13,462.85
2026-09-01 22:50:15.685,100.0,96.0,354.0,98.9074,-10.3956,-10.4528,,1,0.25,428.07,166.47,57.03,462.82
2026-09-01 22:50:15.924,100.0,96.0,354.0,98.9074,-10.3956,-10.4528,,2,0.5,428.04,166.43,57.03,462.78
2026-09-01 22:50:16.179,100.0,96.0,354.0,98.9074,-10.3956,-10.4528,,3,0.75,428.04,166.43,57.03,462.78
2026-09-01 22:50:16.434,100.0,96.0,354.0,98.9074,-10.3956,-10.4528,,4,1.0,428.05,166.44,57.03,462.79
2026-09-01 22:50:16.674,100.0,96.0,354.0,98.9074,-10.3956,-10.4528,,5,1.25,428.02,166.47,57.02,462.77
2026-09-01 22:50:25.936,100.0,96.0,348.0,97.2789,-20.6773,-10.4528,,1,0.25,427.45,167.53,56.85,462.61
2026-09-01 22:50:26.175,100.0,96.0,348.0,97.2789,-20.6773,-10.4528,,2,0.5,427.46,167.55,56.85,462.63
2026-09-01 22:50:26.430,100.0,96.0,348.0,97.2789,-20.6773,-10.4528,,3,0.75,427.46,167.55,56.85,462.63
2026-09-01 22:50:26.685,100.0,96.0,348.0,97.2789,-20.6773,-10.4528,,4,1.0,427.37,167.54,56.85,462.54
2026-09-01 22:50:26.924,100.0,96.0,348.0,97.2789,-20.6773,-10.4528,,5,1.25,427.37,167.54,56.85,462.54
2026-09-01 22:50:33.923,100.0,96.0,342.0,94.5847,-30.7324,-10.4528,,1,0.25,426.92,168.01,56.76,462.28
2026-09-01 22:50:36.426,100.0,96.0,342.0,94.5847,-30.7324,-10.4528,,2,0.5,426.92,168.01,56.76,462.28
2026-09-01 22:50:36.681,100.0,96.0,342.0,94.5847,-30.7324,-10.4528,,3,0.75,426.93,168.03,56.75,462.3
2026-09-01 22:50:36.936,100.0,96.0,342.0,94.5847,-30.7324,-10.4528,,4,1.0,426.93,168.03,56.75,462.3
2026-09-01 22:50:37.175,100.0,96.0,342.0,94.5847,-30.7324,-10.4528,,5,1.25,426.97,168.02,56.76,462.33
2026-09-01 22:50:44.174,100.0,96.0,336.0,90.8541,-40.4508,-10.4528,,1,0.25,426.31,168.32,56.6,461.81
2026-09-01 22:50:46.676,100.0,96.0,336.0,90.8541,-40.4508,-10.4528,,2,0.5,426.31,168.32,56.6,461.81
2026-09-01 22:50:46.932,100.0,96.0,336.0,90.8541,-40.4508,-10.4528,,3,0.75,426.27,168.33,56.6,461.78
2026-09-01 22:50:47.187,100.0,96.0,336.0,90.8541,-40.4508,-10.4528,,4,1.0,426.27,168.33,56.6,461.78
2026-09-01 22:50:47.426,100.0,96.0,336.0,90.8541,-40.4508,-10.4528,,5,1.25,426.28,168.33,56.61,461.79
2026-09-01 22:50:54.424,100.0,96.0,330.0,86.1281,-49.7261,-10.4528,,1,0.25,425.52,168.47,56.53,461.13
2026-09-01 22:50:54.679,100.0,96.0,330.0,86.1281,-49.7261,-10.4528,,2,0.5,425.54,168.45,56.54,461.14
2026-09-01 22:50:54.935,100.0,96.0,330.0,86.1281,-49.7261,-10.4528,,3,0.75,425.54,168.45,56.54,461.14
2026-09-01 22:50:55.174,100.0,96.0,330.0,86.1281,-49.7261,-10.4528,,4,1.0,425.49,168.44,56.55,461.09
2026-09-01 22:50:57.677,100.0,96.0,330.0,86.1281,-49.7261,-10.4528,,5,1.25,425.49,168.47,56.54,461.1
2026-09-01 22:51:04.675,100.0,96.0,324.0,80.4585,-58.4565,-10.4528,,1,0.25,424.63,168.79,56.33,460.4
2026-09-01 22:51:04.930,100.0,96.0,324.0,80.4585,-58.4565,-10.4528,,2,0.5,424.63,168.77,56.33,460.39
2026-09-01 22:51:05.185,100.0,96.0,324.0,80.4585,-58.4565,-10.4528,,3,0.75,424.63,168.77,56.33,460.39
2026-09-01 22:51:05.424,100.0,96.0,324.0,80.4585,-58.4565,-10.4528,,4,1.0,424.62,168.75,56.34,460.38
2026-09-01 22:51:05.679,100.0,96.0,324.0,80.4585,-58.4565,-10.4528,,5,1.25,424.62,168.75,56.34,460.38
2026-09-01 22:51:12.678,100.0,96.0,318.0,73.9074,-66.5465,-10.4528,,1,0.25,423.72,168.7,56.24,459.52
2026-09-01 22:51:12.933,100.0,96.0,318.0,73.9074,-66.5465,-10.4528,,2,0.5,423.72,168.7,56.24,459.52
2026-09-01 22:51:13.188,100.0,96.0,318.0,73.9074,-66.5465,-10.4528,,3,0.75,423.74,168.7,56.24,459.54
2026-09-01 22:51:13.427,100.0,96.0,318.0,73.9074,-66.5465,-10.4528,,4,1.0,423.74,168.7,56.24,459.54
2026-09-01 22:51:13.682,100.0,96.0,318.0,73.9074,-66.5465,-10.4528,,5,1.25,423.73,168.69,56.25,459.52
2026-09-01 22:51:20.681,100.0,96.0,312.0,66.5465,-73.9074,-10.4528,,1,0.25,422.89,168.54,56.12,458.68
2026-09-01 22:51:20.936,100.0,96.0,312.0,66.5465,-73.9074,-10.4528,,2,0.5,422.89,168.54,56.12,458.68
2026-09-01 22:51:21.175,100.0,96.0,312.0,66.5465,-73.9074,-10.4528,,3,0.75,422.89,168.54,56.12,458.68
2026-09-01 22:51:21.430,100.0,96.0,312.0,66.5465,-73.9074,-10.4528,,4,1.0,422.93,168.52,56.13,458.71
2026-09-01 22:51:21.685,100.0,96.0,312.0,66.5465,-73.9074,-10.4528,,5,1.25,422.93,168.52,56.13,458.71
2026-09-01 22:51:28.684,100.0,96.0,306.0,58.4565,-80.4585,-10.4528,,1,0.25,422.18,168.15,56.07,457.88
2026-09-01 22:51:28.923,100.0,96.0,306.0,58.4565,-80.4585,-10.4528,,2,0.5,422.2,168.15,56.09,457.9
2026-09-01 22:51:31.426,100.0,96.0,306.0,58.4565,-80.4585,-10.4528,,3,0.75,422.2,168.15,56.09,457.9
2026-09-01 22:51:31.681,100.0,96.0,306.0,58.4565,-80.4585,-10.4528,,4,1.0,422.18,168.18,56.1,457.89
2026-09-01 22:51:31.936,100.0,96.0,306.0,58.4565,-80.4585,-10.4528,,5,1.25,422.18,168.18,56.1,457.89
2026-09-01 22:51:38.935,100.0,96.0,300.0,49.7261,-86.1281,-10.4528,,1,0.25,421.65,167.54,56.11,457.17
2026-09-01 22:51:39.174,100.0,96.0,300.0,49.7261,-86.1281,-10.4528,,2,0.5,421.65,167.54,56.11,457.17
2026-09-01 22:51:39.429,100.0,96.0,300.0,49.7261,-86.1281,-10.4528,,3,0.75,421.65,167.53,56.11,457.16
2026-09-01 22:51:39.684,100.0,96.0,300.0,49.7261,-86.1281,-10.4528,,4,1.0,421.65,167.53,56.11,457.16
2026-09-01 22:51:39.923,100.0,96.0,300.0,49.7261,-86.1281,-10.4528,,5,1.25,421.62,167.52,56.11,457.13
2026-09-01 22:51:49.186,100.0,96.0,294.0,40.4508,-90.8541,-10.4528,,1,0.25,421.12,166.89,56.08,456.44
2026-09-01 22:51:49.425,100.0,96.0,294.0,40.4508,-90.8541,-10.4528,,2,0.5,421.12,166.89,56.08,456.44
2026-09-01 22:51:49.680,100.0,96.0,294.0,40.4508,-90.8541,-10.4528,,3,0.75,421.14,166.87,56.08,456.45
2026-09-01 22:51:49.935,100.0,96.0,294.0,40.4508,-90.8541,-10.4528,,4,1.0,421.14,166.87,56.08,456.45
2026-09-01 22:51:50.174,100.0,96.0,294.0,40.4508,-90.8541,-10.4528,,5,1.25,421.16,166.87,56.09,456.47
2026-09-01 22:51:57.173,100.0,96.0,288.0,30.7324,-94.5847,-10.4528,,1,0.25,420.91,165.99,56.11,455.92
2026-09-01 22:51:59.676,100.0,96.0,288.0,30.7324,-94.5847,-10.4528,,2,0.5,420.91,165.99,56.11,455.92
2026-09-01 22:51:59.931,100.0,96.0,288.0,30.7324,-94.5847,-10.4528,,3,0.75,420.92,166.01,56.13,455.94
2026-09-01 22:52:00.186,100.0,96.0,288.0,30.7324,-94.5847,-10.4528,,4,1.0,420.92,166.01,56.13,455.94
2026-09-01 22:52:00.425,100.0,96.0,288.0,30.7324,-94.5847,-10.4528,,5,1.25,420.92,166.01,56.13,455.94
2026-09-01 22:52:07.424,100.0,96.0,282.0,20.6773,-97.2789,-10.4528,,1,0.25,420.81,165.2,56.18,455.55
2026-09-01 22:52:07.679,100.0,96.0,282.0,20.6773,-97.2789,-10.4528,,2,0.5,420.78,165.21,56.18,455.52
2026-09-01 22:52:07.934,100.0,96.0,282.0,20.6773,-97.2789,-10.4528,,3,0.75,420.78,165.21,56.18,455.52
2026-09-01 22:52:08.173,100.0,96.0,282.0,20.6773,-97.2789,-10.4528,,4,1.0,420.82,165.23,56.17,455.57
2026-09-01 22:52:10.676,100.0,96.0,282.0,20.6773,-97.2789,-10.4528,,5,1.25,420.82,165.23,56.17,455.57
2026-09-01 22:52:17.674,100.0,96.0,276.0,10.3956,-98.9074,-10.4528,,1,0.25,420.9,164.47,56.26,455.38
2026-09-01 22:52:17.930,100.0,96.0,276.0,10.3956,-98.9074,-10.4528,,2,0.5,420.9,164.47,56.26,455.38
2026-09-01 22:52:18.185,100.0,96.0,276.0,10.3956,-98.9074,-10.4528,,3,0.75,420.93,164.47,56.26,455.4
2026-09-01 22:52:18.424,100.0,96.0,276.0,10.3956,-98.9074,-10.4528,,4,1.0,420.93,164.47,56.26,455.4
2026-09-01 22:52:18.679,100.0,96.0,276.0,10.3956,-98.9074,-10.4528,,5,1.25,420.91,164.46,56.27,455.38
2026-09-01 22:52:25.677,100.0,96.0,270.0,-0.0,-99.4522,-10.4528,,1,0.25,421.21,163.75,56.29,455.41
2026-09-01 22:52:25.933,100.0,96.0,270.0,-0.0,-99.4522,-10.4528,,2,0.5,421.21,163.75,56.29,455.41
2026-09-01 22:52:26.188,100.0,96.0,270.0,-0.0,-99.4522,-10.4528,,3,0.75,421.21,163.75,56.29,455.41
2026-09-01 22:52:26.427,100.0,96.0,270.0,-0.0,-99.4522,-10.4528,,4,1.0,421.19,163.75,56.3,455.39
2026-09-01 22:52:26.682,100.0,96.0,270.0,-0.0,-99.4522,-10.4528,,5,1.25,421.19,163.75,56.3,455.39
2026-09-01 22:52:33.680,100.0,96.0,264.0,-10.3956,-98.9074,-10.4528,,1,0.25,421.72,163.0,56.43,455.63
2026-09-01 22:52:33.936,100.0,96.0,264.0,-10.3956,-98.9074,-10.4528,,2,0.5,421.7,163.0,56.43,455.61
2026-09-01 22:52:34.175,100.0,96.0,264.0,-10.3956,-98.9074,-10.4528,,3,0.75,421.7,162.99,56.42,455.6
2026-09-01 22:52:34.430,100.0,96.0,264.0,-10.3956,-98.9074,-10.4528,,4,1.0,421.7,162.99,56.42,455.6
2026-09-01 22:52:34.685,100.0,96.0,264.0,-10.3956,-98.9074,-10.4528,,5,1.25,421.7,163.02,56.42,455.62
2026-09-01 22:52:41.683,100.0,96.0,258.0,-20.6773,-97.2789,-10.4528,,1,0.25,422.39,162.38,56.58,456.05
2026-09-01 22:52:41.923,100.0,96.0,258.0,-20.6773,-97.2789,-10.4528,,2,0.5,422.35,162.39,56.59,456.01
2026-09-01 22:52:44.425,100.0,96.0,258.0,-20.6773,-97.2789,-10.4528,,3,0.75,422.3,162.39,56.59,455.97
2026-09-01 22:52:44.681,100.0,96.0,258.0,-20.6773,-97.2789,-10.4528,,4,1.0,422.3,162.39,56.59,455.97
2026-09-01 22:52:44.936,100.0,96.0,258.0,-20.6773,-97.2789,-10.4528,,5,1.25,422.32,162.38,56.58,455.98
2026-09-01 22:52:51.934,100.0,96.0,252.0,-30.7324,-94.5847,-10.4528,,1,0.25,423.09,162.03,56.8,456.6
2026-09-01 22:52:52.173,100.0,96.0,252.0,-30.7324,-94.5847,-10.4528,,2,0.5,423.03,162.04,56.8,456.54
2026-09-01 22:52:52.428,100.0,96.0,252.0,-30.7324,-94.5847,-10.4528,,3,0.75,423.03,162.04,56.8,456.54
2026-09-01 22:52:52.683,100.0,96.0,252.0,-30.7324,-94.5847,-10.4528,,4,1.0,422.99,162.05,56.8,456.51
2026-09-01 22:52:52.923,100.0,96.0,252.0,-30.7324,-94.5847,-10.4528,,5,1.25,423.11,162.03,56.79,456.61
2026-09-01 22:53:02.185,100.0,96.0,246.0,-40.4508,-90.8541,-10.4528,,1,0.25,423.94,161.49,56.97,457.21
2026-09-01 22:53:02.424,100.0,96.0,246.0,-40.4508,-90.8541,-10.4528,,2,0.5,423.97,161.49,56.97,457.24
2026-09-01 22:53:02.679,100.0,96.0,246.0,-40.4508,-90.8541,-10.4528,,3,0.75,423.97,161.49,56.97,457.24
2026-09-01 22:53:02.934,100.0,96.0,246.0,-40.4508,-90.8541,-10.4528,,4,1.0,424.04,161.49,56.98,457.31
2026-09-01 22:53:03.173,100.0,96.0,246.0,-40.4508,-90.8541,-10.4528,,5,1.25,424.04,161.49,56.98,457.31
2026-09-01 22:53:10.172,100.0,96.0,240.0,-49.7261,-86.1281,-10.4528,,1,0.25,424.73,161.66,57.2,458.04
2026-09-01 22:53:12.675,100.0,96.0,240.0,-49.7261,-86.1281,-10.4528,,2,0.5,424.75,161.66,57.2,458.05
2026-09-01 22:53:12.930,100.0,96.0,240.0,-49.7261,-86.1281,-10.4528,,3,0.75,424.75,161.66,57.2,458.05
2026-09-01 22:53:13.185,100.0,96.0,240.0,-49.7261,-86.1281,-10.4528,,4,1.0,424.79,161.66,57.19,458.09
2026-09-01 22:53:13.424,100.0,96.0,240.0,-49.7261,-86.1281,-10.4528,,5,1.25,424.79,161.66,57.19,458.09
2026-09-01 22:53:20.423,100.0,96.0,234.0,-58.4565,-80.4585,-10.4528,,1,0.25,425.6,161.82,57.41,458.93
2026-09-01 22:53:20.678,100.0,96.0,234.0,-58.4565,-80.4585,-10.4528,,2,0.5,425.6,161.82,57.41,458.93
2026-09-01 22:53:20.933,100.0,96.0,234.0,-58.4565,-80.4585,-10.4528,,3,0.75,425.61,161.83,57.41,458.94
2026-09-01 22:53:21.172,100.0,96.0,234.0,-58.4565,-80.4585,-10.4528,,4,1.0,425.55,161.81,57.41,458.88
2026-09-01 22:53:23.675,100.0,96.0,234.0,-58.4565,-80.4585,-10.4528,,5,1.25,425.55,161.81,57.41,458.88
2026-09-01 22:53:30.674,100.0,96.0,228.0,-66.5465,-73.9074,-10.4528,,1,0.25,426.37,162.01,57.61,459.73
2026-09-01 22:53:30.929,100.0,96.0,228.0,-66.5465,-73.9074,-10.4528,,2,0.5,426.37,162.01,57.61,459.73
2026-09-01 22:53:31.184,100.0,96.0,228.0,-66.5465,-73.9074,-10.4528,,3,0.75,426.36,162.01,57.6,459.72
2026-09-01 22:53:31.423,100.0,96.0,228.0,-66.5465,-73.9074,-10.4528,,4,1.0,426.36,162.01,57.6,459.72
2026-09-01 22:53:31.678,100.0,96.0,228.0,-66.5465,-73.9074,-10.4528,,5,1.25,426.38,162.01,57.61,459.74
2026-09-01 22:53:38.677,100.0,96.0,222.0,-73.9074,-66.5465,-10.4528,,1,0.25,426.98,162.42,57.72,460.46
2026-09-01 22:53:38.932,100.0,96.0,222.0,-73.9074,-66.5465,-10.4528,,2,0.5,426.98,162.41,57.74,460.45
2026-09-01 22:53:39.187,100.0,96.0,222.0,-73.9074,-66.5465,-10.4528,,3,0.75,426.98,162.41,57.74,460.45
2026-09-01 22:53:39.426,100.0,96.0,222.0,-73.9074,-66.5465,-10.4528,,4,1.0,427.0,162.41,57.73,460.47
2026-09-01 22:53:39.681,100.0,96.0,222.0,-73.9074,-66.5465,-10.4528,,5,1.25,427.0,162.41,57.73,460.47
2026-09-01 22:53:46.680,100.0,96.0,216.0,-80.4585,-58.4565,-10.4528,,1,0.25,427.54,163.15,57.79,461.24
2026-09-01 22:53:46.935,100.0,96.0,216.0,-80.4585,-58.4565,-10.4528,,2,0.5,427.54,163.15,57.79,461.24
2026-09-01 22:53:47.174,100.0,96.0,216.0,-80.4585,-58.4565,-10.4528,,3,0.75,427.54,163.14,57.82,461.24
2026-09-01 22:53:47.429,100.0,96.0,216.0,-80.4585,-58.4565,-10.4528,,4,1.0,427.54,163.14,57.82,461.24
2026-09-01 22:53:47.684,100.0,96.0,216.0,-80.4585,-58.4565,-10.4528,,5,1.25,427.48,163.13,57.8,461.18
2026-09-01 22:53:54.683,100.0,96.0,210.0,-86.1281,-49.7261,-10.4528,,1,0.25,427.98,163.73,57.91,461.87
2026-09-01 22:53:54.922,100.0,96.0,210.0,-86.1281,-49.7261,-10.4528,,2,0.5,427.97,163.73,57.91,461.86
2026-09-01 22:53:57.425,100.0,96.0,210.0,-86.1281,-49.7261,-10.4528,,3,0.75,427.96,163.73,57.91,461.85
2026-09-01 22:53:57.680,100.0,96.0,210.0,-86.1281,-49.7261,-10.4528,,4,1.0,427.96,163.72,57.91,461.85
2026-09-01 22:53:57.935,100.0,96.0,210.0,-86.1281,-49.7261,-10.4528,,5,1.25,427.96,163.72,57.91,461.85
2026-09-01 22:54:04.934,100.0,96.0,204.0,-90.8541,-40.4508,-10.4528,,1,0.25,428.31,164.43,57.91,462.42
2026-09-01 22:54:05.173,100.0,96.0,204.0,-90.8541,-40.4508,-10.4528,,2,0.5,428.29,164.43,57.91,462.41
2026-09-01 22:54:05.428,100.0,96.0,204.0,-90.8541,-40.4508,-10.4528,,3,0.75,428.29,164.43,57.91,462.41
2026-09-01 22:54:05.683,100.0,96.0,204.0,-90.8541,-40.4508,-10.4528,,4,1.0,428.31,164.45,57.93,462.43
2026-09-01 22:54:05.922,100.0,96.0,204.0,-90.8541,-40.4508,-10.4528,,5,1.25,428.28,164.45,57.92,462.4
2026-09-01 22:54:15.185,100.0,96.0,198.0,-94.5847,-30.7324,-10.4528,,1,0.25,428.45,165.33,57.95,462.88
2026-09-01 22:54:15.424,100.0,96.0,198.0,-94.5847,-30.7324,-10.4528,,2,0.5,428.45,165.33,57.95,462.88
2026-09-01 22:54:15.679,100.0,96.0,198.0,-94.5847,-30.7324,-10.4528,,3,0.75,428.44,165.34,57.96,462.87
2026-09-01 22:54:15.934,100.0,96.0,198.0,-94.5847,-30.7324,-10.4528,,4,1.0,428.44,165.34,57.96,462.87
2026-09-01 22:54:16.173,100.0,96.0,198.0,-94.5847,-30.7324,-10.4528,,5,1.25,428.37,165.34,57.94,462.81
2026-09-01 22:54:23.172,100.0,96.0,192.0,-97.2789,-20.6773,-10.4528,,1,0.25,428.25,166.24,57.92,463.02
2026-09-01 22:54:25.675,100.0,96.0,192.0,-97.2789,-20.6773,-10.4528,,2,0.5,428.25,166.24,57.92,463.02
2026-09-01 22:54:25.930,100.0,96.0,192.0,-97.2789,-20.6773,-10.4528,,3,0.75,428.25,166.23,57.92,463.01
2026-09-01 22:54:26.185,100.0,96.0,192.0,-97.2789,-20.6773,-10.4528,,4,1.0,428.25,166.23,57.92,463.01
2026-09-01 22:54:26.424,100.0,96.0,192.0,-97.2789,-20.6773,-10.4528,,5,1.25,428.31,166.23,57.92,463.07
2026-09-01 22:54:33.423,100.0,96.0,186.0,-98.9074,-10.3956,-10.4528,,1,0.25,428.09,166.84,57.81,463.07
2026-09-01 22:54:33.678,100.0,96.0,186.0,-98.9074,-10.3956,-10.4528,,2,0.5,428.12,166.84,57.81,463.1
2026-09-01 22:54:33.933,100.0,96.0,186.0,-98.9074,-10.3956,-10.4528,,3,0.75,428.12,166.84,57.81,463.1
2026-09-01 22:54:34.172,100.0,96.0,186.0,-98.9074,-10.3956,-10.4528,,4,1.0,428.17,166.86,57.8,463.15
2026-09-01 22:54:36.675,100.0,96.0,186.0,-98.9074,-10.3956,-10.4528,,5,1.25,428.1,166.87,57.79,463.09
2026-09-01 22:54:43.673,100.0,96.0,180.0,-99.4522,0.0,-10.4528,,1,0.25,427.75,167.69,57.67,463.05
2026-09-01 22:54:43.929,100.0,96.0,180.0,-99.4522,0.0,-10.4528,,2,0.5,427.74,167.71,57.66,463.04
2026-09-01 22:54:44.184,100.0,96.0,180.0,-99.4522,0.0,-10.4528,,3,0.75,427.74,167.71,57.66,463.04
2026-09-01 22:54:44.423,100.0,96.0,180.0,-99.4522,0.0,-10.4528,,4,1.0,427.73,167.7,57.65,463.03
2026-09-01 22:54:44.678,100.0,96.0,180.0,-99.4522,0.0,-10.4528,,5,1.25,427.73,167.7,57.65,463.03
2026-09-01 22:54:51.677,100.0,96.0,174.0,-98.9074,10.3956,-10.4528,,1,0.25,427.33,168.36,57.53,462.88
2026-09-01 22:54:51.932,100.0,96.0,174.0,-98.9074,10.3956,-10.4528,,2,0.5,427.33,168.36,57.53,462.88
2026-09-01 22:54:52.187,100.0,96.0,174.0,-98.9074,10.3956,-10.4528,,3,0.75,427.3,168.37,57.52,462.86
2026-09-01 22:54:52.426,100.0,96.0,174.0,-98.9074,10.3956,-10.4528,,4,1.0,427.3,168.37,57.52,462.86
2026-09-01 22:54:52.681,100.0,96.0,174.0,-98.9074,10.3956,-10.4528,,5,1.25,427.28,168.34,57.52,462.83
2026-09-01 22:54:59.680,100.0,96.0,168.0,-97.2789,20.6773,-10.4528,,1,0.25,426.63,169.1,57.35,462.48
2026-09-01 22:54:59.935,100.0,96.0,168.0,-97.2789,20.6773,-10.4528,,2,0.5,426.6,169.09,57.37,462.46
2026-09-01 22:55:00.174,100.0,96.0,168.0,-97.2789,20.6773,-10.4528,,3,0.75,426.6,169.09,57.37,462.46
2026-09-01 22:55:00.429,100.0,96.0,168.0,-97.2789,20.6773,-10.4528,,4,1.0,426.62,169.09,57.36,462.47
2026-09-01 22:55:00.684,100.0,96.0,168.0,-97.2789,20.6773,-10.4528,,5,1.25,426.62,169.09,57.36,462.47
2026-09-01 22:55:07.683,100.0,96.0,162.0,-94.5847,30.7324,-10.4528,,1,0.25,425.75,169.57,57.13,461.82
2026-09-01 22:55:07.922,100.0,96.0,162.0,-94.5847,30.7324,-10.4528,,2,0.5,425.81,169.56,57.15,461.87
2026-09-01 22:55:10.425,100.0,96.0,162.0,-94.5847,30.7324,-10.4528,,3,0.75,425.81,169.56,57.15,461.87
2026-09-01 22:55:10.680,100.0,96.0,162.0,-94.5847,30.7324,-10.4528,,4,1.0,425.83,169.57,57.14,461.89
2026-09-01 22:55:10.935,100.0,96.0,162.0,-94.5847,30.7324,-10.4528,,5,1.25,425.83,169.57,57.14,461.89
2026-09-01 22:55:17.933,100.0,96.0,156.0,-90.8541,40.4508,-10.4528,,1,0.25,425.02,170.09,56.85,461.3
2026-09-01 22:55:18.173,100.0,96.0,156.0,-90.8541,40.4508,-10.4528,,2,0.5,425.02,170.09,56.85,461.3
2026-09-01 22:55:18.428,100.0,96.0,156.0,-90.8541,40.4508,-10.4528,,3,0.75,425.02,170.08,56.85,461.3
2026-09-01 22:55:18.683,100.0,96.0,156.0,-90.8541,40.4508,-10.4528,,4,1.0,425.02,170.08,56.85,461.3
2026-09-01 22:55:18.922,100.0,96.0,156.0,-90.8541,40.4508,-10.4528,,5,1.25,425.1,170.08,56.85,461.37
2026-09-01 22:55:25.921,100.0,96.0,150.0,-86.1281,49.7261,-10.4528,,1,0.25,424.19,170.22,56.66,460.56
2026-09-01 22:55:28.424,100.0,96.0,150.0,-86.1281,49.7261,-10.4528,,2,0.5,424.19,170.22,56.66,460.56
2026-09-01 22:55:28.679,100.0,96.0,150.0,-86.1281,49.7261,-10.4528,,3,0.75,424.19,170.24,56.67,460.57
2026-09-01 22:55:28.934,100.0,96.0,150.0,-86.1281,49.7261,-10.4528,,4,1.0,424.19,170.24,56.67,460.57
2026-09-01 22:55:29.173,100.0,96.0,150.0,-86.1281,49.7261,-10.4528,,5,1.25,424.22,170.24,56.67,460.6
2026-09-01 22:55:36.171,100.0,96.0,144.0,-80.4585,58.4565,-10.4528,,1,0.25,423.26,170.39,56.4,459.74
2026-09-01 22:55:38.675,100.0,96.0,144.0,-80.4585,58.4565,-10.4528,,2,0.5,423.28,170.41,56.4,459.76
2026-09-01 22:55:38.930,100.0,96.0,144.0,-80.4585,58.4565,-10.4528,,3,0.75,423.28,170.41,56.4,459.76
2026-09-01 22:55:39.185,100.0,96.0,144.0,-80.4585,58.4565,-10.4528,,4,1.0,423.25,170.39,56.39,459.73
2026-09-01 22:55:39.424,100.0,96.0,144.0,-80.4585,58.4565,-10.4528,,5,1.25,423.25,170.39,56.39,459.73
2026-09-01 22:55:46.422,100.0,96.0,138.0,-73.9074,66.5465,-10.4528,,1,0.25,422.29,170.11,56.22,458.72
2026-09-01 22:55:46.678,100.0,96.0,138.0,-73.9074,66.5465,-10.4528,,2,0.5,422.29,170.11,56.22,458.72
2026-09-01 22:55:46.933,100.0,96.0,138.0,-73.9074,66.5465,-10.4528,,3,0.75,422.32,170.12,56.21,458.75
2026-09-01 22:55:47.172,100.0,96.0,138.0,-73.9074,66.5465,-10.4528,,4,1.0,422.31,170.13,56.21,458.74
2026-09-01 22:55:49.675,100.0,96.0,138.0,-73.9074,66.5465,-10.4528,,5,1.25,422.31,170.13,56.21,458.74
2026-09-01 22:55:56.673,100.0,96.0,132.0,-66.5465,73.9074,-10.4528,,1,0.25,421.37,170.0,55.98,457.8
2026-09-01 22:55:56.928,100.0,96.0,132.0,-66.5465,73.9074,-10.4528,,2,0.5,421.37,170.0,55.98,457.8
2026-09-01 22:55:57.184,100.0,96.0,132.0,-66.5465,73.9074,-10.4528,,3,0.75,421.42,169.99,55.98,457.84
2026-09-01 22:55:57.423,100.0,96.0,132.0,-66.5465,73.9074,-10.4528,,4,1.0,421.42,169.99,55.98,457.84
2026-09-01 22:55:57.678,100.0,96.0,132.0,-66.5465,73.9074,-10.4528,,5,1.25,421.42,170.0,55.99,457.85
2026-09-01 22:56:04.676,100.0,96.0,126.0,-58.4565,80.4585,-10.4528,,1,0.25,420.7,169.28,55.79,456.89
2026-09-01 22:56:04.931,100.0,96.0,126.0,-58.4565,80.4585,-10.4528,,2,0.5,420.7,169.29,55.78,456.9
2026-09-01 22:56:05.171,100.0,96.0,126.0,-58.4565,80.4585,-10.4528,,3,0.75,420.81,169.31,55.79,457.01
2026-09-01 22:56:07.674,100.0,96.0,126.0,-58.4565,80.4585,-10.4528,,4,1.0,420.81,169.31,55.79,457.01
2026-09-01 22:56:07.929,100.0,96.0,126.0,-58.4565,80.4585,-10.4528,,5,1.25,420.75,169.31,55.79,456.95
2026-09-01 22:56:14.927,100.0,96.0,120.0,-49.7261,86.1281,-10.4528,,1,0.25,420.15,168.4,55.56,456.03
2026-09-01 22:56:15.182,100.0,96.0,120.0,-49.7261,86.1281,-10.4528,,2,0.5,420.18,168.41,55.56,456.07
2026-09-01 22:56:15.422,100.0,96.0,120.0,-49.7261,86.1281,-10.4528,,3,0.75,420.18,168.41,55.56,456.07
2026-09-01 22:56:15.677,100.0,96.0,120.0,-49.7261,86.1281,-10.4528,,4,1.0,420.14,168.44,55.58,456.04
2026-09-01 22:56:15.932,100.0,96.0,120.0,-49.7261,86.1281,-10.4528,,5,1.25,420.14,168.44,55.58,456.04
2026-09-01 22:56:22.930,100.0,96.0,114.0,-40.4508,90.8541,-10.4528,,1,0.25,419.65,167.64,55.53,455.29
2026-09-01 22:56:23.186,100.0,96.0,114.0,-40.4508,90.8541,-10.4528,,2,0.5,419.65,167.64,55.53,455.29
2026-09-01 22:56:23.424,100.0,96.0,114.0,-40.4508,90.8541,-10.4528,,3,0.75,419.65,167.63,55.54,455.29
2026-09-01 22:56:23.680,100.0,96.0,114.0,-40.4508,90.8541,-10.4528,,4,1.0,419.65,167.63,55.54,455.29
2026-09-01 22:56:23.935,100.0,96.0,114.0,-40.4508,90.8541,-10.4528,,5,1.25,419.66,167.63,55.53,455.29
2026-09-01 22:56:30.933,100.0,96.0,108.0,-30.7324,94.5847,-10.4528,,1,0.25,419.35,166.79,55.51,454.7
2026-09-01 22:56:31.173,100.0,96.0,108.0,-30.7324,94.5847,-10.4528,,2,0.5,419.33,166.8,55.48,454.68
2026-09-01 22:56:31.428,100.0,96.0,108.0,-30.7324,94.5847,-10.4528,,3,0.75,419.33,166.8,55.48,454.68
2026-09-01 22:56:31.683,100.0,96.0,108.0,-30.7324,94.5847,-10.4528,,4,1.0,419.34,166.8,55.49,454.69
2026-09-01 22:56:31.922,100.0,96.0,108.0,-30.7324,94.5847,-10.4528,,5,1.25,419.34,166.8,55.49,454.69
2026-09-01 22:56:38.920,100.0,96.0,102.0,-20.6773,97.2789,-10.4528,,1,0.25,419.26,165.68,55.5,454.21
2026-09-01 22:56:41.423,100.0,96.0,102.0,-20.6773,97.2789,-10.4528,,2,0.5,419.21,165.69,55.5,454.17
2026-09-01 22:56:41.679,100.0,96.0,102.0,-20.6773,97.2789,-10.4528,,3,0.75,419.21,165.69,55.5,454.17
2026-09-01 22:56:41.934,100.0,96.0,102.0,-20.6773,97.2789,-10.4528,,4,1.0,419.22,165.69,55.5,454.17
2026-09-01 22:56:42.173,100.0,96.0,102.0,-20.6773,97.2789,-10.4528,,5,1.25,419.22,165.69,55.5,454.17
2026-09-01 22:56:49.171,100.0,96.0,96.0,-10.3956,98.9074,-10.4528,,1,0.25,419.3,164.62,55.6,453.87
2026-09-01 22:56:49.426,100.0,96.0,96.0,-10.3956,98.9074,-10.4528,,2,0.5,419.3,164.62,55.6,453.87
2026-09-01 22:56:49.682,100.0,96.0,96.0,-10.3956,98.9074,-10.4528,,3,0.75,419.28,164.61,55.58,453.85
2026-09-01 22:56:49.921,100.0,96.0,96.0,-10.3956,98.9074,-10.4528,,4,1.0,419.31,164.6,55.58,453.87
2026-09-01 22:56:52.424,100.0,96.0,96.0,-10.3956,98.9074,-10.4528,,5,1.25,419.31,164.6,55.58,453.87
2026-09-01 22:56:59.422,100.0,96.0,90.0,0.0,99.4522,-10.4528,,1,0.25,419.5,163.57,55.7,453.69
2026-09-01 22:56:59.678,100.0,96.0,90.0,0.0,99.4522,-10.4528,,2,0.5,419.5,163.57,55.7,453.69
2026-09-01 22:56:59.933,100.0,96.0,90.0,0.0,99.4522,-10.4528,,3,0.75,419.53,163.58,55.71,453.72
2026-09-01 22:57:00.172,100.0,96.0,90.0,0.0,99.4522,-10.4528,,4,1.0,419.53,163.58,55.71,453.72
2026-09-01 22:57:00.427,100.0,96.0,90.0,0.0,99.4522,-10.4528,,5,1.25,419.55,163.59,55.72,453.74
2026-09-01 22:57:07.425,100.0,96.0,84.0,10.3956,98.9074,-10.4528,,1,0.25,419.94,162.75,55.93,453.83
2026-09-01 22:57:07.681,100.0,96.0,84.0,10.3956,98.9074,-10.4528,,2,0.5,419.97,162.72,55.93,453.85
2026-09-01 22:57:07.936,100.0,96.0,84.0,10.3956,98.9074,-10.4528,,3,0.75,419.97,162.72,55.93,453.85
2026-09-01 22:57:08.175,100.0,96.0,84.0,10.3956,98.9074,-10.4528,,4,1.0,419.92,162.73,55.94,453.8
2026-09-01 22:57:08.430,100.0,96.0,84.0,10.3956,98.9074,-10.4528,,5,1.25,419.92,162.73,55.94,453.8
2026-09-01 22:57:15.429,100.0,96.0,78.0,20.6773,97.2789,-10.4528,,1,0.25,420.63,161.94,56.15,454.21
2026-09-01 22:57:15.684,100.0,96.0,78.0,20.6773,97.2789,-10.4528,,2,0.5,420.63,161.94,56.15,454.21
2026-09-01 22:57:15.923,100.0,96.0,78.0,20.6773,97.2789,-10.4528,,3,0.75,420.61,161.92,56.13,454.18
2026-09-01 22:57:16.178,100.0,96.0,78.0,20.6773,97.2789,-10.4528,,4,1.0,420.61,161.92,56.13,454.18
2026-09-01 22:57:16.433,100.0,96.0,78.0,20.6773,97.2789,-10.4528,,5,1.25,420.62,161.93,56.13,454.19
2026-09-01 22:57:23.432,100.0,96.0,72.0,30.7324,94.5847,-10.4528,,1,0.25,421.25,161.34,56.33,454.59
2026-09-01 22:57:23.671,100.0,96.0,72.0,30.7324,94.5847,-10.4528,,2,0.5,421.24,161.34,56.33,454.58
2026-09-01 22:57:26.174,100.0,96.0,72.0,30.7324,94.5847,-10.4528,,3,0.75,421.28,161.33,56.32,454.61
2026-09-01 22:57:26.429,100.0,96.0,72.0,30.7324,94.5847,-10.4528,,4,1.0,421.28,161.33,56.32,454.61
2026-09-01 22:57:26.684,100.0,96.0,72.0,30.7324,94.5847,-10.4528,,5,1.25,421.3,161.33,56.33,454.63
2026-09-01 22:57:33.682,100.0,96.0,66.0,40.4508,90.8541,-10.4528,,1,0.25,422.24,160.8,56.5,455.34
2026-09-01 22:57:33.922,100.0,96.0,66.0,40.4508,90.8541,-10.4528,,2,0.5,422.2,160.79,56.51,455.3
2026-09-01 22:57:34.177,100.0,96.0,66.0,40.4508,90.8541,-10.4528,,3,0.75,422.2,160.79,56.51,455.3
2026-09-01 22:57:34.432,100.0,96.0,66.0,40.4508,90.8541,-10.4528,,4,1.0,422.18,160.81,56.49,455.28
2026-09-01 22:57:34.671,100.0,96.0,66.0,40.4508,90.8541,-10.4528,,5,1.25,422.21,160.8,56.48,455.31
2026-09-01 22:57:43.933,100.0,96.0,60.0,49.7261,86.1281,-10.4528,,1,0.25,423.15,160.42,56.68,456.07
2026-09-01 22:57:44.173,100.0,96.0,60.0,49.7261,86.1281,-10.4528,,2,0.5,423.16,160.43,56.68,456.08
2026-09-01 22:57:44.428,100.0,96.0,60.0,49.7261,86.1281,-10.4528,,3,0.75,423.16,160.43,56.68,456.08
2026-09-01 22:57:44.683,100.0,96.0,60.0,49.7261,86.1281,-10.4528,,4,1.0,423.16,160.43,56.68,456.08
2026-09-01 22:57:44.922,100.0,96.0,60.0,49.7261,86.1281,-10.4528,,5,1.25,423.17,160.44,56.69,456.1
2026-09-01 22:57:51.920,100.0,96.0,54.0,58.4565,80.4585,-10.4528,,1,0.25,424.08,160.36,56.75,456.92
2026-09-01 22:57:54.424,100.0,96.0,54.0,58.4565,80.4585,-10.4528,,2,0.5,424.08,160.36,56.75,456.92
2026-09-01 22:57:54.679,100.0,96.0,54.0,58.4565,80.4585,-10.4528,,3,0.75,424.13,160.36,56.75,456.97
2026-09-01 22:57:54.934,100.0,96.0,54.0,58.4565,80.4585,-10.4528,,4,1.0,424.13,160.36,56.75,456.97
2026-09-01 22:57:55.173,100.0,96.0,54.0,58.4565,80.4585,-10.4528,,5,1.25,424.11,160.36,56.76,456.95
2026-09-01 22:58:02.171,100.0,96.0,48.0,66.5465,73.9074,-10.4528,,1,0.25,425.07,160.34,56.95,457.86
2026-09-01 22:58:02.427,100.0,96.0,48.0,66.5465,73.9074,-10.4528,,2,0.5,425.05,160.33,56.94,457.83
2026-09-01 22:58:02.682,100.0,96.0,48.0,66.5465,73.9074,-10.4528,,3,0.75,425.05,160.33,56.94,457.83
2026-09-01 22:58:02.921,100.0,96.0,48.0,66.5465,73.9074,-10.4528,,4,1.0,425.06,160.32,56.94,457.84
2026-09-01 22:58:03.176,100.0,96.0,48.0,66.5465,73.9074,-10.4528,,5,1.25,425.06,160.32,56.94,457.84
2026-09-01 22:58:10.174,100.0,96.0,42.0,73.9074,66.5465,-10.4528,,1,0.25,425.82,160.67,57.08,458.68
2026-09-01 22:58:10.430,100.0,96.0,42.0,73.9074,66.5465,-10.4528,,2,0.5,425.82,160.67,57.08,458.68
2026-09-01 22:58:10.685,100.0,96.0,42.0,73.9074,66.5465,-10.4528,,3,0.75,425.87,160.67,57.07,458.73
2026-09-01 22:58:10.924,100.0,96.0,42.0,73.9074,66.5465,-10.4528,,4,1.0,425.87,160.67,57.07,458.73
2026-09-01 22:58:11.179,100.0,96.0,42.0,73.9074,66.5465,-10.4528,,5,1.25,425.89,160.66,57.06,458.74
2026-09-01 22:58:18.178,100.0,96.0,36.0,80.4585,58.4565,-10.4528,,1,0.25,426.73,161.04,57.08,459.66
2026-09-01 22:58:18.433,100.0,96.0,36.0,80.4585,58.4565,-10.4528,,2,0.5,426.69,161.04,57.08,459.62
2026-09-01 22:58:18.672,100.0,96.0,36.0,80.4585,58.4565,-10.4528,,3,0.75,426.69,161.04,57.08,459.62
2026-09-01 22:58:18.927,100.0,96.0,36.0,80.4585,58.4565,-10.4528,,4,1.0,426.63,161.03,57.06,459.56
2026-09-01 22:58:19.182,100.0,96.0,36.0,80.4585,58.4565,-10.4528,,5,1.25,426.63,161.03,57.06,459.56
2026-09-01 22:58:26.181,100.0,96.0,30.0,86.1281,49.7261,-10.4528,,1,0.25,428.18,159.14,56.28,460.25
2026-09-01 22:58:26.420,100.0,96.0,30.0,86.1281,49.7261,-10.4528,,2,0.5,428.25,159.05,56.3,460.28
2026-09-01 22:58:28.923,100.0,96.0,30.0,86.1281,49.7261,-10.4528,,3,0.75,428.25,159.05,56.3,460.28
2026-09-01 22:58:29.178,100.0,96.0,30.0,86.1281,49.7261,-10.4528,,4,1.0,428.23,159.03,56.29,460.26
2026-09-01 22:58:29.433,100.0,96.0,30.0,86.1281,49.7261,-10.4528,,5,1.25,428.23,159.03,56.29,460.26
2026-09-01 22:58:36.432,100.0,96.0,24.0,90.8541,40.4508,-10.4528,,1,0.25,429.09,159.09,56.71,461.13
2026-09-01 22:58:36.671,100.0,96.0,24.0,90.8541,40.4508,-10.4528,,2,0.5,429.09,159.09,56.71,461.13
2026-09-01 22:58:36.926,100.0,96.0,24.0,90.8541,40.4508,-10.4528,,3,0.75,429.11,159.09,56.7,461.15
2026-09-01 22:58:37.181,100.0,96.0,24.0,90.8541,40.4508,-10.4528,,4,1.0,429.11,159.09,56.7,461.15
2026-09-01 22:58:37.420,100.0,96.0,24.0,90.8541,40.4508,-10.4528,,5,1.25,429.16,159.06,56.71,461.18
2026-09-01 22:58:46.683,100.0,96.0,18.0,94.5847,30.7324,-10.4528,,1,0.25,429.48,159.9,56.88,461.79
2026-09-01 22:58:46.922,100.0,96.0,18.0,94.5847,30.7324,-10.4528,,2,0.5,429.48,159.9,56.88,461.79
2026-09-01 22:58:47.177,100.0,96.0,18.0,94.5847,30.7324,-10.4528,,3,0.75,429.47,159.92,56.89,461.79
2026-09-01 22:58:47.432,100.0,96.0,18.0,94.5847,30.7324,-10.4528,,4,1.0,429.47,159.92,56.89,461.79
2026-09-01 22:58:47.671,100.0,96.0,18.0,94.5847,30.7324,-10.4528,,5,1.25,429.46,159.94,56.88,461.79
2026-09-01 22:58:54.670,100.0,96.0,12.0,97.2789,20.6773,-10.4528,,1,0.25,429.45,161.2,57.01,462.23
2026-09-01 22:58:57.172,100.0,96.0,12.0,97.2789,20.6773,-10.4528,,2,0.5,429.45,161.2,57.01,462.23
2026-09-01 22:58:57.428,100.0,96.0,12.0,97.2789,20.6773,-10.4528,,3,0.75,429.52,161.19,57.02,462.29
2026-09-01 22:58:57.683,100.0,96.0,12.0,97.2789,20.6773,-10.4528,,4,1.0,429.52,161.19,57.02,462.29
2026-09-01 22:58:57.922,100.0,96.0,12.0,97.2789,20.6773,-10.4528,,5,1.25,429.6,161.2,57.0,462.37
2026-09-01 22:59:04.920,100.0,96.0,6.0,98.9074,10.3956,-10.4528,,1,0.25,429.66,162.16,57.25,462.79
2026-09-01 22:59:05.176,100.0,96.0,6.0,98.9074,10.3956,-10.4528,,2,0.5,429.57,162.16,57.25,462.71
2026-09-01 22:59:05.431,100.0,96.0,6.0,98.9074,10.3956,-10.4528,,3,0.75,429.57,162.16,57.25,462.71
2026-09-01 22:59:05.670,100.0,96.0,6.0,98.9074,10.3956,-10.4528,,4,1.0,429.46,162.12,57.25,462.59
2026-09-01 22:59:08.173,100.0,96.0,6.0,98.9074,10.3956,-10.4528,,5,1.25,429.46,162.12,57.25,462.59
2026-09-01 22:59:15.171,100.0,96.0,0.0,99.4522,0.0,-10.4528,,1,0.25,429.26,163.27,57.12,462.8
2026-09-01 22:59:15.426,100.0,96.0,0.0,99.4522,0.0,-10.4528,,2,0.5,429.28,163.26,57.13,462.81
2026-09-01 22:59:15.682,100.0,96.0,0.0,99.4522,0.0,-10.4528,,3,0.75,429.28,163.26,57.13,462.81
2026-09-01 22:59:15.921,100.0,96.0,0.0,99.4522,0.0,-10.4528,,4,1.0,429.28,163.26,57.13,462.81
2026-09-01 22:59:16.176,100.0,96.0,0.0,99.4522,0.0,-10.4528,,5,1.25,429.3,163.25,57.14,462.83
2026-09-01 22:59:23.174,100.0,102.0,0.0,97.8148,0.0,-20.7912,,1,0.25,429.1,163.65,57.08,462.78
2026-09-01 22:59:23.429,100.0,102.0,0.0,97.8148,0.0,-20.7912,,2,0.5,429.1,163.65,57.08,462.78
2026-09-01 22:59:23.685,100.0,102.0,0.0,97.8148,0.0,-20.7912,,3,0.75,429.1,163.65,57.08,462.78
2026-09-01 22:59:23.924,100.0,102.0,0.0,97.8148,0.0,-20.7912,,4,1.0,429.08,163.67,57.07,462.76
2026-09-01 22:59:24.179,100.0,102.0,0.0,97.8148,0.0,-20.7912,,5,1.25,429.08,163.67,57.07,462.76
2026-09-01 22:59:31.177,100.0,102.0,6.0,97.2789,10.2244,-20.7912,,1,0.25,429.23,162.81,57.17,462.61
2026-09-01 22:59:31.432,100.0,102.0,6.0,97.2789,10.2244,-20.7912,,2,0.5,429.26,162.8,57.17,462.64
2026-09-01 22:59:31.671,100.0,102.0,6.0,97.2789,10.2244,-20.7912,,3,0.75,429.26,162.8,57.17,462.64
2026-09-01 22:59:31.927,100.0,102.0,6.0,97.2789,10.2244,-20.7912,,4,1.0,429.26,162.8,57.17,462.64
2026-09-01 22:59:32.182,100.0,102.0,6.0,97.2789,10.2244,-20.7912,,5,1.25,429.23,162.79,57.17,462.6
2026-09-01 22:59:39.180,100.0,102.0,12.0,95.6773,20.3368,-20.7912,,1,0.25,429.27,161.99,57.15,462.36
2026-09-01 22:59:39.420,100.0,102.0,12.0,95.6773,20.3368,-20.7912,,2,0.5,429.17,162.0,57.15,462.27
2026-09-01 22:59:41.922,100.0,102.0,12.0,95.6773,20.3368,-20.7912,,3,0.75,429.21,161.99,57.14,462.3
2026-09-01 22:59:42.178,100.0,102.0,12.0,95.6773,20.3368,-20.7912,,4,1.0,429.21,161.99,57.14,462.3
2026-09-01 22:59:42.433,100.0,102.0,12.0,95.6773,20.3368,-20.7912,,5,1.25,429.17,161.99,57.14,462.26
2026-09-01 22:59:49.431,100.0,102.0,18.0,93.0274,30.2264,-20.7912,,1,0.25,429.07,161.12,57.24,461.88
2026-09-01 22:59:49.670,100.0,102.0,18.0,93.0274,30.2264,-20.7912,,2,0.5,429.06,161.1,57.24,461.86
2026-09-01 22:59:49.925,100.0,102.0,18.0,93.0274,30.2264,-20.7912,,3,0.75,429.06,161.1,57.24,461.86
2026-09-01 22:59:50.180,100.0,102.0,18.0,93.0274,30.2264,-20.7912,,4,1.0,429.03,161.1,57.24,461.84
2026-09-01 22:59:50.420,100.0,102.0,18.0,93.0274,30.2264,-20.7912,,5,1.25,429.1,161.11,57.24,461.9
2026-09-01 22:59:59.682,100.0,102.0,24.0,89.3582,39.7848,-20.7912,,1,0.25,428.59,160.44,57.15,461.19
2026-09-01 22:59:59.921,100.0,102.0,24.0,89.3582,39.7848,-20.7912,,2,0.5,428.63,160.44,57.16,461.22
2026-09-01 23:00:00.176,100.0,102.0,24.0,89.3582,39.7848,-20.7912,,3,0.75,428.63,160.44,57.16,461.22
2026-09-01 23:00:00.431,100.0,102.0,24.0,89.3582,39.7848,-20.7912,,4,1.0,428.57,160.45,57.15,461.17
2026-09-01 23:00:00.671,100.0,102.0,24.0,89.3582,39.7848,-20.7912,,5,1.25,428.57,160.45,57.15,461.17
2026-09-01 23:00:07.669,100.0,102.0,30.0,84.7101,48.9074,-20.7912,,1,0.25,428.12,159.61,57.16,460.46
2026-09-01 23:00:10.172,100.0,102.0,30.0,84.7101,48.9074,-20.7912,,2,0.5,428.11,159.62,57.15,460.45
2026-09-01 23:00:10.427,100.0,102.0,30.0,84.7101,48.9074,-20.7912,,3,0.75,428.11,159.62,57.15,460.45
2026-09-01 23:00:10.682,100.0,102.0,30.0,84.7101,48.9074,-20.7912,,4,1.0,428.14,159.6,57.14,460.47
2026-09-01 23:00:10.922,100.0,102.0,30.0,84.7101,48.9074,-20.7912,,5,1.25,428.14,159.6,57.14,460.47
2026-09-01 23:00:17.920,100.0,102.0,36.0,79.1338,57.4941,-20.7912,,1,0.25,427.51,158.89,57.06,459.63
2026-09-01 23:00:18.175,100.0,102.0,36.0,79.1338,57.4941,-20.7912,,2,0.5,427.51,158.89,57.06,459.63
2026-09-01 23:00:18.430,100.0,102.0,36.0,79.1338,57.4941,-20.7912,,3,0.75,427.51,158.89,57.06,459.63
2026-09-01 23:00:18.670,100.0,102.0,36.0,79.1338,57.4941,-20.7912,,4,1.0,427.57,158.87,57.07,459.68
2026-09-01 23:00:21.173,100.0,102.0,36.0,79.1338,57.4941,-20.7912,,5,1.25,427.57,158.87,57.07,459.68
2026-09-01 23:00:28.171,100.0,102.0,42.0,72.6905,65.4508,-20.7912,,1,0.25,426.75,158.4,56.78,458.72
2026-09-01 23:00:28.426,100.0,102.0,42.0,72.6905,65.4508,-20.7912,,2,0.5,426.75,158.4,56.78,458.72
2026-09-01 23:00:28.681,100.0,102.0,42.0,72.6905,65.4508,-20.7912,,3,0.75,426.76,158.39,56.78,458.73
2026-09-01 23:00:28.920,100.0,102.0,42.0,72.6905,65.4508,-20.7912,,4,1.0,426.76,158.39,56.78,458.73
2026-09-01 23:00:29.176,100.0,102.0,42.0,72.6905,65.4508,-20.7912,,5,1.25,426.74,158.38,56.79,458.71
2026-09-01 23:00:36.174,100.0,102.0,48.0,65.4508,72.6905,-20.7912,,1,0.25,426.0,158.1,56.6,457.9
2026-09-01 23:00:36.429,100.0,102.0,48.0,65.4508,72.6905,-20.7912,,2,0.5,425.94,158.08,56.6,457.84
2026-09-01 23:00:36.668,100.0,102.0,48.0,65.4508,72.6905,-20.7912,,3,0.75,426.03,158.07,56.6,457.92
2026-09-01 23:00:39.171,100.0,102.0,48.0,65.4508,72.6905,-20.7912,,4,1.0,425.98,158.09,56.6,457.88
2026-09-01 23:00:39.427,100.0,102.0,48.0,65.4508,72.6905,-20.7912,,5,1.25,425.98,158.09,56.6,457.88
2026-09-01 23:00:46.425,100.0,102.0,54.0,57.4941,79.1338,-20.7912,,1,0.25,425.04,158.28,56.61,457.07
2026-09-01 23:00:46.680,100.0,102.0,54.0,57.4941,79.1338,-20.7912,,2,0.5,425.04,158.28,56.61,457.07
2026-09-01 23:00:46.919,100.0,102.0,54.0,57.4941,79.1338,-20.7912,,3,0.75,424.97,158.27,56.61,457.0
2026-09-01 23:00:49.422,100.0,102.0,54.0,57.4941,79.1338,-20.7912,,4,1.0,424.98,158.28,56.62,457.01
2026-09-01 23:00:49.677,100.0,102.0,54.0,57.4941,79.1338,-20.7912,,5,1.25,424.98,158.28,56.62,457.01
2026-09-01 23:00:56.676,100.0,102.0,60.0,48.9074,84.7101,-20.7912,,1,0.25,424.19,158.43,56.14,456.27
2026-09-01 23:00:56.931,100.0,102.0,60.0,48.9074,84.7101,-20.7912,,2,0.5,424.19,158.43,56.14,456.27
2026-09-01 23:00:57.170,100.0,102.0,60.0,48.9074,84.7101,-20.7912,,3,0.75,424.14,158.45,56.14,456.23
2026-09-01 23:00:57.425,100.0,102.0,60.0,48.9074,84.7101,-20.7912,,4,1.0,424.14,158.45,56.14,456.23
2026-09-01 23:00:57.680,100.0,102.0,60.0,48.9074,84.7101,-20.7912,,5,1.25,424.12,158.44,56.13,456.21
2026-09-01 23:01:04.679,100.0,102.0,66.0,39.7848,89.3582,-20.7912,,1,0.25,423.15,158.98,56.19,455.5
2026-09-01 23:01:04.918,100.0,102.0,66.0,39.7848,89.3582,-20.7912,,2,0.5,423.12,159.03,56.2,455.49
2026-09-01 23:01:07.421,100.0,102.0,66.0,39.7848,89.3582,-20.7912,,3,0.75,423.13,159.02,56.2,455.5
2026-09-01 23:01:07.676,100.0,102.0,66.0,39.7848,89.3582,-20.7912,,4,1.0,423.13,159.02,56.2,455.5
2026-09-01 23:01:07.931,100.0,102.0,66.0,39.7848,89.3582,-20.7912,,5,1.25,423.1,159.02,56.2,455.47
2026-09-01 23:01:14.930,100.0,102.0,72.0,30.2264,93.0274,-20.7912,,1,0.25,422.31,159.39,56.25,454.87
2026-09-01 23:01:15.169,100.0,102.0,72.0,30.2264,93.0274,-20.7912,,2,0.5,422.31,159.42,56.25,454.88
2026-09-01 23:01:17.672,100.0,102.0,72.0,30.2264,93.0274,-20.7912,,3,0.75,422.29,159.42,56.23,454.86
2026-09-01 23:01:17.927,100.0,102.0,72.0,30.2264,93.0274,-20.7912,,4,1.0,422.29,159.42,56.23,454.86
2026-09-01 23:01:18.182,100.0,102.0,72.0,30.2264,93.0274,-20.7912,,5,1.25,422.37,159.42,56.24,454.94
2026-09-01 23:01:25.181,100.0,102.0,78.0,20.3368,95.6773,-20.7912,,1,0.25,421.53,160.22,56.18,454.43
2026-09-01 23:01:25.420,100.0,102.0,78.0,20.3368,95.6773,-20.7912,,2,0.5,421.54,160.22,56.19,454.44
2026-09-01 23:01:25.675,100.0,102.0,78.0,20.3368,95.6773,-20.7912,,3,0.75,421.54,160.22,56.19,454.44
2026-09-01 23:01:25.930,100.0,102.0,78.0,20.3368,95.6773,-20.7912,,4,1.0,421.59,160.24,56.19,454.5
2026-09-01 23:01:26.169,100.0,102.0,78.0,20.3368,95.6773,-20.7912,,5,1.25,421.59,160.24,56.19,454.5
2026-09-01 23:01:33.168,100.0,102.0,84.0,10.2244,97.2789,-20.7912,,1,0.25,420.85,161.22,56.02,454.14
2026-09-01 23:01:35.671,100.0,102.0,84.0,10.2244,97.2789,-20.7912,,2,0.5,420.83,161.24,56.02,454.13
2026-09-01 23:01:35.926,100.0,102.0,84.0,10.2244,97.2789,-20.7912,,3,0.75,420.83,161.24,56.02,454.13
2026-09-01 23:01:36.181,100.0,102.0,84.0,10.2244,97.2789,-20.7912,,4,1.0,420.82,161.24,56.02,454.12
2026-09-01 23:01:36.420,100.0,102.0,84.0,10.2244,97.2789,-20.7912,,5,1.25,420.82,161.24,56.02,454.12
2026-09-01 23:01:43.419,100.0,102.0,90.0,0.0,97.8148,-20.7912,,1,0.25,420.28,162.33,55.86,453.98
2026-09-01 23:01:45.922,100.0,102.0,90.0,0.0,97.8148,-20.7912,,2,0.5,420.28,162.33,55.86,453.98
2026-09-01 23:01:46.177,100.0,102.0,90.0,0.0,97.8148,-20.7912,,3,0.75,420.3,162.33,55.86,454.0
2026-09-01 23:01:46.432,100.0,102.0,90.0,0.0,97.8148,-20.7912,,4,1.0,420.3,162.33,55.86,454.0
2026-09-01 23:01:46.671,100.0,102.0,90.0,0.0,97.8148,-20.7912,,5,1.25,420.31,162.32,55.84,454.01
2026-09-01 23:01:53.669,100.0,102.0,96.0,-10.2244,97.2789,-20.7912,,1,0.25,420.01,163.44,55.74,454.12
2026-09-01 23:01:53.925,100.0,102.0,96.0,-10.2244,97.2789,-20.7912,,2,0.5,420.01,163.44,55.74,454.12
2026-09-01 23:01:54.180,100.0,102.0,96.0,-10.2244,97.2789,-20.7912,,3,0.75,420.01,163.44,55.74,454.12
2026-09-01 23:01:54.419,100.0,102.0,96.0,-10.2244,97.2789,-20.7912,,4,1.0,420.04,163.45,55.74,454.15
2026-09-01 23:01:56.922,100.0,102.0,96.0,-10.2244,97.2789,-20.7912,,5,1.25,419.96,163.46,55.74,454.08
2026-09-01 23:02:03.920,100.0,102.0,102.0,-20.3368,95.6773,-20.7912,,1,0.25,419.91,164.59,55.6,454.42
2026-09-01 23:02:04.175,100.0,102.0,102.0,-20.3368,95.6773,-20.7912,,2,0.5,419.87,164.57,55.59,454.38
2026-09-01 23:02:04.431,100.0,102.0,102.0,-20.3368,95.6773,-20.7912,,3,0.75,419.87,164.57,55.59,454.38
2026-09-01 23:02:04.670,100.0,102.0,102.0,-20.3368,95.6773,-20.7912,,4,1.0,419.92,164.57,55.59,454.42
2026-09-01 23:02:04.925,100.0,102.0,102.0,-20.3368,95.6773,-20.7912,,5,1.25,419.92,164.57,55.59,454.42
2026-09-01 23:02:11.923,100.0,102.0,108.0,-30.2264,93.0274,-20.7912,,1,0.25,420.03,165.51,55.64,454.87
2026-09-01 23:02:12.179,100.0,102.0,108.0,-30.2264,93.0274,-20.7912,,2,0.5,420.03,165.51,55.64,454.87
2026-09-01 23:02:12.434,100.0,102.0,108.0,-30.2264,93.0274,-20.7912,,3,0.75,419.98,165.5,55.64,454.82
2026-09-01 23:02:12.673,100.0,102.0,108.0,-30.2264,93.0274,-20.7912,,4,1.0,419.98,165.5,55.64,454.82
2026-09-01 23:02:12.928,100.0,102.0,108.0,-30.2264,93.0274,-20.7912,,5,1.25,419.98,165.52,55.65,454.83
2026-09-01 23:02:19.926,100.0,102.0,114.0,-39.7848,89.3582,-20.7912,,1,0.25,420.23,166.62,55.71,455.47
2026-09-01 23:02:20.181,100.0,102.0,114.0,-39.7848,89.3582,-20.7912,,2,0.5,420.27,166.61,55.72,455.51
2026-09-01 23:02:20.421,100.0,102.0,114.0,-39.7848,89.3582,-20.7912,,3,0.75,420.27,166.61,55.72,455.51
2026-09-01 23:02:20.676,100.0,102.0,114.0,-39.7848,89.3582,-20.7912,,4,1.0,420.26,166.59,55.71,455.49
2026-09-01 23:02:20.931,100.0,102.0,114.0,-39.7848,89.3582,-20.7912,,5,1.25,420.26,166.59,55.71,455.49
2026-09-01 23:02:27.929,100.0,102.0,120.0,-48.9074,84.7101,-20.7912,,1,0.25,420.64,167.71,55.76,456.26
2026-09-01 23:02:28.169,100.0,102.0,120.0,-48.9074,84.7101,-20.7912,,2,0.5,420.65,167.72,55.78,456.27
2026-09-01 23:02:30.672,100.0,102.0,120.0,-48.9074,84.7101,-20.7912,,3,0.75,420.65,167.72,55.78,456.27
2026-09-01 23:02:30.927,100.0,102.0,120.0,-48.9074,84.7101,-20.7912,,4,1.0,420.66,167.7,55.77,456.27
2026-09-01 23:02:31.182,100.0,102.0,120.0,-48.9074,84.7101,-20.7912,,5,1.25,420.66,167.7,55.77,456.27
2026-09-01 23:02:38.180,100.0,102.0,126.0,-57.4941,79.1338,-20.7912,,1,0.25,421.12,168.37,56.02,456.97
2026-09-01 23:02:38.419,100.0,102.0,126.0,-57.4941,79.1338,-20.7912,,2,0.5,421.12,168.37,56.02,456.97
2026-09-01 23:02:38.675,100.0,102.0,126.0,-57.4941,79.1338,-20.7912,,3,0.75,421.14,168.39,56.03,457.0
2026-09-01 23:02:38.930,100.0,102.0,126.0,-57.4941,79.1338,-20.7912,,4,1.0,421.14,168.39,56.03,457.0
2026-09-01 23:02:39.169,100.0,102.0,126.0,-57.4941,79.1338,-20.7912,,5,1.25,421.1,168.39,56.03,456.96
2026-09-01 23:02:46.168,100.0,102.0,132.0,-65.4508,72.6905,-20.7912,,1,0.25,422.04,168.63,56.19,457.94
2026-09-01 23:02:48.671,100.0,102.0,132.0,-65.4508,72.6905,-20.7912,,2,0.5,422.04,168.63,56.19,457.94
2026-09-01 23:02:48.926,100.0,102.0,132.0,-65.4508,72.6905,-20.7912,,3,0.75,422.0,168.63,56.19,457.9
2026-09-01 23:02:49.181,100.0,102.0,132.0,-65.4508,72.6905,-20.7912,,4,1.0,422.0,168.63,56.19,457.9
2026-09-01 23:02:49.420,100.0,102.0,132.0,-65.4508,72.6905,-20.7912,,5,1.25,421.99,168.63,56.18,457.89
2026-09-01 23:02:56.419,100.0,102.0,138.0,-72.6905,65.4508,-20.7912,,1,0.25,422.94,169.06,56.39,458.95
2026-09-01 23:02:58.922,100.0,102.0,138.0,-72.6905,65.4508,-20.7912,,2,0.5,422.94,169.06,56.39,458.95
2026-09-01 23:02:59.177,100.0,102.0,138.0,-72.6905,65.4508,-20.7912,,3,0.75,422.95,169.04,56.4,458.95
2026-09-01 23:02:59.432,100.0,102.0,138.0,-72.6905,65.4508,-20.7912,,4,1.0,422.95,169.04,56.4,458.95
2026-09-01 23:02:59.671,100.0,102.0,138.0,-72.6905,65.4508,-20.7912,,5,1.25,422.95,169.04,56.38,458.95
2026-09-01 23:03:06.670,100.0,102.0,144.0,-79.1338,57.4941,-20.7912,,1,0.25,423.81,169.28,56.56,459.85
2026-09-01 23:03:06.925,100.0,102.0,144.0,-79.1338,57.4941,-20.7912,,2,0.5,423.81,169.28,56.57,459.85
2026-09-01 23:03:07.180,100.0,102.0,144.0,-79.1338,57.4941,-20.7912,,3,0.75,423.81,169.28,56.57,459.85
2026-09-01 23:03:07.419,100.0,102.0,144.0,-79.1338,57.4941,-20.7912,,4,1.0,423.86,169.31,56.58,459.91
2026-09-01 23:03:07.674,100.0,102.0,144.0,-79.1338,57.4941,-20.7912,,5,1.25,423.86,169.31,56.58,459.91
2026-09-01 23:03:14.673,100.0,102.0,150.0,-84.7101,48.9074,-20.7912,,1,0.25,424.81,169.08,56.81,460.73
2026-09-01 23:03:14.928,100.0,102.0,150.0,-84.7101,48.9074,-20.7912,,2,0.5,424.81,169.08,56.81,460.73
2026-09-01 23:03:15.183,100.0,102.0,150.0,-84.7101,48.9074,-20.7912,,3,0.75,424.75,169.1,56.82,460.69
2026-09-01 23:03:15.422,100.0,102.0,150.0,-84.7101,48.9074,-20.7912,,4,1.0,424.75,169.1,56.82,460.69
2026-09-01 23:03:15.677,100.0,102.0,150.0,-84.7101,48.9074,-20.7912,,5,1.25,424.76,169.12,56.8,460.7
2026-09-01 23:03:22.676,100.0,102.0,156.0,-89.3582,39.7848,-20.7912,,1,0.25,425.68,168.83,57.09,461.48
2026-09-01 23:03:22.931,100.0,102.0,156.0,-89.3582,39.7848,-20.7912,,2,0.5,425.65,168.82,57.08,461.45
2026-09-01 23:03:23.170,100.0,102.0,156.0,-89.3582,39.7848,-20.7912,,3,0.75,425.65,168.82,57.08,461.45
2026-09-01 23:03:23.425,100.0,102.0,156.0,-89.3582,39.7848,-20.7912,,4,1.0,425.66,168.8,57.08,461.45
2026-09-01 23:03:23.680,100.0,102.0,156.0,-89.3582,39.7848,-20.7912,,5,1.25,425.66,168.8,57.08,461.45
2026-09-01 23:03:30.679,100.0,102.0,162.0,-93.0274,30.2264,-20.7912,,1,0.25,426.5,168.42,57.36,462.12
2026-09-01 23:03:30.918,100.0,102.0,162.0,-93.0274,30.2264,-20.7912,,2,0.5,426.44,168.42,57.36,462.06
2026-09-01 23:03:33.421,100.0,102.0,162.0,-93.0274,30.2264,-20.7912,,3,0.75,426.44,168.42,57.36,462.06
2026-09-01 23:03:33.676,100.0,102.0,162.0,-93.0274,30.2264,-20.7912,,4,1.0,426.44,168.42,57.36,462.06
2026-09-01 23:03:33.931,100.0,102.0,162.0,-93.0274,30.2264,-20.7912,,5,1.25,426.44,168.41,57.36,462.06
2026-09-01 23:03:40.930,100.0,102.0,168.0,-95.6773,20.3368,-20.7912,,1,0.25,427.16,168.07,57.49,462.62
2026-09-01 23:03:41.169,100.0,102.0,168.0,-95.6773,20.3368,-20.7912,,2,0.5,427.16,168.07,57.49,462.62
2026-09-01 23:03:41.424,100.0,102.0,168.0,-95.6773,20.3368,-20.7912,,3,0.75,427.14,168.05,57.48,462.59
2026-09-01 23:03:41.679,100.0,102.0,168.0,-95.6773,20.3368,-20.7912,,4,1.0,427.14,168.05,57.48,462.59
2026-09-01 23:03:41.919,100.0,102.0,168.0,-95.6773,20.3368,-20.7912,,5,1.25,427.14,168.05,57.48,462.59
2026-09-01 23:03:48.917,100.0,102.0,174.0,-97.2789,10.2244,-20.7912,,1,0.25,427.79,167.35,57.75,462.97
2026-09-01 23:03:51.420,100.0,102.0,174.0,-97.2789,10.2244,-20.7912,,2,0.5,427.79,167.36,57.75,462.97
2026-09-01 23:03:51.675,100.0,102.0,174.0,-97.2789,10.2244,-20.7912,,3,0.75,427.79,167.36,57.75,462.97
2026-09-01 23:03:51.930,100.0,102.0,174.0,-97.2789,10.2244,-20.7912,,4,1.0,427.77,167.37,57.74,462.96
2026-09-01 23:03:52.169,100.0,102.0,174.0,-97.2789,10.2244,-20.7912,,5,1.25,427.77,167.37,57.74,462.96
2026-09-01 23:03:59.168,100.0,102.0,180.0,-97.8148,0.0,-20.7912,,1,0.25,428.23,166.67,57.84,463.14
2026-09-01 23:03:59.423,100.0,102.0,180.0,-97.8148,0.0,-20.7912,,2,0.5,428.23,166.67,57.84,463.14
2026-09-01 23:03:59.679,100.0,102.0,180.0,-97.8148,0.0,-20.7912,,3,0.75,428.2,166.65,57.83,463.11
2026-09-01 23:03:59.918,100.0,102.0,180.0,-97.8148,0.0,-20.7912,,4,1.0,428.28,166.67,57.82,463.19
2026-09-01 23:04:02.421,100.0,102.0,180.0,-97.8148,0.0,-20.7912,,5,1.25,428.28,166.67,57.82,463.19
2026-09-01 23:04:09.419,100.0,102.0,186.0,-97.2789,-10.2244,-20.7912,,1,0.25,428.61,165.74,57.99,463.18
2026-09-01 23:04:09.674,100.0,102.0,186.0,-97.2789,-10.2244,-20.7912,,2,0.5,428.61,165.74,57.99,463.18
2026-09-01 23:04:09.930,100.0,102.0,186.0,-97.2789,-10.2244,-20.7912,,3,0.75,428.63,165.73,57.99,463.19
2026-09-01 23:04:10.169,100.0,102.0,186.0,-97.2789,-10.2244,-20.7912,,4,1.0,428.63,165.73,57.99,463.19
2026-09-01 23:04:10.424,100.0,102.0,186.0,-97.2789,-10.2244,-20.7912,,5,1.25,428.66,165.72,58.0,463.22
2026-09-01 23:04:17.422,100.0,102.0,192.0,-95.6773,-20.3368,-20.7912,,1,0.25,428.79,165.14,58.01,463.13
2026-09-01 23:04:17.678,100.0,102.0,192.0,-95.6773,-20.3368,-20.7912,,2,0.5,428.75,165.13,58.01,463.09
2026-09-01 23:04:17.933,100.0,102.0,192.0,-95.6773,-20.3368,-20.7912,,3,0.75,428.75,165.13,58.01,463.09
2026-09-01 23:04:18.172,100.0,102.0,192.0,-95.6773,-20.3368,-20.7912,,4,1.0,428.74,165.11,58.0,463.08
2026-09-01 23:04:18.427,100.0,102.0,192.0,-95.6773,-20.3368,-20.7912,,5,1.25,428.74,165.11,58.0,463.08
2026-09-01 23:04:25.426,100.0,102.0,198.0,-93.0274,-30.2264,-20.7912,,1,0.25,428.96,164.09,58.1,462.93
2026-09-01 23:04:25.681,100.0,102.0,198.0,-93.0274,-30.2264,-20.7912,,2,0.5,428.96,164.09,58.1,462.93
2026-09-01 23:04:25.920,100.0,102.0,198.0,-93.0274,-30.2264,-20.7912,,3,0.75,428.96,164.08,58.11,462.93
2026-09-01 23:04:26.175,100.0,102.0,198.0,-93.0274,-30.2264,-20.7912,,4,1.0,428.96,164.08,58.11,462.93
2026-09-01 23:04:26.430,100.0,102.0,198.0,-93.0274,-30.2264,-20.7912,,5,1.25,428.93,164.08,58.11,462.9
2026-09-01 23:04:33.429,100.0,102.0,204.0,-89.3582,-39.7848,-20.7912,,1,0.25,428.89,163.27,58.06,462.57
2026-09-01 23:04:33.668,100.0,102.0,204.0,-89.3582,-39.7848,-20.7912,,2,0.5,428.85,163.3,58.05,462.54
2026-09-01 23:04:33.923,100.0,102.0,204.0,-89.3582,-39.7848,-20.7912,,3,0.75,428.85,163.3,58.05,462.54
2026-09-01 23:04:34.178,100.0,102.0,204.0,-89.3582,-39.7848,-20.7912,,4,1.0,428.84,163.28,58.05,462.52
2026-09-01 23:04:34.417,100.0,102.0,204.0,-89.3582,-39.7848,-20.7912,,5,1.25,428.78,163.26,58.05,462.46
2026-09-01 23:04:43.680,100.0,102.0,210.0,-84.7101,-48.9074,-20.7912,,1,0.25,428.44,162.73,58.0,461.95
2026-09-01 23:04:43.919,100.0,102.0,210.0,-84.7101,-48.9074,-20.7912,,2,0.5,428.4,162.73,57.99,461.92
2026-09-01 23:04:44.174,100.0,102.0,210.0,-84.7101,-48.9074,-20.7912,,3,0.75,428.4,162.73,57.99,461.92
2026-09-01 23:04:44.429,100.0,102.0,210.0,-84.7101,-48.9074,-20.7912,,4,1.0,428.42,162.72,58.0,461.93
2026-09-01 23:04:44.668,100.0,102.0,210.0,-84.7101,-48.9074,-20.7912,,5,1.25,428.42,162.72,58.0,461.93
2026-09-01 23:04:51.667,100.0,102.0,216.0,-79.1338,-57.4941,-20.7912,,1,0.25,428.08,162.07,57.92,461.38
2026-09-01 23:04:54.170,100.0,102.0,216.0,-79.1338,-57.4941,-20.7912,,2,0.5,428.1,162.06,57.92,461.39
2026-09-01 23:04:54.425,100.0,102.0,216.0,-79.1338,-57.4941,-20.7912,,3,0.75,428.1,162.06,57.92,461.39
2026-09-01 23:04:54.680,100.0,102.0,216.0,-79.1338,-57.4941,-20.7912,,4,1.0,428.1,162.06,57.93,461.39
2026-09-01 23:04:54.919,100.0,102.0,216.0,-79.1338,-57.4941,-20.7912,,5,1.25,428.1,162.06,57.93,461.39
2026-09-01 23:05:01.918,100.0,102.0,222.0,-72.6905,-65.4508,-20.7912,,1,0.25,427.51,161.49,57.8,460.63
2026-09-01 23:05:04.421,100.0,102.0,222.0,-72.6905,-65.4508,-20.7912,,2,0.5,427.51,161.49,57.8,460.63
2026-09-01 23:05:04.676,100.0,102.0,222.0,-72.6905,-65.4508,-20.7912,,3,0.75,427.48,161.51,57.8,460.61
2026-09-01 23:05:04.931,100.0,102.0,222.0,-72.6905,-65.4508,-20.7912,,4,1.0,427.48,161.51,57.8,460.61
2026-09-01 23:05:05.170,100.0,102.0,222.0,-72.6905,-65.4508,-20.7912,,5,1.25,427.53,161.51,57.82,460.66
2026-09-01 23:05:12.169,100.0,102.0,228.0,-65.4508,-72.6905,-20.7912,,1,0.25,426.83,161.02,57.6,459.81
2026-09-01 23:05:12.424,100.0,102.0,228.0,-65.4508,-72.6905,-20.7912,,2,0.5,426.86,161.03,57.6,459.84
2026-09-01 23:05:12.679,100.0,102.0,228.0,-65.4508,-72.6905,-20.7912,,3,0.75,426.86,161.03,57.6,459.84
2026-09-01 23:05:12.918,100.0,102.0,228.0,-65.4508,-72.6905,-20.7912,,4,1.0,426.82,161.04,57.6,459.81
2026-09-01 23:05:13.173,100.0,102.0,228.0,-65.4508,-72.6905,-20.7912,,5,1.25,426.82,161.04,57.6,459.81
2026-09-01 23:05:20.172,100.0,102.0,234.0,-57.4941,-79.1338,-20.7912,,1,0.25,426.08,160.69,57.44,458.98
2026-09-01 23:05:20.427,100.0,102.0,234.0,-57.4941,-79.1338,-20.7912,,2,0.5,426.08,160.69,57.44,458.98
2026-09-01 23:05:20.682,100.0,102.0,234.0,-57.4941,-79.1338,-20.7912,,3,0.75,426.09,160.67,57.44,458.98
2026-09-01 23:05:20.921,100.0,102.0,234.0,-57.4941,-79.1338,-20.7912,,4,1.0,426.09,160.67,57.44,458.98
2026-09-01 23:05:21.176,100.0,102.0,234.0,-57.4941,-79.1338,-20.7912,,5,1.25,426.09,160.68,57.45,458.98
2026-09-01 23:05:28.175,100.0,102.0,240.0,-48.9074,-84.7101,-20.7912,,1,0.25,425.23,160.83,57.21,458.21
2026-09-01 23:05:28.430,100.0,102.0,240.0,-48.9074,-84.7101,-20.7912,,2,0.5,425.32,160.85,57.19,458.3
2026-09-01 23:05:28.669,100.0,102.0,240.0,-48.9074,-84.7101,-20.7912,,3,0.75,425.32,160.85,57.19,458.3
2026-09-01 23:05:28.924,100.0,102.0,240.0,-48.9074,-84.7101,-20.7912,,4,1.0,425.28,160.86,57.22,458.27
2026-09-01 23:05:29.179,100.0,102.0,240.0,-48.9074,-84.7101,-20.7912,,5,1.25,425.28,160.86,57.22,458.27
2026-09-01 23:05:36.178,100.0,102.0,246.0,-39.7848,-89.3582,-20.7912,,1,0.25,424.42,160.89,57.04,457.46
2026-09-01 23:05:36.417,100.0,102.0,246.0,-39.7848,-89.3582,-20.7912,,2,0.5,424.34,160.9,57.07,457.39
2026-09-01 23:05:38.920,100.0,102.0,246.0,-39.7848,-89.3582,-20.7912,,3,0.75,424.34,160.9,57.07,457.39
2026-09-01 23:05:39.175,100.0,102.0,246.0,-39.7848,-89.3582,-20.7912,,4,1.0,424.38,160.91,57.08,457.43
2026-09-01 23:05:39.430,100.0,102.0,246.0,-39.7848,-89.3582,-20.7912,,5,1.25,424.38,160.91,57.08,457.43
2026-09-01 23:05:46.429,100.0,102.0,252.0,-30.2264,-93.0274,-20.7912,,1,0.25,423.68,160.96,56.88,456.78
2026-09-01 23:05:46.668,100.0,102.0,252.0,-30.2264,-93.0274,-20.7912,,2,0.5,423.68,160.96,56.88,456.78
2026-09-01 23:05:46.923,100.0,102.0,252.0,-30.2264,-93.0274,-20.7912,,3,0.75,423.7,160.97,56.89,456.8
2026-09-01 23:05:47.178,100.0,102.0,252.0,-30.2264,-93.0274,-20.7912,,4,1.0,423.7,160.97,56.89,456.8
2026-09-01 23:05:47.417,100.0,102.0,252.0,-30.2264,-93.0274,-20.7912,,5,1.25,423.72,160.98,56.87,456.82
2026-09-01 23:05:56.679,100.0,102.0,258.0,-20.3368,-95.6773,-20.7912,,1,0.25,422.84,161.51,56.63,456.16
2026-09-01 23:05:56.919,100.0,102.0,258.0,-20.3368,-95.6773,-20.7912,,2,0.5,422.84,161.51,56.63,456.16
2026-09-01 23:05:57.174,100.0,102.0,258.0,-20.3368,-95.6773,-20.7912,,3,0.75,422.83,161.5,56.62,456.15
2026-09-01 23:05:57.429,100.0,102.0,258.0,-20.3368,-95.6773,-20.7912,,4,1.0,422.83,161.5,56.62,456.15
2026-09-01 23:05:57.668,100.0,102.0,258.0,-20.3368,-95.6773,-20.7912,,5,1.25,422.83,161.49,56.61,456.14
2026-09-01 23:06:04.666,100.0,102.0,264.0,-10.2244,-97.2789,-20.7912,,1,0.25,422.35,161.94,56.54,455.85
2026-09-01 23:06:07.169,100.0,102.0,264.0,-10.2244,-97.2789,-20.7912,,2,0.5,422.35,161.94,56.54,455.85
2026-09-01 23:06:07.424,100.0,102.0,264.0,-10.2244,-97.2789,-20.7912,,3,0.75,422.34,161.93,56.54,455.83
2026-09-01 23:06:07.680,100.0,102.0,264.0,-10.2244,-97.2789,-20.7912,,4,1.0,422.34,161.93,56.54,455.83
2026-09-01 23:06:07.919,100.0,102.0,264.0,-10.2244,-97.2789,-20.7912,,5,1.25,422.34,161.91,56.53,455.83
2026-09-01 23:06:14.917,100.0,102.0,270.0,-0.0,-97.8148,-20.7912,,1,0.25,421.91,162.65,56.45,455.68
2026-09-01 23:06:17.420,100.0,102.0,270.0,-0.0,-97.8148,-20.7912,,2,0.5,421.91,162.65,56.45,455.68
2026-09-01 23:06:17.675,100.0,102.0,270.0,-0.0,-97.8148,-20.7912,,3,0.75,421.91,162.65,56.45,455.68
2026-09-01 23:06:17.930,100.0,102.0,270.0,-0.0,-97.8148,-20.7912,,4,1.0,421.91,162.65,56.47,455.68
2026-09-01 23:06:18.169,100.0,102.0,270.0,-0.0,-97.8148,-20.7912,,5,1.25,421.91,162.65,56.47,455.68
2026-09-01 23:06:25.168,100.0,102.0,276.0,10.2244,-97.2789,-20.7912,,1,0.25,421.59,163.43,56.38,455.66
2026-09-01 23:06:25.423,100.0,102.0,276.0,10.2244,-97.2789,-20.7912,,2,0.5,421.54,163.42,56.36,455.6
2026-09-01 23:06:25.678,100.0,102.0,276.0,10.2244,-97.2789,-20.7912,,3,0.75,421.54,163.42,56.36,455.6
2026-09-01 23:06:25.917,100.0,102.0,276.0,10.2244,-97.2789,-20.7912,,4,1.0,421.54,163.42,56.36,455.6
2026-09-01 23:06:26.172,100.0,102.0,276.0,10.2244,-97.2789,-20.7912,,5,1.25,421.54,163.41,56.34,455.6
2026-09-01 23:06:33.171,100.0,102.0,282.0,20.3368,-95.6773,-20.7912,,1,0.25,421.38,164.25,56.19,455.73
2026-09-01 23:06:33.426,100.0,102.0,282.0,20.3368,-95.6773,-20.7912,,2,0.5,421.38,164.25,56.19,455.73
2026-09-01 23:06:33.681,100.0,102.0,282.0,20.3368,-95.6773,-20.7912,,3,0.75,421.38,164.25,56.19,455.73
2026-09-01 23:06:33.920,100.0,102.0,282.0,20.3368,-95.6773,-20.7912,,4,1.0,421.41,164.26,56.19,455.76
2026-09-01 23:06:34.175,100.0,102.0,282.0,20.3368,-95.6773,-20.7912,,5,1.25,421.41,164.26,56.19,455.76
2026-09-01 23:06:41.174,100.0,102.0,288.0,30.2264,-93.0274,-20.7912,,1,0.25,421.56,165.11,56.21,456.21
2026-09-01 23:06:41.429,100.0,102.0,288.0,30.2264,-93.0274,-20.7912,,2,0.5,421.65,165.11,56.19,456.29
2026-09-01 23:06:41.668,100.0,102.0,288.0,30.2264,-93.0274,-20.7912,,3,0.75,421.65,165.11,56.19,456.29
2026-09-01 23:06:41.923,100.0,102.0,288.0,30.2264,-93.0274,-20.7912,,4,1.0,421.65,165.11,56.19,456.29
2026-09-01 23:06:42.178,100.0,102.0,288.0,30.2264,-93.0274,-20.7912,,5,1.25,421.59,165.09,56.21,456.23
2026-09-01 23:06:49.177,100.0,102.0,294.0,39.7848,-89.3582,-20.7912,,1,0.25,421.79,165.69,56.15,456.63
2026-09-01 23:06:49.416,100.0,102.0,294.0,39.7848,-89.3582,-20.7912,,2,0.5,421.79,165.69,56.15,456.63
2026-09-01 23:06:51.919,100.0,102.0,294.0,39.7848,-89.3582,-20.7912,,3,0.75,421.78,165.68,56.13,456.61
2026-09-01 23:06:52.174,100.0,102.0,294.0,39.7848,-89.3582,-20.7912,,4,1.0,421.78,165.68,56.13,456.61
2026-09-01 23:06:52.429,100.0,102.0,294.0,39.7848,-89.3582,-20.7912,,5,1.25,421.78,165.68,56.14,456.61
2026-09-01 23:06:59.428,100.0,102.0,300.0,48.9074,-84.7101,-20.7912,,1,0.25,422.16,166.49,56.12,457.26
2026-09-01 23:06:59.667,100.0,102.0,300.0,48.9074,-84.7101,-20.7912,,2,0.5,422.15,166.47,56.13,457.24
2026-09-01 23:07:02.170,100.0,102.0,300.0,48.9074,-84.7101,-20.7912,,3,0.75,422.13,166.48,56.12,457.22
2026-09-01 23:07:02.425,100.0,102.0,300.0,48.9074,-84.7101,-20.7912,,4,1.0,422.13,166.48,56.12,457.22
2026-09-01 23:07:02.680,100.0,102.0,300.0,48.9074,-84.7101,-20.7912,,5,1.25,422.15,166.46,56.12,457.24
2026-09-01 23:07:09.679,100.0,102.0,306.0,57.4941,-79.1338,-20.7912,,1,0.25,422.68,166.97,56.13,457.91
2026-09-01 23:07:09.918,100.0,102.0,306.0,57.4941,-79.1338,-20.7912,,2,0.5,422.73,166.98,56.14,457.96
2026-09-01 23:07:10.173,100.0,102.0,306.0,57.4941,-79.1338,-20.7912,,3,0.75,422.73,166.98,56.14,457.96
2026-09-01 23:07:10.428,100.0,102.0,306.0,57.4941,-79.1338,-20.7912,,4,1.0,422.75,166.97,56.14,457.98
2026-09-01 23:07:10.667,100.0,102.0,306.0,57.4941,-79.1338,-20.7912,,5,1.25,422.75,166.97,56.14,457.98
2026-09-01 23:07:17.666,100.0,102.0,312.0,65.4508,-72.6905,-20.7912,,1,0.25,423.49,167.37,56.17,458.81
2026-09-01 23:07:20.169,100.0,102.0,312.0,65.4508,-72.6905,-20.7912,,2,0.5,423.49,167.38,56.16,458.81
2026-09-01 23:07:20.424,100.0,102.0,312.0,65.4508,-72.6905,-20.7912,,3,0.75,423.49,167.38,56.16,458.81
2026-09-01 23:07:20.679,100.0,102.0,312.0,65.4508,-72.6905,-20.7912,,4,1.0,423.48,167.37,56.16,458.8
2026-09-01 23:07:20.918,100.0,102.0,312.0,65.4508,-72.6905,-20.7912,,5,1.25,423.48,167.37,56.16,458.8
2026-09-01 23:07:27.916,100.0,102.0,318.0,72.6905,-65.4508,-20.7912,,1,0.25,424.33,167.58,56.27,459.67
2026-09-01 23:07:30.419,100.0,102.0,318.0,72.6905,-65.4508,-20.7912,,2,0.5,424.29,167.58,56.26,459.64
2026-09-01 23:07:30.675,100.0,102.0,318.0,72.6905,-65.4508,-20.7912,,3,0.75,424.29,167.58,56.26,459.64
2026-09-01 23:07:30.930,100.0,102.0,318.0,72.6905,-65.4508,-20.7912,,4,1.0,424.29,167.57,56.26,459.63
2026-09-01 23:07:31.169,100.0,102.0,318.0,72.6905,-65.4508,-20.7912,,5,1.25,424.29,167.57,56.26,459.63
2026-09-01 23:07:38.167,100.0,102.0,324.0,79.1338,-57.4941,-20.7912,,1,0.25,425.14,167.63,56.35,460.45
2026-09-01 23:07:38.422,100.0,102.0,324.0,79.1338,-57.4941,-20.7912,,2,0.5,425.14,167.63,56.35,460.45
2026-09-01 23:07:38.677,100.0,102.0,324.0,79.1338,-57.4941,-20.7912,,3,0.75,425.14,167.63,56.35,460.45
2026-09-01 23:07:38.917,100.0,102.0,324.0,79.1338,-57.4941,-20.7912,,4,1.0,425.14,167.61,56.33,460.44
2026-09-01 23:07:41.420,100.0,102.0,324.0,79.1338,-57.4941,-20.7912,,5,1.25,425.12,167.63,56.34,460.43
2026-09-01 23:07:48.418,100.0,102.0,330.0,84.7101,-48.9074,-20.7912,,1,0.25,425.89,167.4,56.48,461.08
2026-09-01 23:07:48.673,100.0,102.0,330.0,84.7101,-48.9074,-20.7912,,2,0.5,425.91,167.39,56.48,461.09
2026-09-01 23:07:48.928,100.0,102.0,330.0,84.7101,-48.9074,-20.7912,,3,0.75,425.91,167.39,56.48,461.09
2026-09-01 23:07:49.167,100.0,102.0,330.0,84.7101,-48.9074,-20.7912,,4,1.0,425.96,167.41,56.47,461.14
2026-09-01 23:07:49.422,100.0,102.0,330.0,84.7101,-48.9074,-20.7912,,5,1.25,425.96,167.41,56.47,461.14
2026-09-01 23:07:56.421,100.0,102.0,336.0,89.3582,-39.7848,-20.7912,,1,0.25,426.62,167.23,56.6,461.7
2026-09-01 23:07:56.676,100.0,102.0,336.0,89.3582,-39.7848,-20.7912,,2,0.5,426.62,167.23,56.6,461.7
2026-09-01 23:07:56.915,100.0,102.0,336.0,89.3582,-39.7848,-20.7912,,3,0.75,426.68,167.24,56.58,461.76
2026-09-01 23:07:59.418,100.0,102.0,336.0,89.3582,-39.7848,-20.7912,,4,1.0,426.68,167.26,56.59,461.77
2026-09-01 23:07:59.673,100.0,102.0,336.0,89.3582,-39.7848,-20.7912,,5,1.25,426.68,167.26,56.59,461.77
2026-09-01 23:08:06.672,100.0,102.0,342.0,93.0274,-30.2264,-20.7912,,1,0.25,427.44,166.49,56.75,462.21
2026-09-01 23:08:06.927,100.0,102.0,342.0,93.0274,-30.2264,-20.7912,,2,0.5,427.44,166.49,56.75,462.21
2026-09-01 23:08:07.166,100.0,102.0,342.0,93.0274,-30.2264,-20.7912,,3,0.75,427.45,166.49,56.76,462.22
2026-09-01 23:08:07.421,100.0,102.0,342.0,93.0274,-30.2264,-20.7912,,4,1.0,427.45,166.49,56.76,462.22
2026-09-01 23:08:07.676,100.0,102.0,342.0,93.0274,-30.2264,-20.7912,,5,1.25,427.48,166.5,56.76,462.25
2026-09-01 23:08:14.675,100.0,102.0,348.0,95.6773,-20.3368,-20.7912,,1,0.25,427.91,166.13,56.87,462.53
2026-09-01 23:08:14.930,100.0,102.0,348.0,95.6773,-20.3368,-20.7912,,2,0.5,427.91,166.12,56.86,462.53
2026-09-01 23:08:15.169,100.0,102.0,348.0,95.6773,-20.3368,-20.7912,,3,0.75,427.91,166.12,56.86,462.53
2026-09-01 23:08:15.424,100.0,102.0,348.0,95.6773,-20.3368,-20.7912,,4,1.0,427.86,166.11,56.86,462.48
2026-09-01 23:08:15.679,100.0,102.0,348.0,95.6773,-20.3368,-20.7912,,5,1.25,427.86,166.11,56.86,462.48
2026-09-01 23:08:22.678,100.0,102.0,354.0,97.2789,-10.2244,-20.7912,,1,0.25,428.45,165.46,56.98,462.81
2026-09-01 23:08:22.917,100.0,102.0,354.0,97.2789,-10.2244,-20.7912,,2,0.5,428.45,165.46,56.98,462.81
2026-09-01 23:08:23.172,100.0,102.0,354.0,97.2789,-10.2244,-20.7912,,3,0.75,428.48,165.46,56.98,462.83
2026-09-01 23:08:23.427,100.0,102.0,354.0,97.2789,-10.2244,-20.7912,,4,1.0,428.48,165.46,56.98,462.83
2026-09-01 23:08:23.667,100.0,102.0,354.0,97.2789,-10.2244,-20.7912,,5,1.25,428.49,165.43,56.98,462.83
2026-09-01 23:08:30.665,100.0,108.0,354.0,94.5847,-9.9412,-30.9017,,1,0.25,428.4,165.39,56.96,462.73
2026-09-01 23:08:33.168,100.0,108.0,354.0,94.5847,-9.9412,-30.9017,,2,0.5,428.4,165.39,56.96,462.73
2026-09-01 23:08:33.423,100.0,108.0,354.0,94.5847,-9.9412,-30.9017,,3,0.75,428.47,165.39,56.97,462.8
2026-09-01 23:08:33.678,100.0,108.0,354.0,94.5847,-9.9412,-30.9017,,4,1.0,428.47,165.39,56.97,462.8
2026-09-01 23:08:33.917,100.0,108.0,354.0,94.5847,-9.9412,-30.9017,,5,1.25,428.42,165.39,56.98,462.75
2026-09-01 23:08:40.916,100.0,108.0,348.0,93.0274,-19.7736,-30.9017,,1,0.25,427.82,166.18,56.84,462.46
2026-09-01 23:08:43.419,100.0,108.0,348.0,93.0274,-19.7736,-30.9017,,2,0.5,427.82,166.18,56.84,462.46
2026-09-01 23:08:43.674,100.0,108.0,348.0,93.0274,-19.7736,-30.9017,,3,0.75,427.87,166.15,56.86,462.5
2026-09-01 23:08:43.929,100.0,108.0,348.0,93.0274,-19.7736,-30.9017,,4,1.0,427.87,166.15,56.86,462.5
2026-09-01 23:08:44.168,100.0,108.0,348.0,93.0274,-19.7736,-30.9017,,5,1.25,427.88,166.15,56.85,462.51
2026-09-01 23:08:51.167,100.0,108.0,342.0,90.4508,-29.3893,-30.9017,,1,0.25,427.36,166.64,56.79,462.2
2026-09-01 23:08:51.422,100.0,108.0,342.0,90.4508,-29.3893,-30.9017,,2,0.5,427.36,166.65,56.81,462.2
2026-09-01 23:08:51.677,100.0,108.0,342.0,90.4508,-29.3893,-30.9017,,3,0.75,427.36,166.65,56.81,462.2
2026-09-01 23:08:51.916,100.0,108.0,342.0,90.4508,-29.3893,-30.9017,,4,1.0,427.4,166.63,56.8,462.23
2026-09-01 23:08:52.171,100.0,108.0,342.0,90.4508,-29.3893,-30.9017,,5,1.25,427.4,166.63,56.8,462.23
2026-09-01 23:08:59.170,100.0,108.0,336.0,86.8833,-38.683,-30.9017,,1,0.25,426.67,166.98,56.67,461.67
2026-09-01 23:08:59.425,100.0,108.0,336.0,86.8833,-38.683,-30.9017,,2,0.5,426.67,166.98,56.67,461.67
2026-09-01 23:08:59.680,100.0,108.0,336.0,86.8833,-38.683,-30.9017,,3,0.75,426.69,166.97,56.65,461.68
2026-09-01 23:08:59.919,100.0,108.0,336.0,86.8833,-38.683,-30.9017,,4,1.0,426.69,166.97,56.65,461.68
2026-09-01 23:09:00.174,100.0,108.0,336.0,86.8833,-38.683,-30.9017,,5,1.25,426.65,166.97,56.66,461.64
2026-09-01 23:09:07.173,100.0,108.0,330.0,82.3639,-47.5528,-30.9017,,1,0.25,425.89,167.51,56.48,461.12
2026-09-01 23:09:07.428,100.0,108.0,330.0,82.3639,-47.5528,-30.9017,,2,0.5,425.83,167.49,56.49,461.05
2026-09-01 23:09:07.667,100.0,108.0,330.0,82.3639,-47.5528,-30.9017,,3,0.75,425.83,167.49,56.49,461.05
2026-09-01 23:09:07.922,100.0,108.0,330.0,82.3639,-47.5528,-30.9017,,4,1.0,425.83,167.5,56.48,461.06
2026-09-01 23:09:08.177,100.0,108.0,330.0,82.3639,-47.5528,-30.9017,,5,1.25,425.83,167.5,56.48,461.06
2026-09-01 23:09:15.176,100.0,108.0,324.0,76.9421,-55.9017,-30.9017,,1,0.25,425.01,167.55,56.35,460.3
2026-09-01 23:09:15.415,100.0,108.0,324.0,76.9421,-55.9017,-30.9017,,2,0.5,425.11,167.57,56.34,460.4
2026-09-01 23:09:17.918,100.0,108.0,324.0,76.9421,-55.9017,-30.9017,,3,0.75,425.11,167.57,56.34,460.4
2026-09-01 23:09:18.173,100.0,108.0,324.0,76.9421,-55.9017,-30.9017,,4,1.0,425.09,167.56,56.35,460.38
2026-09-01 23:09:18.428,100.0,108.0,324.0,76.9421,-55.9017,-30.9017,,5,1.25,425.09,167.56,56.35,460.38
2026-09-01 23:09:25.426,100.0,108.0,318.0,70.6773,-63.6381,-30.9017,,1,0.25,424.3,167.46,56.27,459.6
2026-09-01 23:09:25.666,100.0,108.0,318.0,70.6773,-63.6381,-30.9017,,2,0.5,424.26,167.43,56.26,459.55
2026-09-01 23:09:28.168,100.0,108.0,318.0,70.6773,-63.6381,-30.9017,,3,0.75,424.28,167.44,56.26,459.58
2026-09-01 23:09:28.424,100.0,108.0,318.0,70.6773,-63.6381,-30.9017,,4,1.0,424.28,167.44,56.26,459.58
2026-09-01 23:09:28.679,100.0,108.0,318.0,70.6773,-63.6381,-30.9017,,5,1.25,424.28,167.46,56.25,459.58
2026-09-01 23:09:35.550,100.0,108.0,312.0,63.6381,-70.6773,-30.9017,,1,0.25,423.53,167.21,56.22,458.8
2026-09-01 23:09:35.805,100.0,108.0,312.0,63.6381,-70.6773,-30.9017,,2,0.5,423.52,167.21,56.21,458.78
2026-09-01 23:09:36.044,100.0,108.0,312.0,63.6381,-70.6773,-30.9017,,3,0.75,423.52,167.21,56.21,458.78
2026-09-01 23:09:36.299,100.0,108.0,312.0,63.6381,-70.6773,-30.9017,,4,1.0,423.52,167.21,56.22,458.79
2026-09-01 23:09:36.554,100.0,108.0,312.0,63.6381,-70.6773,-30.9017,,5,1.25,423.52,167.21,56.22,458.79
2026-09-01 23:09:43.553,100.0,108.0,306.0,55.9017,-76.9421,-30.9017,,1,0.25,422.96,166.72,56.22,458.09
2026-09-01 23:09:43.792,100.0,108.0,306.0,55.9017,-76.9421,-30.9017,,2,0.5,422.96,166.72,56.22,458.09
2026-09-01 23:09:44.047,100.0,108.0,306.0,55.9017,-76.9421,-30.9017,,3,0.75,422.97,166.73,56.21,458.1
2026-09-01 23:09:44.302,100.0,108.0,306.0,55.9017,-76.9421,-30.9017,,4,1.0,422.97,166.73,56.21,458.1
2026-09-01 23:09:44.541,100.0,108.0,306.0,55.9017,-76.9421,-30.9017,,5,1.25,422.94,166.75,56.21,458.08
2026-09-01 23:09:51.540,100.0,108.0,300.0,47.5528,-82.3639,-30.9017,,1,0.25,422.27,166.3,56.2,457.3
2026-09-01 23:09:51.795,100.0,108.0,300.0,47.5528,-82.3639,-30.9017,,2,0.5,422.29,166.31,56.18,457.32
2026-09-01 23:09:52.050,100.0,108.0,300.0,47.5528,-82.3639,-30.9017,,3,0.75,422.29,166.31,56.18,457.32
2026-09-01 23:09:52.305,100.0,108.0,300.0,47.5528,-82.3639,-30.9017,,4,1.0,422.31,166.3,56.19,457.33
2026-09-01 23:09:52.544,100.0,108.0,300.0,47.5528,-82.3639,-30.9017,,5,1.25,422.31,166.3,56.19,457.33
2026-09-01 23:09:59.543,100.0,108.0,294.0,38.683,-86.8833,-30.9017,,1,0.25,421.79,165.93,56.18,456.72
2026-09-01 23:09:59.798,100.0,108.0,294.0,38.683,-86.8833,-30.9017,,2,0.5,421.79,165.93,56.18,456.72
2026-09-01 23:10:00.053,100.0,108.0,294.0,38.683,-86.8833,-30.9017,,3,0.75,421.75,165.91,56.19,456.67
2026-09-01 23:10:00.292,100.0,108.0,294.0,38.683,-86.8833,-30.9017,,4,1.0,421.75,165.91,56.19,456.67
2026-09-01 23:10:00.547,100.0,108.0,294.0,38.683,-86.8833,-30.9017,,5,1.25,421.84,165.93,56.18,456.76
2026-09-01 23:10:07.546,100.0,108.0,288.0,29.3893,-90.4508,-30.9017,,1,0.25,421.66,165.07,56.22,456.29
2026-09-01 23:10:07.801,100.0,108.0,288.0,29.3893,-90.4508,-30.9017,,2,0.5,421.64,165.07,56.25,456.28
2026-09-01 23:10:08.040,100.0,108.0,288.0,29.3893,-90.4508,-30.9017,,3,0.75,421.64,165.07,56.25,456.28
2026-09-01 23:10:08.295,100.0,108.0,288.0,29.3893,-90.4508,-30.9017,,4,1.0,421.66,165.07,56.24,456.29
2026-09-01 23:10:08.550,100.0,108.0,288.0,29.3893,-90.4508,-30.9017,,5,1.25,421.66,165.07,56.24,456.29
2026-09-01 23:10:15.549,100.0,108.0,282.0,19.7736,-93.0274,-30.9017,,1,0.25,421.5,164.5,56.29,455.95
2026-09-01 23:10:15.804,100.0,108.0,282.0,19.7736,-93.0274,-30.9017,,2,0.5,421.5,164.5,56.29,455.95
2026-09-01 23:10:16.044,100.0,108.0,282.0,19.7736,-93.0274,-30.9017,,3,0.75,421.5,164.5,56.29,455.95
2026-09-01 23:10:16.299,100.0,108.0,282.0,19.7736,-93.0274,-30.9017,,4,1.0,421.5,164.5,56.29,455.95
2026-09-01 23:10:16.554,100.0,108.0,282.0,19.7736,-93.0274,-30.9017,,5,1.25,421.51,164.5,56.3,455.96
2026-09-01 23:10:23.552,100.0,108.0,276.0,9.9412,-94.5847,-30.9017,,1,0.25,421.63,163.8,56.38,455.83
2026-09-01 23:10:23.791,100.0,108.0,276.0,9.9412,-94.5847,-30.9017,,2,0.5,421.65,163.77,56.38,455.83
2026-09-01 23:10:24.046,100.0,108.0,276.0,9.9412,-94.5847,-30.9017,,3,0.75,421.65,163.77,56.38,455.83
2026-09-01 23:10:24.302,100.0,108.0,276.0,9.9412,-94.5847,-30.9017,,4,1.0,421.61,163.78,56.38,455.8
2026-09-01 23:10:24.541,100.0,108.0,276.0,9.9412,-94.5847,-30.9017,,5,1.25,421.61,163.78,56.38,455.8
2026-09-01 23:10:31.539,100.0,108.0,270.0,-0.0,-95.1057,-30.9017,,1,0.25,421.97,163.02,56.4,455.86
2026-09-01 23:10:31.795,100.0,108.0,270.0,-0.0,-95.1057,-30.9017,,2,0.5,421.97,163.02,56.4,455.86
2026-09-01 23:10:32.050,100.0,108.0,270.0,-0.0,-95.1057,-30.9017,,3,0.75,421.96,163.02,56.41,455.85
2026-09-01 23:10:32.305,100.0,108.0,270.0,-0.0,-95.1057,-30.9017,,4,1.0,421.96,163.02,56.41,455.85
2026-09-01 23:10:32.544,100.0,108.0,270.0,-0.0,-95.1057,-30.9017,,5,1.25,421.92,163.02,56.41,455.82
2026-09-01 23:10:39.542,100.0,108.0,264.0,-9.9412,-94.5847,-30.9017,,1,0.25,422.42,162.26,56.56,456.03
2026-09-01 23:10:39.798,100.0,108.0,264.0,-9.9412,-94.5847,-30.9017,,2,0.5,422.47,162.28,56.54,456.08
2026-09-01 23:10:40.053,100.0,108.0,264.0,-9.9412,-94.5847,-30.9017,,3,0.75,422.47,162.28,56.54,456.08
2026-09-01 23:10:40.292,100.0,108.0,264.0,-9.9412,-94.5847,-30.9017,,4,1.0,422.57,162.3,56.55,456.18
2026-09-01 23:10:40.547,100.0,108.0,264.0,-9.9412,-94.5847,-30.9017,,5,1.25,422.57,162.3,56.55,456.18
2026-09-01 23:10:47.546,100.0,108.0,258.0,-19.7736,-93.0274,-30.9017,,1,0.25,423.04,161.79,56.66,456.45
2026-09-01 23:10:47.801,100.0,108.0,258.0,-19.7736,-93.0274,-30.9017,,2,0.5,423.04,161.79,56.66,456.45
2026-09-01 23:10:48.040,100.0,108.0,258.0,-19.7736,-93.0274,-30.9017,,3,0.75,423.06,161.78,56.66,456.46
2026-09-01 23:10:48.295,100.0,108.0,258.0,-19.7736,-93.0274,-30.9017,,4,1.0,423.06,161.78,56.66,456.46
2026-09-01 23:10:48.550,100.0,108.0,258.0,-19.7736,-93.0274,-30.9017,,5,1.25,423.04,161.77,56.67,456.44
2026-09-01 23:10:55.549,100.0,108.0,252.0,-29.3893,-90.4508,-30.9017,,1,0.25,423.61,161.53,56.83,456.91
2026-09-01 23:10:55.804,100.0,108.0,252.0,-29.3893,-90.4508,-30.9017,,2,0.5,423.66,161.52,56.84,456.95
2026-09-01 23:10:56.043,100.0,108.0,252.0,-29.3893,-90.4508,-30.9017,,3,0.75,423.66,161.52,56.84,456.95
2026-09-01 23:10:56.298,100.0,108.0,252.0,-29.3893,-90.4508,-30.9017,,4,1.0,423.62,161.52,56.85,456.91
2026-09-01 23:10:56.553,100.0,108.0,252.0,-29.3893,-90.4508,-30.9017,,5,1.25,423.62,161.52,56.85,456.91
2026-09-01 23:11:03.552,100.0,108.0,246.0,-38.683,-86.8833,-30.9017,,1,0.25,424.39,161.2,56.99,457.53
2026-09-01 23:11:03.791,100.0,108.0,246.0,-38.683,-86.8833,-30.9017,,2,0.5,424.39,161.2,56.99,457.53
2026-09-01 23:11:04.046,100.0,108.0,246.0,-38.683,-86.8833,-30.9017,,3,0.75,424.38,161.22,57.01,457.53
2026-09-01 23:11:04.301,100.0,108.0,246.0,-38.683,-86.8833,-30.9017,,4,1.0,424.38,161.22,57.01,457.53
2026-09-01 23:11:04.540,100.0,108.0,246.0,-38.683,-86.8833,-30.9017,,5,1.25,424.37,161.22,56.99,457.52
2026-09-01 23:11:11.539,100.0,108.0,240.0,-47.5528,-82.3639,-30.9017,,1,0.25,425.21,161.05,57.25,458.27
2026-09-01 23:11:11.794,100.0,108.0,240.0,-47.5528,-82.3639,-30.9017,,2,0.5,425.19,161.05,57.24,458.25
2026-09-01 23:11:12.049,100.0,108.0,240.0,-47.5528,-82.3639,-30.9017,,3,0.75,425.19,161.05,57.24,458.25
2026-09-01 23:11:12.304,100.0,108.0,240.0,-47.5528,-82.3639,-30.9017,,4,1.0,425.15,161.06,57.24,458.22
2026-09-01 23:11:12.543,100.0,108.0,240.0,-47.5528,-82.3639,-30.9017,,5,1.25,425.15,161.06,57.24,458.22
2026-09-01 23:11:19.542,100.0,108.0,234.0,-55.9017,-76.9421,-30.9017,,1,0.25,425.97,161.17,57.36,459.03
2026-09-01 23:11:19.797,100.0,108.0,234.0,-55.9017,-76.9421,-30.9017,,2,0.5,425.97,161.17,57.36,459.03
2026-09-01 23:11:20.052,100.0,108.0,234.0,-55.9017,-76.9421,-30.9017,,3,0.75,425.97,161.17,57.36,459.03
2026-09-01 23:11:20.291,100.0,108.0,234.0,-55.9017,-76.9421,-30.9017,,4,1.0,425.97,161.17,57.36,459.03
2026-09-01 23:11:20.546,100.0,108.0,234.0,-55.9017,-76.9421,-30.9017,,5,1.25,425.97,161.17,57.37,459.03
2026-09-01 23:11:27.545,100.0,108.0,228.0,-63.6381,-70.6773,-30.9017,,1,0.25,426.62,161.47,57.54,459.76
2026-09-01 23:11:27.800,100.0,108.0,228.0,-63.6381,-70.6773,-30.9017,,2,0.5,426.64,161.46,57.53,459.78
2026-09-01 23:11:28.039,100.0,108.0,228.0,-63.6381,-70.6773,-30.9017,,3,0.75,426.64,161.46,57.53,459.78
2026-09-01 23:11:28.294,100.0,108.0,228.0,-63.6381,-70.6773,-30.9017,,4,1.0,426.64,161.44,57.53,459.77
2026-09-01 23:11:28.549,100.0,108.0,228.0,-63.6381,-70.6773,-30.9017,,5,1.25,426.64,161.44,57.53,459.77
2026-09-01 23:11:37.412,100.0,108.0,222.0,-70.6773,-63.6381,-30.9017,,1,1.5,427.42,161.9,57.69,460.68
2026-09-01 23:11:37.541,100.0,108.0,222.0,-70.6773,-63.6381,-30.9017,,2,1.75,427.33,161.88,57.69,460.59
2026-09-01 23:11:37.796,100.0,108.0,222.0,-70.6773,-63.6381,-30.9017,,3,2.0,427.33,161.88,57.69,460.59
2026-09-01 23:11:38.051,100.0,108.0,222.0,-70.6773,-63.6381,-30.9017,,4,2.25,427.37,161.89,57.69,460.63
2026-09-01 23:11:38.290,100.0,108.0,222.0,-70.6773,-63.6381,-30.9017,,5,2.5,427.37,161.89,57.69,460.63
2026-09-01 23:11:45.289,100.0,108.0,216.0,-76.9421,-55.9017,-30.9017,,1,0.25,427.95,162.44,57.83,461.38
2026-09-01 23:11:45.544,100.0,108.0,216.0,-76.9421,-55.9017,-30.9017,,2,0.5,427.95,162.44,57.83,461.38
2026-09-01 23:11:45.799,100.0,108.0,216.0,-76.9421,-55.9017,-30.9017,,3,0.75,427.94,162.46,57.83,461.37
2026-09-01 23:11:46.054,100.0,108.0,216.0,-76.9421,-55.9017,-30.9017,,4,1.0,427.94,162.46,57.83,461.37
2026-09-01 23:11:46.293,100.0,108.0,216.0,-76.9421,-55.9017,-30.9017,,5,1.25,427.88,162.45,57.82,461.31
2026-09-01 23:11:53.292,100.0,108.0,210.0,-82.3639,-47.5528,-30.9017,,1,0.25,428.26,163.07,57.92,461.9
2026-09-01 23:11:53.547,100.0,108.0,210.0,-82.3639,-47.5528,-30.9017,,2,0.5,428.26,163.06,57.91,461.89
2026-09-01 23:11:53.802,100.0,108.0,210.0,-82.3639,-47.5528,-30.9017,,3,0.75,428.26,163.06,57.91,461.89
2026-09-01 23:11:54.041,100.0,108.0,210.0,-82.3639,-47.5528,-30.9017,,4,1.0,428.28,163.07,57.91,461.91
2026-09-01 23:11:54.296,100.0,108.0,210.0,-82.3639,-47.5528,-30.9017,,5,1.25,428.28,163.07,57.91,461.91
2026-09-01 23:12:01.295,100.0,108.0,204.0,-86.8833,-38.683,-30.9017,,1,0.25,428.61,163.64,58.03,462.44
2026-09-01 23:12:01.550,100.0,108.0,204.0,-86.8833,-38.683,-30.9017,,2,0.5,428.61,163.64,58.03,462.44
2026-09-01 23:12:01.789,100.0,108.0,204.0,-86.8833,-38.683,-30.9017,,3,0.75,428.61,163.63,58.03,462.43
2026-09-01 23:12:02.044,100.0,108.0,204.0,-86.8833,-38.683,-30.9017,,4,1.0,428.61,163.63,58.03,462.43
2026-09-01 23:12:02.299,100.0,108.0,204.0,-86.8833,-38.683,-30.9017,,5,1.25,428.55,163.63,58.03,462.38
2026-09-01 23:12:09.298,100.0,108.0,198.0,-90.4508,-29.3893,-30.9017,,1,0.25,428.67,164.6,58.07,462.84
2026-09-01 23:12:09.553,100.0,108.0,198.0,-90.4508,-29.3893,-30.9017,,2,0.5,428.67,164.6,58.06,462.84
2026-09-01 23:12:09.792,100.0,108.0,198.0,-90.4508,-29.3893,-30.9017,,3,0.75,428.67,164.6,58.06,462.84
2026-09-01 23:12:10.047,100.0,108.0,198.0,-90.4508,-29.3893,-30.9017,,4,1.0,428.63,164.6,58.06,462.8
2026-09-01 23:12:10.302,100.0,108.0,198.0,-90.4508,-29.3893,-30.9017,,5,1.25,428.63,164.6,58.06,462.8
2026-09-01 23:12:17.301,100.0,108.0,192.0,-93.0274,-19.7736,-30.9017,,1,0.25,428.62,165.31,57.98,463.03
2026-09-01 23:12:17.540,100.0,108.0,192.0,-93.0274,-19.7736,-30.9017,,2,0.5,428.62,165.31,57.98,463.03
2026-09-01 23:12:17.795,100.0,108.0,192.0,-93.0274,-19.7736,-30.9017,,3,0.75,428.58,165.33,57.98,463.0
2026-09-01 23:12:18.050,100.0,108.0,192.0,-93.0274,-19.7736,-30.9017,,4,1.0,428.58,165.33,57.98,463.0
2026-09-01 23:12:18.289,100.0,108.0,192.0,-93.0274,-19.7736,-30.9017,,5,1.25,428.56,165.29,57.98,462.97
2026-09-01 23:12:25.303,100.0,108.0,186.0,-94.5847,-9.9412,-30.9017,,1,0.25,428.5,165.99,57.99,463.17
2026-09-01 23:12:25.543,100.0,108.0,186.0,-94.5847,-9.9412,-30.9017,,2,0.5,428.5,165.96,57.99,463.16
2026-09-01 23:12:25.798,100.0,108.0,186.0,-94.5847,-9.9412,-30.9017,,3,0.75,428.5,165.96,57.99,463.16
2026-09-01 23:12:26.053,100.0,108.0,186.0,-94.5847,-9.9412,-30.9017,,4,1.0,428.52,165.98,57.99,463.18
2026-09-01 23:12:26.292,100.0,108.0,186.0,-94.5847,-9.9412,-30.9017,,5,1.25,428.52,165.98,57.99,463.18
2026-09-01 23:12:33.291,100.0,108.0,180.0,-95.1057,0.0,-30.9017,,1,0.25,428.22,166.81,57.84,463.18
2026-09-01 23:12:33.546,100.0,108.0,180.0,-95.1057,0.0,-30.9017,,2,0.5,428.22,166.81,57.84,463.18
2026-09-01 23:12:33.801,100.0,108.0,180.0,-95.1057,0.0,-30.9017,,3,0.75,428.21,166.8,57.84,463.17
2026-09-01 23:12:34.040,100.0,108.0,180.0,-95.1057,0.0,-30.9017,,4,1.0,428.21,166.8,57.84,463.17
2026-09-01 23:12:34.295,100.0,108.0,180.0,-95.1057,0.0,-30.9017,,5,1.25,428.2,166.81,57.82,463.16
2026-09-01 23:12:41.294,100.0,108.0,174.0,-94.5847,9.9412,-30.9017,,1,0.25,427.73,167.27,57.8,462.89
2026-09-01 23:12:41.549,100.0,108.0,174.0,-94.5847,9.9412,-30.9017,,2,0.5,427.75,167.25,57.8,462.9
2026-09-01 23:12:41.804,100.0,108.0,174.0,-94.5847,9.9412,-30.9017,,3,0.75,427.75,167.25,57.8,462.9
2026-09-01 23:12:42.043,100.0,108.0,174.0,-94.5847,9.9412,-30.9017,,4,1.0,427.75,167.25,57.79,462.9
2026-09-01 23:12:42.298,100.0,108.0,174.0,-94.5847,9.9412,-30.9017,,5,1.25,427.75,167.25,57.79,462.9
2026-09-01 23:12:49.296,100.0,108.0,168.0,-93.0274,19.7736,-30.9017,,1,0.25,427.12,168.01,57.59,462.57
2026-09-01 23:12:49.551,100.0,108.0,168.0,-93.0274,19.7736,-30.9017,,2,0.5,427.12,168.01,57.59,462.57
2026-09-01 23:12:49.791,100.0,108.0,168.0,-93.0274,19.7736,-30.9017,,3,0.75,427.13,168.01,57.58,462.58
2026-09-01 23:12:50.046,100.0,108.0,168.0,-93.0274,19.7736,-30.9017,,4,1.0,427.13,168.01,57.58,462.58
2026-09-01 23:12:50.301,100.0,108.0,168.0,-93.0274,19.7736,-30.9017,,5,1.25,427.14,168.01,57.58,462.59
2026-09-01 23:12:57.299,100.0,108.0,162.0,-90.4508,29.3893,-30.9017,,1,0.25,426.48,168.51,57.42,462.14
2026-09-01 23:12:57.539,100.0,108.0,162.0,-90.4508,29.3893,-30.9017,,2,0.5,426.48,168.51,57.43,462.14
2026-09-01 23:12:57.794,100.0,108.0,162.0,-90.4508,29.3893,-30.9017,,3,0.75,426.48,168.51,57.43,462.14
2026-09-01 23:12:58.049,100.0,108.0,162.0,-90.4508,29.3893,-30.9017,,4,1.0,426.51,168.51,57.42,462.17
2026-09-01 23:12:58.304,100.0,108.0,162.0,-90.4508,29.3893,-30.9017,,5,1.25,426.51,168.51,57.42,462.17
2026-09-01 23:13:05.302,100.0,108.0,156.0,-86.8833,38.683,-30.9017,,1,0.25,425.68,168.89,57.23,461.52
2026-09-01 23:13:05.542,100.0,108.0,156.0,-86.8833,38.683,-30.9017,,2,0.5,425.68,168.89,57.23,461.52
2026-09-01 23:13:05.797,100.0,108.0,156.0,-86.8833,38.683,-30.9017,,3,0.75,425.67,168.87,57.2,461.5
2026-09-01 23:13:06.052,100.0,108.0,156.0,-86.8833,38.683,-30.9017,,4,1.0,425.67,168.87,57.2,461.5
2026-09-01 23:13:06.291,100.0,108.0,156.0,-86.8833,38.683,-30.9017,,5,1.25,425.66,168.87,57.23,461.49
2026-09-01 23:13:13.290,100.0,108.0,150.0,-82.3639,47.5528,-30.9017,,1,0.25,424.82,169.2,56.98,460.81
2026-09-01 23:13:13.545,100.0,108.0,150.0,-82.3639,47.5528,-30.9017,,2,0.5,424.78,169.2,56.98,460.77
2026-09-01 23:13:13.800,100.0,108.0,150.0,-82.3639,47.5528,-30.9017,,3,0.75,424.78,169.2,56.98,460.77
2026-09-01 23:13:14.039,100.0,108.0,150.0,-82.3639,47.5528,-30.9017,,4,1.0,424.75,169.21,56.97,460.74
2026-09-01 23:13:14.294,100.0,108.0,150.0,-82.3639,47.5528,-30.9017,,5,1.25,424.75,169.21,56.97,460.74
2026-09-01 23:13:21.293,100.0,108.0,144.0,-76.9421,55.9017,-30.9017,,1,0.25,423.96,169.1,56.71,459.94
2026-09-01 23:13:21.548,100.0,108.0,144.0,-76.9421,55.9017,-30.9017,,2,0.5,423.96,169.1,56.71,459.94
2026-09-01 23:13:21.803,100.0,108.0,144.0,-76.9421,55.9017,-30.9017,,3,0.75,423.97,169.09,56.73,459.95
2026-09-01 23:13:22.042,100.0,108.0,144.0,-76.9421,55.9017,-30.9017,,4,1.0,423.97,169.09,56.73,459.95
2026-09-01 23:13:22.297,100.0,108.0,144.0,-76.9421,55.9017,-30.9017,,5,1.25,423.99,169.1,56.71,459.97
2026-09-01 23:13:29.296,100.0,108.0,138.0,-70.6773,63.6381,-30.9017,,1,0.25,423.12,169.04,56.46,459.12
2026-09-01 23:13:29.551,100.0,108.0,138.0,-70.6773,63.6381,-30.9017,,2,0.5,423.08,169.03,56.48,459.08
2026-09-01 23:13:29.790,100.0,108.0,138.0,-70.6773,63.6381,-30.9017,,3,0.75,423.08,169.03,56.48,459.08
2026-09-01 23:13:30.045,100.0,108.0,138.0,-70.6773,63.6381,-30.9017,,4,1.0,423.06,169.06,56.47,459.07
2026-09-01 23:13:30.300,100.0,108.0,138.0,-70.6773,63.6381,-30.9017,,5,1.25,423.06,169.06,56.47,459.07
2026-09-01 23:13:37.171,100.0,108.0,132.0,-63.6381,70.6773,-30.9017,,1,0.25,422.14,168.94,56.27,458.15
2026-09-01 23:13:37.426,100.0,108.0,132.0,-63.6381,70.6773,-30.9017,,2,0.5,422.14,168.94,56.28,458.15
2026-09-01 23:13:37.665,100.0,108.0,132.0,-63.6381,70.6773,-30.9017,,3,0.75,422.14,168.94,56.28,458.15
2026-09-01 23:13:37.921,100.0,108.0,132.0,-63.6381,70.6773,-30.9017,,4,1.0,422.15,168.92,56.28,458.16
2026-09-01 23:13:38.176,100.0,108.0,132.0,-63.6381,70.6773,-30.9017,,5,1.25,422.15,168.92,56.28,458.16
2026-09-01 23:13:45.174,100.0,108.0,126.0,-55.9017,76.9421,-30.9017,,1,0.25,421.62,168.13,56.12,457.36
2026-09-01 23:13:45.413,100.0,108.0,126.0,-55.9017,76.9421,-30.9017,,2,0.5,421.59,168.12,56.13,457.33
2026-09-01 23:13:47.916,100.0,108.0,126.0,-55.9017,76.9421,-30.9017,,3,0.75,421.59,168.12,56.13,457.33
2026-09-01 23:13:48.171,100.0,108.0,126.0,-55.9017,76.9421,-30.9017,,4,1.0,421.58,168.12,56.11,457.32
2026-09-01 23:13:48.427,100.0,108.0,126.0,-55.9017,76.9421,-30.9017,,5,1.25,421.58,168.12,56.11,457.32
2026-09-01 23:13:55.425,100.0,108.0,120.0,-47.5528,82.3639,-30.9017,,1,0.25,421.17,167.0,55.92,456.5
2026-09-01 23:13:55.664,100.0,108.0,120.0,-47.5528,82.3639,-30.9017,,2,0.5,421.17,167.0,55.92,456.5
2026-09-01 23:13:55.919,100.0,108.0,120.0,-47.5528,82.3639,-30.9017,,3,0.75,421.1,167.03,55.91,456.45
2026-09-01 23:13:56.175,100.0,108.0,120.0,-47.5528,82.3639,-30.9017,,4,1.0,421.1,167.03,55.91,456.45
2026-09-01 23:13:56.414,100.0,108.0,120.0,-47.5528,82.3639,-30.9017,,5,1.25,421.14,167.03,55.91,456.49
2026-09-01 23:14:05.676,100.0,108.0,114.0,-38.683,86.8833,-30.9017,,1,0.25,420.58,166.43,55.83,455.74
2026-09-01 23:14:05.915,100.0,108.0,114.0,-38.683,86.8833,-30.9017,,2,0.5,420.58,166.43,55.83,455.74
2026-09-01 23:14:06.170,100.0,108.0,114.0,-38.683,86.8833,-30.9017,,3,0.75,420.6,166.42,55.84,455.76
2026-09-01 23:14:06.425,100.0,108.0,114.0,-38.683,86.8833,-30.9017,,4,1.0,420.6,166.42,55.84,455.76
2026-09-01 23:14:06.665,100.0,108.0,114.0,-38.683,86.8833,-30.9017,,5,1.25,420.54,166.4,55.84,455.69
2026-09-01 23:14:13.663,100.0,108.0,108.0,-29.3893,90.4508,-30.9017,,1,0.25,420.15,165.65,55.73,455.05
2026-09-01 23:14:16.166,100.0,108.0,108.0,-29.3893,90.4508,-30.9017,,2,0.5,420.15,165.65,55.73,455.05
2026-09-01 23:14:16.421,100.0,108.0,108.0,-29.3893,90.4508,-30.9017,,3,0.75,420.15,165.65,55.73,455.05
2026-09-01 23:14:16.676,100.0,108.0,108.0,-29.3893,90.4508,-30.9017,,4,1.0,420.19,165.63,55.73,455.08
2026-09-01 23:14:16.915,100.0,108.0,108.0,-29.3893,90.4508,-30.9017,,5,1.25,420.19,165.63,55.73,455.08
2026-09-01 23:14:23.914,100.0,108.0,102.0,-19.7736,93.0274,-30.9017,,1,0.25,420.12,164.82,55.66,454.71
2026-09-01 23:14:24.169,100.0,108.0,102.0,-19.7736,93.0274,-30.9017,,2,0.5,420.09,164.82,55.67,454.68
2026-09-01 23:14:24.424,100.0,108.0,102.0,-19.7736,93.0274,-30.9017,,3,0.75,420.09,164.82,55.67,454.68
2026-09-01 23:14:24.663,100.0,108.0,102.0,-19.7736,93.0274,-30.9017,,4,1.0,420.11,164.83,55.67,454.7
2026-09-01 23:14:27.166,100.0,108.0,102.0,-19.7736,93.0274,-30.9017,,5,1.25,420.11,164.83,55.67,454.7
2026-09-01 23:14:34.165,100.0,108.0,96.0,-9.9412,94.5847,-30.9017,,1,0.25,420.07,163.91,55.79,454.35
2026-09-01 23:14:34.420,100.0,108.0,96.0,-9.9412,94.5847,-30.9017,,2,0.5,420.07,163.91,55.79,454.35
2026-09-01 23:14:34.675,100.0,108.0,96.0,-9.9412,94.5847,-30.9017,,3,0.75,420.07,163.91,55.77,454.35
2026-09-01 23:14:34.914,100.0,108.0,96.0,-9.9412,94.5847,-30.9017,,4,1.0,420.07,163.91,55.77,454.35
2026-09-01 23:14:35.169,100.0,108.0,96.0,-9.9412,94.5847,-30.9017,,5,1.25,420.04,163.93,55.79,454.33
2026-09-01 23:14:42.168,100.0,108.0,90.0,0.0,95.1057,-30.9017,,1,0.25,420.27,162.99,55.84,454.21
2026-09-01 23:14:42.423,100.0,108.0,90.0,0.0,95.1057,-30.9017,,2,0.5,420.31,163.01,55.86,454.26
2026-09-01 23:14:42.662,100.0,108.0,90.0,0.0,95.1057,-30.9017,,3,0.75,420.34,162.99,55.84,454.27
2026-09-01 23:14:45.165,100.0,108.0,90.0,0.0,95.1057,-30.9017,,4,1.0,420.34,162.99,55.84,454.27
2026-09-01 23:14:45.420,100.0,108.0,90.0,0.0,95.1057,-30.9017,,5,1.25,420.34,162.99,55.85,454.28
2026-09-01 23:14:52.419,100.0,108.0,84.0,9.9412,94.5847,-30.9017,,1,0.25,420.69,162.12,56.03,454.31
2026-09-01 23:14:52.674,100.0,108.0,84.0,9.9412,94.5847,-30.9017,,2,0.5,420.68,162.11,56.01,454.29
2026-09-01 23:14:52.913,100.0,108.0,84.0,9.9412,94.5847,-30.9017,,3,0.75,420.66,162.1,56.03,454.28
2026-09-01 23:14:55.416,100.0,108.0,84.0,9.9412,94.5847,-30.9017,,4,1.0,420.66,162.1,56.03,454.28
2026-09-01 23:14:55.671,100.0,108.0,84.0,9.9412,94.5847,-30.9017,,5,1.25,420.72,162.1,56.02,454.33
2026-09-01 23:15:02.670,100.0,108.0,78.0,19.7736,93.0274,-30.9017,,1,0.25,421.36,161.3,56.14,454.65
2026-09-01 23:15:02.925,100.0,108.0,78.0,19.7736,93.0274,-30.9017,,2,0.5,421.32,161.31,56.15,454.62
2026-09-01 23:15:03.164,100.0,108.0,78.0,19.7736,93.0274,-30.9017,,3,0.75,421.32,161.31,56.15,454.62
2026-09-01 23:15:03.419,100.0,108.0,78.0,19.7736,93.0274,-30.9017,,4,1.0,421.34,161.29,56.15,454.63
2026-09-01 23:15:03.674,100.0,108.0,78.0,19.7736,93.0274,-30.9017,,5,1.25,421.34,161.29,56.15,454.63
2026-09-01 23:15:10.673,100.0,108.0,72.0,29.3893,90.4508,-30.9017,,1,0.25,422.11,160.68,56.34,455.15
2026-09-01 23:15:10.928,100.0,108.0,72.0,29.3893,90.4508,-30.9017,,2,0.5,422.11,160.68,56.34,455.15
2026-09-01 23:15:11.167,100.0,108.0,72.0,29.3893,90.4508,-30.9017,,3,0.75,422.13,160.68,56.35,455.17
2026-09-01 23:15:11.422,100.0,108.0,72.0,29.3893,90.4508,-30.9017,,4,1.0,422.13,160.68,56.35,455.17
2026-09-01 23:15:11.677,100.0,108.0,72.0,29.3893,90.4508,-30.9017,,5,1.25,422.1,160.68,56.35,455.15
2026-09-01 23:15:18.676,100.0,108.0,66.0,38.683,86.8833,-30.9017,,1,0.25,422.73,160.48,56.45,455.67
2026-09-01 23:15:18.915,100.0,108.0,66.0,38.683,86.8833,-30.9017,,2,0.5,422.74,160.49,56.46,455.69
2026-09-01 23:15:19.170,100.0,108.0,66.0,38.683,86.8833,-30.9017,,3,0.75,422.74,160.49,56.46,455.69
2026-09-01 23:15:19.425,100.0,108.0,66.0,38.683,86.8833,-30.9017,,4,1.0,422.77,160.48,56.46,455.71
2026-09-01 23:15:19.664,100.0,108.0,66.0,38.683,86.8833,-30.9017,,5,1.25,422.77,160.48,56.46,455.71
2026-09-01 23:15:26.663,100.0,108.0,60.0,47.5528,82.3639,-30.9017,,1,0.25,423.69,159.85,56.6,456.36
2026-09-01 23:15:29.166,100.0,108.0,60.0,47.5528,82.3639,-30.9017,,2,0.5,423.73,159.85,56.61,456.4
2026-09-01 23:15:29.421,100.0,108.0,60.0,47.5528,82.3639,-30.9017,,3,0.75,423.73,159.85,56.61,456.4
2026-09-01 23:15:29.676,100.0,108.0,60.0,47.5528,82.3639,-30.9017,,4,1.0,423.77,159.85,56.61,456.44
2026-09-01 23:15:29.915,100.0,108.0,60.0,47.5528,82.3639,-30.9017,,5,1.25,423.77,159.85,56.61,456.44
2026-09-01 23:15:36.914,100.0,108.0,54.0,55.9017,76.9421,-30.9017,,1,0.25,424.41,160.14,56.64,457.13
2026-09-01 23:15:37.169,100.0,108.0,54.0,55.9017,76.9421,-30.9017,,2,0.5,424.41,160.14,56.64,457.13
2026-09-01 23:15:37.424,100.0,108.0,54.0,55.9017,76.9421,-30.9017,,3,0.75,424.41,160.12,56.63,457.13
2026-09-01 23:15:37.663,100.0,108.0,54.0,55.9017,76.9421,-30.9017,,4,1.0,424.46,160.12,56.63,457.17
2026-09-01 23:15:40.166,100.0,108.0,54.0,55.9017,76.9421,-30.9017,,5,1.25,424.42,160.13,56.63,457.14
2026-09-01 23:15:47.165,100.0,108.0,48.0,63.6381,70.6773,-30.9017,,1,0.25,425.47,159.79,56.77,458.01
2026-09-01 23:15:47.420,100.0,108.0,48.0,63.6381,70.6773,-30.9017,,2,0.5,425.45,159.8,56.77,458.0
2026-09-01 23:15:47.675,100.0,108.0,48.0,63.6381,70.6773,-30.9017,,3,0.75,425.45,159.8,56.77,458.0
2026-09-01 23:15:47.914,100.0,108.0,48.0,63.6381,70.6773,-30.9017,,4,1.0,425.46,159.79,56.78,458.0
2026-09-01 23:15:48.169,100.0,108.0,48.0,63.6381,70.6773,-30.9017,,5,1.25,425.46,159.79,56.78,458.0
2026-09-01 23:15:55.040,100.0,108.0,42.0,70.6773,63.6381,-30.9017,,1,0.25,426.11,160.48,56.77,458.85
2026-09-01 23:15:55.295,100.0,108.0,42.0,70.6773,63.6381,-30.9017,,2,0.5,426.11,160.48,56.77,458.85
2026-09-01 23:15:55.550,100.0,108.0,42.0,70.6773,63.6381,-30.9017,,3,0.75,426.12,160.48,56.78,458.86
2026-09-01 23:15:55.790,100.0,108.0,42.0,70.6773,63.6381,-30.9017,,4,1.0,426.12,160.48,56.78,458.86
2026-09-01 23:15:56.045,100.0,108.0,42.0,70.6773,63.6381,-30.9017,,5,1.25,426.09,160.48,56.78,458.83
2026-09-01 23:16:03.043,100.0,108.0,36.0,76.9421,55.9017,-30.9017,,1,0.25,427.02,160.54,56.94,459.74
2026-09-01 23:16:03.298,100.0,108.0,36.0,76.9421,55.9017,-30.9017,,2,0.5,427.03,160.54,56.94,459.74
2026-09-01 23:16:03.538,100.0,108.0,36.0,76.9421,55.9017,-30.9017,,3,0.75,427.03,160.54,56.94,459.74
2026-09-01 23:16:03.793,100.0,108.0,36.0,76.9421,55.9017,-30.9017,,4,1.0,426.99,160.53,56.93,459.7
2026-09-01 23:16:04.048,100.0,108.0,36.0,76.9421,55.9017,-30.9017,,5,1.25,426.99,160.53,56.93,459.7
2026-09-01 23:16:11.046,100.0,108.0,30.0,82.3639,47.5528,-30.9017,,1,0.25,427.73,160.74,57.03,460.48
2026-09-01 23:16:11.301,100.0,108.0,30.0,82.3639,47.5528,-30.9017,,2,0.5,427.73,160.74,57.03,460.48
2026-09-01 23:16:11.541,100.0,108.0,30.0,82.3639,47.5528,-30.9017,,3,0.75,427.72,160.74,57.03,460.47
2026-09-01 23:16:11.796,100.0,108.0,30.0,82.3639,47.5528,-30.9017,,4,1.0,427.72,160.74,57.03,460.47
2026-09-01 23:16:12.051,100.0,108.0,30.0,82.3639,47.5528,-30.9017,,5,1.25,427.78,160.73,57.04,460.52
2026-09-01 23:16:19.049,100.0,108.0,24.0,86.8833,38.683,-30.9017,,1,0.25,428.37,161.43,57.13,461.32
2026-09-01 23:16:19.289,100.0,108.0,24.0,86.8833,38.683,-30.9017,,2,0.5,428.38,161.42,57.14,461.33
2026-09-01 23:16:19.544,100.0,108.0,24.0,86.8833,38.683,-30.9017,,3,0.75,428.38,161.42,57.14,461.33
2026-09-01 23:16:19.799,100.0,108.0,24.0,86.8833,38.683,-30.9017,,4,1.0,428.32,161.42,57.14,461.28
2026-09-01 23:16:20.038,100.0,108.0,24.0,86.8833,38.683,-30.9017,,5,1.25,428.32,161.42,57.14,461.28
2026-09-01 23:16:27.036,100.0,108.0,18.0,90.4508,29.3893,-30.9017,,1,0.5,428.82,162.07,57.18,461.97
2026-09-01 23:16:27.802,100.0,108.0,18.0,90.4508,29.3893,-30.9017,,2,0.75,428.82,162.07,57.18,461.97
2026-09-01 23:16:28.041,100.0,108.0,18.0,90.4508,29.3893,-30.9017,,3,1.0,428.76,162.08,57.17,461.92
2026-09-01 23:16:28.296,100.0,108.0,18.0,90.4508,29.3893,-30.9017,,4,1.25,428.76,162.08,57.17,461.92
2026-09-01 23:16:28.551,100.0,108.0,18.0,90.4508,29.3893,-30.9017,,5,1.5,428.78,162.06,57.18,461.93
2026-09-01 23:16:35.550,100.0,108.0,12.0,93.0274,19.7736,-30.9017,,1,0.25,428.91,162.9,57.13,462.34
2026-09-01 23:16:35.789,100.0,108.0,12.0,93.0274,19.7736,-30.9017,,2,0.5,428.9,162.92,57.14,462.34
2026-09-01 23:16:36.044,100.0,108.0,12.0,93.0274,19.7736,-30.9017,,3,0.75,428.9,162.92,57.14,462.34
2026-09-01 23:16:36.299,100.0,108.0,12.0,93.0274,19.7736,-30.9017,,4,1.0,428.91,162.92,57.15,462.35
2026-09-01 23:16:36.538,100.0,108.0,12.0,93.0274,19.7736,-30.9017,,5,1.25,428.91,162.92,57.15,462.35
2026-09-01 23:16:43.537,100.0,108.0,6.0,94.5847,9.9412,-30.9017,,1,0.25,428.89,163.83,57.16,462.65
2026-09-01 23:16:43.792,100.0,108.0,6.0,94.5847,9.9412,-30.9017,,2,0.5,428.89,163.83,57.16,462.65
2026-09-01 23:16:44.047,100.0,108.0,6.0,94.5847,9.9412,-30.9017,,3,0.75,428.89,163.84,57.15,462.66
2026-09-01 23:16:44.302,100.0,108.0,6.0,94.5847,9.9412,-30.9017,,4,1.0,428.89,163.84,57.15,462.66
2026-09-01 23:16:44.541,100.0,108.0,6.0,94.5847,9.9412,-30.9017,,5,1.25,428.91,163.83,57.15,462.67
2026-09-01 23:16:51.539,100.0,108.0,0.0,95.1057,0.0,-30.9017,,1,0.25,428.83,164.56,57.03,462.84
2026-09-01 23:16:51.795,100.0,108.0,0.0,95.1057,0.0,-30.9017,,2,0.5,428.82,164.55,57.02,462.83
2026-09-01 23:16:52.050,100.0,108.0,0.0,95.1057,0.0,-30.9017,,3,0.75,428.82,164.55,57.02,462.83
2026-09-01 23:16:52.289,100.0,108.0,0.0,95.1057,0.0,-30.9017,,4,1.0,428.79,164.53,57.03,462.79
2026-09-01 23:16:52.544,100.0,108.0,0.0,95.1057,0.0,-30.9017,,5,1.25,428.79,164.53,57.03,462.79
2026-09-01 23:16:59.543,100.0,114.0,0.0,91.3545,0.0,-40.6737,,1,0.25,428.52,164.63,57.05,462.58
2026-09-01 23:16:59.798,100.0,114.0,0.0,91.3545,0.0,-40.6737,,2,0.5,428.52,164.63,57.05,462.58
2026-09-01 23:17:00.037,100.0,114.0,0.0,91.3545,0.0,-40.6737,,3,0.75,428.51,164.64,57.06,462.58
2026-09-01 23:17:00.292,100.0,114.0,0.0,91.3545,0.0,-40.6737,,4,1.0,428.51,164.64,57.06,462.58
2026-09-01 23:17:00.547,100.0,114.0,0.0,91.3545,0.0,-40.6737,,5,1.25,428.48,164.66,57.07,462.56
2026-09-01 23:17:07.545,100.0,114.0,6.0,90.8541,9.5492,-40.6737,,1,0.25,428.6,163.97,57.15,462.43
2026-09-01 23:17:07.801,100.0,114.0,6.0,90.8541,9.5492,-40.6737,,2,0.5,428.61,163.97,57.16,462.44
2026-09-01 23:17:08.040,100.0,114.0,6.0,90.8541,9.5492,-40.6737,,3,0.75,428.61,163.97,57.16,462.44
2026-09-01 23:17:08.295,100.0,114.0,6.0,90.8541,9.5492,-40.6737,,4,1.0,428.64,163.98,57.17,462.48
2026-09-01 23:17:08.550,100.0,114.0,6.0,90.8541,9.5492,-40.6737,,5,1.25,428.64,163.98,57.17,462.48
2026-09-01 23:17:15.548,100.0,114.0,12.0,89.3582,18.9937,-40.6737,,1,0.25,428.67,163.19,57.17,462.23
2026-09-01 23:17:15.788,100.0,114.0,12.0,89.3582,18.9937,-40.6737,,2,0.5,428.67,163.19,57.17,462.23
2026-09-01 23:17:16.043,100.0,114.0,12.0,89.3582,18.9937,-40.6737,,3,0.75,428.63,163.2,57.17,462.19
2026-09-01 23:17:16.298,100.0,114.0,12.0,89.3582,18.9937,-40.6737,,4,1.0,428.63,163.2,57.17,462.19
2026-09-01 23:17:16.537,100.0,114.0,12.0,89.3582,18.9937,-40.6737,,5,1.25,428.64,163.21,57.17,462.21
2026-09-01 23:17:23.551,100.0,114.0,18.0,86.8833,28.2301,-40.6737,,1,0.25,428.44,162.39,57.17,461.73
2026-09-01 23:17:23.791,100.0,114.0,18.0,86.8833,28.2301,-40.6737,,2,0.5,428.43,162.38,57.17,461.72
2026-09-01 23:17:24.046,100.0,114.0,18.0,86.8833,28.2301,-40.6737,,3,0.75,428.43,162.38,57.17,461.72
2026-09-01 23:17:24.301,100.0,114.0,18.0,86.8833,28.2301,-40.6737,,4,1.0,428.4,162.37,57.17,461.69
2026-09-01 23:17:24.540,100.0,114.0,18.0,86.8833,28.2301,-40.6737,,5,1.25,428.4,162.37,57.17,461.69
2026-09-01 23:17:31.539,100.0,114.0,24.0,83.4565,37.1572,-40.6737,,1,0.25,428.16,161.59,57.09,461.18
2026-09-01 23:17:31.794,100.0,114.0,24.0,83.4565,37.1572,-40.6737,,2,0.5,428.16,161.59,57.09,461.18
2026-09-01 23:17:32.049,100.0,114.0,24.0,83.4565,37.1572,-40.6737,,3,0.75,428.14,161.58,57.09,461.16
2026-09-01 23:17:32.288,100.0,114.0,24.0,83.4565,37.1572,-40.6737,,4,1.0,428.14,161.58,57.09,461.16
2026-09-01 23:17:32.543,100.0,114.0,24.0,83.4565,37.1572,-40.6737,,5,1.25,428.17,161.6,57.09,461.19
2026-09-01 23:17:39.541,100.0,114.0,30.0,79.1154,45.6773,-40.6737,,1,0.25,427.82,160.85,57.07,460.6
2026-09-01 23:17:39.797,100.0,114.0,30.0,79.1154,45.6773,-40.6737,,2,0.5,427.75,160.86,57.06,460.54
2026-09-01 23:17:40.052,100.0,114.0,30.0,79.1154,45.6773,-40.6737,,3,0.75,427.75,160.86,57.06,460.54
2026-09-01 23:17:40.291,100.0,114.0,30.0,79.1154,45.6773,-40.6737,,4,1.0,427.74,160.85,57.05,460.53
2026-09-01 23:17:40.546,100.0,114.0,30.0,79.1154,45.6773,-40.6737,,5,1.25,427.74,160.85,57.05,460.53
2026-09-01 23:17:49.409,100.0,114.0,36.0,73.9074,53.6969,-40.6737,,1,1.5,427.28,160.14,56.94,459.84
2026-09-01 23:17:49.537,100.0,114.0,36.0,73.9074,53.6969,-40.6737,,2,1.75,427.3,160.16,56.93,459.86
2026-09-01 23:17:49.792,100.0,114.0,36.0,73.9074,53.6969,-40.6737,,3,2.0,427.3,160.16,56.93,459.86
2026-09-01 23:17:50.047,100.0,114.0,36.0,73.9074,53.6969,-40.6737,,4,2.25,427.21,160.15,56.95,459.78
2026-09-01 23:17:50.287,100.0,114.0,36.0,73.9074,53.6969,-40.6737,,5,2.5,427.21,160.15,56.95,459.78
2026-09-01 23:17:57.174,100.0,114.0,42.0,67.8897,61.1281,-40.6737,,1,0.25,426.68,159.61,56.76,459.07
2026-09-01 23:17:57.413,100.0,114.0,42.0,67.8897,61.1281,-40.6737,,2,0.5,426.62,159.6,56.76,459.01
2026-09-01 23:17:57.668,100.0,114.0,42.0,67.8897,61.1281,-40.6737,,3,0.75,426.62,159.6,56.76,459.01
2026-09-01 23:17:57.923,100.0,114.0,42.0,67.8897,61.1281,-40.6737,,4,1.0,426.6,159.61,56.76,459.0
2026-09-01 23:17:58.162,100.0,114.0,42.0,67.8897,61.1281,-40.6737,,5,1.25,426.62,159.63,56.75,459.02
2026-09-01 23:18:07.297,100.0,114.0,48.0,61.1281,67.8897,-40.6737,,1,0.25,425.62,159.72,56.6,458.11
2026-09-01 23:18:07.536,100.0,114.0,48.0,61.1281,67.8897,-40.6737,,2,0.5,425.62,159.72,56.6,458.11
2026-09-01 23:18:07.791,100.0,114.0,48.0,61.1281,67.8897,-40.6737,,3,0.75,425.64,159.71,56.62,458.12
2026-09-01 23:18:08.046,100.0,114.0,48.0,61.1281,67.8897,-40.6737,,4,1.0,425.64,159.71,56.62,458.12
2026-09-01 23:18:08.301,100.0,114.0,48.0,61.1281,67.8897,-40.6737,,5,1.25,425.6,159.7,56.6,458.08
2026-09-01 23:18:15.173,100.0,114.0,54.0,53.6969,73.9074,-40.6737,,1,0.25,424.92,159.53,56.52,457.38
2026-09-01 23:18:15.412,100.0,114.0,54.0,53.6969,73.9074,-40.6737,,2,0.5,424.97,159.5,56.52,457.42
2026-09-01 23:18:17.915,100.0,114.0,54.0,53.6969,73.9074,-40.6737,,3,0.75,425.0,159.5,56.52,457.44
2026-09-01 23:18:18.170,100.0,114.0,54.0,53.6969,73.9074,-40.6737,,4,1.0,425.0,159.5,56.52,457.44
2026-09-01 23:18:18.425,100.0,114.0,54.0,53.6969,73.9074,-40.6737,,5,1.25,425.0,159.5,56.52,457.44
2026-09-01 23:18:25.296,100.0,114.0,60.0,45.6773,79.1154,-40.6737,,1,0.25,423.99,159.75,56.37,456.57
2026-09-01 23:18:25.551,100.0,114.0,60.0,45.6773,79.1154,-40.6737,,2,0.5,423.99,159.75,56.37,456.57
2026-09-01 23:18:25.790,100.0,114.0,60.0,45.6773,79.1154,-40.6737,,3,0.75,424.02,159.76,56.38,456.61
2026-09-01 23:18:26.045,100.0,114.0,60.0,45.6773,79.1154,-40.6737,,4,1.0,424.02,159.76,56.38,456.61
2026-09-01 23:18:26.300,100.0,114.0,60.0,45.6773,79.1154,-40.6737,,5,1.25,424.02,159.77,56.37,456.61
2026-09-01 23:18:33.299,100.0,114.0,66.0,37.1572,83.4565,-40.6737,,1,0.25,423.32,159.9,56.27,455.99
2026-09-01 23:18:33.538,100.0,114.0,66.0,37.1572,83.4565,-40.6737,,2,0.5,423.25,159.9,56.28,455.93
2026-09-01 23:18:33.793,100.0,114.0,66.0,37.1572,83.4565,-40.6737,,3,0.75,423.25,159.9,56.28,455.93
2026-09-01 23:18:34.048,100.0,114.0,66.0,37.1572,83.4565,-40.6737,,4,1.0,423.29,159.95,56.27,455.98
2026-09-01 23:18:34.287,100.0,114.0,66.0,37.1572,83.4565,-40.6737,,5,1.25,423.29,159.95,56.27,455.98
2026-09-01 23:18:41.286,100.0,114.0,72.0,28.2301,86.8833,-40.6737,,1,0.25,422.48,160.53,56.21,455.43
2026-09-01 23:18:41.541,100.0,114.0,72.0,28.2301,86.8833,-40.6737,,2,0.5,422.48,160.53,56.21,455.43
2026-09-01 23:18:41.796,100.0,114.0,72.0,28.2301,86.8833,-40.6737,,3,0.75,422.45,160.53,56.2,455.4
2026-09-01 23:18:42.051,100.0,114.0,72.0,28.2301,86.8833,-40.6737,,4,1.0,422.45,160.53,56.2,455.4
2026-09-01 23:18:42.290,100.0,114.0,72.0,28.2301,86.8833,-40.6737,,5,1.25,422.45,160.51,56.19,455.39
2026-09-01 23:18:49.289,100.0,114.0,78.0,18.9937,89.3582,-40.6737,,1,0.25,421.93,161.04,56.18,455.09
2026-09-01 23:18:49.544,100.0,114.0,78.0,18.9937,89.3582,-40.6737,,2,0.5,421.88,161.03,56.19,455.05
2026-09-01 23:18:49.799,100.0,114.0,78.0,18.9937,89.3582,-40.6737,,3,0.75,421.88,161.03,56.19,455.05
2026-09-01 23:18:50.038,100.0,114.0,78.0,18.9937,89.3582,-40.6737,,4,1.0,421.86,161.03,56.2,455.03
2026-09-01 23:18:50.293,100.0,114.0,78.0,18.9937,89.3582,-40.6737,,5,1.25,421.86,161.03,56.2,455.03
2026-09-01 23:18:57.292,100.0,114.0,84.0,9.5492,90.8541,-40.6737,,1,0.25,421.17,162.15,56.08,454.77
2026-09-01 23:18:57.547,100.0,114.0,84.0,9.5492,90.8541,-40.6737,,2,0.5,421.17,162.15,56.08,454.77
2026-09-01 23:18:57.786,100.0,114.0,84.0,9.5492,90.8541,-40.6737,,3,0.75,421.16,162.13,56.05,454.75
2026-09-01 23:18:58.041,100.0,114.0,84.0,9.5492,90.8541,-40.6737,,4,1.0,421.16,162.13,56.05,454.75
2026-09-01 23:18:58.296,100.0,114.0,84.0,9.5492,90.8541,-40.6737,,5,1.25,421.16,162.14,56.05,454.76
2026-09-01 23:19:05.295,100.0,114.0,90.0,0.0,91.3545,-40.6737,,1,0.25,420.69,163.22,55.86,454.68
2026-09-01 23:19:05.550,100.0,114.0,90.0,0.0,91.3545,-40.6737,,2,0.5,420.66,163.21,55.86,454.65
2026-09-01 23:19:05.789,100.0,114.0,90.0,0.0,91.3545,-40.6737,,3,0.75,420.66,163.21,55.86,454.65
2026-09-01 23:19:06.044,100.0,114.0,90.0,0.0,91.3545,-40.6737,,4,1.0,420.69,163.23,55.85,454.69
2026-09-01 23:19:06.299,100.0,114.0,90.0,0.0,91.3545,-40.6737,,5,1.25,420.69,163.23,55.85,454.69
2026-09-01 23:19:13.298,100.0,114.0,96.0,-9.5492,90.8541,-40.6737,,1,0.25,420.46,164.16,55.81,454.8
2026-09-01 23:19:13.537,100.0,114.0,96.0,-9.5492,90.8541,-40.6737,,2,0.5,420.46,164.16,55.81,454.8
2026-09-01 23:19:13.792,100.0,114.0,96.0,-9.5492,90.8541,-40.6737,,3,0.75,420.44,164.15,55.81,454.78
2026-09-01 23:19:14.047,100.0,114.0,96.0,-9.5492,90.8541,-40.6737,,4,1.0,420.44,164.15,55.81,454.78
2026-09-01 23:19:14.286,100.0,114.0,96.0,-9.5492,90.8541,-40.6737,,5,1.25,420.49,164.12,55.81,454.82
2026-09-01 23:19:21.301,100.0,114.0,102.0,-18.9937,89.3582,-40.6737,,1,0.25,420.52,164.87,55.74,455.11
2026-09-01 23:19:21.540,100.0,114.0,102.0,-18.9937,89.3582,-40.6737,,2,0.5,420.49,164.87,55.75,455.08
2026-09-01 23:19:21.795,100.0,114.0,102.0,-18.9937,89.3582,-40.6737,,3,0.75,420.49,164.87,55.75,455.08
2026-09-01 23:19:22.050,100.0,114.0,102.0,-18.9937,89.3582,-40.6737,,4,1.0,420.54,164.88,55.75,455.13
2026-09-01 23:19:22.289,100.0,114.0,102.0,-18.9937,89.3582,-40.6737,,5,1.25,420.54,164.88,55.75,455.13
2026-09-01 23:19:29.288,100.0,114.0,108.0,-28.2301,86.8833,-40.6737,,1,0.25,420.51,165.9,55.77,455.47
2026-09-01 23:19:29.543,100.0,114.0,108.0,-28.2301,86.8833,-40.6737,,2,0.5,420.51,165.9,55.77,455.47
2026-09-01 23:19:29.798,100.0,114.0,108.0,-28.2301,86.8833,-40.6737,,3,0.75,420.52,165.91,55.77,455.49
2026-09-01 23:19:30.037,100.0,114.0,108.0,-28.2301,86.8833,-40.6737,,4,1.0,420.52,165.91,55.77,455.49
2026-09-01 23:19:30.292,100.0,114.0,108.0,-28.2301,86.8833,-40.6737,,5,1.25,420.53,165.91,55.76,455.5
2026-09-01 23:19:37.291,100.0,114.0,114.0,-37.1572,83.4565,-40.6737,,1,0.25,420.98,166.53,55.89,456.15
2026-09-01 23:19:37.546,100.0,114.0,114.0,-37.1572,83.4565,-40.6737,,2,0.5,420.99,166.53,55.9,456.16
2026-09-01 23:19:37.785,100.0,114.0,114.0,-37.1572,83.4565,-40.6737,,3,0.75,420.99,166.53,55.9,456.16
2026-09-01 23:19:38.040,100.0,114.0,114.0,-37.1572,83.4565,-40.6737,,4,1.0,420.97,166.51,55.9,456.14
2026-09-01 23:19:38.295,100.0,114.0,114.0,-37.1572,83.4565,-40.6737,,5,1.25,420.97,166.51,55.9,456.14
2026-09-01 23:19:45.294,100.0,114.0,120.0,-45.6773,79.1154,-40.6737,,1,0.25,421.37,167.27,56.0,456.8
2026-09-01 23:19:45.549,100.0,114.0,120.0,-45.6773,79.1154,-40.6737,,2,0.5,421.37,167.27,56.0,456.8
2026-09-01 23:19:45.788,100.0,114.0,120.0,-45.6773,79.1154,-40.6737,,3,0.75,421.32,167.27,56.0,456.75
2026-09-01 23:19:46.043,100.0,114.0,120.0,-45.6773,79.1154,-40.6737,,4,1.0,421.32,167.27,56.0,456.75
2026-09-01 23:19:46.298,100.0,114.0,120.0,-45.6773,79.1154,-40.6737,,5,1.25,421.33,167.28,56.0,456.76
2026-09-01 23:19:53.169,100.0,114.0,126.0,-53.6969,73.9074,-40.6737,,1,0.25,421.92,167.86,56.12,457.54
2026-09-01 23:19:53.425,100.0,114.0,126.0,-53.6969,73.9074,-40.6737,,2,0.5,421.93,167.85,56.12,457.54
2026-09-01 23:19:53.664,100.0,114.0,126.0,-53.6969,73.9074,-40.6737,,3,0.75,421.93,167.85,56.12,457.54
2026-09-01 23:19:53.919,100.0,114.0,126.0,-53.6969,73.9074,-40.6737,,4,1.0,421.86,167.86,56.13,457.48
2026-09-01 23:19:54.174,100.0,114.0,126.0,-53.6969,73.9074,-40.6737,,5,1.25,421.86,167.86,56.13,457.48
2026-09-01 23:20:01.045,100.0,114.0,132.0,-61.1281,67.8897,-40.6737,,1,0.25,422.57,168.41,56.28,458.36
2026-09-01 23:20:01.300,100.0,114.0,132.0,-61.1281,67.8897,-40.6737,,2,0.5,422.61,168.4,56.28,458.39
2026-09-01 23:20:01.539,100.0,114.0,132.0,-61.1281,67.8897,-40.6737,,3,0.75,422.61,168.4,56.28,458.39
2026-09-01 23:20:01.794,100.0,114.0,132.0,-61.1281,67.8897,-40.6737,,4,1.0,422.59,168.39,56.29,458.37
2026-09-01 23:20:02.049,100.0,114.0,132.0,-61.1281,67.8897,-40.6737,,5,1.25,422.59,168.39,56.29,458.37
2026-09-01 23:20:08.921,100.0,114.0,138.0,-67.8897,61.1281,-40.6737,,1,0.25,423.48,168.54,56.52,459.27
2026-09-01 23:20:09.176,100.0,114.0,138.0,-67.8897,61.1281,-40.6737,,2,0.5,423.48,168.54,56.52,459.27
2026-09-01 23:20:09.415,100.0,114.0,138.0,-67.8897,61.1281,-40.6737,,3,0.75,423.47,168.54,56.52,459.26
2026-09-01 23:20:09.670,100.0,114.0,138.0,-67.8897,61.1281,-40.6737,,4,1.0,423.47,168.54,56.52,459.26
2026-09-01 23:20:09.925,100.0,114.0,138.0,-67.8897,61.1281,-40.6737,,5,1.25,423.45,168.54,56.52,459.24
2026-09-01 23:20:16.796,100.0,114.0,144.0,-73.9074,53.6969,-40.6737,,1,0.25,424.22,168.6,56.73,460.0
2026-09-01 23:20:17.035,100.0,114.0,144.0,-73.9074,53.6969,-40.6737,,2,0.5,424.22,168.6,56.73,460.0
2026-09-01 23:20:17.290,100.0,114.0,144.0,-73.9074,53.6969,-40.6737,,3,0.75,424.17,168.6,56.73,459.96
2026-09-01 23:20:17.545,100.0,114.0,144.0,-73.9074,53.6969,-40.6737,,4,1.0,424.17,168.6,56.73,459.96
2026-09-01 23:20:17.801,100.0,114.0,144.0,-73.9074,53.6969,-40.6737,,5,1.25,424.18,168.61,56.72,459.97
2026-09-01 23:20:24.672,100.0,114.0,150.0,-79.1154,45.6773,-40.6737,,1,0.25,424.96,168.69,56.9,460.74
2026-09-01 23:20:24.911,100.0,114.0,150.0,-79.1154,45.6773,-40.6737,,2,0.5,424.96,168.67,56.89,460.73
2026-09-01 23:20:27.414,100.0,114.0,150.0,-79.1154,45.6773,-40.6737,,3,0.75,424.96,168.67,56.89,460.73
2026-09-01 23:20:27.669,100.0,114.0,150.0,-79.1154,45.6773,-40.6737,,4,1.0,424.94,168.68,56.89,460.72
2026-09-01 23:20:27.924,100.0,114.0,150.0,-79.1154,45.6773,-40.6737,,5,1.25,424.94,168.68,56.89,460.72
2026-09-01 23:20:34.923,100.0,114.0,156.0,-83.4565,37.1572,-40.6737,,1,0.25,425.81,168.51,57.05,461.48
2026-09-01 23:20:35.162,100.0,114.0,156.0,-83.4565,37.1572,-40.6737,,2,0.5,425.81,168.51,57.05,461.48
2026-09-01 23:20:35.417,100.0,114.0,156.0,-83.4565,37.1572,-40.6737,,3,0.75,425.78,168.5,57.05,461.44
2026-09-01 23:20:35.672,100.0,114.0,156.0,-83.4565,37.1572,-40.6737,,4,1.0,425.78,168.5,57.05,461.44
2026-09-01 23:20:35.911,100.0,114.0,156.0,-83.4565,37.1572,-40.6737,,5,1.25,425.73,168.53,57.05,461.41
2026-09-01 23:20:42.910,100.0,114.0,162.0,-86.8833,28.2301,-40.6737,,1,0.25,426.48,168.3,57.18,462.03
2026-09-01 23:20:45.413,100.0,114.0,162.0,-86.8833,28.2301,-40.6737,,2,0.5,426.48,168.3,57.18,462.03
2026-09-01 23:20:45.668,100.0,114.0,162.0,-86.8833,28.2301,-40.6737,,3,0.75,426.45,168.29,57.18,462.0
2026-09-01 23:20:45.923,100.0,114.0,162.0,-86.8833,28.2301,-40.6737,,4,1.0,426.45,168.29,57.18,462.0
2026-09-01 23:20:46.162,100.0,114.0,162.0,-86.8833,28.2301,-40.6737,,5,1.25,426.43,168.3,57.17,461.99
2026-09-01 23:20:53.161,100.0,114.0,168.0,-89.3582,18.9937,-40.6737,,1,0.25,427.16,167.68,57.47,462.47
2026-09-01 23:20:53.416,100.0,114.0,168.0,-89.3582,18.9937,-40.6737,,2,0.5,427.17,167.69,57.47,462.48
2026-09-01 23:20:53.671,100.0,114.0,168.0,-89.3582,18.9937,-40.6737,,3,0.75,427.17,167.69,57.47,462.48
2026-09-01 23:20:53.910,100.0,114.0,168.0,-89.3582,18.9937,-40.6737,,4,1.0,427.12,167.72,57.48,462.45
2026-09-01 23:20:56.413,100.0,114.0,168.0,-89.3582,18.9937,-40.6737,,5,1.25,427.2,167.72,57.48,462.52
2026-09-01 23:21:03.412,100.0,114.0,174.0,-90.8541,9.5492,-40.6737,,1,0.25,427.64,167.31,57.6,462.8
2026-09-01 23:21:03.667,100.0,114.0,174.0,-90.8541,9.5492,-40.6737,,2,0.5,427.59,167.33,57.6,462.76
2026-09-01 23:21:03.922,100.0,114.0,174.0,-90.8541,9.5492,-40.6737,,3,0.75,427.59,167.33,57.6,462.76
2026-09-01 23:21:04.162,100.0,114.0,174.0,-90.8541,9.5492,-40.6737,,4,1.0,427.62,167.34,57.58,462.79
2026-09-01 23:21:04.417,100.0,114.0,174.0,-90.8541,9.5492,-40.6737,,5,1.25,427.62,167.34,57.58,462.79
2026-09-01 23:21:11.415,100.0,114.0,180.0,-91.3545,0.0,-40.6737,,1,0.25,428.19,166.39,57.65,462.98
2026-09-01 23:21:11.670,100.0,114.0,180.0,-91.3545,0.0,-40.6737,,2,0.5,428.19,166.39,57.65,462.98
2026-09-01 23:21:11.910,100.0,114.0,180.0,-91.3545,0.0,-40.6737,,3,0.75,428.23,166.43,57.66,463.03
2026-09-01 23:21:14.413,100.0,114.0,180.0,-91.3545,0.0,-40.6737,,4,1.0,428.29,166.43,57.66,463.09
2026-09-01 23:21:14.668,100.0,114.0,180.0,-91.3545,0.0,-40.6737,,5,1.25,428.29,166.43,57.66,463.09
2026-09-01 23:21:21.666,100.0,114.0,186.0,-90.8541,-9.5492,-40.6737,,1,0.25,428.65,165.55,57.82,463.13
2026-09-01 23:21:21.922,100.0,114.0,186.0,-90.8541,-9.5492,-40.6737,,2,0.5,428.65,165.55,57.82,463.13
2026-09-01 23:21:22.161,100.0,114.0,186.0,-90.8541,-9.5492,-40.6737,,3,0.75,428.54,165.57,57.82,463.03
2026-09-01 23:21:24.664,100.0,114.0,186.0,-90.8541,-9.5492,-40.6737,,4,1.0,428.54,165.57,57.82,463.03
2026-09-01 23:21:24.919,100.0,114.0,186.0,-90.8541,-9.5492,-40.6737,,5,1.25,428.54,165.57,57.83,463.03
2026-09-01 23:21:31.917,100.0,114.0,192.0,-89.3582,-18.9937,-40.6737,,1,0.25,428.6,164.92,57.89,462.86
2026-09-01 23:21:32.173,100.0,114.0,192.0,-89.3582,-18.9937,-40.6737,,2,0.5,428.59,164.92,57.9,462.86
2026-09-01 23:21:32.412,100.0,114.0,192.0,-89.3582,-18.9937,-40.6737,,3,0.75,428.59,164.92,57.9,462.86
2026-09-01 23:21:32.667,100.0,114.0,192.0,-89.3582,-18.9937,-40.6737,,4,1.0,428.61,164.92,57.89,462.87
2026-09-01 23:21:32.922,100.0,114.0,192.0,-89.3582,-18.9937,-40.6737,,5,1.25,428.61,164.92,57.89,462.87
2026-09-01 23:21:39.921,100.0,114.0,198.0,-86.8833,-28.2301,-40.6737,,1,0.25,428.62,164.38,57.79,462.68
2026-09-01 23:21:40.160,100.0,114.0,198.0,-86.8833,-28.2301,-40.6737,,2,0.5,428.62,164.38,57.78,462.68
2026-09-01 23:21:42.663,100.0,114.0,198.0,-86.8833,-28.2301,-40.6737,,3,0.75,428.62,164.38,57.78,462.68
2026-09-01 23:21:42.918,100.0,114.0,198.0,-86.8833,-28.2301,-40.6737,,4,1.0,428.63,164.37,57.79,462.68
2026-09-01 23:21:43.173,100.0,114.0,198.0,-86.8833,-28.2301,-40.6737,,5,1.25,428.63,164.37,57.79,462.68
2026-09-01 23:21:50.172,100.0,114.0,204.0,-83.4565,-37.1572,-40.6737,,1,0.25,428.48,163.64,57.82,462.29
2026-09-01 23:21:50.411,100.0,114.0,204.0,-83.4565,-37.1572,-40.6737,,2,0.5,428.48,163.64,57.82,462.29
2026-09-01 23:21:50.666,100.0,114.0,204.0,-83.4565,-37.1572,-40.6737,,3,0.75,428.46,163.64,57.81,462.27
2026-09-01 23:21:50.921,100.0,114.0,204.0,-83.4565,-37.1572,-40.6737,,4,1.0,428.46,163.64,57.81,462.27
2026-09-01 23:21:51.160,100.0,114.0,204.0,-83.4565,-37.1572,-40.6737,,5,1.25,428.47,163.62,57.83,462.27
2026-09-01 23:22:00.422,100.0,114.0,210.0,-79.1154,-45.6773,-40.6737,,1,0.25,428.23,162.84,57.76,461.77
2026-09-01 23:22:00.662,100.0,114.0,210.0,-79.1154,-45.6773,-40.6737,,2,0.5,428.23,162.84,57.76,461.77
2026-09-01 23:22:00.917,100.0,114.0,210.0,-79.1154,-45.6773,-40.6737,,3,0.75,428.23,162.85,57.76,461.77
2026-09-01 23:22:01.172,100.0,114.0,210.0,-79.1154,-45.6773,-40.6737,,4,1.0,428.23,162.85,57.76,461.77
2026-09-01 23:22:01.411,100.0,114.0,210.0,-79.1154,-45.6773,-40.6737,,5,1.25,428.22,162.84,57.76,461.76
2026-09-01 23:22:08.298,100.0,114.0,216.0,-73.9074,-53.6969,-40.6737,,1,0.25,427.81,162.26,57.71,461.17
2026-09-01 23:22:08.537,100.0,114.0,216.0,-73.9074,-53.6969,-40.6737,,2,0.5,427.81,162.26,57.71,461.17
2026-09-01 23:22:08.792,100.0,114.0,216.0,-73.9074,-53.6969,-40.6737,,3,0.75,427.8,162.27,57.71,461.16
2026-09-01 23:22:09.047,100.0,114.0,216.0,-73.9074,-53.6969,-40.6737,,4,1.0,427.8,162.27,57.71,461.16
2026-09-01 23:22:09.286,100.0,114.0,216.0,-73.9074,-53.6969,-40.6737,,5,1.25,427.85,162.28,57.71,461.21
2026-09-01 23:22:16.173,100.0,114.0,222.0,-67.8897,-61.1281,-40.6737,,1,0.25,427.35,161.8,57.58,460.56
2026-09-01 23:22:16.413,100.0,114.0,222.0,-67.8897,-61.1281,-40.6737,,2,0.5,427.35,161.78,57.58,460.56
2026-09-01 23:22:16.668,100.0,114.0,222.0,-67.8897,-61.1281,-40.6737,,3,0.75,427.35,161.78,57.58,460.56
2026-09-01 23:22:16.923,100.0,114.0,222.0,-67.8897,-61.1281,-40.6737,,4,1.0,427.32,161.78,57.59,460.53
2026-09-01 23:22:17.162,100.0,114.0,222.0,-67.8897,-61.1281,-40.6737,,5,1.25,427.32,161.78,57.59,460.53
2026-09-01 23:22:24.049,100.0,114.0,228.0,-61.1281,-67.8897,-40.6737,,1,0.25,426.73,161.42,57.4,459.83
2026-09-01 23:22:24.288,100.0,114.0,228.0,-61.1281,-67.8897,-40.6737,,2,0.5,426.7,161.43,57.4,459.81
2026-09-01 23:22:24.543,100.0,114.0,228.0,-61.1281,-67.8897,-40.6737,,3,0.75,426.7,161.43,57.4,459.81
2026-09-01 23:22:24.798,100.0,114.0,228.0,-61.1281,-67.8897,-40.6737,,4,1.0,426.7,161.43,57.41,459.81
2026-09-01 23:22:25.037,100.0,114.0,228.0,-61.1281,-67.8897,-40.6737,,5,1.25,426.7,161.43,57.41,459.81
2026-09-01 23:22:31.924,100.0,114.0,234.0,-53.6969,-73.9074,-40.6737,,1,0.25,426.12,161.01,57.28,459.11
2026-09-01 23:22:32.163,100.0,114.0,234.0,-53.6969,-73.9074,-40.6737,,2,0.5,426.12,161.01,57.28,459.11
2026-09-01 23:22:32.419,100.0,114.0,234.0,-53.6969,-73.9074,-40.6737,,3,0.75,426.13,160.98,57.29,459.11
2026-09-01 23:22:32.674,100.0,114.0,234.0,-53.6969,-73.9074,-40.6737,,4,1.0,426.13,160.98,57.29,459.11
2026-09-01 23:22:32.913,100.0,114.0,234.0,-53.6969,-73.9074,-40.6737,,5,1.25,426.13,160.97,57.29,459.1
2026-09-01 23:22:39.784,100.0,114.0,240.0,-45.6773,-79.1154,-40.6737,,1,0.25,425.36,161.28,57.09,458.47
2026-09-01 23:22:40.039,100.0,114.0,240.0,-45.6773,-79.1154,-40.6737,,2,0.5,425.36,161.28,57.09,458.47
2026-09-01 23:22:40.294,100.0,114.0,240.0,-45.6773,-79.1154,-40.6737,,3,0.75,425.33,161.27,57.08,458.44
2026-09-01 23:22:40.549,100.0,114.0,240.0,-45.6773,-79.1154,-40.6737,,4,1.0,425.33,161.27,57.08,458.44
2026-09-01 23:22:40.788,100.0,114.0,240.0,-45.6773,-79.1154,-40.6737,,5,1.25,425.25,161.28,57.08,458.37
2026-09-01 23:22:47.787,100.0,114.0,246.0,-37.1572,-83.4565,-40.6737,,1,0.25,424.77,161.2,56.91,457.87
2026-09-01 23:22:48.042,100.0,114.0,246.0,-37.1572,-83.4565,-40.6737,,2,0.5,424.76,161.21,56.92,457.87
2026-09-01 23:22:48.297,100.0,114.0,246.0,-37.1572,-83.4565,-40.6737,,3,0.75,424.76,161.21,56.92,457.87
2026-09-01 23:22:48.536,100.0,114.0,246.0,-37.1572,-83.4565,-40.6737,,4,1.0,424.7,161.21,56.92,457.81
2026-09-01 23:22:48.791,100.0,114.0,246.0,-37.1572,-83.4565,-40.6737,,5,1.25,424.7,161.21,56.92,457.81
2026-09-01 23:22:55.790,100.0,114.0,252.0,-28.2301,-86.8833,-40.6737,,1,0.25,424.08,161.34,56.78,457.27
2026-09-01 23:22:56.045,100.0,114.0,252.0,-28.2301,-86.8833,-40.6737,,2,0.5,424.08,161.34,56.78,457.27
2026-09-01 23:22:56.284,100.0,114.0,252.0,-28.2301,-86.8833,-40.6737,,3,0.75,424.09,161.34,56.78,457.28
2026-09-01 23:22:56.539,100.0,114.0,252.0,-28.2301,-86.8833,-40.6737,,4,1.0,424.09,161.34,56.78,457.28
2026-09-01 23:22:56.794,100.0,114.0,252.0,-28.2301,-86.8833,-40.6737,,5,1.25,424.05,161.36,56.78,457.25
2026-09-01 23:23:03.793,100.0,114.0,258.0,-18.9937,-89.3582,-40.6737,,1,0.25,423.29,161.86,56.65,456.7
2026-09-01 23:23:04.048,100.0,114.0,258.0,-18.9937,-89.3582,-40.6737,,2,0.5,423.32,161.84,56.66,456.73
2026-09-01 23:23:04.287,100.0,114.0,258.0,-18.9937,-89.3582,-40.6737,,3,0.75,423.32,161.84,56.66,456.73
2026-09-01 23:23:04.542,100.0,114.0,258.0,-18.9937,-89.3582,-40.6737,,4,1.0,423.33,161.83,56.65,456.73
2026-09-01 23:23:04.797,100.0,114.0,258.0,-18.9937,-89.3582,-40.6737,,5,1.25,423.33,161.83,56.65,456.73
2026-09-01 23:23:11.796,100.0,114.0,264.0,-9.5492,-90.8541,-40.6737,,1,0.25,422.82,162.14,56.47,456.34
2026-09-01 23:23:12.035,100.0,114.0,264.0,-9.5492,-90.8541,-40.6737,,2,0.5,422.82,162.14,56.47,456.34
2026-09-01 23:23:12.290,100.0,114.0,264.0,-9.5492,-90.8541,-40.6737,,3,0.75,422.84,162.14,56.47,456.36
2026-09-01 23:23:12.545,100.0,114.0,264.0,-9.5492,-90.8541,-40.6737,,4,1.0,422.84,162.14,56.47,456.36
2026-09-01 23:23:12.784,100.0,114.0,264.0,-9.5492,-90.8541,-40.6737,,5,1.25,422.81,162.14,56.47,456.34
2026-09-01 23:23:19.799,100.0,114.0,270.0,-0.0,-91.3545,-40.6737,,1,0.25,422.42,162.84,56.4,456.21
2026-09-01 23:23:20.038,100.0,114.0,270.0,-0.0,-91.3545,-40.6737,,2,0.5,422.43,162.84,56.41,456.23
2026-09-01 23:23:20.293,100.0,114.0,270.0,-0.0,-91.3545,-40.6737,,3,0.75,422.43,162.84,56.41,456.23
2026-09-01 23:23:20.548,100.0,114.0,270.0,-0.0,-91.3545,-40.6737,,4,1.0,422.4,162.86,56.4,456.2
2026-09-01 23:23:20.787,100.0,114.0,270.0,-0.0,-91.3545,-40.6737,,5,1.25,422.4,162.86,56.4,456.2
2026-09-01 23:23:27.786,100.0,114.0,276.0,9.5492,-90.8541,-40.6737,,1,0.25,422.12,163.56,56.35,456.19
2026-09-01 23:23:28.041,100.0,114.0,276.0,9.5492,-90.8541,-40.6737,,2,0.5,422.12,163.56,56.35,456.19
2026-09-01 23:23:28.296,100.0,114.0,276.0,9.5492,-90.8541,-40.6737,,3,0.75,422.15,163.56,56.34,456.22
2026-09-01 23:23:28.535,100.0,114.0,276.0,9.5492,-90.8541,-40.6737,,4,1.0,422.15,163.56,56.34,456.22
2026-09-01 23:23:28.790,100.0,114.0,276.0,9.5492,-90.8541,-40.6737,,5,1.25,422.11,163.55,56.34,456.17
2026-09-01 23:23:35.789,100.0,114.0,282.0,18.9937,-89.3582,-40.6737,,1,0.25,422.07,164.29,56.33,456.4
2026-09-01 23:23:36.044,100.0,114.0,282.0,18.9937,-89.3582,-40.6737,,2,0.5,422.07,164.27,56.31,456.39
2026-09-01 23:23:36.299,100.0,114.0,282.0,18.9937,-89.3582,-40.6737,,3,0.75,422.07,164.27,56.31,456.39
2026-09-01 23:23:36.538,100.0,114.0,282.0,18.9937,-89.3582,-40.6737,,4,1.0,422.09,164.28,56.33,456.42
2026-09-01 23:23:36.793,100.0,114.0,282.0,18.9937,-89.3582,-40.6737,,5,1.25,422.09,164.28,56.33,456.42
2026-09-01 23:23:43.792,100.0,114.0,288.0,28.2301,-86.8833,-40.6737,,1,0.25,422.25,164.98,56.29,456.81
2026-09-01 23:23:44.047,100.0,114.0,288.0,28.2301,-86.8833,-40.6737,,2,0.5,422.25,164.98,56.29,456.81
2026-09-01 23:23:44.286,100.0,114.0,288.0,28.2301,-86.8833,-40.6737,,3,0.75,422.15,164.97,56.28,456.72
2026-09-01 23:23:44.541,100.0,114.0,288.0,28.2301,-86.8833,-40.6737,,4,1.0,422.15,164.97,56.28,456.72
2026-09-01 23:23:44.796,100.0,114.0,288.0,28.2301,-86.8833,-40.6737,,5,1.25,422.13,164.97,56.27,456.7
2026-09-01 23:23:51.795,100.0,114.0,294.0,37.1572,-83.4565,-40.6737,,1,0.25,422.39,165.46,56.23,457.11
2026-09-01 23:23:52.034,100.0,114.0,294.0,37.1572,-83.4565,-40.6737,,2,0.5,422.34,165.46,56.22,457.06
2026-09-01 23:23:52.289,100.0,114.0,294.0,37.1572,-83.4565,-40.6737,,3,0.75,422.34,165.46,56.22,457.06
2026-09-01 23:23:52.544,100.0,114.0,294.0,37.1572,-83.4565,-40.6737,,4,1.0,422.38,165.45,56.22,457.09
2026-09-01 23:23:52.799,100.0,114.0,294.0,37.1572,-83.4565,-40.6737,,5,1.25,422.38,165.45,56.22,457.09
2026-09-01 23:23:59.798,100.0,114.0,300.0,45.6773,-79.1154,-40.6737,,1,0.25,422.69,166.06,56.2,457.6
2026-09-01 23:24:00.037,100.0,114.0,300.0,45.6773,-79.1154,-40.6737,,2,0.5,422.69,166.06,56.2,457.6
2026-09-01 23:24:00.292,100.0,114.0,300.0,45.6773,-79.1154,-40.6737,,3,0.75,422.64,166.05,56.21,457.55
2026-09-01 23:24:00.547,100.0,114.0,300.0,45.6773,-79.1154,-40.6737,,4,1.0,422.64,166.05,56.21,457.55
2026-09-01 23:24:00.786,100.0,114.0,300.0,45.6773,-79.1154,-40.6737,,5,1.25,422.65,166.04,56.21,457.56
2026-09-01 23:24:07.673,100.0,114.0,306.0,53.6969,-73.9074,-40.6737,,1,0.25,423.19,166.54,56.29,458.25
2026-09-01 23:24:07.912,100.0,114.0,306.0,53.6969,-73.9074,-40.6737,,2,0.5,423.15,166.54,56.3,458.21
2026-09-01 23:24:08.167,100.0,114.0,306.0,53.6969,-73.9074,-40.6737,,3,0.75,423.15,166.54,56.3,458.21
2026-09-01 23:24:08.422,100.0,114.0,306.0,53.6969,-73.9074,-40.6737,,4,1.0,423.19,166.54,56.3,458.25
2026-09-01 23:24:08.662,100.0,114.0,306.0,53.6969,-73.9074,-40.6737,,5,1.25,423.19,166.54,56.3,458.25
2026-09-01 23:24:15.548,100.0,114.0,312.0,61.1281,-67.8897,-40.6737,,1,0.25,423.72,166.92,56.27,458.87
2026-09-01 23:24:15.788,100.0,114.0,312.0,61.1281,-67.8897,-40.6737,,2,0.5,423.72,166.91,56.28,458.87
2026-09-01 23:24:16.043,100.0,114.0,312.0,61.1281,-67.8897,-40.6737,,3,0.75,423.72,166.91,56.28,458.87
2026-09-01 23:24:16.298,100.0,114.0,312.0,61.1281,-67.8897,-40.6737,,4,1.0,423.71,166.9,56.27,458.85
2026-09-01 23:24:16.537,100.0,114.0,312.0,61.1281,-67.8897,-40.6737,,5,1.25,423.71,166.9,56.27,458.85
2026-09-01 23:24:23.424,100.0,114.0,318.0,67.8897,-61.1281,-40.6737,,1,0.25,424.48,167.19,56.39,459.69
2026-09-01 23:24:23.663,100.0,114.0,318.0,67.8897,-61.1281,-40.6737,,2,0.5,424.48,167.19,56.39,459.69
2026-09-01 23:24:23.918,100.0,114.0,318.0,67.8897,-61.1281,-40.6737,,3,0.75,424.43,167.18,56.4,459.64
2026-09-01 23:24:24.173,100.0,114.0,318.0,67.8897,-61.1281,-40.6737,,4,1.0,424.43,167.18,56.4,459.64
2026-09-01 23:24:24.412,100.0,114.0,318.0,67.8897,-61.1281,-40.6737,,5,1.25,424.47,167.19,56.39,459.68
2026-09-01 23:24:31.283,100.0,114.0,324.0,73.9074,-53.6969,-40.6737,,1,0.25,425.26,167.14,56.48,460.4
2026-09-01 23:24:31.538,100.0,114.0,324.0,73.9074,-53.6969,-40.6737,,2,0.5,425.26,167.14,56.48,460.4
2026-09-01 23:24:31.793,100.0,114.0,324.0,73.9074,-53.6969,-40.6737,,3,0.75,425.21,167.13,56.47,460.35
2026-09-01 23:24:32.049,100.0,114.0,324.0,73.9074,-53.6969,-40.6737,,4,1.0,425.21,167.13,56.47,460.35
2026-09-01 23:24:32.288,100.0,114.0,324.0,73.9074,-53.6969,-40.6737,,5,1.25,425.25,167.12,56.47,460.38
2026-09-01 23:24:39.159,100.0,114.0,330.0,79.1154,-45.6773,-40.6737,,1,0.25,425.93,166.97,56.52,460.96
2026-09-01 23:24:41.662,100.0,114.0,330.0,79.1154,-45.6773,-40.6737,,2,0.5,425.93,166.97,56.52,460.96
2026-09-01 23:24:41.917,100.0,114.0,330.0,79.1154,-45.6773,-40.6737,,3,0.75,425.93,166.97,56.52,460.96
2026-09-01 23:24:42.172,100.0,114.0,330.0,79.1154,-45.6773,-40.6737,,4,1.0,425.93,167.0,56.53,460.97
2026-09-01 23:24:42.411,100.0,114.0,330.0,79.1154,-45.6773,-40.6737,,5,1.25,425.93,167.0,56.53,460.97
2026-09-01 23:24:49.410,100.0,114.0,336.0,83.4565,-37.1572,-40.6737,,1,0.25,426.66,166.64,56.72,461.54
2026-09-01 23:24:49.665,100.0,114.0,336.0,83.4565,-37.1572,-40.6737,,2,0.5,426.66,166.64,56.72,461.54
2026-09-01 23:24:49.920,100.0,114.0,336.0,83.4565,-37.1572,-40.6737,,3,0.75,426.7,166.67,56.73,461.59
2026-09-01 23:24:50.159,100.0,114.0,336.0,83.4565,-37.1572,-40.6737,,4,1.0,426.67,166.66,56.7,461.56
2026-09-01 23:24:52.662,100.0,114.0,336.0,83.4565,-37.1572,-40.6737,,5,1.25,426.67,166.66,56.7,461.56
2026-09-01 23:24:59.660,100.0,114.0,342.0,86.8833,-28.2301,-40.6737,,1,0.25,427.37,166.21,56.77,462.05
2026-09-01 23:24:59.915,100.0,114.0,342.0,86.8833,-28.2301,-40.6737,,2,0.5,427.37,166.21,56.77,462.05
2026-09-01 23:25:00.171,100.0,114.0,342.0,86.8833,-28.2301,-40.6737,,3,0.75,427.32,166.2,56.77,462.0
2026-09-01 23:25:00.410,100.0,114.0,342.0,86.8833,-28.2301,-40.6737,,4,1.0,427.32,166.2,56.77,462.0
2026-09-01 23:25:00.665,100.0,114.0,342.0,86.8833,-28.2301,-40.6737,,5,1.25,427.32,166.21,56.76,462.0
2026-09-01 23:25:07.663,100.0,114.0,348.0,89.3582,-18.9937,-40.6737,,1,0.25,427.87,165.74,56.89,462.36
2026-09-01 23:25:07.918,100.0,114.0,348.0,89.3582,-18.9937,-40.6737,,2,0.5,427.87,165.74,56.9,462.36
2026-09-01 23:25:08.173,100.0,114.0,348.0,89.3582,-18.9937,-40.6737,,3,0.75,427.87,165.74,56.9,462.36
2026-09-01 23:25:08.413,100.0,114.0,348.0,89.3582,-18.9937,-40.6737,,4,1.0,427.83,165.74,56.89,462.32
2026-09-01 23:25:08.668,100.0,114.0,348.0,89.3582,-18.9937,-40.6737,,5,1.25,427.83,165.74,56.89,462.32
2026-09-01 23:25:15.666,100.0,114.0,354.0,90.8541,-9.5492,-40.6737,,1,0.25,428.27,165.11,57.04,462.52
2026-09-01 23:25:15.921,100.0,114.0,354.0,90.8541,-9.5492,-40.6737,,2,0.5,428.27,165.11,57.04,462.52
2026-09-01 23:25:16.160,100.0,114.0,354.0,90.8541,-9.5492,-40.6737,,3,0.75,428.26,165.13,57.04,462.52
2026-09-01 23:25:16.416,100.0,114.0,354.0,90.8541,-9.5492,-40.6737,,4,1.0,428.26,165.13,57.04,462.52
2026-09-01 23:25:16.671,100.0,114.0,354.0,90.8541,-9.5492,-40.6737,,5,1.25,428.23,165.12,57.04,462.49
2026-09-01 23:25:23.669,100.0,120.0,354.0,86.1281,-9.0524,-50.0,,1,0.25,427.85,164.93,57.09,462.07
2026-09-01 23:25:23.909,100.0,120.0,354.0,86.1281,-9.0524,-50.0,,2,0.5,427.92,164.96,57.09,462.15
2026-09-01 23:25:26.411,100.0,120.0,354.0,86.1281,-9.0524,-50.0,,3,0.75,427.89,164.97,57.09,462.13
2026-09-01 23:25:26.666,100.0,120.0,354.0,86.1281,-9.0524,-50.0,,4,1.0,427.89,164.97,57.09,462.13
2026-09-01 23:25:26.921,100.0,120.0,354.0,86.1281,-9.0524,-50.0,,5,1.25,427.9,164.95,57.09,462.13
2026-09-01 23:25:33.793,100.0,120.0,348.0,84.7101,-18.0057,-50.0,,1,0.25,427.47,165.52,56.99,461.92
2026-09-01 23:25:34.048,100.0,120.0,348.0,84.7101,-18.0057,-50.0,,2,0.5,427.47,165.52,56.99,461.92
2026-09-01 23:25:34.287,100.0,120.0,348.0,84.7101,-18.0057,-50.0,,3,0.75,427.47,165.53,56.99,461.92
2026-09-01 23:25:34.542,100.0,120.0,348.0,84.7101,-18.0057,-50.0,,4,1.0,427.47,165.53,56.99,461.92
2026-09-01 23:25:34.797,100.0,120.0,348.0,84.7101,-18.0057,-50.0,,5,1.25,427.44,165.56,57.0,461.91
2026-09-01 23:25:41.668,100.0,120.0,342.0,82.3639,-26.7617,-50.0,,1,0.25,427.07,165.97,56.89,461.7
2026-09-01 23:25:41.923,100.0,120.0,342.0,82.3639,-26.7617,-50.0,,2,0.5,427.02,165.96,56.89,461.65
2026-09-01 23:25:42.162,100.0,120.0,342.0,82.3639,-26.7617,-50.0,,3,0.75,427.02,165.96,56.89,461.65
2026-09-01 23:25:42.417,100.0,120.0,342.0,82.3639,-26.7617,-50.0,,4,1.0,427.07,165.97,56.89,461.7
2026-09-01 23:25:42.672,100.0,120.0,342.0,82.3639,-26.7617,-50.0,,5,1.25,427.07,165.97,56.89,461.7
2026-09-01 23:25:49.543,100.0,120.0,336.0,79.1154,-35.2244,-50.0,,1,0.25,426.47,166.4,56.74,461.28
2026-09-01 23:25:49.783,100.0,120.0,336.0,79.1154,-35.2244,-50.0,,2,0.5,426.47,166.4,56.74,461.28
2026-09-01 23:25:50.038,100.0,120.0,336.0,79.1154,-35.2244,-50.0,,3,0.75,426.47,166.4,56.74,461.28
2026-09-01 23:25:50.293,100.0,120.0,336.0,79.1154,-35.2244,-50.0,,4,1.0,426.5,166.4,56.75,461.31
2026-09-01 23:25:50.548,100.0,120.0,336.0,79.1154,-35.2244,-50.0,,5,1.25,426.5,166.4,56.75,461.31
2026-09-01 23:25:57.419,100.0,120.0,330.0,75.0,-43.3013,-50.0,,1,0.25,425.71,166.78,56.61,460.7
2026-09-01 23:25:57.658,100.0,120.0,330.0,75.0,-43.3013,-50.0,,2,0.5,425.71,166.78,56.62,460.7
2026-09-01 23:26:00.161,100.0,120.0,330.0,75.0,-43.3013,-50.0,,3,0.75,425.71,166.78,56.62,460.7
2026-09-01 23:26:00.416,100.0,120.0,330.0,75.0,-43.3013,-50.0,,4,1.0,425.69,166.78,56.6,460.68
2026-09-01 23:26:00.671,100.0,120.0,330.0,75.0,-43.3013,-50.0,,5,1.25,425.69,166.78,56.6,460.68
2026-09-01 23:26:07.542,100.0,120.0,324.0,70.0629,-50.9037,-50.0,,1,0.25,425.12,166.78,56.5,460.14
2026-09-01 23:26:07.797,100.0,120.0,324.0,70.0629,-50.9037,-50.0,,2,0.5,425.15,166.77,56.5,460.17
2026-09-01 23:26:08.036,100.0,120.0,324.0,70.0629,-50.9037,-50.0,,3,0.75,425.15,166.77,56.5,460.17
2026-09-01 23:26:08.291,100.0,120.0,324.0,70.0629,-50.9037,-50.0,,4,1.0,425.14,166.76,56.48,460.15
2026-09-01 23:26:08.546,100.0,120.0,324.0,70.0629,-50.9037,-50.0,,5,1.25,425.14,166.76,56.48,460.15
2026-09-01 23:26:15.417,100.0,120.0,318.0,64.3582,-57.9484,-50.0,,1,0.25,424.48,166.68,56.41,459.5
2026-09-01 23:26:15.672,100.0,120.0,318.0,64.3582,-57.9484,-50.0,,2,0.5,424.48,166.68,56.41,459.5
2026-09-01 23:26:15.912,100.0,120.0,318.0,64.3582,-57.9484,-50.0,,3,0.75,424.49,166.66,56.41,459.5
2026-09-01 23:26:16.167,100.0,120.0,318.0,64.3582,-57.9484,-50.0,,4,1.0,424.49,166.66,56.41,459.5
2026-09-01 23:26:16.422,100.0,120.0,318.0,64.3582,-57.9484,-50.0,,5,1.25,424.46,166.69,56.43,459.49
2026-09-01 23:26:23.293,100.0,120.0,312.0,57.9484,-64.3582,-50.0,,1,0.25,423.82,166.64,56.42,458.88
2026-09-01 23:26:23.548,100.0,120.0,312.0,57.9484,-64.3582,-50.0,,2,0.5,423.82,166.64,56.42,458.88
2026-09-01 23:26:23.787,100.0,120.0,312.0,57.9484,-64.3582,-50.0,,3,0.75,423.82,166.63,56.4,458.87
2026-09-01 23:26:24.042,100.0,120.0,312.0,57.9484,-64.3582,-50.0,,4,1.0,423.82,166.63,56.4,458.87
2026-09-01 23:26:24.297,100.0,120.0,312.0,57.9484,-64.3582,-50.0,,5,1.25,423.81,166.64,56.4,458.87
2026-09-01 23:26:31.168,100.0,120.0,306.0,50.9037,-70.0629,-50.0,,1,0.25,423.38,166.17,56.41,458.3
2026-09-01 23:26:31.408,100.0,120.0,306.0,50.9037,-70.0629,-50.0,,2,0.5,423.34,166.14,56.4,458.25
2026-09-01 23:26:33.911,100.0,120.0,306.0,50.9037,-70.0629,-50.0,,3,0.75,423.34,166.14,56.4,458.25
2026-09-01 23:26:34.166,100.0,120.0,306.0,50.9037,-70.0629,-50.0,,4,1.0,423.36,166.14,56.4,458.27
2026-09-01 23:26:34.421,100.0,120.0,306.0,50.9037,-70.0629,-50.0,,5,1.25,423.36,166.14,56.4,458.27
2026-09-01 23:26:41.292,100.0,120.0,300.0,43.3013,-75.0,-50.0,,1,0.25,422.77,165.93,56.33,457.64
2026-09-01 23:26:41.547,100.0,120.0,300.0,43.3013,-75.0,-50.0,,2,0.5,422.77,165.93,56.33,457.64
2026-09-01 23:26:41.786,100.0,120.0,300.0,43.3013,-75.0,-50.0,,3,0.75,422.74,165.93,56.32,457.61
2026-09-01 23:26:42.041,100.0,120.0,300.0,43.3013,-75.0,-50.0,,4,1.0,422.74,165.93,56.32,457.61
2026-09-01 23:26:42.296,100.0,120.0,300.0,43.3013,-75.0,-50.0,,5,1.25,422.8,165.93,56.32,457.67
2026-09-01 23:26:49.167,100.0,120.0,294.0,35.2244,-79.1154,-50.0,,1,0.25,422.46,165.45,56.32,457.18
2026-09-01 23:26:49.422,100.0,120.0,294.0,35.2244,-79.1154,-50.0,,2,0.5,422.46,165.45,56.32,457.18
2026-09-01 23:26:49.661,100.0,120.0,294.0,35.2244,-79.1154,-50.0,,3,0.75,422.42,165.44,56.31,457.14
2026-09-01 23:26:49.917,100.0,120.0,294.0,35.2244,-79.1154,-50.0,,4,1.0,422.42,165.44,56.31,457.14
2026-09-01 23:26:50.172,100.0,120.0,294.0,35.2244,-79.1154,-50.0,,5,1.25,422.52,165.47,56.31,457.24
2026-09-01 23:26:57.043,100.0,120.0,288.0,26.7617,-82.3639,-50.0,,1,0.25,422.28,164.71,56.35,456.75
2026-09-01 23:26:57.298,100.0,120.0,288.0,26.7617,-82.3639,-50.0,,2,0.5,422.25,164.74,56.34,456.73
2026-09-01 23:26:57.537,100.0,120.0,288.0,26.7617,-82.3639,-50.0,,3,0.75,422.25,164.74,56.34,456.73
2026-09-01 23:26:57.792,100.0,120.0,288.0,26.7617,-82.3639,-50.0,,4,1.0,422.29,164.71,56.35,456.76
2026-09-01 23:26:58.047,100.0,120.0,288.0,26.7617,-82.3639,-50.0,,5,1.25,422.29,164.71,56.35,456.76
2026-09-01 23:27:04.918,100.0,120.0,282.0,18.0057,-84.7101,-50.0,,1,0.25,422.12,164.44,56.39,456.51
2026-09-01 23:27:05.157,100.0,120.0,282.0,18.0057,-84.7101,-50.0,,2,0.5,422.2,164.44,56.39,456.58
2026-09-01 23:27:07.660,100.0,120.0,282.0,18.0057,-84.7101,-50.0,,3,0.75,422.14,164.44,56.39,456.53
2026-09-01 23:27:07.916,100.0,120.0,282.0,18.0057,-84.7101,-50.0,,4,1.0,422.14,164.44,56.39,456.53
2026-09-01 23:27:08.171,100.0,120.0,282.0,18.0057,-84.7101,-50.0,,5,1.25,422.15,164.45,56.39,456.54
2026-09-01 23:27:15.042,100.0,120.0,276.0,9.0524,-86.1281,-50.0,,1,0.25,422.35,163.58,56.52,456.43
2026-09-01 23:27:15.297,100.0,120.0,276.0,9.0524,-86.1281,-50.0,,2,0.5,422.36,163.57,56.5,456.43
2026-09-01 23:27:15.536,100.0,120.0,276.0,9.0524,-86.1281,-50.0,,3,0.75,422.36,163.57,56.5,456.43
2026-09-01 23:27:15.791,100.0,120.0,276.0,9.0524,-86.1281,-50.0,,4,1.0,422.38,163.57,56.51,456.45
2026-09-01 23:27:16.046,100.0,120.0,276.0,9.0524,-86.1281,-50.0,,5,1.25,422.38,163.57,56.51,456.45
2026-09-01 23:27:22.917,100.0,120.0,270.0,-0.0,-86.6025,-50.0,,1,0.25,422.53,163.02,56.53,456.4
2026-09-01 23:27:23.172,100.0,120.0,270.0,-0.0,-86.6025,-50.0,,2,0.5,422.53,163.02,56.52,456.4
2026-09-01 23:27:23.412,100.0,120.0,270.0,-0.0,-86.6025,-50.0,,3,0.75,422.53,163.02,56.52,456.4
2026-09-01 23:27:23.667,100.0,120.0,270.0,-0.0,-86.6025,-50.0,,4,1.0,422.57,163.02,56.53,456.43
2026-09-01 23:27:23.922,100.0,120.0,270.0,-0.0,-86.6025,-50.0,,5,1.25,422.57,163.02,56.53,456.43
2026-09-01 23:27:30.793,100.0,120.0,264.0,-9.0524,-86.1281,-50.0,,1,0.25,422.98,162.47,56.58,456.62
2026-09-01 23:27:31.032,100.0,120.0,264.0,-9.0524,-86.1281,-50.0,,2,0.5,422.98,162.47,56.58,456.62
2026-09-01 23:27:31.287,100.0,120.0,264.0,-9.0524,-86.1281,-50.0,,3,0.75,423.03,162.45,56.59,456.66
2026-09-01 23:27:31.542,100.0,120.0,264.0,-9.0524,-86.1281,-50.0,,4,1.0,423.03,162.45,56.59,456.66
2026-09-01 23:27:31.797,100.0,120.0,264.0,-9.0524,-86.1281,-50.0,,5,1.25,423.0,162.47,56.59,456.64
2026-09-01 23:27:38.668,100.0,120.0,258.0,-18.0057,-84.7101,-50.0,,1,0.25,423.36,162.17,56.67,456.88
2026-09-01 23:27:38.908,100.0,120.0,258.0,-18.0057,-84.7101,-50.0,,2,0.5,423.41,162.15,56.66,456.92
2026-09-01 23:27:41.411,100.0,120.0,258.0,-18.0057,-84.7101,-50.0,,3,0.75,423.41,162.15,56.66,456.92
2026-09-01 23:27:41.666,100.0,120.0,258.0,-18.0057,-84.7101,-50.0,,4,1.0,423.39,162.17,56.66,456.91
2026-09-01 23:27:41.921,100.0,120.0,258.0,-18.0057,-84.7101,-50.0,,5,1.25,423.39,162.17,56.66,456.91
2026-09-01 23:27:48.792,100.0,120.0,252.0,-26.7617,-82.3639,-50.0,,1,0.25,423.93,161.69,56.85,457.26
2026-09-01 23:27:49.047,100.0,120.0,252.0,-26.7617,-82.3639,-50.0,,2,0.5,423.93,161.69,56.85,457.26
2026-09-01 23:27:49.286,100.0,120.0,252.0,-26.7617,-82.3639,-50.0,,3,0.75,423.93,161.69,56.85,457.26
2026-09-01 23:27:49.541,100.0,120.0,252.0,-26.7617,-82.3639,-50.0,,4,1.0,423.92,161.68,56.85,457.25
2026-09-01 23:27:49.796,100.0,120.0,252.0,-26.7617,-82.3639,-50.0,,5,1.25,423.92,161.68,56.85,457.25
2026-09-01 23:27:56.667,100.0,120.0,246.0,-35.2244,-79.1154,-50.0,,1,0.25,424.57,161.44,56.92,457.77
2026-09-01 23:27:56.907,100.0,120.0,246.0,-35.2244,-79.1154,-50.0,,2,0.5,424.58,161.47,56.91,457.79
2026-09-01 23:27:59.410,100.0,120.0,246.0,-35.2244,-79.1154,-50.0,,3,0.75,424.58,161.47,56.91,457.79
2026-09-01 23:27:59.665,100.0,120.0,246.0,-35.2244,-79.1154,-50.0,,4,1.0,424.64,161.48,56.92,457.85
2026-09-01 23:27:59.920,100.0,120.0,246.0,-35.2244,-79.1154,-50.0,,5,1.25,424.64,161.48,56.92,457.85
2026-09-01 23:28:06.791,100.0,120.0,240.0,-43.3013,-75.0,-50.0,,1,0.25,425.16,161.37,57.1,458.32
2026-09-01 23:28:07.046,100.0,120.0,240.0,-43.3013,-75.0,-50.0,,2,0.5,425.21,161.37,57.09,458.37
2026-09-01 23:28:07.285,100.0,120.0,240.0,-43.3013,-75.0,-50.0,,3,0.75,425.21,161.37,57.09,458.37
2026-09-01 23:28:07.540,100.0,120.0,240.0,-43.3013,-75.0,-50.0,,4,1.0,425.19,161.35,57.08,458.34
2026-09-01 23:28:07.795,100.0,120.0,240.0,-43.3013,-75.0,-50.0,,5,1.25,425.19,161.35,57.08,458.34
2026-09-01 23:28:14.666,100.0,120.0,234.0,-50.9037,-70.0629,-50.0,,1,0.25,425.88,161.53,57.3,459.07
2026-09-01 23:28:14.921,100.0,120.0,234.0,-50.9037,-70.0629,-50.0,,2,0.5,425.88,161.53,57.3,459.07
2026-09-01 23:28:15.161,100.0,120.0,234.0,-50.9037,-70.0629,-50.0,,3,0.75,425.93,161.51,57.3,459.11
2026-09-01 23:28:15.416,100.0,120.0,234.0,-50.9037,-70.0629,-50.0,,4,1.0,425.93,161.51,57.3,459.11
2026-09-01 23:28:15.671,100.0,120.0,234.0,-50.9037,-70.0629,-50.0,,5,1.25,425.98,161.5,57.3,459.15
2026-09-01 23:28:22.542,100.0,120.0,228.0,-57.9484,-64.3582,-50.0,,1,0.25,426.61,161.82,57.39,459.86
2026-09-01 23:28:22.797,100.0,120.0,228.0,-57.9484,-64.3582,-50.0,,2,0.5,426.61,161.82,57.39,459.86
2026-09-01 23:28:23.036,100.0,120.0,228.0,-57.9484,-64.3582,-50.0,,3,0.75,426.56,161.82,57.39,459.81
2026-09-01 23:28:23.291,100.0,120.0,228.0,-57.9484,-64.3582,-50.0,,4,1.0,426.56,161.82,57.39,459.81
2026-09-01 23:28:23.546,100.0,120.0,228.0,-57.9484,-64.3582,-50.0,,5,1.25,426.53,161.82,57.39,459.79
2026-09-01 23:28:30.417,100.0,120.0,222.0,-64.3582,-57.9484,-50.0,,1,0.25,427.06,162.15,57.54,460.41
2026-09-01 23:28:30.656,100.0,120.0,222.0,-64.3582,-57.9484,-50.0,,2,0.5,427.12,162.12,57.53,460.46
2026-09-01 23:28:33.159,100.0,120.0,222.0,-64.3582,-57.9484,-50.0,,3,0.75,427.12,162.12,57.53,460.46
2026-09-01 23:28:33.414,100.0,120.0,222.0,-64.3582,-57.9484,-50.0,,4,1.0,427.04,162.13,57.52,460.38
2026-09-01 23:28:33.669,100.0,120.0,222.0,-64.3582,-57.9484,-50.0,,5,1.25,427.04,162.13,57.52,460.38
2026-09-01 23:28:40.541,100.0,120.0,216.0,-70.0629,-50.9037,-50.0,,1,0.25,427.43,162.57,57.58,460.91
2026-09-01 23:28:40.796,100.0,120.0,216.0,-70.0629,-50.9037,-50.0,,2,0.5,427.43,162.57,57.58,460.91
2026-09-01 23:28:41.035,100.0,120.0,216.0,-70.0629,-50.9037,-50.0,,3,0.75,427.46,162.6,57.57,460.95
2026-09-01 23:28:41.290,100.0,120.0,216.0,-70.0629,-50.9037,-50.0,,4,1.0,427.46,162.6,57.57,460.95
2026-09-01 23:28:41.545,100.0,120.0,216.0,-70.0629,-50.9037,-50.0,,5,1.25,427.43,162.61,57.59,460.92
2026-09-01 23:28:48.416,100.0,120.0,210.0,-75.0,-43.3013,-50.0,,1,0.25,427.85,163.19,57.58,461.52
2026-09-01 23:28:48.671,100.0,120.0,210.0,-75.0,-43.3013,-50.0,,2,0.5,427.8,163.19,57.58,461.47
2026-09-01 23:28:48.910,100.0,120.0,210.0,-75.0,-43.3013,-50.0,,3,0.75,427.8,163.19,57.58,461.47
2026-09-01 23:28:49.165,100.0,120.0,210.0,-75.0,-43.3013,-50.0,,4,1.0,427.8,163.19,57.58,461.47
2026-09-01 23:28:49.420,100.0,120.0,210.0,-75.0,-43.3013,-50.0,,5,1.25,427.76,163.19,57.58,461.43
2026-09-01 23:28:56.292,100.0,120.0,204.0,-79.1154,-35.2244,-50.0,,1,0.25,428.06,163.77,57.68,461.93
2026-09-01 23:28:56.547,100.0,120.0,204.0,-79.1154,-35.2244,-50.0,,2,0.5,428.03,163.78,57.69,461.91
2026-09-01 23:28:56.786,100.0,120.0,204.0,-79.1154,-35.2244,-50.0,,3,0.75,428.03,163.78,57.69,461.91
2026-09-01 23:28:57.041,100.0,120.0,204.0,-79.1154,-35.2244,-50.0,,4,1.0,428.1,163.78,57.68,461.97
2026-09-01 23:28:57.296,100.0,120.0,204.0,-79.1154,-35.2244,-50.0,,5,1.25,428.1,163.78,57.68,461.97
2026-09-01 23:29:04.167,100.0,120.0,198.0,-82.3639,-26.7617,-50.0,,1,0.25,428.1,164.41,57.68,462.19
2026-09-01 23:29:04.406,100.0,120.0,198.0,-82.3639,-26.7617,-50.0,,2,0.5,428.11,164.43,57.7,462.21
2026-09-01 23:29:06.909,100.0,120.0,198.0,-82.3639,-26.7617,-50.0,,3,0.75,428.19,164.43,57.68,462.28
2026-09-01 23:29:07.164,100.0,120.0,198.0,-82.3639,-26.7617,-50.0,,4,1.0,428.19,164.43,57.68,462.28
2026-09-01 23:29:07.419,100.0,120.0,198.0,-82.3639,-26.7617,-50.0,,5,1.25,428.17,164.41,57.67,462.26
2026-09-01 23:29:14.290,100.0,120.0,192.0,-84.7101,-18.0057,-50.0,,1,0.25,428.06,165.05,57.68,462.38
2026-09-01 23:29:14.545,100.0,120.0,192.0,-84.7101,-18.0057,-50.0,,2,0.5,428.13,165.04,57.69,462.45
2026-09-01 23:29:14.785,100.0,120.0,192.0,-84.7101,-18.0057,-50.0,,3,0.75,428.13,165.04,57.69,462.45
2026-09-01 23:29:15.040,100.0,120.0,192.0,-84.7101,-18.0057,-50.0,,4,1.0,428.15,165.05,57.69,462.47
2026-09-01 23:29:15.295,100.0,120.0,192.0,-84.7101,-18.0057,-50.0,,5,1.25,428.15,165.05,57.69,462.47
2026-09-01 23:29:22.166,100.0,120.0,186.0,-86.1281,-9.0524,-50.0,,1,0.25,427.99,165.74,57.6,462.56
2026-09-01 23:29:22.421,100.0,120.0,186.0,-86.1281,-9.0524,-50.0,,2,0.5,427.96,165.75,57.59,462.53
2026-09-01 23:29:22.660,100.0,120.0,186.0,-86.1281,-9.0524,-50.0,,3,0.75,427.96,165.75,57.59,462.53
2026-09-01 23:29:22.915,100.0,120.0,186.0,-86.1281,-9.0524,-50.0,,4,1.0,427.98,165.74,57.58,462.54
2026-09-01 23:29:23.170,100.0,120.0,186.0,-86.1281,-9.0524,-50.0,,5,1.25,427.98,165.74,57.58,462.54
2026-09-01 23:29:30.041,100.0,120.0,180.0,-86.6025,0.0,-50.0,,1,0.25,427.75,166.38,57.45,462.55
2026-09-01 23:29:30.296,100.0,120.0,180.0,-86.6025,0.0,-50.0,,2,0.5,427.75,166.38,57.45,462.55
2026-09-01 23:29:30.535,100.0,120.0,180.0,-86.6025,0.0,-50.0,,3,0.75,427.71,166.38,57.44,462.51
2026-09-01 23:29:30.791,100.0,120.0,180.0,-86.6025,0.0,-50.0,,4,1.0,427.71,166.38,57.44,462.51
2026-09-01 23:29:31.046,100.0,120.0,180.0,-86.6025,0.0,-50.0,,5,1.25,427.71,166.38,57.45,462.51
2026-09-01 23:29:37.917,100.0,120.0,174.0,-86.1281,9.0524,-50.0,,1,0.25,427.34,166.86,57.39,462.33
2026-09-01 23:29:38.156,100.0,120.0,174.0,-86.1281,9.0524,-50.0,,2,0.5,427.33,166.87,57.39,462.33
2026-09-01 23:29:40.659,100.0,120.0,174.0,-86.1281,9.0524,-50.0,,3,0.75,427.33,166.87,57.39,462.33
2026-09-01 23:29:40.914,100.0,120.0,174.0,-86.1281,9.0524,-50.0,,4,1.0,427.33,166.89,57.39,462.33
2026-09-01 23:29:41.169,100.0,120.0,174.0,-86.1281,9.0524,-50.0,,5,1.25,427.33,166.89,57.39,462.33
2026-09-01 23:29:48.040,100.0,120.0,168.0,-84.7101,18.0057,-50.0,,1,0.25,426.81,167.26,57.33,461.98
2026-09-01 23:29:48.295,100.0,120.0,168.0,-84.7101,18.0057,-50.0,,2,0.5,426.81,167.26,57.33,461.98
2026-09-01 23:29:48.534,100.0,120.0,168.0,-84.7101,18.0057,-50.0,,3,0.75,426.83,167.25,57.31,461.99
2026-09-01 23:29:48.789,100.0,120.0,168.0,-84.7101,18.0057,-50.0,,4,1.0,426.83,167.25,57.31,461.99
2026-09-01 23:29:49.044,100.0,120.0,168.0,-84.7101,18.0057,-50.0,,5,1.25,426.83,167.25,57.31,461.99
2026-09-01 23:29:55.916,100.0,120.0,162.0,-82.3639,26.7617,-50.0,,1,0.25,426.36,167.61,57.14,461.67
2026-09-01 23:29:56.171,100.0,120.0,162.0,-82.3639,26.7617,-50.0,,2,0.5,426.36,167.61,57.14,461.67
2026-09-01 23:29:56.410,100.0,120.0,162.0,-82.3639,26.7617,-50.0,,3,0.75,426.31,167.61,57.14,461.62
2026-09-01 23:29:56.665,100.0,120.0,162.0,-82.3639,26.7617,-50.0,,4,1.0,426.31,167.61,57.14,461.62
2026-09-01 23:29:56.920,100.0,120.0,162.0,-82.3639,26.7617,-50.0,,5,1.25,426.33,167.62,57.13,461.64
2026-09-01 23:30:03.791,100.0,120.0,156.0,-79.1154,35.2244,-50.0,,1,0.25,425.61,167.96,56.95,461.08
2026-09-01 23:30:04.046,100.0,120.0,156.0,-79.1154,35.2244,-50.0,,2,0.5,425.65,167.96,56.95,461.12
2026-09-01 23:30:04.285,100.0,120.0,156.0,-79.1154,35.2244,-50.0,,3,0.75,425.65,167.96,56.95,461.12
2026-09-01 23:30:04.540,100.0,120.0,156.0,-79.1154,35.2244,-50.0,,4,1.0,425.7,167.96,56.94,461.16
2026-09-01 23:30:04.795,100.0,120.0,156.0,-79.1154,35.2244,-50.0,,5,1.25,425.7,167.96,56.94,461.16
2026-09-01 23:30:11.667,100.0,120.0,150.0,-75.0,43.3013,-50.0,,1,0.25,424.94,168.21,56.79,460.53
2026-09-01 23:30:11.906,100.0,120.0,150.0,-75.0,43.3013,-50.0,,2,0.5,424.9,168.19,56.77,460.48
2026-09-01 23:30:14.409,100.0,120.0,150.0,-75.0,43.3013,-50.0,,3,0.75,424.89,168.22,56.79,460.49
2026-09-01 23:30:14.664,100.0,120.0,150.0,-75.0,43.3013,-50.0,,4,1.0,424.89,168.22,56.79,460.49
2026-09-01 23:30:14.919,100.0,120.0,150.0,-75.0,43.3013,-50.0,,5,1.25,424.93,168.21,56.77,460.52
2026-09-01 23:30:21.790,100.0,120.0,144.0,-70.0629,50.9037,-50.0,,1,0.25,424.15,168.28,56.67,459.81
2026-09-01 23:30:22.045,100.0,120.0,144.0,-70.0629,50.9037,-50.0,,2,0.5,424.15,168.28,56.67,459.81
2026-09-01 23:30:22.284,100.0,120.0,144.0,-70.0629,50.9037,-50.0,,3,0.75,424.15,168.26,56.65,459.8
2026-09-01 23:30:22.539,100.0,120.0,144.0,-70.0629,50.9037,-50.0,,4,1.0,424.15,168.26,56.65,459.8
2026-09-01 23:30:22.794,100.0,120.0,144.0,-70.0629,50.9037,-50.0,,5,1.25,424.19,168.26,56.64,459.84
2026-09-01 23:30:29.665,100.0,120.0,138.0,-64.3582,57.9484,-50.0,,1,0.25,423.52,168.08,56.43,459.13
2026-09-01 23:30:29.920,100.0,120.0,138.0,-64.3582,57.9484,-50.0,,2,0.5,423.54,168.07,56.44,459.15
2026-09-01 23:30:30.160,100.0,120.0,138.0,-64.3582,57.9484,-50.0,,3,0.75,423.54,168.07,56.44,459.15
2026-09-01 23:30:30.415,100.0,120.0,138.0,-64.3582,57.9484,-50.0,,4,1.0,423.55,168.09,56.43,459.16
2026-09-01 23:30:30.670,100.0,120.0,138.0,-64.3582,57.9484,-50.0,,5,1.25,423.55,168.09,56.43,459.16
2026-09-01 23:30:37.541,100.0,120.0,132.0,-57.9484,64.3582,-50.0,,1,0.25,422.77,168.0,56.24,458.39
2026-09-01 23:30:37.796,100.0,120.0,132.0,-57.9484,64.3582,-50.0,,2,0.5,422.72,168.02,56.24,458.35
2026-09-01 23:30:38.035,100.0,120.0,132.0,-57.9484,64.3582,-50.0,,3,0.75,422.72,168.02,56.24,458.35
2026-09-01 23:30:38.290,100.0,120.0,132.0,-57.9484,64.3582,-50.0,,4,1.0,422.78,168.02,56.24,458.4
2026-09-01 23:30:38.545,100.0,120.0,132.0,-57.9484,64.3582,-50.0,,5,1.25,422.78,168.02,56.24,458.4
2026-09-01 23:30:45.416,100.0,120.0,126.0,-50.9037,70.0629,-50.0,,1,0.25,422.06,167.5,56.16,457.54
2026-09-01 23:30:45.655,100.0,120.0,126.0,-50.9037,70.0629,-50.0,,2,0.5,422.12,167.53,56.17,457.6
2026-09-01 23:30:48.158,100.0,120.0,126.0,-50.9037,70.0629,-50.0,,3,0.75,422.12,167.53,56.17,457.6
2026-09-01 23:30:48.413,100.0,120.0,126.0,-50.9037,70.0629,-50.0,,4,1.0,422.11,167.5,56.17,457.58
2026-09-01 23:30:48.669,100.0,120.0,126.0,-50.9037,70.0629,-50.0,,5,1.25,422.11,167.5,56.17,457.58
2026-09-01 23:30:55.539,100.0,120.0,120.0,-43.3013,75.0,-50.0,,1,0.25,421.58,166.98,56.0,456.88
2026-09-01 23:30:55.795,100.0,120.0,120.0,-43.3013,75.0,-50.0,,2,0.5,421.64,166.98,56.01,456.94
2026-09-01 23:30:56.034,100.0,120.0,120.0,-43.3013,75.0,-50.0,,3,0.75,421.64,166.98,56.01,456.94
2026-09-01 23:30:56.289,100.0,120.0,120.0,-43.3013,75.0,-50.0,,4,1.0,421.6,166.98,56.01,456.9
2026-09-01 23:30:56.544,100.0,120.0,120.0,-43.3013,75.0,-50.0,,5,1.25,421.6,166.98,56.01,456.9
2026-09-01 23:31:03.415,100.0,120.0,114.0,-35.2244,79.1154,-50.0,,1,0.25,421.29,166.23,55.88,456.33
2026-09-01 23:31:03.670,100.0,120.0,114.0,-35.2244,79.1154,-50.0,,2,0.5,421.29,166.23,55.88,456.33
2026-09-01 23:31:03.909,100.0,120.0,114.0,-35.2244,79.1154,-50.0,,3,0.75,421.3,166.23,55.88,456.34
2026-09-01 23:31:04.164,100.0,120.0,114.0,-35.2244,79.1154,-50.0,,4,1.0,421.3,166.23,55.88,456.34
2026-09-01 23:31:04.419,100.0,120.0,114.0,-35.2244,79.1154,-50.0,,5,1.25,421.24,166.24,55.89,456.29
2026-09-01 23:31:11.291,100.0,120.0,108.0,-26.7617,82.3639,-50.0,,1,0.25,421.04,165.46,55.83,455.81
2026-09-01 23:31:11.546,100.0,120.0,108.0,-26.7617,82.3639,-50.0,,2,0.5,421.04,165.46,55.83,455.81
2026-09-01 23:31:11.785,100.0,120.0,108.0,-26.7617,82.3639,-50.0,,3,0.75,420.99,165.46,55.81,455.76
2026-09-01 23:31:12.040,100.0,120.0,108.0,-26.7617,82.3639,-50.0,,4,1.0,420.99,165.46,55.81,455.76
2026-09-01 23:31:12.295,100.0,120.0,108.0,-26.7617,82.3639,-50.0,,5,1.25,420.99,165.45,55.83,455.76
2026-09-01 23:31:19.166,100.0,120.0,102.0,-18.0057,84.7101,-50.0,,1,0.25,420.82,164.86,55.81,455.39
2026-09-01 23:31:19.405,100.0,120.0,102.0,-18.0057,84.7101,-50.0,,2,0.5,420.81,164.83,55.81,455.37
2026-09-01 23:31:21.908,100.0,120.0,102.0,-18.0057,84.7101,-50.0,,3,0.75,420.81,164.83,55.81,455.37
2026-09-01 23:31:22.163,100.0,120.0,102.0,-18.0057,84.7101,-50.0,,4,1.0,420.81,164.81,55.82,455.36
2026-09-01 23:31:22.418,100.0,120.0,102.0,-18.0057,84.7101,-50.0,,5,1.25,420.81,164.81,55.82,455.36
2026-09-01 23:31:29.289,100.0,120.0,96.0,-9.0524,86.1281,-50.0,,1,0.25,420.82,164.11,55.83,455.12
2026-09-01 23:31:29.545,100.0,120.0,96.0,-9.0524,86.1281,-50.0,,2,0.5,420.82,164.11,55.83,455.12
2026-09-01 23:31:29.784,100.0,120.0,96.0,-9.0524,86.1281,-50.0,,3,0.75,420.77,164.1,55.84,455.07
2026-09-01 23:31:30.039,100.0,120.0,96.0,-9.0524,86.1281,-50.0,,4,1.0,420.77,164.1,55.84,455.07
2026-09-01 23:31:30.294,100.0,120.0,96.0,-9.0524,86.1281,-50.0,,5,1.25,420.79,164.11,55.83,455.09
2026-09-01 23:31:37.165,100.0,120.0,90.0,0.0,86.6025,-50.0,,1,0.25,421.02,163.26,55.95,455.01
2026-09-01 23:31:37.420,100.0,120.0,90.0,0.0,86.6025,-50.0,,2,0.5,421.02,163.26,55.95,455.01
2026-09-01 23:31:37.659,100.0,120.0,90.0,0.0,86.6025,-50.0,,3,0.75,421.03,163.25,55.94,455.02
2026-09-01 23:31:37.914,100.0,120.0,90.0,0.0,86.6025,-50.0,,4,1.0,421.03,163.25,55.94,455.02
2026-09-01 23:31:38.169,100.0,120.0,90.0,0.0,86.6025,-50.0,,5,1.25,421.03,163.26,55.92,455.02
2026-09-01 23:31:45.040,100.0,120.0,84.0,9.0524,86.1281,-50.0,,1,0.25,421.34,162.57,56.1,455.08
2026-09-01 23:31:45.296,100.0,120.0,84.0,9.0524,86.1281,-50.0,,2,0.5,421.29,162.57,56.09,455.03
2026-09-01 23:31:45.535,100.0,120.0,84.0,9.0524,86.1281,-50.0,,3,0.75,421.29,162.57,56.09,455.03
2026-09-01 23:31:45.790,100.0,120.0,84.0,9.0524,86.1281,-50.0,,4,1.0,421.31,162.58,56.08,455.05
2026-09-01 23:31:46.045,100.0,120.0,84.0,9.0524,86.1281,-50.0,,5,1.25,421.31,162.58,56.08,455.05
2026-09-01 23:31:52.916,100.0,120.0,78.0,18.0057,84.7101,-50.0,,1,0.25,421.91,161.74,56.24,455.33
2026-09-01 23:31:53.155,100.0,120.0,78.0,18.0057,84.7101,-50.0,,2,0.5,421.87,161.73,56.24,455.29
2026-09-01 23:31:55.658,100.0,120.0,78.0,18.0057,84.7101,-50.0,,3,0.75,421.88,161.74,56.22,455.3
2026-09-01 23:31:55.913,100.0,120.0,78.0,18.0057,84.7101,-50.0,,4,1.0,421.88,161.74,56.22,455.3
2026-09-01 23:31:56.168,100.0,120.0,78.0,18.0057,84.7101,-50.0,,5,1.25,421.92,161.74,56.23,455.34
2026-09-01 23:32:03.039,100.0,120.0,72.0,26.7617,82.3639,-50.0,,1,0.25,422.37,161.48,56.4,455.68
2026-09-01 23:32:03.294,100.0,120.0,72.0,26.7617,82.3639,-50.0,,2,0.5,422.36,161.49,56.4,455.68
2026-09-01 23:32:03.534,100.0,120.0,72.0,26.7617,82.3639,-50.0,,3,0.75,422.36,161.49,56.4,455.68
2026-09-01 23:32:03.789,100.0,120.0,72.0,26.7617,82.3639,-50.0,,4,1.0,422.31,161.49,56.4,455.63
2026-09-01 23:32:04.044,100.0,120.0,72.0,26.7617,82.3639,-50.0,,5,1.25,422.31,161.49,56.4,455.63
2026-09-01 23:32:10.915,100.0,120.0,66.0,35.2244,79.1154,-50.0,,1,0.25,423.07,160.94,56.5,456.16
2026-09-01 23:32:11.170,100.0,120.0,66.0,35.2244,79.1154,-50.0,,2,0.5,423.09,160.92,56.52,456.17
2026-09-01 23:32:11.409,100.0,120.0,66.0,35.2244,79.1154,-50.0,,3,0.75,423.09,160.92,56.52,456.17
2026-09-01 23:32:11.664,100.0,120.0,66.0,35.2244,79.1154,-50.0,,4,1.0,423.1,160.93,56.5,456.18
2026-09-01 23:32:11.919,100.0,120.0,66.0,35.2244,79.1154,-50.0,,5,1.25,423.1,160.93,56.5,456.18
2026-09-01 23:32:18.790,100.0,120.0,60.0,43.3013,75.0,-50.0,,1,0.25,423.74,160.68,56.67,456.71
2026-09-01 23:32:19.045,100.0,120.0,60.0,43.3013,75.0,-50.0,,2,0.5,423.74,160.68,56.67,456.71
2026-09-01 23:32:19.285,100.0,120.0,60.0,43.3013,75.0,-50.0,,3,0.75,423.77,160.66,56.66,456.73
2026-09-01 23:32:19.540,100.0,120.0,60.0,43.3013,75.0,-50.0,,4,1.0,423.77,160.66,56.66,456.73
2026-09-01 23:32:19.795,100.0,120.0,60.0,43.3013,75.0,-50.0,,5,1.25,423.77,160.66,56.66,456.73
2026-09-01 23:32:26.666,100.0,120.0,54.0,50.9037,70.0629,-50.0,,1,0.25,424.53,160.56,56.82,457.42
2026-09-01 23:32:26.905,100.0,120.0,54.0,50.9037,70.0629,-50.0,,2,0.5,424.52,160.59,56.81,457.42
2026-09-01 23:32:29.408,100.0,120.0,54.0,50.9037,70.0629,-50.0,,3,0.75,424.52,160.59,56.81,457.42
2026-09-01 23:32:29.663,100.0,120.0,54.0,50.9037,70.0629,-50.0,,4,1.0,424.56,160.6,56.8,457.46
2026-09-01 23:32:29.918,100.0,120.0,54.0,50.9037,70.0629,-50.0,,5,1.25,424.56,160.6,56.8,457.46
2026-09-01 23:32:36.789,100.0,120.0,48.0,57.9484,64.3582,-50.0,,1,0.25,425.28,160.64,56.86,458.14
2026-09-01 23:32:37.044,100.0,120.0,48.0,57.9484,64.3582,-50.0,,2,0.5,425.27,160.64,56.86,458.14
2026-09-01 23:32:37.283,100.0,120.0,48.0,57.9484,64.3582,-50.0,,3,0.75,425.27,160.64,56.86,458.14
2026-09-01 23:32:37.539,100.0,120.0,48.0,57.9484,64.3582,-50.0,,4,1.0,425.3,160.64,56.85,458.16
2026-09-01 23:32:37.794,100.0,120.0,48.0,57.9484,64.3582,-50.0,,5,1.25,425.3,160.64,56.85,458.16
2026-09-01 23:32:44.665,100.0,120.0,42.0,64.3582,57.9484,-50.0,,1,0.25,426.05,160.71,56.98,458.9
2026-09-01 23:32:44.920,100.0,120.0,42.0,64.3582,57.9484,-50.0,,2,0.5,426.05,160.71,56.98,458.9
2026-09-01 23:32:45.159,100.0,120.0,42.0,64.3582,57.9484,-50.0,,3,0.75,426.0,160.7,56.97,458.85
2026-09-01 23:32:45.414,100.0,120.0,42.0,64.3582,57.9484,-50.0,,4,1.0,426.0,160.7,56.97,458.85
2026-09-01 23:32:45.669,100.0,120.0,42.0,64.3582,57.9484,-50.0,,5,1.25,426.02,160.71,56.98,458.87
2026-09-01 23:32:52.540,100.0,120.0,36.0,70.0629,50.9037,-50.0,,1,0.25,426.65,161.01,57.03,459.57
2026-09-01 23:32:52.779,100.0,120.0,36.0,70.0629,50.9037,-50.0,,2,0.5,426.65,161.01,57.03,459.57
2026-09-01 23:32:53.035,100.0,120.0,36.0,70.0629,50.9037,-50.0,,3,0.75,426.65,161.01,57.03,459.57
2026-09-01 23:32:53.290,100.0,120.0,36.0,70.0629,50.9037,-50.0,,4,1.0,426.65,161.01,57.03,459.57
2026-09-01 23:32:53.545,100.0,120.0,36.0,70.0629,50.9037,-50.0,,5,1.25,426.59,161.0,57.03,459.51
2026-09-01 23:33:00.416,100.0,120.0,30.0,75.0,43.3013,-50.0,,1,0.25,427.21,161.38,57.17,460.23
2026-09-01 23:33:00.655,100.0,120.0,30.0,75.0,43.3013,-50.0,,2,0.5,427.22,161.38,57.16,460.24
2026-09-01 23:33:03.158,100.0,120.0,30.0,75.0,43.3013,-50.0,,3,0.75,427.27,161.39,57.16,460.29
2026-09-01 23:33:03.413,100.0,120.0,30.0,75.0,43.3013,-50.0,,4,1.0,427.27,161.39,57.16,460.29
2026-09-01 23:33:03.668,100.0,120.0,30.0,75.0,43.3013,-50.0,,5,1.25,427.27,161.39,57.16,460.29
2026-09-01 23:33:10.539,100.0,120.0,24.0,79.1154,35.2244,-50.0,,1,0.25,427.63,161.89,57.18,460.8
2026-09-01 23:33:10.794,100.0,120.0,24.0,79.1154,35.2244,-50.0,,2,0.5,427.63,161.89,57.18,460.8
2026-09-01 23:33:11.033,100.0,120.0,24.0,79.1154,35.2244,-50.0,,3,0.75,427.67,161.88,57.17,460.84
2026-09-01 23:33:11.289,100.0,120.0,24.0,79.1154,35.2244,-50.0,,4,1.0,427.67,161.88,57.17,460.84
2026-09-01 23:33:11.544,100.0,120.0,24.0,79.1154,35.2244,-50.0,,5,1.25,427.66,161.89,57.18,460.83
2026-09-01 23:33:18.415,100.0,120.0,18.0,82.3639,26.7617,-50.0,,1,0.25,428.0,162.54,57.28,461.39
2026-09-01 23:33:18.670,100.0,120.0,18.0,82.3639,26.7617,-50.0,,2,0.5,428.02,162.56,57.28,461.41
2026-09-01 23:33:18.909,100.0,120.0,18.0,82.3639,26.7617,-50.0,,3,0.75,428.02,162.56,57.28,461.41
2026-09-01 23:33:19.164,100.0,120.0,18.0,82.3639,26.7617,-50.0,,4,1.0,428.0,162.55,57.28,461.39
2026-09-01 23:33:19.419,100.0,120.0,18.0,82.3639,26.7617,-50.0,,5,1.25,428.0,162.55,57.28,461.39
2026-09-01 23:33:26.290,100.0,120.0,12.0,84.7101,18.0057,-50.0,,1,0.25,428.27,163.03,57.25,461.81
2026-09-01 23:33:26.529,100.0,120.0,12.0,84.7101,18.0057,-50.0,,2,0.5,428.3,163.05,57.26,461.84
2026-09-01 23:33:26.784,100.0,120.0,12.0,84.7101,18.0057,-50.0,,3,0.75,428.3,163.05,57.26,461.84
2026-09-01 23:33:27.039,100.0,120.0,12.0,84.7101,18.0057,-50.0,,4,1.0,428.35,163.05,57.26,461.89
2026-09-01 23:33:27.294,100.0,120.0,12.0,84.7101,18.0057,-50.0,,5,1.25,428.35,163.05,57.26,461.89
2026-09-01 23:33:34.166,100.0,120.0,6.0,86.1281,9.0524,-50.0,,1,0.25,428.29,163.84,57.22,462.11
2026-09-01 23:33:34.405,100.0,120.0,6.0,86.1281,9.0524,-50.0,,2,0.5,428.23,163.84,57.21,462.05
2026-09-01 23:33:36.908,100.0,120.0,6.0,86.1281,9.0524,-50.0,,3,0.75,428.2,163.82,57.21,462.02
2026-09-01 23:33:37.163,100.0,120.0,6.0,86.1281,9.0524,-50.0,,4,1.0,428.2,163.82,57.21,462.02
2026-09-01 23:33:37.418,100.0,120.0,6.0,86.1281,9.0524,-50.0,,5,1.25,428.21,163.8,57.22,462.02
2026-09-01 23:33:44.289,100.0,120.0,0.0,86.6025,0.0,-50.0,,1,0.25,428.11,164.35,57.1,462.11
2026-09-01 23:33:44.544,100.0,120.0,0.0,86.6025,0.0,-50.0,,2,0.5,428.05,164.34,57.1,462.05
2026-09-01 23:33:44.783,100.0,120.0,0.0,86.6025,0.0,-50.0,,3,0.75,428.05,164.34,57.1,462.05
2026-09-01 23:33:45.038,100.0,120.0,0.0,86.6025,0.0,-50.0,,4,1.0,428.09,164.36,57.11,462.1
2026-09-01 23:33:45.293,100.0,120.0,0.0,86.6025,0.0,-50.0,,5,1.25,428.09,164.36,57.11,462.1
2026-09-01 23:33:52.292,100.0,126.0,0.0,80.9017,0.0,-58.7785,,1,0.25,427.65,164.35,57.05,461.68
2026-09-01 23:33:52.531,100.0,126.0,0.0,80.9017,0.0,-58.7785,,2,0.5,427.65,164.35,57.05,461.68
2026-09-01 23:33:52.786,100.0,126.0,0.0,80.9017,0.0,-58.7785,,3,0.75,427.6,164.38,57.06,461.64
2026-09-01 23:33:53.041,100.0,126.0,0.0,80.9017,0.0,-58.7785,,4,1.0,427.6,164.38,57.06,461.64
2026-09-01 23:33:53.280,100.0,126.0,0.0,80.9017,0.0,-58.7785,,5,1.25,427.66,164.37,57.06,461.69
2026-09-01 23:34:00.167,100.0,126.0,6.0,80.4585,8.4565,-58.7785,,1,0.25,427.74,163.71,57.1,461.54
2026-09-01 23:34:00.406,100.0,126.0,6.0,80.4585,8.4565,-58.7785,,2,0.5,427.74,163.71,57.1,461.54
2026-09-01 23:34:00.661,100.0,126.0,6.0,80.4585,8.4565,-58.7785,,3,0.75,427.75,163.72,57.09,461.55
2026-09-01 23:34:00.916,100.0,126.0,6.0,80.4585,8.4565,-58.7785,,4,1.0,427.75,163.72,57.09,461.55
2026-09-01 23:34:01.156,100.0,126.0,6.0,80.4585,8.4565,-58.7785,,5,1.25,427.74,163.71,57.1,461.54
2026-09-01 23:34:08.043,100.0,126.0,12.0,79.1338,16.8204,-58.7785,,1,0.25,427.7,163.18,57.14,461.32
2026-09-01 23:34:08.282,100.0,126.0,12.0,79.1338,16.8204,-58.7785,,2,0.5,427.66,163.2,57.15,461.29
2026-09-01 23:34:08.537,100.0,126.0,12.0,79.1338,16.8204,-58.7785,,3,0.75,427.66,163.2,57.15,461.29
2026-09-01 23:34:08.792,100.0,126.0,12.0,79.1338,16.8204,-58.7785,,4,1.0,427.67,163.18,57.13,461.29
2026-09-01 23:34:09.031,100.0,126.0,12.0,79.1338,16.8204,-58.7785,,5,1.25,427.67,163.18,57.13,461.29
2026-09-01 23:34:15.918,100.0,126.0,18.0,76.9421,25.0,-58.7785,,1,0.25,427.59,162.42,57.11,460.95
2026-09-01 23:34:16.157,100.0,126.0,18.0,76.9421,25.0,-58.7785,,2,0.5,427.65,162.42,57.1,461.0
2026-09-01 23:34:16.412,100.0,126.0,18.0,76.9421,25.0,-58.7785,,3,0.75,427.65,162.42,57.1,461.0
2026-09-01 23:34:16.667,100.0,126.0,18.0,76.9421,25.0,-58.7785,,4,1.0,427.66,162.42,57.1,461.01
2026-09-01 23:34:16.906,100.0,126.0,18.0,76.9421,25.0,-58.7785,,5,1.25,427.66,162.42,57.1,461.01
2026-09-01 23:34:23.793,100.0,126.0,24.0,73.9074,32.9057,-58.7785,,1,0.25,427.4,161.69,57.04,460.5
2026-09-01 23:34:24.032,100.0,126.0,24.0,73.9074,32.9057,-58.7785,,2,0.5,427.4,161.69,57.04,460.5
2026-09-01 23:34:24.287,100.0,126.0,24.0,73.9074,32.9057,-58.7785,,3,0.75,427.45,161.7,57.04,460.55
2026-09-01 23:34:24.543,100.0,126.0,24.0,73.9074,32.9057,-58.7785,,4,1.0,427.45,161.7,57.04,460.55
2026-09-01 23:34:24.782,100.0,126.0,24.0,73.9074,32.9057,-58.7785,,5,1.25,427.43,161.7,57.04,460.53
2026-09-01 23:34:31.669,100.0,126.0,30.0,70.0629,40.4508,-58.7785,,1,0.25,427.3,160.73,56.96,460.06
2026-09-01 23:34:31.908,100.0,126.0,30.0,70.0629,40.4508,-58.7785,,2,0.5,427.3,160.73,56.96,460.06
2026-09-01 23:34:32.163,100.0,126.0,30.0,70.0629,40.4508,-58.7785,,3,0.75,427.26,160.73,56.96,460.03
2026-09-01 23:34:32.418,100.0,126.0,30.0,70.0629,40.4508,-58.7785,,4,1.0,427.26,160.73,56.96,460.03
2026-09-01 23:34:32.657,100.0,126.0,30.0,70.0629,40.4508,-58.7785,,5,1.25,427.25,160.73,56.96,460.02
2026-09-01 23:34:39.544,100.0,126.0,36.0,65.4508,47.5528,-58.7785,,1,0.25,426.87,160.15,56.85,459.45
2026-09-01 23:34:39.784,100.0,126.0,36.0,65.4508,47.5528,-58.7785,,2,0.5,426.86,160.15,56.86,459.44
2026-09-01 23:34:40.039,100.0,126.0,36.0,65.4508,47.5528,-58.7785,,3,0.75,426.86,160.15,56.86,459.44
2026-09-01 23:34:40.294,100.0,126.0,36.0,65.4508,47.5528,-58.7785,,4,1.0,426.82,160.14,56.85,459.4
2026-09-01 23:34:40.533,100.0,126.0,36.0,65.4508,47.5528,-58.7785,,5,1.25,426.82,160.14,56.85,459.4
2026-09-01 23:34:47.404,100.0,126.0,42.0,60.1217,54.1338,-58.7785,,1,0.25,426.34,159.78,56.8,458.82
2026-09-01 23:34:49.907,100.0,126.0,42.0,60.1217,54.1338,-58.7785,,2,0.5,426.34,159.78,56.8,458.82
2026-09-01 23:34:50.162,100.0,126.0,42.0,60.1217,54.1338,-58.7785,,3,0.75,426.3,159.77,56.79,458.78
2026-09-01 23:34:50.417,100.0,126.0,42.0,60.1217,54.1338,-58.7785,,4,1.0,426.3,159.77,56.79,458.78
2026-09-01 23:34:50.656,100.0,126.0,42.0,60.1217,54.1338,-58.7785,,5,1.25,426.28,159.79,56.79,458.77
2026-09-01 23:34:57.543,100.0,126.0,48.0,54.1338,60.1217,-58.7785,,1,0.25,425.55,160.08,56.7,458.18
2026-09-01 23:34:57.782,100.0,126.0,48.0,54.1338,60.1217,-58.7785,,2,0.5,425.61,160.08,56.71,458.24
2026-09-01 23:34:58.037,100.0,126.0,48.0,54.1338,60.1217,-58.7785,,3,0.75,425.61,160.08,56.71,458.24
2026-09-01 23:34:58.292,100.0,126.0,48.0,54.1338,60.1217,-58.7785,,4,1.0,425.61,160.08,56.71,458.24
2026-09-01 23:34:58.531,100.0,126.0,48.0,54.1338,60.1217,-58.7785,,5,1.25,425.59,160.08,56.7,458.22
2026-09-01 23:35:05.419,100.0,126.0,54.0,47.5528,65.4508,-58.7785,,1,0.25,424.91,160.02,56.66,457.56
2026-09-01 23:35:05.658,100.0,126.0,54.0,47.5528,65.4508,-58.7785,,2,0.5,424.93,160.04,56.65,457.58
2026-09-01 23:35:05.913,100.0,126.0,54.0,47.5528,65.4508,-58.7785,,3,0.75,424.93,160.04,56.65,457.58
2026-09-01 23:35:06.168,100.0,126.0,54.0,47.5528,65.4508,-58.7785,,4,1.0,424.98,160.04,56.67,457.63
2026-09-01 23:35:06.407,100.0,126.0,54.0,47.5528,65.4508,-58.7785,,5,1.25,424.98,160.04,56.67,457.63
2026-09-01 23:35:13.294,100.0,126.0,60.0,40.4508,70.0629,-58.7785,,1,0.25,424.27,160.0,56.57,456.95
2026-09-01 23:35:13.533,100.0,126.0,60.0,40.4508,70.0629,-58.7785,,2,0.5,424.27,160.0,56.57,456.95
2026-09-01 23:35:13.788,100.0,126.0,60.0,40.4508,70.0629,-58.7785,,3,0.75,424.23,160.0,56.58,456.91
2026-09-01 23:35:14.043,100.0,126.0,60.0,40.4508,70.0629,-58.7785,,4,1.0,424.23,160.0,56.58,456.91
2026-09-01 23:35:14.283,100.0,126.0,60.0,40.4508,70.0629,-58.7785,,5,1.25,424.23,160.0,56.58,456.91
2026-09-01 23:35:21.154,100.0,126.0,66.0,32.9057,73.9074,-58.7785,,1,0.25,423.64,160.41,56.46,456.49
2026-09-01 23:35:23.657,100.0,126.0,66.0,32.9057,73.9074,-58.7785,,2,0.5,423.65,160.41,56.46,456.5
2026-09-01 23:35:23.912,100.0,126.0,66.0,32.9057,73.9074,-58.7785,,3,0.75,423.65,160.41,56.46,456.5
2026-09-01 23:35:24.167,100.0,126.0,66.0,32.9057,73.9074,-58.7785,,4,1.0,423.74,160.42,56.47,456.59
2026-09-01 23:35:24.406,100.0,126.0,66.0,32.9057,73.9074,-58.7785,,5,1.25,423.74,160.42,56.47,456.59
2026-09-01 23:35:31.293,100.0,126.0,72.0,25.0,76.9421,-58.7785,,1,0.25,423.13,160.97,56.47,456.22
2026-09-01 23:35:31.532,100.0,126.0,72.0,25.0,76.9421,-58.7785,,2,0.5,423.1,160.97,56.47,456.19
2026-09-01 23:35:31.787,100.0,126.0,72.0,25.0,76.9421,-58.7785,,3,0.75,423.1,160.97,56.47,456.19
2026-09-01 23:35:32.042,100.0,126.0,72.0,25.0,76.9421,-58.7785,,4,1.0,423.12,160.98,56.47,456.21
2026-09-01 23:35:32.281,100.0,126.0,72.0,25.0,76.9421,-58.7785,,5,1.25,423.12,160.98,56.47,456.21
2026-09-01 23:35:39.168,100.0,126.0,78.0,16.8204,79.1338,-58.7785,,1,0.25,422.38,161.82,56.39,455.81
2026-09-01 23:35:39.407,100.0,126.0,78.0,16.8204,79.1338,-58.7785,,2,0.5,422.38,161.82,56.39,455.81
2026-09-01 23:35:39.662,100.0,126.0,78.0,16.8204,79.1338,-58.7785,,3,0.75,422.35,161.85,56.39,455.8
2026-09-01 23:35:39.918,100.0,126.0,78.0,16.8204,79.1338,-58.7785,,4,1.0,422.35,161.85,56.39,455.8
2026-09-01 23:35:40.157,100.0,126.0,78.0,16.8204,79.1338,-58.7785,,5,1.25,422.36,161.83,56.4,455.8
2026-09-01 23:35:47.044,100.0,126.0,84.0,8.4565,80.4585,-58.7785,,1,0.25,421.92,162.59,56.21,455.64
2026-09-01 23:35:47.283,100.0,126.0,84.0,8.4565,80.4585,-58.7785,,2,0.5,421.92,162.59,56.21,455.64
2026-09-01 23:35:47.538,100.0,126.0,84.0,8.4565,80.4585,-58.7785,,3,0.75,421.93,162.58,56.2,455.64
2026-09-01 23:35:47.793,100.0,126.0,84.0,8.4565,80.4585,-58.7785,,4,1.0,421.93,162.58,56.2,455.64
2026-09-01 23:35:48.032,100.0,126.0,84.0,8.4565,80.4585,-58.7785,,5,1.25,421.86,162.6,56.21,455.59
2026-09-01 23:35:54.903,100.0,126.0,90.0,0.0,80.9017,-58.7785,,1,0.25,421.62,163.21,56.1,455.57
2026-09-01 23:35:57.406,100.0,126.0,90.0,0.0,80.9017,-58.7785,,2,0.5,421.62,163.21,56.1,455.57
2026-09-01 23:35:57.661,100.0,126.0,90.0,0.0,80.9017,-58.7785,,3,0.75,421.62,163.21,56.1,455.57
2026-09-01 23:35:57.916,100.0,126.0,90.0,0.0,80.9017,-58.7785,,4,1.0,421.64,163.23,56.1,455.6
2026-09-01 23:35:58.155,100.0,126.0,90.0,0.0,80.9017,-58.7785,,5,1.25,421.64,163.23,56.1,455.6
2026-09-01 23:36:05.042,100.0,126.0,96.0,-8.4565,80.4585,-58.7785,,1,0.25,421.39,164.07,55.96,455.65
2026-09-01 23:36:05.282,100.0,126.0,96.0,-8.4565,80.4585,-58.7785,,2,0.5,421.39,164.07,55.96,455.65
2026-09-01 23:36:05.537,100.0,126.0,96.0,-8.4565,80.4585,-58.7785,,3,0.75,421.49,164.08,55.95,455.74
2026-09-01 23:36:05.792,100.0,126.0,96.0,-8.4565,80.4585,-58.7785,,4,1.0,421.49,164.08,55.95,455.74
2026-09-01 23:36:06.031,100.0,126.0,96.0,-8.4565,80.4585,-58.7785,,5,1.25,421.47,164.06,55.95,455.72
2026-09-01 23:36:12.918,100.0,126.0,102.0,-16.8204,79.1338,-58.7785,,1,0.25,421.34,164.91,55.88,455.9
2026-09-01 23:36:13.157,100.0,126.0,102.0,-16.8204,79.1338,-58.7785,,2,0.5,421.34,164.91,55.88,455.9
2026-09-01 23:36:13.412,100.0,126.0,102.0,-16.8204,79.1338,-58.7785,,3,0.75,421.38,164.9,55.88,455.93
2026-09-01 23:36:13.667,100.0,126.0,102.0,-16.8204,79.1338,-58.7785,,4,1.0,421.38,164.9,55.88,455.93
2026-09-01 23:36:13.906,100.0,126.0,102.0,-16.8204,79.1338,-58.7785,,5,1.25,421.38,164.89,55.88,455.93
2026-09-01 23:36:20.793,100.0,126.0,108.0,-25.0,76.9421,-58.7785,,1,0.25,421.52,165.39,55.87,456.23
2026-09-01 23:36:21.033,100.0,126.0,108.0,-25.0,76.9421,-58.7785,,2,0.5,421.52,165.39,55.88,456.24
2026-09-01 23:36:21.288,100.0,126.0,108.0,-25.0,76.9421,-58.7785,,3,0.75,421.52,165.39,55.88,456.24
2026-09-01 23:36:21.543,100.0,126.0,108.0,-25.0,76.9421,-58.7785,,4,1.0,421.54,165.39,55.88,456.25
2026-09-01 23:36:21.782,100.0,126.0,108.0,-25.0,76.9421,-58.7785,,5,1.25,421.54,165.39,55.88,456.25
2026-09-01 23:36:28.653,100.0,126.0,114.0,-32.9057,73.9074,-58.7785,,1,0.25,421.66,166.03,55.96,456.61
2026-09-01 23:36:31.156,100.0,126.0,114.0,-32.9057,73.9074,-58.7785,,2,0.5,421.66,166.03,55.96,456.61
2026-09-01 23:36:31.411,100.0,126.0,114.0,-32.9057,73.9074,-58.7785,,3,0.75,421.65,166.01,55.97,456.59
2026-09-01 23:36:31.666,100.0,126.0,114.0,-32.9057,73.9074,-58.7785,,4,1.0,421.65,166.01,55.97,456.59
2026-09-01 23:36:31.905,100.0,126.0,114.0,-32.9057,73.9074,-58.7785,,5,1.25,421.66,166.03,55.96,456.61
2026-09-01 23:36:38.792,100.0,126.0,120.0,-40.4508,70.0629,-58.7785,,1,0.25,421.93,166.6,55.99,457.07
2026-09-01 23:36:39.031,100.0,126.0,120.0,-40.4508,70.0629,-58.7785,,2,0.5,422.03,166.6,55.98,457.16
2026-09-01 23:36:39.286,100.0,126.0,120.0,-40.4508,70.0629,-58.7785,,3,0.75,422.03,166.6,55.98,457.16
2026-09-01 23:36:39.542,100.0,126.0,120.0,-40.4508,70.0629,-58.7785,,4,1.0,422.02,166.63,55.98,457.16
2026-09-01 23:36:39.781,100.0,126.0,120.0,-40.4508,70.0629,-58.7785,,5,1.25,422.02,166.63,55.98,457.16
2026-09-01 23:36:46.668,100.0,126.0,126.0,-47.5528,65.4508,-58.7785,,1,0.25,422.36,167.33,56.06,457.74
2026-09-01 23:36:46.907,100.0,126.0,126.0,-47.5528,65.4508,-58.7785,,2,0.5,422.36,167.33,56.05,457.74
2026-09-01 23:36:47.162,100.0,126.0,126.0,-47.5528,65.4508,-58.7785,,3,0.75,422.36,167.33,56.05,457.74
2026-09-01 23:36:47.417,100.0,126.0,126.0,-47.5528,65.4508,-58.7785,,4,1.0,422.37,167.34,56.05,457.75
2026-09-01 23:36:47.656,100.0,126.0,126.0,-47.5528,65.4508,-58.7785,,5,1.25,422.37,167.34,56.05,457.75
2026-09-01 23:36:54.543,100.0,126.0,132.0,-54.1338,60.1217,-58.7785,,1,0.25,422.97,167.4,56.21,458.35
2026-09-01 23:36:54.782,100.0,126.0,132.0,-54.1338,60.1217,-58.7785,,2,0.5,422.97,167.4,56.21,458.35
2026-09-01 23:36:55.037,100.0,126.0,132.0,-54.1338,60.1217,-58.7785,,3,0.75,422.96,167.39,56.19,458.33
2026-09-01 23:36:55.292,100.0,126.0,132.0,-54.1338,60.1217,-58.7785,,4,1.0,422.96,167.39,56.19,458.33
2026-09-01 23:36:55.532,100.0,126.0,132.0,-54.1338,60.1217,-58.7785,,5,1.25,422.96,167.39,56.19,458.33
2026-09-01 23:37:02.403,100.0,126.0,138.0,-60.1217,54.1338,-58.7785,,1,0.25,423.68,167.6,56.37,459.09
2026-09-01 23:37:04.906,100.0,126.0,138.0,-60.1217,54.1338,-58.7785,,2,0.5,423.74,167.6,56.36,459.15
2026-09-01 23:37:05.161,100.0,126.0,138.0,-60.1217,54.1338,-58.7785,,3,0.75,423.74,167.6,56.36,459.15
2026-09-01 23:37:05.416,100.0,126.0,138.0,-60.1217,54.1338,-58.7785,,4,1.0,423.69,167.6,56.37,459.1
2026-09-01 23:37:05.655,100.0,126.0,138.0,-60.1217,54.1338,-58.7785,,5,1.25,423.69,167.6,56.37,459.1
2026-09-01 23:37:12.542,100.0,126.0,144.0,-65.4508,47.5528,-58.7785,,1,0.25,424.15,167.93,56.49,459.66
2026-09-01 23:37:12.781,100.0,126.0,144.0,-65.4508,47.5528,-58.7785,,2,0.5,424.06,167.92,56.49,459.58
2026-09-01 23:37:13.036,100.0,126.0,144.0,-65.4508,47.5528,-58.7785,,3,0.75,424.06,167.92,56.49,459.58
2026-09-01 23:37:13.291,100.0,126.0,144.0,-65.4508,47.5528,-58.7785,,4,1.0,424.08,167.9,56.48,459.59
2026-09-01 23:37:13.531,100.0,126.0,144.0,-65.4508,47.5528,-58.7785,,5,1.25,424.08,167.9,56.48,459.59
2026-09-01 23:37:20.418,100.0,126.0,150.0,-70.0629,40.4508,-58.7785,,1,0.25,424.79,167.89,56.59,460.25
2026-09-01 23:37:20.657,100.0,126.0,150.0,-70.0629,40.4508,-58.7785,,2,0.5,424.79,167.89,56.59,460.25
2026-09-01 23:37:20.912,100.0,126.0,150.0,-70.0629,40.4508,-58.7785,,3,0.75,424.77,167.88,56.58,460.23
2026-09-01 23:37:21.167,100.0,126.0,150.0,-70.0629,40.4508,-58.7785,,4,1.0,424.77,167.88,56.58,460.23
2026-09-01 23:37:21.406,100.0,126.0,150.0,-70.0629,40.4508,-58.7785,,5,1.25,424.81,167.9,56.59,460.27
2026-09-01 23:37:28.277,100.0,126.0,156.0,-73.9074,32.9057,-58.7785,,1,0.25,425.36,167.7,56.75,460.73
2026-09-01 23:37:28.533,100.0,126.0,156.0,-73.9074,32.9057,-58.7785,,2,0.5,425.36,167.7,56.75,460.73
2026-09-01 23:37:28.788,100.0,126.0,156.0,-73.9074,32.9057,-58.7785,,3,0.75,425.4,167.69,56.74,460.76
2026-09-01 23:37:29.043,100.0,126.0,156.0,-73.9074,32.9057,-58.7785,,4,1.0,425.4,167.69,56.74,460.76
2026-09-01 23:37:29.282,100.0,126.0,156.0,-73.9074,32.9057,-58.7785,,5,1.25,425.37,167.7,56.75,460.74
2026-09-01 23:37:36.153,100.0,126.0,162.0,-76.9421,25.0,-58.7785,,1,0.25,425.91,167.39,56.93,461.15
2026-09-01 23:37:38.656,100.0,126.0,162.0,-76.9421,25.0,-58.7785,,2,0.5,425.91,167.39,56.93,461.15
2026-09-01 23:37:38.911,100.0,126.0,162.0,-76.9421,25.0,-58.7785,,3,0.75,425.91,167.39,56.93,461.15
2026-09-01 23:37:39.166,100.0,126.0,162.0,-76.9421,25.0,-58.7785,,4,1.0,425.91,167.39,56.92,461.14
2026-09-01 23:37:39.405,100.0,126.0,162.0,-76.9421,25.0,-58.7785,,5,1.25,425.91,167.39,56.92,461.14
2026-09-01 23:37:46.293,100.0,126.0,168.0,-79.1338,16.8204,-58.7785,,1,0.25,426.37,167.04,57.07,461.46
2026-09-01 23:37:46.532,100.0,126.0,168.0,-79.1338,16.8204,-58.7785,,2,0.5,426.37,167.04,57.07,461.46
2026-09-01 23:37:46.787,100.0,126.0,168.0,-79.1338,16.8204,-58.7785,,3,0.75,426.41,167.04,57.07,461.5
2026-09-01 23:37:47.042,100.0,126.0,168.0,-79.1338,16.8204,-58.7785,,4,1.0,426.41,167.04,57.07,461.5
2026-09-01 23:37:47.281,100.0,126.0,168.0,-79.1338,16.8204,-58.7785,,5,1.25,426.44,167.01,57.08,461.52
2026-09-01 23:37:54.152,100.0,126.0,174.0,-80.4585,8.4565,-58.7785,,1,0.25,426.87,166.67,57.23,461.81
2026-09-01 23:37:56.655,100.0,126.0,174.0,-80.4585,8.4565,-58.7785,,2,0.5,426.86,166.68,57.23,461.8
2026-09-01 23:37:56.910,100.0,126.0,174.0,-80.4585,8.4565,-58.7785,,3,0.75,426.86,166.68,57.23,461.8
2026-09-01 23:37:57.165,100.0,126.0,174.0,-80.4585,8.4565,-58.7785,,4,1.0,426.83,166.68,57.23,461.78
2026-09-01 23:37:57.405,100.0,126.0,174.0,-80.4585,8.4565,-58.7785,,5,1.25,426.83,166.68,57.23,461.78
2026-09-01 23:38:04.292,100.0,126.0,180.0,-80.9017,0.0,-58.7785,,1,0.25,427.21,166.12,57.36,461.94
2026-09-01 23:38:04.531,100.0,126.0,180.0,-80.9017,0.0,-58.7785,,2,0.5,427.21,166.12,57.36,461.94
2026-09-01 23:38:04.786,100.0,126.0,180.0,-80.9017,0.0,-58.7785,,3,0.75,427.14,166.13,57.38,461.88
2026-09-01 23:38:05.041,100.0,126.0,180.0,-80.9017,0.0,-58.7785,,4,1.0,427.14,166.13,57.38,461.88
2026-09-01 23:38:05.280,100.0,126.0,180.0,-80.9017,0.0,-58.7785,,5,1.25,427.14,166.13,57.38,461.88
2026-09-01 23:38:12.167,100.0,126.0,186.0,-80.4585,-8.4565,-58.7785,,1,0.25,427.44,165.4,57.49,461.91
2026-09-01 23:38:12.406,100.0,126.0,186.0,-80.4585,-8.4565,-58.7785,,2,0.5,427.44,165.4,57.49,461.91
2026-09-01 23:38:12.661,100.0,126.0,186.0,-80.4585,-8.4565,-58.7785,,3,0.75,427.46,165.41,57.48,461.93
2026-09-01 23:38:12.917,100.0,126.0,186.0,-80.4585,-8.4565,-58.7785,,4,1.0,427.46,165.41,57.48,461.93
2026-09-01 23:38:13.156,100.0,126.0,186.0,-80.4585,-8.4565,-58.7785,,5,1.25,427.44,165.39,57.49,461.91
2026-09-01 23:38:20.043,100.0,126.0,192.0,-79.1338,-16.8204,-58.7785,,1,0.25,427.54,164.85,57.53,461.81
2026-09-01 23:38:20.282,100.0,126.0,192.0,-79.1338,-16.8204,-58.7785,,2,0.5,427.55,164.83,57.52,461.81
2026-09-01 23:38:20.537,100.0,126.0,192.0,-79.1338,-16.8204,-58.7785,,3,0.75,427.55,164.83,57.52,461.81
2026-09-01 23:38:20.792,100.0,126.0,192.0,-79.1338,-16.8204,-58.7785,,4,1.0,427.58,164.84,57.52,461.85
2026-09-01 23:38:21.031,100.0,126.0,192.0,-79.1338,-16.8204,-58.7785,,5,1.25,427.58,164.84,57.52,461.85
2026-09-01 23:38:27.902,100.0,126.0,198.0,-76.9421,-25.0,-58.7785,,1,0.25,427.71,164.18,57.61,461.74
2026-09-01 23:38:30.405,100.0,126.0,198.0,-76.9421,-25.0,-58.7785,,2,0.5,427.71,164.18,57.61,461.74
2026-09-01 23:38:30.660,100.0,126.0,198.0,-76.9421,-25.0,-58.7785,,3,0.75,427.66,164.18,57.6,461.69
2026-09-01 23:38:30.915,100.0,126.0,198.0,-76.9421,-25.0,-58.7785,,4,1.0,427.66,164.18,57.6,461.69
2026-09-01 23:38:31.155,100.0,126.0,198.0,-76.9421,-25.0,-58.7785,,5,1.25,427.7,164.17,57.59,461.73
2026-09-01 23:38:38.042,100.0,126.0,204.0,-73.9074,-32.9057,-58.7785,,1,0.25,427.57,163.51,57.64,461.38
2026-09-01 23:38:38.281,100.0,126.0,204.0,-73.9074,-32.9057,-58.7785,,2,0.5,427.57,163.51,57.64,461.38
2026-09-01 23:38:38.536,100.0,126.0,204.0,-73.9074,-32.9057,-58.7785,,3,0.75,427.6,163.52,57.63,461.41
2026-09-01 23:38:38.791,100.0,126.0,204.0,-73.9074,-32.9057,-58.7785,,4,1.0,427.6,163.52,57.63,461.41
2026-09-01 23:38:39.030,100.0,126.0,204.0,-73.9074,-32.9057,-58.7785,,5,1.25,427.54,163.49,57.63,461.34
2026-09-01 23:38:45.917,100.0,126.0,210.0,-70.0629,-40.4508,-58.7785,,1,0.25,427.34,163.15,57.58,461.03
2026-09-01 23:38:46.156,100.0,126.0,210.0,-70.0629,-40.4508,-58.7785,,2,0.5,427.34,163.14,57.59,461.03
2026-09-01 23:38:46.411,100.0,126.0,210.0,-70.0629,-40.4508,-58.7785,,3,0.75,427.34,163.14,57.59,461.03
2026-09-01 23:38:46.666,100.0,126.0,210.0,-70.0629,-40.4508,-58.7785,,4,1.0,427.39,163.14,57.56,461.07
2026-09-01 23:38:46.905,100.0,126.0,210.0,-70.0629,-40.4508,-58.7785,,5,1.25,427.39,163.14,57.56,461.07
2026-09-01 23:38:53.792,100.0,126.0,216.0,-65.4508,-47.5528,-58.7785,,1,0.25,427.19,162.5,57.53,460.65
2026-09-01 23:38:54.032,100.0,126.0,216.0,-65.4508,-47.5528,-58.7785,,2,0.5,427.19,162.5,57.55,460.66
2026-09-01 23:38:54.287,100.0,126.0,216.0,-65.4508,-47.5528,-58.7785,,3,0.75,427.19,162.5,57.55,460.66
2026-09-01 23:38:54.542,100.0,126.0,216.0,-65.4508,-47.5528,-58.7785,,4,1.0,427.18,162.48,57.55,460.64
2026-09-01 23:38:54.781,100.0,126.0,216.0,-65.4508,-47.5528,-58.7785,,5,1.25,427.18,162.48,57.55,460.64
2026-09-01 23:39:01.652,100.0,126.0,222.0,-60.1217,-54.1338,-58.7785,,1,0.25,426.82,162.1,57.48,460.16
2026-09-01 23:39:04.155,100.0,126.0,222.0,-60.1217,-54.1338,-58.7785,,2,0.5,426.81,162.11,57.49,460.16
2026-09-01 23:39:04.410,100.0,126.0,222.0,-60.1217,-54.1338,-58.7785,,3,0.75,426.81,162.11,57.49,460.16
2026-09-01 23:39:04.665,100.0,126.0,222.0,-60.1217,-54.1338,-58.7785,,4,1.0,426.81,162.11,57.49,460.16
2026-09-01 23:39:04.904,100.0,126.0,222.0,-60.1217,-54.1338,-58.7785,,5,1.25,426.78,162.09,57.5,460.13
2026-09-01 23:39:11.791,100.0,126.0,228.0,-54.1338,-60.1217,-58.7785,,1,0.25,426.27,162.07,57.32,459.62
2026-09-01 23:39:12.030,100.0,126.0,228.0,-54.1338,-60.1217,-58.7785,,2,0.5,426.24,162.06,57.32,459.59
2026-09-01 23:39:12.285,100.0,126.0,228.0,-54.1338,-60.1217,-58.7785,,3,0.75,426.24,162.06,57.32,459.59
2026-09-01 23:39:12.540,100.0,126.0,228.0,-54.1338,-60.1217,-58.7785,,4,1.0,426.26,162.07,57.31,459.61
2026-09-01 23:39:12.780,100.0,126.0,228.0,-54.1338,-60.1217,-58.7785,,5,1.25,426.26,162.07,57.31,459.61
2026-09-01 23:39:19.667,100.0,126.0,234.0,-47.5528,-65.4508,-58.7785,,1,0.25,425.85,161.69,57.3,459.1
2026-09-01 23:39:19.906,100.0,126.0,234.0,-47.5528,-65.4508,-58.7785,,2,0.5,425.85,161.69,57.3,459.1
2026-09-01 23:39:20.161,100.0,126.0,234.0,-47.5528,-65.4508,-58.7785,,3,0.75,425.85,161.69,57.3,459.1
2026-09-01 23:39:20.416,100.0,126.0,234.0,-47.5528,-65.4508,-58.7785,,4,1.0,425.84,161.72,57.3,459.1
2026-09-01 23:39:20.655,100.0,126.0,234.0,-47.5528,-65.4508,-58.7785,,5,1.25,425.84,161.72,57.3,459.1
2026-09-01 23:39:27.542,100.0,126.0,240.0,-40.4508,-70.0629,-58.7785,,1,0.25,425.32,161.48,57.12,458.51
2026-09-01 23:39:27.781,100.0,126.0,240.0,-40.4508,-70.0629,-58.7785,,2,0.5,425.32,161.48,57.12,458.51
2026-09-01 23:39:28.036,100.0,126.0,240.0,-40.4508,-70.0629,-58.7785,,3,0.75,425.29,161.46,57.13,458.48
2026-09-01 23:39:28.291,100.0,126.0,240.0,-40.4508,-70.0629,-58.7785,,4,1.0,425.29,161.46,57.13,458.48
2026-09-01 23:39:28.530,100.0,126.0,240.0,-40.4508,-70.0629,-58.7785,,5,1.25,425.32,161.47,57.13,458.51
2026-09-01 23:39:35.401,100.0,126.0,246.0,-32.9057,-73.9074,-58.7785,,1,0.25,424.86,161.46,57.03,458.06
2026-09-01 23:39:37.904,100.0,126.0,246.0,-32.9057,-73.9074,-58.7785,,2,0.5,424.92,161.47,57.03,458.12
2026-09-01 23:39:38.160,100.0,126.0,246.0,-32.9057,-73.9074,-58.7785,,3,0.75,424.92,161.47,57.03,458.12
2026-09-01 23:39:38.415,100.0,126.0,246.0,-32.9057,-73.9074,-58.7785,,4,1.0,424.9,161.47,57.03,458.11
2026-09-01 23:39:38.654,100.0,126.0,246.0,-32.9057,-73.9074,-58.7785,,5,1.25,424.9,161.47,57.03,458.11
2026-09-01 23:39:45.541,100.0,126.0,252.0,-25.0,-76.9421,-58.7785,,1,0.25,424.26,161.82,56.84,457.61
2026-09-01 23:39:45.780,100.0,126.0,252.0,-25.0,-76.9421,-58.7785,,2,0.5,424.26,161.82,56.84,457.61
2026-09-01 23:39:46.035,100.0,126.0,252.0,-25.0,-76.9421,-58.7785,,3,0.75,424.27,161.81,56.85,457.62
2026-09-01 23:39:46.290,100.0,126.0,252.0,-25.0,-76.9421,-58.7785,,4,1.0,424.27,161.81,56.85,457.62
2026-09-01 23:39:46.529,100.0,126.0,252.0,-25.0,-76.9421,-58.7785,,5,1.25,424.27,161.82,56.84,457.62
2026-09-01 23:39:53.416,100.0,126.0,258.0,-16.8204,-79.1338,-58.7785,,1,0.25,423.8,162.05,56.74,457.25
2026-09-01 23:39:53.655,100.0,126.0,258.0,-16.8204,-79.1338,-58.7785,,2,0.5,423.8,162.05,56.74,457.25
2026-09-01 23:39:53.910,100.0,126.0,258.0,-16.8204,-79.1338,-58.7785,,3,0.75,423.8,162.06,56.74,457.26
2026-09-01 23:39:54.165,100.0,126.0,258.0,-16.8204,-79.1338,-58.7785,,4,1.0,423.8,162.06,56.74,457.26
2026-09-01 23:39:54.405,100.0,126.0,258.0,-16.8204,-79.1338,-58.7785,,5,1.25,423.77,162.07,56.74,457.23
2026-09-01 23:40:01.291,100.0,126.0,264.0,-8.4565,-80.4585,-58.7785,,1,0.25,423.26,162.45,56.65,456.88
2026-09-01 23:40:01.531,100.0,126.0,264.0,-8.4565,-80.4585,-58.7785,,2,0.5,423.27,162.46,56.63,456.9
2026-09-01 23:40:01.786,100.0,126.0,264.0,-8.4565,-80.4585,-58.7785,,3,0.75,423.27,162.46,56.63,456.9
2026-09-01 23:40:02.041,100.0,126.0,264.0,-8.4565,-80.4585,-58.7785,,4,1.0,423.29,162.46,56.65,456.92
2026-09-01 23:40:02.280,100.0,126.0,264.0,-8.4565,-80.4585,-58.7785,,5,1.25,423.29,162.46,56.65,456.92
2026-09-01 23:40:09.167,100.0,126.0,270.0,-0.0,-80.9017,-58.7785,,1,0.25,422.94,162.99,56.59,456.77
2026-09-01 23:40:09.406,100.0,126.0,270.0,-0.0,-80.9017,-58.7785,,2,0.5,422.92,163.0,56.6,456.76
2026-09-01 23:40:09.661,100.0,126.0,270.0,-0.0,-80.9017,-58.7785,,3,0.75,422.92,163.0,56.6,456.76
2026-09-01 23:40:09.916,100.0,126.0,270.0,-0.0,-80.9017,-58.7785,,4,1.0,422.92,162.99,56.59,456.75
2026-09-01 23:40:10.155,100.0,126.0,270.0,-0.0,-80.9017,-58.7785,,5,1.25,422.92,162.99,56.59,456.75
2026-09-01 23:40:17.026,100.0,126.0,276.0,8.4565,-80.4585,-58.7785,,1,0.25,422.83,163.33,56.55,456.79
2026-09-01 23:40:17.282,100.0,126.0,276.0,8.4565,-80.4585,-58.7785,,2,0.5,422.83,163.33,56.55,456.79
2026-09-01 23:40:17.537,100.0,126.0,276.0,8.4565,-80.4585,-58.7785,,3,0.75,422.79,163.32,56.56,456.75
2026-09-01 23:40:17.792,100.0,126.0,276.0,8.4565,-80.4585,-58.7785,,4,1.0,422.79,163.32,56.56,456.75
2026-09-01 23:40:18.031,100.0,126.0,276.0,8.4565,-80.4585,-58.7785,,5,1.25,422.79,163.32,56.56,456.75
2026-09-01 23:40:24.902,100.0,126.0,282.0,16.8204,-79.1338,-58.7785,,1,0.25,422.69,163.92,56.51,456.86
2026-09-01 23:40:27.405,100.0,126.0,282.0,16.8204,-79.1338,-58.7785,,2,0.5,422.72,163.9,56.51,456.89
2026-09-01 23:40:27.660,100.0,126.0,282.0,16.8204,-79.1338,-58.7785,,3,0.75,422.72,163.9,56.51,456.89
2026-09-01 23:40:27.915,100.0,126.0,282.0,16.8204,-79.1338,-58.7785,,4,1.0,422.71,163.91,56.51,456.88
2026-09-01 23:40:28.154,100.0,126.0,282.0,16.8204,-79.1338,-58.7785,,5,1.25,422.71,163.91,56.51,456.88
2026-09-01 23:40:35.041,100.0,126.0,288.0,25.0,-76.9421,-58.7785,,1,0.25,422.62,164.61,56.42,457.04
2026-09-01 23:40:35.280,100.0,126.0,288.0,25.0,-76.9421,-58.7785,,2,0.5,422.64,164.6,56.43,457.05
2026-09-01 23:40:35.535,100.0,126.0,288.0,25.0,-76.9421,-58.7785,,3,0.75,422.64,164.6,56.43,457.05
2026-09-01 23:40:35.790,100.0,126.0,288.0,25.0,-76.9421,-58.7785,,4,1.0,422.67,164.58,56.41,457.07
2026-09-01 23:40:36.030,100.0,126.0,288.0,25.0,-76.9421,-58.7785,,5,1.25,422.67,164.58,56.41,457.07
2026-09-01 23:40:42.917,100.0,126.0,294.0,32.9057,-73.9074,-58.7785,,1,0.25,422.83,164.89,56.43,457.33
2026-09-01 23:40:43.156,100.0,126.0,294.0,32.9057,-73.9074,-58.7785,,2,0.5,422.83,164.89,56.43,457.33
2026-09-01 23:40:43.411,100.0,126.0,294.0,32.9057,-73.9074,-58.7785,,3,0.75,422.91,164.92,56.43,457.42
2026-09-01 23:40:43.666,100.0,126.0,294.0,32.9057,-73.9074,-58.7785,,4,1.0,422.91,164.92,56.43,457.42
2026-09-01 23:40:43.905,100.0,126.0,294.0,32.9057,-73.9074,-58.7785,,5,1.25,422.89,164.91,56.42,457.39
2026-09-01 23:40:50.776,100.0,126.0,300.0,40.4508,-70.0629,-58.7785,,1,0.25,423.14,165.41,56.41,457.81
2026-09-01 23:40:51.031,100.0,126.0,300.0,40.4508,-70.0629,-58.7785,,2,0.5,423.14,165.41,56.41,457.81
2026-09-01 23:40:51.286,100.0,126.0,300.0,40.4508,-70.0629,-58.7785,,3,0.75,423.16,165.39,56.4,457.82
2026-09-01 23:40:51.541,100.0,126.0,300.0,40.4508,-70.0629,-58.7785,,4,1.0,423.16,165.39,56.4,457.82
2026-09-01 23:40:51.780,100.0,126.0,300.0,40.4508,-70.0629,-58.7785,,5,1.25,423.14,165.42,56.4,457.81
2026-09-01 23:40:58.652,100.0,126.0,306.0,47.5528,-65.4508,-58.7785,,1,0.25,423.52,165.84,56.41,458.31
2026-09-01 23:41:01.154,100.0,126.0,306.0,47.5528,-65.4508,-58.7785,,2,0.5,423.52,165.84,56.41,458.31
2026-09-01 23:41:01.410,100.0,126.0,306.0,47.5528,-65.4508,-58.7785,,3,0.75,423.56,165.83,56.43,458.35
2026-09-01 23:41:01.665,100.0,126.0,306.0,47.5528,-65.4508,-58.7785,,4,1.0,423.56,165.83,56.43,458.35
2026-09-01 23:41:01.904,100.0,126.0,306.0,47.5528,-65.4508,-58.7785,,5,1.25,423.56,165.83,56.43,458.35
2026-09-01 23:41:08.791,100.0,126.0,312.0,54.1338,-60.1217,-58.7785,,1,0.25,423.97,166.21,56.35,458.85
2026-09-01 23:41:09.030,100.0,126.0,312.0,54.1338,-60.1217,-58.7785,,2,0.5,423.97,166.21,56.35,458.85
2026-09-01 23:41:09.285,100.0,126.0,312.0,54.1338,-60.1217,-58.7785,,3,0.75,423.98,166.23,56.36,458.87
2026-09-01 23:41:09.540,100.0,126.0,312.0,54.1338,-60.1217,-58.7785,,4,1.0,423.98,166.23,56.36,458.87
2026-09-01 23:41:09.779,100.0,126.0,312.0,54.1338,-60.1217,-58.7785,,5,1.25,423.96,166.23,56.38,458.86
2026-09-01 23:41:16.666,100.0,126.0,318.0,60.1217,-54.1338,-58.7785,,1,0.25,424.51,166.3,56.42,459.39
2026-09-01 23:41:16.905,100.0,126.0,318.0,60.1217,-54.1338,-58.7785,,2,0.5,424.49,166.31,56.43,459.38
2026-09-01 23:41:17.160,100.0,126.0,318.0,60.1217,-54.1338,-58.7785,,3,0.75,424.49,166.31,56.43,459.38
2026-09-01 23:41:17.415,100.0,126.0,318.0,60.1217,-54.1338,-58.7785,,4,1.0,424.49,166.31,56.43,459.38
2026-09-01 23:41:17.655,100.0,126.0,318.0,60.1217,-54.1338,-58.7785,,5,1.25,424.49,166.29,56.42,459.37
2026-09-01 23:41:24.526,100.0,126.0,324.0,65.4508,-47.5528,-58.7785,,1,0.5,424.99,166.34,56.46,459.86
2026-09-01 23:41:25.291,100.0,126.0,324.0,65.4508,-47.5528,-58.7785,,2,0.75,425.0,166.33,56.47,459.86
2026-09-01 23:41:25.530,100.0,126.0,324.0,65.4508,-47.5528,-58.7785,,3,1.0,425.0,166.33,56.47,459.86
2026-09-01 23:41:25.785,100.0,126.0,324.0,65.4508,-47.5528,-58.7785,,4,1.25,425.02,166.33,56.47,459.88
2026-09-01 23:41:26.040,100.0,126.0,324.0,65.4508,-47.5528,-58.7785,,5,1.5,425.02,166.33,56.47,459.88
2026-09-01 23:41:32.911,100.0,126.0,330.0,70.0629,-40.4508,-58.7785,,1,0.25,425.6,166.22,56.56,460.39
2026-09-01 23:41:33.166,100.0,126.0,330.0,70.0629,-40.4508,-58.7785,,2,0.5,425.61,166.23,56.55,460.4
2026-09-01 23:41:33.405,100.0,126.0,330.0,70.0629,-40.4508,-58.7785,,3,0.75,425.61,166.23,56.55,460.4
2026-09-01 23:41:33.660,100.0,126.0,330.0,70.0629,-40.4508,-58.7785,,4,1.0,425.62,166.23,56.54,460.41
2026-09-01 23:41:33.916,100.0,126.0,330.0,70.0629,-40.4508,-58.7785,,5,1.25,425.62,166.23,56.54,460.41
2026-09-01 23:41:40.787,100.0,126.0,336.0,73.9074,-32.9057,-58.7785,,1,0.25,426.16,165.96,56.68,460.83
2026-09-01 23:41:41.026,100.0,126.0,336.0,73.9074,-32.9057,-58.7785,,2,0.5,426.16,165.96,56.68,460.83
2026-09-01 23:41:41.281,100.0,126.0,336.0,73.9074,-32.9057,-58.7785,,3,0.75,426.1,165.95,56.67,460.77
2026-09-01 23:41:41.536,100.0,126.0,336.0,73.9074,-32.9057,-58.7785,,4,1.0,426.1,165.95,56.67,460.77
2026-09-01 23:41:41.791,100.0,126.0,336.0,73.9074,-32.9057,-58.7785,,5,1.25,426.13,165.96,56.67,460.8
2026-09-01 23:41:48.662,100.0,126.0,342.0,76.9421,-25.0,-58.7785,,1,0.25,426.78,165.65,56.75,461.3
2026-09-01 23:41:48.901,100.0,126.0,342.0,76.9421,-25.0,-58.7785,,2,0.5,426.73,165.63,56.75,461.25
2026-09-01 23:41:51.404,100.0,126.0,342.0,76.9421,-25.0,-58.7785,,3,0.75,426.73,165.63,56.75,461.25
2026-09-01 23:41:51.659,100.0,126.0,342.0,76.9421,-25.0,-58.7785,,4,1.0,426.67,165.63,56.75,461.19
2026-09-01 23:41:51.914,100.0,126.0,342.0,76.9421,-25.0,-58.7785,,5,1.25,426.67,165.63,56.75,461.19
2026-09-01 23:41:58.785,100.0,126.0,348.0,79.1338,-16.8204,-58.7785,,1,0.25,427.09,165.19,56.86,461.43
2026-09-01 23:41:59.040,100.0,126.0,348.0,79.1338,-16.8204,-58.7785,,2,0.5,427.09,165.19,56.86,461.43
2026-09-01 23:41:59.280,100.0,126.0,348.0,79.1338,-16.8204,-58.7785,,3,0.75,427.13,165.2,56.86,461.48
2026-09-01 23:41:59.535,100.0,126.0,348.0,79.1338,-16.8204,-58.7785,,4,1.0,427.13,165.2,56.86,461.48
2026-09-01 23:41:59.790,100.0,126.0,348.0,79.1338,-16.8204,-58.7785,,5,1.25,427.07,165.18,56.86,461.41
2026-09-01 23:42:06.661,100.0,126.0,354.0,80.4585,-8.4565,-58.7785,,1,0.25,427.42,164.69,56.95,461.57
2026-09-01 23:42:06.916,100.0,126.0,354.0,80.4585,-8.4565,-58.7785,,2,0.5,427.42,164.69,56.95,461.57
2026-09-01 23:42:07.155,100.0,126.0,354.0,80.4585,-8.4565,-58.7785,,3,0.75,427.48,164.7,56.95,461.63
2026-09-01 23:42:07.410,100.0,126.0,354.0,80.4585,-8.4565,-58.7785,,4,1.0,427.48,164.7,56.95,461.63
2026-09-01 23:42:07.665,100.0,126.0,354.0,80.4585,-8.4565,-58.7785,,5,1.25,427.43,164.68,56.96,461.58
2026-09-01 23:42:14.664,100.0,132.0,354.0,73.9074,-7.768,-66.9131,,1,0.25,426.99,164.43,56.79,461.06
2026-09-01 23:42:14.903,100.0,132.0,354.0,73.9074,-7.768,-66.9131,,2,0.5,427.01,164.44,56.78,461.08
2026-09-01 23:42:15.158,100.0,132.0,354.0,73.9074,-7.768,-66.9131,,3,0.75,427.01,164.44,56.78,461.08
2026-09-01 23:42:15.413,100.0,132.0,354.0,73.9074,-7.768,-66.9131,,4,1.0,427.03,164.41,56.78,461.09
2026-09-01 23:42:15.652,100.0,132.0,354.0,73.9074,-7.768,-66.9131,,5,1.25,427.03,164.41,56.78,461.09
2026-09-01 23:42:22.539,100.0,132.0,348.0,72.6905,-15.4508,-66.9131,,1,0.25,426.73,165.05,56.69,461.03
2026-09-01 23:42:22.778,100.0,132.0,348.0,72.6905,-15.4508,-66.9131,,2,0.5,426.73,165.05,56.69,461.03
2026-09-01 23:42:23.033,100.0,132.0,348.0,72.6905,-15.4508,-66.9131,,3,0.75,426.75,165.04,56.68,461.04
2026-09-01 23:42:23.289,100.0,132.0,348.0,72.6905,-15.4508,-66.9131,,4,1.0,426.75,165.04,56.68,461.04
2026-09-01 23:42:23.528,100.0,132.0,348.0,72.6905,-15.4508,-66.9131,,5,1.25,426.74,165.03,56.67,461.03
2026-09-01 23:42:30.415,100.0,132.0,342.0,70.6773,-22.9644,-66.9131,,1,0.25,426.36,165.37,56.62,460.79
2026-09-01 23:42:30.654,100.0,132.0,342.0,70.6773,-22.9644,-66.9131,,2,0.5,426.36,165.37,56.62,460.79
2026-09-01 23:42:30.909,100.0,132.0,342.0,70.6773,-22.9644,-66.9131,,3,0.75,426.37,165.38,56.61,460.81
2026-09-01 23:42:31.164,100.0,132.0,342.0,70.6773,-22.9644,-66.9131,,4,1.0,426.37,165.38,56.61,460.81
2026-09-01 23:42:31.403,100.0,132.0,342.0,70.6773,-22.9644,-66.9131,,5,1.25,426.31,165.37,56.6,460.75
2026-09-01 23:42:38.290,100.0,132.0,336.0,67.8897,-30.2264,-66.9131,,1,0.25,426.12,165.44,56.62,460.6
2026-09-01 23:42:38.529,100.0,132.0,336.0,67.8897,-30.2264,-66.9131,,2,0.5,426.07,165.44,56.62,460.55
2026-09-01 23:42:38.784,100.0,132.0,336.0,67.8897,-30.2264,-66.9131,,3,0.75,426.07,165.44,56.62,460.55
2026-09-01 23:42:39.039,100.0,132.0,336.0,67.8897,-30.2264,-66.9131,,4,1.0,426.08,165.44,56.61,460.56
2026-09-01 23:42:39.278,100.0,132.0,336.0,67.8897,-30.2264,-66.9131,,5,1.25,426.08,165.44,56.61,460.56
2026-09-01 23:42:46.165,100.0,132.0,330.0,64.3582,-37.1572,-66.9131,,1,0.25,425.58,165.86,56.46,460.23
2026-09-01 23:42:46.404,100.0,132.0,330.0,64.3582,-37.1572,-66.9131,,2,0.5,425.6,165.85,56.46,460.24
2026-09-01 23:42:46.660,100.0,132.0,330.0,64.3582,-37.1572,-66.9131,,3,0.75,425.6,165.85,56.46,460.24
2026-09-01 23:42:46.915,100.0,132.0,330.0,64.3582,-37.1572,-66.9131,,4,1.0,425.61,165.86,56.47,460.26
2026-09-01 23:42:47.154,100.0,132.0,330.0,64.3582,-37.1572,-66.9131,,5,1.25,425.61,165.86,56.47,460.26
2026-09-01 23:42:55.898,100.0,132.0,324.0,60.1217,-43.681,-66.9131,,1,1.5,425.14,165.92,56.39,459.84
2026-09-01 23:42:56.034,100.0,132.0,324.0,60.1217,-43.681,-66.9131,,2,1.75,425.14,165.92,56.39,459.84
2026-09-01 23:42:56.289,100.0,132.0,324.0,60.1217,-43.681,-66.9131,,3,2.0,425.09,165.92,56.38,459.79
2026-09-01 23:42:56.528,100.0,132.0,324.0,60.1217,-43.681,-66.9131,,4,2.25,425.09,165.92,56.38,459.79
2026-09-01 23:42:56.783,100.0,132.0,324.0,60.1217,-43.681,-66.9131,,5,2.5,425.12,165.9,56.39,459.81
2026-09-01 23:43:03.654,100.0,132.0,318.0,55.2264,-49.7261,-66.9131,,1,0.25,424.76,165.96,56.4,459.5
2026-09-01 23:43:03.909,100.0,132.0,318.0,55.2264,-49.7261,-66.9131,,2,0.5,424.68,165.98,56.4,459.43
2026-09-01 23:43:04.164,100.0,132.0,318.0,55.2264,-49.7261,-66.9131,,3,0.75,424.68,165.98,56.4,459.43
2026-09-01 23:43:04.403,100.0,132.0,318.0,55.2264,-49.7261,-66.9131,,4,1.0,424.68,165.97,56.39,459.43
2026-09-01 23:43:04.658,100.0,132.0,318.0,55.2264,-49.7261,-66.9131,,5,1.25,424.68,165.97,56.39,459.43
2026-09-01 23:43:11.402,100.0,132.0,312.0,49.7261,-55.2264,-66.9131,,1,0.25,424.3,165.79,56.35,459.01
2026-09-01 23:43:11.657,100.0,132.0,312.0,49.7261,-55.2264,-66.9131,,2,0.5,424.24,165.8,56.36,458.96
2026-09-01 23:43:11.912,100.0,132.0,312.0,49.7261,-55.2264,-66.9131,,3,0.75,424.24,165.8,56.36,458.96
2026-09-01 23:43:12.151,100.0,132.0,312.0,49.7261,-55.2264,-66.9131,,4,1.0,424.3,165.8,56.36,459.01
2026-09-01 23:43:14.654,100.0,132.0,312.0,49.7261,-55.2264,-66.9131,,5,1.25,424.25,165.8,56.35,458.96
2026-09-01 23:43:21.413,100.0,132.0,306.0,43.681,-60.1217,-66.9131,,1,0.25,423.84,165.71,56.35,458.55
2026-09-01 23:43:21.652,100.0,132.0,306.0,43.681,-60.1217,-66.9131,,2,0.5,423.84,165.71,56.35,458.55
2026-09-01 23:43:21.908,100.0,132.0,306.0,43.681,-60.1217,-66.9131,,3,0.75,423.84,165.7,56.35,458.55
2026-09-01 23:43:22.163,100.0,132.0,306.0,43.681,-60.1217,-66.9131,,4,1.0,423.84,165.7,56.35,458.55
2026-09-01 23:43:22.402,100.0,132.0,306.0,43.681,-60.1217,-66.9131,,5,1.25,423.78,165.72,56.34,458.5
2026-09-01 23:43:31.147,100.0,132.0,300.0,37.1572,-64.3582,-66.9131,,1,1.5,423.56,165.23,56.39,458.13
2026-09-01 23:43:31.282,100.0,132.0,300.0,37.1572,-64.3582,-66.9131,,2,1.75,423.53,165.22,56.39,458.09
2026-09-01 23:43:31.537,100.0,132.0,300.0,37.1572,-64.3582,-66.9131,,3,2.0,423.53,165.22,56.39,458.09
2026-09-01 23:43:31.776,100.0,132.0,300.0,37.1572,-64.3582,-66.9131,,4,2.25,423.51,165.2,56.39,458.07
2026-09-01 23:43:32.031,100.0,132.0,300.0,37.1572,-64.3582,-66.9131,,5,2.5,423.51,165.2,56.39,458.07
2026-09-01 23:43:38.902,100.0,132.0,294.0,30.2264,-67.8897,-66.9131,,1,0.25,423.28,165.03,56.42,457.8
2026-09-01 23:43:39.157,100.0,132.0,294.0,30.2264,-67.8897,-66.9131,,2,0.5,423.31,165.03,56.42,457.83
2026-09-01 23:43:39.412,100.0,132.0,294.0,30.2264,-67.8897,-66.9131,,3,0.75,423.31,165.03,56.42,457.83
2026-09-01 23:43:39.651,100.0,132.0,294.0,30.2264,-67.8897,-66.9131,,4,1.0,423.28,165.03,56.43,457.8
2026-09-01 23:43:39.906,100.0,132.0,294.0,30.2264,-67.8897,-66.9131,,5,1.25,423.28,165.03,56.43,457.8
2026-09-01 23:43:46.777,100.0,132.0,288.0,22.9644,-70.6773,-66.9131,,1,0.25,423.21,164.59,56.46,457.58
2026-09-01 23:43:47.032,100.0,132.0,288.0,22.9644,-70.6773,-66.9131,,2,0.5,423.21,164.59,56.46,457.58
2026-09-01 23:43:47.287,100.0,132.0,288.0,22.9644,-70.6773,-66.9131,,3,0.75,423.19,164.57,56.45,457.55
2026-09-01 23:43:47.527,100.0,132.0,288.0,22.9644,-70.6773,-66.9131,,4,1.0,423.19,164.57,56.45,457.55
2026-09-01 23:43:47.782,100.0,132.0,288.0,22.9644,-70.6773,-66.9131,,5,1.25,423.21,164.6,56.46,457.58
2026-09-01 23:43:54.653,100.0,132.0,282.0,15.4508,-72.6905,-66.9131,,1,0.25,423.18,164.02,56.5,457.35
2026-09-01 23:43:54.908,100.0,132.0,282.0,15.4508,-72.6905,-66.9131,,2,0.5,423.18,164.02,56.5,457.35
2026-09-01 23:43:55.163,100.0,132.0,282.0,15.4508,-72.6905,-66.9131,,3,0.75,423.17,164.04,56.5,457.35
2026-09-01 23:43:55.402,100.0,132.0,282.0,15.4508,-72.6905,-66.9131,,4,1.0,423.17,164.04,56.5,457.35
2026-09-01 23:43:55.657,100.0,132.0,282.0,15.4508,-72.6905,-66.9131,,5,1.25,423.21,164.01,56.51,457.38
2026-09-01 23:44:02.528,100.0,132.0,276.0,7.768,-73.9074,-66.9131,,1,0.25,423.3,163.54,56.6,457.3
2026-09-01 23:44:02.783,100.0,132.0,276.0,7.768,-73.9074,-66.9131,,2,0.5,423.37,163.51,56.6,457.36
2026-09-01 23:44:03.038,100.0,132.0,276.0,7.768,-73.9074,-66.9131,,3,0.75,423.37,163.51,56.6,457.36
2026-09-01 23:44:03.277,100.0,132.0,276.0,7.768,-73.9074,-66.9131,,4,1.0,423.35,163.51,56.59,457.34
2026-09-01 23:44:03.532,100.0,132.0,276.0,7.768,-73.9074,-66.9131,,5,1.25,423.35,163.51,56.59,457.34
2026-09-01 23:44:10.403,100.0,132.0,270.0,-0.0,-74.3145,-66.9131,,1,0.25,423.48,162.99,56.69,457.29
2026-09-01 23:44:10.658,100.0,132.0,270.0,-0.0,-74.3145,-66.9131,,2,0.5,423.46,163.01,56.68,457.27
2026-09-01 23:44:10.913,100.0,132.0,270.0,-0.0,-74.3145,-66.9131,,3,0.75,423.46,163.01,56.68,457.27
2026-09-01 23:44:11.153,100.0,132.0,270.0,-0.0,-74.3145,-66.9131,,4,1.0,423.49,163.0,56.68,457.3
2026-09-01 23:44:11.408,100.0,132.0,270.0,-0.0,-74.3145,-66.9131,,5,1.25,423.49,163.0,56.68,457.3
2026-09-01 23:44:18.279,100.0,132.0,264.0,-7.768,-73.9074,-66.9131,,1,0.25,423.71,162.73,56.78,457.42
2026-09-01 23:44:18.534,100.0,132.0,264.0,-7.768,-73.9074,-66.9131,,2,0.5,423.71,162.73,56.78,457.42
2026-09-01 23:44:18.789,100.0,132.0,264.0,-7.768,-73.9074,-66.9131,,3,0.75,423.74,162.74,56.77,457.45
2026-09-01 23:44:19.028,100.0,132.0,264.0,-7.768,-73.9074,-66.9131,,4,1.0,423.74,162.74,56.77,457.45
2026-09-01 23:44:19.283,100.0,132.0,264.0,-7.768,-73.9074,-66.9131,,5,1.25,423.81,162.73,56.77,457.51
2026-09-01 23:44:26.154,100.0,132.0,258.0,-15.4508,-72.6905,-66.9131,,1,0.25,424.08,162.45,56.84,457.67
2026-09-01 23:44:26.409,100.0,132.0,258.0,-15.4508,-72.6905,-66.9131,,2,0.5,424.08,162.45,56.84,457.67
2026-09-01 23:44:26.664,100.0,132.0,258.0,-15.4508,-72.6905,-66.9131,,3,0.75,424.12,162.45,56.84,457.71
2026-09-01 23:44:26.904,100.0,132.0,258.0,-15.4508,-72.6905,-66.9131,,4,1.0,424.12,162.45,56.84,457.71
2026-09-01 23:44:27.159,100.0,132.0,258.0,-15.4508,-72.6905,-66.9131,,5,1.25,424.07,162.45,56.84,457.66
2026-09-01 23:44:34.030,100.0,132.0,252.0,-22.9644,-70.6773,-66.9131,,1,0.25,424.55,162.07,57.02,457.99
2026-09-01 23:44:34.285,100.0,132.0,252.0,-22.9644,-70.6773,-66.9131,,2,0.5,424.61,162.08,57.01,458.05
2026-09-01 23:44:34.540,100.0,132.0,252.0,-22.9644,-70.6773,-66.9131,,3,0.75,424.61,162.08,57.01,458.05
2026-09-01 23:44:34.779,100.0,132.0,252.0,-22.9644,-70.6773,-66.9131,,4,1.0,424.55,162.09,57.0,458.0
2026-09-01 23:44:35.034,100.0,132.0,252.0,-22.9644,-70.6773,-66.9131,,5,1.25,424.55,162.09,57.0,458.0
2026-09-01 23:44:41.905,100.0,132.0,246.0,-30.2264,-67.8897,-66.9131,,1,0.25,424.94,161.95,57.11,458.32
2026-09-01 23:44:42.160,100.0,132.0,246.0,-30.2264,-67.8897,-66.9131,,2,0.5,424.93,161.95,57.12,458.31
2026-09-01 23:44:42.399,100.0,132.0,246.0,-30.2264,-67.8897,-66.9131,,3,0.75,424.88,161.97,57.1,458.27
2026-09-01 23:44:44.902,100.0,132.0,246.0,-30.2264,-67.8897,-66.9131,,4,1.0,424.88,161.97,57.1,458.27
2026-09-01 23:44:45.157,100.0,132.0,246.0,-30.2264,-67.8897,-66.9131,,5,1.25,424.88,161.98,57.09,458.27
2026-09-01 23:44:52.028,100.0,132.0,240.0,-37.1572,-64.3582,-66.9131,,1,0.25,425.38,161.94,57.2,458.74
2026-09-01 23:44:52.284,100.0,132.0,240.0,-37.1572,-64.3582,-66.9131,,2,0.5,425.38,161.94,57.2,458.74
2026-09-01 23:44:52.538,100.0,132.0,240.0,-37.1572,-64.3582,-66.9131,,3,0.75,425.39,161.95,57.18,458.75
2026-09-01 23:44:52.778,100.0,132.0,240.0,-37.1572,-64.3582,-66.9131,,4,1.0,425.39,161.95,57.18,458.75
2026-09-01 23:44:53.033,100.0,132.0,240.0,-37.1572,-64.3582,-66.9131,,5,1.25,425.36,161.95,57.19,458.72
2026-09-01 23:44:59.904,100.0,132.0,234.0,-43.681,-60.1217,-66.9131,,1,0.25,425.82,162.1,57.32,459.22
2026-09-01 23:45:00.159,100.0,132.0,234.0,-43.681,-60.1217,-66.9131,,2,0.5,425.83,162.09,57.31,459.22
2026-09-01 23:45:00.414,100.0,132.0,234.0,-43.681,-60.1217,-66.9131,,3,0.75,425.83,162.09,57.31,459.22
2026-09-01 23:45:00.653,100.0,132.0,234.0,-43.681,-60.1217,-66.9131,,4,1.0,425.75,162.11,57.31,459.15
2026-09-01 23:45:00.908,100.0,132.0,234.0,-43.681,-60.1217,-66.9131,,5,1.25,425.75,162.11,57.31,459.15
2026-09-01 23:45:09.647,100.0,132.0,228.0,-49.7261,-55.2264,-66.9131,,1,1.5,426.18,162.28,57.49,459.64
2026-09-01 23:45:09.788,100.0,132.0,228.0,-49.7261,-55.2264,-66.9131,,2,1.75,426.18,162.28,57.49,459.64
2026-09-01 23:45:10.027,100.0,132.0,228.0,-49.7261,-55.2264,-66.9131,,3,2.0,426.18,162.29,57.48,459.64
2026-09-01 23:45:10.282,100.0,132.0,228.0,-49.7261,-55.2264,-66.9131,,4,2.25,426.18,162.29,57.48,459.64
2026-09-01 23:45:10.537,100.0,132.0,228.0,-49.7261,-55.2264,-66.9131,,5,2.5,426.19,162.27,57.47,459.64
2026-09-01 23:45:17.281,100.0,132.0,222.0,-55.2264,-49.7261,-66.9131,,1,0.25,426.49,162.69,57.59,460.08
2026-09-01 23:45:17.536,100.0,132.0,222.0,-55.2264,-49.7261,-66.9131,,2,0.5,426.49,162.69,57.59,460.08
2026-09-01 23:45:17.775,100.0,132.0,222.0,-55.2264,-49.7261,-66.9131,,3,0.75,426.44,162.69,57.59,460.03
2026-09-01 23:45:18.030,100.0,132.0,222.0,-55.2264,-49.7261,-66.9131,,4,1.0,426.44,162.69,57.59,460.03
2026-09-01 23:45:18.285,100.0,132.0,222.0,-55.2264,-49.7261,-66.9131,,5,1.25,426.45,162.69,57.59,460.04
2026-09-01 23:45:25.029,100.0,132.0,216.0,-60.1217,-43.681,-66.9131,,1,0.25,426.79,162.83,57.67,460.42
2026-09-01 23:45:25.284,100.0,132.0,216.0,-60.1217,-43.681,-66.9131,,2,0.5,426.79,162.83,57.67,460.42
2026-09-01 23:45:25.539,100.0,132.0,216.0,-60.1217,-43.681,-66.9131,,3,0.75,426.79,162.83,57.68,460.42
2026-09-01 23:45:25.778,100.0,132.0,216.0,-60.1217,-43.681,-66.9131,,4,1.0,426.79,162.83,57.68,460.42
2026-09-01 23:45:26.033,100.0,132.0,216.0,-60.1217,-43.681,-66.9131,,5,1.25,426.79,162.85,57.67,460.42
2026-09-01 23:45:32.904,100.0,132.0,210.0,-64.3582,-37.1572,-66.9131,,1,0.25,426.94,163.28,57.72,460.72
2026-09-01 23:45:33.159,100.0,132.0,210.0,-64.3582,-37.1572,-66.9131,,2,0.5,427.0,163.29,57.73,460.78
2026-09-01 23:45:33.414,100.0,132.0,210.0,-64.3582,-37.1572,-66.9131,,3,0.75,427.0,163.29,57.73,460.78
2026-09-01 23:45:33.653,100.0,132.0,210.0,-64.3582,-37.1572,-66.9131,,4,1.0,426.98,163.32,57.71,460.77
2026-09-01 23:45:33.908,100.0,132.0,210.0,-64.3582,-37.1572,-66.9131,,5,1.25,426.98,163.32,57.71,460.77
2026-09-01 23:45:40.780,100.0,132.0,204.0,-67.8897,-30.2264,-66.9131,,1,0.25,427.15,163.86,57.72,461.12
2026-09-01 23:45:41.035,100.0,132.0,204.0,-67.8897,-30.2264,-66.9131,,2,0.5,427.16,163.84,57.7,461.12
2026-09-01 23:45:41.290,100.0,132.0,204.0,-67.8897,-30.2264,-66.9131,,3,0.75,427.16,163.84,57.7,461.12
2026-09-01 23:45:41.529,100.0,132.0,204.0,-67.8897,-30.2264,-66.9131,,4,1.0,427.16,163.85,57.7,461.13
2026-09-01 23:45:41.784,100.0,132.0,204.0,-67.8897,-30.2264,-66.9131,,5,1.25,427.16,163.85,57.7,461.13
2026-09-01 23:45:48.655,100.0,132.0,198.0,-70.6773,-22.9644,-66.9131,,1,0.25,427.19,164.27,57.66,461.3
2026-09-01 23:45:48.910,100.0,132.0,198.0,-70.6773,-22.9644,-66.9131,,2,0.5,427.19,164.27,57.66,461.3
2026-09-01 23:45:49.149,100.0,132.0,198.0,-70.6773,-22.9644,-66.9131,,3,0.75,427.19,164.27,57.68,461.3
2026-09-01 23:45:51.652,100.0,132.0,198.0,-70.6773,-22.9644,-66.9131,,4,1.0,427.19,164.27,57.68,461.3
2026-09-01 23:45:51.907,100.0,132.0,198.0,-70.6773,-22.9644,-66.9131,,5,1.25,427.15,164.29,57.68,461.27
2026-09-01 23:45:58.778,100.0,132.0,192.0,-72.6905,-15.4508,-66.9131,,1,0.25,427.16,164.87,57.59,461.48
2026-09-01 23:45:59.033,100.0,132.0,192.0,-72.6905,-15.4508,-66.9131,,2,0.5,427.15,164.89,57.59,461.47
2026-09-01 23:45:59.288,100.0,132.0,192.0,-72.6905,-15.4508,-66.9131,,3,0.75,427.15,164.89,57.59,461.47
2026-09-01 23:45:59.527,100.0,132.0,192.0,-72.6905,-15.4508,-66.9131,,4,1.0,427.12,164.89,57.59,461.45
2026-09-01 23:45:59.783,100.0,132.0,192.0,-72.6905,-15.4508,-66.9131,,5,1.25,427.12,164.89,57.59,461.45
2026-09-01 23:46:06.653,100.0,132.0,186.0,-73.9074,-7.768,-66.9131,,1,0.25,427.01,165.41,57.51,461.52
2026-09-01 23:46:06.909,100.0,132.0,186.0,-73.9074,-7.768,-66.9131,,2,0.5,426.94,165.41,57.52,461.46
2026-09-01 23:46:07.164,100.0,132.0,186.0,-73.9074,-7.768,-66.9131,,3,0.75,426.94,165.41,57.52,461.46
2026-09-01 23:46:07.403,100.0,132.0,186.0,-73.9074,-7.768,-66.9131,,4,1.0,426.98,165.4,57.51,461.49
2026-09-01 23:46:07.658,100.0,132.0,186.0,-73.9074,-7.768,-66.9131,,5,1.25,426.98,165.4,57.51,461.49
2026-09-01 23:46:14.529,100.0,132.0,180.0,-74.3145,0.0,-66.9131,,1,0.25,426.76,165.9,57.41,461.45
2026-09-01 23:46:14.784,100.0,132.0,180.0,-74.3145,0.0,-66.9131,,2,0.5,426.76,165.9,57.41,461.45
2026-09-01 23:46:15.039,100.0,132.0,180.0,-74.3145,0.0,-66.9131,,3,0.75,426.76,165.92,57.42,461.46
2026-09-01 23:46:15.278,100.0,132.0,180.0,-74.3145,0.0,-66.9131,,4,1.0,426.76,165.92,57.42,461.46
2026-09-01 23:46:15.533,100.0,132.0,180.0,-74.3145,0.0,-66.9131,,5,1.25,426.71,165.91,57.41,461.41
2026-09-01 23:46:22.404,100.0,132.0,174.0,-73.9074,7.768,-66.9131,,1,0.25,426.42,166.26,57.29,461.25
2026-09-01 23:46:22.659,100.0,132.0,174.0,-73.9074,7.768,-66.9131,,2,0.5,426.42,166.26,57.29,461.25
2026-09-01 23:46:22.899,100.0,132.0,174.0,-73.9074,7.768,-66.9131,,3,0.75,426.56,166.28,57.29,461.39
2026-09-01 23:46:25.402,100.0,132.0,174.0,-73.9074,7.768,-66.9131,,4,1.0,426.53,166.26,57.31,461.36
2026-09-01 23:46:25.657,100.0,132.0,174.0,-73.9074,7.768,-66.9131,,5,1.25,426.53,166.26,57.31,461.36
2026-09-01 23:46:32.528,100.0,132.0,168.0,-72.6905,15.4508,-66.9131,,1,0.25,426.16,166.58,57.2,461.12
2026-09-01 23:46:32.783,100.0,132.0,168.0,-72.6905,15.4508,-66.9131,,2,0.5,426.16,166.58,57.2,461.12
2026-09-01 23:46:33.038,100.0,132.0,168.0,-72.6905,15.4508,-66.9131,,3,0.75,426.14,166.54,57.2,461.08
2026-09-01 23:46:33.277,100.0,132.0,168.0,-72.6905,15.4508,-66.9131,,4,1.0,426.14,166.54,57.2,461.08
2026-09-01 23:46:33.532,100.0,132.0,168.0,-72.6905,15.4508,-66.9131,,5,1.25,426.14,166.54,57.2,461.08
2026-09-01 23:46:40.403,100.0,132.0,162.0,-70.6773,22.9644,-66.9131,,1,0.25,425.77,166.83,57.11,460.84
2026-09-01 23:46:40.658,100.0,132.0,162.0,-70.6773,22.9644,-66.9131,,2,0.5,425.77,166.83,57.11,460.84
2026-09-01 23:46:40.913,100.0,132.0,162.0,-70.6773,22.9644,-66.9131,,3,0.75,425.77,166.84,57.11,460.84
2026-09-01 23:46:41.152,100.0,132.0,162.0,-70.6773,22.9644,-66.9131,,4,1.0,425.77,166.84,57.11,460.84
2026-09-01 23:46:41.408,100.0,132.0,162.0,-70.6773,22.9644,-66.9131,,5,1.25,425.73,166.84,57.11,460.8
2026-09-01 23:46:48.279,100.0,132.0,156.0,-67.8897,30.2264,-66.9131,,1,0.25,425.29,167.01,56.92,460.43
2026-09-01 23:46:48.534,100.0,132.0,156.0,-67.8897,30.2264,-66.9131,,2,0.5,425.28,167.0,56.92,460.42
2026-09-01 23:46:48.789,100.0,132.0,156.0,-67.8897,30.2264,-66.9131,,3,0.75,425.28,167.0,56.92,460.42
2026-09-01 23:46:49.028,100.0,132.0,156.0,-67.8897,30.2264,-66.9131,,4,1.0,425.28,167.0,56.92,460.42
2026-09-01 23:46:49.283,100.0,132.0,156.0,-67.8897,30.2264,-66.9131,,5,1.25,425.34,167.04,56.92,460.49
2026-09-01 23:46:56.154,100.0,132.0,150.0,-64.3582,37.1572,-66.9131,,1,0.25,424.59,167.36,56.81,459.9
2026-09-01 23:46:56.409,100.0,132.0,150.0,-64.3582,37.1572,-66.9131,,2,0.5,424.62,167.36,56.83,459.93
2026-09-01 23:46:56.648,100.0,132.0,150.0,-64.3582,37.1572,-66.9131,,3,0.75,424.67,167.36,56.83,459.98
2026-09-01 23:46:59.151,100.0,132.0,150.0,-64.3582,37.1572,-66.9131,,4,1.0,424.67,167.36,56.83,459.98
2026-09-01 23:46:59.406,100.0,132.0,150.0,-64.3582,37.1572,-66.9131,,5,1.25,424.65,167.35,56.83,459.96
2026-09-01 23:47:06.277,100.0,132.0,144.0,-60.1217,43.681,-66.9131,,1,0.25,424.2,167.39,56.65,459.53
2026-09-01 23:47:06.532,100.0,132.0,144.0,-60.1217,43.681,-66.9131,,2,0.5,424.2,167.39,56.65,459.53
2026-09-01 23:47:06.788,100.0,132.0,144.0,-60.1217,43.681,-66.9131,,3,0.75,424.16,167.36,56.63,459.48
2026-09-01 23:47:07.027,100.0,132.0,144.0,-60.1217,43.681,-66.9131,,4,1.0,424.16,167.36,56.63,459.48
2026-09-01 23:47:07.282,100.0,132.0,144.0,-60.1217,43.681,-66.9131,,5,1.25,424.17,167.37,56.62,459.49
2026-09-01 23:47:14.153,100.0,132.0,138.0,-55.2264,49.7261,-66.9131,,1,0.25,423.69,167.02,56.55,458.91
2026-09-01 23:47:14.408,100.0,132.0,138.0,-55.2264,49.7261,-66.9131,,2,0.5,423.69,167.02,56.55,458.91
2026-09-01 23:47:14.663,100.0,132.0,138.0,-55.2264,49.7261,-66.9131,,3,0.75,423.69,167.02,56.55,458.91
2026-09-01 23:47:14.902,100.0,132.0,138.0,-55.2264,49.7261,-66.9131,,4,1.0,423.68,167.03,56.56,458.91
2026-09-01 23:47:15.157,100.0,132.0,138.0,-55.2264,49.7261,-66.9131,,5,1.25,423.68,167.03,56.56,458.91
2026-09-01 23:47:21.901,100.0,132.0,132.0,-49.7261,55.2264,-66.9131,,1,0.25,423.08,167.08,56.3,458.34
2026-09-01 23:47:22.156,100.0,132.0,132.0,-49.7261,55.2264,-66.9131,,2,0.5,423.12,167.1,56.32,458.39
2026-09-01 23:47:22.411,100.0,132.0,132.0,-49.7261,55.2264,-66.9131,,3,0.75,423.12,167.1,56.32,458.39
2026-09-01 23:47:22.650,100.0,132.0,132.0,-49.7261,55.2264,-66.9131,,4,1.0,423.09,167.1,56.31,458.36
2026-09-01 23:47:22.905,100.0,132.0,132.0,-49.7261,55.2264,-66.9131,,5,1.25,423.09,167.1,56.31,458.36
2026-09-01 23:47:29.649,100.0,132.0,126.0,-43.681,60.1217,-66.9131,,1,0.25,422.69,166.78,56.17,457.86
2026-09-01 23:47:32.152,100.0,132.0,126.0,-43.681,60.1217,-66.9131,,2,0.5,422.69,166.78,56.17,457.86
2026-09-01 23:47:32.407,100.0,132.0,126.0,-43.681,60.1217,-66.9131,,3,0.75,422.69,166.78,56.17,457.86
2026-09-01 23:47:32.662,100.0,132.0,126.0,-43.681,60.1217,-66.9131,,4,1.0,422.72,166.81,56.17,457.9
2026-09-01 23:47:32.901,100.0,132.0,126.0,-43.681,60.1217,-66.9131,,5,1.25,422.72,166.81,56.17,457.9
2026-09-01 23:47:39.788,100.0,132.0,120.0,-37.1572,64.3582,-66.9131,,1,0.25,422.38,166.44,56.07,457.43
2026-09-01 23:47:40.027,100.0,132.0,120.0,-37.1572,64.3582,-66.9131,,2,0.5,422.38,166.44,56.07,457.43
2026-09-01 23:47:40.282,100.0,132.0,120.0,-37.1572,64.3582,-66.9131,,3,0.75,422.35,166.44,56.07,457.41
2026-09-01 23:47:40.537,100.0,132.0,120.0,-37.1572,64.3582,-66.9131,,4,1.0,422.35,166.44,56.07,457.41
2026-09-01 23:47:40.776,100.0,132.0,120.0,-37.1572,64.3582,-66.9131,,5,1.25,422.29,166.44,56.08,457.35
2026-09-01 23:47:47.663,100.0,132.0,114.0,-30.2264,67.8897,-66.9131,,1,0.25,422.06,165.97,56.05,456.97
2026-09-01 23:47:47.903,100.0,132.0,114.0,-30.2264,67.8897,-66.9131,,2,0.5,422.06,165.97,56.05,456.97
2026-09-01 23:47:48.158,100.0,132.0,114.0,-30.2264,67.8897,-66.9131,,3,0.75,422.11,165.97,56.04,457.01
2026-09-01 23:47:48.413,100.0,132.0,114.0,-30.2264,67.8897,-66.9131,,4,1.0,422.11,165.97,56.04,457.01
2026-09-01 23:47:48.652,100.0,132.0,114.0,-30.2264,67.8897,-66.9131,,5,1.25,422.14,165.97,56.03,457.04
2026-09-01 23:47:55.523,100.0,132.0,108.0,-22.9644,70.6773,-66.9131,,1,0.25,421.94,165.24,56.07,456.59
2026-09-01 23:47:55.778,100.0,132.0,108.0,-22.9644,70.6773,-66.9131,,2,0.5,421.9,165.23,56.09,456.55
2026-09-01 23:47:56.033,100.0,132.0,108.0,-22.9644,70.6773,-66.9131,,3,0.75,421.9,165.23,56.09,456.55
2026-09-01 23:47:56.288,100.0,132.0,108.0,-22.9644,70.6773,-66.9131,,4,1.0,421.98,165.23,56.08,456.63
2026-09-01 23:47:56.527,100.0,132.0,108.0,-22.9644,70.6773,-66.9131,,5,1.25,421.98,165.23,56.08,456.63
2026-09-01 23:48:03.398,100.0,132.0,102.0,-15.4508,72.6905,-66.9131,,1,0.25,421.9,164.77,56.07,456.39
2026-09-01 23:48:05.901,100.0,132.0,102.0,-15.4508,72.6905,-66.9131,,2,0.5,421.9,164.77,56.07,456.39
2026-09-01 23:48:06.156,100.0,132.0,102.0,-15.4508,72.6905,-66.9131,,3,0.75,421.88,164.76,56.06,456.36
2026-09-01 23:48:06.412,100.0,132.0,102.0,-15.4508,72.6905,-66.9131,,4,1.0,421.88,164.76,56.06,456.36
2026-09-01 23:48:06.651,100.0,132.0,102.0,-15.4508,72.6905,-66.9131,,5,1.25,421.84,164.77,56.05,456.33
2026-09-01 23:48:13.538,100.0,132.0,96.0,-7.768,73.9074,-66.9131,,1,0.25,421.83,164.2,56.13,456.12
2026-09-01 23:48:13.777,100.0,132.0,96.0,-7.768,73.9074,-66.9131,,2,0.5,421.85,164.21,56.13,456.15
2026-09-01 23:48:14.032,100.0,132.0,96.0,-7.768,73.9074,-66.9131,,3,0.75,421.85,164.21,56.13,456.15
2026-09-01 23:48:14.287,100.0,132.0,96.0,-7.768,73.9074,-66.9131,,4,1.0,421.82,164.21,56.12,456.12
2026-09-01 23:48:14.526,100.0,132.0,96.0,-7.768,73.9074,-66.9131,,5,1.25,421.82,164.21,56.12,456.12
2026-09-01 23:48:21.413,100.0,132.0,90.0,0.0,74.3145,-66.9131,,1,0.25,421.98,163.61,56.18,456.06
2026-09-01 23:48:21.652,100.0,132.0,90.0,0.0,74.3145,-66.9131,,2,0.5,421.94,163.63,56.16,456.02
2026-09-01 23:48:21.907,100.0,132.0,90.0,0.0,74.3145,-66.9131,,3,0.75,421.94,163.63,56.16,456.02
2026-09-01 23:48:22.162,100.0,132.0,90.0,0.0,74.3145,-66.9131,,4,1.0,421.99,163.63,56.17,456.07
2026-09-01 23:48:22.402,100.0,132.0,90.0,0.0,74.3145,-66.9131,,5,1.25,421.99,163.63,56.17,456.07
2026-09-01 23:48:29.273,100.0,132.0,84.0,7.768,73.9074,-66.9131,,1,0.25,422.33,162.93,56.33,456.15
2026-09-01 23:48:29.528,100.0,132.0,84.0,7.768,73.9074,-66.9131,,2,0.5,422.33,162.93,56.33,456.15
2026-09-01 23:48:29.783,100.0,132.0,84.0,7.768,73.9074,-66.9131,,3,0.75,422.28,162.93,56.33,456.11
2026-09-01 23:48:30.038,100.0,132.0,84.0,7.768,73.9074,-66.9131,,4,1.0,422.28,162.93,56.33,456.11
2026-09-01 23:48:30.277,100.0,132.0,84.0,7.768,73.9074,-66.9131,,5,1.25,422.26,162.93,56.33,456.09
2026-09-01 23:48:37.148,100.0,132.0,78.0,15.4508,72.6905,-66.9131,,1,0.25,422.67,162.5,56.41,456.33
2026-09-01 23:48:39.651,100.0,132.0,78.0,15.4508,72.6905,-66.9131,,2,0.5,422.65,162.5,56.39,456.31
2026-09-01 23:48:39.906,100.0,132.0,78.0,15.4508,72.6905,-66.9131,,3,0.75,422.65,162.5,56.39,456.31
2026-09-01 23:48:40.161,100.0,132.0,78.0,15.4508,72.6905,-66.9131,,4,1.0,422.66,162.5,56.38,456.31
2026-09-01 23:48:40.400,100.0,132.0,78.0,15.4508,72.6905,-66.9131,,5,1.25,422.66,162.5,56.38,456.31
2026-09-01 23:48:47.287,100.0,132.0,72.0,22.9644,70.6773,-66.9131,,1,0.25,422.95,162.2,56.49,456.49
2026-09-01 23:48:47.527,100.0,132.0,72.0,22.9644,70.6773,-66.9131,,2,0.5,422.95,162.2,56.49,456.49
2026-09-01 23:48:47.782,100.0,132.0,72.0,22.9644,70.6773,-66.9131,,3,0.75,422.95,162.2,56.49,456.49
2026-09-01 23:48:48.037,100.0,132.0,72.0,22.9644,70.6773,-66.9131,,4,1.0,422.93,162.22,56.49,456.48
2026-09-01 23:48:48.276,100.0,132.0,72.0,22.9644,70.6773,-66.9131,,5,1.25,422.93,162.22,56.49,456.48
2026-09-01 23:48:55.163,100.0,132.0,66.0,30.2264,67.8897,-66.9131,,1,0.25,423.51,161.84,56.57,456.89
2026-09-01 23:48:55.402,100.0,132.0,66.0,30.2264,67.8897,-66.9131,,2,0.5,423.51,161.84,56.57,456.89
2026-09-01 23:48:55.657,100.0,132.0,66.0,30.2264,67.8897,-66.9131,,3,0.75,423.58,161.83,56.57,456.95
2026-09-01 23:48:55.912,100.0,132.0,66.0,30.2264,67.8897,-66.9131,,4,1.0,423.58,161.83,56.57,456.95
2026-09-01 23:48:56.151,100.0,132.0,66.0,30.2264,67.8897,-66.9131,,5,1.25,423.51,161.81,56.58,456.88
2026-09-01 23:49:03.022,100.0,132.0,60.0,37.1572,64.3582,-66.9131,,1,0.25,423.93,161.63,56.64,457.21
2026-09-01 23:49:03.278,100.0,132.0,60.0,37.1572,64.3582,-66.9131,,2,0.5,423.93,161.63,56.64,457.21
2026-09-01 23:49:03.533,100.0,132.0,60.0,37.1572,64.3582,-66.9131,,3,0.75,423.92,161.64,56.65,457.21
2026-09-01 23:49:03.788,100.0,132.0,60.0,37.1572,64.3582,-66.9131,,4,1.0,423.92,161.64,56.65,457.21
2026-09-01 23:49:04.027,100.0,132.0,60.0,37.1572,64.3582,-66.9131,,5,1.25,423.95,161.65,56.66,457.24
2026-09-01 23:49:10.898,100.0,132.0,54.0,43.681,60.1217,-66.9131,,1,0.25,424.49,161.43,56.74,457.67
2026-09-01 23:49:13.401,100.0,132.0,54.0,43.681,60.1217,-66.9131,,2,0.5,424.49,161.43,56.74,457.67
2026-09-01 23:49:13.656,100.0,132.0,54.0,43.681,60.1217,-66.9131,,3,0.75,424.52,161.43,56.74,457.7
2026-09-01 23:49:13.911,100.0,132.0,54.0,43.681,60.1217,-66.9131,,4,1.0,424.52,161.43,56.74,457.7
2026-09-01 23:49:14.150,100.0,132.0,54.0,43.681,60.1217,-66.9131,,5,1.25,424.56,161.42,56.73,457.73
2026-09-01 23:49:20.910,100.0,132.0,48.0,49.7261,55.2264,-66.9131,,1,0.25,425.14,161.31,56.85,458.25
2026-09-01 23:49:21.149,100.0,132.0,48.0,49.7261,55.2264,-66.9131,,2,0.5,425.14,161.31,56.85,458.25
2026-09-01 23:49:21.404,100.0,132.0,48.0,49.7261,55.2264,-66.9131,,3,0.75,425.15,161.3,56.85,458.25
2026-09-01 23:49:21.659,100.0,132.0,48.0,49.7261,55.2264,-66.9131,,4,1.0,425.15,161.3,56.85,458.25
2026-09-01 23:49:21.898,100.0,132.0,48.0,49.7261,55.2264,-66.9131,,5,1.25,425.12,161.29,56.85,458.22
2026-09-01 23:49:30.906,100.0,132.0,42.0,55.2264,49.7261,-66.9131,,1,0.25,425.68,161.27,56.92,458.74
2026-09-01 23:49:31.161,100.0,132.0,42.0,55.2264,49.7261,-66.9131,,2,0.5,425.68,161.27,56.92,458.74
2026-09-01 23:49:31.400,100.0,132.0,42.0,55.2264,49.7261,-66.9131,,3,0.75,425.69,161.29,56.91,458.76
2026-09-01 23:49:31.655,100.0,132.0,42.0,55.2264,49.7261,-66.9131,,4,1.0,425.69,161.29,56.91,458.76
2026-09-01 23:49:31.910,100.0,132.0,42.0,55.2264,49.7261,-66.9131,,5,1.25,425.64,161.28,56.89,458.71
2026-09-01 23:49:38.654,100.0,132.0,36.0,60.1217,43.681,-66.9131,,1,0.25,425.95,161.74,56.86,459.15
2026-09-01 23:49:38.909,100.0,132.0,36.0,60.1217,43.681,-66.9131,,2,0.5,425.95,161.74,56.86,459.15
2026-09-01 23:49:39.148,100.0,132.0,36.0,60.1217,43.681,-66.9131,,3,0.75,425.99,161.7,56.83,459.17
2026-09-01 23:49:41.651,100.0,132.0,36.0,60.1217,43.681,-66.9131,,4,1.0,426.02,161.73,56.85,459.21
2026-09-01 23:49:41.906,100.0,132.0,36.0,60.1217,43.681,-66.9131,,5,1.25,426.02,161.73,56.85,459.21
2026-09-01 23:49:48.777,100.0,132.0,30.0,64.3582,37.1572,-66.9131,,1,0.25,426.64,161.69,56.95,459.79
2026-09-01 23:49:49.032,100.0,132.0,30.0,64.3582,37.1572,-66.9131,,2,0.5,426.64,161.69,56.95,459.79
2026-09-01 23:49:49.287,100.0,132.0,30.0,64.3582,37.1572,-66.9131,,3,0.75,426.67,161.69,56.95,459.81
2026-09-01 23:49:49.526,100.0,132.0,30.0,64.3582,37.1572,-66.9131,,4,1.0,426.67,161.69,56.95,459.81
2026-09-01 23:49:49.781,100.0,132.0,30.0,64.3582,37.1572,-66.9131,,5,1.25,426.67,161.69,56.95,459.81
2026-09-01 23:49:56.652,100.0,132.0,24.0,67.8897,30.2264,-66.9131,,1,0.25,426.88,162.15,56.97,460.17
2026-09-01 23:49:56.908,100.0,132.0,24.0,67.8897,30.2264,-66.9131,,2,0.5,426.88,162.15,56.97,460.17
2026-09-01 23:49:57.163,100.0,132.0,24.0,67.8897,30.2264,-66.9131,,3,0.75,426.86,162.12,56.97,460.14
2026-09-01 23:49:57.402,100.0,132.0,24.0,67.8897,30.2264,-66.9131,,4,1.0,426.86,162.12,56.97,460.14
2026-09-01 23:49:57.657,100.0,132.0,24.0,67.8897,30.2264,-66.9131,,5,1.25,426.89,162.12,56.96,460.17
2026-09-01 23:50:04.528,100.0,132.0,18.0,70.6773,22.9644,-66.9131,,1,0.25,427.09,162.52,56.97,460.5
2026-09-01 23:50:04.783,100.0,132.0,18.0,70.6773,22.9644,-66.9131,,2,0.5,427.11,162.53,56.97,460.52
2026-09-01 23:50:05.022,100.0,132.0,18.0,70.6773,22.9644,-66.9131,,3,0.75,427.11,162.53,56.97,460.52
2026-09-01 23:50:05.277,100.0,132.0,18.0,70.6773,22.9644,-66.9131,,4,1.0,427.11,162.53,56.97,460.52
2026-09-01 23:50:05.532,100.0,132.0,18.0,70.6773,22.9644,-66.9131,,5,1.25,427.09,162.54,56.95,460.5
2026-09-01 23:50:12.403,100.0,132.0,12.0,72.6905,15.4508,-66.9131,,1,0.25,427.22,163.13,56.92,460.83
2026-09-01 23:50:12.658,100.0,132.0,12.0,72.6905,15.4508,-66.9131,,2,0.5,427.26,163.15,56.94,460.88
2026-09-01 23:50:12.898,100.0,132.0,12.0,72.6905,15.4508,-66.9131,,3,0.75,427.16,163.14,56.93,460.78
2026-09-01 23:50:15.400,100.0,132.0,12.0,72.6905,15.4508,-66.9131,,4,1.0,427.16,163.14,56.93,460.78
2026-09-01 23:50:15.656,100.0,132.0,12.0,72.6905,15.4508,-66.9131,,5,1.25,427.19,163.16,56.92,460.81
2026-09-01 23:50:22.527,100.0,132.0,6.0,73.9074,7.768,-66.9131,,1,0.25,427.29,163.64,56.89,461.07
2026-09-01 23:50:22.782,100.0,132.0,6.0,73.9074,7.768,-66.9131,,2,0.5,427.29,163.64,56.89,461.07
2026-09-01 23:50:23.037,100.0,132.0,6.0,73.9074,7.768,-66.9131,,3,0.75,427.3,163.64,56.89,461.08
2026-09-01 23:50:23.276,100.0,132.0,6.0,73.9074,7.768,-66.9131,,4,1.0,427.3,163.64,56.89,461.08
2026-09-01 23:50:23.531,100.0,132.0,6.0,73.9074,7.768,-66.9131,,5,1.25,427.31,163.65,56.89,461.09
2026-09-01 23:50:30.402,100.0,132.0,0.0,74.3145,0.0,-66.9131,,1,0.25,427.21,164.02,56.83,461.12
2026-09-01 23:50:30.657,100.0,132.0,0.0,74.3145,0.0,-66.9131,,2,0.5,427.22,164.03,56.84,461.14
2026-09-01 23:50:30.912,100.0,132.0,0.0,74.3145,0.0,-66.9131,,3,0.75,427.22,164.03,56.84,461.14
2026-09-01 23:50:31.151,100.0,132.0,0.0,74.3145,0.0,-66.9131,,4,1.0,427.25,164.03,56.83,461.17
2026-09-01 23:50:31.406,100.0,132.0,0.0,74.3145,0.0,-66.9131,,5,1.25,427.25,164.03,56.83,461.17
2026-09-01 23:50:38.405,100.0,138.0,0.0,66.9131,0.0,-74.3145,,1,0.25,426.88,164.09,56.6,460.82
2026-09-01 23:50:38.660,100.0,138.0,0.0,66.9131,0.0,-74.3145,,2,0.5,426.88,164.09,56.6,460.82
2026-09-01 23:50:38.899,100.0,138.0,0.0,66.9131,0.0,-74.3145,,3,0.75,426.82,164.05,56.6,460.75
2026-09-01 23:50:39.154,100.0,138.0,0.0,66.9131,0.0,-74.3145,,4,1.0,426.82,164.05,56.6,460.75
2026-09-01 23:50:39.409,100.0,138.0,0.0,66.9131,0.0,-74.3145,,5,1.25,426.78,164.07,56.6,460.72
2026-09-01 23:50:46.153,100.0,138.0,6.0,66.5465,6.9943,-74.3145,,1,0.25,426.91,163.63,56.63,460.68
2026-09-01 23:50:46.408,100.0,138.0,6.0,66.5465,6.9943,-74.3145,,2,0.5,426.91,163.63,56.63,460.68
2026-09-01 23:50:46.647,100.0,138.0,6.0,66.5465,6.9943,-74.3145,,3,0.75,426.87,163.62,56.63,460.64
2026-09-01 23:50:49.150,100.0,138.0,6.0,66.5465,6.9943,-74.3145,,4,1.0,426.87,163.62,56.63,460.64
2026-09-01 23:50:49.405,100.0,138.0,6.0,66.5465,6.9943,-74.3145,,5,1.25,426.88,163.61,56.63,460.65
2026-09-01 23:50:56.149,100.0,138.0,12.0,65.4508,13.912,-74.3145,,1,0.25,426.86,163.09,56.7,460.45
2026-09-01 23:50:56.404,100.0,138.0,12.0,65.4508,13.912,-74.3145,,2,0.5,426.87,163.1,56.69,460.47
2026-09-01 23:50:56.659,100.0,138.0,12.0,65.4508,13.912,-74.3145,,3,0.75,426.87,163.1,56.69,460.47
2026-09-01 23:50:56.898,100.0,138.0,12.0,65.4508,13.912,-74.3145,,4,1.0,426.87,163.1,56.69,460.47
2026-09-01 23:50:57.153,100.0,138.0,12.0,65.4508,13.912,-74.3145,,5,1.25,426.86,163.1,56.69,460.46
2026-09-01 23:51:03.897,100.0,138.0,18.0,63.6381,20.6773,-74.3145,,1,0.25,426.77,162.79,56.68,460.26
2026-09-01 23:51:06.400,100.0,138.0,18.0,63.6381,20.6773,-74.3145,,2,0.5,426.75,162.78,56.69,460.24
2026-09-01 23:51:06.655,100.0,138.0,18.0,63.6381,20.6773,-74.3145,,3,0.75,426.75,162.78,56.69,460.24
2026-09-01 23:51:06.910,100.0,138.0,18.0,63.6381,20.6773,-74.3145,,4,1.0,426.8,162.77,56.67,460.28
2026-09-01 23:51:07.149,100.0,138.0,18.0,63.6381,20.6773,-74.3145,,5,1.25,426.8,162.77,56.67,460.28
2026-09-01 23:51:13.908,100.0,138.0,24.0,61.1281,27.216,-74.3145,,1,0.25,426.59,162.31,56.76,459.94
2026-09-01 23:51:14.147,100.0,138.0,24.0,61.1281,27.216,-74.3145,,2,0.5,426.62,162.32,56.75,459.97
2026-09-01 23:51:16.650,100.0,138.0,24.0,61.1281,27.216,-74.3145,,3,0.75,426.65,162.31,56.76,459.99
2026-09-01 23:51:16.905,100.0,138.0,24.0,61.1281,27.216,-74.3145,,4,1.0,426.65,162.31,56.76,459.99
2026-09-01 23:51:17.161,100.0,138.0,24.0,61.1281,27.216,-74.3145,,5,1.25,426.64,162.32,56.74,459.98
2026-09-01 23:51:23.904,100.0,138.0,30.0,57.9484,33.4565,-74.3145,,1,0.25,426.28,162.16,56.73,459.59
2026-09-01 23:51:24.159,100.0,138.0,30.0,57.9484,33.4565,-74.3145,,2,0.5,426.28,162.16,56.73,459.59
2026-09-01 23:51:24.398,100.0,138.0,30.0,57.9484,33.4565,-74.3145,,3,0.75,426.3,162.15,56.76,459.61
2026-09-01 23:51:24.653,100.0,138.0,30.0,57.9484,33.4565,-74.3145,,4,1.0,426.3,162.15,56.76,459.61
2026-09-01 23:51:24.908,100.0,138.0,30.0,57.9484,33.4565,-74.3145,,5,1.25,426.24,162.12,56.74,459.54
2026-09-01 23:51:31.652,100.0,138.0,36.0,54.1338,39.3305,-74.3145,,1,0.25,425.86,161.96,56.68,459.13
2026-09-01 23:51:31.907,100.0,138.0,36.0,54.1338,39.3305,-74.3145,,2,0.5,425.86,161.96,56.68,459.13
2026-09-01 23:51:32.162,100.0,138.0,36.0,54.1338,39.3305,-74.3145,,3,0.75,425.93,161.95,56.69,459.19
2026-09-01 23:51:32.401,100.0,138.0,36.0,54.1338,39.3305,-74.3145,,4,1.0,425.93,161.95,56.69,459.19
2026-09-01 23:51:32.656,100.0,138.0,36.0,54.1338,39.3305,-74.3145,,5,1.25,425.94,161.95,56.69,459.2
2026-09-01 23:51:39.400,100.0,138.0,42.0,49.7261,44.7736,-74.3145,,1,0.25,425.51,161.8,56.69,458.75
2026-09-01 23:51:39.655,100.0,138.0,42.0,49.7261,44.7736,-74.3145,,2,0.5,425.51,161.8,56.69,458.75
2026-09-01 23:51:39.910,100.0,138.0,42.0,49.7261,44.7736,-74.3145,,3,0.75,425.5,161.81,56.68,458.74
2026-09-01 23:51:40.149,100.0,138.0,42.0,49.7261,44.7736,-74.3145,,4,1.0,425.5,161.81,56.68,458.74
2026-09-01 23:51:40.404,100.0,138.0,42.0,49.7261,44.7736,-74.3145,,5,1.25,425.54,161.83,56.69,458.78
2026-09-01 23:51:47.148,100.0,138.0,48.0,44.7736,49.7261,-74.3145,,1,0.25,425.1,161.66,56.7,458.32
2026-09-01 23:51:47.403,100.0,138.0,48.0,44.7736,49.7261,-74.3145,,2,0.5,425.1,161.66,56.7,458.32
2026-09-01 23:51:47.658,100.0,138.0,48.0,44.7736,49.7261,-74.3145,,3,0.75,425.1,161.68,56.71,458.33
2026-09-01 23:51:47.897,100.0,138.0,48.0,44.7736,49.7261,-74.3145,,4,1.0,425.15,161.7,56.71,458.38
2026-09-01 23:51:50.400,100.0,138.0,48.0,44.7736,49.7261,-74.3145,,5,1.25,425.15,161.7,56.71,458.38
2026-09-01 23:51:57.160,100.0,138.0,54.0,39.3305,54.1338,-74.3145,,1,0.25,424.64,161.78,56.68,457.93
2026-09-01 23:51:57.399,100.0,138.0,54.0,39.3305,54.1338,-74.3145,,2,0.5,424.64,161.76,56.69,457.92
2026-09-01 23:51:57.654,100.0,138.0,54.0,39.3305,54.1338,-74.3145,,3,0.75,424.64,161.76,56.69,457.92
2026-09-01 23:51:57.909,100.0,138.0,54.0,39.3305,54.1338,-74.3145,,4,1.0,424.67,161.76,56.7,457.95
2026-09-01 23:51:58.148,100.0,138.0,54.0,39.3305,54.1338,-74.3145,,5,1.25,424.67,161.76,56.7,457.95
2026-09-01 23:52:04.908,100.0,138.0,60.0,33.4565,57.9484,-74.3145,,1,0.25,424.26,161.94,56.66,457.63
2026-09-01 23:52:05.147,100.0,138.0,60.0,33.4565,57.9484,-74.3145,,2,0.5,424.16,161.92,56.67,457.53
2026-09-01 23:52:07.650,100.0,138.0,60.0,33.4565,57.9484,-74.3145,,3,0.75,424.16,161.92,56.67,457.53
2026-09-01 23:52:07.905,100.0,138.0,60.0,33.4565,57.9484,-74.3145,,4,1.0,424.18,161.92,56.67,457.55
2026-09-01 23:52:08.160,100.0,138.0,60.0,33.4565,57.9484,-74.3145,,5,1.25,424.18,161.92,56.67,457.55
2026-09-01 23:52:14.903,100.0,138.0,66.0,27.216,61.1281,-74.3145,,1,0.25,423.74,162.16,56.54,457.21
2026-09-01 23:52:15.158,100.0,138.0,66.0,27.216,61.1281,-74.3145,,2,0.5,423.74,162.16,56.54,457.21
2026-09-01 23:52:15.398,100.0,138.0,66.0,27.216,61.1281,-74.3145,,3,0.75,423.74,162.16,56.54,457.21
2026-09-01 23:52:15.653,100.0,138.0,66.0,27.216,61.1281,-74.3145,,4,1.0,423.77,162.15,56.55,457.24
2026-09-01 23:52:15.908,100.0,138.0,66.0,27.216,61.1281,-74.3145,,5,1.25,423.77,162.15,56.55,457.24
2026-09-01 23:52:22.651,100.0,138.0,72.0,20.6773,63.6381,-74.3145,,1,0.25,423.38,162.56,56.44,457.01
2026-09-01 23:52:22.906,100.0,138.0,72.0,20.6773,63.6381,-74.3145,,2,0.5,423.38,162.56,56.44,457.01
2026-09-01 23:52:23.161,100.0,138.0,72.0,20.6773,63.6381,-74.3145,,3,0.75,423.38,162.56,56.44,457.01
2026-09-01 23:52:23.401,100.0,138.0,72.0,20.6773,63.6381,-74.3145,,4,1.0,423.38,162.56,56.43,457.01
2026-09-01 23:52:23.656,100.0,138.0,72.0,20.6773,63.6381,-74.3145,,5,1.25,423.38,162.56,56.43,457.01
2026-09-01 23:52:30.399,100.0,138.0,78.0,13.912,65.4508,-74.3145,,1,0.25,423.0,162.88,56.43,456.77
2026-09-01 23:52:30.654,100.0,138.0,78.0,13.912,65.4508,-74.3145,,2,0.5,423.0,162.88,56.43,456.77
2026-09-01 23:52:30.909,100.0,138.0,78.0,13.912,65.4508,-74.3145,,3,0.75,423.0,162.88,56.43,456.77
2026-09-01 23:52:31.149,100.0,138.0,78.0,13.912,65.4508,-74.3145,,4,1.0,423.04,162.87,56.42,456.8
2026-09-01 23:52:31.404,100.0,138.0,78.0,13.912,65.4508,-74.3145,,5,1.25,423.04,162.87,56.42,456.8
2026-09-01 23:52:38.147,100.0,138.0,84.0,6.9943,66.5465,-74.3145,,1,0.25,422.67,163.33,56.37,456.62
2026-09-01 23:52:38.402,100.0,138.0,84.0,6.9943,66.5465,-74.3145,,2,0.5,422.67,163.33,56.37,456.62
2026-09-01 23:52:38.657,100.0,138.0,84.0,6.9943,66.5465,-74.3145,,3,0.75,422.67,163.33,56.37,456.62
2026-09-01 23:52:38.896,100.0,138.0,84.0,6.9943,66.5465,-74.3145,,4,1.0,422.66,163.32,56.37,456.6
2026-09-01 23:52:41.399,100.0,138.0,84.0,6.9943,66.5465,-74.3145,,5,1.25,422.64,163.32,56.38,456.59
2026-09-01 23:52:48.159,100.0,138.0,90.0,0.0,66.9131,-74.3145,,1,0.25,422.54,163.79,56.32,456.66
2026-09-01 23:52:48.398,100.0,138.0,90.0,0.0,66.9131,-74.3145,,2,0.5,422.54,163.79,56.32,456.66
2026-09-01 23:52:48.653,100.0,138.0,90.0,0.0,66.9131,-74.3145,,3,0.75,422.55,163.81,56.33,456.67
2026-09-01 23:52:48.908,100.0,138.0,90.0,0.0,66.9131,-74.3145,,4,1.0,422.55,163.81,56.33,456.67
2026-09-01 23:52:49.147,100.0,138.0,90.0,0.0,66.9131,-74.3145,,5,1.25,422.55,163.79,56.33,456.67
2026-09-01 23:52:55.907,100.0,138.0,96.0,-6.9943,66.5465,-74.3145,,1,0.25,422.37,164.42,56.29,456.72
2026-09-01 23:52:56.146,100.0,138.0,96.0,-6.9943,66.5465,-74.3145,,2,0.5,422.31,164.41,56.29,456.66
2026-09-01 23:52:58.649,100.0,138.0,96.0,-6.9943,66.5465,-74.3145,,3,0.75,422.31,164.41,56.29,456.66
2026-09-01 23:52:58.904,100.0,138.0,96.0,-6.9943,66.5465,-74.3145,,4,1.0,422.32,164.42,56.29,456.68
2026-09-01 23:52:59.159,100.0,138.0,96.0,-6.9943,66.5465,-74.3145,,5,1.25,422.32,164.42,56.29,456.68
2026-09-01 23:53:05.903,100.0,138.0,102.0,-13.912,65.4508,-74.3145,,1,0.25,422.21,165.03,56.28,456.79
2026-09-01 23:53:06.158,100.0,138.0,102.0,-13.912,65.4508,-74.3145,,2,0.5,422.25,165.0,56.28,456.82
2026-09-01 23:53:06.397,100.0,138.0,102.0,-13.912,65.4508,-74.3145,,3,0.75,422.23,165.02,56.27,456.81
2026-09-01 23:53:08.900,100.0,138.0,102.0,-13.912,65.4508,-74.3145,,4,1.0,422.23,165.02,56.27,456.81
2026-09-01 23:53:09.155,100.0,138.0,102.0,-13.912,65.4508,-74.3145,,5,1.25,422.23,165.03,56.28,456.81
2026-09-01 23:53:15.898,100.0,138.0,108.0,-20.6773,63.6381,-74.3145,,1,0.25,422.33,165.69,56.2,457.13
2026-09-01 23:53:16.153,100.0,138.0,108.0,-20.6773,63.6381,-74.3145,,2,0.5,422.33,165.69,56.2,457.13
2026-09-01 23:53:16.408,100.0,138.0,108.0,-20.6773,63.6381,-74.3145,,3,0.75,422.28,165.69,56.2,457.09
2026-09-01 23:53:16.648,100.0,138.0,108.0,-20.6773,63.6381,-74.3145,,4,1.0,422.28,165.69,56.2,457.09
2026-09-01 23:53:16.903,100.0,138.0,108.0,-20.6773,63.6381,-74.3145,,5,1.25,422.3,165.7,56.19,457.11
2026-09-01 23:53:23.646,100.0,138.0,114.0,-27.216,61.1281,-74.3145,,1,0.25,422.59,165.83,56.28,457.43
2026-09-01 23:53:26.149,100.0,138.0,114.0,-27.216,61.1281,-74.3145,,2,0.5,422.65,165.82,56.28,457.48
2026-09-01 23:53:26.404,100.0,138.0,114.0,-27.216,61.1281,-74.3145,,3,0.75,422.65,165.82,56.28,457.48
2026-09-01 23:53:26.659,100.0,138.0,114.0,-27.216,61.1281,-74.3145,,4,1.0,422.65,165.82,56.28,457.48
2026-09-01 23:53:26.898,100.0,138.0,114.0,-27.216,61.1281,-74.3145,,5,1.25,422.59,165.81,56.28,457.43
2026-09-01 23:53:33.658,100.0,138.0,120.0,-33.4565,57.9484,-74.3145,,1,0.25,422.73,166.36,56.35,457.76
2026-09-01 23:53:33.897,100.0,138.0,120.0,-33.4565,57.9484,-74.3145,,2,0.5,422.73,166.36,56.35,457.76
2026-09-01 23:53:34.152,100.0,138.0,120.0,-33.4565,57.9484,-74.3145,,3,0.75,422.73,166.36,56.35,457.76
2026-09-01 23:53:34.407,100.0,138.0,120.0,-33.4565,57.9484,-74.3145,,4,1.0,422.73,166.36,56.35,457.76
2026-09-01 23:53:34.646,100.0,138.0,120.0,-33.4565,57.9484,-74.3145,,5,1.25,422.69,166.34,56.35,457.72
2026-09-01 23:53:43.654,100.0,138.0,126.0,-39.3305,54.1338,-74.3145,,1,0.25,423.09,166.59,56.5,458.2
2026-09-01 23:53:43.909,100.0,138.0,126.0,-39.3305,54.1338,-74.3145,,2,0.5,423.12,166.61,56.5,458.23
2026-09-01 23:53:44.148,100.0,138.0,126.0,-39.3305,54.1338,-74.3145,,3,0.75,423.12,166.61,56.5,458.23
2026-09-01 23:53:44.403,100.0,138.0,126.0,-39.3305,54.1338,-74.3145,,4,1.0,423.01,166.61,56.52,458.13
2026-09-01 23:53:44.658,100.0,138.0,126.0,-39.3305,54.1338,-74.3145,,5,1.25,423.01,166.61,56.52,458.13
2026-09-01 23:53:51.402,100.0,138.0,132.0,-44.7736,49.7261,-74.3145,,1,0.25,423.43,166.75,56.57,458.58
2026-09-01 23:53:51.657,100.0,138.0,132.0,-44.7736,49.7261,-74.3145,,2,0.5,423.48,166.76,56.58,458.63
2026-09-01 23:53:51.896,100.0,138.0,132.0,-44.7736,49.7261,-74.3145,,3,0.75,423.52,166.75,56.58,458.66
2026-09-01 23:53:54.399,100.0,138.0,132.0,-44.7736,49.7261,-74.3145,,4,1.0,423.52,166.75,56.58,458.66
2026-09-01 23:53:54.654,100.0,138.0,132.0,-44.7736,49.7261,-74.3145,,5,1.25,423.61,166.75,56.58,458.75
2026-09-01 23:54:01.398,100.0,138.0,138.0,-49.7261,44.7736,-74.3145,,1,0.25,423.79,167.04,56.67,459.03
2026-09-01 23:54:01.653,100.0,138.0,138.0,-49.7261,44.7736,-74.3145,,2,0.5,423.79,167.04,56.67,459.03
2026-09-01 23:54:01.908,100.0,138.0,138.0,-49.7261,44.7736,-74.3145,,3,0.75,423.83,167.04,56.66,459.06
2026-09-01 23:54:02.147,100.0,138.0,138.0,-49.7261,44.7736,-74.3145,,4,1.0,423.83,167.04,56.66,459.06
2026-09-01 23:54:02.402,100.0,138.0,138.0,-49.7261,44.7736,-74.3145,,5,1.25,423.8,167.05,56.67,459.04
2026-09-01 23:54:09.145,100.0,138.0,144.0,-54.1338,39.3305,-74.3145,,1,0.25,424.17,167.1,56.8,459.42
2026-09-01 23:54:11.648,100.0,138.0,144.0,-54.1338,39.3305,-74.3145,,2,0.5,424.17,167.09,56.8,459.41
2026-09-01 23:54:11.903,100.0,138.0,144.0,-54.1338,39.3305,-74.3145,,3,0.75,424.17,167.09,56.8,459.41
2026-09-01 23:54:12.159,100.0,138.0,144.0,-54.1338,39.3305,-74.3145,,4,1.0,424.15,167.1,56.78,459.4
2026-09-01 23:54:12.398,100.0,138.0,144.0,-54.1338,39.3305,-74.3145,,5,1.25,424.15,167.1,56.78,459.4
2026-09-01 23:54:19.157,100.0,138.0,150.0,-57.9484,33.4565,-74.3145,,1,0.25,424.67,167.11,56.95,459.9
2026-09-01 23:54:19.396,100.0,138.0,150.0,-57.9484,33.4565,-74.3145,,2,0.5,424.63,167.13,56.96,459.87
2026-09-01 23:54:21.899,100.0,138.0,150.0,-57.9484,33.4565,-74.3145,,3,0.75,424.61,167.11,56.96,459.85
2026-09-01 23:54:22.155,100.0,138.0,150.0,-57.9484,33.4565,-74.3145,,4,1.0,424.61,167.11,56.96,459.85
2026-09-01 23:54:22.410,100.0,138.0,150.0,-57.9484,33.4565,-74.3145,,5,1.25,424.61,167.11,56.96,459.85
2026-09-01 23:54:29.153,100.0,138.0,156.0,-61.1281,27.216,-74.3145,,1,0.25,425.0,166.95,57.11,460.17
2026-09-01 23:54:29.408,100.0,138.0,156.0,-61.1281,27.216,-74.3145,,2,0.5,425.0,166.95,57.11,460.17
2026-09-01 23:54:29.647,100.0,138.0,156.0,-61.1281,27.216,-74.3145,,3,0.75,425.04,166.95,57.11,460.2
2026-09-01 23:54:29.902,100.0,138.0,156.0,-61.1281,27.216,-74.3145,,4,1.0,425.04,166.95,57.11,460.2
2026-09-01 23:54:30.158,100.0,138.0,156.0,-61.1281,27.216,-74.3145,,5,1.25,425.04,166.95,57.11,460.2
2026-09-01 23:54:36.901,100.0,138.0,162.0,-63.6381,20.6773,-74.3145,,1,0.25,425.47,166.66,57.24,460.51
2026-09-01 23:54:37.156,100.0,138.0,162.0,-63.6381,20.6773,-74.3145,,2,0.5,425.47,166.66,57.24,460.51
2026-09-01 23:54:37.395,100.0,138.0,162.0,-63.6381,20.6773,-74.3145,,3,0.75,425.49,166.68,57.23,460.54
2026-09-01 23:54:39.898,100.0,138.0,162.0,-63.6381,20.6773,-74.3145,,4,1.0,425.49,166.68,57.23,460.54
2026-09-01 23:54:40.153,100.0,138.0,162.0,-63.6381,20.6773,-74.3145,,5,1.25,425.53,166.67,57.24,460.57
2026-09-01 23:54:46.897,100.0,138.0,168.0,-65.4508,13.912,-74.3145,,1,0.25,425.84,166.34,57.41,460.76
2026-09-01 23:54:47.152,100.0,138.0,168.0,-65.4508,13.912,-74.3145,,2,0.5,425.84,166.34,57.41,460.76
2026-09-01 23:54:47.407,100.0,138.0,168.0,-65.4508,13.912,-74.3145,,3,0.75,425.84,166.36,57.42,460.77
2026-09-01 23:54:47.646,100.0,138.0,168.0,-65.4508,13.912,-74.3145,,4,1.0,425.81,166.32,57.43,460.73
2026-09-01 23:54:50.149,100.0,138.0,168.0,-65.4508,13.912,-74.3145,,5,1.25,425.81,166.32,57.43,460.73
2026-09-01 23:54:56.909,100.0,138.0,174.0,-66.5465,6.9943,-74.3145,,1,0.25,426.2,166.16,57.56,461.05
2026-09-01 23:54:57.148,100.0,138.0,174.0,-66.5465,6.9943,-74.3145,,2,0.5,426.13,166.14,57.55,460.97
2026-09-01 23:54:57.403,100.0,138.0,174.0,-66.5465,6.9943,-74.3145,,3,0.75,426.13,166.14,57.55,460.97
2026-09-01 23:54:57.658,100.0,138.0,174.0,-66.5465,6.9943,-74.3145,,4,1.0,426.12,166.15,57.55,460.97
2026-09-01 23:54:57.897,100.0,138.0,174.0,-66.5465,6.9943,-74.3145,,5,1.25,426.12,166.15,57.55,460.97
2026-09-01 23:55:04.657,100.0,138.0,180.0,-66.9131,0.0,-74.3145,,1,0.25,426.51,165.5,57.66,461.11
2026-09-01 23:55:04.896,100.0,138.0,180.0,-66.9131,0.0,-74.3145,,2,0.5,426.5,165.51,57.65,461.1
2026-09-01 23:55:05.151,100.0,138.0,180.0,-66.9131,0.0,-74.3145,,3,0.75,426.5,165.51,57.65,461.1
2026-09-01 23:55:05.406,100.0,138.0,180.0,-66.9131,0.0,-74.3145,,4,1.0,426.48,165.5,57.64,461.08
2026-09-01 23:55:05.645,100.0,138.0,180.0,-66.9131,0.0,-74.3145,,5,1.25,426.53,165.51,57.65,461.13
2026-09-01 23:55:14.653,100.0,138.0,186.0,-66.5465,-6.9943,-74.3145,,1,0.25,426.72,165.12,57.74,461.18
2026-09-01 23:55:14.908,100.0,138.0,186.0,-66.5465,-6.9943,-74.3145,,2,0.5,426.72,165.12,57.74,461.18
2026-09-01 23:55:15.147,100.0,138.0,186.0,-66.5465,-6.9943,-74.3145,,3,0.75,426.72,165.12,57.75,461.18
2026-09-01 23:55:15.402,100.0,138.0,186.0,-66.5465,-6.9943,-74.3145,,4,1.0,426.72,165.12,57.75,461.18
2026-09-01 23:55:15.657,100.0,138.0,186.0,-66.5465,-6.9943,-74.3145,,5,1.25,426.72,165.1,57.75,461.17
2026-09-01 23:55:22.401,100.0,138.0,192.0,-65.4508,-13.912,-74.3145,,1,0.25,426.87,164.59,57.81,461.13
2026-09-01 23:55:22.656,100.0,138.0,192.0,-65.4508,-13.912,-74.3145,,2,0.5,426.87,164.59,57.81,461.13
2026-09-01 23:55:22.895,100.0,138.0,192.0,-65.4508,-13.912,-74.3145,,3,0.75,426.91,164.61,57.8,461.18
2026-09-01 23:55:25.398,100.0,138.0,192.0,-65.4508,-13.912,-74.3145,,4,1.0,426.88,164.62,57.83,461.16
2026-09-01 23:55:25.653,100.0,138.0,192.0,-65.4508,-13.912,-74.3145,,5,1.25,426.88,164.62,57.83,461.16
2026-09-01 23:55:32.396,100.0,138.0,198.0,-63.6381,-20.6773,-74.3145,,1,0.25,426.94,164.32,57.83,461.11
2026-09-01 23:55:32.652,100.0,138.0,198.0,-63.6381,-20.6773,-74.3145,,2,0.5,426.92,164.33,57.84,461.09
2026-09-01 23:55:32.907,100.0,138.0,198.0,-63.6381,-20.6773,-74.3145,,3,0.75,426.92,164.33,57.84,461.09
2026-09-01 23:55:33.146,100.0,138.0,198.0,-63.6381,-20.6773,-74.3145,,4,1.0,426.84,164.31,57.83,461.01
2026-09-01 23:55:35.649,100.0,138.0,198.0,-63.6381,-20.6773,-74.3145,,5,1.25,426.84,164.31,57.83,461.01
2026-09-01 23:55:42.408,100.0,138.0,204.0,-61.1281,-27.216,-74.3145,,1,0.25,426.81,163.82,57.85,460.81
2026-09-01 23:55:42.647,100.0,138.0,204.0,-61.1281,-27.216,-74.3145,,2,0.5,426.81,163.81,57.83,460.8
2026-09-01 23:55:42.902,100.0,138.0,204.0,-61.1281,-27.216,-74.3145,,3,0.75,426.81,163.81,57.83,460.8
2026-09-01 23:55:43.157,100.0,138.0,204.0,-61.1281,-27.216,-74.3145,,4,1.0,426.81,163.82,57.83,460.81
2026-09-01 23:55:43.397,100.0,138.0,204.0,-61.1281,-27.216,-74.3145,,5,1.25,426.81,163.82,57.83,460.81
2026-09-01 23:55:50.156,100.0,138.0,210.0,-57.9484,-33.4565,-74.3145,,1,0.25,426.86,163.39,57.81,460.7
2026-09-01 23:55:50.395,100.0,138.0,210.0,-57.9484,-33.4565,-74.3145,,2,0.5,426.82,163.39,57.82,460.66
2026-09-01 23:55:52.898,100.0,138.0,210.0,-57.9484,-33.4565,-74.3145,,3,0.75,426.86,163.38,57.81,460.69
2026-09-01 23:55:53.153,100.0,138.0,210.0,-57.9484,-33.4565,-74.3145,,4,1.0,426.86,163.38,57.81,460.69
2026-09-01 23:55:53.408,100.0,138.0,210.0,-57.9484,-33.4565,-74.3145,,5,1.25,426.86,163.41,57.82,460.71
2026-09-01 23:56:00.152,100.0,138.0,216.0,-54.1338,-39.3305,-74.3145,,1,0.25,426.65,163.11,57.77,460.4
2026-09-01 23:56:00.407,100.0,138.0,216.0,-54.1338,-39.3305,-74.3145,,2,0.5,426.65,163.11,57.77,460.4
2026-09-01 23:56:00.646,100.0,138.0,216.0,-54.1338,-39.3305,-74.3145,,3,0.75,426.6,163.12,57.76,460.36
2026-09-01 23:56:00.901,100.0,138.0,216.0,-54.1338,-39.3305,-74.3145,,4,1.0,426.6,163.12,57.76,460.36
2026-09-01 23:56:01.156,100.0,138.0,216.0,-54.1338,-39.3305,-74.3145,,5,1.25,426.67,163.12,57.78,460.42
2026-09-01 23:56:07.900,100.0,138.0,222.0,-49.7261,-44.7736,-74.3145,,1,0.25,426.4,162.8,57.69,460.05
2026-09-01 23:56:08.155,100.0,138.0,222.0,-49.7261,-44.7736,-74.3145,,2,0.5,426.4,162.8,57.69,460.05
2026-09-01 23:56:08.410,100.0,138.0,222.0,-49.7261,-44.7736,-74.3145,,3,0.75,426.45,162.79,57.7,460.09
2026-09-01 23:56:08.649,100.0,138.0,222.0,-49.7261,-44.7736,-74.3145,,4,1.0,426.45,162.79,57.7,460.09
2026-09-01 23:56:08.904,100.0,138.0,222.0,-49.7261,-44.7736,-74.3145,,5,1.25,426.42,162.81,57.69,460.07
2026-09-01 23:56:15.647,100.0,138.0,228.0,-44.7736,-49.7261,-74.3145,,1,0.25,426.15,162.63,57.58,459.74
2026-09-01 23:56:15.903,100.0,138.0,228.0,-44.7736,-49.7261,-74.3145,,2,0.5,426.15,162.63,57.58,459.74
2026-09-01 23:56:16.158,100.0,138.0,228.0,-44.7736,-49.7261,-74.3145,,3,0.75,426.15,162.63,57.58,459.74
2026-09-01 23:56:16.397,100.0,138.0,228.0,-44.7736,-49.7261,-74.3145,,4,1.0,426.15,162.63,57.58,459.74
2026-09-01 23:56:16.652,100.0,138.0,228.0,-44.7736,-49.7261,-74.3145,,5,1.25,426.16,162.65,57.58,459.76
2026-09-01 23:56:23.395,100.0,138.0,234.0,-39.3305,-54.1338,-74.3145,,1,0.25,425.77,162.75,57.45,459.42
2026-09-01 23:56:25.898,100.0,138.0,234.0,-39.3305,-54.1338,-74.3145,,2,0.5,425.73,162.72,57.45,459.37
2026-09-01 23:56:26.153,100.0,138.0,234.0,-39.3305,-54.1338,-74.3145,,3,0.75,425.73,162.72,57.45,459.37
2026-09-01 23:56:26.408,100.0,138.0,234.0,-39.3305,-54.1338,-74.3145,,4,1.0,425.73,162.73,57.44,459.37
2026-09-01 23:56:26.647,100.0,138.0,234.0,-39.3305,-54.1338,-74.3145,,5,1.25,425.73,162.73,57.44,459.37
2026-09-01 23:56:33.407,100.0,138.0,240.0,-33.4565,-57.9484,-74.3145,,1,0.25,425.44,162.44,57.27,458.98
2026-09-01 23:56:33.646,100.0,138.0,240.0,-33.4565,-57.9484,-74.3145,,2,0.5,425.45,162.44,57.26,458.99
2026-09-01 23:56:33.901,100.0,138.0,240.0,-33.4565,-57.9484,-74.3145,,3,0.75,425.45,162.44,57.26,458.99
2026-09-01 23:56:34.156,100.0,138.0,240.0,-33.4565,-57.9484,-74.3145,,4,1.0,425.49,162.44,57.28,459.03
2026-09-01 23:56:34.396,100.0,138.0,240.0,-33.4565,-57.9484,-74.3145,,5,1.25,425.5,162.46,57.28,459.04
2026-09-01 23:56:43.403,100.0,138.0,246.0,-27.216,-61.1281,-74.3145,,1,0.25,424.97,162.71,57.16,458.62
2026-09-01 23:56:43.658,100.0,138.0,246.0,-27.216,-61.1281,-74.3145,,2,0.5,424.97,162.71,57.16,458.62
2026-09-01 23:56:43.897,100.0,138.0,246.0,-27.216,-61.1281,-74.3145,,3,0.75,425.03,162.7,57.14,458.67
2026-09-01 23:56:44.152,100.0,138.0,246.0,-27.216,-61.1281,-74.3145,,4,1.0,425.03,162.7,57.14,458.67
2026-09-01 23:56:44.407,100.0,138.0,246.0,-27.216,-61.1281,-74.3145,,5,1.25,424.98,162.69,57.14,458.62
2026-09-01 23:56:51.151,100.0,138.0,252.0,-20.6773,-63.6381,-74.3145,,1,0.25,424.65,162.69,56.99,458.3
2026-09-01 23:56:51.406,100.0,138.0,252.0,-20.6773,-63.6381,-74.3145,,2,0.5,424.65,162.69,56.99,458.3
2026-09-01 23:56:51.645,100.0,138.0,252.0,-20.6773,-63.6381,-74.3145,,3,0.75,424.74,162.65,56.99,458.37
2026-09-01 23:56:54.148,100.0,138.0,252.0,-20.6773,-63.6381,-74.3145,,4,1.0,424.74,162.65,56.99,458.37
2026-09-01 23:56:54.403,100.0,138.0,252.0,-20.6773,-63.6381,-74.3145,,5,1.25,424.67,162.64,56.98,458.3
2026-09-01 23:57:01.146,100.0,138.0,258.0,-13.912,-65.4508,-74.3145,,1,0.25,424.43,162.8,56.95,458.13
2026-09-01 23:57:01.401,100.0,138.0,258.0,-13.912,-65.4508,-74.3145,,2,0.5,424.43,162.8,56.95,458.13
2026-09-01 23:57:01.656,100.0,138.0,258.0,-13.912,-65.4508,-74.3145,,3,0.75,424.39,162.82,56.95,458.1
2026-09-01 23:57:01.896,100.0,138.0,258.0,-13.912,-65.4508,-74.3145,,4,1.0,424.39,162.82,56.95,458.1
2026-09-01 23:57:02.151,100.0,138.0,258.0,-13.912,-65.4508,-74.3145,,5,1.25,424.41,162.8,56.94,458.11
2026-09-01 23:57:08.894,100.0,138.0,264.0,-6.9943,-66.5465,-74.3145,,1,0.25,424.19,163.06,56.86,457.99
2026-09-01 23:57:11.397,100.0,138.0,264.0,-6.9943,-66.5465,-74.3145,,2,0.5,424.23,163.05,56.84,458.02
2026-09-01 23:57:11.652,100.0,138.0,264.0,-6.9943,-66.5465,-74.3145,,3,0.75,424.23,163.05,56.84,458.02
2026-09-01 23:57:11.907,100.0,138.0,264.0,-6.9943,-66.5465,-74.3145,,4,1.0,424.2,163.05,56.84,457.99
2026-09-01 23:57:12.146,100.0,138.0,264.0,-6.9943,-66.5465,-74.3145,,5,1.25,424.2,163.05,56.84,457.99
2026-09-01 23:57:18.906,100.0,138.0,270.0,-0.0,-66.9131,-74.3145,,1,0.25,423.9,163.37,56.7,457.81
2026-09-01 23:57:19.145,100.0,138.0,270.0,-0.0,-66.9131,-74.3145,,2,0.5,423.9,163.36,56.71,457.81
2026-09-01 23:57:21.648,100.0,138.0,270.0,-0.0,-66.9131,-74.3145,,3,0.75,423.91,163.34,56.71,457.81
2026-09-01 23:57:21.903,100.0,138.0,270.0,-0.0,-66.9131,-74.3145,,4,1.0,423.91,163.34,56.71,457.81
2026-09-01 23:57:22.158,100.0,138.0,270.0,-0.0,-66.9131,-74.3145,,5,1.25,423.93,163.37,56.7,457.84
2026-09-01 23:57:28.901,100.0,138.0,276.0,6.9943,-66.5465,-74.3145,,1,0.25,423.8,163.69,56.66,457.83
2026-09-01 23:57:29.157,100.0,138.0,276.0,6.9943,-66.5465,-74.3145,,2,0.5,423.8,163.69,56.66,457.83
2026-09-01 23:57:29.396,100.0,138.0,276.0,6.9943,-66.5465,-74.3145,,3,0.75,423.84,163.67,56.65,457.86
2026-09-01 23:57:29.651,100.0,138.0,276.0,6.9943,-66.5465,-74.3145,,4,1.0,423.84,163.67,56.65,457.86
2026-09-01 23:57:29.906,100.0,138.0,276.0,6.9943,-66.5465,-74.3145,,5,1.25,423.84,163.69,56.66,457.87
2026-09-01 23:57:36.649,100.0,138.0,282.0,13.912,-65.4508,-74.3145,,1,0.25,423.7,164.08,56.59,457.87
2026-09-01 23:57:36.904,100.0,138.0,282.0,13.912,-65.4508,-74.3145,,2,0.5,423.7,164.08,56.59,457.87
2026-09-01 23:57:37.144,100.0,138.0,282.0,13.912,-65.4508,-74.3145,,3,0.75,423.67,164.06,56.59,457.83
2026-09-01 23:57:39.647,100.0,138.0,282.0,13.912,-65.4508,-74.3145,,4,1.0,423.66,164.07,56.6,457.83
2026-09-01 23:57:39.902,100.0,138.0,282.0,13.912,-65.4508,-74.3145,,5,1.25,423.66,164.07,56.6,457.83
2026-09-01 23:57:46.645,100.0,138.0,288.0,20.6773,-63.6381,-74.3145,,1,0.25,423.67,164.43,56.47,457.95
2026-09-01 23:57:46.900,100.0,138.0,288.0,20.6773,-63.6381,-74.3145,,2,0.5,423.65,164.44,56.46,457.93
2026-09-01 23:57:47.155,100.0,138.0,288.0,20.6773,-63.6381,-74.3145,,3,0.75,423.65,164.44,56.46,457.93
2026-09-01 23:57:47.395,100.0,138.0,288.0,20.6773,-63.6381,-74.3145,,4,1.0,423.65,164.41,56.46,457.92
2026-09-01 23:57:49.897,100.0,138.0,288.0,20.6773,-63.6381,-74.3145,,5,1.25,423.65,164.41,56.46,457.92
2026-09-01 23:57:56.657,100.0,138.0,294.0,27.216,-61.1281,-74.3145,,1,0.25,423.81,164.76,56.42,458.19
2026-09-01 23:57:56.896,100.0,138.0,294.0,27.216,-61.1281,-74.3145,,2,0.5,423.77,164.74,56.41,458.15
2026-09-01 23:57:57.151,100.0,138.0,294.0,27.216,-61.1281,-74.3145,,3,0.75,423.77,164.74,56.41,458.15
2026-09-01 23:57:57.406,100.0,138.0,294.0,27.216,-61.1281,-74.3145,,4,1.0,423.81,164.74,56.41,458.18
2026-09-01 23:57:57.645,100.0,138.0,294.0,27.216,-61.1281,-74.3145,,5,1.25,423.81,164.74,56.41,458.18
2026-09-01 23:58:04.405,100.0,138.0,300.0,33.4565,-57.9484,-74.3145,,1,0.25,424.06,164.96,56.43,458.5
2026-09-01 23:58:04.644,100.0,138.0,300.0,33.4565,-57.9484,-74.3145,,2,0.5,424.08,164.92,56.43,458.5
2026-09-01 23:58:07.147,100.0,138.0,300.0,33.4565,-57.9484,-74.3145,,3,0.75,423.99,164.94,56.43,458.42
2026-09-01 23:58:07.402,100.0,138.0,300.0,33.4565,-57.9484,-74.3145,,4,1.0,423.99,164.94,56.43,458.42
2026-09-01 23:58:07.657,100.0,138.0,300.0,33.4565,-57.9484,-74.3145,,5,1.25,424.07,164.92,56.45,458.49
2026-09-01 23:58:14.400,100.0,138.0,306.0,39.3305,-54.1338,-74.3145,,1,0.25,424.27,165.3,56.4,458.81
2026-09-01 23:58:14.655,100.0,138.0,306.0,39.3305,-54.1338,-74.3145,,2,0.5,424.27,165.3,56.4,458.81
2026-09-01 23:58:14.895,100.0,138.0,306.0,39.3305,-54.1338,-74.3145,,3,0.75,424.27,165.28,56.39,458.8
2026-09-01 23:58:17.398,100.0,138.0,306.0,39.3305,-54.1338,-74.3145,,4,1.0,424.28,165.28,56.4,458.81
2026-09-01 23:58:17.653,100.0,138.0,306.0,39.3305,-54.1338,-74.3145,,5,1.25,424.28,165.28,56.4,458.81
2026-09-01 23:58:24.396,100.0,138.0,312.0,44.7736,-49.7261,-74.3145,,1,0.25,424.59,165.47,56.37,459.16
2026-09-01 23:58:24.651,100.0,138.0,312.0,44.7736,-49.7261,-74.3145,,2,0.5,424.62,165.46,56.38,459.19
2026-09-01 23:58:24.906,100.0,138.0,312.0,44.7736,-49.7261,-74.3145,,3,0.75,424.62,165.46,56.38,459.19
2026-09-01 23:58:25.145,100.0,138.0,312.0,44.7736,-49.7261,-74.3145,,4,1.0,424.61,165.43,56.37,459.17
2026-09-01 23:58:25.400,100.0,138.0,312.0,44.7736,-49.7261,-74.3145,,5,1.25,424.61,165.43,56.37,459.17
2026-09-01 23:58:32.144,100.0,138.0,318.0,49.7261,-44.7736,-74.3145,,1,0.25,424.93,165.62,56.39,459.53
2026-09-01 23:58:34.647,100.0,138.0,318.0,49.7261,-44.7736,-74.3145,,2,0.5,424.93,165.62,56.39,459.53
2026-09-01 23:58:34.902,100.0,138.0,318.0,49.7261,-44.7736,-74.3145,,3,0.75,424.93,165.58,56.4,459.52
2026-09-01 23:58:35.157,100.0,138.0,318.0,49.7261,-44.7736,-74.3145,,4,1.0,424.93,165.58,56.4,459.52
2026-09-01 23:58:35.396,100.0,138.0,318.0,49.7261,-44.7736,-74.3145,,5,1.25,424.89,165.58,56.39,459.48
2026-09-01 23:58:42.156,100.0,138.0,324.0,54.1338,-39.3305,-74.3145,,1,0.25,425.25,165.61,56.35,459.82
2026-09-01 23:58:42.395,100.0,138.0,324.0,54.1338,-39.3305,-74.3145,,2,0.5,425.25,165.61,56.35,459.82
2026-09-01 23:58:42.650,100.0,138.0,324.0,54.1338,-39.3305,-74.3145,,3,0.75,425.27,165.63,56.34,459.85
2026-09-01 23:58:42.905,100.0,138.0,324.0,54.1338,-39.3305,-74.3145,,4,1.0,425.27,165.63,56.34,459.85
2026-09-01 23:58:43.144,100.0,138.0,324.0,54.1338,-39.3305,-74.3145,,5,1.25,425.27,165.59,56.35,459.83
2026-09-01 23:58:52.151,100.0,138.0,330.0,57.9484,-33.4565,-74.3145,,1,0.25,425.64,165.36,56.41,460.1
2026-09-01 23:58:52.406,100.0,138.0,330.0,57.9484,-33.4565,-74.3145,,2,0.5,425.64,165.36,56.41,460.1
2026-09-01 23:58:52.646,100.0,138.0,330.0,57.9484,-33.4565,-74.3145,,3,0.75,425.7,165.36,56.4,460.15
2026-09-01 23:58:52.901,100.0,138.0,330.0,57.9484,-33.4565,-74.3145,,4,1.0,425.7,165.36,56.4,460.15
2026-09-01 23:58:53.156,100.0,138.0,330.0,57.9484,-33.4565,-74.3145,,5,1.25,425.68,165.36,56.41,460.14
2026-09-01 23:58:59.899,100.0,138.0,336.0,61.1281,-27.216,-74.3145,,1,0.25,425.96,165.29,56.4,460.37
2026-09-01 23:59:00.154,100.0,138.0,336.0,61.1281,-27.216,-74.3145,,2,0.5,425.96,165.29,56.4,460.37
2026-09-01 23:59:00.393,100.0,138.0,336.0,61.1281,-27.216,-74.3145,,3,0.75,425.95,165.27,56.4,460.35
2026-09-01 23:59:02.896,100.0,138.0,336.0,61.1281,-27.216,-74.3145,,4,1.0,425.89,165.27,56.4,460.3
2026-09-01 23:59:03.151,100.0,138.0,336.0,61.1281,-27.216,-74.3145,,5,1.25,425.89,165.27,56.4,460.3
2026-09-01 23:59:09.895,100.0,138.0,342.0,63.6381,-20.6773,-74.3145,,1,0.25,426.16,165.08,56.46,460.49
2026-09-01 23:59:10.150,100.0,138.0,342.0,63.6381,-20.6773,-74.3145,,2,0.5,426.17,165.1,56.47,460.5
2026-09-01 23:59:10.405,100.0,138.0,342.0,63.6381,-20.6773,-74.3145,,3,0.75,426.17,165.1,56.47,460.5
2026-09-01 23:59:10.644,100.0,138.0,342.0,63.6381,-20.6773,-74.3145,,4,1.0,426.17,165.1,56.46,460.5
2026-09-01 23:59:13.147,100.0,138.0,342.0,63.6381,-20.6773,-74.3145,,5,1.25,426.17,165.09,56.47,460.5
2026-09-01 23:59:19.906,100.0,138.0,348.0,65.4508,-13.912,-74.3145,,1,0.25,426.45,164.68,56.55,460.62
2026-09-01 23:59:20.146,100.0,138.0,348.0,65.4508,-13.912,-74.3145,,2,0.5,426.45,164.68,56.55,460.62
2026-09-01 23:59:20.401,100.0,138.0,348.0,65.4508,-13.912,-74.3145,,3,0.75,426.47,164.68,56.54,460.64
2026-09-01 23:59:20.656,100.0,138.0,348.0,65.4508,-13.912,-74.3145,,4,1.0,426.47,164.68,56.54,460.64
2026-09-01 23:59:20.895,100.0,138.0,348.0,65.4508,-13.912,-74.3145,,5,1.25,426.44,164.66,56.54,460.6
2026-09-01 23:59:27.654,100.0,138.0,354.0,66.5465,-6.9943,-74.3145,,1,0.25,426.65,164.32,56.57,460.68
2026-09-01 23:59:27.894,100.0,138.0,354.0,66.5465,-6.9943,-74.3145,,2,0.5,426.65,164.33,56.56,460.68
2026-09-01 23:59:30.397,100.0,138.0,354.0,66.5465,-6.9943,-74.3145,,3,0.75,426.65,164.33,56.56,460.68
2026-09-01 23:59:30.652,100.0,138.0,354.0,66.5465,-6.9943,-74.3145,,4,1.0,426.67,164.32,56.56,460.7
2026-09-01 23:59:30.907,100.0,138.0,354.0,66.5465,-6.9943,-74.3145,,5,1.25,426.67,164.32,56.56,460.7
2026-09-01 23:59:37.905,100.0,144.0,354.0,58.4565,-6.144,-80.9017,,1,0.25,426.39,164.54,56.58,460.52
2026-09-01 23:59:38.144,100.0,144.0,354.0,58.4565,-6.144,-80.9017,,2,0.5,426.39,164.54,56.58,460.52
2026-09-01 23:59:38.400,100.0,144.0,354.0,58.4565,-6.144,-80.9017,,3,0.75,426.39,164.52,56.59,460.51
2026-09-01 23:59:38.655,100.0,144.0,354.0,58.4565,-6.144,-80.9017,,4,1.0,426.39,164.52,56.59,460.51
2026-09-01 23:59:38.894,100.0,144.0,354.0,58.4565,-6.144,-80.9017,,5,1.25,426.38,164.52,56.58,460.5
2026-09-01 23:59:47.901,100.0,144.0,348.0,57.4941,-12.2207,-80.9017,,1,0.25,426.32,164.62,56.51,460.48
2026-09-01 23:59:48.156,100.0,144.0,348.0,57.4941,-12.2207,-80.9017,,2,0.5,426.32,164.62,56.51,460.48
2026-09-01 23:59:48.395,100.0,144.0,348.0,57.4941,-12.2207,-80.9017,,3,0.75,426.34,164.62,56.5,460.49
2026-09-01 23:59:48.650,100.0,144.0,348.0,57.4941,-12.2207,-80.9017,,4,1.0,426.34,164.62,56.5,460.49
2026-09-01 23:59:48.905,100.0,144.0,348.0,57.4941,-12.2207,-80.9017,,5,1.25,426.39,164.61,56.51,460.54
2026-09-01 23:59:55.649,100.0,144.0,342.0,55.9017,-18.1636,-80.9017,,1,0.25,426.04,164.96,56.53,460.34
2026-09-01 23:59:55.904,100.0,144.0,342.0,55.9017,-18.1636,-80.9017,,2,0.5,426.04,164.96,56.53,460.34
2026-09-01 23:59:56.143,100.0,144.0,342.0,55.9017,-18.1636,-80.9017,,3,0.75,426.08,164.96,56.53,460.38
2026-09-01 23:59:58.646,100.0,144.0,342.0,55.9017,-18.1636,-80.9017,,4,1.0,426.08,164.94,56.52,460.37
2026-09-01 23:59:58.901,100.0,144.0,342.0,55.9017,-18.1636,-80.9017,,5,1.25,426.08,164.94,56.52,460.37
2026-09-02 00:00:05.645,100.0,144.0,336.0,53.6969,-23.9074,-80.9017,,1,0.25,425.91,164.99,56.52,460.23
2026-09-02 00:00:05.900,100.0,144.0,336.0,53.6969,-23.9074,-80.9017,,2,0.5,425.95,165.0,56.51,460.27
2026-09-02 00:00:06.155,100.0,144.0,336.0,53.6969,-23.9074,-80.9017,,3,0.75,425.95,165.0,56.51,460.27
2026-09-02 00:00:06.394,100.0,144.0,336.0,53.6969,-23.9074,-80.9017,,4,1.0,425.96,164.97,56.52,460.27
2026-09-02 00:00:08.897,100.0,144.0,336.0,53.6969,-23.9074,-80.9017,,5,1.25,425.93,164.96,56.5,460.23
2026-09-02 00:00:15.656,100.0,144.0,330.0,50.9037,-29.3893,-80.9017,,1,0.25,425.72,164.98,56.55,460.05
2026-09-02 00:00:15.895,100.0,144.0,330.0,50.9037,-29.3893,-80.9017,,2,0.5,425.72,164.98,56.55,460.05
2026-09-02 00:00:16.151,100.0,144.0,330.0,50.9037,-29.3893,-80.9017,,3,0.75,425.67,165.0,56.55,460.01
2026-09-02 00:00:16.406,100.0,144.0,330.0,50.9037,-29.3893,-80.9017,,4,1.0,425.67,165.0,56.55,460.01
2026-09-02 00:00:16.645,100.0,144.0,330.0,50.9037,-29.3893,-80.9017,,5,1.25,425.69,165.01,56.55,460.04
2026-09-02 00:00:23.404,100.0,144.0,324.0,47.5528,-34.5492,-80.9017,,1,0.25,425.38,165.12,56.52,459.79
2026-09-02 00:00:23.643,100.0,144.0,324.0,47.5528,-34.5492,-80.9017,,2,0.5,425.4,165.17,56.51,459.82
2026-09-02 00:00:26.146,100.0,144.0,324.0,47.5528,-34.5492,-80.9017,,3,0.75,425.4,165.17,56.51,459.82
2026-09-02 00:00:26.401,100.0,144.0,324.0,47.5528,-34.5492,-80.9017,,4,1.0,425.4,165.17,56.51,459.82
2026-09-02 00:00:26.656,100.0,144.0,324.0,47.5528,-34.5492,-80.9017,,5,1.25,425.39,165.16,56.52,459.81
2026-09-02 00:00:33.400,100.0,144.0,318.0,43.681,-39.3305,-80.9017,,1,0.25,425.17,165.2,56.47,459.61
2026-09-02 00:00:33.655,100.0,144.0,318.0,43.681,-39.3305,-80.9017,,2,0.5,425.2,165.19,56.48,459.64
2026-09-02 00:00:33.894,100.0,144.0,318.0,43.681,-39.3305,-80.9017,,3,0.75,425.2,165.19,56.48,459.64
2026-09-02 00:00:34.149,100.0,144.0,318.0,43.681,-39.3305,-80.9017,,4,1.0,425.2,165.19,56.48,459.64
2026-09-02 00:00:34.404,100.0,144.0,318.0,43.681,-39.3305,-80.9017,,5,1.25,425.18,165.2,56.49,459.63
2026-09-02 00:00:41.020,100.0,144.0,312.0,39.3305,-43.681,-80.9017,,1,0.25,424.83,165.14,56.48,459.28
2026-09-02 00:00:41.275,100.0,144.0,312.0,39.3305,-43.681,-80.9017,,2,0.5,424.83,165.14,56.48,459.28
2026-09-02 00:00:41.530,100.0,144.0,312.0,39.3305,-43.681,-80.9017,,3,0.75,424.86,165.15,56.47,459.31
2026-09-02 00:00:41.769,100.0,144.0,312.0,39.3305,-43.681,-80.9017,,4,1.0,424.86,165.15,56.47,459.31
2026-09-02 00:00:42.025,100.0,144.0,312.0,39.3305,-43.681,-80.9017,,5,1.25,424.85,165.14,56.48,459.3
2026-09-02 00:00:48.768,100.0,144.0,306.0,34.5492,-47.5528,-80.9017,,1,0.25,424.47,165.25,56.49,458.99
2026-09-02 00:00:49.023,100.0,144.0,306.0,34.5492,-47.5528,-80.9017,,2,0.5,424.47,165.25,56.49,458.99
2026-09-02 00:00:49.278,100.0,144.0,306.0,34.5492,-47.5528,-80.9017,,3,0.75,424.5,165.25,56.47,459.01
2026-09-02 00:00:49.517,100.0,144.0,306.0,34.5492,-47.5528,-80.9017,,4,1.0,424.5,165.25,56.47,459.01
2026-09-02 00:00:49.772,100.0,144.0,306.0,34.5492,-47.5528,-80.9017,,5,1.25,424.48,165.23,56.48,458.99
2026-09-02 00:00:56.532,100.0,144.0,300.0,29.3893,-50.9037,-80.9017,,1,0.25,424.34,164.89,56.57,458.75
2026-09-02 00:00:56.771,100.0,144.0,300.0,29.3893,-50.9037,-80.9017,,2,0.5,424.34,164.89,56.57,458.75
2026-09-02 00:00:57.026,100.0,144.0,300.0,29.3893,-50.9037,-80.9017,,3,0.75,424.31,164.9,56.58,458.72
2026-09-02 00:00:57.281,100.0,144.0,300.0,29.3893,-50.9037,-80.9017,,4,1.0,424.31,164.9,56.58,458.72
2026-09-02 00:00:57.520,100.0,144.0,300.0,29.3893,-50.9037,-80.9017,,5,1.25,424.44,164.89,56.57,458.84
2026-09-02 00:01:04.280,100.0,144.0,294.0,23.9074,-53.6969,-80.9017,,1,0.25,424.23,164.58,56.69,458.55
2026-09-02 00:01:04.519,100.0,144.0,294.0,23.9074,-53.6969,-80.9017,,2,0.5,424.23,164.58,56.69,458.55
2026-09-02 00:01:04.774,100.0,144.0,294.0,23.9074,-53.6969,-80.9017,,3,0.75,424.2,164.56,56.68,458.51
2026-09-02 00:01:05.029,100.0,144.0,294.0,23.9074,-53.6969,-80.9017,,4,1.0,424.2,164.56,56.68,458.51
2026-09-02 00:01:05.268,100.0,144.0,294.0,23.9074,-53.6969,-80.9017,,5,1.25,424.22,164.55,56.68,458.53
2026-09-02 00:01:12.028,100.0,144.0,288.0,18.1636,-55.9017,-80.9017,,1,0.25,424.15,164.22,56.67,458.34
2026-09-02 00:01:12.283,100.0,144.0,288.0,18.1636,-55.9017,-80.9017,,2,0.5,424.15,164.22,56.67,458.34
2026-09-02 00:01:12.522,100.0,144.0,288.0,18.1636,-55.9017,-80.9017,,3,0.75,424.15,164.23,56.68,458.35
2026-09-02 00:01:12.777,100.0,144.0,288.0,18.1636,-55.9017,-80.9017,,4,1.0,424.15,164.23,56.68,458.35
2026-09-02 00:01:13.032,100.0,144.0,288.0,18.1636,-55.9017,-80.9017,,5,1.25,424.1,164.26,56.68,458.31
2026-09-02 00:01:19.776,100.0,144.0,282.0,12.2207,-57.4941,-80.9017,,1,0.25,424.06,164.09,56.79,458.23
2026-09-02 00:01:20.031,100.0,144.0,282.0,12.2207,-57.4941,-80.9017,,2,0.5,424.06,164.09,56.79,458.23
2026-09-02 00:01:20.270,100.0,144.0,282.0,12.2207,-57.4941,-80.9017,,3,0.75,424.05,164.1,56.79,458.22
2026-09-02 00:01:20.525,100.0,144.0,282.0,12.2207,-57.4941,-80.9017,,4,1.0,424.05,164.1,56.79,458.22
2026-09-02 00:01:20.780,100.0,144.0,282.0,12.2207,-57.4941,-80.9017,,5,1.25,424.03,164.1,56.8,458.21
2026-09-02 00:01:27.524,100.0,144.0,276.0,6.144,-58.4565,-80.9017,,1,0.25,424.05,163.95,56.78,458.17
2026-09-02 00:01:27.779,100.0,144.0,276.0,6.144,-58.4565,-80.9017,,2,0.5,424.05,163.95,56.78,458.17
2026-09-02 00:01:28.018,100.0,144.0,276.0,6.144,-58.4565,-80.9017,,3,0.75,424.02,163.97,56.79,458.15
2026-09-02 00:01:28.273,100.0,144.0,276.0,6.144,-58.4565,-80.9017,,4,1.0,424.02,163.97,56.79,458.15
2026-09-02 00:01:28.528,100.0,144.0,276.0,6.144,-58.4565,-80.9017,,5,1.25,424.04,163.95,56.79,458.16
2026-09-02 00:01:35.272,100.0,144.0,270.0,-0.0,-58.7785,-80.9017,,1,0.25,424.06,163.77,56.88,458.12
2026-09-02 00:01:35.527,100.0,144.0,270.0,-0.0,-58.7785,-80.9017,,2,0.5,424.06,163.77,56.88,458.12
2026-09-02 00:01:35.782,100.0,144.0,270.0,-0.0,-58.7785,-80.9017,,3,0.75,424.03,163.78,56.9,458.1
2026-09-02 00:01:36.021,100.0,144.0,270.0,-0.0,-58.7785,-80.9017,,4,1.0,424.03,163.78,56.9,458.1
2026-09-02 00:01:36.276,100.0,144.0,270.0,-0.0,-58.7785,-80.9017,,5,1.25,424.15,163.77,56.89,458.21
2026-09-02 00:01:43.020,100.0,144.0,264.0,-6.144,-58.4565,-80.9017,,1,0.25,424.45,163.3,56.95,458.33
2026-09-02 00:01:43.275,100.0,144.0,264.0,-6.144,-58.4565,-80.9017,,2,0.5,424.45,163.3,56.95,458.33
2026-09-02 00:01:43.530,100.0,144.0,264.0,-6.144,-58.4565,-80.9017,,3,0.75,424.44,163.29,56.95,458.31
2026-09-02 00:01:43.769,100.0,144.0,264.0,-6.144,-58.4565,-80.9017,,4,1.0,424.44,163.29,56.95,458.31
2026-09-02 00:01:44.024,100.0,144.0,264.0,-6.144,-58.4565,-80.9017,,5,1.25,424.41,163.29,56.93,458.28
2026-09-02 00:01:50.768,100.0,144.0,258.0,-12.2207,-57.4941,-80.9017,,1,0.25,424.67,163.15,57.06,458.49
2026-09-02 00:01:51.023,100.0,144.0,258.0,-12.2207,-57.4941,-80.9017,,2,0.5,424.67,163.15,57.06,458.49
2026-09-02 00:01:51.278,100.0,144.0,258.0,-12.2207,-57.4941,-80.9017,,3,0.75,424.65,163.15,57.07,458.47
2026-09-02 00:01:51.517,100.0,144.0,258.0,-12.2207,-57.4941,-80.9017,,4,1.0,424.65,163.15,57.07,458.47
2026-09-02 00:01:51.772,100.0,144.0,258.0,-12.2207,-57.4941,-80.9017,,5,1.25,424.65,163.16,57.04,458.47
2026-09-02 00:01:58.532,100.0,144.0,252.0,-18.1636,-55.9017,-80.9017,,1,0.25,424.82,163.25,57.08,458.67
2026-09-02 00:01:58.771,100.0,144.0,252.0,-18.1636,-55.9017,-80.9017,,2,0.5,424.82,163.25,57.08,458.67
2026-09-02 00:01:59.026,100.0,144.0,252.0,-18.1636,-55.9017,-80.9017,,3,0.75,424.77,163.25,57.07,458.62
2026-09-02 00:01:59.281,100.0,144.0,252.0,-18.1636,-55.9017,-80.9017,,4,1.0,424.77,163.25,57.07,458.62
2026-09-02 00:01:59.520,100.0,144.0,252.0,-18.1636,-55.9017,-80.9017,,5,1.25,424.79,163.26,57.07,458.64
2026-09-02 00:02:06.279,100.0,144.0,246.0,-23.9074,-53.6969,-80.9017,,1,0.25,425.16,163.05,57.21,458.93
2026-09-02 00:02:06.519,100.0,144.0,246.0,-23.9074,-53.6969,-80.9017,,2,0.5,425.16,163.05,57.21,458.93
2026-09-02 00:02:06.774,100.0,144.0,246.0,-23.9074,-53.6969,-80.9017,,3,0.75,425.15,163.03,57.2,458.91
2026-09-02 00:02:07.029,100.0,144.0,246.0,-23.9074,-53.6969,-80.9017,,4,1.0,425.15,163.03,57.2,458.91
2026-09-02 00:02:07.268,100.0,144.0,246.0,-23.9074,-53.6969,-80.9017,,5,1.25,425.16,163.02,57.19,458.91
2026-09-02 00:02:14.027,100.0,144.0,240.0,-29.3893,-50.9037,-80.9017,,1,0.25,425.51,162.89,57.35,459.21
2026-09-02 00:02:14.282,100.0,144.0,240.0,-29.3893,-50.9037,-80.9017,,2,0.5,425.51,162.89,57.35,459.21
2026-09-02 00:02:14.522,100.0,144.0,240.0,-29.3893,-50.9037,-80.9017,,3,0.75,425.51,162.88,57.35,459.21
2026-09-02 00:02:14.777,100.0,144.0,240.0,-29.3893,-50.9037,-80.9017,,4,1.0,425.51,162.88,57.35,459.21
2026-09-02 00:02:15.032,100.0,144.0,240.0,-29.3893,-50.9037,-80.9017,,5,1.25,425.47,162.89,57.35,459.18
2026-09-02 00:02:21.775,100.0,144.0,234.0,-34.5492,-47.5528,-80.9017,,1,0.25,425.75,163.01,57.47,459.49
2026-09-02 00:02:22.030,100.0,144.0,234.0,-34.5492,-47.5528,-80.9017,,2,0.5,425.75,163.01,57.47,459.49
2026-09-02 00:02:22.270,100.0,144.0,234.0,-34.5492,-47.5528,-80.9017,,3,0.75,425.76,163.02,57.48,459.51
2026-09-02 00:02:22.525,100.0,144.0,234.0,-34.5492,-47.5528,-80.9017,,4,1.0,425.76,163.02,57.48,459.51
2026-09-02 00:02:22.780,100.0,144.0,234.0,-34.5492,-47.5528,-80.9017,,5,1.25,425.78,163.02,57.48,459.53
2026-09-02 00:02:29.523,100.0,144.0,228.0,-39.3305,-43.681,-80.9017,,1,0.25,425.98,163.25,57.58,459.8
2026-09-02 00:02:29.778,100.0,144.0,228.0,-39.3305,-43.681,-80.9017,,2,0.5,425.98,163.25,57.58,459.8
2026-09-02 00:02:30.017,100.0,144.0,228.0,-39.3305,-43.681,-80.9017,,3,0.75,426.06,163.26,57.57,459.88
2026-09-02 00:02:30.272,100.0,144.0,228.0,-39.3305,-43.681,-80.9017,,4,1.0,426.06,163.26,57.57,459.88
2026-09-02 00:02:30.528,100.0,144.0,228.0,-39.3305,-43.681,-80.9017,,5,1.25,426.0,163.27,57.57,459.83
2026-09-02 00:02:37.144,100.0,144.0,222.0,-43.681,-39.3305,-80.9017,,1,0.25,426.19,163.44,57.65,460.08
2026-09-02 00:02:37.399,100.0,144.0,222.0,-43.681,-39.3305,-80.9017,,2,0.5,426.19,163.44,57.65,460.08
2026-09-02 00:02:37.654,100.0,144.0,222.0,-43.681,-39.3305,-80.9017,,3,0.75,426.18,163.43,57.65,460.06
2026-09-02 00:02:37.893,100.0,144.0,222.0,-43.681,-39.3305,-80.9017,,4,1.0,426.18,163.43,57.65,460.06
2026-09-02 00:02:38.148,100.0,144.0,222.0,-43.681,-39.3305,-80.9017,,5,1.25,426.16,163.46,57.65,460.05
2026-09-02 00:02:44.891,100.0,144.0,216.0,-47.5528,-34.5492,-80.9017,,1,0.25,426.33,163.57,57.79,460.27
2026-09-02 00:02:47.394,100.0,144.0,216.0,-47.5528,-34.5492,-80.9017,,2,0.5,426.33,163.57,57.79,460.27
2026-09-02 00:02:47.649,100.0,144.0,216.0,-47.5528,-34.5492,-80.9017,,3,0.75,426.33,163.55,57.78,460.26
2026-09-02 00:02:47.905,100.0,144.0,216.0,-47.5528,-34.5492,-80.9017,,4,1.0,426.33,163.55,57.78,460.26
2026-09-02 00:02:48.144,100.0,144.0,216.0,-47.5528,-34.5492,-80.9017,,5,1.25,426.33,163.55,57.77,460.26
2026-09-02 00:02:54.903,100.0,144.0,210.0,-50.9037,-29.3893,-80.9017,,1,0.25,426.44,163.78,57.87,460.46
2026-09-02 00:02:55.142,100.0,144.0,210.0,-50.9037,-29.3893,-80.9017,,2,0.5,426.59,163.77,57.88,460.59
2026-09-02 00:02:57.645,100.0,144.0,210.0,-50.9037,-29.3893,-80.9017,,3,0.75,426.59,163.77,57.88,460.59
2026-09-02 00:02:57.900,100.0,144.0,210.0,-50.9037,-29.3893,-80.9017,,4,1.0,426.58,163.78,57.87,460.59
2026-09-02 00:02:58.155,100.0,144.0,210.0,-50.9037,-29.3893,-80.9017,,5,1.25,426.58,163.78,57.87,460.59
2026-09-02 00:03:04.899,100.0,144.0,204.0,-53.6969,-23.9074,-80.9017,,1,0.25,426.55,164.31,57.86,460.74
2026-09-02 00:03:05.154,100.0,144.0,204.0,-53.6969,-23.9074,-80.9017,,2,0.5,426.54,164.33,57.85,460.74
2026-09-02 00:03:05.393,100.0,144.0,204.0,-53.6969,-23.9074,-80.9017,,3,0.75,426.54,164.33,57.85,460.74
2026-09-02 00:03:05.648,100.0,144.0,204.0,-53.6969,-23.9074,-80.9017,,4,1.0,426.57,164.33,57.84,460.77
2026-09-02 00:03:05.903,100.0,144.0,204.0,-53.6969,-23.9074,-80.9017,,5,1.25,426.57,164.33,57.84,460.77
2026-09-02 00:03:12.647,100.0,144.0,198.0,-55.9017,-18.1636,-80.9017,,1,0.25,426.6,164.45,57.95,460.85
2026-09-02 00:03:12.902,100.0,144.0,198.0,-55.9017,-18.1636,-80.9017,,2,0.5,426.57,164.45,57.94,460.82
2026-09-02 00:03:13.157,100.0,144.0,198.0,-55.9017,-18.1636,-80.9017,,3,0.75,426.57,164.45,57.94,460.82
2026-09-02 00:03:13.396,100.0,144.0,198.0,-55.9017,-18.1636,-80.9017,,4,1.0,426.57,164.45,57.95,460.82
2026-09-02 00:03:13.651,100.0,144.0,198.0,-55.9017,-18.1636,-80.9017,,5,1.25,426.57,164.45,57.95,460.82
2026-09-02 00:03:20.395,100.0,144.0,192.0,-57.4941,-12.2207,-80.9017,,1,0.25,426.48,164.85,57.87,460.87
2026-09-02 00:03:20.650,100.0,144.0,192.0,-57.4941,-12.2207,-80.9017,,2,0.5,426.49,164.84,57.88,460.88
2026-09-02 00:03:20.905,100.0,144.0,192.0,-57.4941,-12.2207,-80.9017,,3,0.75,426.49,164.84,57.88,460.88
2026-09-02 00:03:21.144,100.0,144.0,192.0,-57.4941,-12.2207,-80.9017,,4,1.0,426.55,164.84,57.87,460.94
2026-09-02 00:03:21.399,100.0,144.0,192.0,-57.4941,-12.2207,-80.9017,,5,1.25,426.55,164.84,57.87,460.94
2026-09-02 00:03:28.142,100.0,144.0,186.0,-58.4565,-6.144,-80.9017,,1,0.25,426.46,165.17,57.9,460.97
2026-09-02 00:03:28.397,100.0,144.0,186.0,-58.4565,-6.144,-80.9017,,2,0.5,426.42,165.14,57.88,460.92
2026-09-02 00:03:28.653,100.0,144.0,186.0,-58.4565,-6.144,-80.9017,,3,0.75,426.42,165.14,57.88,460.92
2026-09-02 00:03:28.892,100.0,144.0,186.0,-58.4565,-6.144,-80.9017,,4,1.0,426.4,165.12,57.9,460.9
2026-09-02 00:03:31.395,100.0,144.0,186.0,-58.4565,-6.144,-80.9017,,5,1.25,426.46,165.15,57.9,460.97
2026-09-02 00:03:38.154,100.0,144.0,180.0,-58.7785,0.0,-80.9017,,1,0.25,426.21,165.46,57.78,460.83
2026-09-02 00:03:38.393,100.0,144.0,180.0,-58.7785,0.0,-80.9017,,2,0.5,426.21,165.46,57.78,460.83
2026-09-02 00:03:38.648,100.0,144.0,180.0,-58.7785,0.0,-80.9017,,3,0.75,426.31,165.46,57.78,460.92
2026-09-02 00:03:38.903,100.0,144.0,180.0,-58.7785,0.0,-80.9017,,4,1.0,426.31,165.46,57.78,460.92
2026-09-02 00:03:39.143,100.0,144.0,180.0,-58.7785,0.0,-80.9017,,5,1.25,426.26,165.46,57.77,460.88
2026-09-02 00:03:45.902,100.0,144.0,174.0,-58.4565,6.144,-80.9017,,1,0.25,426.08,165.61,57.77,460.76
2026-09-02 00:03:46.141,100.0,144.0,174.0,-58.4565,6.144,-80.9017,,2,0.5,426.07,165.59,57.76,460.75
2026-09-02 00:03:48.644,100.0,144.0,174.0,-58.4565,6.144,-80.9017,,3,0.75,426.07,165.59,57.76,460.75
2026-09-02 00:03:48.899,100.0,144.0,174.0,-58.4565,6.144,-80.9017,,4,1.0,426.03,165.59,57.76,460.71
2026-09-02 00:03:49.154,100.0,144.0,174.0,-58.4565,6.144,-80.9017,,5,1.25,426.03,165.59,57.76,460.71
2026-09-02 00:03:55.898,100.0,144.0,168.0,-57.4941,12.2207,-80.9017,,1,0.25,425.81,165.9,57.68,460.61
2026-09-02 00:03:56.153,100.0,144.0,168.0,-57.4941,12.2207,-80.9017,,2,0.5,425.78,165.88,57.67,460.57
2026-09-02 00:03:56.392,100.0,144.0,168.0,-57.4941,12.2207,-80.9017,,3,0.75,425.75,165.9,57.67,460.55
2026-09-02 00:03:58.895,100.0,144.0,168.0,-57.4941,12.2207,-80.9017,,4,1.0,425.76,165.88,57.67,460.55
2026-09-02 00:03:59.150,100.0,144.0,168.0,-57.4941,12.2207,-80.9017,,5,1.25,425.76,165.88,57.67,460.55
2026-09-02 00:04:05.893,100.0,144.0,162.0,-55.9017,18.1636,-80.9017,,1,0.25,425.49,166.11,57.59,460.38
2026-09-02 00:04:06.149,100.0,144.0,162.0,-55.9017,18.1636,-80.9017,,2,0.5,425.49,166.11,57.59,460.38
2026-09-02 00:04:06.404,100.0,144.0,162.0,-55.9017,18.1636,-80.9017,,3,0.75,425.49,166.11,57.59,460.38
2026-09-02 00:04:06.643,100.0,144.0,162.0,-55.9017,18.1636,-80.9017,,4,1.0,425.48,166.1,57.59,460.36
2026-09-02 00:04:06.898,100.0,144.0,162.0,-55.9017,18.1636,-80.9017,,5,1.25,425.48,166.1,57.59,460.36
2026-09-02 00:04:13.641,100.0,144.0,156.0,-53.6969,23.9074,-80.9017,,1,0.25,425.07,166.3,57.41,460.03
2026-09-02 00:04:16.144,100.0,144.0,156.0,-53.6969,23.9074,-80.9017,,2,0.5,425.07,166.3,57.41,460.03
2026-09-02 00:04:16.399,100.0,144.0,156.0,-53.6969,23.9074,-80.9017,,3,0.75,425.1,166.3,57.41,460.06
2026-09-02 00:04:16.654,100.0,144.0,156.0,-53.6969,23.9074,-80.9017,,4,1.0,425.1,166.3,57.41,460.06
2026-09-02 00:04:16.894,100.0,144.0,156.0,-53.6969,23.9074,-80.9017,,5,1.25,425.1,166.31,57.42,460.07
2026-09-02 00:04:23.653,100.0,144.0,150.0,-50.9037,29.3893,-80.9017,,1,0.25,424.83,166.34,57.32,459.82
2026-09-02 00:04:23.892,100.0,144.0,150.0,-50.9037,29.3893,-80.9017,,2,0.5,424.85,166.35,57.32,459.84
2026-09-02 00:04:26.395,100.0,144.0,150.0,-50.9037,29.3893,-80.9017,,3,0.75,424.85,166.35,57.32,459.84
2026-09-02 00:04:26.650,100.0,144.0,150.0,-50.9037,29.3893,-80.9017,,4,1.0,424.79,166.34,57.33,459.78
2026-09-02 00:04:26.905,100.0,144.0,150.0,-50.9037,29.3893,-80.9017,,5,1.25,424.79,166.34,57.33,459.78
2026-09-02 00:04:33.649,100.0,144.0,144.0,-47.5528,34.5492,-80.9017,,1,0.25,424.45,166.29,57.2,459.43
2026-09-02 00:04:33.904,100.0,144.0,144.0,-47.5528,34.5492,-80.9017,,2,0.5,424.39,166.29,57.23,459.38
2026-09-02 00:04:34.143,100.0,144.0,144.0,-47.5528,34.5492,-80.9017,,3,0.75,424.39,166.29,57.23,459.38
2026-09-02 00:04:34.398,100.0,144.0,144.0,-47.5528,34.5492,-80.9017,,4,1.0,424.42,166.28,57.21,459.4
2026-09-02 00:04:34.653,100.0,144.0,144.0,-47.5528,34.5492,-80.9017,,5,1.25,424.42,166.28,57.21,459.4
2026-09-02 00:04:41.397,100.0,144.0,138.0,-43.681,39.3305,-80.9017,,1,0.25,424.06,166.38,57.02,459.08
2026-09-02 00:04:41.652,100.0,144.0,138.0,-43.681,39.3305,-80.9017,,2,0.5,424.02,166.4,57.03,459.05
2026-09-02 00:04:41.891,100.0,144.0,138.0,-43.681,39.3305,-80.9017,,3,0.75,424.11,166.41,57.02,459.14
2026-09-02 00:04:44.394,100.0,144.0,138.0,-43.681,39.3305,-80.9017,,4,1.0,424.11,166.41,57.02,459.14
2026-09-02 00:04:44.649,100.0,144.0,138.0,-43.681,39.3305,-80.9017,,5,1.25,424.06,166.39,57.03,459.09
2026-09-02 00:04:51.392,100.0,144.0,132.0,-39.3305,43.681,-80.9017,,1,0.25,423.71,166.32,56.93,458.73
2026-09-02 00:04:51.647,100.0,144.0,132.0,-39.3305,43.681,-80.9017,,2,0.5,423.71,166.32,56.93,458.73
2026-09-02 00:04:51.903,100.0,144.0,132.0,-39.3305,43.681,-80.9017,,3,0.75,423.74,166.33,56.93,458.76
2026-09-02 00:04:52.142,100.0,144.0,132.0,-39.3305,43.681,-80.9017,,4,1.0,423.73,166.32,56.92,458.74
2026-09-02 00:04:54.645,100.0,144.0,132.0,-39.3305,43.681,-80.9017,,5,1.25,423.72,166.34,56.91,458.74
2026-09-02 00:05:01.404,100.0,144.0,126.0,-34.5492,47.5528,-80.9017,,1,0.25,423.36,166.19,56.79,458.34
2026-09-02 00:05:01.643,100.0,144.0,126.0,-34.5492,47.5528,-80.9017,,2,0.5,423.36,166.19,56.79,458.34
2026-09-02 00:05:01.898,100.0,144.0,126.0,-34.5492,47.5528,-80.9017,,3,0.75,423.39,166.21,56.79,458.37
2026-09-02 00:05:02.153,100.0,144.0,126.0,-34.5492,47.5528,-80.9017,,4,1.0,423.39,166.21,56.79,458.37
2026-09-02 00:05:02.392,100.0,144.0,126.0,-34.5492,47.5528,-80.9017,,5,1.25,423.42,166.2,56.78,458.4
2026-09-02 00:05:09.152,100.0,144.0,120.0,-29.3893,50.9037,-80.9017,,1,0.25,423.18,165.81,56.75,458.03
2026-09-02 00:05:09.391,100.0,144.0,120.0,-29.3893,50.9037,-80.9017,,2,0.5,423.23,165.82,56.75,458.08
2026-09-02 00:05:11.894,100.0,144.0,120.0,-29.3893,50.9037,-80.9017,,3,0.75,423.23,165.82,56.75,458.08
2026-09-02 00:05:12.149,100.0,144.0,120.0,-29.3893,50.9037,-80.9017,,4,1.0,423.25,165.82,56.76,458.1
2026-09-02 00:05:12.404,100.0,144.0,120.0,-29.3893,50.9037,-80.9017,,5,1.25,423.25,165.82,56.76,458.1
2026-09-02 00:05:19.148,100.0,144.0,114.0,-23.9074,53.6969,-80.9017,,1,0.25,423.06,165.54,56.65,457.81
2026-09-02 00:05:19.403,100.0,144.0,114.0,-23.9074,53.6969,-80.9017,,2,0.5,423.08,165.52,56.66,457.82
2026-09-02 00:05:19.642,100.0,144.0,114.0,-23.9074,53.6969,-80.9017,,3,0.75,423.08,165.52,56.66,457.82
2026-09-02 00:05:19.897,100.0,144.0,114.0,-23.9074,53.6969,-80.9017,,4,1.0,423.04,165.51,56.66,457.78
2026-09-02 00:05:20.152,100.0,144.0,114.0,-23.9074,53.6969,-80.9017,,5,1.25,423.04,165.51,56.66,457.78
2026-09-02 00:05:26.896,100.0,144.0,108.0,-18.1636,55.9017,-80.9017,,1,0.25,422.91,165.21,56.55,457.54
2026-09-02 00:05:27.151,100.0,144.0,108.0,-18.1636,55.9017,-80.9017,,2,0.5,422.88,165.2,56.55,457.51
2026-09-02 00:05:27.406,100.0,144.0,108.0,-18.1636,55.9017,-80.9017,,3,0.75,422.88,165.2,56.55,457.51
2026-09-02 00:05:27.645,100.0,144.0,108.0,-18.1636,55.9017,-80.9017,,4,1.0,422.89,165.21,56.55,457.52
2026-09-02 00:05:27.900,100.0,144.0,108.0,-18.1636,55.9017,-80.9017,,5,1.25,422.89,165.21,56.55,457.52
2026-09-02 00:05:34.644,100.0,144.0,102.0,-12.2207,57.4941,-80.9017,,1,0.25,422.91,164.74,56.5,457.36
2026-09-02 00:05:34.899,100.0,144.0,102.0,-12.2207,57.4941,-80.9017,,2,0.5,422.95,164.74,56.51,457.4
2026-09-02 00:05:35.154,100.0,144.0,102.0,-12.2207,57.4941,-80.9017,,3,0.75,422.95,164.74,56.51,457.4
2026-09-02 00:05:35.393,100.0,144.0,102.0,-12.2207,57.4941,-80.9017,,4,1.0,422.88,164.76,56.52,457.34
2026-09-02 00:05:35.648,100.0,144.0,102.0,-12.2207,57.4941,-80.9017,,5,1.25,422.88,164.76,56.52,457.34
2026-09-02 00:05:42.392,100.0,144.0,96.0,-6.144,58.4565,-80.9017,,1,0.25,423.02,164.2,56.53,457.27
2026-09-02 00:05:44.894,100.0,144.0,96.0,-6.144,58.4565,-80.9017,,2,0.5,423.02,164.2,56.53,457.27
2026-09-02 00:05:45.150,100.0,144.0,96.0,-6.144,58.4565,-80.9017,,3,0.75,423.07,164.2,56.54,457.32
2026-09-02 00:05:45.405,100.0,144.0,96.0,-6.144,58.4565,-80.9017,,4,1.0,423.07,164.2,56.54,457.32
2026-09-02 00:05:45.644,100.0,144.0,96.0,-6.144,58.4565,-80.9017,,5,1.25,423.04,164.21,56.53,457.3
2026-09-02 00:05:52.403,100.0,144.0,90.0,0.0,58.7785,-80.9017,,1,0.25,423.09,163.83,56.54,457.21
2026-09-02 00:05:52.642,100.0,144.0,90.0,0.0,58.7785,-80.9017,,2,0.5,423.09,163.83,56.54,457.21
2026-09-02 00:05:52.897,100.0,144.0,90.0,0.0,58.7785,-80.9017,,3,0.75,423.07,163.83,56.55,457.19
2026-09-02 00:05:53.153,100.0,144.0,90.0,0.0,58.7785,-80.9017,,4,1.0,423.07,163.83,56.55,457.19
2026-09-02 00:05:53.392,100.0,144.0,90.0,0.0,58.7785,-80.9017,,5,1.25,423.08,163.82,56.54,457.19
2026-09-02 00:06:00.151,100.0,144.0,84.0,6.144,58.4565,-80.9017,,1,0.25,423.18,163.46,56.56,457.16
2026-09-02 00:06:00.390,100.0,144.0,84.0,6.144,58.4565,-80.9017,,2,0.5,423.27,163.43,56.57,457.23
2026-09-02 00:06:02.893,100.0,144.0,84.0,6.144,58.4565,-80.9017,,3,0.75,423.27,163.43,56.57,457.23
2026-09-02 00:06:03.148,100.0,144.0,84.0,6.144,58.4565,-80.9017,,4,1.0,423.21,163.43,56.57,457.18
2026-09-02 00:06:03.403,100.0,144.0,84.0,6.144,58.4565,-80.9017,,5,1.25,423.21,163.43,56.57,457.18
2026-09-02 00:06:10.147,100.0,144.0,78.0,12.2207,57.4941,-80.9017,,1,0.25,423.42,163.17,56.56,457.28
2026-09-02 00:06:10.402,100.0,144.0,78.0,12.2207,57.4941,-80.9017,,2,0.5,423.42,163.15,56.57,457.27
2026-09-02 00:06:10.641,100.0,144.0,78.0,12.2207,57.4941,-80.9017,,3,0.75,423.47,163.18,56.56,457.33
2026-09-02 00:06:13.144,100.0,144.0,78.0,12.2207,57.4941,-80.9017,,4,1.0,423.5,163.19,56.57,457.36
2026-09-02 00:06:13.399,100.0,144.0,78.0,12.2207,57.4941,-80.9017,,5,1.25,423.5,163.19,56.57,457.36
2026-09-02 00:06:20.143,100.0,144.0,72.0,18.1636,55.9017,-80.9017,,1,0.25,423.66,162.99,56.56,457.44
2026-09-02 00:06:20.398,100.0,144.0,72.0,18.1636,55.9017,-80.9017,,2,0.5,423.68,162.98,56.57,457.45
2026-09-02 00:06:20.653,100.0,144.0,72.0,18.1636,55.9017,-80.9017,,3,0.75,423.68,162.98,56.57,457.45
2026-09-02 00:06:20.892,100.0,144.0,72.0,18.1636,55.9017,-80.9017,,4,1.0,423.65,162.99,56.57,457.43
2026-09-02 00:06:21.147,100.0,144.0,72.0,18.1636,55.9017,-80.9017,,5,1.25,423.65,162.99,56.57,457.43
2026-09-02 00:06:27.891,100.0,144.0,66.0,23.9074,53.6969,-80.9017,,1,0.25,424.11,162.53,56.62,457.7
2026-09-02 00:06:30.393,100.0,144.0,66.0,23.9074,53.6969,-80.9017,,2,0.5,424.11,162.53,56.62,457.7
2026-09-02 00:06:30.649,100.0,144.0,66.0,23.9074,53.6969,-80.9017,,3,0.75,424.12,162.54,56.63,457.71
2026-09-02 00:06:30.904,100.0,144.0,66.0,23.9074,53.6969,-80.9017,,4,1.0,424.12,162.54,56.63,457.71
2026-09-02 00:06:31.143,100.0,144.0,66.0,23.9074,53.6969,-80.9017,,5,1.25,424.14,162.56,56.64,457.74
2026-09-02 00:06:37.902,100.0,144.0,60.0,29.3893,50.9037,-80.9017,,1,0.25,424.36,162.41,56.63,457.89
2026-09-02 00:06:38.141,100.0,144.0,60.0,29.3893,50.9037,-80.9017,,2,0.5,424.36,162.41,56.63,457.89
2026-09-02 00:06:38.397,100.0,144.0,60.0,29.3893,50.9037,-80.9017,,3,0.75,424.32,162.42,56.62,457.85
2026-09-02 00:06:38.652,100.0,144.0,60.0,29.3893,50.9037,-80.9017,,4,1.0,424.32,162.42,56.62,457.85
2026-09-02 00:06:38.891,100.0,144.0,60.0,29.3893,50.9037,-80.9017,,5,1.25,424.37,162.41,56.63,457.9
2026-09-02 00:06:47.898,100.0,144.0,54.0,34.5492,47.5528,-80.9017,,1,0.25,424.66,162.51,56.63,458.2
2026-09-02 00:06:48.153,100.0,144.0,54.0,34.5492,47.5528,-80.9017,,2,0.5,424.66,162.52,56.65,458.21
2026-09-02 00:06:48.392,100.0,144.0,54.0,34.5492,47.5528,-80.9017,,3,0.75,424.66,162.52,56.65,458.21
2026-09-02 00:06:48.647,100.0,144.0,54.0,34.5492,47.5528,-80.9017,,4,1.0,424.61,162.51,56.65,458.16
2026-09-02 00:06:48.902,100.0,144.0,54.0,34.5492,47.5528,-80.9017,,5,1.25,424.61,162.51,56.65,458.16
2026-09-02 00:06:55.646,100.0,144.0,48.0,39.3305,43.681,-80.9017,,1,0.25,425.04,162.44,56.63,458.53
2026-09-02 00:06:55.901,100.0,144.0,48.0,39.3305,43.681,-80.9017,,2,0.5,425.01,162.45,56.62,458.5
2026-09-02 00:06:56.140,100.0,144.0,48.0,39.3305,43.681,-80.9017,,3,0.75,424.92,162.43,56.63,458.41
2026-09-02 00:06:58.643,100.0,144.0,48.0,39.3305,43.681,-80.9017,,4,1.0,424.96,162.42,56.64,458.45
2026-09-02 00:06:58.898,100.0,144.0,48.0,39.3305,43.681,-80.9017,,5,1.25,424.96,162.42,56.64,458.45
2026-09-02 00:07:05.642,100.0,144.0,42.0,43.681,39.3305,-80.9017,,1,0.25,425.47,162.35,56.69,458.9
2026-09-02 00:07:05.897,100.0,144.0,42.0,43.681,39.3305,-80.9017,,2,0.5,425.47,162.35,56.69,458.9
2026-09-02 00:07:06.152,100.0,144.0,42.0,43.681,39.3305,-80.9017,,3,0.75,425.47,162.35,56.69,458.9
2026-09-02 00:07:06.391,100.0,144.0,42.0,43.681,39.3305,-80.9017,,4,1.0,425.4,162.34,56.68,458.83
2026-09-02 00:07:06.646,100.0,144.0,42.0,43.681,39.3305,-80.9017,,5,1.25,425.4,162.34,56.68,458.83
2026-09-02 00:07:13.390,100.0,144.0,36.0,47.5528,34.5492,-80.9017,,1,0.25,425.71,162.51,56.71,459.18
2026-09-02 00:07:15.893,100.0,144.0,36.0,47.5528,34.5492,-80.9017,,2,0.5,425.71,162.51,56.71,459.18
2026-09-02 00:07:16.148,100.0,144.0,36.0,47.5528,34.5492,-80.9017,,3,0.75,425.8,162.52,56.71,459.27
2026-09-02 00:07:16.403,100.0,144.0,36.0,47.5528,34.5492,-80.9017,,4,1.0,425.8,162.52,56.71,459.27
2026-09-02 00:07:16.642,100.0,144.0,36.0,47.5528,34.5492,-80.9017,,5,1.25,425.78,162.54,56.72,459.26
2026-09-02 00:07:23.401,100.0,144.0,30.0,50.9037,29.3893,-80.9017,,1,0.25,426.08,162.63,56.76,459.58
2026-09-02 00:07:23.641,100.0,144.0,30.0,50.9037,29.3893,-80.9017,,2,0.5,426.02,162.63,56.74,459.52
2026-09-02 00:07:26.144,100.0,144.0,30.0,50.9037,29.3893,-80.9017,,3,0.75,426.02,162.63,56.74,459.52
2026-09-02 00:07:26.399,100.0,144.0,30.0,50.9037,29.3893,-80.9017,,4,1.0,426.03,162.64,56.75,459.53
2026-09-02 00:07:26.654,100.0,144.0,30.0,50.9037,29.3893,-80.9017,,5,1.25,426.03,162.64,56.75,459.53
2026-09-02 00:07:33.397,100.0,144.0,24.0,53.6969,23.9074,-80.9017,,1,0.25,426.21,162.85,56.65,459.76
2026-09-02 00:07:33.652,100.0,144.0,24.0,53.6969,23.9074,-80.9017,,2,0.5,426.27,162.86,56.66,459.82
2026-09-02 00:07:33.891,100.0,144.0,24.0,53.6969,23.9074,-80.9017,,3,0.75,426.27,162.86,56.66,459.82
2026-09-02 00:07:34.146,100.0,144.0,24.0,53.6969,23.9074,-80.9017,,4,1.0,426.26,162.87,56.66,459.82
2026-09-02 00:07:34.402,100.0,144.0,24.0,53.6969,23.9074,-80.9017,,5,1.25,426.26,162.87,56.66,459.82
2026-09-02 00:07:41.145,100.0,144.0,18.0,55.9017,18.1636,-80.9017,,1,0.25,426.46,163.09,56.7,460.08
2026-09-02 00:07:41.400,100.0,144.0,18.0,55.9017,18.1636,-80.9017,,2,0.5,426.49,163.09,56.7,460.11
2026-09-02 00:07:41.639,100.0,144.0,18.0,55.9017,18.1636,-80.9017,,3,0.75,426.52,163.06,56.72,460.13
2026-09-02 00:07:44.142,100.0,144.0,18.0,55.9017,18.1636,-80.9017,,4,1.0,426.52,163.06,56.72,460.13
2026-09-02 00:07:44.397,100.0,144.0,18.0,55.9017,18.1636,-80.9017,,5,1.25,426.52,163.07,56.72,460.13
2026-09-02 00:07:51.141,100.0,144.0,12.0,57.4941,12.2207,-80.9017,,1,0.25,426.54,163.31,56.67,460.23
2026-09-02 00:07:51.396,100.0,144.0,12.0,57.4941,12.2207,-80.9017,,2,0.5,426.54,163.31,56.67,460.23
2026-09-02 00:07:51.651,100.0,144.0,12.0,57.4941,12.2207,-80.9017,,3,0.75,426.58,163.31,56.66,460.27
2026-09-02 00:07:51.890,100.0,144.0,12.0,57.4941,12.2207,-80.9017,,4,1.0,426.59,163.33,56.67,460.29
2026-09-02 00:07:54.393,100.0,144.0,12.0,57.4941,12.2207,-80.9017,,5,1.25,426.57,163.32,56.65,460.26
2026-09-02 00:08:01.152,100.0,144.0,6.0,58.4565,6.144,-80.9017,,1,0.25,426.69,163.56,56.66,460.46
2026-09-02 00:08:01.392,100.0,144.0,6.0,58.4565,6.144,-80.9017,,2,0.5,426.69,163.56,56.66,460.46
2026-09-02 00:08:01.647,100.0,144.0,6.0,58.4565,6.144,-80.9017,,3,0.75,426.62,163.57,56.65,460.4
2026-09-02 00:08:01.902,100.0,144.0,6.0,58.4565,6.144,-80.9017,,4,1.0,426.62,163.57,56.65,460.4
2026-09-02 00:08:02.141,100.0,144.0,6.0,58.4565,6.144,-80.9017,,5,1.25,426.63,163.59,56.65,460.41
2026-09-02 00:08:08.900,100.0,144.0,0.0,58.7785,0.0,-80.9017,,1,0.25,426.59,163.97,56.59,460.5
2026-09-02 00:08:09.139,100.0,144.0,0.0,58.7785,0.0,-80.9017,,2,0.5,426.67,163.96,56.59,460.57
2026-09-02 00:08:11.642,100.0,144.0,0.0,58.7785,0.0,-80.9017,,3,0.75,426.67,163.96,56.59,460.57
2026-09-02 00:08:11.897,100.0,144.0,0.0,58.7785,0.0,-80.9017,,4,1.0,426.63,163.98,56.58,460.54
2026-09-02 00:08:12.153,100.0,144.0,0.0,58.7785,0.0,-80.9017,,5,1.25,426.63,163.98,56.58,460.54
2026-09-02 00:08:19.151,100.0,150.0,0.0,50.0,0.0,-86.6025,,1,0.25,426.41,164.12,56.73,460.41
2026-09-02 00:08:19.390,100.0,150.0,0.0,50.0,0.0,-86.6025,,2,0.5,426.41,164.17,56.73,460.42
2026-09-02 00:08:21.893,100.0,150.0,0.0,50.0,0.0,-86.6025,,3,0.75,426.41,164.17,56.73,460.42
2026-09-02 00:08:22.148,100.0,150.0,0.0,50.0,0.0,-86.6025,,4,1.0,426.4,164.16,56.74,460.41
2026-09-02 00:08:22.403,100.0,150.0,0.0,50.0,0.0,-86.6025,,5,1.25,426.4,164.16,56.74,460.41
2026-09-02 00:08:29.019,100.0,150.0,6.0,49.7261,5.2264,-86.6025,,1,0.25,426.42,163.94,56.74,460.35
2026-09-02 00:08:29.274,100.0,150.0,6.0,49.7261,5.2264,-86.6025,,2,0.5,426.42,163.94,56.74,460.35
2026-09-02 00:08:29.529,100.0,150.0,6.0,49.7261,5.2264,-86.6025,,3,0.75,426.42,163.95,56.75,460.36
2026-09-02 00:08:29.769,100.0,150.0,6.0,49.7261,5.2264,-86.6025,,4,1.0,426.42,163.95,56.75,460.36
2026-09-02 00:08:30.024,100.0,150.0,6.0,49.7261,5.2264,-86.6025,,5,1.25,426.45,163.98,56.74,460.4
2026-09-02 00:08:36.640,100.0,150.0,12.0,48.9074,10.3956,-86.6025,,1,0.25,426.33,163.72,56.75,460.19
2026-09-02 00:08:39.143,100.0,150.0,12.0,48.9074,10.3956,-86.6025,,2,0.5,426.31,163.73,56.73,460.18
2026-09-02 00:08:39.398,100.0,150.0,12.0,48.9074,10.3956,-86.6025,,3,0.75,426.31,163.73,56.73,460.18
2026-09-02 00:08:39.653,100.0,150.0,12.0,48.9074,10.3956,-86.6025,,4,1.0,426.31,163.73,56.73,460.18
2026-09-02 00:08:39.892,100.0,150.0,12.0,48.9074,10.3956,-86.6025,,5,1.25,426.33,163.73,56.73,460.19
2026-09-02 00:08:46.524,100.0,150.0,18.0,47.5528,15.4508,-86.6025,,1,0.25,426.23,163.45,56.71,460.0
2026-09-02 00:08:46.779,100.0,150.0,18.0,47.5528,15.4508,-86.6025,,2,0.5,426.23,163.45,56.71,460.0
2026-09-02 00:08:47.018,100.0,150.0,18.0,47.5528,15.4508,-86.6025,,3,0.75,426.25,163.44,56.71,460.01
2026-09-02 00:08:47.273,100.0,150.0,18.0,47.5528,15.4508,-86.6025,,4,1.0,426.25,163.44,56.71,460.01
2026-09-02 00:08:47.528,100.0,150.0,18.0,47.5528,15.4508,-86.6025,,5,1.25,426.27,163.45,56.71,460.04
2026-09-02 00:08:54.144,100.0,150.0,24.0,45.6773,20.3368,-86.6025,,1,0.25,426.07,163.25,56.73,459.78
2026-09-02 00:08:54.399,100.0,150.0,24.0,45.6773,20.3368,-86.6025,,2,0.5,426.07,163.25,56.73,459.78
2026-09-02 00:08:54.654,100.0,150.0,24.0,45.6773,20.3368,-86.6025,,3,0.75,426.1,163.25,56.73,459.81
2026-09-02 00:08:54.893,100.0,150.0,24.0,45.6773,20.3368,-86.6025,,4,1.0,426.1,163.25,56.73,459.81
2026-09-02 00:08:55.148,100.0,150.0,24.0,45.6773,20.3368,-86.6025,,5,1.25,426.1,163.25,56.73,459.81
2026-09-02 00:09:01.764,100.0,150.0,30.0,43.3013,25.0,-86.6025,,1,0.25,426.01,163.0,56.71,459.64
2026-09-02 00:09:02.020,100.0,150.0,30.0,43.3013,25.0,-86.6025,,2,0.5,426.03,162.97,56.72,459.64
2026-09-02 00:09:02.275,100.0,150.0,30.0,43.3013,25.0,-86.6025,,3,0.75,426.03,162.97,56.72,459.64
2026-09-02 00:09:02.514,100.0,150.0,30.0,43.3013,25.0,-86.6025,,4,1.0,425.97,162.98,56.73,459.59
2026-09-02 00:09:02.769,100.0,150.0,30.0,43.3013,25.0,-86.6025,,5,1.25,425.97,162.98,56.73,459.59
2026-09-02 00:09:09.401,100.0,150.0,36.0,40.4508,29.3893,-86.6025,,1,0.25,425.68,162.97,56.72,459.32
2026-09-02 00:09:09.640,100.0,150.0,36.0,40.4508,29.3893,-86.6025,,2,0.5,425.66,162.95,56.71,459.29
2026-09-02 00:09:12.143,100.0,150.0,36.0,40.4508,29.3893,-86.6025,,3,0.75,425.66,162.95,56.71,459.29
2026-09-02 00:09:12.398,100.0,150.0,36.0,40.4508,29.3893,-86.6025,,4,1.0,425.67,162.97,56.72,459.31
2026-09-02 00:09:12.653,100.0,150.0,36.0,40.4508,29.3893,-86.6025,,5,1.25,425.67,162.97,56.72,459.31
2026-09-02 00:09:19.269,100.0,150.0,42.0,37.1572,33.4565,-86.6025,,1,0.25,425.48,162.8,56.76,459.08
2026-09-02 00:09:19.524,100.0,150.0,42.0,37.1572,33.4565,-86.6025,,2,0.5,425.43,162.79,56.76,459.03
2026-09-02 00:09:19.779,100.0,150.0,42.0,37.1572,33.4565,-86.6025,,3,0.75,425.43,162.79,56.76,459.03
2026-09-02 00:09:20.018,100.0,150.0,42.0,37.1572,33.4565,-86.6025,,4,1.0,425.47,162.8,56.76,459.07
2026-09-02 00:09:20.273,100.0,150.0,42.0,37.1572,33.4565,-86.6025,,5,1.25,425.47,162.8,56.76,459.07
2026-09-02 00:09:26.889,100.0,150.0,48.0,33.4565,37.1572,-86.6025,,1,0.25,425.18,162.82,56.69,458.8
2026-09-02 00:09:29.392,100.0,150.0,48.0,33.4565,37.1572,-86.6025,,2,0.5,425.2,162.81,56.69,458.82
2026-09-02 00:09:29.647,100.0,150.0,48.0,33.4565,37.1572,-86.6025,,3,0.75,425.2,162.81,56.69,458.82
2026-09-02 00:09:29.902,100.0,150.0,48.0,33.4565,37.1572,-86.6025,,4,1.0,425.21,162.8,56.69,458.82
2026-09-02 00:09:30.141,100.0,150.0,48.0,33.4565,37.1572,-86.6025,,5,1.25,425.21,162.8,56.69,458.82
2026-09-02 00:09:36.773,100.0,150.0,54.0,29.3893,40.4508,-86.6025,,1,0.25,424.84,163.03,56.6,458.55
2026-09-02 00:09:37.028,100.0,150.0,54.0,29.3893,40.4508,-86.6025,,2,0.5,424.82,163.04,56.6,458.53
2026-09-02 00:09:37.268,100.0,150.0,54.0,29.3893,40.4508,-86.6025,,3,0.75,424.82,163.04,56.6,458.53
2026-09-02 00:09:37.523,100.0,150.0,54.0,29.3893,40.4508,-86.6025,,4,1.0,424.82,163.04,56.6,458.53
2026-09-02 00:09:37.778,100.0,150.0,54.0,29.3893,40.4508,-86.6025,,5,1.25,424.81,163.04,56.6,458.52
2026-09-02 00:09:44.394,100.0,150.0,60.0,25.0,43.3013,-86.6025,,1,0.25,424.5,163.12,56.64,458.27
2026-09-02 00:09:44.649,100.0,150.0,60.0,25.0,43.3013,-86.6025,,2,0.5,424.5,163.12,56.64,458.27
2026-09-02 00:09:44.904,100.0,150.0,60.0,25.0,43.3013,-86.6025,,3,0.75,424.49,163.12,56.64,458.26
2026-09-02 00:09:45.143,100.0,150.0,60.0,25.0,43.3013,-86.6025,,4,1.0,424.49,163.12,56.64,458.26
2026-09-02 00:09:45.398,100.0,150.0,60.0,25.0,43.3013,-86.6025,,5,1.25,424.45,163.11,56.62,458.22
2026-09-02 00:09:52.014,100.0,150.0,66.0,20.3368,45.6773,-86.6025,,1,0.25,424.39,163.02,56.64,458.13
2026-09-02 00:09:52.269,100.0,150.0,66.0,20.3368,45.6773,-86.6025,,2,0.5,424.39,163.02,56.64,458.13
2026-09-02 00:09:52.524,100.0,150.0,66.0,20.3368,45.6773,-86.6025,,3,0.75,424.43,163.04,56.66,458.18
2026-09-02 00:09:52.779,100.0,150.0,66.0,20.3368,45.6773,-86.6025,,4,1.0,424.43,163.04,56.66,458.18
2026-09-02 00:09:53.018,100.0,150.0,66.0,20.3368,45.6773,-86.6025,,5,1.25,424.43,163.04,56.66,458.18
2026-09-02 00:09:59.650,100.0,150.0,72.0,15.4508,47.5528,-86.6025,,1,0.25,424.11,163.27,56.65,457.96
2026-09-02 00:09:59.889,100.0,150.0,72.0,15.4508,47.5528,-86.6025,,2,0.5,424.13,163.3,56.66,457.99
2026-09-02 00:10:02.392,100.0,150.0,72.0,15.4508,47.5528,-86.6025,,3,0.75,424.16,163.3,56.64,458.02
2026-09-02 00:10:02.647,100.0,150.0,72.0,15.4508,47.5528,-86.6025,,4,1.0,424.16,163.3,56.64,458.02
2026-09-02 00:10:02.902,100.0,150.0,72.0,15.4508,47.5528,-86.6025,,5,1.25,424.1,163.31,56.64,457.97
2026-09-02 00:10:09.518,100.0,150.0,78.0,10.3956,48.9074,-86.6025,,1,0.25,423.96,163.59,56.66,457.94
2026-09-02 00:10:09.773,100.0,150.0,78.0,10.3956,48.9074,-86.6025,,2,0.5,423.96,163.59,56.65,457.94
2026-09-02 00:10:10.029,100.0,150.0,78.0,10.3956,48.9074,-86.6025,,3,0.75,423.96,163.59,56.65,457.94
2026-09-02 00:10:10.268,100.0,150.0,78.0,10.3956,48.9074,-86.6025,,4,1.0,423.94,163.6,56.64,457.92
2026-09-02 00:10:10.523,100.0,150.0,78.0,10.3956,48.9074,-86.6025,,5,1.25,423.94,163.6,56.64,457.92
2026-09-02 00:10:17.139,100.0,150.0,84.0,5.2264,49.7261,-86.6025,,1,0.25,423.8,163.85,56.67,457.89
2026-09-02 00:10:19.642,100.0,150.0,84.0,5.2264,49.7261,-86.6025,,2,0.5,423.8,163.85,56.67,457.89
2026-09-02 00:10:19.897,100.0,150.0,84.0,5.2264,49.7261,-86.6025,,3,0.75,423.78,163.84,56.68,457.87
2026-09-02 00:10:20.152,100.0,150.0,84.0,5.2264,49.7261,-86.6025,,4,1.0,423.78,163.84,56.68,457.87
2026-09-02 00:10:20.391,100.0,150.0,84.0,5.2264,49.7261,-86.6025,,5,1.25,423.78,163.84,56.68,457.87
2026-09-02 00:10:27.023,100.0,150.0,90.0,0.0,50.0,-86.6025,,1,0.25,423.57,164.19,56.67,457.8
2026-09-02 00:10:27.278,100.0,150.0,90.0,0.0,50.0,-86.6025,,2,0.5,423.56,164.17,56.66,457.78
2026-09-02 00:10:27.517,100.0,150.0,90.0,0.0,50.0,-86.6025,,3,0.75,423.56,164.17,56.66,457.78
2026-09-02 00:10:27.772,100.0,150.0,90.0,0.0,50.0,-86.6025,,4,1.0,423.54,164.18,56.65,457.76
2026-09-02 00:10:28.027,100.0,150.0,90.0,0.0,50.0,-86.6025,,5,1.25,423.54,164.18,56.65,457.76
2026-09-02 00:10:34.643,100.0,150.0,96.0,-5.2264,49.7261,-86.6025,,1,0.25,423.57,164.39,56.73,457.87
2026-09-02 00:10:34.898,100.0,150.0,96.0,-5.2264,49.7261,-86.6025,,2,0.5,423.59,164.4,56.73,457.9
2026-09-02 00:10:35.153,100.0,150.0,96.0,-5.2264,49.7261,-86.6025,,3,0.75,423.59,164.4,56.73,457.9
2026-09-02 00:10:35.392,100.0,150.0,96.0,-5.2264,49.7261,-86.6025,,4,1.0,423.55,164.4,56.74,457.86
2026-09-02 00:10:35.647,100.0,150.0,96.0,-5.2264,49.7261,-86.6025,,5,1.25,423.55,164.4,56.74,457.86
2026-09-02 00:10:42.263,100.0,150.0,102.0,-10.3956,48.9074,-86.6025,,1,0.25,423.59,164.72,56.76,458.02
2026-09-02 00:10:42.518,100.0,150.0,102.0,-10.3956,48.9074,-86.6025,,2,0.5,423.59,164.72,56.76,458.02
2026-09-02 00:10:42.773,100.0,150.0,102.0,-10.3956,48.9074,-86.6025,,3,0.75,423.62,164.72,56.76,458.04
2026-09-02 00:10:43.029,100.0,150.0,102.0,-10.3956,48.9074,-86.6025,,4,1.0,423.62,164.72,56.76,458.04
2026-09-02 00:10:43.268,100.0,150.0,102.0,-10.3956,48.9074,-86.6025,,5,1.25,423.59,164.71,56.76,458.01
2026-09-02 00:10:49.900,100.0,150.0,108.0,-15.4508,47.5528,-86.6025,,1,0.25,423.55,165.19,56.74,458.15
2026-09-02 00:10:50.139,100.0,150.0,108.0,-15.4508,47.5528,-86.6025,,2,0.5,423.49,165.18,56.76,458.09
2026-09-02 00:10:52.642,100.0,150.0,108.0,-15.4508,47.5528,-86.6025,,3,0.75,423.5,165.17,56.76,458.09
2026-09-02 00:10:52.897,100.0,150.0,108.0,-15.4508,47.5528,-86.6025,,4,1.0,423.5,165.17,56.76,458.09
2026-09-02 00:10:53.152,100.0,150.0,108.0,-15.4508,47.5528,-86.6025,,5,1.25,423.48,165.15,56.75,458.07
2026-09-02 00:10:59.768,100.0,150.0,114.0,-20.3368,45.6773,-86.6025,,1,0.25,423.73,165.18,56.82,458.32
2026-09-02 00:11:00.023,100.0,150.0,114.0,-20.3368,45.6773,-86.6025,,2,0.5,423.73,165.18,56.82,458.32
2026-09-02 00:11:00.278,100.0,150.0,114.0,-20.3368,45.6773,-86.6025,,3,0.75,423.72,165.18,56.81,458.31
2026-09-02 00:11:00.517,100.0,150.0,114.0,-20.3368,45.6773,-86.6025,,4,1.0,423.72,165.18,56.81,458.31
2026-09-02 00:11:00.772,100.0,150.0,114.0,-20.3368,45.6773,-86.6025,,5,1.25,423.71,165.18,56.83,458.3
2026-09-02 00:11:07.388,100.0,150.0,120.0,-25.0,43.3013,-86.6025,,1,0.25,423.66,165.71,56.85,458.45
2026-09-02 00:11:09.891,100.0,150.0,120.0,-25.0,43.3013,-86.6025,,2,0.5,423.66,165.71,56.85,458.45
2026-09-02 00:11:10.146,100.0,150.0,120.0,-25.0,43.3013,-86.6025,,3,0.75,423.66,165.73,56.84,458.45
2026-09-02 00:11:10.401,100.0,150.0,120.0,-25.0,43.3013,-86.6025,,4,1.0,423.66,165.73,56.84,458.45
2026-09-02 00:11:10.640,100.0,150.0,120.0,-25.0,43.3013,-86.6025,,5,1.25,423.69,165.7,56.84,458.47
2026-09-02 00:11:17.272,100.0,150.0,126.0,-29.3893,40.4508,-86.6025,,1,0.25,423.84,166.02,56.94,458.74
2026-09-02 00:11:17.527,100.0,150.0,126.0,-29.3893,40.4508,-86.6025,,2,0.5,423.84,166.02,56.94,458.74
2026-09-02 00:11:17.767,100.0,150.0,126.0,-29.3893,40.4508,-86.6025,,3,0.75,423.91,166.01,56.93,458.8
2026-09-02 00:11:18.022,100.0,150.0,126.0,-29.3893,40.4508,-86.6025,,4,1.0,423.91,166.01,56.93,458.8
2026-09-02 00:11:18.277,100.0,150.0,126.0,-29.3893,40.4508,-86.6025,,5,1.25,423.88,166.0,56.95,458.77
2026-09-02 00:11:24.893,100.0,150.0,132.0,-33.4565,37.1572,-86.6025,,1,0.25,424.22,165.89,57.09,459.06
2026-09-02 00:11:25.148,100.0,150.0,132.0,-33.4565,37.1572,-86.6025,,2,0.5,424.21,165.89,57.1,459.05
2026-09-02 00:11:25.403,100.0,150.0,132.0,-33.4565,37.1572,-86.6025,,3,0.75,424.21,165.89,57.1,459.05
2026-09-02 00:11:25.642,100.0,150.0,132.0,-33.4565,37.1572,-86.6025,,4,1.0,424.22,165.88,57.09,459.06
2026-09-02 00:11:25.897,100.0,150.0,132.0,-33.4565,37.1572,-86.6025,,5,1.25,424.22,165.88,57.09,459.06
2026-09-02 00:11:32.513,100.0,150.0,138.0,-37.1572,33.4565,-86.6025,,1,0.25,424.45,165.96,57.2,459.31
2026-09-02 00:11:32.768,100.0,150.0,138.0,-37.1572,33.4565,-86.6025,,2,0.5,424.48,165.99,57.21,459.35
2026-09-02 00:11:33.023,100.0,150.0,138.0,-37.1572,33.4565,-86.6025,,3,0.75,424.48,165.99,57.21,459.35
2026-09-02 00:11:33.278,100.0,150.0,138.0,-37.1572,33.4565,-86.6025,,4,1.0,424.5,165.98,57.2,459.37
2026-09-02 00:11:33.517,100.0,150.0,138.0,-37.1572,33.4565,-86.6025,,5,1.25,424.5,165.98,57.2,459.37
2026-09-02 00:11:40.150,100.0,150.0,144.0,-40.4508,29.3893,-86.6025,,1,0.25,424.75,165.99,57.32,459.62
2026-09-02 00:11:40.389,100.0,150.0,144.0,-40.4508,29.3893,-86.6025,,2,0.5,424.75,166.0,57.33,459.62
2026-09-02 00:11:42.892,100.0,150.0,144.0,-40.4508,29.3893,-86.6025,,3,0.75,424.75,166.0,57.33,459.62
2026-09-02 00:11:43.147,100.0,150.0,144.0,-40.4508,29.3893,-86.6025,,4,1.0,424.74,166.0,57.33,459.61
2026-09-02 00:11:43.402,100.0,150.0,144.0,-40.4508,29.3893,-86.6025,,5,1.25,424.74,166.0,57.33,459.61
2026-09-02 00:11:50.018,100.0,150.0,150.0,-43.3013,25.0,-86.6025,,1,0.25,425.1,165.8,57.41,459.88
2026-09-02 00:11:50.273,100.0,150.0,150.0,-43.3013,25.0,-86.6025,,2,0.5,425.1,165.8,57.41,459.88
2026-09-02 00:11:50.528,100.0,150.0,150.0,-43.3013,25.0,-86.6025,,3,0.75,425.11,165.8,57.39,459.89
2026-09-02 00:11:50.767,100.0,150.0,150.0,-43.3013,25.0,-86.6025,,4,1.0,425.11,165.8,57.39,459.89
2026-09-02 00:11:51.022,100.0,150.0,150.0,-43.3013,25.0,-86.6025,,5,1.25,425.07,165.79,57.4,459.85
2026-09-02 00:11:57.638,100.0,150.0,156.0,-45.6773,20.3368,-86.6025,,1,0.25,425.25,166.06,57.46,460.12
2026-09-02 00:12:00.141,100.0,150.0,156.0,-45.6773,20.3368,-86.6025,,2,0.5,425.23,166.07,57.45,460.1
2026-09-02 00:12:00.396,100.0,150.0,156.0,-45.6773,20.3368,-86.6025,,3,0.75,425.23,166.07,57.45,460.1
2026-09-02 00:12:00.651,100.0,150.0,156.0,-45.6773,20.3368,-86.6025,,4,1.0,425.26,166.04,57.45,460.12
2026-09-02 00:12:00.891,100.0,150.0,156.0,-45.6773,20.3368,-86.6025,,5,1.25,425.26,166.04,57.45,460.12
2026-09-02 00:12:07.523,100.0,150.0,162.0,-47.5528,15.4508,-86.6025,,1,0.25,425.53,165.82,57.57,460.31
2026-09-02 00:12:07.778,100.0,150.0,162.0,-47.5528,15.4508,-86.6025,,2,0.5,425.53,165.82,57.57,460.31
2026-09-02 00:12:08.017,100.0,150.0,162.0,-47.5528,15.4508,-86.6025,,3,0.75,425.52,165.83,57.56,460.3
2026-09-02 00:12:08.272,100.0,150.0,162.0,-47.5528,15.4508,-86.6025,,4,1.0,425.52,165.83,57.56,460.3
2026-09-02 00:12:08.527,100.0,150.0,162.0,-47.5528,15.4508,-86.6025,,5,1.25,425.57,165.8,57.56,460.33
2026-09-02 00:12:15.143,100.0,150.0,168.0,-48.9074,10.3956,-86.6025,,1,0.25,425.74,165.61,57.65,460.43
2026-09-02 00:12:15.398,100.0,150.0,168.0,-48.9074,10.3956,-86.6025,,2,0.5,425.74,165.61,57.65,460.43
2026-09-02 00:12:15.653,100.0,150.0,168.0,-48.9074,10.3956,-86.6025,,3,0.75,425.76,165.64,57.65,460.46
2026-09-02 00:12:15.892,100.0,150.0,168.0,-48.9074,10.3956,-86.6025,,4,1.0,425.76,165.64,57.65,460.46
2026-09-02 00:12:16.147,100.0,150.0,168.0,-48.9074,10.3956,-86.6025,,5,1.25,425.78,165.63,57.66,460.48
2026-09-02 00:12:22.763,100.0,150.0,174.0,-49.7261,5.2264,-86.6025,,1,0.25,425.95,165.63,57.67,460.64
2026-09-02 00:12:23.019,100.0,150.0,174.0,-49.7261,5.2264,-86.6025,,2,0.5,425.94,165.64,57.68,460.63
2026-09-02 00:12:23.274,100.0,150.0,174.0,-49.7261,5.2264,-86.6025,,3,0.75,425.94,165.64,57.68,460.63
2026-09-02 00:12:23.513,100.0,150.0,174.0,-49.7261,5.2264,-86.6025,,4,1.0,425.95,165.63,57.68,460.64
2026-09-02 00:12:23.768,100.0,150.0,174.0,-49.7261,5.2264,-86.6025,,5,1.25,425.95,165.63,57.68,460.64
2026-09-02 00:12:30.400,100.0,150.0,180.0,-50.0,0.0,-86.6025,,1,0.25,426.15,165.29,57.68,460.7
2026-09-02 00:12:30.639,100.0,150.0,180.0,-50.0,0.0,-86.6025,,2,0.5,426.13,165.29,57.69,460.69
2026-09-02 00:12:30.894,100.0,150.0,180.0,-50.0,0.0,-86.6025,,3,0.75,426.13,165.29,57.69,460.69
2026-09-02 00:12:31.149,100.0,150.0,180.0,-50.0,0.0,-86.6025,,4,1.0,426.11,165.27,57.69,460.66
2026-09-02 00:12:31.388,100.0,150.0,180.0,-50.0,0.0,-86.6025,,5,1.25,426.09,165.29,57.68,460.65
2026-09-02 00:12:40.268,100.0,150.0,186.0,-49.7261,-5.2264,-86.6025,,1,0.25,426.24,164.91,57.75,460.66
2026-09-02 00:12:40.523,100.0,150.0,186.0,-49.7261,-5.2264,-86.6025,,2,0.5,426.28,164.92,57.76,460.7
2026-09-02 00:12:40.762,100.0,150.0,186.0,-49.7261,-5.2264,-86.6025,,3,0.75,426.28,164.92,57.76,460.7
2026-09-02 00:12:41.018,100.0,150.0,186.0,-49.7261,-5.2264,-86.6025,,4,1.0,426.24,164.9,57.76,460.66
2026-09-02 00:12:41.273,100.0,150.0,186.0,-49.7261,-5.2264,-86.6025,,5,1.25,426.24,164.9,57.76,460.66
2026-09-02 00:12:47.889,100.0,150.0,192.0,-48.9074,-10.3956,-86.6025,,1,0.25,426.34,164.59,57.76,460.64
2026-09-02 00:12:48.144,100.0,150.0,192.0,-48.9074,-10.3956,-86.6025,,2,0.5,426.34,164.59,57.76,460.64
2026-09-02 00:12:48.399,100.0,150.0,192.0,-48.9074,-10.3956,-86.6025,,3,0.75,426.39,164.59,57.77,460.69
2026-09-02 00:12:48.638,100.0,150.0,192.0,-48.9074,-10.3956,-86.6025,,4,1.0,426.37,164.57,57.77,460.66
2026-09-02 00:12:51.141,100.0,150.0,192.0,-48.9074,-10.3956,-86.6025,,5,1.25,426.37,164.57,57.77,460.66
2026-09-02 00:12:57.773,100.0,150.0,198.0,-47.5528,-15.4508,-86.6025,,1,0.25,426.42,164.41,57.7,460.64
2026-09-02 00:12:58.028,100.0,150.0,198.0,-47.5528,-15.4508,-86.6025,,2,0.5,426.37,164.41,57.7,460.59
2026-09-02 00:12:58.267,100.0,150.0,198.0,-47.5528,-15.4508,-86.6025,,3,0.75,426.37,164.41,57.7,460.59
2026-09-02 00:12:58.522,100.0,150.0,198.0,-47.5528,-15.4508,-86.6025,,4,1.0,426.4,164.46,57.73,460.64
2026-09-02 00:12:58.777,100.0,150.0,198.0,-47.5528,-15.4508,-86.6025,,5,1.25,426.4,164.46,57.73,460.64
2026-09-02 00:13:05.393,100.0,150.0,204.0,-45.6773,-20.3368,-86.6025,,1,0.25,426.36,164.45,57.67,460.6
2026-09-02 00:13:05.648,100.0,150.0,204.0,-45.6773,-20.3368,-86.6025,,2,0.5,426.36,164.45,57.67,460.6
2026-09-02 00:13:05.887,100.0,150.0,204.0,-45.6773,-20.3368,-86.6025,,3,0.75,426.3,164.47,57.63,460.54
2026-09-02 00:13:08.390,100.0,150.0,204.0,-45.6773,-20.3368,-86.6025,,4,1.0,426.32,164.46,57.65,460.56
2026-09-02 00:13:08.645,100.0,150.0,204.0,-45.6773,-20.3368,-86.6025,,5,1.25,426.32,164.46,57.65,460.56
2026-09-02 00:13:15.277,100.0,150.0,210.0,-43.3013,-25.0,-86.6025,,1,0.25,426.41,163.97,57.63,460.47
2026-09-02 00:13:15.517,100.0,150.0,210.0,-43.3013,-25.0,-86.6025,,2,0.5,426.41,163.97,57.63,460.47
2026-09-02 00:13:15.772,100.0,150.0,210.0,-43.3013,-25.0,-86.6025,,3,0.75,426.38,163.98,57.65,460.44
2026-09-02 00:13:16.027,100.0,150.0,210.0,-43.3013,-25.0,-86.6025,,4,1.0,426.38,163.98,57.65,460.44
2026-09-02 00:13:16.266,100.0,150.0,210.0,-43.3013,-25.0,-86.6025,,5,1.25,426.36,163.98,57.64,460.42
2026-09-02 00:13:22.898,100.0,150.0,216.0,-40.4508,-29.3893,-86.6025,,1,0.25,426.22,163.76,57.56,460.21
2026-09-02 00:13:23.137,100.0,150.0,216.0,-40.4508,-29.3893,-86.6025,,2,0.5,426.26,163.76,57.57,460.24
2026-09-02 00:13:25.640,100.0,150.0,216.0,-40.4508,-29.3893,-86.6025,,3,0.75,426.26,163.76,57.57,460.24
2026-09-02 00:13:25.895,100.0,150.0,216.0,-40.4508,-29.3893,-86.6025,,4,1.0,426.29,163.76,57.56,460.27
2026-09-02 00:13:26.150,100.0,150.0,216.0,-40.4508,-29.3893,-86.6025,,5,1.25,426.29,163.76,57.56,460.27
2026-09-02 00:13:32.766,100.0,150.0,222.0,-37.1572,-33.4565,-86.6025,,1,0.25,426.18,163.45,57.52,460.05
2026-09-02 00:13:33.021,100.0,150.0,222.0,-37.1572,-33.4565,-86.6025,,2,0.5,426.18,163.45,57.52,460.05
2026-09-02 00:13:33.276,100.0,150.0,222.0,-37.1572,-33.4565,-86.6025,,3,0.75,426.16,163.46,57.52,460.04
2026-09-02 00:13:33.515,100.0,150.0,222.0,-37.1572,-33.4565,-86.6025,,4,1.0,426.16,163.46,57.52,460.04
2026-09-02 00:13:33.770,100.0,150.0,222.0,-37.1572,-33.4565,-86.6025,,5,1.25,426.17,163.45,57.53,460.05
2026-09-02 00:13:40.402,100.0,150.0,228.0,-33.4565,-37.1572,-86.6025,,1,0.25,426.01,163.49,57.36,459.89
2026-09-02 00:13:40.641,100.0,150.0,228.0,-33.4565,-37.1572,-86.6025,,2,0.5,426.01,163.49,57.36,459.89
2026-09-02 00:13:40.896,100.0,150.0,228.0,-33.4565,-37.1572,-86.6025,,3,0.75,425.97,163.5,57.37,459.86
2026-09-02 00:13:41.152,100.0,150.0,228.0,-33.4565,-37.1572,-86.6025,,4,1.0,425.97,163.5,57.37,459.86
2026-09-02 00:13:41.391,100.0,150.0,228.0,-33.4565,-37.1572,-86.6025,,5,1.25,425.91,163.48,57.36,459.79
2026-09-02 00:13:48.023,100.0,150.0,234.0,-29.3893,-40.4508,-86.6025,,1,0.25,425.7,163.4,57.27,459.56
2026-09-02 00:13:48.262,100.0,150.0,234.0,-29.3893,-40.4508,-86.6025,,2,0.5,425.72,163.38,57.27,459.57
2026-09-02 00:13:48.517,100.0,150.0,234.0,-29.3893,-40.4508,-86.6025,,3,0.75,425.72,163.38,57.27,459.57
2026-09-02 00:13:48.772,100.0,150.0,234.0,-29.3893,-40.4508,-86.6025,,4,1.0,425.73,163.39,57.26,459.58
2026-09-02 00:13:49.027,100.0,150.0,234.0,-29.3893,-40.4508,-86.6025,,5,1.25,425.73,163.39,57.26,459.58
2026-09-02 00:13:55.643,100.0,150.0,240.0,-25.0,-43.3013,-86.6025,,1,0.25,425.45,163.5,57.16,459.35
2026-09-02 00:13:55.898,100.0,150.0,240.0,-25.0,-43.3013,-86.6025,,2,0.5,425.44,163.51,57.15,459.34
2026-09-02 00:13:56.137,100.0,150.0,240.0,-25.0,-43.3013,-86.6025,,3,0.75,425.38,163.51,57.16,459.29
2026-09-02 00:13:58.640,100.0,150.0,240.0,-25.0,-43.3013,-86.6025,,4,1.0,425.39,163.5,57.16,459.29
2026-09-02 00:13:58.895,100.0,150.0,240.0,-25.0,-43.3013,-86.6025,,5,1.25,425.39,163.5,57.16,459.29
2026-09-02 00:14:05.527,100.0,150.0,246.0,-20.3368,-45.6773,-86.6025,,1,0.25,425.25,163.38,57.1,459.11
2026-09-02 00:14:05.766,100.0,150.0,246.0,-20.3368,-45.6773,-86.6025,,2,0.5,425.26,163.39,57.09,459.13
2026-09-02 00:14:06.021,100.0,150.0,246.0,-20.3368,-45.6773,-86.6025,,3,0.75,425.26,163.39,57.09,459.13
2026-09-02 00:14:06.276,100.0,150.0,246.0,-20.3368,-45.6773,-86.6025,,4,1.0,425.26,163.38,57.1,459.12
2026-09-02 00:14:06.516,100.0,150.0,246.0,-20.3368,-45.6773,-86.6025,,5,1.25,425.26,163.38,57.1,459.12
2026-09-02 00:14:13.147,100.0,150.0,252.0,-15.4508,-47.5528,-86.6025,,1,0.25,425.11,163.4,57.04,458.98
2026-09-02 00:14:13.387,100.0,150.0,252.0,-15.4508,-47.5528,-86.6025,,2,0.5,425.03,163.39,57.05,458.91
2026-09-02 00:14:15.890,100.0,150.0,252.0,-15.4508,-47.5528,-86.6025,,3,0.75,425.03,163.39,57.05,458.91
2026-09-02 00:14:16.145,100.0,150.0,252.0,-15.4508,-47.5528,-86.6025,,4,1.0,425.05,163.38,57.05,458.92
2026-09-02 00:14:16.400,100.0,150.0,252.0,-15.4508,-47.5528,-86.6025,,5,1.25,425.05,163.38,57.05,458.92
2026-09-02 00:14:23.015,100.0,150.0,258.0,-10.3956,-48.9074,-86.6025,,1,0.25,424.85,163.6,57.0,458.81
2026-09-02 00:14:23.271,100.0,150.0,258.0,-10.3956,-48.9074,-86.6025,,2,0.5,424.86,163.58,56.99,458.81
2026-09-02 00:14:23.526,100.0,150.0,258.0,-10.3956,-48.9074,-86.6025,,3,0.75,424.86,163.58,56.99,458.81
2026-09-02 00:14:23.765,100.0,150.0,258.0,-10.3956,-48.9074,-86.6025,,4,1.0,424.84,163.59,56.99,458.8
2026-09-02 00:14:24.020,100.0,150.0,258.0,-10.3956,-48.9074,-86.6025,,5,1.25,424.84,163.59,56.99,458.8
2026-09-02 00:14:30.652,100.0,150.0,264.0,-5.2264,-49.7261,-86.6025,,1,0.25,424.69,163.6,56.99,458.66
2026-09-02 00:14:30.891,100.0,150.0,264.0,-5.2264,-49.7261,-86.6025,,2,0.5,424.69,163.6,56.99,458.66
2026-09-02 00:14:31.146,100.0,150.0,264.0,-5.2264,-49.7261,-86.6025,,3,0.75,424.75,163.6,56.98,458.72
2026-09-02 00:14:31.401,100.0,150.0,264.0,-5.2264,-49.7261,-86.6025,,4,1.0,424.75,163.6,56.98,458.72
2026-09-02 00:14:31.640,100.0,150.0,264.0,-5.2264,-49.7261,-86.6025,,5,1.25,424.73,163.6,56.98,458.7
2026-09-02 00:14:38.272,100.0,150.0,270.0,-0.0,-50.0,-86.6025,,1,0.25,424.62,163.78,56.92,458.65
2026-09-02 00:14:38.527,100.0,150.0,270.0,-0.0,-50.0,-86.6025,,2,0.5,424.62,163.78,56.92,458.65
2026-09-02 00:14:38.766,100.0,150.0,270.0,-0.0,-50.0,-86.6025,,3,0.75,424.57,163.77,56.91,458.6
2026-09-02 00:14:39.021,100.0,150.0,270.0,-0.0,-50.0,-86.6025,,4,1.0,424.57,163.77,56.91,458.6
2026-09-02 00:14:39.276,100.0,150.0,270.0,-0.0,-50.0,-86.6025,,5,1.25,424.57,163.77,56.91,458.6
2026-09-02 00:14:45.892,100.0,150.0,276.0,5.2264,-49.7261,-86.6025,,1,0.25,424.58,163.87,56.91,458.65
2026-09-02 00:14:46.147,100.0,150.0,276.0,5.2264,-49.7261,-86.6025,,2,0.5,424.59,163.87,56.9,458.65
2026-09-02 00:14:46.387,100.0,150.0,276.0,5.2264,-49.7261,-86.6025,,3,0.75,424.58,163.85,56.92,458.64
2026-09-02 00:14:48.889,100.0,150.0,276.0,5.2264,-49.7261,-86.6025,,4,1.0,424.58,163.85,56.92,458.64
2026-09-02 00:14:49.145,100.0,150.0,276.0,5.2264,-49.7261,-86.6025,,5,1.25,424.59,163.87,56.92,458.66
2026-09-02 00:14:55.776,100.0,150.0,282.0,10.3956,-48.9074,-86.6025,,1,0.25,424.54,164.08,56.88,458.68
2026-09-02 00:14:56.016,100.0,150.0,282.0,10.3956,-48.9074,-86.6025,,2,0.5,424.52,164.08,56.88,458.66
2026-09-02 00:14:56.271,100.0,150.0,282.0,10.3956,-48.9074,-86.6025,,3,0.75,424.52,164.08,56.88,458.66
2026-09-02 00:14:56.526,100.0,150.0,282.0,10.3956,-48.9074,-86.6025,,4,1.0,424.55,164.08,56.88,458.69
2026-09-02 00:14:56.765,100.0,150.0,282.0,10.3956,-48.9074,-86.6025,,5,1.25,424.55,164.08,56.88,458.69
2026-09-02 00:15:03.397,100.0,150.0,288.0,15.4508,-47.5528,-86.6025,,1,0.25,424.64,164.15,56.8,458.79
2026-09-02 00:15:03.652,100.0,150.0,288.0,15.4508,-47.5528,-86.6025,,2,0.5,424.65,164.15,56.79,458.8
2026-09-02 00:15:03.891,100.0,150.0,288.0,15.4508,-47.5528,-86.6025,,3,0.75,424.65,164.15,56.79,458.8
2026-09-02 00:15:04.146,100.0,150.0,288.0,15.4508,-47.5528,-86.6025,,4,1.0,424.65,164.16,56.8,458.8
2026-09-02 00:15:04.401,100.0,150.0,288.0,15.4508,-47.5528,-86.6025,,5,1.25,424.65,164.16,56.8,458.8
2026-09-02 00:15:11.017,100.0,150.0,294.0,20.3368,-45.6773,-86.6025,,1,0.25,424.75,164.31,56.81,458.95
2026-09-02 00:15:11.272,100.0,150.0,294.0,20.3368,-45.6773,-86.6025,,2,0.5,424.75,164.31,56.81,458.95
2026-09-02 00:15:11.511,100.0,150.0,294.0,20.3368,-45.6773,-86.6025,,3,0.75,424.73,164.32,56.81,458.93
2026-09-02 00:15:11.766,100.0,150.0,294.0,20.3368,-45.6773,-86.6025,,4,1.0,424.73,164.32,56.81,458.93
2026-09-02 00:15:12.022,100.0,150.0,294.0,20.3368,-45.6773,-86.6025,,5,1.25,424.74,164.31,56.8,458.94
2026-09-02 00:15:18.638,100.0,150.0,300.0,25.0,-43.3013,-86.6025,,1,0.25,424.81,164.53,56.77,459.08
2026-09-02 00:15:21.141,100.0,150.0,300.0,25.0,-43.3013,-86.6025,,2,0.5,424.85,164.52,56.77,459.11
2026-09-02 00:15:21.396,100.0,150.0,300.0,25.0,-43.3013,-86.6025,,3,0.75,424.85,164.52,56.77,459.11
2026-09-02 00:15:21.651,100.0,150.0,300.0,25.0,-43.3013,-86.6025,,4,1.0,424.87,164.52,56.78,459.13
2026-09-02 00:15:21.890,100.0,150.0,300.0,25.0,-43.3013,-86.6025,,5,1.25,424.87,164.52,56.78,459.13
2026-09-02 00:15:28.522,100.0,150.0,306.0,29.3893,-40.4508,-86.6025,,1,0.25,424.93,164.59,56.76,459.21
2026-09-02 00:15:28.777,100.0,150.0,306.0,29.3893,-40.4508,-86.6025,,2,0.5,424.93,164.59,56.76,459.21
2026-09-02 00:15:29.016,100.0,150.0,306.0,29.3893,-40.4508,-86.6025,,3,0.75,424.95,164.59,56.76,459.23
2026-09-02 00:15:29.271,100.0,150.0,306.0,29.3893,-40.4508,-86.6025,,4,1.0,424.95,164.59,56.76,459.23
2026-09-02 00:15:29.526,100.0,150.0,306.0,29.3893,-40.4508,-86.6025,,5,1.25,424.96,164.59,56.75,459.24
2026-09-02 00:15:36.142,100.0,150.0,312.0,33.4565,-37.1572,-86.6025,,1,0.25,425.16,164.78,56.8,459.49
2026-09-02 00:15:36.397,100.0,150.0,312.0,33.4565,-37.1572,-86.6025,,2,0.5,425.16,164.78,56.8,459.49
2026-09-02 00:15:36.636,100.0,150.0,312.0,33.4565,-37.1572,-86.6025,,3,0.75,425.16,164.81,56.79,459.5
2026-09-02 00:15:39.139,100.0,150.0,312.0,33.4565,-37.1572,-86.6025,,4,1.0,425.16,164.81,56.79,459.5
2026-09-02 00:15:39.394,100.0,150.0,312.0,33.4565,-37.1572,-86.6025,,5,1.25,425.14,164.81,56.8,459.49
2026-09-02 00:15:46.026,100.0,150.0,318.0,37.1572,-33.4565,-86.6025,,1,0.25,425.38,164.73,56.8,459.68
2026-09-02 00:15:46.265,100.0,150.0,318.0,37.1572,-33.4565,-86.6025,,2,0.5,425.38,164.73,56.8,459.68
2026-09-02 00:15:46.520,100.0,150.0,318.0,37.1572,-33.4565,-86.6025,,3,0.75,425.44,164.73,56.8,459.74
2026-09-02 00:15:46.775,100.0,150.0,318.0,37.1572,-33.4565,-86.6025,,4,1.0,425.44,164.73,56.8,459.74
2026-09-02 00:15:47.014,100.0,150.0,318.0,37.1572,-33.4565,-86.6025,,5,1.25,425.43,164.72,56.8,459.72
2026-09-02 00:15:53.646,100.0,150.0,324.0,40.4508,-29.3893,-86.6025,,1,0.25,425.55,164.72,56.8,459.83
2026-09-02 00:15:53.902,100.0,150.0,324.0,40.4508,-29.3893,-86.6025,,2,0.5,425.58,164.72,56.8,459.86
2026-09-02 00:15:54.141,100.0,150.0,324.0,40.4508,-29.3893,-86.6025,,3,0.75,425.58,164.72,56.8,459.86
2026-09-02 00:15:54.396,100.0,150.0,324.0,40.4508,-29.3893,-86.6025,,4,1.0,425.56,164.73,56.81,459.85
2026-09-02 00:15:54.651,100.0,150.0,324.0,40.4508,-29.3893,-86.6025,,5,1.25,425.56,164.73,56.81,459.85
2026-09-02 00:16:01.267,100.0,150.0,330.0,43.3013,-25.0,-86.6025,,1,0.25,425.81,164.78,56.76,460.09
2026-09-02 00:16:01.522,100.0,150.0,330.0,43.3013,-25.0,-86.6025,,2,0.5,425.78,164.79,56.75,460.07
2026-09-02 00:16:01.761,100.0,150.0,330.0,43.3013,-25.0,-86.6025,,3,0.75,425.78,164.79,56.75,460.07
2026-09-02 00:16:02.016,100.0,150.0,330.0,43.3013,-25.0,-86.6025,,4,1.0,425.83,164.8,56.74,460.11
2026-09-02 00:16:02.271,100.0,150.0,330.0,43.3013,-25.0,-86.6025,,5,1.25,425.83,164.8,56.74,460.11
2026-09-02 00:16:08.887,100.0,150.0,336.0,45.6773,-20.3368,-86.6025,,1,0.25,426.04,164.72,56.7,460.27
2026-09-02 00:16:09.142,100.0,150.0,336.0,45.6773,-20.3368,-86.6025,,2,0.5,426.04,164.72,56.7,460.27
2026-09-02 00:16:09.397,100.0,150.0,336.0,45.6773,-20.3368,-86.6025,,3,0.75,425.95,164.74,56.71,460.2
2026-09-02 00:16:09.636,100.0,150.0,336.0,45.6773,-20.3368,-86.6025,,4,1.0,425.95,164.74,56.71,460.2
2026-09-02 00:16:12.139,100.0,150.0,336.0,45.6773,-20.3368,-86.6025,,5,1.25,425.95,164.74,56.71,460.2
2026-09-02 00:16:18.771,100.0,150.0,342.0,47.5528,-15.4508,-86.6025,,1,0.25,426.14,164.57,56.72,460.32
2026-09-02 00:16:19.026,100.0,150.0,342.0,47.5528,-15.4508,-86.6025,,2,0.5,426.15,164.59,56.73,460.33
2026-09-02 00:16:19.265,100.0,150.0,342.0,47.5528,-15.4508,-86.6025,,3,0.75,426.15,164.59,56.73,460.33
2026-09-02 00:16:19.520,100.0,150.0,342.0,47.5528,-15.4508,-86.6025,,4,1.0,426.15,164.59,56.73,460.33
2026-09-02 00:16:19.776,100.0,150.0,342.0,47.5528,-15.4508,-86.6025,,5,1.25,426.1,164.58,56.73,460.28
2026-09-02 00:16:26.392,100.0,150.0,348.0,48.9074,-10.3956,-86.6025,,1,0.25,426.22,164.43,56.75,460.34
2026-09-02 00:16:26.647,100.0,150.0,348.0,48.9074,-10.3956,-86.6025,,2,0.5,426.22,164.43,56.75,460.34
2026-09-02 00:16:26.886,100.0,150.0,348.0,48.9074,-10.3956,-86.6025,,3,0.75,426.24,164.43,56.74,460.36
2026-09-02 00:16:29.389,100.0,150.0,348.0,48.9074,-10.3956,-86.6025,,4,1.0,426.21,164.39,56.74,460.32
2026-09-02 00:16:29.644,100.0,150.0,348.0,48.9074,-10.3956,-86.6025,,5,1.25,426.21,164.39,56.74,460.32
2026-09-02 00:16:36.276,100.0,150.0,354.0,49.7261,-5.2264,-86.6025,,1,0.25,426.43,164.14,56.79,460.44
2026-09-02 00:16:36.515,100.0,150.0,354.0,49.7261,-5.2264,-86.6025,,2,0.5,426.43,164.14,56.79,460.44
2026-09-02 00:16:36.770,100.0,150.0,354.0,49.7261,-5.2264,-86.6025,,3,0.75,426.39,164.14,56.78,460.4
2026-09-02 00:16:37.025,100.0,150.0,354.0,49.7261,-5.2264,-86.6025,,4,1.0,426.39,164.14,56.78,460.4
2026-09-02 00:16:37.264,100.0,150.0,354.0,49.7261,-5.2264,-86.6025,,5,1.25,426.35,164.13,56.77,460.36
2026-09-02 00:16:44.263,100.0,156.0,354.0,40.4508,-4.2516,-91.3545,,1,0.25,426.01,164.21,57.0,460.1
2026-09-02 00:16:44.518,100.0,156.0,354.0,40.4508,-4.2516,-91.3545,,2,0.5,426.09,164.21,56.99,460.17
2026-09-02 00:16:44.773,100.0,156.0,354.0,40.4508,-4.2516,-91.3545,,3,0.75,426.09,164.21,56.99,460.17
2026-09-02 00:16:45.012,100.0,156.0,354.0,40.4508,-4.2516,-91.3545,,4,1.0,426.09,164.23,56.99,460.18
2026-09-02 00:16:45.267,100.0,156.0,354.0,40.4508,-4.2516,-91.3545,,5,1.25,426.09,164.23,56.99,460.18
2026-09-02 00:16:51.899,100.0,156.0,348.0,39.7848,-8.4565,-91.3545,,1,0.25,426.06,164.35,56.99,460.2
2026-09-02 00:16:52.138,100.0,156.0,348.0,39.7848,-8.4565,-91.3545,,2,0.5,426.05,164.36,57.0,460.19
2026-09-02 00:16:52.393,100.0,156.0,348.0,39.7848,-8.4565,-91.3545,,3,0.75,426.05,164.36,57.0,460.19
2026-09-02 00:16:52.648,100.0,156.0,348.0,39.7848,-8.4565,-91.3545,,4,1.0,426.07,164.38,56.98,460.22
2026-09-02 00:16:52.887,100.0,156.0,348.0,39.7848,-8.4565,-91.3545,,5,1.25,426.07,164.38,56.98,460.22
2026-09-02 00:16:59.519,100.0,156.0,342.0,38.683,-12.5689,-91.3545,,1,0.25,425.92,164.51,56.97,460.12
2026-09-02 00:16:59.774,100.0,156.0,342.0,38.683,-12.5689,-91.3545,,2,0.5,425.92,164.51,56.97,460.12
2026-09-02 00:17:00.014,100.0,156.0,342.0,38.683,-12.5689,-91.3545,,3,0.75,425.93,164.5,56.97,460.13
2026-09-02 00:17:00.269,100.0,156.0,342.0,38.683,-12.5689,-91.3545,,4,1.0,425.93,164.5,56.97,460.13
2026-09-02 00:17:00.524,100.0,156.0,342.0,38.683,-12.5689,-91.3545,,5,1.25,425.95,164.49,56.97,460.14
2026-09-02 00:17:07.140,100.0,156.0,336.0,37.1572,-16.5435,-91.3545,,1,0.25,425.86,164.63,57.02,460.12
2026-09-02 00:17:07.395,100.0,156.0,336.0,37.1572,-16.5435,-91.3545,,2,0.5,425.86,164.63,57.02,460.12
2026-09-02 00:17:07.650,100.0,156.0,336.0,37.1572,-16.5435,-91.3545,,3,0.75,425.8,164.61,57.04,460.06
2026-09-02 00:17:07.889,100.0,156.0,336.0,37.1572,-16.5435,-91.3545,,4,1.0,425.8,164.61,57.04,460.06
2026-09-02 00:17:08.144,100.0,156.0,336.0,37.1572,-16.5435,-91.3545,,5,1.25,425.82,164.62,57.03,460.08
2026-09-02 00:17:14.776,100.0,156.0,330.0,35.2244,-20.3368,-91.3545,,1,0.25,425.69,164.79,57.03,460.02
2026-09-02 00:17:15.015,100.0,156.0,330.0,35.2244,-20.3368,-91.3545,,2,0.5,425.73,164.78,57.03,460.05
2026-09-02 00:17:15.270,100.0,156.0,330.0,35.2244,-20.3368,-91.3545,,3,0.75,425.73,164.78,57.03,460.05
2026-09-02 00:17:15.525,100.0,156.0,330.0,35.2244,-20.3368,-91.3545,,4,1.0,425.71,164.79,57.02,460.03
2026-09-02 00:17:15.764,100.0,156.0,330.0,35.2244,-20.3368,-91.3545,,5,1.25,425.71,164.79,57.02,460.03
2026-09-02 00:17:22.396,100.0,156.0,324.0,32.9057,-23.9074,-91.3545,,1,0.25,425.64,164.56,57.03,459.89
2026-09-02 00:17:22.635,100.0,156.0,324.0,32.9057,-23.9074,-91.3545,,2,0.5,425.62,164.52,57.03,459.86
2026-09-02 00:17:25.138,100.0,156.0,324.0,32.9057,-23.9074,-91.3545,,3,0.75,425.62,164.52,57.03,459.86
2026-09-02 00:17:25.394,100.0,156.0,324.0,32.9057,-23.9074,-91.3545,,4,1.0,425.65,164.54,57.04,459.89
2026-09-02 00:17:25.649,100.0,156.0,324.0,32.9057,-23.9074,-91.3545,,5,1.25,425.65,164.54,57.04,459.89
2026-09-02 00:17:32.265,100.0,156.0,318.0,30.2264,-27.216,-91.3545,,1,0.25,425.48,164.52,57.04,459.73
2026-09-02 00:17:32.520,100.0,156.0,318.0,30.2264,-27.216,-91.3545,,2,0.5,425.47,164.5,57.04,459.71
2026-09-02 00:17:32.775,100.0,156.0,318.0,30.2264,-27.216,-91.3545,,3,0.75,425.47,164.5,57.04,459.71
2026-09-02 00:17:33.014,100.0,156.0,318.0,30.2264,-27.216,-91.3545,,4,1.0,425.47,164.51,57.04,459.71
2026-09-02 00:17:33.269,100.0,156.0,318.0,30.2264,-27.216,-91.3545,,5,1.25,425.47,164.51,57.04,459.71
2026-09-02 00:17:39.901,100.0,156.0,312.0,27.216,-30.2264,-91.3545,,1,0.25,425.3,164.44,57.03,459.53
2026-09-02 00:17:40.140,100.0,156.0,312.0,27.216,-30.2264,-91.3545,,2,0.5,425.3,164.44,57.03,459.53
2026-09-02 00:17:40.395,100.0,156.0,312.0,27.216,-30.2264,-91.3545,,3,0.75,425.34,164.46,57.03,459.57
2026-09-02 00:17:40.650,100.0,156.0,312.0,27.216,-30.2264,-91.3545,,4,1.0,425.34,164.46,57.03,459.57
2026-09-02 00:17:40.889,100.0,156.0,312.0,27.216,-30.2264,-91.3545,,5,1.25,425.3,164.43,57.02,459.53
2026-09-02 00:17:47.521,100.0,156.0,306.0,23.9074,-32.9057,-91.3545,,1,0.25,425.07,164.53,56.99,459.35
2026-09-02 00:17:47.760,100.0,156.0,306.0,23.9074,-32.9057,-91.3545,,2,0.5,425.07,164.53,56.99,459.35
2026-09-02 00:17:48.015,100.0,156.0,306.0,23.9074,-32.9057,-91.3545,,3,0.75,425.1,164.51,56.99,459.37
2026-09-02 00:17:48.270,100.0,156.0,306.0,23.9074,-32.9057,-91.3545,,4,1.0,425.1,164.51,56.99,459.37
2026-09-02 00:17:48.525,100.0,156.0,306.0,23.9074,-32.9057,-91.3545,,5,1.25,425.06,164.49,56.99,459.32
2026-09-02 00:17:55.141,100.0,156.0,300.0,20.3368,-35.2244,-91.3545,,1,0.25,425.03,164.43,56.94,459.27
2026-09-02 00:17:55.397,100.0,156.0,300.0,20.3368,-35.2244,-91.3545,,2,0.5,425.03,164.43,56.94,459.27
2026-09-02 00:17:55.636,100.0,156.0,300.0,20.3368,-35.2244,-91.3545,,3,0.75,425.05,164.45,56.92,459.29
2026-09-02 00:17:58.139,100.0,156.0,300.0,20.3368,-35.2244,-91.3545,,4,1.0,425.05,164.45,56.92,459.29
2026-09-02 00:17:58.394,100.0,156.0,300.0,20.3368,-35.2244,-91.3545,,5,1.25,425.01,164.46,56.93,459.26
2026-09-02 00:18:05.010,100.0,156.0,294.0,16.5435,-37.1572,-91.3545,,1,0.5,424.92,164.38,57.01,459.16
2026-09-02 00:18:05.775,100.0,156.0,294.0,16.5435,-37.1572,-91.3545,,2,0.75,424.92,164.38,57.01,459.16
2026-09-02 00:18:06.014,100.0,156.0,294.0,16.5435,-37.1572,-91.3545,,3,1.0,424.95,164.42,57.0,459.2
2026-09-02 00:18:06.269,100.0,156.0,294.0,16.5435,-37.1572,-91.3545,,4,1.25,424.95,164.42,57.0,459.2
2026-09-02 00:18:06.524,100.0,156.0,294.0,16.5435,-37.1572,-91.3545,,5,1.5,424.95,164.42,57.0,459.2
2026-09-02 00:18:13.140,100.0,156.0,288.0,12.5689,-38.683,-91.3545,,1,0.25,424.91,164.23,56.97,459.09
2026-09-02 00:18:13.395,100.0,156.0,288.0,12.5689,-38.683,-91.3545,,2,0.5,424.84,164.23,56.95,459.02
2026-09-02 00:18:13.650,100.0,156.0,288.0,12.5689,-38.683,-91.3545,,3,0.75,424.84,164.23,56.95,459.02
2026-09-02 00:18:13.890,100.0,156.0,288.0,12.5689,-38.683,-91.3545,,4,1.0,424.92,164.22,56.96,459.09
2026-09-02 00:18:14.145,100.0,156.0,288.0,12.5689,-38.683,-91.3545,,5,1.25,424.92,164.22,56.96,459.09
2026-09-02 00:18:20.761,100.0,156.0,282.0,8.4565,-39.7848,-91.3545,,1,0.25,424.75,164.21,56.9,458.92
2026-09-02 00:18:21.016,100.0,156.0,282.0,8.4565,-39.7848,-91.3545,,2,0.5,424.79,164.21,56.89,458.96
2026-09-02 00:18:21.271,100.0,156.0,282.0,8.4565,-39.7848,-91.3545,,3,0.75,424.79,164.21,56.89,458.96
2026-09-02 00:18:21.510,100.0,156.0,282.0,8.4565,-39.7848,-91.3545,,4,1.0,424.79,164.21,56.89,458.96
2026-09-02 00:18:21.765,100.0,156.0,282.0,8.4565,-39.7848,-91.3545,,5,1.25,424.75,164.22,56.9,458.93
2026-09-02 00:18:28.397,100.0,156.0,276.0,4.2516,-40.4508,-91.3545,,1,0.25,424.76,164.18,56.95,458.93
2026-09-02 00:18:28.636,100.0,156.0,276.0,4.2516,-40.4508,-91.3545,,2,0.5,424.76,164.18,56.95,458.93
2026-09-02 00:18:28.891,100.0,156.0,276.0,4.2516,-40.4508,-91.3545,,3,0.75,424.76,164.19,56.96,458.93
2026-09-02 00:18:29.146,100.0,156.0,276.0,4.2516,-40.4508,-91.3545,,4,1.0,424.76,164.19,56.96,458.93
2026-09-02 00:18:29.385,100.0,156.0,276.0,4.2516,-40.4508,-91.3545,,5,1.25,424.77,164.21,56.94,458.95
2026-09-02 00:18:38.265,100.0,156.0,270.0,-0.0,-40.6737,-91.3545,,1,0.25,424.84,164.1,56.91,458.97
2026-09-02 00:18:38.520,100.0,156.0,270.0,-0.0,-40.6737,-91.3545,,2,0.5,424.84,164.1,56.91,458.97
2026-09-02 00:18:38.760,100.0,156.0,270.0,-0.0,-40.6737,-91.3545,,3,0.75,424.82,164.1,56.89,458.95
2026-09-02 00:18:39.015,100.0,156.0,270.0,-0.0,-40.6737,-91.3545,,4,1.0,424.82,164.1,56.89,458.95
2026-09-02 00:18:39.270,100.0,156.0,270.0,-0.0,-40.6737,-91.3545,,5,1.25,424.83,164.1,56.9,458.96
2026-09-02 00:18:45.886,100.0,156.0,264.0,-4.2516,-40.4508,-91.3545,,1,0.25,424.96,163.66,56.91,458.92
2026-09-02 00:18:48.389,100.0,156.0,264.0,-4.2516,-40.4508,-91.3545,,2,0.5,424.96,163.64,56.9,458.91
2026-09-02 00:18:48.644,100.0,156.0,264.0,-4.2516,-40.4508,-91.3545,,3,0.75,424.96,163.64,56.9,458.91
2026-09-02 00:18:48.899,100.0,156.0,264.0,-4.2516,-40.4508,-91.3545,,4,1.0,424.96,163.64,56.9,458.91
2026-09-02 00:18:49.138,100.0,156.0,264.0,-4.2516,-40.4508,-91.3545,,5,1.25,424.97,163.63,56.9,458.92
2026-09-02 00:18:55.770,100.0,156.0,258.0,-8.4565,-39.7848,-91.3545,,1,0.25,425.16,163.51,56.89,459.05
2026-09-02 00:18:56.025,100.0,156.0,258.0,-8.4565,-39.7848,-91.3545,,2,0.5,425.16,163.51,56.89,459.05
2026-09-02 00:18:56.264,100.0,156.0,258.0,-8.4565,-39.7848,-91.3545,,3,0.75,425.14,163.5,56.88,459.03
2026-09-02 00:18:56.519,100.0,156.0,258.0,-8.4565,-39.7848,-91.3545,,4,1.0,425.14,163.5,56.88,459.03
2026-09-02 00:18:56.774,100.0,156.0,258.0,-8.4565,-39.7848,-91.3545,,5,1.25,425.18,163.5,56.89,459.07
2026-09-02 00:19:03.390,100.0,156.0,252.0,-12.5689,-38.683,-91.3545,,1,0.25,425.21,163.56,56.97,459.13
2026-09-02 00:19:03.645,100.0,156.0,252.0,-12.5689,-38.683,-91.3545,,2,0.5,425.21,163.56,56.97,459.13
2026-09-02 00:19:03.885,100.0,156.0,252.0,-12.5689,-38.683,-91.3545,,3,0.75,425.23,163.56,56.98,459.15
2026-09-02 00:19:06.387,100.0,156.0,252.0,-12.5689,-38.683,-91.3545,,4,1.0,425.23,163.56,56.98,459.15
2026-09-02 00:19:06.643,100.0,156.0,252.0,-12.5689,-38.683,-91.3545,,5,1.25,425.25,163.56,56.98,459.16
2026-09-02 00:19:13.274,100.0,156.0,246.0,-16.5435,-37.1572,-91.3545,,1,0.25,425.42,163.66,57.03,459.36
2026-09-02 00:19:13.514,100.0,156.0,246.0,-16.5435,-37.1572,-91.3545,,2,0.5,425.42,163.66,57.03,459.36
2026-09-02 00:19:13.769,100.0,156.0,246.0,-16.5435,-37.1572,-91.3545,,3,0.75,425.43,163.66,57.04,459.37
2026-09-02 00:19:14.024,100.0,156.0,246.0,-16.5435,-37.1572,-91.3545,,4,1.0,425.43,163.66,57.04,459.37
2026-09-02 00:19:14.263,100.0,156.0,246.0,-16.5435,-37.1572,-91.3545,,5,1.25,425.41,163.66,57.04,459.36
2026-09-02 00:19:20.895,100.0,156.0,240.0,-20.3368,-35.2244,-91.3545,,1,0.25,425.61,163.51,57.04,459.49
2026-09-02 00:19:21.150,100.0,156.0,240.0,-20.3368,-35.2244,-91.3545,,2,0.5,425.6,163.51,57.03,459.48
2026-09-02 00:19:21.389,100.0,156.0,240.0,-20.3368,-35.2244,-91.3545,,3,0.75,425.6,163.51,57.03,459.48
2026-09-02 00:19:21.644,100.0,156.0,240.0,-20.3368,-35.2244,-91.3545,,4,1.0,425.62,163.5,57.03,459.49
2026-09-02 00:19:21.899,100.0,156.0,240.0,-20.3368,-35.2244,-91.3545,,5,1.25,425.62,163.5,57.03,459.49
2026-09-02 00:19:28.515,100.0,156.0,234.0,-23.9074,-32.9057,-91.3545,,1,0.25,425.77,163.8,57.11,459.75
2026-09-02 00:19:28.770,100.0,156.0,234.0,-23.9074,-32.9057,-91.3545,,2,0.5,425.76,163.79,57.11,459.73
2026-09-02 00:19:29.009,100.0,156.0,234.0,-23.9074,-32.9057,-91.3545,,3,0.75,425.76,163.79,57.11,459.73
2026-09-02 00:19:29.264,100.0,156.0,234.0,-23.9074,-32.9057,-91.3545,,4,1.0,425.66,163.81,57.1,459.65
2026-09-02 00:19:29.519,100.0,156.0,234.0,-23.9074,-32.9057,-91.3545,,5,1.25,425.66,163.81,57.1,459.65
2026-09-02 00:19:36.135,100.0,156.0,228.0,-27.216,-30.2264,-91.3545,,1,0.25,425.89,163.79,57.15,459.86
2026-09-02 00:19:38.638,100.0,156.0,228.0,-27.216,-30.2264,-91.3545,,2,0.5,425.92,163.8,57.15,459.89
2026-09-02 00:19:38.893,100.0,156.0,228.0,-27.216,-30.2264,-91.3545,,3,0.75,425.92,163.8,57.15,459.89
2026-09-02 00:19:39.148,100.0,156.0,228.0,-27.216,-30.2264,-91.3545,,4,1.0,425.91,163.8,57.15,459.88
2026-09-02 00:19:39.388,100.0,156.0,228.0,-27.216,-30.2264,-91.3545,,5,1.25,425.91,163.8,57.15,459.88
2026-09-02 00:19:47.881,100.0,156.0,222.0,-30.2264,-27.216,-91.3545,,1,1.5,425.96,164.04,57.19,460.02
2026-09-02 00:19:48.012,100.0,156.0,222.0,-30.2264,-27.216,-91.3545,,2,1.75,426.01,164.02,57.19,460.06
2026-09-02 00:19:48.267,100.0,156.0,222.0,-30.2264,-27.216,-91.3545,,3,2.0,426.01,164.02,57.19,460.06
2026-09-02 00:19:48.522,100.0,156.0,222.0,-30.2264,-27.216,-91.3545,,4,2.25,425.98,164.03,57.21,460.04
2026-09-02 00:19:48.762,100.0,156.0,222.0,-30.2264,-27.216,-91.3545,,5,2.5,425.98,164.03,57.21,460.04
2026-09-02 00:19:55.394,100.0,156.0,216.0,-32.9057,-23.9074,-91.3545,,1,0.25,426.1,164.18,57.21,460.2
2026-09-02 00:19:55.649,100.0,156.0,216.0,-32.9057,-23.9074,-91.3545,,2,0.5,426.05,164.18,57.23,460.16
2026-09-02 00:19:55.888,100.0,156.0,216.0,-32.9057,-23.9074,-91.3545,,3,0.75,426.05,164.18,57.23,460.16
2026-09-02 00:19:56.143,100.0,156.0,216.0,-32.9057,-23.9074,-91.3545,,4,1.0,426.08,164.19,57.2,460.18
2026-09-02 00:19:56.398,100.0,156.0,216.0,-32.9057,-23.9074,-91.3545,,5,1.25,426.08,164.19,57.2,460.18
2026-09-02 00:20:03.014,100.0,156.0,210.0,-35.2244,-20.3368,-91.3545,,1,0.25,426.24,164.32,57.28,460.39
2026-09-02 00:20:03.269,100.0,156.0,210.0,-35.2244,-20.3368,-91.3545,,2,0.5,426.24,164.32,57.28,460.39
2026-09-02 00:20:03.524,100.0,156.0,210.0,-35.2244,-20.3368,-91.3545,,3,0.75,426.23,164.32,57.27,460.38
2026-09-02 00:20:03.763,100.0,156.0,210.0,-35.2244,-20.3368,-91.3545,,4,1.0,426.23,164.32,57.27,460.38
2026-09-02 00:20:04.018,100.0,156.0,210.0,-35.2244,-20.3368,-91.3545,,5,1.25,426.14,164.34,57.28,460.3
2026-09-02 00:20:10.634,100.0,156.0,204.0,-37.1572,-16.5435,-91.3545,,1,0.25,426.25,164.39,57.3,460.43
2026-09-02 00:20:13.137,100.0,156.0,204.0,-37.1572,-16.5435,-91.3545,,2,0.5,426.22,164.39,57.3,460.4
2026-09-02 00:20:13.392,100.0,156.0,204.0,-37.1572,-16.5435,-91.3545,,3,0.75,426.22,164.39,57.3,460.4
2026-09-02 00:20:13.647,100.0,156.0,204.0,-37.1572,-16.5435,-91.3545,,4,1.0,426.22,164.39,57.3,460.4
2026-09-02 00:20:13.886,100.0,156.0,204.0,-37.1572,-16.5435,-91.3545,,5,1.25,426.21,164.4,57.29,460.39
2026-09-02 00:20:20.518,100.0,156.0,198.0,-38.683,-12.5689,-91.3545,,1,0.25,426.28,164.55,57.41,460.52
2026-09-02 00:20:20.773,100.0,156.0,198.0,-38.683,-12.5689,-91.3545,,2,0.5,426.28,164.55,57.41,460.52
2026-09-02 00:20:21.012,100.0,156.0,198.0,-38.683,-12.5689,-91.3545,,3,0.75,426.26,164.52,57.39,460.49
2026-09-02 00:20:21.268,100.0,156.0,198.0,-38.683,-12.5689,-91.3545,,4,1.0,426.26,164.52,57.39,460.49
2026-09-02 00:20:21.523,100.0,156.0,198.0,-38.683,-12.5689,-91.3545,,5,1.25,426.24,164.53,57.41,460.48
2026-09-02 00:20:28.139,100.0,156.0,192.0,-39.7848,-8.4565,-91.3545,,1,0.25,426.19,164.7,57.43,460.5
2026-09-02 00:20:28.394,100.0,156.0,192.0,-39.7848,-8.4565,-91.3545,,2,0.5,426.19,164.7,57.43,460.5
2026-09-02 00:20:28.649,100.0,156.0,192.0,-39.7848,-8.4565,-91.3545,,3,0.75,426.19,164.7,57.43,460.5
2026-09-02 00:20:28.888,100.0,156.0,192.0,-39.7848,-8.4565,-91.3545,,4,1.0,426.19,164.71,57.43,460.5
2026-09-02 00:20:29.143,100.0,156.0,192.0,-39.7848,-8.4565,-91.3545,,5,1.25,426.19,164.71,57.43,460.5
2026-09-02 00:20:35.759,100.0,156.0,186.0,-40.4508,-4.2516,-91.3545,,1,0.25,426.21,164.93,57.46,460.6
2026-09-02 00:20:36.014,100.0,156.0,186.0,-40.4508,-4.2516,-91.3545,,2,0.5,426.18,164.93,57.45,460.57
2026-09-02 00:20:36.269,100.0,156.0,186.0,-40.4508,-4.2516,-91.3545,,3,0.75,426.18,164.93,57.45,460.57
2026-09-02 00:20:36.524,100.0,156.0,186.0,-40.4508,-4.2516,-91.3545,,4,1.0,426.14,164.94,57.46,460.54
2026-09-02 00:20:36.763,100.0,156.0,186.0,-40.4508,-4.2516,-91.3545,,5,1.25,426.14,164.94,57.46,460.54
2026-09-02 00:20:43.395,100.0,156.0,180.0,-40.6737,0.0,-91.3545,,1,0.25,426.14,164.99,57.46,460.56
2026-09-02 00:20:43.634,100.0,156.0,180.0,-40.6737,0.0,-91.3545,,2,0.5,426.1,165.01,57.44,460.53
2026-09-02 00:20:46.137,100.0,156.0,180.0,-40.6737,0.0,-91.3545,,3,0.75,426.1,165.01,57.44,460.53
2026-09-02 00:20:46.392,100.0,156.0,180.0,-40.6737,0.0,-91.3545,,4,1.0,426.08,165.0,57.45,460.51
2026-09-02 00:20:46.647,100.0,156.0,180.0,-40.6737,0.0,-91.3545,,5,1.25,426.08,165.0,57.45,460.51
2026-09-02 00:20:53.263,100.0,156.0,174.0,-40.4508,4.2516,-91.3545,,1,0.25,426.08,165.09,57.45,460.54
2026-09-02 00:20:53.519,100.0,156.0,174.0,-40.4508,4.2516,-91.3545,,2,0.5,426.08,165.08,57.43,460.53
2026-09-02 00:20:53.774,100.0,156.0,174.0,-40.4508,4.2516,-91.3545,,3,0.75,426.08,165.08,57.43,460.53
2026-09-02 00:20:54.013,100.0,156.0,174.0,-40.4508,4.2516,-91.3545,,4,1.0,426.07,165.06,57.45,460.52
2026-09-02 00:20:54.268,100.0,156.0,174.0,-40.4508,4.2516,-91.3545,,5,1.25,426.07,165.06,57.45,460.52
2026-09-02 00:21:00.884,100.0,156.0,168.0,-39.7848,8.4565,-91.3545,,1,0.25,426.0,165.11,57.41,460.47
2026-09-02 00:21:03.387,100.0,156.0,168.0,-39.7848,8.4565,-91.3545,,2,0.5,426.0,165.07,57.42,460.45
2026-09-02 00:21:03.642,100.0,156.0,168.0,-39.7848,8.4565,-91.3545,,3,0.75,426.0,165.07,57.42,460.45
2026-09-02 00:21:03.897,100.0,156.0,168.0,-39.7848,8.4565,-91.3545,,4,1.0,426.02,165.1,57.42,460.48
2026-09-02 00:21:04.136,100.0,156.0,168.0,-39.7848,8.4565,-91.3545,,5,1.25,426.02,165.1,57.42,460.48
2026-09-02 00:21:10.768,100.0,156.0,162.0,-38.683,12.5689,-91.3545,,1,0.25,425.74,165.19,57.36,460.25
2026-09-02 00:21:11.023,100.0,156.0,162.0,-38.683,12.5689,-91.3545,,2,0.5,425.74,165.19,57.36,460.25
2026-09-02 00:21:11.262,100.0,156.0,162.0,-38.683,12.5689,-91.3545,,3,0.75,425.68,165.17,57.38,460.19
2026-09-02 00:21:11.517,100.0,156.0,162.0,-38.683,12.5689,-91.3545,,4,1.0,425.68,165.17,57.38,460.19
2026-09-02 00:21:11.772,100.0,156.0,162.0,-38.683,12.5689,-91.3545,,5,1.25,425.75,165.18,57.37,460.25
2026-09-02 00:21:18.388,100.0,156.0,156.0,-37.1572,16.5435,-91.3545,,1,0.25,425.45,165.38,57.29,460.04
2026-09-02 00:21:18.643,100.0,156.0,156.0,-37.1572,16.5435,-91.3545,,2,0.5,425.45,165.38,57.29,460.04
2026-09-02 00:21:18.898,100.0,156.0,156.0,-37.1572,16.5435,-91.3545,,3,0.75,425.43,165.37,57.31,460.02
2026-09-02 00:21:19.138,100.0,156.0,156.0,-37.1572,16.5435,-91.3545,,4,1.0,425.43,165.37,57.31,460.02
2026-09-02 00:21:19.393,100.0,156.0,156.0,-37.1572,16.5435,-91.3545,,5,1.25,425.53,165.37,57.3,460.11
2026-09-02 00:21:26.009,100.0,156.0,150.0,-35.2244,20.3368,-91.3545,,1,0.25,425.29,165.31,57.24,459.86
2026-09-02 00:21:26.264,100.0,156.0,150.0,-35.2244,20.3368,-91.3545,,2,0.5,425.29,165.31,57.24,459.86
2026-09-02 00:21:26.519,100.0,156.0,150.0,-35.2244,20.3368,-91.3545,,3,0.75,425.29,165.31,57.24,459.86
2026-09-02 00:21:26.774,100.0,156.0,150.0,-35.2244,20.3368,-91.3545,,4,1.0,425.34,165.31,57.24,459.91
2026-09-02 00:21:27.013,100.0,156.0,150.0,-35.2244,20.3368,-91.3545,,5,1.25,425.34,165.31,57.24,459.91
2026-09-02 00:21:33.645,100.0,156.0,144.0,-32.9057,23.9074,-91.3545,,1,0.25,425.05,165.35,57.23,459.65
2026-09-02 00:21:33.884,100.0,156.0,144.0,-32.9057,23.9074,-91.3545,,2,0.5,425.03,165.36,57.21,459.63
2026-09-02 00:21:36.387,100.0,156.0,144.0,-32.9057,23.9074,-91.3545,,3,0.75,425.04,165.36,57.22,459.64
2026-09-02 00:21:36.642,100.0,156.0,144.0,-32.9057,23.9074,-91.3545,,4,1.0,425.04,165.36,57.22,459.64
2026-09-02 00:21:36.897,100.0,156.0,144.0,-32.9057,23.9074,-91.3545,,5,1.25,425.14,165.36,57.22,459.74
2026-09-02 00:21:43.513,100.0,156.0,138.0,-30.2264,27.216,-91.3545,,1,0.25,424.95,165.28,57.17,459.53
2026-09-02 00:21:43.768,100.0,156.0,138.0,-30.2264,27.216,-91.3545,,2,0.5,424.97,165.26,57.15,459.53
2026-09-02 00:21:44.023,100.0,156.0,138.0,-30.2264,27.216,-91.3545,,3,0.75,424.97,165.26,57.15,459.53
2026-09-02 00:21:44.262,100.0,156.0,138.0,-30.2264,27.216,-91.3545,,4,1.0,424.94,165.28,57.17,459.52
2026-09-02 00:21:44.517,100.0,156.0,138.0,-30.2264,27.216,-91.3545,,5,1.25,424.94,165.28,57.17,459.52
2026-09-02 00:21:51.133,100.0,156.0,132.0,-27.216,30.2264,-91.3545,,1,0.25,424.73,165.26,57.1,459.31
2026-09-02 00:21:53.636,100.0,156.0,132.0,-27.216,30.2264,-91.3545,,2,0.5,424.72,165.26,57.09,459.3
2026-09-02 00:21:53.892,100.0,156.0,132.0,-27.216,30.2264,-91.3545,,3,0.75,424.72,165.26,57.09,459.3
2026-09-02 00:21:54.147,100.0,156.0,132.0,-27.216,30.2264,-91.3545,,4,1.0,424.68,165.25,57.1,459.26
2026-09-02 00:21:54.386,100.0,156.0,132.0,-27.216,30.2264,-91.3545,,5,1.25,424.68,165.25,57.1,459.26
2026-09-02 00:22:01.018,100.0,156.0,126.0,-23.9074,32.9057,-91.3545,,1,0.25,424.58,165.17,57.01,459.12
2026-09-02 00:22:01.273,100.0,156.0,126.0,-23.9074,32.9057,-91.3545,,2,0.5,424.57,165.18,57.0,459.12
2026-09-02 00:22:01.512,100.0,156.0,126.0,-23.9074,32.9057,-91.3545,,3,0.75,424.57,165.18,57.0,459.12
2026-09-02 00:22:01.767,100.0,156.0,126.0,-23.9074,32.9057,-91.3545,,4,1.0,424.57,165.19,57.01,459.12
2026-09-02 00:22:02.022,100.0,156.0,126.0,-23.9074,32.9057,-91.3545,,5,1.25,424.57,165.19,57.01,459.12
2026-09-02 00:22:08.638,100.0,156.0,120.0,-20.3368,35.2244,-91.3545,,1,0.25,424.4,165.2,56.92,458.96
2026-09-02 00:22:08.893,100.0,156.0,120.0,-20.3368,35.2244,-91.3545,,2,0.5,424.4,165.2,56.92,458.96
2026-09-02 00:22:09.148,100.0,156.0,120.0,-20.3368,35.2244,-91.3545,,3,0.75,424.4,165.2,56.92,458.96
2026-09-02 00:22:09.387,100.0,156.0,120.0,-20.3368,35.2244,-91.3545,,4,1.0,424.4,165.2,56.92,458.96
2026-09-02 00:22:09.642,100.0,156.0,120.0,-20.3368,35.2244,-91.3545,,5,1.25,424.37,165.21,56.94,458.94
2026-09-02 00:22:16.258,100.0,156.0,114.0,-16.5435,37.1572,-91.3545,,1,0.25,424.34,164.88,56.9,458.78
2026-09-02 00:22:16.513,100.0,156.0,114.0,-16.5435,37.1572,-91.3545,,2,0.5,424.34,164.88,56.9,458.78
2026-09-02 00:22:16.768,100.0,156.0,114.0,-16.5435,37.1572,-91.3545,,3,0.75,424.34,164.85,56.91,458.77
2026-09-02 00:22:17.023,100.0,156.0,114.0,-16.5435,37.1572,-91.3545,,4,1.0,424.34,164.85,56.91,458.77
2026-09-02 00:22:17.263,100.0,156.0,114.0,-16.5435,37.1572,-91.3545,,5,1.25,424.3,164.87,56.91,458.74
2026-09-02 00:22:23.895,100.0,156.0,108.0,-12.5689,38.683,-91.3545,,1,0.25,424.1,164.87,56.84,458.55
2026-09-02 00:22:24.134,100.0,156.0,108.0,-12.5689,38.683,-91.3545,,2,0.5,424.12,164.87,56.84,458.57
2026-09-02 00:22:26.637,100.0,156.0,108.0,-12.5689,38.683,-91.3545,,3,0.75,424.08,164.89,56.85,458.54
2026-09-02 00:22:26.892,100.0,156.0,108.0,-12.5689,38.683,-91.3545,,4,1.0,424.08,164.89,56.85,458.54
2026-09-02 00:22:27.147,100.0,156.0,108.0,-12.5689,38.683,-91.3545,,5,1.25,424.13,164.87,56.84,458.58
2026-09-02 00:22:33.763,100.0,156.0,102.0,-8.4565,39.7848,-91.3545,,1,0.25,424.15,164.62,56.8,458.5
2026-09-02 00:22:34.018,100.0,156.0,102.0,-8.4565,39.7848,-91.3545,,2,0.5,424.15,164.62,56.8,458.5
2026-09-02 00:22:34.273,100.0,156.0,102.0,-8.4565,39.7848,-91.3545,,3,0.75,424.16,164.63,56.81,458.52
2026-09-02 00:22:34.512,100.0,156.0,102.0,-8.4565,39.7848,-91.3545,,4,1.0,424.16,164.63,56.81,458.52
2026-09-02 00:22:34.767,100.0,156.0,102.0,-8.4565,39.7848,-91.3545,,5,1.25,424.15,164.62,56.82,458.51
2026-09-02 00:22:41.383,100.0,156.0,96.0,-4.2516,40.4508,-91.3545,,1,0.25,424.15,164.46,56.77,458.44
2026-09-02 00:22:43.886,100.0,156.0,96.0,-4.2516,40.4508,-91.3545,,2,0.5,424.15,164.46,56.77,458.44
2026-09-02 00:22:44.141,100.0,156.0,96.0,-4.2516,40.4508,-91.3545,,3,0.75,424.2,164.47,56.78,458.49
2026-09-02 00:22:44.396,100.0,156.0,96.0,-4.2516,40.4508,-91.3545,,4,1.0,424.2,164.47,56.78,458.49
2026-09-02 00:22:44.635,100.0,156.0,96.0,-4.2516,40.4508,-91.3545,,5,1.25,424.15,164.45,56.77,458.44
2026-09-02 00:22:51.267,100.0,156.0,90.0,0.0,40.6737,-91.3545,,1,0.25,424.14,164.14,56.77,458.32
2026-09-02 00:22:51.522,100.0,156.0,90.0,0.0,40.6737,-91.3545,,2,0.5,424.14,164.16,56.78,458.33
2026-09-02 00:22:51.761,100.0,156.0,90.0,0.0,40.6737,-91.3545,,3,0.75,424.14,164.16,56.78,458.33
2026-09-02 00:22:52.017,100.0,156.0,90.0,0.0,40.6737,-91.3545,,4,1.0,424.16,164.15,56.79,458.34
2026-09-02 00:22:52.272,100.0,156.0,90.0,0.0,40.6737,-91.3545,,5,1.25,424.16,164.15,56.79,458.34
2026-09-02 00:22:58.888,100.0,156.0,84.0,4.2516,40.4508,-91.3545,,1,0.25,424.26,164.0,56.75,458.38
2026-09-02 00:22:59.143,100.0,156.0,84.0,4.2516,40.4508,-91.3545,,2,0.5,424.25,163.98,56.74,458.36
2026-09-02 00:22:59.398,100.0,156.0,84.0,4.2516,40.4508,-91.3545,,3,0.75,424.25,163.98,56.74,458.36
2026-09-02 00:22:59.637,100.0,156.0,84.0,4.2516,40.4508,-91.3545,,4,1.0,424.25,163.98,56.74,458.36
2026-09-02 00:22:59.892,100.0,156.0,84.0,4.2516,40.4508,-91.3545,,5,1.25,424.25,163.98,56.74,458.36
2026-09-02 00:23:06.508,100.0,156.0,78.0,8.4565,39.7848,-91.3545,,1,0.25,424.33,163.86,56.8,458.4
2026-09-02 00:23:06.763,100.0,156.0,78.0,8.4565,39.7848,-91.3545,,2,0.5,424.33,163.86,56.8,458.4
2026-09-02 00:23:07.018,100.0,156.0,78.0,8.4565,39.7848,-91.3545,,3,0.75,424.3,163.88,56.79,458.38
2026-09-02 00:23:07.273,100.0,156.0,78.0,8.4565,39.7848,-91.3545,,4,1.0,424.3,163.88,56.79,458.38
2026-09-02 00:23:07.512,100.0,156.0,78.0,8.4565,39.7848,-91.3545,,5,1.25,424.35,163.86,56.8,458.42
2026-09-02 00:23:14.144,100.0,156.0,72.0,12.5689,38.683,-91.3545,,1,0.25,424.49,163.79,56.79,458.52
2026-09-02 00:23:14.383,100.0,156.0,72.0,12.5689,38.683,-91.3545,,2,0.5,424.41,163.77,56.8,458.44
2026-09-02 00:23:16.886,100.0,156.0,72.0,12.5689,38.683,-91.3545,,3,0.75,424.41,163.77,56.8,458.44
2026-09-02 00:23:17.141,100.0,156.0,72.0,12.5689,38.683,-91.3545,,4,1.0,424.49,163.79,56.8,458.52
2026-09-02 00:23:17.397,100.0,156.0,72.0,12.5689,38.683,-91.3545,,5,1.25,424.49,163.79,56.8,458.52
2026-09-02 00:23:24.013,100.0,156.0,66.0,16.5435,37.1572,-91.3545,,1,0.25,424.69,163.56,56.8,458.62
2026-09-02 00:23:24.268,100.0,156.0,66.0,16.5435,37.1572,-91.3545,,2,0.5,424.69,163.56,56.8,458.62
2026-09-02 00:23:24.523,100.0,156.0,66.0,16.5435,37.1572,-91.3545,,3,0.75,424.6,163.55,56.81,458.54
2026-09-02 00:23:24.762,100.0,156.0,66.0,16.5435,37.1572,-91.3545,,4,1.0,424.6,163.55,56.81,458.54
2026-09-02 00:23:25.017,100.0,156.0,66.0,16.5435,37.1572,-91.3545,,5,1.25,424.59,163.53,56.8,458.52
2026-09-02 00:23:31.633,100.0,156.0,60.0,20.3368,35.2244,-91.3545,,1,0.25,424.71,163.59,56.81,458.65
2026-09-02 00:23:34.136,100.0,156.0,60.0,20.3368,35.2244,-91.3545,,2,0.5,424.71,163.59,56.81,458.65
2026-09-02 00:23:34.391,100.0,156.0,60.0,20.3368,35.2244,-91.3545,,3,0.75,424.67,163.58,56.8,458.61
2026-09-02 00:23:34.646,100.0,156.0,60.0,20.3368,35.2244,-91.3545,,4,1.0,424.67,163.58,56.8,458.61
2026-09-02 00:23:34.885,100.0,156.0,60.0,20.3368,35.2244,-91.3545,,5,1.25,424.71,163.57,56.78,458.64
2026-09-02 00:23:41.517,100.0,156.0,54.0,23.9074,32.9057,-91.3545,,1,0.25,424.94,163.56,56.86,458.86
2026-09-02 00:23:41.772,100.0,156.0,54.0,23.9074,32.9057,-91.3545,,2,0.5,424.94,163.56,56.86,458.86
2026-09-02 00:23:42.011,100.0,156.0,54.0,23.9074,32.9057,-91.3545,,3,0.75,424.98,163.57,56.85,458.9
2026-09-02 00:23:42.266,100.0,156.0,54.0,23.9074,32.9057,-91.3545,,4,1.0,424.98,163.57,56.85,458.9
2026-09-02 00:23:42.522,100.0,156.0,54.0,23.9074,32.9057,-91.3545,,5,1.25,424.97,163.56,56.84,458.89
2026-09-02 00:23:49.137,100.0,156.0,48.0,27.216,30.2264,-91.3545,,1,0.25,425.18,163.49,56.84,459.06
2026-09-02 00:23:49.393,100.0,156.0,48.0,27.216,30.2264,-91.3545,,2,0.5,425.22,163.49,56.85,459.1
2026-09-02 00:23:49.648,100.0,156.0,48.0,27.216,30.2264,-91.3545,,3,0.75,425.22,163.49,56.85,459.1
2026-09-02 00:23:49.887,100.0,156.0,48.0,27.216,30.2264,-91.3545,,4,1.0,425.22,163.49,56.84,459.09
2026-09-02 00:23:50.142,100.0,156.0,48.0,27.216,30.2264,-91.3545,,5,1.25,425.22,163.49,56.84,459.09
2026-09-02 00:23:56.758,100.0,156.0,42.0,30.2264,27.216,-91.3545,,1,0.25,425.51,163.42,56.9,459.35
2026-09-02 00:23:57.013,100.0,156.0,42.0,30.2264,27.216,-91.3545,,2,0.5,425.46,163.41,56.91,459.3
2026-09-02 00:23:57.268,100.0,156.0,42.0,30.2264,27.216,-91.3545,,3,0.75,425.46,163.41,56.91,459.3
2026-09-02 00:23:57.523,100.0,156.0,42.0,30.2264,27.216,-91.3545,,4,1.0,425.46,163.41,56.9,459.3
2026-09-02 00:23:57.762,100.0,156.0,42.0,30.2264,27.216,-91.3545,,5,1.25,425.46,163.41,56.9,459.3
2026-09-02 00:24:04.394,100.0,156.0,36.0,32.9057,23.9074,-91.3545,,1,0.25,425.62,163.68,56.91,459.54
2026-09-02 00:24:04.633,100.0,156.0,36.0,32.9057,23.9074,-91.3545,,2,0.5,425.5,163.68,56.91,459.43
2026-09-02 00:24:07.136,100.0,156.0,36.0,32.9057,23.9074,-91.3545,,3,0.75,425.5,163.68,56.91,459.43
2026-09-02 00:24:07.391,100.0,156.0,36.0,32.9057,23.9074,-91.3545,,4,1.0,425.59,163.67,56.89,459.51
2026-09-02 00:24:07.646,100.0,156.0,36.0,32.9057,23.9074,-91.3545,,5,1.25,425.59,163.67,56.89,459.51
2026-09-02 00:24:14.262,100.0,156.0,30.0,35.2244,20.3368,-91.3545,,1,0.25,425.77,163.56,56.87,459.63
2026-09-02 00:24:14.517,100.0,156.0,30.0,35.2244,20.3368,-91.3545,,2,0.5,425.8,163.56,56.88,459.66
2026-09-02 00:24:14.772,100.0,156.0,30.0,35.2244,20.3368,-91.3545,,3,0.75,425.8,163.56,56.88,459.66
2026-09-02 00:24:15.012,100.0,156.0,30.0,35.2244,20.3368,-91.3545,,4,1.0,425.78,163.57,56.88,459.65
2026-09-02 00:24:15.267,100.0,156.0,30.0,35.2244,20.3368,-91.3545,,5,1.25,425.78,163.57,56.88,459.65
2026-09-02 00:24:21.883,100.0,156.0,24.0,37.1572,16.5435,-91.3545,,1,0.25,425.92,163.77,56.92,459.85
2026-09-02 00:24:24.386,100.0,156.0,24.0,37.1572,16.5435,-91.3545,,2,0.5,425.98,163.77,56.91,459.91
2026-09-02 00:24:24.641,100.0,156.0,24.0,37.1572,16.5435,-91.3545,,3,0.75,425.98,163.77,56.91,459.91
2026-09-02 00:24:24.896,100.0,156.0,24.0,37.1572,16.5435,-91.3545,,4,1.0,425.94,163.78,56.92,459.87
2026-09-02 00:24:25.135,100.0,156.0,24.0,37.1572,16.5435,-91.3545,,5,1.25,425.94,163.78,56.92,459.87
2026-09-02 00:24:31.767,100.0,156.0,18.0,38.683,12.5689,-91.3545,,1,0.25,426.01,163.85,56.92,459.96
2026-09-02 00:24:32.022,100.0,156.0,18.0,38.683,12.5689,-91.3545,,2,0.5,426.01,163.85,56.92,459.96
2026-09-02 00:24:32.261,100.0,156.0,18.0,38.683,12.5689,-91.3545,,3,0.75,426.0,163.84,56.92,459.95
2026-09-02 00:24:32.516,100.0,156.0,18.0,38.683,12.5689,-91.3545,,4,1.0,426.0,163.84,56.92,459.95
2026-09-02 00:24:32.771,100.0,156.0,18.0,38.683,12.5689,-91.3545,,5,1.25,425.94,163.85,56.93,459.9
2026-09-02 00:24:39.387,100.0,156.0,12.0,39.7848,8.4565,-91.3545,,1,0.25,426.07,164.0,56.95,460.08
2026-09-02 00:24:39.642,100.0,156.0,12.0,39.7848,8.4565,-91.3545,,2,0.5,426.07,164.0,56.95,460.08
2026-09-02 00:24:39.897,100.0,156.0,12.0,39.7848,8.4565,-91.3545,,3,0.75,426.05,163.99,56.95,460.05
2026-09-02 00:24:40.136,100.0,156.0,12.0,39.7848,8.4565,-91.3545,,4,1.0,426.05,163.99,56.95,460.05
2026-09-02 00:24:40.392,100.0,156.0,12.0,39.7848,8.4565,-91.3545,,5,1.25,426.1,163.99,56.94,460.1
2026-09-02 00:24:47.008,100.0,156.0,6.0,40.4508,4.2516,-91.3545,,1,0.25,426.16,163.91,56.95,460.13
2026-09-02 00:24:47.263,100.0,156.0,6.0,40.4508,4.2516,-91.3545,,2,0.5,426.14,163.92,56.95,460.11
2026-09-02 00:24:47.518,100.0,156.0,6.0,40.4508,4.2516,-91.3545,,3,0.75,426.14,163.92,56.95,460.11
2026-09-02 00:24:47.757,100.0,156.0,6.0,40.4508,4.2516,-91.3545,,4,1.0,426.14,163.92,56.96,460.11
2026-09-02 00:24:48.012,100.0,156.0,6.0,40.4508,4.2516,-91.3545,,5,1.25,426.14,163.92,56.96,460.11
2026-09-02 00:24:54.644,100.0,156.0,0.0,40.6737,0.0,-91.3545,,1,0.25,426.17,164.17,56.98,460.23
2026-09-02 00:24:54.883,100.0,156.0,0.0,40.6737,0.0,-91.3545,,2,0.5,426.18,164.16,56.98,460.24
2026-09-02 00:24:57.386,100.0,156.0,0.0,40.6737,0.0,-91.3545,,3,0.75,426.15,164.17,56.98,460.21
2026-09-02 00:24:57.641,100.0,156.0,0.0,40.6737,0.0,-91.3545,,4,1.0,426.15,164.17,56.98,460.21
2026-09-02 00:24:57.896,100.0,156.0,0.0,40.6737,0.0,-91.3545,,5,1.25,426.15,164.17,56.98,460.21
2026-09-02 00:25:04.895,100.0,162.0,0.0,30.9017,0.0,-95.1057,,1,0.25,425.79,164.16,57.2,459.91
2026-09-02 00:25:05.134,100.0,162.0,0.0,30.9017,0.0,-95.1057,,2,0.5,425.8,164.16,57.2,459.91
2026-09-02 00:25:05.389,100.0,162.0,0.0,30.9017,0.0,-95.1057,,3,0.75,425.8,164.16,57.2,459.91
2026-09-02 00:25:05.644,100.0,162.0,0.0,30.9017,0.0,-95.1057,,4,1.0,425.8,164.16,57.2,459.91
2026-09-02 00:25:05.883,100.0,162.0,0.0,30.9017,0.0,-95.1057,,5,1.25,425.78,164.17,57.19,459.9
2026-09-02 00:25:14.635,100.0,162.0,6.0,30.7324,3.2301,-95.1057,,1,0.25,425.79,163.98,57.2,459.84
2026-09-02 00:25:14.891,100.0,162.0,6.0,30.7324,3.2301,-95.1057,,2,0.5,425.79,163.98,57.2,459.84
2026-09-02 00:25:15.146,100.0,162.0,6.0,30.7324,3.2301,-95.1057,,3,0.75,425.8,163.98,57.21,459.85
2026-09-02 00:25:15.385,100.0,162.0,6.0,30.7324,3.2301,-95.1057,,4,1.0,425.8,163.98,57.21,459.85
2026-09-02 00:25:15.640,100.0,162.0,6.0,30.7324,3.2301,-95.1057,,5,1.25,425.81,163.98,57.2,459.86
2026-09-02 00:25:22.144,100.0,162.0,12.0,30.2264,6.4248,-95.1057,,1,0.25,425.78,164.01,57.23,459.85
2026-09-02 00:25:22.383,100.0,162.0,12.0,30.2264,6.4248,-95.1057,,2,0.5,425.77,164.0,57.24,459.83
2026-09-02 00:25:22.638,100.0,162.0,12.0,30.2264,6.4248,-95.1057,,3,0.75,425.77,164.0,57.24,459.83
2026-09-02 00:25:22.893,100.0,162.0,12.0,30.2264,6.4248,-95.1057,,4,1.0,425.77,164.01,57.23,459.84
2026-09-02 00:25:23.132,100.0,162.0,12.0,30.2264,6.4248,-95.1057,,5,1.25,425.71,164.02,57.23,459.78
2026-09-02 00:25:31.885,100.0,162.0,18.0,29.3893,9.5492,-95.1057,,1,0.25,425.73,163.82,57.21,459.73
2026-09-02 00:25:32.140,100.0,162.0,18.0,29.3893,9.5492,-95.1057,,2,0.5,425.74,163.82,57.22,459.74
2026-09-02 00:25:32.395,100.0,162.0,18.0,29.3893,9.5492,-95.1057,,3,0.75,425.74,163.82,57.22,459.74
2026-09-02 00:25:32.634,100.0,162.0,18.0,29.3893,9.5492,-95.1057,,4,1.0,425.7,163.82,57.22,459.7
2026-09-02 00:25:32.889,100.0,162.0,18.0,29.3893,9.5492,-95.1057,,5,1.25,425.7,163.82,57.22,459.7
2026-09-02 00:25:39.394,100.0,162.0,24.0,28.2301,12.5689,-95.1057,,1,0.25,425.6,163.79,57.12,459.59
2026-09-02 00:25:39.633,100.0,162.0,24.0,28.2301,12.5689,-95.1057,,2,0.5,425.56,163.77,57.11,459.54
2026-09-02 00:25:42.136,100.0,162.0,24.0,28.2301,12.5689,-95.1057,,3,0.75,425.56,163.77,57.11,459.54
2026-09-02 00:25:42.391,100.0,162.0,24.0,28.2301,12.5689,-95.1057,,4,1.0,425.59,163.78,57.11,459.57
2026-09-02 00:25:42.646,100.0,162.0,24.0,28.2301,12.5689,-95.1057,,5,1.25,425.59,163.78,57.11,459.57
2026-09-02 00:25:49.134,100.0,162.0,30.0,26.7617,15.4508,-95.1057,,1,0.25,425.52,163.75,57.09,459.5
2026-09-02 00:25:49.389,100.0,162.0,30.0,26.7617,15.4508,-95.1057,,2,0.5,425.52,163.75,57.09,459.5
2026-09-02 00:25:49.644,100.0,162.0,30.0,26.7617,15.4508,-95.1057,,3,0.75,425.53,163.74,57.08,459.5
2026-09-02 00:25:49.884,100.0,162.0,30.0,26.7617,15.4508,-95.1057,,4,1.0,425.53,163.74,57.08,459.5
2026-09-02 00:25:50.139,100.0,162.0,30.0,26.7617,15.4508,-95.1057,,5,1.25,425.51,163.76,57.08,459.49
2026-09-02 00:25:56.643,100.0,162.0,36.0,25.0,18.1636,-95.1057,,1,0.25,425.42,163.7,57.11,459.39
2026-09-02 00:25:56.882,100.0,162.0,36.0,25.0,18.1636,-95.1057,,2,0.5,425.44,163.69,57.11,459.4
2026-09-02 00:25:59.385,100.0,162.0,36.0,25.0,18.1636,-95.1057,,3,0.75,425.44,163.69,57.11,459.4
2026-09-02 00:25:59.640,100.0,162.0,36.0,25.0,18.1636,-95.1057,,4,1.0,425.36,163.7,57.11,459.33
2026-09-02 00:25:59.895,100.0,162.0,36.0,25.0,18.1636,-95.1057,,5,1.25,425.36,163.7,57.11,459.33
2026-09-02 00:26:06.384,100.0,162.0,42.0,22.9644,20.6773,-95.1057,,1,0.25,425.25,163.86,57.06,459.28
2026-09-02 00:26:06.639,100.0,162.0,42.0,22.9644,20.6773,-95.1057,,2,0.5,425.24,163.88,57.04,459.28
2026-09-02 00:26:06.894,100.0,162.0,42.0,22.9644,20.6773,-95.1057,,3,0.75,425.24,163.88,57.04,459.28
2026-09-02 00:26:07.133,100.0,162.0,42.0,22.9644,20.6773,-95.1057,,4,1.0,425.24,163.88,57.04,459.28
2026-09-02 00:26:07.388,100.0,162.0,42.0,22.9644,20.6773,-95.1057,,5,1.25,425.25,163.88,57.05,459.29
2026-09-02 00:26:13.892,100.0,162.0,48.0,20.6773,22.9644,-95.1057,,1,0.25,425.09,163.82,57.01,459.11
2026-09-02 00:26:14.132,100.0,162.0,48.0,20.6773,22.9644,-95.1057,,2,0.5,425.11,163.81,57.02,459.13
2026-09-02 00:26:16.634,100.0,162.0,48.0,20.6773,22.9644,-95.1057,,3,0.75,425.12,163.81,57.01,459.14
2026-09-02 00:26:16.890,100.0,162.0,48.0,20.6773,22.9644,-95.1057,,4,1.0,425.12,163.81,57.01,459.14
2026-09-02 00:26:17.145,100.0,162.0,48.0,20.6773,22.9644,-95.1057,,5,1.25,425.1,163.81,57.01,459.12
2026-09-02 00:26:23.633,100.0,162.0,54.0,18.1636,25.0,-95.1057,,1,0.25,425.01,163.81,57.0,459.03
2026-09-02 00:26:23.888,100.0,162.0,54.0,18.1636,25.0,-95.1057,,2,0.5,424.95,163.81,57.0,458.98
2026-09-02 00:26:24.143,100.0,162.0,54.0,18.1636,25.0,-95.1057,,3,0.75,424.95,163.81,57.0,458.98
2026-09-02 00:26:24.382,100.0,162.0,54.0,18.1636,25.0,-95.1057,,4,1.0,424.97,163.82,57.0,459.0
2026-09-02 00:26:26.885,100.0,162.0,54.0,18.1636,25.0,-95.1057,,5,1.25,424.99,163.82,56.99,459.02
2026-09-02 00:26:33.390,100.0,162.0,60.0,15.4508,26.7617,-95.1057,,1,0.25,424.78,163.83,56.96,458.82
2026-09-02 00:26:33.645,100.0,162.0,60.0,15.4508,26.7617,-95.1057,,2,0.5,424.78,163.84,56.96,458.83
2026-09-02 00:26:33.884,100.0,162.0,60.0,15.4508,26.7617,-95.1057,,3,0.75,424.78,163.84,56.96,458.83
2026-09-02 00:26:34.139,100.0,162.0,60.0,15.4508,26.7617,-95.1057,,4,1.0,424.8,163.82,56.96,458.84
2026-09-02 00:26:34.394,100.0,162.0,60.0,15.4508,26.7617,-95.1057,,5,1.25,424.8,163.82,56.96,458.84
2026-09-02 00:26:40.882,100.0,162.0,66.0,12.5689,28.2301,-95.1057,,1,0.25,424.79,163.91,56.89,458.85
2026-09-02 00:26:41.138,100.0,162.0,66.0,12.5689,28.2301,-95.1057,,2,0.5,424.79,163.91,56.89,458.85
2026-09-02 00:26:41.393,100.0,162.0,66.0,12.5689,28.2301,-95.1057,,3,0.75,424.75,163.88,56.9,458.81
2026-09-02 00:26:41.632,100.0,162.0,66.0,12.5689,28.2301,-95.1057,,4,1.0,424.8,163.87,56.91,458.85
2026-09-02 00:26:44.135,100.0,162.0,66.0,12.5689,28.2301,-95.1057,,5,1.25,424.8,163.87,56.91,458.85
2026-09-02 00:26:50.639,100.0,162.0,72.0,9.5492,29.3893,-95.1057,,1,0.25,424.64,164.05,56.9,458.76
2026-09-02 00:26:50.894,100.0,162.0,72.0,9.5492,29.3893,-95.1057,,2,0.5,424.64,164.05,56.9,458.76
2026-09-02 00:26:51.133,100.0,162.0,72.0,9.5492,29.3893,-95.1057,,3,0.75,424.63,164.02,56.9,458.74
2026-09-02 00:26:51.388,100.0,162.0,72.0,9.5492,29.3893,-95.1057,,4,1.0,424.63,164.02,56.9,458.74
2026-09-02 00:26:51.643,100.0,162.0,72.0,9.5492,29.3893,-95.1057,,5,1.25,424.65,164.02,56.9,458.76
2026-09-02 00:26:58.132,100.0,162.0,78.0,6.4248,30.2264,-95.1057,,1,0.25,424.54,164.05,56.89,458.67
2026-09-02 00:27:00.635,100.0,162.0,78.0,6.4248,30.2264,-95.1057,,2,0.5,424.54,164.05,56.89,458.67
2026-09-02 00:27:00.890,100.0,162.0,78.0,6.4248,30.2264,-95.1057,,3,0.75,424.54,164.05,56.89,458.67
2026-09-02 00:27:01.145,100.0,162.0,78.0,6.4248,30.2264,-95.1057,,4,1.0,424.52,164.07,56.9,458.66
2026-09-02 00:27:01.384,100.0,162.0,78.0,6.4248,30.2264,-95.1057,,5,1.25,424.52,164.07,56.9,458.66
2026-09-02 00:27:07.888,100.0,162.0,84.0,3.2301,30.7324,-95.1057,,1,0.25,424.51,164.09,56.87,458.65
2026-09-02 00:27:08.144,100.0,162.0,84.0,3.2301,30.7324,-95.1057,,2,0.5,424.48,164.09,56.87,458.63
2026-09-02 00:27:08.383,100.0,162.0,84.0,3.2301,30.7324,-95.1057,,3,0.75,424.48,164.09,56.87,458.63
2026-09-02 00:27:08.638,100.0,162.0,84.0,3.2301,30.7324,-95.1057,,4,1.0,424.48,164.09,56.87,458.63
2026-09-02 00:27:08.893,100.0,162.0,84.0,3.2301,30.7324,-95.1057,,5,1.25,424.45,164.12,56.87,458.61
2026-09-02 00:27:15.381,100.0,162.0,90.0,0.0,30.9017,-95.1057,,1,0.25,424.42,164.3,56.92,458.65
2026-09-02 00:27:17.884,100.0,162.0,90.0,0.0,30.9017,-95.1057,,2,0.5,424.42,164.3,56.92,458.65
2026-09-02 00:27:18.139,100.0,162.0,90.0,0.0,30.9017,-95.1057,,3,0.75,424.42,164.28,56.92,458.65
2026-09-02 00:27:18.394,100.0,162.0,90.0,0.0,30.9017,-95.1057,,4,1.0,424.42,164.28,56.92,458.65
2026-09-02 00:27:18.633,100.0,162.0,90.0,0.0,30.9017,-95.1057,,5,1.25,424.37,164.28,56.91,458.6
2026-09-02 00:27:25.138,100.0,162.0,96.0,-3.2301,30.7324,-95.1057,,1,0.25,424.43,164.32,56.92,458.67
2026-09-02 00:27:25.393,100.0,162.0,96.0,-3.2301,30.7324,-95.1057,,2,0.5,424.39,164.35,56.93,458.64
2026-09-02 00:27:25.632,100.0,162.0,96.0,-3.2301,30.7324,-95.1057,,3,0.75,424.4,164.36,56.94,458.66
2026-09-02 00:27:28.135,100.0,162.0,96.0,-3.2301,30.7324,-95.1057,,4,1.0,424.4,164.36,56.94,458.66
2026-09-02 00:27:28.390,100.0,162.0,96.0,-3.2301,30.7324,-95.1057,,5,1.25,424.39,164.35,56.93,458.64
2026-09-02 00:27:34.894,100.0,162.0,102.0,-6.4248,30.2264,-95.1057,,1,0.25,424.38,164.6,56.9,458.72
2026-09-02 00:27:35.133,100.0,162.0,102.0,-6.4248,30.2264,-95.1057,,2,0.5,424.38,164.62,56.91,458.73
2026-09-02 00:27:35.388,100.0,162.0,102.0,-6.4248,30.2264,-95.1057,,3,0.75,424.38,164.62,56.91,458.73
2026-09-02 00:27:35.644,100.0,162.0,102.0,-6.4248,30.2264,-95.1057,,4,1.0,424.38,164.62,56.9,458.73
2026-09-02 00:27:35.883,100.0,162.0,102.0,-6.4248,30.2264,-95.1057,,5,1.25,424.38,164.62,56.9,458.73
2026-09-02 00:27:42.387,100.0,162.0,108.0,-9.5492,29.3893,-95.1057,,1,0.25,424.49,164.7,56.89,458.86
2026-09-02 00:27:42.642,100.0,162.0,108.0,-9.5492,29.3893,-95.1057,,2,0.5,424.49,164.7,56.89,458.86
2026-09-02 00:27:42.881,100.0,162.0,108.0,-9.5492,29.3893,-95.1057,,3,0.75,424.41,164.66,56.88,458.77
2026-09-02 00:27:45.384,100.0,162.0,108.0,-9.5492,29.3893,-95.1057,,4,1.0,424.42,164.67,56.88,458.78
2026-09-02 00:27:45.639,100.0,162.0,108.0,-9.5492,29.3893,-95.1057,,5,1.25,424.42,164.67,56.88,458.78
2026-09-02 00:27:52.144,100.0,162.0,114.0,-12.5689,28.2301,-95.1057,,1,0.25,424.58,164.7,56.83,458.93
2026-09-02 00:27:52.383,100.0,162.0,114.0,-12.5689,28.2301,-95.1057,,2,0.5,424.58,164.7,56.83,458.93
2026-09-02 00:27:52.638,100.0,162.0,114.0,-12.5689,28.2301,-95.1057,,3,0.75,424.61,164.7,56.82,458.96
2026-09-02 00:27:52.893,100.0,162.0,114.0,-12.5689,28.2301,-95.1057,,4,1.0,424.61,164.7,56.82,458.96
2026-09-02 00:27:53.132,100.0,162.0,114.0,-12.5689,28.2301,-95.1057,,5,1.25,424.63,164.73,56.82,458.99
2026-09-02 00:27:59.636,100.0,162.0,120.0,-15.4508,26.7617,-95.1057,,1,0.25,424.7,164.7,56.91,459.05
2026-09-02 00:27:59.892,100.0,162.0,120.0,-15.4508,26.7617,-95.1057,,2,0.5,424.74,164.71,56.91,459.09
2026-09-02 00:28:00.131,100.0,162.0,120.0,-15.4508,26.7617,-95.1057,,3,0.75,424.75,164.72,56.91,459.11
2026-09-02 00:28:02.634,100.0,162.0,120.0,-15.4508,26.7617,-95.1057,,4,1.0,424.75,164.72,56.91,459.11
2026-09-02 00:28:02.889,100.0,162.0,120.0,-15.4508,26.7617,-95.1057,,5,1.25,424.75,164.72,56.91,459.11
2026-09-02 00:28:09.393,100.0,162.0,126.0,-18.1636,25.0,-95.1057,,1,0.25,424.81,164.86,56.88,459.21
2026-09-02 00:28:09.632,100.0,162.0,126.0,-18.1636,25.0,-95.1057,,2,0.5,424.75,164.84,56.87,459.15
2026-09-02 00:28:09.887,100.0,162.0,126.0,-18.1636,25.0,-95.1057,,3,0.75,424.75,164.84,56.87,459.15
2026-09-02 00:28:10.142,100.0,162.0,126.0,-18.1636,25.0,-95.1057,,4,1.0,424.75,164.84,56.87,459.15
2026-09-02 00:28:10.381,100.0,162.0,126.0,-18.1636,25.0,-95.1057,,5,1.25,424.78,164.85,56.88,459.18
2026-09-02 00:28:19.134,100.0,162.0,132.0,-20.6773,22.9644,-95.1057,,1,0.25,424.89,164.91,56.97,459.31
2026-09-02 00:28:19.389,100.0,162.0,132.0,-20.6773,22.9644,-95.1057,,2,0.5,424.89,164.91,56.97,459.31
2026-09-02 00:28:19.644,100.0,162.0,132.0,-20.6773,22.9644,-95.1057,,3,0.75,424.89,164.9,56.98,459.31
2026-09-02 00:28:19.883,100.0,162.0,132.0,-20.6773,22.9644,-95.1057,,4,1.0,424.89,164.9,56.98,459.31
2026-09-02 00:28:20.138,100.0,162.0,132.0,-20.6773,22.9644,-95.1057,,5,1.25,424.92,164.91,56.97,459.34
2026-09-02 00:28:26.642,100.0,162.0,138.0,-22.9644,20.6773,-95.1057,,1,0.25,425.02,164.9,56.97,459.43
2026-09-02 00:28:26.881,100.0,162.0,138.0,-22.9644,20.6773,-95.1057,,2,0.5,424.99,164.9,56.96,459.4
2026-09-02 00:28:29.384,100.0,162.0,138.0,-22.9644,20.6773,-95.1057,,3,0.75,425.02,164.89,56.97,459.43
2026-09-02 00:28:29.639,100.0,162.0,138.0,-22.9644,20.6773,-95.1057,,4,1.0,425.02,164.89,56.97,459.43
2026-09-02 00:28:29.895,100.0,162.0,138.0,-22.9644,20.6773,-95.1057,,5,1.25,425.03,164.9,56.96,459.44
2026-09-02 00:28:36.383,100.0,162.0,144.0,-25.0,18.1636,-95.1057,,1,0.25,425.23,164.82,57.04,459.6
2026-09-02 00:28:36.638,100.0,162.0,144.0,-25.0,18.1636,-95.1057,,2,0.5,425.27,164.82,57.05,459.64
2026-09-02 00:28:36.893,100.0,162.0,144.0,-25.0,18.1636,-95.1057,,3,0.75,425.27,164.82,57.05,459.64
2026-09-02 00:28:37.132,100.0,162.0,144.0,-25.0,18.1636,-95.1057,,4,1.0,425.19,164.82,57.04,459.57
2026-09-02 00:28:37.387,100.0,162.0,144.0,-25.0,18.1636,-95.1057,,5,1.25,425.19,164.82,57.04,459.57
2026-09-02 00:28:43.892,100.0,162.0,150.0,-26.7617,15.4508,-95.1057,,1,0.25,425.36,164.85,57.05,459.74
2026-09-02 00:28:44.131,100.0,162.0,150.0,-26.7617,15.4508,-95.1057,,2,0.5,425.37,164.84,57.04,459.74
2026-09-02 00:28:46.634,100.0,162.0,150.0,-26.7617,15.4508,-95.1057,,3,0.75,425.37,164.84,57.04,459.74
2026-09-02 00:28:46.889,100.0,162.0,150.0,-26.7617,15.4508,-95.1057,,4,1.0,425.32,164.84,57.04,459.69
2026-09-02 00:28:47.144,100.0,162.0,150.0,-26.7617,15.4508,-95.1057,,5,1.25,425.32,164.84,57.04,459.69
2026-09-02 00:28:53.633,100.0,162.0,156.0,-28.2301,12.5689,-95.1057,,1,0.25,425.44,164.99,57.03,459.86
2026-09-02 00:28:53.888,100.0,162.0,156.0,-28.2301,12.5689,-95.1057,,2,0.5,425.44,164.99,57.03,459.86
2026-09-02 00:28:54.143,100.0,162.0,156.0,-28.2301,12.5689,-95.1057,,3,0.75,425.42,164.98,57.03,459.84
2026-09-02 00:28:54.382,100.0,162.0,156.0,-28.2301,12.5689,-95.1057,,4,1.0,425.42,164.98,57.03,459.84
2026-09-02 00:28:54.637,100.0,162.0,156.0,-28.2301,12.5689,-95.1057,,5,1.25,425.43,164.97,57.04,459.84
2026-09-02 00:29:01.142,100.0,162.0,162.0,-29.3893,9.5492,-95.1057,,1,0.25,425.59,164.82,57.09,459.94
2026-09-02 00:29:01.381,100.0,162.0,162.0,-29.3893,9.5492,-95.1057,,2,0.5,425.52,164.81,57.09,459.87
2026-09-02 00:29:03.884,100.0,162.0,162.0,-29.3893,9.5492,-95.1057,,3,0.75,425.52,164.79,57.07,459.86
2026-09-02 00:29:04.139,100.0,162.0,162.0,-29.3893,9.5492,-95.1057,,4,1.0,425.52,164.79,57.07,459.86
2026-09-02 00:29:04.394,100.0,162.0,162.0,-29.3893,9.5492,-95.1057,,5,1.25,425.52,164.79,57.07,459.86
2026-09-02 00:29:10.882,100.0,162.0,168.0,-30.2264,6.4248,-95.1057,,1,0.25,425.58,164.8,57.12,459.93
2026-09-02 00:29:11.137,100.0,162.0,168.0,-30.2264,6.4248,-95.1057,,2,0.5,425.59,164.78,57.13,459.93
2026-09-02 00:29:11.393,100.0,162.0,168.0,-30.2264,6.4248,-95.1057,,3,0.75,425.59,164.78,57.13,459.93
2026-09-02 00:29:11.632,100.0,162.0,168.0,-30.2264,6.4248,-95.1057,,4,1.0,425.59,164.78,57.13,459.93
2026-09-02 00:29:11.887,100.0,162.0,168.0,-30.2264,6.4248,-95.1057,,5,1.25,425.64,164.78,57.13,459.98
2026-09-02 00:29:18.391,100.0,162.0,174.0,-30.7324,3.2301,-95.1057,,1,0.25,425.69,164.73,57.12,460.01
2026-09-02 00:29:18.630,100.0,162.0,174.0,-30.7324,3.2301,-95.1057,,2,0.5,425.74,164.72,57.12,460.05
2026-09-02 00:29:21.133,100.0,162.0,174.0,-30.7324,3.2301,-95.1057,,3,0.75,425.71,164.72,57.12,460.02
2026-09-02 00:29:21.388,100.0,162.0,174.0,-30.7324,3.2301,-95.1057,,4,1.0,425.71,164.72,57.12,460.02
2026-09-02 00:29:21.643,100.0,162.0,174.0,-30.7324,3.2301,-95.1057,,5,1.25,425.69,164.72,57.11,460.0
2026-09-02 00:29:28.132,100.0,162.0,180.0,-30.9017,0.0,-95.1057,,1,0.25,425.79,164.77,57.08,460.11
2026-09-02 00:29:28.387,100.0,162.0,180.0,-30.9017,0.0,-95.1057,,2,0.5,425.78,164.77,57.08,460.1
2026-09-02 00:29:28.642,100.0,162.0,180.0,-30.9017,0.0,-95.1057,,3,0.75,425.78,164.77,57.08,460.1
2026-09-02 00:29:28.881,100.0,162.0,180.0,-30.9017,0.0,-95.1057,,4,1.0,425.83,164.74,57.08,460.13
2026-09-02 00:29:31.384,100.0,162.0,180.0,-30.9017,0.0,-95.1057,,5,1.25,425.8,164.74,57.08,460.11
2026-09-02 00:29:37.889,100.0,162.0,186.0,-30.7324,-3.2301,-95.1057,,1,0.25,425.87,164.56,57.08,460.11
2026-09-02 00:29:38.144,100.0,162.0,186.0,-30.7324,-3.2301,-95.1057,,2,0.5,425.87,164.57,57.08,460.11
2026-09-02 00:29:38.383,100.0,162.0,186.0,-30.7324,-3.2301,-95.1057,,3,0.75,425.87,164.57,57.08,460.11
2026-09-02 00:29:38.638,100.0,162.0,186.0,-30.7324,-3.2301,-95.1057,,4,1.0,425.87,164.59,57.08,460.12
2026-09-02 00:29:38.893,100.0,162.0,186.0,-30.7324,-3.2301,-95.1057,,5,1.25,425.87,164.59,57.08,460.12
2026-09-02 00:29:45.382,100.0,162.0,192.0,-30.2264,-6.4248,-95.1057,,1,0.25,425.99,164.43,57.08,460.17
2026-09-02 00:29:45.637,100.0,162.0,192.0,-30.2264,-6.4248,-95.1057,,2,0.5,425.99,164.43,57.08,460.17
2026-09-02 00:29:45.892,100.0,162.0,192.0,-30.2264,-6.4248,-95.1057,,3,0.75,425.99,164.43,57.08,460.17
2026-09-02 00:29:46.131,100.0,162.0,192.0,-30.2264,-6.4248,-95.1057,,4,1.0,425.95,164.43,57.1,460.14
2026-09-02 00:29:48.634,100.0,162.0,192.0,-30.2264,-6.4248,-95.1057,,5,1.25,425.95,164.43,57.1,460.14
2026-09-02 00:29:55.138,100.0,162.0,198.0,-29.3893,-9.5492,-95.1057,,1,0.25,425.88,164.36,57.06,460.04
2026-09-02 00:29:55.394,100.0,162.0,198.0,-29.3893,-9.5492,-95.1057,,2,0.5,425.88,164.36,57.06,460.04
2026-09-02 00:29:55.633,100.0,162.0,198.0,-29.3893,-9.5492,-95.1057,,3,0.75,425.92,164.37,57.06,460.08
2026-09-02 00:29:55.888,100.0,162.0,198.0,-29.3893,-9.5492,-95.1057,,4,1.0,425.92,164.37,57.06,460.08
2026-09-02 00:29:56.143,100.0,162.0,198.0,-29.3893,-9.5492,-95.1057,,5,1.25,425.96,164.36,57.07,460.12
2026-09-02 00:30:02.631,100.0,162.0,204.0,-28.2301,-12.5689,-95.1057,,1,0.25,425.85,164.33,56.99,460.0
2026-09-02 00:30:02.886,100.0,162.0,204.0,-28.2301,-12.5689,-95.1057,,2,0.5,425.9,164.34,56.99,460.05
2026-09-02 00:30:03.141,100.0,162.0,204.0,-28.2301,-12.5689,-95.1057,,3,0.75,425.9,164.34,56.99,460.05
2026-09-02 00:30:03.381,100.0,162.0,204.0,-28.2301,-12.5689,-95.1057,,4,1.0,425.94,164.31,56.97,460.07
2026-09-02 00:30:05.884,100.0,162.0,204.0,-28.2301,-12.5689,-95.1057,,5,1.25,425.85,164.32,56.98,459.99
2026-09-02 00:30:12.388,100.0,162.0,210.0,-26.7617,-15.4508,-95.1057,,1,0.25,425.92,164.09,56.97,459.97
2026-09-02 00:30:12.643,100.0,162.0,210.0,-26.7617,-15.4508,-95.1057,,2,0.5,425.92,164.1,56.99,459.98
2026-09-02 00:30:12.882,100.0,162.0,210.0,-26.7617,-15.4508,-95.1057,,3,0.75,425.92,164.1,56.99,459.98
2026-09-02 00:30:13.137,100.0,162.0,210.0,-26.7617,-15.4508,-95.1057,,4,1.0,425.92,164.08,56.99,459.97
2026-09-02 00:30:13.392,100.0,162.0,210.0,-26.7617,-15.4508,-95.1057,,5,1.25,425.92,164.08,56.99,459.97
2026-09-02 00:30:19.881,100.0,162.0,216.0,-25.0,-18.1636,-95.1057,,1,0.25,425.86,164.05,56.98,459.9
2026-09-02 00:30:22.383,100.0,162.0,216.0,-25.0,-18.1636,-95.1057,,2,0.5,425.86,164.05,56.98,459.9
2026-09-02 00:30:22.639,100.0,162.0,216.0,-25.0,-18.1636,-95.1057,,3,0.75,425.82,164.07,56.98,459.87
2026-09-02 00:30:22.894,100.0,162.0,216.0,-25.0,-18.1636,-95.1057,,4,1.0,425.82,164.07,56.98,459.87
2026-09-02 00:30:23.133,100.0,162.0,216.0,-25.0,-18.1636,-95.1057,,5,1.25,425.74,164.09,56.98,459.81
2026-09-02 00:30:29.637,100.0,162.0,222.0,-22.9644,-20.6773,-95.1057,,1,0.25,425.73,163.94,56.95,459.74
2026-09-02 00:30:29.892,100.0,162.0,222.0,-22.9644,-20.6773,-95.1057,,2,0.5,425.72,163.94,56.93,459.73
2026-09-02 00:30:30.131,100.0,162.0,222.0,-22.9644,-20.6773,-95.1057,,3,0.75,425.72,163.94,56.93,459.73
2026-09-02 00:30:30.386,100.0,162.0,222.0,-22.9644,-20.6773,-95.1057,,4,1.0,425.76,163.92,56.93,459.76
2026-09-02 00:30:30.642,100.0,162.0,222.0,-22.9644,-20.6773,-95.1057,,5,1.25,425.76,163.92,56.93,459.76
2026-09-02 00:30:37.130,100.0,162.0,228.0,-20.6773,-22.9644,-95.1057,,1,0.25,425.51,164.11,56.89,459.59
2026-09-02 00:30:39.633,100.0,162.0,228.0,-20.6773,-22.9644,-95.1057,,2,0.5,425.47,164.1,56.88,459.55
2026-09-02 00:30:39.888,100.0,162.0,228.0,-20.6773,-22.9644,-95.1057,,3,0.75,425.47,164.1,56.88,459.55
2026-09-02 00:30:40.143,100.0,162.0,228.0,-20.6773,-22.9644,-95.1057,,4,1.0,425.51,164.1,56.88,459.58
2026-09-02 00:30:40.382,100.0,162.0,228.0,-20.6773,-22.9644,-95.1057,,5,1.25,425.51,164.1,56.88,459.58
2026-09-02 00:30:46.886,100.0,162.0,234.0,-18.1636,-25.0,-95.1057,,1,0.25,425.44,164.1,56.89,459.52
2026-09-02 00:30:47.142,100.0,162.0,234.0,-18.1636,-25.0,-95.1057,,2,0.5,425.44,164.1,56.89,459.52
2026-09-02 00:30:47.381,100.0,162.0,234.0,-18.1636,-25.0,-95.1057,,3,0.75,425.39,164.08,56.9,459.47
2026-09-02 00:30:49.884,100.0,162.0,234.0,-18.1636,-25.0,-95.1057,,4,1.0,425.45,164.06,56.91,459.52
2026-09-02 00:30:50.139,100.0,162.0,234.0,-18.1636,-25.0,-95.1057,,5,1.25,425.45,164.06,56.91,459.52
2026-09-02 00:30:56.643,100.0,162.0,240.0,-15.4508,-26.7617,-95.1057,,1,0.25,425.3,164.02,56.92,459.37
2026-09-02 00:30:56.882,100.0,162.0,240.0,-15.4508,-26.7617,-95.1057,,2,0.5,425.3,164.02,56.92,459.37
2026-09-02 00:30:57.137,100.0,162.0,240.0,-15.4508,-26.7617,-95.1057,,3,0.75,425.27,164.01,56.92,459.34
2026-09-02 00:30:57.392,100.0,162.0,240.0,-15.4508,-26.7617,-95.1057,,4,1.0,425.27,164.01,56.92,459.34
2026-09-02 00:30:57.631,100.0,162.0,240.0,-15.4508,-26.7617,-95.1057,,5,1.25,425.26,164.01,56.92,459.33
2026-09-02 00:31:04.136,100.0,162.0,246.0,-12.5689,-28.2301,-95.1057,,1,0.25,425.2,163.88,56.83,459.21
2026-09-02 00:31:04.391,100.0,162.0,246.0,-12.5689,-28.2301,-95.1057,,2,0.5,425.24,163.91,56.83,459.26
2026-09-02 00:31:04.630,100.0,162.0,246.0,-12.5689,-28.2301,-95.1057,,3,0.75,425.25,163.91,56.83,459.27
2026-09-02 00:31:07.133,100.0,162.0,246.0,-12.5689,-28.2301,-95.1057,,4,1.0,425.25,163.91,56.83,459.27
2026-09-02 00:31:07.388,100.0,162.0,246.0,-12.5689,-28.2301,-95.1057,,5,1.25,425.29,163.93,56.83,459.31
2026-09-02 00:31:13.892,100.0,162.0,252.0,-9.5492,-29.3893,-95.1057,,1,0.25,425.17,163.9,56.9,459.2
2026-09-02 00:31:14.131,100.0,162.0,252.0,-9.5492,-29.3893,-95.1057,,2,0.5,425.14,163.88,56.87,459.16
2026-09-02 00:31:14.386,100.0,162.0,252.0,-9.5492,-29.3893,-95.1057,,3,0.75,425.14,163.88,56.87,459.16
2026-09-02 00:31:14.641,100.0,162.0,252.0,-9.5492,-29.3893,-95.1057,,4,1.0,425.17,163.86,56.89,459.19
2026-09-02 00:31:14.881,100.0,162.0,252.0,-9.5492,-29.3893,-95.1057,,5,1.25,425.17,163.89,56.9,459.2
2026-09-02 00:31:23.633,100.0,162.0,258.0,-6.4248,-30.2264,-95.1057,,1,0.25,425.05,163.85,56.95,459.08
2026-09-02 00:31:23.888,100.0,162.0,258.0,-6.4248,-30.2264,-95.1057,,2,0.5,425.05,163.85,56.95,459.08
2026-09-02 00:31:24.143,100.0,162.0,258.0,-6.4248,-30.2264,-95.1057,,3,0.75,425.04,163.84,56.95,459.07
2026-09-02 00:31:24.382,100.0,162.0,258.0,-6.4248,-30.2264,-95.1057,,4,1.0,425.04,163.84,56.95,459.07
2026-09-02 00:31:24.637,100.0,162.0,258.0,-6.4248,-30.2264,-95.1057,,5,1.25,425.06,163.85,56.93,459.09
2026-09-02 00:31:31.141,100.0,162.0,264.0,-3.2301,-30.7324,-95.1057,,1,0.25,425.02,163.96,56.9,459.08
2026-09-02 00:31:31.381,100.0,162.0,264.0,-3.2301,-30.7324,-95.1057,,2,0.5,425.09,163.97,56.89,459.15
2026-09-02 00:31:31.636,100.0,162.0,264.0,-3.2301,-30.7324,-95.1057,,3,0.75,425.09,163.97,56.89,459.15
2026-09-02 00:31:31.891,100.0,162.0,264.0,-3.2301,-30.7324,-95.1057,,4,1.0,425.09,163.96,56.9,459.15
2026-09-02 00:31:32.130,100.0,162.0,264.0,-3.2301,-30.7324,-95.1057,,5,1.25,425.03,163.94,56.9,459.09
2026-09-02 00:31:40.882,100.0,162.0,270.0,-0.0,-30.9017,-95.1057,,1,0.25,424.91,164.05,56.91,459.02
2026-09-02 00:31:41.137,100.0,162.0,270.0,-0.0,-30.9017,-95.1057,,2,0.5,424.91,164.08,56.91,459.03
2026-09-02 00:31:41.392,100.0,162.0,270.0,-0.0,-30.9017,-95.1057,,3,0.75,424.91,164.08,56.91,459.03
2026-09-02 00:31:41.631,100.0,162.0,270.0,-0.0,-30.9017,-95.1057,,4,1.0,424.89,164.07,56.92,459.01
2026-09-02 00:31:41.886,100.0,162.0,270.0,-0.0,-30.9017,-95.1057,,5,1.25,424.89,164.07,56.92,459.01
2026-09-02 00:31:48.391,100.0,162.0,276.0,3.2301,-30.7324,-95.1057,,1,0.25,424.92,164.0,56.95,459.01
2026-09-02 00:31:48.630,100.0,162.0,276.0,3.2301,-30.7324,-95.1057,,2,0.5,424.93,163.99,56.92,459.01
2026-09-02 00:31:51.133,100.0,162.0,276.0,3.2301,-30.7324,-95.1057,,3,0.75,424.93,163.99,56.92,459.01
2026-09-02 00:31:51.388,100.0,162.0,276.0,3.2301,-30.7324,-95.1057,,4,1.0,424.93,163.99,56.95,459.02
2026-09-02 00:31:51.643,100.0,162.0,276.0,3.2301,-30.7324,-95.1057,,5,1.25,424.93,163.99,56.95,459.02
2026-09-02 00:31:58.131,100.0,162.0,282.0,6.4248,-30.2264,-95.1057,,1,0.25,424.97,164.03,57.01,459.08
2026-09-02 00:31:58.386,100.0,162.0,282.0,6.4248,-30.2264,-95.1057,,2,0.5,424.97,164.03,57.01,459.08
2026-09-02 00:31:58.642,100.0,162.0,282.0,6.4248,-30.2264,-95.1057,,3,0.75,424.95,164.0,56.99,459.04
2026-09-02 00:31:58.881,100.0,162.0,282.0,6.4248,-30.2264,-95.1057,,4,1.0,424.95,164.0,56.99,459.04
2026-09-02 00:31:59.136,100.0,162.0,282.0,6.4248,-30.2264,-95.1057,,5,1.25,424.96,164.0,56.97,459.05
2026-09-02 00:32:05.640,100.0,162.0,288.0,9.5492,-29.3893,-95.1057,,1,0.25,424.91,164.05,57.08,459.04
2026-09-02 00:32:05.879,100.0,162.0,288.0,9.5492,-29.3893,-95.1057,,2,0.5,425.0,164.08,57.07,459.13
2026-09-02 00:32:08.382,100.0,162.0,288.0,9.5492,-29.3893,-95.1057,,3,0.75,424.92,164.08,57.08,459.06
2026-09-02 00:32:08.637,100.0,162.0,288.0,9.5492,-29.3893,-95.1057,,4,1.0,424.92,164.08,57.08,459.06
2026-09-02 00:32:08.892,100.0,162.0,288.0,9.5492,-29.3893,-95.1057,,5,1.25,424.97,164.07,57.08,459.1
2026-09-02 00:32:15.381,100.0,162.0,294.0,12.5689,-28.2301,-95.1057,,1,0.25,425.05,164.0,57.03,459.14
2026-09-02 00:32:15.636,100.0,162.0,294.0,12.5689,-28.2301,-95.1057,,2,0.5,425.07,164.01,57.04,459.17
2026-09-02 00:32:15.891,100.0,162.0,294.0,12.5689,-28.2301,-95.1057,,3,0.75,425.07,164.01,57.04,459.17
2026-09-02 00:32:16.130,100.0,162.0,294.0,12.5689,-28.2301,-95.1057,,4,1.0,425.09,164.02,57.04,459.19
2026-09-02 00:32:18.633,100.0,162.0,294.0,12.5689,-28.2301,-95.1057,,5,1.25,425.09,164.02,57.04,459.19
2026-09-02 00:32:25.137,100.0,162.0,300.0,15.4508,-26.7617,-95.1057,,1,0.25,425.14,164.01,57.09,459.24
2026-09-02 00:32:25.392,100.0,162.0,300.0,15.4508,-26.7617,-95.1057,,2,0.5,425.14,164.01,57.09,459.24
2026-09-02 00:32:25.631,100.0,162.0,300.0,15.4508,-26.7617,-95.1057,,3,0.75,425.18,163.98,57.07,459.26
2026-09-02 00:32:25.886,100.0,162.0,300.0,15.4508,-26.7617,-95.1057,,4,1.0,425.18,163.98,57.07,459.26
2026-09-02 00:32:26.142,100.0,162.0,300.0,15.4508,-26.7617,-95.1057,,5,1.25,425.13,163.99,57.08,459.22
2026-09-02 00:32:32.630,100.0,162.0,306.0,18.1636,-25.0,-95.1057,,1,0.25,425.2,164.09,57.18,459.33
2026-09-02 00:32:35.133,100.0,162.0,306.0,18.1636,-25.0,-95.1057,,2,0.5,425.2,164.09,57.18,459.33
2026-09-02 00:32:35.388,100.0,162.0,306.0,18.1636,-25.0,-95.1057,,3,0.75,425.19,164.08,57.18,459.32
2026-09-02 00:32:35.643,100.0,162.0,306.0,18.1636,-25.0,-95.1057,,4,1.0,425.19,164.08,57.18,459.32
2026-09-02 00:32:35.882,100.0,162.0,306.0,18.1636,-25.0,-95.1057,,5,1.25,425.16,164.06,57.17,459.28
2026-09-02 00:32:42.386,100.0,162.0,312.0,20.6773,-22.9644,-95.1057,,1,0.25,425.2,164.27,57.12,459.39
2026-09-02 00:32:42.642,100.0,162.0,312.0,20.6773,-22.9644,-95.1057,,2,0.5,425.2,164.27,57.11,459.39
2026-09-02 00:32:42.881,100.0,162.0,312.0,20.6773,-22.9644,-95.1057,,3,0.75,425.2,164.27,57.11,459.39
2026-09-02 00:32:43.136,100.0,162.0,312.0,20.6773,-22.9644,-95.1057,,4,1.0,425.24,164.3,57.13,459.44
2026-09-02 00:32:43.391,100.0,162.0,312.0,20.6773,-22.9644,-95.1057,,5,1.25,425.24,164.3,57.13,459.44
2026-09-02 00:32:49.879,100.0,162.0,318.0,22.9644,-20.6773,-95.1057,,1,0.25,425.36,164.2,57.17,459.52
2026-09-02 00:32:52.382,100.0,162.0,318.0,22.9644,-20.6773,-95.1057,,2,0.5,425.36,164.17,57.2,459.51
2026-09-02 00:32:52.637,100.0,162.0,318.0,22.9644,-20.6773,-95.1057,,3,0.75,425.36,164.17,57.2,459.51
2026-09-02 00:32:52.892,100.0,162.0,318.0,22.9644,-20.6773,-95.1057,,4,1.0,425.37,164.18,57.18,459.52
2026-09-02 00:32:53.131,100.0,162.0,318.0,22.9644,-20.6773,-95.1057,,5,1.25,425.37,164.18,57.18,459.52
2026-09-02 00:32:59.636,100.0,162.0,324.0,25.0,-18.1636,-95.1057,,1,0.25,425.39,164.37,57.21,459.61
2026-09-02 00:32:59.891,100.0,162.0,324.0,25.0,-18.1636,-95.1057,,2,0.5,425.39,164.37,57.21,459.61
2026-09-02 00:33:00.130,100.0,162.0,324.0,25.0,-18.1636,-95.1057,,3,0.75,425.35,164.36,57.21,459.57
2026-09-02 00:33:00.385,100.0,162.0,324.0,25.0,-18.1636,-95.1057,,4,1.0,425.35,164.36,57.21,459.57
2026-09-02 00:33:00.640,100.0,162.0,324.0,25.0,-18.1636,-95.1057,,5,1.25,425.37,164.36,57.19,459.59
2026-09-02 00:33:07.129,100.0,162.0,330.0,26.7617,-15.4508,-95.1057,,1,0.25,425.48,164.28,57.22,459.66
2026-09-02 00:33:09.632,100.0,162.0,330.0,26.7617,-15.4508,-95.1057,,2,0.5,425.48,164.28,57.22,459.66
2026-09-02 00:33:09.887,100.0,162.0,330.0,26.7617,-15.4508,-95.1057,,3,0.75,425.44,164.26,57.21,459.62
2026-09-02 00:33:10.142,100.0,162.0,330.0,26.7617,-15.4508,-95.1057,,4,1.0,425.44,164.26,57.21,459.62
2026-09-02 00:33:10.381,100.0,162.0,330.0,26.7617,-15.4508,-95.1057,,5,1.25,425.49,164.27,57.21,459.67
2026-09-02 00:33:16.885,100.0,162.0,336.0,28.2301,-12.5689,-95.1057,,1,0.25,425.54,164.28,57.19,459.72
2026-09-02 00:33:17.140,100.0,162.0,336.0,28.2301,-12.5689,-95.1057,,2,0.5,425.55,164.28,57.19,459.72
2026-09-02 00:33:17.380,100.0,162.0,336.0,28.2301,-12.5689,-95.1057,,3,0.75,425.52,164.28,57.21,459.7
2026-09-02 00:33:19.882,100.0,162.0,336.0,28.2301,-12.5689,-95.1057,,4,1.0,425.53,164.26,57.2,459.7
2026-09-02 00:33:20.137,100.0,162.0,336.0,28.2301,-12.5689,-95.1057,,5,1.25,425.53,164.26,57.2,459.7
2026-09-02 00:33:26.642,100.0,162.0,342.0,29.3893,-9.5492,-95.1057,,1,0.25,425.7,164.15,57.25,459.82
2026-09-02 00:33:26.881,100.0,162.0,342.0,29.3893,-9.5492,-95.1057,,2,0.5,425.7,164.15,57.25,459.82
2026-09-02 00:33:27.136,100.0,162.0,342.0,29.3893,-9.5492,-95.1057,,3,0.75,425.73,164.17,57.25,459.86
2026-09-02 00:33:27.391,100.0,162.0,342.0,29.3893,-9.5492,-95.1057,,4,1.0,425.73,164.17,57.25,459.86
2026-09-02 00:33:27.630,100.0,162.0,342.0,29.3893,-9.5492,-95.1057,,5,1.25,425.71,164.16,57.23,459.83
2026-09-02 00:33:34.135,100.0,162.0,348.0,30.2264,-6.4248,-95.1057,,1,0.25,425.68,164.21,57.24,459.83
2026-09-02 00:33:34.390,100.0,162.0,348.0,30.2264,-6.4248,-95.1057,,2,0.5,425.72,164.18,57.23,459.85
2026-09-02 00:33:34.629,100.0,162.0,348.0,30.2264,-6.4248,-95.1057,,3,0.75,425.73,164.17,57.22,459.86
2026-09-02 00:33:37.132,100.0,162.0,348.0,30.2264,-6.4248,-95.1057,,4,1.0,425.73,164.17,57.22,459.86
2026-09-02 00:33:37.387,100.0,162.0,348.0,30.2264,-6.4248,-95.1057,,5,1.25,425.76,164.2,57.21,459.89
2026-09-02 00:33:43.891,100.0,162.0,354.0,30.7324,-3.2301,-95.1057,,1,0.25,425.73,164.12,57.18,459.83
2026-09-02 00:33:44.131,100.0,162.0,354.0,30.7324,-3.2301,-95.1057,,2,0.5,425.75,164.11,57.18,459.85
2026-09-02 00:33:44.386,100.0,162.0,354.0,30.7324,-3.2301,-95.1057,,3,0.75,425.75,164.11,57.18,459.85
2026-09-02 00:33:44.641,100.0,162.0,354.0,30.7324,-3.2301,-95.1057,,4,1.0,425.77,164.1,57.2,459.87
2026-09-02 00:33:44.880,100.0,162.0,354.0,30.7324,-3.2301,-95.1057,,5,1.25,425.77,164.1,57.2,459.87
2026-09-02 00:33:51.878,100.0,168.0,354.0,20.6773,-2.1733,-97.8148,,1,0.25,425.37,164.08,57.29,459.5
2026-09-02 00:33:54.381,100.0,168.0,354.0,20.6773,-2.1733,-97.8148,,2,0.5,425.36,164.08,57.28,459.49
2026-09-02 00:33:54.636,100.0,168.0,354.0,20.6773,-2.1733,-97.8148,,3,0.75,425.36,164.08,57.28,459.49
2026-09-02 00:33:54.891,100.0,168.0,354.0,20.6773,-2.1733,-97.8148,,4,1.0,425.4,164.07,57.28,459.52
2026-09-02 00:33:55.130,100.0,168.0,354.0,20.6773,-2.1733,-97.8148,,5,1.25,425.4,164.07,57.28,459.52
2026-09-02 00:34:01.635,100.0,168.0,348.0,20.3368,-4.3227,-97.8148,,1,0.25,425.25,164.15,57.25,459.41
2026-09-02 00:34:01.890,100.0,168.0,348.0,20.3368,-4.3227,-97.8148,,2,0.5,425.25,164.15,57.25,459.41
2026-09-02 00:34:02.129,100.0,168.0,348.0,20.3368,-4.3227,-97.8148,,3,0.75,425.27,164.15,57.24,459.43
2026-09-02 00:34:04.632,100.0,168.0,348.0,20.3368,-4.3227,-97.8148,,4,1.0,425.27,164.16,57.24,459.43
2026-09-02 00:34:04.887,100.0,168.0,348.0,20.3368,-4.3227,-97.8148,,5,1.25,425.27,164.16,57.24,459.43
2026-09-02 00:34:11.391,100.0,168.0,342.0,19.7736,-6.4248,-97.8148,,1,0.25,425.3,164.12,57.25,459.44
2026-09-02 00:34:11.631,100.0,168.0,342.0,19.7736,-6.4248,-97.8148,,2,0.5,425.3,164.12,57.25,459.44
2026-09-02 00:34:11.886,100.0,168.0,342.0,19.7736,-6.4248,-97.8148,,3,0.75,425.26,164.13,57.25,459.41
2026-09-02 00:34:12.141,100.0,168.0,342.0,19.7736,-6.4248,-97.8148,,4,1.0,425.26,164.13,57.25,459.41
2026-09-02 00:34:12.380,100.0,168.0,342.0,19.7736,-6.4248,-97.8148,,5,1.25,425.26,164.13,57.25,459.41
2026-09-02 00:34:18.884,100.0,168.0,336.0,18.9937,-8.4565,-97.8148,,1,0.25,425.34,164.02,57.26,459.45
2026-09-02 00:34:19.139,100.0,168.0,336.0,18.9937,-8.4565,-97.8148,,2,0.5,425.41,164.01,57.25,459.51
2026-09-02 00:34:19.378,100.0,168.0,336.0,18.9937,-8.4565,-97.8148,,3,0.75,425.34,164.02,57.27,459.45
2026-09-02 00:34:21.881,100.0,168.0,336.0,18.9937,-8.4565,-97.8148,,4,1.0,425.3,164.02,57.27,459.41
2026-09-02 00:34:22.136,100.0,168.0,336.0,18.9937,-8.4565,-97.8148,,5,1.25,425.3,164.02,57.27,459.41
2026-09-02 00:34:28.641,100.0,168.0,330.0,18.0057,-10.3956,-97.8148,,1,0.25,425.27,163.93,57.29,459.35
2026-09-02 00:34:28.880,100.0,168.0,330.0,18.0057,-10.3956,-97.8148,,2,0.5,425.27,163.93,57.29,459.35
2026-09-02 00:34:29.135,100.0,168.0,330.0,18.0057,-10.3956,-97.8148,,3,0.75,425.35,163.94,57.29,459.43
2026-09-02 00:34:29.390,100.0,168.0,330.0,18.0057,-10.3956,-97.8148,,4,1.0,425.35,163.94,57.29,459.43
2026-09-02 00:34:29.629,100.0,168.0,330.0,18.0057,-10.3956,-97.8148,,5,1.25,425.33,163.95,57.3,459.42
2026-09-02 00:34:36.133,100.0,168.0,324.0,16.8204,-12.2207,-97.8148,,1,0.25,425.12,164.19,57.28,459.31
2026-09-02 00:34:36.389,100.0,168.0,324.0,16.8204,-12.2207,-97.8148,,2,0.5,425.15,164.2,57.28,459.34
2026-09-02 00:34:36.628,100.0,168.0,324.0,16.8204,-12.2207,-97.8148,,3,0.75,425.17,164.19,57.28,459.35
2026-09-02 00:34:39.131,100.0,168.0,324.0,16.8204,-12.2207,-97.8148,,4,1.0,425.17,164.19,57.28,459.35
2026-09-02 00:34:39.386,100.0,168.0,324.0,16.8204,-12.2207,-97.8148,,5,1.25,425.13,164.2,57.27,459.32
2026-09-02 00:34:45.890,100.0,168.0,318.0,15.4508,-13.912,-97.8148,,1,0.25,425.2,164.0,57.27,459.31
2026-09-02 00:34:46.129,100.0,168.0,318.0,15.4508,-13.912,-97.8148,,2,0.5,425.2,164.02,57.27,459.32
2026-09-02 00:34:46.384,100.0,168.0,318.0,15.4508,-13.912,-97.8148,,3,0.75,425.2,164.02,57.27,459.32
2026-09-02 00:34:46.639,100.0,168.0,318.0,15.4508,-13.912,-97.8148,,4,1.0,425.26,164.02,57.27,459.37
2026-09-02 00:34:46.878,100.0,168.0,318.0,15.4508,-13.912,-97.8148,,5,1.25,425.15,163.98,57.24,459.25
2026-09-02 00:34:55.503,100.0,168.0,312.0,13.912,-15.4508,-97.8148,,1,0.25,425.07,164.13,57.21,459.23
2026-09-02 00:34:55.758,100.0,168.0,312.0,13.912,-15.4508,-97.8148,,2,0.5,425.07,164.13,57.21,459.23
2026-09-02 00:34:56.013,100.0,168.0,312.0,13.912,-15.4508,-97.8148,,3,0.75,425.07,164.13,57.22,459.23
2026-09-02 00:34:56.268,100.0,168.0,312.0,13.912,-15.4508,-97.8148,,4,1.0,425.07,164.13,57.22,459.23
2026-09-02 00:34:56.507,100.0,168.0,312.0,13.912,-15.4508,-97.8148,,5,1.25,425.05,164.12,57.23,459.21
2026-09-02 00:35:04.875,100.0,168.0,306.0,12.2207,-16.8204,-97.8148,,1,1.5,425.03,164.18,57.23,459.21
2026-09-02 00:35:05.004,100.0,168.0,306.0,12.2207,-16.8204,-97.8148,,2,1.75,425.03,164.18,57.23,459.21
2026-09-02 00:35:05.260,100.0,168.0,306.0,12.2207,-16.8204,-97.8148,,3,2.0,425.06,164.18,57.25,459.24
2026-09-02 00:35:05.515,100.0,168.0,306.0,12.2207,-16.8204,-97.8148,,4,2.25,425.06,164.18,57.25,459.24
2026-09-02 00:35:05.754,100.0,168.0,306.0,12.2207,-16.8204,-97.8148,,5,2.5,425.07,164.17,57.24,459.25
2026-09-02 00:35:12.258,100.0,168.0,300.0,10.3956,-18.0057,-97.8148,,1,0.25,425.04,163.99,57.23,459.15
2026-09-02 00:35:12.513,100.0,168.0,300.0,10.3956,-18.0057,-97.8148,,2,0.5,425.02,163.99,57.23,459.14
2026-09-02 00:35:12.752,100.0,168.0,300.0,10.3956,-18.0057,-97.8148,,3,0.75,425.02,163.99,57.23,459.14
2026-09-02 00:35:13.007,100.0,168.0,300.0,10.3956,-18.0057,-97.8148,,4,1.0,425.0,164.01,57.23,459.12
2026-09-02 00:35:13.263,100.0,168.0,300.0,10.3956,-18.0057,-97.8148,,5,1.25,425.0,164.01,57.23,459.12
2026-09-02 00:35:19.767,100.0,168.0,294.0,8.4565,-18.9937,-97.8148,,1,0.25,424.96,164.16,57.12,459.13
2026-09-02 00:35:20.006,100.0,168.0,294.0,8.4565,-18.9937,-97.8148,,2,0.5,424.96,164.16,57.12,459.13
2026-09-02 00:35:20.261,100.0,168.0,294.0,8.4565,-18.9937,-97.8148,,3,0.75,424.99,164.15,57.13,459.15
2026-09-02 00:35:20.516,100.0,168.0,294.0,8.4565,-18.9937,-97.8148,,4,1.0,424.99,164.15,57.13,459.15
2026-09-02 00:35:20.755,100.0,168.0,294.0,8.4565,-18.9937,-97.8148,,5,1.25,424.97,164.17,57.12,459.14
2026-09-02 00:35:27.260,100.0,168.0,288.0,6.4248,-19.7736,-97.8148,,1,0.25,424.92,164.08,57.02,459.05
2026-09-02 00:35:27.515,100.0,168.0,288.0,6.4248,-19.7736,-97.8148,,2,0.5,424.9,164.1,57.05,459.04
2026-09-02 00:35:27.754,100.0,168.0,288.0,6.4248,-19.7736,-97.8148,,3,0.75,424.9,164.1,57.05,459.04
2026-09-02 00:35:28.009,100.0,168.0,288.0,6.4248,-19.7736,-97.8148,,4,1.0,424.93,164.1,57.04,459.07
2026-09-02 00:35:28.264,100.0,168.0,288.0,6.4248,-19.7736,-97.8148,,5,1.25,424.93,164.1,57.04,459.07
2026-09-02 00:35:34.753,100.0,168.0,282.0,4.3227,-20.3368,-97.8148,,1,0.25,424.97,164.19,57.02,459.13
2026-09-02 00:35:35.008,100.0,168.0,282.0,4.3227,-20.3368,-97.8148,,2,0.5,424.97,164.19,57.02,459.13
2026-09-02 00:35:35.263,100.0,168.0,282.0,4.3227,-20.3368,-97.8148,,3,0.75,424.9,164.18,57.02,459.07
2026-09-02 00:35:35.518,100.0,168.0,282.0,4.3227,-20.3368,-97.8148,,4,1.0,424.9,164.18,57.02,459.07
2026-09-02 00:35:35.757,100.0,168.0,282.0,4.3227,-20.3368,-97.8148,,5,1.25,424.91,164.18,57.03,459.08
2026-09-02 00:35:42.261,100.0,168.0,276.0,2.1733,-20.6773,-97.8148,,1,0.25,424.94,164.06,56.99,459.06
2026-09-02 00:35:42.516,100.0,168.0,276.0,2.1733,-20.6773,-97.8148,,2,0.5,424.95,164.05,56.99,459.06
2026-09-02 00:35:42.755,100.0,168.0,276.0,2.1733,-20.6773,-97.8148,,3,0.75,424.95,164.05,56.99,459.06
2026-09-02 00:35:43.011,100.0,168.0,276.0,2.1733,-20.6773,-97.8148,,4,1.0,425.0,164.03,56.99,459.1
2026-09-02 00:35:43.266,100.0,168.0,276.0,2.1733,-20.6773,-97.8148,,5,1.25,425.0,164.03,56.99,459.1
2026-09-02 00:35:49.754,100.0,168.0,270.0,-0.0,-20.7912,-97.8148,,1,0.25,424.89,164.12,56.98,459.03
2026-09-02 00:35:50.009,100.0,168.0,270.0,-0.0,-20.7912,-97.8148,,2,0.5,424.89,164.12,56.98,459.03
2026-09-02 00:35:50.264,100.0,168.0,270.0,-0.0,-20.7912,-97.8148,,3,0.75,424.89,164.12,56.98,459.03
2026-09-02 00:35:50.503,100.0,168.0,270.0,-0.0,-20.7912,-97.8148,,4,1.0,424.89,164.12,56.98,459.03
2026-09-02 00:35:50.758,100.0,168.0,270.0,-0.0,-20.7912,-97.8148,,5,1.25,424.89,164.11,56.97,459.03
2026-09-02 00:35:57.263,100.0,168.0,264.0,-2.1733,-20.6773,-97.8148,,1,0.25,424.86,164.16,56.91,459.01
2026-09-02 00:35:57.518,100.0,168.0,264.0,-2.1733,-20.6773,-97.8148,,2,0.5,424.86,164.15,56.91,459.0
2026-09-02 00:35:57.757,100.0,168.0,264.0,-2.1733,-20.6773,-97.8148,,3,0.75,424.86,164.15,56.91,459.0
2026-09-02 00:35:58.012,100.0,168.0,264.0,-2.1733,-20.6773,-97.8148,,4,1.0,424.91,164.14,56.92,459.05
2026-09-02 00:35:58.267,100.0,168.0,264.0,-2.1733,-20.6773,-97.8148,,5,1.25,424.91,164.14,56.92,459.05
2026-09-02 00:36:04.756,100.0,168.0,258.0,-4.3227,-20.3368,-97.8148,,1,0.25,424.9,164.2,56.85,459.05
2026-09-02 00:36:05.011,100.0,168.0,258.0,-4.3227,-20.3368,-97.8148,,2,0.5,424.9,164.2,56.85,459.05
2026-09-02 00:36:05.266,100.0,168.0,258.0,-4.3227,-20.3368,-97.8148,,3,0.75,424.88,164.18,56.85,459.03
2026-09-02 00:36:05.505,100.0,168.0,258.0,-4.3227,-20.3368,-97.8148,,4,1.0,424.88,164.18,56.85,459.03
2026-09-02 00:36:05.760,100.0,168.0,258.0,-4.3227,-20.3368,-97.8148,,5,1.25,424.94,164.16,56.85,459.07
2026-09-02 00:36:12.264,100.0,168.0,252.0,-6.4248,-19.7736,-97.8148,,1,0.25,424.95,164.18,56.81,459.09
2026-09-02 00:36:12.504,100.0,168.0,252.0,-6.4248,-19.7736,-97.8148,,2,0.5,424.92,164.16,56.81,459.05
2026-09-02 00:36:12.759,100.0,168.0,252.0,-6.4248,-19.7736,-97.8148,,3,0.75,424.92,164.16,56.81,459.05
2026-09-02 00:36:13.014,100.0,168.0,252.0,-6.4248,-19.7736,-97.8148,,4,1.0,424.95,164.17,56.81,459.08
2026-09-02 00:36:13.253,100.0,168.0,252.0,-6.4248,-19.7736,-97.8148,,5,1.25,424.95,164.17,56.81,459.08
2026-09-02 00:36:19.757,100.0,168.0,246.0,-8.4565,-18.9937,-97.8148,,1,0.25,425.0,164.1,56.86,459.11
2026-09-02 00:36:20.012,100.0,168.0,246.0,-8.4565,-18.9937,-97.8148,,2,0.5,425.0,164.1,56.86,459.11
2026-09-02 00:36:20.267,100.0,168.0,246.0,-8.4565,-18.9937,-97.8148,,3,0.75,425.04,164.11,56.85,459.15
2026-09-02 00:36:20.507,100.0,168.0,246.0,-8.4565,-18.9937,-97.8148,,4,1.0,425.04,164.11,56.85,459.15
2026-09-02 00:36:20.762,100.0,168.0,246.0,-8.4565,-18.9937,-97.8148,,5,1.25,424.98,164.1,56.85,459.09
2026-09-02 00:36:27.266,100.0,168.0,240.0,-10.3956,-18.0057,-97.8148,,1,0.25,425.18,163.89,56.88,459.2
2026-09-02 00:36:27.505,100.0,168.0,240.0,-10.3956,-18.0057,-97.8148,,2,0.5,425.18,163.89,56.87,459.2
2026-09-02 00:36:27.760,100.0,168.0,240.0,-10.3956,-18.0057,-97.8148,,3,0.75,425.18,163.89,56.87,459.2
2026-09-02 00:36:28.015,100.0,168.0,240.0,-10.3956,-18.0057,-97.8148,,4,1.0,425.2,163.91,56.88,459.23
2026-09-02 00:36:28.254,100.0,168.0,240.0,-10.3956,-18.0057,-97.8148,,5,1.25,425.2,163.91,56.88,459.23
2026-09-02 00:36:34.759,100.0,168.0,234.0,-12.2207,-16.8204,-97.8148,,1,0.25,425.17,164.03,56.83,459.24
2026-09-02 00:36:35.014,100.0,168.0,234.0,-12.2207,-16.8204,-97.8148,,2,0.5,425.17,164.03,56.83,459.24
2026-09-02 00:36:35.253,100.0,168.0,234.0,-12.2207,-16.8204,-97.8148,,3,0.75,425.15,164.03,56.83,459.22
2026-09-02 00:36:35.508,100.0,168.0,234.0,-12.2207,-16.8204,-97.8148,,4,1.0,425.15,164.03,56.83,459.22
2026-09-02 00:36:35.763,100.0,168.0,234.0,-12.2207,-16.8204,-97.8148,,5,1.25,425.16,164.03,56.82,459.23
2026-09-02 00:36:42.140,100.0,168.0,228.0,-13.912,-15.4508,-97.8148,,1,0.25,425.23,164.02,56.82,459.29
2026-09-02 00:36:42.379,100.0,168.0,228.0,-13.912,-15.4508,-97.8148,,2,0.5,425.27,164.02,56.81,459.33
2026-09-02 00:36:42.634,100.0,168.0,228.0,-13.912,-15.4508,-97.8148,,3,0.75,425.27,164.02,56.81,459.33
2026-09-02 00:36:42.889,100.0,168.0,228.0,-13.912,-15.4508,-97.8148,,4,1.0,425.29,164.02,56.82,459.35
2026-09-02 00:36:43.128,100.0,168.0,228.0,-13.912,-15.4508,-97.8148,,5,1.25,425.29,164.02,56.82,459.35
2026-09-02 00:36:49.505,100.0,168.0,222.0,-15.4508,-13.912,-97.8148,,1,0.25,425.36,164.03,56.89,459.42
2026-09-02 00:36:49.760,100.0,168.0,222.0,-15.4508,-13.912,-97.8148,,2,0.5,425.39,164.02,56.88,459.45
2026-09-02 00:36:50.015,100.0,168.0,222.0,-15.4508,-13.912,-97.8148,,3,0.75,425.39,164.02,56.88,459.45
2026-09-02 00:36:50.254,100.0,168.0,222.0,-15.4508,-13.912,-97.8148,,4,1.0,425.38,164.03,56.88,459.44
2026-09-02 00:36:50.509,100.0,168.0,222.0,-15.4508,-13.912,-97.8148,,5,1.25,425.38,164.03,56.88,459.44
2026-09-02 00:36:57.014,100.0,168.0,216.0,-16.8204,-12.2207,-97.8148,,1,0.25,425.41,164.11,56.8,459.49
2026-09-02 00:36:57.253,100.0,168.0,216.0,-16.8204,-12.2207,-97.8148,,2,0.5,425.41,164.11,56.8,459.49
2026-09-02 00:36:57.508,100.0,168.0,216.0,-16.8204,-12.2207,-97.8148,,3,0.75,425.36,164.1,56.79,459.43
2026-09-02 00:36:57.763,100.0,168.0,216.0,-16.8204,-12.2207,-97.8148,,4,1.0,425.36,164.1,56.79,459.43
2026-09-02 00:36:58.002,100.0,168.0,216.0,-16.8204,-12.2207,-97.8148,,5,1.25,425.36,164.12,56.79,459.44
2026-09-02 00:37:04.507,100.0,168.0,210.0,-18.0057,-10.3956,-97.8148,,1,0.25,425.48,164.11,56.84,459.56
2026-09-02 00:37:04.762,100.0,168.0,210.0,-18.0057,-10.3956,-97.8148,,2,0.5,425.45,164.11,56.84,459.53
2026-09-02 00:37:05.017,100.0,168.0,210.0,-18.0057,-10.3956,-97.8148,,3,0.75,425.45,164.11,56.84,459.53
2026-09-02 00:37:05.256,100.0,168.0,210.0,-18.0057,-10.3956,-97.8148,,4,1.0,425.43,164.1,56.83,459.5
2026-09-02 00:37:05.511,100.0,168.0,210.0,-18.0057,-10.3956,-97.8148,,5,1.25,425.43,164.1,56.83,459.5
2026-09-02 00:37:12.015,100.0,168.0,204.0,-18.9937,-8.4565,-97.8148,,1,0.25,425.54,164.16,56.85,459.63
2026-09-02 00:37:12.255,100.0,168.0,204.0,-18.9937,-8.4565,-97.8148,,2,0.5,425.54,164.16,56.85,459.63
2026-09-02 00:37:12.510,100.0,168.0,204.0,-18.9937,-8.4565,-97.8148,,3,0.75,425.52,164.14,56.83,459.6
2026-09-02 00:37:12.765,100.0,168.0,204.0,-18.9937,-8.4565,-97.8148,,4,1.0,425.52,164.14,56.83,459.6
2026-09-02 00:37:13.004,100.0,168.0,204.0,-18.9937,-8.4565,-97.8148,,5,1.25,425.54,164.16,56.82,459.63
2026-09-02 00:37:19.508,100.0,168.0,198.0,-19.7736,-6.4248,-97.8148,,1,0.25,425.47,164.31,56.86,459.62
2026-09-02 00:37:19.763,100.0,168.0,198.0,-19.7736,-6.4248,-97.8148,,2,0.5,425.46,164.32,56.85,459.61
2026-09-02 00:37:20.002,100.0,168.0,198.0,-19.7736,-6.4248,-97.8148,,3,0.75,425.46,164.32,56.85,459.61
2026-09-02 00:37:20.258,100.0,168.0,198.0,-19.7736,-6.4248,-97.8148,,4,1.0,425.45,164.33,56.84,459.61
2026-09-02 00:37:20.512,100.0,168.0,198.0,-19.7736,-6.4248,-97.8148,,5,1.25,425.45,164.33,56.84,459.61
2026-09-02 00:37:27.017,100.0,168.0,192.0,-20.3368,-4.3227,-97.8148,,1,0.25,425.39,164.38,56.84,459.57
2026-09-02 00:37:27.256,100.0,168.0,192.0,-20.3368,-4.3227,-97.8148,,2,0.5,425.39,164.38,56.84,459.57
2026-09-02 00:37:27.511,100.0,168.0,192.0,-20.3368,-4.3227,-97.8148,,3,0.75,425.41,164.35,56.83,459.58
2026-09-02 00:37:27.766,100.0,168.0,192.0,-20.3368,-4.3227,-97.8148,,4,1.0,425.41,164.35,56.83,459.58
2026-09-02 00:37:28.005,100.0,168.0,192.0,-20.3368,-4.3227,-97.8148,,5,1.25,425.45,164.37,56.84,459.62
2026-09-02 00:37:34.510,100.0,168.0,186.0,-20.6773,-2.1733,-97.8148,,1,0.25,425.47,164.36,56.83,459.63
2026-09-02 00:37:34.765,100.0,168.0,186.0,-20.6773,-2.1733,-97.8148,,2,0.5,425.46,164.35,56.83,459.62
2026-09-02 00:37:35.004,100.0,168.0,186.0,-20.6773,-2.1733,-97.8148,,3,0.75,425.46,164.35,56.83,459.62
2026-09-02 00:37:35.259,100.0,168.0,186.0,-20.6773,-2.1733,-97.8148,,4,1.0,425.44,164.36,56.84,459.61
2026-09-02 00:37:35.514,100.0,168.0,186.0,-20.6773,-2.1733,-97.8148,,5,1.25,425.44,164.36,56.84,459.61
2026-09-02 00:37:42.002,100.0,168.0,180.0,-20.7912,0.0,-97.8148,,1,0.25,425.37,164.45,56.8,459.57
2026-09-02 00:37:42.258,100.0,168.0,180.0,-20.7912,0.0,-97.8148,,2,0.5,425.37,164.45,56.8,459.57
2026-09-02 00:37:42.513,100.0,168.0,180.0,-20.7912,0.0,-97.8148,,3,0.75,425.32,164.46,56.81,459.53
2026-09-02 00:37:42.752,100.0,168.0,180.0,-20.7912,0.0,-97.8148,,4,1.0,425.32,164.46,56.81,459.53
2026-09-02 00:37:43.007,100.0,168.0,180.0,-20.7912,0.0,-97.8148,,5,1.25,425.36,164.49,56.81,459.58
2026-09-02 00:37:49.511,100.0,168.0,174.0,-20.6773,2.1733,-97.8148,,1,0.25,425.38,164.46,56.86,459.59
2026-09-02 00:37:49.766,100.0,168.0,174.0,-20.6773,2.1733,-97.8148,,2,0.5,425.38,164.46,56.86,459.59
2026-09-02 00:37:50.006,100.0,168.0,174.0,-20.6773,2.1733,-97.8148,,3,0.75,425.38,164.46,56.86,459.59
2026-09-02 00:37:50.261,100.0,168.0,174.0,-20.6773,2.1733,-97.8148,,4,1.0,425.34,164.45,56.86,459.55
2026-09-02 00:37:50.516,100.0,168.0,174.0,-20.6773,2.1733,-97.8148,,5,1.25,425.34,164.45,56.86,459.55
2026-09-02 00:37:57.004,100.0,168.0,168.0,-20.3368,4.3227,-97.8148,,1,0.25,425.39,164.38,56.83,459.57
2026-09-02 00:37:57.259,100.0,168.0,168.0,-20.3368,4.3227,-97.8148,,2,0.5,425.39,164.38,56.83,459.57
2026-09-02 00:37:57.514,100.0,168.0,168.0,-20.3368,4.3227,-97.8148,,3,0.75,425.41,164.37,56.82,459.58
2026-09-02 00:37:57.753,100.0,168.0,168.0,-20.3368,4.3227,-97.8148,,4,1.0,425.41,164.37,56.82,459.58
2026-09-02 00:37:58.009,100.0,168.0,168.0,-20.3368,4.3227,-97.8148,,5,1.25,425.38,164.38,56.83,459.56
2026-09-02 00:38:04.513,100.0,168.0,162.0,-19.7736,6.4248,-97.8148,,1,0.25,425.36,164.42,56.88,459.56
2026-09-02 00:38:04.752,100.0,168.0,162.0,-19.7736,6.4248,-97.8148,,2,0.5,425.36,164.42,56.88,459.56
2026-09-02 00:38:05.007,100.0,168.0,162.0,-19.7736,6.4248,-97.8148,,3,0.75,425.36,164.42,56.88,459.56
2026-09-02 00:38:05.262,100.0,168.0,162.0,-19.7736,6.4248,-97.8148,,4,1.0,425.35,164.41,56.88,459.55
2026-09-02 00:38:05.501,100.0,168.0,162.0,-19.7736,6.4248,-97.8148,,5,1.25,425.35,164.41,56.88,459.55
2026-09-02 00:38:12.005,100.0,168.0,156.0,-18.9937,8.4565,-97.8148,,1,0.25,425.34,164.39,56.86,459.53
2026-09-02 00:38:12.261,100.0,168.0,156.0,-18.9937,8.4565,-97.8148,,2,0.5,425.34,164.39,56.86,459.53
2026-09-02 00:38:12.516,100.0,168.0,156.0,-18.9937,8.4565,-97.8148,,3,0.75,425.29,164.38,56.85,459.48
2026-09-02 00:38:12.755,100.0,168.0,156.0,-18.9937,8.4565,-97.8148,,4,1.0,425.29,164.38,56.85,459.48
2026-09-02 00:38:13.010,100.0,168.0,156.0,-18.9937,8.4565,-97.8148,,5,1.25,425.31,164.39,56.84,459.5
2026-09-02 00:38:19.514,100.0,168.0,150.0,-18.0057,10.3956,-97.8148,,1,0.25,425.16,164.44,56.92,459.39
2026-09-02 00:38:19.753,100.0,168.0,150.0,-18.0057,10.3956,-97.8148,,2,0.5,425.16,164.44,56.92,459.39
2026-09-02 00:38:20.009,100.0,168.0,150.0,-18.0057,10.3956,-97.8148,,3,0.75,425.16,164.44,56.92,459.39
2026-09-02 00:38:20.264,100.0,168.0,150.0,-18.0057,10.3956,-97.8148,,4,1.0,425.17,164.44,56.92,459.4
2026-09-02 00:38:20.503,100.0,168.0,150.0,-18.0057,10.3956,-97.8148,,5,1.25,425.17,164.44,56.92,459.4
2026-09-02 00:38:27.007,100.0,168.0,144.0,-16.8204,12.2207,-97.8148,,1,0.25,425.09,164.35,56.83,459.28
2026-09-02 00:38:27.262,100.0,168.0,144.0,-16.8204,12.2207,-97.8148,,2,0.5,425.09,164.36,56.84,459.28
2026-09-02 00:38:27.501,100.0,168.0,144.0,-16.8204,12.2207,-97.8148,,3,0.75,425.09,164.36,56.84,459.28
2026-09-02 00:38:27.756,100.0,168.0,144.0,-16.8204,12.2207,-97.8148,,4,1.0,425.09,164.36,56.84,459.28
2026-09-02 00:38:28.012,100.0,168.0,144.0,-16.8204,12.2207,-97.8148,,5,1.25,425.13,164.36,56.84,459.32
2026-09-02 00:38:34.516,100.0,168.0,138.0,-15.4508,13.912,-97.8148,,1,0.25,424.99,164.44,56.94,459.23
2026-09-02 00:38:34.755,100.0,168.0,138.0,-15.4508,13.912,-97.8148,,2,0.5,424.99,164.44,56.94,459.23
2026-09-02 00:38:35.010,100.0,168.0,138.0,-15.4508,13.912,-97.8148,,3,0.75,425.02,164.45,56.93,459.26
2026-09-02 00:38:35.265,100.0,168.0,138.0,-15.4508,13.912,-97.8148,,4,1.0,425.02,164.45,56.93,459.26
2026-09-02 00:38:35.504,100.0,168.0,138.0,-15.4508,13.912,-97.8148,,5,1.25,425.02,164.45,56.93,459.26
2026-09-02 00:38:41.881,100.0,168.0,132.0,-13.912,15.4508,-97.8148,,1,0.25,425.0,164.36,56.86,459.2
2026-09-02 00:38:42.136,100.0,168.0,132.0,-13.912,15.4508,-97.8148,,2,0.5,425.0,164.36,56.86,459.2
2026-09-02 00:38:42.391,100.0,168.0,132.0,-13.912,15.4508,-97.8148,,3,0.75,424.97,164.35,56.86,459.17
2026-09-02 00:38:42.630,100.0,168.0,132.0,-13.912,15.4508,-97.8148,,4,1.0,424.97,164.35,56.86,459.17
2026-09-02 00:38:42.885,100.0,168.0,132.0,-13.912,15.4508,-97.8148,,5,1.25,424.95,164.36,56.86,459.16
2026-09-02 00:38:49.390,100.0,168.0,126.0,-12.2207,16.8204,-97.8148,,1,0.25,425.05,164.3,56.87,459.23
2026-09-02 00:38:49.629,100.0,168.0,126.0,-12.2207,16.8204,-97.8148,,2,0.5,425.01,164.31,56.89,459.2
2026-09-02 00:38:49.884,100.0,168.0,126.0,-12.2207,16.8204,-97.8148,,3,0.75,425.01,164.31,56.89,459.2
2026-09-02 00:38:50.139,100.0,168.0,126.0,-12.2207,16.8204,-97.8148,,4,1.0,425.0,164.3,56.89,459.19
2026-09-02 00:38:50.378,100.0,168.0,126.0,-12.2207,16.8204,-97.8148,,5,1.25,425.0,164.3,56.89,459.19
2026-09-02 00:38:56.883,100.0,168.0,120.0,-10.3956,18.0057,-97.8148,,1,0.25,424.91,164.27,56.91,459.09
2026-09-02 00:38:57.138,100.0,168.0,120.0,-10.3956,18.0057,-97.8148,,2,0.5,424.91,164.27,56.91,459.09
2026-09-02 00:38:57.377,100.0,168.0,120.0,-10.3956,18.0057,-97.8148,,3,0.75,424.94,164.27,56.9,459.12
2026-09-02 00:38:59.880,100.0,168.0,120.0,-10.3956,18.0057,-97.8148,,4,1.0,424.94,164.26,56.89,459.12
2026-09-02 00:39:00.135,100.0,168.0,120.0,-10.3956,18.0057,-97.8148,,5,1.25,424.94,164.26,56.89,459.12
2026-09-02 00:39:06.639,100.0,168.0,114.0,-8.4565,18.9937,-97.8148,,1,0.25,424.95,164.27,56.92,459.13
2026-09-02 00:39:06.878,100.0,168.0,114.0,-8.4565,18.9937,-97.8148,,2,0.5,424.95,164.27,56.92,459.13
2026-09-02 00:39:07.134,100.0,168.0,114.0,-8.4565,18.9937,-97.8148,,3,0.75,424.89,164.28,56.92,459.08
2026-09-02 00:39:07.388,100.0,168.0,114.0,-8.4565,18.9937,-97.8148,,4,1.0,424.89,164.28,56.92,459.08
2026-09-02 00:39:07.628,100.0,168.0,114.0,-8.4565,18.9937,-97.8148,,5,1.25,424.88,164.29,56.91,459.07
2026-09-02 00:39:14.132,100.0,168.0,108.0,-6.4248,19.7736,-97.8148,,1,0.25,424.78,164.31,56.89,458.99
2026-09-02 00:39:14.387,100.0,168.0,108.0,-6.4248,19.7736,-97.8148,,2,0.5,424.83,164.29,56.88,459.02
2026-09-02 00:39:14.626,100.0,168.0,108.0,-6.4248,19.7736,-97.8148,,3,0.75,424.9,164.3,56.86,459.09
2026-09-02 00:39:17.129,100.0,168.0,108.0,-6.4248,19.7736,-97.8148,,4,1.0,424.9,164.3,56.86,459.09
2026-09-02 00:39:17.384,100.0,168.0,108.0,-6.4248,19.7736,-97.8148,,5,1.25,424.9,164.3,56.86,459.09
2026-09-02 00:39:23.889,100.0,168.0,102.0,-4.3227,20.3368,-97.8148,,1,0.25,424.78,164.24,56.85,458.96
2026-09-02 00:39:24.128,100.0,168.0,102.0,-4.3227,20.3368,-97.8148,,2,0.5,424.77,164.25,56.85,458.95
2026-09-02 00:39:24.383,100.0,168.0,102.0,-4.3227,20.3368,-97.8148,,3,0.75,424.77,164.25,56.85,458.95
2026-09-02 00:39:24.638,100.0,168.0,102.0,-4.3227,20.3368,-97.8148,,4,1.0,424.79,164.23,56.86,458.96
2026-09-02 00:39:24.877,100.0,168.0,102.0,-4.3227,20.3368,-97.8148,,5,1.25,424.79,164.23,56.86,458.96
2026-09-02 00:39:31.381,100.0,168.0,96.0,-2.1733,20.6773,-97.8148,,1,0.25,424.83,164.11,56.9,458.96
2026-09-02 00:39:31.637,100.0,168.0,96.0,-2.1733,20.6773,-97.8148,,2,0.5,424.83,164.11,56.9,458.96
2026-09-02 00:39:31.876,100.0,168.0,96.0,-2.1733,20.6773,-97.8148,,3,0.75,424.82,164.13,56.91,458.96
2026-09-02 00:39:34.379,100.0,168.0,96.0,-2.1733,20.6773,-97.8148,,4,1.0,424.82,164.13,56.91,458.96
2026-09-02 00:39:34.634,100.0,168.0,96.0,-2.1733,20.6773,-97.8148,,5,1.25,424.79,164.12,56.91,458.93
2026-09-02 00:39:41.138,100.0,168.0,90.0,0.0,20.7912,-97.8148,,1,0.25,424.75,164.09,56.91,458.88
2026-09-02 00:39:41.377,100.0,168.0,90.0,0.0,20.7912,-97.8148,,2,0.5,424.74,164.08,56.92,458.87
2026-09-02 00:39:41.632,100.0,168.0,90.0,0.0,20.7912,-97.8148,,3,0.75,424.74,164.08,56.92,458.87
2026-09-02 00:39:41.887,100.0,168.0,90.0,0.0,20.7912,-97.8148,,4,1.0,424.78,164.06,56.91,458.9
2026-09-02 00:39:42.127,100.0,168.0,90.0,0.0,20.7912,-97.8148,,5,1.25,424.74,164.11,56.91,458.88
2026-09-02 00:39:50.879,100.0,168.0,84.0,2.1733,20.6773,-97.8148,,1,0.25,424.74,164.16,56.9,458.9
2026-09-02 00:39:51.134,100.0,168.0,84.0,2.1733,20.6773,-97.8148,,2,0.5,424.79,164.14,56.9,458.94
2026-09-02 00:39:51.389,100.0,168.0,84.0,2.1733,20.6773,-97.8148,,3,0.75,424.79,164.14,56.9,458.94
2026-09-02 00:39:51.628,100.0,168.0,84.0,2.1733,20.6773,-97.8148,,4,1.0,424.8,164.14,56.88,458.94
2026-09-02 00:39:51.883,100.0,168.0,84.0,2.1733,20.6773,-97.8148,,5,1.25,424.8,164.14,56.88,458.94
2026-09-02 00:39:58.388,100.0,168.0,78.0,4.3227,20.3368,-97.8148,,1,0.25,424.68,164.13,56.91,458.83
2026-09-02 00:39:58.627,100.0,168.0,78.0,4.3227,20.3368,-97.8148,,2,0.5,424.68,164.13,56.91,458.83
2026-09-02 00:39:58.882,100.0,168.0,78.0,4.3227,20.3368,-97.8148,,3,0.75,424.7,164.12,56.92,458.85
2026-09-02 00:39:59.137,100.0,168.0,78.0,4.3227,20.3368,-97.8148,,4,1.0,424.7,164.12,56.92,458.85
2026-09-02 00:39:59.376,100.0,168.0,78.0,4.3227,20.3368,-97.8148,,5,1.25,424.7,164.13,56.94,458.85
2026-09-02 00:40:08.128,100.0,168.0,72.0,6.4248,19.7736,-97.8148,,1,0.25,424.83,164.08,56.95,458.96
2026-09-02 00:40:08.383,100.0,168.0,72.0,6.4248,19.7736,-97.8148,,2,0.5,424.83,164.08,56.95,458.96
2026-09-02 00:40:08.638,100.0,168.0,72.0,6.4248,19.7736,-97.8148,,3,0.75,424.8,164.1,56.95,458.94
2026-09-02 00:40:08.877,100.0,168.0,72.0,6.4248,19.7736,-97.8148,,4,1.0,424.8,164.1,56.95,458.94
2026-09-02 00:40:09.132,100.0,168.0,72.0,6.4248,19.7736,-97.8148,,5,1.25,424.75,164.09,56.94,458.89
2026-09-02 00:40:15.637,100.0,168.0,66.0,8.4565,18.9937,-97.8148,,1,0.25,424.86,164.0,57.02,458.96
2026-09-02 00:40:15.876,100.0,168.0,66.0,8.4565,18.9937,-97.8148,,2,0.5,424.84,164.0,57.01,458.95
2026-09-02 00:40:18.379,100.0,168.0,66.0,8.4565,18.9937,-97.8148,,3,0.75,424.8,164.01,57.02,458.91
2026-09-02 00:40:18.634,100.0,168.0,66.0,8.4565,18.9937,-97.8148,,4,1.0,424.8,164.01,57.02,458.91
2026-09-02 00:40:18.889,100.0,168.0,66.0,8.4565,18.9937,-97.8148,,5,1.25,424.81,164.01,57.02,458.92
2026-09-02 00:40:25.377,100.0,168.0,60.0,10.3956,18.0057,-97.8148,,1,0.25,425.01,163.91,57.04,459.07
2026-09-02 00:40:25.633,100.0,168.0,60.0,10.3956,18.0057,-97.8148,,2,0.5,424.98,163.89,57.04,459.04
2026-09-02 00:40:25.888,100.0,168.0,60.0,10.3956,18.0057,-97.8148,,3,0.75,424.98,163.89,57.04,459.04
2026-09-02 00:40:26.127,100.0,168.0,60.0,10.3956,18.0057,-97.8148,,4,1.0,424.95,163.91,57.06,459.02
2026-09-02 00:40:26.382,100.0,168.0,60.0,10.3956,18.0057,-97.8148,,5,1.25,424.95,163.91,57.06,459.02
2026-09-02 00:40:32.886,100.0,168.0,54.0,12.2207,16.8204,-97.8148,,1,0.25,424.95,163.92,57.09,459.03
2026-09-02 00:40:33.125,100.0,168.0,54.0,12.2207,16.8204,-97.8148,,2,0.5,424.94,163.93,57.08,459.02
2026-09-02 00:40:35.628,100.0,168.0,54.0,12.2207,16.8204,-97.8148,,3,0.75,424.96,163.92,57.09,459.04
2026-09-02 00:40:35.883,100.0,168.0,54.0,12.2207,16.8204,-97.8148,,4,1.0,424.96,163.92,57.09,459.04
2026-09-02 00:40:36.138,100.0,168.0,54.0,12.2207,16.8204,-97.8148,,5,1.25,424.97,163.94,57.09,459.05
2026-09-02 00:40:42.515,100.0,168.0,48.0,13.912,15.4508,-97.8148,,1,0.25,424.97,164.0,57.12,459.08
2026-09-02 00:40:42.754,100.0,168.0,48.0,13.912,15.4508,-97.8148,,2,0.5,425.0,163.99,57.11,459.1
2026-09-02 00:40:43.010,100.0,168.0,48.0,13.912,15.4508,-97.8148,,3,0.75,425.0,163.99,57.11,459.1
2026-09-02 00:40:43.265,100.0,168.0,48.0,13.912,15.4508,-97.8148,,4,1.0,425.03,163.99,57.11,459.13
2026-09-02 00:40:43.504,100.0,168.0,48.0,13.912,15.4508,-97.8148,,5,1.25,425.03,163.99,57.11,459.13
2026-09-02 00:40:49.880,100.0,168.0,42.0,15.4508,13.912,-97.8148,,1,0.25,425.08,163.97,57.17,459.18
2026-09-02 00:40:50.136,100.0,168.0,42.0,15.4508,13.912,-97.8148,,2,0.5,425.08,163.97,57.17,459.18
2026-09-02 00:40:50.391,100.0,168.0,42.0,15.4508,13.912,-97.8148,,3,0.75,425.08,163.97,57.17,459.18
2026-09-02 00:40:50.630,100.0,168.0,42.0,15.4508,13.912,-97.8148,,4,1.0,425.11,163.98,57.16,459.21
2026-09-02 00:40:50.885,100.0,168.0,42.0,15.4508,13.912,-97.8148,,5,1.25,425.11,163.98,57.16,459.21
2026-09-02 00:40:57.389,100.0,168.0,36.0,16.8204,12.2207,-97.8148,,1,0.25,425.2,163.89,57.16,459.26
2026-09-02 00:40:57.628,100.0,168.0,36.0,16.8204,12.2207,-97.8148,,2,0.5,425.19,163.9,57.15,459.25
2026-09-02 00:40:57.883,100.0,168.0,36.0,16.8204,12.2207,-97.8148,,3,0.75,425.19,163.9,57.15,459.25
2026-09-02 00:40:58.139,100.0,168.0,36.0,16.8204,12.2207,-97.8148,,4,1.0,425.19,163.9,57.15,459.25
2026-09-02 00:40:58.378,100.0,168.0,36.0,16.8204,12.2207,-97.8148,,5,1.25,425.24,163.91,57.16,459.3
2026-09-02 00:41:04.882,100.0,168.0,30.0,18.0057,10.3956,-97.8148,,1,0.25,425.21,163.99,57.23,459.31
2026-09-02 00:41:05.137,100.0,168.0,30.0,18.0057,10.3956,-97.8148,,2,0.5,425.21,163.99,57.23,459.31
2026-09-02 00:41:05.376,100.0,168.0,30.0,18.0057,10.3956,-97.8148,,3,0.75,425.32,163.99,57.25,459.42
2026-09-02 00:41:07.879,100.0,168.0,30.0,18.0057,10.3956,-97.8148,,4,1.0,425.32,163.99,57.25,459.42
2026-09-02 00:41:08.134,100.0,168.0,30.0,18.0057,10.3956,-97.8148,,5,1.25,425.29,163.98,57.24,459.38
2026-09-02 00:41:14.639,100.0,168.0,24.0,18.9937,8.4565,-97.8148,,1,0.25,425.25,164.13,57.17,459.39
2026-09-02 00:41:14.878,100.0,168.0,24.0,18.9937,8.4565,-97.8148,,2,0.5,425.23,164.14,57.18,459.38
2026-09-02 00:41:15.133,100.0,168.0,24.0,18.9937,8.4565,-97.8148,,3,0.75,425.23,164.14,57.18,459.38
2026-09-02 00:41:15.388,100.0,168.0,24.0,18.9937,8.4565,-97.8148,,4,1.0,425.26,164.11,57.17,459.39
2026-09-02 00:41:15.627,100.0,168.0,24.0,18.9937,8.4565,-97.8148,,5,1.25,425.26,164.11,57.17,459.39
2026-09-02 00:41:22.131,100.0,168.0,18.0,19.7736,6.4248,-97.8148,,1,0.25,425.31,164.13,57.26,459.46
2026-09-02 00:41:22.386,100.0,168.0,18.0,19.7736,6.4248,-97.8148,,2,0.5,425.31,164.13,57.26,459.46
2026-09-02 00:41:22.626,100.0,168.0,18.0,19.7736,6.4248,-97.8148,,3,0.75,425.36,164.1,57.25,459.49
2026-09-02 00:41:25.129,100.0,168.0,18.0,19.7736,6.4248,-97.8148,,4,1.0,425.34,164.1,57.26,459.47
2026-09-02 00:41:25.384,100.0,168.0,18.0,19.7736,6.4248,-97.8148,,5,1.25,425.34,164.1,57.26,459.47
2026-09-02 00:41:31.888,100.0,168.0,12.0,20.3368,4.3227,-97.8148,,1,0.25,425.43,163.99,57.19,459.51
2026-09-02 00:41:32.127,100.0,168.0,12.0,20.3368,4.3227,-97.8148,,2,0.5,425.43,163.99,57.19,459.51
2026-09-02 00:41:32.382,100.0,168.0,12.0,20.3368,4.3227,-97.8148,,3,0.75,425.39,164.01,57.2,459.48
2026-09-02 00:41:32.637,100.0,168.0,12.0,20.3368,4.3227,-97.8148,,4,1.0,425.39,164.01,57.2,459.48
2026-09-02 00:41:32.876,100.0,168.0,12.0,20.3368,4.3227,-97.8148,,5,1.25,425.44,164.01,57.2,459.53
2026-09-02 00:41:39.381,100.0,168.0,6.0,20.6773,2.1733,-97.8148,,1,0.25,425.42,164.11,57.26,459.55
2026-09-02 00:41:39.636,100.0,168.0,6.0,20.6773,2.1733,-97.8148,,2,0.5,425.37,164.08,57.24,459.49
2026-09-02 00:41:39.875,100.0,168.0,6.0,20.6773,2.1733,-97.8148,,3,0.75,425.39,164.1,57.26,459.52
2026-09-02 00:41:42.378,100.0,168.0,6.0,20.6773,2.1733,-97.8148,,4,1.0,425.39,164.1,57.26,459.52
2026-09-02 00:41:42.633,100.0,168.0,6.0,20.6773,2.1733,-97.8148,,5,1.25,425.42,164.1,57.24,459.55
2026-09-02 00:41:49.137,100.0,168.0,0.0,20.7912,0.0,-97.8148,,1,0.25,425.31,164.17,57.24,459.47
2026-09-02 00:41:49.377,100.0,168.0,0.0,20.7912,0.0,-97.8148,,2,0.5,425.24,164.16,57.23,459.4
2026-09-02 00:41:49.632,100.0,168.0,0.0,20.7912,0.0,-97.8148,,3,0.75,425.24,164.16,57.23,459.4
2026-09-02 00:41:49.887,100.0,168.0,0.0,20.7912,0.0,-97.8148,,4,1.0,425.32,164.2,57.24,459.49
2026-09-02 00:41:50.126,100.0,168.0,0.0,20.7912,0.0,-97.8148,,5,1.25,425.31,164.17,57.24,459.47
2026-09-02 00:41:59.388,100.0,174.0,0.0,10.4528,0.0,-99.4522,,1,0.25,425.02,164.2,57.08,459.19
2026-09-02 00:41:59.627,100.0,174.0,0.0,10.4528,0.0,-99.4522,,2,0.5,425.03,164.21,57.09,459.21
2026-09-02 00:41:59.882,100.0,174.0,0.0,10.4528,0.0,-99.4522,,3,0.75,425.03,164.21,57.09,459.21
2026-09-02 00:42:00.138,100.0,174.0,0.0,10.4528,0.0,-99.4522,,4,1.0,425.03,164.21,57.09,459.21
2026-09-02 00:42:00.377,100.0,174.0,0.0,10.4528,0.0,-99.4522,,5,1.25,425.02,164.19,57.08,459.19
2026-09-02 00:42:06.754,100.0,174.0,6.0,10.3956,1.0926,-99.4522,,1,0.25,425.08,164.0,57.11,459.18
2026-09-02 00:42:07.009,100.0,174.0,6.0,10.3956,1.0926,-99.4522,,2,0.5,425.07,163.99,57.12,459.17
2026-09-02 00:42:07.264,100.0,174.0,6.0,10.3956,1.0926,-99.4522,,3,0.75,425.07,163.99,57.12,459.17
2026-09-02 00:42:07.503,100.0,174.0,6.0,10.3956,1.0926,-99.4522,,4,1.0,425.05,164.0,57.11,459.15
2026-09-02 00:42:07.758,100.0,174.0,6.0,10.3956,1.0926,-99.4522,,5,1.25,425.05,164.0,57.11,459.15
2026-09-02 00:42:14.135,100.0,174.0,12.0,10.2244,2.1733,-99.4522,,1,0.25,424.99,163.98,57.15,459.09
2026-09-02 00:42:14.390,100.0,174.0,12.0,10.2244,2.1733,-99.4522,,2,0.5,424.99,163.98,57.15,459.09
2026-09-02 00:42:14.629,100.0,174.0,12.0,10.2244,2.1733,-99.4522,,3,0.75,425.03,163.97,57.15,459.13
2026-09-02 00:42:14.884,100.0,174.0,12.0,10.2244,2.1733,-99.4522,,4,1.0,425.03,163.97,57.15,459.13
2026-09-02 00:42:15.139,100.0,174.0,12.0,10.2244,2.1733,-99.4522,,5,1.25,425.03,163.97,57.15,459.13
2026-09-02 00:42:21.500,100.0,174.0,18.0,9.9412,3.2301,-99.4522,,1,0.25,425.09,163.96,57.11,459.17
2026-09-02 00:42:21.755,100.0,174.0,18.0,9.9412,3.2301,-99.4522,,2,0.5,425.09,163.96,57.11,459.17
2026-09-02 00:42:22.010,100.0,174.0,18.0,9.9412,3.2301,-99.4522,,3,0.75,425.08,163.96,57.12,459.17
2026-09-02 00:42:22.265,100.0,174.0,18.0,9.9412,3.2301,-99.4522,,4,1.0,425.08,163.96,57.12,459.17
2026-09-02 00:42:22.504,100.0,174.0,18.0,9.9412,3.2301,-99.4522,,5,1.25,425.08,163.95,57.11,459.16
2026-09-02 00:42:28.881,100.0,174.0,24.0,9.5492,4.2516,-99.4522,,1,0.25,425.06,163.9,57.1,459.12
2026-09-02 00:42:29.136,100.0,174.0,24.0,9.5492,4.2516,-99.4522,,2,0.5,425.05,163.91,57.1,459.12
2026-09-02 00:42:29.375,100.0,174.0,24.0,9.5492,4.2516,-99.4522,,3,0.75,425.08,163.88,57.1,459.14
2026-09-02 00:42:31.878,100.0,174.0,24.0,9.5492,4.2516,-99.4522,,4,1.0,425.05,163.9,57.1,459.11
2026-09-02 00:42:32.133,100.0,174.0,24.0,9.5492,4.2516,-99.4522,,5,1.25,425.05,163.9,57.1,459.11
2026-09-02 00:42:38.510,100.0,174.0,30.0,9.0524,5.2264,-99.4522,,1,0.25,425.04,164.01,57.11,459.15
2026-09-02 00:42:38.749,100.0,174.0,30.0,9.0524,5.2264,-99.4522,,2,0.5,425.04,164.01,57.11,459.15
2026-09-02 00:42:39.004,100.0,174.0,30.0,9.0524,5.2264,-99.4522,,3,0.75,425.04,164.0,57.11,459.14
2026-09-02 00:42:39.259,100.0,174.0,30.0,9.0524,5.2264,-99.4522,,4,1.0,425.04,164.0,57.11,459.14
2026-09-02 00:42:39.515,100.0,174.0,30.0,9.0524,5.2264,-99.4522,,5,1.25,425.08,164.0,57.09,459.18
2026-09-02 00:42:45.875,100.0,174.0,36.0,8.4565,6.144,-99.4522,,1,0.25,425.05,163.88,57.09,459.11
2026-09-02 00:42:48.378,100.0,174.0,36.0,8.4565,6.144,-99.4522,,2,0.5,425.1,163.88,57.08,459.15
2026-09-02 00:42:48.633,100.0,174.0,36.0,8.4565,6.144,-99.4522,,3,0.75,425.1,163.88,57.08,459.15
2026-09-02 00:42:48.889,100.0,174.0,36.0,8.4565,6.144,-99.4522,,4,1.0,425.04,163.88,57.08,459.1
2026-09-02 00:42:49.128,100.0,174.0,36.0,8.4565,6.144,-99.4522,,5,1.25,425.04,163.88,57.08,459.1
2026-09-02 00:42:55.504,100.0,174.0,42.0,7.768,6.9943,-99.4522,,1,0.25,425.07,163.87,57.04,459.12
2026-09-02 00:42:55.759,100.0,174.0,42.0,7.768,6.9943,-99.4522,,2,0.5,425.07,163.87,57.04,459.12
2026-09-02 00:42:56.015,100.0,174.0,42.0,7.768,6.9943,-99.4522,,3,0.75,425.1,163.9,57.04,459.15
2026-09-02 00:42:56.254,100.0,174.0,42.0,7.768,6.9943,-99.4522,,4,1.0,425.1,163.9,57.04,459.15
2026-09-02 00:42:56.509,100.0,174.0,42.0,7.768,6.9943,-99.4522,,5,1.25,425.1,163.9,57.04,459.15
2026-09-02 00:43:02.886,100.0,174.0,48.0,6.9943,7.768,-99.4522,,1,0.25,424.94,163.96,56.96,459.02
2026-09-02 00:43:03.125,100.0,174.0,48.0,6.9943,7.768,-99.4522,,2,0.5,424.99,163.94,56.96,459.06
2026-09-02 00:43:05.628,100.0,174.0,48.0,6.9943,7.768,-99.4522,,3,0.75,424.99,163.94,56.96,459.06
2026-09-02 00:43:05.883,100.0,174.0,48.0,6.9943,7.768,-99.4522,,4,1.0,425.0,163.94,56.96,459.07
2026-09-02 00:43:06.138,100.0,174.0,48.0,6.9943,7.768,-99.4522,,5,1.25,425.0,163.94,56.96,459.07
2026-09-02 00:43:12.515,100.0,174.0,54.0,6.144,8.4565,-99.4522,,1,0.25,424.96,164.01,56.94,459.05
2026-09-02 00:43:12.754,100.0,174.0,54.0,6.144,8.4565,-99.4522,,2,0.5,424.95,164.0,56.94,459.04
2026-09-02 00:43:13.009,100.0,174.0,54.0,6.144,8.4565,-99.4522,,3,0.75,424.95,164.0,56.94,459.04
2026-09-02 00:43:13.264,100.0,174.0,54.0,6.144,8.4565,-99.4522,,4,1.0,424.98,163.98,56.95,459.06
2026-09-02 00:43:13.503,100.0,174.0,54.0,6.144,8.4565,-99.4522,,5,1.25,424.98,163.98,56.95,459.06
2026-09-02 00:43:19.880,100.0,174.0,60.0,5.2264,9.0524,-99.4522,,1,0.25,425.06,163.87,56.97,459.1
2026-09-02 00:43:20.135,100.0,174.0,60.0,5.2264,9.0524,-99.4522,,2,0.5,425.06,163.87,56.97,459.1
2026-09-02 00:43:20.374,100.0,174.0,60.0,5.2264,9.0524,-99.4522,,3,0.75,425.11,163.87,56.98,459.14
2026-09-02 00:43:22.877,100.0,174.0,60.0,5.2264,9.0524,-99.4522,,4,1.0,425.05,163.87,56.98,459.09
2026-09-02 00:43:23.132,100.0,174.0,60.0,5.2264,9.0524,-99.4522,,5,1.25,425.05,163.87,56.98,459.09
2026-09-02 00:43:29.509,100.0,174.0,66.0,4.2516,9.5492,-99.4522,,1,0.25,424.94,163.98,56.96,459.02
2026-09-02 00:43:29.764,100.0,174.0,66.0,4.2516,9.5492,-99.4522,,2,0.5,425.0,163.97,56.96,459.08
2026-09-02 00:43:30.003,100.0,174.0,66.0,4.2516,9.5492,-99.4522,,3,0.75,425.0,163.97,56.96,459.08
2026-09-02 00:43:30.258,100.0,174.0,66.0,4.2516,9.5492,-99.4522,,4,1.0,424.96,163.98,56.98,459.05
2026-09-02 00:43:30.513,100.0,174.0,66.0,4.2516,9.5492,-99.4522,,5,1.25,424.96,163.98,56.98,459.05
2026-09-02 00:43:36.874,100.0,174.0,72.0,3.2301,9.9412,-99.4522,,1,0.25,424.99,163.91,56.97,459.05
2026-09-02 00:43:39.377,100.0,174.0,72.0,3.2301,9.9412,-99.4522,,2,0.5,424.99,163.91,56.97,459.05
2026-09-02 00:43:39.632,100.0,174.0,72.0,3.2301,9.9412,-99.4522,,3,0.75,425.02,163.9,56.97,459.07
2026-09-02 00:43:39.887,100.0,174.0,72.0,3.2301,9.9412,-99.4522,,4,1.0,425.02,163.9,56.97,459.07
2026-09-02 00:43:40.126,100.0,174.0,72.0,3.2301,9.9412,-99.4522,,5,1.25,424.98,163.92,56.96,459.04
2026-09-02 00:43:46.503,100.0,174.0,78.0,2.1733,10.2244,-99.4522,,1,0.25,424.99,163.9,56.98,459.04
2026-09-02 00:43:46.758,100.0,174.0,78.0,2.1733,10.2244,-99.4522,,2,0.5,425.02,163.91,56.99,459.08
2026-09-02 00:43:47.013,100.0,174.0,78.0,2.1733,10.2244,-99.4522,,3,0.75,425.02,163.91,56.99,459.08
2026-09-02 00:43:47.253,100.0,174.0,78.0,2.1733,10.2244,-99.4522,,4,1.0,425.03,163.92,56.99,459.09
2026-09-02 00:43:47.508,100.0,174.0,78.0,2.1733,10.2244,-99.4522,,5,1.25,425.03,163.92,56.99,459.09
2026-09-02 00:43:53.884,100.0,174.0,84.0,1.0926,10.3956,-99.4522,,1,0.25,425.06,163.95,56.96,459.12
2026-09-02 00:43:54.139,100.0,174.0,84.0,1.0926,10.3956,-99.4522,,2,0.5,425.06,163.95,56.96,459.12
2026-09-02 00:43:54.379,100.0,174.0,84.0,1.0926,10.3956,-99.4522,,3,0.75,425.06,163.95,56.96,459.12
2026-09-02 00:43:54.634,100.0,174.0,84.0,1.0926,10.3956,-99.4522,,4,1.0,425.06,163.98,56.97,459.14
2026-09-02 00:43:54.889,100.0,174.0,84.0,1.0926,10.3956,-99.4522,,5,1.25,425.06,163.98,56.97,459.14
2026-09-02 00:44:01.250,100.0,174.0,90.0,0.0,10.4528,-99.4522,,1,0.25,425.0,164.03,56.93,459.09
2026-09-02 00:44:01.505,100.0,174.0,90.0,0.0,10.4528,-99.4522,,2,0.5,425.0,164.03,56.93,459.09
2026-09-02 00:44:01.760,100.0,174.0,90.0,0.0,10.4528,-99.4522,,3,0.75,425.02,164.06,56.93,459.12
2026-09-02 00:44:01.999,100.0,174.0,90.0,0.0,10.4528,-99.4522,,4,1.0,425.02,164.06,56.93,459.12
2026-09-02 00:44:02.254,100.0,174.0,90.0,0.0,10.4528,-99.4522,,5,1.25,425.01,164.07,56.93,459.12
2026-09-02 00:44:08.631,100.0,174.0,96.0,-1.0926,10.3956,-99.4522,,1,0.25,424.88,164.19,56.88,459.03
2026-09-02 00:44:08.886,100.0,174.0,96.0,-1.0926,10.3956,-99.4522,,2,0.5,424.88,164.21,56.87,459.04
2026-09-02 00:44:09.125,100.0,174.0,96.0,-1.0926,10.3956,-99.4522,,3,0.75,424.88,164.21,56.87,459.04
2026-09-02 00:44:09.380,100.0,174.0,96.0,-1.0926,10.3956,-99.4522,,4,1.0,424.88,164.21,56.87,459.04
2026-09-02 00:44:09.635,100.0,174.0,96.0,-1.0926,10.3956,-99.4522,,5,1.25,424.88,164.22,56.88,459.04
2026-09-02 00:44:16.012,100.0,174.0,102.0,-2.1733,10.2244,-99.4522,,1,0.25,424.76,164.38,56.88,458.99
2026-09-02 00:44:16.251,100.0,174.0,102.0,-2.1733,10.2244,-99.4522,,2,0.5,424.78,164.35,56.88,459.0
2026-09-02 00:44:16.506,100.0,174.0,102.0,-2.1733,10.2244,-99.4522,,3,0.75,424.78,164.35,56.88,459.0
2026-09-02 00:44:16.761,100.0,174.0,102.0,-2.1733,10.2244,-99.4522,,4,1.0,424.81,164.35,56.89,459.03
2026-09-02 00:44:17.001,100.0,174.0,102.0,-2.1733,10.2244,-99.4522,,5,1.25,424.81,164.35,56.89,459.03
2026-09-02 00:44:23.378,100.0,174.0,108.0,-3.2301,9.9412,-99.4522,,1,0.25,424.89,164.28,56.87,459.07
2026-09-02 00:44:23.633,100.0,174.0,108.0,-3.2301,9.9412,-99.4522,,2,0.5,424.89,164.28,56.87,459.07
2026-09-02 00:44:23.888,100.0,174.0,108.0,-3.2301,9.9412,-99.4522,,3,0.75,424.89,164.28,56.87,459.07
2026-09-02 00:44:24.127,100.0,174.0,108.0,-3.2301,9.9412,-99.4522,,4,1.0,424.89,164.28,56.87,459.07
2026-09-02 00:44:24.382,100.0,174.0,108.0,-3.2301,9.9412,-99.4522,,5,1.25,424.89,164.28,56.87,459.07
2026-09-02 00:44:30.759,100.0,174.0,114.0,-4.2516,9.5492,-99.4522,,1,0.25,424.85,164.37,56.81,459.06
2026-09-02 00:44:31.014,100.0,174.0,114.0,-4.2516,9.5492,-99.4522,,2,0.5,424.85,164.37,56.81,459.06
2026-09-02 00:44:31.253,100.0,174.0,114.0,-4.2516,9.5492,-99.4522,,3,0.75,424.86,164.37,56.81,459.07
2026-09-02 00:44:31.508,100.0,174.0,114.0,-4.2516,9.5492,-99.4522,,4,1.0,424.86,164.37,56.81,459.07
2026-09-02 00:44:31.763,100.0,174.0,114.0,-4.2516,9.5492,-99.4522,,5,1.25,424.84,164.35,56.81,459.05
2026-09-02 00:44:38.124,100.0,174.0,120.0,-5.2264,9.0524,-99.4522,,1,0.25,424.87,164.29,56.8,459.05
2026-09-02 00:44:40.627,100.0,174.0,120.0,-5.2264,9.0524,-99.4522,,2,0.5,424.82,164.28,56.8,459.0
2026-09-02 00:44:40.882,100.0,174.0,120.0,-5.2264,9.0524,-99.4522,,3,0.75,424.82,164.28,56.8,459.0
2026-09-02 00:44:41.137,100.0,174.0,120.0,-5.2264,9.0524,-99.4522,,4,1.0,424.81,164.3,56.8,459.0
2026-09-02 00:44:41.376,100.0,174.0,120.0,-5.2264,9.0524,-99.4522,,5,1.25,424.81,164.3,56.8,459.0
2026-09-02 00:44:47.753,100.0,174.0,126.0,-6.144,8.4565,-99.4522,,1,0.25,424.91,164.33,56.76,459.1
2026-09-02 00:44:48.008,100.0,174.0,126.0,-6.144,8.4565,-99.4522,,2,0.5,424.91,164.33,56.76,459.1
2026-09-02 00:44:48.263,100.0,174.0,126.0,-6.144,8.4565,-99.4522,,3,0.75,424.96,164.33,56.77,459.14
2026-09-02 00:44:48.502,100.0,174.0,126.0,-6.144,8.4565,-99.4522,,4,1.0,424.96,164.33,56.77,459.14
2026-09-02 00:44:48.757,100.0,174.0,126.0,-6.144,8.4565,-99.4522,,5,1.25,424.98,164.35,56.78,459.17
2026-09-02 00:44:55.134,100.0,174.0,132.0,-6.9943,7.768,-99.4522,,1,0.25,424.89,164.33,56.76,459.08
2026-09-02 00:44:55.373,100.0,174.0,132.0,-6.9943,7.768,-99.4522,,2,0.5,424.91,164.32,56.77,459.09
2026-09-02 00:44:57.876,100.0,174.0,132.0,-6.9943,7.768,-99.4522,,3,0.75,424.91,164.32,56.77,459.09
2026-09-02 00:44:58.131,100.0,174.0,132.0,-6.9943,7.768,-99.4522,,4,1.0,424.91,164.35,56.77,459.11
2026-09-02 00:44:58.386,100.0,174.0,132.0,-6.9943,7.768,-99.4522,,5,1.25,424.91,164.35,56.77,459.11
2026-09-02 00:45:04.763,100.0,174.0,138.0,-7.768,6.9943,-99.4522,,1,0.25,424.98,164.26,56.78,459.14
2026-09-02 00:45:05.002,100.0,174.0,138.0,-7.768,6.9943,-99.4522,,2,0.5,424.98,164.26,56.78,459.14
2026-09-02 00:45:05.257,100.0,174.0,138.0,-7.768,6.9943,-99.4522,,3,0.75,424.97,164.24,56.79,459.12
2026-09-02 00:45:05.512,100.0,174.0,138.0,-7.768,6.9943,-99.4522,,4,1.0,424.97,164.24,56.79,459.12
2026-09-02 00:45:05.752,100.0,174.0,138.0,-7.768,6.9943,-99.4522,,5,1.25,424.97,164.24,56.79,459.12
2026-09-02 00:45:12.129,100.0,174.0,144.0,-8.4565,6.144,-99.4522,,1,0.25,424.99,164.4,56.78,459.2
2026-09-02 00:45:12.384,100.0,174.0,144.0,-8.4565,6.144,-99.4522,,2,0.5,424.99,164.4,56.78,459.2
2026-09-02 00:45:12.639,100.0,174.0,144.0,-8.4565,6.144,-99.4522,,3,0.75,425.0,164.4,56.79,459.21
2026-09-02 00:45:12.878,100.0,174.0,144.0,-8.4565,6.144,-99.4522,,4,1.0,425.0,164.4,56.79,459.21
2026-09-02 00:45:13.133,100.0,174.0,144.0,-8.4565,6.144,-99.4522,,5,1.25,424.96,164.37,56.79,459.16
2026-09-02 00:45:19.510,100.0,174.0,150.0,-9.0524,5.2264,-99.4522,,1,0.25,424.86,164.46,56.72,459.09
2026-09-02 00:45:19.749,100.0,174.0,150.0,-9.0524,5.2264,-99.4522,,2,0.5,424.89,164.47,56.73,459.12
2026-09-02 00:45:20.004,100.0,174.0,150.0,-9.0524,5.2264,-99.4522,,3,0.75,424.89,164.47,56.73,459.12
2026-09-02 00:45:20.259,100.0,174.0,150.0,-9.0524,5.2264,-99.4522,,4,1.0,424.92,164.46,56.75,459.15
2026-09-02 00:45:20.498,100.0,174.0,150.0,-9.0524,5.2264,-99.4522,,5,1.25,424.92,164.46,56.75,459.15
2026-09-02 00:45:26.875,100.0,174.0,156.0,-9.5492,4.2516,-99.4522,,1,0.25,424.97,164.36,56.7,459.16
2026-09-02 00:45:27.130,100.0,174.0,156.0,-9.5492,4.2516,-99.4522,,2,0.5,425.03,164.38,56.7,459.22
2026-09-02 00:45:27.385,100.0,174.0,156.0,-9.5492,4.2516,-99.4522,,3,0.75,425.03,164.38,56.7,459.22
2026-09-02 00:45:27.624,100.0,174.0,156.0,-9.5492,4.2516,-99.4522,,4,1.0,424.99,164.36,56.68,459.17
2026-09-02 00:45:30.127,100.0,174.0,156.0,-9.5492,4.2516,-99.4522,,5,1.25,425.03,164.36,56.68,459.21
2026-09-02 00:45:36.504,100.0,174.0,162.0,-9.9412,3.2301,-99.4522,,1,0.25,424.98,164.46,56.7,459.2
2026-09-02 00:45:36.759,100.0,174.0,162.0,-9.9412,3.2301,-99.4522,,2,0.5,424.98,164.46,56.7,459.2
2026-09-02 00:45:36.998,100.0,174.0,162.0,-9.9412,3.2301,-99.4522,,3,0.75,424.97,164.46,56.69,459.19
2026-09-02 00:45:37.253,100.0,174.0,162.0,-9.9412,3.2301,-99.4522,,4,1.0,424.97,164.46,56.69,459.19
2026-09-02 00:45:37.508,100.0,174.0,162.0,-9.9412,3.2301,-99.4522,,5,1.25,424.99,164.46,56.69,459.21
2026-09-02 00:45:43.885,100.0,174.0,168.0,-10.2244,2.1733,-99.4522,,1,0.25,425.0,164.41,56.73,459.21
2026-09-02 00:45:44.124,100.0,174.0,168.0,-10.2244,2.1733,-99.4522,,2,0.5,425.0,164.4,56.71,459.2
2026-09-02 00:45:44.379,100.0,174.0,168.0,-10.2244,2.1733,-99.4522,,3,0.75,425.0,164.4,56.71,459.2
2026-09-02 00:45:44.634,100.0,174.0,168.0,-10.2244,2.1733,-99.4522,,4,1.0,424.96,164.4,56.72,459.16
2026-09-02 00:45:44.874,100.0,174.0,168.0,-10.2244,2.1733,-99.4522,,5,1.25,425.01,164.4,56.73,459.21
2026-09-02 00:45:53.498,100.0,174.0,174.0,-10.3956,1.0926,-99.4522,,1,0.25,425.04,164.5,56.68,459.27
2026-09-02 00:45:53.754,100.0,174.0,174.0,-10.3956,1.0926,-99.4522,,2,0.5,425.04,164.5,56.68,459.27
2026-09-02 00:45:54.009,100.0,174.0,174.0,-10.3956,1.0926,-99.4522,,3,0.75,425.01,164.5,56.68,459.24
2026-09-02 00:45:54.264,100.0,174.0,174.0,-10.3956,1.0926,-99.4522,,4,1.0,425.01,164.5,56.68,459.24
2026-09-02 00:45:54.503,100.0,174.0,174.0,-10.3956,1.0926,-99.4522,,5,1.25,425.07,164.51,56.66,459.3
2026-09-02 00:46:00.880,100.0,174.0,180.0,-10.4528,0.0,-99.4522,,1,0.25,425.03,164.45,56.65,459.24
2026-09-02 00:46:01.135,100.0,174.0,180.0,-10.4528,0.0,-99.4522,,2,0.5,425.08,164.44,56.65,459.28
2026-09-02 00:46:01.374,100.0,174.0,180.0,-10.4528,0.0,-99.4522,,3,0.75,425.07,164.45,56.65,459.27
2026-09-02 00:46:03.877,100.0,174.0,180.0,-10.4528,0.0,-99.4522,,4,1.0,425.07,164.43,56.65,459.27
2026-09-02 00:46:04.132,100.0,174.0,180.0,-10.4528,0.0,-99.4522,,5,1.25,425.07,164.43,56.65,459.27
2026-09-02 00:46:10.509,100.0,174.0,186.0,-10.3956,-1.0926,-99.4522,,1,0.25,425.14,164.28,56.71,459.29
2026-09-02 00:46:10.748,100.0,174.0,186.0,-10.3956,-1.0926,-99.4522,,2,0.5,425.14,164.28,56.71,459.29
2026-09-02 00:46:11.003,100.0,174.0,186.0,-10.3956,-1.0926,-99.4522,,3,0.75,425.13,164.27,56.71,459.27
2026-09-02 00:46:11.258,100.0,174.0,186.0,-10.3956,-1.0926,-99.4522,,4,1.0,425.13,164.27,56.71,459.27
2026-09-02 00:46:11.513,100.0,174.0,186.0,-10.3956,-1.0926,-99.4522,,5,1.25,425.15,164.28,56.7,459.29
2026-09-02 00:46:17.874,100.0,174.0,192.0,-10.2244,-2.1733,-99.4522,,1,0.25,425.1,164.19,56.75,459.22
2026-09-02 00:46:18.129,100.0,174.0,192.0,-10.2244,-2.1733,-99.4522,,2,0.5,425.09,164.22,56.73,459.22
2026-09-02 00:46:18.384,100.0,174.0,192.0,-10.2244,-2.1733,-99.4522,,3,0.75,425.09,164.22,56.73,459.22
2026-09-02 00:46:18.623,100.0,174.0,192.0,-10.2244,-2.1733,-99.4522,,4,1.0,425.07,164.22,56.73,459.2
2026-09-02 00:46:21.126,100.0,174.0,192.0,-10.2244,-2.1733,-99.4522,,5,1.25,425.07,164.22,56.73,459.2
2026-09-02 00:46:27.503,100.0,174.0,198.0,-9.9412,-3.2301,-99.4522,,1,0.25,425.17,164.17,56.71,459.27
2026-09-02 00:46:27.758,100.0,174.0,198.0,-9.9412,-3.2301,-99.4522,,2,0.5,425.17,164.17,56.71,459.27
2026-09-02 00:46:28.013,100.0,174.0,198.0,-9.9412,-3.2301,-99.4522,,3,0.75,425.14,164.17,56.7,459.25
2026-09-02 00:46:28.252,100.0,174.0,198.0,-9.9412,-3.2301,-99.4522,,4,1.0,425.14,164.17,56.7,459.25
2026-09-02 00:46:28.507,100.0,174.0,198.0,-9.9412,-3.2301,-99.4522,,5,1.25,425.12,164.16,56.72,459.23
2026-09-02 00:46:34.884,100.0,174.0,204.0,-9.5492,-4.2516,-99.4522,,1,0.25,425.07,164.17,56.72,459.18
2026-09-02 00:46:35.123,100.0,174.0,204.0,-9.5492,-4.2516,-99.4522,,2,0.5,425.05,164.15,56.72,459.16
2026-09-02 00:46:37.626,100.0,174.0,204.0,-9.5492,-4.2516,-99.4522,,3,0.75,425.05,164.15,56.72,459.16
2026-09-02 00:46:37.881,100.0,174.0,204.0,-9.5492,-4.2516,-99.4522,,4,1.0,425.05,164.17,56.71,459.16
2026-09-02 00:46:38.136,100.0,174.0,204.0,-9.5492,-4.2516,-99.4522,,5,1.25,425.05,164.17,56.71,459.16
2026-09-02 00:46:44.497,100.0,174.0,210.0,-9.0524,-5.2264,-99.4522,,1,0.5,425.15,163.98,56.77,459.2
2026-09-02 00:46:45.263,100.0,174.0,210.0,-9.0524,-5.2264,-99.4522,,2,0.75,425.15,163.98,56.77,459.2
2026-09-02 00:46:45.502,100.0,174.0,210.0,-9.0524,-5.2264,-99.4522,,3,1.0,425.14,163.97,56.75,459.18
2026-09-02 00:46:45.757,100.0,174.0,210.0,-9.0524,-5.2264,-99.4522,,4,1.25,425.14,163.97,56.75,459.18
2026-09-02 00:46:46.012,100.0,174.0,210.0,-9.0524,-5.2264,-99.4522,,5,1.5,425.14,163.97,56.75,459.18
2026-09-02 00:46:52.373,100.0,174.0,216.0,-8.4565,-6.144,-99.4522,,1,0.25,425.11,164.17,56.77,459.23
2026-09-02 00:46:54.876,100.0,174.0,216.0,-8.4565,-6.144,-99.4522,,2,0.5,425.17,164.19,56.77,459.29
2026-09-02 00:46:55.131,100.0,174.0,216.0,-8.4565,-6.144,-99.4522,,3,0.75,425.17,164.19,56.77,459.29
2026-09-02 00:46:55.386,100.0,174.0,216.0,-8.4565,-6.144,-99.4522,,4,1.0,425.15,164.19,56.77,459.27
2026-09-02 00:46:55.625,100.0,174.0,216.0,-8.4565,-6.144,-99.4522,,5,1.25,425.15,164.19,56.77,459.27
2026-09-02 00:47:02.002,100.0,174.0,222.0,-7.768,-6.9943,-99.4522,,1,0.25,425.07,164.22,56.78,459.21
2026-09-02 00:47:02.257,100.0,174.0,222.0,-7.768,-6.9943,-99.4522,,2,0.5,425.05,164.23,56.78,459.19
2026-09-02 00:47:02.512,100.0,174.0,222.0,-7.768,-6.9943,-99.4522,,3,0.75,425.05,164.23,56.78,459.19
2026-09-02 00:47:02.751,100.0,174.0,222.0,-7.768,-6.9943,-99.4522,,4,1.0,425.07,164.24,56.78,459.22
2026-09-02 00:47:03.006,100.0,174.0,222.0,-7.768,-6.9943,-99.4522,,5,1.25,425.07,164.24,56.78,459.22
2026-09-02 00:47:09.383,100.0,174.0,228.0,-6.9943,-7.768,-99.4522,,1,0.25,425.11,164.1,56.77,459.2
2026-09-02 00:47:09.638,100.0,174.0,228.0,-6.9943,-7.768,-99.4522,,2,0.5,425.11,164.1,56.77,459.2
2026-09-02 00:47:09.877,100.0,174.0,228.0,-6.9943,-7.768,-99.4522,,3,0.75,425.1,164.11,56.78,459.2
2026-09-02 00:47:10.132,100.0,174.0,228.0,-6.9943,-7.768,-99.4522,,4,1.0,425.1,164.11,56.78,459.2
2026-09-02 00:47:10.387,100.0,174.0,228.0,-6.9943,-7.768,-99.4522,,5,1.25,425.14,164.09,56.78,459.23
2026-09-02 00:47:16.748,100.0,174.0,234.0,-6.144,-8.4565,-99.4522,,1,0.25,425.15,163.97,56.77,459.19
2026-09-02 00:47:17.003,100.0,174.0,234.0,-6.144,-8.4565,-99.4522,,2,0.5,425.15,163.97,56.77,459.19
2026-09-02 00:47:17.258,100.0,174.0,234.0,-6.144,-8.4565,-99.4522,,3,0.75,425.18,163.98,56.77,459.22
2026-09-02 00:47:17.497,100.0,174.0,234.0,-6.144,-8.4565,-99.4522,,4,1.0,425.18,163.98,56.77,459.22
2026-09-02 00:47:17.752,100.0,174.0,234.0,-6.144,-8.4565,-99.4522,,5,1.25,425.13,163.98,56.77,459.18
2026-09-02 00:47:24.129,100.0,174.0,240.0,-5.2264,-9.0524,-99.4522,,1,0.25,425.14,164.05,56.79,459.21
2026-09-02 00:47:24.384,100.0,174.0,240.0,-5.2264,-9.0524,-99.4522,,2,0.5,425.19,164.07,56.8,459.27
2026-09-02 00:47:24.624,100.0,174.0,240.0,-5.2264,-9.0524,-99.4522,,3,0.75,425.19,164.07,56.8,459.27
2026-09-02 00:47:24.879,100.0,174.0,240.0,-5.2264,-9.0524,-99.4522,,4,1.0,425.13,164.05,56.79,459.2
2026-09-02 00:47:25.134,100.0,174.0,240.0,-5.2264,-9.0524,-99.4522,,5,1.25,425.13,164.05,56.79,459.2
2026-09-02 00:47:31.510,100.0,174.0,246.0,-4.2516,-9.5492,-99.4522,,1,0.25,425.09,163.99,56.83,459.15
2026-09-02 00:47:31.750,100.0,174.0,246.0,-4.2516,-9.5492,-99.4522,,2,0.5,425.09,163.99,56.83,459.15
2026-09-02 00:47:32.005,100.0,174.0,246.0,-4.2516,-9.5492,-99.4522,,3,0.75,425.09,163.99,56.83,459.15
2026-09-02 00:47:32.260,100.0,174.0,246.0,-4.2516,-9.5492,-99.4522,,4,1.0,425.05,164.02,56.83,459.12
2026-09-02 00:47:32.499,100.0,174.0,246.0,-4.2516,-9.5492,-99.4522,,5,1.25,425.05,164.02,56.83,459.12
2026-09-02 00:47:38.876,100.0,174.0,252.0,-3.2301,-9.9412,-99.4522,,1,0.25,425.1,163.99,56.89,459.17
2026-09-02 00:47:39.131,100.0,174.0,252.0,-3.2301,-9.9412,-99.4522,,2,0.5,425.1,163.99,56.89,459.17
2026-09-02 00:47:39.386,100.0,174.0,252.0,-3.2301,-9.9412,-99.4522,,3,0.75,425.09,164.01,56.89,459.17
2026-09-02 00:47:39.625,100.0,174.0,252.0,-3.2301,-9.9412,-99.4522,,4,1.0,425.09,164.01,56.89,459.17
2026-09-02 00:47:39.880,100.0,174.0,252.0,-3.2301,-9.9412,-99.4522,,5,1.25,425.07,164.0,56.9,459.14
2026-09-02 00:47:46.257,100.0,174.0,258.0,-2.1733,-10.2244,-99.4522,,1,0.25,425.05,164.12,56.91,459.17
2026-09-02 00:47:46.512,100.0,174.0,258.0,-2.1733,-10.2244,-99.4522,,2,0.5,425.02,164.14,56.92,459.15
2026-09-02 00:47:46.751,100.0,174.0,258.0,-2.1733,-10.2244,-99.4522,,3,0.75,425.02,164.14,56.92,459.15
2026-09-02 00:47:47.006,100.0,174.0,258.0,-2.1733,-10.2244,-99.4522,,4,1.0,425.02,164.14,56.92,459.15
2026-09-02 00:47:47.261,100.0,174.0,258.0,-2.1733,-10.2244,-99.4522,,5,1.25,424.99,164.13,56.92,459.12
2026-09-02 00:47:53.622,100.0,174.0,264.0,-1.0926,-10.3956,-99.4522,,1,0.25,425.09,164.07,56.91,459.19
2026-09-02 00:47:56.125,100.0,174.0,264.0,-1.0926,-10.3956,-99.4522,,2,0.5,425.09,164.07,56.91,459.19
2026-09-02 00:47:56.380,100.0,174.0,264.0,-1.0926,-10.3956,-99.4522,,3,0.75,425.09,164.07,56.92,459.19
2026-09-02 00:47:56.635,100.0,174.0,264.0,-1.0926,-10.3956,-99.4522,,4,1.0,425.09,164.07,56.92,459.19
2026-09-02 00:47:56.874,100.0,174.0,264.0,-1.0926,-10.3956,-99.4522,,5,1.25,425.06,164.07,56.91,459.16
2026-09-02 00:48:03.251,100.0,174.0,270.0,-0.0,-10.4528,-99.4522,,1,0.25,425.07,164.04,56.95,459.16
2026-09-02 00:48:03.506,100.0,174.0,270.0,-0.0,-10.4528,-99.4522,,2,0.5,425.07,164.04,56.95,459.16
2026-09-02 00:48:03.761,100.0,174.0,270.0,-0.0,-10.4528,-99.4522,,3,0.75,425.04,164.05,56.95,459.14
2026-09-02 00:48:04.000,100.0,174.0,270.0,-0.0,-10.4528,-99.4522,,4,1.0,425.04,164.05,56.95,459.14
2026-09-02 00:48:04.255,100.0,174.0,270.0,-0.0,-10.4528,-99.4522,,5,1.25,425.03,164.05,56.96,459.13
2026-09-02 00:48:10.632,100.0,174.0,276.0,1.0926,-10.3956,-99.4522,,1,0.25,425.12,163.94,56.99,459.18
2026-09-02 00:48:10.887,100.0,174.0,276.0,1.0926,-10.3956,-99.4522,,2,0.5,425.11,163.94,57.0,459.17
2026-09-02 00:48:11.126,100.0,174.0,276.0,1.0926,-10.3956,-99.4522,,3,0.75,425.11,163.94,57.0,459.17
2026-09-02 00:48:11.381,100.0,174.0,276.0,1.0926,-10.3956,-99.4522,,4,1.0,425.06,163.94,57.0,459.13
2026-09-02 00:48:11.637,100.0,174.0,276.0,1.0926,-10.3956,-99.4522,,5,1.25,425.06,163.94,57.0,459.13
2026-09-02 00:48:17.997,100.0,174.0,282.0,2.1733,-10.2244,-99.4522,,1,0.25,425.02,164.02,57.03,459.12
2026-09-02 00:48:18.253,100.0,174.0,282.0,2.1733,-10.2244,-99.4522,,2,0.5,425.06,164.04,57.05,459.17
2026-09-02 00:48:18.508,100.0,174.0,282.0,2.1733,-10.2244,-99.4522,,3,0.75,425.06,164.04,57.05,459.17
2026-09-02 00:48:18.747,100.0,174.0,282.0,2.1733,-10.2244,-99.4522,,4,1.0,425.04,164.03,57.05,459.15
2026-09-02 00:48:19.002,100.0,174.0,282.0,2.1733,-10.2244,-99.4522,,5,1.25,425.04,164.03,57.05,459.15
2026-09-02 00:48:25.379,100.0,174.0,288.0,3.2301,-9.9412,-99.4522,,1,0.25,425.03,164.09,57.05,459.16
2026-09-02 00:48:25.634,100.0,174.0,288.0,3.2301,-9.9412,-99.4522,,2,0.5,425.03,164.09,57.05,459.16
2026-09-02 00:48:25.873,100.0,174.0,288.0,3.2301,-9.9412,-99.4522,,3,0.75,425.03,164.05,57.04,459.14
2026-09-02 00:48:28.376,100.0,174.0,288.0,3.2301,-9.9412,-99.4522,,4,1.0,425.05,164.01,57.04,459.15
2026-09-02 00:48:28.631,100.0,174.0,288.0,3.2301,-9.9412,-99.4522,,5,1.25,425.05,164.01,57.04,459.15
2026-09-02 00:48:35.008,100.0,174.0,294.0,4.2516,-9.5492,-99.4522,,1,0.25,425.07,163.99,57.05,459.16
2026-09-02 00:48:35.247,100.0,174.0,294.0,4.2516,-9.5492,-99.4522,,2,0.5,425.08,164.0,57.05,459.17
2026-09-02 00:48:35.502,100.0,174.0,294.0,4.2516,-9.5492,-99.4522,,3,0.75,425.08,164.0,57.05,459.17
2026-09-02 00:48:35.757,100.0,174.0,294.0,4.2516,-9.5492,-99.4522,,4,1.0,425.08,164.02,57.04,459.18
2026-09-02 00:48:36.012,100.0,174.0,294.0,4.2516,-9.5492,-99.4522,,5,1.25,425.08,164.02,57.04,459.18
2026-09-02 00:48:42.373,100.0,174.0,300.0,5.2264,-9.0524,-99.4522,,1,0.25,425.08,164.01,57.04,459.17
2026-09-02 00:48:42.628,100.0,174.0,300.0,5.2264,-9.0524,-99.4522,,2,0.5,425.08,164.01,57.04,459.17
2026-09-02 00:48:42.883,100.0,174.0,300.0,5.2264,-9.0524,-99.4522,,3,0.75,425.07,163.99,57.05,459.16
2026-09-02 00:48:43.122,100.0,174.0,300.0,5.2264,-9.0524,-99.4522,,4,1.0,425.05,164.02,57.07,459.15
2026-09-02 00:48:45.625,100.0,174.0,300.0,5.2264,-9.0524,-99.4522,,5,1.25,425.07,164.01,57.07,459.17
2026-09-02 00:48:52.002,100.0,174.0,306.0,6.144,-8.4565,-99.4522,,1,0.25,425.07,164.03,57.06,459.17
2026-09-02 00:48:52.257,100.0,174.0,306.0,6.144,-8.4565,-99.4522,,2,0.5,425.1,164.04,57.07,459.21
2026-09-02 00:48:52.512,100.0,174.0,306.0,6.144,-8.4565,-99.4522,,3,0.75,425.1,164.04,57.07,459.21
2026-09-02 00:48:52.751,100.0,174.0,306.0,6.144,-8.4565,-99.4522,,4,1.0,425.08,164.05,57.06,459.19
2026-09-02 00:48:53.006,100.0,174.0,306.0,6.144,-8.4565,-99.4522,,5,1.25,425.08,164.05,57.06,459.19
2026-09-02 00:48:59.383,100.0,174.0,312.0,6.9943,-7.768,-99.4522,,1,0.25,425.05,164.01,57.05,459.15
2026-09-02 00:48:59.622,100.0,174.0,312.0,6.9943,-7.768,-99.4522,,2,0.5,425.06,163.99,57.05,459.15
2026-09-02 00:49:02.125,100.0,174.0,312.0,6.9943,-7.768,-99.4522,,3,0.75,425.05,163.98,57.05,459.14
2026-09-02 00:49:02.380,100.0,174.0,312.0,6.9943,-7.768,-99.4522,,4,1.0,425.05,163.98,57.05,459.14
2026-09-02 00:49:02.635,100.0,174.0,312.0,6.9943,-7.768,-99.4522,,5,1.25,425.08,163.97,57.03,459.16
2026-09-02 00:49:09.012,100.0,174.0,318.0,7.768,-6.9943,-99.4522,,1,0.25,425.02,164.1,57.09,459.16
2026-09-02 00:49:09.251,100.0,174.0,318.0,7.768,-6.9943,-99.4522,,2,0.5,424.98,164.08,57.09,459.11
2026-09-02 00:49:09.506,100.0,174.0,318.0,7.768,-6.9943,-99.4522,,3,0.75,424.98,164.08,57.09,459.11
2026-09-02 00:49:09.761,100.0,174.0,318.0,7.768,-6.9943,-99.4522,,4,1.0,425.04,164.1,57.1,459.18
2026-09-02 00:49:10.001,100.0,174.0,318.0,7.768,-6.9943,-99.4522,,5,1.25,425.04,164.1,57.1,459.18
2026-09-02 00:49:16.377,100.0,174.0,324.0,8.4565,-6.144,-99.4522,,1,0.25,425.0,164.12,57.17,459.16
2026-09-02 00:49:16.633,100.0,174.0,324.0,8.4565,-6.144,-99.4522,,2,0.5,425.01,164.11,57.17,459.16
2026-09-02 00:49:16.872,100.0,174.0,324.0,8.4565,-6.144,-99.4522,,3,0.75,425.06,164.11,57.17,459.21
2026-09-02 00:49:19.375,100.0,174.0,324.0,8.4565,-6.144,-99.4522,,4,1.0,425.06,164.11,57.17,459.21
2026-09-02 00:49:19.630,100.0,174.0,324.0,8.4565,-6.144,-99.4522,,5,1.25,425.06,164.11,57.17,459.21
2026-09-02 00:49:26.007,100.0,174.0,330.0,9.0524,-5.2264,-99.4522,,1,0.25,425.1,164.09,57.18,459.24
2026-09-02 00:49:26.262,100.0,174.0,330.0,9.0524,-5.2264,-99.4522,,2,0.5,425.1,164.09,57.18,459.24
2026-09-02 00:49:26.501,100.0,174.0,330.0,9.0524,-5.2264,-99.4522,,3,0.75,425.05,164.1,57.18,459.2
2026-09-02 00:49:26.756,100.0,174.0,330.0,9.0524,-5.2264,-99.4522,,4,1.0,425.05,164.1,57.18,459.2
2026-09-02 00:49:27.011,100.0,174.0,330.0,9.0524,-5.2264,-99.4522,,5,1.25,425.04,164.07,57.18,459.18
2026-09-02 00:49:33.372,100.0,174.0,336.0,9.5492,-4.2516,-99.4522,,1,0.25,425.1,163.95,57.15,459.19
2026-09-02 00:49:35.875,100.0,174.0,336.0,9.5492,-4.2516,-99.4522,,2,0.5,425.1,163.95,57.15,459.19
2026-09-02 00:49:36.130,100.0,174.0,336.0,9.5492,-4.2516,-99.4522,,3,0.75,425.11,163.97,57.16,459.2
2026-09-02 00:49:36.385,100.0,174.0,336.0,9.5492,-4.2516,-99.4522,,4,1.0,425.11,163.97,57.16,459.2
2026-09-02 00:49:36.624,100.0,174.0,336.0,9.5492,-4.2516,-99.4522,,5,1.25,425.13,163.96,57.16,459.22
2026-09-02 00:49:43.001,100.0,174.0,342.0,9.9412,-3.2301,-99.4522,,1,0.25,425.21,163.96,57.14,459.29
2026-09-02 00:49:43.256,100.0,174.0,342.0,9.9412,-3.2301,-99.4522,,2,0.5,425.21,163.96,57.14,459.29
2026-09-02 00:49:43.511,100.0,174.0,342.0,9.9412,-3.2301,-99.4522,,3,0.75,425.21,163.96,57.15,459.29
2026-09-02 00:49:43.750,100.0,174.0,342.0,9.9412,-3.2301,-99.4522,,4,1.0,425.21,163.96,57.15,459.29
2026-09-02 00:49:44.005,100.0,174.0,342.0,9.9412,-3.2301,-99.4522,,5,1.25,425.21,163.97,57.14,459.29
2026-09-02 00:49:50.382,100.0,174.0,348.0,10.2244,-2.1733,-99.4522,,1,0.25,425.23,163.89,57.15,459.28
2026-09-02 00:49:50.621,100.0,174.0,348.0,10.2244,-2.1733,-99.4522,,2,0.5,425.2,163.92,57.15,459.27
2026-09-02 00:49:53.124,100.0,174.0,348.0,10.2244,-2.1733,-99.4522,,3,0.75,425.18,163.89,57.15,459.24
2026-09-02 00:49:53.379,100.0,174.0,348.0,10.2244,-2.1733,-99.4522,,4,1.0,425.18,163.89,57.15,459.24
2026-09-02 00:49:53.635,100.0,174.0,348.0,10.2244,-2.1733,-99.4522,,5,1.25,425.18,163.89,57.15,459.24
2026-09-02 00:50:00.011,100.0,174.0,354.0,10.3956,-1.0926,-99.4522,,1,0.25,425.16,163.92,57.12,459.23
2026-09-02 00:50:00.250,100.0,174.0,354.0,10.3956,-1.0926,-99.4522,,2,0.5,425.16,163.92,57.12,459.23
2026-09-02 00:50:00.506,100.0,174.0,354.0,10.3956,-1.0926,-99.4522,,3,0.75,425.14,163.94,57.13,459.22
2026-09-02 00:50:00.761,100.0,174.0,354.0,10.3956,-1.0926,-99.4522,,4,1.0,425.14,163.94,57.13,459.22
2026-09-02 00:50:01.000,100.0,174.0,354.0,10.3956,-1.0926,-99.4522,,5,1.25,425.12,163.94,57.13,459.2
2026-09-02 00:50:07.998,100.0,180.0,0.0,0.0,0.0,-100.0,,1,0.25,425.06,164.08,56.87,459.16
2026-09-02 00:50:08.253,100.0,180.0,0.0,0.0,0.0,-100.0,,2,0.5,425.07,164.08,56.88,459.17
2026-09-02 00:50:08.509,100.0,180.0,0.0,0.0,0.0,-100.0,,3,0.75,425.07,164.08,56.88,459.17
2026-09-02 00:50:08.748,100.0,180.0,0.0,0.0,0.0,-100.0,,4,1.0,425.04,164.09,56.89,459.15
2026-09-02 00:50:09.003,100.0,180.0,0.0,0.0,0.0,-100.0,,5,1.25,425.04,164.09,56.89,459.15
2026-09-02 00:50:21.884,0.0,0.0,0.0,0.0,0.0,0.0,,1,0.25,425.0,164.05,56.96,459.1
2026-09-02 00:50:22.123,0.0,0.0,0.0,0.0,0.0,0.0,,2,0.5,425.01,164.06,56.97,459.12
2026-09-02 00:50:22.378,0.0,0.0,0.0,0.0,0.0,0.0,,3,0.75,425.01,164.06,56.97,459.12
2026-09-02 00:50:22.633,0.0,0.0,0.0,0.0,0.0,0.0,,4,1.0,425.05,164.05,56.97,459.15
2026-09-02 00:50:22.872,0.0,0.0,0.0,0.0,0.0,0.0,,5,1.25,425.05,164.05,56.97,459.15
