Fecha y Hora,2026-08-08 14:36:33
Medidor,VGM_GAUSSMETER
Firmware,AL-PRG-0VGM-01 4.01
Muestras por punto,5
T estabilizacion (s),2.5
Velocidad (mm/min),1000
Radio maximo (mm),100
Paso radial (mm),100
Resol theta (deg),6
Resol phi (deg),6
Sentido cascarones,adentro_afuera

Timestamp,radio,theta_deg,phi_deg,X,Y,Z,T_robot (C),muestra,Time (s),x axis (gauss),y axis (gauss),z axis (gauss),Magnitude (gauss)
2026-08-08 14:36:41.099,0.0,0.0,0.0,0.0,0.0,0.0,18.0,1,0.25,-21.12,468.91,-15.78,469.65
2026-08-08 14:36:41.339,0.0,0.0,0.0,0.0,0.0,0.0,18.0,2,0.5,-21.12,468.91,-15.78,469.65
2026-08-08 14:36:41.595,0.0,0.0,0.0,0.0,0.0,0.0,18.0,3,0.75,-21.13,468.88,-15.77,469.62
2026-08-08 14:36:41.850,0.0,0.0,0.0,0.0,0.0,0.0,18.0,4,1.0,-21.13,468.88,-15.77,469.62
2026-08-08 14:36:42.090,0.0,0.0,0.0,0.0,0.0,0.0,18.0,5,1.25,-21.14,468.88,-15.77,469.62
2026-08-08 14:36:53.973,100.0,0.0,0.0,0.0,0.0,100.0,18.9,1,0.25,-21.5,468.8,-16.37,469.57
2026-08-08 14:36:54.213,100.0,0.0,0.0,0.0,0.0,100.0,18.9,2,0.5,-21.5,468.8,-16.37,469.57
2026-08-08 14:36:54.469,100.0,0.0,0.0,0.0,0.0,100.0,18.9,3,0.75,-21.49,468.8,-16.38,469.57
2026-08-08 14:36:54.724,100.0,0.0,0.0,0.0,0.0,100.0,18.9,4,1.0,-21.49,468.8,-16.38,469.57
2026-08-08 14:36:54.964,100.0,0.0,0.0,0.0,0.0,100.0,18.9,5,1.25,-21.49,468.8,-16.38,469.57
2026-08-08 14:37:00.834,100.0,6.0,0.0,10.4528,0.0,99.4522,19.0,1,1.5,-21.4,468.7,-16.47,469.47
2026-08-08 14:37:00.962,100.0,6.0,0.0,10.4528,0.0,99.4522,19.0,2,1.75,-21.4,468.7,-16.47,469.47
2026-08-08 14:37:01.217,100.0,6.0,0.0,10.4528,0.0,99.4522,19.0,3,2.0,-21.4,468.65,-16.48,469.42
2026-08-08 14:37:01.473,100.0,6.0,0.0,10.4528,0.0,99.4522,19.0,4,2.25,-21.4,468.65,-16.48,469.42
2026-08-08 14:37:01.713,100.0,6.0,0.0,10.4528,0.0,99.4522,19.0,5,2.5,-21.4,468.65,-16.48,469.42
2026-08-08 14:37:04.720,100.0,6.0,6.0,10.3956,1.0926,99.4522,19.1,1,0.25,-21.36,468.62,-16.49,469.39
2026-08-08 14:37:04.976,100.0,6.0,6.0,10.3956,1.0926,99.4522,19.1,2,0.5,-21.36,468.67,-16.48,469.44
2026-08-08 14:37:05.216,100.0,6.0,6.0,10.3956,1.0926,99.4522,19.1,3,0.75,-21.36,468.67,-16.48,469.44
2026-08-08 14:37:05.472,100.0,6.0,6.0,10.3956,1.0926,99.4522,19.1,4,1.0,-21.37,468.64,-16.46,469.41
2026-08-08 14:37:05.711,100.0,6.0,6.0,10.3956,1.0926,99.4522,19.1,5,1.25,-21.37,468.64,-16.46,469.41
2026-08-08 14:37:08.718,100.0,6.0,12.0,10.2244,2.1733,99.4522,19.0,1,0.25,-21.47,468.63,-16.46,469.41
2026-08-08 14:37:08.974,100.0,6.0,12.0,10.2244,2.1733,99.4522,19.0,2,0.5,-21.47,468.63,-16.46,469.41
2026-08-08 14:37:09.214,100.0,6.0,12.0,10.2244,2.1733,99.4522,19.0,3,0.75,-21.48,468.62,-16.47,469.4
2026-08-08 14:37:09.470,100.0,6.0,12.0,10.2244,2.1733,99.4522,19.0,4,1.0,-21.48,468.62,-16.47,469.4
2026-08-08 14:37:09.725,100.0,6.0,12.0,10.2244,2.1733,99.4522,19.0,5,1.25,-21.49,468.66,-16.46,469.44
2026-08-08 14:37:12.716,100.0,6.0,18.0,9.9412,3.2301,99.4522,18.8,1,0.25,-21.54,468.62,-16.5,469.4
2026-08-08 14:37:12.972,100.0,6.0,18.0,9.9412,3.2301,99.4522,18.8,2,0.5,-21.54,468.62,-16.5,469.4
2026-08-08 14:37:13.212,100.0,6.0,18.0,9.9412,3.2301,99.4522,18.8,3,0.75,-21.55,468.67,-16.51,469.45
2026-08-08 14:37:13.468,100.0,6.0,18.0,9.9412,3.2301,99.4522,18.8,4,1.0,-21.55,468.67,-16.51,469.45
2026-08-08 14:37:13.724,100.0,6.0,18.0,9.9412,3.2301,99.4522,18.8,5,1.25,-21.55,468.67,-16.51,469.45
2026-08-08 14:37:16.714,100.0,6.0,24.0,9.5492,4.2516,99.4522,18.5,1,0.25,-21.57,468.63,-16.53,469.41
2026-08-08 14:37:16.970,100.0,6.0,24.0,9.5492,4.2516,99.4522,18.5,2,0.5,-21.57,468.68,-16.53,469.46
2026-08-08 14:37:17.226,100.0,6.0,24.0,9.5492,4.2516,99.4522,18.5,3,0.75,-21.57,468.68,-16.53,469.46
2026-08-08 14:37:17.466,100.0,6.0,24.0,9.5492,4.2516,99.4522,18.5,4,1.0,-21.58,468.67,-16.53,469.45
2026-08-08 14:37:17.722,100.0,6.0,24.0,9.5492,4.2516,99.4522,18.5,5,1.25,-21.58,468.67,-16.53,469.45
2026-08-08 14:37:20.712,100.0,6.0,30.0,9.0524,5.2264,99.4522,18.9,1,0.25,-21.55,468.69,-16.46,469.47
2026-08-08 14:37:20.968,100.0,6.0,30.0,9.0524,5.2264,99.4522,18.9,2,0.5,-21.55,468.69,-16.46,469.47
2026-08-08 14:37:21.224,100.0,6.0,30.0,9.0524,5.2264,99.4522,18.9,3,0.75,-21.55,468.73,-16.46,469.51
2026-08-08 14:37:21.464,100.0,6.0,30.0,9.0524,5.2264,99.4522,18.9,4,1.0,-21.55,468.73,-16.46,469.51
2026-08-08 14:37:21.720,100.0,6.0,30.0,9.0524,5.2264,99.4522,18.9,5,1.25,-21.57,468.68,-16.47,469.46
2026-08-08 14:37:24.726,100.0,6.0,36.0,8.4565,6.144,99.4522,18.4,1,0.25,-21.54,468.66,-16.41,469.44
2026-08-08 14:37:24.966,100.0,6.0,36.0,8.4565,6.144,99.4522,18.4,2,0.5,-21.54,468.66,-16.41,469.44
2026-08-08 14:37:25.222,100.0,6.0,36.0,8.4565,6.144,99.4522,18.4,3,0.75,-21.53,468.66,-16.42,469.44
2026-08-08 14:37:25.462,100.0,6.0,36.0,8.4565,6.144,99.4522,18.4,4,1.0,-21.53,468.66,-16.42,469.44
2026-08-08 14:37:25.718,100.0,6.0,36.0,8.4565,6.144,99.4522,18.4,5,1.25,-21.53,468.66,-16.42,469.44
2026-08-08 14:37:28.725,100.0,6.0,42.0,7.768,6.9943,99.4522,18.2,1,0.25,-21.56,468.73,-16.45,469.51
2026-08-08 14:37:28.965,100.0,6.0,42.0,7.768,6.9943,99.4522,18.2,2,0.5,-21.57,468.74,-16.46,469.52
2026-08-08 14:37:29.221,100.0,6.0,42.0,7.768,6.9943,99.4522,18.2,3,0.75,-21.57,468.74,-16.46,469.52
2026-08-08 14:37:29.476,100.0,6.0,42.0,7.768,6.9943,99.4522,18.2,4,1.0,-21.57,468.71,-16.46,469.49
2026-08-08 14:37:29.716,100.0,6.0,42.0,7.768,6.9943,99.4522,18.2,5,1.25,-21.57,468.71,-16.46,469.49
2026-08-08 14:37:32.723,100.0,6.0,48.0,6.9943,7.768,99.4522,18.0,1,0.25,-21.64,468.71,-16.47,469.49
2026-08-08 14:37:32.963,100.0,6.0,48.0,6.9943,7.768,99.4522,18.0,2,0.5,-21.64,468.71,-16.47,469.49
2026-08-08 14:37:33.219,100.0,6.0,48.0,6.9943,7.768,99.4522,18.0,3,0.75,-21.62,468.74,-16.48,469.52
2026-08-08 14:37:33.475,100.0,6.0,48.0,6.9943,7.768,99.4522,18.0,4,1.0,-21.62,468.74,-16.48,469.52
2026-08-08 14:37:33.714,100.0,6.0,48.0,6.9943,7.768,99.4522,18.0,5,1.25,-21.63,468.69,-16.47,469.47
2026-08-08 14:37:36.721,100.0,6.0,54.0,6.144,8.4565,99.4522,19.2,1,0.25,-21.57,468.7,-16.55,469.48
2026-08-08 14:37:36.977,100.0,6.0,54.0,6.144,8.4565,99.4522,19.2,2,0.5,-21.57,468.7,-16.55,469.48
2026-08-08 14:37:37.217,100.0,6.0,54.0,6.144,8.4565,99.4522,19.2,3,0.75,-21.57,468.69,-16.53,469.47
2026-08-08 14:37:37.473,100.0,6.0,54.0,6.144,8.4565,99.4522,19.2,4,1.0,-21.57,468.69,-16.53,469.47
2026-08-08 14:37:37.712,100.0,6.0,54.0,6.144,8.4565,99.4522,19.2,5,1.25,-21.57,468.66,-16.53,469.44
2026-08-08 14:37:40.719,100.0,6.0,60.0,5.2264,9.0524,99.4522,17.5,1,0.25,-21.53,468.7,-16.54,469.48
2026-08-08 14:37:40.975,100.0,6.0,60.0,5.2264,9.0524,99.4522,17.5,2,0.5,-21.53,468.7,-16.54,469.48
2026-08-08 14:37:41.215,100.0,6.0,60.0,5.2264,9.0524,99.4522,17.5,3,0.75,-21.53,468.7,-16.54,469.48
2026-08-08 14:37:41.471,100.0,6.0,60.0,5.2264,9.0524,99.4522,17.5,4,1.0,-21.53,468.7,-16.55,469.48
2026-08-08 14:37:41.727,100.0,6.0,60.0,5.2264,9.0524,99.4522,17.5,5,1.25,-21.53,468.7,-16.55,469.48
2026-08-08 14:37:44.717,100.0,6.0,66.0,4.2516,9.5492,99.4522,18.1,1,0.25,-21.51,468.66,-16.56,469.44
2026-08-08 14:37:44.973,100.0,6.0,66.0,4.2516,9.5492,99.4522,18.1,2,0.5,-21.51,468.66,-16.56,469.44
2026-08-08 14:37:45.213,100.0,6.0,66.0,4.2516,9.5492,99.4522,18.1,3,0.75,-21.51,468.68,-16.55,469.46
2026-08-08 14:37:45.469,100.0,6.0,66.0,4.2516,9.5492,99.4522,18.1,4,1.0,-21.51,468.68,-16.55,469.46
2026-08-08 14:37:45.725,100.0,6.0,66.0,4.2516,9.5492,99.4522,18.1,5,1.25,-21.5,468.63,-16.55,469.41
2026-08-08 14:37:48.715,100.0,6.0,72.0,3.2301,9.9412,99.4522,19.3,1,0.25,-21.53,468.72,-16.55,469.5
2026-08-08 14:37:48.971,100.0,6.0,72.0,3.2301,9.9412,99.4522,19.3,2,0.5,-21.53,468.72,-16.55,469.5
2026-08-08 14:37:49.211,100.0,6.0,72.0,3.2301,9.9412,99.4522,19.3,3,0.75,-21.52,468.7,-16.57,469.48
2026-08-08 14:37:49.467,100.0,6.0,72.0,3.2301,9.9412,99.4522,19.3,4,1.0,-21.52,468.7,-16.57,469.48
2026-08-08 14:37:49.723,100.0,6.0,72.0,3.2301,9.9412,99.4522,19.3,5,1.25,-21.53,468.7,-16.57,469.48
2026-08-08 14:37:52.714,100.0,6.0,78.0,2.1733,10.2244,99.4522,18.8,1,0.25,-21.49,468.75,-16.45,469.53
2026-08-08 14:37:52.970,100.0,6.0,78.0,2.1733,10.2244,99.4522,18.8,2,0.5,-21.49,468.72,-16.44,469.5
2026-08-08 14:37:53.225,100.0,6.0,78.0,2.1733,10.2244,99.4522,18.8,3,0.75,-21.49,468.72,-16.44,469.5
2026-08-08 14:37:53.465,100.0,6.0,78.0,2.1733,10.2244,99.4522,18.8,4,1.0,-21.49,468.74,-16.44,469.52
2026-08-08 14:37:53.721,100.0,6.0,78.0,2.1733,10.2244,99.4522,18.8,5,1.25,-21.49,468.74,-16.44,469.52
2026-08-08 14:37:56.712,100.0,6.0,84.0,1.0926,10.3956,99.4522,18.7,1,0.25,-21.57,468.77,-16.42,469.55
2026-08-08 14:37:56.968,100.0,6.0,84.0,1.0926,10.3956,99.4522,18.7,2,0.5,-21.57,468.77,-16.42,469.55
2026-08-08 14:37:57.223,100.0,6.0,84.0,1.0926,10.3956,99.4522,18.7,3,0.75,-21.56,468.76,-16.42,469.54
2026-08-08 14:37:57.463,100.0,6.0,84.0,1.0926,10.3956,99.4522,18.7,4,1.0,-21.56,468.76,-16.42,469.54
2026-08-08 14:37:57.719,100.0,6.0,84.0,1.0926,10.3956,99.4522,18.7,5,1.25,-21.57,468.77,-16.4,469.55
2026-08-08 14:38:00.726,100.0,6.0,90.0,0.0,10.4528,99.4522,18.8,1,0.25,-21.56,468.78,-16.41,469.56
2026-08-08 14:38:00.966,100.0,6.0,90.0,0.0,10.4528,99.4522,18.8,2,0.5,-21.56,468.78,-16.41,469.56
2026-08-08 14:38:01.222,100.0,6.0,90.0,0.0,10.4528,99.4522,18.8,3,0.75,-21.55,468.76,-16.41,469.54
2026-08-08 14:38:01.462,100.0,6.0,90.0,0.0,10.4528,99.4522,18.8,4,1.0,-21.55,468.76,-16.41,469.54
2026-08-08 14:38:01.717,100.0,6.0,90.0,0.0,10.4528,99.4522,18.8,5,1.25,-21.56,468.79,-16.41,469.57
2026-08-08 14:38:04.724,100.0,6.0,96.0,-1.0926,10.3956,99.4522,19.0,1,0.25,-21.56,468.83,-16.4,469.61
2026-08-08 14:38:04.964,100.0,6.0,96.0,-1.0926,10.3956,99.4522,19.0,2,0.5,-21.56,468.87,-16.4,469.65
2026-08-08 14:38:05.220,100.0,6.0,96.0,-1.0926,10.3956,99.4522,19.0,3,0.75,-21.56,468.87,-16.4,469.65
2026-08-08 14:38:05.476,100.0,6.0,96.0,-1.0926,10.3956,99.4522,19.0,4,1.0,-21.58,468.8,-16.41,469.58
2026-08-08 14:38:05.715,100.0,6.0,96.0,-1.0926,10.3956,99.4522,19.0,5,1.25,-21.58,468.8,-16.41,469.58
2026-08-08 14:38:08.722,100.0,6.0,102.0,-2.1733,10.2244,99.4522,18.4,1,0.25,-21.54,468.84,-16.41,469.62
2026-08-08 14:38:08.962,100.0,6.0,102.0,-2.1733,10.2244,99.4522,18.4,2,0.5,-21.54,468.86,-16.43,469.64
2026-08-08 14:38:09.218,100.0,6.0,102.0,-2.1733,10.2244,99.4522,18.4,3,0.75,-21.54,468.86,-16.43,469.64
2026-08-08 14:38:09.474,100.0,6.0,102.0,-2.1733,10.2244,99.4522,18.4,4,1.0,-21.54,468.86,-16.43,469.64
2026-08-08 14:38:09.714,100.0,6.0,102.0,-2.1733,10.2244,99.4522,18.4,5,1.25,-21.55,468.89,-16.43,469.67
2026-08-08 14:38:12.720,100.0,6.0,108.0,-3.2301,9.9412,99.4522,19.0,1,0.25,-21.64,468.89,-16.52,469.67
2026-08-08 14:38:12.976,100.0,6.0,108.0,-3.2301,9.9412,99.4522,19.0,2,0.5,-21.64,468.89,-16.52,469.67
2026-08-08 14:38:13.216,100.0,6.0,108.0,-3.2301,9.9412,99.4522,19.0,3,0.75,-21.64,468.97,-16.53,469.75
2026-08-08 14:38:13.472,100.0,6.0,108.0,-3.2301,9.9412,99.4522,19.0,4,1.0,-21.64,468.97,-16.53,469.75
2026-08-08 14:38:13.712,100.0,6.0,108.0,-3.2301,9.9412,99.4522,19.0,5,1.25,-21.65,468.93,-16.53,469.72
2026-08-08 14:38:16.718,100.0,6.0,114.0,-4.2516,9.5492,99.4522,18.8,1,0.25,-21.6,468.91,-16.51,469.69
2026-08-08 14:38:16.974,100.0,6.0,114.0,-4.2516,9.5492,99.4522,18.8,2,0.5,-21.59,468.86,-16.5,469.64
2026-08-08 14:38:17.214,100.0,6.0,114.0,-4.2516,9.5492,99.4522,18.8,3,0.75,-21.59,468.86,-16.5,469.64
2026-08-08 14:38:17.470,100.0,6.0,114.0,-4.2516,9.5492,99.4522,18.8,4,1.0,-21.61,468.9,-16.51,469.68
2026-08-08 14:38:17.726,100.0,6.0,114.0,-4.2516,9.5492,99.4522,18.8,5,1.25,-21.61,468.9,-16.51,469.68
2026-08-08 14:38:20.716,100.0,6.0,120.0,-5.2264,9.0524,99.4522,18.4,1,0.25,-21.57,468.96,-16.48,469.74
2026-08-08 14:38:20.972,100.0,6.0,120.0,-5.2264,9.0524,99.4522,18.4,2,0.5,-21.58,469.0,-16.47,469.78
2026-08-08 14:38:21.212,100.0,6.0,120.0,-5.2264,9.0524,99.4522,18.4,3,0.75,-21.58,469.0,-16.47,469.78
2026-08-08 14:38:21.468,100.0,6.0,120.0,-5.2264,9.0524,99.4522,18.4,4,1.0,-21.58,469.0,-16.47,469.78
2026-08-08 14:38:21.724,100.0,6.0,120.0,-5.2264,9.0524,99.4522,18.4,5,1.25,-21.58,468.99,-16.48,469.77
2026-08-08 14:38:24.715,100.0,6.0,126.0,-6.144,8.4565,99.4522,19.0,1,0.25,-21.51,468.91,-16.42,469.69
2026-08-08 14:38:24.971,100.0,6.0,126.0,-6.144,8.4565,99.4522,19.0,2,0.5,-21.51,468.91,-16.42,469.69
2026-08-08 14:38:25.226,100.0,6.0,126.0,-6.144,8.4565,99.4522,19.0,3,0.75,-21.51,468.91,-16.41,469.68
2026-08-08 14:38:25.466,100.0,6.0,126.0,-6.144,8.4565,99.4522,19.0,4,1.0,-21.51,468.91,-16.41,469.68
2026-08-08 14:38:25.722,100.0,6.0,126.0,-6.144,8.4565,99.4522,19.0,5,1.25,-21.51,468.96,-16.4,469.73
2026-08-08 14:38:28.713,100.0,6.0,132.0,-6.9943,7.768,99.4522,18.4,1,0.25,-21.55,468.92,-16.44,469.7
2026-08-08 14:38:28.969,100.0,6.0,132.0,-6.9943,7.768,99.4522,18.4,2,0.5,-21.53,468.89,-16.44,469.67
2026-08-08 14:38:29.224,100.0,6.0,132.0,-6.9943,7.768,99.4522,18.4,3,0.75,-21.53,468.89,-16.44,469.67
2026-08-08 14:38:29.464,100.0,6.0,132.0,-6.9943,7.768,99.4522,18.4,4,1.0,-21.55,468.93,-16.45,469.71
2026-08-08 14:38:29.720,100.0,6.0,132.0,-6.9943,7.768,99.4522,18.4,5,1.25,-21.55,468.93,-16.45,469.71
2026-08-08 14:38:32.711,100.0,6.0,138.0,-7.768,6.9943,99.4522,18.7,1,0.25,-21.63,468.98,-16.33,469.76
2026-08-08 14:38:32.967,100.0,6.0,138.0,-7.768,6.9943,99.4522,18.7,2,0.5,-21.62,469.04,-16.34,469.82
2026-08-08 14:38:33.223,100.0,6.0,138.0,-7.768,6.9943,99.4522,18.7,3,0.75,-21.62,469.04,-16.34,469.82
2026-08-08 14:38:33.463,100.0,6.0,138.0,-7.768,6.9943,99.4522,18.7,4,1.0,-21.62,469.06,-16.33,469.84
2026-08-08 14:38:33.718,100.0,6.0,138.0,-7.768,6.9943,99.4522,18.7,5,1.25,-21.62,469.06,-16.33,469.84
2026-08-08 14:38:36.725,100.0,6.0,144.0,-8.4565,6.144,99.4522,20.1,1,0.25,-21.57,468.95,-16.27,469.72
2026-08-08 14:38:36.965,100.0,6.0,144.0,-8.4565,6.144,99.4522,20.1,2,0.5,-21.57,468.95,-16.27,469.72
2026-08-08 14:38:37.221,100.0,6.0,144.0,-8.4565,6.144,99.4522,20.1,3,0.75,-21.56,468.91,-16.3,469.68
2026-08-08 14:38:37.461,100.0,6.0,144.0,-8.4565,6.144,99.4522,20.1,4,1.0,-21.56,468.91,-16.3,469.68
2026-08-08 14:38:37.717,100.0,6.0,144.0,-8.4565,6.144,99.4522,20.1,5,1.25,-21.56,468.96,-16.29,469.73
2026-08-08 14:38:40.723,100.0,6.0,150.0,-9.0524,5.2264,99.4522,19.3,1,0.25,-21.66,468.99,-16.42,469.77
2026-08-08 14:38:40.963,100.0,6.0,150.0,-9.0524,5.2264,99.4522,19.3,2,0.5,-21.66,468.99,-16.43,469.77
2026-08-08 14:38:41.219,100.0,6.0,150.0,-9.0524,5.2264,99.4522,19.3,3,0.75,-21.66,468.99,-16.43,469.77
2026-08-08 14:38:41.475,100.0,6.0,150.0,-9.0524,5.2264,99.4522,19.3,4,1.0,-21.67,469.0,-16.42,469.78
2026-08-08 14:38:41.715,100.0,6.0,150.0,-9.0524,5.2264,99.4522,19.3,5,1.25,-21.67,469.0,-16.42,469.78
2026-08-08 14:38:44.721,100.0,6.0,156.0,-9.5492,4.2516,99.4522,18.5,1,0.25,-21.75,468.94,-16.39,469.73
2026-08-08 14:38:44.961,100.0,6.0,156.0,-9.5492,4.2516,99.4522,18.5,2,0.5,-21.75,468.96,-16.4,469.75
2026-08-08 14:38:45.217,100.0,6.0,156.0,-9.5492,4.2516,99.4522,18.5,3,0.75,-21.75,468.96,-16.4,469.75
2026-08-08 14:38:45.473,100.0,6.0,156.0,-9.5492,4.2516,99.4522,18.5,4,1.0,-21.76,468.93,-16.41,469.72
2026-08-08 14:38:45.713,100.0,6.0,156.0,-9.5492,4.2516,99.4522,18.5,5,1.25,-21.76,468.93,-16.41,469.72
2026-08-08 14:38:48.719,100.0,6.0,162.0,-9.9412,3.2301,99.4522,18.7,1,0.25,-21.76,469.03,-16.36,469.81
2026-08-08 14:38:48.975,100.0,6.0,162.0,-9.9412,3.2301,99.4522,18.7,2,0.5,-21.76,469.03,-16.36,469.81
2026-08-08 14:38:49.215,100.0,6.0,162.0,-9.9412,3.2301,99.4522,18.7,3,0.75,-21.77,469.02,-16.35,469.8
2026-08-08 14:38:49.471,100.0,6.0,162.0,-9.9412,3.2301,99.4522,18.7,4,1.0,-21.77,469.02,-16.35,469.8
2026-08-08 14:38:49.711,100.0,6.0,162.0,-9.9412,3.2301,99.4522,18.7,5,1.25,-21.76,468.98,-16.35,469.76
2026-08-08 14:38:52.718,100.0,6.0,168.0,-10.2244,2.1733,99.4522,19.5,1,0.25,-21.7,468.98,-16.28,469.76
2026-08-08 14:38:52.973,100.0,6.0,168.0,-10.2244,2.1733,99.4522,19.5,2,0.5,-21.7,468.98,-16.28,469.76
2026-08-08 14:38:53.213,100.0,6.0,168.0,-10.2244,2.1733,99.4522,19.5,3,0.75,-21.7,468.98,-16.28,469.76
2026-08-08 14:38:53.469,100.0,6.0,168.0,-10.2244,2.1733,99.4522,19.5,4,1.0,-21.7,468.95,-16.26,469.73
2026-08-08 14:38:53.725,100.0,6.0,168.0,-10.2244,2.1733,99.4522,19.5,5,1.25,-21.7,468.95,-16.26,469.73
2026-08-08 14:38:56.716,100.0,6.0,174.0,-10.3956,1.0926,99.4522,19.1,1,0.25,-21.69,468.97,-16.42,469.75
2026-08-08 14:38:56.972,100.0,6.0,174.0,-10.3956,1.0926,99.4522,19.1,2,0.5,-21.69,468.99,-16.41,469.77
2026-08-08 14:38:57.211,100.0,6.0,174.0,-10.3956,1.0926,99.4522,19.1,3,0.75,-21.69,468.99,-16.41,469.77
2026-08-08 14:38:57.467,100.0,6.0,174.0,-10.3956,1.0926,99.4522,19.1,4,1.0,-21.69,468.95,-16.42,469.73
2026-08-08 14:38:57.723,100.0,6.0,174.0,-10.3956,1.0926,99.4522,19.1,5,1.25,-21.69,468.95,-16.42,469.73
2026-08-08 14:39:00.714,100.0,6.0,180.0,-10.4528,0.0,99.4522,19.7,1,0.25,-21.59,469.02,-16.36,469.8
2026-08-08 14:39:00.970,100.0,6.0,180.0,-10.4528,0.0,99.4522,19.7,2,0.5,-21.59,469.02,-16.36,469.8
2026-08-08 14:39:01.226,100.0,6.0,180.0,-10.4528,0.0,99.4522,19.7,3,0.75,-21.58,469.04,-16.35,469.82
2026-08-08 14:39:01.466,100.0,6.0,180.0,-10.4528,0.0,99.4522,19.7,4,1.0,-21.58,469.04,-16.35,469.82
2026-08-08 14:39:01.721,100.0,6.0,180.0,-10.4528,0.0,99.4522,19.7,5,1.25,-21.58,469.03,-16.37,469.81
2026-08-08 14:39:04.712,100.0,6.0,186.0,-10.3956,-1.0926,99.4522,18.4,1,0.25,-21.6,469.03,-16.32,469.81
2026-08-08 14:39:04.968,100.0,6.0,186.0,-10.3956,-1.0926,99.4522,18.4,2,0.5,-21.6,469.03,-16.32,469.81
2026-08-08 14:39:05.224,100.0,6.0,186.0,-10.3956,-1.0926,99.4522,18.4,3,0.75,-21.6,469.03,-16.32,469.81
2026-08-08 14:39:05.464,100.0,6.0,186.0,-10.3956,-1.0926,99.4522,18.4,4,1.0,-21.62,468.98,-16.33,469.76
2026-08-08 14:39:05.719,100.0,6.0,186.0,-10.3956,-1.0926,99.4522,18.4,5,1.25,-21.62,468.98,-16.33,469.76
2026-08-08 14:39:08.726,100.0,6.0,192.0,-10.2244,-2.1733,99.4522,18.9,1,0.25,-21.49,469.11,-16.36,469.88
2026-08-08 14:39:08.966,100.0,6.0,192.0,-10.2244,-2.1733,99.4522,18.9,2,0.5,-21.5,469.1,-16.36,469.87
2026-08-08 14:39:09.222,100.0,6.0,192.0,-10.2244,-2.1733,99.4522,18.9,3,0.75,-21.5,469.1,-16.36,469.87
2026-08-08 14:39:09.462,100.0,6.0,192.0,-10.2244,-2.1733,99.4522,18.9,4,1.0,-21.47,469.07,-16.34,469.84
2026-08-08 14:39:09.718,100.0,6.0,192.0,-10.2244,-2.1733,99.4522,18.9,5,1.25,-21.47,469.07,-16.34,469.84
2026-08-08 14:39:12.724,100.0,6.0,198.0,-9.9412,-3.2301,99.4522,18.9,1,0.25,-21.56,469.1,-16.45,469.88
2026-08-08 14:39:12.964,100.0,6.0,198.0,-9.9412,-3.2301,99.4522,18.9,2,0.5,-21.56,469.1,-16.45,469.88
2026-08-08 14:39:13.220,100.0,6.0,198.0,-9.9412,-3.2301,99.4522,18.9,3,0.75,-21.55,469.05,-16.45,469.83
2026-08-08 14:39:13.476,100.0,6.0,198.0,-9.9412,-3.2301,99.4522,18.9,4,1.0,-21.55,469.05,-16.45,469.83
2026-08-08 14:39:13.716,100.0,6.0,198.0,-9.9412,-3.2301,99.4522,18.9,5,1.25,-21.56,469.09,-16.46,469.87
2026-08-08 14:39:16.722,100.0,6.0,204.0,-9.5492,-4.2516,99.4522,18.6,1,0.25,-21.58,469.16,-16.43,469.94
2026-08-08 14:39:16.962,100.0,6.0,204.0,-9.5492,-4.2516,99.4522,18.6,2,0.5,-21.58,469.16,-16.43,469.94
2026-08-08 14:39:17.218,100.0,6.0,204.0,-9.5492,-4.2516,99.4522,18.6,3,0.75,-21.59,469.16,-16.43,469.94
2026-08-08 14:39:17.474,100.0,6.0,204.0,-9.5492,-4.2516,99.4522,18.6,4,1.0,-21.59,469.16,-16.44,469.94
2026-08-08 14:39:17.714,100.0,6.0,204.0,-9.5492,-4.2516,99.4522,18.6,5,1.25,-21.59,469.16,-16.44,469.94
2026-08-08 14:39:20.720,100.0,6.0,210.0,-9.0524,-5.2264,99.4522,18.8,1,0.25,-21.63,469.09,-16.37,469.87
2026-08-08 14:39:20.976,100.0,6.0,210.0,-9.0524,-5.2264,99.4522,18.8,2,0.5,-21.62,469.1,-16.37,469.88
2026-08-08 14:39:21.216,100.0,6.0,210.0,-9.0524,-5.2264,99.4522,18.8,3,0.75,-21.62,469.1,-16.37,469.88
2026-08-08 14:39:21.472,100.0,6.0,210.0,-9.0524,-5.2264,99.4522,18.8,4,1.0,-21.63,469.08,-16.37,469.86
2026-08-08 14:39:21.712,100.0,6.0,210.0,-9.0524,-5.2264,99.4522,18.8,5,1.25,-21.63,469.08,-16.37,469.86
2026-08-08 14:39:24.719,100.0,6.0,216.0,-8.4565,-6.144,99.4522,18.9,1,0.25,-21.51,469.12,-16.41,469.89
2026-08-08 14:39:24.974,100.0,6.0,216.0,-8.4565,-6.144,99.4522,18.9,2,0.5,-21.51,469.12,-16.41,469.89
2026-08-08 14:39:25.214,100.0,6.0,216.0,-8.4565,-6.144,99.4522,18.9,3,0.75,-21.5,469.14,-16.41,469.91
2026-08-08 14:39:25.470,100.0,6.0,216.0,-8.4565,-6.144,99.4522,18.9,4,1.0,-21.5,469.14,-16.41,469.91
2026-08-08 14:39:25.726,100.0,6.0,216.0,-8.4565,-6.144,99.4522,18.9,5,1.25,-21.5,469.14,-16.41,469.91
2026-08-08 14:39:28.717,100.0,6.0,222.0,-7.768,-6.9943,99.4522,17.9,1,0.25,-21.58,469.12,-16.5,469.9
2026-08-08 14:39:28.973,100.0,6.0,222.0,-7.768,-6.9943,99.4522,17.9,2,0.5,-21.58,469.12,-16.5,469.9
2026-08-08 14:39:29.213,100.0,6.0,222.0,-7.768,-6.9943,99.4522,17.9,3,0.75,-21.58,469.1,-16.49,469.88
2026-08-08 14:39:29.468,100.0,6.0,222.0,-7.768,-6.9943,99.4522,17.9,4,1.0,-21.58,469.1,-16.49,469.88
2026-08-08 14:39:29.724,100.0,6.0,222.0,-7.768,-6.9943,99.4522,17.9,5,1.25,-21.58,469.1,-16.49,469.88
2026-08-08 14:39:32.715,100.0,6.0,228.0,-6.9943,-7.768,99.4522,17.2,1,0.25,-21.65,469.08,-16.57,469.87
2026-08-08 14:39:32.971,100.0,6.0,228.0,-6.9943,-7.768,99.4522,17.2,2,0.5,-21.65,469.15,-16.56,469.94
2026-08-08 14:39:33.211,100.0,6.0,228.0,-6.9943,-7.768,99.4522,17.2,3,0.75,-21.65,469.15,-16.56,469.94
2026-08-08 14:39:33.467,100.0,6.0,228.0,-6.9943,-7.768,99.4522,17.2,4,1.0,-21.65,469.09,-16.57,469.88
2026-08-08 14:39:33.722,100.0,6.0,228.0,-6.9943,-7.768,99.4522,17.2,5,1.25,-21.65,469.09,-16.57,469.88
2026-08-08 14:39:36.713,100.0,6.0,234.0,-6.144,-8.4565,99.4522,18.3,1,0.25,-21.55,469.1,-16.52,469.88
2026-08-08 14:39:36.969,100.0,6.0,234.0,-6.144,-8.4565,99.4522,18.3,2,0.5,-21.55,469.1,-16.52,469.88
2026-08-08 14:39:37.225,100.0,6.0,234.0,-6.144,-8.4565,99.4522,18.3,3,0.75,-21.56,469.11,-16.53,469.89
2026-08-08 14:39:37.465,100.0,6.0,234.0,-6.144,-8.4565,99.4522,18.3,4,1.0,-21.56,469.11,-16.53,469.89
2026-08-08 14:39:37.721,100.0,6.0,234.0,-6.144,-8.4565,99.4522,18.3,5,1.25,-21.55,469.11,-16.52,469.89
2026-08-08 14:39:40.711,100.0,6.0,240.0,-5.2264,-9.0524,99.4522,17.8,1,0.25,-21.72,469.11,-16.67,469.9
2026-08-08 14:39:40.967,100.0,6.0,240.0,-5.2264,-9.0524,99.4522,17.8,2,0.5,-21.72,469.11,-16.67,469.9
2026-08-08 14:39:41.223,100.0,6.0,240.0,-5.2264,-9.0524,99.4522,17.8,3,0.75,-21.73,469.13,-16.67,469.92
2026-08-08 14:39:41.463,100.0,6.0,240.0,-5.2264,-9.0524,99.4522,17.8,4,1.0,-21.73,469.13,-16.67,469.92
2026-08-08 14:39:41.719,100.0,6.0,240.0,-5.2264,-9.0524,99.4522,17.8,5,1.25,-21.73,469.13,-16.67,469.92
2026-08-08 14:39:44.725,100.0,6.0,246.0,-4.2516,-9.5492,99.4522,18.5,1,0.25,-21.61,469.09,-16.56,469.87
2026-08-08 14:39:44.965,100.0,6.0,246.0,-4.2516,-9.5492,99.4522,18.5,2,0.5,-21.59,469.09,-16.57,469.87
2026-08-08 14:39:45.221,100.0,6.0,246.0,-4.2516,-9.5492,99.4522,18.5,3,0.75,-21.59,469.09,-16.57,469.87
2026-08-08 14:39:45.461,100.0,6.0,246.0,-4.2516,-9.5492,99.4522,18.5,4,1.0,-21.6,469.1,-16.58,469.88
2026-08-08 14:39:45.717,100.0,6.0,246.0,-4.2516,-9.5492,99.4522,18.5,5,1.25,-21.6,469.1,-16.58,469.88
2026-08-08 14:39:48.723,100.0,6.0,252.0,-3.2301,-9.9412,99.4522,20.5,1,0.25,-21.52,469.11,-16.6,469.89
2026-08-08 14:39:48.963,100.0,6.0,252.0,-3.2301,-9.9412,99.4522,20.5,2,0.5,-21.52,469.11,-16.6,469.89
2026-08-08 14:39:49.219,100.0,6.0,252.0,-3.2301,-9.9412,99.4522,20.5,3,0.75,-21.55,469.09,-16.61,469.87
2026-08-08 14:39:49.475,100.0,6.0,252.0,-3.2301,-9.9412,99.4522,20.5,4,1.0,-21.55,469.09,-16.61,469.87
2026-08-08 14:39:49.715,100.0,6.0,252.0,-3.2301,-9.9412,99.4522,20.5,5,1.25,-21.55,469.09,-16.62,469.87
2026-08-08 14:39:52.722,100.0,6.0,258.0,-2.1733,-10.2244,99.4522,19.3,1,0.25,-21.54,469.01,-16.59,469.79
2026-08-08 14:39:52.961,100.0,6.0,258.0,-2.1733,-10.2244,99.4522,19.3,2,0.5,-21.54,469.01,-16.59,469.79
2026-08-08 14:39:53.217,100.0,6.0,258.0,-2.1733,-10.2244,99.4522,19.3,3,0.75,-21.55,469.07,-16.59,469.85
2026-08-08 14:39:53.473,100.0,6.0,258.0,-2.1733,-10.2244,99.4522,19.3,4,1.0,-21.55,469.07,-16.59,469.85
2026-08-08 14:39:53.713,100.0,6.0,258.0,-2.1733,-10.2244,99.4522,19.3,5,1.25,-21.55,469.07,-16.59,469.85
2026-08-08 14:39:56.720,100.0,6.0,264.0,-1.0926,-10.3956,99.4522,18.8,1,0.25,-21.43,469.07,-16.6,469.85
2026-08-08 14:39:56.975,100.0,6.0,264.0,-1.0926,-10.3956,99.4522,18.8,2,0.5,-21.44,469.06,-16.6,469.84
2026-08-08 14:39:57.215,100.0,6.0,264.0,-1.0926,-10.3956,99.4522,18.8,3,0.75,-21.44,469.06,-16.6,469.84
2026-08-08 14:39:57.471,100.0,6.0,264.0,-1.0926,-10.3956,99.4522,18.8,4,1.0,-21.44,469.11,-16.61,469.89
2026-08-08 14:39:57.711,100.0,6.0,264.0,-1.0926,-10.3956,99.4522,18.8,5,1.25,-21.44,469.11,-16.61,469.89
2026-08-08 14:40:00.718,100.0,6.0,270.0,-0.0,-10.4528,99.4522,19.3,1,0.25,-21.35,469.05,-16.63,469.83
2026-08-08 14:40:00.974,100.0,6.0,270.0,-0.0,-10.4528,99.4522,19.3,2,0.5,-21.35,469.05,-16.63,469.83
2026-08-08 14:40:01.214,100.0,6.0,270.0,-0.0,-10.4528,99.4522,19.3,3,0.75,-21.34,469.1,-16.63,469.87
2026-08-08 14:40:01.469,100.0,6.0,270.0,-0.0,-10.4528,99.4522,19.3,4,1.0,-21.34,469.1,-16.63,469.87
2026-08-08 14:40:01.725,100.0,6.0,270.0,-0.0,-10.4528,99.4522,19.3,5,1.25,-21.33,469.11,-16.63,469.88
2026-08-08 14:40:04.716,100.0,6.0,276.0,1.0926,-10.3956,99.4522,19.0,1,0.25,-21.33,469.05,-16.62,469.82
2026-08-08 14:40:04.972,100.0,6.0,276.0,1.0926,-10.3956,99.4522,19.0,2,0.5,-21.33,469.05,-16.62,469.82
2026-08-08 14:40:05.212,100.0,6.0,276.0,1.0926,-10.3956,99.4522,19.0,3,0.75,-21.34,468.99,-16.63,469.76
2026-08-08 14:40:05.468,100.0,6.0,276.0,1.0926,-10.3956,99.4522,19.0,4,1.0,-21.34,468.99,-16.63,469.76
2026-08-08 14:40:05.723,100.0,6.0,276.0,1.0926,-10.3956,99.4522,19.0,5,1.25,-21.34,468.99,-16.63,469.76
2026-08-08 14:40:08.714,100.0,6.0,282.0,2.1733,-10.2244,99.4522,19.3,1,0.25,-21.33,469.04,-16.6,469.81
2026-08-08 14:40:08.970,100.0,6.0,282.0,2.1733,-10.2244,99.4522,19.3,2,0.5,-21.34,469.13,-16.6,469.9
2026-08-08 14:40:09.226,100.0,6.0,282.0,2.1733,-10.2244,99.4522,19.3,3,0.75,-21.34,469.13,-16.6,469.9
2026-08-08 14:40:09.466,100.0,6.0,282.0,2.1733,-10.2244,99.4522,19.3,4,1.0,-21.33,469.1,-16.59,469.87
2026-08-08 14:40:09.722,100.0,6.0,282.0,2.1733,-10.2244,99.4522,19.3,5,1.25,-21.33,469.1,-16.59,469.87
2026-08-08 14:40:12.712,100.0,6.0,288.0,3.2301,-9.9412,99.4522,19.4,1,0.25,-21.37,469.0,-16.64,469.78
2026-08-08 14:40:12.968,100.0,6.0,288.0,3.2301,-9.9412,99.4522,19.4,2,0.5,-21.37,469.0,-16.64,469.78
2026-08-08 14:40:13.224,100.0,6.0,288.0,3.2301,-9.9412,99.4522,19.4,3,0.75,-21.37,469.02,-16.64,469.8
2026-08-08 14:40:13.464,100.0,6.0,288.0,3.2301,-9.9412,99.4522,19.4,4,1.0,-21.37,469.02,-16.64,469.8
2026-08-08 14:40:13.720,100.0,6.0,288.0,3.2301,-9.9412,99.4522,19.4,5,1.25,-21.37,468.97,-16.63,469.75
2026-08-08 14:40:16.710,100.0,6.0,294.0,4.2516,-9.5492,99.4522,19.5,1,0.25,-21.39,469.06,-16.58,469.84
2026-08-08 14:40:16.966,100.0,6.0,294.0,4.2516,-9.5492,99.4522,19.5,2,0.5,-21.39,469.06,-16.58,469.84
2026-08-08 14:40:17.222,100.0,6.0,294.0,4.2516,-9.5492,99.4522,19.5,3,0.75,-21.4,469.05,-16.59,469.83
2026-08-08 14:40:17.462,100.0,6.0,294.0,4.2516,-9.5492,99.4522,19.5,4,1.0,-21.4,469.05,-16.59,469.83
2026-08-08 14:40:17.718,100.0,6.0,294.0,4.2516,-9.5492,99.4522,19.5,5,1.25,-21.41,469.07,-16.59,469.85
2026-08-08 14:40:20.724,100.0,6.0,300.0,5.2264,-9.0524,99.4522,19.7,1,0.25,-21.49,468.96,-16.71,469.74
2026-08-08 14:40:20.964,100.0,6.0,300.0,5.2264,-9.0524,99.4522,19.7,2,0.5,-21.47,469.02,-16.72,469.8
2026-08-08 14:40:21.220,100.0,6.0,300.0,5.2264,-9.0524,99.4522,19.7,3,0.75,-21.47,469.02,-16.72,469.8
2026-08-08 14:40:21.476,100.0,6.0,300.0,5.2264,-9.0524,99.4522,19.7,4,1.0,-21.48,469.01,-16.72,469.79
2026-08-08 14:40:21.716,100.0,6.0,300.0,5.2264,-9.0524,99.4522,19.7,5,1.25,-21.48,469.01,-16.72,469.79
2026-08-08 14:40:24.722,100.0,6.0,306.0,6.144,-8.4565,99.4522,19.2,1,0.25,-21.44,468.98,-16.74,469.76
2026-08-08 14:40:24.962,100.0,6.0,306.0,6.144,-8.4565,99.4522,19.2,2,0.5,-21.44,468.98,-16.74,469.76
2026-08-08 14:40:25.218,100.0,6.0,306.0,6.144,-8.4565,99.4522,19.2,3,0.75,-21.43,468.97,-16.75,469.75
2026-08-08 14:40:25.474,100.0,6.0,306.0,6.144,-8.4565,99.4522,19.2,4,1.0,-21.43,468.97,-16.75,469.75
2026-08-08 14:40:25.714,100.0,6.0,306.0,6.144,-8.4565,99.4522,19.2,5,1.25,-21.44,469.01,-16.74,469.79
2026-08-08 14:40:28.721,100.0,6.0,312.0,6.9943,-7.768,99.4522,19.1,1,0.25,-21.52,468.98,-16.83,469.77
2026-08-08 14:40:28.960,100.0,6.0,312.0,6.9943,-7.768,99.4522,19.1,2,0.5,-21.52,468.98,-16.83,469.77
2026-08-08 14:40:29.216,100.0,6.0,312.0,6.9943,-7.768,99.4522,19.1,3,0.75,-21.51,469.0,-16.84,469.79
2026-08-08 14:40:29.472,100.0,6.0,312.0,6.9943,-7.768,99.4522,19.1,4,1.0,-21.51,469.0,-16.84,469.79
2026-08-08 14:40:29.712,100.0,6.0,312.0,6.9943,-7.768,99.4522,19.1,5,1.25,-21.51,469.03,-16.82,469.82
2026-08-08 14:40:32.719,100.0,6.0,318.0,7.768,-6.9943,99.4522,19.6,1,0.25,-21.51,469.02,-16.8,469.81
2026-08-08 14:40:32.975,100.0,6.0,318.0,7.768,-6.9943,99.4522,19.6,2,0.5,-21.52,469.03,-16.81,469.82
2026-08-08 14:40:33.215,100.0,6.0,318.0,7.768,-6.9943,99.4522,19.6,3,0.75,-21.52,469.03,-16.81,469.82
2026-08-08 14:40:33.470,100.0,6.0,318.0,7.768,-6.9943,99.4522,19.6,4,1.0,-21.52,469.03,-16.81,469.82
2026-08-08 14:40:33.710,100.0,6.0,318.0,7.768,-6.9943,99.4522,19.6,5,1.25,-21.52,469.03,-16.81,469.82
2026-08-08 14:40:36.717,100.0,6.0,324.0,8.4565,-6.144,99.4522,18.7,1,0.25,-21.4,469.0,-16.66,469.78
2026-08-08 14:40:36.973,100.0,6.0,324.0,8.4565,-6.144,99.4522,18.7,2,0.5,-21.4,469.0,-16.66,469.78
2026-08-08 14:40:37.213,100.0,6.0,324.0,8.4565,-6.144,99.4522,18.7,3,0.75,-21.41,468.99,-16.67,469.77
2026-08-08 14:40:37.469,100.0,6.0,324.0,8.4565,-6.144,99.4522,18.7,4,1.0,-21.41,468.99,-16.67,469.77
2026-08-08 14:40:37.724,100.0,6.0,324.0,8.4565,-6.144,99.4522,18.7,5,1.25,-21.41,469.0,-16.66,469.78
2026-08-08 14:40:40.715,100.0,6.0,330.0,9.0524,-5.2264,99.4522,20.9,1,0.25,-21.45,468.98,-16.64,469.76
2026-08-08 14:40:40.971,100.0,6.0,330.0,9.0524,-5.2264,99.4522,20.9,2,0.5,-21.45,468.98,-16.64,469.76
2026-08-08 14:40:41.211,100.0,6.0,330.0,9.0524,-5.2264,99.4522,20.9,3,0.75,-21.44,468.94,-16.64,469.72
2026-08-08 14:40:41.467,100.0,6.0,330.0,9.0524,-5.2264,99.4522,20.9,4,1.0,-21.44,468.94,-16.64,469.72
2026-08-08 14:40:41.723,100.0,6.0,330.0,9.0524,-5.2264,99.4522,20.9,5,1.25,-21.44,468.94,-16.63,469.72
2026-08-08 14:40:44.713,100.0,6.0,336.0,9.5492,-4.2516,99.4522,18.7,1,0.25,-21.39,468.97,-16.7,469.75
2026-08-08 14:40:44.969,100.0,6.0,336.0,9.5492,-4.2516,99.4522,18.7,2,0.5,-21.39,468.97,-16.7,469.75
2026-08-08 14:40:45.225,100.0,6.0,336.0,9.5492,-4.2516,99.4522,18.7,3,0.75,-21.39,468.97,-16.7,469.75
2026-08-08 14:40:45.465,100.0,6.0,336.0,9.5492,-4.2516,99.4522,18.7,4,1.0,-21.41,469.0,-16.72,469.78
2026-08-08 14:40:45.721,100.0,6.0,336.0,9.5492,-4.2516,99.4522,18.7,5,1.25,-21.41,469.0,-16.72,469.78
2026-08-08 14:40:48.711,100.0,6.0,342.0,9.9412,-3.2301,99.4522,19.7,1,0.25,-21.39,468.87,-16.72,469.65
2026-08-08 14:40:48.967,100.0,6.0,342.0,9.9412,-3.2301,99.4522,19.7,2,0.5,-21.4,468.93,-16.71,469.71
2026-08-08 14:40:49.223,100.0,6.0,342.0,9.9412,-3.2301,99.4522,19.7,3,0.75,-21.4,468.93,-16.71,469.71
2026-08-08 14:40:49.463,100.0,6.0,342.0,9.9412,-3.2301,99.4522,19.7,4,1.0,-21.4,468.93,-16.71,469.71
2026-08-08 14:40:49.719,100.0,6.0,342.0,9.9412,-3.2301,99.4522,19.7,5,1.25,-21.4,468.88,-16.72,469.66
2026-08-08 14:40:52.725,100.0,6.0,348.0,10.2244,-2.1733,99.4522,19.0,1,0.25,-21.37,468.88,-16.6,469.66
2026-08-08 14:40:52.965,100.0,6.0,348.0,10.2244,-2.1733,99.4522,19.0,2,0.5,-21.37,468.88,-16.6,469.66
2026-08-08 14:40:53.221,100.0,6.0,348.0,10.2244,-2.1733,99.4522,19.0,3,0.75,-21.38,468.88,-16.59,469.66
2026-08-08 14:40:53.461,100.0,6.0,348.0,10.2244,-2.1733,99.4522,19.0,4,1.0,-21.38,468.88,-16.59,469.66
2026-08-08 14:40:53.717,100.0,6.0,348.0,10.2244,-2.1733,99.4522,19.0,5,1.25,-21.37,468.87,-16.59,469.64
2026-08-08 14:40:56.723,100.0,6.0,354.0,10.3956,-1.0926,99.4522,19.3,1,0.25,-21.32,468.89,-16.6,469.66
2026-08-08 14:40:56.963,100.0,6.0,354.0,10.3956,-1.0926,99.4522,19.3,2,0.5,-21.31,468.91,-16.6,469.68
2026-08-08 14:40:57.219,100.0,6.0,354.0,10.3956,-1.0926,99.4522,19.3,3,0.75,-21.31,468.91,-16.6,469.68
2026-08-08 14:40:57.475,100.0,6.0,354.0,10.3956,-1.0926,99.4522,19.3,4,1.0,-21.32,468.87,-16.6,469.64
2026-08-08 14:40:57.715,100.0,6.0,354.0,10.3956,-1.0926,99.4522,19.3,5,1.25,-21.32,468.87,-16.6,469.64
2026-08-08 14:41:01.585,100.0,12.0,354.0,20.6773,-2.1733,97.8148,19.9,1,0.25,-21.4,468.79,-16.7,469.57
2026-08-08 14:41:04.096,100.0,12.0,354.0,20.6773,-2.1733,97.8148,19.9,2,0.5,-21.4,468.77,-16.7,469.55
2026-08-08 14:41:04.336,100.0,12.0,354.0,20.6773,-2.1733,97.8148,19.9,3,0.75,-21.41,468.76,-16.71,469.54
2026-08-08 14:41:06.847,100.0,12.0,354.0,20.6773,-2.1733,97.8148,19.9,4,1.0,-21.41,468.77,-16.7,469.55
2026-08-08 14:41:07.087,100.0,12.0,354.0,20.6773,-2.1733,97.8148,19.9,5,1.25,-21.41,468.77,-16.7,469.55
2026-08-08 14:41:10.221,100.0,12.0,348.0,20.3368,-4.3227,97.8148,19.6,1,0.25,-21.52,468.8,-16.91,469.59
2026-08-08 14:41:10.461,100.0,12.0,348.0,20.3368,-4.3227,97.8148,19.6,2,0.5,-21.51,468.8,-16.91,469.59
2026-08-08 14:41:10.717,100.0,12.0,348.0,20.3368,-4.3227,97.8148,19.6,3,0.75,-21.51,468.8,-16.91,469.59
2026-08-08 14:41:10.973,100.0,12.0,348.0,20.3368,-4.3227,97.8148,19.6,4,1.0,-21.53,468.88,-16.92,469.67
2026-08-08 14:41:11.213,100.0,12.0,348.0,20.3368,-4.3227,97.8148,19.6,5,1.25,-21.53,468.88,-16.92,469.67
2026-08-08 14:41:14.347,100.0,12.0,342.0,19.7736,-6.4248,97.8148,18.9,1,0.25,-21.31,468.84,-16.79,469.62
2026-08-08 14:41:14.587,100.0,12.0,342.0,19.7736,-6.4248,97.8148,18.9,2,0.5,-21.32,468.87,-16.8,469.65
2026-08-08 14:41:14.843,100.0,12.0,342.0,19.7736,-6.4248,97.8148,18.9,3,0.75,-21.32,468.87,-16.8,469.65
2026-08-08 14:41:15.099,100.0,12.0,342.0,19.7736,-6.4248,97.8148,18.9,4,1.0,-21.32,468.89,-16.79,469.67
2026-08-08 14:41:15.339,100.0,12.0,342.0,19.7736,-6.4248,97.8148,18.9,5,1.25,-21.32,468.89,-16.79,469.67
2026-08-08 14:41:18.473,100.0,12.0,336.0,18.9937,-8.4565,97.8148,18.4,1,0.25,-21.21,468.94,-16.82,469.72
2026-08-08 14:41:18.713,100.0,12.0,336.0,18.9937,-8.4565,97.8148,18.4,2,0.5,-21.22,468.99,-16.83,469.77
2026-08-08 14:41:18.969,100.0,12.0,336.0,18.9937,-8.4565,97.8148,18.4,3,0.75,-21.22,468.99,-16.83,469.77
2026-08-08 14:41:19.225,100.0,12.0,336.0,18.9937,-8.4565,97.8148,18.4,4,1.0,-21.23,468.96,-16.83,469.74
2026-08-08 14:41:19.465,100.0,12.0,336.0,18.9937,-8.4565,97.8148,18.4,5,1.25,-21.23,468.96,-16.83,469.74
2026-08-08 14:41:22.600,100.0,12.0,330.0,18.0057,-10.3956,97.8148,18.3,1,0.25,-21.18,468.94,-16.79,469.71
2026-08-08 14:41:22.839,100.0,12.0,330.0,18.0057,-10.3956,97.8148,18.3,2,0.5,-21.18,468.92,-16.77,469.69
2026-08-08 14:41:23.095,100.0,12.0,330.0,18.0057,-10.3956,97.8148,18.3,3,0.75,-21.18,468.92,-16.77,469.69
2026-08-08 14:41:23.335,100.0,12.0,330.0,18.0057,-10.3956,97.8148,18.3,4,1.0,-21.2,468.92,-16.8,469.69
2026-08-08 14:41:25.846,100.0,12.0,330.0,18.0057,-10.3956,97.8148,18.3,5,1.25,-21.2,468.92,-16.8,469.69
2026-08-08 14:41:28.965,100.0,12.0,324.0,16.8204,-12.2207,97.8148,19.0,1,0.25,-21.22,468.97,-16.93,469.75
2026-08-08 14:41:29.221,100.0,12.0,324.0,16.8204,-12.2207,97.8148,19.0,2,0.5,-21.22,468.95,-16.91,469.73
2026-08-08 14:41:29.460,100.0,12.0,324.0,16.8204,-12.2207,97.8148,19.0,3,0.75,-21.22,468.95,-16.91,469.73
2026-08-08 14:41:29.716,100.0,12.0,324.0,16.8204,-12.2207,97.8148,19.0,4,1.0,-21.2,468.96,-16.92,469.74
2026-08-08 14:41:29.972,100.0,12.0,324.0,16.8204,-12.2207,97.8148,19.0,5,1.25,-21.2,468.96,-16.92,469.74
2026-08-08 14:41:32.963,100.0,12.0,318.0,15.4508,-13.912,97.8148,20.4,1,0.25,-21.13,469.05,-16.8,469.82
2026-08-08 14:41:33.219,100.0,12.0,318.0,15.4508,-13.912,97.8148,20.4,2,0.5,-21.12,469.07,-16.8,469.84
2026-08-08 14:41:33.475,100.0,12.0,318.0,15.4508,-13.912,97.8148,20.4,3,0.75,-21.12,469.07,-16.8,469.84
2026-08-08 14:41:33.715,100.0,12.0,318.0,15.4508,-13.912,97.8148,20.4,4,1.0,-21.13,469.02,-16.8,469.79
2026-08-08 14:41:33.970,100.0,12.0,318.0,15.4508,-13.912,97.8148,20.4,5,1.25,-21.13,469.02,-16.8,469.79
2026-08-08 14:41:36.961,100.0,12.0,312.0,13.912,-15.4508,97.8148,19.8,1,0.25,-21.09,469.04,-16.93,469.81
2026-08-08 14:41:37.217,100.0,12.0,312.0,13.912,-15.4508,97.8148,19.8,2,0.5,-21.09,469.04,-16.93,469.81
2026-08-08 14:41:37.473,100.0,12.0,312.0,13.912,-15.4508,97.8148,19.8,3,0.75,-21.1,469.05,-16.93,469.82
2026-08-08 14:41:37.713,100.0,12.0,312.0,13.912,-15.4508,97.8148,19.8,4,1.0,-21.1,469.05,-16.93,469.82
2026-08-08 14:41:37.968,100.0,12.0,312.0,13.912,-15.4508,97.8148,19.8,5,1.25,-21.1,469.06,-16.93,469.83
2026-08-08 14:41:41.087,100.0,12.0,306.0,12.2207,-16.8204,97.8148,19.3,1,0.25,-21.3,469.1,-16.89,469.88
2026-08-08 14:41:41.343,100.0,12.0,306.0,12.2207,-16.8204,97.8148,19.3,2,0.5,-21.3,469.1,-16.89,469.88
2026-08-08 14:41:41.599,100.0,12.0,306.0,12.2207,-16.8204,97.8148,19.3,3,0.75,-21.29,469.11,-16.89,469.89
2026-08-08 14:41:41.839,100.0,12.0,306.0,12.2207,-16.8204,97.8148,19.3,4,1.0,-21.29,469.11,-16.89,469.89
2026-08-08 14:41:42.095,100.0,12.0,306.0,12.2207,-16.8204,97.8148,19.3,5,1.25,-21.29,469.1,-16.89,469.88
2026-08-08 14:41:45.213,100.0,12.0,300.0,10.3956,-18.0057,97.8148,19.7,1,0.25,-21.32,469.19,-16.86,469.97
2026-08-08 14:41:45.469,100.0,12.0,300.0,10.3956,-18.0057,97.8148,19.7,2,0.5,-21.32,469.19,-16.86,469.97
2026-08-08 14:41:45.725,100.0,12.0,300.0,10.3956,-18.0057,97.8148,19.7,3,0.75,-21.32,469.2,-16.87,469.98
2026-08-08 14:41:45.965,100.0,12.0,300.0,10.3956,-18.0057,97.8148,19.7,4,1.0,-21.32,469.2,-16.87,469.98
2026-08-08 14:41:46.221,100.0,12.0,300.0,10.3956,-18.0057,97.8148,19.7,5,1.25,-21.31,469.19,-16.88,469.97
2026-08-08 14:41:49.339,100.0,12.0,294.0,8.4565,-18.9937,97.8148,19.2,1,0.25,-21.33,469.3,-16.92,470.08
2026-08-08 14:41:49.595,100.0,12.0,294.0,8.4565,-18.9937,97.8148,19.2,2,0.5,-21.33,469.3,-16.92,470.08
2026-08-08 14:41:49.835,100.0,12.0,294.0,8.4565,-18.9937,97.8148,19.2,3,0.75,-21.33,469.26,-16.92,470.04
2026-08-08 14:41:52.346,100.0,12.0,294.0,8.4565,-18.9937,97.8148,19.2,4,1.0,-21.33,469.26,-16.92,470.04
2026-08-08 14:41:52.586,100.0,12.0,294.0,8.4565,-18.9937,97.8148,19.2,5,1.25,-21.35,469.24,-16.91,470.02
2026-08-08 14:41:57.975,100.0,12.0,288.0,6.4248,-19.7736,97.8148,19.6,1,0.25,-21.37,469.23,-17.0,470.02
2026-08-08 14:41:58.215,100.0,12.0,288.0,6.4248,-19.7736,97.8148,19.6,2,0.5,-21.36,469.23,-16.98,470.02
2026-08-08 14:41:58.471,100.0,12.0,288.0,6.4248,-19.7736,97.8148,19.6,3,0.75,-21.36,469.23,-16.98,470.02
2026-08-08 14:41:58.711,100.0,12.0,288.0,6.4248,-19.7736,97.8148,19.6,4,1.0,-21.36,469.21,-16.99,470.0
2026-08-08 14:41:58.967,100.0,12.0,288.0,6.4248,-19.7736,97.8148,19.6,5,1.25,-21.36,469.21,-16.99,470.0
2026-08-08 14:42:02.085,100.0,12.0,282.0,4.3227,-20.3368,97.8148,19.3,1,0.25,-21.42,469.23,-16.86,470.02
2026-08-08 14:42:04.596,100.0,12.0,282.0,4.3227,-20.3368,97.8148,19.3,2,0.5,-21.42,469.29,-16.86,470.08
2026-08-08 14:42:04.836,100.0,12.0,282.0,4.3227,-20.3368,97.8148,19.3,3,0.75,-21.41,469.27,-16.85,470.06
2026-08-08 14:42:07.347,100.0,12.0,282.0,4.3227,-20.3368,97.8148,19.3,4,1.0,-21.41,469.27,-16.85,470.06
2026-08-08 14:42:07.587,100.0,12.0,282.0,4.3227,-20.3368,97.8148,19.3,5,1.25,-21.44,469.25,-16.85,470.04
2026-08-08 14:42:10.721,100.0,12.0,276.0,2.1733,-20.6773,97.8148,18.5,1,0.25,-21.52,469.27,-16.82,470.06
2026-08-08 14:42:10.961,100.0,12.0,276.0,2.1733,-20.6773,97.8148,18.5,2,0.5,-21.52,469.27,-16.82,470.06
2026-08-08 14:42:11.217,100.0,12.0,276.0,2.1733,-20.6773,97.8148,18.5,3,0.75,-21.51,469.28,-16.82,470.07
2026-08-08 14:42:11.473,100.0,12.0,276.0,2.1733,-20.6773,97.8148,18.5,4,1.0,-21.51,469.28,-16.82,470.07
2026-08-08 14:42:11.713,100.0,12.0,276.0,2.1733,-20.6773,97.8148,18.5,5,1.25,-21.52,469.25,-16.81,470.04
2026-08-08 14:42:14.847,100.0,12.0,270.0,-0.0,-20.7912,97.8148,19.3,1,0.25,-21.53,469.32,-16.83,470.11
2026-08-08 14:42:15.087,100.0,12.0,270.0,-0.0,-20.7912,97.8148,19.3,2,0.5,-21.53,469.32,-16.83,470.11
2026-08-08 14:42:15.343,100.0,12.0,270.0,-0.0,-20.7912,97.8148,19.3,3,0.75,-21.53,469.3,-16.81,470.09
2026-08-08 14:42:15.599,100.0,12.0,270.0,-0.0,-20.7912,97.8148,19.3,4,1.0,-21.53,469.3,-16.81,470.09
2026-08-08 14:42:15.839,100.0,12.0,270.0,-0.0,-20.7912,97.8148,19.3,5,1.25,-21.53,469.3,-16.81,470.09
2026-08-08 14:42:18.973,100.0,12.0,264.0,-2.1733,-20.6773,97.8148,19.3,1,0.25,-21.55,469.23,-16.77,470.02
2026-08-08 14:42:19.213,100.0,12.0,264.0,-2.1733,-20.6773,97.8148,19.3,2,0.5,-21.55,469.23,-16.77,470.02
2026-08-08 14:42:19.469,100.0,12.0,264.0,-2.1733,-20.6773,97.8148,19.3,3,0.75,-21.55,469.23,-16.77,470.02
2026-08-08 14:42:19.725,100.0,12.0,264.0,-2.1733,-20.6773,97.8148,19.3,4,1.0,-21.55,469.23,-16.77,470.02
2026-08-08 14:42:19.965,100.0,12.0,264.0,-2.1733,-20.6773,97.8148,19.3,5,1.25,-21.55,469.23,-16.77,470.02
2026-08-08 14:42:23.099,100.0,12.0,258.0,-4.3227,-20.3368,97.8148,19.6,1,0.25,-21.59,469.22,-16.76,470.01
2026-08-08 14:42:23.339,100.0,12.0,258.0,-4.3227,-20.3368,97.8148,19.6,2,0.5,-21.62,469.23,-16.76,470.02
2026-08-08 14:42:23.595,100.0,12.0,258.0,-4.3227,-20.3368,97.8148,19.6,3,0.75,-21.62,469.23,-16.76,470.02
2026-08-08 14:42:23.835,100.0,12.0,258.0,-4.3227,-20.3368,97.8148,19.6,4,1.0,-21.59,469.32,-16.77,470.11
2026-08-08 14:42:26.346,100.0,12.0,258.0,-4.3227,-20.3368,97.8148,19.6,5,1.25,-21.59,469.28,-16.76,470.07
2026-08-08 14:42:29.465,100.0,12.0,252.0,-6.4248,-19.7736,97.8148,19.5,1,0.25,-21.59,469.31,-16.87,470.1
2026-08-08 14:42:29.720,100.0,12.0,252.0,-6.4248,-19.7736,97.8148,19.5,2,0.5,-21.59,469.31,-16.87,470.1
2026-08-08 14:42:29.960,100.0,12.0,252.0,-6.4248,-19.7736,97.8148,19.5,3,0.75,-21.58,469.32,-16.87,470.11
2026-08-08 14:42:30.216,100.0,12.0,252.0,-6.4248,-19.7736,97.8148,19.5,4,1.0,-21.58,469.32,-16.87,470.11
2026-08-08 14:42:30.472,100.0,12.0,252.0,-6.4248,-19.7736,97.8148,19.5,5,1.25,-21.58,469.31,-16.87,470.1
2026-08-08 14:42:33.591,100.0,12.0,246.0,-8.4565,-18.9937,97.8148,19.2,1,0.25,-21.48,469.26,-16.77,470.05
2026-08-08 14:42:33.847,100.0,12.0,246.0,-8.4565,-18.9937,97.8148,19.2,2,0.5,-21.48,469.26,-16.77,470.05
2026-08-08 14:42:34.086,100.0,12.0,246.0,-8.4565,-18.9937,97.8148,19.2,3,0.75,-21.48,469.28,-16.77,470.07
2026-08-08 14:42:34.342,100.0,12.0,246.0,-8.4565,-18.9937,97.8148,19.2,4,1.0,-21.48,469.28,-16.77,470.07
2026-08-08 14:42:34.598,100.0,12.0,246.0,-8.4565,-18.9937,97.8148,19.2,5,1.25,-21.48,469.28,-16.77,470.07
2026-08-08 14:42:37.717,100.0,12.0,240.0,-10.3956,-18.0057,97.8148,19.3,1,0.25,-21.62,469.25,-16.67,470.04
2026-08-08 14:42:37.973,100.0,12.0,240.0,-10.3956,-18.0057,97.8148,19.3,2,0.5,-21.61,469.28,-16.68,470.07
2026-08-08 14:42:38.213,100.0,12.0,240.0,-10.3956,-18.0057,97.8148,19.3,3,0.75,-21.61,469.28,-16.68,470.07
2026-08-08 14:42:38.469,100.0,12.0,240.0,-10.3956,-18.0057,97.8148,19.3,4,1.0,-21.61,469.28,-16.68,470.07
2026-08-08 14:42:38.724,100.0,12.0,240.0,-10.3956,-18.0057,97.8148,19.3,5,1.25,-21.61,469.28,-16.68,470.07
2026-08-08 14:42:41.843,100.0,12.0,234.0,-12.2207,-16.8204,97.8148,20.1,1,0.25,-21.65,469.23,-16.69,470.02
2026-08-08 14:42:42.099,100.0,12.0,234.0,-12.2207,-16.8204,97.8148,20.1,2,0.5,-21.67,469.21,-16.68,470.0
2026-08-08 14:42:42.339,100.0,12.0,234.0,-12.2207,-16.8204,97.8148,20.1,3,0.75,-21.67,469.21,-16.68,470.0
2026-08-08 14:42:42.595,100.0,12.0,234.0,-12.2207,-16.8204,97.8148,20.1,4,1.0,-21.67,469.21,-16.69,470.0
2026-08-08 14:42:42.850,100.0,12.0,234.0,-12.2207,-16.8204,97.8148,20.1,5,1.25,-21.67,469.21,-16.69,470.0
2026-08-08 14:42:45.841,100.0,12.0,228.0,-13.912,-15.4508,97.8148,19.1,1,0.25,-21.6,469.12,-16.55,469.9
2026-08-08 14:42:46.097,100.0,12.0,228.0,-13.912,-15.4508,97.8148,19.1,2,0.5,-21.61,469.12,-16.55,469.9
2026-08-08 14:42:46.337,100.0,12.0,228.0,-13.912,-15.4508,97.8148,19.1,3,0.75,-21.61,469.12,-16.55,469.9
2026-08-08 14:42:46.593,100.0,12.0,228.0,-13.912,-15.4508,97.8148,19.1,4,1.0,-21.61,469.12,-16.55,469.9
2026-08-08 14:42:46.848,100.0,12.0,228.0,-13.912,-15.4508,97.8148,19.1,5,1.25,-21.6,469.11,-16.56,469.89
2026-08-08 14:42:49.839,100.0,12.0,222.0,-15.4508,-13.912,97.8148,,1,0.25,-21.47,469.13,-16.44,469.9
2026-08-08 14:42:50.095,100.0,12.0,222.0,-15.4508,-13.912,97.8148,,2,0.5,-21.47,469.13,-16.44,469.9
2026-08-08 14:42:50.335,100.0,12.0,222.0,-15.4508,-13.912,97.8148,,3,0.75,-21.48,469.18,-16.46,469.95
2026-08-08 14:42:52.846,100.0,12.0,222.0,-15.4508,-13.912,97.8148,,4,1.0,-21.48,469.18,-16.46,469.95
2026-08-08 14:42:53.086,100.0,12.0,222.0,-15.4508,-13.912,97.8148,,5,1.25,-21.49,469.18,-16.46,469.96
2026-08-08 14:42:58.475,100.0,12.0,216.0,-16.8204,-12.2207,97.8148,19.7,1,0.25,-21.53,469.27,-16.49,470.05
2026-08-08 14:42:58.715,100.0,12.0,216.0,-16.8204,-12.2207,97.8148,19.7,2,0.5,-21.54,469.2,-16.49,469.98
2026-08-08 14:42:58.971,100.0,12.0,216.0,-16.8204,-12.2207,97.8148,19.7,3,0.75,-21.54,469.2,-16.49,469.98
2026-08-08 14:42:59.211,100.0,12.0,216.0,-16.8204,-12.2207,97.8148,19.7,4,1.0,-21.54,469.19,-16.49,469.97
2026-08-08 14:42:59.467,100.0,12.0,216.0,-16.8204,-12.2207,97.8148,19.7,5,1.25,-21.54,469.19,-16.49,469.97
2026-08-08 14:43:02.585,100.0,12.0,210.0,-18.0057,-10.3956,97.8148,18.1,1,0.25,-21.6,469.1,-16.48,469.88
2026-08-08 14:43:05.096,100.0,12.0,210.0,-18.0057,-10.3956,97.8148,18.1,2,0.5,-21.6,469.1,-16.48,469.88
2026-08-08 14:43:05.336,100.0,12.0,210.0,-18.0057,-10.3956,97.8148,18.1,3,0.75,-21.59,469.01,-16.5,469.79
2026-08-08 14:43:05.592,100.0,12.0,210.0,-18.0057,-10.3956,97.8148,18.1,4,1.0,-21.59,469.01,-16.5,469.79
2026-08-08 14:43:05.848,100.0,12.0,210.0,-18.0057,-10.3956,97.8148,18.1,5,1.25,-21.59,469.01,-16.5,469.79
2026-08-08 14:43:08.966,100.0,12.0,204.0,-18.9937,-8.4565,97.8148,19.3,1,0.25,-21.61,469.03,-16.44,469.81
2026-08-08 14:43:09.222,100.0,12.0,204.0,-18.9937,-8.4565,97.8148,19.3,2,0.5,-21.61,469.01,-16.44,469.79
2026-08-08 14:43:09.462,100.0,12.0,204.0,-18.9937,-8.4565,97.8148,19.3,3,0.75,-21.61,469.01,-16.44,469.79
2026-08-08 14:43:09.718,100.0,12.0,204.0,-18.9937,-8.4565,97.8148,19.3,4,1.0,-21.6,469.04,-16.45,469.82
2026-08-08 14:43:09.974,100.0,12.0,204.0,-18.9937,-8.4565,97.8148,19.3,5,1.25,-21.6,469.04,-16.45,469.82
2026-08-08 14:43:13.092,100.0,12.0,198.0,-19.7736,-6.4248,97.8148,18.8,1,0.25,-21.63,469.12,-16.39,469.9
2026-08-08 14:43:13.348,100.0,12.0,198.0,-19.7736,-6.4248,97.8148,18.8,2,0.5,-21.63,469.16,-16.37,469.94
2026-08-08 14:43:13.588,100.0,12.0,198.0,-19.7736,-6.4248,97.8148,18.8,3,0.75,-21.63,469.16,-16.37,469.94
2026-08-08 14:43:13.844,100.0,12.0,198.0,-19.7736,-6.4248,97.8148,18.8,4,1.0,-21.63,469.13,-16.36,469.91
2026-08-08 14:43:14.100,100.0,12.0,198.0,-19.7736,-6.4248,97.8148,18.8,5,1.25,-21.63,469.13,-16.36,469.91
2026-08-08 14:43:17.218,100.0,12.0,192.0,-20.3368,-4.3227,97.8148,19.3,1,0.25,-21.74,469.05,-16.43,469.84
2026-08-08 14:43:17.474,100.0,12.0,192.0,-20.3368,-4.3227,97.8148,19.3,2,0.5,-21.73,469.06,-16.42,469.85
2026-08-08 14:43:17.714,100.0,12.0,192.0,-20.3368,-4.3227,97.8148,19.3,3,0.75,-21.73,469.06,-16.42,469.85
2026-08-08 14:43:17.970,100.0,12.0,192.0,-20.3368,-4.3227,97.8148,19.3,4,1.0,-21.74,469.04,-16.41,469.83
2026-08-08 14:43:18.210,100.0,12.0,192.0,-20.3368,-4.3227,97.8148,19.3,5,1.25,-21.74,469.04,-16.41,469.83
2026-08-08 14:43:21.344,100.0,12.0,186.0,-20.6773,-2.1733,97.8148,19.7,1,0.25,-21.66,469.06,-16.24,469.84
2026-08-08 14:43:21.584,100.0,12.0,186.0,-20.6773,-2.1733,97.8148,19.7,2,0.5,-21.67,469.06,-16.27,469.84
2026-08-08 14:43:24.095,100.0,12.0,186.0,-20.6773,-2.1733,97.8148,19.7,3,0.75,-21.66,469.04,-16.28,469.82
2026-08-08 14:43:24.335,100.0,12.0,186.0,-20.6773,-2.1733,97.8148,19.7,4,1.0,-21.66,469.01,-16.26,469.79
2026-08-08 14:43:26.846,100.0,12.0,186.0,-20.6773,-2.1733,97.8148,19.7,5,1.25,-21.66,469.0,-16.26,469.78
2026-08-08 14:43:29.965,100.0,12.0,180.0,-20.7912,0.0,97.8148,17.3,1,0.25,-21.71,468.99,-16.33,469.77
2026-08-08 14:43:30.220,100.0,12.0,180.0,-20.7912,0.0,97.8148,17.3,2,0.5,-21.71,468.99,-16.33,469.77
2026-08-08 14:43:30.460,100.0,12.0,180.0,-20.7912,0.0,97.8148,17.3,3,0.75,-21.72,468.99,-16.33,469.77
2026-08-08 14:43:30.716,100.0,12.0,180.0,-20.7912,0.0,97.8148,17.3,4,1.0,-21.72,468.99,-16.33,469.77
2026-08-08 14:43:30.972,100.0,12.0,180.0,-20.7912,0.0,97.8148,17.3,5,1.25,-21.73,468.99,-16.33,469.77
2026-08-08 14:43:34.091,100.0,12.0,174.0,-20.6773,2.1733,97.8148,20.5,1,0.25,-21.57,469.05,-16.24,469.82
2026-08-08 14:43:34.347,100.0,12.0,174.0,-20.6773,2.1733,97.8148,20.5,2,0.5,-21.57,469.05,-16.24,469.82
2026-08-08 14:43:34.586,100.0,12.0,174.0,-20.6773,2.1733,97.8148,20.5,3,0.75,-21.58,469.06,-16.24,469.83
2026-08-08 14:43:34.842,100.0,12.0,174.0,-20.6773,2.1733,97.8148,20.5,4,1.0,-21.58,469.06,-16.24,469.83
2026-08-08 14:43:35.098,100.0,12.0,174.0,-20.6773,2.1733,97.8148,20.5,5,1.25,-21.57,469.05,-16.23,469.82
2026-08-08 14:43:38.217,100.0,12.0,168.0,-20.3368,4.3227,97.8148,20.1,1,0.25,-21.68,469.03,-16.31,469.81
2026-08-08 14:43:38.473,100.0,12.0,168.0,-20.3368,4.3227,97.8148,20.1,2,0.5,-21.68,469.03,-16.31,469.81
2026-08-08 14:43:38.712,100.0,12.0,168.0,-20.3368,4.3227,97.8148,20.1,3,0.75,-21.7,468.98,-16.32,469.76
2026-08-08 14:43:38.968,100.0,12.0,168.0,-20.3368,4.3227,97.8148,20.1,4,1.0,-21.7,468.98,-16.32,469.76
2026-08-08 14:43:39.224,100.0,12.0,168.0,-20.3368,4.3227,97.8148,20.1,5,1.25,-21.7,468.96,-16.32,469.74
2026-08-08 14:43:42.343,100.0,12.0,162.0,-19.7736,6.4248,97.8148,20.4,1,0.25,-21.63,469.03,-16.22,469.8
2026-08-08 14:43:42.599,100.0,12.0,162.0,-19.7736,6.4248,97.8148,20.4,2,0.5,-21.63,469.03,-16.22,469.8
2026-08-08 14:43:42.839,100.0,12.0,162.0,-19.7736,6.4248,97.8148,20.4,3,0.75,-21.65,468.99,-16.23,469.76
2026-08-08 14:43:43.094,100.0,12.0,162.0,-19.7736,6.4248,97.8148,20.4,4,1.0,-21.65,468.99,-16.23,469.76
2026-08-08 14:43:43.334,100.0,12.0,162.0,-19.7736,6.4248,97.8148,20.4,5,1.25,-21.62,468.98,-16.22,469.75
2026-08-08 14:43:48.724,100.0,12.0,156.0,-18.9937,8.4565,97.8148,19.5,1,0.25,-21.83,469.0,-16.37,469.79
2026-08-08 14:43:48.964,100.0,12.0,156.0,-18.9937,8.4565,97.8148,19.5,2,0.5,-21.83,469.0,-16.37,469.79
2026-08-08 14:43:49.220,100.0,12.0,156.0,-18.9937,8.4565,97.8148,19.5,3,0.75,-21.82,469.02,-16.36,469.81
2026-08-08 14:43:49.460,100.0,12.0,156.0,-18.9937,8.4565,97.8148,19.5,4,1.0,-21.82,469.02,-16.36,469.81
2026-08-08 14:43:49.715,100.0,12.0,156.0,-18.9937,8.4565,97.8148,19.5,5,1.25,-21.82,468.99,-16.38,469.78
2026-08-08 14:43:52.850,100.0,12.0,150.0,-18.0057,10.3956,97.8148,19.9,1,0.25,-21.79,469.09,-16.31,469.87
2026-08-08 14:43:53.090,100.0,12.0,150.0,-18.0057,10.3956,97.8148,19.9,2,0.5,-21.79,469.09,-16.31,469.87
2026-08-08 14:43:53.346,100.0,12.0,150.0,-18.0057,10.3956,97.8148,19.9,3,0.75,-21.78,469.03,-16.32,469.81
2026-08-08 14:43:53.586,100.0,12.0,150.0,-18.0057,10.3956,97.8148,19.9,4,1.0,-21.78,469.03,-16.32,469.81
2026-08-08 14:43:53.842,100.0,12.0,150.0,-18.0057,10.3956,97.8148,19.9,5,1.25,-21.79,468.98,-16.32,469.76
2026-08-08 14:43:56.960,100.0,12.0,144.0,-16.8204,12.2207,97.8148,19.7,1,0.25,-21.59,468.99,-16.43,469.77
2026-08-08 14:43:57.216,100.0,12.0,144.0,-16.8204,12.2207,97.8148,19.7,2,0.5,-21.59,468.99,-16.43,469.77
2026-08-08 14:43:57.472,100.0,12.0,144.0,-16.8204,12.2207,97.8148,19.7,3,0.75,-21.59,469.03,-16.43,469.81
2026-08-08 14:43:57.712,100.0,12.0,144.0,-16.8204,12.2207,97.8148,19.7,4,1.0,-21.59,469.03,-16.43,469.81
2026-08-08 14:43:57.968,100.0,12.0,144.0,-16.8204,12.2207,97.8148,19.7,5,1.25,-21.59,469.02,-16.43,469.8
2026-08-08 14:44:01.086,100.0,12.0,138.0,-15.4508,13.912,97.8148,19.7,1,0.25,-21.62,469.01,-16.44,469.79
2026-08-08 14:44:01.342,100.0,12.0,138.0,-15.4508,13.912,97.8148,19.7,2,0.5,-21.62,469.01,-16.44,469.79
2026-08-08 14:44:01.598,100.0,12.0,138.0,-15.4508,13.912,97.8148,19.7,3,0.75,-21.62,468.96,-16.44,469.74
2026-08-08 14:44:01.838,100.0,12.0,138.0,-15.4508,13.912,97.8148,19.7,4,1.0,-21.62,468.96,-16.44,469.74
2026-08-08 14:44:02.094,100.0,12.0,138.0,-15.4508,13.912,97.8148,19.7,5,1.25,-21.63,469.03,-16.43,469.81
2026-08-08 14:44:05.084,100.0,12.0,132.0,-13.912,15.4508,97.8148,19.7,1,0.25,-21.72,469.06,-16.42,469.84
2026-08-08 14:44:07.595,100.0,12.0,132.0,-13.912,15.4508,97.8148,19.7,2,0.5,-21.72,469.06,-16.42,469.84
2026-08-08 14:44:07.835,100.0,12.0,132.0,-13.912,15.4508,97.8148,19.7,3,0.75,-21.73,469.05,-16.42,469.84
2026-08-08 14:44:10.346,100.0,12.0,132.0,-13.912,15.4508,97.8148,19.7,4,1.0,-21.73,469.05,-16.42,469.84
2026-08-08 14:44:10.586,100.0,12.0,132.0,-13.912,15.4508,97.8148,19.7,5,1.25,-21.72,469.01,-16.4,469.79
2026-08-08 14:44:13.592,100.0,12.0,126.0,-12.2207,16.8204,97.8148,19.3,1,0.25,-21.57,469.05,-16.49,469.83
2026-08-08 14:44:13.848,100.0,12.0,126.0,-12.2207,16.8204,97.8148,19.3,2,0.5,-21.57,469.05,-16.49,469.83
2026-08-08 14:44:14.088,100.0,12.0,126.0,-12.2207,16.8204,97.8148,19.3,3,0.75,-21.58,469.05,-16.5,469.83
2026-08-08 14:44:14.344,100.0,12.0,126.0,-12.2207,16.8204,97.8148,19.3,4,1.0,-21.58,469.05,-16.5,469.83
2026-08-08 14:44:14.600,100.0,12.0,126.0,-12.2207,16.8204,97.8148,19.3,5,1.25,-21.58,469.09,-16.5,469.87
2026-08-08 14:44:17.718,100.0,12.0,120.0,-10.3956,18.0057,97.8148,20.2,1,0.25,-21.75,469.1,-16.49,469.89
2026-08-08 14:44:17.974,100.0,12.0,120.0,-10.3956,18.0057,97.8148,20.2,2,0.5,-21.75,469.1,-16.49,469.89
2026-08-08 14:44:18.214,100.0,12.0,120.0,-10.3956,18.0057,97.8148,20.2,3,0.75,-21.76,469.08,-16.49,469.87
2026-08-08 14:44:18.470,100.0,12.0,120.0,-10.3956,18.0057,97.8148,20.2,4,1.0,-21.76,469.08,-16.49,469.87
2026-08-08 14:44:18.710,100.0,12.0,120.0,-10.3956,18.0057,97.8148,20.2,5,1.25,-21.76,469.05,-16.49,469.84
2026-08-08 14:44:21.844,100.0,12.0,114.0,-8.4565,18.9937,97.8148,19.7,1,0.25,-21.81,469.03,-16.49,469.82
2026-08-08 14:44:22.084,100.0,12.0,114.0,-8.4565,18.9937,97.8148,19.7,2,0.5,-21.83,469.05,-16.5,469.84
2026-08-08 14:44:24.595,100.0,12.0,114.0,-8.4565,18.9937,97.8148,19.7,3,0.75,-21.83,469.02,-16.5,469.81
2026-08-08 14:44:24.835,100.0,12.0,114.0,-8.4565,18.9937,97.8148,19.7,4,1.0,-21.83,469.08,-16.48,469.87
2026-08-08 14:44:27.346,100.0,12.0,114.0,-8.4565,18.9937,97.8148,19.7,5,1.25,-21.83,469.08,-16.48,469.87
2026-08-08 14:44:30.464,100.0,12.0,108.0,-6.4248,19.7736,97.8148,19.5,1,0.25,-21.73,469.04,-16.49,469.83
2026-08-08 14:44:30.720,100.0,12.0,108.0,-6.4248,19.7736,97.8148,19.5,2,0.5,-21.72,469.06,-16.49,469.85
2026-08-08 14:44:30.960,100.0,12.0,108.0,-6.4248,19.7736,97.8148,19.5,3,0.75,-21.72,469.06,-16.49,469.85
2026-08-08 14:44:31.216,100.0,12.0,108.0,-6.4248,19.7736,97.8148,19.5,4,1.0,-21.72,469.03,-16.49,469.82
2026-08-08 14:44:31.472,100.0,12.0,108.0,-6.4248,19.7736,97.8148,19.5,5,1.25,-21.72,469.03,-16.49,469.82
2026-08-08 14:44:34.590,100.0,12.0,102.0,-4.3227,20.3368,97.8148,20.1,1,0.25,-21.87,469.03,-16.65,469.83
2026-08-08 14:44:34.846,100.0,12.0,102.0,-4.3227,20.3368,97.8148,20.1,2,0.5,-21.87,469.05,-16.66,469.85
2026-08-08 14:44:35.086,100.0,12.0,102.0,-4.3227,20.3368,97.8148,20.1,3,0.75,-21.87,469.05,-16.66,469.85
2026-08-08 14:44:35.342,100.0,12.0,102.0,-4.3227,20.3368,97.8148,20.1,4,1.0,-21.88,469.0,-16.65,469.8
2026-08-08 14:44:35.598,100.0,12.0,102.0,-4.3227,20.3368,97.8148,20.1,5,1.25,-21.88,469.0,-16.65,469.8
2026-08-08 14:44:38.717,100.0,12.0,96.0,-2.1733,20.6773,97.8148,19.8,1,0.25,-21.81,469.03,-16.67,469.83
2026-08-08 14:44:38.972,100.0,12.0,96.0,-2.1733,20.6773,97.8148,19.8,2,0.5,-21.81,469.03,-16.67,469.83
2026-08-08 14:44:39.212,100.0,12.0,96.0,-2.1733,20.6773,97.8148,19.8,3,0.75,-21.8,469.0,-16.67,469.8
2026-08-08 14:44:39.468,100.0,12.0,96.0,-2.1733,20.6773,97.8148,19.8,4,1.0,-21.8,469.0,-16.67,469.8
2026-08-08 14:44:39.724,100.0,12.0,96.0,-2.1733,20.6773,97.8148,19.8,5,1.25,-21.8,468.99,-16.68,469.79
2026-08-08 14:44:42.843,100.0,12.0,90.0,0.0,20.7912,97.8148,21.8,1,0.25,-21.62,469.01,-16.65,469.8
2026-08-08 14:44:43.099,100.0,12.0,90.0,0.0,20.7912,97.8148,21.8,2,0.5,-21.62,469.01,-16.65,469.8
2026-08-08 14:44:43.339,100.0,12.0,90.0,0.0,20.7912,97.8148,21.8,3,0.75,-21.63,469.05,-16.65,469.84
2026-08-08 14:44:43.594,100.0,12.0,90.0,0.0,20.7912,97.8148,21.8,4,1.0,-21.63,469.05,-16.65,469.84
2026-08-08 14:44:43.834,100.0,12.0,90.0,0.0,20.7912,97.8148,21.8,5,1.25,-21.63,468.96,-16.65,469.75
2026-08-08 14:44:49.224,100.0,12.0,84.0,2.1733,20.6773,97.8148,20.5,1,0.25,-21.69,468.94,-16.72,469.73
2026-08-08 14:44:49.464,100.0,12.0,84.0,2.1733,20.6773,97.8148,20.5,2,0.5,-21.69,468.95,-16.71,469.74
2026-08-08 14:44:49.720,100.0,12.0,84.0,2.1733,20.6773,97.8148,20.5,3,0.75,-21.69,468.95,-16.71,469.74
2026-08-08 14:44:49.959,100.0,12.0,84.0,2.1733,20.6773,97.8148,20.5,4,1.0,-21.7,468.94,-16.71,469.73
2026-08-08 14:44:50.215,100.0,12.0,84.0,2.1733,20.6773,97.8148,20.5,5,1.25,-21.7,468.94,-16.71,469.73
2026-08-08 14:44:53.334,100.0,12.0,78.0,4.3227,20.3368,97.8148,19.3,1,0.25,-21.81,468.88,-16.72,469.68
2026-08-08 14:44:55.845,100.0,12.0,78.0,4.3227,20.3368,97.8148,19.3,2,0.5,-21.8,468.9,-16.73,469.7
2026-08-08 14:44:56.085,100.0,12.0,78.0,4.3227,20.3368,97.8148,19.3,3,0.75,-21.79,468.91,-16.73,469.71
2026-08-08 14:44:58.595,100.0,12.0,78.0,4.3227,20.3368,97.8148,19.3,4,1.0,-21.79,468.91,-16.73,469.71
2026-08-08 14:44:58.835,100.0,12.0,78.0,4.3227,20.3368,97.8148,19.3,5,1.25,-21.8,468.88,-16.73,469.68
2026-08-08 14:45:01.970,100.0,12.0,72.0,6.4248,19.7736,97.8148,19.3,1,0.25,-21.68,468.87,-16.65,469.66
2026-08-08 14:45:02.210,100.0,12.0,72.0,6.4248,19.7736,97.8148,19.3,2,0.5,-21.68,468.87,-16.65,469.66
2026-08-08 14:45:02.466,100.0,12.0,72.0,6.4248,19.7736,97.8148,19.3,3,0.75,-21.69,468.88,-16.65,469.67
2026-08-08 14:45:02.722,100.0,12.0,72.0,6.4248,19.7736,97.8148,19.3,4,1.0,-21.69,468.88,-16.65,469.67
2026-08-08 14:45:02.961,100.0,12.0,72.0,6.4248,19.7736,97.8148,19.3,5,1.25,-21.68,468.89,-16.65,469.68
2026-08-08 14:45:06.096,100.0,12.0,66.0,8.4565,18.9937,97.8148,18.9,1,0.25,-21.74,468.91,-16.65,469.7
2026-08-08 14:45:06.336,100.0,12.0,66.0,8.4565,18.9937,97.8148,18.9,2,0.5,-21.74,468.91,-16.65,469.7
2026-08-08 14:45:06.592,100.0,12.0,66.0,8.4565,18.9937,97.8148,18.9,3,0.75,-21.74,468.93,-16.66,469.72
2026-08-08 14:45:06.848,100.0,12.0,66.0,8.4565,18.9937,97.8148,18.9,4,1.0,-21.74,468.93,-16.66,469.72
2026-08-08 14:45:07.088,100.0,12.0,66.0,8.4565,18.9937,97.8148,18.9,5,1.25,-21.75,468.89,-16.66,469.68
2026-08-08 14:45:10.222,100.0,12.0,60.0,10.3956,18.0057,97.8148,19.5,1,0.25,-21.67,468.83,-16.69,469.62
2026-08-08 14:45:10.462,100.0,12.0,60.0,10.3956,18.0057,97.8148,19.5,2,0.5,-21.67,468.83,-16.69,469.62
2026-08-08 14:45:10.718,100.0,12.0,60.0,10.3956,18.0057,97.8148,19.5,3,0.75,-21.67,468.78,-16.67,469.57
2026-08-08 14:45:10.974,100.0,12.0,60.0,10.3956,18.0057,97.8148,19.5,4,1.0,-21.67,468.78,-16.67,469.57
2026-08-08 14:45:11.214,100.0,12.0,60.0,10.3956,18.0057,97.8148,19.5,5,1.25,-21.67,468.78,-16.67,469.57
2026-08-08 14:45:14.348,100.0,12.0,54.0,12.2207,16.8204,97.8148,20.0,1,0.25,-21.68,468.75,-16.78,469.55
2026-08-08 14:45:14.588,100.0,12.0,54.0,12.2207,16.8204,97.8148,20.0,2,0.5,-21.65,468.78,-16.79,469.57
2026-08-08 14:45:14.844,100.0,12.0,54.0,12.2207,16.8204,97.8148,20.0,3,0.75,-21.65,468.78,-16.79,469.57
2026-08-08 14:45:15.084,100.0,12.0,54.0,12.2207,16.8204,97.8148,20.0,4,1.0,-21.66,468.79,-16.8,469.59
2026-08-08 14:45:17.595,100.0,12.0,54.0,12.2207,16.8204,97.8148,20.0,5,1.25,-21.66,468.83,-16.79,469.63
2026-08-08 14:45:20.585,100.0,12.0,48.0,13.912,15.4508,97.8148,20.5,1,0.25,-21.72,468.83,-16.75,469.63
2026-08-08 14:45:20.841,100.0,12.0,48.0,13.912,15.4508,97.8148,20.5,2,0.5,-21.72,468.83,-16.75,469.63
2026-08-08 14:45:21.097,100.0,12.0,48.0,13.912,15.4508,97.8148,20.5,3,0.75,-21.72,468.83,-16.75,469.63
2026-08-08 14:45:21.337,100.0,12.0,48.0,13.912,15.4508,97.8148,20.5,4,1.0,-21.72,468.83,-16.75,469.63
2026-08-08 14:45:21.593,100.0,12.0,48.0,13.912,15.4508,97.8148,20.5,5,1.25,-21.72,468.83,-16.75,469.63
2026-08-08 14:45:24.599,100.0,12.0,42.0,15.4508,13.912,97.8148,19.7,1,0.25,-21.67,468.77,-16.77,469.57
2026-08-08 14:45:24.839,100.0,12.0,42.0,15.4508,13.912,97.8148,19.7,2,0.5,-21.67,468.81,-16.78,469.61
2026-08-08 14:45:25.095,100.0,12.0,42.0,15.4508,13.912,97.8148,19.7,3,0.75,-21.67,468.81,-16.78,469.61
2026-08-08 14:45:25.335,100.0,12.0,42.0,15.4508,13.912,97.8148,19.7,4,1.0,-21.67,468.78,-16.78,469.58
2026-08-08 14:45:25.591,100.0,12.0,42.0,15.4508,13.912,97.8148,19.7,5,1.25,-21.67,468.78,-16.78,469.58
2026-08-08 14:45:28.710,100.0,12.0,36.0,16.8204,12.2207,97.8148,19.5,1,0.25,-21.59,468.75,-16.85,469.54
2026-08-08 14:45:28.965,100.0,12.0,36.0,16.8204,12.2207,97.8148,19.5,2,0.5,-21.6,468.73,-16.86,469.53
2026-08-08 14:45:29.221,100.0,12.0,36.0,16.8204,12.2207,97.8148,19.5,3,0.75,-21.6,468.73,-16.86,469.53
2026-08-08 14:45:29.461,100.0,12.0,36.0,16.8204,12.2207,97.8148,19.5,4,1.0,-21.61,468.76,-16.86,469.56
2026-08-08 14:45:29.717,100.0,12.0,36.0,16.8204,12.2207,97.8148,19.5,5,1.25,-21.61,468.76,-16.86,469.56
2026-08-08 14:45:32.836,100.0,12.0,30.0,18.0057,10.3956,97.8148,19.3,1,0.25,-21.7,468.73,-16.75,469.53
2026-08-08 14:45:33.092,100.0,12.0,30.0,18.0057,10.3956,97.8148,19.3,2,0.5,-21.7,468.73,-16.75,469.53
2026-08-08 14:45:33.347,100.0,12.0,30.0,18.0057,10.3956,97.8148,19.3,3,0.75,-21.7,468.73,-16.74,469.53
2026-08-08 14:45:33.587,100.0,12.0,30.0,18.0057,10.3956,97.8148,19.3,4,1.0,-21.7,468.73,-16.74,469.53
2026-08-08 14:45:33.843,100.0,12.0,30.0,18.0057,10.3956,97.8148,19.3,5,1.25,-21.69,468.71,-16.75,469.51
2026-08-08 14:45:36.962,100.0,12.0,24.0,18.9937,8.4565,97.8148,20.0,1,0.25,-21.71,468.72,-16.81,469.52
2026-08-08 14:45:37.218,100.0,12.0,24.0,18.9937,8.4565,97.8148,20.0,2,0.5,-21.71,468.72,-16.81,469.52
2026-08-08 14:45:37.474,100.0,12.0,24.0,18.9937,8.4565,97.8148,20.0,3,0.75,-21.7,468.72,-16.82,469.52
2026-08-08 14:45:37.713,100.0,12.0,24.0,18.9937,8.4565,97.8148,20.0,4,1.0,-21.7,468.72,-16.82,469.52
2026-08-08 14:45:37.969,100.0,12.0,24.0,18.9937,8.4565,97.8148,20.0,5,1.25,-21.71,468.74,-16.82,469.54
2026-08-08 14:45:41.088,100.0,12.0,18.0,19.7736,6.4248,97.8148,21.0,1,0.25,-21.68,468.74,-16.75,469.53
2026-08-08 14:45:41.344,100.0,12.0,18.0,19.7736,6.4248,97.8148,21.0,2,0.5,-21.68,468.74,-16.75,469.53
2026-08-08 14:45:41.584,100.0,12.0,18.0,19.7736,6.4248,97.8148,21.0,3,0.75,-21.66,468.74,-16.75,469.53
2026-08-08 14:45:44.094,100.0,12.0,18.0,19.7736,6.4248,97.8148,21.0,4,1.0,-21.65,468.71,-16.75,469.5
2026-08-08 14:45:44.334,100.0,12.0,18.0,19.7736,6.4248,97.8148,21.0,5,1.25,-21.67,468.73,-16.75,469.52
2026-08-08 14:45:49.724,100.0,12.0,12.0,20.3368,4.3227,97.8148,20.4,1,0.25,-21.63,468.77,-16.83,469.57
2026-08-08 14:45:49.964,100.0,12.0,12.0,20.3368,4.3227,97.8148,20.4,2,0.5,-21.63,468.77,-16.82,469.57
2026-08-08 14:45:50.220,100.0,12.0,12.0,20.3368,4.3227,97.8148,20.4,3,0.75,-21.63,468.77,-16.82,469.57
2026-08-08 14:45:50.460,100.0,12.0,12.0,20.3368,4.3227,97.8148,20.4,4,1.0,-21.62,468.76,-16.82,469.55
2026-08-08 14:45:50.715,100.0,12.0,12.0,20.3368,4.3227,97.8148,20.4,5,1.25,-21.62,468.76,-16.82,469.55
2026-08-08 14:45:53.834,100.0,12.0,6.0,20.6773,2.1733,97.8148,19.1,1,0.25,-21.45,468.7,-16.76,469.48
2026-08-08 14:45:56.345,100.0,12.0,6.0,20.6773,2.1733,97.8148,19.1,2,0.5,-21.45,468.7,-16.76,469.48
2026-08-08 14:45:56.585,100.0,12.0,6.0,20.6773,2.1733,97.8148,19.1,3,0.75,-21.43,468.67,-16.76,469.45
2026-08-08 14:45:59.096,100.0,12.0,6.0,20.6773,2.1733,97.8148,19.1,4,1.0,-21.43,468.67,-16.76,469.45
2026-08-08 14:45:59.335,100.0,12.0,6.0,20.6773,2.1733,97.8148,19.1,5,1.25,-21.45,468.74,-16.75,469.52
2026-08-08 14:46:02.470,100.0,12.0,0.0,20.7912,0.0,97.8148,20.2,1,0.25,-21.3,468.7,-16.75,469.48
2026-08-08 14:46:02.710,100.0,12.0,0.0,20.7912,0.0,97.8148,20.2,2,0.5,-21.3,468.7,-16.75,469.48
2026-08-08 14:46:02.966,100.0,12.0,0.0,20.7912,0.0,97.8148,20.2,3,0.75,-21.29,468.77,-16.74,469.55
2026-08-08 14:46:03.222,100.0,12.0,0.0,20.7912,0.0,97.8148,20.2,4,1.0,-21.29,468.77,-16.74,469.55
2026-08-08 14:46:03.461,100.0,12.0,0.0,20.7912,0.0,97.8148,20.2,5,1.25,-21.3,468.75,-16.74,469.53
2026-08-08 14:46:07.348,100.0,18.0,0.0,30.9017,0.0,95.1057,18.7,1,0.25,-21.37,468.54,-16.87,469.33
2026-08-08 14:46:07.588,100.0,18.0,0.0,30.9017,0.0,95.1057,18.7,2,0.5,-21.4,468.56,-16.88,469.35
2026-08-08 14:46:07.844,100.0,18.0,0.0,30.9017,0.0,95.1057,18.7,3,0.75,-21.4,468.56,-16.88,469.35
2026-08-08 14:46:08.083,100.0,18.0,0.0,30.9017,0.0,95.1057,18.7,4,1.0,-21.38,468.54,-16.87,469.33
2026-08-08 14:46:10.594,100.0,18.0,0.0,30.9017,0.0,95.1057,18.7,5,1.25,-21.37,468.54,-16.87,469.33
2026-08-08 14:46:13.841,100.0,18.0,6.0,30.7324,3.2301,95.1057,20.3,1,0.25,-21.53,468.45,-16.82,469.24
2026-08-08 14:46:14.097,100.0,18.0,6.0,30.7324,3.2301,95.1057,20.3,2,0.5,-21.53,468.45,-16.82,469.24
2026-08-08 14:46:14.337,100.0,18.0,6.0,30.7324,3.2301,95.1057,20.3,3,0.75,-21.54,468.44,-16.82,469.23
2026-08-08 14:46:14.592,100.0,18.0,6.0,30.7324,3.2301,95.1057,20.3,4,1.0,-21.54,468.44,-16.82,469.23
2026-08-08 14:46:14.848,100.0,18.0,6.0,30.7324,3.2301,95.1057,20.3,5,1.25,-21.53,468.45,-16.82,469.24
2026-08-08 14:46:18.095,100.0,18.0,12.0,30.2264,6.4248,95.1057,20.4,1,0.25,-21.48,468.36,-16.77,469.15
2026-08-08 14:46:18.335,100.0,18.0,12.0,30.2264,6.4248,95.1057,20.4,2,0.5,-21.48,468.41,-16.76,469.2
2026-08-08 14:46:20.846,100.0,18.0,12.0,30.2264,6.4248,95.1057,20.4,3,0.75,-21.48,468.41,-16.76,469.2
2026-08-08 14:46:21.085,100.0,18.0,12.0,30.2264,6.4248,95.1057,20.4,4,1.0,-21.48,468.38,-16.75,469.17
2026-08-08 14:46:21.341,100.0,18.0,12.0,30.2264,6.4248,95.1057,20.4,5,1.25,-21.48,468.38,-16.75,469.17
2026-08-08 14:46:24.588,100.0,18.0,18.0,29.3893,9.5492,95.1057,20.1,1,0.25,-21.29,468.45,-16.76,469.23
2026-08-08 14:46:24.844,100.0,18.0,18.0,29.3893,9.5492,95.1057,20.1,2,0.5,-21.3,468.46,-16.74,469.24
2026-08-08 14:46:25.084,100.0,18.0,18.0,29.3893,9.5492,95.1057,20.1,3,0.75,-21.29,468.38,-16.77,469.16
2026-08-08 14:46:27.594,100.0,18.0,18.0,29.3893,9.5492,95.1057,20.1,4,1.0,-21.29,468.38,-16.77,469.16
2026-08-08 14:46:27.834,100.0,18.0,18.0,29.3893,9.5492,95.1057,20.1,5,1.25,-21.3,468.46,-16.76,469.24
2026-08-08 14:46:33.336,100.0,18.0,24.0,28.2301,12.5689,95.1057,20.1,1,0.25,-21.55,468.44,-16.89,469.23
2026-08-08 14:46:33.592,100.0,18.0,24.0,28.2301,12.5689,95.1057,20.1,2,0.5,-21.56,468.48,-16.88,469.27
2026-08-08 14:46:33.848,100.0,18.0,24.0,28.2301,12.5689,95.1057,20.1,3,0.75,-21.56,468.48,-16.88,469.27
2026-08-08 14:46:34.087,100.0,18.0,24.0,28.2301,12.5689,95.1057,20.1,4,1.0,-21.55,468.43,-16.88,469.22
2026-08-08 14:46:34.343,100.0,18.0,24.0,28.2301,12.5689,95.1057,20.1,5,1.25,-21.55,468.43,-16.88,469.22
2026-08-08 14:46:37.590,100.0,18.0,30.0,26.7617,15.4508,95.1057,19.9,1,0.25,-21.64,468.46,-16.84,469.26
2026-08-08 14:46:37.846,100.0,18.0,30.0,26.7617,15.4508,95.1057,19.9,2,0.5,-21.64,468.52,-16.83,469.32
2026-08-08 14:46:38.086,100.0,18.0,30.0,26.7617,15.4508,95.1057,19.9,3,0.75,-21.64,468.52,-16.83,469.32
2026-08-08 14:46:38.342,100.0,18.0,30.0,26.7617,15.4508,95.1057,19.9,4,1.0,-21.64,468.52,-16.83,469.32
2026-08-08 14:46:38.597,100.0,18.0,30.0,26.7617,15.4508,95.1057,19.9,5,1.25,-21.64,468.52,-16.83,469.32
2026-08-08 14:46:41.716,100.0,18.0,36.0,25.0,18.1636,95.1057,20.3,1,0.25,-21.7,468.58,-16.76,469.38
2026-08-08 14:46:41.972,100.0,18.0,36.0,25.0,18.1636,95.1057,20.3,2,0.5,-21.7,468.53,-16.75,469.33
2026-08-08 14:46:42.212,100.0,18.0,36.0,25.0,18.1636,95.1057,20.3,3,0.75,-21.7,468.53,-16.75,469.33
2026-08-08 14:46:42.468,100.0,18.0,36.0,25.0,18.1636,95.1057,20.3,4,1.0,-21.69,468.49,-16.76,469.29
2026-08-08 14:46:42.723,100.0,18.0,36.0,25.0,18.1636,95.1057,20.3,5,1.25,-21.69,468.49,-16.76,469.29
2026-08-08 14:46:45.842,100.0,18.0,42.0,22.9644,20.6773,95.1057,20.2,1,0.25,-21.93,468.61,-16.85,469.42
2026-08-08 14:46:46.098,100.0,18.0,42.0,22.9644,20.6773,95.1057,20.2,2,0.5,-21.9,468.58,-16.86,469.39
2026-08-08 14:46:46.338,100.0,18.0,42.0,22.9644,20.6773,95.1057,20.2,3,0.75,-21.9,468.58,-16.86,469.39
2026-08-08 14:46:46.594,100.0,18.0,42.0,22.9644,20.6773,95.1057,20.2,4,1.0,-21.9,468.63,-16.85,469.44
2026-08-08 14:46:46.834,100.0,18.0,42.0,22.9644,20.6773,95.1057,20.2,5,1.25,-21.89,468.56,-16.85,469.37
2026-08-08 14:46:52.223,100.0,18.0,48.0,20.6773,22.9644,95.1057,19.5,1,0.25,-22.03,468.66,-16.68,469.47
2026-08-08 14:46:52.463,100.0,18.0,48.0,20.6773,22.9644,95.1057,19.5,2,0.5,-22.03,468.66,-16.68,469.47
2026-08-08 14:46:52.719,100.0,18.0,48.0,20.6773,22.9644,95.1057,19.5,3,0.75,-22.05,468.7,-16.68,469.51
2026-08-08 14:46:52.959,100.0,18.0,48.0,20.6773,22.9644,95.1057,19.5,4,1.0,-22.05,468.7,-16.68,469.51
2026-08-08 14:46:53.215,100.0,18.0,48.0,20.6773,22.9644,95.1057,19.5,5,1.25,-22.05,468.7,-16.68,469.51
2026-08-08 14:46:56.333,100.0,18.0,54.0,18.1636,25.0,95.1057,20.6,1,0.25,-21.88,468.73,-16.76,469.53
2026-08-08 14:46:58.844,100.0,18.0,54.0,18.1636,25.0,95.1057,20.6,2,0.5,-21.88,468.73,-16.76,469.53
2026-08-08 14:46:59.084,100.0,18.0,54.0,18.1636,25.0,95.1057,20.6,3,0.75,-21.88,468.67,-16.75,469.47
2026-08-08 14:47:01.595,100.0,18.0,54.0,18.1636,25.0,95.1057,20.6,4,1.0,-21.87,468.68,-16.76,469.48
2026-08-08 14:47:01.835,100.0,18.0,54.0,18.1636,25.0,95.1057,20.6,5,1.25,-21.87,468.68,-16.76,469.48
2026-08-08 14:47:04.969,100.0,18.0,60.0,15.4508,26.7617,95.1057,19.9,1,0.25,-22.06,468.74,-16.64,469.55
2026-08-08 14:47:05.209,100.0,18.0,60.0,15.4508,26.7617,95.1057,19.9,2,0.5,-22.06,468.74,-16.65,469.55
2026-08-08 14:47:05.465,100.0,18.0,60.0,15.4508,26.7617,95.1057,19.9,3,0.75,-22.06,468.74,-16.65,469.55
2026-08-08 14:47:05.721,100.0,18.0,60.0,15.4508,26.7617,95.1057,19.9,4,1.0,-22.06,468.71,-16.66,469.52
2026-08-08 14:47:05.961,100.0,18.0,60.0,15.4508,26.7617,95.1057,19.9,5,1.25,-22.06,468.71,-16.66,469.52
2026-08-08 14:47:09.095,100.0,18.0,66.0,12.5689,28.2301,95.1057,19.7,1,0.25,-22.04,468.77,-16.68,469.58
2026-08-08 14:47:09.335,100.0,18.0,66.0,12.5689,28.2301,95.1057,19.7,2,0.5,-22.03,468.77,-16.66,469.58
2026-08-08 14:47:09.591,100.0,18.0,66.0,12.5689,28.2301,95.1057,19.7,3,0.75,-22.03,468.77,-16.66,469.58
2026-08-08 14:47:09.847,100.0,18.0,66.0,12.5689,28.2301,95.1057,19.7,4,1.0,-22.03,468.77,-16.66,469.58
2026-08-08 14:47:10.087,100.0,18.0,66.0,12.5689,28.2301,95.1057,19.7,5,1.25,-22.04,468.76,-16.67,469.57
2026-08-08 14:47:13.333,100.0,18.0,72.0,9.5492,29.3893,95.1057,19.3,1,0.25,-22.01,468.92,-16.62,469.73
2026-08-08 14:47:15.844,100.0,18.0,72.0,9.5492,29.3893,95.1057,19.3,2,0.5,-22.01,468.92,-16.62,469.73
2026-08-08 14:47:16.084,100.0,18.0,72.0,9.5492,29.3893,95.1057,19.3,3,0.75,-22.01,468.87,-16.61,469.68
2026-08-08 14:47:18.595,100.0,18.0,72.0,9.5492,29.3893,95.1057,19.3,4,1.0,-22.01,468.87,-16.61,469.68
2026-08-08 14:47:18.835,100.0,18.0,72.0,9.5492,29.3893,95.1057,19.3,5,1.25,-22.02,468.91,-16.61,469.72
2026-08-08 14:47:22.097,100.0,18.0,78.0,6.4248,30.2264,95.1057,19.9,1,0.25,-21.98,469.06,-16.55,469.86
2026-08-08 14:47:22.337,100.0,18.0,78.0,6.4248,30.2264,95.1057,19.9,2,0.5,-21.98,469.01,-16.54,469.81
2026-08-08 14:47:22.593,100.0,18.0,78.0,6.4248,30.2264,95.1057,19.9,3,0.75,-21.98,469.01,-16.54,469.81
2026-08-08 14:47:22.833,100.0,18.0,78.0,6.4248,30.2264,95.1057,19.9,4,1.0,-21.96,468.97,-16.56,469.77
2026-08-08 14:47:25.344,100.0,18.0,78.0,6.4248,30.2264,95.1057,19.9,5,1.25,-21.96,468.97,-16.56,469.77
2026-08-08 14:47:28.590,100.0,18.0,84.0,3.2301,30.7324,95.1057,20.1,1,0.25,-21.85,468.94,-16.42,469.73
2026-08-08 14:47:28.846,100.0,18.0,84.0,3.2301,30.7324,95.1057,20.1,2,0.5,-21.85,468.94,-16.42,469.73
2026-08-08 14:47:29.086,100.0,18.0,84.0,3.2301,30.7324,95.1057,20.1,3,0.75,-21.85,468.96,-16.41,469.75
2026-08-08 14:47:29.342,100.0,18.0,84.0,3.2301,30.7324,95.1057,20.1,4,1.0,-21.85,468.96,-16.41,469.75
2026-08-08 14:47:29.598,100.0,18.0,84.0,3.2301,30.7324,95.1057,20.1,5,1.25,-21.85,468.96,-16.41,469.75
2026-08-08 14:47:32.844,100.0,18.0,90.0,0.0,30.9017,95.1057,20.7,1,0.25,-21.94,469.07,-16.4,469.86
2026-08-08 14:47:33.084,100.0,18.0,90.0,0.0,30.9017,95.1057,20.7,2,0.5,-21.94,469.07,-16.4,469.86
2026-08-08 14:47:33.340,100.0,18.0,90.0,0.0,30.9017,95.1057,20.7,3,0.75,-21.93,469.1,-16.41,469.89
2026-08-08 14:47:33.596,100.0,18.0,90.0,0.0,30.9017,95.1057,20.7,4,1.0,-21.93,469.1,-16.41,469.89
2026-08-08 14:47:33.836,100.0,18.0,90.0,0.0,30.9017,95.1057,20.7,5,1.25,-21.93,469.11,-16.42,469.9
2026-08-08 14:47:37.098,100.0,18.0,96.0,-3.2301,30.7324,95.1057,19.3,1,0.25,-21.91,469.14,-16.32,469.93
2026-08-08 14:47:37.338,100.0,18.0,96.0,-3.2301,30.7324,95.1057,19.3,2,0.5,-21.91,469.14,-16.32,469.93
2026-08-08 14:47:37.594,100.0,18.0,96.0,-3.2301,30.7324,95.1057,19.3,3,0.75,-21.92,469.11,-16.31,469.9
2026-08-08 14:47:37.834,100.0,18.0,96.0,-3.2301,30.7324,95.1057,19.3,4,1.0,-21.91,469.1,-16.32,469.89
2026-08-08 14:47:40.345,100.0,18.0,96.0,-3.2301,30.7324,95.1057,19.3,5,1.25,-21.91,469.1,-16.32,469.89
2026-08-08 14:47:43.592,100.0,18.0,102.0,-6.4248,30.2264,95.1057,19.6,1,0.25,-21.74,469.11,-16.31,469.89
2026-08-08 14:47:43.847,100.0,18.0,102.0,-6.4248,30.2264,95.1057,19.6,2,0.5,-21.75,469.07,-16.31,469.85
2026-08-08 14:47:44.087,100.0,18.0,102.0,-6.4248,30.2264,95.1057,19.6,3,0.75,-21.75,469.07,-16.31,469.85
2026-08-08 14:47:44.343,100.0,18.0,102.0,-6.4248,30.2264,95.1057,19.6,4,1.0,-21.76,469.06,-16.31,469.84
2026-08-08 14:47:44.583,100.0,18.0,102.0,-6.4248,30.2264,95.1057,19.6,5,1.25,-21.74,469.04,-16.3,469.82
2026-08-08 14:47:50.085,100.0,18.0,108.0,-9.5492,29.3893,95.1057,18.8,1,0.25,-21.92,469.09,-16.27,469.88
2026-08-08 14:47:50.341,100.0,18.0,108.0,-9.5492,29.3893,95.1057,18.8,2,0.5,-21.92,469.09,-16.27,469.88
2026-08-08 14:47:50.596,100.0,18.0,108.0,-9.5492,29.3893,95.1057,18.8,3,0.75,-21.9,469.06,-16.28,469.85
2026-08-08 14:47:50.836,100.0,18.0,108.0,-9.5492,29.3893,95.1057,18.8,4,1.0,-21.9,469.06,-16.28,469.85
2026-08-08 14:47:51.092,100.0,18.0,108.0,-9.5492,29.3893,95.1057,18.8,5,1.25,-21.89,469.09,-16.28,469.88
2026-08-08 14:47:54.339,100.0,18.0,114.0,-12.5689,28.2301,95.1057,19.4,1,0.25,-21.78,469.1,-16.26,469.88
2026-08-08 14:47:54.595,100.0,18.0,114.0,-12.5689,28.2301,95.1057,19.4,2,0.5,-21.79,469.1,-16.26,469.88
2026-08-08 14:47:54.834,100.0,18.0,114.0,-12.5689,28.2301,95.1057,19.4,3,0.75,-21.79,469.1,-16.26,469.88
2026-08-08 14:47:55.090,100.0,18.0,114.0,-12.5689,28.2301,95.1057,19.4,4,1.0,-21.77,469.13,-16.28,469.91
2026-08-08 14:47:55.346,100.0,18.0,114.0,-12.5689,28.2301,95.1057,19.4,5,1.25,-21.77,469.13,-16.28,469.91
2026-08-08 14:47:58.465,100.0,18.0,120.0,-15.4508,26.7617,95.1057,19.5,1,0.25,-21.69,469.15,-16.08,469.92
2026-08-08 14:47:58.721,100.0,18.0,120.0,-15.4508,26.7617,95.1057,19.5,2,0.5,-21.69,469.15,-16.08,469.92
2026-08-08 14:47:58.961,100.0,18.0,120.0,-15.4508,26.7617,95.1057,19.5,3,0.75,-21.69,469.08,-16.09,469.85
2026-08-08 14:47:59.216,100.0,18.0,120.0,-15.4508,26.7617,95.1057,19.5,4,1.0,-21.69,469.08,-16.09,469.85
2026-08-08 14:47:59.472,100.0,18.0,120.0,-15.4508,26.7617,95.1057,19.5,5,1.25,-21.71,469.16,-16.1,469.93
2026-08-08 14:48:02.591,100.0,18.0,126.0,-18.1636,25.0,95.1057,20.9,1,0.25,-21.79,469.11,-16.13,469.89
2026-08-08 14:48:02.847,100.0,18.0,126.0,-18.1636,25.0,95.1057,20.9,2,0.5,-21.79,469.11,-16.13,469.89
2026-08-08 14:48:03.087,100.0,18.0,126.0,-18.1636,25.0,95.1057,20.9,3,0.75,-21.78,469.15,-16.14,469.93
2026-08-08 14:48:03.343,100.0,18.0,126.0,-18.1636,25.0,95.1057,20.9,4,1.0,-21.78,469.15,-16.14,469.93
2026-08-08 14:48:03.598,100.0,18.0,126.0,-18.1636,25.0,95.1057,20.9,5,1.25,-21.79,469.15,-16.13,469.93
2026-08-08 14:48:06.717,100.0,18.0,132.0,-20.6773,22.9644,95.1057,20.5,1,0.25,-21.74,469.08,-16.01,469.85
2026-08-08 14:48:06.973,100.0,18.0,132.0,-20.6773,22.9644,95.1057,20.5,2,0.5,-21.74,469.08,-16.01,469.85
2026-08-08 14:48:07.213,100.0,18.0,132.0,-20.6773,22.9644,95.1057,20.5,3,0.75,-21.73,469.07,-16.0,469.84
2026-08-08 14:48:07.469,100.0,18.0,132.0,-20.6773,22.9644,95.1057,20.5,4,1.0,-21.73,469.07,-16.0,469.84
2026-08-08 14:48:07.708,100.0,18.0,132.0,-20.6773,22.9644,95.1057,20.5,5,1.25,-21.74,469.1,-15.99,469.87
2026-08-08 14:48:10.843,100.0,18.0,138.0,-22.9644,20.6773,95.1057,19.8,1,0.25,-21.65,469.04,-16.03,469.81
2026-08-08 14:48:11.083,100.0,18.0,138.0,-22.9644,20.6773,95.1057,19.8,2,0.5,-21.66,469.05,-16.03,469.82
2026-08-08 14:48:13.594,100.0,18.0,138.0,-22.9644,20.6773,95.1057,19.8,3,0.75,-21.66,469.05,-16.03,469.82
2026-08-08 14:48:13.834,100.0,18.0,138.0,-22.9644,20.6773,95.1057,19.8,4,1.0,-21.66,469.05,-16.05,469.82
2026-08-08 14:48:16.345,100.0,18.0,138.0,-22.9644,20.6773,95.1057,19.8,5,1.25,-21.66,469.05,-16.05,469.82
2026-08-08 14:48:19.463,100.0,18.0,144.0,-25.0,18.1636,95.1057,20.0,1,0.25,-21.69,469.12,-16.0,469.89
2026-08-08 14:48:19.719,100.0,18.0,144.0,-25.0,18.1636,95.1057,20.0,2,0.5,-21.69,469.05,-16.0,469.82
2026-08-08 14:48:19.959,100.0,18.0,144.0,-25.0,18.1636,95.1057,20.0,3,0.75,-21.69,469.05,-16.0,469.82
2026-08-08 14:48:20.215,100.0,18.0,144.0,-25.0,18.1636,95.1057,20.0,4,1.0,-21.69,469.07,-16.01,469.84
2026-08-08 14:48:20.471,100.0,18.0,144.0,-25.0,18.1636,95.1057,20.0,5,1.25,-21.69,469.07,-16.01,469.84
2026-08-08 14:48:23.589,100.0,18.0,150.0,-26.7617,15.4508,95.1057,19.5,1,0.25,-21.67,469.07,-16.03,469.84
2026-08-08 14:48:23.845,100.0,18.0,150.0,-26.7617,15.4508,95.1057,19.5,2,0.5,-21.67,469.03,-16.02,469.8
2026-08-08 14:48:24.085,100.0,18.0,150.0,-26.7617,15.4508,95.1057,19.5,3,0.75,-21.67,469.03,-16.02,469.8
2026-08-08 14:48:24.341,100.0,18.0,150.0,-26.7617,15.4508,95.1057,19.5,4,1.0,-21.66,469.02,-16.02,469.79
2026-08-08 14:48:24.597,100.0,18.0,150.0,-26.7617,15.4508,95.1057,19.5,5,1.25,-21.66,469.02,-16.02,469.79
2026-08-08 14:48:27.715,100.0,18.0,156.0,-28.2301,12.5689,95.1057,19.3,1,0.25,-21.85,468.98,-16.15,469.76
2026-08-08 14:48:27.971,100.0,18.0,156.0,-28.2301,12.5689,95.1057,19.3,2,0.5,-21.87,468.99,-16.16,469.77
2026-08-08 14:48:28.211,100.0,18.0,156.0,-28.2301,12.5689,95.1057,19.3,3,0.75,-21.87,468.99,-16.16,469.77
2026-08-08 14:48:28.467,100.0,18.0,156.0,-28.2301,12.5689,95.1057,19.3,4,1.0,-21.87,468.99,-16.15,469.77
2026-08-08 14:48:28.723,100.0,18.0,156.0,-28.2301,12.5689,95.1057,19.3,5,1.25,-21.87,468.99,-16.15,469.77
2026-08-08 14:48:31.969,100.0,18.0,162.0,-29.3893,9.5492,95.1057,19.2,1,0.25,-21.9,468.88,-15.98,469.66
2026-08-08 14:48:32.209,100.0,18.0,162.0,-29.3893,9.5492,95.1057,19.2,2,0.5,-21.91,468.92,-15.98,469.7
2026-08-08 14:48:32.465,100.0,18.0,162.0,-29.3893,9.5492,95.1057,19.2,3,0.75,-21.91,468.92,-15.98,469.7
2026-08-08 14:48:32.721,100.0,18.0,162.0,-29.3893,9.5492,95.1057,19.2,4,1.0,-21.89,468.95,-16.0,469.73
2026-08-08 14:48:32.961,100.0,18.0,162.0,-29.3893,9.5492,95.1057,19.2,5,1.25,-21.89,468.95,-16.0,469.73
2026-08-08 14:48:36.223,100.0,18.0,168.0,-30.2264,6.4248,95.1057,19.3,1,0.25,-21.64,468.89,-15.89,469.65
2026-08-08 14:48:36.463,100.0,18.0,168.0,-30.2264,6.4248,95.1057,19.3,2,0.5,-21.64,468.89,-15.89,469.65
2026-08-08 14:48:36.719,100.0,18.0,168.0,-30.2264,6.4248,95.1057,19.3,3,0.75,-21.64,468.89,-15.89,469.65
2026-08-08 14:48:36.959,100.0,18.0,168.0,-30.2264,6.4248,95.1057,19.3,4,1.0,-21.64,468.88,-15.9,469.64
2026-08-08 14:48:37.215,100.0,18.0,168.0,-30.2264,6.4248,95.1057,19.3,5,1.25,-21.64,468.88,-15.9,469.64
2026-08-08 14:48:40.461,100.0,18.0,174.0,-30.7324,3.2301,95.1057,19.5,1,0.25,-21.86,468.9,-16.04,469.68
2026-08-08 14:48:40.717,100.0,18.0,174.0,-30.7324,3.2301,95.1057,19.5,2,0.5,-21.86,468.9,-16.04,469.68
2026-08-08 14:48:40.973,100.0,18.0,174.0,-30.7324,3.2301,95.1057,19.5,3,0.75,-21.86,468.86,-16.01,469.64
2026-08-08 14:48:41.213,100.0,18.0,174.0,-30.7324,3.2301,95.1057,19.5,4,1.0,-21.86,468.86,-16.01,469.64
2026-08-08 14:48:41.469,100.0,18.0,174.0,-30.7324,3.2301,95.1057,19.5,5,1.25,-21.88,468.88,-16.01,469.66
2026-08-08 14:48:44.715,100.0,18.0,180.0,-30.9017,0.0,95.1057,20.5,1,0.25,-22.0,468.92,-16.06,469.71
2026-08-08 14:48:44.971,100.0,18.0,180.0,-30.9017,0.0,95.1057,20.5,2,0.5,-22.0,468.92,-16.06,469.71
2026-08-08 14:48:45.211,100.0,18.0,180.0,-30.9017,0.0,95.1057,20.5,3,0.75,-22.0,468.94,-16.07,469.73
2026-08-08 14:48:45.467,100.0,18.0,180.0,-30.9017,0.0,95.1057,20.5,4,1.0,-22.0,468.94,-16.07,469.73
2026-08-08 14:48:45.723,100.0,18.0,180.0,-30.9017,0.0,95.1057,20.5,5,1.25,-22.02,468.92,-16.08,469.71
2026-08-08 14:48:48.969,100.0,18.0,186.0,-30.7324,-3.2301,95.1057,19.6,1,0.25,-21.89,468.94,-16.14,469.72
2026-08-08 14:48:49.209,100.0,18.0,186.0,-30.7324,-3.2301,95.1057,19.6,2,0.5,-21.89,468.94,-16.13,469.72
2026-08-08 14:48:49.465,100.0,18.0,186.0,-30.7324,-3.2301,95.1057,19.6,3,0.75,-21.89,468.94,-16.13,469.72
2026-08-08 14:48:49.721,100.0,18.0,186.0,-30.7324,-3.2301,95.1057,19.6,4,1.0,-21.89,468.94,-16.13,469.72
2026-08-08 14:48:49.961,100.0,18.0,186.0,-30.7324,-3.2301,95.1057,19.6,5,1.25,-21.9,468.93,-16.13,469.71
2026-08-08 14:48:53.208,100.0,18.0,192.0,-30.2264,-6.4248,95.1057,,1,0.25,-21.9,468.98,-16.14,469.76
2026-08-08 14:48:53.463,100.0,18.0,192.0,-30.2264,-6.4248,95.1057,,2,0.5,-21.89,468.99,-16.15,469.77
2026-08-08 14:48:53.719,100.0,18.0,192.0,-30.2264,-6.4248,95.1057,,3,0.75,-21.89,468.99,-16.15,469.77
2026-08-08 14:48:53.959,100.0,18.0,192.0,-30.2264,-6.4248,95.1057,,4,1.0,-21.9,469.01,-16.15,469.79
2026-08-08 14:48:54.215,100.0,18.0,192.0,-30.2264,-6.4248,95.1057,,5,1.25,-21.9,469.01,-16.15,469.79
2026-08-08 14:48:57.462,100.0,18.0,198.0,-29.3893,-9.5492,95.1057,19.3,1,0.25,-22.02,469.09,-16.24,469.88
2026-08-08 14:48:57.718,100.0,18.0,198.0,-29.3893,-9.5492,95.1057,19.3,2,0.5,-22.02,469.09,-16.25,469.88
2026-08-08 14:48:57.973,100.0,18.0,198.0,-29.3893,-9.5492,95.1057,19.3,3,0.75,-22.02,469.09,-16.25,469.88
2026-08-08 14:48:58.213,100.0,18.0,198.0,-29.3893,-9.5492,95.1057,19.3,4,1.0,-22.02,469.09,-16.24,469.88
2026-08-08 14:48:58.469,100.0,18.0,198.0,-29.3893,-9.5492,95.1057,19.3,5,1.25,-22.02,469.09,-16.24,469.88
2026-08-08 14:49:03.580,100.0,18.0,204.0,-28.2301,-12.5689,95.1057,19.4,1,1.5,-22.01,469.06,-16.37,469.86
2026-08-08 14:49:03.715,100.0,18.0,204.0,-28.2301,-12.5689,95.1057,19.4,2,1.75,-22.01,469.06,-16.37,469.86
2026-08-08 14:49:03.971,100.0,18.0,204.0,-28.2301,-12.5689,95.1057,19.4,3,2.0,-22.01,469.04,-16.38,469.84
2026-08-08 14:49:04.211,100.0,18.0,204.0,-28.2301,-12.5689,95.1057,19.4,4,2.25,-22.01,469.04,-16.38,469.84
2026-08-08 14:49:04.467,100.0,18.0,204.0,-28.2301,-12.5689,95.1057,19.4,5,2.5,-22.01,469.08,-16.38,469.88
2026-08-08 14:49:09.580,100.0,18.0,210.0,-26.7617,-15.4508,95.1057,20.3,1,2.75,-21.85,469.11,-16.54,469.9
2026-08-08 14:49:09.712,100.0,18.0,210.0,-26.7617,-15.4508,95.1057,20.3,2,3.0,-21.86,469.02,-16.55,469.82
2026-08-08 14:49:09.968,100.0,18.0,210.0,-26.7617,-15.4508,95.1057,20.3,3,3.25,-21.86,469.02,-16.55,469.82
2026-08-08 14:49:10.208,100.0,18.0,210.0,-26.7617,-15.4508,95.1057,20.3,4,3.5,-21.87,469.03,-16.55,469.83
2026-08-08 14:49:10.464,100.0,18.0,210.0,-26.7617,-15.4508,95.1057,20.3,5,3.75,-21.87,469.03,-16.55,469.83
2026-08-08 14:49:13.598,100.0,18.0,216.0,-25.0,-18.1636,95.1057,19.7,1,0.25,-21.9,469.09,-16.57,469.89
2026-08-08 14:49:13.838,100.0,18.0,216.0,-25.0,-18.1636,95.1057,19.7,2,0.5,-21.89,469.08,-16.57,469.88
2026-08-08 14:49:14.094,100.0,18.0,216.0,-25.0,-18.1636,95.1057,19.7,3,0.75,-21.89,469.08,-16.57,469.88
2026-08-08 14:49:14.334,100.0,18.0,216.0,-25.0,-18.1636,95.1057,19.7,4,1.0,-21.88,469.1,-16.57,469.9
2026-08-08 14:49:14.590,100.0,18.0,216.0,-25.0,-18.1636,95.1057,19.7,5,1.25,-21.88,469.1,-16.57,469.9
2026-08-08 14:49:17.708,100.0,18.0,222.0,-22.9644,-20.6773,95.1057,20.1,1,0.25,-21.85,469.12,-16.69,469.92
2026-08-08 14:49:17.964,100.0,18.0,222.0,-22.9644,-20.6773,95.1057,20.1,2,0.5,-21.86,469.2,-16.69,470.0
2026-08-08 14:49:18.220,100.0,18.0,222.0,-22.9644,-20.6773,95.1057,20.1,3,0.75,-21.86,469.2,-16.69,470.0
2026-08-08 14:49:18.460,100.0,18.0,222.0,-22.9644,-20.6773,95.1057,20.1,4,1.0,-21.86,469.15,-16.69,469.95
2026-08-08 14:49:18.716,100.0,18.0,222.0,-22.9644,-20.6773,95.1057,20.1,5,1.25,-21.86,469.15,-16.69,469.95
2026-08-08 14:49:21.834,100.0,18.0,228.0,-20.6773,-22.9644,95.1057,20.3,1,0.25,-21.76,469.22,-16.72,470.02
2026-08-08 14:49:22.090,100.0,18.0,228.0,-20.6773,-22.9644,95.1057,20.3,2,0.5,-21.76,469.19,-16.72,469.99
2026-08-08 14:49:22.346,100.0,18.0,228.0,-20.6773,-22.9644,95.1057,20.3,3,0.75,-21.76,469.19,-16.72,469.99
2026-08-08 14:49:22.586,100.0,18.0,228.0,-20.6773,-22.9644,95.1057,20.3,4,1.0,-21.76,469.19,-16.73,469.99
2026-08-08 14:49:22.842,100.0,18.0,228.0,-20.6773,-22.9644,95.1057,20.3,5,1.25,-21.76,469.19,-16.73,469.99
2026-08-08 14:49:25.960,100.0,18.0,234.0,-18.1636,-25.0,95.1057,19.9,1,0.25,-22.1,469.32,-16.78,470.13
2026-08-08 14:49:26.216,100.0,18.0,234.0,-18.1636,-25.0,95.1057,19.9,2,0.5,-22.09,469.28,-16.78,470.09
2026-08-08 14:49:26.472,100.0,18.0,234.0,-18.1636,-25.0,95.1057,19.9,3,0.75,-22.09,469.28,-16.78,470.09
2026-08-08 14:49:26.712,100.0,18.0,234.0,-18.1636,-25.0,95.1057,19.9,4,1.0,-22.08,469.34,-16.79,470.15
2026-08-08 14:49:26.968,100.0,18.0,234.0,-18.1636,-25.0,95.1057,19.9,5,1.25,-22.08,469.34,-16.79,470.15
2026-08-08 14:49:30.086,100.0,18.0,240.0,-15.4508,-26.7617,95.1057,19.8,1,0.25,-21.91,469.36,-16.81,470.17
2026-08-08 14:49:30.342,100.0,18.0,240.0,-15.4508,-26.7617,95.1057,19.8,2,0.5,-21.9,469.35,-16.81,470.16
2026-08-08 14:49:30.582,100.0,18.0,240.0,-15.4508,-26.7617,95.1057,19.8,3,0.75,-21.91,469.37,-16.8,470.18
2026-08-08 14:49:33.093,100.0,18.0,240.0,-15.4508,-26.7617,95.1057,19.8,4,1.0,-21.9,469.37,-16.78,470.18
2026-08-08 14:49:33.333,100.0,18.0,240.0,-15.4508,-26.7617,95.1057,19.8,5,1.25,-21.91,469.36,-16.8,470.17
2026-08-08 14:49:38.723,100.0,18.0,246.0,-12.5689,-28.2301,95.1057,21.1,1,0.25,-21.79,469.41,-16.85,470.21
2026-08-08 14:49:38.963,100.0,18.0,246.0,-12.5689,-28.2301,95.1057,21.1,2,0.5,-21.79,469.41,-16.85,470.21
2026-08-08 14:49:39.218,100.0,18.0,246.0,-12.5689,-28.2301,95.1057,21.1,3,0.75,-21.77,469.42,-16.85,470.22
2026-08-08 14:49:39.458,100.0,18.0,246.0,-12.5689,-28.2301,95.1057,21.1,4,1.0,-21.77,469.42,-16.85,470.22
2026-08-08 14:49:39.714,100.0,18.0,246.0,-12.5689,-28.2301,95.1057,21.1,5,1.25,-21.79,469.46,-16.85,470.26
2026-08-08 14:49:42.961,100.0,18.0,252.0,-9.5492,-29.3893,95.1057,19.7,1,0.25,-21.74,469.43,-16.77,470.23
2026-08-08 14:49:43.217,100.0,18.0,252.0,-9.5492,-29.3893,95.1057,19.7,2,0.5,-21.74,469.43,-16.77,470.23
2026-08-08 14:49:43.472,100.0,18.0,252.0,-9.5492,-29.3893,95.1057,19.7,3,0.75,-21.74,469.42,-16.75,470.22
2026-08-08 14:49:43.712,100.0,18.0,252.0,-9.5492,-29.3893,95.1057,19.7,4,1.0,-21.74,469.42,-16.75,470.22
2026-08-08 14:49:43.968,100.0,18.0,252.0,-9.5492,-29.3893,95.1057,19.7,5,1.25,-21.75,469.45,-16.76,470.25
2026-08-08 14:49:47.215,100.0,18.0,258.0,-6.4248,-30.2264,95.1057,20.1,1,0.25,-21.77,469.44,-16.81,470.24
2026-08-08 14:49:47.471,100.0,18.0,258.0,-6.4248,-30.2264,95.1057,20.1,2,0.5,-21.77,469.44,-16.81,470.24
2026-08-08 14:49:47.710,100.0,18.0,258.0,-6.4248,-30.2264,95.1057,20.1,3,0.75,-21.77,469.42,-16.79,470.22
2026-08-08 14:49:47.966,100.0,18.0,258.0,-6.4248,-30.2264,95.1057,20.1,4,1.0,-21.77,469.42,-16.79,470.22
2026-08-08 14:49:48.222,100.0,18.0,258.0,-6.4248,-30.2264,95.1057,20.1,5,1.25,-21.77,469.48,-16.8,470.28
2026-08-08 14:49:51.469,100.0,18.0,264.0,-3.2301,-30.7324,95.1057,19.2,1,0.25,-21.72,469.46,-16.94,470.26
2026-08-08 14:49:51.709,100.0,18.0,264.0,-3.2301,-30.7324,95.1057,19.2,2,0.5,-21.71,469.48,-16.94,470.28
2026-08-08 14:49:51.965,100.0,18.0,264.0,-3.2301,-30.7324,95.1057,19.2,3,0.75,-21.71,469.48,-16.94,470.28
2026-08-08 14:49:52.220,100.0,18.0,264.0,-3.2301,-30.7324,95.1057,19.2,4,1.0,-21.72,469.48,-16.92,470.28
2026-08-08 14:49:52.460,100.0,18.0,264.0,-3.2301,-30.7324,95.1057,19.2,5,1.25,-21.72,469.48,-16.92,470.28
2026-08-08 14:49:55.723,100.0,18.0,270.0,-0.0,-30.9017,95.1057,19.5,1,0.25,-21.64,469.5,-16.99,470.3
2026-08-08 14:49:55.963,100.0,18.0,270.0,-0.0,-30.9017,95.1057,19.5,2,0.5,-21.63,469.5,-16.99,470.3
2026-08-08 14:49:56.219,100.0,18.0,270.0,-0.0,-30.9017,95.1057,19.5,3,0.75,-21.63,469.5,-16.99,470.3
2026-08-08 14:49:56.459,100.0,18.0,270.0,-0.0,-30.9017,95.1057,19.5,4,1.0,-21.64,469.5,-17.0,470.3
2026-08-08 14:49:56.714,100.0,18.0,270.0,-0.0,-30.9017,95.1057,19.5,5,1.25,-21.64,469.5,-17.0,470.3
2026-08-08 14:49:59.961,100.0,18.0,276.0,3.2301,-30.7324,95.1057,19.9,1,0.25,-21.55,469.45,-17.0,470.25
2026-08-08 14:50:00.217,100.0,18.0,276.0,3.2301,-30.7324,95.1057,19.9,2,0.5,-21.54,469.48,-17.0,470.28
2026-08-08 14:50:00.473,100.0,18.0,276.0,3.2301,-30.7324,95.1057,19.9,3,0.75,-21.54,469.48,-17.0,470.28
2026-08-08 14:50:00.713,100.0,18.0,276.0,3.2301,-30.7324,95.1057,19.9,4,1.0,-21.55,469.46,-17.0,470.26
2026-08-08 14:50:00.968,100.0,18.0,276.0,3.2301,-30.7324,95.1057,19.9,5,1.25,-21.55,469.46,-17.0,470.26
2026-08-08 14:50:04.215,100.0,18.0,282.0,6.4248,-30.2264,95.1057,19.7,1,0.25,-21.56,469.38,-16.92,470.17
2026-08-08 14:50:04.471,100.0,18.0,282.0,6.4248,-30.2264,95.1057,19.7,2,0.5,-21.56,469.38,-16.92,470.17
2026-08-08 14:50:04.711,100.0,18.0,282.0,6.4248,-30.2264,95.1057,19.7,3,0.75,-21.56,469.41,-16.91,470.2
2026-08-08 14:50:04.967,100.0,18.0,282.0,6.4248,-30.2264,95.1057,19.7,4,1.0,-21.56,469.41,-16.91,470.2
2026-08-08 14:50:05.222,100.0,18.0,282.0,6.4248,-30.2264,95.1057,19.7,5,1.25,-21.56,469.41,-16.91,470.2
2026-08-08 14:50:08.469,100.0,18.0,288.0,9.5492,-29.3893,95.1057,19.1,1,0.25,-21.4,469.32,-16.93,470.11
2026-08-08 14:50:08.709,100.0,18.0,288.0,9.5492,-29.3893,95.1057,19.1,2,0.5,-21.4,469.32,-16.93,470.11
2026-08-08 14:50:08.965,100.0,18.0,288.0,9.5492,-29.3893,95.1057,19.1,3,0.75,-21.4,469.36,-16.94,470.15
2026-08-08 14:50:09.221,100.0,18.0,288.0,9.5492,-29.3893,95.1057,19.1,4,1.0,-21.4,469.36,-16.94,470.15
2026-08-08 14:50:09.461,100.0,18.0,288.0,9.5492,-29.3893,95.1057,19.1,5,1.25,-21.41,469.35,-16.94,470.14
2026-08-08 14:50:12.707,100.0,18.0,294.0,12.5689,-28.2301,95.1057,20.6,1,0.25,-21.37,469.39,-17.03,470.18
2026-08-08 14:50:12.963,100.0,18.0,294.0,12.5689,-28.2301,95.1057,20.6,2,0.5,-21.37,469.39,-17.03,470.18
2026-08-08 14:50:13.219,100.0,18.0,294.0,12.5689,-28.2301,95.1057,20.6,3,0.75,-21.38,469.38,-17.01,470.17
2026-08-08 14:50:13.459,100.0,18.0,294.0,12.5689,-28.2301,95.1057,20.6,4,1.0,-21.38,469.38,-17.01,470.17
2026-08-08 14:50:13.715,100.0,18.0,294.0,12.5689,-28.2301,95.1057,20.6,5,1.25,-21.38,469.41,-17.03,470.2
2026-08-08 14:50:16.833,100.0,18.0,300.0,15.4508,-26.7617,95.1057,19.8,1,0.25,-21.24,469.34,-17.03,470.12
2026-08-08 14:50:19.344,100.0,18.0,300.0,15.4508,-26.7617,95.1057,19.8,2,0.5,-21.24,469.27,-17.03,470.05
2026-08-08 14:50:19.584,100.0,18.0,300.0,15.4508,-26.7617,95.1057,19.8,3,0.75,-21.24,469.27,-17.03,470.05
2026-08-08 14:50:19.840,100.0,18.0,300.0,15.4508,-26.7617,95.1057,19.8,4,1.0,-21.25,469.32,-17.05,470.11
2026-08-08 14:50:20.096,100.0,18.0,300.0,15.4508,-26.7617,95.1057,19.8,5,1.25,-21.25,469.32,-17.05,470.11
2026-08-08 14:50:23.214,100.0,18.0,306.0,18.1636,-25.0,95.1057,20.4,1,0.25,-21.21,469.31,-17.08,470.09
2026-08-08 14:50:23.470,100.0,18.0,306.0,18.1636,-25.0,95.1057,20.4,2,0.5,-21.21,469.31,-17.08,470.09
2026-08-08 14:50:23.710,100.0,18.0,306.0,18.1636,-25.0,95.1057,20.4,3,0.75,-21.22,469.32,-17.09,470.11
2026-08-08 14:50:23.966,100.0,18.0,306.0,18.1636,-25.0,95.1057,20.4,4,1.0,-21.22,469.32,-17.09,470.11
2026-08-08 14:50:24.222,100.0,18.0,306.0,18.1636,-25.0,95.1057,20.4,5,1.25,-21.21,469.3,-17.08,470.08
2026-08-08 14:50:27.340,100.0,18.0,312.0,20.6773,-22.9644,95.1057,19.8,1,0.25,-21.09,469.16,-17.15,469.94
2026-08-08 14:50:27.596,100.0,18.0,312.0,20.6773,-22.9644,95.1057,19.8,2,0.5,-21.09,469.16,-17.15,469.94
2026-08-08 14:50:27.836,100.0,18.0,312.0,20.6773,-22.9644,95.1057,19.8,3,0.75,-21.09,469.16,-17.15,469.94
2026-08-08 14:50:28.092,100.0,18.0,312.0,20.6773,-22.9644,95.1057,19.8,4,1.0,-21.09,469.16,-17.15,469.94
2026-08-08 14:50:28.332,100.0,18.0,312.0,20.6773,-22.9644,95.1057,19.8,5,1.25,-21.11,469.21,-17.16,469.99
2026-08-08 14:50:33.721,100.0,18.0,318.0,22.9644,-20.6773,95.1057,20.0,1,0.25,-21.13,469.09,-17.08,469.87
2026-08-08 14:50:33.961,100.0,18.0,318.0,22.9644,-20.6773,95.1057,20.0,2,0.5,-21.15,469.12,-17.1,469.9
2026-08-08 14:50:34.217,100.0,18.0,318.0,22.9644,-20.6773,95.1057,20.0,3,0.75,-21.15,469.12,-17.1,469.9
2026-08-08 14:50:34.457,100.0,18.0,318.0,22.9644,-20.6773,95.1057,20.0,4,1.0,-21.14,469.16,-17.08,469.94
2026-08-08 14:50:34.713,100.0,18.0,318.0,22.9644,-20.6773,95.1057,20.0,5,1.25,-21.14,469.16,-17.08,469.94
2026-08-08 14:50:37.847,100.0,18.0,324.0,25.0,-18.1636,95.1057,18.4,1,0.25,-20.98,469.01,-17.08,469.78
2026-08-08 14:50:38.087,100.0,18.0,324.0,25.0,-18.1636,95.1057,18.4,2,0.5,-20.96,469.02,-17.07,469.79
2026-08-08 14:50:38.343,100.0,18.0,324.0,25.0,-18.1636,95.1057,18.4,3,0.75,-20.96,469.02,-17.07,469.79
2026-08-08 14:50:38.583,100.0,18.0,324.0,25.0,-18.1636,95.1057,18.4,4,1.0,-20.99,469.1,-17.08,469.87
2026-08-08 14:50:41.094,100.0,18.0,324.0,25.0,-18.1636,95.1057,18.4,5,1.25,-20.99,469.1,-17.08,469.87
2026-08-08 14:50:44.213,100.0,18.0,330.0,26.7617,-15.4508,95.1057,19.9,1,0.25,-21.01,468.94,-17.11,469.72
2026-08-08 14:50:44.469,100.0,18.0,330.0,26.7617,-15.4508,95.1057,19.9,2,0.5,-21.01,468.91,-17.11,469.69
2026-08-08 14:50:44.708,100.0,18.0,330.0,26.7617,-15.4508,95.1057,19.9,3,0.75,-21.01,468.91,-17.11,469.69
2026-08-08 14:50:44.964,100.0,18.0,330.0,26.7617,-15.4508,95.1057,19.9,4,1.0,-21.01,468.94,-17.11,469.72
2026-08-08 14:50:45.220,100.0,18.0,330.0,26.7617,-15.4508,95.1057,19.9,5,1.25,-21.01,468.94,-17.11,469.72
2026-08-08 14:50:48.339,100.0,18.0,336.0,28.2301,-12.5689,95.1057,19.8,1,0.25,-21.03,468.84,-17.08,469.62
2026-08-08 14:50:48.595,100.0,18.0,336.0,28.2301,-12.5689,95.1057,19.8,2,0.5,-21.02,468.87,-17.08,469.65
2026-08-08 14:50:48.835,100.0,18.0,336.0,28.2301,-12.5689,95.1057,19.8,3,0.75,-21.02,468.87,-17.08,469.65
2026-08-08 14:50:49.090,100.0,18.0,336.0,28.2301,-12.5689,95.1057,19.8,4,1.0,-21.02,468.85,-17.07,469.63
2026-08-08 14:50:49.346,100.0,18.0,336.0,28.2301,-12.5689,95.1057,19.8,5,1.25,-21.02,468.85,-17.07,469.63
2026-08-08 14:50:52.593,100.0,18.0,342.0,29.3893,-9.5492,95.1057,20.4,1,0.25,-21.05,468.8,-16.94,469.57
2026-08-08 14:50:52.833,100.0,18.0,342.0,29.3893,-9.5492,95.1057,20.4,2,0.5,-21.05,468.78,-16.93,469.55
2026-08-08 14:50:55.344,100.0,18.0,342.0,29.3893,-9.5492,95.1057,20.4,3,0.75,-21.06,468.79,-16.93,469.56
2026-08-08 14:50:55.583,100.0,18.0,342.0,29.3893,-9.5492,95.1057,20.4,4,1.0,-21.06,468.79,-16.93,469.56
2026-08-08 14:50:55.839,100.0,18.0,342.0,29.3893,-9.5492,95.1057,20.4,5,1.25,-21.06,468.77,-16.94,469.54
2026-08-08 14:50:59.086,100.0,18.0,348.0,30.2264,-6.4248,95.1057,19.3,1,0.25,-21.34,468.65,-16.98,469.44
2026-08-08 14:50:59.342,100.0,18.0,348.0,30.2264,-6.4248,95.1057,19.3,2,0.5,-21.34,468.65,-16.98,469.44
2026-08-08 14:50:59.598,100.0,18.0,348.0,30.2264,-6.4248,95.1057,19.3,3,0.75,-21.35,468.69,-16.97,469.48
2026-08-08 14:50:59.838,100.0,18.0,348.0,30.2264,-6.4248,95.1057,19.3,4,1.0,-21.35,468.69,-16.97,469.48
2026-08-08 14:51:00.093,100.0,18.0,348.0,30.2264,-6.4248,95.1057,19.3,5,1.25,-21.37,468.66,-16.97,469.45
2026-08-08 14:51:03.340,100.0,18.0,354.0,30.7324,-3.2301,95.1057,20.2,1,0.25,-21.4,468.59,-16.95,469.38
2026-08-08 14:51:03.596,100.0,18.0,354.0,30.7324,-3.2301,95.1057,20.2,2,0.5,-21.4,468.59,-16.95,469.38
2026-08-08 14:51:03.836,100.0,18.0,354.0,30.7324,-3.2301,95.1057,20.2,3,0.75,-21.39,468.59,-16.95,469.38
2026-08-08 14:51:04.092,100.0,18.0,354.0,30.7324,-3.2301,95.1057,20.2,4,1.0,-21.39,468.59,-16.95,469.38
2026-08-08 14:51:04.347,100.0,18.0,354.0,30.7324,-3.2301,95.1057,20.2,5,1.25,-21.39,468.58,-16.94,469.37
2026-08-08 14:51:08.218,100.0,24.0,354.0,40.4508,-4.2516,91.3545,20.2,1,0.25,-21.37,468.37,-17.12,469.16
2026-08-08 14:51:08.458,100.0,24.0,354.0,40.4508,-4.2516,91.3545,20.2,2,0.5,-21.37,468.39,-17.11,469.18
2026-08-08 14:51:08.713,100.0,24.0,354.0,40.4508,-4.2516,91.3545,20.2,3,0.75,-21.37,468.39,-17.11,469.18
2026-08-08 14:51:08.969,100.0,24.0,354.0,40.4508,-4.2516,91.3545,20.2,4,1.0,-21.37,468.38,-17.12,469.17
2026-08-08 14:51:09.209,100.0,24.0,354.0,40.4508,-4.2516,91.3545,20.2,5,1.25,-21.37,468.38,-17.12,469.17
2026-08-08 14:51:12.584,100.0,24.0,348.0,39.7848,-8.4565,91.3545,19.2,1,0.25,-20.96,468.6,-17.1,469.38
2026-08-08 14:51:12.840,100.0,24.0,348.0,39.7848,-8.4565,91.3545,19.2,2,0.5,-20.96,468.6,-17.1,469.38
2026-08-08 14:51:13.095,100.0,24.0,348.0,39.7848,-8.4565,91.3545,19.2,3,0.75,-20.97,468.58,-17.09,469.36
2026-08-08 14:51:13.335,100.0,24.0,348.0,39.7848,-8.4565,91.3545,19.2,4,1.0,-20.97,468.58,-17.09,469.36
2026-08-08 14:51:13.591,100.0,24.0,348.0,39.7848,-8.4565,91.3545,19.2,5,1.25,-20.96,468.54,-17.08,469.31
2026-08-08 14:51:16.838,100.0,24.0,342.0,38.683,-12.5689,91.3545,20.0,1,0.25,-21.01,468.62,-17.15,469.4
2026-08-08 14:51:17.094,100.0,24.0,342.0,38.683,-12.5689,91.3545,20.0,2,0.5,-21.01,468.62,-17.15,469.4
2026-08-08 14:51:17.334,100.0,24.0,342.0,38.683,-12.5689,91.3545,20.0,3,0.75,-21.0,468.63,-17.16,469.41
2026-08-08 14:51:17.589,100.0,24.0,342.0,38.683,-12.5689,91.3545,20.0,4,1.0,-21.0,468.63,-17.16,469.41
2026-08-08 14:51:17.845,100.0,24.0,342.0,38.683,-12.5689,91.3545,20.0,5,1.25,-21.01,468.63,-17.15,469.41
2026-08-08 14:51:21.092,100.0,24.0,336.0,37.1572,-16.5435,91.3545,19.3,1,0.25,-20.8,468.76,-17.18,469.53
2026-08-08 14:51:21.332,100.0,24.0,336.0,37.1572,-16.5435,91.3545,19.3,2,0.5,-20.79,468.71,-17.18,469.48
2026-08-08 14:51:23.843,100.0,24.0,336.0,37.1572,-16.5435,91.3545,19.3,3,0.75,-20.79,468.71,-17.18,469.48
2026-08-08 14:51:24.083,100.0,24.0,336.0,37.1572,-16.5435,91.3545,19.3,4,1.0,-20.81,468.74,-17.19,469.51
2026-08-08 14:51:26.593,100.0,24.0,336.0,37.1572,-16.5435,91.3545,19.3,5,1.25,-20.82,468.75,-17.19,469.52
2026-08-08 14:51:29.840,100.0,24.0,330.0,35.2244,-20.3368,91.3545,20.0,1,0.25,-21.01,468.83,-17.25,469.61
2026-08-08 14:51:30.096,100.0,24.0,330.0,35.2244,-20.3368,91.3545,20.0,2,0.5,-21.01,468.83,-17.25,469.61
2026-08-08 14:51:30.336,100.0,24.0,330.0,35.2244,-20.3368,91.3545,20.0,3,0.75,-21.02,468.89,-17.26,469.67
2026-08-08 14:51:30.592,100.0,24.0,330.0,35.2244,-20.3368,91.3545,20.0,4,1.0,-21.02,468.89,-17.26,469.67
2026-08-08 14:51:30.847,100.0,24.0,330.0,35.2244,-20.3368,91.3545,20.0,5,1.25,-21.01,468.87,-17.26,469.65
2026-08-08 14:51:34.094,100.0,24.0,324.0,32.9057,-23.9074,91.3545,18.8,1,0.25,-20.81,469.12,-17.29,469.89
2026-08-08 14:51:34.334,100.0,24.0,324.0,32.9057,-23.9074,91.3545,18.8,2,0.5,-20.8,469.08,-17.27,469.85
2026-08-08 14:51:34.590,100.0,24.0,324.0,32.9057,-23.9074,91.3545,18.8,3,0.75,-20.8,469.08,-17.27,469.85
2026-08-08 14:51:34.846,100.0,24.0,324.0,32.9057,-23.9074,91.3545,18.8,4,1.0,-20.81,469.06,-17.27,469.83
2026-08-08 14:51:35.085,100.0,24.0,324.0,32.9057,-23.9074,91.3545,18.8,5,1.25,-20.81,469.06,-17.29,469.83
2026-08-08 14:51:38.332,100.0,24.0,318.0,30.2264,-27.216,91.3545,20.1,1,0.25,-20.82,469.25,-17.21,470.02
2026-08-08 14:51:40.843,100.0,24.0,318.0,30.2264,-27.216,91.3545,20.1,2,0.5,-20.82,469.25,-17.21,470.02
2026-08-08 14:51:41.083,100.0,24.0,318.0,30.2264,-27.216,91.3545,20.1,3,0.75,-20.83,469.22,-17.22,469.99
2026-08-08 14:51:43.594,100.0,24.0,318.0,30.2264,-27.216,91.3545,20.1,4,1.0,-20.83,469.22,-17.22,469.99
2026-08-08 14:51:43.833,100.0,24.0,318.0,30.2264,-27.216,91.3545,20.1,5,1.25,-20.82,469.21,-17.21,469.98
2026-08-08 14:51:47.096,100.0,24.0,312.0,27.216,-30.2264,91.3545,20.1,1,0.25,-20.77,469.27,-17.16,470.04
2026-08-08 14:51:47.336,100.0,24.0,312.0,27.216,-30.2264,91.3545,20.1,2,0.5,-20.77,469.32,-17.15,470.09
2026-08-08 14:51:47.592,100.0,24.0,312.0,27.216,-30.2264,91.3545,20.1,3,0.75,-20.77,469.32,-17.15,470.09
2026-08-08 14:51:47.832,100.0,24.0,312.0,27.216,-30.2264,91.3545,20.1,4,1.0,-20.78,469.3,-17.16,470.07
2026-08-08 14:51:50.343,100.0,24.0,312.0,27.216,-30.2264,91.3545,20.1,5,1.25,-20.78,469.3,-17.16,470.07
2026-08-08 14:51:53.589,100.0,24.0,306.0,23.9074,-32.9057,91.3545,20.5,1,0.25,-20.95,469.37,-17.11,470.14
2026-08-08 14:51:53.845,100.0,24.0,306.0,23.9074,-32.9057,91.3545,20.5,2,0.5,-20.95,469.37,-17.11,470.14
2026-08-08 14:51:54.085,100.0,24.0,306.0,23.9074,-32.9057,91.3545,20.5,3,0.75,-20.96,469.41,-17.12,470.18
2026-08-08 14:51:54.341,100.0,24.0,306.0,23.9074,-32.9057,91.3545,20.5,4,1.0,-20.96,469.41,-17.12,470.18
2026-08-08 14:51:54.597,100.0,24.0,306.0,23.9074,-32.9057,91.3545,20.5,5,1.25,-20.96,469.41,-17.12,470.18
2026-08-08 14:51:57.843,100.0,24.0,300.0,20.3368,-35.2244,91.3545,20.0,1,0.25,-20.97,469.5,-17.15,470.28
2026-08-08 14:51:58.083,100.0,24.0,300.0,20.3368,-35.2244,91.3545,20.0,2,0.5,-20.97,469.5,-17.15,470.28
2026-08-08 14:51:58.339,100.0,24.0,300.0,20.3368,-35.2244,91.3545,20.0,3,0.75,-20.97,469.53,-17.16,470.31
2026-08-08 14:51:58.595,100.0,24.0,300.0,20.3368,-35.2244,91.3545,20.0,4,1.0,-20.97,469.53,-17.16,470.31
2026-08-08 14:51:58.835,100.0,24.0,300.0,20.3368,-35.2244,91.3545,20.0,5,1.25,-20.96,469.54,-17.16,470.32
2026-08-08 14:52:02.097,100.0,24.0,294.0,16.5435,-37.1572,91.3545,20.1,1,0.25,-21.29,469.6,-17.15,470.39
2026-08-08 14:52:02.337,100.0,24.0,294.0,16.5435,-37.1572,91.3545,20.1,2,0.5,-21.29,469.6,-17.15,470.39
2026-08-08 14:52:02.593,100.0,24.0,294.0,16.5435,-37.1572,91.3545,20.1,3,0.75,-21.28,469.59,-17.17,470.38
2026-08-08 14:52:02.833,100.0,24.0,294.0,16.5435,-37.1572,91.3545,20.1,4,1.0,-21.28,469.62,-17.16,470.41
2026-08-08 14:52:05.344,100.0,24.0,294.0,16.5435,-37.1572,91.3545,20.1,5,1.25,-21.28,469.62,-17.16,470.41
2026-08-08 14:52:08.590,100.0,24.0,288.0,12.5689,-38.683,91.3545,19.5,1,0.25,-21.25,469.76,-17.19,470.55
2026-08-08 14:52:08.846,100.0,24.0,288.0,12.5689,-38.683,91.3545,19.5,2,0.5,-21.27,469.8,-17.17,470.59
2026-08-08 14:52:09.086,100.0,24.0,288.0,12.5689,-38.683,91.3545,19.5,3,0.75,-21.27,469.8,-17.17,470.59
2026-08-08 14:52:09.342,100.0,24.0,288.0,12.5689,-38.683,91.3545,19.5,4,1.0,-21.27,469.75,-17.18,470.54
2026-08-08 14:52:09.582,100.0,24.0,288.0,12.5689,-38.683,91.3545,19.5,5,1.25,-21.26,469.68,-17.19,470.47
2026-08-08 14:52:15.083,100.0,24.0,282.0,8.4565,-39.7848,91.3545,19.7,1,0.25,-21.43,469.76,-17.22,470.56
2026-08-08 14:52:15.339,100.0,24.0,282.0,8.4565,-39.7848,91.3545,19.7,2,0.5,-21.43,469.76,-17.22,470.56
2026-08-08 14:52:15.595,100.0,24.0,282.0,8.4565,-39.7848,91.3545,19.7,3,0.75,-21.42,469.74,-17.21,470.54
2026-08-08 14:52:15.835,100.0,24.0,282.0,8.4565,-39.7848,91.3545,19.7,4,1.0,-21.42,469.74,-17.21,470.54
2026-08-08 14:52:16.091,100.0,24.0,282.0,8.4565,-39.7848,91.3545,19.7,5,1.25,-21.43,469.77,-17.21,470.57
2026-08-08 14:52:19.465,100.0,24.0,276.0,4.2516,-40.4508,91.3545,19.8,1,0.25,-21.57,469.76,-17.17,470.56
2026-08-08 14:52:19.721,100.0,24.0,276.0,4.2516,-40.4508,91.3545,19.8,2,0.5,-21.57,469.67,-17.16,470.47
2026-08-08 14:52:19.961,100.0,24.0,276.0,4.2516,-40.4508,91.3545,19.8,3,0.75,-21.57,469.67,-17.16,470.47
2026-08-08 14:52:20.217,100.0,24.0,276.0,4.2516,-40.4508,91.3545,19.8,4,1.0,-21.57,469.71,-17.19,470.51
2026-08-08 14:52:20.457,100.0,24.0,276.0,4.2516,-40.4508,91.3545,19.8,5,1.25,-21.57,469.71,-17.19,470.51
2026-08-08 14:52:23.847,100.0,24.0,270.0,-0.0,-40.6737,91.3545,20.9,1,0.25,-21.8,469.68,-17.19,470.49
2026-08-08 14:52:24.087,100.0,24.0,270.0,-0.0,-40.6737,91.3545,20.9,2,0.5,-21.8,469.68,-17.19,470.49
2026-08-08 14:52:24.343,100.0,24.0,270.0,-0.0,-40.6737,91.3545,20.9,3,0.75,-21.79,469.65,-17.19,470.46
2026-08-08 14:52:24.583,100.0,24.0,270.0,-0.0,-40.6737,91.3545,20.9,4,1.0,-21.79,469.65,-17.19,470.46
2026-08-08 14:52:24.839,100.0,24.0,270.0,-0.0,-40.6737,91.3545,20.9,5,1.25,-21.8,469.7,-17.19,470.51
2026-08-08 14:52:28.213,100.0,24.0,264.0,-4.2516,-40.4508,91.3545,19.6,1,0.25,-21.78,469.66,-17.07,470.47
2026-08-08 14:52:28.469,100.0,24.0,264.0,-4.2516,-40.4508,91.3545,19.6,2,0.5,-21.79,469.67,-17.06,470.48
2026-08-08 14:52:28.709,100.0,24.0,264.0,-4.2516,-40.4508,91.3545,19.6,3,0.75,-21.79,469.67,-17.06,470.48
2026-08-08 14:52:28.965,100.0,24.0,264.0,-4.2516,-40.4508,91.3545,19.6,4,1.0,-21.78,469.67,-17.07,470.48
2026-08-08 14:52:29.221,100.0,24.0,264.0,-4.2516,-40.4508,91.3545,19.6,5,1.25,-21.78,469.67,-17.07,470.48
2026-08-08 14:52:32.467,100.0,24.0,258.0,-8.4565,-39.7848,91.3545,,1,0.25,-21.87,469.68,-17.02,470.49
2026-08-08 14:52:32.707,100.0,24.0,258.0,-8.4565,-39.7848,91.3545,,2,0.5,-21.86,469.67,-17.01,470.48
2026-08-08 14:52:32.963,100.0,24.0,258.0,-8.4565,-39.7848,91.3545,,3,0.75,-21.86,469.67,-17.01,470.48
2026-08-08 14:52:33.219,100.0,24.0,258.0,-8.4565,-39.7848,91.3545,,4,1.0,-21.88,469.66,-17.02,470.47
2026-08-08 14:52:33.459,100.0,24.0,258.0,-8.4565,-39.7848,91.3545,,5,1.25,-21.88,469.66,-17.02,470.47
2026-08-08 14:52:36.721,100.0,24.0,252.0,-12.5689,-38.683,91.3545,20.4,1,0.25,-21.91,469.63,-16.9,470.44
2026-08-08 14:52:36.961,100.0,24.0,252.0,-12.5689,-38.683,91.3545,20.4,2,0.5,-21.91,469.63,-16.9,470.44
2026-08-08 14:52:37.217,100.0,24.0,252.0,-12.5689,-38.683,91.3545,20.4,3,0.75,-21.91,469.63,-16.9,470.44
2026-08-08 14:52:37.457,100.0,24.0,252.0,-12.5689,-38.683,91.3545,20.4,4,1.0,-21.91,469.63,-16.9,470.44
2026-08-08 14:52:37.713,100.0,24.0,252.0,-12.5689,-38.683,91.3545,20.4,5,1.25,-21.91,469.63,-16.9,470.44
2026-08-08 14:52:40.959,100.0,24.0,246.0,-16.5435,-37.1572,91.3545,19.4,1,0.25,-22.14,469.6,-16.8,470.42
2026-08-08 14:52:41.215,100.0,24.0,246.0,-16.5435,-37.1572,91.3545,19.4,2,0.5,-22.14,469.6,-16.8,470.42
2026-08-08 14:52:41.471,100.0,24.0,246.0,-16.5435,-37.1572,91.3545,19.4,3,0.75,-22.15,469.56,-16.8,470.38
2026-08-08 14:52:41.711,100.0,24.0,246.0,-16.5435,-37.1572,91.3545,19.4,4,1.0,-22.15,469.56,-16.8,470.38
2026-08-08 14:52:41.967,100.0,24.0,246.0,-16.5435,-37.1572,91.3545,19.4,5,1.25,-22.14,469.53,-16.8,470.35
2026-08-08 14:52:45.213,100.0,24.0,240.0,-20.3368,-35.2244,91.3545,21.0,1,0.25,-22.16,469.43,-16.75,470.25
2026-08-08 14:52:45.469,100.0,24.0,240.0,-20.3368,-35.2244,91.3545,21.0,2,0.5,-22.16,469.43,-16.75,470.25
2026-08-08 14:52:45.709,100.0,24.0,240.0,-20.3368,-35.2244,91.3545,21.0,3,0.75,-22.15,469.46,-16.75,470.28
2026-08-08 14:52:45.965,100.0,24.0,240.0,-20.3368,-35.2244,91.3545,21.0,4,1.0,-22.15,469.46,-16.75,470.28
2026-08-08 14:52:46.221,100.0,24.0,240.0,-20.3368,-35.2244,91.3545,21.0,5,1.25,-22.15,469.47,-16.76,470.29
2026-08-08 14:52:49.467,100.0,24.0,234.0,-23.9074,-32.9057,91.3545,21.1,1,0.25,-22.27,469.37,-16.67,470.19
2026-08-08 14:52:49.707,100.0,24.0,234.0,-23.9074,-32.9057,91.3545,21.1,2,0.5,-22.27,469.37,-16.67,470.19
2026-08-08 14:52:49.963,100.0,24.0,234.0,-23.9074,-32.9057,91.3545,21.1,3,0.75,-22.27,469.33,-16.66,470.15
2026-08-08 14:52:50.219,100.0,24.0,234.0,-23.9074,-32.9057,91.3545,21.1,4,1.0,-22.27,469.33,-16.66,470.15
2026-08-08 14:52:50.459,100.0,24.0,234.0,-23.9074,-32.9057,91.3545,21.1,5,1.25,-22.26,469.31,-16.68,470.13
2026-08-08 14:52:53.721,100.0,24.0,228.0,-27.216,-30.2264,91.3545,21.3,1,0.25,-22.2,469.21,-16.63,470.02
2026-08-08 14:52:53.961,100.0,24.0,228.0,-27.216,-30.2264,91.3545,21.3,2,0.5,-22.2,469.15,-16.6,469.96
2026-08-08 14:52:54.217,100.0,24.0,228.0,-27.216,-30.2264,91.3545,21.3,3,0.75,-22.2,469.15,-16.6,469.96
2026-08-08 14:52:54.457,100.0,24.0,228.0,-27.216,-30.2264,91.3545,21.3,4,1.0,-22.18,469.15,-16.6,469.96
2026-08-08 14:52:54.713,100.0,24.0,228.0,-27.216,-30.2264,91.3545,21.3,5,1.25,-22.18,469.15,-16.6,469.96
2026-08-08 14:52:57.959,100.0,24.0,222.0,-30.2264,-27.216,91.3545,19.7,1,0.25,-22.39,469.05,-16.64,469.87
2026-08-08 14:52:58.216,100.0,24.0,222.0,-30.2264,-27.216,91.3545,19.7,2,0.5,-22.38,469.05,-16.62,469.87
2026-08-08 14:52:58.471,100.0,24.0,222.0,-30.2264,-27.216,91.3545,19.7,3,0.75,-22.38,469.05,-16.62,469.87
2026-08-08 14:52:58.711,100.0,24.0,222.0,-30.2264,-27.216,91.3545,19.7,4,1.0,-22.38,469.04,-16.61,469.86
2026-08-08 14:52:58.967,100.0,24.0,222.0,-30.2264,-27.216,91.3545,19.7,5,1.25,-22.38,469.04,-16.61,469.86
2026-08-08 14:53:02.213,100.0,24.0,216.0,-32.9057,-23.9074,91.3545,20.5,1,0.25,-22.35,469.0,-16.58,469.82
2026-08-08 14:53:02.469,100.0,24.0,216.0,-32.9057,-23.9074,91.3545,20.5,2,0.5,-22.34,469.04,-16.58,469.86
2026-08-08 14:53:02.709,100.0,24.0,216.0,-32.9057,-23.9074,91.3545,20.5,3,0.75,-22.34,469.04,-16.58,469.86
2026-08-08 14:53:02.965,100.0,24.0,216.0,-32.9057,-23.9074,91.3545,20.5,4,1.0,-22.36,469.07,-16.58,469.89
2026-08-08 14:53:03.221,100.0,24.0,216.0,-32.9057,-23.9074,91.3545,20.5,5,1.25,-22.36,469.07,-16.58,469.89
2026-08-08 14:53:06.467,100.0,24.0,210.0,-35.2244,-20.3368,91.3545,20.3,1,0.25,-22.37,469.05,-16.51,469.87
2026-08-08 14:53:06.707,100.0,24.0,210.0,-35.2244,-20.3368,91.3545,20.3,2,0.5,-22.37,469.05,-16.51,469.87
2026-08-08 14:53:06.963,100.0,24.0,210.0,-35.2244,-20.3368,91.3545,20.3,3,0.75,-22.36,469.07,-16.51,469.89
2026-08-08 14:53:07.219,100.0,24.0,210.0,-35.2244,-20.3368,91.3545,20.3,4,1.0,-22.36,469.07,-16.51,469.89
2026-08-08 14:53:07.459,100.0,24.0,210.0,-35.2244,-20.3368,91.3545,20.3,5,1.25,-22.37,469.04,-16.5,469.86
2026-08-08 14:53:10.721,100.0,24.0,204.0,-37.1572,-16.5435,91.3545,20.2,1,0.25,-22.35,468.88,-16.43,469.69
2026-08-08 14:53:10.961,100.0,24.0,204.0,-37.1572,-16.5435,91.3545,20.2,2,0.5,-22.35,468.88,-16.43,469.69
2026-08-08 14:53:11.217,100.0,24.0,204.0,-37.1572,-16.5435,91.3545,20.2,3,0.75,-22.33,468.87,-16.44,469.68
2026-08-08 14:53:11.457,100.0,24.0,204.0,-37.1572,-16.5435,91.3545,20.2,4,1.0,-22.33,468.87,-16.44,469.68
2026-08-08 14:53:11.713,100.0,24.0,204.0,-37.1572,-16.5435,91.3545,20.2,5,1.25,-22.33,468.88,-16.43,469.69
2026-08-08 14:53:14.959,100.0,24.0,198.0,-38.683,-12.5689,91.3545,19.3,1,0.25,-22.19,468.81,-16.37,469.62
2026-08-08 14:53:15.215,100.0,24.0,198.0,-38.683,-12.5689,91.3545,19.3,2,0.5,-22.19,468.81,-16.37,469.62
2026-08-08 14:53:15.471,100.0,24.0,198.0,-38.683,-12.5689,91.3545,19.3,3,0.75,-22.19,468.81,-16.36,469.61
2026-08-08 14:53:15.711,100.0,24.0,198.0,-38.683,-12.5689,91.3545,19.3,4,1.0,-22.19,468.81,-16.36,469.61
2026-08-08 14:53:15.967,100.0,24.0,198.0,-38.683,-12.5689,91.3545,19.3,5,1.25,-22.19,468.81,-16.36,469.61
2026-08-08 14:53:19.213,100.0,24.0,192.0,-39.7848,-8.4565,91.3545,20.1,1,0.25,-22.16,468.78,-16.22,469.58
2026-08-08 14:53:19.469,100.0,24.0,192.0,-39.7848,-8.4565,91.3545,20.1,2,0.5,-22.16,468.77,-16.24,469.57
2026-08-08 14:53:19.709,100.0,24.0,192.0,-39.7848,-8.4565,91.3545,20.1,3,0.75,-22.16,468.77,-16.24,469.57
2026-08-08 14:53:19.965,100.0,24.0,192.0,-39.7848,-8.4565,91.3545,20.1,4,1.0,-22.17,468.78,-16.24,469.58
2026-08-08 14:53:20.221,100.0,24.0,192.0,-39.7848,-8.4565,91.3545,20.1,5,1.25,-22.17,468.78,-16.24,469.58
2026-08-08 14:53:23.468,100.0,24.0,186.0,-40.4508,-4.2516,91.3545,,1,0.25,-22.0,468.8,-16.16,469.59
2026-08-08 14:53:23.708,100.0,24.0,186.0,-40.4508,-4.2516,91.3545,,2,0.5,-22.01,468.79,-16.16,469.58
2026-08-08 14:53:23.963,100.0,24.0,186.0,-40.4508,-4.2516,91.3545,,3,0.75,-22.01,468.79,-16.16,469.58
2026-08-08 14:53:24.219,100.0,24.0,186.0,-40.4508,-4.2516,91.3545,,4,1.0,-21.99,468.83,-16.16,469.62
2026-08-08 14:53:24.459,100.0,24.0,186.0,-40.4508,-4.2516,91.3545,,5,1.25,-21.99,468.83,-16.16,469.62
2026-08-08 14:53:27.834,100.0,24.0,180.0,-40.6737,0.0,91.3545,19.9,1,0.25,-21.99,468.79,-16.04,469.57
2026-08-08 14:53:28.090,100.0,24.0,180.0,-40.6737,0.0,91.3545,19.9,2,0.5,-21.99,468.79,-16.04,469.57
2026-08-08 14:53:28.345,100.0,24.0,180.0,-40.6737,0.0,91.3545,19.9,3,0.75,-21.98,468.82,-16.04,469.6
2026-08-08 14:53:28.585,100.0,24.0,180.0,-40.6737,0.0,91.3545,19.9,4,1.0,-21.98,468.82,-16.04,469.6
2026-08-08 14:53:28.841,100.0,24.0,180.0,-40.6737,0.0,91.3545,19.9,5,1.25,-21.98,468.79,-16.04,469.57
2026-08-08 14:53:32.088,100.0,24.0,174.0,-40.4508,4.2516,91.3545,19.7,1,0.25,-21.82,468.85,-15.98,469.62
2026-08-08 14:53:32.344,100.0,24.0,174.0,-40.4508,4.2516,91.3545,19.7,2,0.5,-21.82,468.85,-15.98,469.62
2026-08-08 14:53:32.583,100.0,24.0,174.0,-40.4508,4.2516,91.3545,19.7,3,0.75,-21.83,468.82,-15.99,469.6
2026-08-08 14:53:32.839,100.0,24.0,174.0,-40.4508,4.2516,91.3545,19.7,4,1.0,-21.83,468.82,-15.99,469.6
2026-08-08 14:53:33.095,100.0,24.0,174.0,-40.4508,4.2516,91.3545,19.7,5,1.25,-21.83,468.82,-15.98,469.59
2026-08-08 14:53:36.342,100.0,24.0,168.0,-39.7848,8.4565,91.3545,20.2,1,0.25,-21.87,468.79,-15.95,469.57
2026-08-08 14:53:36.582,100.0,24.0,168.0,-39.7848,8.4565,91.3545,20.2,2,0.5,-21.88,468.81,-15.97,469.59
2026-08-08 14:53:39.093,100.0,24.0,168.0,-39.7848,8.4565,91.3545,20.2,3,0.75,-21.88,468.81,-15.97,469.59
2026-08-08 14:53:39.332,100.0,24.0,168.0,-39.7848,8.4565,91.3545,20.2,4,1.0,-21.87,468.81,-15.96,469.59
2026-08-08 14:53:39.588,100.0,24.0,168.0,-39.7848,8.4565,91.3545,20.2,5,1.25,-21.87,468.81,-15.96,469.59
2026-08-08 14:53:42.835,100.0,24.0,162.0,-38.683,12.5689,91.3545,20.9,1,0.25,-21.62,468.74,-16.08,469.51
2026-08-08 14:53:43.091,100.0,24.0,162.0,-38.683,12.5689,91.3545,20.9,2,0.5,-21.62,468.74,-16.08,469.51
2026-08-08 14:53:43.347,100.0,24.0,162.0,-38.683,12.5689,91.3545,20.9,3,0.75,-21.62,468.74,-16.08,469.51
2026-08-08 14:53:43.586,100.0,24.0,162.0,-38.683,12.5689,91.3545,20.9,4,1.0,-21.64,468.74,-16.08,469.51
2026-08-08 14:53:43.842,100.0,24.0,162.0,-38.683,12.5689,91.3545,20.9,5,1.25,-21.64,468.74,-16.08,469.51
2026-08-08 14:53:47.089,100.0,24.0,156.0,-37.1572,16.5435,91.3545,,1,0.25,-21.6,468.85,-16.12,469.62
2026-08-08 14:53:47.345,100.0,24.0,156.0,-37.1572,16.5435,91.3545,,2,0.5,-21.6,468.85,-16.12,469.62
2026-08-08 14:53:47.585,100.0,24.0,156.0,-37.1572,16.5435,91.3545,,3,0.75,-21.59,468.8,-16.11,469.57
2026-08-08 14:53:47.841,100.0,24.0,156.0,-37.1572,16.5435,91.3545,,4,1.0,-21.59,468.8,-16.11,469.57
2026-08-08 14:53:48.096,100.0,24.0,156.0,-37.1572,16.5435,91.3545,,5,1.25,-21.58,468.87,-16.13,469.64
2026-08-08 14:53:51.343,100.0,24.0,150.0,-35.2244,20.3368,91.3545,20.1,1,0.25,-21.48,468.91,-16.04,469.67
2026-08-08 14:53:51.583,100.0,24.0,150.0,-35.2244,20.3368,91.3545,20.1,2,0.5,-21.48,468.91,-16.04,469.67
2026-08-08 14:53:51.839,100.0,24.0,150.0,-35.2244,20.3368,91.3545,20.1,3,0.75,-21.47,468.91,-16.04,469.67
2026-08-08 14:53:52.095,100.0,24.0,150.0,-35.2244,20.3368,91.3545,20.1,4,1.0,-21.47,468.91,-16.04,469.67
2026-08-08 14:53:52.334,100.0,24.0,150.0,-35.2244,20.3368,91.3545,20.1,5,1.25,-21.47,468.89,-16.06,469.65
2026-08-08 14:53:55.581,100.0,24.0,144.0,-32.9057,23.9074,91.3545,20.6,1,0.25,-21.41,468.94,-16.07,469.7
2026-08-08 14:53:58.092,100.0,24.0,144.0,-32.9057,23.9074,91.3545,20.6,2,0.5,-21.4,468.93,-16.08,469.69
2026-08-08 14:53:58.332,100.0,24.0,144.0,-32.9057,23.9074,91.3545,20.6,3,0.75,-21.41,469.0,-16.1,469.76
2026-08-08 14:54:00.843,100.0,24.0,144.0,-32.9057,23.9074,91.3545,20.6,4,1.0,-21.41,469.0,-16.1,469.76
2026-08-08 14:54:01.082,100.0,24.0,144.0,-32.9057,23.9074,91.3545,20.6,5,1.25,-21.4,469.04,-16.08,469.8
2026-08-08 14:54:04.345,100.0,24.0,138.0,-30.2264,27.216,91.3545,21.1,1,0.25,-21.54,469.1,-16.07,469.86
2026-08-08 14:54:04.585,100.0,24.0,138.0,-30.2264,27.216,91.3545,21.1,2,0.5,-21.54,469.1,-16.07,469.86
2026-08-08 14:54:04.841,100.0,24.0,138.0,-30.2264,27.216,91.3545,21.1,3,0.75,-21.54,469.13,-16.08,469.89
2026-08-08 14:54:05.097,100.0,24.0,138.0,-30.2264,27.216,91.3545,21.1,4,1.0,-21.54,469.13,-16.08,469.89
2026-08-08 14:54:05.336,100.0,24.0,138.0,-30.2264,27.216,91.3545,21.1,5,1.25,-21.53,469.12,-16.05,469.88
2026-08-08 14:54:08.583,100.0,24.0,132.0,-27.216,30.2264,91.3545,20.5,1,0.25,-21.54,469.21,-16.11,469.98
2026-08-08 14:54:08.839,100.0,24.0,132.0,-27.216,30.2264,91.3545,20.5,2,0.5,-21.56,469.21,-16.09,469.98
2026-08-08 14:54:09.095,100.0,24.0,132.0,-27.216,30.2264,91.3545,20.5,3,0.75,-21.56,469.21,-16.09,469.98
2026-08-08 14:54:09.335,100.0,24.0,132.0,-27.216,30.2264,91.3545,20.5,4,1.0,-21.56,469.21,-16.09,469.98
2026-08-08 14:54:09.591,100.0,24.0,132.0,-27.216,30.2264,91.3545,20.5,5,1.25,-21.55,469.23,-16.1,470.0
2026-08-08 14:54:12.837,100.0,24.0,126.0,-23.9074,32.9057,91.3545,20.1,1,0.25,-21.72,469.25,-16.21,470.03
2026-08-08 14:54:13.093,100.0,24.0,126.0,-23.9074,32.9057,91.3545,20.1,2,0.5,-21.72,469.24,-16.24,470.02
2026-08-08 14:54:13.333,100.0,24.0,126.0,-23.9074,32.9057,91.3545,20.1,3,0.75,-21.72,469.24,-16.24,470.02
2026-08-08 14:54:13.589,100.0,24.0,126.0,-23.9074,32.9057,91.3545,20.1,4,1.0,-21.72,469.23,-16.22,470.01
2026-08-08 14:54:13.845,100.0,24.0,126.0,-23.9074,32.9057,91.3545,20.1,5,1.25,-21.72,469.23,-16.22,470.01
2026-08-08 14:54:17.091,100.0,24.0,120.0,-20.3368,35.2244,91.3545,21.3,1,0.25,-21.71,469.26,-16.23,470.04
2026-08-08 14:54:17.331,100.0,24.0,120.0,-20.3368,35.2244,91.3545,21.3,2,0.5,-21.71,469.31,-16.23,470.09
2026-08-08 14:54:19.842,100.0,24.0,120.0,-20.3368,35.2244,91.3545,21.3,3,0.75,-21.69,469.3,-16.23,470.08
2026-08-08 14:54:20.082,100.0,24.0,120.0,-20.3368,35.2244,91.3545,21.3,4,1.0,-21.69,469.25,-16.23,470.03
2026-08-08 14:54:22.593,100.0,24.0,120.0,-20.3368,35.2244,91.3545,21.3,5,1.25,-21.7,469.26,-16.24,470.04
2026-08-08 14:54:25.839,100.0,24.0,114.0,-16.5435,37.1572,91.3545,20.5,1,0.25,-21.67,469.35,-16.44,470.13
2026-08-08 14:54:26.095,100.0,24.0,114.0,-16.5435,37.1572,91.3545,20.5,2,0.5,-21.68,469.33,-16.44,470.11
2026-08-08 14:54:26.335,100.0,24.0,114.0,-16.5435,37.1572,91.3545,20.5,3,0.75,-21.68,469.33,-16.44,470.11
2026-08-08 14:54:26.591,100.0,24.0,114.0,-16.5435,37.1572,91.3545,20.5,4,1.0,-21.68,469.34,-16.44,470.12
2026-08-08 14:54:26.831,100.0,24.0,114.0,-16.5435,37.1572,91.3545,20.5,5,1.25,-21.69,469.31,-16.45,470.09
2026-08-08 14:54:32.332,100.0,24.0,108.0,-12.5689,38.683,91.3545,,1,0.25,-21.76,469.32,-16.46,470.11
2026-08-08 14:54:32.588,100.0,24.0,108.0,-12.5689,38.683,91.3545,,2,0.5,-21.76,469.32,-16.46,470.11
2026-08-08 14:54:32.844,100.0,24.0,108.0,-12.5689,38.683,91.3545,,3,0.75,-21.77,469.34,-16.46,470.13
2026-08-08 14:54:33.084,100.0,24.0,108.0,-12.5689,38.683,91.3545,,4,1.0,-21.77,469.34,-16.46,470.13
2026-08-08 14:54:33.340,100.0,24.0,108.0,-12.5689,38.683,91.3545,,5,1.25,-21.76,469.29,-16.46,470.08
2026-08-08 14:54:36.586,100.0,24.0,102.0,-8.4565,39.7848,91.3545,20.8,1,0.25,-21.79,469.31,-16.55,470.1
2026-08-08 14:54:36.842,100.0,24.0,102.0,-8.4565,39.7848,91.3545,20.8,2,0.5,-21.79,469.31,-16.55,470.1
2026-08-08 14:54:37.082,100.0,24.0,102.0,-8.4565,39.7848,91.3545,20.8,3,0.75,-21.8,469.27,-16.55,470.06
2026-08-08 14:54:37.338,100.0,24.0,102.0,-8.4565,39.7848,91.3545,20.8,4,1.0,-21.8,469.27,-16.55,470.06
2026-08-08 14:54:37.594,100.0,24.0,102.0,-8.4565,39.7848,91.3545,20.8,5,1.25,-21.79,469.3,-16.55,470.09
2026-08-08 14:54:40.840,100.0,24.0,96.0,-4.2516,40.4508,91.3545,19.7,1,0.25,-22.01,469.21,-16.78,470.02
2026-08-08 14:54:41.096,100.0,24.0,96.0,-4.2516,40.4508,91.3545,19.7,2,0.5,-22.01,469.24,-16.77,470.05
2026-08-08 14:54:41.336,100.0,24.0,96.0,-4.2516,40.4508,91.3545,19.7,3,0.75,-22.01,469.24,-16.77,470.05
2026-08-08 14:54:41.592,100.0,24.0,96.0,-4.2516,40.4508,91.3545,19.7,4,1.0,-22.01,469.24,-16.77,470.05
2026-08-08 14:54:41.832,100.0,24.0,96.0,-4.2516,40.4508,91.3545,19.7,5,1.25,-22.02,469.22,-16.76,470.03
2026-08-08 14:54:45.206,100.0,24.0,90.0,0.0,40.6737,91.3545,20.5,1,0.25,-22.23,469.17,-16.85,469.99
2026-08-08 14:54:45.462,100.0,24.0,90.0,0.0,40.6737,91.3545,20.5,2,0.5,-22.24,469.11,-16.85,469.93
2026-08-08 14:54:45.718,100.0,24.0,90.0,0.0,40.6737,91.3545,20.5,3,0.75,-22.24,469.11,-16.85,469.93
2026-08-08 14:54:45.958,100.0,24.0,90.0,0.0,40.6737,91.3545,20.5,4,1.0,-22.24,469.12,-16.86,469.94
2026-08-08 14:54:46.214,100.0,24.0,90.0,0.0,40.6737,91.3545,20.5,5,1.25,-22.24,469.12,-16.86,469.94
2026-08-08 14:54:49.588,100.0,24.0,84.0,4.2516,40.4508,91.3545,20.9,1,0.25,-22.17,468.98,-16.9,469.8
2026-08-08 14:54:49.844,100.0,24.0,84.0,4.2516,40.4508,91.3545,20.9,2,0.5,-22.17,468.98,-16.9,469.8
2026-08-08 14:54:50.084,100.0,24.0,84.0,4.2516,40.4508,91.3545,20.9,3,0.75,-22.17,468.99,-16.9,469.81
2026-08-08 14:54:50.340,100.0,24.0,84.0,4.2516,40.4508,91.3545,20.9,4,1.0,-22.17,468.99,-16.9,469.81
2026-08-08 14:54:50.596,100.0,24.0,84.0,4.2516,40.4508,91.3545,20.9,5,1.25,-22.18,469.04,-16.88,469.86
2026-08-08 14:54:53.843,100.0,24.0,78.0,8.4565,39.7848,91.3545,20.0,1,0.25,-22.27,468.97,-16.87,469.8
2026-08-08 14:54:54.082,100.0,24.0,78.0,8.4565,39.7848,91.3545,20.0,2,0.5,-22.27,468.97,-16.87,469.8
2026-08-08 14:54:54.338,100.0,24.0,78.0,8.4565,39.7848,91.3545,20.0,3,0.75,-22.27,468.93,-16.86,469.76
2026-08-08 14:54:54.594,100.0,24.0,78.0,8.4565,39.7848,91.3545,20.0,4,1.0,-22.27,468.93,-16.86,469.76
2026-08-08 14:54:54.834,100.0,24.0,78.0,8.4565,39.7848,91.3545,20.0,5,1.25,-22.28,468.98,-16.87,469.81
2026-08-08 14:54:58.081,100.0,24.0,72.0,12.5689,38.683,91.3545,21.1,1,0.25,-22.04,468.89,-16.88,469.71
2026-08-08 14:55:00.591,100.0,24.0,72.0,12.5689,38.683,91.3545,21.1,2,0.5,-22.02,468.91,-16.9,469.73
2026-08-08 14:55:00.831,100.0,24.0,72.0,12.5689,38.683,91.3545,21.1,3,0.75,-22.03,468.9,-16.87,469.72
2026-08-08 14:55:03.342,100.0,24.0,72.0,12.5689,38.683,91.3545,21.1,4,1.0,-22.03,468.9,-16.87,469.72
2026-08-08 14:55:03.582,100.0,24.0,72.0,12.5689,38.683,91.3545,21.1,5,1.25,-22.04,468.95,-16.88,469.77
2026-08-08 14:55:06.844,100.0,24.0,66.0,16.5435,37.1572,91.3545,20.5,1,0.25,-22.02,468.8,-16.96,469.62
2026-08-08 14:55:07.084,100.0,24.0,66.0,16.5435,37.1572,91.3545,20.5,2,0.5,-22.02,468.8,-16.96,469.62
2026-08-08 14:55:07.340,100.0,24.0,66.0,16.5435,37.1572,91.3545,20.5,3,0.75,-22.02,468.8,-16.97,469.62
2026-08-08 14:55:07.596,100.0,24.0,66.0,16.5435,37.1572,91.3545,20.5,4,1.0,-22.02,468.8,-16.97,469.62
2026-08-08 14:55:07.836,100.0,24.0,66.0,16.5435,37.1572,91.3545,20.5,5,1.25,-22.01,468.83,-16.97,469.65
2026-08-08 14:55:11.083,100.0,24.0,60.0,20.3368,35.2244,91.3545,20.1,1,0.25,-22.14,468.72,-16.92,469.54
2026-08-08 14:55:11.338,100.0,24.0,60.0,20.3368,35.2244,91.3545,20.1,2,0.5,-22.14,468.72,-16.92,469.54
2026-08-08 14:55:11.594,100.0,24.0,60.0,20.3368,35.2244,91.3545,20.1,3,0.75,-22.14,468.72,-16.92,469.54
2026-08-08 14:55:11.834,100.0,24.0,60.0,20.3368,35.2244,91.3545,20.1,4,1.0,-22.15,468.71,-16.92,469.53
2026-08-08 14:55:12.090,100.0,24.0,60.0,20.3368,35.2244,91.3545,20.1,5,1.25,-22.15,468.71,-16.92,469.53
2026-08-08 14:55:15.337,100.0,24.0,54.0,23.9074,32.9057,91.3545,20.5,1,0.25,-22.25,468.68,-17.06,469.51
2026-08-08 14:55:15.593,100.0,24.0,54.0,23.9074,32.9057,91.3545,20.5,2,0.5,-22.24,468.69,-17.06,469.52
2026-08-08 14:55:15.832,100.0,24.0,54.0,23.9074,32.9057,91.3545,20.5,3,0.75,-22.24,468.69,-17.06,469.52
2026-08-08 14:55:16.088,100.0,24.0,54.0,23.9074,32.9057,91.3545,20.5,4,1.0,-22.24,468.64,-17.05,469.47
2026-08-08 14:55:16.344,100.0,24.0,54.0,23.9074,32.9057,91.3545,20.5,5,1.25,-22.24,468.64,-17.05,469.47
2026-08-08 14:55:19.591,100.0,24.0,48.0,27.216,30.2264,91.3545,20.2,1,0.25,-22.25,468.63,-16.98,469.46
2026-08-08 14:55:19.831,100.0,24.0,48.0,27.216,30.2264,91.3545,20.2,2,0.5,-22.25,468.52,-16.99,469.35
2026-08-08 14:55:22.341,100.0,24.0,48.0,27.216,30.2264,91.3545,20.2,3,0.75,-22.25,468.5,-16.98,469.33
2026-08-08 14:55:22.581,100.0,24.0,48.0,27.216,30.2264,91.3545,20.2,4,1.0,-22.26,468.55,-17.0,469.38
2026-08-08 14:55:25.092,100.0,24.0,48.0,27.216,30.2264,91.3545,20.2,5,1.25,-22.26,468.55,-17.0,469.38
2026-08-08 14:55:28.339,100.0,24.0,42.0,30.2264,27.216,91.3545,20.2,1,0.25,-22.28,468.45,-17.07,469.29
2026-08-08 14:55:28.595,100.0,24.0,42.0,30.2264,27.216,91.3545,20.2,2,0.5,-22.27,468.46,-17.08,469.29
2026-08-08 14:55:28.834,100.0,24.0,42.0,30.2264,27.216,91.3545,20.2,3,0.75,-22.27,468.46,-17.08,469.29
2026-08-08 14:55:29.090,100.0,24.0,42.0,30.2264,27.216,91.3545,20.2,4,1.0,-22.28,468.43,-17.07,469.27
2026-08-08 14:55:29.330,100.0,24.0,42.0,30.2264,27.216,91.3545,20.2,5,1.25,-22.27,468.45,-17.06,469.28
2026-08-08 14:55:34.832,100.0,24.0,36.0,32.9057,23.9074,91.3545,20.5,1,0.25,-22.13,468.3,-17.08,469.13
2026-08-08 14:55:35.088,100.0,24.0,36.0,32.9057,23.9074,91.3545,20.5,2,0.5,-22.13,468.3,-17.08,469.13
2026-08-08 14:55:35.343,100.0,24.0,36.0,32.9057,23.9074,91.3545,20.5,3,0.75,-22.13,468.27,-17.06,469.1
2026-08-08 14:55:35.583,100.0,24.0,36.0,32.9057,23.9074,91.3545,20.5,4,1.0,-22.13,468.27,-17.06,469.1
2026-08-08 14:55:35.839,100.0,24.0,36.0,32.9057,23.9074,91.3545,20.5,5,1.25,-22.14,468.3,-17.06,469.13
2026-08-08 14:55:39.086,100.0,24.0,30.0,35.2244,20.3368,91.3545,19.7,1,0.25,-21.89,468.3,-17.11,469.12
2026-08-08 14:55:39.342,100.0,24.0,30.0,35.2244,20.3368,91.3545,19.7,2,0.5,-21.89,468.3,-17.11,469.12
2026-08-08 14:55:39.582,100.0,24.0,30.0,35.2244,20.3368,91.3545,19.7,3,0.75,-21.91,468.27,-17.12,469.09
2026-08-08 14:55:39.838,100.0,24.0,30.0,35.2244,20.3368,91.3545,19.7,4,1.0,-21.91,468.27,-17.12,469.09
2026-08-08 14:55:40.093,100.0,24.0,30.0,35.2244,20.3368,91.3545,19.7,5,1.25,-21.9,468.24,-17.11,469.06
2026-08-08 14:55:43.340,100.0,24.0,24.0,37.1572,16.5435,91.3545,21.3,1,0.25,-21.71,468.23,-17.2,469.04
2026-08-08 14:55:43.596,100.0,24.0,24.0,37.1572,16.5435,91.3545,21.3,2,0.5,-21.72,468.2,-17.2,469.01
2026-08-08 14:55:43.836,100.0,24.0,24.0,37.1572,16.5435,91.3545,21.3,3,0.75,-21.72,468.2,-17.2,469.01
2026-08-08 14:55:44.092,100.0,24.0,24.0,37.1572,16.5435,91.3545,21.3,4,1.0,-21.71,468.23,-17.2,469.04
2026-08-08 14:55:44.331,100.0,24.0,24.0,37.1572,16.5435,91.3545,21.3,5,1.25,-21.71,468.23,-17.2,469.04
2026-08-08 14:55:47.594,100.0,24.0,18.0,38.683,12.5689,91.3545,20.9,1,0.25,-21.7,468.19,-17.19,469.0
2026-08-08 14:55:47.834,100.0,24.0,18.0,38.683,12.5689,91.3545,20.9,2,0.5,-21.7,468.24,-17.19,469.05
2026-08-08 14:55:48.090,100.0,24.0,18.0,38.683,12.5689,91.3545,20.9,3,0.75,-21.7,468.24,-17.19,469.05
2026-08-08 14:55:48.345,100.0,24.0,18.0,38.683,12.5689,91.3545,20.9,4,1.0,-21.7,468.18,-17.19,468.99
2026-08-08 14:55:48.585,100.0,24.0,18.0,38.683,12.5689,91.3545,20.9,5,1.25,-21.7,468.18,-17.19,468.99
2026-08-08 14:55:51.832,100.0,24.0,12.0,39.7848,8.4565,91.3545,20.1,1,0.25,-21.63,468.26,-17.11,469.07
2026-08-08 14:55:52.088,100.0,24.0,12.0,39.7848,8.4565,91.3545,20.1,2,0.5,-21.64,468.24,-17.11,469.05
2026-08-08 14:55:52.344,100.0,24.0,12.0,39.7848,8.4565,91.3545,20.1,3,0.75,-21.64,468.24,-17.11,469.05
2026-08-08 14:55:52.584,100.0,24.0,12.0,39.7848,8.4565,91.3545,20.1,4,1.0,-21.64,468.29,-17.13,469.1
2026-08-08 14:55:52.839,100.0,24.0,12.0,39.7848,8.4565,91.3545,20.1,5,1.25,-21.64,468.29,-17.13,469.1
2026-08-08 14:55:56.214,100.0,24.0,6.0,40.4508,4.2516,91.3545,20.8,1,0.25,-21.51,468.27,-17.05,469.07
2026-08-08 14:55:56.470,100.0,24.0,6.0,40.4508,4.2516,91.3545,20.8,2,0.5,-21.51,468.27,-17.05,469.07
2026-08-08 14:55:56.710,100.0,24.0,6.0,40.4508,4.2516,91.3545,20.8,3,0.75,-21.51,468.28,-17.04,469.08
2026-08-08 14:55:56.966,100.0,24.0,6.0,40.4508,4.2516,91.3545,20.8,4,1.0,-21.51,468.28,-17.04,469.08
2026-08-08 14:55:57.205,100.0,24.0,6.0,40.4508,4.2516,91.3545,20.8,5,1.25,-21.52,468.28,-17.04,469.08
2026-08-08 14:56:00.580,100.0,24.0,0.0,40.6737,0.0,91.3545,20.5,1,0.25,-21.29,468.29,-16.98,469.08
2026-08-08 14:56:03.091,100.0,24.0,0.0,40.6737,0.0,91.3545,20.5,2,0.5,-21.29,468.29,-16.98,469.08
2026-08-08 14:56:03.331,100.0,24.0,0.0,40.6737,0.0,91.3545,20.5,3,0.75,-21.3,468.25,-16.96,469.04
2026-08-08 14:56:05.841,100.0,24.0,0.0,40.6737,0.0,91.3545,20.5,4,1.0,-21.3,468.25,-16.96,469.04
2026-08-08 14:56:06.081,100.0,24.0,0.0,40.6737,0.0,91.3545,20.5,5,1.25,-21.31,468.28,-16.96,469.07
2026-08-08 14:56:09.968,100.0,30.0,0.0,50.0,0.0,86.6025,20.5,1,0.25,-21.25,467.94,-17.1,468.73
2026-08-08 14:56:10.208,100.0,30.0,0.0,50.0,0.0,86.6025,20.5,2,0.5,-21.25,467.93,-17.11,468.72
2026-08-08 14:56:10.463,100.0,30.0,0.0,50.0,0.0,86.6025,20.5,3,0.75,-21.25,467.93,-17.11,468.72
2026-08-08 14:56:10.719,100.0,30.0,0.0,50.0,0.0,86.6025,20.5,4,1.0,-21.25,467.92,-17.08,468.71
2026-08-08 14:56:10.959,100.0,30.0,0.0,50.0,0.0,86.6025,20.5,5,1.25,-21.25,467.92,-17.08,468.71
2026-08-08 14:56:14.334,100.0,30.0,6.0,49.7261,5.2264,86.6025,19.3,1,0.25,-21.43,467.94,-17.1,468.74
2026-08-08 14:56:14.590,100.0,30.0,6.0,49.7261,5.2264,86.6025,19.3,2,0.5,-21.43,467.94,-17.1,468.74
2026-08-08 14:56:14.845,100.0,30.0,6.0,49.7261,5.2264,86.6025,19.3,3,0.75,-21.43,467.97,-17.12,468.77
2026-08-08 14:56:15.085,100.0,30.0,6.0,49.7261,5.2264,86.6025,19.3,4,1.0,-21.43,467.97,-17.12,468.77
2026-08-08 14:56:15.341,100.0,30.0,6.0,49.7261,5.2264,86.6025,19.3,5,1.25,-21.43,467.93,-17.1,468.73
2026-08-08 14:56:18.716,100.0,30.0,12.0,48.9074,10.3956,86.6025,20.3,1,0.25,-21.74,467.95,-17.15,468.76
2026-08-08 14:56:18.956,100.0,30.0,12.0,48.9074,10.3956,86.6025,20.3,2,0.5,-21.74,467.95,-17.15,468.76
2026-08-08 14:56:19.211,100.0,30.0,12.0,48.9074,10.3956,86.6025,20.3,3,0.75,-21.73,467.95,-17.14,468.76
2026-08-08 14:56:19.467,100.0,30.0,12.0,48.9074,10.3956,86.6025,20.3,4,1.0,-21.73,467.95,-17.14,468.76
2026-08-08 14:56:19.707,100.0,30.0,12.0,48.9074,10.3956,86.6025,20.3,5,1.25,-21.74,467.99,-17.14,468.8
2026-08-08 14:56:23.082,100.0,30.0,18.0,47.5528,15.4508,86.6025,20.9,1,0.25,-21.83,468.0,-17.19,468.82
2026-08-08 14:56:23.338,100.0,30.0,18.0,47.5528,15.4508,86.6025,20.9,2,0.5,-21.84,468.07,-17.21,468.89
2026-08-08 14:56:23.593,100.0,30.0,18.0,47.5528,15.4508,86.6025,20.9,3,0.75,-21.84,468.07,-17.21,468.89
2026-08-08 14:56:23.833,100.0,30.0,18.0,47.5528,15.4508,86.6025,20.9,4,1.0,-21.85,468.03,-17.21,468.85
2026-08-08 14:56:24.089,100.0,30.0,18.0,47.5528,15.4508,86.6025,20.9,5,1.25,-21.85,468.03,-17.21,468.85
2026-08-08 14:56:27.464,100.0,30.0,24.0,45.6773,20.3368,86.6025,21.0,1,0.25,-22.05,468.01,-17.26,468.84
2026-08-08 14:56:27.719,100.0,30.0,24.0,45.6773,20.3368,86.6025,21.0,2,0.5,-22.05,468.01,-17.26,468.84
2026-08-08 14:56:27.959,100.0,30.0,24.0,45.6773,20.3368,86.6025,21.0,3,0.75,-22.05,467.97,-17.26,468.8
2026-08-08 14:56:28.215,100.0,30.0,24.0,45.6773,20.3368,86.6025,21.0,4,1.0,-22.05,467.97,-17.26,468.8
2026-08-08 14:56:28.455,100.0,30.0,24.0,45.6773,20.3368,86.6025,21.0,5,1.25,-22.05,467.96,-17.25,468.79
2026-08-08 14:56:31.830,100.0,30.0,30.0,43.3013,25.0,86.6025,19.9,1,0.25,-22.19,468.04,-17.31,468.88
2026-08-08 14:56:34.341,100.0,30.0,30.0,43.3013,25.0,86.6025,19.9,2,0.5,-22.19,468.04,-17.31,468.88
2026-08-08 14:56:34.580,100.0,30.0,30.0,43.3013,25.0,86.6025,19.9,3,0.75,-22.19,468.09,-17.31,468.93
2026-08-08 14:56:37.091,100.0,30.0,30.0,43.3013,25.0,86.6025,19.9,4,1.0,-22.19,468.09,-17.31,468.93
2026-08-08 14:56:37.331,100.0,30.0,30.0,43.3013,25.0,86.6025,19.9,5,1.25,-22.18,468.08,-17.3,468.92
2026-08-08 14:56:40.706,100.0,30.0,36.0,40.4508,29.3893,86.6025,20.6,1,0.25,-22.33,468.12,-17.23,468.96
2026-08-08 14:56:40.962,100.0,30.0,36.0,40.4508,29.3893,86.6025,20.6,2,0.5,-22.32,468.16,-17.24,469.0
2026-08-08 14:56:41.217,100.0,30.0,36.0,40.4508,29.3893,86.6025,20.6,3,0.75,-22.32,468.16,-17.24,469.0
2026-08-08 14:56:41.457,100.0,30.0,36.0,40.4508,29.3893,86.6025,20.6,4,1.0,-22.33,468.17,-17.24,469.01
2026-08-08 14:56:41.713,100.0,30.0,36.0,40.4508,29.3893,86.6025,20.6,5,1.25,-22.33,468.17,-17.24,469.01
2026-08-08 14:56:44.960,100.0,30.0,42.0,37.1572,33.4565,86.6025,19.8,1,0.25,-22.44,468.26,-17.25,469.11
2026-08-08 14:56:45.216,100.0,30.0,42.0,37.1572,33.4565,86.6025,19.8,2,0.5,-22.44,468.26,-17.24,469.11
2026-08-08 14:56:45.456,100.0,30.0,42.0,37.1572,33.4565,86.6025,19.8,3,0.75,-22.44,468.26,-17.24,469.11
2026-08-08 14:56:45.711,100.0,30.0,42.0,37.1572,33.4565,86.6025,19.8,4,1.0,-22.44,468.28,-17.24,469.13
2026-08-08 14:56:45.967,100.0,30.0,42.0,37.1572,33.4565,86.6025,19.8,5,1.25,-22.44,468.28,-17.24,469.13
2026-08-08 14:56:49.214,100.0,30.0,48.0,33.4565,37.1572,86.6025,20.5,1,0.25,-22.62,468.43,-17.23,469.29
2026-08-08 14:56:49.470,100.0,30.0,48.0,33.4565,37.1572,86.6025,20.5,2,0.5,-22.62,468.43,-17.23,469.29
2026-08-08 14:56:49.710,100.0,30.0,48.0,33.4565,37.1572,86.6025,20.5,3,0.75,-22.62,468.43,-17.24,469.29
2026-08-08 14:56:49.966,100.0,30.0,48.0,33.4565,37.1572,86.6025,20.5,4,1.0,-22.62,468.43,-17.24,469.29
2026-08-08 14:56:50.205,100.0,30.0,48.0,33.4565,37.1572,86.6025,20.5,5,1.25,-22.64,468.38,-17.23,469.24
2026-08-08 14:56:53.468,100.0,30.0,54.0,29.3893,40.4508,86.6025,19.6,1,0.25,-22.67,468.52,-17.15,469.38
2026-08-08 14:56:53.708,100.0,30.0,54.0,29.3893,40.4508,86.6025,19.6,2,0.5,-22.67,468.52,-17.15,469.38
2026-08-08 14:56:53.964,100.0,30.0,54.0,29.3893,40.4508,86.6025,19.6,3,0.75,-22.67,468.55,-17.16,469.41
2026-08-08 14:56:54.219,100.0,30.0,54.0,29.3893,40.4508,86.6025,19.6,4,1.0,-22.67,468.55,-17.16,469.41
2026-08-08 14:56:54.459,100.0,30.0,54.0,29.3893,40.4508,86.6025,19.6,5,1.25,-22.68,468.61,-17.16,469.47
2026-08-08 14:56:57.834,100.0,30.0,60.0,25.0,43.3013,86.6025,20.5,1,0.25,-22.67,468.75,-17.07,469.6
2026-08-08 14:56:58.090,100.0,30.0,60.0,25.0,43.3013,86.6025,20.5,2,0.5,-22.66,468.71,-17.07,469.56
2026-08-08 14:56:58.330,100.0,30.0,60.0,25.0,43.3013,86.6025,20.5,3,0.75,-22.67,468.76,-17.07,469.61
2026-08-08 14:57:00.840,100.0,30.0,60.0,25.0,43.3013,86.6025,20.5,4,1.0,-22.67,468.77,-17.07,469.62
2026-08-08 14:57:01.080,100.0,30.0,60.0,25.0,43.3013,86.6025,20.5,5,1.25,-22.67,468.74,-17.1,469.59
2026-08-08 14:57:06.710,100.0,30.0,66.0,20.3368,45.6773,86.6025,21.2,1,0.25,-22.63,468.88,-17.19,469.74
2026-08-08 14:57:06.966,100.0,30.0,66.0,20.3368,45.6773,86.6025,21.2,2,0.5,-22.64,468.83,-17.2,469.69
2026-08-08 14:57:07.206,100.0,30.0,66.0,20.3368,45.6773,86.6025,21.2,3,0.75,-22.64,468.83,-17.2,469.69
2026-08-08 14:57:07.461,100.0,30.0,66.0,20.3368,45.6773,86.6025,21.2,4,1.0,-22.62,468.82,-17.2,469.68
2026-08-08 14:57:07.717,100.0,30.0,66.0,20.3368,45.6773,86.6025,21.2,5,1.25,-22.62,468.82,-17.2,469.68
2026-08-08 14:57:11.092,100.0,30.0,72.0,15.4508,47.5528,86.6025,19.9,1,0.25,-22.47,468.99,-17.03,469.83
2026-08-08 14:57:11.332,100.0,30.0,72.0,15.4508,47.5528,86.6025,19.9,2,0.5,-22.47,468.99,-17.03,469.83
2026-08-08 14:57:11.588,100.0,30.0,72.0,15.4508,47.5528,86.6025,19.9,3,0.75,-22.49,469.02,-17.04,469.86
2026-08-08 14:57:11.843,100.0,30.0,72.0,15.4508,47.5528,86.6025,19.9,4,1.0,-22.49,469.02,-17.04,469.86
2026-08-08 14:57:12.083,100.0,30.0,72.0,15.4508,47.5528,86.6025,19.9,5,1.25,-22.49,469.01,-17.03,469.85
2026-08-08 14:57:15.458,100.0,30.0,78.0,10.3956,48.9074,86.6025,20.8,1,0.25,-22.49,469.08,-17.02,469.92
2026-08-08 14:57:15.714,100.0,30.0,78.0,10.3956,48.9074,86.6025,20.8,2,0.5,-22.5,469.07,-17.01,469.91
2026-08-08 14:57:15.970,100.0,30.0,78.0,10.3956,48.9074,86.6025,20.8,3,0.75,-22.5,469.07,-17.01,469.91
2026-08-08 14:57:16.209,100.0,30.0,78.0,10.3956,48.9074,86.6025,20.8,4,1.0,-22.49,469.1,-17.0,469.94
2026-08-08 14:57:16.465,100.0,30.0,78.0,10.3956,48.9074,86.6025,20.8,5,1.25,-22.49,469.1,-17.0,469.94
2026-08-08 14:57:19.840,100.0,30.0,84.0,5.2264,49.7261,86.6025,20.5,1,0.25,-22.27,469.21,-16.99,470.04
2026-08-08 14:57:20.080,100.0,30.0,84.0,5.2264,49.7261,86.6025,20.5,2,0.5,-22.25,469.24,-16.98,470.07
2026-08-08 14:57:22.590,100.0,30.0,84.0,5.2264,49.7261,86.6025,20.5,3,0.75,-22.26,469.22,-17.0,470.05
2026-08-08 14:57:22.830,100.0,30.0,84.0,5.2264,49.7261,86.6025,20.5,4,1.0,-22.29,469.26,-17.0,470.09
2026-08-08 14:57:25.341,100.0,30.0,84.0,5.2264,49.7261,86.6025,20.5,5,1.25,-22.29,469.26,-17.0,470.09
2026-08-08 14:57:28.716,100.0,30.0,90.0,0.0,50.0,86.6025,20.0,1,0.25,-22.3,469.35,-16.87,470.18
2026-08-08 14:57:28.956,100.0,30.0,90.0,0.0,50.0,86.6025,20.0,2,0.5,-22.3,469.35,-16.87,470.18
2026-08-08 14:57:29.211,100.0,30.0,90.0,0.0,50.0,86.6025,20.0,3,0.75,-22.3,469.38,-16.86,470.21
2026-08-08 14:57:29.467,100.0,30.0,90.0,0.0,50.0,86.6025,20.0,4,1.0,-22.3,469.38,-16.86,470.21
2026-08-08 14:57:29.707,100.0,30.0,90.0,0.0,50.0,86.6025,20.0,5,1.25,-22.3,469.38,-16.86,470.21
2026-08-08 14:57:33.082,100.0,30.0,96.0,-5.2264,49.7261,86.6025,20.2,1,0.25,-22.15,469.32,-16.77,470.14
2026-08-08 14:57:33.338,100.0,30.0,96.0,-5.2264,49.7261,86.6025,20.2,2,0.5,-22.15,469.32,-16.77,470.14
2026-08-08 14:57:33.593,100.0,30.0,96.0,-5.2264,49.7261,86.6025,20.2,3,0.75,-22.16,469.37,-16.76,470.19
2026-08-08 14:57:33.833,100.0,30.0,96.0,-5.2264,49.7261,86.6025,20.2,4,1.0,-22.16,469.37,-16.76,470.19
2026-08-08 14:57:34.089,100.0,30.0,96.0,-5.2264,49.7261,86.6025,20.2,5,1.25,-22.16,469.36,-16.75,470.18
2026-08-08 14:57:37.464,100.0,30.0,102.0,-10.3956,48.9074,86.6025,19.4,1,0.25,-22.02,469.4,-16.51,470.2
2026-08-08 14:57:37.720,100.0,30.0,102.0,-10.3956,48.9074,86.6025,19.4,2,0.5,-22.02,469.4,-16.51,470.2
2026-08-08 14:57:37.959,100.0,30.0,102.0,-10.3956,48.9074,86.6025,19.4,3,0.75,-22.02,469.4,-16.51,470.2
2026-08-08 14:57:38.215,100.0,30.0,102.0,-10.3956,48.9074,86.6025,19.4,4,1.0,-22.02,469.39,-16.52,470.19
2026-08-08 14:57:38.455,100.0,30.0,102.0,-10.3956,48.9074,86.6025,19.4,5,1.25,-22.02,469.39,-16.52,470.19
2026-08-08 14:57:41.830,100.0,30.0,108.0,-15.4508,47.5528,86.6025,20.9,1,0.25,-21.81,469.44,-16.29,470.22
2026-08-08 14:57:44.341,100.0,30.0,108.0,-15.4508,47.5528,86.6025,20.9,2,0.5,-21.8,469.42,-16.28,470.2
2026-08-08 14:57:44.580,100.0,30.0,108.0,-15.4508,47.5528,86.6025,20.9,3,0.75,-21.81,469.37,-16.29,470.15
2026-08-08 14:57:47.091,100.0,30.0,108.0,-15.4508,47.5528,86.6025,20.9,4,1.0,-21.81,469.39,-16.28,470.17
2026-08-08 14:57:47.331,100.0,30.0,108.0,-15.4508,47.5528,86.6025,20.9,5,1.25,-21.81,469.39,-16.28,470.17
2026-08-08 14:57:50.706,100.0,30.0,114.0,-20.3368,45.6773,86.6025,20.1,1,0.25,-21.83,469.39,-16.35,470.18
2026-08-08 14:57:50.962,100.0,30.0,114.0,-20.3368,45.6773,86.6025,20.1,2,0.5,-21.83,469.39,-16.35,470.18
2026-08-08 14:57:51.217,100.0,30.0,114.0,-20.3368,45.6773,86.6025,20.1,3,0.75,-21.83,469.4,-16.35,470.19
2026-08-08 14:57:51.457,100.0,30.0,114.0,-20.3368,45.6773,86.6025,20.1,4,1.0,-21.83,469.4,-16.35,470.19
2026-08-08 14:57:51.713,100.0,30.0,114.0,-20.3368,45.6773,86.6025,20.1,5,1.25,-21.83,469.37,-16.34,470.16
2026-08-08 14:57:55.088,100.0,30.0,120.0,-25.0,43.3013,86.6025,20.9,1,0.25,-21.74,469.36,-16.05,470.13
2026-08-08 14:57:55.343,100.0,30.0,120.0,-25.0,43.3013,86.6025,20.9,2,0.5,-21.74,469.34,-16.05,470.11
2026-08-08 14:57:55.583,100.0,30.0,120.0,-25.0,43.3013,86.6025,20.9,3,0.75,-21.74,469.34,-16.05,470.11
2026-08-08 14:57:55.839,100.0,30.0,120.0,-25.0,43.3013,86.6025,20.9,4,1.0,-21.75,469.36,-16.05,470.13
2026-08-08 14:57:56.095,100.0,30.0,120.0,-25.0,43.3013,86.6025,20.9,5,1.25,-21.75,469.36,-16.05,470.13
2026-08-08 14:57:59.470,100.0,30.0,126.0,-29.3893,40.4508,86.6025,20.4,1,0.25,-21.56,469.26,-15.98,470.02
2026-08-08 14:57:59.710,100.0,30.0,126.0,-29.3893,40.4508,86.6025,20.4,2,0.5,-21.56,469.26,-15.98,470.02
2026-08-08 14:57:59.965,100.0,30.0,126.0,-29.3893,40.4508,86.6025,20.4,3,0.75,-21.58,469.27,-16.0,470.03
2026-08-08 14:58:00.205,100.0,30.0,126.0,-29.3893,40.4508,86.6025,20.4,4,1.0,-21.58,469.27,-16.0,470.03
2026-08-08 14:58:00.461,100.0,30.0,126.0,-29.3893,40.4508,86.6025,20.4,5,1.25,-21.57,469.32,-15.99,470.08
2026-08-08 14:58:03.708,100.0,30.0,132.0,-33.4565,37.1572,86.6025,20.7,1,0.25,-21.35,469.2,-15.87,469.95
2026-08-08 14:58:03.964,100.0,30.0,132.0,-33.4565,37.1572,86.6025,20.7,2,0.5,-21.35,469.2,-15.87,469.95
2026-08-08 14:58:04.219,100.0,30.0,132.0,-33.4565,37.1572,86.6025,20.7,3,0.75,-21.37,469.19,-15.87,469.94
2026-08-08 14:58:04.459,100.0,30.0,132.0,-33.4565,37.1572,86.6025,20.7,4,1.0,-21.37,469.19,-15.87,469.94
2026-08-08 14:58:04.715,100.0,30.0,132.0,-33.4565,37.1572,86.6025,20.7,5,1.25,-21.37,469.19,-15.87,469.94
2026-08-08 14:58:07.962,100.0,30.0,138.0,-37.1572,33.4565,86.6025,20.2,1,0.25,-21.66,469.08,-15.87,469.84
2026-08-08 14:58:08.218,100.0,30.0,138.0,-37.1572,33.4565,86.6025,20.2,2,0.5,-21.66,469.08,-15.87,469.84
2026-08-08 14:58:08.458,100.0,30.0,138.0,-37.1572,33.4565,86.6025,20.2,3,0.75,-21.64,469.06,-15.89,469.82
2026-08-08 14:58:08.713,100.0,30.0,138.0,-37.1572,33.4565,86.6025,20.2,4,1.0,-21.64,469.06,-15.89,469.82
2026-08-08 14:58:08.969,100.0,30.0,138.0,-37.1572,33.4565,86.6025,20.2,5,1.25,-21.65,469.07,-15.87,469.83
2026-08-08 14:58:12.216,100.0,30.0,144.0,-40.4508,29.3893,86.6025,20.2,1,0.25,-21.51,468.98,-15.74,469.73
2026-08-08 14:58:12.456,100.0,30.0,144.0,-40.4508,29.3893,86.6025,20.2,2,0.5,-21.52,468.95,-15.74,469.7
2026-08-08 14:58:12.712,100.0,30.0,144.0,-40.4508,29.3893,86.6025,20.2,3,0.75,-21.52,468.95,-15.74,469.7
2026-08-08 14:58:12.968,100.0,30.0,144.0,-40.4508,29.3893,86.6025,20.2,4,1.0,-21.51,468.92,-15.73,469.67
2026-08-08 14:58:13.207,100.0,30.0,144.0,-40.4508,29.3893,86.6025,20.2,5,1.25,-21.51,468.92,-15.73,469.67
2026-08-08 14:58:16.582,100.0,30.0,150.0,-43.3013,25.0,86.6025,20.1,1,0.25,-21.29,468.89,-15.7,469.63
2026-08-08 14:58:16.838,100.0,30.0,150.0,-43.3013,25.0,86.6025,20.1,2,0.5,-21.29,468.89,-15.7,469.63
2026-08-08 14:58:17.093,100.0,30.0,150.0,-43.3013,25.0,86.6025,20.1,3,0.75,-21.28,468.86,-15.71,469.6
2026-08-08 14:58:17.334,100.0,30.0,150.0,-43.3013,25.0,86.6025,20.1,4,1.0,-21.28,468.86,-15.71,469.6
2026-08-08 14:58:17.589,100.0,30.0,150.0,-43.3013,25.0,86.6025,20.1,5,1.25,-21.28,468.86,-15.71,469.6
2026-08-08 14:58:20.964,100.0,30.0,156.0,-45.6773,20.3368,86.6025,20.0,1,0.25,-21.42,468.76,-15.74,469.51
2026-08-08 14:58:21.220,100.0,30.0,156.0,-45.6773,20.3368,86.6025,20.0,2,0.5,-21.42,468.76,-15.74,469.51
2026-08-08 14:58:21.460,100.0,30.0,156.0,-45.6773,20.3368,86.6025,20.0,3,0.75,-21.43,468.76,-15.74,469.51
2026-08-08 14:58:21.715,100.0,30.0,156.0,-45.6773,20.3368,86.6025,20.0,4,1.0,-21.43,468.76,-15.74,469.51
2026-08-08 14:58:21.955,100.0,30.0,156.0,-45.6773,20.3368,86.6025,20.0,5,1.25,-21.42,468.84,-15.74,469.59
2026-08-08 14:58:25.330,100.0,30.0,162.0,-47.5528,15.4508,86.6025,20.5,1,0.25,-21.71,468.65,-15.76,469.41
2026-08-08 14:58:27.841,100.0,30.0,162.0,-47.5528,15.4508,86.6025,20.5,2,0.5,-21.71,468.65,-15.76,469.41
2026-08-08 14:58:28.081,100.0,30.0,162.0,-47.5528,15.4508,86.6025,20.5,3,0.75,-21.72,468.64,-15.77,469.4
2026-08-08 14:58:28.337,100.0,30.0,162.0,-47.5528,15.4508,86.6025,20.5,4,1.0,-21.72,468.64,-15.77,469.4
2026-08-08 14:58:28.592,100.0,30.0,162.0,-47.5528,15.4508,86.6025,20.5,5,1.25,-21.72,468.61,-15.76,469.37
2026-08-08 14:58:31.967,100.0,30.0,168.0,-48.9074,10.3956,86.6025,20.0,1,0.25,-21.74,468.53,-15.73,469.29
2026-08-08 14:58:32.207,100.0,30.0,168.0,-48.9074,10.3956,86.6025,20.0,2,0.5,-21.74,468.54,-15.72,469.3
2026-08-08 14:58:32.463,100.0,30.0,168.0,-48.9074,10.3956,86.6025,20.0,3,0.75,-21.74,468.54,-15.72,469.3
2026-08-08 14:58:32.718,100.0,30.0,168.0,-48.9074,10.3956,86.6025,20.0,4,1.0,-21.75,468.51,-15.72,469.27
2026-08-08 14:58:32.958,100.0,30.0,168.0,-48.9074,10.3956,86.6025,20.0,5,1.25,-21.75,468.51,-15.72,469.27
2026-08-08 14:58:36.333,100.0,30.0,174.0,-49.7261,5.2264,86.6025,20.2,1,0.25,-21.95,468.39,-15.69,469.16
2026-08-08 14:58:36.589,100.0,30.0,174.0,-49.7261,5.2264,86.6025,20.2,2,0.5,-21.95,468.39,-15.69,469.16
2026-08-08 14:58:36.845,100.0,30.0,174.0,-49.7261,5.2264,86.6025,20.2,3,0.75,-21.95,468.41,-15.69,469.18
2026-08-08 14:58:37.084,100.0,30.0,174.0,-49.7261,5.2264,86.6025,20.2,4,1.0,-21.95,468.41,-15.69,469.18
2026-08-08 14:58:37.340,100.0,30.0,174.0,-49.7261,5.2264,86.6025,20.2,5,1.25,-21.95,468.41,-15.69,469.18
2026-08-08 14:58:40.715,100.0,30.0,180.0,-50.0,0.0,86.6025,20.1,1,0.25,-22.11,468.46,-15.79,469.24
2026-08-08 14:58:40.955,100.0,30.0,180.0,-50.0,0.0,86.6025,20.1,2,0.5,-22.11,468.46,-15.79,469.24
2026-08-08 14:58:41.211,100.0,30.0,180.0,-50.0,0.0,86.6025,20.1,3,0.75,-22.1,468.49,-15.77,469.27
2026-08-08 14:58:41.466,100.0,30.0,180.0,-50.0,0.0,86.6025,20.1,4,1.0,-22.1,468.49,-15.77,469.27
2026-08-08 14:58:41.706,100.0,30.0,180.0,-50.0,0.0,86.6025,20.1,5,1.25,-22.11,468.49,-15.77,469.27
2026-08-08 14:58:45.081,100.0,30.0,186.0,-49.7261,-5.2264,86.6025,18.6,1,0.25,-22.3,468.49,-15.81,469.28
2026-08-08 14:58:45.337,100.0,30.0,186.0,-49.7261,-5.2264,86.6025,18.6,2,0.5,-22.31,468.48,-15.83,469.27
2026-08-08 14:58:45.593,100.0,30.0,186.0,-49.7261,-5.2264,86.6025,18.6,3,0.75,-22.31,468.48,-15.83,469.27
2026-08-08 14:58:45.833,100.0,30.0,186.0,-49.7261,-5.2264,86.6025,18.6,4,1.0,-22.3,468.45,-15.83,469.24
2026-08-08 14:58:46.088,100.0,30.0,186.0,-49.7261,-5.2264,86.6025,18.6,5,1.25,-22.3,468.45,-15.83,469.24
2026-08-08 14:58:49.463,100.0,30.0,192.0,-48.9074,-10.3956,86.6025,20.6,1,0.25,-22.24,468.57,-15.9,469.36
2026-08-08 14:58:49.719,100.0,30.0,192.0,-48.9074,-10.3956,86.6025,20.6,2,0.5,-22.24,468.57,-15.9,469.36
2026-08-08 14:58:49.959,100.0,30.0,192.0,-48.9074,-10.3956,86.6025,20.6,3,0.75,-22.24,468.5,-15.9,469.29
2026-08-08 14:58:50.215,100.0,30.0,192.0,-48.9074,-10.3956,86.6025,20.6,4,1.0,-22.24,468.5,-15.9,469.29
2026-08-08 14:58:50.454,100.0,30.0,192.0,-48.9074,-10.3956,86.6025,20.6,5,1.25,-22.23,468.54,-15.9,469.33
2026-08-08 14:58:53.829,100.0,30.0,198.0,-47.5528,-15.4508,86.6025,19.9,1,0.25,-22.36,468.55,-16.16,469.36
2026-08-08 14:58:56.340,100.0,30.0,198.0,-47.5528,-15.4508,86.6025,19.9,2,0.5,-22.36,468.55,-16.16,469.36
2026-08-08 14:58:56.580,100.0,30.0,198.0,-47.5528,-15.4508,86.6025,19.9,3,0.75,-22.36,468.46,-16.16,469.27
2026-08-08 14:58:59.090,100.0,30.0,198.0,-47.5528,-15.4508,86.6025,19.9,4,1.0,-22.36,468.46,-16.16,469.27
2026-08-08 14:58:59.330,100.0,30.0,198.0,-47.5528,-15.4508,86.6025,19.9,5,1.25,-22.36,468.5,-16.16,469.31
2026-08-08 14:59:02.705,100.0,30.0,204.0,-45.6773,-20.3368,86.6025,20.6,1,0.25,-22.38,468.55,-16.18,469.36
2026-08-08 14:59:02.961,100.0,30.0,204.0,-45.6773,-20.3368,86.6025,20.6,2,0.5,-22.37,468.55,-16.18,469.36
2026-08-08 14:59:03.217,100.0,30.0,204.0,-45.6773,-20.3368,86.6025,20.6,3,0.75,-22.37,468.55,-16.18,469.36
2026-08-08 14:59:03.456,100.0,30.0,204.0,-45.6773,-20.3368,86.6025,20.6,4,1.0,-22.37,468.53,-16.17,469.34
2026-08-08 14:59:03.712,100.0,30.0,204.0,-45.6773,-20.3368,86.6025,20.6,5,1.25,-22.37,468.53,-16.17,469.34
2026-08-08 14:59:07.087,100.0,30.0,210.0,-43.3013,-25.0,86.6025,20.0,1,0.25,-22.65,468.66,-16.37,469.49
2026-08-08 14:59:07.343,100.0,30.0,210.0,-43.3013,-25.0,86.6025,20.0,2,0.5,-22.65,468.66,-16.37,469.49
2026-08-08 14:59:07.583,100.0,30.0,210.0,-43.3013,-25.0,86.6025,20.0,3,0.75,-22.65,468.64,-16.37,469.47
2026-08-08 14:59:07.838,100.0,30.0,210.0,-43.3013,-25.0,86.6025,20.0,4,1.0,-22.65,468.64,-16.37,469.47
2026-08-08 14:59:08.094,100.0,30.0,210.0,-43.3013,-25.0,86.6025,20.0,5,1.25,-22.65,468.63,-16.36,469.46
2026-08-08 14:59:11.469,100.0,30.0,216.0,-40.4508,-29.3893,86.6025,20.2,1,0.25,-22.75,468.79,-16.41,469.62
2026-08-08 14:59:11.709,100.0,30.0,216.0,-40.4508,-29.3893,86.6025,20.2,2,0.5,-22.75,468.79,-16.4,469.62
2026-08-08 14:59:11.965,100.0,30.0,216.0,-40.4508,-29.3893,86.6025,20.2,3,0.75,-22.75,468.79,-16.4,469.62
2026-08-08 14:59:12.204,100.0,30.0,216.0,-40.4508,-29.3893,86.6025,20.2,4,1.0,-22.74,468.79,-16.4,469.62
2026-08-08 14:59:12.460,100.0,30.0,216.0,-40.4508,-29.3893,86.6025,20.2,5,1.25,-22.74,468.79,-16.41,469.62
2026-08-08 14:59:15.707,100.0,30.0,222.0,-37.1572,-33.4565,86.6025,20.0,1,0.25,-22.57,468.87,-16.5,469.7
2026-08-08 14:59:15.963,100.0,30.0,222.0,-37.1572,-33.4565,86.6025,20.0,2,0.5,-22.56,468.86,-16.49,469.69
2026-08-08 14:59:16.219,100.0,30.0,222.0,-37.1572,-33.4565,86.6025,20.0,3,0.75,-22.56,468.86,-16.49,469.69
2026-08-08 14:59:16.459,100.0,30.0,222.0,-37.1572,-33.4565,86.6025,20.0,4,1.0,-22.57,468.89,-16.5,469.72
2026-08-08 14:59:16.714,100.0,30.0,222.0,-37.1572,-33.4565,86.6025,20.0,5,1.25,-22.57,468.89,-16.5,469.72
2026-08-08 14:59:19.961,100.0,30.0,228.0,-33.4565,-37.1572,86.6025,20.0,1,0.25,-22.54,469.03,-16.75,469.86
2026-08-08 14:59:20.217,100.0,30.0,228.0,-33.4565,-37.1572,86.6025,20.0,2,0.5,-22.53,469.05,-16.74,469.88
2026-08-08 14:59:20.457,100.0,30.0,228.0,-33.4565,-37.1572,86.6025,20.0,3,0.75,-22.53,469.05,-16.74,469.88
2026-08-08 14:59:20.713,100.0,30.0,228.0,-33.4565,-37.1572,86.6025,20.0,4,1.0,-22.53,469.04,-16.74,469.87
2026-08-08 14:59:20.968,100.0,30.0,228.0,-33.4565,-37.1572,86.6025,20.0,5,1.25,-22.53,469.04,-16.74,469.87
2026-08-08 14:59:24.215,100.0,30.0,234.0,-29.3893,-40.4508,86.6025,21.2,1,0.25,-22.5,469.18,-16.86,470.02
2026-08-08 14:59:24.455,100.0,30.0,234.0,-29.3893,-40.4508,86.6025,21.2,2,0.5,-22.5,469.18,-16.86,470.02
2026-08-08 14:59:24.711,100.0,30.0,234.0,-29.3893,-40.4508,86.6025,21.2,3,0.75,-22.48,469.14,-16.86,469.98
2026-08-08 14:59:24.967,100.0,30.0,234.0,-29.3893,-40.4508,86.6025,21.2,4,1.0,-22.48,469.14,-16.86,469.98
2026-08-08 14:59:25.207,100.0,30.0,234.0,-29.3893,-40.4508,86.6025,21.2,5,1.25,-22.48,469.14,-16.86,469.98
2026-08-08 14:59:28.581,100.0,30.0,240.0,-25.0,-43.3013,86.6025,20.2,1,0.25,-22.52,469.38,-17.07,470.22
2026-08-08 14:59:28.837,100.0,30.0,240.0,-25.0,-43.3013,86.6025,20.2,2,0.5,-22.52,469.38,-17.07,470.22
2026-08-08 14:59:29.093,100.0,30.0,240.0,-25.0,-43.3013,86.6025,20.2,3,0.75,-22.55,469.37,-17.06,470.22
2026-08-08 14:59:29.333,100.0,30.0,240.0,-25.0,-43.3013,86.6025,20.2,4,1.0,-22.55,469.37,-17.06,470.22
2026-08-08 14:59:29.588,100.0,30.0,240.0,-25.0,-43.3013,86.6025,20.2,5,1.25,-22.54,469.32,-17.08,470.17
2026-08-08 14:59:32.963,100.0,30.0,246.0,-20.3368,-45.6773,86.6025,19.7,1,0.25,-22.37,469.47,-17.03,470.31
2026-08-08 14:59:33.219,100.0,30.0,246.0,-20.3368,-45.6773,86.6025,19.7,2,0.5,-22.38,469.49,-17.03,470.33
2026-08-08 14:59:33.459,100.0,30.0,246.0,-20.3368,-45.6773,86.6025,19.7,3,0.75,-22.38,469.49,-17.03,470.33
2026-08-08 14:59:33.715,100.0,30.0,246.0,-20.3368,-45.6773,86.6025,19.7,4,1.0,-22.37,469.5,-17.03,470.34
2026-08-08 14:59:33.954,100.0,30.0,246.0,-20.3368,-45.6773,86.6025,19.7,5,1.25,-22.37,469.5,-17.03,470.34
2026-08-08 14:59:37.329,100.0,30.0,252.0,-15.4508,-47.5528,86.6025,19.7,1,0.25,-22.32,469.59,-17.31,470.43
2026-08-08 14:59:39.840,100.0,30.0,252.0,-15.4508,-47.5528,86.6025,19.7,2,0.5,-22.32,469.57,-17.29,470.41
2026-08-08 14:59:40.080,100.0,30.0,252.0,-15.4508,-47.5528,86.6025,19.7,3,0.75,-22.3,469.47,-17.29,470.31
2026-08-08 14:59:42.591,100.0,30.0,252.0,-15.4508,-47.5528,86.6025,19.7,4,1.0,-22.31,469.46,-17.29,470.3
2026-08-08 14:59:42.830,100.0,30.0,252.0,-15.4508,-47.5528,86.6025,19.7,5,1.25,-22.31,469.46,-17.29,470.3
2026-08-08 14:59:46.205,100.0,30.0,258.0,-10.3956,-48.9074,86.6025,20.5,1,0.25,-21.89,469.67,-17.22,470.49
2026-08-08 14:59:46.461,100.0,30.0,258.0,-10.3956,-48.9074,86.6025,20.5,2,0.5,-21.89,469.67,-17.22,470.49
2026-08-08 14:59:46.717,100.0,30.0,258.0,-10.3956,-48.9074,86.6025,20.5,3,0.75,-21.9,469.66,-17.23,470.48
2026-08-08 14:59:46.957,100.0,30.0,258.0,-10.3956,-48.9074,86.6025,20.5,4,1.0,-21.9,469.66,-17.23,470.48
2026-08-08 14:59:47.212,100.0,30.0,258.0,-10.3956,-48.9074,86.6025,20.5,5,1.25,-21.91,469.62,-17.22,470.44
2026-08-08 14:59:50.587,100.0,30.0,264.0,-5.2264,-49.7261,86.6025,20.1,1,0.25,-21.72,469.75,-17.3,470.56
2026-08-08 14:59:50.843,100.0,30.0,264.0,-5.2264,-49.7261,86.6025,20.1,2,0.5,-21.72,469.74,-17.31,470.56
2026-08-08 14:59:51.083,100.0,30.0,264.0,-5.2264,-49.7261,86.6025,20.1,3,0.75,-21.72,469.74,-17.31,470.56
2026-08-08 14:59:51.339,100.0,30.0,264.0,-5.2264,-49.7261,86.6025,20.1,4,1.0,-21.73,469.71,-17.31,470.53
2026-08-08 14:59:51.594,100.0,30.0,264.0,-5.2264,-49.7261,86.6025,20.1,5,1.25,-21.73,469.71,-17.31,470.53
2026-08-08 14:59:54.969,100.0,30.0,270.0,-0.0,-50.0,86.6025,20.4,1,0.25,-21.58,469.79,-17.37,470.6
2026-08-08 14:59:55.209,100.0,30.0,270.0,-0.0,-50.0,86.6025,20.4,2,0.5,-21.58,469.79,-17.37,470.6
2026-08-08 14:59:55.465,100.0,30.0,270.0,-0.0,-50.0,86.6025,20.4,3,0.75,-21.59,469.77,-17.38,470.58
2026-08-08 14:59:55.705,100.0,30.0,270.0,-0.0,-50.0,86.6025,20.4,4,1.0,-21.59,469.77,-17.38,470.58
2026-08-08 14:59:55.961,100.0,30.0,270.0,-0.0,-50.0,86.6025,20.4,5,1.25,-21.6,469.74,-17.37,470.55
2026-08-08 14:59:59.335,100.0,30.0,276.0,5.2264,-49.7261,86.6025,20.4,1,0.25,-21.29,469.78,-17.38,470.58
2026-08-08 14:59:59.591,100.0,30.0,276.0,5.2264,-49.7261,86.6025,20.4,2,0.5,-21.29,469.8,-17.37,470.6
2026-08-08 14:59:59.831,100.0,30.0,276.0,5.2264,-49.7261,86.6025,20.4,3,0.75,-21.29,469.8,-17.37,470.6
2026-08-08 15:00:00.087,100.0,30.0,276.0,5.2264,-49.7261,86.6025,20.4,4,1.0,-21.29,469.84,-17.38,470.64
2026-08-08 15:00:00.342,100.0,30.0,276.0,5.2264,-49.7261,86.6025,20.4,5,1.25,-21.29,469.84,-17.38,470.64
2026-08-08 15:00:03.717,100.0,30.0,282.0,10.3956,-48.9074,86.6025,21.7,1,0.25,-21.07,469.8,-17.41,470.59
2026-08-08 15:00:03.957,100.0,30.0,282.0,10.3956,-48.9074,86.6025,21.7,2,0.5,-21.06,469.79,-17.41,470.58
2026-08-08 15:00:04.213,100.0,30.0,282.0,10.3956,-48.9074,86.6025,21.7,3,0.75,-21.06,469.79,-17.41,470.58
2026-08-08 15:00:04.469,100.0,30.0,282.0,10.3956,-48.9074,86.6025,21.7,4,1.0,-21.08,469.77,-17.42,470.56
2026-08-08 15:00:04.708,100.0,30.0,282.0,10.3956,-48.9074,86.6025,21.7,5,1.25,-21.08,469.77,-17.42,470.56
2026-08-08 15:00:08.083,100.0,30.0,288.0,15.4508,-47.5528,86.6025,19.7,1,0.25,-20.98,469.75,-17.51,470.54
2026-08-08 15:00:08.339,100.0,30.0,288.0,15.4508,-47.5528,86.6025,19.7,2,0.5,-20.98,469.75,-17.51,470.54
2026-08-08 15:00:08.579,100.0,30.0,288.0,15.4508,-47.5528,86.6025,19.7,3,0.75,-20.97,469.79,-17.49,470.58
2026-08-08 15:00:11.090,100.0,30.0,288.0,15.4508,-47.5528,86.6025,19.7,4,1.0,-20.98,469.76,-17.49,470.55
2026-08-08 15:00:11.329,100.0,30.0,288.0,15.4508,-47.5528,86.6025,19.7,5,1.25,-20.97,469.77,-17.5,470.56
2026-08-08 15:00:16.959,100.0,30.0,294.0,20.3368,-45.6773,86.6025,19.9,1,0.25,-20.81,469.66,-17.4,470.44
2026-08-08 15:00:17.215,100.0,30.0,294.0,20.3368,-45.6773,86.6025,19.9,2,0.5,-20.81,469.66,-17.4,470.44
2026-08-08 15:00:17.455,100.0,30.0,294.0,20.3368,-45.6773,86.6025,19.9,3,0.75,-20.81,469.64,-17.4,470.42
2026-08-08 15:00:17.711,100.0,30.0,294.0,20.3368,-45.6773,86.6025,19.9,4,1.0,-20.81,469.64,-17.4,470.42
2026-08-08 15:00:17.966,100.0,30.0,294.0,20.3368,-45.6773,86.6025,19.9,5,1.25,-20.81,469.65,-17.41,470.43
2026-08-08 15:00:21.341,100.0,30.0,300.0,25.0,-43.3013,86.6025,20.5,1,0.25,-20.6,469.51,-17.35,470.28
2026-08-08 15:00:21.581,100.0,30.0,300.0,25.0,-43.3013,86.6025,20.5,2,0.5,-20.61,469.52,-17.37,470.29
2026-08-08 15:00:21.837,100.0,30.0,300.0,25.0,-43.3013,86.6025,20.5,3,0.75,-20.61,469.52,-17.37,470.29
2026-08-08 15:00:22.093,100.0,30.0,300.0,25.0,-43.3013,86.6025,20.5,4,1.0,-20.61,469.5,-17.36,470.27
2026-08-08 15:00:22.333,100.0,30.0,300.0,25.0,-43.3013,86.6025,20.5,5,1.25,-20.61,469.5,-17.36,470.27
2026-08-08 15:00:25.707,100.0,30.0,306.0,29.3893,-40.4508,86.6025,20.5,1,0.25,-20.62,469.37,-17.46,470.14
2026-08-08 15:00:25.963,100.0,30.0,306.0,29.3893,-40.4508,86.6025,20.5,2,0.5,-20.62,469.37,-17.46,470.14
2026-08-08 15:00:26.219,100.0,30.0,306.0,29.3893,-40.4508,86.6025,20.5,3,0.75,-20.62,469.35,-17.47,470.12
2026-08-08 15:00:26.459,100.0,30.0,306.0,29.3893,-40.4508,86.6025,20.5,4,1.0,-20.62,469.35,-17.47,470.12
2026-08-08 15:00:26.715,100.0,30.0,306.0,29.3893,-40.4508,86.6025,20.5,5,1.25,-20.63,469.31,-17.46,470.08
2026-08-08 15:00:29.961,100.0,30.0,312.0,33.4565,-37.1572,86.6025,21.6,1,0.25,-20.59,469.14,-17.33,469.91
2026-08-08 15:00:30.217,100.0,30.0,312.0,33.4565,-37.1572,86.6025,21.6,2,0.5,-20.59,469.14,-17.33,469.91
2026-08-08 15:00:30.457,100.0,30.0,312.0,33.4565,-37.1572,86.6025,21.6,3,0.75,-20.59,469.14,-17.33,469.91
2026-08-08 15:00:30.713,100.0,30.0,312.0,33.4565,-37.1572,86.6025,21.6,4,1.0,-20.59,469.14,-17.33,469.91
2026-08-08 15:00:30.969,100.0,30.0,312.0,33.4565,-37.1572,86.6025,21.6,5,1.25,-20.59,469.15,-17.33,469.92
2026-08-08 15:00:34.215,100.0,30.0,318.0,37.1572,-33.4565,86.6025,20.4,1,0.25,-20.36,468.93,-17.23,469.68
2026-08-08 15:00:34.455,100.0,30.0,318.0,37.1572,-33.4565,86.6025,20.4,2,0.5,-20.36,468.95,-17.22,469.7
2026-08-08 15:00:34.711,100.0,30.0,318.0,37.1572,-33.4565,86.6025,20.4,3,0.75,-20.36,468.95,-17.22,469.7
2026-08-08 15:00:34.967,100.0,30.0,318.0,37.1572,-33.4565,86.6025,20.4,4,1.0,-20.36,468.91,-17.23,469.66
2026-08-08 15:00:35.207,100.0,30.0,318.0,37.1572,-33.4565,86.6025,20.4,5,1.25,-20.36,468.91,-17.23,469.66
2026-08-08 15:00:38.469,100.0,30.0,324.0,40.4508,-29.3893,86.6025,20.4,1,0.25,-20.5,468.72,-17.32,469.48
2026-08-08 15:00:38.709,100.0,30.0,324.0,40.4508,-29.3893,86.6025,20.4,2,0.5,-20.5,468.76,-17.32,469.52
2026-08-08 15:00:38.965,100.0,30.0,324.0,40.4508,-29.3893,86.6025,20.4,3,0.75,-20.5,468.76,-17.32,469.52
2026-08-08 15:00:39.205,100.0,30.0,324.0,40.4508,-29.3893,86.6025,20.4,4,1.0,-20.51,468.77,-17.32,469.53
2026-08-08 15:00:39.461,100.0,30.0,324.0,40.4508,-29.3893,86.6025,20.4,5,1.25,-20.51,468.77,-17.32,469.53
2026-08-08 15:00:42.835,100.0,30.0,330.0,43.3013,-25.0,86.6025,20.2,1,0.25,-20.55,468.54,-17.3,469.3
2026-08-08 15:00:43.091,100.0,30.0,330.0,43.3013,-25.0,86.6025,20.2,2,0.5,-20.55,468.54,-17.3,469.3
2026-08-08 15:00:43.331,100.0,30.0,330.0,43.3013,-25.0,86.6025,20.2,3,0.75,-20.54,468.53,-17.3,469.29
2026-08-08 15:00:43.587,100.0,30.0,330.0,43.3013,-25.0,86.6025,20.2,4,1.0,-20.54,468.53,-17.3,469.29
2026-08-08 15:00:43.843,100.0,30.0,330.0,43.3013,-25.0,86.6025,20.2,5,1.25,-20.55,468.56,-17.31,469.32
2026-08-08 15:00:47.217,100.0,30.0,336.0,45.6773,-20.3368,86.6025,20.4,1,0.25,-20.49,468.36,-17.3,469.12
2026-08-08 15:00:47.457,100.0,30.0,336.0,45.6773,-20.3368,86.6025,20.4,2,0.5,-20.49,468.35,-17.31,469.11
2026-08-08 15:00:47.713,100.0,30.0,336.0,45.6773,-20.3368,86.6025,20.4,3,0.75,-20.49,468.35,-17.31,469.11
2026-08-08 15:00:47.969,100.0,30.0,336.0,45.6773,-20.3368,86.6025,20.4,4,1.0,-20.49,468.31,-17.3,469.07
2026-08-08 15:00:48.209,100.0,30.0,336.0,45.6773,-20.3368,86.6025,20.4,5,1.25,-20.49,468.31,-17.3,469.07
2026-08-08 15:00:51.583,100.0,30.0,342.0,47.5528,-15.4508,86.6025,20.7,1,0.25,-20.49,468.14,-17.37,468.91
2026-08-08 15:00:51.839,100.0,30.0,342.0,47.5528,-15.4508,86.6025,20.7,2,0.5,-20.51,468.14,-17.37,468.91
2026-08-08 15:00:52.079,100.0,30.0,342.0,47.5528,-15.4508,86.6025,20.7,3,0.75,-20.49,468.17,-17.36,468.93
2026-08-08 15:00:54.590,100.0,30.0,342.0,47.5528,-15.4508,86.6025,20.7,4,1.0,-20.49,468.17,-17.36,468.93
2026-08-08 15:00:54.830,100.0,30.0,342.0,47.5528,-15.4508,86.6025,20.7,5,1.25,-20.49,468.16,-17.37,468.92
2026-08-08 15:00:58.204,100.0,30.0,348.0,48.9074,-10.3956,86.6025,21.2,1,0.25,-20.62,467.92,-17.18,468.68
2026-08-08 15:00:58.460,100.0,30.0,348.0,48.9074,-10.3956,86.6025,21.2,2,0.5,-20.62,467.97,-17.19,468.73
2026-08-08 15:00:58.716,100.0,30.0,348.0,48.9074,-10.3956,86.6025,21.2,3,0.75,-20.62,467.97,-17.19,468.73
2026-08-08 15:00:58.956,100.0,30.0,348.0,48.9074,-10.3956,86.6025,21.2,4,1.0,-20.61,467.96,-17.18,468.72
2026-08-08 15:00:59.212,100.0,30.0,348.0,48.9074,-10.3956,86.6025,21.2,5,1.25,-20.61,467.96,-17.18,468.72
2026-08-08 15:01:02.586,100.0,30.0,354.0,49.7261,-5.2264,86.6025,21.0,1,0.25,-20.85,467.86,-17.08,468.63
2026-08-08 15:01:02.842,100.0,30.0,354.0,49.7261,-5.2264,86.6025,21.0,2,0.5,-20.85,467.86,-17.08,468.63
2026-08-08 15:01:03.082,100.0,30.0,354.0,49.7261,-5.2264,86.6025,21.0,3,0.75,-20.87,467.84,-17.09,468.61
2026-08-08 15:01:03.338,100.0,30.0,354.0,49.7261,-5.2264,86.6025,21.0,4,1.0,-20.87,467.84,-17.09,468.61
2026-08-08 15:01:03.594,100.0,30.0,354.0,49.7261,-5.2264,86.6025,21.0,5,1.25,-20.86,467.82,-17.06,468.59
2026-08-08 15:01:07.336,100.0,36.0,354.0,58.4565,-6.144,80.9017,19.7,1,0.25,-20.72,467.54,-17.23,468.31
2026-08-08 15:01:07.592,100.0,36.0,354.0,58.4565,-6.144,80.9017,19.7,2,0.5,-20.72,467.54,-17.23,468.31
2026-08-08 15:01:07.832,100.0,36.0,354.0,58.4565,-6.144,80.9017,19.7,3,0.75,-20.72,467.49,-17.25,468.26
2026-08-08 15:01:08.088,100.0,36.0,354.0,58.4565,-6.144,80.9017,19.7,4,1.0,-20.72,467.49,-17.25,468.26
2026-08-08 15:01:08.343,100.0,36.0,354.0,58.4565,-6.144,80.9017,19.7,5,1.25,-20.72,467.46,-17.23,468.23
2026-08-08 15:01:11.830,100.0,36.0,348.0,57.4941,-12.2207,80.9017,20.4,1,0.25,-20.5,467.63,-17.31,468.39
2026-08-08 15:01:12.086,100.0,36.0,348.0,57.4941,-12.2207,80.9017,20.4,2,0.5,-20.5,467.63,-17.31,468.39
2026-08-08 15:01:12.342,100.0,36.0,348.0,57.4941,-12.2207,80.9017,20.4,3,0.75,-20.5,467.63,-17.31,468.39
2026-08-08 15:01:12.582,100.0,36.0,348.0,57.4941,-12.2207,80.9017,20.4,4,1.0,-20.51,467.63,-17.31,468.39
2026-08-08 15:01:12.837,100.0,36.0,348.0,57.4941,-12.2207,80.9017,20.4,5,1.25,-20.51,467.63,-17.31,468.39
2026-08-08 15:01:16.340,100.0,36.0,342.0,55.9017,-18.1636,80.9017,20.8,1,0.25,-20.42,467.79,-17.41,468.55
2026-08-08 15:01:16.580,100.0,36.0,342.0,55.9017,-18.1636,80.9017,20.8,2,0.5,-20.42,467.79,-17.41,468.55
2026-08-08 15:01:16.836,100.0,36.0,342.0,55.9017,-18.1636,80.9017,20.8,3,0.75,-20.42,467.79,-17.41,468.55
2026-08-08 15:01:17.092,100.0,36.0,342.0,55.9017,-18.1636,80.9017,20.8,4,1.0,-20.42,467.79,-17.41,468.55
2026-08-08 15:01:17.331,100.0,36.0,342.0,55.9017,-18.1636,80.9017,20.8,5,1.25,-20.42,467.81,-17.41,468.57
2026-08-08 15:01:20.834,100.0,36.0,336.0,53.6969,-23.9074,80.9017,19.8,1,0.25,-20.17,468.07,-17.37,468.82
2026-08-08 15:01:21.090,100.0,36.0,336.0,53.6969,-23.9074,80.9017,19.8,2,0.5,-20.17,468.07,-17.37,468.82
2026-08-08 15:01:21.330,100.0,36.0,336.0,53.6969,-23.9074,80.9017,19.8,3,0.75,-20.17,468.08,-17.36,468.83
2026-08-08 15:01:21.585,100.0,36.0,336.0,53.6969,-23.9074,80.9017,19.8,4,1.0,-20.17,468.08,-17.36,468.83
2026-08-08 15:01:21.841,100.0,36.0,336.0,53.6969,-23.9074,80.9017,19.8,5,1.25,-20.17,468.12,-17.36,468.87
2026-08-08 15:01:25.216,100.0,36.0,330.0,50.9037,-29.3893,80.9017,19.6,1,0.25,-20.0,468.27,-17.21,469.01
2026-08-08 15:01:25.456,100.0,36.0,330.0,50.9037,-29.3893,80.9017,19.6,2,0.5,-19.99,468.29,-17.22,469.03
2026-08-08 15:01:25.711,100.0,36.0,330.0,50.9037,-29.3893,80.9017,19.6,3,0.75,-19.99,468.29,-17.22,469.03
2026-08-08 15:01:25.967,100.0,36.0,330.0,50.9037,-29.3893,80.9017,19.6,4,1.0,-19.99,468.33,-17.21,469.07
2026-08-08 15:01:26.207,100.0,36.0,330.0,50.9037,-29.3893,80.9017,19.6,5,1.25,-19.99,468.33,-17.21,469.07
2026-08-08 15:01:29.582,100.0,36.0,324.0,47.5528,-34.5492,80.9017,20.1,1,0.25,-20.17,468.48,-17.3,469.23
2026-08-08 15:01:29.838,100.0,36.0,324.0,47.5528,-34.5492,80.9017,20.1,2,0.5,-20.17,468.48,-17.3,469.23
2026-08-08 15:01:30.093,100.0,36.0,324.0,47.5528,-34.5492,80.9017,20.1,3,0.75,-20.17,468.48,-17.3,469.23
2026-08-08 15:01:30.333,100.0,36.0,324.0,47.5528,-34.5492,80.9017,20.1,4,1.0,-20.17,468.55,-17.31,469.3
2026-08-08 15:01:30.589,100.0,36.0,324.0,47.5528,-34.5492,80.9017,20.1,5,1.25,-20.17,468.55,-17.31,469.3
2026-08-08 15:01:33.964,100.0,36.0,318.0,43.681,-39.3305,80.9017,20.1,1,0.25,-20.02,468.84,-17.42,469.59
2026-08-08 15:01:34.204,100.0,36.0,318.0,43.681,-39.3305,80.9017,20.1,2,0.5,-20.02,468.84,-17.42,469.59
2026-08-08 15:01:34.459,100.0,36.0,318.0,43.681,-39.3305,80.9017,20.1,3,0.75,-20.02,468.84,-17.41,469.59
2026-08-08 15:01:34.715,100.0,36.0,318.0,43.681,-39.3305,80.9017,20.1,4,1.0,-20.02,468.84,-17.41,469.59
2026-08-08 15:01:34.955,100.0,36.0,318.0,43.681,-39.3305,80.9017,20.1,5,1.25,-20.03,468.86,-17.43,469.61
2026-08-08 15:01:38.330,100.0,36.0,312.0,39.3305,-43.681,80.9017,20.8,1,0.25,-20.04,469.16,-17.4,469.91
2026-08-08 15:01:38.586,100.0,36.0,312.0,39.3305,-43.681,80.9017,20.8,2,0.5,-20.04,469.18,-17.4,469.93
2026-08-08 15:01:38.842,100.0,36.0,312.0,39.3305,-43.681,80.9017,20.8,3,0.75,-20.04,469.18,-17.4,469.93
2026-08-08 15:01:39.081,100.0,36.0,312.0,39.3305,-43.681,80.9017,20.8,4,1.0,-20.04,469.16,-17.4,469.91
2026-08-08 15:01:39.337,100.0,36.0,312.0,39.3305,-43.681,80.9017,20.8,5,1.25,-20.04,469.16,-17.4,469.91
2026-08-08 15:01:42.712,100.0,36.0,306.0,34.5492,-47.5528,80.9017,21.1,1,0.25,-20.22,469.39,-17.56,470.15
2026-08-08 15:01:42.968,100.0,36.0,306.0,34.5492,-47.5528,80.9017,21.1,2,0.5,-20.22,469.39,-17.56,470.15
2026-08-08 15:01:43.208,100.0,36.0,306.0,34.5492,-47.5528,80.9017,21.1,3,0.75,-20.22,469.38,-17.57,470.14
2026-08-08 15:01:43.463,100.0,36.0,306.0,34.5492,-47.5528,80.9017,21.1,4,1.0,-20.22,469.38,-17.57,470.14
2026-08-08 15:01:43.703,100.0,36.0,306.0,34.5492,-47.5528,80.9017,21.1,5,1.25,-20.21,469.38,-17.56,470.14
2026-08-08 15:01:47.078,100.0,36.0,300.0,29.3893,-50.9037,80.9017,20.4,1,0.25,-20.39,469.62,-17.5,470.38
2026-08-08 15:01:49.589,100.0,36.0,300.0,29.3893,-50.9037,80.9017,20.4,2,0.5,-20.39,469.65,-17.5,470.41
2026-08-08 15:01:49.829,100.0,36.0,300.0,29.3893,-50.9037,80.9017,20.4,3,0.75,-20.39,469.61,-17.5,470.37
2026-08-08 15:01:52.339,100.0,36.0,300.0,29.3893,-50.9037,80.9017,20.4,4,1.0,-20.39,469.61,-17.5,470.37
2026-08-08 15:01:52.579,100.0,36.0,300.0,29.3893,-50.9037,80.9017,20.4,5,1.25,-20.38,469.62,-17.51,470.38
2026-08-08 15:01:56.082,100.0,36.0,294.0,23.9074,-53.6969,80.9017,21.3,1,0.25,-20.78,469.71,-17.41,470.49
2026-08-08 15:01:56.338,100.0,36.0,294.0,23.9074,-53.6969,80.9017,21.3,2,0.5,-20.77,469.76,-17.4,470.54
2026-08-08 15:01:56.594,100.0,36.0,294.0,23.9074,-53.6969,80.9017,21.3,3,0.75,-20.77,469.76,-17.4,470.54
2026-08-08 15:01:56.834,100.0,36.0,294.0,23.9074,-53.6969,80.9017,21.3,4,1.0,-20.8,469.81,-17.4,470.59
2026-08-08 15:01:57.089,100.0,36.0,294.0,23.9074,-53.6969,80.9017,21.3,5,1.25,-20.8,469.81,-17.4,470.59
2026-08-08 15:02:00.592,100.0,36.0,288.0,18.1636,-55.9017,80.9017,21.8,1,0.25,-20.94,469.84,-17.43,470.62
2026-08-08 15:02:00.832,100.0,36.0,288.0,18.1636,-55.9017,80.9017,21.8,2,0.5,-20.94,469.88,-17.43,470.66
2026-08-08 15:02:01.088,100.0,36.0,288.0,18.1636,-55.9017,80.9017,21.8,3,0.75,-20.94,469.88,-17.43,470.66
2026-08-08 15:02:01.343,100.0,36.0,288.0,18.1636,-55.9017,80.9017,21.8,4,1.0,-20.95,469.87,-17.45,470.66
2026-08-08 15:02:01.583,100.0,36.0,288.0,18.1636,-55.9017,80.9017,21.8,5,1.25,-20.95,469.87,-17.45,470.66
2026-08-08 15:02:05.086,100.0,36.0,282.0,12.2207,-57.4941,80.9017,20.5,1,0.25,-21.25,469.92,-17.37,470.72
2026-08-08 15:02:05.342,100.0,36.0,282.0,12.2207,-57.4941,80.9017,20.5,2,0.5,-21.25,469.92,-17.37,470.72
2026-08-08 15:02:05.581,100.0,36.0,282.0,12.2207,-57.4941,80.9017,20.5,3,0.75,-21.23,469.95,-17.38,470.75
2026-08-08 15:02:05.837,100.0,36.0,282.0,12.2207,-57.4941,80.9017,20.5,4,1.0,-21.23,469.95,-17.38,470.75
2026-08-08 15:02:06.093,100.0,36.0,282.0,12.2207,-57.4941,80.9017,20.5,5,1.25,-21.24,469.92,-17.38,470.72
2026-08-08 15:02:09.579,100.0,36.0,276.0,6.144,-58.4565,80.9017,20.1,1,0.25,-21.51,469.96,-17.39,470.77
2026-08-08 15:02:09.836,100.0,36.0,276.0,6.144,-58.4565,80.9017,20.1,2,0.5,-21.52,469.93,-17.39,470.74
2026-08-08 15:02:10.091,100.0,36.0,276.0,6.144,-58.4565,80.9017,20.1,3,0.75,-21.52,469.93,-17.39,470.74
2026-08-08 15:02:10.331,100.0,36.0,276.0,6.144,-58.4565,80.9017,20.1,4,1.0,-21.53,469.96,-17.38,470.77
2026-08-08 15:02:10.587,100.0,36.0,276.0,6.144,-58.4565,80.9017,20.1,5,1.25,-21.53,469.96,-17.38,470.77
2026-08-08 15:02:14.090,100.0,36.0,270.0,-0.0,-58.7785,80.9017,20.9,1,0.25,-21.68,469.9,-17.27,470.71
2026-08-08 15:02:14.329,100.0,36.0,270.0,-0.0,-58.7785,80.9017,20.9,2,0.5,-21.68,469.9,-17.27,470.71
2026-08-08 15:02:14.585,100.0,36.0,270.0,-0.0,-58.7785,80.9017,20.9,3,0.75,-21.69,469.91,-17.27,470.72
2026-08-08 15:02:14.841,100.0,36.0,270.0,-0.0,-58.7785,80.9017,20.9,4,1.0,-21.69,469.91,-17.27,470.72
2026-08-08 15:02:15.081,100.0,36.0,270.0,-0.0,-58.7785,80.9017,20.9,5,1.25,-21.68,469.88,-17.25,470.69
2026-08-08 15:02:18.583,100.0,36.0,264.0,-6.144,-58.4565,80.9017,20.5,1,0.25,-22.07,469.89,-17.29,470.72
2026-08-08 15:02:18.839,100.0,36.0,264.0,-6.144,-58.4565,80.9017,20.5,2,0.5,-22.07,469.89,-17.29,470.72
2026-08-08 15:02:19.079,100.0,36.0,264.0,-6.144,-58.4565,80.9017,20.5,3,0.75,-22.07,469.83,-17.29,470.66
2026-08-08 15:02:19.335,100.0,36.0,264.0,-6.144,-58.4565,80.9017,20.5,4,1.0,-22.07,469.83,-17.29,470.66
2026-08-08 15:02:19.591,100.0,36.0,264.0,-6.144,-58.4565,80.9017,20.5,5,1.25,-22.07,469.82,-17.3,470.65
2026-08-08 15:02:23.093,100.0,36.0,258.0,-12.2207,-57.4941,80.9017,20.6,1,0.25,-22.4,469.72,-17.2,470.56
2026-08-08 15:02:23.333,100.0,36.0,258.0,-12.2207,-57.4941,80.9017,20.6,2,0.5,-22.4,469.72,-17.21,470.56
2026-08-08 15:02:23.589,100.0,36.0,258.0,-12.2207,-57.4941,80.9017,20.6,3,0.75,-22.4,469.72,-17.21,470.56
2026-08-08 15:02:23.829,100.0,36.0,258.0,-12.2207,-57.4941,80.9017,20.6,4,1.0,-22.39,469.71,-17.2,470.55
2026-08-08 15:02:24.085,100.0,36.0,258.0,-12.2207,-57.4941,80.9017,20.6,5,1.25,-22.39,469.71,-17.2,470.55
2026-08-08 15:02:27.587,100.0,36.0,252.0,-18.1636,-55.9017,80.9017,21.1,1,0.25,-22.53,469.63,-17.11,470.48
2026-08-08 15:02:27.843,100.0,36.0,252.0,-18.1636,-55.9017,80.9017,21.1,2,0.5,-22.53,469.63,-17.11,470.48
2026-08-08 15:02:28.083,100.0,36.0,252.0,-18.1636,-55.9017,80.9017,21.1,3,0.75,-22.53,469.61,-17.1,470.46
2026-08-08 15:02:28.339,100.0,36.0,252.0,-18.1636,-55.9017,80.9017,21.1,4,1.0,-22.53,469.61,-17.1,470.46
2026-08-08 15:02:28.579,100.0,36.0,252.0,-18.1636,-55.9017,80.9017,21.1,5,1.25,-22.54,469.62,-17.1,470.47
2026-08-08 15:02:32.081,100.0,36.0,246.0,-23.9074,-53.6969,80.9017,21.1,1,0.25,-22.69,469.42,-16.9,470.27
2026-08-08 15:02:32.337,100.0,36.0,246.0,-23.9074,-53.6969,80.9017,21.1,2,0.5,-22.69,469.42,-16.9,470.27
2026-08-08 15:02:32.593,100.0,36.0,246.0,-23.9074,-53.6969,80.9017,21.1,3,0.75,-22.69,469.43,-16.92,470.28
2026-08-08 15:02:32.833,100.0,36.0,246.0,-23.9074,-53.6969,80.9017,21.1,4,1.0,-22.69,469.43,-16.92,470.28
2026-08-08 15:02:33.089,100.0,36.0,246.0,-23.9074,-53.6969,80.9017,21.1,5,1.25,-22.69,469.43,-16.92,470.28
2026-08-08 15:02:36.463,100.0,36.0,240.0,-29.3893,-50.9037,80.9017,20.5,1,0.25,-22.76,469.31,-16.93,470.16
2026-08-08 15:02:36.703,100.0,36.0,240.0,-29.3893,-50.9037,80.9017,20.5,2,0.5,-22.76,469.31,-16.93,470.16
2026-08-08 15:02:36.959,100.0,36.0,240.0,-29.3893,-50.9037,80.9017,20.5,3,0.75,-22.75,469.35,-16.94,470.2
2026-08-08 15:02:37.215,100.0,36.0,240.0,-29.3893,-50.9037,80.9017,20.5,4,1.0,-22.75,469.35,-16.94,470.2
2026-08-08 15:02:37.455,100.0,36.0,240.0,-29.3893,-50.9037,80.9017,20.5,5,1.25,-22.76,469.33,-16.95,470.18
2026-08-08 15:02:40.829,100.0,36.0,234.0,-34.5492,-47.5528,80.9017,20.5,1,0.25,-22.89,469.13,-16.78,469.98
2026-08-08 15:02:41.085,100.0,36.0,234.0,-34.5492,-47.5528,80.9017,20.5,2,0.5,-22.89,469.14,-16.79,469.99
2026-08-08 15:02:41.341,100.0,36.0,234.0,-34.5492,-47.5528,80.9017,20.5,3,0.75,-22.89,469.14,-16.79,469.99
2026-08-08 15:02:41.581,100.0,36.0,234.0,-34.5492,-47.5528,80.9017,20.5,4,1.0,-22.89,469.08,-16.79,469.93
2026-08-08 15:02:41.837,100.0,36.0,234.0,-34.5492,-47.5528,80.9017,20.5,5,1.25,-22.89,469.08,-16.79,469.93
2026-08-08 15:02:45.211,100.0,36.0,228.0,-39.3305,-43.681,80.9017,20.9,1,0.25,-22.89,468.93,-16.57,469.78
2026-08-08 15:02:45.467,100.0,36.0,228.0,-39.3305,-43.681,80.9017,20.9,2,0.5,-22.89,468.93,-16.57,469.78
2026-08-08 15:02:45.707,100.0,36.0,228.0,-39.3305,-43.681,80.9017,20.9,3,0.75,-22.91,468.92,-16.57,469.77
2026-08-08 15:02:45.963,100.0,36.0,228.0,-39.3305,-43.681,80.9017,20.9,4,1.0,-22.91,468.92,-16.57,469.77
2026-08-08 15:02:46.203,100.0,36.0,228.0,-39.3305,-43.681,80.9017,20.9,5,1.25,-22.9,468.9,-16.57,469.75
2026-08-08 15:02:49.577,100.0,36.0,222.0,-43.681,-39.3305,80.9017,21.0,1,0.25,-22.97,468.74,-16.47,469.59
2026-08-08 15:02:52.088,100.0,36.0,222.0,-43.681,-39.3305,80.9017,21.0,2,0.5,-22.96,468.76,-16.45,469.61
2026-08-08 15:02:52.328,100.0,36.0,222.0,-43.681,-39.3305,80.9017,21.0,3,0.75,-22.98,468.74,-16.47,469.59
2026-08-08 15:02:54.839,100.0,36.0,222.0,-43.681,-39.3305,80.9017,21.0,4,1.0,-22.98,468.74,-16.47,469.59
2026-08-08 15:02:55.079,100.0,36.0,222.0,-43.681,-39.3305,80.9017,21.0,5,1.25,-22.98,468.74,-16.46,469.59
2026-08-08 15:02:58.453,100.0,36.0,216.0,-47.5528,-34.5492,80.9017,21.2,1,0.25,-22.94,468.64,-16.31,469.48
2026-08-08 15:02:58.709,100.0,36.0,216.0,-47.5528,-34.5492,80.9017,21.2,2,0.5,-22.95,468.6,-16.29,469.44
2026-08-08 15:02:58.965,100.0,36.0,216.0,-47.5528,-34.5492,80.9017,21.2,3,0.75,-22.95,468.6,-16.29,469.44
2026-08-08 15:02:59.205,100.0,36.0,216.0,-47.5528,-34.5492,80.9017,21.2,4,1.0,-22.95,468.6,-16.29,469.44
2026-08-08 15:02:59.461,100.0,36.0,216.0,-47.5528,-34.5492,80.9017,21.2,5,1.25,-22.95,468.6,-16.29,469.44
2026-08-08 15:03:02.835,100.0,36.0,210.0,-50.9037,-29.3893,80.9017,21.4,1,0.25,-22.95,468.39,-16.19,469.23
2026-08-08 15:03:03.091,100.0,36.0,210.0,-50.9037,-29.3893,80.9017,21.4,2,0.5,-22.95,468.39,-16.19,469.23
2026-08-08 15:03:03.331,100.0,36.0,210.0,-50.9037,-29.3893,80.9017,21.4,3,0.75,-22.94,468.36,-16.2,469.2
2026-08-08 15:03:03.587,100.0,36.0,210.0,-50.9037,-29.3893,80.9017,21.4,4,1.0,-22.94,468.36,-16.2,469.2
2026-08-08 15:03:03.843,100.0,36.0,210.0,-50.9037,-29.3893,80.9017,21.4,5,1.25,-22.95,468.38,-16.19,469.22
2026-08-08 15:03:07.329,100.0,36.0,204.0,-53.6969,-23.9074,80.9017,19.9,1,0.25,-22.8,468.25,-16.18,469.08
2026-08-08 15:03:07.585,100.0,36.0,204.0,-53.6969,-23.9074,80.9017,19.9,2,0.5,-22.81,468.28,-16.17,469.11
2026-08-08 15:03:07.841,100.0,36.0,204.0,-53.6969,-23.9074,80.9017,19.9,3,0.75,-22.81,468.28,-16.17,469.11
2026-08-08 15:03:08.081,100.0,36.0,204.0,-53.6969,-23.9074,80.9017,19.9,4,1.0,-22.8,468.33,-16.17,469.16
2026-08-08 15:03:08.337,100.0,36.0,204.0,-53.6969,-23.9074,80.9017,19.9,5,1.25,-22.8,468.33,-16.17,469.16
2026-08-08 15:03:11.839,100.0,36.0,198.0,-55.9017,-18.1636,80.9017,21.5,1,0.25,-22.64,468.14,-16.14,468.96
2026-08-08 15:03:12.079,100.0,36.0,198.0,-55.9017,-18.1636,80.9017,21.5,2,0.5,-22.64,468.14,-16.14,468.96
2026-08-08 15:03:12.335,100.0,36.0,198.0,-55.9017,-18.1636,80.9017,21.5,3,0.75,-22.64,468.12,-16.14,468.94
2026-08-08 15:03:12.591,100.0,36.0,198.0,-55.9017,-18.1636,80.9017,21.5,4,1.0,-22.64,468.12,-16.14,468.94
2026-08-08 15:03:12.831,100.0,36.0,198.0,-55.9017,-18.1636,80.9017,21.5,5,1.25,-22.64,468.12,-16.13,468.94
2026-08-08 15:03:16.333,100.0,36.0,192.0,-57.4941,-12.2207,80.9017,21.2,1,0.25,-22.59,468.03,-15.96,468.84
2026-08-08 15:03:16.589,100.0,36.0,192.0,-57.4941,-12.2207,80.9017,21.2,2,0.5,-22.59,468.03,-15.96,468.84
2026-08-08 15:03:16.829,100.0,36.0,192.0,-57.4941,-12.2207,80.9017,21.2,3,0.75,-22.59,468.03,-15.96,468.84
2026-08-08 15:03:17.085,100.0,36.0,192.0,-57.4941,-12.2207,80.9017,21.2,4,1.0,-22.57,468.05,-15.96,468.86
2026-08-08 15:03:17.341,100.0,36.0,192.0,-57.4941,-12.2207,80.9017,21.2,5,1.25,-22.57,468.05,-15.96,468.86
2026-08-08 15:03:20.843,100.0,36.0,186.0,-58.4565,-6.144,80.9017,,1,0.25,-22.24,468.09,-15.77,468.88
2026-08-08 15:03:21.083,100.0,36.0,186.0,-58.4565,-6.144,80.9017,,2,0.5,-22.24,468.06,-15.77,468.85
2026-08-08 15:03:21.339,100.0,36.0,186.0,-58.4565,-6.144,80.9017,,3,0.75,-22.24,468.06,-15.77,468.85
2026-08-08 15:03:21.579,100.0,36.0,186.0,-58.4565,-6.144,80.9017,,4,1.0,-22.23,468.03,-15.78,468.82
2026-08-08 15:03:21.835,100.0,36.0,186.0,-58.4565,-6.144,80.9017,,5,1.25,-22.23,468.03,-15.78,468.82
2026-08-08 15:03:25.337,100.0,36.0,180.0,-58.7785,0.0,80.9017,20.6,1,0.25,-22.22,468.05,-15.79,468.84
2026-08-08 15:03:25.593,100.0,36.0,180.0,-58.7785,0.0,80.9017,20.6,2,0.5,-22.22,468.05,-15.79,468.84
2026-08-08 15:03:25.833,100.0,36.0,180.0,-58.7785,0.0,80.9017,20.6,3,0.75,-22.23,468.02,-15.79,468.81
2026-08-08 15:03:26.089,100.0,36.0,180.0,-58.7785,0.0,80.9017,20.6,4,1.0,-22.23,468.02,-15.79,468.81
2026-08-08 15:03:26.329,100.0,36.0,180.0,-58.7785,0.0,80.9017,20.6,5,1.25,-22.22,468.03,-15.79,468.82
2026-08-08 15:03:29.831,100.0,36.0,174.0,-58.4565,6.144,80.9017,21.0,1,0.25,-21.84,468.06,-15.72,468.83
2026-08-08 15:03:30.087,100.0,36.0,174.0,-58.4565,6.144,80.9017,21.0,2,0.5,-21.83,468.04,-15.71,468.81
2026-08-08 15:03:30.343,100.0,36.0,174.0,-58.4565,6.144,80.9017,21.0,3,0.75,-21.83,468.04,-15.71,468.81
2026-08-08 15:03:30.583,100.0,36.0,174.0,-58.4565,6.144,80.9017,21.0,4,1.0,-21.84,468.08,-15.71,468.85
2026-08-08 15:03:30.839,100.0,36.0,174.0,-58.4565,6.144,80.9017,21.0,5,1.25,-21.84,468.08,-15.71,468.85
2026-08-08 15:03:34.341,100.0,36.0,168.0,-57.4941,12.2207,80.9017,20.5,1,0.25,-21.68,468.12,-15.85,468.88
2026-08-08 15:03:34.581,100.0,36.0,168.0,-57.4941,12.2207,80.9017,20.5,2,0.5,-21.67,468.15,-15.85,468.91
2026-08-08 15:03:34.837,100.0,36.0,168.0,-57.4941,12.2207,80.9017,20.5,3,0.75,-21.67,468.15,-15.85,468.91
2026-08-08 15:03:35.093,100.0,36.0,168.0,-57.4941,12.2207,80.9017,20.5,4,1.0,-21.67,468.15,-15.84,468.91
2026-08-08 15:03:35.332,100.0,36.0,168.0,-57.4941,12.2207,80.9017,20.5,5,1.25,-21.67,468.15,-15.84,468.91
2026-08-08 15:03:38.835,100.0,36.0,162.0,-55.9017,18.1636,80.9017,21.7,1,0.25,-21.43,468.26,-15.8,469.01
2026-08-08 15:03:39.091,100.0,36.0,162.0,-55.9017,18.1636,80.9017,21.7,2,0.5,-21.43,468.26,-15.8,469.01
2026-08-08 15:03:39.331,100.0,36.0,162.0,-55.9017,18.1636,80.9017,21.7,3,0.75,-21.43,468.23,-15.79,468.98
2026-08-08 15:03:39.587,100.0,36.0,162.0,-55.9017,18.1636,80.9017,21.7,4,1.0,-21.43,468.23,-15.79,468.98
2026-08-08 15:03:39.842,100.0,36.0,162.0,-55.9017,18.1636,80.9017,21.7,5,1.25,-21.42,468.21,-15.8,468.96
2026-08-08 15:03:43.329,100.0,36.0,156.0,-53.6969,23.9074,80.9017,21.0,1,0.25,-21.47,468.47,-15.83,469.22
2026-08-08 15:03:43.585,100.0,36.0,156.0,-53.6969,23.9074,80.9017,21.0,2,0.5,-21.48,468.4,-15.84,469.15
2026-08-08 15:03:43.841,100.0,36.0,156.0,-53.6969,23.9074,80.9017,21.0,3,0.75,-21.48,468.4,-15.84,469.15
2026-08-08 15:03:44.080,100.0,36.0,156.0,-53.6969,23.9074,80.9017,21.0,4,1.0,-21.48,468.41,-15.84,469.16
2026-08-08 15:03:44.336,100.0,36.0,156.0,-53.6969,23.9074,80.9017,21.0,5,1.25,-21.48,468.41,-15.84,469.16
2026-08-08 15:03:47.839,100.0,36.0,150.0,-50.9037,29.3893,80.9017,21.8,1,0.25,-21.32,468.74,-15.92,469.49
2026-08-08 15:03:48.079,100.0,36.0,150.0,-50.9037,29.3893,80.9017,21.8,2,0.5,-21.34,468.74,-15.92,469.49
2026-08-08 15:03:48.335,100.0,36.0,150.0,-50.9037,29.3893,80.9017,21.8,3,0.75,-21.34,468.76,-15.92,469.51
2026-08-08 15:03:48.590,100.0,36.0,150.0,-50.9037,29.3893,80.9017,21.8,4,1.0,-21.34,468.76,-15.92,469.51
2026-08-08 15:03:48.830,100.0,36.0,150.0,-50.9037,29.3893,80.9017,21.8,5,1.25,-21.33,468.71,-15.92,469.46
2026-08-08 15:03:52.205,100.0,36.0,144.0,-47.5528,34.5492,80.9017,20.6,1,0.25,-21.33,468.85,-15.9,469.6
2026-08-08 15:03:52.461,100.0,36.0,144.0,-47.5528,34.5492,80.9017,20.6,2,0.5,-21.33,468.87,-15.9,469.62
2026-08-08 15:03:52.716,100.0,36.0,144.0,-47.5528,34.5492,80.9017,20.6,3,0.75,-21.33,468.87,-15.9,469.62
2026-08-08 15:03:52.956,100.0,36.0,144.0,-47.5528,34.5492,80.9017,20.6,4,1.0,-21.34,468.92,-15.89,469.67
2026-08-08 15:03:53.212,100.0,36.0,144.0,-47.5528,34.5492,80.9017,20.6,5,1.25,-21.34,468.92,-15.89,469.67
2026-08-08 15:03:56.587,100.0,36.0,138.0,-43.681,39.3305,80.9017,21.0,1,0.25,-21.12,469.15,-15.96,469.89
2026-08-08 15:03:56.843,100.0,36.0,138.0,-43.681,39.3305,80.9017,21.0,2,0.5,-21.12,469.15,-15.96,469.89
2026-08-08 15:03:57.083,100.0,36.0,138.0,-43.681,39.3305,80.9017,21.0,3,0.75,-21.12,469.13,-15.95,469.87
2026-08-08 15:03:57.338,100.0,36.0,138.0,-43.681,39.3305,80.9017,21.0,4,1.0,-21.12,469.13,-15.95,469.87
2026-08-08 15:03:57.578,100.0,36.0,138.0,-43.681,39.3305,80.9017,21.0,5,1.25,-21.14,469.08,-15.94,469.82
2026-08-08 15:04:03.208,100.0,36.0,132.0,-39.3305,43.681,80.9017,20.9,1,0.25,-21.27,469.28,-16.12,470.03
2026-08-08 15:04:03.464,100.0,36.0,132.0,-39.3305,43.681,80.9017,20.9,2,0.5,-21.27,469.28,-16.12,470.03
2026-08-08 15:04:03.704,100.0,36.0,132.0,-39.3305,43.681,80.9017,20.9,3,0.75,-21.27,469.28,-16.12,470.03
2026-08-08 15:04:03.959,100.0,36.0,132.0,-39.3305,43.681,80.9017,20.9,4,1.0,-21.27,469.3,-16.12,470.05
2026-08-08 15:04:04.215,100.0,36.0,132.0,-39.3305,43.681,80.9017,20.9,5,1.25,-21.27,469.3,-16.12,470.05
2026-08-08 15:04:07.590,100.0,36.0,126.0,-34.5492,47.5528,80.9017,20.6,1,0.25,-21.27,469.42,-16.32,470.18
2026-08-08 15:04:07.830,100.0,36.0,126.0,-34.5492,47.5528,80.9017,20.6,2,0.5,-21.27,469.42,-16.32,470.18
2026-08-08 15:04:08.086,100.0,36.0,126.0,-34.5492,47.5528,80.9017,20.6,3,0.75,-21.27,469.46,-16.3,470.22
2026-08-08 15:04:08.342,100.0,36.0,126.0,-34.5492,47.5528,80.9017,20.6,4,1.0,-21.27,469.46,-16.3,470.22
2026-08-08 15:04:08.581,100.0,36.0,126.0,-34.5492,47.5528,80.9017,20.6,5,1.25,-21.27,469.47,-16.31,470.23
2026-08-08 15:04:11.956,100.0,36.0,120.0,-29.3893,50.9037,80.9017,21.1,1,0.25,-21.21,469.66,-16.42,470.42
2026-08-08 15:04:12.212,100.0,36.0,120.0,-29.3893,50.9037,80.9017,21.1,2,0.5,-21.22,469.62,-16.42,470.38
2026-08-08 15:04:12.468,100.0,36.0,120.0,-29.3893,50.9037,80.9017,21.1,3,0.75,-21.22,469.62,-16.42,470.38
2026-08-08 15:04:12.707,100.0,36.0,120.0,-29.3893,50.9037,80.9017,21.1,4,1.0,-21.22,469.62,-16.41,470.38
2026-08-08 15:04:12.963,100.0,36.0,120.0,-29.3893,50.9037,80.9017,21.1,5,1.25,-21.22,469.62,-16.41,470.38
2026-08-08 15:04:16.338,100.0,36.0,114.0,-23.9074,53.6969,80.9017,21.4,1,0.25,-21.53,469.73,-16.62,470.51
2026-08-08 15:04:16.578,100.0,36.0,114.0,-23.9074,53.6969,80.9017,21.4,2,0.5,-21.54,469.72,-16.62,470.5
2026-08-08 15:04:19.088,100.0,36.0,114.0,-23.9074,53.6969,80.9017,21.4,3,0.75,-21.54,469.72,-16.62,470.5
2026-08-08 15:04:19.328,100.0,36.0,114.0,-23.9074,53.6969,80.9017,21.4,4,1.0,-21.54,469.72,-16.62,470.5
2026-08-08 15:04:19.584,100.0,36.0,114.0,-23.9074,53.6969,80.9017,21.4,5,1.25,-21.53,469.71,-16.61,470.49
2026-08-08 15:04:23.087,100.0,36.0,108.0,-18.1636,55.9017,80.9017,20.8,1,0.25,-21.78,469.71,-16.84,470.51
2026-08-08 15:04:23.343,100.0,36.0,108.0,-18.1636,55.9017,80.9017,20.8,2,0.5,-21.78,469.71,-16.84,470.51
2026-08-08 15:04:23.582,100.0,36.0,108.0,-18.1636,55.9017,80.9017,20.8,3,0.75,-21.78,469.78,-16.83,470.58
2026-08-08 15:04:23.838,100.0,36.0,108.0,-18.1636,55.9017,80.9017,20.8,4,1.0,-21.78,469.78,-16.83,470.58
2026-08-08 15:04:24.078,100.0,36.0,108.0,-18.1636,55.9017,80.9017,20.8,5,1.25,-21.78,469.78,-16.84,470.58
2026-08-08 15:04:27.581,100.0,36.0,102.0,-12.2207,57.4941,80.9017,21.1,1,0.25,-21.94,469.89,-17.02,470.7
2026-08-08 15:04:27.836,100.0,36.0,102.0,-12.2207,57.4941,80.9017,21.1,2,0.5,-21.93,469.87,-17.03,470.68
2026-08-08 15:04:28.092,100.0,36.0,102.0,-12.2207,57.4941,80.9017,21.1,3,0.75,-21.93,469.87,-17.03,470.68
2026-08-08 15:04:28.332,100.0,36.0,102.0,-12.2207,57.4941,80.9017,21.1,4,1.0,-21.92,469.84,-17.03,470.65
2026-08-08 15:04:28.588,100.0,36.0,102.0,-12.2207,57.4941,80.9017,21.1,5,1.25,-21.92,469.84,-17.03,470.65
2026-08-08 15:04:32.090,100.0,36.0,96.0,-6.144,58.4565,80.9017,20.9,1,0.25,-22.12,469.74,-17.14,470.57
2026-08-08 15:04:32.330,100.0,36.0,96.0,-6.144,58.4565,80.9017,20.9,2,0.5,-22.12,469.74,-17.14,470.57
2026-08-08 15:04:32.586,100.0,36.0,96.0,-6.144,58.4565,80.9017,20.9,3,0.75,-22.11,469.74,-17.15,470.57
2026-08-08 15:04:32.842,100.0,36.0,96.0,-6.144,58.4565,80.9017,20.9,4,1.0,-22.11,469.74,-17.15,470.57
2026-08-08 15:04:33.082,100.0,36.0,96.0,-6.144,58.4565,80.9017,20.9,5,1.25,-22.1,469.74,-17.14,470.57
2026-08-08 15:04:36.584,100.0,36.0,90.0,0.0,58.7785,80.9017,21.3,1,0.25,-22.35,469.64,-17.37,470.49
2026-08-08 15:04:36.840,100.0,36.0,90.0,0.0,58.7785,80.9017,21.3,2,0.5,-22.35,469.64,-17.37,470.49
2026-08-08 15:04:37.080,100.0,36.0,90.0,0.0,58.7785,80.9017,21.3,3,0.75,-22.36,469.66,-17.36,470.51
2026-08-08 15:04:37.336,100.0,36.0,90.0,0.0,58.7785,80.9017,21.3,4,1.0,-22.36,469.66,-17.36,470.51
2026-08-08 15:04:37.592,100.0,36.0,90.0,0.0,58.7785,80.9017,21.3,5,1.25,-22.36,469.66,-17.36,470.51
2026-08-08 15:04:41.078,100.0,36.0,84.0,6.144,58.4565,80.9017,21.1,1,0.25,-22.63,469.59,-17.45,470.45
2026-08-08 15:04:41.334,100.0,36.0,84.0,6.144,58.4565,80.9017,21.1,2,0.5,-22.61,469.59,-17.45,470.45
2026-08-08 15:04:41.590,100.0,36.0,84.0,6.144,58.4565,80.9017,21.1,3,0.75,-22.61,469.59,-17.45,470.45
2026-08-08 15:04:41.830,100.0,36.0,84.0,6.144,58.4565,80.9017,21.1,4,1.0,-22.61,469.55,-17.45,470.41
2026-08-08 15:04:42.086,100.0,36.0,84.0,6.144,58.4565,80.9017,21.1,5,1.25,-22.61,469.55,-17.45,470.41
2026-08-08 15:04:45.588,100.0,36.0,78.0,12.2207,57.4941,80.9017,20.7,1,0.25,-22.72,469.47,-17.55,470.34
2026-08-08 15:04:45.828,100.0,36.0,78.0,12.2207,57.4941,80.9017,20.7,2,0.5,-22.72,469.47,-17.55,470.34
2026-08-08 15:04:46.084,100.0,36.0,78.0,12.2207,57.4941,80.9017,20.7,3,0.75,-22.72,469.48,-17.56,470.35
2026-08-08 15:04:46.340,100.0,36.0,78.0,12.2207,57.4941,80.9017,20.7,4,1.0,-22.72,469.48,-17.56,470.35
2026-08-08 15:04:46.580,100.0,36.0,78.0,12.2207,57.4941,80.9017,20.7,5,1.25,-22.71,469.43,-17.56,470.3
2026-08-08 15:04:50.082,100.0,36.0,72.0,18.1636,55.9017,80.9017,21.0,1,0.25,-22.77,469.32,-17.53,470.19
2026-08-08 15:04:50.338,100.0,36.0,72.0,18.1636,55.9017,80.9017,21.0,2,0.5,-22.76,469.35,-17.53,470.22
2026-08-08 15:04:50.578,100.0,36.0,72.0,18.1636,55.9017,80.9017,21.0,3,0.75,-22.78,469.3,-17.53,470.17
2026-08-08 15:04:53.089,100.0,36.0,72.0,18.1636,55.9017,80.9017,21.0,4,1.0,-22.78,469.3,-17.53,470.17
2026-08-08 15:04:53.329,100.0,36.0,72.0,18.1636,55.9017,80.9017,21.0,5,1.25,-22.76,469.32,-17.54,470.19
2026-08-08 15:04:56.831,100.0,36.0,66.0,23.9074,53.6969,80.9017,20.9,1,0.25,-22.87,469.04,-17.75,469.93
2026-08-08 15:04:57.087,100.0,36.0,66.0,23.9074,53.6969,80.9017,20.9,2,0.5,-22.89,469.11,-17.74,470.0
2026-08-08 15:04:57.327,100.0,36.0,66.0,23.9074,53.6969,80.9017,20.9,3,0.75,-22.91,469.05,-17.74,469.94
2026-08-08 15:04:59.838,100.0,36.0,66.0,23.9074,53.6969,80.9017,20.9,4,1.0,-22.91,469.05,-17.74,469.94
2026-08-08 15:05:00.078,100.0,36.0,66.0,23.9074,53.6969,80.9017,20.9,5,1.25,-22.89,469.04,-17.75,469.93
2026-08-08 15:05:05.835,100.0,36.0,60.0,29.3893,50.9037,80.9017,21.1,1,0.25,-22.98,468.91,-17.69,469.8
2026-08-08 15:05:06.091,100.0,36.0,60.0,29.3893,50.9037,80.9017,21.1,2,0.5,-22.98,468.91,-17.69,469.8
2026-08-08 15:05:06.331,100.0,36.0,60.0,29.3893,50.9037,80.9017,21.1,3,0.75,-22.97,468.9,-17.69,469.79
2026-08-08 15:05:06.587,100.0,36.0,60.0,29.3893,50.9037,80.9017,21.1,4,1.0,-22.97,468.9,-17.69,469.79
2026-08-08 15:05:06.827,100.0,36.0,60.0,29.3893,50.9037,80.9017,21.1,5,1.25,-22.98,468.84,-17.69,469.73
2026-08-08 15:05:12.456,100.0,36.0,54.0,34.5492,47.5528,80.9017,20.4,1,0.25,-22.99,468.58,-17.71,469.47
2026-08-08 15:05:12.712,100.0,36.0,54.0,34.5492,47.5528,80.9017,20.4,2,0.5,-22.99,468.58,-17.71,469.47
2026-08-08 15:05:12.952,100.0,36.0,54.0,34.5492,47.5528,80.9017,20.4,3,0.75,-22.99,468.58,-17.71,469.47
2026-08-08 15:05:13.208,100.0,36.0,54.0,34.5492,47.5528,80.9017,20.4,4,1.0,-22.97,468.58,-17.71,469.47
2026-08-08 15:05:13.464,100.0,36.0,54.0,34.5492,47.5528,80.9017,20.4,5,1.25,-22.97,468.58,-17.71,469.47
2026-08-08 15:05:16.838,100.0,36.0,48.0,39.3305,43.681,80.9017,20.3,1,0.25,-22.95,468.4,-17.71,469.29
2026-08-08 15:05:17.078,100.0,36.0,48.0,39.3305,43.681,80.9017,20.3,2,0.5,-22.95,468.4,-17.71,469.29
2026-08-08 15:05:17.334,100.0,36.0,48.0,39.3305,43.681,80.9017,20.3,3,0.75,-22.94,468.39,-17.7,469.28
2026-08-08 15:05:17.590,100.0,36.0,48.0,39.3305,43.681,80.9017,20.3,4,1.0,-22.94,468.39,-17.7,469.28
2026-08-08 15:05:17.830,100.0,36.0,48.0,39.3305,43.681,80.9017,20.3,5,1.25,-22.94,468.36,-17.7,469.25
2026-08-08 15:05:21.204,100.0,36.0,42.0,43.681,39.3305,80.9017,21.4,1,0.25,-23.0,468.12,-17.66,469.01
2026-08-08 15:05:21.460,100.0,36.0,42.0,43.681,39.3305,80.9017,21.4,2,0.5,-22.99,468.12,-17.67,469.01
2026-08-08 15:05:21.716,100.0,36.0,42.0,43.681,39.3305,80.9017,21.4,3,0.75,-22.99,468.12,-17.67,469.01
2026-08-08 15:05:21.956,100.0,36.0,42.0,43.681,39.3305,80.9017,21.4,4,1.0,-23.0,468.16,-17.68,469.05
2026-08-08 15:05:22.212,100.0,36.0,42.0,43.681,39.3305,80.9017,21.4,5,1.25,-23.0,468.16,-17.68,469.05
2026-08-08 15:05:25.586,100.0,36.0,36.0,47.5528,34.5492,80.9017,21.0,1,0.25,-22.68,468.01,-17.63,468.89
2026-08-08 15:05:25.842,100.0,36.0,36.0,47.5528,34.5492,80.9017,21.0,2,0.5,-22.68,468.01,-17.63,468.89
2026-08-08 15:05:26.082,100.0,36.0,36.0,47.5528,34.5492,80.9017,21.0,3,0.75,-22.68,467.98,-17.63,468.86
2026-08-08 15:05:26.338,100.0,36.0,36.0,47.5528,34.5492,80.9017,21.0,4,1.0,-22.68,467.98,-17.63,468.86
2026-08-08 15:05:26.578,100.0,36.0,36.0,47.5528,34.5492,80.9017,21.0,5,1.25,-22.69,467.89,-17.64,468.77
2026-08-08 15:05:29.952,100.0,36.0,30.0,50.9037,29.3893,80.9017,21.0,1,0.25,-22.47,467.72,-17.66,468.59
2026-08-08 15:05:30.208,100.0,36.0,30.0,50.9037,29.3893,80.9017,21.0,2,0.5,-22.47,467.75,-17.68,468.62
2026-08-08 15:05:30.464,100.0,36.0,30.0,50.9037,29.3893,80.9017,21.0,3,0.75,-22.47,467.75,-17.68,468.62
2026-08-08 15:05:30.704,100.0,36.0,30.0,50.9037,29.3893,80.9017,21.0,4,1.0,-22.48,467.74,-17.67,468.61
2026-08-08 15:05:30.960,100.0,36.0,30.0,50.9037,29.3893,80.9017,21.0,5,1.25,-22.48,467.74,-17.67,468.61
2026-08-08 15:05:34.462,100.0,36.0,24.0,53.6969,23.9074,80.9017,20.6,1,0.25,-22.3,467.61,-17.59,468.47
2026-08-08 15:05:34.702,100.0,36.0,24.0,53.6969,23.9074,80.9017,20.6,2,0.5,-22.3,467.61,-17.59,468.47
2026-08-08 15:05:34.958,100.0,36.0,24.0,53.6969,23.9074,80.9017,20.6,3,0.75,-22.29,467.63,-17.58,468.49
2026-08-08 15:05:35.214,100.0,36.0,24.0,53.6969,23.9074,80.9017,20.6,4,1.0,-22.29,467.63,-17.58,468.49
2026-08-08 15:05:35.454,100.0,36.0,24.0,53.6969,23.9074,80.9017,20.6,5,1.25,-22.29,467.6,-17.59,468.46
2026-08-08 15:05:38.956,100.0,36.0,18.0,55.9017,18.1636,80.9017,20.1,1,0.25,-22.07,467.54,-17.61,468.39
2026-08-08 15:05:39.212,100.0,36.0,18.0,55.9017,18.1636,80.9017,20.1,2,0.5,-22.07,467.57,-17.61,468.42
2026-08-08 15:05:39.452,100.0,36.0,18.0,55.9017,18.1636,80.9017,20.1,3,0.75,-22.07,467.57,-17.61,468.42
2026-08-08 15:05:39.708,100.0,36.0,18.0,55.9017,18.1636,80.9017,20.1,4,1.0,-22.06,467.56,-17.61,468.41
2026-08-08 15:05:39.964,100.0,36.0,18.0,55.9017,18.1636,80.9017,20.1,5,1.25,-22.06,467.56,-17.61,468.41
2026-08-08 15:05:43.466,100.0,36.0,12.0,57.4941,12.2207,80.9017,20.5,1,0.25,-21.58,467.55,-17.5,468.37
2026-08-08 15:05:43.706,100.0,36.0,12.0,57.4941,12.2207,80.9017,20.5,2,0.5,-21.58,467.57,-17.51,468.39
2026-08-08 15:05:43.962,100.0,36.0,12.0,57.4941,12.2207,80.9017,20.5,3,0.75,-21.58,467.57,-17.51,468.39
2026-08-08 15:05:44.202,100.0,36.0,12.0,57.4941,12.2207,80.9017,20.5,4,1.0,-21.58,467.57,-17.51,468.39
2026-08-08 15:05:44.458,100.0,36.0,12.0,57.4941,12.2207,80.9017,20.5,5,1.25,-21.58,467.55,-17.49,468.37
2026-08-08 15:05:47.960,100.0,36.0,6.0,58.4565,6.144,80.9017,20.0,1,0.25,-21.33,467.44,-17.35,468.24
2026-08-08 15:05:48.216,100.0,36.0,6.0,58.4565,6.144,80.9017,20.0,2,0.5,-21.33,467.44,-17.35,468.24
2026-08-08 15:05:48.456,100.0,36.0,6.0,58.4565,6.144,80.9017,20.0,3,0.75,-21.32,467.46,-17.36,468.26
2026-08-08 15:05:48.712,100.0,36.0,6.0,58.4565,6.144,80.9017,20.0,4,1.0,-21.32,467.46,-17.36,468.26
2026-08-08 15:05:48.952,100.0,36.0,6.0,58.4565,6.144,80.9017,20.0,5,1.25,-21.34,467.5,-17.37,468.3
2026-08-08 15:05:52.454,100.0,36.0,0.0,58.7785,0.0,80.9017,20.9,1,0.25,-21.04,467.54,-17.39,468.33
2026-08-08 15:05:52.710,100.0,36.0,0.0,58.7785,0.0,80.9017,20.9,2,0.5,-21.05,467.54,-17.4,468.33
2026-08-08 15:05:52.966,100.0,36.0,0.0,58.7785,0.0,80.9017,20.9,3,0.75,-21.05,467.54,-17.4,468.33
2026-08-08 15:05:53.206,100.0,36.0,0.0,58.7785,0.0,80.9017,20.9,4,1.0,-21.03,467.52,-17.39,468.31
2026-08-08 15:05:53.462,100.0,36.0,0.0,58.7785,0.0,80.9017,20.9,5,1.25,-21.03,467.52,-17.39,468.31
2026-08-08 15:05:57.204,100.0,42.0,0.0,66.9131,0.0,74.3145,20.5,1,0.25,-21.01,467.19,-17.5,467.98
2026-08-08 15:05:57.460,100.0,42.0,0.0,66.9131,0.0,74.3145,20.5,2,0.5,-21.01,467.19,-17.5,467.98
2026-08-08 15:05:57.716,100.0,42.0,0.0,66.9131,0.0,74.3145,20.5,3,0.75,-21.01,467.19,-17.5,467.98
2026-08-08 15:05:57.956,100.0,42.0,0.0,66.9131,0.0,74.3145,20.5,4,1.0,-21.02,467.16,-17.51,467.96
2026-08-08 15:05:58.211,100.0,42.0,0.0,66.9131,0.0,74.3145,20.5,5,1.25,-21.02,467.16,-17.51,467.96
2026-08-08 15:06:01.842,100.0,42.0,6.0,66.5465,6.9943,74.3145,20.8,1,0.25,-21.23,467.14,-17.47,467.94
2026-08-08 15:06:02.082,100.0,42.0,6.0,66.5465,6.9943,74.3145,20.8,2,0.5,-21.23,467.12,-17.48,467.92
2026-08-08 15:06:02.338,100.0,42.0,6.0,66.5465,6.9943,74.3145,20.8,3,0.75,-21.23,467.12,-17.48,467.92
2026-08-08 15:06:02.577,100.0,42.0,6.0,66.5465,6.9943,74.3145,20.8,4,1.0,-21.24,467.13,-17.46,467.93
2026-08-08 15:06:05.088,100.0,42.0,6.0,66.5465,6.9943,74.3145,20.8,5,1.25,-21.24,467.1,-17.46,467.9
2026-08-08 15:06:08.703,100.0,42.0,12.0,65.4508,13.912,74.3145,21.4,1,0.25,-21.55,467.22,-17.67,468.05
2026-08-08 15:06:08.958,100.0,42.0,12.0,65.4508,13.912,74.3145,21.4,2,0.5,-21.55,467.22,-17.67,468.05
2026-08-08 15:06:09.214,100.0,42.0,12.0,65.4508,13.912,74.3145,21.4,3,0.75,-21.54,467.27,-17.67,468.09
2026-08-08 15:06:09.454,100.0,42.0,12.0,65.4508,13.912,74.3145,21.4,4,1.0,-21.54,467.27,-17.67,468.09
2026-08-08 15:06:09.710,100.0,42.0,12.0,65.4508,13.912,74.3145,21.4,5,1.25,-21.55,467.27,-17.68,468.1
2026-08-08 15:06:13.341,100.0,42.0,18.0,63.6381,20.6773,74.3145,20.9,1,0.25,-21.96,467.35,-17.78,468.2
2026-08-08 15:06:13.580,100.0,42.0,18.0,63.6381,20.6773,74.3145,20.9,2,0.5,-21.96,467.35,-17.78,468.2
2026-08-08 15:06:13.836,100.0,42.0,18.0,63.6381,20.6773,74.3145,20.9,3,0.75,-21.96,467.35,-17.78,468.2
2026-08-08 15:06:14.076,100.0,42.0,18.0,63.6381,20.6773,74.3145,20.9,4,1.0,-21.98,467.32,-17.79,468.17
2026-08-08 15:06:16.587,100.0,42.0,18.0,63.6381,20.6773,74.3145,20.9,5,1.25,-21.98,467.33,-17.79,468.18
2026-08-08 15:06:20.089,100.0,42.0,24.0,61.1281,27.216,74.3145,21.9,1,0.25,-22.32,467.47,-17.73,468.33
2026-08-08 15:06:20.329,100.0,42.0,24.0,61.1281,27.216,74.3145,21.9,2,0.5,-22.32,467.47,-17.73,468.33
2026-08-08 15:06:20.585,100.0,42.0,24.0,61.1281,27.216,74.3145,21.9,3,0.75,-22.32,467.47,-17.73,468.33
2026-08-08 15:06:20.841,100.0,42.0,24.0,61.1281,27.216,74.3145,21.9,4,1.0,-22.32,467.48,-17.72,468.34
2026-08-08 15:06:21.081,100.0,42.0,24.0,61.1281,27.216,74.3145,21.9,5,1.25,-22.32,467.48,-17.72,468.34
2026-08-08 15:06:24.583,100.0,42.0,30.0,57.9484,33.4565,74.3145,20.6,1,0.25,-22.58,467.64,-17.9,468.52
2026-08-08 15:06:24.839,100.0,42.0,30.0,57.9484,33.4565,74.3145,20.6,2,0.5,-22.58,467.61,-17.88,468.49
2026-08-08 15:06:25.079,100.0,42.0,30.0,57.9484,33.4565,74.3145,20.6,3,0.75,-22.58,467.61,-17.88,468.49
2026-08-08 15:06:25.335,100.0,42.0,30.0,57.9484,33.4565,74.3145,20.6,4,1.0,-22.58,467.6,-17.88,468.48
2026-08-08 15:06:25.591,100.0,42.0,30.0,57.9484,33.4565,74.3145,20.6,5,1.25,-22.58,467.6,-17.88,468.48
2026-08-08 15:06:29.077,100.0,42.0,36.0,54.1338,39.3305,74.3145,21.3,1,0.25,-22.74,467.81,-17.81,468.7
2026-08-08 15:06:31.588,100.0,42.0,36.0,54.1338,39.3305,74.3145,21.3,2,0.5,-22.75,467.85,-17.8,468.74
2026-08-08 15:06:31.828,100.0,42.0,36.0,54.1338,39.3305,74.3145,21.3,3,0.75,-22.75,467.85,-17.8,468.74
2026-08-08 15:06:32.084,100.0,42.0,36.0,54.1338,39.3305,74.3145,21.3,4,1.0,-22.75,467.9,-17.81,468.79
2026-08-08 15:06:32.340,100.0,42.0,36.0,54.1338,39.3305,74.3145,21.3,5,1.25,-22.75,467.9,-17.81,468.79
2026-08-08 15:06:35.714,100.0,42.0,42.0,49.7261,44.7736,74.3145,22.0,1,0.25,-22.98,468.18,-17.94,469.08
2026-08-08 15:06:35.954,100.0,42.0,42.0,49.7261,44.7736,74.3145,22.0,2,0.5,-22.98,468.18,-17.94,469.08
2026-08-08 15:06:36.210,100.0,42.0,42.0,49.7261,44.7736,74.3145,22.0,3,0.75,-22.97,468.18,-17.95,469.08
2026-08-08 15:06:36.466,100.0,42.0,42.0,49.7261,44.7736,74.3145,22.0,4,1.0,-22.97,468.18,-17.95,469.08
2026-08-08 15:06:36.706,100.0,42.0,42.0,49.7261,44.7736,74.3145,22.0,5,1.25,-22.97,468.18,-17.95,469.08
2026-08-08 15:06:40.080,100.0,42.0,48.0,44.7736,49.7261,74.3145,20.5,1,0.25,-23.14,468.43,-17.95,469.34
2026-08-08 15:06:40.336,100.0,42.0,48.0,44.7736,49.7261,74.3145,20.5,2,0.5,-23.14,468.43,-17.95,469.34
2026-08-08 15:06:40.576,100.0,42.0,48.0,44.7736,49.7261,74.3145,20.5,3,0.75,-23.15,468.46,-17.95,469.37
2026-08-08 15:06:43.087,100.0,42.0,48.0,44.7736,49.7261,74.3145,20.5,4,1.0,-23.14,468.44,-17.92,469.35
2026-08-08 15:06:43.327,100.0,42.0,48.0,44.7736,49.7261,74.3145,20.5,5,1.25,-23.14,468.45,-17.94,469.36
2026-08-08 15:06:49.084,100.0,42.0,54.0,39.3305,54.1338,74.3145,21.1,1,0.25,-23.22,468.82,-17.88,469.73
2026-08-08 15:06:49.340,100.0,42.0,54.0,39.3305,54.1338,74.3145,21.1,2,0.5,-23.21,468.84,-17.89,469.75
2026-08-08 15:06:49.580,100.0,42.0,54.0,39.3305,54.1338,74.3145,21.1,3,0.75,-23.21,468.84,-17.89,469.75
2026-08-08 15:06:49.836,100.0,42.0,54.0,39.3305,54.1338,74.3145,21.1,4,1.0,-23.22,468.81,-17.89,469.72
2026-08-08 15:06:50.092,100.0,42.0,54.0,39.3305,54.1338,74.3145,21.1,5,1.25,-23.22,468.81,-17.89,469.72
2026-08-08 15:06:53.578,100.0,42.0,60.0,33.4565,57.9484,74.3145,21.3,1,0.25,-23.16,469.2,-17.83,470.1
2026-08-08 15:06:53.834,100.0,42.0,60.0,33.4565,57.9484,74.3145,21.3,2,0.5,-23.16,469.2,-17.83,470.1
2026-08-08 15:06:54.090,100.0,42.0,60.0,33.4565,57.9484,74.3145,21.3,3,0.75,-23.16,469.24,-17.84,470.14
2026-08-08 15:06:54.330,100.0,42.0,60.0,33.4565,57.9484,74.3145,21.3,4,1.0,-23.16,469.24,-17.84,470.14
2026-08-08 15:06:54.586,100.0,42.0,60.0,33.4565,57.9484,74.3145,21.3,5,1.25,-23.17,469.24,-17.85,470.15
2026-08-08 15:06:58.088,100.0,42.0,66.0,27.216,61.1281,74.3145,20.8,1,0.25,-23.11,469.4,-17.88,470.3
2026-08-08 15:06:58.328,100.0,42.0,66.0,27.216,61.1281,74.3145,20.8,2,0.5,-23.11,469.4,-17.88,470.3
2026-08-08 15:06:58.584,100.0,42.0,66.0,27.216,61.1281,74.3145,20.8,3,0.75,-23.12,469.39,-17.88,470.29
2026-08-08 15:06:58.840,100.0,42.0,66.0,27.216,61.1281,74.3145,20.8,4,1.0,-23.12,469.39,-17.88,470.29
2026-08-08 15:06:59.080,100.0,42.0,66.0,27.216,61.1281,74.3145,20.8,5,1.25,-23.12,469.4,-17.88,470.3
2026-08-08 15:07:02.582,100.0,42.0,72.0,20.6773,63.6381,74.3145,21.3,1,0.25,-23.28,469.76,-17.69,470.66
2026-08-08 15:07:02.838,100.0,42.0,72.0,20.6773,63.6381,74.3145,21.3,2,0.5,-23.29,469.76,-17.69,470.66
2026-08-08 15:07:03.078,100.0,42.0,72.0,20.6773,63.6381,74.3145,21.3,3,0.75,-23.29,469.76,-17.69,470.66
2026-08-08 15:07:03.334,100.0,42.0,72.0,20.6773,63.6381,74.3145,21.3,4,1.0,-23.27,469.67,-17.68,470.57
2026-08-08 15:07:03.590,100.0,42.0,72.0,20.6773,63.6381,74.3145,21.3,5,1.25,-23.27,469.67,-17.68,470.57
2026-08-08 15:07:07.204,100.0,42.0,78.0,13.912,65.4508,74.3145,20.9,1,0.25,-23.02,469.93,-17.67,470.82
2026-08-08 15:07:07.460,100.0,42.0,78.0,13.912,65.4508,74.3145,20.9,2,0.5,-23.03,469.94,-17.68,470.83
2026-08-08 15:07:07.716,100.0,42.0,78.0,13.912,65.4508,74.3145,20.9,3,0.75,-23.03,469.94,-17.68,470.83
2026-08-08 15:07:07.956,100.0,42.0,78.0,13.912,65.4508,74.3145,20.9,4,1.0,-23.03,469.89,-17.68,470.78
2026-08-08 15:07:08.212,100.0,42.0,78.0,13.912,65.4508,74.3145,20.9,5,1.25,-23.03,469.89,-17.68,470.78
2026-08-08 15:07:11.826,100.0,42.0,84.0,6.9943,66.5465,74.3145,20.6,1,0.25,-22.75,470.17,-17.45,471.04
2026-08-08 15:07:14.337,100.0,42.0,84.0,6.9943,66.5465,74.3145,20.6,2,0.5,-22.76,470.14,-17.44,471.01
2026-08-08 15:07:14.577,100.0,42.0,84.0,6.9943,66.5465,74.3145,20.6,3,0.75,-22.78,470.13,-17.45,471.0
2026-08-08 15:07:17.087,100.0,42.0,84.0,6.9943,66.5465,74.3145,20.6,4,1.0,-22.78,470.13,-17.45,471.0
2026-08-08 15:07:17.327,100.0,42.0,84.0,6.9943,66.5465,74.3145,20.6,5,1.25,-22.78,470.1,-17.45,470.97
2026-08-08 15:07:20.958,100.0,42.0,90.0,0.0,66.9131,74.3145,20.9,1,0.25,-22.47,470.34,-17.34,471.19
2026-08-08 15:07:21.214,100.0,42.0,90.0,0.0,66.9131,74.3145,20.9,2,0.5,-22.47,470.34,-17.34,471.19
2026-08-08 15:07:21.453,100.0,42.0,90.0,0.0,66.9131,74.3145,20.9,3,0.75,-22.47,470.35,-17.33,471.2
2026-08-08 15:07:21.709,100.0,42.0,90.0,0.0,66.9131,74.3145,20.9,4,1.0,-22.47,470.35,-17.33,471.2
2026-08-08 15:07:21.965,100.0,42.0,90.0,0.0,66.9131,74.3145,20.9,5,1.25,-22.46,470.36,-17.34,471.21
2026-08-08 15:07:25.580,100.0,42.0,96.0,-6.9943,66.5465,74.3145,21.1,1,0.25,-22.27,470.41,-17.06,471.24
2026-08-08 15:07:25.835,100.0,42.0,96.0,-6.9943,66.5465,74.3145,21.1,2,0.5,-22.27,470.45,-17.07,471.28
2026-08-08 15:07:26.091,100.0,42.0,96.0,-6.9943,66.5465,74.3145,21.1,3,0.75,-22.27,470.45,-17.07,471.28
2026-08-08 15:07:26.331,100.0,42.0,96.0,-6.9943,66.5465,74.3145,21.1,4,1.0,-22.28,470.43,-17.07,471.26
2026-08-08 15:07:26.587,100.0,42.0,96.0,-6.9943,66.5465,74.3145,21.1,5,1.25,-22.28,470.43,-17.07,471.26
2026-08-08 15:07:30.201,100.0,42.0,102.0,-13.912,65.4508,74.3145,20.6,1,0.25,-21.91,470.33,-16.91,471.14
2026-08-08 15:07:30.457,100.0,42.0,102.0,-13.912,65.4508,74.3145,20.6,2,0.5,-21.93,470.38,-16.91,471.19
2026-08-08 15:07:30.713,100.0,42.0,102.0,-13.912,65.4508,74.3145,20.6,3,0.75,-21.93,470.38,-16.91,471.19
2026-08-08 15:07:30.953,100.0,42.0,102.0,-13.912,65.4508,74.3145,20.6,4,1.0,-21.93,470.35,-16.91,471.16
2026-08-08 15:07:31.209,100.0,42.0,102.0,-13.912,65.4508,74.3145,20.6,5,1.25,-21.93,470.35,-16.91,471.16
2026-08-08 15:07:34.839,100.0,42.0,108.0,-20.6773,63.6381,74.3145,20.9,1,0.25,-21.75,470.28,-16.61,471.07
2026-08-08 15:07:35.079,100.0,42.0,108.0,-20.6773,63.6381,74.3145,20.9,2,0.5,-21.75,470.27,-16.59,471.06
2026-08-08 15:07:35.335,100.0,42.0,108.0,-20.6773,63.6381,74.3145,20.9,3,0.75,-21.75,470.27,-16.59,471.06
2026-08-08 15:07:35.591,100.0,42.0,108.0,-20.6773,63.6381,74.3145,20.9,4,1.0,-21.76,470.27,-16.6,471.06
2026-08-08 15:07:35.831,100.0,42.0,108.0,-20.6773,63.6381,74.3145,20.9,5,1.25,-21.76,470.27,-16.6,471.06
2026-08-08 15:07:39.333,100.0,42.0,114.0,-27.216,61.1281,74.3145,21.2,1,0.25,-21.54,470.14,-16.4,470.91
2026-08-08 15:07:39.589,100.0,42.0,114.0,-27.216,61.1281,74.3145,21.2,2,0.5,-21.54,470.14,-16.4,470.91
2026-08-08 15:07:39.829,100.0,42.0,114.0,-27.216,61.1281,74.3145,21.2,3,0.75,-21.56,470.14,-16.39,470.91
2026-08-08 15:07:40.085,100.0,42.0,114.0,-27.216,61.1281,74.3145,21.2,4,1.0,-21.56,470.14,-16.39,470.91
2026-08-08 15:07:40.341,100.0,42.0,114.0,-27.216,61.1281,74.3145,21.2,5,1.25,-21.56,470.13,-16.39,470.9
2026-08-08 15:07:43.827,100.0,42.0,120.0,-33.4565,57.9484,74.3145,20.6,1,0.25,-21.38,470.01,-16.11,470.77
2026-08-08 15:07:44.083,100.0,42.0,120.0,-33.4565,57.9484,74.3145,20.6,2,0.5,-21.38,470.01,-16.11,470.77
2026-08-08 15:07:44.339,100.0,42.0,120.0,-33.4565,57.9484,74.3145,20.6,3,0.75,-21.38,470.01,-16.11,470.77
2026-08-08 15:07:44.579,100.0,42.0,120.0,-33.4565,57.9484,74.3145,20.6,4,1.0,-21.38,469.98,-16.12,470.74
2026-08-08 15:07:44.835,100.0,42.0,120.0,-33.4565,57.9484,74.3145,20.6,5,1.25,-21.38,469.98,-16.12,470.74
2026-08-08 15:07:48.337,100.0,42.0,126.0,-39.3305,54.1338,74.3145,20.8,1,0.25,-21.29,469.77,-15.9,470.52
2026-08-08 15:07:48.577,100.0,42.0,126.0,-39.3305,54.1338,74.3145,20.8,2,0.5,-21.29,469.75,-15.89,470.5
2026-08-08 15:07:48.833,100.0,42.0,126.0,-39.3305,54.1338,74.3145,20.8,3,0.75,-21.29,469.75,-15.89,470.5
2026-08-08 15:07:49.089,100.0,42.0,126.0,-39.3305,54.1338,74.3145,20.8,4,1.0,-21.3,469.78,-15.89,470.53
2026-08-08 15:07:49.329,100.0,42.0,126.0,-39.3305,54.1338,74.3145,20.8,5,1.25,-21.3,469.78,-15.89,470.53
2026-08-08 15:07:52.831,100.0,42.0,132.0,-44.7736,49.7261,74.3145,20.7,1,0.25,-21.1,469.64,-15.72,470.37
2026-08-08 15:07:53.087,100.0,42.0,132.0,-44.7736,49.7261,74.3145,20.7,2,0.5,-21.1,469.64,-15.72,470.37
2026-08-08 15:07:53.327,100.0,42.0,132.0,-44.7736,49.7261,74.3145,20.7,3,0.75,-21.1,469.57,-15.72,470.3
2026-08-08 15:07:53.583,100.0,42.0,132.0,-44.7736,49.7261,74.3145,20.7,4,1.0,-21.1,469.57,-15.72,470.3
2026-08-08 15:07:53.839,100.0,42.0,132.0,-44.7736,49.7261,74.3145,20.7,5,1.25,-21.09,469.54,-15.73,470.27
2026-08-08 15:07:57.213,100.0,42.0,138.0,-49.7261,44.7736,74.3145,20.4,1,0.25,-21.24,469.23,-15.65,469.97
2026-08-08 15:07:57.453,100.0,42.0,138.0,-49.7261,44.7736,74.3145,20.4,2,0.5,-21.24,469.27,-15.66,470.01
2026-08-08 15:07:57.709,100.0,42.0,138.0,-49.7261,44.7736,74.3145,20.4,3,0.75,-21.24,469.27,-15.66,470.01
2026-08-08 15:07:57.965,100.0,42.0,138.0,-49.7261,44.7736,74.3145,20.4,4,1.0,-21.25,469.23,-15.64,469.97
2026-08-08 15:07:58.205,100.0,42.0,138.0,-49.7261,44.7736,74.3145,20.4,5,1.25,-21.25,469.23,-15.64,469.97
2026-08-08 15:08:03.574,100.0,42.0,144.0,-54.1338,39.3305,74.3145,21.3,1,1.5,-21.04,468.99,-15.41,469.71
2026-08-08 15:08:03.706,100.0,42.0,144.0,-54.1338,39.3305,74.3145,21.3,2,1.75,-21.04,468.95,-15.42,469.67
2026-08-08 15:08:03.962,100.0,42.0,144.0,-54.1338,39.3305,74.3145,21.3,3,2.0,-21.04,468.95,-15.42,469.67
2026-08-08 15:08:04.202,100.0,42.0,144.0,-54.1338,39.3305,74.3145,21.3,4,2.25,-21.03,469.01,-15.4,469.73
2026-08-08 15:08:04.458,100.0,42.0,144.0,-54.1338,39.3305,74.3145,21.3,5,2.5,-21.03,469.01,-15.4,469.73
2026-08-08 15:08:07.960,100.0,42.0,150.0,-57.9484,33.4565,74.3145,20.5,1,0.25,-21.24,468.7,-15.43,469.43
2026-08-08 15:08:08.200,100.0,42.0,150.0,-57.9484,33.4565,74.3145,20.5,2,0.5,-21.24,468.7,-15.43,469.43
2026-08-08 15:08:08.456,100.0,42.0,150.0,-57.9484,33.4565,74.3145,20.5,3,0.75,-21.24,468.71,-15.43,469.44
2026-08-08 15:08:08.712,100.0,42.0,150.0,-57.9484,33.4565,74.3145,20.5,4,1.0,-21.24,468.71,-15.43,469.44
2026-08-08 15:08:08.952,100.0,42.0,150.0,-57.9484,33.4565,74.3145,20.5,5,1.25,-21.23,468.76,-15.41,469.49
2026-08-08 15:08:12.454,100.0,42.0,156.0,-61.1281,27.216,74.3145,20.5,1,0.25,-21.4,468.55,-15.39,469.29
2026-08-08 15:08:12.710,100.0,42.0,156.0,-61.1281,27.216,74.3145,20.5,2,0.5,-21.4,468.55,-15.39,469.29
2026-08-08 15:08:12.966,100.0,42.0,156.0,-61.1281,27.216,74.3145,20.5,3,0.75,-21.39,468.55,-15.39,469.29
2026-08-08 15:08:13.206,100.0,42.0,156.0,-61.1281,27.216,74.3145,20.5,4,1.0,-21.39,468.55,-15.39,469.29
2026-08-08 15:08:13.462,100.0,42.0,156.0,-61.1281,27.216,74.3145,20.5,5,1.25,-21.39,468.55,-15.39,469.29
2026-08-08 15:08:16.964,100.0,42.0,162.0,-63.6381,20.6773,74.3145,20.3,1,0.25,-21.68,468.25,-15.48,469.0
2026-08-08 15:08:17.204,100.0,42.0,162.0,-63.6381,20.6773,74.3145,20.3,2,0.5,-21.68,468.21,-15.48,468.96
2026-08-08 15:08:17.460,100.0,42.0,162.0,-63.6381,20.6773,74.3145,20.3,3,0.75,-21.68,468.21,-15.48,468.96
2026-08-08 15:08:17.716,100.0,42.0,162.0,-63.6381,20.6773,74.3145,20.3,4,1.0,-21.67,468.26,-15.49,469.01
2026-08-08 15:08:17.956,100.0,42.0,162.0,-63.6381,20.6773,74.3145,20.3,5,1.25,-21.67,468.26,-15.49,469.01
2026-08-08 15:08:21.586,100.0,42.0,168.0,-65.4508,13.912,74.3145,21.3,1,0.25,-21.66,468.05,-15.39,468.8
2026-08-08 15:08:21.826,100.0,42.0,168.0,-65.4508,13.912,74.3145,21.3,2,0.5,-21.67,468.01,-15.4,468.76
2026-08-08 15:08:24.337,100.0,42.0,168.0,-65.4508,13.912,74.3145,21.3,3,0.75,-21.67,468.01,-15.4,468.76
2026-08-08 15:08:24.577,100.0,42.0,168.0,-65.4508,13.912,74.3145,21.3,4,1.0,-21.67,468.05,-15.4,468.8
2026-08-08 15:08:24.833,100.0,42.0,168.0,-65.4508,13.912,74.3145,21.3,5,1.25,-21.67,468.05,-15.4,468.8
2026-08-08 15:08:28.463,100.0,42.0,174.0,-66.5465,6.9943,74.3145,20.6,1,0.25,-21.96,467.91,-15.38,468.67
2026-08-08 15:08:28.703,100.0,42.0,174.0,-66.5465,6.9943,74.3145,20.6,2,0.5,-21.96,467.91,-15.38,468.67
2026-08-08 15:08:28.959,100.0,42.0,174.0,-66.5465,6.9943,74.3145,20.6,3,0.75,-21.96,467.91,-15.38,468.67
2026-08-08 15:08:29.215,100.0,42.0,174.0,-66.5465,6.9943,74.3145,20.6,4,1.0,-21.96,467.91,-15.39,468.67
2026-08-08 15:08:29.455,100.0,42.0,174.0,-66.5465,6.9943,74.3145,20.6,5,1.25,-21.96,467.91,-15.39,468.67
2026-08-08 15:08:33.085,100.0,42.0,180.0,-66.9131,0.0,74.3145,20.7,1,0.25,-22.18,467.83,-15.39,468.6
2026-08-08 15:08:33.341,100.0,42.0,180.0,-66.9131,0.0,74.3145,20.7,2,0.5,-22.18,467.87,-15.39,468.64
2026-08-08 15:08:33.581,100.0,42.0,180.0,-66.9131,0.0,74.3145,20.7,3,0.75,-22.18,467.87,-15.39,468.64
2026-08-08 15:08:33.837,100.0,42.0,180.0,-66.9131,0.0,74.3145,20.7,4,1.0,-22.18,467.88,-15.4,468.65
2026-08-08 15:08:34.077,100.0,42.0,180.0,-66.9131,0.0,74.3145,20.7,5,1.25,-22.18,467.88,-15.4,468.65
2026-08-08 15:08:37.707,100.0,42.0,186.0,-66.5465,-6.9943,74.3145,20.9,1,0.25,-22.46,467.91,-15.41,468.7
2026-08-08 15:08:37.963,100.0,42.0,186.0,-66.5465,-6.9943,74.3145,20.9,2,0.5,-22.48,467.94,-15.42,468.73
2026-08-08 15:08:38.203,100.0,42.0,186.0,-66.5465,-6.9943,74.3145,20.9,3,0.75,-22.48,467.94,-15.42,468.73
2026-08-08 15:08:38.459,100.0,42.0,186.0,-66.5465,-6.9943,74.3145,20.9,4,1.0,-22.47,467.93,-15.42,468.72
2026-08-08 15:08:38.715,100.0,42.0,186.0,-66.5465,-6.9943,74.3145,20.9,5,1.25,-22.47,467.93,-15.42,468.72
2026-08-08 15:08:42.329,100.0,42.0,192.0,-65.4508,-13.912,74.3145,21.8,1,0.25,-22.66,468.02,-15.5,468.82
2026-08-08 15:08:42.585,100.0,42.0,192.0,-65.4508,-13.912,74.3145,21.8,2,0.5,-22.66,468.02,-15.5,468.82
2026-08-08 15:08:42.841,100.0,42.0,192.0,-65.4508,-13.912,74.3145,21.8,3,0.75,-22.67,468.02,-15.5,468.82
2026-08-08 15:08:43.081,100.0,42.0,192.0,-65.4508,-13.912,74.3145,21.8,4,1.0,-22.67,468.02,-15.5,468.82
2026-08-08 15:08:43.337,100.0,42.0,192.0,-65.4508,-13.912,74.3145,21.8,5,1.25,-22.67,468.04,-15.49,468.84
2026-08-08 15:08:48.823,100.0,42.0,198.0,-63.6381,-20.6773,74.3145,21.2,1,1.5,-22.99,468.03,-15.75,468.85
2026-08-08 15:08:48.950,100.0,42.0,198.0,-63.6381,-20.6773,74.3145,21.2,2,1.75,-22.99,468.05,-15.76,468.87
2026-08-08 15:08:49.206,100.0,42.0,198.0,-63.6381,-20.6773,74.3145,21.2,3,2.0,-22.99,468.05,-15.76,468.87
2026-08-08 15:08:49.462,100.0,42.0,198.0,-63.6381,-20.6773,74.3145,21.2,4,2.25,-22.99,468.0,-15.76,468.82
2026-08-08 15:08:49.702,100.0,42.0,198.0,-63.6381,-20.6773,74.3145,21.2,5,2.5,-22.99,468.0,-15.76,468.82
2026-08-08 15:08:53.204,100.0,42.0,204.0,-61.1281,-27.216,74.3145,20.2,1,0.25,-23.0,468.21,-15.94,469.04
2026-08-08 15:08:53.460,100.0,42.0,204.0,-61.1281,-27.216,74.3145,20.2,2,0.5,-23.0,468.21,-15.94,469.04
2026-08-08 15:08:53.716,100.0,42.0,204.0,-61.1281,-27.216,74.3145,20.2,3,0.75,-23.0,468.21,-15.94,469.04
2026-08-08 15:08:53.956,100.0,42.0,204.0,-61.1281,-27.216,74.3145,20.2,4,1.0,-23.0,468.21,-15.94,469.04
2026-08-08 15:08:54.212,100.0,42.0,204.0,-61.1281,-27.216,74.3145,20.2,5,1.25,-23.0,468.25,-15.93,469.08
2026-08-08 15:08:57.714,100.0,42.0,210.0,-57.9484,-33.4565,74.3145,20.1,1,0.25,-23.0,468.3,-15.93,469.13
2026-08-08 15:08:57.954,100.0,42.0,210.0,-57.9484,-33.4565,74.3145,20.1,2,0.5,-23.0,468.3,-15.93,469.13
2026-08-08 15:08:58.210,100.0,42.0,210.0,-57.9484,-33.4565,74.3145,20.1,3,0.75,-23.0,468.35,-15.94,469.18
2026-08-08 15:08:58.466,100.0,42.0,210.0,-57.9484,-33.4565,74.3145,20.1,4,1.0,-23.0,468.35,-15.94,469.18
2026-08-08 15:08:58.706,100.0,42.0,210.0,-57.9484,-33.4565,74.3145,20.1,5,1.25,-23.0,468.35,-15.94,469.18
2026-08-08 15:09:02.208,100.0,42.0,216.0,-54.1338,-39.3305,74.3145,20.6,1,0.25,-23.21,468.44,-16.31,469.29
2026-08-08 15:09:02.464,100.0,42.0,216.0,-54.1338,-39.3305,74.3145,20.6,2,0.5,-23.21,468.46,-16.31,469.31
2026-08-08 15:09:02.704,100.0,42.0,216.0,-54.1338,-39.3305,74.3145,20.6,3,0.75,-23.21,468.46,-16.31,469.31
2026-08-08 15:09:02.960,100.0,42.0,216.0,-54.1338,-39.3305,74.3145,20.6,4,1.0,-23.22,468.49,-16.31,469.34
2026-08-08 15:09:03.216,100.0,42.0,216.0,-54.1338,-39.3305,74.3145,20.6,5,1.25,-23.22,468.49,-16.31,469.34
2026-08-08 15:09:06.590,100.0,42.0,222.0,-49.7261,-44.7736,74.3145,20.8,1,0.25,-23.23,468.67,-16.47,469.53
2026-08-08 15:09:06.830,100.0,42.0,222.0,-49.7261,-44.7736,74.3145,20.8,2,0.5,-23.23,468.67,-16.47,469.53
2026-08-08 15:09:07.086,100.0,42.0,222.0,-49.7261,-44.7736,74.3145,20.8,3,0.75,-23.23,468.71,-16.47,469.57
2026-08-08 15:09:07.326,100.0,42.0,222.0,-49.7261,-44.7736,74.3145,20.8,4,1.0,-23.22,468.68,-16.46,469.54
2026-08-08 15:09:09.837,100.0,42.0,222.0,-49.7261,-44.7736,74.3145,20.8,5,1.25,-23.22,468.72,-16.45,469.58
2026-08-08 15:09:13.211,100.0,42.0,228.0,-44.7736,-49.7261,74.3145,20.7,1,0.25,-23.22,468.85,-16.71,469.72
2026-08-08 15:09:13.451,100.0,42.0,228.0,-44.7736,-49.7261,74.3145,20.7,2,0.5,-23.22,468.87,-16.72,469.74
2026-08-08 15:09:13.707,100.0,42.0,228.0,-44.7736,-49.7261,74.3145,20.7,3,0.75,-23.22,468.87,-16.72,469.74
2026-08-08 15:09:13.963,100.0,42.0,228.0,-44.7736,-49.7261,74.3145,20.7,4,1.0,-23.2,468.88,-16.7,469.75
2026-08-08 15:09:14.203,100.0,42.0,228.0,-44.7736,-49.7261,74.3145,20.7,5,1.25,-23.2,468.88,-16.7,469.75
2026-08-08 15:09:19.572,100.0,42.0,234.0,-39.3305,-54.1338,74.3145,20.8,1,1.5,-23.26,469.11,-16.74,469.98
2026-08-08 15:09:19.704,100.0,42.0,234.0,-39.3305,-54.1338,74.3145,20.8,2,1.75,-23.26,469.11,-16.74,469.98
2026-08-08 15:09:19.960,100.0,42.0,234.0,-39.3305,-54.1338,74.3145,20.8,3,2.0,-23.26,469.11,-16.74,469.98
2026-08-08 15:09:20.200,100.0,42.0,234.0,-39.3305,-54.1338,74.3145,20.8,4,2.25,-23.27,469.12,-16.74,469.99
2026-08-08 15:09:20.456,100.0,42.0,234.0,-39.3305,-54.1338,74.3145,20.8,5,2.5,-23.27,469.12,-16.74,469.99
2026-08-08 15:09:23.958,100.0,42.0,240.0,-33.4565,-57.9484,74.3145,20.5,1,0.25,-23.25,469.32,-16.97,470.2
2026-08-08 15:09:24.214,100.0,42.0,240.0,-33.4565,-57.9484,74.3145,20.5,2,0.5,-23.24,469.28,-16.97,470.16
2026-08-08 15:09:24.454,100.0,42.0,240.0,-33.4565,-57.9484,74.3145,20.5,3,0.75,-23.24,469.28,-16.97,470.16
2026-08-08 15:09:24.710,100.0,42.0,240.0,-33.4565,-57.9484,74.3145,20.5,4,1.0,-23.24,469.28,-16.97,470.16
2026-08-08 15:09:24.966,100.0,42.0,240.0,-33.4565,-57.9484,74.3145,20.5,5,1.25,-23.23,469.25,-16.96,470.13
2026-08-08 15:09:28.452,100.0,42.0,246.0,-27.216,-61.1281,74.3145,21.8,1,0.25,-23.09,469.49,-17.13,470.36
2026-08-08 15:09:28.708,100.0,42.0,246.0,-27.216,-61.1281,74.3145,21.8,2,0.5,-23.09,469.49,-17.13,470.36
2026-08-08 15:09:28.964,100.0,42.0,246.0,-27.216,-61.1281,74.3145,21.8,3,0.75,-23.09,469.49,-17.13,470.36
2026-08-08 15:09:29.204,100.0,42.0,246.0,-27.216,-61.1281,74.3145,21.8,4,1.0,-23.09,469.49,-17.13,470.36
2026-08-08 15:09:29.460,100.0,42.0,246.0,-27.216,-61.1281,74.3145,21.8,5,1.25,-23.1,469.46,-17.13,470.34
2026-08-08 15:09:32.962,100.0,42.0,252.0,-20.6773,-63.6381,74.3145,20.5,1,0.25,-22.68,469.74,-17.34,470.6
2026-08-08 15:09:33.202,100.0,42.0,252.0,-20.6773,-63.6381,74.3145,20.5,2,0.5,-22.69,469.77,-17.34,470.63
2026-08-08 15:09:33.458,100.0,42.0,252.0,-20.6773,-63.6381,74.3145,20.5,3,0.75,-22.69,469.77,-17.34,470.63
2026-08-08 15:09:33.714,100.0,42.0,252.0,-20.6773,-63.6381,74.3145,20.5,4,1.0,-22.7,469.79,-17.34,470.65
2026-08-08 15:09:33.954,100.0,42.0,252.0,-20.6773,-63.6381,74.3145,20.5,5,1.25,-22.7,469.79,-17.34,470.65
2026-08-08 15:09:37.584,100.0,42.0,258.0,-13.912,-65.4508,74.3145,21.3,1,0.25,-22.61,469.91,-17.38,470.77
2026-08-08 15:09:37.840,100.0,42.0,258.0,-13.912,-65.4508,74.3145,21.3,2,0.5,-22.61,469.88,-17.38,470.74
2026-08-08 15:09:38.080,100.0,42.0,258.0,-13.912,-65.4508,74.3145,21.3,3,0.75,-22.61,469.88,-17.38,470.74
2026-08-08 15:09:38.336,100.0,42.0,258.0,-13.912,-65.4508,74.3145,21.3,4,1.0,-22.62,469.88,-17.38,470.74
2026-08-08 15:09:38.575,100.0,42.0,258.0,-13.912,-65.4508,74.3145,21.3,5,1.25,-22.63,469.91,-17.39,470.77
2026-08-08 15:09:44.461,100.0,42.0,264.0,-6.9943,-66.5465,74.3145,21.3,1,0.25,-22.04,470.01,-17.33,470.84
2026-08-08 15:09:44.701,100.0,42.0,264.0,-6.9943,-66.5465,74.3145,21.3,2,0.5,-22.06,470.03,-17.34,470.86
2026-08-08 15:09:44.957,100.0,42.0,264.0,-6.9943,-66.5465,74.3145,21.3,3,0.75,-22.06,470.03,-17.34,470.86
2026-08-08 15:09:45.212,100.0,42.0,264.0,-6.9943,-66.5465,74.3145,21.3,4,1.0,-22.06,470.07,-17.33,470.9
2026-08-08 15:09:45.452,100.0,42.0,264.0,-6.9943,-66.5465,74.3145,21.3,5,1.25,-22.06,470.07,-17.33,470.9
2026-08-08 15:09:49.083,100.0,42.0,270.0,-0.0,-66.9131,74.3145,20.1,1,0.25,-21.79,470.16,-17.51,470.99
2026-08-08 15:09:49.339,100.0,42.0,270.0,-0.0,-66.9131,74.3145,20.1,2,0.5,-21.81,470.14,-17.52,470.97
2026-08-08 15:09:49.579,100.0,42.0,270.0,-0.0,-66.9131,74.3145,20.1,3,0.75,-21.81,470.14,-17.52,470.97
2026-08-08 15:09:49.834,100.0,42.0,270.0,-0.0,-66.9131,74.3145,20.1,4,1.0,-21.8,470.16,-17.51,470.99
2026-08-08 15:09:50.090,100.0,42.0,270.0,-0.0,-66.9131,74.3145,20.1,5,1.25,-21.8,470.16,-17.51,470.99
2026-08-08 15:09:53.705,100.0,42.0,276.0,6.9943,-66.5465,74.3145,21.3,1,0.25,-21.31,470.24,-17.48,471.04
2026-08-08 15:09:53.961,100.0,42.0,276.0,6.9943,-66.5465,74.3145,21.3,2,0.5,-21.31,470.22,-17.48,471.02
2026-08-08 15:09:54.200,100.0,42.0,276.0,6.9943,-66.5465,74.3145,21.3,3,0.75,-21.31,470.22,-17.48,471.02
2026-08-08 15:09:54.456,100.0,42.0,276.0,6.9943,-66.5465,74.3145,21.3,4,1.0,-21.3,470.28,-17.48,471.08
2026-08-08 15:09:54.712,100.0,42.0,276.0,6.9943,-66.5465,74.3145,21.3,5,1.25,-21.3,470.28,-17.48,471.08
2026-08-08 15:09:58.327,100.0,42.0,282.0,13.912,-65.4508,74.3145,20.9,1,0.25,-21.06,470.24,-17.68,471.04
2026-08-08 15:09:58.582,100.0,42.0,282.0,13.912,-65.4508,74.3145,20.9,2,0.5,-21.07,470.25,-17.66,471.05
2026-08-08 15:09:58.838,100.0,42.0,282.0,13.912,-65.4508,74.3145,20.9,3,0.75,-21.07,470.25,-17.66,471.05
2026-08-08 15:09:59.078,100.0,42.0,282.0,13.912,-65.4508,74.3145,20.9,4,1.0,-21.09,470.25,-17.66,471.05
2026-08-08 15:09:59.334,100.0,42.0,282.0,13.912,-65.4508,74.3145,20.9,5,1.25,-21.09,470.25,-17.66,471.05
2026-08-08 15:10:02.964,100.0,42.0,288.0,20.6773,-63.6381,74.3145,21.3,1,0.25,-20.77,470.11,-17.78,470.9
2026-08-08 15:10:03.204,100.0,42.0,288.0,20.6773,-63.6381,74.3145,21.3,2,0.5,-20.77,470.11,-17.78,470.9
2026-08-08 15:10:03.460,100.0,42.0,288.0,20.6773,-63.6381,74.3145,21.3,3,0.75,-20.78,470.08,-17.79,470.87
2026-08-08 15:10:03.700,100.0,42.0,288.0,20.6773,-63.6381,74.3145,21.3,4,1.0,-20.78,470.08,-17.79,470.87
2026-08-08 15:10:03.956,100.0,42.0,288.0,20.6773,-63.6381,74.3145,21.3,5,1.25,-20.78,470.07,-17.78,470.86
2026-08-08 15:10:07.458,100.0,42.0,294.0,27.216,-61.1281,74.3145,20.1,1,0.25,-20.37,469.88,-17.67,470.65
2026-08-08 15:10:07.714,100.0,42.0,294.0,27.216,-61.1281,74.3145,20.1,2,0.5,-20.37,469.88,-17.67,470.65
2026-08-08 15:10:07.954,100.0,42.0,294.0,27.216,-61.1281,74.3145,20.1,3,0.75,-20.38,469.87,-17.67,470.64
2026-08-08 15:10:08.210,100.0,42.0,294.0,27.216,-61.1281,74.3145,20.1,4,1.0,-20.38,469.87,-17.67,470.64
2026-08-08 15:10:08.450,100.0,42.0,294.0,27.216,-61.1281,74.3145,20.1,5,1.25,-20.37,469.88,-17.68,470.65
2026-08-08 15:10:11.952,100.0,42.0,300.0,33.4565,-57.9484,74.3145,21.5,1,0.25,-20.18,469.71,-17.7,470.47
2026-08-08 15:10:12.208,100.0,42.0,300.0,33.4565,-57.9484,74.3145,21.5,2,0.5,-20.18,469.72,-17.69,470.48
2026-08-08 15:10:12.464,100.0,42.0,300.0,33.4565,-57.9484,74.3145,21.5,3,0.75,-20.18,469.72,-17.69,470.48
2026-08-08 15:10:12.704,100.0,42.0,300.0,33.4565,-57.9484,74.3145,21.5,4,1.0,-20.2,469.76,-17.69,470.52
2026-08-08 15:10:12.960,100.0,42.0,300.0,33.4565,-57.9484,74.3145,21.5,5,1.25,-20.2,469.76,-17.69,470.52
2026-08-08 15:10:16.462,100.0,42.0,306.0,39.3305,-54.1338,74.3145,21.1,1,0.25,-19.97,469.44,-17.58,470.19
2026-08-08 15:10:16.702,100.0,42.0,306.0,39.3305,-54.1338,74.3145,21.1,2,0.5,-19.97,469.44,-17.58,470.19
2026-08-08 15:10:16.958,100.0,42.0,306.0,39.3305,-54.1338,74.3145,21.1,3,0.75,-19.97,469.41,-17.58,470.16
2026-08-08 15:10:17.214,100.0,42.0,306.0,39.3305,-54.1338,74.3145,21.1,4,1.0,-19.97,469.41,-17.58,470.16
2026-08-08 15:10:17.454,100.0,42.0,306.0,39.3305,-54.1338,74.3145,21.1,5,1.25,-19.99,469.46,-17.56,470.21
2026-08-08 15:10:22.823,100.0,42.0,312.0,44.7736,-49.7261,74.3145,20.7,1,1.5,-19.91,469.18,-17.63,469.93
2026-08-08 15:10:22.955,100.0,42.0,312.0,44.7736,-49.7261,74.3145,20.7,2,1.75,-19.91,469.18,-17.63,469.93
2026-08-08 15:10:23.211,100.0,42.0,312.0,44.7736,-49.7261,74.3145,20.7,3,2.0,-19.91,469.18,-17.61,469.93
2026-08-08 15:10:23.451,100.0,42.0,312.0,44.7736,-49.7261,74.3145,20.7,4,2.25,-19.91,469.18,-17.61,469.93
2026-08-08 15:10:23.707,100.0,42.0,312.0,44.7736,-49.7261,74.3145,20.7,5,2.5,-19.9,469.14,-17.62,469.89
2026-08-08 15:10:27.082,100.0,42.0,318.0,49.7261,-44.7736,74.3145,20.9,1,0.25,-19.69,468.89,-17.46,469.62
2026-08-08 15:10:27.338,100.0,42.0,318.0,49.7261,-44.7736,74.3145,20.9,2,0.5,-19.69,468.91,-17.46,469.64
2026-08-08 15:10:27.577,100.0,42.0,318.0,49.7261,-44.7736,74.3145,20.9,3,0.75,-19.69,468.91,-17.46,469.64
2026-08-08 15:10:27.833,100.0,42.0,318.0,49.7261,-44.7736,74.3145,20.9,4,1.0,-19.69,468.9,-17.48,469.63
2026-08-08 15:10:28.089,100.0,42.0,318.0,49.7261,-44.7736,74.3145,20.9,5,1.25,-19.69,468.9,-17.48,469.63
2026-08-08 15:10:31.464,100.0,42.0,324.0,54.1338,-39.3305,74.3145,20.9,1,0.25,-19.8,468.61,-17.43,469.35
2026-08-08 15:10:31.704,100.0,42.0,324.0,54.1338,-39.3305,74.3145,20.9,2,0.5,-19.8,468.61,-17.43,469.35
2026-08-08 15:10:31.959,100.0,42.0,324.0,54.1338,-39.3305,74.3145,20.9,3,0.75,-19.81,468.58,-17.44,469.32
2026-08-08 15:10:32.199,100.0,42.0,324.0,54.1338,-39.3305,74.3145,20.9,4,1.0,-19.81,468.58,-17.44,469.32
2026-08-08 15:10:32.455,100.0,42.0,324.0,54.1338,-39.3305,74.3145,20.9,5,1.25,-19.82,468.57,-17.45,469.31
2026-08-08 15:10:35.958,100.0,42.0,330.0,57.9484,-33.4565,74.3145,21.2,1,0.25,-19.77,468.21,-17.26,468.94
2026-08-08 15:10:36.214,100.0,42.0,330.0,57.9484,-33.4565,74.3145,21.2,2,0.5,-19.77,468.23,-17.26,468.96
2026-08-08 15:10:36.453,100.0,42.0,330.0,57.9484,-33.4565,74.3145,21.2,3,0.75,-19.77,468.23,-17.26,468.96
2026-08-08 15:10:36.709,100.0,42.0,330.0,57.9484,-33.4565,74.3145,21.2,4,1.0,-19.78,468.21,-17.27,468.94
2026-08-08 15:10:36.965,100.0,42.0,330.0,57.9484,-33.4565,74.3145,21.2,5,1.25,-19.78,468.21,-17.27,468.94
2026-08-08 15:10:40.452,100.0,42.0,336.0,61.1281,-27.216,74.3145,21.3,1,0.25,-19.63,467.9,-17.29,468.63
2026-08-08 15:10:40.708,100.0,42.0,336.0,61.1281,-27.216,74.3145,21.3,2,0.5,-19.63,467.9,-17.29,468.63
2026-08-08 15:10:40.963,100.0,42.0,336.0,61.1281,-27.216,74.3145,21.3,3,0.75,-19.64,467.88,-17.31,468.61
2026-08-08 15:10:41.203,100.0,42.0,336.0,61.1281,-27.216,74.3145,21.3,4,1.0,-19.64,467.88,-17.31,468.61
2026-08-08 15:10:41.459,100.0,42.0,336.0,61.1281,-27.216,74.3145,21.3,5,1.25,-19.64,467.94,-17.3,468.67
2026-08-08 15:10:44.961,100.0,42.0,342.0,63.6381,-20.6773,74.3145,20.9,1,0.25,-20.02,467.6,-17.41,468.35
2026-08-08 15:10:45.201,100.0,42.0,342.0,63.6381,-20.6773,74.3145,20.9,2,0.5,-20.02,467.6,-17.41,468.35
2026-08-08 15:10:45.457,100.0,42.0,342.0,63.6381,-20.6773,74.3145,20.9,3,0.75,-20.01,467.59,-17.4,468.34
2026-08-08 15:10:45.713,100.0,42.0,342.0,63.6381,-20.6773,74.3145,20.9,4,1.0,-20.01,467.59,-17.4,468.34
2026-08-08 15:10:45.953,100.0,42.0,342.0,63.6381,-20.6773,74.3145,20.9,5,1.25,-20.01,467.56,-17.4,468.31
2026-08-08 15:10:49.583,100.0,42.0,348.0,65.4508,-13.912,74.3145,21.8,1,0.25,-20.31,467.37,-17.32,468.13
2026-08-08 15:10:49.839,100.0,42.0,348.0,65.4508,-13.912,74.3145,21.8,2,0.5,-20.31,467.37,-17.32,468.13
2026-08-08 15:10:50.079,100.0,42.0,348.0,65.4508,-13.912,74.3145,21.8,3,0.75,-20.31,467.37,-17.32,468.13
2026-08-08 15:10:50.335,100.0,42.0,348.0,65.4508,-13.912,74.3145,21.8,4,1.0,-20.3,467.38,-17.32,468.14
2026-08-08 15:10:50.575,100.0,42.0,348.0,65.4508,-13.912,74.3145,21.8,5,1.25,-20.31,467.38,-17.32,468.14
2026-08-08 15:10:56.460,100.0,42.0,354.0,66.5465,-6.9943,74.3145,19.6,1,0.25,-20.49,467.23,-17.34,468.0
2026-08-08 15:10:56.700,100.0,42.0,354.0,66.5465,-6.9943,74.3145,19.6,2,0.5,-20.49,467.23,-17.34,468.0
2026-08-08 15:10:56.956,100.0,42.0,354.0,66.5465,-6.9943,74.3145,19.6,3,0.75,-20.51,467.18,-17.34,467.95
2026-08-08 15:10:57.212,100.0,42.0,354.0,66.5465,-6.9943,74.3145,19.6,4,1.0,-20.51,467.18,-17.34,467.95
2026-08-08 15:10:57.452,100.0,42.0,354.0,66.5465,-6.9943,74.3145,19.6,5,1.25,-20.51,467.16,-17.34,467.93
2026-08-08 15:11:01.082,100.0,48.0,354.0,73.9074,-7.768,66.9131,21.1,1,0.25,-20.5,466.9,-17.46,467.67
2026-08-08 15:11:01.338,100.0,48.0,354.0,73.9074,-7.768,66.9131,21.1,2,0.5,-20.5,466.9,-17.46,467.67
2026-08-08 15:11:01.578,100.0,48.0,354.0,73.9074,-7.768,66.9131,21.1,3,0.75,-20.49,466.89,-17.46,467.66
2026-08-08 15:11:01.834,100.0,48.0,354.0,73.9074,-7.768,66.9131,21.1,4,1.0,-20.49,466.89,-17.46,467.66
2026-08-08 15:11:02.090,100.0,48.0,354.0,73.9074,-7.768,66.9131,21.1,5,1.25,-20.5,466.92,-17.45,467.69
2026-08-08 15:11:05.704,100.0,48.0,348.0,72.6905,-15.4508,66.9131,20.5,1,0.25,-20.09,467.07,-17.42,467.82
2026-08-08 15:11:05.960,100.0,48.0,348.0,72.6905,-15.4508,66.9131,20.5,2,0.5,-20.09,467.07,-17.42,467.82
2026-08-08 15:11:06.200,100.0,48.0,348.0,72.6905,-15.4508,66.9131,20.5,3,0.75,-20.09,467.07,-17.42,467.82
2026-08-08 15:11:06.456,100.0,48.0,348.0,72.6905,-15.4508,66.9131,20.5,4,1.0,-20.1,467.08,-17.42,467.83
2026-08-08 15:11:06.712,100.0,48.0,348.0,72.6905,-15.4508,66.9131,20.5,5,1.25,-20.1,467.08,-17.42,467.83
2026-08-08 15:11:10.326,100.0,48.0,342.0,70.6773,-22.9644,66.9131,20.8,1,0.25,-19.88,467.28,-17.48,468.02
2026-08-08 15:11:10.582,100.0,48.0,342.0,70.6773,-22.9644,66.9131,20.8,2,0.5,-19.88,467.3,-17.47,468.04
2026-08-08 15:11:10.838,100.0,48.0,342.0,70.6773,-22.9644,66.9131,20.8,3,0.75,-19.88,467.3,-17.47,468.04
2026-08-08 15:11:11.078,100.0,48.0,342.0,70.6773,-22.9644,66.9131,20.8,4,1.0,-19.88,467.23,-17.47,467.97
2026-08-08 15:11:11.334,100.0,48.0,342.0,70.6773,-22.9644,66.9131,20.8,5,1.25,-19.88,467.23,-17.47,467.97
2026-08-08 15:11:14.964,100.0,48.0,336.0,67.8897,-30.2264,66.9131,20.4,1,0.25,-19.59,467.57,-17.28,468.29
2026-08-08 15:11:15.204,100.0,48.0,336.0,67.8897,-30.2264,66.9131,20.4,2,0.5,-19.6,467.54,-17.29,468.26
2026-08-08 15:11:15.460,100.0,48.0,336.0,67.8897,-30.2264,66.9131,20.4,3,0.75,-19.6,467.54,-17.29,468.26
2026-08-08 15:11:15.700,100.0,48.0,336.0,67.8897,-30.2264,66.9131,20.4,4,1.0,-19.6,467.6,-17.29,468.32
2026-08-08 15:11:15.956,100.0,48.0,336.0,67.8897,-30.2264,66.9131,20.4,5,1.25,-19.6,467.6,-17.29,468.32
2026-08-08 15:11:19.586,100.0,48.0,330.0,64.3582,-37.1572,66.9131,20.9,1,0.25,-19.42,467.95,-17.41,468.67
2026-08-08 15:11:19.826,100.0,48.0,330.0,64.3582,-37.1572,66.9131,20.9,2,0.5,-19.41,467.94,-17.42,468.66
2026-08-08 15:11:20.082,100.0,48.0,330.0,64.3582,-37.1572,66.9131,20.9,3,0.75,-19.41,467.94,-17.42,468.66
2026-08-08 15:11:20.337,100.0,48.0,330.0,64.3582,-37.1572,66.9131,20.9,4,1.0,-19.41,467.96,-17.41,468.68
2026-08-08 15:11:20.577,100.0,48.0,330.0,64.3582,-37.1572,66.9131,20.9,5,1.25,-19.41,467.96,-17.41,468.68
2026-08-08 15:11:24.080,100.0,48.0,324.0,60.1217,-43.681,66.9131,21.3,1,0.25,-19.37,468.32,-17.56,469.04
2026-08-08 15:11:24.336,100.0,48.0,324.0,60.1217,-43.681,66.9131,21.3,2,0.5,-19.37,468.32,-17.56,469.04
2026-08-08 15:11:24.576,100.0,48.0,324.0,60.1217,-43.681,66.9131,21.3,3,0.75,-19.38,468.3,-17.56,469.02
2026-08-08 15:11:24.831,100.0,48.0,324.0,60.1217,-43.681,66.9131,21.3,4,1.0,-19.38,468.3,-17.56,469.02
2026-08-08 15:11:25.087,100.0,48.0,324.0,60.1217,-43.681,66.9131,21.3,5,1.25,-19.38,468.24,-17.56,468.96
2026-08-08 15:11:28.590,100.0,48.0,318.0,55.2264,-49.7261,66.9131,22.3,1,0.25,-19.24,468.67,-17.65,469.39
2026-08-08 15:11:28.830,100.0,48.0,318.0,55.2264,-49.7261,66.9131,22.3,2,0.5,-19.23,468.69,-17.64,469.41
2026-08-08 15:11:29.086,100.0,48.0,318.0,55.2264,-49.7261,66.9131,22.3,3,0.75,-19.23,468.69,-17.64,469.41
2026-08-08 15:11:29.325,100.0,48.0,318.0,55.2264,-49.7261,66.9131,22.3,4,1.0,-19.21,468.69,-17.65,469.41
2026-08-08 15:11:29.581,100.0,48.0,318.0,55.2264,-49.7261,66.9131,22.3,5,1.25,-19.21,468.69,-17.65,469.41
2026-08-08 15:11:33.084,100.0,48.0,312.0,49.7261,-55.2264,66.9131,21.0,1,0.25,-19.4,468.99,-17.72,469.72
2026-08-08 15:11:33.340,100.0,48.0,312.0,49.7261,-55.2264,66.9131,21.0,2,0.5,-19.38,469.04,-17.72,469.77
2026-08-08 15:11:33.580,100.0,48.0,312.0,49.7261,-55.2264,66.9131,21.0,3,0.75,-19.38,469.04,-17.72,469.77
2026-08-08 15:11:33.835,100.0,48.0,312.0,49.7261,-55.2264,66.9131,21.0,4,1.0,-19.4,469.05,-17.7,469.78
2026-08-08 15:11:34.075,100.0,48.0,312.0,49.7261,-55.2264,66.9131,21.0,5,1.25,-19.41,468.97,-17.73,469.7
2026-08-08 15:11:39.833,100.0,48.0,306.0,43.681,-60.1217,66.9131,,1,0.25,-19.62,469.36,-17.91,470.11
2026-08-08 15:11:40.089,100.0,48.0,306.0,43.681,-60.1217,66.9131,,2,0.5,-19.6,469.33,-17.91,470.08
2026-08-08 15:11:40.328,100.0,48.0,306.0,43.681,-60.1217,66.9131,,3,0.75,-19.6,469.33,-17.91,470.08
2026-08-08 15:11:40.584,100.0,48.0,306.0,43.681,-60.1217,66.9131,,4,1.0,-19.62,469.37,-17.91,470.12
2026-08-08 15:11:40.824,100.0,48.0,306.0,43.681,-60.1217,66.9131,,5,1.25,-19.61,469.37,-17.92,470.12
2026-08-08 15:11:46.582,100.0,48.0,300.0,37.1572,-64.3582,66.9131,20.4,1,0.25,-19.86,469.65,-17.94,470.41
2026-08-08 15:11:46.837,100.0,48.0,300.0,37.1572,-64.3582,66.9131,20.4,2,0.5,-19.87,469.65,-17.94,470.41
2026-08-08 15:11:47.077,100.0,48.0,300.0,37.1572,-64.3582,66.9131,20.4,3,0.75,-19.87,469.65,-17.94,470.41
2026-08-08 15:11:47.333,100.0,48.0,300.0,37.1572,-64.3582,66.9131,20.4,4,1.0,-19.85,469.6,-17.94,470.36
2026-08-08 15:11:47.589,100.0,48.0,300.0,37.1572,-64.3582,66.9131,20.4,5,1.25,-19.85,469.6,-17.94,470.36
2026-08-08 15:11:51.203,100.0,48.0,294.0,30.2264,-67.8897,66.9131,21.1,1,0.25,-19.99,469.89,-17.77,470.65
2026-08-08 15:11:51.459,100.0,48.0,294.0,30.2264,-67.8897,66.9131,21.1,2,0.5,-19.99,469.89,-17.77,470.65
2026-08-08 15:11:51.699,100.0,48.0,294.0,30.2264,-67.8897,66.9131,21.1,3,0.75,-19.99,469.88,-17.77,470.64
2026-08-08 15:11:51.955,100.0,48.0,294.0,30.2264,-67.8897,66.9131,21.1,4,1.0,-19.99,469.88,-17.77,470.64
2026-08-08 15:11:52.211,100.0,48.0,294.0,30.2264,-67.8897,66.9131,21.1,5,1.25,-20.0,469.91,-17.77,470.67
2026-08-08 15:11:55.825,100.0,48.0,288.0,22.9644,-70.6773,66.9131,20.3,1,0.25,-20.57,470.0,-17.69,470.78
2026-08-08 15:11:56.081,100.0,48.0,288.0,22.9644,-70.6773,66.9131,20.3,2,0.5,-20.57,470.0,-17.69,470.78
2026-08-08 15:11:56.337,100.0,48.0,288.0,22.9644,-70.6773,66.9131,20.3,3,0.75,-20.56,470.04,-17.69,470.82
2026-08-08 15:11:56.577,100.0,48.0,288.0,22.9644,-70.6773,66.9131,20.3,4,1.0,-20.56,470.04,-17.69,470.82
2026-08-08 15:11:56.833,100.0,48.0,288.0,22.9644,-70.6773,66.9131,20.3,5,1.25,-20.56,470.08,-17.68,470.86
2026-08-08 15:12:00.463,100.0,48.0,282.0,15.4508,-72.6905,66.9131,20.7,1,0.25,-20.99,470.22,-17.75,471.02
2026-08-08 15:12:00.703,100.0,48.0,282.0,15.4508,-72.6905,66.9131,20.7,2,0.5,-20.99,470.22,-17.75,471.02
2026-08-08 15:12:00.959,100.0,48.0,282.0,15.4508,-72.6905,66.9131,20.7,3,0.75,-20.98,470.26,-17.74,471.06
2026-08-08 15:12:01.199,100.0,48.0,282.0,15.4508,-72.6905,66.9131,20.7,4,1.0,-20.98,470.26,-17.74,471.06
2026-08-08 15:12:01.455,100.0,48.0,282.0,15.4508,-72.6905,66.9131,20.7,5,1.25,-21.0,470.25,-17.74,471.05
2026-08-08 15:12:05.085,100.0,48.0,276.0,7.768,-73.9074,66.9131,21.9,1,0.25,-21.54,470.28,-17.53,471.09
2026-08-08 15:12:05.325,100.0,48.0,276.0,7.768,-73.9074,66.9131,21.9,2,0.5,-21.54,470.25,-17.54,471.06
2026-08-08 15:12:07.836,100.0,48.0,276.0,7.768,-73.9074,66.9131,21.9,3,0.75,-21.53,470.25,-17.52,471.06
2026-08-08 15:12:08.076,100.0,48.0,276.0,7.768,-73.9074,66.9131,21.9,4,1.0,-21.53,470.25,-17.52,471.06
2026-08-08 15:12:08.332,100.0,48.0,276.0,7.768,-73.9074,66.9131,21.9,5,1.25,-21.53,470.24,-17.54,471.05
2026-08-08 15:12:11.962,100.0,48.0,270.0,-0.0,-74.3145,66.9131,20.9,1,0.25,-21.88,470.2,-17.5,471.03
2026-08-08 15:12:12.202,100.0,48.0,270.0,-0.0,-74.3145,66.9131,20.9,2,0.5,-21.88,470.2,-17.5,471.03
2026-08-08 15:12:12.458,100.0,48.0,270.0,-0.0,-74.3145,66.9131,20.9,3,0.75,-21.89,470.24,-17.5,471.07
2026-08-08 15:12:12.714,100.0,48.0,270.0,-0.0,-74.3145,66.9131,20.9,4,1.0,-21.89,470.24,-17.5,471.07
2026-08-08 15:12:12.954,100.0,48.0,270.0,-0.0,-74.3145,66.9131,20.9,5,1.25,-21.9,470.22,-17.49,471.05
2026-08-08 15:12:16.584,100.0,48.0,264.0,-7.768,-73.9074,66.9131,20.2,1,0.25,-22.36,470.08,-17.3,470.92
2026-08-08 15:12:16.824,100.0,48.0,264.0,-7.768,-73.9074,66.9131,20.2,2,0.5,-22.37,470.06,-17.3,470.9
2026-08-08 15:12:19.335,100.0,48.0,264.0,-7.768,-73.9074,66.9131,20.2,3,0.75,-22.36,470.05,-17.31,470.89
2026-08-08 15:12:19.575,100.0,48.0,264.0,-7.768,-73.9074,66.9131,20.2,4,1.0,-22.36,470.0,-17.32,470.85
2026-08-08 15:12:22.086,100.0,48.0,264.0,-7.768,-73.9074,66.9131,20.2,5,1.25,-22.36,470.0,-17.32,470.85
2026-08-08 15:12:25.700,100.0,48.0,258.0,-15.4508,-72.6905,66.9131,21.2,1,0.25,-22.85,469.83,-17.37,470.7
2026-08-08 15:12:25.956,100.0,48.0,258.0,-15.4508,-72.6905,66.9131,21.2,2,0.5,-22.86,469.85,-17.36,470.72
2026-08-08 15:12:26.212,100.0,48.0,258.0,-15.4508,-72.6905,66.9131,21.2,3,0.75,-22.86,469.85,-17.36,470.72
2026-08-08 15:12:26.452,100.0,48.0,258.0,-15.4508,-72.6905,66.9131,21.2,4,1.0,-22.88,469.87,-17.36,470.74
2026-08-08 15:12:26.707,100.0,48.0,258.0,-15.4508,-72.6905,66.9131,21.2,5,1.25,-22.88,469.87,-17.36,470.74
2026-08-08 15:12:30.338,100.0,48.0,252.0,-22.9644,-70.6773,66.9131,21.3,1,0.25,-23.07,469.59,-17.1,470.46
2026-08-08 15:12:30.578,100.0,48.0,252.0,-22.9644,-70.6773,66.9131,21.3,2,0.5,-23.08,469.6,-17.11,470.47
2026-08-08 15:12:30.834,100.0,48.0,252.0,-22.9644,-70.6773,66.9131,21.3,3,0.75,-23.08,469.6,-17.11,470.47
2026-08-08 15:12:31.089,100.0,48.0,252.0,-22.9644,-70.6773,66.9131,21.3,4,1.0,-23.08,469.61,-17.11,470.48
2026-08-08 15:12:31.329,100.0,48.0,252.0,-22.9644,-70.6773,66.9131,21.3,5,1.25,-23.08,469.61,-17.11,470.48
2026-08-08 15:12:34.960,100.0,48.0,246.0,-30.2264,-67.8897,66.9131,21.1,1,0.25,-23.19,469.39,-16.93,470.26
2026-08-08 15:12:35.200,100.0,48.0,246.0,-30.2264,-67.8897,66.9131,21.1,2,0.5,-23.19,469.39,-16.93,470.26
2026-08-08 15:12:35.456,100.0,48.0,246.0,-30.2264,-67.8897,66.9131,21.1,3,0.75,-23.2,469.4,-16.91,470.27
2026-08-08 15:12:35.711,100.0,48.0,246.0,-30.2264,-67.8897,66.9131,21.1,4,1.0,-23.2,469.4,-16.91,470.27
2026-08-08 15:12:35.951,100.0,48.0,246.0,-30.2264,-67.8897,66.9131,21.1,5,1.25,-23.19,469.36,-16.93,470.23
2026-08-08 15:12:39.582,100.0,48.0,240.0,-37.1572,-64.3582,66.9131,20.7,1,0.25,-23.48,469.11,-16.85,469.99
2026-08-08 15:12:39.837,100.0,48.0,240.0,-37.1572,-64.3582,66.9131,20.7,2,0.5,-23.48,469.11,-16.85,469.99
2026-08-08 15:12:40.077,100.0,48.0,240.0,-37.1572,-64.3582,66.9131,20.7,3,0.75,-23.48,469.1,-16.86,469.98
2026-08-08 15:12:40.333,100.0,48.0,240.0,-37.1572,-64.3582,66.9131,20.7,4,1.0,-23.48,469.1,-16.86,469.98
2026-08-08 15:12:40.589,100.0,48.0,240.0,-37.1572,-64.3582,66.9131,20.7,5,1.25,-23.48,469.09,-16.85,469.97
2026-08-08 15:12:44.076,100.0,48.0,234.0,-43.681,-60.1217,66.9131,21.3,1,0.25,-23.57,468.8,-16.61,469.68
2026-08-08 15:12:44.331,100.0,48.0,234.0,-43.681,-60.1217,66.9131,21.3,2,0.5,-23.57,468.8,-16.61,469.68
2026-08-08 15:12:44.587,100.0,48.0,234.0,-43.681,-60.1217,66.9131,21.3,3,0.75,-23.57,468.8,-16.61,469.68
2026-08-08 15:12:44.827,100.0,48.0,234.0,-43.681,-60.1217,66.9131,21.3,4,1.0,-23.56,468.87,-16.62,469.75
2026-08-08 15:12:45.083,100.0,48.0,234.0,-43.681,-60.1217,66.9131,21.3,5,1.25,-23.56,468.87,-16.62,469.75
2026-08-08 15:12:48.585,100.0,48.0,228.0,-49.7261,-55.2264,66.9131,21.3,1,0.25,-23.56,468.74,-16.42,469.61
2026-08-08 15:12:48.825,100.0,48.0,228.0,-49.7261,-55.2264,66.9131,21.3,2,0.5,-23.57,468.69,-16.42,469.56
2026-08-08 15:12:49.081,100.0,48.0,228.0,-49.7261,-55.2264,66.9131,21.3,3,0.75,-23.57,468.69,-16.42,469.56
2026-08-08 15:12:49.337,100.0,48.0,228.0,-49.7261,-55.2264,66.9131,21.3,4,1.0,-23.57,468.66,-16.43,469.53
2026-08-08 15:12:49.577,100.0,48.0,228.0,-49.7261,-55.2264,66.9131,21.3,5,1.25,-23.57,468.66,-16.43,469.53
2026-08-08 15:12:53.079,100.0,48.0,222.0,-55.2264,-49.7261,66.9131,20.9,1,0.25,-23.68,468.37,-16.29,469.25
2026-08-08 15:12:53.335,100.0,48.0,222.0,-55.2264,-49.7261,66.9131,20.9,2,0.5,-23.68,468.37,-16.29,469.25
2026-08-08 15:12:53.575,100.0,48.0,222.0,-55.2264,-49.7261,66.9131,20.9,3,0.75,-23.67,468.36,-16.3,469.24
2026-08-08 15:12:53.831,100.0,48.0,222.0,-55.2264,-49.7261,66.9131,20.9,4,1.0,-23.67,468.36,-16.3,469.24
2026-08-08 15:12:54.087,100.0,48.0,222.0,-55.2264,-49.7261,66.9131,20.9,5,1.25,-23.65,468.34,-16.3,469.21
2026-08-08 15:12:57.573,100.0,48.0,216.0,-60.1217,-43.681,66.9131,20.9,1,0.25,-23.5,468.25,-16.13,469.11
2026-08-08 15:13:00.084,100.0,48.0,216.0,-60.1217,-43.681,66.9131,20.9,2,0.5,-23.5,468.25,-16.13,469.11
2026-08-08 15:13:00.324,100.0,48.0,216.0,-60.1217,-43.681,66.9131,20.9,3,0.75,-23.5,468.15,-16.14,469.01
2026-08-08 15:13:02.835,100.0,48.0,216.0,-60.1217,-43.681,66.9131,20.9,4,1.0,-23.51,468.19,-16.14,469.05
2026-08-08 15:13:03.075,100.0,48.0,216.0,-60.1217,-43.681,66.9131,20.9,5,1.25,-23.51,468.19,-16.14,469.05
2026-08-08 15:13:06.577,100.0,48.0,210.0,-64.3582,-37.1572,66.9131,20.8,1,0.25,-23.31,467.98,-15.95,468.83
2026-08-08 15:13:06.833,100.0,48.0,210.0,-64.3582,-37.1572,66.9131,20.8,2,0.5,-23.31,467.98,-15.95,468.83
2026-08-08 15:13:07.089,100.0,48.0,210.0,-64.3582,-37.1572,66.9131,20.8,3,0.75,-23.3,468.03,-15.96,468.88
2026-08-08 15:13:07.329,100.0,48.0,210.0,-64.3582,-37.1572,66.9131,20.8,4,1.0,-23.3,468.03,-15.96,468.88
2026-08-08 15:13:07.585,100.0,48.0,210.0,-64.3582,-37.1572,66.9131,20.8,5,1.25,-23.32,467.95,-15.97,468.8
2026-08-08 15:13:11.199,100.0,48.0,204.0,-67.8897,-30.2264,66.9131,21.6,1,0.25,-23.16,467.83,-15.76,468.66
2026-08-08 15:13:11.455,100.0,48.0,204.0,-67.8897,-30.2264,66.9131,21.6,2,0.5,-23.16,467.83,-15.76,468.66
2026-08-08 15:13:11.711,100.0,48.0,204.0,-67.8897,-30.2264,66.9131,21.6,3,0.75,-23.15,467.86,-15.77,468.69
2026-08-08 15:13:11.951,100.0,48.0,204.0,-67.8897,-30.2264,66.9131,21.6,4,1.0,-23.15,467.86,-15.77,468.69
2026-08-08 15:13:12.207,100.0,48.0,204.0,-67.8897,-30.2264,66.9131,21.6,5,1.25,-23.16,467.82,-15.77,468.65
2026-08-08 15:13:15.837,100.0,48.0,198.0,-70.6773,-22.9644,66.9131,21.3,1,0.25,-23.08,467.71,-15.9,468.54
2026-08-08 15:13:16.077,100.0,48.0,198.0,-70.6773,-22.9644,66.9131,21.3,2,0.5,-23.09,467.67,-15.91,468.5
2026-08-08 15:13:16.333,100.0,48.0,198.0,-70.6773,-22.9644,66.9131,21.3,3,0.75,-23.09,467.67,-15.91,468.5
2026-08-08 15:13:16.589,100.0,48.0,198.0,-70.6773,-22.9644,66.9131,21.3,4,1.0,-23.08,467.64,-15.91,468.47
2026-08-08 15:13:16.829,100.0,48.0,198.0,-70.6773,-22.9644,66.9131,21.3,5,1.25,-23.08,467.64,-15.91,468.47
2026-08-08 15:13:20.459,100.0,48.0,192.0,-72.6905,-15.4508,66.9131,20.5,1,0.25,-22.84,467.56,-15.74,468.38
2026-08-08 15:13:20.699,100.0,48.0,192.0,-72.6905,-15.4508,66.9131,20.5,2,0.5,-22.84,467.55,-15.75,468.37
2026-08-08 15:13:20.955,100.0,48.0,192.0,-72.6905,-15.4508,66.9131,20.5,3,0.75,-22.84,467.55,-15.75,468.37
2026-08-08 15:13:21.211,100.0,48.0,192.0,-72.6905,-15.4508,66.9131,20.5,4,1.0,-22.84,467.52,-15.73,468.34
2026-08-08 15:13:21.451,100.0,48.0,192.0,-72.6905,-15.4508,66.9131,20.5,5,1.25,-22.84,467.52,-15.73,468.34
2026-08-08 15:13:25.081,100.0,48.0,186.0,-73.9074,-7.768,66.9131,21.1,1,0.25,-22.63,467.51,-15.54,468.31
2026-08-08 15:13:25.337,100.0,48.0,186.0,-73.9074,-7.768,66.9131,21.1,2,0.5,-22.63,467.55,-15.52,468.35
2026-08-08 15:13:25.577,100.0,48.0,186.0,-73.9074,-7.768,66.9131,21.1,3,0.75,-22.63,467.55,-15.52,468.35
2026-08-08 15:13:25.833,100.0,48.0,186.0,-73.9074,-7.768,66.9131,21.1,4,1.0,-22.63,467.58,-15.52,468.38
2026-08-08 15:13:26.089,100.0,48.0,186.0,-73.9074,-7.768,66.9131,21.1,5,1.25,-22.63,467.58,-15.52,468.38
2026-08-08 15:13:29.703,100.0,48.0,180.0,-74.3145,0.0,66.9131,22.0,1,0.25,-22.26,467.5,-15.39,468.28
2026-08-08 15:13:29.959,100.0,48.0,180.0,-74.3145,0.0,66.9131,22.0,2,0.5,-22.27,467.48,-15.39,468.26
2026-08-08 15:13:30.199,100.0,48.0,180.0,-74.3145,0.0,66.9131,22.0,3,0.75,-22.27,467.48,-15.39,468.26
2026-08-08 15:13:30.455,100.0,48.0,180.0,-74.3145,0.0,66.9131,22.0,4,1.0,-22.27,467.48,-15.4,468.26
2026-08-08 15:13:30.710,100.0,48.0,180.0,-74.3145,0.0,66.9131,22.0,5,1.25,-22.27,467.48,-15.4,468.26
2026-08-08 15:13:34.325,100.0,48.0,174.0,-73.9074,7.768,66.9131,20.4,1,0.25,-21.93,467.52,-15.37,468.28
2026-08-08 15:13:34.581,100.0,48.0,174.0,-73.9074,7.768,66.9131,20.4,2,0.5,-21.93,467.52,-15.37,468.28
2026-08-08 15:13:34.837,100.0,48.0,174.0,-73.9074,7.768,66.9131,20.4,3,0.75,-21.93,467.56,-15.37,468.32
2026-08-08 15:13:35.076,100.0,48.0,174.0,-73.9074,7.768,66.9131,20.4,4,1.0,-21.93,467.56,-15.37,468.32
2026-08-08 15:13:35.332,100.0,48.0,174.0,-73.9074,7.768,66.9131,20.4,5,1.25,-21.94,467.54,-15.38,468.3
2026-08-08 15:13:38.962,100.0,48.0,168.0,-72.6905,15.4508,66.9131,21.6,1,0.25,-21.51,467.67,-15.39,468.41
2026-08-08 15:13:39.203,100.0,48.0,168.0,-72.6905,15.4508,66.9131,21.6,2,0.5,-21.51,467.67,-15.39,468.41
2026-08-08 15:13:39.458,100.0,48.0,168.0,-72.6905,15.4508,66.9131,21.6,3,0.75,-21.52,467.69,-15.39,468.43
2026-08-08 15:13:39.698,100.0,48.0,168.0,-72.6905,15.4508,66.9131,21.6,4,1.0,-21.52,467.69,-15.39,468.43
2026-08-08 15:13:39.954,100.0,48.0,168.0,-72.6905,15.4508,66.9131,21.6,5,1.25,-21.53,467.67,-15.39,468.41
2026-08-08 15:13:43.584,100.0,48.0,162.0,-70.6773,22.9644,66.9131,21.7,1,0.25,-21.16,467.84,-15.28,468.56
2026-08-08 15:13:43.824,100.0,48.0,162.0,-70.6773,22.9644,66.9131,21.7,2,0.5,-21.16,467.89,-15.27,468.61
2026-08-08 15:13:46.335,100.0,48.0,162.0,-70.6773,22.9644,66.9131,21.7,3,0.75,-21.16,467.89,-15.27,468.61
2026-08-08 15:13:46.575,100.0,48.0,162.0,-70.6773,22.9644,66.9131,21.7,4,1.0,-21.15,467.92,-15.27,468.64
2026-08-08 15:13:46.831,100.0,48.0,162.0,-70.6773,22.9644,66.9131,21.7,5,1.25,-21.15,467.92,-15.27,468.64
2026-08-08 15:13:50.461,100.0,48.0,156.0,-67.8897,30.2264,66.9131,20.0,1,0.25,-20.85,468.25,-15.26,468.96
2026-08-08 15:13:50.701,100.0,48.0,156.0,-67.8897,30.2264,66.9131,20.0,2,0.5,-20.85,468.25,-15.26,468.96
2026-08-08 15:13:50.957,100.0,48.0,156.0,-67.8897,30.2264,66.9131,20.0,3,0.75,-20.85,468.24,-15.27,468.95
2026-08-08 15:13:51.213,100.0,48.0,156.0,-67.8897,30.2264,66.9131,20.0,4,1.0,-20.85,468.24,-15.27,468.95
2026-08-08 15:13:51.453,100.0,48.0,156.0,-67.8897,30.2264,66.9131,20.0,5,1.25,-20.84,468.21,-15.26,468.92
2026-08-08 15:13:55.083,100.0,48.0,150.0,-64.3582,37.1572,66.9131,20.8,1,0.25,-20.87,468.69,-15.42,469.4
2026-08-08 15:13:55.323,100.0,48.0,150.0,-64.3582,37.1572,66.9131,20.8,2,0.5,-20.87,468.58,-15.41,469.29
2026-08-08 15:13:57.834,100.0,48.0,150.0,-64.3582,37.1572,66.9131,20.8,3,0.75,-20.87,468.58,-15.41,469.29
2026-08-08 15:13:58.074,100.0,48.0,150.0,-64.3582,37.1572,66.9131,20.8,4,1.0,-20.87,468.6,-15.4,469.31
2026-08-08 15:14:00.585,100.0,48.0,150.0,-64.3582,37.1572,66.9131,20.8,5,1.25,-20.87,468.6,-15.4,469.31
2026-08-08 15:14:04.087,100.0,48.0,144.0,-60.1217,43.681,66.9131,21.1,1,0.25,-20.94,469.03,-15.54,469.75
2026-08-08 15:14:04.327,100.0,48.0,144.0,-60.1217,43.681,66.9131,21.1,2,0.5,-20.92,469.03,-15.53,469.75
2026-08-08 15:14:04.583,100.0,48.0,144.0,-60.1217,43.681,66.9131,21.1,3,0.75,-20.92,469.03,-15.53,469.75
2026-08-08 15:14:04.839,100.0,48.0,144.0,-60.1217,43.681,66.9131,21.1,4,1.0,-20.93,469.06,-15.52,469.78
2026-08-08 15:14:05.079,100.0,48.0,144.0,-60.1217,43.681,66.9131,21.1,5,1.25,-20.93,469.06,-15.52,469.78
2026-08-08 15:14:08.581,100.0,48.0,138.0,-55.2264,49.7261,66.9131,21.6,1,0.25,-20.8,469.42,-15.6,470.13
2026-08-08 15:14:08.837,100.0,48.0,138.0,-55.2264,49.7261,66.9131,21.6,2,0.5,-20.8,469.42,-15.6,470.13
2026-08-08 15:14:09.077,100.0,48.0,138.0,-55.2264,49.7261,66.9131,21.6,3,0.75,-20.8,469.41,-15.61,470.12
2026-08-08 15:14:09.333,100.0,48.0,138.0,-55.2264,49.7261,66.9131,21.6,4,1.0,-20.8,469.41,-15.61,470.12
2026-08-08 15:14:09.589,100.0,48.0,138.0,-55.2264,49.7261,66.9131,21.6,5,1.25,-20.8,469.42,-15.61,470.13
2026-08-08 15:14:13.075,100.0,48.0,132.0,-49.7261,55.2264,66.9131,21.7,1,0.25,-20.79,469.74,-15.78,470.46
2026-08-08 15:14:13.331,100.0,48.0,132.0,-49.7261,55.2264,66.9131,21.7,2,0.5,-20.78,469.72,-15.78,470.44
2026-08-08 15:14:13.587,100.0,48.0,132.0,-49.7261,55.2264,66.9131,21.7,3,0.75,-20.78,469.72,-15.78,470.44
2026-08-08 15:14:13.827,100.0,48.0,132.0,-49.7261,55.2264,66.9131,21.7,4,1.0,-20.78,469.65,-15.77,470.37
2026-08-08 15:14:14.083,100.0,48.0,132.0,-49.7261,55.2264,66.9131,21.7,5,1.25,-20.78,469.65,-15.77,470.37
2026-08-08 15:14:17.585,100.0,48.0,126.0,-43.681,60.1217,66.9131,21.6,1,0.25,-20.9,470.02,-15.94,470.75
2026-08-08 15:14:17.825,100.0,48.0,126.0,-43.681,60.1217,66.9131,21.6,2,0.5,-20.9,470.0,-15.93,470.73
2026-08-08 15:14:18.081,100.0,48.0,126.0,-43.681,60.1217,66.9131,21.6,3,0.75,-20.9,470.0,-15.93,470.73
2026-08-08 15:14:18.337,100.0,48.0,126.0,-43.681,60.1217,66.9131,21.6,4,1.0,-20.9,470.0,-15.93,470.73
2026-08-08 15:14:18.577,100.0,48.0,126.0,-43.681,60.1217,66.9131,21.6,5,1.25,-20.89,470.0,-15.94,470.73
2026-08-08 15:14:22.079,100.0,48.0,120.0,-37.1572,64.3582,66.9131,23.5,1,0.25,-21.12,470.33,-16.24,471.08
2026-08-08 15:14:22.335,100.0,48.0,120.0,-37.1572,64.3582,66.9131,23.5,2,0.5,-21.12,470.33,-16.24,471.08
2026-08-08 15:14:22.575,100.0,48.0,120.0,-37.1572,64.3582,66.9131,23.5,3,0.75,-21.12,470.35,-16.23,471.1
2026-08-08 15:14:22.831,100.0,48.0,120.0,-37.1572,64.3582,66.9131,23.5,4,1.0,-21.12,470.35,-16.23,471.1
2026-08-08 15:14:23.087,100.0,48.0,120.0,-37.1572,64.3582,66.9131,23.5,5,1.25,-21.12,470.29,-16.23,471.04
2026-08-08 15:14:26.701,100.0,48.0,114.0,-30.2264,67.8897,66.9131,21.3,1,0.25,-21.34,470.63,-16.52,471.4
2026-08-08 15:14:26.957,100.0,48.0,114.0,-30.2264,67.8897,66.9131,21.3,2,0.5,-21.34,470.63,-16.52,471.4
2026-08-08 15:14:27.213,100.0,48.0,114.0,-30.2264,67.8897,66.9131,21.3,3,0.75,-21.34,470.63,-16.52,471.4
2026-08-08 15:14:27.453,100.0,48.0,114.0,-30.2264,67.8897,66.9131,21.3,4,1.0,-21.33,470.67,-16.52,471.44
2026-08-08 15:14:27.708,100.0,48.0,114.0,-30.2264,67.8897,66.9131,21.3,5,1.25,-21.33,470.67,-16.52,471.44
2026-08-08 15:14:31.323,100.0,48.0,108.0,-22.9644,70.6773,66.9131,21.4,1,0.25,-21.42,470.78,-16.79,471.56
2026-08-08 15:14:33.834,100.0,48.0,108.0,-22.9644,70.6773,66.9131,21.4,2,0.5,-21.42,470.78,-16.79,471.56
2026-08-08 15:14:34.074,100.0,48.0,108.0,-22.9644,70.6773,66.9131,21.4,3,0.75,-21.42,470.79,-16.78,471.57
2026-08-08 15:14:36.584,100.0,48.0,108.0,-22.9644,70.6773,66.9131,21.4,4,1.0,-21.42,470.79,-16.78,471.57
2026-08-08 15:14:36.824,100.0,48.0,108.0,-22.9644,70.6773,66.9131,21.4,5,1.25,-21.42,470.85,-16.78,471.63
2026-08-08 15:14:40.455,100.0,48.0,102.0,-15.4508,72.6905,66.9131,21.0,1,0.25,-21.86,470.89,-17.12,471.7
2026-08-08 15:14:40.711,100.0,48.0,102.0,-15.4508,72.6905,66.9131,21.0,2,0.5,-21.86,470.89,-17.12,471.7
2026-08-08 15:14:40.951,100.0,48.0,102.0,-15.4508,72.6905,66.9131,21.0,3,0.75,-21.88,470.92,-17.13,471.73
2026-08-08 15:14:41.206,100.0,48.0,102.0,-15.4508,72.6905,66.9131,21.0,4,1.0,-21.88,470.92,-17.13,471.73
2026-08-08 15:14:41.462,100.0,48.0,102.0,-15.4508,72.6905,66.9131,21.0,5,1.25,-21.88,470.93,-17.14,471.74
2026-08-08 15:14:45.077,100.0,48.0,96.0,-7.768,73.9074,66.9131,21.9,1,0.25,-22.07,470.92,-17.4,471.75
2026-08-08 15:14:45.332,100.0,48.0,96.0,-7.768,73.9074,66.9131,21.9,2,0.5,-22.07,470.92,-17.4,471.75
2026-08-08 15:14:45.588,100.0,48.0,96.0,-7.768,73.9074,66.9131,21.9,3,0.75,-22.09,470.97,-17.41,471.8
2026-08-08 15:14:45.828,100.0,48.0,96.0,-7.768,73.9074,66.9131,21.9,4,1.0,-22.09,470.97,-17.41,471.8
2026-08-08 15:14:46.084,100.0,48.0,96.0,-7.768,73.9074,66.9131,21.9,5,1.25,-22.09,471.0,-17.39,471.83
2026-08-08 15:14:49.698,100.0,48.0,90.0,0.0,74.3145,66.9131,21.4,1,0.25,-22.37,470.94,-17.64,471.8
2026-08-08 15:14:49.954,100.0,48.0,90.0,0.0,74.3145,66.9131,21.4,2,0.5,-22.37,470.94,-17.64,471.8
2026-08-08 15:14:50.210,100.0,48.0,90.0,0.0,74.3145,66.9131,21.4,3,0.75,-22.38,470.93,-17.62,471.79
2026-08-08 15:14:50.450,100.0,48.0,90.0,0.0,74.3145,66.9131,21.4,4,1.0,-22.38,470.93,-17.62,471.79
2026-08-08 15:14:50.706,100.0,48.0,90.0,0.0,74.3145,66.9131,21.4,5,1.25,-22.38,470.91,-17.63,471.77
2026-08-08 15:14:54.336,100.0,48.0,84.0,7.768,73.9074,66.9131,21.8,1,0.25,-22.76,470.69,-17.86,471.57
2026-08-08 15:14:54.576,100.0,48.0,84.0,7.768,73.9074,66.9131,21.8,2,0.5,-22.76,470.69,-17.86,471.57
2026-08-08 15:14:54.832,100.0,48.0,84.0,7.768,73.9074,66.9131,21.8,3,0.75,-22.76,470.69,-17.86,471.57
2026-08-08 15:14:55.088,100.0,48.0,84.0,7.768,73.9074,66.9131,21.8,4,1.0,-22.77,470.7,-17.86,471.58
2026-08-08 15:14:55.328,100.0,48.0,84.0,7.768,73.9074,66.9131,21.8,5,1.25,-22.77,470.7,-17.86,471.58
2026-08-08 15:14:58.958,100.0,48.0,78.0,15.4508,72.6905,66.9131,21.1,1,0.25,-22.96,470.45,-18.04,471.35
2026-08-08 15:14:59.198,100.0,48.0,78.0,15.4508,72.6905,66.9131,21.1,2,0.5,-22.96,470.48,-18.04,471.38
2026-08-08 15:14:59.454,100.0,48.0,78.0,15.4508,72.6905,66.9131,21.1,3,0.75,-22.96,470.48,-18.04,471.38
2026-08-08 15:14:59.710,100.0,48.0,78.0,15.4508,72.6905,66.9131,21.1,4,1.0,-22.95,470.51,-18.04,471.41
2026-08-08 15:14:59.950,100.0,48.0,78.0,15.4508,72.6905,66.9131,21.1,5,1.25,-22.95,470.51,-18.04,471.41
2026-08-08 15:15:03.580,100.0,48.0,72.0,22.9644,70.6773,66.9131,20.1,1,0.25,-23.32,470.24,-18.16,471.16
2026-08-08 15:15:03.836,100.0,48.0,72.0,22.9644,70.6773,66.9131,20.1,2,0.5,-23.32,470.22,-18.14,471.14
2026-08-08 15:15:04.076,100.0,48.0,72.0,22.9644,70.6773,66.9131,20.1,3,0.75,-23.32,470.22,-18.14,471.14
2026-08-08 15:15:04.332,100.0,48.0,72.0,22.9644,70.6773,66.9131,20.1,4,1.0,-23.32,470.21,-18.14,471.13
2026-08-08 15:15:04.588,100.0,48.0,72.0,22.9644,70.6773,66.9131,20.1,5,1.25,-23.32,470.21,-18.14,471.13
2026-08-08 15:15:08.202,100.0,48.0,66.0,30.2264,67.8897,66.9131,20.9,1,0.25,-23.37,469.85,-18.14,470.78
2026-08-08 15:15:08.458,100.0,48.0,66.0,30.2264,67.8897,66.9131,20.9,2,0.5,-23.36,469.89,-18.17,470.82
2026-08-08 15:15:08.698,100.0,48.0,66.0,30.2264,67.8897,66.9131,20.9,3,0.75,-23.36,469.89,-18.17,470.82
2026-08-08 15:15:08.954,100.0,48.0,66.0,30.2264,67.8897,66.9131,20.9,4,1.0,-23.36,469.85,-18.15,470.78
2026-08-08 15:15:09.210,100.0,48.0,66.0,30.2264,67.8897,66.9131,20.9,5,1.25,-23.36,469.85,-18.15,470.78
2026-08-08 15:15:12.824,100.0,48.0,60.0,37.1572,64.3582,66.9131,21.2,1,0.25,-23.65,469.4,-18.27,470.35
2026-08-08 15:15:15.335,100.0,48.0,60.0,37.1572,64.3582,66.9131,21.2,2,0.5,-23.64,469.39,-18.27,470.33
2026-08-08 15:15:15.575,100.0,48.0,60.0,37.1572,64.3582,66.9131,21.2,3,0.75,-23.64,469.39,-18.27,470.33
2026-08-08 15:15:15.830,100.0,48.0,60.0,37.1572,64.3582,66.9131,21.2,4,1.0,-23.63,469.37,-18.26,470.31
2026-08-08 15:15:16.086,100.0,48.0,60.0,37.1572,64.3582,66.9131,21.2,5,1.25,-23.63,469.37,-18.26,470.31
2026-08-08 15:15:19.573,100.0,48.0,54.0,43.681,60.1217,66.9131,23.0,1,0.25,-23.55,468.98,-18.26,469.92
2026-08-08 15:15:22.084,100.0,48.0,54.0,43.681,60.1217,66.9131,23.0,2,0.5,-23.58,469.02,-18.27,469.96
2026-08-08 15:15:22.324,100.0,48.0,54.0,43.681,60.1217,66.9131,23.0,3,0.75,-23.56,468.99,-18.26,469.93
2026-08-08 15:15:24.834,100.0,48.0,54.0,43.681,60.1217,66.9131,23.0,4,1.0,-23.56,468.99,-18.26,469.93
2026-08-08 15:15:25.074,100.0,48.0,54.0,43.681,60.1217,66.9131,23.0,5,1.25,-23.57,468.98,-18.27,469.92
2026-08-08 15:15:28.577,100.0,48.0,48.0,49.7261,55.2264,66.9131,21.8,1,0.25,-23.31,468.61,-18.17,469.54
2026-08-08 15:15:28.833,100.0,48.0,48.0,49.7261,55.2264,66.9131,21.8,2,0.5,-23.3,468.6,-18.18,469.53
2026-08-08 15:15:29.072,100.0,48.0,48.0,49.7261,55.2264,66.9131,21.8,3,0.75,-23.32,468.58,-18.18,469.51
2026-08-08 15:15:31.583,100.0,48.0,48.0,49.7261,55.2264,66.9131,21.8,4,1.0,-23.32,468.58,-18.18,469.51
2026-08-08 15:15:31.823,100.0,48.0,48.0,49.7261,55.2264,66.9131,21.8,5,1.25,-23.33,468.61,-18.18,469.54
2026-08-08 15:15:37.581,100.0,48.0,42.0,55.2264,49.7261,66.9131,21.3,1,0.25,-23.25,468.15,-18.22,469.08
2026-08-08 15:15:37.836,100.0,48.0,42.0,55.2264,49.7261,66.9131,21.3,2,0.5,-23.25,468.15,-18.22,469.08
2026-08-08 15:15:38.076,100.0,48.0,42.0,55.2264,49.7261,66.9131,21.3,3,0.75,-23.23,468.14,-18.22,469.06
2026-08-08 15:15:38.332,100.0,48.0,42.0,55.2264,49.7261,66.9131,21.3,4,1.0,-23.23,468.14,-18.22,469.06
2026-08-08 15:15:38.588,100.0,48.0,42.0,55.2264,49.7261,66.9131,21.3,5,1.25,-23.23,468.19,-18.22,469.11
2026-08-08 15:15:42.075,100.0,48.0,36.0,60.1217,43.681,66.9131,21.3,1,0.25,-23.15,467.85,-18.17,468.77
2026-08-08 15:15:42.330,100.0,48.0,36.0,60.1217,43.681,66.9131,21.3,2,0.5,-23.17,467.87,-18.16,468.79
2026-08-08 15:15:42.586,100.0,48.0,36.0,60.1217,43.681,66.9131,21.3,3,0.75,-23.17,467.87,-18.16,468.79
2026-08-08 15:15:42.826,100.0,48.0,36.0,60.1217,43.681,66.9131,21.3,4,1.0,-23.16,467.89,-18.16,468.81
2026-08-08 15:15:43.082,100.0,48.0,36.0,60.1217,43.681,66.9131,21.3,5,1.25,-23.16,467.89,-18.16,468.81
2026-08-08 15:15:46.584,100.0,48.0,30.0,64.3582,37.1572,66.9131,20.9,1,0.25,-22.77,467.57,-18.09,468.47
2026-08-08 15:15:46.824,100.0,48.0,30.0,64.3582,37.1572,66.9131,20.9,2,0.5,-22.77,467.57,-18.09,468.47
2026-08-08 15:15:47.080,100.0,48.0,30.0,64.3582,37.1572,66.9131,20.9,3,0.75,-22.76,467.53,-18.09,468.43
2026-08-08 15:15:47.336,100.0,48.0,30.0,64.3582,37.1572,66.9131,20.9,4,1.0,-22.76,467.53,-18.09,468.43
2026-08-08 15:15:47.576,100.0,48.0,30.0,64.3582,37.1572,66.9131,20.9,5,1.25,-22.77,467.55,-18.07,468.45
2026-08-08 15:15:51.206,100.0,48.0,24.0,67.8897,30.2264,66.9131,21.4,1,0.25,-22.54,467.3,-18.01,468.18
2026-08-08 15:15:51.462,100.0,48.0,24.0,67.8897,30.2264,66.9131,21.4,2,0.5,-22.54,467.3,-18.01,468.18
2026-08-08 15:15:51.702,100.0,48.0,24.0,67.8897,30.2264,66.9131,21.4,3,0.75,-22.54,467.3,-18.01,468.18
2026-08-08 15:15:51.958,100.0,48.0,24.0,67.8897,30.2264,66.9131,21.4,4,1.0,-22.54,467.3,-18.01,468.18
2026-08-08 15:15:52.198,100.0,48.0,24.0,67.8897,30.2264,66.9131,21.4,5,1.25,-22.55,467.28,-18.0,468.16
2026-08-08 15:15:55.828,100.0,48.0,18.0,70.6773,22.9644,66.9131,21.3,1,0.25,-22.02,467.01,-17.88,467.87
2026-08-08 15:15:56.084,100.0,48.0,18.0,70.6773,22.9644,66.9131,21.3,2,0.5,-22.02,467.01,-17.88,467.87
2026-08-08 15:15:56.324,100.0,48.0,18.0,70.6773,22.9644,66.9131,21.3,3,0.75,-22.03,467.11,-17.88,467.97
2026-08-08 15:15:56.580,100.0,48.0,18.0,70.6773,22.9644,66.9131,21.3,4,1.0,-22.03,467.11,-17.88,467.97
2026-08-08 15:15:56.836,100.0,48.0,18.0,70.6773,22.9644,66.9131,21.3,5,1.25,-22.03,467.03,-17.89,467.89
2026-08-08 15:16:00.450,100.0,48.0,12.0,72.6905,15.4508,66.9131,21.5,1,0.25,-21.6,466.85,-17.82,467.68
2026-08-08 15:16:00.706,100.0,48.0,12.0,72.6905,15.4508,66.9131,21.5,2,0.5,-21.6,466.85,-17.82,467.68
2026-08-08 15:16:00.962,100.0,48.0,12.0,72.6905,15.4508,66.9131,21.5,3,0.75,-21.6,466.86,-17.82,467.69
2026-08-08 15:16:01.202,100.0,48.0,12.0,72.6905,15.4508,66.9131,21.5,4,1.0,-21.6,466.86,-17.82,467.69
2026-08-08 15:16:01.458,100.0,48.0,12.0,72.6905,15.4508,66.9131,21.5,5,1.25,-21.6,466.86,-17.82,467.69
2026-08-08 15:16:05.072,100.0,48.0,6.0,73.9074,7.768,66.9131,20.5,1,0.25,-21.25,466.81,-17.6,467.62
2026-08-08 15:16:07.583,100.0,48.0,6.0,73.9074,7.768,66.9131,20.5,2,0.5,-21.25,466.81,-17.6,467.62
2026-08-08 15:16:07.823,100.0,48.0,6.0,73.9074,7.768,66.9131,20.5,3,0.75,-21.24,466.79,-17.6,467.6
2026-08-08 15:16:10.334,100.0,48.0,6.0,73.9074,7.768,66.9131,20.5,4,1.0,-21.25,466.81,-17.6,467.62
2026-08-08 15:16:10.574,100.0,48.0,6.0,73.9074,7.768,66.9131,20.5,5,1.25,-21.25,466.81,-17.6,467.62
2026-08-08 15:16:14.204,100.0,48.0,0.0,74.3145,0.0,66.9131,22.6,1,0.25,-20.77,466.77,-17.53,467.56
2026-08-08 15:16:14.460,100.0,48.0,0.0,74.3145,0.0,66.9131,22.6,2,0.5,-20.77,466.8,-17.53,467.59
2026-08-08 15:16:14.700,100.0,48.0,0.0,74.3145,0.0,66.9131,22.6,3,0.75,-20.77,466.8,-17.53,467.59
2026-08-08 15:16:14.956,100.0,48.0,0.0,74.3145,0.0,66.9131,22.6,4,1.0,-20.77,466.8,-17.53,467.59
2026-08-08 15:16:15.212,100.0,48.0,0.0,74.3145,0.0,66.9131,22.6,5,1.25,-20.76,466.82,-17.54,467.61
2026-08-08 15:16:18.698,100.0,54.0,0.0,80.9017,0.0,58.7785,21.7,1,0.25,-20.77,466.51,-17.58,467.3
2026-08-08 15:16:18.954,100.0,54.0,0.0,80.9017,0.0,58.7785,21.7,2,0.5,-20.77,466.51,-17.58,467.3
2026-08-08 15:16:19.210,100.0,54.0,0.0,80.9017,0.0,58.7785,21.7,3,0.75,-20.78,466.49,-17.57,467.28
2026-08-08 15:16:19.450,100.0,54.0,0.0,80.9017,0.0,58.7785,21.7,4,1.0,-20.78,466.49,-17.57,467.28
2026-08-08 15:16:19.705,100.0,54.0,0.0,80.9017,0.0,58.7785,21.7,5,1.25,-20.77,466.52,-17.57,467.31
2026-08-08 15:16:23.448,100.0,54.0,6.0,80.4585,8.4565,58.7785,21.1,1,0.25,-21.13,466.54,-17.71,467.35
2026-08-08 15:16:23.704,100.0,54.0,6.0,80.4585,8.4565,58.7785,21.1,2,0.5,-21.13,466.54,-17.71,467.35
2026-08-08 15:16:23.960,100.0,54.0,6.0,80.4585,8.4565,58.7785,21.1,3,0.75,-21.12,466.55,-17.71,467.36
2026-08-08 15:16:24.200,100.0,54.0,6.0,80.4585,8.4565,58.7785,21.1,4,1.0,-21.12,466.55,-17.71,467.36
2026-08-08 15:16:24.455,100.0,54.0,6.0,80.4585,8.4565,58.7785,21.1,5,1.25,-21.13,466.53,-17.7,467.34
2026-08-08 15:16:28.198,100.0,54.0,12.0,79.1338,16.8204,58.7785,21.5,1,0.25,-21.58,466.65,-17.87,467.49
2026-08-08 15:16:28.454,100.0,54.0,12.0,79.1338,16.8204,58.7785,21.5,2,0.5,-21.58,466.65,-17.87,467.49
2026-08-08 15:16:28.709,100.0,54.0,12.0,79.1338,16.8204,58.7785,21.5,3,0.75,-21.58,466.61,-17.87,467.45
2026-08-08 15:16:28.949,100.0,54.0,12.0,79.1338,16.8204,58.7785,21.5,4,1.0,-21.58,466.61,-17.87,467.45
2026-08-08 15:16:29.205,100.0,54.0,12.0,79.1338,16.8204,58.7785,21.5,5,1.25,-21.58,466.65,-17.87,467.49
2026-08-08 15:16:32.947,100.0,54.0,18.0,76.9421,25.0,58.7785,20.8,1,0.25,-22.11,466.92,-17.88,467.78
2026-08-08 15:16:33.203,100.0,54.0,18.0,76.9421,25.0,58.7785,20.8,2,0.5,-22.1,466.91,-17.87,467.77
2026-08-08 15:16:33.459,100.0,54.0,18.0,76.9421,25.0,58.7785,20.8,3,0.75,-22.1,466.91,-17.87,467.77
2026-08-08 15:16:33.699,100.0,54.0,18.0,76.9421,25.0,58.7785,20.8,4,1.0,-22.09,466.92,-17.88,467.78
2026-08-08 15:16:33.955,100.0,54.0,18.0,76.9421,25.0,58.7785,20.8,5,1.25,-22.09,466.92,-17.88,467.78
2026-08-08 15:16:39.570,100.0,54.0,24.0,73.9074,32.9057,58.7785,22.0,1,1.5,-22.45,467.19,-17.94,468.07
2026-08-08 15:16:39.712,100.0,54.0,24.0,73.9074,32.9057,58.7785,22.0,2,1.75,-22.45,467.19,-17.94,468.07
2026-08-08 15:16:39.952,100.0,54.0,24.0,73.9074,32.9057,58.7785,22.0,3,2.0,-22.46,467.18,-17.94,468.06
2026-08-08 15:16:40.208,100.0,54.0,24.0,73.9074,32.9057,58.7785,22.0,4,2.25,-22.46,467.18,-17.94,468.06
2026-08-08 15:16:40.448,100.0,54.0,24.0,73.9074,32.9057,58.7785,22.0,5,2.5,-22.47,467.16,-17.94,468.04
2026-08-08 15:16:44.079,100.0,54.0,30.0,70.0629,40.4508,58.7785,22.5,1,0.25,-22.85,467.5,-17.98,468.4
2026-08-08 15:16:44.334,100.0,54.0,30.0,70.0629,40.4508,58.7785,22.5,2,0.5,-22.85,467.5,-17.98,468.4
2026-08-08 15:16:44.574,100.0,54.0,30.0,70.0629,40.4508,58.7785,22.5,3,0.75,-22.85,467.5,-17.98,468.4
2026-08-08 15:16:44.830,100.0,54.0,30.0,70.0629,40.4508,58.7785,22.5,4,1.0,-22.85,467.5,-18.01,468.4
2026-08-08 15:16:45.086,100.0,54.0,30.0,70.0629,40.4508,58.7785,22.5,5,1.25,-22.85,467.5,-18.01,468.4
2026-08-08 15:16:48.700,100.0,54.0,36.0,65.4508,47.5528,58.7785,21.9,1,0.25,-23.11,467.87,-18.09,468.78
2026-08-08 15:16:48.956,100.0,54.0,36.0,65.4508,47.5528,58.7785,21.9,2,0.5,-23.12,467.86,-18.09,468.78
2026-08-08 15:16:49.212,100.0,54.0,36.0,65.4508,47.5528,58.7785,21.9,3,0.75,-23.12,467.86,-18.09,468.78
2026-08-08 15:16:49.452,100.0,54.0,36.0,65.4508,47.5528,58.7785,21.9,4,1.0,-23.1,467.89,-18.08,468.8
2026-08-08 15:16:49.708,100.0,54.0,36.0,65.4508,47.5528,58.7785,21.9,5,1.25,-23.1,467.89,-18.08,468.8
2026-08-08 15:16:53.210,100.0,54.0,42.0,60.1217,54.1338,58.7785,22.7,1,0.25,-23.41,468.27,-18.21,469.2
2026-08-08 15:16:53.450,100.0,54.0,42.0,60.1217,54.1338,58.7785,22.7,2,0.5,-23.4,468.24,-18.22,469.17
2026-08-08 15:16:53.706,100.0,54.0,42.0,60.1217,54.1338,58.7785,22.7,3,0.75,-23.4,468.24,-18.22,469.17
2026-08-08 15:16:53.962,100.0,54.0,42.0,60.1217,54.1338,58.7785,22.7,4,1.0,-23.4,468.24,-18.22,469.17
2026-08-08 15:16:54.202,100.0,54.0,42.0,60.1217,54.1338,58.7785,22.7,5,1.25,-23.42,468.26,-18.23,469.19
2026-08-08 15:16:57.704,100.0,54.0,48.0,54.1338,60.1217,58.7785,20.8,1,0.25,-23.67,468.7,-18.2,469.65
2026-08-08 15:16:57.960,100.0,54.0,48.0,54.1338,60.1217,58.7785,20.8,2,0.5,-23.67,468.7,-18.2,469.65
2026-08-08 15:16:58.200,100.0,54.0,48.0,54.1338,60.1217,58.7785,20.8,3,0.75,-23.67,468.7,-18.18,469.64
2026-08-08 15:16:58.456,100.0,54.0,48.0,54.1338,60.1217,58.7785,20.8,4,1.0,-23.67,468.7,-18.18,469.64
2026-08-08 15:16:58.712,100.0,54.0,48.0,54.1338,60.1217,58.7785,20.8,5,1.25,-23.69,468.74,-18.19,469.69
2026-08-08 15:17:02.198,100.0,54.0,54.0,47.5528,65.4508,58.7785,21.7,1,0.25,-23.81,469.17,-18.29,470.12
2026-08-08 15:17:02.454,100.0,54.0,54.0,47.5528,65.4508,58.7785,21.7,2,0.5,-23.81,469.16,-18.29,470.11
2026-08-08 15:17:02.710,100.0,54.0,54.0,47.5528,65.4508,58.7785,21.7,3,0.75,-23.81,469.16,-18.29,470.11
2026-08-08 15:17:02.950,100.0,54.0,54.0,47.5528,65.4508,58.7785,21.7,4,1.0,-23.8,469.19,-18.27,470.14
2026-08-08 15:17:03.206,100.0,54.0,54.0,47.5528,65.4508,58.7785,21.7,5,1.25,-23.8,469.19,-18.27,470.14
2026-08-08 15:17:06.836,100.0,54.0,60.0,40.4508,70.0629,58.7785,21.5,1,0.25,-23.71,469.67,-18.18,470.61
2026-08-08 15:17:07.076,100.0,54.0,60.0,40.4508,70.0629,58.7785,21.5,2,0.5,-23.72,469.67,-18.19,470.62
2026-08-08 15:17:07.332,100.0,54.0,60.0,40.4508,70.0629,58.7785,21.5,3,0.75,-23.72,469.67,-18.19,470.62
2026-08-08 15:17:07.572,100.0,54.0,60.0,40.4508,70.0629,58.7785,21.5,4,1.0,-23.72,469.73,-18.18,470.67
2026-08-08 15:17:10.083,100.0,54.0,60.0,40.4508,70.0629,58.7785,21.5,5,1.25,-23.72,469.73,-18.18,470.67
2026-08-08 15:17:13.697,100.0,54.0,66.0,32.9057,73.9074,58.7785,21.8,1,0.25,-23.84,470.23,-18.1,471.18
2026-08-08 15:17:13.953,100.0,54.0,66.0,32.9057,73.9074,58.7785,21.8,2,0.5,-23.85,470.18,-18.1,471.13
2026-08-08 15:17:14.209,100.0,54.0,66.0,32.9057,73.9074,58.7785,21.8,3,0.75,-23.85,470.18,-18.1,471.13
2026-08-08 15:17:14.449,100.0,54.0,66.0,32.9057,73.9074,58.7785,21.8,4,1.0,-23.86,470.18,-18.09,471.13
2026-08-08 15:17:14.705,100.0,54.0,66.0,32.9057,73.9074,58.7785,21.8,5,1.25,-23.86,470.18,-18.09,471.13
2026-08-08 15:17:20.320,100.0,54.0,72.0,25.0,76.9421,58.7785,21.7,1,1.5,-23.64,470.69,-18.06,471.62
2026-08-08 15:17:20.462,100.0,54.0,72.0,25.0,76.9421,58.7785,21.7,2,1.75,-23.64,470.69,-18.06,471.62
2026-08-08 15:17:20.702,100.0,54.0,72.0,25.0,76.9421,58.7785,21.7,3,2.0,-23.64,470.7,-18.06,471.63
2026-08-08 15:17:20.958,100.0,54.0,72.0,25.0,76.9421,58.7785,21.7,4,2.25,-23.64,470.7,-18.06,471.63
2026-08-08 15:17:21.198,100.0,54.0,72.0,25.0,76.9421,58.7785,21.7,5,2.5,-23.65,470.67,-18.06,471.6
2026-08-08 15:17:24.956,100.0,54.0,78.0,16.8204,79.1338,58.7785,22.2,1,0.25,-23.26,471.13,-17.84,472.04
2026-08-08 15:17:25.212,100.0,54.0,78.0,16.8204,79.1338,58.7785,22.2,2,0.5,-23.25,471.13,-17.84,472.04
2026-08-08 15:17:25.452,100.0,54.0,78.0,16.8204,79.1338,58.7785,22.2,3,0.75,-23.25,471.13,-17.84,472.04
2026-08-08 15:17:25.707,100.0,54.0,78.0,16.8204,79.1338,58.7785,22.2,4,1.0,-23.28,471.12,-17.85,472.03
2026-08-08 15:17:25.947,100.0,54.0,78.0,16.8204,79.1338,58.7785,22.2,5,1.25,-23.28,471.12,-17.85,472.03
2026-08-08 15:17:29.706,100.0,54.0,84.0,8.4565,80.4585,58.7785,21.9,1,0.25,-22.97,471.41,-17.79,472.3
2026-08-08 15:17:29.962,100.0,54.0,84.0,8.4565,80.4585,58.7785,21.9,2,0.5,-22.97,471.46,-17.8,472.35
2026-08-08 15:17:30.201,100.0,54.0,84.0,8.4565,80.4585,58.7785,21.9,3,0.75,-22.97,471.46,-17.8,472.35
2026-08-08 15:17:30.457,100.0,54.0,84.0,8.4565,80.4585,58.7785,21.9,4,1.0,-22.96,471.43,-17.8,472.32
2026-08-08 15:17:30.697,100.0,54.0,84.0,8.4565,80.4585,58.7785,21.9,5,1.25,-22.96,471.43,-17.8,472.32
2026-08-08 15:17:34.456,100.0,54.0,90.0,0.0,80.9017,58.7785,21.5,1,0.25,-22.44,471.59,-17.48,472.44
2026-08-08 15:17:34.711,100.0,54.0,90.0,0.0,80.9017,58.7785,21.5,2,0.5,-22.44,471.6,-17.49,472.45
2026-08-08 15:17:34.951,100.0,54.0,90.0,0.0,80.9017,58.7785,21.5,3,0.75,-22.44,471.6,-17.49,472.45
2026-08-08 15:17:35.207,100.0,54.0,90.0,0.0,80.9017,58.7785,21.5,4,1.0,-22.44,471.59,-17.49,472.44
2026-08-08 15:17:35.447,100.0,54.0,90.0,0.0,80.9017,58.7785,21.5,5,1.25,-22.44,471.59,-17.49,472.44
2026-08-08 15:17:39.205,100.0,54.0,96.0,-8.4565,80.4585,58.7785,21.8,1,0.25,-22.13,471.63,-17.2,472.46
2026-08-08 15:17:39.461,100.0,54.0,96.0,-8.4565,80.4585,58.7785,21.8,2,0.5,-22.13,471.63,-17.2,472.46
2026-08-08 15:17:39.701,100.0,54.0,96.0,-8.4565,80.4585,58.7785,21.8,3,0.75,-22.13,471.63,-17.2,472.46
2026-08-08 15:17:39.957,100.0,54.0,96.0,-8.4565,80.4585,58.7785,21.8,4,1.0,-22.12,471.63,-17.2,472.46
2026-08-08 15:17:40.197,100.0,54.0,96.0,-8.4565,80.4585,58.7785,21.8,5,1.25,-22.12,471.63,-17.2,472.46
2026-08-08 15:17:43.955,100.0,54.0,102.0,-16.8204,79.1338,58.7785,21.4,1,0.25,-21.61,471.54,-16.62,472.32
2026-08-08 15:17:44.211,100.0,54.0,102.0,-16.8204,79.1338,58.7785,21.4,2,0.5,-21.61,471.54,-16.62,472.32
2026-08-08 15:17:44.451,100.0,54.0,102.0,-16.8204,79.1338,58.7785,21.4,3,0.75,-21.61,471.55,-16.62,472.33
2026-08-08 15:17:44.707,100.0,54.0,102.0,-16.8204,79.1338,58.7785,21.4,4,1.0,-21.61,471.55,-16.62,472.33
2026-08-08 15:17:44.947,100.0,54.0,102.0,-16.8204,79.1338,58.7785,21.4,5,1.25,-21.62,471.57,-16.63,472.35
2026-08-08 15:17:48.705,100.0,54.0,108.0,-25.0,76.9421,58.7785,21.3,1,0.25,-21.25,471.31,-16.33,472.07
2026-08-08 15:17:48.961,100.0,54.0,108.0,-25.0,76.9421,58.7785,21.3,2,0.5,-21.25,471.31,-16.33,472.07
2026-08-08 15:17:49.201,100.0,54.0,108.0,-25.0,76.9421,58.7785,21.3,3,0.75,-21.25,471.37,-16.33,472.13
2026-08-08 15:17:49.457,100.0,54.0,108.0,-25.0,76.9421,58.7785,21.3,4,1.0,-21.25,471.37,-16.33,472.13
2026-08-08 15:17:49.697,100.0,54.0,108.0,-25.0,76.9421,58.7785,21.3,5,1.25,-21.24,471.37,-16.34,472.13
2026-08-08 15:17:53.327,100.0,54.0,114.0,-32.9057,73.9074,58.7785,21.2,1,0.25,-21.03,471.06,-15.92,471.79
2026-08-08 15:17:53.583,100.0,54.0,114.0,-32.9057,73.9074,58.7785,21.2,2,0.5,-21.03,471.06,-15.92,471.79
2026-08-08 15:17:53.823,100.0,54.0,114.0,-32.9057,73.9074,58.7785,21.2,3,0.75,-21.03,471.06,-15.92,471.79
2026-08-08 15:17:56.334,100.0,54.0,114.0,-32.9057,73.9074,58.7785,21.2,4,1.0,-21.03,471.06,-15.92,471.79
2026-08-08 15:17:56.574,100.0,54.0,114.0,-32.9057,73.9074,58.7785,21.2,5,1.25,-21.02,471.04,-15.92,471.77
2026-08-08 15:18:00.204,100.0,54.0,120.0,-40.4508,70.0629,58.7785,22.5,1,0.25,-20.64,470.65,-15.56,471.35
2026-08-08 15:18:00.460,100.0,54.0,120.0,-40.4508,70.0629,58.7785,22.5,2,0.5,-20.64,470.65,-15.56,471.35
2026-08-08 15:18:00.700,100.0,54.0,120.0,-40.4508,70.0629,58.7785,22.5,3,0.75,-20.64,470.64,-15.55,471.34
2026-08-08 15:18:00.956,100.0,54.0,120.0,-40.4508,70.0629,58.7785,22.5,4,1.0,-20.64,470.64,-15.55,471.34
2026-08-08 15:18:01.211,100.0,54.0,120.0,-40.4508,70.0629,58.7785,22.5,5,1.25,-20.65,470.63,-15.56,471.33
2026-08-08 15:18:04.826,100.0,54.0,126.0,-47.5528,65.4508,58.7785,21.3,1,0.25,-20.63,470.23,-15.28,470.93
2026-08-08 15:18:05.082,100.0,54.0,126.0,-47.5528,65.4508,58.7785,21.3,2,0.5,-20.63,470.23,-15.28,470.93
2026-08-08 15:18:05.322,100.0,54.0,126.0,-47.5528,65.4508,58.7785,21.3,3,0.75,-20.63,470.19,-15.29,470.89
2026-08-08 15:18:07.832,100.0,54.0,126.0,-47.5528,65.4508,58.7785,21.3,4,1.0,-20.63,470.18,-15.3,470.88
2026-08-08 15:18:08.072,100.0,54.0,126.0,-47.5528,65.4508,58.7785,21.3,5,1.25,-20.65,470.23,-15.3,470.93
2026-08-08 15:18:13.830,100.0,54.0,132.0,-54.1338,60.1217,58.7785,21.1,1,0.25,-20.56,469.88,-14.96,470.56
2026-08-08 15:18:14.086,100.0,54.0,132.0,-54.1338,60.1217,58.7785,21.1,2,0.5,-20.57,469.83,-14.96,470.51
2026-08-08 15:18:14.325,100.0,54.0,132.0,-54.1338,60.1217,58.7785,21.1,3,0.75,-20.57,469.83,-14.96,470.51
2026-08-08 15:18:14.581,100.0,54.0,132.0,-54.1338,60.1217,58.7785,21.1,4,1.0,-20.56,469.87,-14.95,470.55
2026-08-08 15:18:14.821,100.0,54.0,132.0,-54.1338,60.1217,58.7785,21.1,5,1.25,-20.57,469.86,-14.96,470.54
2026-08-08 15:18:20.579,100.0,54.0,138.0,-60.1217,54.1338,58.7785,21.4,1,0.25,-20.24,469.36,-14.83,470.03
2026-08-08 15:18:20.835,100.0,54.0,138.0,-60.1217,54.1338,58.7785,21.4,2,0.5,-20.25,469.3,-14.84,469.97
2026-08-08 15:18:21.074,100.0,54.0,138.0,-60.1217,54.1338,58.7785,21.4,3,0.75,-20.25,469.3,-14.84,469.97
2026-08-08 15:18:21.330,100.0,54.0,138.0,-60.1217,54.1338,58.7785,21.4,4,1.0,-20.27,469.39,-14.85,470.06
2026-08-08 15:18:21.586,100.0,54.0,138.0,-60.1217,54.1338,58.7785,21.4,5,1.25,-20.27,469.39,-14.85,470.06
2026-08-08 15:18:25.073,100.0,54.0,144.0,-65.4508,47.5528,58.7785,20.5,1,0.25,-20.45,468.96,-14.69,469.63
2026-08-08 15:18:27.583,100.0,54.0,144.0,-65.4508,47.5528,58.7785,20.5,2,0.5,-20.47,468.92,-14.7,469.59
2026-08-08 15:18:27.823,100.0,54.0,144.0,-65.4508,47.5528,58.7785,20.5,3,0.75,-20.47,468.92,-14.7,469.59
2026-08-08 15:18:28.079,100.0,54.0,144.0,-65.4508,47.5528,58.7785,20.5,4,1.0,-20.45,468.99,-14.7,469.66
2026-08-08 15:18:28.335,100.0,54.0,144.0,-65.4508,47.5528,58.7785,20.5,5,1.25,-20.45,468.99,-14.7,469.66
2026-08-08 15:18:31.949,100.0,54.0,150.0,-70.0629,40.4508,58.7785,22.4,1,0.25,-20.53,468.51,-14.75,469.19
2026-08-08 15:18:32.205,100.0,54.0,150.0,-70.0629,40.4508,58.7785,22.4,2,0.5,-20.53,468.51,-14.75,469.19
2026-08-08 15:18:32.461,100.0,54.0,150.0,-70.0629,40.4508,58.7785,22.4,3,0.75,-20.53,468.48,-14.74,469.16
2026-08-08 15:18:32.701,100.0,54.0,150.0,-70.0629,40.4508,58.7785,22.4,4,1.0,-20.53,468.48,-14.74,469.16
2026-08-08 15:18:32.957,100.0,54.0,150.0,-70.0629,40.4508,58.7785,22.4,5,1.25,-20.54,468.48,-14.72,469.16
2026-08-08 15:18:36.571,100.0,54.0,156.0,-73.9074,32.9057,58.7785,21.7,1,0.25,-20.61,468.0,-14.65,468.68
2026-08-08 15:18:39.082,100.0,54.0,156.0,-73.9074,32.9057,58.7785,21.7,2,0.5,-20.61,467.97,-14.65,468.65
2026-08-08 15:18:39.322,100.0,54.0,156.0,-73.9074,32.9057,58.7785,21.7,3,0.75,-20.63,468.02,-14.64,468.7
2026-08-08 15:18:41.833,100.0,54.0,156.0,-73.9074,32.9057,58.7785,21.7,4,1.0,-20.63,468.02,-14.64,468.7
2026-08-08 15:18:42.073,100.0,54.0,156.0,-73.9074,32.9057,58.7785,21.7,5,1.25,-20.63,468.02,-14.64,468.7
2026-08-08 15:18:45.703,100.0,54.0,162.0,-76.9421,25.0,58.7785,20.9,1,0.25,-21.03,467.74,-14.69,468.44
2026-08-08 15:18:45.959,100.0,54.0,162.0,-76.9421,25.0,58.7785,20.9,2,0.5,-21.03,467.74,-14.68,468.44
2026-08-08 15:18:46.199,100.0,54.0,162.0,-76.9421,25.0,58.7785,20.9,3,0.75,-21.03,467.74,-14.68,468.44
2026-08-08 15:18:46.455,100.0,54.0,162.0,-76.9421,25.0,58.7785,20.9,4,1.0,-21.03,467.76,-14.66,468.46
2026-08-08 15:18:46.711,100.0,54.0,162.0,-76.9421,25.0,58.7785,20.9,5,1.25,-21.03,467.76,-14.66,468.46
2026-08-08 15:18:50.453,100.0,54.0,168.0,-79.1338,16.8204,58.7785,21.4,1,0.25,-21.53,467.42,-14.84,468.15
2026-08-08 15:18:50.709,100.0,54.0,168.0,-79.1338,16.8204,58.7785,21.4,2,0.5,-21.53,467.42,-14.84,468.15
2026-08-08 15:18:50.949,100.0,54.0,168.0,-79.1338,16.8204,58.7785,21.4,3,0.75,-21.52,467.44,-14.84,468.17
2026-08-08 15:18:51.205,100.0,54.0,168.0,-79.1338,16.8204,58.7785,21.4,4,1.0,-21.52,467.44,-14.84,468.17
2026-08-08 15:18:51.461,100.0,54.0,168.0,-79.1338,16.8204,58.7785,21.4,5,1.25,-21.52,467.44,-14.84,468.17
2026-08-08 15:18:55.203,100.0,54.0,174.0,-80.4585,8.4565,58.7785,21.5,1,0.25,-21.63,467.2,-14.74,467.93
2026-08-08 15:18:55.459,100.0,54.0,174.0,-80.4585,8.4565,58.7785,21.5,2,0.5,-21.63,467.2,-14.74,467.93
2026-08-08 15:18:55.699,100.0,54.0,174.0,-80.4585,8.4565,58.7785,21.5,3,0.75,-21.63,467.26,-14.73,467.99
2026-08-08 15:18:55.955,100.0,54.0,174.0,-80.4585,8.4565,58.7785,21.5,4,1.0,-21.63,467.26,-14.73,467.99
2026-08-08 15:18:56.211,100.0,54.0,174.0,-80.4585,8.4565,58.7785,21.5,5,1.25,-21.62,467.24,-14.73,467.97
2026-08-08 15:18:59.953,100.0,54.0,180.0,-80.9017,0.0,58.7785,21.5,1,0.25,-22.07,467.11,-14.77,467.86
2026-08-08 15:19:00.209,100.0,54.0,180.0,-80.9017,0.0,58.7785,21.5,2,0.5,-22.07,467.11,-14.77,467.86
2026-08-08 15:19:00.449,100.0,54.0,180.0,-80.9017,0.0,58.7785,21.5,3,0.75,-22.07,467.15,-14.77,467.9
2026-08-08 15:19:00.704,100.0,54.0,180.0,-80.9017,0.0,58.7785,21.5,4,1.0,-22.07,467.15,-14.77,467.9
2026-08-08 15:19:00.960,100.0,54.0,180.0,-80.9017,0.0,58.7785,21.5,5,1.25,-22.08,467.13,-14.77,467.88
2026-08-08 15:19:04.703,100.0,54.0,186.0,-80.4585,-8.4565,58.7785,21.2,1,0.25,-22.46,467.18,-14.94,467.95
2026-08-08 15:19:04.959,100.0,54.0,186.0,-80.4585,-8.4565,58.7785,21.2,2,0.5,-22.46,467.18,-14.94,467.95
2026-08-08 15:19:05.198,100.0,54.0,186.0,-80.4585,-8.4565,58.7785,21.2,3,0.75,-22.47,467.15,-14.95,467.92
2026-08-08 15:19:05.454,100.0,54.0,186.0,-80.4585,-8.4565,58.7785,21.2,4,1.0,-22.47,467.15,-14.95,467.92
2026-08-08 15:19:05.710,100.0,54.0,186.0,-80.4585,-8.4565,58.7785,21.2,5,1.25,-22.47,467.09,-14.94,467.86
2026-08-08 15:19:09.452,100.0,54.0,192.0,-79.1338,-16.8204,58.7785,21.8,1,0.25,-22.95,467.24,-15.21,468.05
2026-08-08 15:19:09.708,100.0,54.0,192.0,-79.1338,-16.8204,58.7785,21.8,2,0.5,-22.95,467.26,-15.21,468.07
2026-08-08 15:19:09.948,100.0,54.0,192.0,-79.1338,-16.8204,58.7785,21.8,3,0.75,-22.95,467.26,-15.21,468.07
2026-08-08 15:19:10.204,100.0,54.0,192.0,-79.1338,-16.8204,58.7785,21.8,4,1.0,-22.94,467.28,-15.21,468.08
2026-08-08 15:19:10.460,100.0,54.0,192.0,-79.1338,-16.8204,58.7785,21.8,5,1.25,-22.94,467.28,-15.21,468.08
2026-08-08 15:19:14.202,100.0,54.0,198.0,-76.9421,-25.0,58.7785,21.5,1,0.25,-23.23,467.29,-15.33,468.11
2026-08-08 15:19:14.458,100.0,54.0,198.0,-76.9421,-25.0,58.7785,21.5,2,0.5,-23.22,467.28,-15.34,468.1
2026-08-08 15:19:14.698,100.0,54.0,198.0,-76.9421,-25.0,58.7785,21.5,3,0.75,-23.22,467.28,-15.34,468.1
2026-08-08 15:19:14.954,100.0,54.0,198.0,-76.9421,-25.0,58.7785,21.5,4,1.0,-23.24,467.29,-15.34,468.11
2026-08-08 15:19:15.210,100.0,54.0,198.0,-76.9421,-25.0,58.7785,21.5,5,1.25,-23.24,467.29,-15.34,468.11
2026-08-08 15:19:18.824,100.0,54.0,204.0,-73.9074,-32.9057,58.7785,21.3,1,0.25,-23.43,467.52,-15.46,468.36
2026-08-08 15:19:19.080,100.0,54.0,204.0,-73.9074,-32.9057,58.7785,21.3,2,0.5,-23.42,467.47,-15.45,468.31
2026-08-08 15:19:19.336,100.0,54.0,204.0,-73.9074,-32.9057,58.7785,21.3,3,0.75,-23.42,467.47,-15.45,468.31
2026-08-08 15:19:19.576,100.0,54.0,204.0,-73.9074,-32.9057,58.7785,21.3,4,1.0,-23.43,467.46,-15.46,468.3
2026-08-08 15:19:19.832,100.0,54.0,204.0,-73.9074,-32.9057,58.7785,21.3,5,1.25,-23.43,467.46,-15.46,468.3
2026-08-08 15:19:23.446,100.0,54.0,210.0,-70.0629,-40.4508,58.7785,21.3,1,0.25,-23.52,467.64,-15.78,468.49
2026-08-08 15:19:23.702,100.0,54.0,210.0,-70.0629,-40.4508,58.7785,21.3,2,0.5,-23.5,467.65,-15.76,468.5
2026-08-08 15:19:23.958,100.0,54.0,210.0,-70.0629,-40.4508,58.7785,21.3,3,0.75,-23.5,467.65,-15.76,468.5
2026-08-08 15:19:24.198,100.0,54.0,210.0,-70.0629,-40.4508,58.7785,21.3,4,1.0,-23.5,467.65,-15.76,468.5
2026-08-08 15:19:24.454,100.0,54.0,210.0,-70.0629,-40.4508,58.7785,21.3,5,1.25,-23.52,467.66,-15.77,468.51
2026-08-08 15:19:28.084,100.0,54.0,216.0,-65.4508,-47.5528,58.7785,21.4,1,0.25,-23.58,467.85,-16.08,468.71
2026-08-08 15:19:28.324,100.0,54.0,216.0,-65.4508,-47.5528,58.7785,21.4,2,0.5,-23.58,467.85,-16.08,468.71
2026-08-08 15:19:28.580,100.0,54.0,216.0,-65.4508,-47.5528,58.7785,21.4,3,0.75,-23.58,467.87,-16.09,468.74
2026-08-08 15:19:28.836,100.0,54.0,216.0,-65.4508,-47.5528,58.7785,21.4,4,1.0,-23.58,467.87,-16.09,468.74
2026-08-08 15:19:29.076,100.0,54.0,216.0,-65.4508,-47.5528,58.7785,21.4,5,1.25,-23.57,467.88,-16.08,468.74
2026-08-08 15:19:32.578,100.0,54.0,222.0,-60.1217,-54.1338,58.7785,21.6,1,0.25,-23.7,468.09,-16.24,468.97
2026-08-08 15:19:32.834,100.0,54.0,222.0,-60.1217,-54.1338,58.7785,21.6,2,0.5,-23.7,468.09,-16.24,468.97
2026-08-08 15:19:33.074,100.0,54.0,222.0,-60.1217,-54.1338,58.7785,21.6,3,0.75,-23.7,468.13,-16.25,469.01
2026-08-08 15:19:33.330,100.0,54.0,222.0,-60.1217,-54.1338,58.7785,21.6,4,1.0,-23.7,468.13,-16.25,469.01
2026-08-08 15:19:33.586,100.0,54.0,222.0,-60.1217,-54.1338,58.7785,21.6,5,1.25,-23.7,468.13,-16.25,469.01
2026-08-08 15:19:37.072,100.0,54.0,228.0,-54.1338,-60.1217,58.7785,21.0,1,0.25,-23.51,468.39,-16.44,469.26
2026-08-08 15:19:39.583,100.0,54.0,228.0,-54.1338,-60.1217,58.7785,21.0,2,0.5,-23.51,468.39,-16.44,469.26
2026-08-08 15:19:39.823,100.0,54.0,228.0,-54.1338,-60.1217,58.7785,21.0,3,0.75,-23.51,468.4,-16.44,469.27
2026-08-08 15:19:40.079,100.0,54.0,228.0,-54.1338,-60.1217,58.7785,21.0,4,1.0,-23.51,468.4,-16.44,469.27
2026-08-08 15:19:40.334,100.0,54.0,228.0,-54.1338,-60.1217,58.7785,21.0,5,1.25,-23.51,468.4,-16.44,469.27
2026-08-08 15:19:43.821,100.0,54.0,234.0,-47.5528,-65.4508,58.7785,21.3,1,0.25,-23.6,468.62,-16.65,469.5
2026-08-08 15:19:46.332,100.0,54.0,234.0,-47.5528,-65.4508,58.7785,21.3,2,0.5,-23.6,468.62,-16.65,469.5
2026-08-08 15:19:46.572,100.0,54.0,234.0,-47.5528,-65.4508,58.7785,21.3,3,0.75,-23.6,468.62,-16.63,469.5
2026-08-08 15:19:49.083,100.0,54.0,234.0,-47.5528,-65.4508,58.7785,21.3,4,1.0,-23.6,468.62,-16.63,469.5
2026-08-08 15:19:49.323,100.0,54.0,234.0,-47.5528,-65.4508,58.7785,21.3,5,1.25,-23.61,468.61,-16.64,469.49
2026-08-08 15:19:52.953,100.0,54.0,240.0,-40.4508,-70.0629,58.7785,21.0,1,0.25,-23.62,468.92,-16.83,469.81
2026-08-08 15:19:53.209,100.0,54.0,240.0,-40.4508,-70.0629,58.7785,21.0,2,0.5,-23.62,468.92,-16.83,469.81
2026-08-08 15:19:53.449,100.0,54.0,240.0,-40.4508,-70.0629,58.7785,21.0,3,0.75,-23.63,468.93,-16.83,469.82
2026-08-08 15:19:53.704,100.0,54.0,240.0,-40.4508,-70.0629,58.7785,21.0,4,1.0,-23.63,468.93,-16.83,469.82
2026-08-08 15:19:53.960,100.0,54.0,240.0,-40.4508,-70.0629,58.7785,21.0,5,1.25,-23.63,468.92,-16.81,469.81
2026-08-08 15:19:57.575,100.0,54.0,246.0,-32.9057,-73.9074,58.7785,21.5,1,0.25,-23.55,469.29,-17.06,470.19
2026-08-08 15:19:57.831,100.0,54.0,246.0,-32.9057,-73.9074,58.7785,21.5,2,0.5,-23.55,469.29,-17.06,470.19
2026-08-08 15:19:58.086,100.0,54.0,246.0,-32.9057,-73.9074,58.7785,21.5,3,0.75,-23.56,469.28,-17.06,470.18
2026-08-08 15:19:58.326,100.0,54.0,246.0,-32.9057,-73.9074,58.7785,21.5,4,1.0,-23.56,469.28,-17.06,470.18
2026-08-08 15:19:58.582,100.0,54.0,246.0,-32.9057,-73.9074,58.7785,21.5,5,1.25,-23.57,469.29,-17.07,470.19
2026-08-08 15:20:02.197,100.0,54.0,252.0,-25.0,-76.9421,58.7785,20.9,1,0.25,-23.23,469.57,-17.3,470.46
2026-08-08 15:20:02.453,100.0,54.0,252.0,-25.0,-76.9421,58.7785,20.9,2,0.5,-23.23,469.57,-17.3,470.46
2026-08-08 15:20:02.708,100.0,54.0,252.0,-25.0,-76.9421,58.7785,20.9,3,0.75,-23.23,469.65,-17.32,470.54
2026-08-08 15:20:02.948,100.0,54.0,252.0,-25.0,-76.9421,58.7785,20.9,4,1.0,-23.23,469.65,-17.32,470.54
2026-08-08 15:20:03.204,100.0,54.0,252.0,-25.0,-76.9421,58.7785,20.9,5,1.25,-23.23,469.65,-17.32,470.54
2026-08-08 15:20:06.947,100.0,54.0,258.0,-16.8204,-79.1338,58.7785,20.8,1,0.25,-22.73,469.93,-17.42,470.8
2026-08-08 15:20:07.202,100.0,54.0,258.0,-16.8204,-79.1338,58.7785,20.8,2,0.5,-22.73,469.93,-17.42,470.8
2026-08-08 15:20:07.458,100.0,54.0,258.0,-16.8204,-79.1338,58.7785,20.8,3,0.75,-22.74,469.87,-17.43,470.74
2026-08-08 15:20:07.698,100.0,54.0,258.0,-16.8204,-79.1338,58.7785,20.8,4,1.0,-22.74,469.87,-17.43,470.74
2026-08-08 15:20:07.954,100.0,54.0,258.0,-16.8204,-79.1338,58.7785,20.8,5,1.25,-22.73,469.89,-17.42,470.76
2026-08-08 15:20:11.696,100.0,54.0,264.0,-8.4565,-80.4585,58.7785,21.2,1,0.25,-22.32,470.11,-17.59,470.96
2026-08-08 15:20:11.952,100.0,54.0,264.0,-8.4565,-80.4585,58.7785,21.2,2,0.5,-22.32,470.11,-17.59,470.96
2026-08-08 15:20:12.208,100.0,54.0,264.0,-8.4565,-80.4585,58.7785,21.2,3,0.75,-22.31,470.12,-17.6,470.97
2026-08-08 15:20:12.448,100.0,54.0,264.0,-8.4565,-80.4585,58.7785,21.2,4,1.0,-22.31,470.12,-17.6,470.97
2026-08-08 15:20:12.704,100.0,54.0,264.0,-8.4565,-80.4585,58.7785,21.2,5,1.25,-22.3,470.14,-17.59,470.99
2026-08-08 15:20:16.446,100.0,54.0,270.0,-0.0,-80.9017,58.7785,21.2,1,0.25,-21.87,470.41,-17.71,471.25
2026-08-08 15:20:16.702,100.0,54.0,270.0,-0.0,-80.9017,58.7785,21.2,2,0.5,-21.87,470.41,-17.71,471.25
2026-08-08 15:20:16.958,100.0,54.0,270.0,-0.0,-80.9017,58.7785,21.2,3,0.75,-21.88,470.41,-17.7,471.25
2026-08-08 15:20:17.198,100.0,54.0,270.0,-0.0,-80.9017,58.7785,21.2,4,1.0,-21.88,470.41,-17.7,471.25
2026-08-08 15:20:17.454,100.0,54.0,270.0,-0.0,-80.9017,58.7785,21.2,5,1.25,-21.88,470.39,-17.7,471.23
2026-08-08 15:20:21.196,100.0,54.0,276.0,8.4565,-80.4585,58.7785,20.9,1,0.25,-21.36,470.38,-17.85,471.2
2026-08-08 15:20:21.452,100.0,54.0,276.0,8.4565,-80.4585,58.7785,20.9,2,0.5,-21.37,470.37,-17.87,471.19
2026-08-08 15:20:21.708,100.0,54.0,276.0,8.4565,-80.4585,58.7785,20.9,3,0.75,-21.37,470.37,-17.87,471.19
2026-08-08 15:20:21.948,100.0,54.0,276.0,8.4565,-80.4585,58.7785,20.9,4,1.0,-21.37,470.37,-17.87,471.19
2026-08-08 15:20:22.204,100.0,54.0,276.0,8.4565,-80.4585,58.7785,20.9,5,1.25,-21.36,470.34,-17.87,471.16
2026-08-08 15:20:25.946,100.0,54.0,282.0,16.8204,-79.1338,58.7785,21.7,1,0.25,-20.66,470.34,-17.95,471.13
2026-08-08 15:20:26.202,100.0,54.0,282.0,16.8204,-79.1338,58.7785,21.7,2,0.5,-20.68,470.31,-17.94,471.1
2026-08-08 15:20:26.458,100.0,54.0,282.0,16.8204,-79.1338,58.7785,21.7,3,0.75,-20.68,470.31,-17.94,471.1
2026-08-08 15:20:26.698,100.0,54.0,282.0,16.8204,-79.1338,58.7785,21.7,4,1.0,-20.69,470.32,-17.94,471.11
2026-08-08 15:20:26.954,100.0,54.0,282.0,16.8204,-79.1338,58.7785,21.7,5,1.25,-20.69,470.32,-17.94,471.11
2026-08-08 15:20:30.696,100.0,54.0,288.0,25.0,-76.9421,58.7785,22.4,1,0.25,-20.16,470.2,-18.03,470.97
2026-08-08 15:20:30.952,100.0,54.0,288.0,25.0,-76.9421,58.7785,22.4,2,0.5,-20.15,470.21,-18.01,470.98
2026-08-08 15:20:31.208,100.0,54.0,288.0,25.0,-76.9421,58.7785,22.4,3,0.75,-20.15,470.21,-18.01,470.98
2026-08-08 15:20:31.448,100.0,54.0,288.0,25.0,-76.9421,58.7785,22.4,4,1.0,-20.16,470.22,-18.01,470.99
2026-08-08 15:20:31.703,100.0,54.0,288.0,25.0,-76.9421,58.7785,22.4,5,1.25,-20.16,470.22,-18.01,470.99
2026-08-08 15:20:37.319,100.0,54.0,294.0,32.9057,-73.9074,58.7785,20.9,1,1.5,-19.71,469.95,-17.99,470.7
2026-08-08 15:20:37.461,100.0,54.0,294.0,32.9057,-73.9074,58.7785,20.9,2,1.75,-19.71,469.95,-17.99,470.7
2026-08-08 15:20:37.701,100.0,54.0,294.0,32.9057,-73.9074,58.7785,20.9,3,2.0,-19.73,469.94,-17.99,470.69
2026-08-08 15:20:37.957,100.0,54.0,294.0,32.9057,-73.9074,58.7785,20.9,4,2.25,-19.73,469.94,-17.99,470.69
2026-08-08 15:20:38.197,100.0,54.0,294.0,32.9057,-73.9074,58.7785,20.9,5,2.5,-19.72,469.94,-18.01,470.69
2026-08-08 15:20:41.827,100.0,54.0,300.0,40.4508,-70.0629,58.7785,21.0,1,0.25,-19.33,469.56,-17.91,470.29
2026-08-08 15:20:42.083,100.0,54.0,300.0,40.4508,-70.0629,58.7785,21.0,2,0.5,-19.33,469.56,-17.91,470.29
2026-08-08 15:20:42.323,100.0,54.0,300.0,40.4508,-70.0629,58.7785,21.0,3,0.75,-19.33,469.59,-17.9,470.32
2026-08-08 15:20:42.578,100.0,54.0,300.0,40.4508,-70.0629,58.7785,21.0,4,1.0,-19.33,469.59,-17.9,470.32
2026-08-08 15:20:42.834,100.0,54.0,300.0,40.4508,-70.0629,58.7785,21.0,5,1.25,-19.33,469.56,-17.91,470.29
2026-08-08 15:20:46.449,100.0,54.0,306.0,47.5528,-65.4508,58.7785,22.2,1,0.25,-19.05,469.15,-17.89,469.87
2026-08-08 15:20:46.705,100.0,54.0,306.0,47.5528,-65.4508,58.7785,22.2,2,0.5,-19.05,469.15,-17.89,469.87
2026-08-08 15:20:46.960,100.0,54.0,306.0,47.5528,-65.4508,58.7785,22.2,3,0.75,-19.05,469.13,-17.89,469.85
2026-08-08 15:20:47.200,100.0,54.0,306.0,47.5528,-65.4508,58.7785,22.2,4,1.0,-19.05,469.13,-17.89,469.85
2026-08-08 15:20:47.456,100.0,54.0,306.0,47.5528,-65.4508,58.7785,22.2,5,1.25,-19.05,469.13,-17.89,469.85
2026-08-08 15:20:50.959,100.0,54.0,312.0,54.1338,-60.1217,58.7785,21.8,1,0.25,-18.85,468.79,-17.93,469.51
2026-08-08 15:20:51.199,100.0,54.0,312.0,54.1338,-60.1217,58.7785,21.8,2,0.5,-18.86,468.78,-17.93,469.5
2026-08-08 15:20:51.455,100.0,54.0,312.0,54.1338,-60.1217,58.7785,21.8,3,0.75,-18.86,468.78,-17.93,469.5
2026-08-08 15:20:51.710,100.0,54.0,312.0,54.1338,-60.1217,58.7785,21.8,4,1.0,-18.86,468.85,-17.92,469.57
2026-08-08 15:20:51.950,100.0,54.0,312.0,54.1338,-60.1217,58.7785,21.8,5,1.25,-18.86,468.85,-17.92,469.57
2026-08-08 15:20:55.453,100.0,54.0,318.0,60.1217,-54.1338,58.7785,21.6,1,0.25,-18.71,468.3,-17.63,469.0
2026-08-08 15:20:55.709,100.0,54.0,318.0,60.1217,-54.1338,58.7785,21.6,2,0.5,-18.71,468.3,-17.63,469.0
2026-08-08 15:20:55.949,100.0,54.0,318.0,60.1217,-54.1338,58.7785,21.6,3,0.75,-18.7,468.32,-17.62,469.02
2026-08-08 15:20:56.204,100.0,54.0,318.0,60.1217,-54.1338,58.7785,21.6,4,1.0,-18.7,468.32,-17.62,469.02
2026-08-08 15:20:56.460,100.0,54.0,318.0,60.1217,-54.1338,58.7785,21.6,5,1.25,-18.7,468.32,-17.62,469.02
2026-08-08 15:20:59.947,100.0,54.0,324.0,65.4508,-47.5528,58.7785,22.5,1,0.25,-18.82,468.04,-17.71,468.75
2026-08-08 15:21:00.203,100.0,54.0,324.0,65.4508,-47.5528,58.7785,22.5,2,0.5,-18.82,468.04,-17.71,468.75
2026-08-08 15:21:00.458,100.0,54.0,324.0,65.4508,-47.5528,58.7785,22.5,3,0.75,-18.82,468.04,-17.71,468.75
2026-08-08 15:21:00.698,100.0,54.0,324.0,65.4508,-47.5528,58.7785,22.5,4,1.0,-18.83,468.02,-17.73,468.73
2026-08-08 15:21:00.954,100.0,54.0,324.0,65.4508,-47.5528,58.7785,22.5,5,1.25,-18.83,468.02,-17.73,468.73
2026-08-08 15:21:04.585,100.0,54.0,330.0,70.0629,-40.4508,58.7785,21.3,1,0.25,-19.07,467.59,-17.52,468.3
2026-08-08 15:21:04.825,100.0,54.0,330.0,70.0629,-40.4508,58.7785,21.3,2,0.5,-19.08,467.57,-17.53,468.28
2026-08-08 15:21:05.080,100.0,54.0,330.0,70.0629,-40.4508,58.7785,21.3,3,0.75,-19.08,467.57,-17.53,468.28
2026-08-08 15:21:05.320,100.0,54.0,330.0,70.0629,-40.4508,58.7785,21.3,4,1.0,-19.07,467.56,-17.55,468.27
2026-08-08 15:21:07.831,100.0,54.0,330.0,70.0629,-40.4508,58.7785,21.3,5,1.25,-19.06,467.58,-17.55,468.29
2026-08-08 15:21:11.445,100.0,54.0,336.0,73.9074,-32.9057,58.7785,20.2,1,0.25,-19.35,467.17,-17.35,467.89
2026-08-08 15:21:11.701,100.0,54.0,336.0,73.9074,-32.9057,58.7785,20.2,2,0.5,-19.35,467.17,-17.35,467.89
2026-08-08 15:21:11.957,100.0,54.0,336.0,73.9074,-32.9057,58.7785,20.2,3,0.75,-19.35,467.17,-17.34,467.89
2026-08-08 15:21:12.197,100.0,54.0,336.0,73.9074,-32.9057,58.7785,20.2,4,1.0,-19.35,467.17,-17.34,467.89
2026-08-08 15:21:12.453,100.0,54.0,336.0,73.9074,-32.9057,58.7785,20.2,5,1.25,-19.35,467.13,-17.35,467.85
2026-08-08 15:21:18.069,100.0,54.0,342.0,76.9421,-25.0,58.7785,21.7,1,1.5,-19.66,466.86,-17.38,467.59
2026-08-08 15:21:18.210,100.0,54.0,342.0,76.9421,-25.0,58.7785,21.7,2,1.75,-19.66,466.86,-17.37,467.59
2026-08-08 15:21:18.450,100.0,54.0,342.0,76.9421,-25.0,58.7785,21.7,3,2.0,-19.66,466.86,-17.37,467.59
2026-08-08 15:21:18.706,100.0,54.0,342.0,76.9421,-25.0,58.7785,21.7,4,2.25,-19.66,466.86,-17.37,467.59
2026-08-08 15:21:18.946,100.0,54.0,342.0,76.9421,-25.0,58.7785,21.7,5,2.5,-19.66,466.86,-17.37,467.59
2026-08-08 15:21:22.704,100.0,54.0,348.0,79.1338,-16.8204,58.7785,22.6,1,0.25,-19.92,466.57,-17.47,467.32
2026-08-08 15:21:22.960,100.0,54.0,348.0,79.1338,-16.8204,58.7785,22.6,2,0.5,-19.94,466.57,-17.47,467.32
2026-08-08 15:21:23.200,100.0,54.0,348.0,79.1338,-16.8204,58.7785,22.6,3,0.75,-19.94,466.57,-17.47,467.32
2026-08-08 15:21:23.456,100.0,54.0,348.0,79.1338,-16.8204,58.7785,22.6,4,1.0,-19.93,466.58,-17.47,467.33
2026-08-08 15:21:23.696,100.0,54.0,348.0,79.1338,-16.8204,58.7785,22.6,5,1.25,-19.93,466.58,-17.47,467.33
2026-08-08 15:21:27.454,100.0,54.0,354.0,80.4585,-8.4565,58.7785,20.0,1,0.25,-20.19,466.58,-17.37,467.33
2026-08-08 15:21:27.710,100.0,54.0,354.0,80.4585,-8.4565,58.7785,20.0,2,0.5,-20.2,466.56,-17.37,467.32
2026-08-08 15:21:27.950,100.0,54.0,354.0,80.4585,-8.4565,58.7785,20.0,3,0.75,-20.2,466.56,-17.37,467.32
2026-08-08 15:21:28.206,100.0,54.0,354.0,80.4585,-8.4565,58.7785,20.0,4,1.0,-20.21,466.57,-17.37,467.33
2026-08-08 15:21:28.446,100.0,54.0,354.0,80.4585,-8.4565,58.7785,20.0,5,1.25,-20.21,466.57,-17.37,467.33
2026-08-08 15:21:32.076,100.0,60.0,354.0,86.1281,-9.0524,50.0,20.9,1,0.25,-20.15,466.16,-17.36,466.91
2026-08-08 15:21:32.332,100.0,60.0,354.0,86.1281,-9.0524,50.0,20.9,2,0.5,-20.14,466.21,-17.36,466.96
2026-08-08 15:21:32.572,100.0,60.0,354.0,86.1281,-9.0524,50.0,20.9,3,0.75,-20.14,466.21,-17.36,466.96
2026-08-08 15:21:32.828,100.0,60.0,354.0,86.1281,-9.0524,50.0,20.9,4,1.0,-20.14,466.21,-17.37,466.96
2026-08-08 15:21:33.084,100.0,60.0,354.0,86.1281,-9.0524,50.0,20.9,5,1.25,-20.14,466.21,-17.37,466.96
2026-08-08 15:21:36.826,100.0,60.0,348.0,84.7101,-18.0057,50.0,20.9,1,0.25,-19.71,466.29,-17.43,467.03
2026-08-08 15:21:37.082,100.0,60.0,348.0,84.7101,-18.0057,50.0,20.9,2,0.5,-19.71,466.27,-17.44,467.01
2026-08-08 15:21:37.322,100.0,60.0,348.0,84.7101,-18.0057,50.0,20.9,3,0.75,-19.71,466.27,-17.44,467.01
2026-08-08 15:21:37.578,100.0,60.0,348.0,84.7101,-18.0057,50.0,20.9,4,1.0,-19.7,466.23,-17.42,466.97
2026-08-08 15:21:37.834,100.0,60.0,348.0,84.7101,-18.0057,50.0,20.9,5,1.25,-19.7,466.23,-17.42,466.97
2026-08-08 15:21:41.576,100.0,60.0,342.0,82.3639,-26.7617,50.0,21.3,1,0.25,-19.4,466.52,-17.38,467.24
2026-08-08 15:21:41.832,100.0,60.0,342.0,82.3639,-26.7617,50.0,21.3,2,0.5,-19.4,466.52,-17.38,467.24
2026-08-08 15:21:42.072,100.0,60.0,342.0,82.3639,-26.7617,50.0,21.3,3,0.75,-19.4,466.53,-17.38,467.25
2026-08-08 15:21:42.328,100.0,60.0,342.0,82.3639,-26.7617,50.0,21.3,4,1.0,-19.4,466.53,-17.38,467.25
2026-08-08 15:21:42.583,100.0,60.0,342.0,82.3639,-26.7617,50.0,21.3,5,1.25,-19.4,466.53,-17.38,467.25
2026-08-08 15:21:46.326,100.0,60.0,336.0,79.1154,-35.2244,50.0,22.6,1,0.25,-18.91,466.76,-17.4,467.46
2026-08-08 15:21:46.582,100.0,60.0,336.0,79.1154,-35.2244,50.0,22.6,2,0.5,-18.91,466.76,-17.4,467.46
2026-08-08 15:21:46.821,100.0,60.0,336.0,79.1154,-35.2244,50.0,22.6,3,0.75,-18.91,466.75,-17.41,467.45
2026-08-08 15:21:47.077,100.0,60.0,336.0,79.1154,-35.2244,50.0,22.6,4,1.0,-18.91,466.75,-17.41,467.45
2026-08-08 15:21:47.333,100.0,60.0,336.0,79.1154,-35.2244,50.0,22.6,5,1.25,-18.9,466.78,-17.41,467.48
2026-08-08 15:21:51.075,100.0,60.0,330.0,75.0,-43.3013,50.0,21.4,1,0.25,-18.61,467.08,-17.57,467.78
2026-08-08 15:21:51.331,100.0,60.0,330.0,75.0,-43.3013,50.0,21.4,2,0.5,-18.61,467.08,-17.57,467.78
2026-08-08 15:21:51.571,100.0,60.0,330.0,75.0,-43.3013,50.0,21.4,3,0.75,-18.62,467.16,-17.59,467.86
2026-08-08 15:21:51.827,100.0,60.0,330.0,75.0,-43.3013,50.0,21.4,4,1.0,-18.62,467.16,-17.59,467.86
2026-08-08 15:21:52.083,100.0,60.0,330.0,75.0,-43.3013,50.0,21.4,5,1.25,-18.61,467.14,-17.58,467.84
2026-08-08 15:21:55.697,100.0,60.0,324.0,70.0629,-50.9037,50.0,21.3,1,0.25,-18.44,467.62,-17.79,468.32
2026-08-08 15:21:55.953,100.0,60.0,324.0,70.0629,-50.9037,50.0,21.3,2,0.5,-18.44,467.62,-17.79,468.32
2026-08-08 15:21:56.209,100.0,60.0,324.0,70.0629,-50.9037,50.0,21.3,3,0.75,-18.42,467.6,-17.8,468.3
2026-08-08 15:21:56.449,100.0,60.0,324.0,70.0629,-50.9037,50.0,21.3,4,1.0,-18.42,467.6,-17.8,468.3
2026-08-08 15:21:56.705,100.0,60.0,324.0,70.0629,-50.9037,50.0,21.3,5,1.25,-18.44,467.6,-17.79,468.3
2026-08-08 15:22:00.335,100.0,60.0,318.0,64.3582,-57.9484,50.0,20.7,1,0.25,-18.56,467.9,-17.74,468.6
2026-08-08 15:22:00.575,100.0,60.0,318.0,64.3582,-57.9484,50.0,20.7,2,0.5,-18.56,467.9,-17.74,468.6
2026-08-08 15:22:00.831,100.0,60.0,318.0,64.3582,-57.9484,50.0,20.7,3,0.75,-18.58,467.96,-17.73,468.66
2026-08-08 15:22:01.071,100.0,60.0,318.0,64.3582,-57.9484,50.0,20.7,4,1.0,-18.59,467.94,-17.75,468.64
2026-08-08 15:22:03.582,100.0,60.0,318.0,64.3582,-57.9484,50.0,20.7,5,1.25,-18.57,467.93,-17.74,468.63
2026-08-08 15:22:07.084,100.0,60.0,312.0,57.9484,-64.3582,50.0,21.8,1,0.25,-18.61,468.36,-18.02,469.07
2026-08-08 15:22:07.324,100.0,60.0,312.0,57.9484,-64.3582,50.0,21.8,2,0.5,-18.61,468.36,-18.02,469.07
2026-08-08 15:22:07.580,100.0,60.0,312.0,57.9484,-64.3582,50.0,21.8,3,0.75,-18.6,468.32,-18.01,469.03
2026-08-08 15:22:07.820,100.0,60.0,312.0,57.9484,-64.3582,50.0,21.8,4,1.0,-18.61,468.35,-18.03,469.06
2026-08-08 15:22:10.331,100.0,60.0,312.0,57.9484,-64.3582,50.0,21.8,5,1.25,-18.61,468.32,-18.03,469.03
2026-08-08 15:22:13.945,100.0,60.0,306.0,50.9037,-70.0629,50.0,20.6,1,0.25,-18.68,468.75,-17.94,469.46
2026-08-08 15:22:14.201,100.0,60.0,306.0,50.9037,-70.0629,50.0,20.6,2,0.5,-18.68,468.75,-17.94,469.46
2026-08-08 15:22:14.457,100.0,60.0,306.0,50.9037,-70.0629,50.0,20.6,3,0.75,-18.7,468.73,-17.93,469.44
2026-08-08 15:22:14.697,100.0,60.0,306.0,50.9037,-70.0629,50.0,20.6,4,1.0,-18.7,468.73,-17.93,469.44
2026-08-08 15:22:14.953,100.0,60.0,306.0,50.9037,-70.0629,50.0,20.6,5,1.25,-18.71,468.73,-17.92,469.44
2026-08-08 15:22:18.583,100.0,60.0,300.0,43.3013,-75.0,50.0,20.3,1,0.25,-18.71,469.26,-17.94,469.97
2026-08-08 15:22:18.823,100.0,60.0,300.0,43.3013,-75.0,50.0,20.3,2,0.5,-18.71,469.26,-17.94,469.97
2026-08-08 15:22:19.079,100.0,60.0,300.0,43.3013,-75.0,50.0,20.3,3,0.75,-18.73,469.26,-17.95,469.97
2026-08-08 15:22:19.335,100.0,60.0,300.0,43.3013,-75.0,50.0,20.3,4,1.0,-18.73,469.26,-17.95,469.97
2026-08-08 15:22:19.575,100.0,60.0,300.0,43.3013,-75.0,50.0,20.3,5,1.25,-18.72,469.26,-17.94,469.97
2026-08-08 15:22:23.333,100.0,60.0,294.0,35.2244,-79.1154,50.0,21.3,1,0.25,-19.34,469.66,-17.94,470.4
2026-08-08 15:22:23.573,100.0,60.0,294.0,35.2244,-79.1154,50.0,21.3,2,0.5,-19.34,469.66,-17.94,470.4
2026-08-08 15:22:23.829,100.0,60.0,294.0,35.2244,-79.1154,50.0,21.3,3,0.75,-19.34,469.65,-17.93,470.38
2026-08-08 15:22:24.085,100.0,60.0,294.0,35.2244,-79.1154,50.0,21.3,4,1.0,-19.34,469.65,-17.93,470.38
2026-08-08 15:22:24.325,100.0,60.0,294.0,35.2244,-79.1154,50.0,21.3,5,1.25,-19.35,469.62,-17.93,470.36
2026-08-08 15:22:28.083,100.0,60.0,288.0,26.7617,-82.3639,50.0,20.9,1,0.25,-19.9,469.94,-17.76,470.69
2026-08-08 15:22:28.323,100.0,60.0,288.0,26.7617,-82.3639,50.0,20.9,2,0.5,-19.9,469.94,-17.76,470.69
2026-08-08 15:22:28.578,100.0,60.0,288.0,26.7617,-82.3639,50.0,20.9,3,0.75,-19.9,469.91,-17.75,470.66
2026-08-08 15:22:28.834,100.0,60.0,288.0,26.7617,-82.3639,50.0,20.9,4,1.0,-19.9,469.91,-17.75,470.66
2026-08-08 15:22:29.074,100.0,60.0,288.0,26.7617,-82.3639,50.0,20.9,5,1.25,-19.9,469.91,-17.76,470.66
2026-08-08 15:22:32.832,100.0,60.0,282.0,18.0057,-84.7101,50.0,22.1,1,0.25,-20.62,470.09,-17.85,470.88
2026-08-08 15:22:33.072,100.0,60.0,282.0,18.0057,-84.7101,50.0,22.1,2,0.5,-20.62,470.1,-17.85,470.89
2026-08-08 15:22:33.328,100.0,60.0,282.0,18.0057,-84.7101,50.0,22.1,3,0.75,-20.62,470.1,-17.85,470.89
2026-08-08 15:22:33.584,100.0,60.0,282.0,18.0057,-84.7101,50.0,22.1,4,1.0,-20.62,470.1,-17.85,470.89
2026-08-08 15:22:33.824,100.0,60.0,282.0,18.0057,-84.7101,50.0,22.1,5,1.25,-20.62,470.1,-17.85,470.89
2026-08-08 15:22:37.582,100.0,60.0,276.0,9.0524,-86.1281,50.0,21.2,1,0.25,-21.22,470.2,-17.55,471.0
2026-08-08 15:22:37.822,100.0,60.0,276.0,9.0524,-86.1281,50.0,21.2,2,0.5,-21.22,470.24,-17.54,471.04
2026-08-08 15:22:38.078,100.0,60.0,276.0,9.0524,-86.1281,50.0,21.2,3,0.75,-21.22,470.24,-17.54,471.04
2026-08-08 15:22:38.334,100.0,60.0,276.0,9.0524,-86.1281,50.0,21.2,4,1.0,-21.22,470.22,-17.55,471.02
2026-08-08 15:22:38.574,100.0,60.0,276.0,9.0524,-86.1281,50.0,21.2,5,1.25,-21.22,470.22,-17.55,471.02
2026-08-08 15:22:42.332,100.0,60.0,270.0,-0.0,-86.6025,50.0,21.3,1,0.25,-21.98,470.2,-17.49,471.03
2026-08-08 15:22:42.572,100.0,60.0,270.0,-0.0,-86.6025,50.0,21.3,2,0.5,-21.99,470.19,-17.49,471.02
2026-08-08 15:22:42.828,100.0,60.0,270.0,-0.0,-86.6025,50.0,21.3,3,0.75,-21.99,470.19,-17.49,471.02
2026-08-08 15:22:43.084,100.0,60.0,270.0,-0.0,-86.6025,50.0,21.3,4,1.0,-21.98,470.16,-17.48,470.99
2026-08-08 15:22:43.324,100.0,60.0,270.0,-0.0,-86.6025,50.0,21.3,5,1.25,-21.98,470.16,-17.48,470.99
2026-08-08 15:22:47.082,100.0,60.0,264.0,-9.0524,-86.1281,50.0,21.1,1,0.25,-22.57,469.94,-17.29,470.79
2026-08-08 15:22:47.322,100.0,60.0,264.0,-9.0524,-86.1281,50.0,21.1,2,0.5,-22.57,469.98,-17.28,470.83
2026-08-08 15:22:47.578,100.0,60.0,264.0,-9.0524,-86.1281,50.0,21.1,3,0.75,-22.57,469.98,-17.28,470.83
2026-08-08 15:22:47.834,100.0,60.0,264.0,-9.0524,-86.1281,50.0,21.1,4,1.0,-22.57,470.0,-17.29,470.85
2026-08-08 15:22:48.074,100.0,60.0,264.0,-9.0524,-86.1281,50.0,21.1,5,1.25,-22.57,470.0,-17.29,470.85
2026-08-08 15:22:51.832,100.0,60.0,258.0,-18.0057,-84.7101,50.0,22.4,1,0.25,-23.26,469.7,-17.28,470.59
2026-08-08 15:22:52.072,100.0,60.0,258.0,-18.0057,-84.7101,50.0,22.4,2,0.5,-23.26,469.7,-17.28,470.59
2026-08-08 15:22:52.328,100.0,60.0,258.0,-18.0057,-84.7101,50.0,22.4,3,0.75,-23.23,469.68,-17.27,470.57
2026-08-08 15:22:52.583,100.0,60.0,258.0,-18.0057,-84.7101,50.0,22.4,4,1.0,-23.23,469.68,-17.27,470.57
2026-08-08 15:22:52.823,100.0,60.0,258.0,-18.0057,-84.7101,50.0,22.4,5,1.25,-23.23,469.68,-17.27,470.57
2026-08-08 15:22:56.582,100.0,60.0,252.0,-26.7617,-82.3639,50.0,22.2,1,0.25,-23.37,469.37,-16.95,470.25
2026-08-08 15:22:56.822,100.0,60.0,252.0,-26.7617,-82.3639,50.0,22.2,2,0.5,-23.37,469.37,-16.95,470.25
2026-08-08 15:22:57.078,100.0,60.0,252.0,-26.7617,-82.3639,50.0,22.2,3,0.75,-23.37,469.38,-16.95,470.26
2026-08-08 15:22:57.333,100.0,60.0,252.0,-26.7617,-82.3639,50.0,22.2,4,1.0,-23.37,469.38,-16.95,470.26
2026-08-08 15:22:57.573,100.0,60.0,252.0,-26.7617,-82.3639,50.0,22.2,5,1.25,-23.38,469.34,-16.95,470.22
2026-08-08 15:23:01.332,100.0,60.0,246.0,-35.2244,-79.1154,50.0,22.3,1,0.25,-23.69,469.03,-16.89,469.93
2026-08-08 15:23:01.572,100.0,60.0,246.0,-35.2244,-79.1154,50.0,22.3,2,0.5,-23.69,469.03,-16.89,469.93
2026-08-08 15:23:01.827,100.0,60.0,246.0,-35.2244,-79.1154,50.0,22.3,3,0.75,-23.69,469.03,-16.88,469.93
2026-08-08 15:23:02.083,100.0,60.0,246.0,-35.2244,-79.1154,50.0,22.3,4,1.0,-23.69,469.03,-16.88,469.93
2026-08-08 15:23:02.323,100.0,60.0,246.0,-35.2244,-79.1154,50.0,22.3,5,1.25,-23.69,469.01,-16.89,469.91
2026-08-08 15:23:06.081,100.0,60.0,240.0,-43.3013,-75.0,50.0,21.2,1,0.25,-23.97,468.69,-16.71,469.59
2026-08-08 15:23:06.321,100.0,60.0,240.0,-43.3013,-75.0,50.0,21.2,2,0.5,-23.97,468.69,-16.71,469.59
2026-08-08 15:23:06.577,100.0,60.0,240.0,-43.3013,-75.0,50.0,21.2,3,0.75,-23.97,468.74,-16.71,469.64
2026-08-08 15:23:06.833,100.0,60.0,240.0,-43.3013,-75.0,50.0,21.2,4,1.0,-23.97,468.74,-16.71,469.64
2026-08-08 15:23:07.073,100.0,60.0,240.0,-43.3013,-75.0,50.0,21.2,5,1.25,-23.97,468.75,-16.71,469.65
2026-08-08 15:23:10.703,100.0,60.0,234.0,-50.9037,-70.0629,50.0,,1,0.25,-24.12,468.43,-16.36,469.33
2026-08-08 15:23:10.959,100.0,60.0,234.0,-50.9037,-70.0629,50.0,,2,0.5,-24.12,468.43,-16.36,469.33
2026-08-08 15:23:11.199,100.0,60.0,234.0,-50.9037,-70.0629,50.0,,3,0.75,-24.13,468.42,-16.37,469.32
2026-08-08 15:23:11.455,100.0,60.0,234.0,-50.9037,-70.0629,50.0,,4,1.0,-24.13,468.42,-16.37,469.32
2026-08-08 15:23:11.695,100.0,60.0,234.0,-50.9037,-70.0629,50.0,,5,1.25,-24.13,468.33,-16.36,469.23
2026-08-08 15:23:15.325,100.0,60.0,228.0,-57.9484,-64.3582,50.0,21.4,1,0.25,-24.01,468.1,-16.37,469.0
2026-08-08 15:23:15.581,100.0,60.0,228.0,-57.9484,-64.3582,50.0,21.4,2,0.5,-24.01,468.1,-16.37,469.0
2026-08-08 15:23:15.821,100.0,60.0,228.0,-57.9484,-64.3582,50.0,21.4,3,0.75,-24.01,468.1,-16.38,469.0
2026-08-08 15:23:16.077,100.0,60.0,228.0,-57.9484,-64.3582,50.0,21.4,4,1.0,-24.01,468.1,-16.38,469.0
2026-08-08 15:23:16.333,100.0,60.0,228.0,-57.9484,-64.3582,50.0,21.4,5,1.25,-24.03,468.09,-16.38,468.99
2026-08-08 15:23:19.819,100.0,60.0,222.0,-64.3582,-57.9484,50.0,21.7,1,0.25,-24.02,467.94,-16.09,468.83
2026-08-08 15:23:22.330,100.0,60.0,222.0,-64.3582,-57.9484,50.0,21.7,2,0.5,-24.02,467.94,-16.09,468.83
2026-08-08 15:23:22.570,100.0,60.0,222.0,-64.3582,-57.9484,50.0,21.7,3,0.75,-24.03,467.92,-16.09,468.81
2026-08-08 15:23:25.081,100.0,60.0,222.0,-64.3582,-57.9484,50.0,21.7,4,1.0,-24.0,467.94,-16.1,468.83
2026-08-08 15:23:25.321,100.0,60.0,222.0,-64.3582,-57.9484,50.0,21.7,5,1.25,-24.0,467.94,-16.1,468.83
2026-08-08 15:23:28.951,100.0,60.0,216.0,-70.0629,-50.9037,50.0,21.7,1,0.25,-23.72,467.74,-15.95,468.61
2026-08-08 15:23:29.207,100.0,60.0,216.0,-70.0629,-50.9037,50.0,21.7,2,0.5,-23.72,467.74,-15.95,468.61
2026-08-08 15:23:29.447,100.0,60.0,216.0,-70.0629,-50.9037,50.0,21.7,3,0.75,-23.73,467.72,-15.94,468.59
2026-08-08 15:23:29.703,100.0,60.0,216.0,-70.0629,-50.9037,50.0,21.7,4,1.0,-23.73,467.72,-15.94,468.59
2026-08-08 15:23:29.959,100.0,60.0,216.0,-70.0629,-50.9037,50.0,21.7,5,1.25,-23.74,467.78,-15.94,468.65
2026-08-08 15:23:33.573,100.0,60.0,210.0,-75.0,-43.3013,50.0,21.8,1,0.25,-23.66,467.47,-15.75,468.33
2026-08-08 15:23:33.829,100.0,60.0,210.0,-75.0,-43.3013,50.0,21.8,2,0.5,-23.66,467.47,-15.75,468.33
2026-08-08 15:23:34.085,100.0,60.0,210.0,-75.0,-43.3013,50.0,21.8,3,0.75,-23.66,467.45,-15.76,468.31
2026-08-08 15:23:34.325,100.0,60.0,210.0,-75.0,-43.3013,50.0,21.8,4,1.0,-23.66,467.45,-15.76,468.31
2026-08-08 15:23:34.581,100.0,60.0,210.0,-75.0,-43.3013,50.0,21.8,5,1.25,-23.65,467.47,-15.76,468.33
2026-08-08 15:23:38.323,100.0,60.0,204.0,-79.1154,-35.2244,50.0,22.2,1,0.25,-23.57,467.2,-15.51,468.05
2026-08-08 15:23:38.579,100.0,60.0,204.0,-79.1154,-35.2244,50.0,22.2,2,0.5,-23.57,467.2,-15.51,468.05
2026-08-08 15:23:38.835,100.0,60.0,204.0,-79.1154,-35.2244,50.0,22.2,3,0.75,-23.56,467.23,-15.5,468.08
2026-08-08 15:23:39.075,100.0,60.0,204.0,-79.1154,-35.2244,50.0,22.2,4,1.0,-23.56,467.23,-15.5,468.08
2026-08-08 15:23:39.331,100.0,60.0,204.0,-79.1154,-35.2244,50.0,22.2,5,1.25,-23.56,467.17,-15.5,468.02
2026-08-08 15:23:43.073,100.0,60.0,198.0,-82.3639,-26.7617,50.0,21.3,1,0.25,-23.32,466.97,-15.37,467.8
2026-08-08 15:23:43.329,100.0,60.0,198.0,-82.3639,-26.7617,50.0,21.3,2,0.5,-23.33,466.99,-15.4,467.82
2026-08-08 15:23:43.585,100.0,60.0,198.0,-82.3639,-26.7617,50.0,21.3,3,0.75,-23.33,466.99,-15.4,467.82
2026-08-08 15:23:43.824,100.0,60.0,198.0,-82.3639,-26.7617,50.0,21.3,4,1.0,-23.34,466.99,-15.41,467.82
2026-08-08 15:23:44.080,100.0,60.0,198.0,-82.3639,-26.7617,50.0,21.3,5,1.25,-23.34,466.99,-15.41,467.82
2026-08-08 15:23:47.823,100.0,60.0,192.0,-84.7101,-18.0057,50.0,19.7,1,0.25,-23.01,466.85,-15.26,467.66
2026-08-08 15:23:48.079,100.0,60.0,192.0,-84.7101,-18.0057,50.0,19.7,2,0.5,-23.02,466.85,-15.26,467.66
2026-08-08 15:23:48.334,100.0,60.0,192.0,-84.7101,-18.0057,50.0,19.7,3,0.75,-23.02,466.85,-15.26,467.66
2026-08-08 15:23:48.574,100.0,60.0,192.0,-84.7101,-18.0057,50.0,19.7,4,1.0,-23.02,466.83,-15.26,467.64
2026-08-08 15:23:48.830,100.0,60.0,192.0,-84.7101,-18.0057,50.0,19.7,5,1.25,-23.02,466.83,-15.26,467.64
2026-08-08 15:23:52.573,100.0,60.0,186.0,-86.1281,-9.0524,50.0,21.5,1,0.25,-22.58,466.75,-15.06,467.53
2026-08-08 15:23:52.828,100.0,60.0,186.0,-86.1281,-9.0524,50.0,21.5,2,0.5,-22.57,466.68,-15.06,467.46
2026-08-08 15:23:53.084,100.0,60.0,186.0,-86.1281,-9.0524,50.0,21.5,3,0.75,-22.57,466.68,-15.06,467.46
2026-08-08 15:23:53.324,100.0,60.0,186.0,-86.1281,-9.0524,50.0,21.5,4,1.0,-22.57,466.68,-15.06,467.46
2026-08-08 15:23:53.580,100.0,60.0,186.0,-86.1281,-9.0524,50.0,21.5,5,1.25,-22.57,466.68,-15.06,467.46
2026-08-08 15:23:57.322,100.0,60.0,180.0,-86.6025,0.0,50.0,21.6,1,0.25,-22.05,466.69,-14.79,467.44
2026-08-08 15:23:57.578,100.0,60.0,180.0,-86.6025,0.0,50.0,21.6,2,0.5,-22.05,466.69,-14.79,467.44
2026-08-08 15:23:57.834,100.0,60.0,180.0,-86.6025,0.0,50.0,21.6,3,0.75,-22.05,466.69,-14.79,467.44
2026-08-08 15:23:58.074,100.0,60.0,180.0,-86.6025,0.0,50.0,21.6,4,1.0,-22.04,466.73,-14.8,467.48
2026-08-08 15:23:58.330,100.0,60.0,180.0,-86.6025,0.0,50.0,21.6,5,1.25,-22.04,466.73,-14.8,467.48
2026-08-08 15:24:02.072,100.0,60.0,174.0,-86.1281,9.0524,50.0,22.3,1,0.25,-21.61,466.76,-14.8,467.49
2026-08-08 15:24:02.328,100.0,60.0,174.0,-86.1281,9.0524,50.0,22.3,2,0.5,-21.61,466.76,-14.8,467.49
2026-08-08 15:24:02.584,100.0,60.0,174.0,-86.1281,9.0524,50.0,22.3,3,0.75,-21.61,466.73,-14.81,467.46
2026-08-08 15:24:02.824,100.0,60.0,174.0,-86.1281,9.0524,50.0,22.3,4,1.0,-21.61,466.73,-14.81,467.46
2026-08-08 15:24:03.080,100.0,60.0,174.0,-86.1281,9.0524,50.0,22.3,5,1.25,-21.62,466.77,-14.79,467.5
2026-08-08 15:24:06.822,100.0,60.0,168.0,-84.7101,18.0057,50.0,22.0,1,0.25,-20.99,466.92,-14.68,467.62
2026-08-08 15:24:07.078,100.0,60.0,168.0,-84.7101,18.0057,50.0,22.0,2,0.5,-20.99,466.92,-14.68,467.62
2026-08-08 15:24:07.334,100.0,60.0,168.0,-84.7101,18.0057,50.0,22.0,3,0.75,-21.0,466.89,-14.69,467.59
2026-08-08 15:24:07.574,100.0,60.0,168.0,-84.7101,18.0057,50.0,22.0,4,1.0,-21.0,466.89,-14.69,467.59
2026-08-08 15:24:07.830,100.0,60.0,168.0,-84.7101,18.0057,50.0,22.0,5,1.25,-21.0,466.9,-14.69,467.6
2026-08-08 15:24:11.572,100.0,60.0,162.0,-82.3639,26.7617,50.0,21.5,1,0.25,-20.61,467.18,-14.56,467.86
2026-08-08 15:24:11.828,100.0,60.0,162.0,-82.3639,26.7617,50.0,21.5,2,0.5,-20.61,467.18,-14.56,467.86
2026-08-08 15:24:12.084,100.0,60.0,162.0,-82.3639,26.7617,50.0,21.5,3,0.75,-20.6,467.2,-14.57,467.88
2026-08-08 15:24:12.324,100.0,60.0,162.0,-82.3639,26.7617,50.0,21.5,4,1.0,-20.6,467.2,-14.57,467.88
2026-08-08 15:24:12.580,100.0,60.0,162.0,-82.3639,26.7617,50.0,21.5,5,1.25,-20.61,467.2,-14.55,467.88
2026-08-08 15:24:16.322,100.0,60.0,156.0,-79.1154,35.2244,50.0,21.7,1,0.25,-20.49,467.6,-14.54,468.27
2026-08-08 15:24:16.578,100.0,60.0,156.0,-79.1154,35.2244,50.0,21.7,2,0.5,-20.49,467.6,-14.54,468.27
2026-08-08 15:24:16.834,100.0,60.0,156.0,-79.1154,35.2244,50.0,21.7,3,0.75,-20.49,467.6,-14.54,468.27
2026-08-08 15:24:17.073,100.0,60.0,156.0,-79.1154,35.2244,50.0,21.7,4,1.0,-20.49,467.6,-14.54,468.27
2026-08-08 15:24:17.329,100.0,60.0,156.0,-79.1154,35.2244,50.0,21.7,5,1.25,-20.5,467.62,-14.55,468.29
2026-08-08 15:24:21.072,100.0,60.0,150.0,-75.0,43.3013,50.0,20.5,1,0.25,-20.2,468.12,-14.56,468.78
2026-08-08 15:24:21.328,100.0,60.0,150.0,-75.0,43.3013,50.0,20.5,2,0.5,-20.18,468.09,-14.55,468.75
2026-08-08 15:24:21.583,100.0,60.0,150.0,-75.0,43.3013,50.0,20.5,3,0.75,-20.18,468.09,-14.55,468.75
2026-08-08 15:24:21.823,100.0,60.0,150.0,-75.0,43.3013,50.0,20.5,4,1.0,-20.18,468.13,-14.56,468.79
2026-08-08 15:24:22.079,100.0,60.0,150.0,-75.0,43.3013,50.0,20.5,5,1.25,-20.18,468.13,-14.56,468.79
2026-08-08 15:24:25.710,100.0,60.0,144.0,-70.0629,50.9037,50.0,20.5,1,0.25,-19.96,468.58,-14.7,469.23
2026-08-08 15:24:25.950,100.0,60.0,144.0,-70.0629,50.9037,50.0,20.5,2,0.5,-19.96,468.58,-14.72,469.23
2026-08-08 15:24:26.205,100.0,60.0,144.0,-70.0629,50.9037,50.0,20.5,3,0.75,-19.96,468.58,-14.72,469.23
2026-08-08 15:24:26.445,100.0,60.0,144.0,-70.0629,50.9037,50.0,20.5,4,1.0,-19.96,468.58,-14.72,469.23
2026-08-08 15:24:26.701,100.0,60.0,144.0,-70.0629,50.9037,50.0,20.5,5,1.25,-19.95,468.61,-14.72,469.26
2026-08-08 15:24:30.332,100.0,60.0,138.0,-64.3582,57.9484,50.0,21.7,1,0.25,-19.94,469.15,-14.81,469.8
2026-08-08 15:24:30.571,100.0,60.0,138.0,-64.3582,57.9484,50.0,21.7,2,0.5,-19.94,469.15,-14.81,469.8
2026-08-08 15:24:30.827,100.0,60.0,138.0,-64.3582,57.9484,50.0,21.7,3,0.75,-19.96,469.18,-14.84,469.83
2026-08-08 15:24:31.083,100.0,60.0,138.0,-64.3582,57.9484,50.0,21.7,4,1.0,-19.96,469.18,-14.84,469.83
2026-08-08 15:24:31.323,100.0,60.0,138.0,-64.3582,57.9484,50.0,21.7,5,1.25,-19.94,469.15,-14.81,469.8
2026-08-08 15:24:34.825,100.0,60.0,132.0,-57.9484,64.3582,50.0,21.1,1,0.25,-20.07,469.72,-14.99,470.38
2026-08-08 15:24:35.081,100.0,60.0,132.0,-57.9484,64.3582,50.0,21.1,2,0.5,-20.07,469.72,-14.99,470.38
2026-08-08 15:24:35.321,100.0,60.0,132.0,-57.9484,64.3582,50.0,21.1,3,0.75,-20.07,469.69,-14.98,470.35
2026-08-08 15:24:35.577,100.0,60.0,132.0,-57.9484,64.3582,50.0,21.1,4,1.0,-20.07,469.69,-14.98,470.35
2026-08-08 15:24:35.833,100.0,60.0,132.0,-57.9484,64.3582,50.0,21.1,5,1.25,-20.07,469.69,-14.98,470.35
2026-08-08 15:24:39.447,100.0,60.0,126.0,-50.9037,70.0629,50.0,22.3,1,0.25,-20.15,470.24,-15.31,470.92
2026-08-08 15:24:39.703,100.0,60.0,126.0,-50.9037,70.0629,50.0,22.3,2,0.5,-20.16,470.24,-15.32,470.92
2026-08-08 15:24:39.959,100.0,60.0,126.0,-50.9037,70.0629,50.0,22.3,3,0.75,-20.16,470.24,-15.32,470.92
2026-08-08 15:24:40.199,100.0,60.0,126.0,-50.9037,70.0629,50.0,22.3,4,1.0,-20.15,470.22,-15.3,470.9
2026-08-08 15:24:40.455,100.0,60.0,126.0,-50.9037,70.0629,50.0,22.3,5,1.25,-20.15,470.22,-15.3,470.9
2026-08-08 15:24:44.069,100.0,60.0,120.0,-43.3013,75.0,50.0,20.9,1,0.25,-20.11,470.74,-15.54,471.42
2026-08-08 15:24:46.580,100.0,60.0,120.0,-43.3013,75.0,50.0,20.9,2,0.5,-20.11,470.74,-15.54,471.42
2026-08-08 15:24:46.820,100.0,60.0,120.0,-43.3013,75.0,50.0,20.9,3,0.75,-20.1,470.74,-15.55,471.42
2026-08-08 15:24:49.331,100.0,60.0,120.0,-43.3013,75.0,50.0,20.9,4,1.0,-20.1,470.74,-15.55,471.42
2026-08-08 15:24:49.571,100.0,60.0,120.0,-43.3013,75.0,50.0,20.9,5,1.25,-20.12,470.74,-15.53,471.42
2026-08-08 15:24:53.329,100.0,60.0,114.0,-35.2244,79.1154,50.0,,1,0.25,-20.52,471.17,-15.99,471.88
2026-08-08 15:24:53.569,100.0,60.0,114.0,-35.2244,79.1154,50.0,,2,0.5,-20.53,471.21,-15.98,471.92
2026-08-08 15:24:56.080,100.0,60.0,114.0,-35.2244,79.1154,50.0,,3,0.75,-20.53,471.21,-15.98,471.92
2026-08-08 15:24:56.320,100.0,60.0,114.0,-35.2244,79.1154,50.0,,4,1.0,-20.54,471.15,-15.99,471.86
2026-08-08 15:24:58.831,100.0,60.0,114.0,-35.2244,79.1154,50.0,,5,1.25,-20.55,471.15,-16.0,471.86
2026-08-08 15:25:02.573,100.0,60.0,108.0,-26.7617,82.3639,50.0,21.4,1,0.25,-20.99,471.57,-16.35,472.31
2026-08-08 15:25:02.829,100.0,60.0,108.0,-26.7617,82.3639,50.0,21.4,2,0.5,-20.99,471.57,-16.35,472.31
2026-08-08 15:25:03.069,100.0,60.0,108.0,-26.7617,82.3639,50.0,21.4,3,0.75,-20.98,471.61,-16.37,472.36
2026-08-08 15:25:05.580,100.0,60.0,108.0,-26.7617,82.3639,50.0,21.4,4,1.0,-20.98,471.63,-16.37,472.38
2026-08-08 15:25:05.819,100.0,60.0,108.0,-26.7617,82.3639,50.0,21.4,5,1.25,-20.99,471.63,-16.38,472.38
2026-08-08 15:25:11.833,100.0,60.0,102.0,-18.0057,84.7101,50.0,22.3,1,0.25,-21.48,471.89,-16.88,472.68
2026-08-08 15:25:12.073,100.0,60.0,102.0,-18.0057,84.7101,50.0,22.3,2,0.5,-21.48,471.89,-16.88,472.68
2026-08-08 15:25:12.329,100.0,60.0,102.0,-18.0057,84.7101,50.0,22.3,3,0.75,-21.47,471.91,-16.88,472.69
2026-08-08 15:25:12.568,100.0,60.0,102.0,-18.0057,84.7101,50.0,22.3,4,1.0,-21.47,471.9,-16.88,472.68
2026-08-08 15:25:15.079,100.0,60.0,102.0,-18.0057,84.7101,50.0,22.3,5,1.25,-21.47,471.91,-16.88,472.69
2026-08-08 15:25:18.822,100.0,60.0,96.0,-9.0524,86.1281,50.0,22.5,1,0.25,-22.0,472.13,-17.24,472.95
2026-08-08 15:25:19.078,100.0,60.0,96.0,-9.0524,86.1281,50.0,22.5,2,0.5,-21.99,472.1,-17.23,472.92
2026-08-08 15:25:19.333,100.0,60.0,96.0,-9.0524,86.1281,50.0,22.5,3,0.75,-21.99,472.1,-17.23,472.92
2026-08-08 15:25:19.573,100.0,60.0,96.0,-9.0524,86.1281,50.0,22.5,4,1.0,-21.98,472.11,-17.23,472.93
2026-08-08 15:25:19.829,100.0,60.0,96.0,-9.0524,86.1281,50.0,22.5,5,1.25,-21.98,472.11,-17.23,472.93
2026-08-08 15:25:23.571,100.0,60.0,90.0,0.0,86.6025,50.0,21.5,1,0.25,-22.51,472.22,-17.45,473.07
2026-08-08 15:25:23.827,100.0,60.0,90.0,0.0,86.6025,50.0,21.5,2,0.5,-22.52,472.22,-17.45,473.07
2026-08-08 15:25:24.083,100.0,60.0,90.0,0.0,86.6025,50.0,21.5,3,0.75,-22.52,472.22,-17.45,473.07
2026-08-08 15:25:24.323,100.0,60.0,90.0,0.0,86.6025,50.0,21.5,4,1.0,-22.51,472.19,-17.46,473.04
2026-08-08 15:25:24.579,100.0,60.0,90.0,0.0,86.6025,50.0,21.5,5,1.25,-22.51,472.19,-17.46,473.04
2026-08-08 15:25:28.321,100.0,60.0,84.0,9.0524,86.1281,50.0,21.8,1,0.25,-23.01,471.93,-17.86,472.82
2026-08-08 15:25:28.577,100.0,60.0,84.0,9.0524,86.1281,50.0,21.8,2,0.5,-23.02,471.95,-17.85,472.84
2026-08-08 15:25:28.833,100.0,60.0,84.0,9.0524,86.1281,50.0,21.8,3,0.75,-23.02,471.95,-17.85,472.84
2026-08-08 15:25:29.073,100.0,60.0,84.0,9.0524,86.1281,50.0,21.8,4,1.0,-23.04,472.0,-17.86,472.89
2026-08-08 15:25:29.329,100.0,60.0,84.0,9.0524,86.1281,50.0,21.8,5,1.25,-23.04,472.0,-17.86,472.89
2026-08-08 15:25:33.071,100.0,60.0,78.0,18.0057,84.7101,50.0,21.4,1,0.25,-23.3,471.6,-18.07,472.52
2026-08-08 15:25:33.327,100.0,60.0,78.0,18.0057,84.7101,50.0,21.4,2,0.5,-23.3,471.6,-18.07,472.52
2026-08-08 15:25:33.583,100.0,60.0,78.0,18.0057,84.7101,50.0,21.4,3,0.75,-23.3,471.6,-18.07,472.52
2026-08-08 15:25:33.823,100.0,60.0,78.0,18.0057,84.7101,50.0,21.4,4,1.0,-23.28,471.66,-18.07,472.57
2026-08-08 15:25:34.079,100.0,60.0,78.0,18.0057,84.7101,50.0,21.4,5,1.25,-23.28,471.66,-18.07,472.57
2026-08-08 15:25:37.821,100.0,60.0,72.0,26.7617,82.3639,50.0,21.3,1,0.25,-23.76,471.08,-18.15,472.02
2026-08-08 15:25:38.077,100.0,60.0,72.0,26.7617,82.3639,50.0,21.3,2,0.5,-23.76,471.08,-18.15,472.02
2026-08-08 15:25:38.333,100.0,60.0,72.0,26.7617,82.3639,50.0,21.3,3,0.75,-23.76,471.12,-18.17,472.06
2026-08-08 15:25:38.573,100.0,60.0,72.0,26.7617,82.3639,50.0,21.3,4,1.0,-23.76,471.12,-18.17,472.06
2026-08-08 15:25:38.829,100.0,60.0,72.0,26.7617,82.3639,50.0,21.3,5,1.25,-23.76,471.14,-18.17,472.08
2026-08-08 15:25:42.571,100.0,60.0,66.0,35.2244,79.1154,50.0,20.6,1,0.25,-23.99,470.5,-18.35,471.46
2026-08-08 15:25:42.827,100.0,60.0,66.0,35.2244,79.1154,50.0,20.6,2,0.5,-23.99,470.5,-18.35,471.46
2026-08-08 15:25:43.083,100.0,60.0,66.0,35.2244,79.1154,50.0,20.6,3,0.75,-24.0,470.55,-18.36,471.51
2026-08-08 15:25:43.323,100.0,60.0,66.0,35.2244,79.1154,50.0,20.6,4,1.0,-24.0,470.55,-18.36,471.51
2026-08-08 15:25:43.578,100.0,60.0,66.0,35.2244,79.1154,50.0,20.6,5,1.25,-23.99,470.53,-18.34,471.49
2026-08-08 15:25:47.321,100.0,60.0,60.0,43.3013,75.0,50.0,21.6,1,0.25,-24.18,469.89,-18.31,470.86
2026-08-08 15:25:47.577,100.0,60.0,60.0,43.3013,75.0,50.0,21.6,2,0.5,-24.18,469.89,-18.31,470.86
2026-08-08 15:25:47.832,100.0,60.0,60.0,43.3013,75.0,50.0,21.6,3,0.75,-24.17,469.85,-18.31,470.82
2026-08-08 15:25:48.072,100.0,60.0,60.0,43.3013,75.0,50.0,21.6,4,1.0,-24.17,469.85,-18.31,470.82
2026-08-08 15:25:48.328,100.0,60.0,60.0,43.3013,75.0,50.0,21.6,5,1.25,-24.18,469.88,-18.31,470.85
2026-08-08 15:25:51.959,100.0,60.0,54.0,50.9037,70.0629,50.0,22.2,1,0.25,-23.91,469.34,-18.34,470.3
2026-08-08 15:25:52.199,100.0,60.0,54.0,50.9037,70.0629,50.0,22.2,2,0.5,-23.91,469.34,-18.34,470.3
2026-08-08 15:25:52.454,100.0,60.0,54.0,50.9037,70.0629,50.0,22.2,3,0.75,-23.92,469.35,-18.34,470.31
2026-08-08 15:25:52.694,100.0,60.0,54.0,50.9037,70.0629,50.0,22.2,4,1.0,-23.92,469.35,-18.34,470.31
2026-08-08 15:25:52.950,100.0,60.0,54.0,50.9037,70.0629,50.0,22.2,5,1.25,-23.93,469.37,-18.34,470.33
2026-08-08 15:25:56.581,100.0,60.0,48.0,57.9484,64.3582,50.0,21.2,1,0.25,-24.01,468.75,-18.29,469.72
2026-08-08 15:25:56.820,100.0,60.0,48.0,57.9484,64.3582,50.0,21.2,2,0.5,-24.01,468.75,-18.29,469.72
2026-08-08 15:25:57.076,100.0,60.0,48.0,57.9484,64.3582,50.0,21.2,3,0.75,-24.02,468.77,-18.29,469.74
2026-08-08 15:25:57.332,100.0,60.0,48.0,57.9484,64.3582,50.0,21.2,4,1.0,-24.02,468.77,-18.29,469.74
2026-08-08 15:25:57.572,100.0,60.0,48.0,57.9484,64.3582,50.0,21.2,5,1.25,-23.99,468.79,-18.29,469.75
2026-08-08 15:26:01.074,100.0,60.0,42.0,64.3582,57.9484,50.0,21.8,1,0.25,-23.62,468.16,-18.21,469.1
2026-08-08 15:26:01.330,100.0,60.0,42.0,64.3582,57.9484,50.0,21.8,2,0.5,-23.62,468.25,-18.22,469.19
2026-08-08 15:26:01.570,100.0,60.0,42.0,64.3582,57.9484,50.0,21.8,3,0.75,-23.62,468.25,-18.22,469.19
2026-08-08 15:26:01.826,100.0,60.0,42.0,64.3582,57.9484,50.0,21.8,4,1.0,-23.63,468.23,-18.21,469.17
2026-08-08 15:26:02.082,100.0,60.0,42.0,64.3582,57.9484,50.0,21.8,5,1.25,-23.63,468.23,-18.21,469.17
2026-08-08 15:26:05.696,100.0,60.0,36.0,70.0629,50.9037,50.0,20.8,1,0.25,-23.59,467.63,-18.15,468.57
2026-08-08 15:26:05.952,100.0,60.0,36.0,70.0629,50.9037,50.0,20.8,2,0.5,-23.57,467.63,-18.15,468.57
2026-08-08 15:26:06.208,100.0,60.0,36.0,70.0629,50.9037,50.0,20.8,3,0.75,-23.57,467.63,-18.15,468.57
2026-08-08 15:26:06.448,100.0,60.0,36.0,70.0629,50.9037,50.0,20.8,4,1.0,-23.57,467.63,-18.14,468.57
2026-08-08 15:26:06.704,100.0,60.0,36.0,70.0629,50.9037,50.0,20.8,5,1.25,-23.57,467.63,-18.14,468.57
2026-08-08 15:26:10.318,100.0,60.0,30.0,75.0,43.3013,50.0,21.2,1,0.25,-23.14,467.15,-17.95,468.06
2026-08-08 15:26:12.829,100.0,60.0,30.0,75.0,43.3013,50.0,21.2,2,0.5,-23.15,467.18,-17.96,468.09
2026-08-08 15:26:13.069,100.0,60.0,30.0,75.0,43.3013,50.0,21.2,3,0.75,-23.15,467.17,-17.97,468.08
2026-08-08 15:26:15.580,100.0,60.0,30.0,75.0,43.3013,50.0,21.2,4,1.0,-23.15,467.17,-17.97,468.08
2026-08-08 15:26:15.820,100.0,60.0,30.0,75.0,43.3013,50.0,21.2,5,1.25,-23.17,467.16,-17.97,468.07
2026-08-08 15:26:19.578,100.0,60.0,24.0,79.1154,35.2244,50.0,21.1,1,0.25,-22.75,466.81,-17.78,467.7
2026-08-08 15:26:19.834,100.0,60.0,24.0,79.1154,35.2244,50.0,21.1,2,0.5,-22.75,466.81,-17.78,467.7
2026-08-08 15:26:20.074,100.0,60.0,24.0,79.1154,35.2244,50.0,21.1,3,0.75,-22.75,466.79,-17.79,467.68
2026-08-08 15:26:20.330,100.0,60.0,24.0,79.1154,35.2244,50.0,21.1,4,1.0,-22.75,466.79,-17.79,467.68
2026-08-08 15:26:20.570,100.0,60.0,24.0,79.1154,35.2244,50.0,21.1,5,1.25,-22.75,466.8,-17.77,467.69
2026-08-08 15:26:24.328,100.0,60.0,18.0,82.3639,26.7617,50.0,22.0,1,0.25,-22.42,466.53,-17.74,467.4
2026-08-08 15:26:24.584,100.0,60.0,18.0,82.3639,26.7617,50.0,22.0,2,0.5,-22.42,466.53,-17.74,467.4
2026-08-08 15:26:24.824,100.0,60.0,18.0,82.3639,26.7617,50.0,22.0,3,0.75,-22.41,466.54,-17.75,467.41
2026-08-08 15:26:25.079,100.0,60.0,18.0,82.3639,26.7617,50.0,22.0,4,1.0,-22.41,466.54,-17.75,467.41
2026-08-08 15:26:25.319,100.0,60.0,18.0,82.3639,26.7617,50.0,22.0,5,1.25,-22.41,466.57,-17.74,467.44
2026-08-08 15:26:29.078,100.0,60.0,12.0,84.7101,18.0057,50.0,22.2,1,0.25,-21.57,466.27,-17.67,467.1
2026-08-08 15:26:29.334,100.0,60.0,12.0,84.7101,18.0057,50.0,22.2,2,0.5,-21.58,466.3,-17.65,467.13
2026-08-08 15:26:29.573,100.0,60.0,12.0,84.7101,18.0057,50.0,22.2,3,0.75,-21.58,466.3,-17.65,467.13
2026-08-08 15:26:29.829,100.0,60.0,12.0,84.7101,18.0057,50.0,22.2,4,1.0,-21.56,466.27,-17.67,467.1
2026-08-08 15:26:30.069,100.0,60.0,12.0,84.7101,18.0057,50.0,22.2,5,1.25,-21.6,466.26,-17.67,467.09
2026-08-08 15:26:36.083,100.0,60.0,6.0,86.1281,9.0524,50.0,22.2,1,0.25,-21.21,466.1,-17.58,466.91
2026-08-08 15:26:36.323,100.0,60.0,6.0,86.1281,9.0524,50.0,22.2,2,0.5,-21.21,466.1,-17.58,466.91
2026-08-08 15:26:36.578,100.0,60.0,6.0,86.1281,9.0524,50.0,22.2,3,0.75,-21.21,466.1,-17.58,466.91
2026-08-08 15:26:36.818,100.0,60.0,6.0,86.1281,9.0524,50.0,22.2,4,1.0,-21.22,466.13,-17.59,466.94
2026-08-08 15:26:39.329,100.0,60.0,6.0,86.1281,9.0524,50.0,22.2,5,1.25,-21.21,466.14,-17.59,466.95
2026-08-08 15:26:43.071,100.0,60.0,0.0,86.6025,0.0,50.0,22.6,1,0.25,-20.72,466.06,-17.48,466.84
2026-08-08 15:26:43.327,100.0,60.0,0.0,86.6025,0.0,50.0,22.6,2,0.5,-20.72,466.06,-17.48,466.84
2026-08-08 15:26:43.583,100.0,60.0,0.0,86.6025,0.0,50.0,22.6,3,0.75,-20.72,466.03,-17.48,466.81
2026-08-08 15:26:43.823,100.0,60.0,0.0,86.6025,0.0,50.0,22.6,4,1.0,-20.72,466.03,-17.48,466.81
2026-08-08 15:26:44.079,100.0,60.0,0.0,86.6025,0.0,50.0,22.6,5,1.25,-20.72,466.1,-17.47,466.88
2026-08-08 15:26:47.693,100.0,66.0,0.0,91.3545,0.0,40.6737,22.3,1,0.25,-20.76,465.78,-17.37,466.56
2026-08-08 15:26:47.949,100.0,66.0,0.0,91.3545,0.0,40.6737,22.3,2,0.5,-20.76,465.78,-17.37,466.56
2026-08-08 15:26:48.205,100.0,66.0,0.0,91.3545,0.0,40.6737,22.3,3,0.75,-20.76,465.85,-17.38,466.63
2026-08-08 15:26:48.445,100.0,66.0,0.0,91.3545,0.0,40.6737,22.3,4,1.0,-20.76,465.85,-17.38,466.63
2026-08-08 15:26:48.701,100.0,66.0,0.0,91.3545,0.0,40.6737,22.3,5,1.25,-20.77,465.84,-17.38,466.62
2026-08-08 15:26:52.571,100.0,66.0,6.0,90.8541,9.5492,40.6737,22.1,1,0.25,-21.22,465.85,-17.48,466.66
2026-08-08 15:26:52.827,100.0,66.0,6.0,90.8541,9.5492,40.6737,22.1,2,0.5,-21.22,465.85,-17.49,466.66
2026-08-08 15:26:53.083,100.0,66.0,6.0,90.8541,9.5492,40.6737,22.1,3,0.75,-21.22,465.85,-17.49,466.66
2026-08-08 15:26:53.323,100.0,66.0,6.0,90.8541,9.5492,40.6737,22.1,4,1.0,-21.22,465.82,-17.49,466.63
2026-08-08 15:26:53.579,100.0,66.0,6.0,90.8541,9.5492,40.6737,22.1,5,1.25,-21.22,465.82,-17.49,466.63
2026-08-08 15:26:57.449,100.0,66.0,12.0,89.3582,18.9937,40.6737,21.3,1,0.25,-21.93,466.04,-17.59,466.88
2026-08-08 15:26:57.705,100.0,66.0,12.0,89.3582,18.9937,40.6737,21.3,2,0.5,-21.93,466.04,-17.59,466.88
2026-08-08 15:26:57.945,100.0,66.0,12.0,89.3582,18.9937,40.6737,21.3,3,0.75,-21.92,466.06,-17.61,466.9
2026-08-08 15:26:58.201,100.0,66.0,12.0,89.3582,18.9937,40.6737,21.3,4,1.0,-21.92,466.06,-17.61,466.9
2026-08-08 15:26:58.456,100.0,66.0,12.0,89.3582,18.9937,40.6737,21.3,5,1.25,-21.92,466.06,-17.61,466.9
2026-08-08 15:27:02.199,100.0,66.0,18.0,86.8833,28.2301,40.6737,21.3,1,0.25,-22.49,466.29,-17.67,467.16
2026-08-08 15:27:02.455,100.0,66.0,18.0,86.8833,28.2301,40.6737,21.3,2,0.5,-22.49,466.29,-17.67,467.16
2026-08-08 15:27:02.695,100.0,66.0,18.0,86.8833,28.2301,40.6737,21.3,3,0.75,-22.49,466.27,-17.66,467.14
2026-08-08 15:27:02.951,100.0,66.0,18.0,86.8833,28.2301,40.6737,21.3,4,1.0,-22.49,466.27,-17.66,467.14
2026-08-08 15:27:03.206,100.0,66.0,18.0,86.8833,28.2301,40.6737,21.3,5,1.25,-22.49,466.28,-17.66,467.15
2026-08-08 15:27:06.949,100.0,66.0,24.0,83.4565,37.1572,40.6737,22.4,1,0.25,-22.98,466.65,-17.78,467.55
2026-08-08 15:27:07.205,100.0,66.0,24.0,83.4565,37.1572,40.6737,22.4,2,0.5,-22.98,466.65,-17.78,467.55
2026-08-08 15:27:07.444,100.0,66.0,24.0,83.4565,37.1572,40.6737,22.4,3,0.75,-23.0,466.67,-17.79,467.57
2026-08-08 15:27:07.700,100.0,66.0,24.0,83.4565,37.1572,40.6737,22.4,4,1.0,-23.0,466.67,-17.79,467.57
2026-08-08 15:27:07.956,100.0,66.0,24.0,83.4565,37.1572,40.6737,22.4,5,1.25,-22.99,466.68,-17.79,467.58
2026-08-08 15:27:11.699,100.0,66.0,30.0,79.1154,45.6773,40.6737,21.3,1,0.25,-23.26,467.1,-17.98,468.02
2026-08-08 15:27:11.955,100.0,66.0,30.0,79.1154,45.6773,40.6737,21.3,2,0.5,-23.26,467.1,-17.98,468.02
2026-08-08 15:27:12.194,100.0,66.0,30.0,79.1154,45.6773,40.6737,21.3,3,0.75,-23.26,467.11,-17.97,468.03
2026-08-08 15:27:12.450,100.0,66.0,30.0,79.1154,45.6773,40.6737,21.3,4,1.0,-23.26,467.11,-17.97,468.03
2026-08-08 15:27:12.706,100.0,66.0,30.0,79.1154,45.6773,40.6737,21.3,5,1.25,-23.26,467.15,-17.98,468.07
2026-08-08 15:27:16.448,100.0,66.0,36.0,73.9074,53.6969,40.6737,23.1,1,0.25,-23.67,467.71,-18.01,468.65
2026-08-08 15:27:16.704,100.0,66.0,36.0,73.9074,53.6969,40.6737,23.1,2,0.5,-23.65,467.69,-18.02,468.63
2026-08-08 15:27:16.944,100.0,66.0,36.0,73.9074,53.6969,40.6737,23.1,3,0.75,-23.65,467.69,-18.02,468.63
2026-08-08 15:27:17.200,100.0,66.0,36.0,73.9074,53.6969,40.6737,23.1,4,1.0,-23.65,467.69,-18.02,468.63
2026-08-08 15:27:17.456,100.0,66.0,36.0,73.9074,53.6969,40.6737,23.1,5,1.25,-23.66,467.7,-18.02,468.64
2026-08-08 15:27:21.070,100.0,66.0,42.0,67.8897,61.1281,40.6737,22.2,1,0.25,-23.84,468.17,-18.07,469.12
2026-08-08 15:27:21.326,100.0,66.0,42.0,67.8897,61.1281,40.6737,22.2,2,0.5,-23.84,468.17,-18.07,469.12
2026-08-08 15:27:21.582,100.0,66.0,42.0,67.8897,61.1281,40.6737,22.2,3,0.75,-23.85,468.19,-18.07,469.14
2026-08-08 15:27:21.822,100.0,66.0,42.0,67.8897,61.1281,40.6737,22.2,4,1.0,-23.85,468.19,-18.07,469.14
2026-08-08 15:27:22.078,100.0,66.0,42.0,67.8897,61.1281,40.6737,22.2,5,1.25,-23.84,468.19,-18.07,469.14
2026-08-08 15:27:25.580,100.0,66.0,48.0,61.1281,67.8897,40.6737,22.1,1,0.25,-24.12,468.78,-18.06,469.74
2026-08-08 15:27:25.820,100.0,66.0,48.0,61.1281,67.8897,40.6737,22.1,2,0.5,-24.12,468.78,-18.06,469.74
2026-08-08 15:27:26.076,100.0,66.0,48.0,61.1281,67.8897,40.6737,22.1,3,0.75,-24.12,468.78,-18.06,469.74
2026-08-08 15:27:26.332,100.0,66.0,48.0,61.1281,67.8897,40.6737,22.1,4,1.0,-24.13,468.81,-18.06,469.77
2026-08-08 15:27:26.572,100.0,66.0,48.0,61.1281,67.8897,40.6737,22.1,5,1.25,-24.13,468.81,-18.06,469.77
2026-08-08 15:27:30.202,100.0,66.0,54.0,53.6969,73.9074,40.6737,22.2,1,0.25,-24.33,469.36,-18.09,470.33
2026-08-08 15:27:30.458,100.0,66.0,54.0,53.6969,73.9074,40.6737,22.2,2,0.5,-24.34,469.36,-18.08,470.33
2026-08-08 15:27:30.698,100.0,66.0,54.0,53.6969,73.9074,40.6737,22.2,3,0.75,-24.34,469.36,-18.08,470.33
2026-08-08 15:27:30.954,100.0,66.0,54.0,53.6969,73.9074,40.6737,22.2,4,1.0,-24.35,469.41,-18.08,470.38
2026-08-08 15:27:31.194,100.0,66.0,54.0,53.6969,73.9074,40.6737,22.2,5,1.25,-24.35,469.41,-18.08,470.38
2026-08-08 15:27:34.952,100.0,66.0,60.0,45.6773,79.1154,40.6737,22.1,1,0.25,-24.4,470.11,-18.04,471.08
2026-08-08 15:27:35.208,100.0,66.0,60.0,45.6773,79.1154,40.6737,22.1,2,0.5,-24.4,470.1,-18.06,471.07
2026-08-08 15:27:35.448,100.0,66.0,60.0,45.6773,79.1154,40.6737,22.1,3,0.75,-24.4,470.1,-18.06,471.07
2026-08-08 15:27:35.704,100.0,66.0,60.0,45.6773,79.1154,40.6737,22.1,4,1.0,-24.39,470.07,-18.05,471.04
2026-08-08 15:27:35.944,100.0,66.0,60.0,45.6773,79.1154,40.6737,22.1,5,1.25,-24.39,470.07,-18.05,471.04
2026-08-08 15:27:39.702,100.0,66.0,66.0,37.1572,83.4565,40.6737,22.1,1,0.25,-24.5,470.79,-17.94,471.76
2026-08-08 15:27:39.958,100.0,66.0,66.0,37.1572,83.4565,40.6737,22.1,2,0.5,-24.5,470.79,-17.94,471.76
2026-08-08 15:27:40.198,100.0,66.0,66.0,37.1572,83.4565,40.6737,22.1,3,0.75,-24.52,470.75,-17.94,471.72
2026-08-08 15:27:40.454,100.0,66.0,66.0,37.1572,83.4565,40.6737,22.1,4,1.0,-24.52,470.75,-17.94,471.72
2026-08-08 15:27:40.694,100.0,66.0,66.0,37.1572,83.4565,40.6737,22.1,5,1.25,-24.52,470.75,-17.94,471.72
2026-08-08 15:27:44.452,100.0,66.0,72.0,28.2301,86.8833,40.6737,22.1,1,0.25,-24.14,471.4,-17.74,472.35
2026-08-08 15:27:44.708,100.0,66.0,72.0,28.2301,86.8833,40.6737,22.1,2,0.5,-24.14,471.4,-17.74,472.35
2026-08-08 15:27:44.948,100.0,66.0,72.0,28.2301,86.8833,40.6737,22.1,3,0.75,-24.13,471.35,-17.74,472.3
2026-08-08 15:27:45.204,100.0,66.0,72.0,28.2301,86.8833,40.6737,22.1,4,1.0,-24.13,471.35,-17.74,472.3
2026-08-08 15:27:45.443,100.0,66.0,72.0,28.2301,86.8833,40.6737,22.1,5,1.25,-24.13,471.35,-17.75,472.3
2026-08-08 15:27:49.330,100.0,66.0,78.0,18.9937,89.3582,40.6737,21.8,1,0.25,-23.7,472.03,-17.72,472.95
2026-08-08 15:27:49.570,100.0,66.0,78.0,18.9937,89.3582,40.6737,21.8,2,0.5,-23.69,472.09,-17.74,473.01
2026-08-08 15:27:49.825,100.0,66.0,78.0,18.9937,89.3582,40.6737,21.8,3,0.75,-23.69,472.09,-17.74,473.01
2026-08-08 15:27:50.081,100.0,66.0,78.0,18.9937,89.3582,40.6737,21.8,4,1.0,-23.69,472.09,-17.74,473.01
2026-08-08 15:27:50.321,100.0,66.0,78.0,18.9937,89.3582,40.6737,21.8,5,1.25,-23.69,472.04,-17.73,472.96
2026-08-08 15:27:54.207,100.0,66.0,84.0,9.5492,90.8541,40.6737,23.1,1,0.25,-23.27,472.58,-17.36,473.47
2026-08-08 15:27:54.447,100.0,66.0,84.0,9.5492,90.8541,40.6737,23.1,2,0.5,-23.27,472.57,-17.37,473.46
2026-08-08 15:27:54.703,100.0,66.0,84.0,9.5492,90.8541,40.6737,23.1,3,0.75,-23.27,472.57,-17.37,473.46
2026-08-08 15:27:54.943,100.0,66.0,84.0,9.5492,90.8541,40.6737,23.1,4,1.0,-23.29,472.52,-17.37,473.41
2026-08-08 15:27:55.199,100.0,66.0,84.0,9.5492,90.8541,40.6737,23.1,5,1.25,-23.29,472.52,-17.37,473.41
2026-08-08 15:27:59.069,100.0,66.0,90.0,0.0,91.3545,40.6737,21.8,1,0.25,-22.52,472.79,-17.04,473.63
2026-08-08 15:27:59.325,100.0,66.0,90.0,0.0,91.3545,40.6737,21.8,2,0.5,-22.52,472.79,-17.04,473.63
2026-08-08 15:27:59.581,100.0,66.0,90.0,0.0,91.3545,40.6737,21.8,3,0.75,-22.52,472.86,-17.05,473.7
2026-08-08 15:27:59.821,100.0,66.0,90.0,0.0,91.3545,40.6737,21.8,4,1.0,-22.52,472.86,-17.05,473.7
2026-08-08 15:28:00.077,100.0,66.0,90.0,0.0,91.3545,40.6737,21.8,5,1.25,-22.51,472.83,-17.04,473.67
2026-08-08 15:28:03.947,100.0,66.0,96.0,-9.5492,90.8541,40.6737,21.3,1,0.25,-21.95,472.76,-16.6,473.56
2026-08-08 15:28:04.203,100.0,66.0,96.0,-9.5492,90.8541,40.6737,21.3,2,0.5,-21.93,472.72,-16.62,473.52
2026-08-08 15:28:04.443,100.0,66.0,96.0,-9.5492,90.8541,40.6737,21.3,3,0.75,-21.93,472.72,-16.62,473.52
2026-08-08 15:28:04.699,100.0,66.0,96.0,-9.5492,90.8541,40.6737,21.3,4,1.0,-21.95,472.78,-16.61,473.58
2026-08-08 15:28:04.955,100.0,66.0,96.0,-9.5492,90.8541,40.6737,21.3,5,1.25,-21.95,472.78,-16.61,473.58
2026-08-08 15:28:08.825,100.0,66.0,102.0,-18.9937,89.3582,40.6737,22.2,1,0.25,-21.11,472.51,-16.31,473.26
2026-08-08 15:28:09.081,100.0,66.0,102.0,-18.9937,89.3582,40.6737,22.2,2,0.5,-21.1,472.49,-16.32,473.24
2026-08-08 15:28:09.321,100.0,66.0,102.0,-18.9937,89.3582,40.6737,22.2,3,0.75,-21.1,472.49,-16.32,473.24
2026-08-08 15:28:09.577,100.0,66.0,102.0,-18.9937,89.3582,40.6737,22.2,4,1.0,-21.11,472.47,-16.33,473.22
2026-08-08 15:28:09.832,100.0,66.0,102.0,-18.9937,89.3582,40.6737,22.2,5,1.25,-21.11,472.47,-16.33,473.22
2026-08-08 15:28:15.566,100.0,66.0,108.0,-28.2301,86.8833,40.6737,21.4,1,1.5,-20.56,472.17,-15.61,472.87
2026-08-08 15:28:15.702,100.0,66.0,108.0,-28.2301,86.8833,40.6737,21.4,2,1.75,-20.55,472.25,-15.61,472.95
2026-08-08 15:28:15.958,100.0,66.0,108.0,-28.2301,86.8833,40.6737,21.4,3,2.0,-20.55,472.25,-15.61,472.95
2026-08-08 15:28:16.198,100.0,66.0,108.0,-28.2301,86.8833,40.6737,21.4,4,2.25,-20.56,472.19,-15.61,472.89
2026-08-08 15:28:16.454,100.0,66.0,108.0,-28.2301,86.8833,40.6737,21.4,5,2.5,-20.56,472.19,-15.61,472.89
2026-08-08 15:28:20.196,100.0,66.0,114.0,-37.1572,83.4565,40.6737,22.5,1,0.25,-20.19,471.59,-15.18,472.26
2026-08-08 15:28:20.452,100.0,66.0,114.0,-37.1572,83.4565,40.6737,22.5,2,0.5,-20.19,471.58,-15.2,472.25
2026-08-08 15:28:20.708,100.0,66.0,114.0,-37.1572,83.4565,40.6737,22.5,3,0.75,-20.19,471.58,-15.2,472.25
2026-08-08 15:28:20.947,100.0,66.0,114.0,-37.1572,83.4565,40.6737,22.5,4,1.0,-20.19,471.59,-15.19,472.26
2026-08-08 15:28:21.203,100.0,66.0,114.0,-37.1572,83.4565,40.6737,22.5,5,1.25,-20.19,471.59,-15.19,472.26
2026-08-08 15:28:24.946,100.0,66.0,120.0,-45.6773,79.1154,40.6737,22.0,1,0.25,-20.03,470.95,-14.78,471.6
2026-08-08 15:28:25.202,100.0,66.0,120.0,-45.6773,79.1154,40.6737,22.0,2,0.5,-20.01,470.92,-14.78,471.57
2026-08-08 15:28:25.457,100.0,66.0,120.0,-45.6773,79.1154,40.6737,22.0,3,0.75,-20.01,470.92,-14.78,471.57
2026-08-08 15:28:25.697,100.0,66.0,120.0,-45.6773,79.1154,40.6737,22.0,4,1.0,-20.01,470.95,-14.77,471.6
2026-08-08 15:28:25.953,100.0,66.0,120.0,-45.6773,79.1154,40.6737,22.0,5,1.25,-20.01,470.95,-14.77,471.6
2026-08-08 15:28:31.564,100.0,66.0,126.0,-53.6969,73.9074,40.6737,22.0,1,1.5,-19.83,470.26,-14.39,470.89
2026-08-08 15:28:31.695,100.0,66.0,126.0,-53.6969,73.9074,40.6737,22.0,2,1.75,-19.83,470.26,-14.39,470.89
2026-08-08 15:28:31.950,100.0,66.0,126.0,-53.6969,73.9074,40.6737,22.0,3,2.0,-19.83,470.24,-14.38,470.87
2026-08-08 15:28:32.206,100.0,66.0,126.0,-53.6969,73.9074,40.6737,22.0,4,2.25,-19.83,470.24,-14.38,470.87
2026-08-08 15:28:32.446,100.0,66.0,126.0,-53.6969,73.9074,40.6737,22.0,5,2.5,-19.82,470.24,-14.37,470.87
2026-08-08 15:28:36.077,100.0,66.0,132.0,-61.1281,67.8897,40.6737,21.7,1,0.25,-19.5,469.63,-14.14,470.24
2026-08-08 15:28:36.332,100.0,66.0,132.0,-61.1281,67.8897,40.6737,21.7,2,0.5,-19.5,469.63,-14.14,470.24
2026-08-08 15:28:36.572,100.0,66.0,132.0,-61.1281,67.8897,40.6737,21.7,3,0.75,-19.51,469.62,-14.15,470.23
2026-08-08 15:28:36.828,100.0,66.0,132.0,-61.1281,67.8897,40.6737,21.7,4,1.0,-19.51,469.62,-14.15,470.23
2026-08-08 15:28:37.068,100.0,66.0,132.0,-61.1281,67.8897,40.6737,21.7,5,1.25,-19.48,469.61,-14.14,470.22
2026-08-08 15:28:42.953,100.0,66.0,138.0,-67.8897,61.1281,40.6737,22.6,1,0.25,-19.65,469.05,-13.98,469.66
2026-08-08 15:28:43.193,100.0,66.0,138.0,-67.8897,61.1281,40.6737,22.6,2,0.5,-19.65,469.05,-13.98,469.66
2026-08-08 15:28:43.449,100.0,66.0,138.0,-67.8897,61.1281,40.6737,22.6,3,0.75,-19.66,469.03,-13.98,469.64
2026-08-08 15:28:43.705,100.0,66.0,138.0,-67.8897,61.1281,40.6737,22.6,4,1.0,-19.66,469.03,-13.98,469.64
2026-08-08 15:28:43.945,100.0,66.0,138.0,-67.8897,61.1281,40.6737,22.6,5,1.25,-19.65,469.02,-13.99,469.63
2026-08-08 15:28:47.575,100.0,66.0,144.0,-73.9074,53.6969,40.6737,22.3,1,0.25,-19.61,468.43,-13.95,469.04
2026-08-08 15:28:47.831,100.0,66.0,144.0,-73.9074,53.6969,40.6737,22.3,2,0.5,-19.61,468.43,-13.95,469.04
2026-08-08 15:28:48.071,100.0,66.0,144.0,-73.9074,53.6969,40.6737,22.3,3,0.75,-19.62,468.43,-13.93,469.04
2026-08-08 15:28:48.327,100.0,66.0,144.0,-73.9074,53.6969,40.6737,22.3,4,1.0,-19.62,468.43,-13.93,469.04
2026-08-08 15:28:48.567,100.0,66.0,144.0,-73.9074,53.6969,40.6737,22.3,5,1.25,-19.62,468.4,-13.95,469.01
2026-08-08 15:28:54.580,100.0,66.0,150.0,-79.1154,45.6773,40.6737,22.3,1,0.25,-19.76,467.83,-13.93,468.45
2026-08-08 15:28:54.820,100.0,66.0,150.0,-79.1154,45.6773,40.6737,22.3,2,0.5,-19.76,467.85,-13.92,468.47
2026-08-08 15:28:55.076,100.0,66.0,150.0,-79.1154,45.6773,40.6737,22.3,3,0.75,-19.76,467.85,-13.92,468.47
2026-08-08 15:28:55.332,100.0,66.0,150.0,-79.1154,45.6773,40.6737,22.3,4,1.0,-19.76,467.84,-13.92,468.46
2026-08-08 15:28:55.572,100.0,66.0,150.0,-79.1154,45.6773,40.6737,22.3,5,1.25,-19.76,467.84,-13.92,468.46
2026-08-08 15:28:59.330,100.0,66.0,156.0,-83.4565,37.1572,40.6737,22.2,1,0.25,-20.23,467.27,-13.9,467.91
2026-08-08 15:28:59.570,100.0,66.0,156.0,-83.4565,37.1572,40.6737,22.2,2,0.5,-20.25,467.3,-13.9,467.94
2026-08-08 15:28:59.826,100.0,66.0,156.0,-83.4565,37.1572,40.6737,22.2,3,0.75,-20.25,467.3,-13.9,467.94
2026-08-08 15:29:00.082,100.0,66.0,156.0,-83.4565,37.1572,40.6737,22.2,4,1.0,-20.24,467.33,-13.89,467.97
2026-08-08 15:29:00.322,100.0,66.0,156.0,-83.4565,37.1572,40.6737,22.2,5,1.25,-20.24,467.33,-13.89,467.97
2026-08-08 15:29:04.080,100.0,66.0,162.0,-86.8833,28.2301,40.6737,21.8,1,0.25,-20.74,466.8,-13.99,467.46
2026-08-08 15:29:04.320,100.0,66.0,162.0,-86.8833,28.2301,40.6737,21.8,2,0.5,-20.74,466.8,-13.99,467.46
2026-08-08 15:29:04.576,100.0,66.0,162.0,-86.8833,28.2301,40.6737,21.8,3,0.75,-20.74,466.85,-14.01,467.52
2026-08-08 15:29:04.832,100.0,66.0,162.0,-86.8833,28.2301,40.6737,21.8,4,1.0,-20.74,466.85,-14.01,467.52
2026-08-08 15:29:05.072,100.0,66.0,162.0,-86.8833,28.2301,40.6737,21.8,5,1.25,-20.74,466.85,-14.01,467.52
2026-08-08 15:29:08.942,100.0,66.0,168.0,-89.3582,18.9937,40.6737,22.5,1,0.25,-21.13,466.45,-14.12,467.14
2026-08-08 15:29:09.198,100.0,66.0,168.0,-89.3582,18.9937,40.6737,22.5,2,0.5,-21.13,466.45,-14.12,467.14
2026-08-08 15:29:09.454,100.0,66.0,168.0,-89.3582,18.9937,40.6737,22.5,3,0.75,-21.14,466.46,-14.13,467.15
2026-08-08 15:29:09.694,100.0,66.0,168.0,-89.3582,18.9937,40.6737,22.5,4,1.0,-21.14,466.46,-14.13,467.15
2026-08-08 15:29:09.950,100.0,66.0,168.0,-89.3582,18.9937,40.6737,22.5,5,1.25,-21.13,466.47,-14.11,467.16
2026-08-08 15:29:13.820,100.0,66.0,174.0,-90.8541,9.5492,40.6737,22.2,1,0.25,-21.76,466.31,-14.23,467.03
2026-08-08 15:29:14.076,100.0,66.0,174.0,-90.8541,9.5492,40.6737,22.2,2,0.5,-21.75,466.35,-14.23,467.07
2026-08-08 15:29:14.332,100.0,66.0,174.0,-90.8541,9.5492,40.6737,22.2,3,0.75,-21.75,466.35,-14.23,467.07
2026-08-08 15:29:14.571,100.0,66.0,174.0,-90.8541,9.5492,40.6737,22.2,4,1.0,-21.75,466.34,-14.23,467.06
2026-08-08 15:29:14.827,100.0,66.0,174.0,-90.8541,9.5492,40.6737,22.2,5,1.25,-21.75,466.34,-14.23,467.06
2026-08-08 15:29:18.698,100.0,66.0,180.0,-91.3545,0.0,40.6737,21.8,1,0.25,-22.22,466.18,-14.3,466.92
2026-08-08 15:29:18.953,100.0,66.0,180.0,-91.3545,0.0,40.6737,21.8,2,0.5,-22.22,466.18,-14.3,466.92
2026-08-08 15:29:19.193,100.0,66.0,180.0,-91.3545,0.0,40.6737,21.8,3,0.75,-22.22,466.2,-14.3,466.94
2026-08-08 15:29:19.449,100.0,66.0,180.0,-91.3545,0.0,40.6737,21.8,4,1.0,-22.22,466.2,-14.3,466.94
2026-08-08 15:29:19.705,100.0,66.0,180.0,-91.3545,0.0,40.6737,21.8,5,1.25,-22.21,466.23,-14.29,466.97
2026-08-08 15:29:23.575,100.0,66.0,186.0,-90.8541,-9.5492,40.6737,20.8,1,0.25,-22.75,466.24,-14.57,467.02
2026-08-08 15:29:23.831,100.0,66.0,186.0,-90.8541,-9.5492,40.6737,20.8,2,0.5,-22.75,466.23,-14.56,467.01
2026-08-08 15:29:24.071,100.0,66.0,186.0,-90.8541,-9.5492,40.6737,20.8,3,0.75,-22.75,466.23,-14.56,467.01
2026-08-08 15:29:24.327,100.0,66.0,186.0,-90.8541,-9.5492,40.6737,20.8,4,1.0,-22.75,466.23,-14.56,467.01
2026-08-08 15:29:24.567,100.0,66.0,186.0,-90.8541,-9.5492,40.6737,20.8,5,1.25,-22.76,466.27,-14.57,467.05
2026-08-08 15:29:30.692,100.0,66.0,192.0,-89.3582,-18.9937,40.6737,22.5,1,0.25,-23.06,466.4,-14.87,467.2
2026-08-08 15:29:30.948,100.0,66.0,192.0,-89.3582,-18.9937,40.6737,22.5,2,0.5,-23.06,466.4,-14.87,467.2
2026-08-08 15:29:31.204,100.0,66.0,192.0,-89.3582,-18.9937,40.6737,22.5,3,0.75,-23.06,466.4,-14.86,467.2
2026-08-08 15:29:31.444,100.0,66.0,192.0,-89.3582,-18.9937,40.6737,22.5,4,1.0,-23.06,466.4,-14.86,467.2
2026-08-08 15:29:31.700,100.0,66.0,192.0,-89.3582,-18.9937,40.6737,22.5,5,1.25,-23.06,466.4,-14.87,467.2
2026-08-08 15:29:35.570,100.0,66.0,198.0,-86.8833,-28.2301,40.6737,21.8,1,0.25,-23.42,466.58,-14.99,467.4
2026-08-08 15:29:35.826,100.0,66.0,198.0,-86.8833,-28.2301,40.6737,21.8,2,0.5,-23.44,466.61,-14.98,467.43
2026-08-08 15:29:36.082,100.0,66.0,198.0,-86.8833,-28.2301,40.6737,21.8,3,0.75,-23.44,466.61,-14.98,467.43
2026-08-08 15:29:36.322,100.0,66.0,198.0,-86.8833,-28.2301,40.6737,21.8,4,1.0,-23.43,466.6,-14.98,467.42
2026-08-08 15:29:36.577,100.0,66.0,198.0,-86.8833,-28.2301,40.6737,21.8,5,1.25,-23.43,466.6,-14.98,467.42
2026-08-08 15:29:40.320,100.0,66.0,204.0,-83.4565,-37.1572,40.6737,21.4,1,0.25,-23.58,466.79,-15.15,467.63
2026-08-08 15:29:40.576,100.0,66.0,204.0,-83.4565,-37.1572,40.6737,21.4,2,0.5,-23.58,466.8,-15.13,467.64
2026-08-08 15:29:40.832,100.0,66.0,204.0,-83.4565,-37.1572,40.6737,21.4,3,0.75,-23.58,466.8,-15.13,467.64
2026-08-08 15:29:41.071,100.0,66.0,204.0,-83.4565,-37.1572,40.6737,21.4,4,1.0,-23.57,466.81,-15.14,467.64
2026-08-08 15:29:41.327,100.0,66.0,204.0,-83.4565,-37.1572,40.6737,21.4,5,1.25,-23.57,466.81,-15.14,467.64
2026-08-08 15:29:45.070,100.0,66.0,210.0,-79.1154,-45.6773,40.6737,21.8,1,0.25,-23.78,467.07,-15.47,467.93
2026-08-08 15:29:45.325,100.0,66.0,210.0,-79.1154,-45.6773,40.6737,21.8,2,0.5,-23.78,467.05,-15.48,467.91
2026-08-08 15:29:45.581,100.0,66.0,210.0,-79.1154,-45.6773,40.6737,21.8,3,0.75,-23.78,467.05,-15.48,467.91
2026-08-08 15:29:45.821,100.0,66.0,210.0,-79.1154,-45.6773,40.6737,21.8,4,1.0,-23.78,467.03,-15.47,467.89
2026-08-08 15:29:46.077,100.0,66.0,210.0,-79.1154,-45.6773,40.6737,21.8,5,1.25,-23.78,467.03,-15.47,467.89
2026-08-08 15:29:49.692,100.0,66.0,216.0,-73.9074,-53.6969,40.6737,21.4,1,0.25,-23.95,467.3,-15.71,468.17
2026-08-08 15:29:49.947,100.0,66.0,216.0,-73.9074,-53.6969,40.6737,21.4,2,0.5,-23.94,467.31,-15.72,468.18
2026-08-08 15:29:50.203,100.0,66.0,216.0,-73.9074,-53.6969,40.6737,21.4,3,0.75,-23.94,467.31,-15.72,468.18
2026-08-08 15:29:50.443,100.0,66.0,216.0,-73.9074,-53.6969,40.6737,21.4,4,1.0,-23.95,467.34,-15.71,468.21
2026-08-08 15:29:50.699,100.0,66.0,216.0,-73.9074,-53.6969,40.6737,21.4,5,1.25,-23.95,467.34,-15.71,468.21
2026-08-08 15:29:54.329,100.0,66.0,222.0,-67.8897,-61.1281,40.6737,22.6,1,0.25,-24.17,467.56,-16.06,468.45
2026-08-08 15:29:54.569,100.0,66.0,222.0,-67.8897,-61.1281,40.6737,22.6,2,0.5,-24.17,467.57,-16.08,468.47
2026-08-08 15:29:54.825,100.0,66.0,222.0,-67.8897,-61.1281,40.6737,22.6,3,0.75,-24.17,467.57,-16.08,468.47
2026-08-08 15:29:55.081,100.0,66.0,222.0,-67.8897,-61.1281,40.6737,22.6,4,1.0,-24.18,467.55,-16.07,468.45
2026-08-08 15:29:55.321,100.0,66.0,222.0,-67.8897,-61.1281,40.6737,22.6,5,1.25,-24.18,467.55,-16.07,468.45
2026-08-08 15:29:58.951,100.0,66.0,228.0,-61.1281,-67.8897,40.6737,,1,0.25,-24.18,467.81,-16.41,468.72
2026-08-08 15:29:59.207,100.0,66.0,228.0,-61.1281,-67.8897,40.6737,,2,0.5,-24.19,467.79,-16.4,468.7
2026-08-08 15:29:59.447,100.0,66.0,228.0,-61.1281,-67.8897,40.6737,,3,0.75,-24.19,467.79,-16.4,468.7
2026-08-08 15:29:59.703,100.0,66.0,228.0,-61.1281,-67.8897,40.6737,,4,1.0,-24.18,467.79,-16.4,468.7
2026-08-08 15:29:59.943,100.0,66.0,228.0,-61.1281,-67.8897,40.6737,,5,1.25,-24.18,467.81,-16.4,468.72
2026-08-08 15:30:03.573,100.0,66.0,234.0,-53.6969,-73.9074,40.6737,22.2,1,0.25,-24.11,468.02,-16.44,468.92
2026-08-08 15:30:03.829,100.0,66.0,234.0,-53.6969,-73.9074,40.6737,22.2,2,0.5,-24.11,468.02,-16.44,468.92
2026-08-08 15:30:04.069,100.0,66.0,234.0,-53.6969,-73.9074,40.6737,22.2,3,0.75,-24.09,468.04,-16.43,468.94
2026-08-08 15:30:04.325,100.0,66.0,234.0,-53.6969,-73.9074,40.6737,22.2,4,1.0,-24.09,468.04,-16.43,468.94
2026-08-08 15:30:04.581,100.0,66.0,234.0,-53.6969,-73.9074,40.6737,22.2,5,1.25,-24.1,468.09,-16.42,468.99
2026-08-08 15:30:08.323,100.0,66.0,240.0,-45.6773,-79.1154,40.6737,22.1,1,0.25,-23.93,468.35,-16.76,469.26
2026-08-08 15:30:08.579,100.0,66.0,240.0,-45.6773,-79.1154,40.6737,22.1,2,0.5,-23.94,468.35,-16.76,469.26
2026-08-08 15:30:08.819,100.0,66.0,240.0,-45.6773,-79.1154,40.6737,22.1,3,0.75,-23.94,468.35,-16.76,469.26
2026-08-08 15:30:09.075,100.0,66.0,240.0,-45.6773,-79.1154,40.6737,22.1,4,1.0,-23.93,468.36,-16.77,469.27
2026-08-08 15:30:09.331,100.0,66.0,240.0,-45.6773,-79.1154,40.6737,22.1,5,1.25,-23.93,468.36,-16.77,469.27
2026-08-08 15:30:13.073,100.0,66.0,246.0,-37.1572,-83.4565,40.6737,22.3,1,0.25,-23.94,468.63,-16.9,469.54
2026-08-08 15:30:13.329,100.0,66.0,246.0,-37.1572,-83.4565,40.6737,22.3,2,0.5,-23.93,468.63,-16.89,469.54
2026-08-08 15:30:13.569,100.0,66.0,246.0,-37.1572,-83.4565,40.6737,22.3,3,0.75,-23.93,468.63,-16.89,469.54
2026-08-08 15:30:13.825,100.0,66.0,246.0,-37.1572,-83.4565,40.6737,22.3,4,1.0,-23.93,468.64,-16.89,469.55
2026-08-08 15:30:14.081,100.0,66.0,246.0,-37.1572,-83.4565,40.6737,22.3,5,1.25,-23.93,468.64,-16.89,469.55
2026-08-08 15:30:17.823,100.0,66.0,252.0,-28.2301,-86.8833,40.6737,21.1,1,0.25,-23.66,469.09,-17.07,469.99
2026-08-08 15:30:18.079,100.0,66.0,252.0,-28.2301,-86.8833,40.6737,21.1,2,0.5,-23.65,469.12,-17.08,470.02
2026-08-08 15:30:18.319,100.0,66.0,252.0,-28.2301,-86.8833,40.6737,21.1,3,0.75,-23.65,469.12,-17.08,470.02
2026-08-08 15:30:18.575,100.0,66.0,252.0,-28.2301,-86.8833,40.6737,21.1,4,1.0,-23.65,469.11,-17.08,470.01
2026-08-08 15:30:18.831,100.0,66.0,252.0,-28.2301,-86.8833,40.6737,21.1,5,1.25,-23.65,469.11,-17.08,470.01
2026-08-08 15:30:24.563,100.0,66.0,258.0,-18.9937,-89.3582,40.6737,22.2,1,1.5,-23.17,469.49,-17.19,470.37
2026-08-08 15:30:24.700,100.0,66.0,258.0,-18.9937,-89.3582,40.6737,22.2,2,1.75,-23.17,469.5,-17.2,470.38
2026-08-08 15:30:24.956,100.0,66.0,258.0,-18.9937,-89.3582,40.6737,22.2,3,2.0,-23.17,469.5,-17.2,470.38
2026-08-08 15:30:25.196,100.0,66.0,258.0,-18.9937,-89.3582,40.6737,22.2,4,2.25,-23.17,469.57,-17.19,470.45
2026-08-08 15:30:25.451,100.0,66.0,258.0,-18.9937,-89.3582,40.6737,22.2,5,2.5,-23.17,469.57,-17.19,470.45
2026-08-08 15:30:29.322,100.0,66.0,264.0,-9.5492,-90.8541,40.6737,22.1,1,0.25,-22.39,469.86,-17.29,470.71
2026-08-08 15:30:29.578,100.0,66.0,264.0,-9.5492,-90.8541,40.6737,22.1,2,0.5,-22.39,469.87,-17.29,470.72
2026-08-08 15:30:29.818,100.0,66.0,264.0,-9.5492,-90.8541,40.6737,22.1,3,0.75,-22.39,469.87,-17.29,470.72
2026-08-08 15:30:30.074,100.0,66.0,264.0,-9.5492,-90.8541,40.6737,22.1,4,1.0,-22.39,469.83,-17.29,470.68
2026-08-08 15:30:30.329,100.0,66.0,264.0,-9.5492,-90.8541,40.6737,22.1,5,1.25,-22.39,469.83,-17.29,470.68
2026-08-08 15:30:34.200,100.0,66.0,270.0,-0.0,-91.3545,40.6737,21.5,1,0.25,-21.75,470.03,-17.57,470.86
2026-08-08 15:30:34.456,100.0,66.0,270.0,-0.0,-91.3545,40.6737,21.5,2,0.5,-21.75,470.03,-17.57,470.86
2026-08-08 15:30:34.695,100.0,66.0,270.0,-0.0,-91.3545,40.6737,21.5,3,0.75,-21.75,470.06,-17.57,470.89
2026-08-08 15:30:34.951,100.0,66.0,270.0,-0.0,-91.3545,40.6737,21.5,4,1.0,-21.75,470.06,-17.57,470.89
2026-08-08 15:30:35.191,100.0,66.0,270.0,-0.0,-91.3545,40.6737,21.5,5,1.25,-21.75,470.05,-17.58,470.88
2026-08-08 15:30:39.077,100.0,66.0,276.0,9.5492,-90.8541,40.6737,22.1,1,0.25,-20.81,470.11,-17.52,470.89
2026-08-08 15:30:39.317,100.0,66.0,276.0,9.5492,-90.8541,40.6737,22.1,2,0.5,-20.8,470.07,-17.51,470.85
2026-08-08 15:30:41.828,100.0,66.0,276.0,9.5492,-90.8541,40.6737,22.1,3,0.75,-20.8,470.08,-17.52,470.86
2026-08-08 15:30:42.068,100.0,66.0,276.0,9.5492,-90.8541,40.6737,22.1,4,1.0,-20.8,470.08,-17.52,470.86
2026-08-08 15:30:42.324,100.0,66.0,276.0,9.5492,-90.8541,40.6737,22.1,5,1.25,-20.8,470.08,-17.52,470.86
2026-08-08 15:30:46.194,100.0,66.0,282.0,18.9937,-89.3582,40.6737,22.2,1,0.25,-20.1,469.84,-17.64,470.6
2026-08-08 15:30:46.450,100.0,66.0,282.0,18.9937,-89.3582,40.6737,22.2,2,0.5,-20.1,469.84,-17.64,470.6
2026-08-08 15:30:46.706,100.0,66.0,282.0,18.9937,-89.3582,40.6737,22.2,3,0.75,-20.1,469.88,-17.65,470.64
2026-08-08 15:30:46.946,100.0,66.0,282.0,18.9937,-89.3582,40.6737,22.2,4,1.0,-20.1,469.88,-17.65,470.64
2026-08-08 15:30:47.202,100.0,66.0,282.0,18.9937,-89.3582,40.6737,22.2,5,1.25,-20.1,469.91,-17.65,470.67
2026-08-08 15:30:50.944,100.0,66.0,288.0,28.2301,-86.8833,40.6737,22.6,1,0.25,-19.3,469.6,-17.82,470.33
2026-08-08 15:30:51.200,100.0,66.0,288.0,28.2301,-86.8833,40.6737,22.6,2,0.5,-19.31,469.58,-17.81,470.31
2026-08-08 15:30:51.456,100.0,66.0,288.0,28.2301,-86.8833,40.6737,22.6,3,0.75,-19.31,469.58,-17.81,470.31
2026-08-08 15:30:51.696,100.0,66.0,288.0,28.2301,-86.8833,40.6737,22.6,4,1.0,-19.31,469.55,-17.81,470.28
2026-08-08 15:30:51.952,100.0,66.0,288.0,28.2301,-86.8833,40.6737,22.6,5,1.25,-19.31,469.55,-17.81,470.28
2026-08-08 15:30:55.694,100.0,66.0,294.0,37.1572,-83.4565,40.6737,22.2,1,0.25,-18.74,469.17,-17.91,469.88
2026-08-08 15:30:55.950,100.0,66.0,294.0,37.1572,-83.4565,40.6737,22.2,2,0.5,-18.74,469.15,-17.91,469.86
2026-08-08 15:30:56.206,100.0,66.0,294.0,37.1572,-83.4565,40.6737,22.2,3,0.75,-18.74,469.15,-17.91,469.86
2026-08-08 15:30:56.446,100.0,66.0,294.0,37.1572,-83.4565,40.6737,22.2,4,1.0,-18.74,469.17,-17.9,469.88
2026-08-08 15:30:56.701,100.0,66.0,294.0,37.1572,-83.4565,40.6737,22.2,5,1.25,-18.74,469.17,-17.9,469.88
2026-08-08 15:31:00.444,100.0,66.0,300.0,45.6773,-79.1154,40.6737,22.1,1,0.25,-18.4,468.68,-18.02,469.38
2026-08-08 15:31:00.700,100.0,66.0,300.0,45.6773,-79.1154,40.6737,22.1,2,0.5,-18.41,468.72,-18.03,469.42
2026-08-08 15:31:00.955,100.0,66.0,300.0,45.6773,-79.1154,40.6737,22.1,3,0.75,-18.41,468.72,-18.03,469.42
2026-08-08 15:31:01.195,100.0,66.0,300.0,45.6773,-79.1154,40.6737,22.1,4,1.0,-18.41,468.72,-18.0,469.42
2026-08-08 15:31:01.451,100.0,66.0,300.0,45.6773,-79.1154,40.6737,22.1,5,1.25,-18.41,468.72,-18.0,469.42
2026-08-08 15:31:05.082,100.0,66.0,306.0,53.6969,-73.9074,40.6737,21.3,1,0.25,-18.04,468.26,-17.91,468.94
2026-08-08 15:31:05.322,100.0,66.0,306.0,53.6969,-73.9074,40.6737,21.3,2,0.5,-18.03,468.24,-17.91,468.92
2026-08-08 15:31:05.577,100.0,66.0,306.0,53.6969,-73.9074,40.6737,21.3,3,0.75,-18.03,468.24,-17.91,468.92
2026-08-08 15:31:05.817,100.0,66.0,306.0,53.6969,-73.9074,40.6737,21.3,4,1.0,-18.04,468.23,-17.91,468.91
2026-08-08 15:31:06.073,100.0,66.0,306.0,53.6969,-73.9074,40.6737,21.3,5,1.25,-18.04,468.23,-17.91,468.91
2026-08-08 15:31:09.703,100.0,66.0,312.0,61.1281,-67.8897,40.6737,22.7,1,0.25,-17.88,467.78,-17.92,468.46
2026-08-08 15:31:09.943,100.0,66.0,312.0,61.1281,-67.8897,40.6737,22.7,2,0.5,-17.89,467.75,-17.92,468.43
2026-08-08 15:31:10.199,100.0,66.0,312.0,61.1281,-67.8897,40.6737,22.7,3,0.75,-17.89,467.75,-17.92,468.43
2026-08-08 15:31:10.455,100.0,66.0,312.0,61.1281,-67.8897,40.6737,22.7,4,1.0,-17.88,467.74,-17.93,468.42
2026-08-08 15:31:10.695,100.0,66.0,312.0,61.1281,-67.8897,40.6737,22.7,5,1.25,-17.88,467.74,-17.93,468.42
2026-08-08 15:31:14.325,100.0,66.0,318.0,67.8897,-61.1281,40.6737,21.8,1,0.25,-18.09,467.36,-17.81,468.04
2026-08-08 15:31:14.581,100.0,66.0,318.0,67.8897,-61.1281,40.6737,21.8,2,0.5,-18.09,467.36,-17.81,468.04
2026-08-08 15:31:14.821,100.0,66.0,318.0,67.8897,-61.1281,40.6737,21.8,3,0.75,-18.1,467.29,-17.8,467.97
2026-08-08 15:31:15.077,100.0,66.0,318.0,67.8897,-61.1281,40.6737,21.8,4,1.0,-18.1,467.29,-17.8,467.97
2026-08-08 15:31:15.317,100.0,66.0,318.0,67.8897,-61.1281,40.6737,21.8,5,1.25,-18.1,467.31,-17.79,467.99
2026-08-08 15:31:21.202,100.0,66.0,324.0,73.9074,-53.6969,40.6737,20.7,1,0.25,-18.26,467.0,-17.67,467.69
2026-08-08 15:31:21.442,100.0,66.0,324.0,73.9074,-53.6969,40.6737,20.7,2,0.5,-18.25,466.98,-17.66,467.67
2026-08-08 15:31:21.698,100.0,66.0,324.0,73.9074,-53.6969,40.6737,20.7,3,0.75,-18.25,466.98,-17.66,467.67
2026-08-08 15:31:21.954,100.0,66.0,324.0,73.9074,-53.6969,40.6737,20.7,4,1.0,-18.26,466.94,-17.66,467.63
2026-08-08 15:31:22.194,100.0,66.0,324.0,73.9074,-53.6969,40.6737,20.7,5,1.25,-18.26,466.94,-17.66,467.63
2026-08-08 15:31:25.952,100.0,66.0,330.0,79.1154,-45.6773,40.6737,23.0,1,0.25,-18.25,466.58,-17.34,467.25
2026-08-08 15:31:26.192,100.0,66.0,330.0,79.1154,-45.6773,40.6737,23.0,2,0.5,-18.25,466.59,-17.35,467.26
2026-08-08 15:31:26.448,100.0,66.0,330.0,79.1154,-45.6773,40.6737,23.0,3,0.75,-18.25,466.59,-17.35,467.26
2026-08-08 15:31:26.704,100.0,66.0,330.0,79.1154,-45.6773,40.6737,23.0,4,1.0,-18.26,466.55,-17.34,467.22
2026-08-08 15:31:26.944,100.0,66.0,330.0,79.1154,-45.6773,40.6737,23.0,5,1.25,-18.26,466.55,-17.34,467.22
2026-08-08 15:31:30.702,100.0,66.0,336.0,83.4565,-37.1572,40.6737,22.0,1,0.25,-18.84,466.33,-17.32,467.03
2026-08-08 15:31:30.942,100.0,66.0,336.0,83.4565,-37.1572,40.6737,22.0,2,0.5,-18.84,466.33,-17.32,467.03
2026-08-08 15:31:31.198,100.0,66.0,336.0,83.4565,-37.1572,40.6737,22.0,3,0.75,-18.84,466.33,-17.32,467.03
2026-08-08 15:31:31.454,100.0,66.0,336.0,83.4565,-37.1572,40.6737,22.0,4,1.0,-18.83,466.29,-17.33,466.99
2026-08-08 15:31:31.694,100.0,66.0,336.0,83.4565,-37.1572,40.6737,22.0,5,1.25,-18.83,466.29,-17.33,466.99
2026-08-08 15:31:35.452,100.0,66.0,342.0,86.8833,-28.2301,40.6737,22.4,1,0.25,-19.24,466.02,-17.2,466.73
2026-08-08 15:31:35.692,100.0,66.0,342.0,86.8833,-28.2301,40.6737,22.4,2,0.5,-19.24,466.02,-17.2,466.73
2026-08-08 15:31:35.948,100.0,66.0,342.0,86.8833,-28.2301,40.6737,22.4,3,0.75,-19.23,466.0,-17.19,466.71
2026-08-08 15:31:36.204,100.0,66.0,342.0,86.8833,-28.2301,40.6737,22.4,4,1.0,-19.23,466.0,-17.19,466.71
2026-08-08 15:31:36.444,100.0,66.0,342.0,86.8833,-28.2301,40.6737,22.4,5,1.25,-19.23,465.99,-17.2,466.7
2026-08-08 15:31:40.330,100.0,66.0,348.0,89.3582,-18.9937,40.6737,22.1,1,0.25,-19.52,465.85,-17.23,466.57
2026-08-08 15:31:40.570,100.0,66.0,348.0,89.3582,-18.9937,40.6737,22.1,2,0.5,-19.51,465.83,-17.22,466.55
2026-08-08 15:31:40.826,100.0,66.0,348.0,89.3582,-18.9937,40.6737,22.1,3,0.75,-19.51,465.83,-17.22,466.55
2026-08-08 15:31:41.081,100.0,66.0,348.0,89.3582,-18.9937,40.6737,22.1,4,1.0,-19.51,465.83,-17.22,466.55
2026-08-08 15:31:41.321,100.0,66.0,348.0,89.3582,-18.9937,40.6737,22.1,5,1.25,-19.53,465.8,-17.23,466.52
2026-08-08 15:31:45.191,100.0,66.0,354.0,90.8541,-9.5492,40.6737,22.9,1,0.25,-20.17,465.71,-17.19,466.46
2026-08-08 15:31:45.447,100.0,66.0,354.0,90.8541,-9.5492,40.6737,22.9,2,0.5,-20.16,465.74,-17.2,466.49
2026-08-08 15:31:45.703,100.0,66.0,354.0,90.8541,-9.5492,40.6737,22.9,3,0.75,-20.16,465.74,-17.2,466.49
2026-08-08 15:31:45.943,100.0,66.0,354.0,90.8541,-9.5492,40.6737,22.9,4,1.0,-20.17,465.7,-17.19,466.45
2026-08-08 15:31:46.199,100.0,66.0,354.0,90.8541,-9.5492,40.6737,22.9,5,1.25,-20.17,465.7,-17.19,466.45
2026-08-08 15:31:49.829,100.0,72.0,354.0,94.5847,-9.9412,30.9017,21.7,1,0.25,-20.14,465.42,-17.02,466.16
2026-08-08 15:31:50.069,100.0,72.0,354.0,94.5847,-9.9412,30.9017,21.7,2,0.5,-20.13,465.42,-17.03,466.16
2026-08-08 15:31:50.325,100.0,72.0,354.0,94.5847,-9.9412,30.9017,21.7,3,0.75,-20.13,465.42,-17.03,466.16
2026-08-08 15:31:50.581,100.0,72.0,354.0,94.5847,-9.9412,30.9017,21.7,4,1.0,-20.13,465.4,-17.03,466.14
2026-08-08 15:31:50.821,100.0,72.0,354.0,94.5847,-9.9412,30.9017,21.7,5,1.25,-20.13,465.4,-17.03,466.14
2026-08-08 15:31:54.691,100.0,72.0,348.0,93.0274,-19.7736,30.9017,20.9,1,0.25,-19.66,465.48,-17.21,466.21
2026-08-08 15:31:54.947,100.0,72.0,348.0,93.0274,-19.7736,30.9017,20.9,2,0.5,-19.66,465.48,-17.21,466.21
2026-08-08 15:31:55.203,100.0,72.0,348.0,93.0274,-19.7736,30.9017,20.9,3,0.75,-19.65,465.46,-17.2,466.19
2026-08-08 15:31:55.443,100.0,72.0,348.0,93.0274,-19.7736,30.9017,20.9,4,1.0,-19.65,465.46,-17.2,466.19
2026-08-08 15:31:55.699,100.0,72.0,348.0,93.0274,-19.7736,30.9017,20.9,5,1.25,-19.64,465.49,-17.21,466.22
2026-08-08 15:31:59.569,100.0,72.0,342.0,90.4508,-29.3893,30.9017,21.3,1,0.25,-19.04,465.67,-17.08,466.37
2026-08-08 15:31:59.825,100.0,72.0,342.0,90.4508,-29.3893,30.9017,21.3,2,0.5,-19.06,465.66,-17.07,466.36
2026-08-08 15:32:00.081,100.0,72.0,342.0,90.4508,-29.3893,30.9017,21.3,3,0.75,-19.06,465.66,-17.07,466.36
2026-08-08 15:32:00.321,100.0,72.0,342.0,90.4508,-29.3893,30.9017,21.3,4,1.0,-19.06,465.66,-17.07,466.36
2026-08-08 15:32:00.577,100.0,72.0,342.0,90.4508,-29.3893,30.9017,21.3,5,1.25,-19.04,465.69,-17.08,466.39
2026-08-08 15:32:04.447,100.0,72.0,336.0,86.8833,-38.683,30.9017,20.5,1,0.25,-18.68,465.88,-17.24,466.57
2026-08-08 15:32:04.703,100.0,72.0,336.0,86.8833,-38.683,30.9017,20.5,2,0.5,-18.69,465.89,-17.22,466.58
2026-08-08 15:32:04.943,100.0,72.0,336.0,86.8833,-38.683,30.9017,20.5,3,0.75,-18.69,465.89,-17.22,466.58
2026-08-08 15:32:05.199,100.0,72.0,336.0,86.8833,-38.683,30.9017,20.5,4,1.0,-18.69,465.91,-17.23,466.6
2026-08-08 15:32:05.454,100.0,72.0,336.0,86.8833,-38.683,30.9017,20.5,5,1.25,-18.69,465.91,-17.23,466.6
2026-08-08 15:32:09.197,100.0,72.0,330.0,82.3639,-47.5528,30.9017,21.9,1,0.25,-18.38,466.14,-17.39,466.82
2026-08-08 15:32:09.453,100.0,72.0,330.0,82.3639,-47.5528,30.9017,21.9,2,0.5,-18.38,466.14,-17.39,466.82
2026-08-08 15:32:09.693,100.0,72.0,330.0,82.3639,-47.5528,30.9017,21.9,3,0.75,-18.38,466.14,-17.39,466.82
2026-08-08 15:32:09.948,100.0,72.0,330.0,82.3639,-47.5528,30.9017,21.9,4,1.0,-18.36,466.11,-17.4,466.79
2026-08-08 15:32:10.204,100.0,72.0,330.0,82.3639,-47.5528,30.9017,21.9,5,1.25,-18.36,466.11,-17.4,466.79
2026-08-08 15:32:13.947,100.0,72.0,324.0,76.9421,-55.9017,30.9017,21.8,1,0.25,-18.0,466.43,-17.47,467.1
2026-08-08 15:32:14.202,100.0,72.0,324.0,76.9421,-55.9017,30.9017,21.8,2,0.5,-18.0,466.43,-17.47,467.1
2026-08-08 15:32:14.442,100.0,72.0,324.0,76.9421,-55.9017,30.9017,21.8,3,0.75,-18.01,466.43,-17.49,467.1
2026-08-08 15:32:14.698,100.0,72.0,324.0,76.9421,-55.9017,30.9017,21.8,4,1.0,-18.01,466.43,-17.49,467.1
2026-08-08 15:32:14.954,100.0,72.0,324.0,76.9421,-55.9017,30.9017,21.8,5,1.25,-18.01,466.44,-17.48,467.11
2026-08-08 15:32:18.568,100.0,72.0,318.0,70.6773,-63.6381,30.9017,21.6,1,0.25,-17.58,466.81,-17.51,467.46
2026-08-08 15:32:18.824,100.0,72.0,318.0,70.6773,-63.6381,30.9017,21.6,2,0.5,-17.58,466.81,-17.51,467.46
2026-08-08 15:32:19.080,100.0,72.0,318.0,70.6773,-63.6381,30.9017,21.6,3,0.75,-17.58,466.81,-17.52,467.46
2026-08-08 15:32:19.320,100.0,72.0,318.0,70.6773,-63.6381,30.9017,21.6,4,1.0,-17.58,466.81,-17.52,467.46
2026-08-08 15:32:19.576,100.0,72.0,318.0,70.6773,-63.6381,30.9017,21.6,5,1.25,-17.58,466.81,-17.52,467.46
2026-08-08 15:32:23.190,100.0,72.0,312.0,63.6381,-70.6773,30.9017,22.1,1,0.25,-17.53,467.17,-17.49,467.82
2026-08-08 15:32:23.446,100.0,72.0,312.0,63.6381,-70.6773,30.9017,22.1,2,0.5,-17.52,467.16,-17.5,467.81
2026-08-08 15:32:23.702,100.0,72.0,312.0,63.6381,-70.6773,30.9017,22.1,3,0.75,-17.52,467.16,-17.5,467.81
2026-08-08 15:32:23.942,100.0,72.0,312.0,63.6381,-70.6773,30.9017,22.1,4,1.0,-17.51,467.15,-17.49,467.8
2026-08-08 15:32:24.198,100.0,72.0,312.0,63.6381,-70.6773,30.9017,22.1,5,1.25,-17.51,467.15,-17.49,467.8
2026-08-08 15:32:27.828,100.0,72.0,306.0,55.9017,-76.9421,30.9017,21.5,1,0.25,-17.48,467.69,-17.56,468.34
2026-08-08 15:32:28.068,100.0,72.0,306.0,55.9017,-76.9421,30.9017,21.5,2,0.5,-17.49,467.67,-17.56,468.32
2026-08-08 15:32:28.324,100.0,72.0,306.0,55.9017,-76.9421,30.9017,21.5,3,0.75,-17.49,467.67,-17.56,468.32
2026-08-08 15:32:28.580,100.0,72.0,306.0,55.9017,-76.9421,30.9017,21.5,4,1.0,-17.48,467.66,-17.56,468.31
2026-08-08 15:32:28.820,100.0,72.0,306.0,55.9017,-76.9421,30.9017,21.5,5,1.25,-17.48,467.66,-17.56,468.31
2026-08-08 15:32:32.578,100.0,72.0,300.0,47.5528,-82.3639,30.9017,20.1,1,0.25,-17.77,468.2,-17.34,468.85
2026-08-08 15:32:32.818,100.0,72.0,300.0,47.5528,-82.3639,30.9017,20.1,2,0.5,-17.77,468.19,-17.34,468.84
2026-08-08 15:32:33.074,100.0,72.0,300.0,47.5528,-82.3639,30.9017,20.1,3,0.75,-17.77,468.19,-17.34,468.84
2026-08-08 15:32:33.330,100.0,72.0,300.0,47.5528,-82.3639,30.9017,20.1,4,1.0,-17.76,468.25,-17.35,468.9
2026-08-08 15:32:33.570,100.0,72.0,300.0,47.5528,-82.3639,30.9017,20.1,5,1.25,-17.76,468.25,-17.35,468.9
2026-08-08 15:32:37.328,100.0,72.0,294.0,38.683,-86.8833,30.9017,21.2,1,0.25,-18.19,468.74,-17.26,469.41
2026-08-08 15:32:37.568,100.0,72.0,294.0,38.683,-86.8833,30.9017,21.2,2,0.5,-18.19,468.74,-17.26,469.41
2026-08-08 15:32:37.824,100.0,72.0,294.0,38.683,-86.8833,30.9017,21.2,3,0.75,-18.18,468.73,-17.27,469.4
2026-08-08 15:32:38.080,100.0,72.0,294.0,38.683,-86.8833,30.9017,21.2,4,1.0,-18.18,468.73,-17.27,469.4
2026-08-08 15:32:38.320,100.0,72.0,294.0,38.683,-86.8833,30.9017,21.2,5,1.25,-18.18,468.73,-17.27,469.4
2026-08-08 15:32:42.206,100.0,72.0,288.0,29.3893,-90.4508,30.9017,21.8,1,0.25,-18.93,469.26,-17.11,469.95
2026-08-08 15:32:42.446,100.0,72.0,288.0,29.3893,-90.4508,30.9017,21.8,2,0.5,-18.93,469.26,-17.11,469.95
2026-08-08 15:32:42.702,100.0,72.0,288.0,29.3893,-90.4508,30.9017,21.8,3,0.75,-18.94,469.24,-17.11,469.93
2026-08-08 15:32:42.942,100.0,72.0,288.0,29.3893,-90.4508,30.9017,21.8,4,1.0,-18.94,469.24,-17.11,469.93
2026-08-08 15:32:43.197,100.0,72.0,288.0,29.3893,-90.4508,30.9017,21.8,5,1.25,-18.93,469.23,-17.11,469.92
2026-08-08 15:32:47.068,100.0,72.0,282.0,19.7736,-93.0274,30.9017,21.4,1,0.25,-19.94,469.53,-17.18,470.26
2026-08-08 15:32:47.323,100.0,72.0,282.0,19.7736,-93.0274,30.9017,21.4,2,0.5,-19.95,469.51,-17.2,470.24
2026-08-08 15:32:47.579,100.0,72.0,282.0,19.7736,-93.0274,30.9017,21.4,3,0.75,-19.95,469.51,-17.2,470.24
2026-08-08 15:32:47.819,100.0,72.0,282.0,19.7736,-93.0274,30.9017,21.4,4,1.0,-19.93,469.5,-17.18,470.23
2026-08-08 15:32:48.075,100.0,72.0,282.0,19.7736,-93.0274,30.9017,21.4,5,1.25,-19.93,469.5,-17.18,470.23
2026-08-08 15:32:51.945,100.0,72.0,276.0,9.9412,-94.5847,30.9017,21.6,1,0.25,-20.78,469.82,-16.95,470.58
2026-08-08 15:32:52.201,100.0,72.0,276.0,9.9412,-94.5847,30.9017,21.6,2,0.5,-20.78,469.82,-16.95,470.58
2026-08-08 15:32:52.441,100.0,72.0,276.0,9.9412,-94.5847,30.9017,21.6,3,0.75,-20.77,469.83,-16.96,470.59
2026-08-08 15:32:52.697,100.0,72.0,276.0,9.9412,-94.5847,30.9017,21.6,4,1.0,-20.77,469.83,-16.96,470.59
2026-08-08 15:32:52.953,100.0,72.0,276.0,9.9412,-94.5847,30.9017,21.6,5,1.25,-20.76,469.79,-16.95,470.55
2026-08-08 15:32:56.823,100.0,72.0,270.0,-0.0,-95.1057,30.9017,21.8,1,0.25,-21.7,469.81,-16.88,470.61
2026-08-08 15:32:57.079,100.0,72.0,270.0,-0.0,-95.1057,30.9017,21.8,2,0.5,-21.71,469.83,-16.86,470.63
2026-08-08 15:32:57.319,100.0,72.0,270.0,-0.0,-95.1057,30.9017,21.8,3,0.75,-21.71,469.83,-16.86,470.63
2026-08-08 15:32:57.575,100.0,72.0,270.0,-0.0,-95.1057,30.9017,21.8,4,1.0,-21.7,469.85,-16.87,470.65
2026-08-08 15:32:57.831,100.0,72.0,270.0,-0.0,-95.1057,30.9017,21.8,5,1.25,-21.7,469.85,-16.87,470.65
2026-08-08 15:33:01.701,100.0,72.0,264.0,-9.9412,-94.5847,30.9017,20.3,1,0.25,-22.62,469.68,-16.77,470.52
2026-08-08 15:33:01.941,100.0,72.0,264.0,-9.9412,-94.5847,30.9017,20.3,2,0.5,-22.61,469.66,-16.77,470.5
2026-08-08 15:33:02.197,100.0,72.0,264.0,-9.9412,-94.5847,30.9017,20.3,3,0.75,-22.61,469.66,-16.77,470.5
2026-08-08 15:33:02.453,100.0,72.0,264.0,-9.9412,-94.5847,30.9017,20.3,4,1.0,-22.6,469.66,-16.76,470.5
2026-08-08 15:33:02.692,100.0,72.0,264.0,-9.9412,-94.5847,30.9017,20.3,5,1.25,-22.6,469.66,-16.76,470.5
2026-08-08 15:33:06.579,100.0,72.0,258.0,-19.7736,-93.0274,30.9017,21.8,1,0.25,-23.45,469.23,-16.77,470.11
2026-08-08 15:33:06.819,100.0,72.0,258.0,-19.7736,-93.0274,30.9017,21.8,2,0.5,-23.45,469.23,-16.77,470.11
2026-08-08 15:33:07.075,100.0,72.0,258.0,-19.7736,-93.0274,30.9017,21.8,3,0.75,-23.46,469.26,-16.77,470.14
2026-08-08 15:33:07.330,100.0,72.0,258.0,-19.7736,-93.0274,30.9017,21.8,4,1.0,-23.46,469.26,-16.77,470.14
2026-08-08 15:33:07.570,100.0,72.0,258.0,-19.7736,-93.0274,30.9017,21.8,5,1.25,-23.46,469.27,-16.77,470.15
2026-08-08 15:33:11.441,100.0,72.0,252.0,-29.3893,-90.4508,30.9017,20.7,1,0.25,-23.98,468.78,-16.58,469.68
2026-08-08 15:33:11.696,100.0,72.0,252.0,-29.3893,-90.4508,30.9017,20.7,2,0.5,-23.97,468.78,-16.58,469.68
2026-08-08 15:33:11.952,100.0,72.0,252.0,-29.3893,-90.4508,30.9017,20.7,3,0.75,-23.97,468.78,-16.58,469.68
2026-08-08 15:33:12.192,100.0,72.0,252.0,-29.3893,-90.4508,30.9017,20.7,4,1.0,-23.96,468.77,-16.58,469.67
2026-08-08 15:33:12.448,100.0,72.0,252.0,-29.3893,-90.4508,30.9017,20.7,5,1.25,-23.96,468.77,-16.58,469.67
2026-08-08 15:33:16.318,100.0,72.0,246.0,-38.683,-86.8833,30.9017,21.9,1,0.25,-24.21,468.29,-16.48,469.2
2026-08-08 15:33:16.574,100.0,72.0,246.0,-38.683,-86.8833,30.9017,21.9,2,0.5,-24.21,468.29,-16.48,469.2
2026-08-08 15:33:16.830,100.0,72.0,246.0,-38.683,-86.8833,30.9017,21.9,3,0.75,-24.21,468.31,-16.51,469.22
2026-08-08 15:33:17.070,100.0,72.0,246.0,-38.683,-86.8833,30.9017,21.9,4,1.0,-24.21,468.31,-16.51,469.22
2026-08-08 15:33:17.326,100.0,72.0,246.0,-38.683,-86.8833,30.9017,21.9,5,1.25,-24.21,468.31,-16.51,469.22
2026-08-08 15:33:21.068,100.0,72.0,240.0,-47.5528,-82.3639,30.9017,21.6,1,0.25,-24.45,467.98,-16.37,468.9
2026-08-08 15:33:21.324,100.0,72.0,240.0,-47.5528,-82.3639,30.9017,21.6,2,0.5,-24.45,467.98,-16.37,468.9
2026-08-08 15:33:21.580,100.0,72.0,240.0,-47.5528,-82.3639,30.9017,21.6,3,0.75,-24.45,467.97,-16.38,468.89
2026-08-08 15:33:21.820,100.0,72.0,240.0,-47.5528,-82.3639,30.9017,21.6,4,1.0,-24.45,467.97,-16.38,468.89
2026-08-08 15:33:22.076,100.0,72.0,240.0,-47.5528,-82.3639,30.9017,21.6,5,1.25,-24.43,467.99,-16.37,468.91
2026-08-08 15:33:25.818,100.0,72.0,234.0,-55.9017,-76.9421,30.9017,22.7,1,0.25,-24.42,467.7,-16.16,468.61
2026-08-08 15:33:26.074,100.0,72.0,234.0,-55.9017,-76.9421,30.9017,22.7,2,0.5,-24.42,467.7,-16.16,468.61
2026-08-08 15:33:26.330,100.0,72.0,234.0,-55.9017,-76.9421,30.9017,22.7,3,0.75,-24.41,467.67,-16.16,468.58
2026-08-08 15:33:26.570,100.0,72.0,234.0,-55.9017,-76.9421,30.9017,22.7,4,1.0,-24.41,467.67,-16.16,468.58
2026-08-08 15:33:26.826,100.0,72.0,234.0,-55.9017,-76.9421,30.9017,22.7,5,1.25,-24.41,467.72,-16.16,468.63
2026-08-08 15:33:30.440,100.0,72.0,228.0,-63.6381,-70.6773,30.9017,21.8,1,0.25,-24.39,467.51,-15.92,468.41
2026-08-08 15:33:30.696,100.0,72.0,228.0,-63.6381,-70.6773,30.9017,21.8,2,0.5,-24.39,467.51,-15.92,468.41
2026-08-08 15:33:30.952,100.0,72.0,228.0,-63.6381,-70.6773,30.9017,21.8,3,0.75,-24.39,467.49,-15.93,468.39
2026-08-08 15:33:31.192,100.0,72.0,228.0,-63.6381,-70.6773,30.9017,21.8,4,1.0,-24.39,467.49,-15.93,468.39
2026-08-08 15:33:31.448,100.0,72.0,228.0,-63.6381,-70.6773,30.9017,21.8,5,1.25,-24.38,467.44,-15.94,468.34
2026-08-08 15:33:35.078,100.0,72.0,222.0,-70.6773,-63.6381,30.9017,21.7,1,0.25,-24.34,467.23,-15.78,468.12
2026-08-08 15:33:35.318,100.0,72.0,222.0,-70.6773,-63.6381,30.9017,21.7,2,0.5,-24.34,467.23,-15.78,468.12
2026-08-08 15:33:35.574,100.0,72.0,222.0,-70.6773,-63.6381,30.9017,21.7,3,0.75,-24.34,467.23,-15.78,468.12
2026-08-08 15:33:35.830,100.0,72.0,222.0,-70.6773,-63.6381,30.9017,21.7,4,1.0,-24.34,467.23,-15.78,468.12
2026-08-08 15:33:36.070,100.0,72.0,222.0,-70.6773,-63.6381,30.9017,21.7,5,1.25,-24.35,467.24,-15.79,468.14
2026-08-08 15:33:39.700,100.0,72.0,216.0,-76.9421,-55.9017,30.9017,21.5,1,0.25,-24.29,467.01,-15.65,467.9
2026-08-08 15:33:39.956,100.0,72.0,216.0,-76.9421,-55.9017,30.9017,21.5,2,0.5,-24.29,467.01,-15.65,467.9
2026-08-08 15:33:40.196,100.0,72.0,216.0,-76.9421,-55.9017,30.9017,21.5,3,0.75,-24.29,467.01,-15.65,467.9
2026-08-08 15:33:40.452,100.0,72.0,216.0,-76.9421,-55.9017,30.9017,21.5,4,1.0,-24.28,466.96,-15.65,467.85
2026-08-08 15:33:40.691,100.0,72.0,216.0,-76.9421,-55.9017,30.9017,21.5,5,1.25,-24.28,466.96,-15.65,467.85
2026-08-08 15:33:44.450,100.0,72.0,210.0,-82.3639,-47.5528,30.9017,21.1,1,0.25,-24.03,466.7,-15.4,467.57
2026-08-08 15:33:44.706,100.0,72.0,210.0,-82.3639,-47.5528,30.9017,21.1,2,0.5,-24.03,466.7,-15.4,467.57
2026-08-08 15:33:44.946,100.0,72.0,210.0,-82.3639,-47.5528,30.9017,21.1,3,0.75,-24.01,466.68,-15.4,467.55
2026-08-08 15:33:45.201,100.0,72.0,210.0,-82.3639,-47.5528,30.9017,21.1,4,1.0,-24.01,466.68,-15.4,467.55
2026-08-08 15:33:45.441,100.0,72.0,210.0,-82.3639,-47.5528,30.9017,21.1,5,1.25,-24.03,466.64,-15.41,467.51
2026-08-08 15:33:49.200,100.0,72.0,204.0,-86.8833,-38.683,30.9017,21.8,1,0.25,-23.87,466.39,-15.13,467.24
2026-08-08 15:33:49.455,100.0,72.0,204.0,-86.8833,-38.683,30.9017,21.8,2,0.5,-23.87,466.39,-15.13,467.24
2026-08-08 15:33:49.695,100.0,72.0,204.0,-86.8833,-38.683,30.9017,21.8,3,0.75,-23.88,466.39,-15.14,467.24
2026-08-08 15:33:49.951,100.0,72.0,204.0,-86.8833,-38.683,30.9017,21.8,4,1.0,-23.88,466.39,-15.14,467.24
2026-08-08 15:33:50.191,100.0,72.0,204.0,-86.8833,-38.683,30.9017,21.8,5,1.25,-23.88,466.41,-15.14,467.26
2026-08-08 15:33:54.077,100.0,72.0,198.0,-90.4508,-29.3893,30.9017,21.8,1,0.25,-23.55,466.18,-14.9,467.01
2026-08-08 15:33:54.317,100.0,72.0,198.0,-90.4508,-29.3893,30.9017,21.8,2,0.5,-23.54,466.13,-14.87,466.96
2026-08-08 15:33:54.573,100.0,72.0,198.0,-90.4508,-29.3893,30.9017,21.8,3,0.75,-23.54,466.13,-14.87,466.96
2026-08-08 15:33:54.829,100.0,72.0,198.0,-90.4508,-29.3893,30.9017,21.8,4,1.0,-23.55,466.15,-14.89,466.98
2026-08-08 15:33:55.069,100.0,72.0,198.0,-90.4508,-29.3893,30.9017,21.8,5,1.25,-23.55,466.15,-14.89,466.98
2026-08-08 15:33:58.955,100.0,72.0,192.0,-93.0274,-19.7736,30.9017,21.8,1,0.25,-23.13,465.88,-14.8,466.68
2026-08-08 15:33:59.195,100.0,72.0,192.0,-93.0274,-19.7736,30.9017,21.8,2,0.5,-23.13,465.88,-14.8,466.68
2026-08-08 15:33:59.451,100.0,72.0,192.0,-93.0274,-19.7736,30.9017,21.8,3,0.75,-23.13,465.88,-14.8,466.68
2026-08-08 15:33:59.691,100.0,72.0,192.0,-93.0274,-19.7736,30.9017,21.8,4,1.0,-23.14,465.86,-14.82,466.66
2026-08-08 15:33:59.947,100.0,72.0,192.0,-93.0274,-19.7736,30.9017,21.8,5,1.25,-23.14,465.86,-14.82,466.66
2026-08-08 15:34:03.817,100.0,72.0,186.0,-94.5847,-9.9412,30.9017,21.8,1,0.25,-22.52,465.87,-14.43,466.63
2026-08-08 15:34:04.073,100.0,72.0,186.0,-94.5847,-9.9412,30.9017,21.8,2,0.5,-22.52,465.87,-14.43,466.63
2026-08-08 15:34:04.329,100.0,72.0,186.0,-94.5847,-9.9412,30.9017,21.8,3,0.75,-22.52,465.8,-14.44,466.56
2026-08-08 15:34:04.569,100.0,72.0,186.0,-94.5847,-9.9412,30.9017,21.8,4,1.0,-22.52,465.8,-14.44,466.56
2026-08-08 15:34:04.825,100.0,72.0,186.0,-94.5847,-9.9412,30.9017,21.8,5,1.25,-22.52,465.83,-14.44,466.59
2026-08-08 15:34:08.695,100.0,72.0,180.0,-95.1057,0.0,30.9017,19.5,1,0.25,-22.01,465.82,-14.25,466.55
2026-08-08 15:34:08.951,100.0,72.0,180.0,-95.1057,0.0,30.9017,19.5,2,0.5,-22.0,465.85,-14.25,466.58
2026-08-08 15:34:09.191,100.0,72.0,180.0,-95.1057,0.0,30.9017,19.5,3,0.75,-22.0,465.85,-14.25,466.58
2026-08-08 15:34:09.446,100.0,72.0,180.0,-95.1057,0.0,30.9017,19.5,4,1.0,-22.01,465.89,-14.25,466.62
2026-08-08 15:34:09.702,100.0,72.0,180.0,-95.1057,0.0,30.9017,19.5,5,1.25,-22.01,465.89,-14.25,466.62
2026-08-08 15:34:13.573,100.0,72.0,174.0,-94.5847,9.9412,30.9017,23.3,1,0.25,-21.28,465.83,-14.11,466.52
2026-08-08 15:34:13.829,100.0,72.0,174.0,-94.5847,9.9412,30.9017,23.3,2,0.5,-21.28,465.83,-14.11,466.52
2026-08-08 15:34:14.069,100.0,72.0,174.0,-94.5847,9.9412,30.9017,23.3,3,0.75,-21.26,465.85,-14.11,466.54
2026-08-08 15:34:14.324,100.0,72.0,174.0,-94.5847,9.9412,30.9017,23.3,4,1.0,-21.26,465.85,-14.11,466.54
2026-08-08 15:34:14.580,100.0,72.0,174.0,-94.5847,9.9412,30.9017,23.3,5,1.25,-21.27,465.86,-14.13,466.55
2026-08-08 15:34:18.450,100.0,72.0,168.0,-93.0274,19.7736,30.9017,23.4,1,0.25,-20.65,465.91,-13.94,466.57
2026-08-08 15:34:18.690,100.0,72.0,168.0,-93.0274,19.7736,30.9017,23.4,2,0.5,-20.65,465.87,-13.93,466.53
2026-08-08 15:34:18.946,100.0,72.0,168.0,-93.0274,19.7736,30.9017,23.4,3,0.75,-20.65,465.87,-13.93,466.53
2026-08-08 15:34:19.202,100.0,72.0,168.0,-93.0274,19.7736,30.9017,23.4,4,1.0,-20.65,465.87,-13.93,466.53
2026-08-08 15:34:19.442,100.0,72.0,168.0,-93.0274,19.7736,30.9017,23.4,5,1.25,-20.65,465.91,-13.94,466.57
2026-08-08 15:34:23.328,100.0,72.0,162.0,-90.4508,29.3893,30.9017,21.9,1,0.25,-20.01,466.27,-13.84,466.9
2026-08-08 15:34:23.568,100.0,72.0,162.0,-90.4508,29.3893,30.9017,21.9,2,0.5,-20.01,466.27,-13.85,466.9
2026-08-08 15:34:23.824,100.0,72.0,162.0,-90.4508,29.3893,30.9017,21.9,3,0.75,-20.01,466.27,-13.85,466.9
2026-08-08 15:34:24.080,100.0,72.0,162.0,-90.4508,29.3893,30.9017,21.9,4,1.0,-20.0,466.29,-13.84,466.92
2026-08-08 15:34:24.320,100.0,72.0,162.0,-90.4508,29.3893,30.9017,21.9,5,1.25,-20.0,466.29,-13.84,466.92
2026-08-08 15:34:28.190,100.0,72.0,156.0,-86.8833,38.683,30.9017,21.5,1,0.25,-19.64,466.7,-13.74,467.31
2026-08-08 15:34:28.446,100.0,72.0,156.0,-86.8833,38.683,30.9017,21.5,2,0.5,-19.64,466.7,-13.74,467.31
2026-08-08 15:34:28.702,100.0,72.0,156.0,-86.8833,38.683,30.9017,21.5,3,0.75,-19.64,466.71,-13.75,467.32
2026-08-08 15:34:28.942,100.0,72.0,156.0,-86.8833,38.683,30.9017,21.5,4,1.0,-19.64,466.71,-13.75,467.32
2026-08-08 15:34:29.198,100.0,72.0,156.0,-86.8833,38.683,30.9017,21.5,5,1.25,-19.63,466.75,-13.76,467.36
2026-08-08 15:34:32.940,100.0,72.0,150.0,-82.3639,47.5528,30.9017,22.4,1,0.25,-19.08,467.24,-13.7,467.83
2026-08-08 15:34:33.196,100.0,72.0,150.0,-82.3639,47.5528,30.9017,22.4,2,0.5,-19.08,467.24,-13.7,467.83
2026-08-08 15:34:33.452,100.0,72.0,150.0,-82.3639,47.5528,30.9017,22.4,3,0.75,-19.08,467.23,-13.69,467.81
2026-08-08 15:34:33.692,100.0,72.0,150.0,-82.3639,47.5528,30.9017,22.4,4,1.0,-19.08,467.23,-13.69,467.81
2026-08-08 15:34:33.948,100.0,72.0,150.0,-82.3639,47.5528,30.9017,22.4,5,1.25,-19.09,467.23,-13.69,467.82
2026-08-08 15:34:37.690,100.0,72.0,144.0,-76.9421,55.9017,30.9017,21.3,1,0.25,-18.85,467.76,-13.69,468.33
2026-08-08 15:34:37.946,100.0,72.0,144.0,-76.9421,55.9017,30.9017,21.3,2,0.5,-18.84,467.8,-13.7,468.37
2026-08-08 15:34:38.201,100.0,72.0,144.0,-76.9421,55.9017,30.9017,21.3,3,0.75,-18.84,467.8,-13.7,468.37
2026-08-08 15:34:38.441,100.0,72.0,144.0,-76.9421,55.9017,30.9017,21.3,4,1.0,-18.84,467.8,-13.7,468.37
2026-08-08 15:34:38.697,100.0,72.0,144.0,-76.9421,55.9017,30.9017,21.3,5,1.25,-18.84,467.78,-13.69,468.35
2026-08-08 15:34:42.328,100.0,72.0,138.0,-70.6773,63.6381,30.9017,21.2,1,0.25,-18.62,468.32,-13.87,468.89
2026-08-08 15:34:42.568,100.0,72.0,138.0,-70.6773,63.6381,30.9017,21.2,2,0.5,-18.62,468.32,-13.87,468.89
2026-08-08 15:34:42.824,100.0,72.0,138.0,-70.6773,63.6381,30.9017,21.2,3,0.75,-18.61,468.34,-13.87,468.91
2026-08-08 15:34:43.079,100.0,72.0,138.0,-70.6773,63.6381,30.9017,21.2,4,1.0,-18.61,468.34,-13.87,468.91
2026-08-08 15:34:43.319,100.0,72.0,138.0,-70.6773,63.6381,30.9017,21.2,5,1.25,-18.62,468.34,-13.86,468.91
2026-08-08 15:34:46.950,100.0,72.0,132.0,-63.6381,70.6773,30.9017,21.8,1,0.25,-18.66,468.97,-13.95,469.54
2026-08-08 15:34:47.189,100.0,72.0,132.0,-63.6381,70.6773,30.9017,21.8,2,0.5,-18.66,468.97,-13.95,469.54
2026-08-08 15:34:47.445,100.0,72.0,132.0,-63.6381,70.6773,30.9017,21.8,3,0.75,-18.67,469.0,-13.96,469.57
2026-08-08 15:34:47.701,100.0,72.0,132.0,-63.6381,70.6773,30.9017,21.8,4,1.0,-18.67,469.0,-13.96,469.57
2026-08-08 15:34:47.941,100.0,72.0,132.0,-63.6381,70.6773,30.9017,21.8,5,1.25,-18.68,468.95,-13.95,469.52
2026-08-08 15:34:51.571,100.0,72.0,126.0,-55.9017,76.9421,30.9017,22.1,1,0.25,-18.7,469.68,-14.33,470.27
2026-08-08 15:34:51.827,100.0,72.0,126.0,-55.9017,76.9421,30.9017,22.1,2,0.5,-18.7,469.68,-14.33,470.27
2026-08-08 15:34:52.067,100.0,72.0,126.0,-55.9017,76.9421,30.9017,22.1,3,0.75,-18.68,469.71,-14.35,470.3
2026-08-08 15:34:52.323,100.0,72.0,126.0,-55.9017,76.9421,30.9017,22.1,4,1.0,-18.68,469.71,-14.35,470.3
2026-08-08 15:34:52.579,100.0,72.0,126.0,-55.9017,76.9421,30.9017,22.1,5,1.25,-18.68,469.67,-14.37,470.26
2026-08-08 15:34:56.321,100.0,72.0,120.0,-47.5528,82.3639,30.9017,22.1,1,0.25,-18.89,470.45,-14.57,471.05
2026-08-08 15:34:56.577,100.0,72.0,120.0,-47.5528,82.3639,30.9017,22.1,2,0.5,-18.89,470.45,-14.57,471.05
2026-08-08 15:34:56.817,100.0,72.0,120.0,-47.5528,82.3639,30.9017,22.1,3,0.75,-18.9,470.51,-14.59,471.11
2026-08-08 15:34:57.073,100.0,72.0,120.0,-47.5528,82.3639,30.9017,22.1,4,1.0,-18.9,470.51,-14.59,471.11
2026-08-08 15:34:57.329,100.0,72.0,120.0,-47.5528,82.3639,30.9017,22.1,5,1.25,-18.91,470.45,-14.58,471.05
2026-08-08 15:35:01.071,100.0,72.0,114.0,-38.683,86.8833,30.9017,21.7,1,0.25,-19.53,471.19,-14.96,471.83
2026-08-08 15:35:01.327,100.0,72.0,114.0,-38.683,86.8833,30.9017,21.7,2,0.5,-19.53,471.19,-14.96,471.83
2026-08-08 15:35:01.567,100.0,72.0,114.0,-38.683,86.8833,30.9017,21.7,3,0.75,-19.54,471.2,-14.97,471.84
2026-08-08 15:35:01.823,100.0,72.0,114.0,-38.683,86.8833,30.9017,21.7,4,1.0,-19.54,471.2,-14.97,471.84
2026-08-08 15:35:02.079,100.0,72.0,114.0,-38.683,86.8833,30.9017,21.7,5,1.25,-19.55,471.24,-14.97,471.88
2026-08-08 15:35:05.949,100.0,72.0,108.0,-29.3893,90.4508,30.9017,22.6,1,0.25,-20.03,471.84,-15.44,472.51
2026-08-08 15:35:06.205,100.0,72.0,108.0,-29.3893,90.4508,30.9017,22.6,2,0.5,-20.02,471.86,-15.44,472.53
2026-08-08 15:35:06.445,100.0,72.0,108.0,-29.3893,90.4508,30.9017,22.6,3,0.75,-20.02,471.86,-15.44,472.53
2026-08-08 15:35:06.701,100.0,72.0,108.0,-29.3893,90.4508,30.9017,22.6,4,1.0,-20.03,471.91,-15.43,472.58
2026-08-08 15:35:06.941,100.0,72.0,108.0,-29.3893,90.4508,30.9017,22.6,5,1.25,-20.03,471.91,-15.43,472.58
2026-08-08 15:35:10.827,100.0,72.0,102.0,-19.7736,93.0274,30.9017,21.8,1,0.25,-20.66,472.36,-16.06,473.08
2026-08-08 15:35:11.067,100.0,72.0,102.0,-19.7736,93.0274,30.9017,21.8,2,0.5,-20.66,472.36,-16.06,473.08
2026-08-08 15:35:11.323,100.0,72.0,102.0,-19.7736,93.0274,30.9017,21.8,3,0.75,-20.66,472.31,-16.05,473.03
2026-08-08 15:35:11.579,100.0,72.0,102.0,-19.7736,93.0274,30.9017,21.8,4,1.0,-20.66,472.31,-16.05,473.03
2026-08-08 15:35:11.818,100.0,72.0,102.0,-19.7736,93.0274,30.9017,21.8,5,1.25,-20.64,472.29,-16.06,473.01
2026-08-08 15:35:15.705,100.0,72.0,96.0,-9.9412,94.5847,30.9017,21.9,1,0.25,-21.59,472.68,-16.47,473.45
2026-08-08 15:35:15.945,100.0,72.0,96.0,-9.9412,94.5847,30.9017,21.9,2,0.5,-21.59,472.62,-16.47,473.39
2026-08-08 15:35:16.200,100.0,72.0,96.0,-9.9412,94.5847,30.9017,21.9,3,0.75,-21.59,472.62,-16.47,473.39
2026-08-08 15:35:16.440,100.0,72.0,96.0,-9.9412,94.5847,30.9017,21.9,4,1.0,-21.59,472.62,-16.47,473.39
2026-08-08 15:35:16.696,100.0,72.0,96.0,-9.9412,94.5847,30.9017,21.9,5,1.25,-21.59,472.61,-16.47,473.38
2026-08-08 15:35:20.566,100.0,72.0,90.0,0.0,95.1057,30.9017,20.8,1,0.25,-22.53,472.59,-16.85,473.42
2026-08-08 15:35:20.822,100.0,72.0,90.0,0.0,95.1057,30.9017,20.8,2,0.5,-22.53,472.6,-16.84,473.43
2026-08-08 15:35:21.078,100.0,72.0,90.0,0.0,95.1057,30.9017,20.8,3,0.75,-22.53,472.6,-16.84,473.43
2026-08-08 15:35:21.318,100.0,72.0,90.0,0.0,95.1057,30.9017,20.8,4,1.0,-22.55,472.63,-16.86,473.46
2026-08-08 15:35:21.574,100.0,72.0,90.0,0.0,95.1057,30.9017,20.8,5,1.25,-22.55,472.63,-16.86,473.46
2026-08-08 15:35:25.444,100.0,72.0,84.0,9.9412,94.5847,30.9017,23.0,1,0.25,-23.31,472.41,-17.28,473.3
2026-08-08 15:35:25.700,100.0,72.0,84.0,9.9412,94.5847,30.9017,23.0,2,0.5,-23.31,472.41,-17.28,473.3
2026-08-08 15:35:25.940,100.0,72.0,84.0,9.9412,94.5847,30.9017,23.0,3,0.75,-23.3,472.42,-17.28,473.3
2026-08-08 15:35:26.196,100.0,72.0,84.0,9.9412,94.5847,30.9017,23.0,4,1.0,-23.3,472.42,-17.28,473.3
2026-08-08 15:35:26.452,100.0,72.0,84.0,9.9412,94.5847,30.9017,23.0,5,1.25,-23.3,472.48,-17.28,473.36
2026-08-08 15:35:30.322,100.0,72.0,78.0,19.7736,93.0274,30.9017,21.8,1,0.25,-23.81,471.99,-17.68,472.92
2026-08-08 15:35:30.578,100.0,72.0,78.0,19.7736,93.0274,30.9017,21.8,2,0.5,-23.81,471.96,-17.66,472.89
2026-08-08 15:35:30.818,100.0,72.0,78.0,19.7736,93.0274,30.9017,21.8,3,0.75,-23.81,471.96,-17.66,472.89
2026-08-08 15:35:31.074,100.0,72.0,78.0,19.7736,93.0274,30.9017,21.8,4,1.0,-23.8,471.98,-17.67,472.9
2026-08-08 15:35:31.330,100.0,72.0,78.0,19.7736,93.0274,30.9017,21.8,5,1.25,-23.8,471.98,-17.67,472.9
2026-08-08 15:35:35.200,100.0,72.0,72.0,29.3893,90.4508,30.9017,22.4,1,0.25,-24.44,471.26,-17.68,472.22
2026-08-08 15:35:35.440,100.0,72.0,72.0,29.3893,90.4508,30.9017,22.4,2,0.5,-24.44,471.26,-17.68,472.22
2026-08-08 15:35:35.696,100.0,72.0,72.0,29.3893,90.4508,30.9017,22.4,3,0.75,-24.44,471.26,-17.68,472.22
2026-08-08 15:35:35.952,100.0,72.0,72.0,29.3893,90.4508,30.9017,22.4,4,1.0,-24.44,471.25,-17.7,472.21
2026-08-08 15:35:36.191,100.0,72.0,72.0,29.3893,90.4508,30.9017,22.4,5,1.25,-24.44,471.25,-17.7,472.21
2026-08-08 15:35:40.078,100.0,72.0,66.0,38.683,86.8833,30.9017,21.5,1,0.25,-24.73,470.48,-17.87,471.46
2026-08-08 15:35:40.318,100.0,72.0,66.0,38.683,86.8833,30.9017,21.5,2,0.5,-24.73,470.48,-17.87,471.46
2026-08-08 15:35:40.573,100.0,72.0,66.0,38.683,86.8833,30.9017,21.5,3,0.75,-24.76,470.48,-17.87,471.46
2026-08-08 15:35:40.829,100.0,72.0,66.0,38.683,86.8833,30.9017,21.5,4,1.0,-24.76,470.48,-17.87,471.46
2026-08-08 15:35:41.069,100.0,72.0,66.0,38.683,86.8833,30.9017,21.5,5,1.25,-24.72,470.53,-17.87,471.51
2026-08-08 15:35:44.828,100.0,72.0,60.0,47.5528,82.3639,30.9017,22.4,1,0.25,-24.79,469.78,-17.93,470.77
2026-08-08 15:35:45.067,100.0,72.0,60.0,47.5528,82.3639,30.9017,22.4,2,0.5,-24.79,469.78,-17.93,470.77
2026-08-08 15:35:45.323,100.0,72.0,60.0,47.5528,82.3639,30.9017,22.4,3,0.75,-24.79,469.83,-17.92,470.82
2026-08-08 15:35:45.579,100.0,72.0,60.0,47.5528,82.3639,30.9017,22.4,4,1.0,-24.79,469.83,-17.92,470.82
2026-08-08 15:35:45.819,100.0,72.0,60.0,47.5528,82.3639,30.9017,22.4,5,1.25,-24.79,469.85,-17.92,470.84
2026-08-08 15:35:49.577,100.0,72.0,54.0,55.9017,76.9421,30.9017,20.8,1,0.25,-24.7,469.14,-18.15,470.14
2026-08-08 15:35:49.817,100.0,72.0,54.0,55.9017,76.9421,30.9017,20.8,2,0.5,-24.69,469.15,-18.15,470.14
2026-08-08 15:35:50.073,100.0,72.0,54.0,55.9017,76.9421,30.9017,20.8,3,0.75,-24.69,469.15,-18.15,470.14
2026-08-08 15:35:50.329,100.0,72.0,54.0,55.9017,76.9421,30.9017,20.8,4,1.0,-24.7,469.15,-18.15,470.15
2026-08-08 15:35:50.569,100.0,72.0,54.0,55.9017,76.9421,30.9017,20.8,5,1.25,-24.7,469.15,-18.15,470.15
2026-08-08 15:35:54.199,100.0,72.0,48.0,63.6381,70.6773,30.9017,21.8,1,0.25,-24.52,468.53,-17.96,469.51
2026-08-08 15:35:54.439,100.0,72.0,48.0,63.6381,70.6773,30.9017,21.8,2,0.5,-24.52,468.53,-17.96,469.51
2026-08-08 15:35:54.695,100.0,72.0,48.0,63.6381,70.6773,30.9017,21.8,3,0.75,-24.53,468.52,-17.96,469.5
2026-08-08 15:35:54.951,100.0,72.0,48.0,63.6381,70.6773,30.9017,21.8,4,1.0,-24.53,468.52,-17.96,469.5
2026-08-08 15:35:55.191,100.0,72.0,48.0,63.6381,70.6773,30.9017,21.8,5,1.25,-24.52,468.5,-17.97,469.48
2026-08-08 15:35:58.821,100.0,72.0,42.0,70.6773,63.6381,30.9017,22.3,1,0.25,-24.42,467.92,-17.95,468.9
2026-08-08 15:35:59.077,100.0,72.0,42.0,70.6773,63.6381,30.9017,22.3,2,0.5,-24.42,467.92,-17.95,468.9
2026-08-08 15:35:59.317,100.0,72.0,42.0,70.6773,63.6381,30.9017,22.3,3,0.75,-24.44,467.95,-17.95,468.93
2026-08-08 15:35:59.573,100.0,72.0,42.0,70.6773,63.6381,30.9017,22.3,4,1.0,-24.44,467.95,-17.95,468.93
2026-08-08 15:35:59.829,100.0,72.0,42.0,70.6773,63.6381,30.9017,22.3,5,1.25,-24.44,467.94,-17.95,468.92
2026-08-08 15:36:03.443,100.0,72.0,36.0,76.9421,55.9017,30.9017,22.6,1,0.25,-23.95,467.42,-17.88,468.37
2026-08-08 15:36:03.699,100.0,72.0,36.0,76.9421,55.9017,30.9017,22.6,2,0.5,-23.95,467.42,-17.88,468.37
2026-08-08 15:36:03.955,100.0,72.0,36.0,76.9421,55.9017,30.9017,22.6,3,0.75,-23.95,467.45,-17.89,468.4
2026-08-08 15:36:04.195,100.0,72.0,36.0,76.9421,55.9017,30.9017,22.6,4,1.0,-23.95,467.45,-17.89,468.4
2026-08-08 15:36:04.451,100.0,72.0,36.0,76.9421,55.9017,30.9017,22.6,5,1.25,-23.96,467.4,-17.89,468.35
2026-08-08 15:36:08.193,100.0,72.0,30.0,82.3639,47.5528,30.9017,21.8,1,0.25,-23.58,466.89,-17.83,467.82
2026-08-08 15:36:08.449,100.0,72.0,30.0,82.3639,47.5528,30.9017,21.8,2,0.5,-23.58,466.89,-17.83,467.82
2026-08-08 15:36:08.705,100.0,72.0,30.0,82.3639,47.5528,30.9017,21.8,3,0.75,-23.57,466.9,-17.81,467.83
2026-08-08 15:36:08.945,100.0,72.0,30.0,82.3639,47.5528,30.9017,21.8,4,1.0,-23.57,466.9,-17.81,467.83
2026-08-08 15:36:09.200,100.0,72.0,30.0,82.3639,47.5528,30.9017,21.8,5,1.25,-23.57,466.92,-17.83,467.85
2026-08-08 15:36:12.943,100.0,72.0,24.0,86.8833,38.683,30.9017,22.4,1,0.25,-23.15,466.35,-17.66,467.25
2026-08-08 15:36:13.199,100.0,72.0,24.0,86.8833,38.683,30.9017,22.4,2,0.5,-23.14,466.4,-17.67,467.3
2026-08-08 15:36:13.455,100.0,72.0,24.0,86.8833,38.683,30.9017,22.4,3,0.75,-23.14,466.4,-17.67,467.3
2026-08-08 15:36:13.694,100.0,72.0,24.0,86.8833,38.683,30.9017,22.4,4,1.0,-23.14,466.4,-17.67,467.3
2026-08-08 15:36:13.950,100.0,72.0,24.0,86.8833,38.683,30.9017,22.4,5,1.25,-23.14,466.43,-17.67,467.33
2026-08-08 15:36:17.821,100.0,72.0,18.0,90.4508,29.3893,30.9017,22.0,1,0.25,-22.73,466.02,-17.58,466.9
2026-08-08 15:36:18.076,100.0,72.0,18.0,90.4508,29.3893,30.9017,22.0,2,0.5,-22.73,465.95,-17.58,466.83
2026-08-08 15:36:18.316,100.0,72.0,18.0,90.4508,29.3893,30.9017,22.0,3,0.75,-22.73,465.95,-17.58,466.83
2026-08-08 15:36:18.572,100.0,72.0,18.0,90.4508,29.3893,30.9017,22.0,4,1.0,-22.74,465.98,-17.58,466.86
2026-08-08 15:36:18.828,100.0,72.0,18.0,90.4508,29.3893,30.9017,22.0,5,1.25,-22.74,465.98,-17.58,466.86
2026-08-08 15:36:22.698,100.0,72.0,12.0,93.0274,19.7736,30.9017,21.4,1,0.25,-22.07,465.73,-17.48,466.58
2026-08-08 15:36:22.954,100.0,72.0,12.0,93.0274,19.7736,30.9017,21.4,2,0.5,-22.07,465.73,-17.48,466.58
2026-08-08 15:36:23.194,100.0,72.0,12.0,93.0274,19.7736,30.9017,21.4,3,0.75,-22.08,465.71,-17.46,466.55
2026-08-08 15:36:23.450,100.0,72.0,12.0,93.0274,19.7736,30.9017,21.4,4,1.0,-22.08,465.71,-17.46,466.55
2026-08-08 15:36:23.690,100.0,72.0,12.0,93.0274,19.7736,30.9017,21.4,5,1.25,-22.07,465.7,-17.47,466.54
2026-08-08 15:36:27.576,100.0,72.0,6.0,94.5847,9.9412,30.9017,21.6,1,0.25,-21.33,465.47,-17.28,466.27
2026-08-08 15:36:27.816,100.0,72.0,6.0,94.5847,9.9412,30.9017,21.6,2,0.5,-21.35,465.46,-17.28,466.26
2026-08-08 15:36:28.072,100.0,72.0,6.0,94.5847,9.9412,30.9017,21.6,3,0.75,-21.35,465.46,-17.28,466.26
2026-08-08 15:36:28.328,100.0,72.0,6.0,94.5847,9.9412,30.9017,21.6,4,1.0,-21.34,465.47,-17.29,466.27
2026-08-08 15:36:28.568,100.0,72.0,6.0,94.5847,9.9412,30.9017,21.6,5,1.25,-21.34,465.47,-17.29,466.27
2026-08-08 15:36:32.454,100.0,72.0,0.0,95.1057,0.0,30.9017,21.0,1,0.25,-20.68,465.26,-17.24,466.03
2026-08-08 15:36:32.694,100.0,72.0,0.0,95.1057,0.0,30.9017,21.0,2,0.5,-20.68,465.26,-17.24,466.03
2026-08-08 15:36:32.950,100.0,72.0,0.0,95.1057,0.0,30.9017,21.0,3,0.75,-20.68,465.3,-17.24,466.07
2026-08-08 15:36:33.190,100.0,72.0,0.0,95.1057,0.0,30.9017,21.0,4,1.0,-20.68,465.3,-17.23,466.07
2026-08-08 15:36:33.446,100.0,72.0,0.0,95.1057,0.0,30.9017,21.0,5,1.25,-20.68,465.3,-17.23,466.07
2026-08-08 15:36:37.204,100.0,78.0,0.0,97.8148,0.0,20.7912,21.8,1,0.25,-20.81,465.14,-17.13,465.92
2026-08-08 15:36:37.444,100.0,78.0,0.0,97.8148,0.0,20.7912,21.8,2,0.5,-20.81,465.14,-17.13,465.92
2026-08-08 15:36:37.700,100.0,78.0,0.0,97.8148,0.0,20.7912,21.8,3,0.75,-20.82,465.11,-17.13,465.89
2026-08-08 15:36:37.940,100.0,78.0,0.0,97.8148,0.0,20.7912,21.8,4,1.0,-20.82,465.11,-17.13,465.89
2026-08-08 15:36:38.195,100.0,78.0,0.0,97.8148,0.0,20.7912,21.8,5,1.25,-20.8,465.19,-17.12,465.96
2026-08-08 15:36:42.066,100.0,78.0,6.0,97.2789,10.2244,20.7912,23.5,1,0.25,-21.65,465.28,-17.25,466.1
2026-08-08 15:36:42.322,100.0,78.0,6.0,97.2789,10.2244,20.7912,23.5,2,0.5,-21.65,465.26,-17.25,466.08
2026-08-08 15:36:42.577,100.0,78.0,6.0,97.2789,10.2244,20.7912,23.5,3,0.75,-21.65,465.26,-17.25,466.08
2026-08-08 15:36:42.817,100.0,78.0,6.0,97.2789,10.2244,20.7912,23.5,4,1.0,-21.65,465.26,-17.25,466.08
2026-08-08 15:36:43.073,100.0,78.0,6.0,97.2789,10.2244,20.7912,23.5,5,1.25,-21.65,465.26,-17.26,466.08
2026-08-08 15:36:46.944,100.0,78.0,12.0,95.6773,20.3368,20.7912,21.3,1,0.25,-22.53,465.53,-17.55,466.4
2026-08-08 15:36:47.199,100.0,78.0,12.0,95.6773,20.3368,20.7912,21.3,2,0.5,-22.56,465.49,-17.55,466.36
2026-08-08 15:36:47.439,100.0,78.0,12.0,95.6773,20.3368,20.7912,21.3,3,0.75,-22.56,465.49,-17.55,466.36
2026-08-08 15:36:47.695,100.0,78.0,12.0,95.6773,20.3368,20.7912,21.3,4,1.0,-22.55,465.5,-17.56,466.37
2026-08-08 15:36:47.951,100.0,78.0,12.0,95.6773,20.3368,20.7912,21.3,5,1.25,-22.55,465.5,-17.56,466.37
2026-08-08 15:36:51.821,100.0,78.0,18.0,93.0274,30.2264,20.7912,22.2,1,0.25,-22.99,465.91,-17.53,466.8
2026-08-08 15:36:52.077,100.0,78.0,18.0,93.0274,30.2264,20.7912,22.2,2,0.5,-22.99,465.91,-17.53,466.8
2026-08-08 15:36:52.317,100.0,78.0,18.0,93.0274,30.2264,20.7912,22.2,3,0.75,-22.97,465.92,-17.53,466.81
2026-08-08 15:36:52.573,100.0,78.0,18.0,93.0274,30.2264,20.7912,22.2,4,1.0,-22.97,465.92,-17.53,466.81
2026-08-08 15:36:52.829,100.0,78.0,18.0,93.0274,30.2264,20.7912,22.2,5,1.25,-22.99,465.89,-17.52,466.78
2026-08-08 15:36:56.699,100.0,78.0,24.0,89.3582,39.7848,20.7912,22.7,1,0.25,-23.56,466.41,-17.76,467.34
2026-08-08 15:36:56.939,100.0,78.0,24.0,89.3582,39.7848,20.7912,22.7,2,0.5,-23.55,466.46,-17.75,467.39
2026-08-08 15:36:57.195,100.0,78.0,24.0,89.3582,39.7848,20.7912,22.7,3,0.75,-23.55,466.46,-17.75,467.39
2026-08-08 15:36:57.451,100.0,78.0,24.0,89.3582,39.7848,20.7912,22.7,4,1.0,-23.55,466.43,-17.74,467.36
2026-08-08 15:36:57.691,100.0,78.0,24.0,89.3582,39.7848,20.7912,22.7,5,1.25,-23.55,466.43,-17.74,467.36
2026-08-08 15:37:01.449,100.0,78.0,30.0,84.7101,48.9074,20.7912,22.1,1,0.25,-24.09,466.89,-17.91,467.85
2026-08-08 15:37:01.689,100.0,78.0,30.0,84.7101,48.9074,20.7912,22.1,2,0.5,-24.1,466.89,-17.92,467.85
2026-08-08 15:37:01.945,100.0,78.0,30.0,84.7101,48.9074,20.7912,22.1,3,0.75,-24.1,466.89,-17.92,467.85
2026-08-08 15:37:02.201,100.0,78.0,30.0,84.7101,48.9074,20.7912,22.1,4,1.0,-24.1,466.88,-17.92,467.84
2026-08-08 15:37:02.441,100.0,78.0,30.0,84.7101,48.9074,20.7912,22.1,5,1.25,-24.1,466.88,-17.92,467.84
2026-08-08 15:37:06.199,100.0,78.0,36.0,79.1338,57.4941,20.7912,22.3,1,0.25,-24.2,467.25,-17.95,468.22
2026-08-08 15:37:06.439,100.0,78.0,36.0,79.1338,57.4941,20.7912,22.3,2,0.5,-24.2,467.24,-17.94,468.21
2026-08-08 15:37:06.695,100.0,78.0,36.0,79.1338,57.4941,20.7912,22.3,3,0.75,-24.2,467.24,-17.94,468.21
2026-08-08 15:37:06.951,100.0,78.0,36.0,79.1338,57.4941,20.7912,22.3,4,1.0,-24.2,467.33,-17.94,468.29
2026-08-08 15:37:07.190,100.0,78.0,36.0,79.1338,57.4941,20.7912,22.3,5,1.25,-24.2,467.33,-17.94,468.29
2026-08-08 15:37:12.811,100.0,78.0,42.0,72.6905,65.4508,20.7912,23.0,1,1.5,-24.52,467.77,-18.01,468.75
2026-08-08 15:37:12.948,100.0,78.0,42.0,72.6905,65.4508,20.7912,23.0,2,1.75,-24.52,467.77,-18.01,468.75
2026-08-08 15:37:13.204,100.0,78.0,42.0,72.6905,65.4508,20.7912,23.0,3,2.0,-24.5,467.75,-18.03,468.73
2026-08-08 15:37:13.444,100.0,78.0,42.0,72.6905,65.4508,20.7912,23.0,4,2.25,-24.5,467.75,-18.03,468.73
2026-08-08 15:37:13.699,100.0,78.0,42.0,72.6905,65.4508,20.7912,23.0,5,2.5,-24.51,467.73,-18.03,468.71
2026-08-08 15:37:17.314,100.0,78.0,48.0,65.4508,72.6905,20.7912,22.4,1,0.25,-24.81,468.26,-18.0,469.26
2026-08-08 15:37:19.825,100.0,78.0,48.0,65.4508,72.6905,20.7912,22.4,2,0.5,-24.81,468.27,-17.99,469.27
2026-08-08 15:37:20.065,100.0,78.0,48.0,65.4508,72.6905,20.7912,22.4,3,0.75,-24.82,468.32,-17.98,469.32
2026-08-08 15:37:22.575,100.0,78.0,48.0,65.4508,72.6905,20.7912,22.4,4,1.0,-24.82,468.31,-17.98,469.31
2026-08-08 15:37:22.815,100.0,78.0,48.0,65.4508,72.6905,20.7912,22.4,5,1.25,-24.82,468.31,-17.98,469.31
2026-08-08 15:37:26.574,100.0,78.0,54.0,57.4941,79.1338,20.7912,21.6,1,0.25,-25.23,468.89,-18.05,469.91
2026-08-08 15:37:26.814,100.0,78.0,54.0,57.4941,79.1338,20.7912,21.6,2,0.5,-25.22,468.89,-18.04,469.91
2026-08-08 15:37:29.324,100.0,78.0,54.0,57.4941,79.1338,20.7912,21.6,3,0.75,-25.23,468.88,-18.02,469.9
2026-08-08 15:37:29.564,100.0,78.0,54.0,57.4941,79.1338,20.7912,21.6,4,1.0,-25.24,468.89,-18.06,469.91
2026-08-08 15:37:32.075,100.0,78.0,54.0,57.4941,79.1338,20.7912,21.6,5,1.25,-25.24,468.89,-18.06,469.91
2026-08-08 15:37:35.817,100.0,78.0,60.0,48.9074,84.7101,20.7912,22.2,1,0.25,-25.25,469.57,-18.06,470.59
2026-08-08 15:37:36.073,100.0,78.0,60.0,48.9074,84.7101,20.7912,22.2,2,0.5,-25.25,469.55,-18.07,470.57
2026-08-08 15:37:36.313,100.0,78.0,60.0,48.9074,84.7101,20.7912,22.2,3,0.75,-25.25,469.54,-18.07,470.56
2026-08-08 15:37:38.824,100.0,78.0,60.0,48.9074,84.7101,20.7912,22.2,4,1.0,-25.25,469.54,-18.07,470.56
2026-08-08 15:37:39.064,100.0,78.0,60.0,48.9074,84.7101,20.7912,22.2,5,1.25,-25.25,469.54,-18.07,470.56
2026-08-08 15:37:45.077,100.0,78.0,66.0,39.7848,89.3582,20.7912,22.6,1,0.25,-25.12,470.31,-18.04,471.32
2026-08-08 15:37:45.317,100.0,78.0,66.0,39.7848,89.3582,20.7912,22.6,2,0.5,-25.13,470.3,-18.04,471.31
2026-08-08 15:37:45.573,100.0,78.0,66.0,39.7848,89.3582,20.7912,22.6,3,0.75,-25.13,470.3,-18.04,471.31
2026-08-08 15:37:45.829,100.0,78.0,66.0,39.7848,89.3582,20.7912,22.6,4,1.0,-25.13,470.29,-18.04,471.3
2026-08-08 15:37:46.069,100.0,78.0,66.0,39.7848,89.3582,20.7912,22.6,5,1.25,-25.13,470.29,-18.04,471.3
2026-08-08 15:37:49.939,100.0,78.0,72.0,30.2264,93.0274,20.7912,22.1,1,0.25,-24.84,471.15,-17.95,472.14
2026-08-08 15:37:50.195,100.0,78.0,72.0,30.2264,93.0274,20.7912,22.1,2,0.5,-24.84,471.15,-17.95,472.14
2026-08-08 15:37:50.451,100.0,78.0,72.0,30.2264,93.0274,20.7912,22.1,3,0.75,-24.81,471.19,-17.94,472.18
2026-08-08 15:37:50.691,100.0,78.0,72.0,30.2264,93.0274,20.7912,22.1,4,1.0,-24.81,471.19,-17.94,472.18
2026-08-08 15:37:50.947,100.0,78.0,72.0,30.2264,93.0274,20.7912,22.1,5,1.25,-24.8,471.19,-17.94,472.18
2026-08-08 15:37:54.817,100.0,78.0,78.0,20.3368,95.6773,20.7912,21.8,1,0.25,-24.32,471.96,-17.71,472.91
2026-08-08 15:37:55.073,100.0,78.0,78.0,20.3368,95.6773,20.7912,21.8,2,0.5,-24.33,471.99,-17.7,472.94
2026-08-08 15:37:55.329,100.0,78.0,78.0,20.3368,95.6773,20.7912,21.8,3,0.75,-24.33,471.99,-17.7,472.94
2026-08-08 15:37:55.568,100.0,78.0,78.0,20.3368,95.6773,20.7912,21.8,4,1.0,-24.33,471.99,-17.7,472.94
2026-08-08 15:37:55.824,100.0,78.0,78.0,20.3368,95.6773,20.7912,21.8,5,1.25,-24.32,471.96,-17.7,472.91
2026-08-08 15:37:59.695,100.0,78.0,84.0,10.2244,97.2789,20.7912,22.1,1,0.25,-23.21,472.46,-17.36,473.34
2026-08-08 15:37:59.951,100.0,78.0,84.0,10.2244,97.2789,20.7912,22.1,2,0.5,-23.21,472.46,-17.35,473.34
2026-08-08 15:38:00.190,100.0,78.0,84.0,10.2244,97.2789,20.7912,22.1,3,0.75,-23.21,472.46,-17.35,473.34
2026-08-08 15:38:00.446,100.0,78.0,84.0,10.2244,97.2789,20.7912,22.1,4,1.0,-23.21,472.44,-17.34,473.32
2026-08-08 15:38:00.702,100.0,78.0,84.0,10.2244,97.2789,20.7912,22.1,5,1.25,-23.21,472.44,-17.34,473.32
2026-08-08 15:38:04.572,100.0,78.0,90.0,0.0,97.8148,20.7912,21.7,1,0.25,-22.17,472.71,-16.85,473.52
2026-08-08 15:38:04.828,100.0,78.0,90.0,0.0,97.8148,20.7912,21.7,2,0.5,-22.17,472.71,-16.85,473.52
2026-08-08 15:38:05.068,100.0,78.0,90.0,0.0,97.8148,20.7912,21.7,3,0.75,-22.17,472.7,-16.85,473.51
2026-08-08 15:38:05.324,100.0,78.0,90.0,0.0,97.8148,20.7912,21.7,4,1.0,-22.17,472.7,-16.85,473.51
2026-08-08 15:38:05.564,100.0,78.0,90.0,0.0,97.8148,20.7912,21.7,5,1.25,-22.17,472.74,-16.88,473.56
2026-08-08 15:38:11.689,100.0,78.0,96.0,-10.2244,97.2789,20.7912,22.1,1,0.25,-21.15,472.7,-16.43,473.45
2026-08-08 15:38:11.945,100.0,78.0,96.0,-10.2244,97.2789,20.7912,22.1,2,0.5,-21.14,472.67,-16.44,473.42
2026-08-08 15:38:12.201,100.0,78.0,96.0,-10.2244,97.2789,20.7912,22.1,3,0.75,-21.14,472.67,-16.44,473.42
2026-08-08 15:38:12.441,100.0,78.0,96.0,-10.2244,97.2789,20.7912,22.1,4,1.0,-21.12,472.65,-16.46,473.4
2026-08-08 15:38:12.697,100.0,78.0,96.0,-10.2244,97.2789,20.7912,22.1,5,1.25,-21.12,472.65,-16.46,473.4
2026-08-08 15:38:16.567,100.0,78.0,102.0,-20.3368,95.6773,20.7912,22.9,1,0.25,-20.46,472.39,-15.98,473.1
2026-08-08 15:38:16.823,100.0,78.0,102.0,-20.3368,95.6773,20.7912,22.9,2,0.5,-20.46,472.39,-15.98,473.1
2026-08-08 15:38:17.079,100.0,78.0,102.0,-20.3368,95.6773,20.7912,22.9,3,0.75,-20.45,472.41,-15.96,473.12
2026-08-08 15:38:17.319,100.0,78.0,102.0,-20.3368,95.6773,20.7912,22.9,4,1.0,-20.45,472.41,-15.96,473.12
2026-08-08 15:38:17.575,100.0,78.0,102.0,-20.3368,95.6773,20.7912,22.9,5,1.25,-20.46,472.37,-15.98,473.08
2026-08-08 15:38:21.445,100.0,78.0,108.0,-30.2264,93.0274,20.7912,22.5,1,0.25,-19.5,471.8,-15.38,472.45
2026-08-08 15:38:21.701,100.0,78.0,108.0,-30.2264,93.0274,20.7912,22.5,2,0.5,-19.51,471.79,-15.38,472.44
2026-08-08 15:38:21.941,100.0,78.0,108.0,-30.2264,93.0274,20.7912,22.5,3,0.75,-19.51,471.79,-15.38,472.44
2026-08-08 15:38:22.197,100.0,78.0,108.0,-30.2264,93.0274,20.7912,22.5,4,1.0,-19.5,471.81,-15.38,472.46
2026-08-08 15:38:22.453,100.0,78.0,108.0,-30.2264,93.0274,20.7912,22.5,5,1.25,-19.5,471.81,-15.38,472.46
2026-08-08 15:38:26.323,100.0,78.0,114.0,-39.7848,89.3582,20.7912,21.5,1,0.25,-18.76,471.09,-14.86,471.69
2026-08-08 15:38:26.579,100.0,78.0,114.0,-39.7848,89.3582,20.7912,21.5,2,0.5,-18.76,471.09,-14.86,471.69
2026-08-08 15:38:26.819,100.0,78.0,114.0,-39.7848,89.3582,20.7912,21.5,3,0.75,-18.76,471.08,-14.87,471.68
2026-08-08 15:38:27.075,100.0,78.0,114.0,-39.7848,89.3582,20.7912,21.5,4,1.0,-18.76,471.08,-14.87,471.68
2026-08-08 15:38:27.314,100.0,78.0,114.0,-39.7848,89.3582,20.7912,21.5,5,1.25,-18.76,471.08,-14.87,471.68
2026-08-08 15:38:31.073,100.0,78.0,120.0,-48.9074,84.7101,20.7912,23.0,1,0.25,-18.29,470.24,-14.49,470.81
2026-08-08 15:38:31.329,100.0,78.0,120.0,-48.9074,84.7101,20.7912,23.0,2,0.5,-18.29,470.24,-14.49,470.81
2026-08-08 15:38:31.568,100.0,78.0,120.0,-48.9074,84.7101,20.7912,23.0,3,0.75,-18.3,470.19,-14.49,470.76
2026-08-08 15:38:31.824,100.0,78.0,120.0,-48.9074,84.7101,20.7912,23.0,4,1.0,-18.3,470.19,-14.49,470.76
2026-08-08 15:38:32.064,100.0,78.0,120.0,-48.9074,84.7101,20.7912,23.0,5,1.25,-18.31,470.2,-14.49,470.77
2026-08-08 15:38:38.078,100.0,78.0,126.0,-57.4941,79.1338,20.7912,22.6,1,0.25,-18.01,469.36,-13.99,469.91
2026-08-08 15:38:38.317,100.0,78.0,126.0,-57.4941,79.1338,20.7912,22.6,2,0.5,-18.0,469.26,-13.98,469.81
2026-08-08 15:38:38.573,100.0,78.0,126.0,-57.4941,79.1338,20.7912,22.6,3,0.75,-18.0,469.26,-13.98,469.81
2026-08-08 15:38:38.813,100.0,78.0,126.0,-57.4941,79.1338,20.7912,22.6,4,1.0,-18.01,469.3,-14.0,469.85
2026-08-08 15:38:41.324,100.0,78.0,126.0,-57.4941,79.1338,20.7912,22.6,5,1.25,-18.01,469.3,-14.0,469.85
2026-08-08 15:38:44.938,100.0,78.0,132.0,-65.4508,72.6905,20.7912,22.3,1,0.25,-17.92,468.54,-13.81,469.08
2026-08-08 15:38:45.194,100.0,78.0,132.0,-65.4508,72.6905,20.7912,22.3,2,0.5,-17.92,468.48,-13.79,469.02
2026-08-08 15:38:45.450,100.0,78.0,132.0,-65.4508,72.6905,20.7912,22.3,3,0.75,-17.92,468.48,-13.79,469.02
2026-08-08 15:38:45.690,100.0,78.0,132.0,-65.4508,72.6905,20.7912,22.3,4,1.0,-17.92,468.52,-13.8,469.06
2026-08-08 15:38:45.946,100.0,78.0,132.0,-65.4508,72.6905,20.7912,22.3,5,1.25,-17.92,468.52,-13.8,469.06
2026-08-08 15:38:49.576,100.0,78.0,138.0,-72.6905,65.4508,20.7912,21.8,1,0.25,-18.13,467.93,-13.68,468.48
2026-08-08 15:38:49.816,100.0,78.0,138.0,-72.6905,65.4508,20.7912,21.8,2,0.5,-18.13,467.95,-13.69,468.5
2026-08-08 15:38:50.072,100.0,78.0,138.0,-72.6905,65.4508,20.7912,21.8,3,0.75,-18.13,467.95,-13.69,468.5
2026-08-08 15:38:50.328,100.0,78.0,138.0,-72.6905,65.4508,20.7912,21.8,4,1.0,-18.13,467.86,-13.71,468.41
2026-08-08 15:38:50.568,100.0,78.0,138.0,-72.6905,65.4508,20.7912,21.8,5,1.25,-18.13,467.86,-13.71,468.41
2026-08-08 15:38:54.326,100.0,78.0,144.0,-79.1338,57.4941,20.7912,22.6,1,0.25,-18.26,467.41,-13.58,467.96
2026-08-08 15:38:54.566,100.0,78.0,144.0,-79.1338,57.4941,20.7912,22.6,2,0.5,-18.26,467.41,-13.57,467.96
2026-08-08 15:38:54.822,100.0,78.0,144.0,-79.1338,57.4941,20.7912,22.6,3,0.75,-18.26,467.41,-13.57,467.96
2026-08-08 15:38:55.078,100.0,78.0,144.0,-79.1338,57.4941,20.7912,22.6,4,1.0,-18.27,467.41,-13.57,467.96
2026-08-08 15:38:55.318,100.0,78.0,144.0,-79.1338,57.4941,20.7912,22.6,5,1.25,-18.27,467.41,-13.57,467.96
2026-08-08 15:38:59.076,100.0,78.0,150.0,-84.7101,48.9074,20.7912,23.0,1,0.25,-18.83,466.88,-13.59,467.45
2026-08-08 15:38:59.316,100.0,78.0,150.0,-84.7101,48.9074,20.7912,23.0,2,0.5,-18.83,466.88,-13.59,467.45
2026-08-08 15:38:59.572,100.0,78.0,150.0,-84.7101,48.9074,20.7912,23.0,3,0.75,-18.82,466.91,-13.6,467.48
2026-08-08 15:38:59.828,100.0,78.0,150.0,-84.7101,48.9074,20.7912,23.0,4,1.0,-18.82,466.91,-13.6,467.48
2026-08-08 15:39:00.068,100.0,78.0,150.0,-84.7101,48.9074,20.7912,23.0,5,1.25,-18.82,466.91,-13.6,467.48
2026-08-08 15:39:03.826,100.0,78.0,156.0,-89.3582,39.7848,20.7912,22.4,1,0.25,-19.33,466.33,-13.51,466.92
2026-08-08 15:39:04.066,100.0,78.0,156.0,-89.3582,39.7848,20.7912,22.4,2,0.5,-19.33,466.33,-13.51,466.92
2026-08-08 15:39:04.322,100.0,78.0,156.0,-89.3582,39.7848,20.7912,22.4,3,0.75,-19.31,466.34,-13.5,466.93
2026-08-08 15:39:04.577,100.0,78.0,156.0,-89.3582,39.7848,20.7912,22.4,4,1.0,-19.31,466.34,-13.5,466.93
2026-08-08 15:39:04.817,100.0,78.0,156.0,-89.3582,39.7848,20.7912,22.4,5,1.25,-19.31,466.36,-13.5,466.95
2026-08-08 15:39:08.688,100.0,78.0,162.0,-93.0274,30.2264,20.7912,22.8,1,0.25,-19.71,465.92,-13.44,466.53
2026-08-08 15:39:08.944,100.0,78.0,162.0,-93.0274,30.2264,20.7912,22.8,2,0.5,-19.72,465.94,-13.43,466.55
2026-08-08 15:39:09.199,100.0,78.0,162.0,-93.0274,30.2264,20.7912,22.8,3,0.75,-19.72,465.94,-13.43,466.55
2026-08-08 15:39:09.439,100.0,78.0,162.0,-93.0274,30.2264,20.7912,22.8,4,1.0,-19.73,465.93,-13.42,466.54
2026-08-08 15:39:09.695,100.0,78.0,162.0,-93.0274,30.2264,20.7912,22.8,5,1.25,-19.73,465.93,-13.42,466.54
2026-08-08 15:39:13.565,100.0,78.0,168.0,-95.6773,20.3368,20.7912,23.2,1,0.25,-20.4,465.65,-13.65,466.29
2026-08-08 15:39:13.821,100.0,78.0,168.0,-95.6773,20.3368,20.7912,23.2,2,0.5,-20.4,465.72,-13.65,466.36
2026-08-08 15:39:14.077,100.0,78.0,168.0,-95.6773,20.3368,20.7912,23.2,3,0.75,-20.4,465.72,-13.65,466.36
2026-08-08 15:39:14.317,100.0,78.0,168.0,-95.6773,20.3368,20.7912,23.2,4,1.0,-20.4,465.69,-13.64,466.33
2026-08-08 15:39:14.573,100.0,78.0,168.0,-95.6773,20.3368,20.7912,23.2,5,1.25,-20.4,465.69,-13.64,466.33
2026-08-08 15:39:18.443,100.0,78.0,174.0,-97.2789,10.2244,20.7912,21.7,1,0.25,-21.06,465.59,-13.73,466.26
2026-08-08 15:39:18.699,100.0,78.0,174.0,-97.2789,10.2244,20.7912,21.7,2,0.5,-21.06,465.59,-13.73,466.26
2026-08-08 15:39:18.939,100.0,78.0,174.0,-97.2789,10.2244,20.7912,21.7,3,0.75,-21.04,465.57,-13.73,466.24
2026-08-08 15:39:19.195,100.0,78.0,174.0,-97.2789,10.2244,20.7912,21.7,4,1.0,-21.04,465.57,-13.73,466.24
2026-08-08 15:39:19.451,100.0,78.0,174.0,-97.2789,10.2244,20.7912,21.7,5,1.25,-21.04,465.56,-13.72,466.23
2026-08-08 15:39:23.321,100.0,78.0,180.0,-97.8148,0.0,20.7912,23.2,1,0.25,-22.03,465.47,-13.96,466.2
2026-08-08 15:39:23.577,100.0,78.0,180.0,-97.8148,0.0,20.7912,23.2,2,0.5,-22.03,465.49,-13.97,466.22
2026-08-08 15:39:23.817,100.0,78.0,180.0,-97.8148,0.0,20.7912,23.2,3,0.75,-22.03,465.49,-13.97,466.22
2026-08-08 15:39:24.073,100.0,78.0,180.0,-97.8148,0.0,20.7912,23.2,4,1.0,-22.04,465.4,-13.96,466.13
2026-08-08 15:39:24.313,100.0,78.0,180.0,-97.8148,0.0,20.7912,23.2,5,1.25,-22.02,465.41,-13.98,466.14
2026-08-08 15:39:30.438,100.0,78.0,186.0,-97.2789,-10.2244,20.7912,22.1,1,0.25,-22.47,465.53,-14.2,466.28
2026-08-08 15:39:30.694,100.0,78.0,186.0,-97.2789,-10.2244,20.7912,22.1,2,0.5,-22.47,465.53,-14.2,466.28
2026-08-08 15:39:30.950,100.0,78.0,186.0,-97.2789,-10.2244,20.7912,22.1,3,0.75,-22.47,465.58,-14.19,466.33
2026-08-08 15:39:31.189,100.0,78.0,186.0,-97.2789,-10.2244,20.7912,22.1,4,1.0,-22.47,465.58,-14.19,466.33
2026-08-08 15:39:31.445,100.0,78.0,186.0,-97.2789,-10.2244,20.7912,22.1,5,1.25,-22.47,465.54,-14.18,466.29
2026-08-08 15:39:35.316,100.0,78.0,192.0,-95.6773,-20.3368,20.7912,22.7,1,0.25,-23.02,465.68,-14.57,466.47
2026-08-08 15:39:35.572,100.0,78.0,192.0,-95.6773,-20.3368,20.7912,22.7,2,0.5,-23.02,465.66,-14.58,466.45
2026-08-08 15:39:35.827,100.0,78.0,192.0,-95.6773,-20.3368,20.7912,22.7,3,0.75,-23.02,465.66,-14.58,466.45
2026-08-08 15:39:36.067,100.0,78.0,192.0,-95.6773,-20.3368,20.7912,22.7,4,1.0,-23.02,465.64,-14.58,466.43
2026-08-08 15:39:36.323,100.0,78.0,192.0,-95.6773,-20.3368,20.7912,22.7,5,1.25,-23.02,465.64,-14.58,466.43
2026-08-08 15:39:40.193,100.0,78.0,198.0,-93.0274,-30.2264,20.7912,22.3,1,0.25,-23.54,465.93,-14.64,466.75
2026-08-08 15:39:40.449,100.0,78.0,198.0,-93.0274,-30.2264,20.7912,22.3,2,0.5,-23.54,465.93,-14.64,466.75
2026-08-08 15:39:40.689,100.0,78.0,198.0,-93.0274,-30.2264,20.7912,22.3,3,0.75,-23.53,465.93,-14.63,466.75
2026-08-08 15:39:40.945,100.0,78.0,198.0,-93.0274,-30.2264,20.7912,22.3,4,1.0,-23.53,465.93,-14.63,466.75
2026-08-08 15:39:41.201,100.0,78.0,198.0,-93.0274,-30.2264,20.7912,22.3,5,1.25,-23.54,465.91,-14.64,466.73
2026-08-08 15:39:45.071,100.0,78.0,204.0,-89.3582,-39.7848,20.7912,22.1,1,0.25,-23.99,466.24,-14.98,467.09
2026-08-08 15:39:45.327,100.0,78.0,204.0,-89.3582,-39.7848,20.7912,22.1,2,0.5,-23.99,466.24,-14.98,467.09
2026-08-08 15:39:45.567,100.0,78.0,204.0,-89.3582,-39.7848,20.7912,22.1,3,0.75,-23.99,466.24,-14.99,467.09
2026-08-08 15:39:45.823,100.0,78.0,204.0,-89.3582,-39.7848,20.7912,22.1,4,1.0,-23.99,466.24,-14.99,467.09
2026-08-08 15:39:46.063,100.0,78.0,204.0,-89.3582,-39.7848,20.7912,22.1,5,1.25,-23.98,466.26,-14.98,467.11
2026-08-08 15:39:52.076,100.0,78.0,210.0,-84.7101,-48.9074,20.7912,21.9,1,0.25,-24.05,466.61,-15.21,467.47
2026-08-08 15:39:52.316,100.0,78.0,210.0,-84.7101,-48.9074,20.7912,21.9,2,0.5,-24.05,466.61,-15.21,467.47
2026-08-08 15:39:52.572,100.0,78.0,210.0,-84.7101,-48.9074,20.7912,21.9,3,0.75,-24.05,466.61,-15.21,467.47
2026-08-08 15:39:52.828,100.0,78.0,210.0,-84.7101,-48.9074,20.7912,21.9,4,1.0,-24.05,466.58,-15.2,467.44
2026-08-08 15:39:53.068,100.0,78.0,210.0,-84.7101,-48.9074,20.7912,21.9,5,1.25,-24.05,466.58,-15.2,467.44
2026-08-08 15:39:56.826,100.0,78.0,216.0,-79.1338,-57.4941,20.7912,22.2,1,0.25,-24.16,466.81,-15.37,467.68
2026-08-08 15:39:57.066,100.0,78.0,216.0,-79.1338,-57.4941,20.7912,22.2,2,0.5,-24.16,466.81,-15.37,467.68
2026-08-08 15:39:57.322,100.0,78.0,216.0,-79.1338,-57.4941,20.7912,22.2,3,0.75,-24.16,466.81,-15.36,467.68
2026-08-08 15:39:57.578,100.0,78.0,216.0,-79.1338,-57.4941,20.7912,22.2,4,1.0,-24.16,466.81,-15.36,467.68
2026-08-08 15:39:57.817,100.0,78.0,216.0,-79.1338,-57.4941,20.7912,22.2,5,1.25,-24.15,466.79,-15.35,467.66
2026-08-08 15:40:01.576,100.0,78.0,222.0,-72.6905,-65.4508,20.7912,22.8,1,0.25,-24.14,467.04,-15.64,467.92
2026-08-08 15:40:01.816,100.0,78.0,222.0,-72.6905,-65.4508,20.7912,22.8,2,0.5,-24.14,467.04,-15.64,467.92
2026-08-08 15:40:02.072,100.0,78.0,222.0,-72.6905,-65.4508,20.7912,22.8,3,0.75,-24.15,467.0,-15.63,467.88
2026-08-08 15:40:02.327,100.0,78.0,222.0,-72.6905,-65.4508,20.7912,22.8,4,1.0,-24.15,467.0,-15.63,467.88
2026-08-08 15:40:02.567,100.0,78.0,222.0,-72.6905,-65.4508,20.7912,22.8,5,1.25,-24.14,467.01,-15.63,467.89
2026-08-08 15:40:06.198,100.0,78.0,228.0,-65.4508,-72.6905,20.7912,22.2,1,0.25,-24.3,467.18,-16.03,468.08
2026-08-08 15:40:06.438,100.0,78.0,228.0,-65.4508,-72.6905,20.7912,22.2,2,0.5,-24.3,467.18,-16.03,468.08
2026-08-08 15:40:06.693,100.0,78.0,228.0,-65.4508,-72.6905,20.7912,22.2,3,0.75,-24.3,467.1,-16.05,468.0
2026-08-08 15:40:06.949,100.0,78.0,228.0,-65.4508,-72.6905,20.7912,22.2,4,1.0,-24.3,467.1,-16.05,468.0
2026-08-08 15:40:07.189,100.0,78.0,228.0,-65.4508,-72.6905,20.7912,22.2,5,1.25,-24.29,467.1,-16.04,468.0
2026-08-08 15:40:12.810,100.0,78.0,234.0,-57.4941,-79.1338,20.7912,22.6,1,1.5,-24.28,467.36,-16.18,468.26
2026-08-08 15:40:12.947,100.0,78.0,234.0,-57.4941,-79.1338,20.7912,22.6,2,1.75,-24.28,467.36,-16.18,468.26
2026-08-08 15:40:13.203,100.0,78.0,234.0,-57.4941,-79.1338,20.7912,22.6,3,2.0,-24.28,467.36,-16.18,468.26
2026-08-08 15:40:13.443,100.0,78.0,234.0,-57.4941,-79.1338,20.7912,22.6,4,2.25,-24.28,467.38,-16.18,468.28
2026-08-08 15:40:13.698,100.0,78.0,234.0,-57.4941,-79.1338,20.7912,22.6,5,2.5,-24.28,467.38,-16.18,468.28
2026-08-08 15:40:17.441,100.0,78.0,240.0,-48.9074,-84.7101,20.7912,,1,0.25,-24.55,467.71,-16.48,468.64
2026-08-08 15:40:17.697,100.0,78.0,240.0,-48.9074,-84.7101,20.7912,,2,0.5,-24.56,467.69,-16.48,468.62
2026-08-08 15:40:17.952,100.0,78.0,240.0,-48.9074,-84.7101,20.7912,,3,0.75,-24.56,467.69,-16.48,468.62
2026-08-08 15:40:18.192,100.0,78.0,240.0,-48.9074,-84.7101,20.7912,,4,1.0,-24.55,467.67,-16.51,468.6
2026-08-08 15:40:18.448,100.0,78.0,240.0,-48.9074,-84.7101,20.7912,,5,1.25,-24.55,467.67,-16.51,468.6
2026-08-08 15:40:22.191,100.0,78.0,246.0,-39.7848,-89.3582,20.7912,22.2,1,0.25,-24.41,468.06,-16.49,468.98
2026-08-08 15:40:22.446,100.0,78.0,246.0,-39.7848,-89.3582,20.7912,22.2,2,0.5,-24.41,468.04,-16.48,468.96
2026-08-08 15:40:22.702,100.0,78.0,246.0,-39.7848,-89.3582,20.7912,22.2,3,0.75,-24.41,468.04,-16.48,468.96
2026-08-08 15:40:22.942,100.0,78.0,246.0,-39.7848,-89.3582,20.7912,22.2,4,1.0,-24.41,468.05,-16.49,468.97
2026-08-08 15:40:23.198,100.0,78.0,246.0,-39.7848,-89.3582,20.7912,22.2,5,1.25,-24.41,468.05,-16.49,468.97
2026-08-08 15:40:27.068,100.0,78.0,252.0,-30.2264,-93.0274,20.7912,23.0,1,0.25,-24.04,468.55,-16.57,469.45
2026-08-08 15:40:27.324,100.0,78.0,252.0,-30.2264,-93.0274,20.7912,23.0,2,0.5,-24.04,468.55,-16.57,469.45
2026-08-08 15:40:27.564,100.0,78.0,252.0,-30.2264,-93.0274,20.7912,23.0,3,0.75,-24.04,468.52,-16.58,469.42
2026-08-08 15:40:27.820,100.0,78.0,252.0,-30.2264,-93.0274,20.7912,23.0,4,1.0,-24.04,468.52,-16.58,469.42
2026-08-08 15:40:28.076,100.0,78.0,252.0,-30.2264,-93.0274,20.7912,23.0,5,1.25,-24.03,468.52,-16.58,469.42
2026-08-08 15:40:31.946,100.0,78.0,258.0,-20.3368,-95.6773,20.7912,22.9,1,0.25,-23.45,469.1,-16.68,469.98
2026-08-08 15:40:32.202,100.0,78.0,258.0,-20.3368,-95.6773,20.7912,22.9,2,0.5,-23.44,469.03,-16.67,469.91
2026-08-08 15:40:32.442,100.0,78.0,258.0,-20.3368,-95.6773,20.7912,22.9,3,0.75,-23.44,469.03,-16.67,469.91
2026-08-08 15:40:32.698,100.0,78.0,258.0,-20.3368,-95.6773,20.7912,22.9,4,1.0,-23.44,469.1,-16.67,469.98
2026-08-08 15:40:32.938,100.0,78.0,258.0,-20.3368,-95.6773,20.7912,22.9,5,1.25,-23.44,469.1,-16.67,469.98
2026-08-08 15:40:36.824,100.0,78.0,264.0,-10.2244,-97.2789,20.7912,22.0,1,0.25,-22.65,469.5,-16.54,470.33
2026-08-08 15:40:37.064,100.0,78.0,264.0,-10.2244,-97.2789,20.7912,22.0,2,0.5,-22.65,469.5,-16.54,470.33
2026-08-08 15:40:37.320,100.0,78.0,264.0,-10.2244,-97.2789,20.7912,22.0,3,0.75,-22.65,469.5,-16.54,470.33
2026-08-08 15:40:37.576,100.0,78.0,264.0,-10.2244,-97.2789,20.7912,22.0,4,1.0,-22.66,469.5,-16.54,470.33
2026-08-08 15:40:37.815,100.0,78.0,264.0,-10.2244,-97.2789,20.7912,22.0,5,1.25,-22.66,469.5,-16.54,470.33
2026-08-08 15:40:41.702,100.0,78.0,270.0,-0.0,-97.8148,20.7912,21.8,1,0.25,-21.71,469.71,-16.52,470.5
2026-08-08 15:40:41.942,100.0,78.0,270.0,-0.0,-97.8148,20.7912,21.8,2,0.5,-21.71,469.71,-16.52,470.5
2026-08-08 15:40:42.198,100.0,78.0,270.0,-0.0,-97.8148,20.7912,21.8,3,0.75,-21.71,469.66,-16.5,470.45
2026-08-08 15:40:42.437,100.0,78.0,270.0,-0.0,-97.8148,20.7912,21.8,4,1.0,-21.71,469.66,-16.5,470.45
2026-08-08 15:40:42.693,100.0,78.0,270.0,-0.0,-97.8148,20.7912,21.8,5,1.25,-21.72,469.7,-16.5,470.49
2026-08-08 15:40:46.564,100.0,78.0,276.0,10.2244,-97.2789,20.7912,22.3,1,0.25,-20.48,469.67,-16.54,470.4
2026-08-08 15:40:46.819,100.0,78.0,276.0,10.2244,-97.2789,20.7912,22.3,2,0.5,-20.47,469.67,-16.54,470.4
2026-08-08 15:40:47.075,100.0,78.0,276.0,10.2244,-97.2789,20.7912,22.3,3,0.75,-20.47,469.67,-16.54,470.4
2026-08-08 15:40:47.315,100.0,78.0,276.0,10.2244,-97.2789,20.7912,22.3,4,1.0,-20.48,469.68,-16.54,470.41
2026-08-08 15:40:47.571,100.0,78.0,276.0,10.2244,-97.2789,20.7912,22.3,5,1.25,-20.48,469.68,-16.54,470.41
2026-08-08 15:40:51.441,100.0,78.0,282.0,20.3368,-95.6773,20.7912,22.4,1,0.25,-19.39,469.42,-16.71,470.11
2026-08-08 15:40:51.697,100.0,78.0,282.0,20.3368,-95.6773,20.7912,22.4,2,0.5,-19.39,469.42,-16.71,470.11
2026-08-08 15:40:51.937,100.0,78.0,282.0,20.3368,-95.6773,20.7912,22.4,3,0.75,-19.39,469.4,-16.71,470.09
2026-08-08 15:40:52.193,100.0,78.0,282.0,20.3368,-95.6773,20.7912,22.4,4,1.0,-19.39,469.4,-16.71,470.09
2026-08-08 15:40:52.449,100.0,78.0,282.0,20.3368,-95.6773,20.7912,22.4,5,1.25,-19.38,469.44,-16.71,470.13
2026-08-08 15:40:56.319,100.0,78.0,288.0,30.2264,-93.0274,20.7912,23.6,1,0.25,-18.35,468.96,-16.73,469.61
2026-08-08 15:40:56.575,100.0,78.0,288.0,30.2264,-93.0274,20.7912,23.6,2,0.5,-18.35,468.96,-16.73,469.61
2026-08-08 15:40:56.815,100.0,78.0,288.0,30.2264,-93.0274,20.7912,23.6,3,0.75,-18.35,468.92,-16.74,469.57
2026-08-08 15:40:57.071,100.0,78.0,288.0,30.2264,-93.0274,20.7912,23.6,4,1.0,-18.35,468.92,-16.74,469.57
2026-08-08 15:40:57.327,100.0,78.0,288.0,30.2264,-93.0274,20.7912,23.6,5,1.25,-18.35,468.93,-16.73,469.58
2026-08-08 15:41:01.197,100.0,78.0,294.0,39.7848,-89.3582,20.7912,22.5,1,0.25,-17.61,468.44,-16.75,469.07
2026-08-08 15:41:01.437,100.0,78.0,294.0,39.7848,-89.3582,20.7912,22.5,2,0.5,-17.6,468.38,-16.75,469.0
2026-08-08 15:41:01.693,100.0,78.0,294.0,39.7848,-89.3582,20.7912,22.5,3,0.75,-17.6,468.38,-16.75,469.0
2026-08-08 15:41:01.949,100.0,78.0,294.0,39.7848,-89.3582,20.7912,22.5,4,1.0,-17.61,468.42,-16.74,469.04
2026-08-08 15:41:02.189,100.0,78.0,294.0,39.7848,-89.3582,20.7912,22.5,5,1.25,-17.61,468.42,-16.74,469.04
2026-08-08 15:41:05.947,100.0,78.0,300.0,48.9074,-84.7101,20.7912,21.3,1,0.25,-17.18,467.76,-16.89,468.38
2026-08-08 15:41:06.187,100.0,78.0,300.0,48.9074,-84.7101,20.7912,21.3,2,0.5,-17.17,467.74,-16.89,468.35
2026-08-08 15:41:06.443,100.0,78.0,300.0,48.9074,-84.7101,20.7912,21.3,3,0.75,-17.17,467.74,-16.89,468.35
2026-08-08 15:41:06.699,100.0,78.0,300.0,48.9074,-84.7101,20.7912,21.3,4,1.0,-17.15,467.78,-16.88,468.39
2026-08-08 15:41:06.938,100.0,78.0,300.0,48.9074,-84.7101,20.7912,21.3,5,1.25,-17.15,467.78,-16.88,468.39
2026-08-08 15:41:10.697,100.0,78.0,306.0,57.4941,-79.1338,20.7912,22.2,1,0.25,-16.82,467.2,-16.96,467.81
2026-08-08 15:41:10.953,100.0,78.0,306.0,57.4941,-79.1338,20.7912,22.2,2,0.5,-16.82,467.2,-16.96,467.81
2026-08-08 15:41:11.193,100.0,78.0,306.0,57.4941,-79.1338,20.7912,22.2,3,0.75,-16.83,467.19,-16.95,467.8
2026-08-08 15:41:11.448,100.0,78.0,306.0,57.4941,-79.1338,20.7912,22.2,4,1.0,-16.83,467.19,-16.95,467.8
2026-08-08 15:41:11.688,100.0,78.0,306.0,57.4941,-79.1338,20.7912,22.2,5,1.25,-16.83,467.19,-16.95,467.8
2026-08-08 15:41:17.310,100.0,78.0,312.0,65.4508,-72.6905,20.7912,22.6,1,1.5,-16.82,466.58,-17.0,467.19
2026-08-08 15:41:17.446,100.0,78.0,312.0,65.4508,-72.6905,20.7912,22.6,2,1.75,-16.82,466.6,-17.0,467.21
2026-08-08 15:41:17.702,100.0,78.0,312.0,65.4508,-72.6905,20.7912,22.6,3,2.0,-16.82,466.6,-17.0,467.21
2026-08-08 15:41:17.942,100.0,78.0,312.0,65.4508,-72.6905,20.7912,22.6,4,2.25,-16.81,466.62,-17.01,467.23
2026-08-08 15:41:18.197,100.0,78.0,312.0,65.4508,-72.6905,20.7912,22.6,5,2.5,-16.81,466.62,-17.01,467.23
2026-08-08 15:41:21.812,100.0,78.0,318.0,72.6905,-65.4508,20.7912,22.6,1,0.25,-17.14,466.17,-17.04,466.79
2026-08-08 15:41:24.323,100.0,78.0,318.0,72.6905,-65.4508,20.7912,22.6,2,0.5,-17.13,466.18,-17.04,466.8
2026-08-08 15:41:24.562,100.0,78.0,318.0,72.6905,-65.4508,20.7912,22.6,3,0.75,-17.14,466.25,-17.04,466.87
2026-08-08 15:41:27.073,100.0,78.0,318.0,72.6905,-65.4508,20.7912,22.6,4,1.0,-17.14,466.25,-17.04,466.87
2026-08-08 15:41:27.313,100.0,78.0,318.0,72.6905,-65.4508,20.7912,22.6,5,1.25,-17.15,466.29,-17.04,466.91
2026-08-08 15:41:31.072,100.0,78.0,324.0,79.1338,-57.4941,20.7912,22.3,1,0.25,-17.53,465.83,-17.04,466.47
2026-08-08 15:41:31.327,100.0,78.0,324.0,79.1338,-57.4941,20.7912,22.3,2,0.5,-17.53,465.83,-17.04,466.47
2026-08-08 15:41:31.567,100.0,78.0,324.0,79.1338,-57.4941,20.7912,22.3,3,0.75,-17.54,465.84,-17.02,466.48
2026-08-08 15:41:31.823,100.0,78.0,324.0,79.1338,-57.4941,20.7912,22.3,4,1.0,-17.54,465.84,-17.02,466.48
2026-08-08 15:41:32.063,100.0,78.0,324.0,79.1338,-57.4941,20.7912,22.3,5,1.25,-17.52,465.88,-17.02,466.51
2026-08-08 15:41:35.821,100.0,78.0,330.0,84.7101,-48.9074,20.7912,22.4,1,0.25,-17.91,465.63,-17.1,466.28
2026-08-08 15:41:36.077,100.0,78.0,330.0,84.7101,-48.9074,20.7912,22.4,2,0.5,-17.91,465.63,-17.1,466.28
2026-08-08 15:41:36.317,100.0,78.0,330.0,84.7101,-48.9074,20.7912,22.4,3,0.75,-17.91,465.63,-17.11,466.28
2026-08-08 15:41:36.573,100.0,78.0,330.0,84.7101,-48.9074,20.7912,22.4,4,1.0,-17.91,465.63,-17.11,466.28
2026-08-08 15:41:36.813,100.0,78.0,330.0,84.7101,-48.9074,20.7912,22.4,5,1.25,-17.92,465.66,-17.1,466.31
2026-08-08 15:41:40.571,100.0,78.0,336.0,89.3582,-39.7848,20.7912,21.4,1,0.25,-18.38,465.46,-17.0,466.13
2026-08-08 15:41:40.827,100.0,78.0,336.0,89.3582,-39.7848,20.7912,21.4,2,0.5,-18.39,465.4,-16.99,466.07
2026-08-08 15:41:41.067,100.0,78.0,336.0,89.3582,-39.7848,20.7912,21.4,3,0.75,-18.39,465.4,-16.99,466.07
2026-08-08 15:41:41.323,100.0,78.0,336.0,89.3582,-39.7848,20.7912,21.4,4,1.0,-18.39,465.4,-16.99,466.07
2026-08-08 15:41:41.563,100.0,78.0,336.0,89.3582,-39.7848,20.7912,21.4,5,1.25,-18.38,465.38,-16.99,466.05
2026-08-08 15:41:45.449,100.0,78.0,342.0,93.0274,-30.2264,20.7912,22.2,1,0.25,-18.87,465.33,-16.82,466.01
2026-08-08 15:41:45.689,100.0,78.0,342.0,93.0274,-30.2264,20.7912,22.2,2,0.5,-18.87,465.3,-16.81,465.98
2026-08-08 15:41:45.945,100.0,78.0,342.0,93.0274,-30.2264,20.7912,22.2,3,0.75,-18.87,465.3,-16.81,465.98
2026-08-08 15:41:46.201,100.0,78.0,342.0,93.0274,-30.2264,20.7912,22.2,4,1.0,-18.87,465.28,-16.83,465.96
2026-08-08 15:41:46.441,100.0,78.0,342.0,93.0274,-30.2264,20.7912,22.2,5,1.25,-18.87,465.28,-16.83,465.96
2026-08-08 15:41:50.327,100.0,78.0,348.0,95.6773,-20.3368,20.7912,22.5,1,0.25,-19.51,465.18,-16.99,465.89
2026-08-08 15:41:50.567,100.0,78.0,348.0,95.6773,-20.3368,20.7912,22.5,2,0.5,-19.51,465.18,-16.99,465.89
2026-08-08 15:41:50.823,100.0,78.0,348.0,95.6773,-20.3368,20.7912,22.5,3,0.75,-19.51,465.18,-16.98,465.89
2026-08-08 15:41:51.062,100.0,78.0,348.0,95.6773,-20.3368,20.7912,22.5,4,1.0,-19.5,465.12,-16.98,465.83
2026-08-08 15:41:53.573,100.0,78.0,348.0,95.6773,-20.3368,20.7912,22.5,5,1.25,-19.5,465.12,-16.98,465.83
2026-08-08 15:41:57.444,100.0,78.0,354.0,97.2789,-10.2244,20.7912,21.6,1,0.25,-20.04,465.05,-16.91,465.78
2026-08-08 15:41:57.699,100.0,78.0,354.0,97.2789,-10.2244,20.7912,21.6,2,0.5,-20.04,465.05,-16.91,465.78
2026-08-08 15:41:57.939,100.0,78.0,354.0,97.2789,-10.2244,20.7912,21.6,3,0.75,-20.04,465.05,-16.91,465.78
2026-08-08 15:41:58.195,100.0,78.0,354.0,97.2789,-10.2244,20.7912,21.6,4,1.0,-20.03,465.01,-16.91,465.74
2026-08-08 15:41:58.451,100.0,78.0,354.0,97.2789,-10.2244,20.7912,21.6,5,1.25,-20.03,465.01,-16.91,465.74
2026-08-08 15:42:02.193,100.0,84.0,354.0,98.9074,-10.3956,10.4528,21.1,1,0.25,-20.35,465.01,-16.85,465.75
2026-08-08 15:42:02.449,100.0,84.0,354.0,98.9074,-10.3956,10.4528,21.1,2,0.5,-20.35,465.01,-16.85,465.75
2026-08-08 15:42:02.689,100.0,84.0,354.0,98.9074,-10.3956,10.4528,21.1,3,0.75,-20.36,465.0,-16.85,465.75
2026-08-08 15:42:02.945,100.0,84.0,354.0,98.9074,-10.3956,10.4528,21.1,4,1.0,-20.36,465.0,-16.85,465.75
2026-08-08 15:42:03.201,100.0,84.0,354.0,98.9074,-10.3956,10.4528,21.1,5,1.25,-20.36,464.96,-16.85,465.71
2026-08-08 15:42:07.071,100.0,84.0,348.0,97.2789,-20.6773,10.4528,21.9,1,0.25,-19.61,465.04,-16.82,465.75
2026-08-08 15:42:07.327,100.0,84.0,348.0,97.2789,-20.6773,10.4528,21.9,2,0.5,-19.61,465.04,-16.82,465.75
2026-08-08 15:42:07.567,100.0,84.0,348.0,97.2789,-20.6773,10.4528,21.9,3,0.75,-19.61,465.01,-16.81,465.72
2026-08-08 15:42:07.823,100.0,84.0,348.0,97.2789,-20.6773,10.4528,21.9,4,1.0,-19.61,465.01,-16.81,465.72
2026-08-08 15:42:08.063,100.0,84.0,348.0,97.2789,-20.6773,10.4528,21.9,5,1.25,-19.62,465.0,-16.83,465.71
2026-08-08 15:42:11.949,100.0,84.0,342.0,94.5847,-30.7324,10.4528,22.5,1,0.25,-19.05,465.12,-16.68,465.8
2026-08-08 15:42:12.189,100.0,84.0,342.0,94.5847,-30.7324,10.4528,22.5,2,0.5,-19.04,465.12,-16.66,465.8
2026-08-08 15:42:12.445,100.0,84.0,342.0,94.5847,-30.7324,10.4528,22.5,3,0.75,-19.04,465.12,-16.66,465.8
2026-08-08 15:42:12.701,100.0,84.0,342.0,94.5847,-30.7324,10.4528,22.5,4,1.0,-19.05,465.15,-16.67,465.83
2026-08-08 15:42:12.941,100.0,84.0,342.0,94.5847,-30.7324,10.4528,22.5,5,1.25,-19.05,465.15,-16.67,465.83
2026-08-08 15:42:16.827,100.0,84.0,336.0,90.8541,-40.4508,10.4528,22.4,1,0.25,-18.31,465.23,-16.64,465.88
2026-08-08 15:42:17.067,100.0,84.0,336.0,90.8541,-40.4508,10.4528,22.4,2,0.5,-18.31,465.23,-16.64,465.88
2026-08-08 15:42:17.323,100.0,84.0,336.0,90.8541,-40.4508,10.4528,22.4,3,0.75,-18.32,465.21,-16.65,465.86
2026-08-08 15:42:17.563,100.0,84.0,336.0,90.8541,-40.4508,10.4528,22.4,4,1.0,-18.32,465.21,-16.65,465.86
2026-08-08 15:42:17.818,100.0,84.0,336.0,90.8541,-40.4508,10.4528,22.4,5,1.25,-18.31,465.2,-16.64,465.85
2026-08-08 15:42:21.689,100.0,84.0,330.0,86.1281,-49.7261,10.4528,22.5,1,0.25,-17.69,465.32,-16.53,465.94
2026-08-08 15:42:21.945,100.0,84.0,330.0,86.1281,-49.7261,10.4528,22.5,2,0.5,-17.69,465.28,-16.52,465.9
2026-08-08 15:42:22.200,100.0,84.0,330.0,86.1281,-49.7261,10.4528,22.5,3,0.75,-17.69,465.28,-16.52,465.9
2026-08-08 15:42:22.440,100.0,84.0,330.0,86.1281,-49.7261,10.4528,22.5,4,1.0,-17.69,465.29,-16.52,465.91
2026-08-08 15:42:22.696,100.0,84.0,330.0,86.1281,-49.7261,10.4528,22.5,5,1.25,-17.69,465.29,-16.52,465.91
2026-08-08 15:42:26.438,100.0,84.0,324.0,80.4585,-58.4565,10.4528,,1,0.25,-17.34,465.46,-16.46,466.07
2026-08-08 15:42:26.694,100.0,84.0,324.0,80.4585,-58.4565,10.4528,,2,0.5,-17.33,465.48,-16.46,466.09
2026-08-08 15:42:26.950,100.0,84.0,324.0,80.4585,-58.4565,10.4528,,3,0.75,-17.33,465.48,-16.46,466.09
2026-08-08 15:42:27.190,100.0,84.0,324.0,80.4585,-58.4565,10.4528,,4,1.0,-17.34,465.47,-16.46,466.08
2026-08-08 15:42:27.446,100.0,84.0,324.0,80.4585,-58.4565,10.4528,,5,1.25,-17.34,465.47,-16.46,466.08
2026-08-08 15:42:31.188,100.0,84.0,318.0,73.9074,-66.5465,10.4528,21.5,1,0.25,-16.88,465.82,-16.29,466.41
2026-08-08 15:42:31.444,100.0,84.0,318.0,73.9074,-66.5465,10.4528,21.5,2,0.5,-16.88,465.74,-16.29,466.33
2026-08-08 15:42:31.700,100.0,84.0,318.0,73.9074,-66.5465,10.4528,21.5,3,0.75,-16.88,465.74,-16.29,466.33
2026-08-08 15:42:31.940,100.0,84.0,318.0,73.9074,-66.5465,10.4528,21.5,4,1.0,-16.89,465.81,-16.3,466.4
2026-08-08 15:42:32.196,100.0,84.0,318.0,73.9074,-66.5465,10.4528,21.5,5,1.25,-16.89,465.81,-16.3,466.4
2026-08-08 15:42:35.826,100.0,84.0,312.0,66.5465,-73.9074,10.4528,21.5,1,0.25,-16.49,466.21,-16.11,466.77
2026-08-08 15:42:36.066,100.0,84.0,312.0,66.5465,-73.9074,10.4528,21.5,2,0.5,-16.48,466.21,-16.09,466.77
2026-08-08 15:42:36.322,100.0,84.0,312.0,66.5465,-73.9074,10.4528,21.5,3,0.75,-16.48,466.21,-16.09,466.77
2026-08-08 15:42:36.562,100.0,84.0,312.0,66.5465,-73.9074,10.4528,21.5,4,1.0,-16.46,466.34,-16.1,466.9
2026-08-08 15:42:39.073,100.0,84.0,312.0,66.5465,-73.9074,10.4528,21.5,5,1.25,-16.46,466.34,-16.1,466.9
2026-08-08 15:42:42.815,100.0,84.0,306.0,58.4565,-80.4585,10.4528,21.9,1,0.25,-16.64,466.76,-15.96,467.32
2026-08-08 15:42:43.071,100.0,84.0,306.0,58.4565,-80.4585,10.4528,21.9,2,0.5,-16.64,466.76,-15.96,467.32
2026-08-08 15:42:43.327,100.0,84.0,306.0,58.4565,-80.4585,10.4528,21.9,3,0.75,-16.64,466.76,-15.96,467.32
2026-08-08 15:42:43.567,100.0,84.0,306.0,58.4565,-80.4585,10.4528,21.9,4,1.0,-16.64,466.76,-15.96,467.32
2026-08-08 15:42:43.823,100.0,84.0,306.0,58.4565,-80.4585,10.4528,21.9,5,1.25,-16.64,466.78,-15.96,467.34
2026-08-08 15:42:47.565,100.0,84.0,300.0,49.7261,-86.1281,10.4528,22.0,1,0.25,-16.94,467.41,-15.66,467.97
2026-08-08 15:42:47.821,100.0,84.0,300.0,49.7261,-86.1281,10.4528,22.0,2,0.5,-16.94,467.41,-15.66,467.97
2026-08-08 15:42:48.077,100.0,84.0,300.0,49.7261,-86.1281,10.4528,22.0,3,0.75,-16.94,467.4,-15.65,467.96
2026-08-08 15:42:48.317,100.0,84.0,300.0,49.7261,-86.1281,10.4528,22.0,4,1.0,-16.94,467.4,-15.65,467.96
2026-08-08 15:42:48.573,100.0,84.0,300.0,49.7261,-86.1281,10.4528,22.0,5,1.25,-16.93,467.38,-15.65,467.94
2026-08-08 15:42:54.309,100.0,84.0,294.0,40.4508,-90.8541,10.4528,21.8,1,1.5,-17.55,468.06,-15.61,468.64
2026-08-08 15:42:54.442,100.0,84.0,294.0,40.4508,-90.8541,10.4528,21.8,2,1.75,-17.55,468.06,-15.61,468.64
2026-08-08 15:42:54.698,100.0,84.0,294.0,40.4508,-90.8541,10.4528,21.8,3,2.0,-17.53,468.04,-15.61,468.62
2026-08-08 15:42:54.938,100.0,84.0,294.0,40.4508,-90.8541,10.4528,21.8,4,2.25,-17.53,468.04,-15.61,468.62
2026-08-08 15:42:55.193,100.0,84.0,294.0,40.4508,-90.8541,10.4528,21.8,5,2.5,-17.53,468.04,-15.61,468.62
2026-08-08 15:42:59.064,100.0,84.0,288.0,30.7324,-94.5847,10.4528,24.1,1,0.25,-18.41,468.73,-15.54,469.34
2026-08-08 15:42:59.320,100.0,84.0,288.0,30.7324,-94.5847,10.4528,24.1,2,0.5,-18.41,468.73,-15.54,469.34
2026-08-08 15:42:59.575,100.0,84.0,288.0,30.7324,-94.5847,10.4528,24.1,3,0.75,-18.41,468.69,-15.55,469.3
2026-08-08 15:42:59.815,100.0,84.0,288.0,30.7324,-94.5847,10.4528,24.1,4,1.0,-18.41,468.69,-15.55,469.3
2026-08-08 15:43:00.071,100.0,84.0,288.0,30.7324,-94.5847,10.4528,24.1,5,1.25,-18.4,468.71,-15.54,469.32
2026-08-08 15:43:03.942,100.0,84.0,282.0,20.6773,-97.2789,10.4528,21.7,1,0.25,-19.39,469.21,-15.51,469.86
2026-08-08 15:43:04.197,100.0,84.0,282.0,20.6773,-97.2789,10.4528,21.7,2,0.5,-19.4,469.16,-15.5,469.81
2026-08-08 15:43:04.437,100.0,84.0,282.0,20.6773,-97.2789,10.4528,21.7,3,0.75,-19.4,469.16,-15.5,469.81
2026-08-08 15:43:04.693,100.0,84.0,282.0,20.6773,-97.2789,10.4528,21.7,4,1.0,-19.39,469.2,-15.52,469.85
2026-08-08 15:43:04.949,100.0,84.0,282.0,20.6773,-97.2789,10.4528,21.7,5,1.25,-19.39,469.2,-15.52,469.85
2026-08-08 15:43:08.819,100.0,84.0,276.0,10.3956,-98.9074,10.4528,21.8,1,0.25,-20.47,469.52,-15.62,470.22
2026-08-08 15:43:09.075,100.0,84.0,276.0,10.3956,-98.9074,10.4528,21.8,2,0.5,-20.47,469.52,-15.62,470.22
2026-08-08 15:43:09.315,100.0,84.0,276.0,10.3956,-98.9074,10.4528,21.8,3,0.75,-20.48,469.5,-15.62,470.2
2026-08-08 15:43:09.571,100.0,84.0,276.0,10.3956,-98.9074,10.4528,21.8,4,1.0,-20.48,469.5,-15.62,470.2
2026-08-08 15:43:09.811,100.0,84.0,276.0,10.3956,-98.9074,10.4528,21.8,5,1.25,-20.48,469.58,-15.61,470.28
2026-08-08 15:43:15.936,100.0,84.0,270.0,-0.0,-99.4522,10.4528,24.3,1,0.25,-21.66,469.53,-15.75,470.29
2026-08-08 15:43:16.192,100.0,84.0,270.0,-0.0,-99.4522,10.4528,24.3,2,0.5,-21.65,469.52,-15.75,470.28
2026-08-08 15:43:16.448,100.0,84.0,270.0,-0.0,-99.4522,10.4528,24.3,3,0.75,-21.65,469.52,-15.75,470.28
2026-08-08 15:43:16.688,100.0,84.0,270.0,-0.0,-99.4522,10.4528,24.3,4,1.0,-21.65,469.54,-15.75,470.3
2026-08-08 15:43:16.944,100.0,84.0,270.0,-0.0,-99.4522,10.4528,24.3,5,1.25,-21.65,469.54,-15.75,470.3
2026-08-08 15:43:22.809,100.0,84.0,264.0,-10.3956,-98.9074,10.4528,21.8,1,1.5,-22.81,469.24,-15.73,470.05
2026-08-08 15:43:22.941,100.0,84.0,264.0,-10.3956,-98.9074,10.4528,21.8,2,1.75,-22.81,469.27,-15.74,470.08
2026-08-08 15:43:23.197,100.0,84.0,264.0,-10.3956,-98.9074,10.4528,21.8,3,2.0,-22.81,469.27,-15.74,470.08
2026-08-08 15:43:23.437,100.0,84.0,264.0,-10.3956,-98.9074,10.4528,21.8,4,2.25,-22.81,469.24,-15.73,470.05
2026-08-08 15:43:23.693,100.0,84.0,264.0,-10.3956,-98.9074,10.4528,21.8,5,2.5,-22.81,469.24,-15.73,470.05
2026-08-08 15:43:27.563,100.0,84.0,258.0,-20.6773,-97.2789,10.4528,22.2,1,0.25,-23.89,468.78,-15.73,469.65
2026-08-08 15:43:27.819,100.0,84.0,258.0,-20.6773,-97.2789,10.4528,22.2,2,0.5,-23.89,468.78,-15.73,469.65
2026-08-08 15:43:28.075,100.0,84.0,258.0,-20.6773,-97.2789,10.4528,22.2,3,0.75,-23.87,468.75,-15.72,469.62
2026-08-08 15:43:28.314,100.0,84.0,258.0,-20.6773,-97.2789,10.4528,22.2,4,1.0,-23.87,468.75,-15.72,469.62
2026-08-08 15:43:28.570,100.0,84.0,258.0,-20.6773,-97.2789,10.4528,22.2,5,1.25,-23.88,468.81,-15.72,469.68
2026-08-08 15:43:32.441,100.0,84.0,252.0,-30.7324,-94.5847,10.4528,21.4,1,0.25,-24.39,468.21,-15.63,469.1
2026-08-08 15:43:32.696,100.0,84.0,252.0,-30.7324,-94.5847,10.4528,21.4,2,0.5,-24.4,468.2,-15.63,469.09
2026-08-08 15:43:32.936,100.0,84.0,252.0,-30.7324,-94.5847,10.4528,21.4,3,0.75,-24.4,468.2,-15.63,469.09
2026-08-08 15:43:33.192,100.0,84.0,252.0,-30.7324,-94.5847,10.4528,21.4,4,1.0,-24.4,468.2,-15.63,469.09
2026-08-08 15:43:33.448,100.0,84.0,252.0,-30.7324,-94.5847,10.4528,21.4,5,1.25,-24.4,468.2,-15.62,469.09
2026-08-08 15:43:37.318,100.0,84.0,246.0,-40.4508,-90.8541,10.4528,22.6,1,0.25,-24.69,467.67,-15.68,468.58
2026-08-08 15:43:37.574,100.0,84.0,246.0,-40.4508,-90.8541,10.4528,22.6,2,0.5,-24.7,467.68,-15.68,468.59
2026-08-08 15:43:37.814,100.0,84.0,246.0,-40.4508,-90.8541,10.4528,22.6,3,0.75,-24.7,467.68,-15.68,468.59
2026-08-08 15:43:38.070,100.0,84.0,246.0,-40.4508,-90.8541,10.4528,22.6,4,1.0,-24.71,467.64,-15.69,468.55
2026-08-08 15:43:38.326,100.0,84.0,246.0,-40.4508,-90.8541,10.4528,22.6,5,1.25,-24.71,467.64,-15.69,468.55
2026-08-08 15:43:42.196,100.0,84.0,240.0,-49.7261,-86.1281,10.4528,22.6,1,0.25,-24.7,467.24,-15.52,468.14
2026-08-08 15:43:42.436,100.0,84.0,240.0,-49.7261,-86.1281,10.4528,22.6,2,0.5,-24.7,467.24,-15.52,468.14
2026-08-08 15:43:42.692,100.0,84.0,240.0,-49.7261,-86.1281,10.4528,22.6,3,0.75,-24.7,467.26,-15.51,468.16
2026-08-08 15:43:42.948,100.0,84.0,240.0,-49.7261,-86.1281,10.4528,22.6,4,1.0,-24.7,467.26,-15.51,468.16
2026-08-08 15:43:43.188,100.0,84.0,240.0,-49.7261,-86.1281,10.4528,22.6,5,1.25,-24.69,467.25,-15.51,468.15
2026-08-08 15:43:46.946,100.0,84.0,234.0,-58.4565,-80.4585,10.4528,22.5,1,0.25,-24.81,467.0,-15.57,467.91
2026-08-08 15:43:47.186,100.0,84.0,234.0,-58.4565,-80.4585,10.4528,22.5,2,0.5,-24.81,467.0,-15.57,467.91
2026-08-08 15:43:47.442,100.0,84.0,234.0,-58.4565,-80.4585,10.4528,22.5,3,0.75,-24.8,466.94,-15.57,467.85
2026-08-08 15:43:47.698,100.0,84.0,234.0,-58.4565,-80.4585,10.4528,22.5,4,1.0,-24.8,466.94,-15.57,467.85
2026-08-08 15:43:47.938,100.0,84.0,234.0,-58.4565,-80.4585,10.4528,22.5,5,1.25,-24.8,467.01,-15.56,467.92
2026-08-08 15:43:51.696,100.0,84.0,228.0,-66.5465,-73.9074,10.4528,23.0,1,0.25,-24.76,466.8,-15.25,467.7
2026-08-08 15:43:51.936,100.0,84.0,228.0,-66.5465,-73.9074,10.4528,23.0,2,0.5,-24.76,466.8,-15.25,467.7
2026-08-08 15:43:52.192,100.0,84.0,228.0,-66.5465,-73.9074,10.4528,23.0,3,0.75,-24.76,466.76,-15.26,467.66
2026-08-08 15:43:52.448,100.0,84.0,228.0,-66.5465,-73.9074,10.4528,23.0,4,1.0,-24.76,466.76,-15.26,467.66
2026-08-08 15:43:52.687,100.0,84.0,228.0,-66.5465,-73.9074,10.4528,23.0,5,1.25,-24.76,466.74,-15.25,467.64
2026-08-08 15:43:56.318,100.0,84.0,222.0,-73.9074,-66.5465,10.4528,22.2,1,0.25,-24.46,466.61,-15.12,467.49
2026-08-08 15:43:56.574,100.0,84.0,222.0,-73.9074,-66.5465,10.4528,22.2,2,0.5,-24.46,466.61,-15.12,467.49
2026-08-08 15:43:56.814,100.0,84.0,222.0,-73.9074,-66.5465,10.4528,22.2,3,0.75,-24.45,466.58,-15.11,467.46
2026-08-08 15:43:57.069,100.0,84.0,222.0,-73.9074,-66.5465,10.4528,22.2,4,1.0,-24.45,466.58,-15.11,467.46
2026-08-08 15:43:57.325,100.0,84.0,222.0,-73.9074,-66.5465,10.4528,22.2,5,1.25,-24.45,466.62,-15.09,467.5
2026-08-08 15:44:01.068,100.0,84.0,216.0,-80.4585,-58.4565,10.4528,22.5,1,0.25,-24.35,466.46,-14.88,467.33
2026-08-08 15:44:01.323,100.0,84.0,216.0,-80.4585,-58.4565,10.4528,22.5,2,0.5,-24.35,466.46,-14.88,467.33
2026-08-08 15:44:01.563,100.0,84.0,216.0,-80.4585,-58.4565,10.4528,22.5,3,0.75,-24.35,466.44,-14.89,467.31
2026-08-08 15:44:01.819,100.0,84.0,216.0,-80.4585,-58.4565,10.4528,22.5,4,1.0,-24.35,466.44,-14.89,467.31
2026-08-08 15:44:02.075,100.0,84.0,216.0,-80.4585,-58.4565,10.4528,22.5,5,1.25,-24.35,466.47,-14.9,467.34
2026-08-08 15:44:05.817,100.0,84.0,210.0,-86.1281,-49.7261,10.4528,21.3,1,0.25,-24.14,466.26,-14.73,467.11
2026-08-08 15:44:06.073,100.0,84.0,210.0,-86.1281,-49.7261,10.4528,21.3,2,0.5,-24.12,466.2,-14.74,467.05
2026-08-08 15:44:06.313,100.0,84.0,210.0,-86.1281,-49.7261,10.4528,21.3,3,0.75,-24.12,466.2,-14.74,467.05
2026-08-08 15:44:06.569,100.0,84.0,210.0,-86.1281,-49.7261,10.4528,21.3,4,1.0,-24.12,466.26,-14.73,467.11
2026-08-08 15:44:06.825,100.0,84.0,210.0,-86.1281,-49.7261,10.4528,21.3,5,1.25,-24.12,466.26,-14.73,467.11
2026-08-08 15:44:10.695,100.0,84.0,204.0,-90.8541,-40.4508,10.4528,22.4,1,0.25,-24.03,465.96,-14.6,466.8
2026-08-08 15:44:10.951,100.0,84.0,204.0,-90.8541,-40.4508,10.4528,22.4,2,0.5,-24.02,465.95,-14.59,466.79
2026-08-08 15:44:11.191,100.0,84.0,204.0,-90.8541,-40.4508,10.4528,22.4,3,0.75,-24.02,465.95,-14.59,466.79
2026-08-08 15:44:11.447,100.0,84.0,204.0,-90.8541,-40.4508,10.4528,22.4,4,1.0,-24.02,465.97,-14.6,466.81
2026-08-08 15:44:11.687,100.0,84.0,204.0,-90.8541,-40.4508,10.4528,22.4,5,1.25,-24.02,465.97,-14.6,466.81
2026-08-08 15:44:15.573,100.0,84.0,198.0,-94.5847,-30.7324,10.4528,22.0,1,0.25,-23.42,465.72,-14.36,466.52
2026-08-08 15:44:15.813,100.0,84.0,198.0,-94.5847,-30.7324,10.4528,22.0,2,0.5,-23.42,465.72,-14.36,466.52
2026-08-08 15:44:16.069,100.0,84.0,198.0,-94.5847,-30.7324,10.4528,22.0,3,0.75,-23.42,465.7,-14.36,466.5
2026-08-08 15:44:16.325,100.0,84.0,198.0,-94.5847,-30.7324,10.4528,22.0,4,1.0,-23.42,465.7,-14.36,466.5
2026-08-08 15:44:16.565,100.0,84.0,198.0,-94.5847,-30.7324,10.4528,22.0,5,1.25,-23.43,465.65,-14.36,466.46
2026-08-08 15:44:20.451,100.0,84.0,192.0,-97.2789,-20.6773,10.4528,22.8,1,0.25,-22.98,465.35,-14.28,466.13
2026-08-08 15:44:20.691,100.0,84.0,192.0,-97.2789,-20.6773,10.4528,22.8,2,0.5,-23.0,465.4,-14.27,466.18
2026-08-08 15:44:20.947,100.0,84.0,192.0,-97.2789,-20.6773,10.4528,22.8,3,0.75,-23.0,465.4,-14.27,466.18
2026-08-08 15:44:21.187,100.0,84.0,192.0,-97.2789,-20.6773,10.4528,22.8,4,1.0,-22.98,465.43,-14.27,466.21
2026-08-08 15:44:21.443,100.0,84.0,192.0,-97.2789,-20.6773,10.4528,22.8,5,1.25,-22.98,465.43,-14.27,466.21
2026-08-08 15:44:25.313,100.0,84.0,186.0,-98.9074,-10.3956,10.4528,22.6,1,0.25,-22.26,465.21,-14.0,465.95
2026-08-08 15:44:25.569,100.0,84.0,186.0,-98.9074,-10.3956,10.4528,22.6,2,0.5,-22.26,465.21,-14.0,465.95
2026-08-08 15:44:25.824,100.0,84.0,186.0,-98.9074,-10.3956,10.4528,22.6,3,0.75,-22.26,465.21,-14.0,465.95
2026-08-08 15:44:26.064,100.0,84.0,186.0,-98.9074,-10.3956,10.4528,22.6,4,1.0,-22.26,465.19,-14.0,465.93
2026-08-08 15:44:26.320,100.0,84.0,186.0,-98.9074,-10.3956,10.4528,22.6,5,1.25,-22.26,465.19,-14.0,465.93
2026-08-08 15:44:30.318,100.0,84.0,180.0,-99.4522,0.0,10.4528,22.0,1,0.25,-21.54,465.09,-13.78,465.79
2026-08-08 15:44:30.574,100.0,84.0,180.0,-99.4522,0.0,10.4528,22.0,2,0.5,-21.55,465.08,-13.78,465.78
2026-08-08 15:44:30.814,100.0,84.0,180.0,-99.4522,0.0,10.4528,22.0,3,0.75,-21.55,465.08,-13.78,465.78
2026-08-08 15:44:31.070,100.0,84.0,180.0,-99.4522,0.0,10.4528,22.0,4,1.0,-21.55,465.13,-13.77,465.83
2026-08-08 15:44:31.326,100.0,84.0,180.0,-99.4522,0.0,10.4528,22.0,5,1.25,-21.55,465.13,-13.77,465.83
2026-08-08 15:44:35.196,100.0,84.0,174.0,-98.9074,10.3956,10.4528,22.6,1,0.25,-20.7,465.21,-13.68,465.87
2026-08-08 15:44:35.436,100.0,84.0,174.0,-98.9074,10.3956,10.4528,22.6,2,0.5,-20.7,465.21,-13.68,465.87
2026-08-08 15:44:35.692,100.0,84.0,174.0,-98.9074,10.3956,10.4528,22.6,3,0.75,-20.7,465.21,-13.68,465.87
2026-08-08 15:44:35.948,100.0,84.0,174.0,-98.9074,10.3956,10.4528,22.6,4,1.0,-20.71,465.22,-13.7,465.88
2026-08-08 15:44:36.188,100.0,84.0,174.0,-98.9074,10.3956,10.4528,22.6,5,1.25,-20.71,465.22,-13.7,465.88
2026-08-08 15:44:40.074,100.0,84.0,168.0,-97.2789,20.6773,10.4528,22.6,1,0.25,-19.84,465.39,-13.62,466.01
2026-08-08 15:44:40.314,100.0,84.0,168.0,-97.2789,20.6773,10.4528,22.6,2,0.5,-19.84,465.39,-13.62,466.01
2026-08-08 15:44:40.570,100.0,84.0,168.0,-97.2789,20.6773,10.4528,22.6,3,0.75,-19.84,465.39,-13.62,466.01
2026-08-08 15:44:40.826,100.0,84.0,168.0,-97.2789,20.6773,10.4528,22.6,4,1.0,-19.84,465.39,-13.62,466.01
2026-08-08 15:44:41.066,100.0,84.0,168.0,-97.2789,20.6773,10.4528,22.6,5,1.25,-19.84,465.35,-13.62,465.97
2026-08-08 15:44:44.936,100.0,84.0,162.0,-94.5847,30.7324,10.4528,23.9,1,0.25,-19.11,465.71,-13.49,466.29
2026-08-08 15:44:45.192,100.0,84.0,162.0,-94.5847,30.7324,10.4528,23.9,2,0.5,-19.11,465.75,-13.49,466.33
2026-08-08 15:44:45.448,100.0,84.0,162.0,-94.5847,30.7324,10.4528,23.9,3,0.75,-19.11,465.75,-13.49,466.33
2026-08-08 15:44:45.688,100.0,84.0,162.0,-94.5847,30.7324,10.4528,23.9,4,1.0,-19.1,465.75,-13.49,466.33
2026-08-08 15:44:45.944,100.0,84.0,162.0,-94.5847,30.7324,10.4528,23.9,5,1.25,-19.1,465.75,-13.49,466.33
2026-08-08 15:44:49.814,100.0,84.0,156.0,-90.8541,40.4508,10.4528,,1,0.25,-18.5,466.16,-13.64,466.72
2026-08-08 15:44:50.070,100.0,84.0,156.0,-90.8541,40.4508,10.4528,,2,0.5,-18.5,466.16,-13.64,466.72
2026-08-08 15:44:50.326,100.0,84.0,156.0,-90.8541,40.4508,10.4528,,3,0.75,-18.5,466.14,-13.67,466.7
2026-08-08 15:44:50.565,100.0,84.0,156.0,-90.8541,40.4508,10.4528,,4,1.0,-18.5,466.14,-13.67,466.7
2026-08-08 15:44:50.821,100.0,84.0,156.0,-90.8541,40.4508,10.4528,,5,1.25,-18.5,466.14,-13.67,466.7
2026-08-08 15:44:56.559,100.0,84.0,150.0,-86.1281,49.7261,10.4528,23.0,1,1.5,-18.02,466.6,-13.82,467.15
2026-08-08 15:44:56.691,100.0,84.0,150.0,-86.1281,49.7261,10.4528,23.0,2,1.75,-18.03,466.62,-13.81,467.17
2026-08-08 15:44:56.947,100.0,84.0,150.0,-86.1281,49.7261,10.4528,23.0,3,2.0,-18.03,466.62,-13.81,467.17
2026-08-08 15:44:57.186,100.0,84.0,150.0,-86.1281,49.7261,10.4528,23.0,4,2.25,-18.03,466.61,-13.81,467.16
2026-08-08 15:44:57.442,100.0,84.0,150.0,-86.1281,49.7261,10.4528,23.0,5,2.5,-18.03,466.61,-13.81,467.16
2026-08-08 15:45:01.201,100.0,84.0,144.0,-80.4585,58.4565,10.4528,22.6,1,0.25,-17.62,467.13,-13.89,467.66
2026-08-08 15:45:01.441,100.0,84.0,144.0,-80.4585,58.4565,10.4528,22.6,2,0.5,-17.64,467.1,-13.89,467.63
2026-08-08 15:45:01.696,100.0,84.0,144.0,-80.4585,58.4565,10.4528,22.6,3,0.75,-17.64,467.1,-13.89,467.63
2026-08-08 15:45:01.936,100.0,84.0,144.0,-80.4585,58.4565,10.4528,22.6,4,1.0,-17.63,467.04,-13.88,467.57
2026-08-08 15:45:02.192,100.0,84.0,144.0,-80.4585,58.4565,10.4528,22.6,5,1.25,-17.63,467.04,-13.88,467.57
2026-08-08 15:45:05.951,100.0,84.0,138.0,-73.9074,66.5465,10.4528,22.3,1,0.25,-17.53,467.67,-14.11,468.21
2026-08-08 15:45:06.190,100.0,84.0,138.0,-73.9074,66.5465,10.4528,22.3,2,0.5,-17.53,467.67,-14.11,468.21
2026-08-08 15:45:06.446,100.0,84.0,138.0,-73.9074,66.5465,10.4528,22.3,3,0.75,-17.55,467.67,-14.08,468.21
2026-08-08 15:45:06.686,100.0,84.0,138.0,-73.9074,66.5465,10.4528,22.3,4,1.0,-17.55,467.67,-14.08,468.21
2026-08-08 15:45:06.942,100.0,84.0,138.0,-73.9074,66.5465,10.4528,22.3,5,1.25,-17.55,467.67,-14.08,468.21
2026-08-08 15:45:10.572,100.0,84.0,132.0,-66.5465,73.9074,10.4528,22.0,1,0.25,-17.46,468.23,-14.29,468.77
2026-08-08 15:45:10.812,100.0,84.0,132.0,-66.5465,73.9074,10.4528,22.0,2,0.5,-17.45,468.23,-14.28,468.77
2026-08-08 15:45:11.068,100.0,84.0,132.0,-66.5465,73.9074,10.4528,22.0,3,0.75,-17.45,468.23,-14.28,468.77
2026-08-08 15:45:11.324,100.0,84.0,132.0,-66.5465,73.9074,10.4528,22.0,4,1.0,-17.46,468.23,-14.28,468.77
2026-08-08 15:45:11.564,100.0,84.0,132.0,-66.5465,73.9074,10.4528,22.0,5,1.25,-17.46,468.23,-14.28,468.77
2026-08-08 15:45:15.322,100.0,84.0,126.0,-58.4565,80.4585,10.4528,23.1,1,0.25,-17.49,468.96,-14.59,469.51
2026-08-08 15:45:15.562,100.0,84.0,126.0,-58.4565,80.4585,10.4528,23.1,2,0.5,-17.49,468.96,-14.59,469.51
2026-08-08 15:45:15.818,100.0,84.0,126.0,-58.4565,80.4585,10.4528,23.1,3,0.75,-17.49,468.96,-14.59,469.51
2026-08-08 15:45:16.074,100.0,84.0,126.0,-58.4565,80.4585,10.4528,23.1,4,1.0,-17.49,468.95,-14.59,469.5
2026-08-08 15:45:16.314,100.0,84.0,126.0,-58.4565,80.4585,10.4528,23.1,5,1.25,-17.49,468.95,-14.59,469.5
2026-08-08 15:45:20.072,100.0,84.0,120.0,-49.7261,86.1281,10.4528,22.4,1,0.25,-17.64,469.95,-14.67,470.5
2026-08-08 15:45:20.312,100.0,84.0,120.0,-49.7261,86.1281,10.4528,22.4,2,0.5,-17.64,469.95,-14.67,470.5
2026-08-08 15:45:20.568,100.0,84.0,120.0,-49.7261,86.1281,10.4528,22.4,3,0.75,-17.64,469.94,-14.67,470.49
2026-08-08 15:45:20.824,100.0,84.0,120.0,-49.7261,86.1281,10.4528,22.4,4,1.0,-17.64,469.94,-14.67,470.49
2026-08-08 15:45:21.064,100.0,84.0,120.0,-49.7261,86.1281,10.4528,22.4,5,1.25,-17.64,469.9,-14.67,470.45
2026-08-08 15:45:24.950,100.0,84.0,114.0,-40.4508,90.8541,10.4528,22.2,1,0.25,-18.3,470.93,-15.07,471.52
2026-08-08 15:45:25.190,100.0,84.0,114.0,-40.4508,90.8541,10.4528,22.2,2,0.5,-18.3,470.93,-15.07,471.52
2026-08-08 15:45:25.446,100.0,84.0,114.0,-40.4508,90.8541,10.4528,22.2,3,0.75,-18.3,470.92,-15.07,471.51
2026-08-08 15:45:25.686,100.0,84.0,114.0,-40.4508,90.8541,10.4528,22.2,4,1.0,-18.3,470.92,-15.07,471.51
2026-08-08 15:45:25.942,100.0,84.0,114.0,-40.4508,90.8541,10.4528,22.2,5,1.25,-18.31,470.92,-15.08,471.51
2026-08-08 15:45:29.812,100.0,84.0,108.0,-30.7324,94.5847,10.4528,22.1,1,0.25,-19.02,471.95,-15.53,472.58
2026-08-08 15:45:30.068,100.0,84.0,108.0,-30.7324,94.5847,10.4528,22.1,2,0.5,-19.03,471.92,-15.51,472.55
2026-08-08 15:45:30.324,100.0,84.0,108.0,-30.7324,94.5847,10.4528,22.1,3,0.75,-19.03,471.92,-15.51,472.55
2026-08-08 15:45:30.564,100.0,84.0,108.0,-30.7324,94.5847,10.4528,22.1,4,1.0,-19.03,471.87,-15.51,472.5
2026-08-08 15:45:30.820,100.0,84.0,108.0,-30.7324,94.5847,10.4528,22.1,5,1.25,-19.03,471.87,-15.51,472.5
2026-08-08 15:45:34.690,100.0,84.0,102.0,-20.6773,97.2789,10.4528,21.9,1,0.25,-19.91,472.59,-16.19,473.28
2026-08-08 15:45:34.946,100.0,84.0,102.0,-20.6773,97.2789,10.4528,21.9,2,0.5,-19.91,472.59,-16.19,473.28
2026-08-08 15:45:35.186,100.0,84.0,102.0,-20.6773,97.2789,10.4528,21.9,3,0.75,-19.92,472.55,-16.18,473.24
2026-08-08 15:45:35.441,100.0,84.0,102.0,-20.6773,97.2789,10.4528,21.9,4,1.0,-19.92,472.55,-16.18,473.24
2026-08-08 15:45:35.697,100.0,84.0,102.0,-20.6773,97.2789,10.4528,21.9,5,1.25,-19.91,472.61,-16.19,473.3
2026-08-08 15:45:39.568,100.0,84.0,96.0,-10.3956,98.9074,10.4528,22.2,1,0.25,-21.03,472.99,-16.67,473.75
2026-08-08 15:45:39.823,100.0,84.0,96.0,-10.3956,98.9074,10.4528,22.2,2,0.5,-21.03,473.03,-16.66,473.79
2026-08-08 15:45:40.063,100.0,84.0,96.0,-10.3956,98.9074,10.4528,22.2,3,0.75,-21.03,473.03,-16.66,473.79
2026-08-08 15:45:40.319,100.0,84.0,96.0,-10.3956,98.9074,10.4528,22.2,4,1.0,-21.03,473.03,-16.66,473.79
2026-08-08 15:45:40.575,100.0,84.0,96.0,-10.3956,98.9074,10.4528,22.2,5,1.25,-21.03,472.99,-16.65,473.74
2026-08-08 15:45:44.445,100.0,84.0,90.0,0.0,99.4522,10.4528,23.0,1,0.25,-22.06,473.05,-17.23,473.87
2026-08-08 15:45:44.685,100.0,84.0,90.0,0.0,99.4522,10.4528,23.0,2,0.5,-22.06,473.03,-17.22,473.85
2026-08-08 15:45:44.941,100.0,84.0,90.0,0.0,99.4522,10.4528,23.0,3,0.75,-22.06,473.03,-17.22,473.85
2026-08-08 15:45:45.197,100.0,84.0,90.0,0.0,99.4522,10.4528,23.0,4,1.0,-22.05,473.08,-17.23,473.9
2026-08-08 15:45:45.437,100.0,84.0,90.0,0.0,99.4522,10.4528,23.0,5,1.25,-22.05,473.08,-17.23,473.9
2026-08-08 15:45:49.323,100.0,84.0,84.0,10.3956,98.9074,10.4528,21.8,1,0.25,-23.21,472.76,-17.66,473.65
2026-08-08 15:45:49.563,100.0,84.0,84.0,10.3956,98.9074,10.4528,21.8,2,0.5,-23.21,472.76,-17.66,473.65
2026-08-08 15:45:49.819,100.0,84.0,84.0,10.3956,98.9074,10.4528,21.8,3,0.75,-23.2,472.76,-17.67,473.65
2026-08-08 15:45:50.075,100.0,84.0,84.0,10.3956,98.9074,10.4528,21.8,4,1.0,-23.2,472.76,-17.67,473.65
2026-08-08 15:45:50.315,100.0,84.0,84.0,10.3956,98.9074,10.4528,21.8,5,1.25,-23.19,472.74,-17.67,473.63
2026-08-08 15:45:54.185,100.0,84.0,78.0,20.6773,97.2789,10.4528,21.9,1,0.25,-24.28,472.22,-18.11,473.19
2026-08-08 15:45:54.441,100.0,84.0,78.0,20.6773,97.2789,10.4528,21.9,2,0.5,-24.26,472.18,-18.12,473.14
2026-08-08 15:45:54.697,100.0,84.0,78.0,20.6773,97.2789,10.4528,21.9,3,0.75,-24.26,472.18,-18.12,473.14
2026-08-08 15:45:54.937,100.0,84.0,78.0,20.6773,97.2789,10.4528,21.9,4,1.0,-24.28,472.19,-18.13,473.16
2026-08-08 15:45:55.193,100.0,84.0,78.0,20.6773,97.2789,10.4528,21.9,5,1.25,-24.28,472.19,-18.13,473.16
2026-08-08 15:45:59.063,100.0,84.0,72.0,30.7324,94.5847,10.4528,23.3,1,0.25,-24.99,471.24,-18.21,472.25
2026-08-08 15:45:59.319,100.0,84.0,72.0,30.7324,94.5847,10.4528,23.3,2,0.5,-24.98,471.24,-18.22,472.25
2026-08-08 15:45:59.574,100.0,84.0,72.0,30.7324,94.5847,10.4528,23.3,3,0.75,-24.98,471.24,-18.22,472.25
2026-08-08 15:45:59.814,100.0,84.0,72.0,30.7324,94.5847,10.4528,23.3,4,1.0,-24.97,471.26,-18.21,472.27
2026-08-08 15:46:00.070,100.0,84.0,72.0,30.7324,94.5847,10.4528,23.3,5,1.25,-24.97,471.26,-18.21,472.27
2026-08-08 15:46:03.940,100.0,84.0,66.0,40.4508,90.8541,10.4528,21.4,1,0.25,-25.27,470.28,-18.35,471.31
2026-08-08 15:46:04.196,100.0,84.0,66.0,40.4508,90.8541,10.4528,21.4,2,0.5,-25.27,470.28,-18.35,471.31
2026-08-08 15:46:04.436,100.0,84.0,66.0,40.4508,90.8541,10.4528,21.4,3,0.75,-25.26,470.3,-18.36,471.33
2026-08-08 15:46:04.692,100.0,84.0,66.0,40.4508,90.8541,10.4528,21.4,4,1.0,-25.26,470.3,-18.36,471.33
2026-08-08 15:46:04.948,100.0,84.0,66.0,40.4508,90.8541,10.4528,21.4,5,1.25,-25.28,470.25,-18.37,471.28
2026-08-08 15:46:08.818,100.0,84.0,60.0,49.7261,86.1281,10.4528,22.5,1,0.25,-25.36,469.44,-18.31,470.48
2026-08-08 15:46:09.074,100.0,84.0,60.0,49.7261,86.1281,10.4528,22.5,2,0.5,-25.36,469.41,-18.31,470.45
2026-08-08 15:46:09.314,100.0,84.0,60.0,49.7261,86.1281,10.4528,22.5,3,0.75,-25.36,469.41,-18.31,470.45
2026-08-08 15:46:09.570,100.0,84.0,60.0,49.7261,86.1281,10.4528,22.5,4,1.0,-25.36,469.43,-18.31,470.47
2026-08-08 15:46:09.810,100.0,84.0,60.0,49.7261,86.1281,10.4528,22.5,5,1.25,-25.37,469.36,-18.29,470.4
2026-08-08 15:46:15.823,100.0,84.0,54.0,58.4565,80.4585,10.4528,21.6,1,0.25,-25.37,468.61,-18.36,469.65
2026-08-08 15:46:16.063,100.0,84.0,54.0,58.4565,80.4585,10.4528,21.6,2,0.5,-25.37,468.61,-18.36,469.65
2026-08-08 15:46:16.319,100.0,84.0,54.0,58.4565,80.4585,10.4528,21.6,3,0.75,-25.35,468.61,-18.37,469.65
2026-08-08 15:46:16.575,100.0,84.0,54.0,58.4565,80.4585,10.4528,21.6,4,1.0,-25.35,468.61,-18.37,469.65
2026-08-08 15:46:16.815,100.0,84.0,54.0,58.4565,80.4585,10.4528,21.6,5,1.25,-25.36,468.67,-18.37,469.71
2026-08-08 15:46:20.573,100.0,84.0,48.0,66.5465,73.9074,10.4528,21.8,1,0.25,-24.9,468.04,-18.2,469.05
2026-08-08 15:46:20.813,100.0,84.0,48.0,66.5465,73.9074,10.4528,21.8,2,0.5,-24.9,468.04,-18.2,469.05
2026-08-08 15:46:21.069,100.0,84.0,48.0,66.5465,73.9074,10.4528,21.8,3,0.75,-24.91,468.04,-18.21,469.05
2026-08-08 15:46:21.325,100.0,84.0,48.0,66.5465,73.9074,10.4528,21.8,4,1.0,-24.91,468.04,-18.21,469.05
2026-08-08 15:46:21.565,100.0,84.0,48.0,66.5465,73.9074,10.4528,21.8,5,1.25,-24.91,468.04,-18.22,469.05
2026-08-08 15:46:25.195,100.0,84.0,42.0,73.9074,66.5465,10.4528,21.7,1,0.25,-24.8,467.57,-18.23,468.58
2026-08-08 15:46:25.435,100.0,84.0,42.0,73.9074,66.5465,10.4528,21.7,2,0.5,-24.8,467.57,-18.23,468.58
2026-08-08 15:46:25.691,100.0,84.0,42.0,73.9074,66.5465,10.4528,21.7,3,0.75,-24.8,467.65,-18.22,468.66
2026-08-08 15:46:25.947,100.0,84.0,42.0,73.9074,66.5465,10.4528,21.7,4,1.0,-24.8,467.65,-18.22,468.66
2026-08-08 15:46:26.187,100.0,84.0,42.0,73.9074,66.5465,10.4528,21.7,5,1.25,-24.8,467.62,-18.23,468.63
2026-08-08 15:46:29.945,100.0,84.0,36.0,80.4585,58.4565,10.4528,22.1,1,0.25,-24.42,467.18,-18.1,468.16
2026-08-08 15:46:30.185,100.0,84.0,36.0,80.4585,58.4565,10.4528,22.1,2,0.5,-24.42,467.18,-18.1,468.16
2026-08-08 15:46:30.441,100.0,84.0,36.0,80.4585,58.4565,10.4528,22.1,3,0.75,-24.42,467.13,-18.1,468.11
2026-08-08 15:46:30.696,100.0,84.0,36.0,80.4585,58.4565,10.4528,22.1,4,1.0,-24.42,467.13,-18.1,468.11
2026-08-08 15:46:30.936,100.0,84.0,36.0,80.4585,58.4565,10.4528,22.1,5,1.25,-24.43,467.17,-18.11,468.15
2026-08-08 15:46:34.695,100.0,84.0,30.0,86.1281,49.7261,10.4528,23.3,1,0.25,-24.04,466.66,-18.03,467.62
2026-08-08 15:46:34.935,100.0,84.0,30.0,86.1281,49.7261,10.4528,23.3,2,0.5,-24.04,466.66,-18.03,467.62
2026-08-08 15:46:35.190,100.0,84.0,30.0,86.1281,49.7261,10.4528,23.3,3,0.75,-24.05,466.65,-18.04,467.61
2026-08-08 15:46:35.446,100.0,84.0,30.0,86.1281,49.7261,10.4528,23.3,4,1.0,-24.05,466.65,-18.04,467.61
2026-08-08 15:46:35.686,100.0,84.0,30.0,86.1281,49.7261,10.4528,23.3,5,1.25,-24.03,466.67,-18.04,467.63
2026-08-08 15:46:39.572,100.0,84.0,24.0,90.8541,40.4508,10.4528,20.8,1,0.25,-23.89,466.18,-17.92,467.13
2026-08-08 15:46:39.812,100.0,84.0,24.0,90.8541,40.4508,10.4528,20.8,2,0.5,-23.88,466.21,-17.92,467.16
2026-08-08 15:46:40.068,100.0,84.0,24.0,90.8541,40.4508,10.4528,20.8,3,0.75,-23.88,466.21,-17.92,467.16
2026-08-08 15:46:40.324,100.0,84.0,24.0,90.8541,40.4508,10.4528,20.8,4,1.0,-23.88,466.33,-17.91,467.28
2026-08-08 15:46:40.564,100.0,84.0,24.0,90.8541,40.4508,10.4528,20.8,5,1.25,-23.88,466.33,-17.91,467.28
2026-08-08 15:46:44.450,100.0,84.0,18.0,94.5847,30.7324,10.4528,22.7,1,0.25,-23.29,465.76,-17.63,466.67
2026-08-08 15:46:44.690,100.0,84.0,18.0,94.5847,30.7324,10.4528,22.7,2,0.5,-23.29,465.76,-17.63,466.67
2026-08-08 15:46:44.946,100.0,84.0,18.0,94.5847,30.7324,10.4528,22.7,3,0.75,-23.29,465.84,-17.62,466.75
2026-08-08 15:46:45.186,100.0,84.0,18.0,94.5847,30.7324,10.4528,22.7,4,1.0,-23.29,465.84,-17.62,466.75
2026-08-08 15:46:45.442,100.0,84.0,18.0,94.5847,30.7324,10.4528,22.7,5,1.25,-23.29,465.84,-17.62,466.75
2026-08-08 15:46:49.312,100.0,84.0,12.0,97.2789,20.6773,10.4528,20.9,1,0.25,-22.42,465.4,-17.57,466.27
2026-08-08 15:46:49.568,100.0,84.0,12.0,97.2789,20.6773,10.4528,20.9,2,0.5,-22.42,465.4,-17.57,466.27
2026-08-08 15:46:49.824,100.0,84.0,12.0,97.2789,20.6773,10.4528,20.9,3,0.75,-22.41,465.42,-17.58,466.29
2026-08-08 15:46:50.064,100.0,84.0,12.0,97.2789,20.6773,10.4528,20.9,4,1.0,-22.41,465.42,-17.58,466.29
2026-08-08 15:46:50.320,100.0,84.0,12.0,97.2789,20.6773,10.4528,20.9,5,1.25,-22.44,465.39,-17.59,466.26
2026-08-08 15:46:54.190,100.0,84.0,6.0,98.9074,10.3956,10.4528,22.2,1,0.25,-21.75,465.14,-17.23,465.96
2026-08-08 15:46:54.446,100.0,84.0,6.0,98.9074,10.3956,10.4528,22.2,2,0.5,-21.75,465.17,-17.24,465.99
2026-08-08 15:46:54.686,100.0,84.0,6.0,98.9074,10.3956,10.4528,22.2,3,0.75,-21.75,465.17,-17.24,465.99
2026-08-08 15:46:54.941,100.0,84.0,6.0,98.9074,10.3956,10.4528,22.2,4,1.0,-21.74,465.18,-17.23,466.0
2026-08-08 15:46:55.197,100.0,84.0,6.0,98.9074,10.3956,10.4528,22.2,5,1.25,-21.74,465.18,-17.23,466.0
2026-08-08 15:46:59.068,100.0,84.0,0.0,99.4522,0.0,10.4528,21.2,1,0.25,-21.03,465.03,-17.1,465.81
2026-08-08 15:46:59.324,100.0,84.0,0.0,99.4522,0.0,10.4528,21.2,2,0.5,-21.03,465.03,-17.1,465.81
2026-08-08 15:46:59.563,100.0,84.0,0.0,99.4522,0.0,10.4528,21.2,3,0.75,-21.04,465.04,-17.09,465.82
2026-08-08 15:46:59.819,100.0,84.0,0.0,99.4522,0.0,10.4528,21.2,4,1.0,-21.04,465.04,-17.09,465.82
2026-08-08 15:47:00.075,100.0,84.0,0.0,99.4522,0.0,10.4528,21.2,5,1.25,-21.03,465.01,-17.1,465.79
2026-08-08 15:47:03.817,100.0,90.0,0.0,100.0,0.0,0.0,22.6,1,0.25,-21.29,465.04,-17.13,465.84
2026-08-08 15:47:04.073,100.0,90.0,0.0,100.0,0.0,0.0,22.6,2,0.5,-21.29,465.04,-17.13,465.84
2026-08-08 15:47:04.313,100.0,90.0,0.0,100.0,0.0,0.0,22.6,3,0.75,-21.3,465.06,-17.13,465.86
2026-08-08 15:47:04.569,100.0,90.0,0.0,100.0,0.0,0.0,22.6,4,1.0,-21.3,465.06,-17.13,465.86
2026-08-08 15:47:04.825,100.0,90.0,0.0,100.0,0.0,0.0,22.6,5,1.25,-21.31,465.05,-17.12,465.85
2026-08-08 15:47:08.695,100.0,90.0,6.0,99.4522,10.4528,0.0,20.9,1,0.25,-21.87,465.24,-17.37,466.07
2026-08-08 15:47:08.935,100.0,90.0,6.0,99.4522,10.4528,0.0,20.9,2,0.5,-21.9,465.27,-17.38,466.1
2026-08-08 15:47:09.191,100.0,90.0,6.0,99.4522,10.4528,0.0,20.9,3,0.75,-21.9,465.27,-17.38,466.1
2026-08-08 15:47:09.447,100.0,90.0,6.0,99.4522,10.4528,0.0,20.9,4,1.0,-21.89,465.26,-17.37,466.09
2026-08-08 15:47:09.687,100.0,90.0,6.0,99.4522,10.4528,0.0,20.9,5,1.25,-21.89,465.26,-17.37,466.09
2026-08-08 15:47:13.573,100.0,90.0,12.0,97.8148,20.7912,0.0,23.0,1,0.25,-22.75,465.51,-17.8,466.4
2026-08-08 15:47:13.813,100.0,90.0,12.0,97.8148,20.7912,0.0,23.0,2,0.5,-22.71,465.5,-17.79,466.39
2026-08-08 15:47:14.069,100.0,90.0,12.0,97.8148,20.7912,0.0,23.0,3,0.75,-22.71,465.5,-17.79,466.39
2026-08-08 15:47:14.325,100.0,90.0,12.0,97.8148,20.7912,0.0,23.0,4,1.0,-22.73,465.48,-17.8,466.37
2026-08-08 15:47:14.565,100.0,90.0,12.0,97.8148,20.7912,0.0,23.0,5,1.25,-22.73,465.48,-17.8,466.37
2026-08-08 15:47:18.435,100.0,90.0,18.0,95.1057,30.9017,0.0,21.8,1,0.25,-23.43,465.93,-17.78,466.85
2026-08-08 15:47:18.691,100.0,90.0,18.0,95.1057,30.9017,0.0,21.8,2,0.5,-23.43,465.93,-17.78,466.85
2026-08-08 15:47:18.947,100.0,90.0,18.0,95.1057,30.9017,0.0,21.8,3,0.75,-23.43,465.96,-17.8,466.88
2026-08-08 15:47:19.187,100.0,90.0,18.0,95.1057,30.9017,0.0,21.8,4,1.0,-23.43,465.96,-17.8,466.88
2026-08-08 15:47:19.442,100.0,90.0,18.0,95.1057,30.9017,0.0,21.8,5,1.25,-23.42,465.97,-17.8,466.89
2026-08-08 15:47:23.313,100.0,90.0,24.0,91.3545,40.6737,0.0,22.5,1,0.25,-23.81,466.35,-18.13,467.3
2026-08-08 15:47:23.569,100.0,90.0,24.0,91.3545,40.6737,0.0,22.5,2,0.5,-23.81,466.38,-18.12,467.33
2026-08-08 15:47:23.824,100.0,90.0,24.0,91.3545,40.6737,0.0,22.5,3,0.75,-23.81,466.38,-18.12,467.33
2026-08-08 15:47:24.064,100.0,90.0,24.0,91.3545,40.6737,0.0,22.5,4,1.0,-23.82,466.4,-18.15,467.36
2026-08-08 15:47:24.320,100.0,90.0,24.0,91.3545,40.6737,0.0,22.5,5,1.25,-23.82,466.4,-18.15,467.36
2026-08-08 15:47:28.190,100.0,90.0,30.0,86.6025,50.0,0.0,22.3,1,0.25,-24.37,466.81,-18.25,467.8
2026-08-08 15:47:28.446,100.0,90.0,30.0,86.6025,50.0,0.0,22.3,2,0.5,-24.37,466.81,-18.25,467.8
2026-08-08 15:47:28.686,100.0,90.0,30.0,86.6025,50.0,0.0,22.3,3,0.75,-24.38,466.82,-18.25,467.81
2026-08-08 15:47:28.942,100.0,90.0,30.0,86.6025,50.0,0.0,22.3,4,1.0,-24.38,466.82,-18.25,467.81
2026-08-08 15:47:29.198,100.0,90.0,30.0,86.6025,50.0,0.0,22.3,5,1.25,-24.38,466.82,-18.25,467.81
2026-08-08 15:47:32.940,100.0,90.0,36.0,80.9017,58.7785,0.0,22.3,1,0.25,-24.66,467.15,-18.29,468.15
2026-08-08 15:47:33.196,100.0,90.0,36.0,80.9017,58.7785,0.0,22.3,2,0.5,-24.66,467.15,-18.29,468.15
2026-08-08 15:47:33.436,100.0,90.0,36.0,80.9017,58.7785,0.0,22.3,3,0.75,-24.64,467.11,-18.28,468.11
2026-08-08 15:47:33.692,100.0,90.0,36.0,80.9017,58.7785,0.0,22.3,4,1.0,-24.64,467.11,-18.28,468.11
2026-08-08 15:47:33.948,100.0,90.0,36.0,80.9017,58.7785,0.0,22.3,5,1.25,-24.64,467.12,-18.28,468.12
2026-08-08 15:47:37.690,100.0,90.0,42.0,74.3145,66.9131,0.0,21.9,1,0.25,-24.81,467.54,-18.4,468.55
2026-08-08 15:47:37.946,100.0,90.0,42.0,74.3145,66.9131,0.0,21.9,2,0.5,-24.81,467.54,-18.4,468.55
2026-08-08 15:47:38.186,100.0,90.0,42.0,74.3145,66.9131,0.0,21.9,3,0.75,-24.82,467.55,-18.41,468.57
2026-08-08 15:47:38.442,100.0,90.0,42.0,74.3145,66.9131,0.0,21.9,4,1.0,-24.82,467.55,-18.41,468.57
2026-08-08 15:47:38.698,100.0,90.0,42.0,74.3145,66.9131,0.0,21.9,5,1.25,-24.82,467.53,-18.4,468.54
2026-08-08 15:47:42.312,100.0,90.0,48.0,66.9131,74.3145,0.0,22.2,1,0.25,-25.26,467.97,-18.51,469.01
2026-08-08 15:47:42.568,100.0,90.0,48.0,66.9131,74.3145,0.0,22.2,2,0.5,-25.26,467.97,-18.51,469.01
2026-08-08 15:47:42.824,100.0,90.0,48.0,66.9131,74.3145,0.0,22.2,3,0.75,-25.25,467.99,-18.51,469.03
2026-08-08 15:47:43.064,100.0,90.0,48.0,66.9131,74.3145,0.0,22.2,4,1.0,-25.25,467.99,-18.51,469.03
2026-08-08 15:47:43.320,100.0,90.0,48.0,66.9131,74.3145,0.0,22.2,5,1.25,-25.25,467.96,-18.51,469.0
2026-08-08 15:47:47.062,100.0,90.0,54.0,58.7785,80.9017,0.0,22.8,1,0.25,-25.53,468.62,-18.65,469.68
2026-08-08 15:47:47.318,100.0,90.0,54.0,58.7785,80.9017,0.0,22.8,2,0.5,-25.53,468.62,-18.65,469.68
2026-08-08 15:47:47.574,100.0,90.0,54.0,58.7785,80.9017,0.0,22.8,3,0.75,-25.53,468.57,-18.66,469.63
2026-08-08 15:47:47.814,100.0,90.0,54.0,58.7785,80.9017,0.0,22.8,4,1.0,-25.53,468.57,-18.66,469.63
2026-08-08 15:47:48.069,100.0,90.0,54.0,58.7785,80.9017,0.0,22.8,5,1.25,-25.54,468.59,-18.65,469.65
2026-08-08 15:47:51.812,100.0,90.0,60.0,50.0,86.6025,0.0,23.0,1,0.25,-25.62,469.45,-18.6,470.51
2026-08-08 15:47:52.068,100.0,90.0,60.0,50.0,86.6025,0.0,23.0,2,0.5,-25.62,469.45,-18.6,470.51
2026-08-08 15:47:52.323,100.0,90.0,60.0,50.0,86.6025,0.0,23.0,3,0.75,-25.61,469.42,-18.59,470.48
2026-08-08 15:47:52.563,100.0,90.0,60.0,50.0,86.6025,0.0,23.0,4,1.0,-25.61,469.42,-18.59,470.48
2026-08-08 15:47:52.819,100.0,90.0,60.0,50.0,86.6025,0.0,23.0,5,1.25,-25.62,469.41,-18.58,470.47
2026-08-08 15:47:56.689,100.0,90.0,66.0,40.6737,91.3545,0.0,23.1,1,0.25,-25.51,470.31,-18.62,471.36
2026-08-08 15:47:56.945,100.0,90.0,66.0,40.6737,91.3545,0.0,23.1,2,0.5,-25.5,470.32,-18.63,471.37
2026-08-08 15:47:57.185,100.0,90.0,66.0,40.6737,91.3545,0.0,23.1,3,0.75,-25.5,470.32,-18.63,471.37
2026-08-08 15:47:57.441,100.0,90.0,66.0,40.6737,91.3545,0.0,23.1,4,1.0,-25.51,470.32,-18.63,471.37
2026-08-08 15:47:57.697,100.0,90.0,66.0,40.6737,91.3545,0.0,23.1,5,1.25,-25.51,470.32,-18.63,471.37
2026-08-08 15:48:01.567,100.0,90.0,72.0,30.9017,95.1057,0.0,22.2,1,0.25,-25.18,471.38,-18.49,472.41
2026-08-08 15:48:01.823,100.0,90.0,72.0,30.9017,95.1057,0.0,22.2,2,0.5,-25.18,471.38,-18.49,472.41
2026-08-08 15:48:02.063,100.0,90.0,72.0,30.9017,95.1057,0.0,22.2,3,0.75,-25.19,471.38,-18.49,472.41
2026-08-08 15:48:02.319,100.0,90.0,72.0,30.9017,95.1057,0.0,22.2,4,1.0,-25.19,471.38,-18.49,472.41
2026-08-08 15:48:02.559,100.0,90.0,72.0,30.9017,95.1057,0.0,22.2,5,1.25,-25.17,471.42,-18.51,472.45
2026-08-08 15:48:08.684,100.0,90.0,78.0,20.7912,97.8148,0.0,22.9,1,0.25,-24.21,472.36,-18.21,473.33
2026-08-08 15:48:08.940,100.0,90.0,78.0,20.7912,97.8148,0.0,22.9,2,0.5,-24.2,472.38,-18.21,473.34
2026-08-08 15:48:09.196,100.0,90.0,78.0,20.7912,97.8148,0.0,22.9,3,0.75,-24.2,472.38,-18.21,473.34
2026-08-08 15:48:09.436,100.0,90.0,78.0,20.7912,97.8148,0.0,22.9,4,1.0,-24.21,472.38,-18.23,473.35
2026-08-08 15:48:09.692,100.0,90.0,78.0,20.7912,97.8148,0.0,22.9,5,1.25,-24.21,472.38,-18.23,473.35
2026-08-08 15:48:13.562,100.0,90.0,84.0,10.4528,99.4522,0.0,22.7,1,0.25,-23.01,472.75,-17.71,473.64
2026-08-08 15:48:13.818,100.0,90.0,84.0,10.4528,99.4522,0.0,22.7,2,0.5,-23.01,472.75,-17.71,473.64
2026-08-08 15:48:14.074,100.0,90.0,84.0,10.4528,99.4522,0.0,22.7,3,0.75,-23.01,472.76,-17.71,473.65
2026-08-08 15:48:14.314,100.0,90.0,84.0,10.4528,99.4522,0.0,22.7,4,1.0,-23.01,472.76,-17.71,473.65
2026-08-08 15:48:14.570,100.0,90.0,84.0,10.4528,99.4522,0.0,22.7,5,1.25,-23.01,472.76,-17.72,473.65
2026-08-08 15:48:18.440,100.0,90.0,90.0,0.0,100.0,0.0,22.6,1,0.25,-21.98,472.89,-17.24,473.71
2026-08-08 15:48:18.696,100.0,90.0,90.0,0.0,100.0,0.0,22.6,2,0.5,-21.98,472.89,-17.24,473.71
2026-08-08 15:48:18.936,100.0,90.0,90.0,0.0,100.0,0.0,22.6,3,0.75,-22.0,472.91,-17.25,473.73
2026-08-08 15:48:19.192,100.0,90.0,90.0,0.0,100.0,0.0,22.6,4,1.0,-22.0,472.91,-17.25,473.73
2026-08-08 15:48:19.447,100.0,90.0,90.0,0.0,100.0,0.0,22.6,5,1.25,-21.99,472.94,-17.23,473.76
2026-08-08 15:48:23.318,100.0,90.0,96.0,-10.4528,99.4522,0.0,22.5,1,0.25,-20.63,472.83,-16.59,473.57
2026-08-08 15:48:23.574,100.0,90.0,96.0,-10.4528,99.4522,0.0,22.5,2,0.5,-20.64,472.87,-16.58,473.61
2026-08-08 15:48:23.813,100.0,90.0,96.0,-10.4528,99.4522,0.0,22.5,3,0.75,-20.64,472.87,-16.58,473.61
2026-08-08 15:48:24.069,100.0,90.0,96.0,-10.4528,99.4522,0.0,22.5,4,1.0,-20.63,472.8,-16.58,473.54
2026-08-08 15:48:24.309,100.0,90.0,96.0,-10.4528,99.4522,0.0,22.5,5,1.25,-20.63,472.84,-16.57,473.57
2026-08-08 15:48:30.434,100.0,90.0,102.0,-20.7912,97.8148,0.0,22.2,1,0.25,-19.46,472.32,-16.05,472.99
2026-08-08 15:48:30.690,100.0,90.0,102.0,-20.7912,97.8148,0.0,22.2,2,0.5,-19.46,472.32,-16.05,472.99
2026-08-08 15:48:30.946,100.0,90.0,102.0,-20.7912,97.8148,0.0,22.2,3,0.75,-19.47,472.31,-16.04,472.98
2026-08-08 15:48:31.186,100.0,90.0,102.0,-20.7912,97.8148,0.0,22.2,4,1.0,-19.47,472.31,-16.04,472.98
2026-08-08 15:48:31.442,100.0,90.0,102.0,-20.7912,97.8148,0.0,22.2,5,1.25,-19.48,472.3,-16.04,472.97
2026-08-08 15:48:35.312,100.0,90.0,108.0,-30.9017,95.1057,0.0,22.3,1,0.25,-18.6,471.54,-15.41,472.15
2026-08-08 15:48:35.568,100.0,90.0,108.0,-30.9017,95.1057,0.0,22.3,2,0.5,-18.6,471.51,-15.42,472.12
2026-08-08 15:48:35.824,100.0,90.0,108.0,-30.9017,95.1057,0.0,22.3,3,0.75,-18.6,471.51,-15.42,472.12
2026-08-08 15:48:36.064,100.0,90.0,108.0,-30.9017,95.1057,0.0,22.3,4,1.0,-18.59,471.52,-15.4,472.13
2026-08-08 15:48:36.320,100.0,90.0,108.0,-30.9017,95.1057,0.0,22.3,5,1.25,-18.59,471.52,-15.4,472.13
2026-08-08 15:48:40.190,100.0,90.0,114.0,-40.6737,91.3545,0.0,21.3,1,0.25,-17.84,470.71,-15.12,471.29
2026-08-08 15:48:40.446,100.0,90.0,114.0,-40.6737,91.3545,0.0,21.3,2,0.5,-17.84,470.71,-15.12,471.29
2026-08-08 15:48:40.686,100.0,90.0,114.0,-40.6737,91.3545,0.0,21.3,3,0.75,-17.84,470.65,-15.14,471.23
2026-08-08 15:48:40.942,100.0,90.0,114.0,-40.6737,91.3545,0.0,21.3,4,1.0,-17.84,470.65,-15.14,471.23
2026-08-08 15:48:41.198,100.0,90.0,114.0,-40.6737,91.3545,0.0,21.3,5,1.25,-17.84,470.67,-15.14,471.25
2026-08-08 15:48:45.068,100.0,90.0,120.0,-50.0,86.6025,0.0,22.0,1,0.25,-17.49,469.6,-14.82,470.15
2026-08-08 15:48:45.324,100.0,90.0,120.0,-50.0,86.6025,0.0,22.0,2,0.5,-17.48,469.59,-14.84,470.14
2026-08-08 15:48:45.564,100.0,90.0,120.0,-50.0,86.6025,0.0,22.0,3,0.75,-17.48,469.59,-14.84,470.14
2026-08-08 15:48:45.820,100.0,90.0,120.0,-50.0,86.6025,0.0,22.0,4,1.0,-17.48,469.59,-14.84,470.14
2026-08-08 15:48:46.059,100.0,90.0,120.0,-50.0,86.6025,0.0,22.0,5,1.25,-17.48,469.57,-14.84,470.12
2026-08-08 15:48:52.073,100.0,90.0,126.0,-58.7785,80.9017,0.0,22.3,1,0.25,-17.39,468.63,-14.88,469.18
2026-08-08 15:48:52.313,100.0,90.0,126.0,-58.7785,80.9017,0.0,22.3,2,0.5,-17.39,468.63,-14.88,469.18
2026-08-08 15:48:52.568,100.0,90.0,126.0,-58.7785,80.9017,0.0,22.3,3,0.75,-17.39,468.63,-14.88,469.18
2026-08-08 15:48:52.824,100.0,90.0,126.0,-58.7785,80.9017,0.0,22.3,4,1.0,-17.4,468.64,-14.89,469.19
2026-08-08 15:48:53.064,100.0,90.0,126.0,-58.7785,80.9017,0.0,22.3,5,1.25,-17.4,468.64,-14.89,469.19
2026-08-08 15:48:56.823,100.0,90.0,132.0,-66.9131,74.3145,0.0,22.4,1,0.25,-17.31,467.98,-14.68,468.53
2026-08-08 15:48:57.063,100.0,90.0,132.0,-66.9131,74.3145,0.0,22.4,2,0.5,-17.31,467.98,-14.68,468.53
2026-08-08 15:48:57.318,100.0,90.0,132.0,-66.9131,74.3145,0.0,22.4,3,0.75,-17.32,467.95,-14.69,468.5
2026-08-08 15:48:57.574,100.0,90.0,132.0,-66.9131,74.3145,0.0,22.4,4,1.0,-17.32,467.95,-14.69,468.5
2026-08-08 15:48:57.814,100.0,90.0,132.0,-66.9131,74.3145,0.0,22.4,5,1.25,-17.32,467.88,-14.69,468.43
2026-08-08 15:49:01.445,100.0,90.0,138.0,-74.3145,66.9131,0.0,22.8,1,0.25,-17.58,467.44,-14.47,467.99
2026-08-08 15:49:01.684,100.0,90.0,138.0,-74.3145,66.9131,0.0,22.8,2,0.5,-17.57,467.47,-14.48,468.02
2026-08-08 15:49:01.940,100.0,90.0,138.0,-74.3145,66.9131,0.0,22.8,3,0.75,-17.57,467.47,-14.48,468.02
2026-08-08 15:49:02.196,100.0,90.0,138.0,-74.3145,66.9131,0.0,22.8,4,1.0,-17.58,467.47,-14.47,468.02
2026-08-08 15:49:02.436,100.0,90.0,138.0,-74.3145,66.9131,0.0,22.8,5,1.25,-17.58,467.47,-14.47,468.02
2026-08-08 15:49:06.194,100.0,90.0,144.0,-80.9017,58.7785,0.0,22.5,1,0.25,-17.39,467.02,-14.33,467.56
2026-08-08 15:49:06.434,100.0,90.0,144.0,-80.9017,58.7785,0.0,22.5,2,0.5,-17.39,467.02,-14.33,467.56
2026-08-08 15:49:06.690,100.0,90.0,144.0,-80.9017,58.7785,0.0,22.5,3,0.75,-17.39,466.97,-14.33,467.51
2026-08-08 15:49:06.946,100.0,90.0,144.0,-80.9017,58.7785,0.0,22.5,4,1.0,-17.39,466.97,-14.33,467.51
2026-08-08 15:49:07.186,100.0,90.0,144.0,-80.9017,58.7785,0.0,22.5,5,1.25,-17.39,467.04,-14.32,467.58
2026-08-08 15:49:10.944,100.0,90.0,150.0,-86.6025,50.0,0.0,21.3,1,0.25,-17.99,466.58,-14.19,467.14
2026-08-08 15:49:11.184,100.0,90.0,150.0,-86.6025,50.0,0.0,21.3,2,0.5,-17.99,466.58,-14.19,467.14
2026-08-08 15:49:11.440,100.0,90.0,150.0,-86.6025,50.0,0.0,21.3,3,0.75,-18.0,466.51,-14.21,467.07
2026-08-08 15:49:11.696,100.0,90.0,150.0,-86.6025,50.0,0.0,21.3,4,1.0,-18.0,466.51,-14.21,467.07
2026-08-08 15:49:11.936,100.0,90.0,150.0,-86.6025,50.0,0.0,21.3,5,1.25,-17.99,466.49,-14.21,467.05
2026-08-08 15:49:15.822,100.0,90.0,156.0,-91.3545,40.6737,0.0,21.9,1,0.25,-18.36,466.04,-13.99,466.61
2026-08-08 15:49:16.062,100.0,90.0,156.0,-91.3545,40.6737,0.0,21.9,2,0.5,-18.35,466.06,-13.98,466.63
2026-08-08 15:49:16.318,100.0,90.0,156.0,-91.3545,40.6737,0.0,21.9,3,0.75,-18.35,466.06,-13.98,466.63
2026-08-08 15:49:16.574,100.0,90.0,156.0,-91.3545,40.6737,0.0,21.9,4,1.0,-18.35,466.06,-13.98,466.63
2026-08-08 15:49:16.814,100.0,90.0,156.0,-91.3545,40.6737,0.0,21.9,5,1.25,-18.37,466.14,-13.97,466.71
2026-08-08 15:49:20.684,100.0,90.0,162.0,-95.1057,30.9017,0.0,22.6,1,0.25,-18.85,465.74,-13.67,466.32
2026-08-08 15:49:20.940,100.0,90.0,162.0,-95.1057,30.9017,0.0,22.6,2,0.5,-18.84,465.74,-13.67,466.32
2026-08-08 15:49:21.196,100.0,90.0,162.0,-95.1057,30.9017,0.0,22.6,3,0.75,-18.84,465.74,-13.67,466.32
2026-08-08 15:49:21.436,100.0,90.0,162.0,-95.1057,30.9017,0.0,22.6,4,1.0,-18.83,465.74,-13.67,466.32
2026-08-08 15:49:21.691,100.0,90.0,162.0,-95.1057,30.9017,0.0,22.6,5,1.25,-18.83,465.74,-13.67,466.32
2026-08-08 15:49:25.562,100.0,90.0,168.0,-97.8148,20.7912,0.0,21.6,1,0.25,-19.72,465.43,-13.72,466.04
2026-08-08 15:49:25.817,100.0,90.0,168.0,-97.8148,20.7912,0.0,21.6,2,0.5,-19.72,465.43,-13.72,466.04
2026-08-08 15:49:26.073,100.0,90.0,168.0,-97.8148,20.7912,0.0,21.6,3,0.75,-19.7,465.43,-13.71,466.04
2026-08-08 15:49:26.313,100.0,90.0,168.0,-97.8148,20.7912,0.0,21.6,4,1.0,-19.7,465.43,-13.71,466.04
2026-08-08 15:49:26.569,100.0,90.0,168.0,-97.8148,20.7912,0.0,21.6,5,1.25,-19.71,465.41,-13.71,466.02
2026-08-08 15:49:30.439,100.0,90.0,174.0,-99.4522,10.4528,0.0,20.8,1,0.25,-20.41,465.2,-13.58,465.84
2026-08-08 15:49:30.695,100.0,90.0,174.0,-99.4522,10.4528,0.0,20.8,2,0.5,-20.42,465.18,-13.6,465.82
2026-08-08 15:49:30.935,100.0,90.0,174.0,-99.4522,10.4528,0.0,20.8,3,0.75,-20.42,465.18,-13.6,465.82
2026-08-08 15:49:31.191,100.0,90.0,174.0,-99.4522,10.4528,0.0,20.8,4,1.0,-20.43,465.21,-13.59,465.85
2026-08-08 15:49:31.447,100.0,90.0,174.0,-99.4522,10.4528,0.0,20.8,5,1.25,-20.43,465.21,-13.59,465.85
2026-08-08 15:49:35.317,100.0,90.0,180.0,-100.0,0.0,0.0,22.3,1,0.25,-21.47,465.08,-13.7,465.77
2026-08-08 15:49:35.573,100.0,90.0,180.0,-100.0,0.0,0.0,22.3,2,0.5,-21.49,465.08,-13.7,465.77
2026-08-08 15:49:35.813,100.0,90.0,180.0,-100.0,0.0,0.0,22.3,3,0.75,-21.49,465.08,-13.7,465.77
2026-08-08 15:49:36.069,100.0,90.0,180.0,-100.0,0.0,0.0,22.3,4,1.0,-21.47,465.07,-13.71,465.76
2026-08-08 15:49:36.309,100.0,90.0,180.0,-100.0,0.0,0.0,22.3,5,1.25,-21.48,465.11,-13.69,465.8
2026-08-08 15:49:42.562,100.0,90.0,186.0,-99.4522,-10.4528,0.0,22.2,1,0.25,-22.32,465.09,-13.8,465.82
2026-08-08 15:49:42.818,100.0,90.0,186.0,-99.4522,-10.4528,0.0,22.2,2,0.5,-22.32,465.1,-13.8,465.83
2026-08-08 15:49:43.074,100.0,90.0,186.0,-99.4522,-10.4528,0.0,22.2,3,0.75,-22.32,465.1,-13.8,465.83
2026-08-08 15:49:43.314,100.0,90.0,186.0,-99.4522,-10.4528,0.0,22.2,4,1.0,-22.32,465.08,-13.8,465.81
2026-08-08 15:49:43.569,100.0,90.0,186.0,-99.4522,-10.4528,0.0,22.2,5,1.25,-22.32,465.08,-13.8,465.81
2026-08-08 15:49:47.440,100.0,90.0,192.0,-97.8148,-20.7912,0.0,22.6,1,0.25,-23.16,465.41,-14.01,466.19
2026-08-08 15:49:47.695,100.0,90.0,192.0,-97.8148,-20.7912,0.0,22.6,2,0.5,-23.16,465.41,-14.01,466.19
2026-08-08 15:49:47.935,100.0,90.0,192.0,-97.8148,-20.7912,0.0,22.6,3,0.75,-23.17,465.36,-14.01,466.14
2026-08-08 15:49:48.191,100.0,90.0,192.0,-97.8148,-20.7912,0.0,22.6,4,1.0,-23.17,465.36,-14.01,466.14
2026-08-08 15:49:48.447,100.0,90.0,192.0,-97.8148,-20.7912,0.0,22.6,5,1.25,-23.17,465.38,-14.02,466.16
2026-08-08 15:49:52.317,100.0,90.0,198.0,-95.1057,-30.9017,0.0,22.3,1,0.25,-23.49,465.69,-14.13,466.49
2026-08-08 15:49:52.573,100.0,90.0,198.0,-95.1057,-30.9017,0.0,22.3,2,0.5,-23.49,465.65,-14.15,466.45
2026-08-08 15:49:52.813,100.0,90.0,198.0,-95.1057,-30.9017,0.0,22.3,3,0.75,-23.49,465.65,-14.15,466.45
2026-08-08 15:49:53.069,100.0,90.0,198.0,-95.1057,-30.9017,0.0,22.3,4,1.0,-23.48,465.62,-14.14,466.42
2026-08-08 15:49:53.309,100.0,90.0,198.0,-95.1057,-30.9017,0.0,22.3,5,1.25,-23.5,465.64,-14.13,466.44
2026-08-08 15:49:59.434,100.0,90.0,204.0,-91.3545,-40.6737,0.0,23.2,1,0.25,-23.91,465.9,-14.33,466.73
2026-08-08 15:49:59.690,100.0,90.0,204.0,-91.3545,-40.6737,0.0,23.2,2,0.5,-23.91,465.9,-14.33,466.73
2026-08-08 15:49:59.946,100.0,90.0,204.0,-91.3545,-40.6737,0.0,23.2,3,0.75,-23.91,465.92,-14.32,466.75
2026-08-08 15:50:00.186,100.0,90.0,204.0,-91.3545,-40.6737,0.0,23.2,4,1.0,-23.91,465.92,-14.32,466.75
2026-08-08 15:50:00.442,100.0,90.0,204.0,-91.3545,-40.6737,0.0,23.2,5,1.25,-23.91,465.93,-14.34,466.76
2026-08-08 15:50:04.312,100.0,90.0,210.0,-86.6025,-50.0,0.0,23.5,1,0.25,-24.12,466.19,-14.49,467.03
2026-08-08 15:50:04.568,100.0,90.0,210.0,-86.6025,-50.0,0.0,23.5,2,0.5,-24.13,466.25,-14.51,467.09
2026-08-08 15:50:04.824,100.0,90.0,210.0,-86.6025,-50.0,0.0,23.5,3,0.75,-24.13,466.25,-14.51,467.09
2026-08-08 15:50:05.064,100.0,90.0,210.0,-86.6025,-50.0,0.0,23.5,4,1.0,-24.11,466.23,-14.52,467.07
2026-08-08 15:50:05.320,100.0,90.0,210.0,-86.6025,-50.0,0.0,23.5,5,1.25,-24.11,466.23,-14.52,467.07
2026-08-08 15:50:09.062,100.0,90.0,216.0,-80.9017,-58.7785,0.0,22.8,1,0.25,-24.06,466.44,-14.68,467.29
2026-08-08 15:50:09.318,100.0,90.0,216.0,-80.9017,-58.7785,0.0,22.8,2,0.5,-24.06,466.44,-14.67,467.29
2026-08-08 15:50:09.574,100.0,90.0,216.0,-80.9017,-58.7785,0.0,22.8,3,0.75,-24.06,466.44,-14.67,467.29
2026-08-08 15:50:09.814,100.0,90.0,216.0,-80.9017,-58.7785,0.0,22.8,4,1.0,-24.05,466.36,-14.67,467.21
2026-08-08 15:50:10.069,100.0,90.0,216.0,-80.9017,-58.7785,0.0,22.8,5,1.25,-24.05,466.36,-14.67,467.21
2026-08-08 15:50:13.812,100.0,90.0,222.0,-74.3145,-66.9131,0.0,23.8,1,0.25,-24.36,466.5,-14.89,467.37
2026-08-08 15:50:14.068,100.0,90.0,222.0,-74.3145,-66.9131,0.0,23.8,2,0.5,-24.36,466.52,-14.9,467.39
2026-08-08 15:50:14.324,100.0,90.0,222.0,-74.3145,-66.9131,0.0,23.8,3,0.75,-24.36,466.52,-14.9,467.39
2026-08-08 15:50:14.563,100.0,90.0,222.0,-74.3145,-66.9131,0.0,23.8,4,1.0,-24.36,466.55,-14.9,467.42
2026-08-08 15:50:14.819,100.0,90.0,222.0,-74.3145,-66.9131,0.0,23.8,5,1.25,-24.36,466.55,-14.9,467.42
2026-08-08 15:50:18.434,100.0,90.0,228.0,-66.9131,-74.3145,0.0,22.8,1,0.25,-24.52,466.63,-14.99,467.51
2026-08-08 15:50:18.690,100.0,90.0,228.0,-66.9131,-74.3145,0.0,22.8,2,0.5,-24.51,466.6,-14.99,467.48
2026-08-08 15:50:18.946,100.0,90.0,228.0,-66.9131,-74.3145,0.0,22.8,3,0.75,-24.51,466.6,-14.99,467.48
2026-08-08 15:50:19.185,100.0,90.0,228.0,-66.9131,-74.3145,0.0,22.8,4,1.0,-24.5,466.57,-14.99,467.45
2026-08-08 15:50:19.441,100.0,90.0,228.0,-66.9131,-74.3145,0.0,22.8,5,1.25,-24.5,466.57,-14.99,467.45
2026-08-08 15:50:23.184,100.0,90.0,234.0,-58.7785,-80.9017,0.0,22.4,1,0.25,-24.82,466.76,-15.29,467.66
2026-08-08 15:50:23.439,100.0,90.0,234.0,-58.7785,-80.9017,0.0,22.4,2,0.5,-24.83,466.69,-15.28,467.59
2026-08-08 15:50:23.695,100.0,90.0,234.0,-58.7785,-80.9017,0.0,22.4,3,0.75,-24.83,466.69,-15.28,467.59
2026-08-08 15:50:23.935,100.0,90.0,234.0,-58.7785,-80.9017,0.0,22.4,4,1.0,-24.83,466.69,-15.28,467.59
2026-08-08 15:50:24.191,100.0,90.0,234.0,-58.7785,-80.9017,0.0,22.4,5,1.25,-24.83,466.69,-15.28,467.59
2026-08-08 15:50:27.933,100.0,90.0,240.0,-50.0,-86.6025,0.0,23.2,1,0.25,-25.09,467.09,-15.23,468.01
2026-08-08 15:50:28.189,100.0,90.0,240.0,-50.0,-86.6025,0.0,23.2,2,0.5,-25.09,467.09,-15.23,468.01
2026-08-08 15:50:28.445,100.0,90.0,240.0,-50.0,-86.6025,0.0,23.2,3,0.75,-25.09,467.09,-15.23,468.01
2026-08-08 15:50:28.685,100.0,90.0,240.0,-50.0,-86.6025,0.0,23.2,4,1.0,-25.07,467.1,-15.23,468.02
2026-08-08 15:50:28.941,100.0,90.0,240.0,-50.0,-86.6025,0.0,23.2,5,1.25,-25.07,467.1,-15.23,468.02
2026-08-08 15:50:32.811,100.0,90.0,246.0,-40.6737,-91.3545,0.0,23.1,1,0.25,-24.72,467.44,-15.41,468.34
2026-08-08 15:50:33.067,100.0,90.0,246.0,-40.6737,-91.3545,0.0,23.1,2,0.5,-24.72,467.44,-15.41,468.34
2026-08-08 15:50:33.323,100.0,90.0,246.0,-40.6737,-91.3545,0.0,23.1,3,0.75,-24.72,467.45,-15.42,468.35
2026-08-08 15:50:33.563,100.0,90.0,246.0,-40.6737,-91.3545,0.0,23.1,4,1.0,-24.72,467.45,-15.42,468.35
2026-08-08 15:50:33.819,100.0,90.0,246.0,-40.6737,-91.3545,0.0,23.1,5,1.25,-24.71,467.47,-15.42,468.37
2026-08-08 15:50:37.689,100.0,90.0,252.0,-30.9017,-95.1057,0.0,22.1,1,0.25,-24.43,468.05,-15.45,468.94
2026-08-08 15:50:37.945,100.0,90.0,252.0,-30.9017,-95.1057,0.0,22.1,2,0.5,-24.44,468.03,-15.46,468.92
2026-08-08 15:50:38.185,100.0,90.0,252.0,-30.9017,-95.1057,0.0,22.1,3,0.75,-24.44,468.03,-15.46,468.92
2026-08-08 15:50:38.441,100.0,90.0,252.0,-30.9017,-95.1057,0.0,22.1,4,1.0,-24.44,468.03,-15.46,468.92
2026-08-08 15:50:38.697,100.0,90.0,252.0,-30.9017,-95.1057,0.0,22.1,5,1.25,-24.44,468.03,-15.46,468.92
2026-08-08 15:50:42.567,100.0,90.0,258.0,-20.7912,-97.8148,0.0,22.1,1,0.25,-23.69,468.62,-15.29,469.46
2026-08-08 15:50:42.823,100.0,90.0,258.0,-20.7912,-97.8148,0.0,22.1,2,0.5,-23.69,468.62,-15.29,469.46
2026-08-08 15:50:43.063,100.0,90.0,258.0,-20.7912,-97.8148,0.0,22.1,3,0.75,-23.68,468.61,-15.28,469.45
2026-08-08 15:50:43.318,100.0,90.0,258.0,-20.7912,-97.8148,0.0,22.1,4,1.0,-23.68,468.61,-15.28,469.45
2026-08-08 15:50:43.558,100.0,90.0,258.0,-20.7912,-97.8148,0.0,22.1,5,1.25,-23.68,468.59,-15.27,469.43
2026-08-08 15:50:49.683,100.0,90.0,264.0,-10.4528,-99.4522,0.0,22.3,1,0.25,-22.8,469.16,-15.43,469.96
2026-08-08 15:50:49.939,100.0,90.0,264.0,-10.4528,-99.4522,0.0,22.3,2,0.5,-22.8,469.18,-15.43,469.98
2026-08-08 15:50:50.195,100.0,90.0,264.0,-10.4528,-99.4522,0.0,22.3,3,0.75,-22.8,469.18,-15.43,469.98
2026-08-08 15:50:50.435,100.0,90.0,264.0,-10.4528,-99.4522,0.0,22.3,4,1.0,-22.78,469.18,-15.43,469.98
2026-08-08 15:50:50.691,100.0,90.0,264.0,-10.4528,-99.4522,0.0,22.3,5,1.25,-22.78,469.18,-15.43,469.98
2026-08-08 15:50:54.689,100.0,90.0,270.0,-0.0,-100.0,0.0,22.7,1,0.25,-21.76,469.5,-15.38,470.25
2026-08-08 15:50:54.945,100.0,90.0,270.0,-0.0,-100.0,0.0,22.7,2,0.5,-21.76,469.5,-15.38,470.25
2026-08-08 15:50:55.185,100.0,90.0,270.0,-0.0,-100.0,0.0,22.7,3,0.75,-21.76,469.52,-15.39,470.27
2026-08-08 15:50:55.441,100.0,90.0,270.0,-0.0,-100.0,0.0,22.7,4,1.0,-21.76,469.52,-15.39,470.27
2026-08-08 15:50:55.697,100.0,90.0,270.0,-0.0,-100.0,0.0,22.7,5,1.25,-21.76,469.52,-15.39,470.27
2026-08-08 15:50:59.567,100.0,90.0,276.0,10.4528,-99.4522,0.0,22.6,1,0.25,-20.45,469.48,-15.2,470.17
2026-08-08 15:50:59.823,100.0,90.0,276.0,10.4528,-99.4522,0.0,22.6,2,0.5,-20.46,469.44,-15.21,470.13
2026-08-08 15:51:00.063,100.0,90.0,276.0,10.4528,-99.4522,0.0,22.6,3,0.75,-20.46,469.44,-15.21,470.13
2026-08-08 15:51:00.319,100.0,90.0,276.0,10.4528,-99.4522,0.0,22.6,4,1.0,-20.46,469.46,-15.19,470.15
2026-08-08 15:51:00.559,100.0,90.0,276.0,10.4528,-99.4522,0.0,22.6,5,1.25,-20.46,469.46,-15.19,470.15
2026-08-08 15:51:06.684,100.0,90.0,282.0,20.7912,-97.8148,0.0,22.9,1,0.25,-19.22,469.13,-14.82,469.75
2026-08-08 15:51:06.940,100.0,90.0,282.0,20.7912,-97.8148,0.0,22.9,2,0.5,-19.22,469.13,-14.82,469.75
2026-08-08 15:51:07.196,100.0,90.0,282.0,20.7912,-97.8148,0.0,22.9,3,0.75,-19.21,469.09,-14.82,469.71
2026-08-08 15:51:07.436,100.0,90.0,282.0,20.7912,-97.8148,0.0,22.9,4,1.0,-19.21,469.09,-14.82,469.71
2026-08-08 15:51:07.691,100.0,90.0,282.0,20.7912,-97.8148,0.0,22.9,5,1.25,-19.21,469.12,-14.81,469.74
2026-08-08 15:51:11.562,100.0,90.0,288.0,30.9017,-95.1057,0.0,21.5,1,0.25,-18.15,468.62,-14.86,469.2
2026-08-08 15:51:11.818,100.0,90.0,288.0,30.9017,-95.1057,0.0,21.5,2,0.5,-18.14,468.64,-14.86,469.22
2026-08-08 15:51:12.058,100.0,90.0,288.0,30.9017,-95.1057,0.0,21.5,3,0.75,-18.16,468.62,-14.86,469.2
2026-08-08 15:51:14.568,100.0,90.0,288.0,30.9017,-95.1057,0.0,21.5,4,1.0,-18.16,468.62,-14.86,469.2
2026-08-08 15:51:14.808,100.0,90.0,288.0,30.9017,-95.1057,0.0,21.5,5,1.25,-18.15,468.63,-14.85,469.21
2026-08-08 15:51:20.934,100.0,90.0,294.0,40.6737,-91.3545,0.0,22.6,1,0.25,-17.27,467.96,-14.92,468.51
2026-08-08 15:51:21.189,100.0,90.0,294.0,40.6737,-91.3545,0.0,22.6,2,0.5,-17.27,467.95,-14.93,468.5
2026-08-08 15:51:21.445,100.0,90.0,294.0,40.6737,-91.3545,0.0,22.6,3,0.75,-17.27,467.95,-14.93,468.5
2026-08-08 15:51:21.685,100.0,90.0,294.0,40.6737,-91.3545,0.0,22.6,4,1.0,-17.25,467.96,-14.94,468.51
2026-08-08 15:51:21.941,100.0,90.0,294.0,40.6737,-91.3545,0.0,22.6,5,1.25,-17.25,467.96,-14.94,468.51
2026-08-08 15:51:25.811,100.0,90.0,300.0,50.0,-86.6025,0.0,22.6,1,0.25,-16.72,467.27,-14.93,467.8
2026-08-08 15:51:26.067,100.0,90.0,300.0,50.0,-86.6025,0.0,22.6,2,0.5,-16.72,467.27,-14.93,467.8
2026-08-08 15:51:26.323,100.0,90.0,300.0,50.0,-86.6025,0.0,22.6,3,0.75,-16.72,467.25,-14.93,467.78
2026-08-08 15:51:26.563,100.0,90.0,300.0,50.0,-86.6025,0.0,22.6,4,1.0,-16.72,467.25,-14.93,467.78
2026-08-08 15:51:26.819,100.0,90.0,300.0,50.0,-86.6025,0.0,22.6,5,1.25,-16.74,467.26,-14.94,467.79
2026-08-08 15:51:30.561,100.0,90.0,306.0,58.7785,-80.9017,0.0,23.1,1,0.25,-16.38,466.63,-15.24,467.16
2026-08-08 15:51:30.817,100.0,90.0,306.0,58.7785,-80.9017,0.0,23.1,2,0.5,-16.38,466.63,-15.24,467.16
2026-08-08 15:51:31.073,100.0,90.0,306.0,58.7785,-80.9017,0.0,23.1,3,0.75,-16.38,466.61,-15.24,467.14
2026-08-08 15:51:31.313,100.0,90.0,306.0,58.7785,-80.9017,0.0,23.1,4,1.0,-16.38,466.61,-15.24,467.14
2026-08-08 15:51:31.569,100.0,90.0,306.0,58.7785,-80.9017,0.0,23.1,5,1.25,-16.37,466.61,-15.24,467.14
2026-08-08 15:51:35.311,100.0,90.0,312.0,66.9131,-74.3145,0.0,23.1,1,0.25,-16.41,466.05,-15.38,466.59
2026-08-08 15:51:35.567,100.0,90.0,312.0,66.9131,-74.3145,0.0,23.1,2,0.5,-16.41,466.05,-15.38,466.59
2026-08-08 15:51:35.823,100.0,90.0,312.0,66.9131,-74.3145,0.0,23.1,3,0.75,-16.43,466.04,-15.36,466.58
2026-08-08 15:51:36.063,100.0,90.0,312.0,66.9131,-74.3145,0.0,23.1,4,1.0,-16.43,466.04,-15.36,466.58
2026-08-08 15:51:36.319,100.0,90.0,312.0,66.9131,-74.3145,0.0,23.1,5,1.25,-16.41,466.0,-15.38,466.54
2026-08-08 15:51:39.933,100.0,90.0,318.0,74.3145,-66.9131,0.0,23.3,1,0.25,-16.49,465.54,-15.64,466.09
2026-08-08 15:51:40.189,100.0,90.0,318.0,74.3145,-66.9131,0.0,23.3,2,0.5,-16.49,465.54,-15.64,466.09
2026-08-08 15:51:40.445,100.0,90.0,318.0,74.3145,-66.9131,0.0,23.3,3,0.75,-16.49,465.55,-15.65,466.1
2026-08-08 15:51:40.685,100.0,90.0,318.0,74.3145,-66.9131,0.0,23.3,4,1.0,-16.49,465.55,-15.65,466.1
2026-08-08 15:51:40.941,100.0,90.0,318.0,74.3145,-66.9131,0.0,23.3,5,1.25,-16.49,465.51,-15.64,466.06
2026-08-08 15:51:44.683,100.0,90.0,324.0,80.9017,-58.7785,0.0,21.8,1,0.25,-16.87,465.2,-15.85,465.77
2026-08-08 15:51:44.939,100.0,90.0,324.0,80.9017,-58.7785,0.0,21.8,2,0.5,-16.89,465.19,-15.84,465.76
2026-08-08 15:51:45.195,100.0,90.0,324.0,80.9017,-58.7785,0.0,21.8,3,0.75,-16.89,465.19,-15.84,465.76
2026-08-08 15:51:45.435,100.0,90.0,324.0,80.9017,-58.7785,0.0,21.8,4,1.0,-16.89,465.19,-15.84,465.76
2026-08-08 15:51:45.690,100.0,90.0,324.0,80.9017,-58.7785,0.0,21.8,5,1.25,-16.88,465.2,-15.83,465.77
2026-08-08 15:51:49.433,100.0,90.0,330.0,86.6025,-50.0,0.0,21.6,1,0.25,-17.52,465.04,-16.08,465.64
2026-08-08 15:51:49.689,100.0,90.0,330.0,86.6025,-50.0,0.0,21.6,2,0.5,-17.51,465.03,-16.09,465.63
2026-08-08 15:51:49.945,100.0,90.0,330.0,86.6025,-50.0,0.0,21.6,3,0.75,-17.51,465.03,-16.09,465.63
2026-08-08 15:51:50.184,100.0,90.0,330.0,86.6025,-50.0,0.0,21.6,4,1.0,-17.51,465.03,-16.09,465.63
2026-08-08 15:51:50.440,100.0,90.0,330.0,86.6025,-50.0,0.0,21.6,5,1.25,-17.51,465.03,-16.09,465.63
2026-08-08 15:51:54.311,100.0,90.0,336.0,91.3545,-40.6737,0.0,24.0,1,0.25,-18.2,464.93,-16.29,465.57
2026-08-08 15:51:54.567,100.0,90.0,336.0,91.3545,-40.6737,0.0,24.0,2,0.5,-18.2,464.93,-16.29,465.57
2026-08-08 15:51:54.822,100.0,90.0,336.0,91.3545,-40.6737,0.0,24.0,3,0.75,-18.2,464.93,-16.29,465.57
2026-08-08 15:51:55.062,100.0,90.0,336.0,91.3545,-40.6737,0.0,24.0,4,1.0,-18.21,464.94,-16.27,465.58
2026-08-08 15:51:55.318,100.0,90.0,336.0,91.3545,-40.6737,0.0,24.0,5,1.25,-18.21,464.94,-16.27,465.58
2026-08-08 15:51:59.188,100.0,90.0,342.0,95.1057,-30.9017,0.0,22.6,1,0.25,-18.92,464.82,-16.41,465.49
2026-08-08 15:51:59.444,100.0,90.0,342.0,95.1057,-30.9017,0.0,22.6,2,0.5,-18.92,464.82,-16.41,465.49
2026-08-08 15:51:59.684,100.0,90.0,342.0,95.1057,-30.9017,0.0,22.6,3,0.75,-18.92,464.84,-16.4,465.51
2026-08-08 15:51:59.940,100.0,90.0,342.0,95.1057,-30.9017,0.0,22.6,4,1.0,-18.92,464.84,-16.4,465.51
2026-08-08 15:52:00.196,100.0,90.0,342.0,95.1057,-30.9017,0.0,22.6,5,1.25,-18.91,464.89,-16.4,465.56
2026-08-08 15:52:04.066,100.0,90.0,348.0,97.8148,-20.7912,0.0,23.2,1,0.25,-19.58,464.89,-16.59,465.59
2026-08-08 15:52:04.322,100.0,90.0,348.0,97.8148,-20.7912,0.0,23.2,2,0.5,-19.58,464.88,-16.59,465.58
2026-08-08 15:52:04.562,100.0,90.0,348.0,97.8148,-20.7912,0.0,23.2,3,0.75,-19.58,464.88,-16.59,465.58
2026-08-08 15:52:04.818,100.0,90.0,348.0,97.8148,-20.7912,0.0,23.2,4,1.0,-19.59,464.9,-16.59,465.6
2026-08-08 15:52:05.058,100.0,90.0,348.0,97.8148,-20.7912,0.0,23.2,5,1.25,-19.6,464.89,-16.58,465.59
2026-08-08 15:52:11.183,100.0,90.0,354.0,99.4522,-10.4528,0.0,21.8,1,0.25,-20.26,464.83,-16.74,465.57
2026-08-08 15:52:11.439,100.0,90.0,354.0,99.4522,-10.4528,0.0,21.8,2,0.5,-20.26,464.83,-16.74,465.57
2026-08-08 15:52:11.695,100.0,90.0,354.0,99.4522,-10.4528,0.0,21.8,3,0.75,-20.26,464.84,-16.74,465.58
2026-08-08 15:52:11.935,100.0,90.0,354.0,99.4522,-10.4528,0.0,21.8,4,1.0,-20.26,464.84,-16.74,465.58
2026-08-08 15:52:12.191,100.0,90.0,354.0,99.4522,-10.4528,0.0,21.8,5,1.25,-20.27,464.83,-16.73,465.57
2026-08-08 15:52:15.933,100.0,96.0,354.0,98.9074,-10.3956,-10.4528,22.1,1,0.25,-20.46,465.12,-16.66,465.86
2026-08-08 15:52:16.189,100.0,96.0,354.0,98.9074,-10.3956,-10.4528,22.1,2,0.5,-20.45,465.12,-16.65,465.86
2026-08-08 15:52:16.445,100.0,96.0,354.0,98.9074,-10.3956,-10.4528,22.1,3,0.75,-20.45,465.12,-16.65,465.86
2026-08-08 15:52:16.684,100.0,96.0,354.0,98.9074,-10.3956,-10.4528,22.1,4,1.0,-20.45,465.1,-16.65,465.84
2026-08-08 15:52:16.940,100.0,96.0,354.0,98.9074,-10.3956,-10.4528,22.1,5,1.25,-20.45,465.1,-16.65,465.84
2026-08-08 15:52:20.811,100.0,96.0,348.0,97.2789,-20.6773,-10.4528,21.8,1,0.25,-19.6,465.04,-16.46,465.74
2026-08-08 15:52:21.066,100.0,96.0,348.0,97.2789,-20.6773,-10.4528,21.8,2,0.5,-19.6,465.05,-16.47,465.75
2026-08-08 15:52:21.322,100.0,96.0,348.0,97.2789,-20.6773,-10.4528,21.8,3,0.75,-19.6,465.05,-16.47,465.75
2026-08-08 15:52:21.562,100.0,96.0,348.0,97.2789,-20.6773,-10.4528,21.8,4,1.0,-19.6,465.06,-16.46,465.76
2026-08-08 15:52:21.818,100.0,96.0,348.0,97.2789,-20.6773,-10.4528,21.8,5,1.25,-19.6,465.06,-16.46,465.76
2026-08-08 15:52:25.688,100.0,96.0,342.0,94.5847,-30.7324,-10.4528,22.1,1,0.25,-19.05,465.03,-16.03,465.69
2026-08-08 15:52:25.944,100.0,96.0,342.0,94.5847,-30.7324,-10.4528,22.1,2,0.5,-19.05,465.03,-16.03,465.69
2026-08-08 15:52:26.184,100.0,96.0,342.0,94.5847,-30.7324,-10.4528,22.1,3,0.75,-19.07,465.02,-16.04,465.68
2026-08-08 15:52:26.440,100.0,96.0,342.0,94.5847,-30.7324,-10.4528,22.1,4,1.0,-19.07,465.02,-16.04,465.68
2026-08-08 15:52:26.696,100.0,96.0,342.0,94.5847,-30.7324,-10.4528,22.1,5,1.25,-19.07,464.97,-16.02,465.63
2026-08-08 15:52:30.566,100.0,96.0,336.0,90.8541,-40.4508,-10.4528,,1,0.25,-18.28,465.0,-15.77,465.62
2026-08-08 15:52:30.822,100.0,96.0,336.0,90.8541,-40.4508,-10.4528,,2,0.5,-18.28,465.04,-15.77,465.66
2026-08-08 15:52:31.062,100.0,96.0,336.0,90.8541,-40.4508,-10.4528,,3,0.75,-18.28,465.04,-15.77,465.66
2026-08-08 15:52:31.318,100.0,96.0,336.0,90.8541,-40.4508,-10.4528,,4,1.0,-18.29,465.01,-15.76,465.63
2026-08-08 15:52:31.558,100.0,96.0,336.0,90.8541,-40.4508,-10.4528,,5,1.25,-18.28,465.03,-15.78,465.65
2026-08-08 15:52:37.683,100.0,96.0,330.0,86.1281,-49.7261,-10.4528,23.0,1,0.25,-17.74,465.15,-15.46,465.74
2026-08-08 15:52:37.939,100.0,96.0,330.0,86.1281,-49.7261,-10.4528,23.0,2,0.5,-17.74,465.15,-15.46,465.74
2026-08-08 15:52:38.195,100.0,96.0,330.0,86.1281,-49.7261,-10.4528,23.0,3,0.75,-17.76,465.17,-15.47,465.76
2026-08-08 15:52:38.435,100.0,96.0,330.0,86.1281,-49.7261,-10.4528,23.0,4,1.0,-17.76,465.17,-15.47,465.76
2026-08-08 15:52:38.691,100.0,96.0,330.0,86.1281,-49.7261,-10.4528,23.0,5,1.25,-17.75,465.16,-15.47,465.75
2026-08-08 15:52:42.433,100.0,96.0,324.0,80.4585,-58.4565,-10.4528,22.2,1,0.25,-17.19,465.43,-15.03,465.98
2026-08-08 15:52:42.689,100.0,96.0,324.0,80.4585,-58.4565,-10.4528,22.2,2,0.5,-17.19,465.43,-15.02,465.98
2026-08-08 15:52:42.945,100.0,96.0,324.0,80.4585,-58.4565,-10.4528,22.2,3,0.75,-17.19,465.43,-15.02,465.98
2026-08-08 15:52:43.185,100.0,96.0,324.0,80.4585,-58.4565,-10.4528,22.2,4,1.0,-17.19,465.45,-15.03,466.0
2026-08-08 15:52:43.440,100.0,96.0,324.0,80.4585,-58.4565,-10.4528,22.2,5,1.25,-17.19,465.45,-15.03,466.0
2026-08-08 15:52:47.183,100.0,96.0,318.0,73.9074,-66.5465,-10.4528,21.9,1,0.25,-16.55,465.85,-14.68,466.37
2026-08-08 15:52:47.439,100.0,96.0,318.0,73.9074,-66.5465,-10.4528,21.9,2,0.5,-16.54,465.82,-14.69,466.34
2026-08-08 15:52:47.695,100.0,96.0,318.0,73.9074,-66.5465,-10.4528,21.9,3,0.75,-16.54,465.82,-14.69,466.34
2026-08-08 15:52:47.934,100.0,96.0,318.0,73.9074,-66.5465,-10.4528,21.9,4,1.0,-16.52,465.79,-14.68,466.31
2026-08-08 15:52:48.190,100.0,96.0,318.0,73.9074,-66.5465,-10.4528,21.9,5,1.25,-16.52,465.79,-14.68,466.31
2026-08-08 15:52:51.821,100.0,96.0,312.0,66.5465,-73.9074,-10.4528,20.8,1,0.25,-16.42,466.29,-14.27,466.79
2026-08-08 15:52:52.061,100.0,96.0,312.0,66.5465,-73.9074,-10.4528,20.8,2,0.5,-16.43,466.32,-14.26,466.82
2026-08-08 15:52:52.316,100.0,96.0,312.0,66.5465,-73.9074,-10.4528,20.8,3,0.75,-16.43,466.32,-14.26,466.82
2026-08-08 15:52:52.572,100.0,96.0,312.0,66.5465,-73.9074,-10.4528,20.8,4,1.0,-16.43,466.3,-14.29,466.8
2026-08-08 15:52:52.812,100.0,96.0,312.0,66.5465,-73.9074,-10.4528,20.8,5,1.25,-16.43,466.3,-14.29,466.8
2026-08-08 15:52:56.571,100.0,96.0,306.0,58.4565,-80.4585,-10.4528,22.4,1,0.25,-16.47,466.93,-14.01,467.43
2026-08-08 15:52:56.811,100.0,96.0,306.0,58.4565,-80.4585,-10.4528,22.4,2,0.5,-16.48,466.93,-14.02,467.43
2026-08-08 15:52:57.066,100.0,96.0,306.0,58.4565,-80.4585,-10.4528,22.4,3,0.75,-16.48,466.93,-14.02,467.43
2026-08-08 15:52:57.322,100.0,96.0,306.0,58.4565,-80.4585,-10.4528,22.4,4,1.0,-16.48,466.91,-14.01,467.41
2026-08-08 15:52:57.562,100.0,96.0,306.0,58.4565,-80.4585,-10.4528,22.4,5,1.25,-16.48,466.91,-14.01,467.41
2026-08-08 15:53:01.321,100.0,96.0,300.0,49.7261,-86.1281,-10.4528,23.0,1,0.25,-16.92,467.66,-13.72,468.16
2026-08-08 15:53:01.560,100.0,96.0,300.0,49.7261,-86.1281,-10.4528,23.0,2,0.5,-16.91,467.68,-13.73,468.18
2026-08-08 15:53:01.816,100.0,96.0,300.0,49.7261,-86.1281,-10.4528,23.0,3,0.75,-16.91,467.68,-13.73,468.18
2026-08-08 15:53:02.072,100.0,96.0,300.0,49.7261,-86.1281,-10.4528,23.0,4,1.0,-16.91,467.68,-13.74,468.18
2026-08-08 15:53:02.312,100.0,96.0,300.0,49.7261,-86.1281,-10.4528,23.0,5,1.25,-16.91,467.68,-13.74,468.18
2026-08-08 15:53:06.182,100.0,96.0,294.0,40.4508,-90.8541,-10.4528,22.6,1,0.25,-17.41,468.39,-13.65,468.91
2026-08-08 15:53:06.438,100.0,96.0,294.0,40.4508,-90.8541,-10.4528,22.6,2,0.5,-17.41,468.39,-13.65,468.91
2026-08-08 15:53:06.694,100.0,96.0,294.0,40.4508,-90.8541,-10.4528,22.6,3,0.75,-17.41,468.42,-13.66,468.94
2026-08-08 15:53:06.934,100.0,96.0,294.0,40.4508,-90.8541,-10.4528,22.6,4,1.0,-17.41,468.42,-13.66,468.94
2026-08-08 15:53:07.190,100.0,96.0,294.0,40.4508,-90.8541,-10.4528,22.6,5,1.25,-17.42,468.42,-13.65,468.94
2026-08-08 15:53:11.060,100.0,96.0,288.0,30.7324,-94.5847,-10.4528,22.6,1,0.25,-18.55,468.96,-13.71,469.52
2026-08-08 15:53:11.316,100.0,96.0,288.0,30.7324,-94.5847,-10.4528,22.6,2,0.5,-18.54,468.92,-13.7,469.48
2026-08-08 15:53:11.572,100.0,96.0,288.0,30.7324,-94.5847,-10.4528,22.6,3,0.75,-18.54,468.92,-13.7,469.48
2026-08-08 15:53:11.812,100.0,96.0,288.0,30.7324,-94.5847,-10.4528,22.6,4,1.0,-18.55,468.95,-13.7,469.51
2026-08-08 15:53:12.068,100.0,96.0,288.0,30.7324,-94.5847,-10.4528,22.6,5,1.25,-18.55,468.95,-13.7,469.51
2026-08-08 15:53:15.938,100.0,96.0,282.0,20.6773,-97.2789,-10.4528,23.0,1,0.25,-19.66,469.38,-13.81,469.99
2026-08-08 15:53:16.194,100.0,96.0,282.0,20.6773,-97.2789,-10.4528,23.0,2,0.5,-19.66,469.38,-13.81,469.99
2026-08-08 15:53:16.434,100.0,96.0,282.0,20.6773,-97.2789,-10.4528,23.0,3,0.75,-19.66,469.38,-13.81,469.99
2026-08-08 15:53:16.690,100.0,96.0,282.0,20.6773,-97.2789,-10.4528,23.0,4,1.0,-19.67,469.33,-13.81,469.94
2026-08-08 15:53:16.945,100.0,96.0,282.0,20.6773,-97.2789,-10.4528,23.0,5,1.25,-19.67,469.33,-13.81,469.94
2026-08-08 15:53:20.816,100.0,96.0,276.0,10.3956,-98.9074,-10.4528,23.4,1,0.25,-20.74,469.45,-14.03,470.11
2026-08-08 15:53:21.072,100.0,96.0,276.0,10.3956,-98.9074,-10.4528,23.4,2,0.5,-20.74,469.45,-14.03,470.11
2026-08-08 15:53:21.312,100.0,96.0,276.0,10.3956,-98.9074,-10.4528,23.4,3,0.75,-20.76,469.51,-14.02,470.17
2026-08-08 15:53:21.567,100.0,96.0,276.0,10.3956,-98.9074,-10.4528,23.4,4,1.0,-20.76,469.51,-14.02,470.17
2026-08-08 15:53:21.807,100.0,96.0,276.0,10.3956,-98.9074,-10.4528,23.4,5,1.25,-20.76,469.52,-14.05,470.18
2026-08-08 15:53:27.932,100.0,96.0,270.0,-0.0,-99.4522,-10.4528,22.2,1,0.25,-21.88,469.47,-14.29,470.19
2026-08-08 15:53:28.188,100.0,96.0,270.0,-0.0,-99.4522,-10.4528,22.2,2,0.5,-21.88,469.47,-14.29,470.19
2026-08-08 15:53:28.444,100.0,96.0,270.0,-0.0,-99.4522,-10.4528,22.2,3,0.75,-21.89,469.47,-14.28,470.19
2026-08-08 15:53:28.684,100.0,96.0,270.0,-0.0,-99.4522,-10.4528,22.2,4,1.0,-21.89,469.47,-14.28,470.19
2026-08-08 15:53:28.940,100.0,96.0,270.0,-0.0,-99.4522,-10.4528,22.2,5,1.25,-21.89,469.47,-14.28,470.19
2026-08-08 15:53:34.803,100.0,96.0,264.0,-10.3956,-98.9074,-10.4528,22.9,1,1.5,-22.9,469.19,-14.29,469.96
2026-08-08 15:53:37.320,100.0,96.0,264.0,-10.3956,-98.9074,-10.4528,22.9,2,1.75,-22.89,469.18,-14.29,469.95
2026-08-08 15:53:37.560,100.0,96.0,264.0,-10.3956,-98.9074,-10.4528,22.9,3,2.0,-22.89,469.18,-14.29,469.95
2026-08-08 15:53:37.816,100.0,96.0,264.0,-10.3956,-98.9074,-10.4528,22.9,4,2.25,-22.88,469.17,-14.29,469.94
2026-08-08 15:53:38.072,100.0,96.0,264.0,-10.3956,-98.9074,-10.4528,22.9,5,2.5,-22.88,469.17,-14.29,469.94
2026-08-08 15:53:41.942,100.0,96.0,258.0,-20.6773,-97.2789,-10.4528,24.2,1,0.25,-23.95,468.63,-14.3,469.45
2026-08-08 15:53:42.182,100.0,96.0,258.0,-20.6773,-97.2789,-10.4528,24.2,2,0.5,-23.95,468.63,-14.3,469.45
2026-08-08 15:53:42.438,100.0,96.0,258.0,-20.6773,-97.2789,-10.4528,24.2,3,0.75,-23.96,468.64,-14.28,469.46
2026-08-08 15:53:42.694,100.0,96.0,258.0,-20.6773,-97.2789,-10.4528,24.2,4,1.0,-23.96,468.64,-14.28,469.46
2026-08-08 15:53:42.934,100.0,96.0,258.0,-20.6773,-97.2789,-10.4528,24.2,5,1.25,-23.96,468.64,-14.28,469.46
2026-08-08 15:53:46.820,100.0,96.0,252.0,-30.7324,-94.5847,-10.4528,23.4,1,0.25,-24.56,467.99,-14.31,468.85
2026-08-08 15:53:47.060,100.0,96.0,252.0,-30.7324,-94.5847,-10.4528,23.4,2,0.5,-24.56,467.99,-14.31,468.85
2026-08-08 15:53:47.316,100.0,96.0,252.0,-30.7324,-94.5847,-10.4528,23.4,3,0.75,-24.57,468.01,-14.32,468.87
2026-08-08 15:53:47.572,100.0,96.0,252.0,-30.7324,-94.5847,-10.4528,23.4,4,1.0,-24.57,468.01,-14.32,468.87
2026-08-08 15:53:47.812,100.0,96.0,252.0,-30.7324,-94.5847,-10.4528,23.4,5,1.25,-24.56,468.0,-14.32,468.86
2026-08-08 15:53:51.682,100.0,96.0,246.0,-40.4508,-90.8541,-10.4528,21.5,1,0.25,-24.93,467.48,-14.26,468.36
2026-08-08 15:53:51.938,100.0,96.0,246.0,-40.4508,-90.8541,-10.4528,21.5,2,0.5,-24.94,467.47,-14.28,468.35
2026-08-08 15:53:52.194,100.0,96.0,246.0,-40.4508,-90.8541,-10.4528,21.5,3,0.75,-24.94,467.47,-14.28,468.35
2026-08-08 15:53:52.434,100.0,96.0,246.0,-40.4508,-90.8541,-10.4528,21.5,4,1.0,-24.94,467.44,-14.28,468.32
2026-08-08 15:53:52.689,100.0,96.0,246.0,-40.4508,-90.8541,-10.4528,21.5,5,1.25,-24.94,467.44,-14.28,468.32
2026-08-08 15:53:56.560,100.0,96.0,240.0,-49.7261,-86.1281,-10.4528,22.6,1,0.25,-25.05,467.1,-14.24,467.98
2026-08-08 15:53:56.816,100.0,96.0,240.0,-49.7261,-86.1281,-10.4528,22.6,2,0.5,-25.05,467.1,-14.24,467.98
2026-08-08 15:53:57.071,100.0,96.0,240.0,-49.7261,-86.1281,-10.4528,22.6,3,0.75,-25.06,467.08,-14.25,467.96
2026-08-08 15:53:57.311,100.0,96.0,240.0,-49.7261,-86.1281,-10.4528,22.6,4,1.0,-25.06,467.08,-14.25,467.96
2026-08-08 15:53:57.567,100.0,96.0,240.0,-49.7261,-86.1281,-10.4528,22.6,5,1.25,-25.07,467.07,-14.24,467.95
2026-08-08 15:54:01.310,100.0,96.0,234.0,-58.4565,-80.4585,-10.4528,22.3,1,0.25,-24.96,466.78,-14.39,467.66
2026-08-08 15:54:01.565,100.0,96.0,234.0,-58.4565,-80.4585,-10.4528,22.3,2,0.5,-24.96,466.78,-14.39,467.66
2026-08-08 15:54:01.821,100.0,96.0,234.0,-58.4565,-80.4585,-10.4528,22.3,3,0.75,-24.96,466.78,-14.38,467.66
2026-08-08 15:54:02.061,100.0,96.0,234.0,-58.4565,-80.4585,-10.4528,22.3,4,1.0,-24.96,466.78,-14.38,467.66
2026-08-08 15:54:02.317,100.0,96.0,234.0,-58.4565,-80.4585,-10.4528,22.3,5,1.25,-24.97,466.82,-14.38,467.7
2026-08-08 15:54:06.059,100.0,96.0,228.0,-66.5465,-73.9074,-10.4528,22.8,1,0.25,-24.77,466.62,-14.2,467.49
2026-08-08 15:54:06.315,100.0,96.0,228.0,-66.5465,-73.9074,-10.4528,22.8,2,0.5,-24.77,466.62,-14.2,467.49
2026-08-08 15:54:06.571,100.0,96.0,228.0,-66.5465,-73.9074,-10.4528,22.8,3,0.75,-24.77,466.62,-14.2,467.49
2026-08-08 15:54:06.811,100.0,96.0,228.0,-66.5465,-73.9074,-10.4528,22.8,4,1.0,-24.77,466.62,-14.2,467.49
2026-08-08 15:54:07.067,100.0,96.0,228.0,-66.5465,-73.9074,-10.4528,22.8,5,1.25,-24.76,466.55,-14.2,467.42
2026-08-08 15:54:10.681,100.0,96.0,222.0,-73.9074,-66.5465,-10.4528,22.7,1,0.25,-24.56,466.46,-14.1,467.31
2026-08-08 15:54:10.937,100.0,96.0,222.0,-73.9074,-66.5465,-10.4528,22.7,2,0.5,-24.56,466.46,-14.1,467.31
2026-08-08 15:54:11.193,100.0,96.0,222.0,-73.9074,-66.5465,-10.4528,22.7,3,0.75,-24.56,466.42,-14.1,467.27
2026-08-08 15:54:11.433,100.0,96.0,222.0,-73.9074,-66.5465,-10.4528,22.7,4,1.0,-24.56,466.42,-14.1,467.27
2026-08-08 15:54:11.689,100.0,96.0,222.0,-73.9074,-66.5465,-10.4528,22.7,5,1.25,-24.55,466.42,-14.1,467.27
2026-08-08 15:54:15.431,100.0,96.0,216.0,-80.4585,-58.4565,-10.4528,22.2,1,0.25,-24.26,466.32,-13.99,467.16
2026-08-08 15:54:15.687,100.0,96.0,216.0,-80.4585,-58.4565,-10.4528,22.2,2,0.5,-24.26,466.32,-13.99,467.16
2026-08-08 15:54:15.943,100.0,96.0,216.0,-80.4585,-58.4565,-10.4528,22.2,3,0.75,-24.24,466.34,-14.01,467.17
2026-08-08 15:54:16.183,100.0,96.0,216.0,-80.4585,-58.4565,-10.4528,22.2,4,1.0,-24.24,466.34,-14.01,467.17
2026-08-08 15:54:16.439,100.0,96.0,216.0,-80.4585,-58.4565,-10.4528,22.2,5,1.25,-24.25,466.34,-14.0,467.17
2026-08-08 15:54:20.181,100.0,96.0,210.0,-86.1281,-49.7261,-10.4528,23.2,1,0.5,-24.08,466.17,-14.04,467.0
2026-08-08 15:54:20.933,100.0,96.0,210.0,-86.1281,-49.7261,-10.4528,23.2,2,0.75,-24.09,466.17,-14.06,467.0
2026-08-08 15:54:21.189,100.0,96.0,210.0,-86.1281,-49.7261,-10.4528,23.2,3,1.0,-24.09,466.17,-14.06,467.0
2026-08-08 15:54:21.445,100.0,96.0,210.0,-86.1281,-49.7261,-10.4528,23.2,4,1.25,-24.09,466.17,-14.06,467.0
2026-08-08 15:54:21.684,100.0,96.0,210.0,-86.1281,-49.7261,-10.4528,23.2,5,1.5,-24.1,466.16,-14.05,466.99
2026-08-08 15:54:25.571,100.0,96.0,204.0,-90.8541,-40.4508,-10.4528,23.2,1,0.25,-23.65,465.92,-13.88,466.72
2026-08-08 15:54:25.811,100.0,96.0,204.0,-90.8541,-40.4508,-10.4528,23.2,2,0.5,-23.65,465.94,-13.89,466.74
2026-08-08 15:54:26.066,100.0,96.0,204.0,-90.8541,-40.4508,-10.4528,23.2,3,0.75,-23.65,465.94,-13.89,466.74
2026-08-08 15:54:26.306,100.0,96.0,204.0,-90.8541,-40.4508,-10.4528,23.2,4,1.0,-23.65,465.94,-13.89,466.74
2026-08-08 15:54:28.817,100.0,96.0,204.0,-90.8541,-40.4508,-10.4528,23.2,5,1.25,-23.64,465.93,-13.88,466.73
2026-08-08 15:54:32.687,100.0,96.0,198.0,-94.5847,-30.7324,-10.4528,23.1,1,0.25,-23.35,465.71,-13.9,466.5
2026-08-08 15:54:32.943,100.0,96.0,198.0,-94.5847,-30.7324,-10.4528,23.1,2,0.5,-23.36,465.7,-13.89,466.49
2026-08-08 15:54:33.183,100.0,96.0,198.0,-94.5847,-30.7324,-10.4528,23.1,3,0.75,-23.36,465.7,-13.89,466.49
2026-08-08 15:54:33.439,100.0,96.0,198.0,-94.5847,-30.7324,-10.4528,23.1,4,1.0,-23.36,465.68,-13.9,466.47
2026-08-08 15:54:33.695,100.0,96.0,198.0,-94.5847,-30.7324,-10.4528,23.1,5,1.25,-23.36,465.68,-13.9,466.47
2026-08-08 15:54:37.565,100.0,96.0,192.0,-97.2789,-20.6773,-10.4528,22.5,1,0.25,-22.74,465.43,-13.82,466.19
2026-08-08 15:54:37.821,100.0,96.0,192.0,-97.2789,-20.6773,-10.4528,22.5,2,0.5,-22.74,465.43,-13.82,466.19
2026-08-08 15:54:38.061,100.0,96.0,192.0,-97.2789,-20.6773,-10.4528,22.5,3,0.75,-22.73,465.43,-13.82,466.18
2026-08-08 15:54:38.317,100.0,96.0,192.0,-97.2789,-20.6773,-10.4528,22.5,4,1.0,-22.73,465.38,-13.82,466.13
2026-08-08 15:54:38.557,100.0,96.0,192.0,-97.2789,-20.6773,-10.4528,22.5,5,1.25,-22.74,465.39,-13.82,466.15
2026-08-08 15:54:44.682,100.0,96.0,186.0,-98.9074,-10.3956,-10.4528,23.4,1,0.25,-21.91,465.22,-13.69,465.93
2026-08-08 15:54:44.938,100.0,96.0,186.0,-98.9074,-10.3956,-10.4528,23.4,2,0.5,-21.92,465.18,-13.68,465.89
2026-08-08 15:54:45.194,100.0,96.0,186.0,-98.9074,-10.3956,-10.4528,23.4,3,0.75,-21.92,465.18,-13.68,465.89
2026-08-08 15:54:45.434,100.0,96.0,186.0,-98.9074,-10.3956,-10.4528,23.4,4,1.0,-21.9,465.2,-13.68,465.91
2026-08-08 15:54:45.690,100.0,96.0,186.0,-98.9074,-10.3956,-10.4528,23.4,5,1.25,-21.9,465.2,-13.68,465.91
2026-08-08 15:54:51.555,100.0,96.0,180.0,-99.4522,0.0,-10.4528,23.7,1,1.5,-21.22,465.09,-13.68,465.77
2026-08-08 15:54:51.687,100.0,96.0,180.0,-99.4522,0.0,-10.4528,23.7,2,1.75,-21.2,465.11,-13.7,465.79
2026-08-08 15:54:51.943,100.0,96.0,180.0,-99.4522,0.0,-10.4528,23.7,3,2.0,-21.2,465.11,-13.7,465.79
2026-08-08 15:54:52.183,100.0,96.0,180.0,-99.4522,0.0,-10.4528,23.7,4,2.25,-21.21,465.08,-13.7,465.76
2026-08-08 15:54:52.439,100.0,96.0,180.0,-99.4522,0.0,-10.4528,23.7,5,2.5,-21.21,465.08,-13.7,465.76
2026-08-08 15:54:58.304,100.0,96.0,174.0,-98.9074,10.3956,-10.4528,22.5,1,2.75,-20.2,465.29,-13.74,465.93
2026-08-08 15:54:58.436,100.0,96.0,174.0,-98.9074,10.3956,-10.4528,22.5,2,3.0,-20.19,465.27,-13.74,465.91
2026-08-08 15:54:58.692,100.0,96.0,174.0,-98.9074,10.3956,-10.4528,22.5,3,3.25,-20.19,465.27,-13.74,465.91
2026-08-08 15:54:58.932,100.0,96.0,174.0,-98.9074,10.3956,-10.4528,22.5,4,3.5,-20.2,465.28,-13.74,465.92
2026-08-08 15:54:59.188,100.0,96.0,174.0,-98.9074,10.3956,-10.4528,22.5,5,3.75,-20.2,465.28,-13.74,465.92
2026-08-08 15:55:03.058,100.0,96.0,168.0,-97.2789,20.6773,-10.4528,22.1,1,0.25,-19.22,465.53,-13.97,466.13
2026-08-08 15:55:03.314,100.0,96.0,168.0,-97.2789,20.6773,-10.4528,22.1,2,0.5,-19.22,465.53,-13.97,466.13
2026-08-08 15:55:03.570,100.0,96.0,168.0,-97.2789,20.6773,-10.4528,22.1,3,0.75,-19.23,465.56,-13.96,466.16
2026-08-08 15:55:03.810,100.0,96.0,168.0,-97.2789,20.6773,-10.4528,22.1,4,1.0,-19.23,465.56,-13.96,466.16
2026-08-08 15:55:04.066,100.0,96.0,168.0,-97.2789,20.6773,-10.4528,22.1,5,1.25,-19.22,465.53,-13.96,466.13
2026-08-08 15:55:07.936,100.0,96.0,162.0,-94.5847,30.7324,-10.4528,22.1,1,0.25,-18.57,465.89,-14.11,466.47
2026-08-08 15:55:08.192,100.0,96.0,162.0,-94.5847,30.7324,-10.4528,22.1,2,0.5,-18.56,465.9,-14.12,466.48
2026-08-08 15:55:08.432,100.0,96.0,162.0,-94.5847,30.7324,-10.4528,22.1,3,0.75,-18.56,465.9,-14.12,466.48
2026-08-08 15:55:08.687,100.0,96.0,162.0,-94.5847,30.7324,-10.4528,22.1,4,1.0,-18.56,465.9,-14.12,466.48
2026-08-08 15:55:08.943,100.0,96.0,162.0,-94.5847,30.7324,-10.4528,22.1,5,1.25,-18.56,465.93,-14.12,466.51
2026-08-08 15:55:12.814,100.0,96.0,156.0,-90.8541,40.4508,-10.4528,22.7,1,0.25,-18.06,466.25,-14.5,466.82
2026-08-08 15:55:13.069,100.0,96.0,156.0,-90.8541,40.4508,-10.4528,22.7,2,0.5,-18.06,466.27,-14.5,466.84
2026-08-08 15:55:13.309,100.0,96.0,156.0,-90.8541,40.4508,-10.4528,22.7,3,0.75,-18.06,466.27,-14.5,466.84
2026-08-08 15:55:13.565,100.0,96.0,156.0,-90.8541,40.4508,-10.4528,22.7,4,1.0,-18.05,466.3,-14.5,466.87
2026-08-08 15:55:13.821,100.0,96.0,156.0,-90.8541,40.4508,-10.4528,22.7,5,1.25,-18.05,466.3,-14.5,466.87
2026-08-08 15:55:17.691,100.0,96.0,150.0,-86.1281,49.7261,-10.4528,23.5,1,0.25,-17.57,466.79,-14.85,467.35
2026-08-08 15:55:17.931,100.0,96.0,150.0,-86.1281,49.7261,-10.4528,23.5,2,0.5,-17.57,466.79,-14.85,467.35
2026-08-08 15:55:18.187,100.0,96.0,150.0,-86.1281,49.7261,-10.4528,23.5,3,0.75,-17.57,466.77,-14.84,467.33
2026-08-08 15:55:18.443,100.0,96.0,150.0,-86.1281,49.7261,-10.4528,23.5,4,1.0,-17.57,466.77,-14.84,467.33
2026-08-08 15:55:18.683,100.0,96.0,150.0,-86.1281,49.7261,-10.4528,23.5,5,1.25,-17.58,466.74,-14.83,467.3
2026-08-08 15:55:22.441,100.0,96.0,144.0,-80.4585,58.4565,-10.4528,22.3,1,0.25,-17.15,467.15,-15.14,467.7
2026-08-08 15:55:22.681,100.0,96.0,144.0,-80.4585,58.4565,-10.4528,22.3,2,0.5,-17.15,467.15,-15.14,467.7
2026-08-08 15:55:22.937,100.0,96.0,144.0,-80.4585,58.4565,-10.4528,22.3,3,0.75,-17.16,467.14,-15.14,467.7
2026-08-08 15:55:23.193,100.0,96.0,144.0,-80.4585,58.4565,-10.4528,22.3,4,1.0,-17.16,467.14,-15.14,467.7
2026-08-08 15:55:23.433,100.0,96.0,144.0,-80.4585,58.4565,-10.4528,22.3,5,1.25,-17.14,467.19,-15.12,467.74
2026-08-08 15:55:27.191,100.0,96.0,138.0,-73.9074,66.5465,-10.4528,23.1,1,0.25,-17.13,467.56,-15.42,468.12
2026-08-08 15:55:27.431,100.0,96.0,138.0,-73.9074,66.5465,-10.4528,23.1,2,0.5,-17.12,467.54,-15.4,468.1
2026-08-08 15:55:27.687,100.0,96.0,138.0,-73.9074,66.5465,-10.4528,23.1,3,0.75,-17.12,467.54,-15.4,468.1
2026-08-08 15:55:27.943,100.0,96.0,138.0,-73.9074,66.5465,-10.4528,23.1,4,1.0,-17.12,467.54,-15.4,468.1
2026-08-08 15:55:28.183,100.0,96.0,138.0,-73.9074,66.5465,-10.4528,23.1,5,1.25,-17.11,467.57,-15.41,468.13
2026-08-08 15:55:31.813,100.0,96.0,132.0,-66.5465,73.9074,-10.4528,23.8,1,0.25,-17.03,467.87,-15.71,468.44
2026-08-08 15:55:32.069,100.0,96.0,132.0,-66.5465,73.9074,-10.4528,23.8,2,0.5,-17.03,467.87,-15.71,468.44
2026-08-08 15:55:32.309,100.0,96.0,132.0,-66.5465,73.9074,-10.4528,23.8,3,0.75,-17.03,467.9,-15.71,468.47
2026-08-08 15:55:32.565,100.0,96.0,132.0,-66.5465,73.9074,-10.4528,23.8,4,1.0,-17.03,467.9,-15.71,468.47
2026-08-08 15:55:32.821,100.0,96.0,132.0,-66.5465,73.9074,-10.4528,23.8,5,1.25,-17.02,467.92,-15.72,468.49
2026-08-08 15:55:36.563,100.0,96.0,126.0,-58.4565,80.4585,-10.4528,22.2,1,0.25,-17.05,468.44,-15.85,469.01
2026-08-08 15:55:36.819,100.0,96.0,126.0,-58.4565,80.4585,-10.4528,22.2,2,0.5,-17.03,468.43,-15.86,469.0
2026-08-08 15:55:37.059,100.0,96.0,126.0,-58.4565,80.4585,-10.4528,22.2,3,0.75,-17.03,468.43,-15.86,469.0
2026-08-08 15:55:37.315,100.0,96.0,126.0,-58.4565,80.4585,-10.4528,22.2,4,1.0,-17.04,468.45,-15.85,469.02
2026-08-08 15:55:37.570,100.0,96.0,126.0,-58.4565,80.4585,-10.4528,22.2,5,1.25,-17.04,468.45,-15.85,469.02
2026-08-08 15:55:41.313,100.0,96.0,120.0,-49.7261,86.1281,-10.4528,22.5,1,0.25,-17.15,469.11,-15.9,469.69
2026-08-08 15:55:41.569,100.0,96.0,120.0,-49.7261,86.1281,-10.4528,22.5,2,0.5,-17.15,469.11,-15.92,469.69
2026-08-08 15:55:41.809,100.0,96.0,120.0,-49.7261,86.1281,-10.4528,22.5,3,0.75,-17.15,469.11,-15.92,469.69
2026-08-08 15:55:42.065,100.0,96.0,120.0,-49.7261,86.1281,-10.4528,22.5,4,1.0,-17.16,469.07,-15.92,469.65
2026-08-08 15:55:42.320,100.0,96.0,120.0,-49.7261,86.1281,-10.4528,22.5,5,1.25,-17.16,469.07,-15.92,469.65
2026-08-08 15:55:46.191,100.0,96.0,114.0,-40.4508,90.8541,-10.4528,22.6,1,0.25,-17.89,469.89,-16.08,470.5
2026-08-08 15:55:46.446,100.0,96.0,114.0,-40.4508,90.8541,-10.4528,22.6,2,0.5,-17.89,469.89,-16.08,470.5
2026-08-08 15:55:46.686,100.0,96.0,114.0,-40.4508,90.8541,-10.4528,22.6,3,0.75,-17.89,469.9,-16.08,470.51
2026-08-08 15:55:46.942,100.0,96.0,114.0,-40.4508,90.8541,-10.4528,22.6,4,1.0,-17.89,469.9,-16.08,470.51
2026-08-08 15:55:47.182,100.0,96.0,114.0,-40.4508,90.8541,-10.4528,22.6,5,1.25,-17.91,469.9,-16.08,470.51
2026-08-08 15:55:51.068,100.0,96.0,108.0,-30.7324,94.5847,-10.4528,22.0,1,0.25,-18.38,470.91,-16.24,471.54
2026-08-08 15:55:51.308,100.0,96.0,108.0,-30.7324,94.5847,-10.4528,22.0,2,0.5,-18.38,470.91,-16.24,471.54
2026-08-08 15:55:51.564,100.0,96.0,108.0,-30.7324,94.5847,-10.4528,22.0,3,0.75,-18.4,470.91,-16.24,471.54
2026-08-08 15:55:51.820,100.0,96.0,108.0,-30.7324,94.5847,-10.4528,22.0,4,1.0,-18.4,470.91,-16.24,471.54
2026-08-08 15:55:52.060,100.0,96.0,108.0,-30.7324,94.5847,-10.4528,22.0,5,1.25,-18.38,470.93,-16.25,471.56
2026-08-08 15:55:55.946,100.0,96.0,102.0,-20.6773,97.2789,-10.4528,23.1,1,0.25,-19.32,471.71,-16.75,472.4
2026-08-08 15:55:56.186,100.0,96.0,102.0,-20.6773,97.2789,-10.4528,23.1,2,0.5,-19.33,471.71,-16.75,472.4
2026-08-08 15:55:56.442,100.0,96.0,102.0,-20.6773,97.2789,-10.4528,23.1,3,0.75,-19.33,471.71,-16.75,472.4
2026-08-08 15:55:56.682,100.0,96.0,102.0,-20.6773,97.2789,-10.4528,23.1,4,1.0,-19.3,471.69,-16.73,472.38
2026-08-08 15:55:56.938,100.0,96.0,102.0,-20.6773,97.2789,-10.4528,23.1,5,1.25,-19.3,471.69,-16.73,472.38
2026-08-08 15:56:00.808,100.0,96.0,96.0,-10.3956,98.9074,-10.4528,22.9,1,0.25,-20.31,472.25,-17.03,472.99
2026-08-08 15:56:01.064,100.0,96.0,96.0,-10.3956,98.9074,-10.4528,22.9,2,0.5,-20.31,472.25,-17.03,472.99
2026-08-08 15:56:01.320,100.0,96.0,96.0,-10.3956,98.9074,-10.4528,22.9,3,0.75,-20.31,472.24,-17.03,472.98
2026-08-08 15:56:01.560,100.0,96.0,96.0,-10.3956,98.9074,-10.4528,22.9,4,1.0,-20.31,472.24,-17.03,472.98
2026-08-08 15:56:01.816,100.0,96.0,96.0,-10.3956,98.9074,-10.4528,22.9,5,1.25,-20.31,472.27,-17.03,473.01
2026-08-08 15:56:05.686,100.0,96.0,90.0,0.0,99.4522,-10.4528,22.2,1,0.25,-21.55,472.48,-17.66,473.3
2026-08-08 15:56:05.942,100.0,96.0,90.0,0.0,99.4522,-10.4528,22.2,2,0.5,-21.55,472.49,-17.66,473.31
2026-08-08 15:56:06.182,100.0,96.0,90.0,0.0,99.4522,-10.4528,22.2,3,0.75,-21.55,472.49,-17.66,473.31
2026-08-08 15:56:06.438,100.0,96.0,90.0,0.0,99.4522,-10.4528,22.2,4,1.0,-21.56,472.49,-17.66,473.31
2026-08-08 15:56:06.693,100.0,96.0,90.0,0.0,99.4522,-10.4528,22.2,5,1.25,-21.56,472.49,-17.66,473.31
2026-08-08 15:56:10.564,100.0,96.0,84.0,10.3956,98.9074,-10.4528,22.7,1,0.25,-22.92,472.49,-18.15,473.39
2026-08-08 15:56:10.820,100.0,96.0,84.0,10.3956,98.9074,-10.4528,22.7,2,0.5,-22.93,472.5,-18.14,473.4
2026-08-08 15:56:11.059,100.0,96.0,84.0,10.3956,98.9074,-10.4528,22.7,3,0.75,-22.93,472.5,-18.14,473.4
2026-08-08 15:56:11.315,100.0,96.0,84.0,10.3956,98.9074,-10.4528,22.7,4,1.0,-22.93,472.51,-18.14,473.41
2026-08-08 15:56:11.571,100.0,96.0,84.0,10.3956,98.9074,-10.4528,22.7,5,1.25,-22.93,472.51,-18.14,473.41
2026-08-08 15:56:15.441,100.0,96.0,78.0,20.6773,97.2789,-10.4528,22.9,1,0.25,-23.89,472.29,-18.77,473.26
2026-08-08 15:56:15.681,100.0,96.0,78.0,20.6773,97.2789,-10.4528,22.9,2,0.5,-23.89,472.29,-18.77,473.26
2026-08-08 15:56:15.937,100.0,96.0,78.0,20.6773,97.2789,-10.4528,22.9,3,0.75,-23.9,472.29,-18.77,473.26
2026-08-08 15:56:16.193,100.0,96.0,78.0,20.6773,97.2789,-10.4528,22.9,4,1.0,-23.9,472.29,-18.77,473.26
2026-08-08 15:56:16.433,100.0,96.0,78.0,20.6773,97.2789,-10.4528,22.9,5,1.25,-23.9,472.29,-18.77,473.26
2026-08-08 15:56:20.319,100.0,96.0,72.0,30.7324,94.5847,-10.4528,22.9,1,0.25,-24.82,471.51,-18.97,472.54
2026-08-08 15:56:20.559,100.0,96.0,72.0,30.7324,94.5847,-10.4528,22.9,2,0.5,-24.84,471.47,-18.96,472.5
2026-08-08 15:56:20.815,100.0,96.0,72.0,30.7324,94.5847,-10.4528,22.9,3,0.75,-24.84,471.47,-18.96,472.5
2026-08-08 15:56:21.071,100.0,96.0,72.0,30.7324,94.5847,-10.4528,22.9,4,1.0,-24.82,471.47,-18.96,472.5
2026-08-08 15:56:21.311,100.0,96.0,72.0,30.7324,94.5847,-10.4528,22.9,5,1.25,-24.82,471.47,-18.96,472.5
2026-08-08 15:56:25.181,100.0,96.0,66.0,40.4508,90.8541,-10.4528,22.7,1,0.25,-25.48,470.57,-19.13,471.64
2026-08-08 15:56:25.437,100.0,96.0,66.0,40.4508,90.8541,-10.4528,22.7,2,0.5,-25.48,470.57,-19.13,471.64
2026-08-08 15:56:25.693,100.0,96.0,66.0,40.4508,90.8541,-10.4528,22.7,3,0.75,-25.48,470.57,-19.13,471.64
2026-08-08 15:56:25.933,100.0,96.0,66.0,40.4508,90.8541,-10.4528,22.7,4,1.0,-25.48,470.59,-19.13,471.66
2026-08-08 15:56:26.189,100.0,96.0,66.0,40.4508,90.8541,-10.4528,22.7,5,1.25,-25.48,470.59,-19.13,471.66
2026-08-08 15:56:30.059,100.0,96.0,60.0,49.7261,86.1281,-10.4528,22.6,1,0.25,-25.58,469.64,-19.1,470.72
2026-08-08 15:56:30.315,100.0,96.0,60.0,49.7261,86.1281,-10.4528,22.6,2,0.5,-25.58,469.64,-19.1,470.72
2026-08-08 15:56:30.571,100.0,96.0,60.0,49.7261,86.1281,-10.4528,22.6,3,0.75,-25.57,469.66,-19.09,470.74
2026-08-08 15:56:30.811,100.0,96.0,60.0,49.7261,86.1281,-10.4528,22.6,4,1.0,-25.57,469.66,-19.09,470.74
2026-08-08 15:56:31.066,100.0,96.0,60.0,49.7261,86.1281,-10.4528,22.6,5,1.25,-25.57,469.67,-19.08,470.75
2026-08-08 15:56:34.809,100.0,96.0,54.0,58.4565,80.4585,-10.4528,22.3,1,0.25,-25.56,468.87,-19.11,469.95
2026-08-08 15:56:35.065,100.0,96.0,54.0,58.4565,80.4585,-10.4528,22.3,2,0.5,-25.55,468.9,-19.1,469.98
2026-08-08 15:56:35.321,100.0,96.0,54.0,58.4565,80.4585,-10.4528,22.3,3,0.75,-25.55,468.9,-19.1,469.98
2026-08-08 15:56:35.560,100.0,96.0,54.0,58.4565,80.4585,-10.4528,22.3,4,1.0,-25.55,468.9,-19.1,469.98
2026-08-08 15:56:35.816,100.0,96.0,54.0,58.4565,80.4585,-10.4528,22.3,5,1.25,-25.56,468.89,-19.11,469.97
2026-08-08 15:56:39.559,100.0,96.0,48.0,66.5465,73.9074,-10.4528,21.5,1,0.25,-25.13,468.15,-18.9,469.2
2026-08-08 15:56:39.815,100.0,96.0,48.0,66.5465,73.9074,-10.4528,21.5,2,0.5,-25.14,468.17,-18.9,469.22
2026-08-08 15:56:40.070,100.0,96.0,48.0,66.5465,73.9074,-10.4528,21.5,3,0.75,-25.14,468.17,-18.9,469.22
2026-08-08 15:56:40.310,100.0,96.0,48.0,66.5465,73.9074,-10.4528,21.5,4,1.0,-25.14,468.13,-18.91,469.18
2026-08-08 15:56:40.566,100.0,96.0,48.0,66.5465,73.9074,-10.4528,21.5,5,1.25,-25.14,468.13,-18.91,469.18
2026-08-08 15:56:44.181,100.0,96.0,42.0,73.9074,66.5465,-10.4528,22.5,1,0.25,-24.84,467.63,-18.74,468.66
2026-08-08 15:56:44.437,100.0,96.0,42.0,73.9074,66.5465,-10.4528,22.5,2,0.5,-24.84,467.64,-18.72,468.67
2026-08-08 15:56:44.692,100.0,96.0,42.0,73.9074,66.5465,-10.4528,22.5,3,0.75,-24.84,467.64,-18.72,468.67
2026-08-08 15:56:44.932,100.0,96.0,42.0,73.9074,66.5465,-10.4528,22.5,4,1.0,-24.84,467.64,-18.72,468.67
2026-08-08 15:56:45.188,100.0,96.0,42.0,73.9074,66.5465,-10.4528,22.5,5,1.25,-24.84,467.67,-18.73,468.7
2026-08-08 15:56:48.930,100.0,96.0,36.0,80.4585,58.4565,-10.4528,22.9,1,0.25,-24.52,467.23,-18.52,468.23
2026-08-08 15:56:49.186,100.0,96.0,36.0,80.4585,58.4565,-10.4528,22.9,2,0.5,-24.54,467.22,-18.53,468.23
2026-08-08 15:56:49.442,100.0,96.0,36.0,80.4585,58.4565,-10.4528,22.9,3,0.75,-24.54,467.22,-18.53,468.23
2026-08-08 15:56:49.682,100.0,96.0,36.0,80.4585,58.4565,-10.4528,22.9,4,1.0,-24.54,467.21,-18.53,468.22
2026-08-08 15:56:49.938,100.0,96.0,36.0,80.4585,58.4565,-10.4528,22.9,5,1.25,-24.54,467.21,-18.53,468.22
2026-08-08 15:56:53.680,100.0,96.0,30.0,86.1281,49.7261,-10.4528,22.6,1,0.25,-24.03,466.76,-18.44,467.74
2026-08-08 15:56:53.936,100.0,96.0,30.0,86.1281,49.7261,-10.4528,22.6,2,0.5,-24.03,466.74,-18.43,467.72
2026-08-08 15:56:54.192,100.0,96.0,30.0,86.1281,49.7261,-10.4528,22.6,3,0.75,-24.03,466.74,-18.43,467.72
2026-08-08 15:56:54.432,100.0,96.0,30.0,86.1281,49.7261,-10.4528,22.6,4,1.0,-24.02,466.75,-18.43,467.73
2026-08-08 15:56:54.688,100.0,96.0,30.0,86.1281,49.7261,-10.4528,22.6,5,1.25,-24.02,466.75,-18.43,467.73
2026-08-08 15:56:58.558,100.0,96.0,24.0,90.8541,40.4508,-10.4528,23.3,1,0.25,-23.86,466.43,-18.26,467.39
2026-08-08 15:56:58.814,100.0,96.0,24.0,90.8541,40.4508,-10.4528,23.3,2,0.5,-23.86,466.43,-18.26,467.39
2026-08-08 15:56:59.070,100.0,96.0,24.0,90.8541,40.4508,-10.4528,23.3,3,0.75,-23.88,466.42,-18.27,467.38
2026-08-08 15:56:59.310,100.0,96.0,24.0,90.8541,40.4508,-10.4528,23.3,4,1.0,-23.88,466.42,-18.27,467.38
2026-08-08 15:56:59.566,100.0,96.0,24.0,90.8541,40.4508,-10.4528,23.3,5,1.25,-23.89,466.42,-18.25,467.38
2026-08-08 15:57:03.436,100.0,96.0,18.0,94.5847,30.7324,-10.4528,21.9,1,0.25,-23.22,466.0,-17.92,466.92
2026-08-08 15:57:03.692,100.0,96.0,18.0,94.5847,30.7324,-10.4528,21.9,2,0.5,-23.23,465.95,-17.93,466.87
2026-08-08 15:57:03.932,100.0,96.0,18.0,94.5847,30.7324,-10.4528,21.9,3,0.75,-23.23,465.95,-17.93,466.87
2026-08-08 15:57:04.187,100.0,96.0,18.0,94.5847,30.7324,-10.4528,21.9,4,1.0,-23.22,465.99,-17.92,466.91
2026-08-08 15:57:04.443,100.0,96.0,18.0,94.5847,30.7324,-10.4528,21.9,5,1.25,-23.22,465.99,-17.92,466.91
2026-08-08 15:57:08.314,100.0,96.0,12.0,97.2789,20.6773,-10.4528,21.4,1,0.25,-22.63,465.65,-17.86,466.54
2026-08-08 15:57:08.569,100.0,96.0,12.0,97.2789,20.6773,-10.4528,21.4,2,0.5,-22.64,465.68,-17.88,466.57
2026-08-08 15:57:08.809,100.0,96.0,12.0,97.2789,20.6773,-10.4528,21.4,3,0.75,-22.64,465.68,-17.88,466.57
2026-08-08 15:57:09.065,100.0,96.0,12.0,97.2789,20.6773,-10.4528,21.4,4,1.0,-22.64,465.62,-17.86,466.51
2026-08-08 15:57:09.305,100.0,96.0,12.0,97.2789,20.6773,-10.4528,21.4,5,1.25,-22.64,465.58,-17.85,466.47
2026-08-08 15:57:15.430,100.0,96.0,6.0,98.9074,10.3956,-10.4528,,1,0.25,-21.8,465.37,-17.35,466.2
2026-08-08 15:57:15.686,100.0,96.0,6.0,98.9074,10.3956,-10.4528,,2,0.5,-21.79,465.32,-17.35,466.15
2026-08-08 15:57:15.942,100.0,96.0,6.0,98.9074,10.3956,-10.4528,,3,0.75,-21.79,465.32,-17.35,466.15
2026-08-08 15:57:16.182,100.0,96.0,6.0,98.9074,10.3956,-10.4528,,4,1.0,-21.79,465.31,-17.37,466.14
2026-08-08 15:57:16.438,100.0,96.0,6.0,98.9074,10.3956,-10.4528,,5,1.25,-21.79,465.31,-17.37,466.14
2026-08-08 15:57:22.301,100.0,96.0,0.0,99.4522,0.0,-10.4528,21.3,1,1.5,-21.14,465.12,-17.0,465.91
2026-08-08 15:57:24.818,100.0,96.0,0.0,99.4522,0.0,-10.4528,21.3,2,1.75,-21.14,465.12,-17.0,465.91
2026-08-08 15:57:25.058,100.0,96.0,0.0,99.4522,0.0,-10.4528,21.3,3,2.0,-21.13,465.11,-17.0,465.89
2026-08-08 15:57:25.314,100.0,96.0,0.0,99.4522,0.0,-10.4528,21.3,4,2.25,-21.13,465.11,-17.0,465.89
2026-08-08 15:57:25.570,100.0,96.0,0.0,99.4522,0.0,-10.4528,21.3,5,2.5,-21.12,465.08,-17.0,465.86
2026-08-08 15:57:29.312,100.0,102.0,0.0,97.8148,0.0,-20.7912,22.9,1,0.25,-21.14,465.47,-16.97,466.25
2026-08-08 15:57:29.568,100.0,102.0,0.0,97.8148,0.0,-20.7912,22.9,2,0.5,-21.14,465.47,-16.97,466.25
2026-08-08 15:57:29.808,100.0,102.0,0.0,97.8148,0.0,-20.7912,22.9,3,0.75,-21.14,465.51,-16.97,466.29
2026-08-08 15:57:30.064,100.0,102.0,0.0,97.8148,0.0,-20.7912,22.9,4,1.0,-21.14,465.51,-16.97,466.29
2026-08-08 15:57:30.320,100.0,102.0,0.0,97.8148,0.0,-20.7912,22.9,5,1.25,-21.14,465.5,-16.98,466.28
2026-08-08 15:57:34.190,100.0,102.0,6.0,97.2789,10.2244,-20.7912,22.2,1,0.25,-21.71,465.72,-17.43,466.55
2026-08-08 15:57:34.446,100.0,102.0,6.0,97.2789,10.2244,-20.7912,22.2,2,0.5,-21.71,465.74,-17.42,466.57
2026-08-08 15:57:34.686,100.0,102.0,6.0,97.2789,10.2244,-20.7912,22.2,3,0.75,-21.71,465.74,-17.42,466.57
2026-08-08 15:57:34.942,100.0,102.0,6.0,97.2789,10.2244,-20.7912,22.2,4,1.0,-21.73,465.7,-17.42,466.53
2026-08-08 15:57:35.181,100.0,102.0,6.0,97.2789,10.2244,-20.7912,22.2,5,1.25,-21.73,465.7,-17.42,466.53
2026-08-08 15:57:39.068,100.0,102.0,12.0,95.6773,20.3368,-20.7912,22.8,1,0.25,-22.55,466.03,-17.81,466.91
2026-08-08 15:57:39.308,100.0,102.0,12.0,95.6773,20.3368,-20.7912,22.8,2,0.5,-22.55,466.03,-17.81,466.91
2026-08-08 15:57:39.563,100.0,102.0,12.0,95.6773,20.3368,-20.7912,22.8,3,0.75,-22.55,466.02,-17.82,466.9
2026-08-08 15:57:39.819,100.0,102.0,12.0,95.6773,20.3368,-20.7912,22.8,4,1.0,-22.55,466.02,-17.82,466.9
2026-08-08 15:57:40.059,100.0,102.0,12.0,95.6773,20.3368,-20.7912,22.8,5,1.25,-22.56,466.0,-17.8,466.88
2026-08-08 15:57:43.945,100.0,102.0,18.0,93.0274,30.2264,-20.7912,22.0,1,0.25,-23.03,466.29,-18.04,467.2
2026-08-08 15:57:44.185,100.0,102.0,18.0,93.0274,30.2264,-20.7912,22.0,2,0.5,-23.03,466.28,-18.04,467.19
2026-08-08 15:57:44.441,100.0,102.0,18.0,93.0274,30.2264,-20.7912,22.0,3,0.75,-23.03,466.28,-18.04,467.19
2026-08-08 15:57:44.681,100.0,102.0,18.0,93.0274,30.2264,-20.7912,22.0,4,1.0,-23.03,466.28,-18.04,467.19
2026-08-08 15:57:44.937,100.0,102.0,18.0,93.0274,30.2264,-20.7912,22.0,5,1.25,-23.02,466.3,-18.03,467.21
2026-08-08 15:57:48.807,100.0,102.0,24.0,89.3582,39.7848,-20.7912,21.7,1,0.25,-23.61,466.66,-18.29,467.61
2026-08-08 15:57:49.063,100.0,102.0,24.0,89.3582,39.7848,-20.7912,21.7,2,0.5,-23.6,466.63,-18.27,467.58
2026-08-08 15:57:49.319,100.0,102.0,24.0,89.3582,39.7848,-20.7912,21.7,3,0.75,-23.6,466.63,-18.27,467.58
2026-08-08 15:57:49.559,100.0,102.0,24.0,89.3582,39.7848,-20.7912,21.7,4,1.0,-23.6,466.64,-18.27,467.59
2026-08-08 15:57:49.815,100.0,102.0,24.0,89.3582,39.7848,-20.7912,21.7,5,1.25,-23.6,466.64,-18.27,467.59
2026-08-08 15:57:53.557,100.0,102.0,30.0,84.7101,48.9074,-20.7912,21.7,1,0.25,-24.1,467.06,-18.63,468.05
2026-08-08 15:57:53.813,100.0,102.0,30.0,84.7101,48.9074,-20.7912,21.7,2,0.5,-24.1,467.06,-18.63,468.05
2026-08-08 15:57:54.069,100.0,102.0,30.0,84.7101,48.9074,-20.7912,21.7,3,0.75,-24.13,467.1,-18.62,468.09
2026-08-08 15:57:54.309,100.0,102.0,30.0,84.7101,48.9074,-20.7912,21.7,4,1.0,-24.13,467.1,-18.62,468.09
2026-08-08 15:57:54.565,100.0,102.0,30.0,84.7101,48.9074,-20.7912,21.7,5,1.25,-24.13,467.1,-18.62,468.09
2026-08-08 15:57:58.307,100.0,102.0,36.0,79.1338,57.4941,-20.7912,22.7,1,0.25,-24.36,467.51,-18.78,468.52
2026-08-08 15:57:58.563,100.0,102.0,36.0,79.1338,57.4941,-20.7912,22.7,2,0.5,-24.36,467.51,-18.78,468.52
2026-08-08 15:57:58.819,100.0,102.0,36.0,79.1338,57.4941,-20.7912,22.7,3,0.75,-24.35,467.52,-18.79,468.53
2026-08-08 15:57:59.059,100.0,102.0,36.0,79.1338,57.4941,-20.7912,22.7,4,1.0,-24.35,467.52,-18.79,468.53
2026-08-08 15:57:59.315,100.0,102.0,36.0,79.1338,57.4941,-20.7912,22.7,5,1.25,-24.36,467.52,-18.79,468.53
2026-08-08 15:58:03.057,100.0,102.0,42.0,72.6905,65.4508,-20.7912,23.3,1,0.25,-24.8,468.05,-18.99,469.09
2026-08-08 15:58:03.313,100.0,102.0,42.0,72.6905,65.4508,-20.7912,23.3,2,0.5,-24.8,468.05,-18.99,469.09
2026-08-08 15:58:03.569,100.0,102.0,42.0,72.6905,65.4508,-20.7912,23.3,3,0.75,-24.78,468.09,-18.98,469.12
2026-08-08 15:58:03.809,100.0,102.0,42.0,72.6905,65.4508,-20.7912,23.3,4,1.0,-24.78,468.09,-18.98,469.12
2026-08-08 15:58:04.065,100.0,102.0,42.0,72.6905,65.4508,-20.7912,23.3,5,1.25,-24.79,468.05,-18.99,469.09
2026-08-08 15:58:07.695,100.0,102.0,48.0,65.4508,72.6905,-20.7912,,1,0.25,-25.18,468.55,-19.17,469.61
2026-08-08 15:58:07.935,100.0,102.0,48.0,65.4508,72.6905,-20.7912,,2,0.5,-25.18,468.55,-19.17,469.61
2026-08-08 15:58:08.191,100.0,102.0,48.0,65.4508,72.6905,-20.7912,,3,0.75,-25.18,468.56,-19.19,469.62
2026-08-08 15:58:08.431,100.0,102.0,48.0,65.4508,72.6905,-20.7912,,4,1.0,-25.18,468.56,-19.19,469.62
2026-08-08 15:58:08.686,100.0,102.0,48.0,65.4508,72.6905,-20.7912,,5,1.25,-25.19,468.58,-19.17,469.64
2026-08-08 15:58:12.445,100.0,102.0,54.0,57.4941,79.1338,-20.7912,23.0,1,0.25,-25.42,469.34,-19.25,470.42
2026-08-08 15:58:12.685,100.0,102.0,54.0,57.4941,79.1338,-20.7912,23.0,2,0.5,-25.42,469.34,-19.25,470.42
2026-08-08 15:58:12.941,100.0,102.0,54.0,57.4941,79.1338,-20.7912,23.0,3,0.75,-25.41,469.32,-19.24,470.4
2026-08-08 15:58:13.180,100.0,102.0,54.0,57.4941,79.1338,-20.7912,23.0,4,1.0,-25.41,469.32,-19.24,470.4
2026-08-08 15:58:13.436,100.0,102.0,54.0,57.4941,79.1338,-20.7912,23.0,5,1.25,-25.43,469.35,-19.24,470.43
2026-08-08 15:58:17.194,100.0,102.0,60.0,48.9074,84.7101,-20.7912,,1,0.25,-25.54,470.18,-19.52,471.27
2026-08-08 15:58:17.434,100.0,102.0,60.0,48.9074,84.7101,-20.7912,,2,0.5,-25.54,470.18,-19.52,471.27
2026-08-08 15:58:17.690,100.0,102.0,60.0,48.9074,84.7101,-20.7912,,3,0.75,-25.56,470.24,-19.52,471.33
2026-08-08 15:58:17.930,100.0,102.0,60.0,48.9074,84.7101,-20.7912,,4,1.0,-25.56,470.24,-19.52,471.33
2026-08-08 15:58:18.186,100.0,102.0,60.0,48.9074,84.7101,-20.7912,,5,1.25,-25.53,470.2,-19.51,471.29
2026-08-08 15:58:21.944,100.0,102.0,66.0,39.7848,89.3582,-20.7912,23.7,1,0.25,-25.25,471.26,-19.54,472.34
2026-08-08 15:58:22.184,100.0,102.0,66.0,39.7848,89.3582,-20.7912,23.7,2,0.5,-25.24,471.25,-19.54,472.32
2026-08-08 15:58:22.440,100.0,102.0,66.0,39.7848,89.3582,-20.7912,23.7,3,0.75,-25.24,471.25,-19.54,472.32
2026-08-08 15:58:22.680,100.0,102.0,66.0,39.7848,89.3582,-20.7912,23.7,4,1.0,-25.25,471.24,-19.56,472.32
2026-08-08 15:58:22.936,100.0,102.0,66.0,39.7848,89.3582,-20.7912,23.7,5,1.25,-25.25,471.24,-19.56,472.32
2026-08-08 15:58:26.806,100.0,102.0,72.0,30.2264,93.0274,-20.7912,21.6,1,0.25,-24.68,472.05,-19.44,473.09
2026-08-08 15:58:27.062,100.0,102.0,72.0,30.2264,93.0274,-20.7912,21.6,2,0.5,-24.68,472.06,-19.44,473.1
2026-08-08 15:58:27.318,100.0,102.0,72.0,30.2264,93.0274,-20.7912,21.6,3,0.75,-24.68,472.06,-19.44,473.1
2026-08-08 15:58:27.558,100.0,102.0,72.0,30.2264,93.0274,-20.7912,21.6,4,1.0,-24.68,472.09,-19.44,473.13
2026-08-08 15:58:27.814,100.0,102.0,72.0,30.2264,93.0274,-20.7912,21.6,5,1.25,-24.68,472.09,-19.44,473.13
2026-08-08 15:58:31.684,100.0,102.0,78.0,20.3368,95.6773,-20.7912,22.0,1,0.25,-23.9,472.69,-19.13,473.68
2026-08-08 15:58:31.940,100.0,102.0,78.0,20.3368,95.6773,-20.7912,22.0,2,0.5,-23.9,472.69,-19.13,473.68
2026-08-08 15:58:32.180,100.0,102.0,78.0,20.3368,95.6773,-20.7912,22.0,3,0.75,-23.9,472.73,-19.11,473.71
2026-08-08 15:58:32.436,100.0,102.0,78.0,20.3368,95.6773,-20.7912,22.0,4,1.0,-23.9,472.73,-19.11,473.71
2026-08-08 15:58:32.692,100.0,102.0,78.0,20.3368,95.6773,-20.7912,22.0,5,1.25,-23.91,472.77,-19.12,473.76
2026-08-08 15:58:36.562,100.0,102.0,84.0,10.2244,97.2789,-20.7912,22.2,1,0.25,-22.59,472.93,-18.78,473.84
2026-08-08 15:58:36.818,100.0,102.0,84.0,10.2244,97.2789,-20.7912,22.2,2,0.5,-22.61,472.93,-18.77,473.84
2026-08-08 15:58:37.058,100.0,102.0,84.0,10.2244,97.2789,-20.7912,22.2,3,0.75,-22.61,472.93,-18.77,473.84
2026-08-08 15:58:37.314,100.0,102.0,84.0,10.2244,97.2789,-20.7912,22.2,4,1.0,-22.61,472.94,-18.77,473.85
2026-08-08 15:58:37.569,100.0,102.0,84.0,10.2244,97.2789,-20.7912,22.2,5,1.25,-22.61,472.94,-18.77,473.85
2026-08-08 15:58:41.440,100.0,102.0,90.0,0.0,97.8148,-20.7912,22.7,1,0.25,-21.43,472.76,-18.28,473.59
2026-08-08 15:58:41.679,100.0,102.0,90.0,0.0,97.8148,-20.7912,22.7,2,0.5,-21.43,472.76,-18.28,473.59
2026-08-08 15:58:41.935,100.0,102.0,90.0,0.0,97.8148,-20.7912,22.7,3,0.75,-21.44,472.78,-18.29,473.61
2026-08-08 15:58:42.191,100.0,102.0,90.0,0.0,97.8148,-20.7912,22.7,4,1.0,-21.44,472.78,-18.29,473.61
2026-08-08 15:58:42.431,100.0,102.0,90.0,0.0,97.8148,-20.7912,22.7,5,1.25,-21.43,472.78,-18.28,473.61
2026-08-08 15:58:46.317,100.0,102.0,96.0,-10.2244,97.2789,-20.7912,21.8,1,0.25,-20.25,472.45,-17.83,473.21
2026-08-08 15:58:46.557,100.0,102.0,96.0,-10.2244,97.2789,-20.7912,21.8,2,0.5,-20.25,472.45,-17.83,473.21
2026-08-08 15:58:46.813,100.0,102.0,96.0,-10.2244,97.2789,-20.7912,21.8,3,0.75,-20.25,472.47,-17.84,473.24
2026-08-08 15:58:47.069,100.0,102.0,96.0,-10.2244,97.2789,-20.7912,21.8,4,1.0,-20.25,472.47,-17.84,473.24
2026-08-08 15:58:47.309,100.0,102.0,96.0,-10.2244,97.2789,-20.7912,21.8,5,1.25,-20.25,472.44,-17.84,473.21
2026-08-08 15:58:51.179,100.0,102.0,102.0,-20.3368,95.6773,-20.7912,22.6,1,0.25,-19.32,471.9,-17.42,472.61
2026-08-08 15:58:51.435,100.0,102.0,102.0,-20.3368,95.6773,-20.7912,22.6,2,0.5,-19.31,471.87,-17.42,472.58
2026-08-08 15:58:51.691,100.0,102.0,102.0,-20.3368,95.6773,-20.7912,22.6,3,0.75,-19.31,471.87,-17.42,472.58
2026-08-08 15:58:51.931,100.0,102.0,102.0,-20.3368,95.6773,-20.7912,22.6,4,1.0,-19.31,471.88,-17.43,472.59
2026-08-08 15:58:52.187,100.0,102.0,102.0,-20.3368,95.6773,-20.7912,22.6,5,1.25,-19.31,471.88,-17.43,472.59
2026-08-08 15:58:56.057,100.0,102.0,108.0,-30.2264,93.0274,-20.7912,22.5,1,0.25,-18.56,471.05,-17.24,471.73
2026-08-08 15:58:56.313,100.0,102.0,108.0,-30.2264,93.0274,-20.7912,22.5,2,0.5,-18.56,471.05,-17.24,471.73
2026-08-08 15:58:56.569,100.0,102.0,108.0,-30.2264,93.0274,-20.7912,22.5,3,0.75,-18.56,471.1,-17.24,471.78
2026-08-08 15:58:56.809,100.0,102.0,108.0,-30.2264,93.0274,-20.7912,22.5,4,1.0,-18.56,471.1,-17.24,471.78
2026-08-08 15:58:57.065,100.0,102.0,108.0,-30.2264,93.0274,-20.7912,22.5,5,1.25,-18.55,471.08,-17.24,471.76
2026-08-08 15:59:00.935,100.0,102.0,114.0,-39.7848,89.3582,-20.7912,22.2,1,0.25,-18.03,470.38,-17.02,471.03
2026-08-08 15:59:01.191,100.0,102.0,114.0,-39.7848,89.3582,-20.7912,22.2,2,0.5,-18.04,470.32,-17.03,470.97
2026-08-08 15:59:01.431,100.0,102.0,114.0,-39.7848,89.3582,-20.7912,22.2,3,0.75,-18.04,470.32,-17.03,470.97
2026-08-08 15:59:01.687,100.0,102.0,114.0,-39.7848,89.3582,-20.7912,22.2,4,1.0,-18.04,470.31,-17.03,470.96
2026-08-08 15:59:01.942,100.0,102.0,114.0,-39.7848,89.3582,-20.7912,22.2,5,1.25,-18.04,470.31,-17.03,470.96
2026-08-08 15:59:05.685,100.0,102.0,120.0,-48.9074,84.7101,-20.7912,22.7,1,0.25,-17.98,469.63,-16.98,470.28
2026-08-08 15:59:05.941,100.0,102.0,120.0,-48.9074,84.7101,-20.7912,22.7,2,0.5,-17.97,469.64,-16.99,470.29
2026-08-08 15:59:06.181,100.0,102.0,120.0,-48.9074,84.7101,-20.7912,22.7,3,0.75,-17.97,469.64,-16.99,470.29
2026-08-08 15:59:06.436,100.0,102.0,120.0,-48.9074,84.7101,-20.7912,22.7,4,1.0,-17.97,469.62,-17.0,470.27
2026-08-08 15:59:06.692,100.0,102.0,120.0,-48.9074,84.7101,-20.7912,22.7,5,1.25,-17.97,469.62,-17.0,470.27
2026-08-08 15:59:10.435,100.0,102.0,126.0,-57.4941,79.1338,-20.7912,22.4,1,0.25,-17.55,469.01,-16.71,469.63
2026-08-08 15:59:10.691,100.0,102.0,126.0,-57.4941,79.1338,-20.7912,22.4,2,0.5,-17.55,469.01,-16.7,469.63
2026-08-08 15:59:10.930,100.0,102.0,126.0,-57.4941,79.1338,-20.7912,22.4,3,0.75,-17.55,469.01,-16.7,469.63
2026-08-08 15:59:11.186,100.0,102.0,126.0,-57.4941,79.1338,-20.7912,22.4,4,1.0,-17.54,468.97,-16.7,469.59
2026-08-08 15:59:11.442,100.0,102.0,126.0,-57.4941,79.1338,-20.7912,22.4,5,1.25,-17.54,468.97,-16.7,469.59
2026-08-08 15:59:15.057,100.0,102.0,132.0,-65.4508,72.6905,-20.7912,21.3,1,0.25,-17.63,468.63,-16.52,469.25
2026-08-08 15:59:15.313,100.0,102.0,132.0,-65.4508,72.6905,-20.7912,21.3,2,0.5,-17.64,468.65,-16.52,469.27
2026-08-08 15:59:15.568,100.0,102.0,132.0,-65.4508,72.6905,-20.7912,21.3,3,0.75,-17.64,468.65,-16.52,469.27
2026-08-08 15:59:15.808,100.0,102.0,132.0,-65.4508,72.6905,-20.7912,21.3,4,1.0,-17.64,468.63,-16.52,469.25
2026-08-08 15:59:16.064,100.0,102.0,132.0,-65.4508,72.6905,-20.7912,21.3,5,1.25,-17.64,468.63,-16.52,469.25
2026-08-08 15:59:19.694,100.0,102.0,138.0,-72.6905,65.4508,-20.7912,23.4,1,0.25,-17.76,468.28,-16.27,468.89
2026-08-08 15:59:19.934,100.0,102.0,138.0,-72.6905,65.4508,-20.7912,23.4,2,0.5,-17.75,468.26,-16.26,468.87
2026-08-08 15:59:20.190,100.0,102.0,138.0,-72.6905,65.4508,-20.7912,23.4,3,0.75,-17.75,468.26,-16.26,468.87
2026-08-08 15:59:20.430,100.0,102.0,138.0,-72.6905,65.4508,-20.7912,23.4,4,1.0,-17.75,468.29,-16.27,468.9
2026-08-08 15:59:20.686,100.0,102.0,138.0,-72.6905,65.4508,-20.7912,23.4,5,1.25,-17.75,468.29,-16.27,468.9
2026-08-08 15:59:24.444,100.0,102.0,144.0,-79.1338,57.4941,-20.7912,23.2,1,0.25,-17.77,467.84,-15.78,468.44
2026-08-08 15:59:24.684,100.0,102.0,144.0,-79.1338,57.4941,-20.7912,23.2,2,0.5,-17.77,467.77,-15.77,468.37
2026-08-08 15:59:24.940,100.0,102.0,144.0,-79.1338,57.4941,-20.7912,23.2,3,0.75,-17.77,467.77,-15.77,468.37
2026-08-08 15:59:25.180,100.0,102.0,144.0,-79.1338,57.4941,-20.7912,23.2,4,1.0,-17.77,467.75,-15.78,468.35
2026-08-08 15:59:25.436,100.0,102.0,144.0,-79.1338,57.4941,-20.7912,23.2,5,1.25,-17.77,467.75,-15.78,468.35
2026-08-08 15:59:29.194,100.0,102.0,150.0,-84.7101,48.9074,-20.7912,22.6,1,0.25,-18.01,467.31,-15.39,467.91
2026-08-08 15:59:29.434,100.0,102.0,150.0,-84.7101,48.9074,-20.7912,22.6,2,0.5,-18.01,467.24,-15.38,467.83
2026-08-08 15:59:29.690,100.0,102.0,150.0,-84.7101,48.9074,-20.7912,22.6,3,0.75,-18.01,467.24,-15.38,467.83
2026-08-08 15:59:29.930,100.0,102.0,150.0,-84.7101,48.9074,-20.7912,22.6,4,1.0,-18.03,467.31,-15.4,467.91
2026-08-08 15:59:30.186,100.0,102.0,150.0,-84.7101,48.9074,-20.7912,22.6,5,1.25,-18.03,467.31,-15.4,467.91
2026-08-08 15:59:33.944,100.0,102.0,156.0,-89.3582,39.7848,-20.7912,21.5,1,0.25,-18.46,466.73,-14.8,467.32
2026-08-08 15:59:34.184,100.0,102.0,156.0,-89.3582,39.7848,-20.7912,21.5,2,0.5,-18.46,466.73,-14.8,467.32
2026-08-08 15:59:34.440,100.0,102.0,156.0,-89.3582,39.7848,-20.7912,21.5,3,0.75,-18.46,466.73,-14.8,467.32
2026-08-08 15:59:34.680,100.0,102.0,156.0,-89.3582,39.7848,-20.7912,21.5,4,1.0,-18.48,466.79,-14.81,467.39
2026-08-08 15:59:34.936,100.0,102.0,156.0,-89.3582,39.7848,-20.7912,21.5,5,1.25,-18.48,466.79,-14.81,467.39
2026-08-08 15:59:38.806,100.0,102.0,162.0,-93.0274,30.2264,-20.7912,22.6,1,0.25,-18.65,466.37,-14.34,466.96
2026-08-08 15:59:39.062,100.0,102.0,162.0,-93.0274,30.2264,-20.7912,22.6,2,0.5,-18.65,466.37,-14.34,466.96
2026-08-08 15:59:39.318,100.0,102.0,162.0,-93.0274,30.2264,-20.7912,22.6,3,0.75,-18.66,466.36,-14.35,466.95
2026-08-08 15:59:39.558,100.0,102.0,162.0,-93.0274,30.2264,-20.7912,22.6,4,1.0,-18.66,466.36,-14.35,466.95
2026-08-08 15:59:39.814,100.0,102.0,162.0,-93.0274,30.2264,-20.7912,22.6,5,1.25,-18.68,466.37,-14.37,466.96
2026-08-08 15:59:43.684,100.0,102.0,168.0,-95.6773,20.3368,-20.7912,22.4,1,0.25,-19.35,465.92,-14.17,466.53
2026-08-08 15:59:43.940,100.0,102.0,168.0,-95.6773,20.3368,-20.7912,22.4,2,0.5,-19.36,465.91,-14.14,466.52
2026-08-08 15:59:44.180,100.0,102.0,168.0,-95.6773,20.3368,-20.7912,22.4,3,0.75,-19.36,465.91,-14.14,466.52
2026-08-08 15:59:44.436,100.0,102.0,168.0,-95.6773,20.3368,-20.7912,22.4,4,1.0,-19.36,465.95,-14.15,466.56
2026-08-08 15:59:44.691,100.0,102.0,168.0,-95.6773,20.3368,-20.7912,22.4,5,1.25,-19.36,465.95,-14.15,466.56
2026-08-08 15:59:48.562,100.0,102.0,174.0,-97.2789,10.2244,-20.7912,22.4,1,0.25,-20.05,465.64,-13.82,466.27
2026-08-08 15:59:48.818,100.0,102.0,174.0,-97.2789,10.2244,-20.7912,22.4,2,0.5,-20.05,465.64,-13.82,466.27
2026-08-08 15:59:49.057,100.0,102.0,174.0,-97.2789,10.2244,-20.7912,22.4,3,0.75,-20.05,465.66,-13.82,466.29
2026-08-08 15:59:49.313,100.0,102.0,174.0,-97.2789,10.2244,-20.7912,22.4,4,1.0,-20.05,465.66,-13.82,466.29
2026-08-08 15:59:49.569,100.0,102.0,174.0,-97.2789,10.2244,-20.7912,22.4,5,1.25,-20.03,465.69,-13.83,466.32
2026-08-08 15:59:53.439,100.0,102.0,180.0,-97.8148,0.0,-20.7912,22.1,1,0.25,-21.08,465.42,-13.68,466.09
2026-08-08 15:59:53.679,100.0,102.0,180.0,-97.8148,0.0,-20.7912,22.1,2,0.5,-21.08,465.42,-13.68,466.09
2026-08-08 15:59:53.935,100.0,102.0,180.0,-97.8148,0.0,-20.7912,22.1,3,0.75,-21.07,465.46,-13.69,466.13
2026-08-08 15:59:54.191,100.0,102.0,180.0,-97.8148,0.0,-20.7912,22.1,4,1.0,-21.07,465.46,-13.69,466.13
2026-08-08 15:59:54.431,100.0,102.0,180.0,-97.8148,0.0,-20.7912,22.1,5,1.25,-21.08,465.46,-13.69,466.13
2026-08-08 15:59:58.317,100.0,102.0,186.0,-97.2789,-10.2244,-20.7912,22.5,1,0.25,-21.83,465.47,-13.61,466.18
2026-08-08 15:59:58.557,100.0,102.0,186.0,-97.2789,-10.2244,-20.7912,22.5,2,0.5,-21.85,465.45,-13.61,466.16
2026-08-08 15:59:58.813,100.0,102.0,186.0,-97.2789,-10.2244,-20.7912,22.5,3,0.75,-21.85,465.45,-13.61,466.16
2026-08-08 15:59:59.069,100.0,102.0,186.0,-97.2789,-10.2244,-20.7912,22.5,4,1.0,-21.85,465.46,-13.61,466.17
2026-08-08 15:59:59.309,100.0,102.0,186.0,-97.2789,-10.2244,-20.7912,22.5,5,1.25,-21.85,465.46,-13.61,466.17
2026-08-08 16:00:03.179,100.0,102.0,192.0,-95.6773,-20.3368,-20.7912,23.3,1,0.25,-22.47,465.64,-13.74,466.38
2026-08-08 16:00:03.435,100.0,102.0,192.0,-95.6773,-20.3368,-20.7912,23.3,2,0.5,-22.47,465.64,-13.74,466.38
2026-08-08 16:00:03.691,100.0,102.0,192.0,-95.6773,-20.3368,-20.7912,23.3,3,0.75,-22.48,465.66,-13.75,466.4
2026-08-08 16:00:03.931,100.0,102.0,192.0,-95.6773,-20.3368,-20.7912,23.3,4,1.0,-22.48,465.66,-13.75,466.4
2026-08-08 16:00:04.187,100.0,102.0,192.0,-95.6773,-20.3368,-20.7912,23.3,5,1.25,-22.48,465.62,-13.75,466.36
2026-08-08 16:00:08.057,100.0,102.0,198.0,-93.0274,-30.2264,-20.7912,22.5,1,0.25,-23.06,465.84,-13.59,466.6
2026-08-08 16:00:08.313,100.0,102.0,198.0,-93.0274,-30.2264,-20.7912,22.5,2,0.5,-23.06,465.87,-13.6,466.63
2026-08-08 16:00:08.569,100.0,102.0,198.0,-93.0274,-30.2264,-20.7912,22.5,3,0.75,-23.06,465.87,-13.6,466.63
2026-08-08 16:00:08.809,100.0,102.0,198.0,-93.0274,-30.2264,-20.7912,22.5,4,1.0,-23.05,465.9,-13.61,466.66
2026-08-08 16:00:09.064,100.0,102.0,198.0,-93.0274,-30.2264,-20.7912,22.5,5,1.25,-23.05,465.9,-13.61,466.66
2026-08-08 16:00:12.935,100.0,102.0,204.0,-89.3582,-39.7848,-20.7912,22.3,1,0.25,-23.48,466.14,-13.75,466.93
2026-08-08 16:00:13.191,100.0,102.0,204.0,-89.3582,-39.7848,-20.7912,22.3,2,0.5,-23.48,466.14,-13.75,466.93
2026-08-08 16:00:13.431,100.0,102.0,204.0,-89.3582,-39.7848,-20.7912,22.3,3,0.75,-23.48,466.14,-13.75,466.93
2026-08-08 16:00:13.686,100.0,102.0,204.0,-89.3582,-39.7848,-20.7912,22.3,4,1.0,-23.48,466.13,-13.73,466.92
2026-08-08 16:00:13.942,100.0,102.0,204.0,-89.3582,-39.7848,-20.7912,22.3,5,1.25,-23.48,466.13,-13.73,466.92
2026-08-08 16:00:17.685,100.0,102.0,210.0,-84.7101,-48.9074,-20.7912,22.6,1,0.25,-23.84,466.4,-13.79,467.21
2026-08-08 16:00:17.941,100.0,102.0,210.0,-84.7101,-48.9074,-20.7912,22.6,2,0.5,-23.84,466.4,-13.79,467.21
2026-08-08 16:00:18.180,100.0,102.0,210.0,-84.7101,-48.9074,-20.7912,22.6,3,0.75,-23.85,466.35,-13.8,467.16
2026-08-08 16:00:18.436,100.0,102.0,210.0,-84.7101,-48.9074,-20.7912,22.6,4,1.0,-23.85,466.35,-13.8,467.16
2026-08-08 16:00:18.692,100.0,102.0,210.0,-84.7101,-48.9074,-20.7912,22.6,5,1.25,-23.86,466.35,-13.81,467.16
2026-08-08 16:00:22.434,100.0,102.0,216.0,-79.1338,-57.4941,-20.7912,22.9,1,0.25,-24.07,466.45,-13.9,467.27
2026-08-08 16:00:22.690,100.0,102.0,216.0,-79.1338,-57.4941,-20.7912,22.9,2,0.5,-24.07,466.45,-13.9,467.27
2026-08-08 16:00:22.930,100.0,102.0,216.0,-79.1338,-57.4941,-20.7912,22.9,3,0.75,-24.07,466.42,-13.9,467.24
2026-08-08 16:00:23.186,100.0,102.0,216.0,-79.1338,-57.4941,-20.7912,22.9,4,1.0,-24.07,466.42,-13.9,467.24
2026-08-08 16:00:23.442,100.0,102.0,216.0,-79.1338,-57.4941,-20.7912,22.9,5,1.25,-24.07,466.39,-13.89,467.21
2026-08-08 16:00:27.056,100.0,102.0,222.0,-72.6905,-65.4508,-20.7912,22.6,1,0.25,-24.27,466.61,-13.92,467.44
2026-08-08 16:00:27.312,100.0,102.0,222.0,-72.6905,-65.4508,-20.7912,22.6,2,0.5,-24.27,466.61,-13.92,467.44
2026-08-08 16:00:27.568,100.0,102.0,222.0,-72.6905,-65.4508,-20.7912,22.6,3,0.75,-24.27,466.57,-13.91,467.4
2026-08-08 16:00:27.808,100.0,102.0,222.0,-72.6905,-65.4508,-20.7912,22.6,4,1.0,-24.27,466.57,-13.91,467.4
2026-08-08 16:00:28.064,100.0,102.0,222.0,-72.6905,-65.4508,-20.7912,22.6,5,1.25,-24.26,466.56,-13.9,467.39
2026-08-08 16:00:31.694,100.0,102.0,228.0,-65.4508,-72.6905,-20.7912,22.2,1,0.25,-24.49,466.73,-14.03,467.58
2026-08-08 16:00:31.934,100.0,102.0,228.0,-65.4508,-72.6905,-20.7912,22.2,2,0.5,-24.49,466.73,-14.03,467.58
2026-08-08 16:00:32.190,100.0,102.0,228.0,-65.4508,-72.6905,-20.7912,22.2,3,0.75,-24.49,466.73,-14.04,467.58
2026-08-08 16:00:32.430,100.0,102.0,228.0,-65.4508,-72.6905,-20.7912,22.2,4,1.0,-24.49,466.73,-14.04,467.58
2026-08-08 16:00:32.686,100.0,102.0,228.0,-65.4508,-72.6905,-20.7912,22.2,5,1.25,-24.49,466.73,-14.04,467.58
2026-08-08 16:00:36.444,100.0,102.0,234.0,-57.4941,-79.1338,-20.7912,21.4,1,0.25,-24.62,467.04,-13.97,467.89
2026-08-08 16:00:36.684,100.0,102.0,234.0,-57.4941,-79.1338,-20.7912,21.4,2,0.5,-24.62,467.04,-13.97,467.89
2026-08-08 16:00:36.940,100.0,102.0,234.0,-57.4941,-79.1338,-20.7912,21.4,3,0.75,-24.62,467.02,-13.95,467.87
2026-08-08 16:00:37.180,100.0,102.0,234.0,-57.4941,-79.1338,-20.7912,21.4,4,1.0,-24.62,467.02,-13.95,467.87
2026-08-08 16:00:37.436,100.0,102.0,234.0,-57.4941,-79.1338,-20.7912,21.4,5,1.25,-24.63,467.02,-13.96,467.87
2026-08-08 16:00:41.194,100.0,102.0,240.0,-48.9074,-84.7101,-20.7912,22.6,1,0.25,-24.76,467.38,-13.93,468.24
2026-08-08 16:00:41.434,100.0,102.0,240.0,-48.9074,-84.7101,-20.7912,22.6,2,0.5,-24.76,467.38,-13.93,468.24
2026-08-08 16:00:41.690,100.0,102.0,240.0,-48.9074,-84.7101,-20.7912,22.6,3,0.75,-24.75,467.34,-13.94,468.2
2026-08-08 16:00:41.930,100.0,102.0,240.0,-48.9074,-84.7101,-20.7912,22.6,4,1.0,-24.75,467.34,-13.94,468.2
2026-08-08 16:00:42.186,100.0,102.0,240.0,-48.9074,-84.7101,-20.7912,22.6,5,1.25,-24.74,467.38,-13.95,468.24
2026-08-08 16:00:45.944,100.0,102.0,246.0,-39.7848,-89.3582,-20.7912,23.4,1,0.25,-24.79,467.74,-13.98,468.6
2026-08-08 16:00:46.184,100.0,102.0,246.0,-39.7848,-89.3582,-20.7912,23.4,2,0.5,-24.79,467.74,-13.98,468.6
2026-08-08 16:00:46.440,100.0,102.0,246.0,-39.7848,-89.3582,-20.7912,23.4,3,0.75,-24.77,467.78,-13.97,468.64
2026-08-08 16:00:46.680,100.0,102.0,246.0,-39.7848,-89.3582,-20.7912,23.4,4,1.0,-24.77,467.78,-13.97,468.64
2026-08-08 16:00:46.935,100.0,102.0,246.0,-39.7848,-89.3582,-20.7912,23.4,5,1.25,-24.79,467.79,-13.97,468.65
2026-08-08 16:00:50.806,100.0,102.0,252.0,-30.2264,-93.0274,-20.7912,22.0,1,0.25,-24.55,468.21,-14.0,469.06
2026-08-08 16:00:51.062,100.0,102.0,252.0,-30.2264,-93.0274,-20.7912,22.0,2,0.5,-24.56,468.24,-13.98,469.09
2026-08-08 16:00:51.317,100.0,102.0,252.0,-30.2264,-93.0274,-20.7912,22.0,3,0.75,-24.56,468.24,-13.98,469.09
2026-08-08 16:00:51.557,100.0,102.0,252.0,-30.2264,-93.0274,-20.7912,22.0,4,1.0,-24.55,468.27,-14.0,469.12
2026-08-08 16:00:51.813,100.0,102.0,252.0,-30.2264,-93.0274,-20.7912,22.0,5,1.25,-24.55,468.27,-14.0,469.12
2026-08-08 16:00:55.684,100.0,102.0,258.0,-20.3368,-95.6773,-20.7912,21.8,1,0.25,-23.84,468.82,-13.99,469.63
2026-08-08 16:00:55.939,100.0,102.0,258.0,-20.3368,-95.6773,-20.7912,21.8,2,0.5,-23.84,468.82,-13.99,469.63
2026-08-08 16:00:56.179,100.0,102.0,258.0,-20.3368,-95.6773,-20.7912,21.8,3,0.75,-23.85,468.84,-13.98,469.65
2026-08-08 16:00:56.435,100.0,102.0,258.0,-20.3368,-95.6773,-20.7912,21.8,4,1.0,-23.85,468.84,-13.98,469.65
2026-08-08 16:00:56.691,100.0,102.0,258.0,-20.3368,-95.6773,-20.7912,21.8,5,1.25,-23.86,468.86,-13.98,469.67
2026-08-08 16:01:00.561,100.0,102.0,264.0,-10.2244,-97.2789,-20.7912,23.8,1,0.25,-22.96,469.33,-13.79,470.09
2026-08-08 16:01:00.817,100.0,102.0,264.0,-10.2244,-97.2789,-20.7912,23.8,2,0.5,-22.95,469.3,-13.78,470.06
2026-08-08 16:01:01.057,100.0,102.0,264.0,-10.2244,-97.2789,-20.7912,23.8,3,0.75,-22.95,469.3,-13.78,470.06
2026-08-08 16:01:01.313,100.0,102.0,264.0,-10.2244,-97.2789,-20.7912,23.8,4,1.0,-22.94,469.33,-13.8,470.09
2026-08-08 16:01:01.569,100.0,102.0,264.0,-10.2244,-97.2789,-20.7912,23.8,5,1.25,-22.94,469.33,-13.8,470.09
2026-08-08 16:01:05.439,100.0,102.0,270.0,-0.0,-97.8148,-20.7912,22.7,1,0.25,-22.1,469.59,-13.68,470.3
2026-08-08 16:01:05.679,100.0,102.0,270.0,-0.0,-97.8148,-20.7912,22.7,2,0.5,-22.1,469.59,-13.68,470.3
2026-08-08 16:01:05.935,100.0,102.0,270.0,-0.0,-97.8148,-20.7912,22.7,3,0.75,-22.1,469.59,-13.68,470.3
2026-08-08 16:01:06.191,100.0,102.0,270.0,-0.0,-97.8148,-20.7912,22.7,4,1.0,-22.11,469.58,-13.67,470.29
2026-08-08 16:01:06.431,100.0,102.0,270.0,-0.0,-97.8148,-20.7912,22.7,5,1.25,-22.11,469.58,-13.67,470.29
2026-08-08 16:01:10.317,100.0,102.0,276.0,10.2244,-97.2789,-20.7912,23.5,1,0.25,-20.95,469.68,-13.49,470.34
2026-08-08 16:01:10.557,100.0,102.0,276.0,10.2244,-97.2789,-20.7912,23.5,2,0.5,-20.95,469.68,-13.49,470.34
2026-08-08 16:01:10.813,100.0,102.0,276.0,10.2244,-97.2789,-20.7912,23.5,3,0.75,-20.95,469.69,-13.49,470.35
2026-08-08 16:01:11.069,100.0,102.0,276.0,10.2244,-97.2789,-20.7912,23.5,4,1.0,-20.95,469.69,-13.49,470.35
2026-08-08 16:01:11.309,100.0,102.0,276.0,10.2244,-97.2789,-20.7912,23.5,5,1.25,-20.95,469.7,-13.47,470.35
2026-08-08 16:01:15.179,100.0,102.0,282.0,20.3368,-95.6773,-20.7912,22.6,1,0.25,-19.83,469.58,-13.43,470.19
2026-08-08 16:01:15.435,100.0,102.0,282.0,20.3368,-95.6773,-20.7912,22.6,2,0.5,-19.83,469.6,-13.44,470.21
2026-08-08 16:01:15.691,100.0,102.0,282.0,20.3368,-95.6773,-20.7912,22.6,3,0.75,-19.83,469.6,-13.44,470.21
2026-08-08 16:01:15.931,100.0,102.0,282.0,20.3368,-95.6773,-20.7912,22.6,4,1.0,-19.84,469.63,-13.42,470.24
2026-08-08 16:01:16.186,100.0,102.0,282.0,20.3368,-95.6773,-20.7912,22.6,5,1.25,-19.84,469.63,-13.42,470.24
2026-08-08 16:01:20.057,100.0,102.0,288.0,30.2264,-93.0274,-20.7912,22.6,1,0.25,-18.84,469.3,-13.26,469.86
2026-08-08 16:01:20.313,100.0,102.0,288.0,30.2264,-93.0274,-20.7912,22.6,2,0.5,-18.84,469.3,-13.26,469.86
2026-08-08 16:01:20.568,100.0,102.0,288.0,30.2264,-93.0274,-20.7912,22.6,3,0.75,-18.82,469.31,-13.25,469.87
2026-08-08 16:01:20.808,100.0,102.0,288.0,30.2264,-93.0274,-20.7912,22.6,4,1.0,-18.82,469.31,-13.25,469.87
2026-08-08 16:01:21.064,100.0,102.0,288.0,30.2264,-93.0274,-20.7912,22.6,5,1.25,-18.82,469.31,-13.25,469.87
2026-08-08 16:01:24.934,100.0,102.0,294.0,39.7848,-89.3582,-20.7912,22.3,1,0.25,-17.86,468.79,-13.18,469.31
2026-08-08 16:01:25.190,100.0,102.0,294.0,39.7848,-89.3582,-20.7912,22.3,2,0.5,-17.86,468.79,-13.18,469.31
2026-08-08 16:01:25.430,100.0,102.0,294.0,39.7848,-89.3582,-20.7912,22.3,3,0.75,-17.85,468.73,-13.18,469.25
2026-08-08 16:01:25.686,100.0,102.0,294.0,39.7848,-89.3582,-20.7912,22.3,4,1.0,-17.85,468.73,-13.18,469.25
2026-08-08 16:01:25.942,100.0,102.0,294.0,39.7848,-89.3582,-20.7912,22.3,5,1.25,-17.87,468.74,-13.18,469.26
2026-08-08 16:01:29.684,100.0,102.0,300.0,48.9074,-84.7101,-20.7912,22.2,1,0.25,-17.16,468.12,-13.28,468.62
2026-08-08 16:01:29.940,100.0,102.0,300.0,48.9074,-84.7101,-20.7912,22.2,2,0.5,-17.16,468.1,-13.26,468.6
2026-08-08 16:01:30.180,100.0,102.0,300.0,48.9074,-84.7101,-20.7912,22.2,3,0.75,-17.16,468.1,-13.26,468.6
2026-08-08 16:01:30.436,100.0,102.0,300.0,48.9074,-84.7101,-20.7912,22.2,4,1.0,-17.17,468.13,-13.27,468.63
2026-08-08 16:01:30.692,100.0,102.0,300.0,48.9074,-84.7101,-20.7912,22.2,5,1.25,-17.17,468.13,-13.27,468.63
2026-08-08 16:01:34.434,100.0,102.0,306.0,57.4941,-79.1338,-20.7912,22.9,1,0.25,-16.84,467.43,-13.43,467.92
2026-08-08 16:01:34.690,100.0,102.0,306.0,57.4941,-79.1338,-20.7912,22.9,2,0.5,-16.82,467.42,-13.44,467.91
2026-08-08 16:01:34.930,100.0,102.0,306.0,57.4941,-79.1338,-20.7912,22.9,3,0.75,-16.82,467.42,-13.44,467.91
2026-08-08 16:01:35.186,100.0,102.0,306.0,57.4941,-79.1338,-20.7912,22.9,4,1.0,-16.82,467.47,-13.44,467.96
2026-08-08 16:01:35.442,100.0,102.0,306.0,57.4941,-79.1338,-20.7912,22.9,5,1.25,-16.82,467.47,-13.44,467.96
2026-08-08 16:01:39.056,100.0,102.0,312.0,65.4508,-72.6905,-20.7912,22.5,1,0.25,-16.7,466.78,-13.82,467.28
2026-08-08 16:01:39.312,100.0,102.0,312.0,65.4508,-72.6905,-20.7912,22.5,2,0.5,-16.69,466.76,-13.8,467.26
2026-08-08 16:01:39.568,100.0,102.0,312.0,65.4508,-72.6905,-20.7912,22.5,3,0.75,-16.69,466.76,-13.8,467.26
2026-08-08 16:01:39.808,100.0,102.0,312.0,65.4508,-72.6905,-20.7912,22.5,4,1.0,-16.7,466.79,-13.81,467.29
2026-08-08 16:01:40.064,100.0,102.0,312.0,65.4508,-72.6905,-20.7912,22.5,5,1.25,-16.7,466.79,-13.81,467.29
2026-08-08 16:01:43.678,100.0,102.0,318.0,72.6905,-65.4508,-20.7912,22.9,1,0.25,-16.79,466.28,-14.01,466.79
2026-08-08 16:01:43.934,100.0,102.0,318.0,72.6905,-65.4508,-20.7912,22.9,2,0.5,-16.79,466.28,-14.01,466.79
2026-08-08 16:01:44.190,100.0,102.0,318.0,72.6905,-65.4508,-20.7912,22.9,3,0.75,-16.79,466.26,-14.03,466.77
2026-08-08 16:01:44.430,100.0,102.0,318.0,72.6905,-65.4508,-20.7912,22.9,4,1.0,-16.79,466.26,-14.03,466.77
2026-08-08 16:01:44.686,100.0,102.0,318.0,72.6905,-65.4508,-20.7912,22.9,5,1.25,-16.79,466.28,-14.02,466.79
2026-08-08 16:01:48.444,100.0,102.0,324.0,79.1338,-57.4941,-20.7912,23.5,1,0.25,-17.09,465.82,-14.55,466.36
2026-08-08 16:01:48.684,100.0,102.0,324.0,79.1338,-57.4941,-20.7912,23.5,2,0.5,-17.09,465.85,-14.55,466.39
2026-08-08 16:01:48.940,100.0,102.0,324.0,79.1338,-57.4941,-20.7912,23.5,3,0.75,-17.09,465.85,-14.55,466.39
2026-08-08 16:01:49.179,100.0,102.0,324.0,79.1338,-57.4941,-20.7912,23.5,4,1.0,-17.09,465.81,-14.54,466.35
2026-08-08 16:01:49.435,100.0,102.0,324.0,79.1338,-57.4941,-20.7912,23.5,5,1.25,-17.09,465.81,-14.54,466.35
2026-08-08 16:01:53.194,100.0,102.0,330.0,84.7101,-48.9074,-20.7912,22.5,1,0.25,-17.62,465.58,-15.04,466.15
2026-08-08 16:01:53.434,100.0,102.0,330.0,84.7101,-48.9074,-20.7912,22.5,2,0.5,-17.64,465.61,-15.04,466.18
2026-08-08 16:01:53.689,100.0,102.0,330.0,84.7101,-48.9074,-20.7912,22.5,3,0.75,-17.64,465.61,-15.04,466.18
2026-08-08 16:01:53.929,100.0,102.0,330.0,84.7101,-48.9074,-20.7912,22.5,4,1.0,-17.63,465.58,-15.05,466.15
2026-08-08 16:01:54.185,100.0,102.0,330.0,84.7101,-48.9074,-20.7912,22.5,5,1.25,-17.63,465.58,-15.05,466.15
2026-08-08 16:01:57.944,100.0,102.0,336.0,89.3582,-39.7848,-20.7912,23.1,1,0.25,-18.26,465.38,-15.45,465.99
2026-08-08 16:01:58.183,100.0,102.0,336.0,89.3582,-39.7848,-20.7912,23.1,2,0.5,-18.26,465.43,-15.45,466.04
2026-08-08 16:01:58.439,100.0,102.0,336.0,89.3582,-39.7848,-20.7912,23.1,3,0.75,-18.26,465.43,-15.45,466.04
2026-08-08 16:01:58.679,100.0,102.0,336.0,89.3582,-39.7848,-20.7912,23.1,4,1.0,-18.26,465.37,-15.45,465.98
2026-08-08 16:01:58.935,100.0,102.0,336.0,89.3582,-39.7848,-20.7912,23.1,5,1.25,-18.26,465.37,-15.45,465.98
2026-08-08 16:02:02.805,100.0,102.0,342.0,93.0274,-30.2264,-20.7912,23.6,1,0.25,-19.08,465.33,-15.84,465.99
2026-08-08 16:02:03.061,100.0,102.0,342.0,93.0274,-30.2264,-20.7912,23.6,2,0.5,-19.08,465.33,-15.84,465.99
2026-08-08 16:02:03.317,100.0,102.0,342.0,93.0274,-30.2264,-20.7912,23.6,3,0.75,-19.08,465.38,-15.84,466.04
2026-08-08 16:02:03.557,100.0,102.0,342.0,93.0274,-30.2264,-20.7912,23.6,4,1.0,-19.08,465.38,-15.84,466.04
2026-08-08 16:02:03.813,100.0,102.0,342.0,93.0274,-30.2264,-20.7912,23.6,5,1.25,-19.07,465.37,-15.84,466.02
2026-08-08 16:02:07.683,100.0,102.0,348.0,95.6773,-20.3368,-20.7912,22.3,1,0.25,-19.76,465.35,-16.4,466.05
2026-08-08 16:02:07.939,100.0,102.0,348.0,95.6773,-20.3368,-20.7912,22.3,2,0.5,-19.76,465.32,-16.39,466.02
2026-08-08 16:02:08.179,100.0,102.0,348.0,95.6773,-20.3368,-20.7912,22.3,3,0.75,-19.76,465.32,-16.39,466.02
2026-08-08 16:02:08.435,100.0,102.0,348.0,95.6773,-20.3368,-20.7912,22.3,4,1.0,-19.77,465.36,-16.38,466.06
2026-08-08 16:02:08.691,100.0,102.0,348.0,95.6773,-20.3368,-20.7912,22.3,5,1.25,-19.77,465.36,-16.38,466.06
2026-08-08 16:02:12.561,100.0,102.0,354.0,97.2789,-10.2244,-20.7912,22.6,1,0.25,-20.3,465.42,-16.67,466.16
2026-08-08 16:02:12.817,100.0,102.0,354.0,97.2789,-10.2244,-20.7912,22.6,2,0.5,-20.3,465.42,-16.67,466.16
2026-08-08 16:02:13.057,100.0,102.0,354.0,97.2789,-10.2244,-20.7912,22.6,3,0.75,-20.3,465.42,-16.67,466.16
2026-08-08 16:02:13.313,100.0,102.0,354.0,97.2789,-10.2244,-20.7912,22.6,4,1.0,-20.3,465.42,-16.69,466.16
2026-08-08 16:02:13.568,100.0,102.0,354.0,97.2789,-10.2244,-20.7912,22.6,5,1.25,-20.3,465.42,-16.69,466.16
2026-08-08 16:02:17.311,100.0,108.0,354.0,94.5847,-9.9412,-30.9017,23.0,1,0.25,-20.4,465.9,-16.53,466.63
2026-08-08 16:02:17.567,100.0,108.0,354.0,94.5847,-9.9412,-30.9017,23.0,2,0.5,-20.4,465.9,-16.53,466.63
2026-08-08 16:02:17.807,100.0,108.0,354.0,94.5847,-9.9412,-30.9017,23.0,3,0.75,-20.39,465.88,-16.53,466.61
2026-08-08 16:02:18.062,100.0,108.0,354.0,94.5847,-9.9412,-30.9017,23.0,4,1.0,-20.39,465.88,-16.53,466.61
2026-08-08 16:02:18.318,100.0,108.0,354.0,94.5847,-9.9412,-30.9017,23.0,5,1.25,-20.4,465.84,-16.52,466.57
2026-08-08 16:02:22.189,100.0,108.0,348.0,93.0274,-19.7736,-30.9017,22.8,1,0.25,-19.92,465.78,-16.3,466.49
2026-08-08 16:02:22.429,100.0,108.0,348.0,93.0274,-19.7736,-30.9017,22.8,2,0.5,-19.92,465.78,-16.3,466.49
2026-08-08 16:02:22.684,100.0,108.0,348.0,93.0274,-19.7736,-30.9017,22.8,3,0.75,-19.92,465.77,-16.31,466.48
2026-08-08 16:02:22.940,100.0,108.0,348.0,93.0274,-19.7736,-30.9017,22.8,4,1.0,-19.92,465.77,-16.31,466.48
2026-08-08 16:02:23.180,100.0,108.0,348.0,93.0274,-19.7736,-30.9017,22.8,5,1.25,-19.9,465.8,-16.31,466.51
2026-08-08 16:02:27.066,100.0,108.0,342.0,90.4508,-29.3893,-30.9017,22.5,1,0.25,-19.28,465.76,-15.61,466.42
2026-08-08 16:02:27.306,100.0,108.0,342.0,90.4508,-29.3893,-30.9017,22.5,2,0.5,-19.29,465.78,-15.6,466.44
2026-08-08 16:02:27.562,100.0,108.0,342.0,90.4508,-29.3893,-30.9017,22.5,3,0.75,-19.29,465.78,-15.6,466.44
2026-08-08 16:02:27.818,100.0,108.0,342.0,90.4508,-29.3893,-30.9017,22.5,4,1.0,-19.28,465.86,-15.6,466.51
2026-08-08 16:02:28.058,100.0,108.0,342.0,90.4508,-29.3893,-30.9017,22.5,5,1.25,-19.28,465.86,-15.6,466.51
2026-08-08 16:02:31.928,100.0,108.0,336.0,86.8833,-38.683,-30.9017,23.2,1,0.25,-18.52,465.96,-15.19,466.57
2026-08-08 16:02:32.184,100.0,108.0,336.0,86.8833,-38.683,-30.9017,23.2,2,0.5,-18.52,465.96,-15.19,466.57
2026-08-08 16:02:32.440,100.0,108.0,336.0,86.8833,-38.683,-30.9017,23.2,3,0.75,-18.51,465.95,-15.17,466.56
2026-08-08 16:02:32.680,100.0,108.0,336.0,86.8833,-38.683,-30.9017,23.2,4,1.0,-18.51,465.95,-15.17,466.56
2026-08-08 16:02:32.936,100.0,108.0,336.0,86.8833,-38.683,-30.9017,23.2,5,1.25,-18.51,465.97,-15.19,466.58
2026-08-08 16:02:36.678,100.0,108.0,330.0,82.3639,-47.5528,-30.9017,23.0,1,0.25,-17.88,466.22,-14.77,466.79
2026-08-08 16:02:36.934,100.0,108.0,330.0,82.3639,-47.5528,-30.9017,23.0,2,0.5,-17.88,466.22,-14.77,466.79
2026-08-08 16:02:37.190,100.0,108.0,330.0,82.3639,-47.5528,-30.9017,23.0,3,0.75,-17.87,466.23,-14.77,466.8
2026-08-08 16:02:37.430,100.0,108.0,330.0,82.3639,-47.5528,-30.9017,23.0,4,1.0,-17.87,466.23,-14.77,466.8
2026-08-08 16:02:37.686,100.0,108.0,330.0,82.3639,-47.5528,-30.9017,23.0,5,1.25,-17.88,466.22,-14.77,466.79
2026-08-08 16:02:41.428,100.0,108.0,324.0,76.9421,-55.9017,-30.9017,22.8,1,0.25,-17.35,466.53,-14.19,467.06
2026-08-08 16:02:41.684,100.0,108.0,324.0,76.9421,-55.9017,-30.9017,22.8,2,0.5,-17.35,466.53,-14.19,467.06
2026-08-08 16:02:41.940,100.0,108.0,324.0,76.9421,-55.9017,-30.9017,22.8,3,0.75,-17.36,466.56,-14.18,467.09
2026-08-08 16:02:42.180,100.0,108.0,324.0,76.9421,-55.9017,-30.9017,22.8,4,1.0,-17.36,466.56,-14.18,467.09
2026-08-08 16:02:42.436,100.0,108.0,324.0,76.9421,-55.9017,-30.9017,22.8,5,1.25,-17.36,466.57,-14.19,467.1
2026-08-08 16:02:46.066,100.0,108.0,318.0,70.6773,-63.6381,-30.9017,23.9,1,0.25,-16.99,466.98,-13.62,467.48
2026-08-08 16:02:46.306,100.0,108.0,318.0,70.6773,-63.6381,-30.9017,23.9,2,0.5,-16.99,466.98,-13.62,467.48
2026-08-08 16:02:46.562,100.0,108.0,318.0,70.6773,-63.6381,-30.9017,23.9,3,0.75,-17.0,466.97,-13.62,467.47
2026-08-08 16:02:46.817,100.0,108.0,318.0,70.6773,-63.6381,-30.9017,23.9,4,1.0,-17.0,466.97,-13.62,467.47
2026-08-08 16:02:47.057,100.0,108.0,318.0,70.6773,-63.6381,-30.9017,23.9,5,1.25,-16.98,466.94,-13.61,467.44
2026-08-08 16:02:50.688,100.0,108.0,312.0,63.6381,-70.6773,-30.9017,22.9,1,0.25,-17.1,467.43,-13.21,467.92
2026-08-08 16:02:50.928,100.0,108.0,312.0,63.6381,-70.6773,-30.9017,22.9,2,0.5,-17.1,467.43,-13.21,467.92
2026-08-08 16:02:51.184,100.0,108.0,312.0,63.6381,-70.6773,-30.9017,22.9,3,0.75,-17.09,467.46,-13.21,467.95
2026-08-08 16:02:51.439,100.0,108.0,312.0,63.6381,-70.6773,-30.9017,22.9,4,1.0,-17.09,467.46,-13.21,467.95
2026-08-08 16:02:51.679,100.0,108.0,312.0,63.6381,-70.6773,-30.9017,22.9,5,1.25,-17.08,467.47,-13.2,467.96
2026-08-08 16:02:55.310,100.0,108.0,306.0,55.9017,-76.9421,-30.9017,22.4,1,0.25,-17.49,468.05,-13.03,468.55
2026-08-08 16:02:55.566,100.0,108.0,306.0,55.9017,-76.9421,-30.9017,22.4,2,0.5,-17.49,468.05,-13.03,468.55
2026-08-08 16:02:55.805,100.0,108.0,306.0,55.9017,-76.9421,-30.9017,22.4,3,0.75,-17.49,468.03,-13.03,468.53
2026-08-08 16:02:56.061,100.0,108.0,306.0,55.9017,-76.9421,-30.9017,22.4,4,1.0,-17.49,468.03,-13.03,468.53
2026-08-08 16:02:56.317,100.0,108.0,306.0,55.9017,-76.9421,-30.9017,22.4,5,1.25,-17.48,468.07,-13.02,468.57
2026-08-08 16:03:00.059,100.0,108.0,300.0,47.5528,-82.3639,-30.9017,22.9,1,0.25,-17.83,468.64,-12.69,469.15
2026-08-08 16:03:00.315,100.0,108.0,300.0,47.5528,-82.3639,-30.9017,22.9,2,0.5,-17.83,468.64,-12.69,469.15
2026-08-08 16:03:00.555,100.0,108.0,300.0,47.5528,-82.3639,-30.9017,22.9,3,0.75,-17.81,468.65,-12.69,469.15
2026-08-08 16:03:00.811,100.0,108.0,300.0,47.5528,-82.3639,-30.9017,22.9,4,1.0,-17.81,468.65,-12.69,469.15
2026-08-08 16:03:01.067,100.0,108.0,300.0,47.5528,-82.3639,-30.9017,22.9,5,1.25,-17.82,468.63,-12.7,469.14
2026-08-08 16:03:04.809,100.0,108.0,294.0,38.683,-86.8833,-30.9017,22.5,1,0.25,-18.35,469.18,-12.63,469.7
2026-08-08 16:03:05.065,100.0,108.0,294.0,38.683,-86.8833,-30.9017,22.5,2,0.5,-18.35,469.18,-12.63,469.7
2026-08-08 16:03:05.305,100.0,108.0,294.0,38.683,-86.8833,-30.9017,22.5,3,0.75,-18.35,469.21,-12.62,469.73
2026-08-08 16:03:05.561,100.0,108.0,294.0,38.683,-86.8833,-30.9017,22.5,4,1.0,-18.35,469.21,-12.62,469.73
2026-08-08 16:03:05.817,100.0,108.0,294.0,38.683,-86.8833,-30.9017,22.5,5,1.25,-18.35,469.2,-12.62,469.72
2026-08-08 16:03:09.687,100.0,108.0,288.0,29.3893,-90.4508,-30.9017,22.9,1,0.25,-19.25,469.64,-12.6,470.2
2026-08-08 16:03:09.943,100.0,108.0,288.0,29.3893,-90.4508,-30.9017,22.9,2,0.5,-19.24,469.6,-12.59,470.16
2026-08-08 16:03:10.183,100.0,108.0,288.0,29.3893,-90.4508,-30.9017,22.9,3,0.75,-19.24,469.6,-12.59,470.16
2026-08-08 16:03:10.439,100.0,108.0,288.0,29.3893,-90.4508,-30.9017,22.9,4,1.0,-19.22,469.61,-12.6,470.17
2026-08-08 16:03:10.679,100.0,108.0,288.0,29.3893,-90.4508,-30.9017,22.9,5,1.25,-19.22,469.61,-12.6,470.17
2026-08-08 16:03:14.565,100.0,108.0,282.0,19.7736,-93.0274,-30.9017,23.0,1,0.25,-20.36,469.88,-12.83,470.49
2026-08-08 16:03:14.805,100.0,108.0,282.0,19.7736,-93.0274,-30.9017,23.0,2,0.5,-20.36,469.88,-12.83,470.49
2026-08-08 16:03:15.061,100.0,108.0,282.0,19.7736,-93.0274,-30.9017,23.0,3,0.75,-20.37,469.84,-12.84,470.45
2026-08-08 16:03:15.317,100.0,108.0,282.0,19.7736,-93.0274,-30.9017,23.0,4,1.0,-20.37,469.84,-12.84,470.45
2026-08-08 16:03:15.557,100.0,108.0,282.0,19.7736,-93.0274,-30.9017,23.0,5,1.25,-20.36,469.82,-12.83,470.43
2026-08-08 16:03:19.443,100.0,108.0,276.0,9.9412,-94.5847,-30.9017,22.6,1,0.25,-21.31,469.9,-12.82,470.55
2026-08-08 16:03:19.683,100.0,108.0,276.0,9.9412,-94.5847,-30.9017,22.6,2,0.5,-21.31,469.9,-12.82,470.55
2026-08-08 16:03:19.939,100.0,108.0,276.0,9.9412,-94.5847,-30.9017,22.6,3,0.75,-21.31,469.9,-12.82,470.55
2026-08-08 16:03:20.178,100.0,108.0,276.0,9.9412,-94.5847,-30.9017,22.6,4,1.0,-21.31,469.9,-12.82,470.55
2026-08-08 16:03:20.434,100.0,108.0,276.0,9.9412,-94.5847,-30.9017,22.6,5,1.25,-21.31,469.85,-12.82,470.5
2026-08-08 16:03:24.305,100.0,108.0,270.0,-0.0,-95.1057,-30.9017,22.6,1,0.25,-22.24,469.7,-12.97,470.4
2026-08-08 16:03:24.561,100.0,108.0,270.0,-0.0,-95.1057,-30.9017,22.6,2,0.5,-22.25,469.66,-12.98,470.36
2026-08-08 16:03:24.816,100.0,108.0,270.0,-0.0,-95.1057,-30.9017,22.6,3,0.75,-22.25,469.66,-12.98,470.36
2026-08-08 16:03:25.056,100.0,108.0,270.0,-0.0,-95.1057,-30.9017,22.6,4,1.0,-22.24,469.66,-12.97,470.36
2026-08-08 16:03:25.312,100.0,108.0,270.0,-0.0,-95.1057,-30.9017,22.6,5,1.25,-22.24,469.66,-12.97,470.36
2026-08-08 16:03:29.182,100.0,108.0,264.0,-9.9412,-94.5847,-30.9017,22.5,1,0.25,-23.02,469.42,-12.97,470.16
2026-08-08 16:03:29.438,100.0,108.0,264.0,-9.9412,-94.5847,-30.9017,22.5,2,0.5,-23.02,469.42,-12.97,470.16
2026-08-08 16:03:29.678,100.0,108.0,264.0,-9.9412,-94.5847,-30.9017,22.5,3,0.75,-23.03,469.39,-12.97,470.13
2026-08-08 16:03:29.934,100.0,108.0,264.0,-9.9412,-94.5847,-30.9017,22.5,4,1.0,-23.03,469.39,-12.97,470.13
2026-08-08 16:03:30.190,100.0,108.0,264.0,-9.9412,-94.5847,-30.9017,22.5,5,1.25,-23.02,469.37,-12.97,470.11
2026-08-08 16:03:34.060,100.0,108.0,258.0,-19.7736,-93.0274,-30.9017,23.3,1,0.25,-23.81,469.01,-13.08,469.79
2026-08-08 16:03:34.316,100.0,108.0,258.0,-19.7736,-93.0274,-30.9017,23.3,2,0.5,-23.82,469.0,-13.08,469.78
2026-08-08 16:03:34.556,100.0,108.0,258.0,-19.7736,-93.0274,-30.9017,23.3,3,0.75,-23.82,469.0,-13.08,469.78
2026-08-08 16:03:34.812,100.0,108.0,258.0,-19.7736,-93.0274,-30.9017,23.3,4,1.0,-23.82,469.0,-13.08,469.78
2026-08-08 16:03:35.068,100.0,108.0,258.0,-19.7736,-93.0274,-30.9017,23.3,5,1.25,-23.82,469.0,-13.08,469.78
2026-08-08 16:03:38.938,100.0,108.0,252.0,-29.3893,-90.4508,-30.9017,21.7,1,0.25,-24.34,468.6,-13.06,469.41
2026-08-08 16:03:39.178,100.0,108.0,252.0,-29.3893,-90.4508,-30.9017,21.7,2,0.5,-24.34,468.6,-13.06,469.41
2026-08-08 16:03:39.434,100.0,108.0,252.0,-29.3893,-90.4508,-30.9017,21.7,3,0.75,-24.34,468.6,-13.06,469.41
2026-08-08 16:03:39.690,100.0,108.0,252.0,-29.3893,-90.4508,-30.9017,21.7,4,1.0,-24.34,468.6,-13.08,469.41
2026-08-08 16:03:39.930,100.0,108.0,252.0,-29.3893,-90.4508,-30.9017,21.7,5,1.25,-24.34,468.6,-13.08,469.41
2026-08-08 16:03:43.816,100.0,108.0,246.0,-38.683,-86.8833,-30.9017,23.9,1,0.25,-24.62,468.19,-13.16,469.02
2026-08-08 16:03:44.056,100.0,108.0,246.0,-38.683,-86.8833,-30.9017,23.9,2,0.5,-24.62,468.19,-13.16,469.02
2026-08-08 16:03:44.312,100.0,108.0,246.0,-38.683,-86.8833,-30.9017,23.9,3,0.75,-24.62,468.18,-13.14,469.01
2026-08-08 16:03:44.567,100.0,108.0,246.0,-38.683,-86.8833,-30.9017,23.9,4,1.0,-24.62,468.18,-13.14,469.01
2026-08-08 16:03:44.807,100.0,108.0,246.0,-38.683,-86.8833,-30.9017,23.9,5,1.25,-24.61,468.14,-13.14,468.97
2026-08-08 16:03:48.566,100.0,108.0,240.0,-47.5528,-82.3639,-30.9017,22.6,1,0.25,-24.74,467.77,-13.24,468.61
2026-08-08 16:03:48.806,100.0,108.0,240.0,-47.5528,-82.3639,-30.9017,22.6,2,0.5,-24.74,467.77,-13.24,468.61
2026-08-08 16:03:49.062,100.0,108.0,240.0,-47.5528,-82.3639,-30.9017,22.6,3,0.75,-24.74,467.78,-13.24,468.62
2026-08-08 16:03:49.317,100.0,108.0,240.0,-47.5528,-82.3639,-30.9017,22.6,4,1.0,-24.74,467.78,-13.24,468.62
2026-08-08 16:03:49.557,100.0,108.0,240.0,-47.5528,-82.3639,-30.9017,22.6,5,1.25,-24.74,467.71,-13.23,468.55
2026-08-08 16:03:53.316,100.0,108.0,234.0,-55.9017,-76.9421,-30.9017,22.5,1,0.25,-24.74,467.31,-13.4,468.15
2026-08-08 16:03:53.555,100.0,108.0,234.0,-55.9017,-76.9421,-30.9017,22.5,2,0.5,-24.73,467.37,-13.42,468.21
2026-08-08 16:03:53.811,100.0,108.0,234.0,-55.9017,-76.9421,-30.9017,22.5,3,0.75,-24.73,467.37,-13.42,468.21
2026-08-08 16:03:54.067,100.0,108.0,234.0,-55.9017,-76.9421,-30.9017,22.5,4,1.0,-24.73,467.29,-13.4,468.13
2026-08-08 16:03:54.307,100.0,108.0,234.0,-55.9017,-76.9421,-30.9017,22.5,5,1.25,-24.73,467.29,-13.4,468.13
2026-08-08 16:03:57.937,100.0,108.0,228.0,-63.6381,-70.6773,-30.9017,23.4,1,0.25,-24.45,467.08,-13.41,467.91
2026-08-08 16:03:58.177,100.0,108.0,228.0,-63.6381,-70.6773,-30.9017,23.4,2,0.5,-24.44,467.08,-13.4,467.91
2026-08-08 16:03:58.433,100.0,108.0,228.0,-63.6381,-70.6773,-30.9017,23.4,3,0.75,-24.44,467.08,-13.4,467.91
2026-08-08 16:03:58.689,100.0,108.0,228.0,-63.6381,-70.6773,-30.9017,23.4,4,1.0,-24.44,467.08,-13.4,467.91
2026-08-08 16:03:58.929,100.0,108.0,228.0,-63.6381,-70.6773,-30.9017,23.4,5,1.25,-24.44,467.09,-13.4,467.92
2026-08-08 16:04:02.559,100.0,108.0,222.0,-70.6773,-63.6381,-30.9017,22.7,1,0.25,-24.24,466.86,-13.47,467.68
2026-08-08 16:04:02.815,100.0,108.0,222.0,-70.6773,-63.6381,-30.9017,22.7,2,0.5,-24.24,466.86,-13.47,467.68
2026-08-08 16:04:03.055,100.0,108.0,222.0,-70.6773,-63.6381,-30.9017,22.7,3,0.75,-24.23,466.82,-13.47,467.64
2026-08-08 16:04:03.311,100.0,108.0,222.0,-70.6773,-63.6381,-30.9017,22.7,4,1.0,-24.23,466.82,-13.47,467.64
2026-08-08 16:04:03.567,100.0,108.0,222.0,-70.6773,-63.6381,-30.9017,22.7,5,1.25,-24.24,466.84,-13.48,467.66
2026-08-08 16:04:07.181,100.0,108.0,216.0,-76.9421,-55.9017,-30.9017,21.5,1,0.25,-23.84,466.74,-13.5,467.54
2026-08-08 16:04:07.437,100.0,108.0,216.0,-76.9421,-55.9017,-30.9017,21.5,2,0.5,-23.84,466.74,-13.5,467.54
2026-08-08 16:04:07.677,100.0,108.0,216.0,-76.9421,-55.9017,-30.9017,21.5,3,0.75,-23.83,466.74,-13.52,467.54
2026-08-08 16:04:07.933,100.0,108.0,216.0,-76.9421,-55.9017,-30.9017,21.5,4,1.0,-23.83,466.74,-13.52,467.54
2026-08-08 16:04:08.189,100.0,108.0,216.0,-76.9421,-55.9017,-30.9017,21.5,5,1.25,-23.84,466.74,-13.51,467.54
2026-08-08 16:04:11.931,100.0,108.0,210.0,-82.3639,-47.5528,-30.9017,23.5,1,0.25,-23.49,466.61,-13.5,467.39
2026-08-08 16:04:12.187,100.0,108.0,210.0,-82.3639,-47.5528,-30.9017,23.5,2,0.5,-23.49,466.61,-13.5,467.39
2026-08-08 16:04:12.427,100.0,108.0,210.0,-82.3639,-47.5528,-30.9017,23.5,3,0.75,-23.48,466.63,-13.49,467.41
2026-08-08 16:04:12.683,100.0,108.0,210.0,-82.3639,-47.5528,-30.9017,23.5,4,1.0,-23.48,466.63,-13.49,467.41
2026-08-08 16:04:12.939,100.0,108.0,210.0,-82.3639,-47.5528,-30.9017,23.5,5,1.25,-23.5,466.61,-13.48,467.39
2026-08-08 16:04:16.681,100.0,108.0,204.0,-86.8833,-38.683,-30.9017,23.1,1,0.25,-23.4,466.34,-13.5,467.12
2026-08-08 16:04:16.937,100.0,108.0,204.0,-86.8833,-38.683,-30.9017,23.1,2,0.5,-23.43,466.34,-13.49,467.12
2026-08-08 16:04:17.193,100.0,108.0,204.0,-86.8833,-38.683,-30.9017,23.1,3,0.75,-23.43,466.34,-13.49,467.12
2026-08-08 16:04:17.433,100.0,108.0,204.0,-86.8833,-38.683,-30.9017,23.1,4,1.0,-23.42,466.37,-13.49,467.15
2026-08-08 16:04:17.689,100.0,108.0,204.0,-86.8833,-38.683,-30.9017,23.1,5,1.25,-23.42,466.37,-13.49,467.15
2026-08-08 16:04:21.559,100.0,108.0,198.0,-90.4508,-29.3893,-30.9017,23.4,1,0.25,-22.85,466.12,-13.46,466.87
2026-08-08 16:04:21.815,100.0,108.0,198.0,-90.4508,-29.3893,-30.9017,23.4,2,0.5,-22.85,466.13,-13.47,466.88
2026-08-08 16:04:22.055,100.0,108.0,198.0,-90.4508,-29.3893,-30.9017,23.4,3,0.75,-22.85,466.13,-13.47,466.88
2026-08-08 16:04:22.311,100.0,108.0,198.0,-90.4508,-29.3893,-30.9017,23.4,4,1.0,-22.84,466.15,-13.45,466.9
2026-08-08 16:04:22.566,100.0,108.0,198.0,-90.4508,-29.3893,-30.9017,23.4,5,1.25,-22.84,466.15,-13.45,466.9
2026-08-08 16:04:26.437,100.0,108.0,192.0,-93.0274,-19.7736,-30.9017,22.2,1,0.25,-22.4,466.04,-13.78,466.78
2026-08-08 16:04:26.692,100.0,108.0,192.0,-93.0274,-19.7736,-30.9017,22.2,2,0.5,-22.4,466.04,-13.78,466.78
2026-08-08 16:04:26.932,100.0,108.0,192.0,-93.0274,-19.7736,-30.9017,22.2,3,0.75,-22.4,466.02,-13.78,466.76
2026-08-08 16:04:27.188,100.0,108.0,192.0,-93.0274,-19.7736,-30.9017,22.2,4,1.0,-22.4,466.02,-13.78,466.76
2026-08-08 16:04:27.428,100.0,108.0,192.0,-93.0274,-19.7736,-30.9017,22.2,5,1.25,-22.4,466.05,-13.77,466.79
2026-08-08 16:04:31.314,100.0,108.0,186.0,-94.5847,-9.9412,-30.9017,22.2,1,0.25,-21.64,465.9,-13.67,466.6
2026-08-08 16:04:31.554,100.0,108.0,186.0,-94.5847,-9.9412,-30.9017,22.2,2,0.5,-21.64,465.9,-13.66,466.6
2026-08-08 16:04:31.810,100.0,108.0,186.0,-94.5847,-9.9412,-30.9017,22.2,3,0.75,-21.64,465.9,-13.66,466.6
2026-08-08 16:04:32.066,100.0,108.0,186.0,-94.5847,-9.9412,-30.9017,22.2,4,1.0,-21.63,465.85,-13.67,466.55
2026-08-08 16:04:32.306,100.0,108.0,186.0,-94.5847,-9.9412,-30.9017,22.2,5,1.25,-21.63,465.85,-13.67,466.55
2026-08-08 16:04:36.192,100.0,108.0,180.0,-95.1057,0.0,-30.9017,23.2,1,0.25,-20.82,465.86,-13.81,466.52
2026-08-08 16:04:36.432,100.0,108.0,180.0,-95.1057,0.0,-30.9017,23.2,2,0.5,-20.82,465.86,-13.81,466.52
2026-08-08 16:04:36.688,100.0,108.0,180.0,-95.1057,0.0,-30.9017,23.2,3,0.75,-20.81,465.87,-13.81,466.53
2026-08-08 16:04:36.928,100.0,108.0,180.0,-95.1057,0.0,-30.9017,23.2,4,1.0,-20.81,465.87,-13.81,466.53
2026-08-08 16:04:37.184,100.0,108.0,180.0,-95.1057,0.0,-30.9017,23.2,5,1.25,-20.81,465.87,-13.81,466.53
2026-08-08 16:04:41.054,100.0,108.0,174.0,-94.5847,9.9412,-30.9017,21.8,1,0.25,-19.79,466.09,-14.03,466.72
2026-08-08 16:04:41.310,100.0,108.0,174.0,-94.5847,9.9412,-30.9017,21.8,2,0.5,-19.79,466.09,-14.03,466.72
2026-08-08 16:04:41.566,100.0,108.0,174.0,-94.5847,9.9412,-30.9017,21.8,3,0.75,-19.8,466.09,-14.02,466.72
2026-08-08 16:04:41.806,100.0,108.0,174.0,-94.5847,9.9412,-30.9017,21.8,4,1.0,-19.8,466.09,-14.02,466.72
2026-08-08 16:04:42.061,100.0,108.0,174.0,-94.5847,9.9412,-30.9017,21.8,5,1.25,-19.8,466.12,-14.01,466.75
2026-08-08 16:04:45.932,100.0,108.0,168.0,-93.0274,19.7736,-30.9017,23.4,1,0.25,-19.03,466.47,-14.27,467.07
2026-08-08 16:04:46.188,100.0,108.0,168.0,-93.0274,19.7736,-30.9017,23.4,2,0.5,-19.04,466.45,-14.26,467.05
2026-08-08 16:04:46.428,100.0,108.0,168.0,-93.0274,19.7736,-30.9017,23.4,3,0.75,-19.04,466.45,-14.26,467.05
2026-08-08 16:04:46.683,100.0,108.0,168.0,-93.0274,19.7736,-30.9017,23.4,4,1.0,-19.05,466.5,-14.24,467.1
2026-08-08 16:04:46.939,100.0,108.0,168.0,-93.0274,19.7736,-30.9017,23.4,5,1.25,-19.05,466.5,-14.24,467.1
2026-08-08 16:04:50.810,100.0,108.0,162.0,-90.4508,29.3893,-30.9017,23.5,1,0.25,-18.5,467.02,-14.72,467.61
2026-08-08 16:04:51.065,100.0,108.0,162.0,-90.4508,29.3893,-30.9017,23.5,2,0.5,-18.5,467.02,-14.72,467.61
2026-08-08 16:04:51.305,100.0,108.0,162.0,-90.4508,29.3893,-30.9017,23.5,3,0.75,-18.52,467.0,-14.73,467.59
2026-08-08 16:04:51.561,100.0,108.0,162.0,-90.4508,29.3893,-30.9017,23.5,4,1.0,-18.52,467.0,-14.73,467.59
2026-08-08 16:04:51.817,100.0,108.0,162.0,-90.4508,29.3893,-30.9017,23.5,5,1.25,-18.5,466.99,-14.72,467.58
2026-08-08 16:04:55.687,100.0,108.0,156.0,-86.8833,38.683,-30.9017,22.4,1,0.25,-18.13,467.52,-15.04,468.11
2026-08-08 16:04:55.927,100.0,108.0,156.0,-86.8833,38.683,-30.9017,22.4,2,0.5,-18.12,467.55,-15.05,468.14
2026-08-08 16:04:56.183,100.0,108.0,156.0,-86.8833,38.683,-30.9017,22.4,3,0.75,-18.12,467.55,-15.05,468.14
2026-08-08 16:04:56.439,100.0,108.0,156.0,-86.8833,38.683,-30.9017,22.4,4,1.0,-18.12,467.55,-15.05,468.14
2026-08-08 16:04:56.679,100.0,108.0,156.0,-86.8833,38.683,-30.9017,22.4,5,1.25,-18.13,467.54,-15.05,468.13
2026-08-08 16:05:00.437,100.0,108.0,150.0,-82.3639,47.5528,-30.9017,23.0,1,0.25,-17.86,468.04,-15.55,468.63
2026-08-08 16:05:00.677,100.0,108.0,150.0,-82.3639,47.5528,-30.9017,23.0,2,0.5,-17.87,468.0,-15.55,468.59
2026-08-08 16:05:00.933,100.0,108.0,150.0,-82.3639,47.5528,-30.9017,23.0,3,0.75,-17.87,468.0,-15.55,468.59
2026-08-08 16:05:01.189,100.0,108.0,150.0,-82.3639,47.5528,-30.9017,23.0,4,1.0,-17.86,468.0,-15.54,468.59
2026-08-08 16:05:01.429,100.0,108.0,150.0,-82.3639,47.5528,-30.9017,23.0,5,1.25,-17.86,468.0,-15.54,468.59
2026-08-08 16:05:05.187,100.0,108.0,144.0,-76.9421,55.9017,-30.9017,23.5,1,0.25,-17.68,468.43,-15.99,469.03
2026-08-08 16:05:05.427,100.0,108.0,144.0,-76.9421,55.9017,-30.9017,23.5,2,0.5,-17.69,468.39,-15.99,468.99
2026-08-08 16:05:05.683,100.0,108.0,144.0,-76.9421,55.9017,-30.9017,23.5,3,0.75,-17.69,468.39,-15.99,468.99
2026-08-08 16:05:05.939,100.0,108.0,144.0,-76.9421,55.9017,-30.9017,23.5,4,1.0,-17.7,468.43,-15.99,469.03
2026-08-08 16:05:06.179,100.0,108.0,144.0,-76.9421,55.9017,-30.9017,23.5,5,1.25,-17.7,468.43,-15.99,469.03
2026-08-08 16:05:09.809,100.0,108.0,138.0,-70.6773,63.6381,-30.9017,22.8,1,0.25,-17.82,468.87,-16.54,469.49
2026-08-08 16:05:10.065,100.0,108.0,138.0,-70.6773,63.6381,-30.9017,22.8,2,0.5,-17.82,468.88,-16.55,469.51
2026-08-08 16:05:10.305,100.0,108.0,138.0,-70.6773,63.6381,-30.9017,22.8,3,0.75,-17.82,468.88,-16.55,469.51
2026-08-08 16:05:10.561,100.0,108.0,138.0,-70.6773,63.6381,-30.9017,22.8,4,1.0,-17.83,468.87,-16.55,469.5
2026-08-08 16:05:10.817,100.0,108.0,138.0,-70.6773,63.6381,-30.9017,22.8,5,1.25,-17.83,468.87,-16.55,469.5
2026-08-08 16:05:14.431,100.0,108.0,132.0,-63.6381,70.6773,-30.9017,23.5,1,0.25,-18.11,469.34,-17.01,469.99
2026-08-08 16:05:14.687,100.0,108.0,132.0,-63.6381,70.6773,-30.9017,23.5,2,0.5,-18.1,469.34,-17.0,469.99
2026-08-08 16:05:14.927,100.0,108.0,132.0,-63.6381,70.6773,-30.9017,23.5,3,0.75,-18.1,469.34,-17.0,469.99
2026-08-08 16:05:15.183,100.0,108.0,132.0,-63.6381,70.6773,-30.9017,23.5,4,1.0,-18.11,469.33,-16.98,469.98
2026-08-08 16:05:15.439,100.0,108.0,132.0,-63.6381,70.6773,-30.9017,23.5,5,1.25,-18.11,469.33,-16.98,469.98
2026-08-08 16:05:19.053,100.0,108.0,126.0,-55.9017,76.9421,-30.9017,23.3,1,0.25,-17.88,469.77,-17.26,470.42
2026-08-08 16:05:21.564,100.0,108.0,126.0,-55.9017,76.9421,-30.9017,23.3,2,0.5,-17.88,469.78,-17.26,470.43
2026-08-08 16:05:21.804,100.0,108.0,126.0,-55.9017,76.9421,-30.9017,23.3,3,0.75,-17.88,469.78,-17.26,470.43
2026-08-08 16:05:22.060,100.0,108.0,126.0,-55.9017,76.9421,-30.9017,23.3,4,1.0,-17.88,469.81,-17.27,470.46
2026-08-08 16:05:22.315,100.0,108.0,126.0,-55.9017,76.9421,-30.9017,23.3,5,1.25,-17.88,469.81,-17.27,470.46
2026-08-08 16:05:26.058,100.0,108.0,120.0,-47.5528,82.3639,-30.9017,22.5,1,0.25,-18.22,470.33,-17.42,471.0
2026-08-08 16:05:26.314,100.0,108.0,120.0,-47.5528,82.3639,-30.9017,22.5,2,0.5,-18.23,470.3,-17.42,470.97
2026-08-08 16:05:26.554,100.0,108.0,120.0,-47.5528,82.3639,-30.9017,22.5,3,0.75,-18.23,470.3,-17.42,470.97
2026-08-08 16:05:26.809,100.0,108.0,120.0,-47.5528,82.3639,-30.9017,22.5,4,1.0,-18.21,470.32,-17.43,470.99
2026-08-08 16:05:27.065,100.0,108.0,120.0,-47.5528,82.3639,-30.9017,22.5,5,1.25,-18.21,470.32,-17.43,470.99
2026-08-08 16:05:30.808,100.0,108.0,114.0,-38.683,86.8833,-30.9017,23.2,1,0.25,-18.63,470.79,-17.53,471.48
2026-08-08 16:05:31.064,100.0,108.0,114.0,-38.683,86.8833,-30.9017,23.2,2,0.5,-18.63,470.79,-17.53,471.48
2026-08-08 16:05:31.303,100.0,108.0,114.0,-38.683,86.8833,-30.9017,23.2,3,0.75,-18.64,470.79,-17.54,471.48
2026-08-08 16:05:31.559,100.0,108.0,114.0,-38.683,86.8833,-30.9017,23.2,4,1.0,-18.64,470.79,-17.54,471.48
2026-08-08 16:05:31.815,100.0,108.0,114.0,-38.683,86.8833,-30.9017,23.2,5,1.25,-18.64,470.79,-17.54,471.48
2026-08-08 16:05:35.685,100.0,108.0,108.0,-29.3893,90.4508,-30.9017,23.2,1,0.25,-19.0,471.56,-17.66,472.27
2026-08-08 16:05:35.941,100.0,108.0,108.0,-29.3893,90.4508,-30.9017,23.2,2,0.5,-19.0,471.56,-17.66,472.27
2026-08-08 16:05:36.181,100.0,108.0,108.0,-29.3893,90.4508,-30.9017,23.2,3,0.75,-19.0,471.54,-17.65,472.25
2026-08-08 16:05:36.437,100.0,108.0,108.0,-29.3893,90.4508,-30.9017,23.2,4,1.0,-19.0,471.54,-17.65,472.25
2026-08-08 16:05:36.677,100.0,108.0,108.0,-29.3893,90.4508,-30.9017,23.2,5,1.25,-18.99,471.55,-17.64,472.26
2026-08-08 16:05:40.563,100.0,108.0,102.0,-19.7736,93.0274,-30.9017,25.3,1,0.25,-19.7,472.15,-17.92,472.9
2026-08-08 16:05:40.803,100.0,108.0,102.0,-19.7736,93.0274,-30.9017,25.3,2,0.5,-19.71,472.13,-17.91,472.88
2026-08-08 16:05:41.059,100.0,108.0,102.0,-19.7736,93.0274,-30.9017,25.3,3,0.75,-19.71,472.13,-17.91,472.88
2026-08-08 16:05:41.315,100.0,108.0,102.0,-19.7736,93.0274,-30.9017,25.3,4,1.0,-19.71,472.22,-17.9,472.97
2026-08-08 16:05:41.555,100.0,108.0,102.0,-19.7736,93.0274,-30.9017,25.3,5,1.25,-19.71,472.22,-17.9,472.97
2026-08-08 16:05:45.441,100.0,108.0,96.0,-9.9412,94.5847,-30.9017,23.2,1,0.25,-20.52,472.72,-18.16,473.51
2026-08-08 16:05:45.681,100.0,108.0,96.0,-9.9412,94.5847,-30.9017,23.2,2,0.5,-20.52,472.72,-18.16,473.51
2026-08-08 16:05:45.937,100.0,108.0,96.0,-9.9412,94.5847,-30.9017,23.2,3,0.75,-20.53,472.68,-18.15,473.47
2026-08-08 16:05:46.177,100.0,108.0,96.0,-9.9412,94.5847,-30.9017,23.2,4,1.0,-20.53,472.68,-18.15,473.47
2026-08-08 16:05:46.433,100.0,108.0,96.0,-9.9412,94.5847,-30.9017,23.2,5,1.25,-20.53,472.74,-18.15,473.53
2026-08-08 16:05:50.303,100.0,108.0,90.0,0.0,95.1057,-30.9017,23.4,1,0.25,-21.46,473.19,-18.45,474.03
2026-08-08 16:05:50.559,100.0,108.0,90.0,0.0,95.1057,-30.9017,23.4,2,0.5,-21.46,473.2,-18.44,474.04
2026-08-08 16:05:50.815,100.0,108.0,90.0,0.0,95.1057,-30.9017,23.4,3,0.75,-21.46,473.2,-18.44,474.04
2026-08-08 16:05:51.055,100.0,108.0,90.0,0.0,95.1057,-30.9017,23.4,4,1.0,-21.46,473.2,-18.44,474.04
2026-08-08 16:05:51.311,100.0,108.0,90.0,0.0,95.1057,-30.9017,23.4,5,1.25,-21.46,473.18,-18.45,474.02
2026-08-08 16:05:55.181,100.0,108.0,84.0,9.9412,94.5847,-30.9017,23.0,1,0.25,-22.45,473.3,-18.82,474.2
2026-08-08 16:05:55.437,100.0,108.0,84.0,9.9412,94.5847,-30.9017,23.0,2,0.5,-22.47,473.27,-18.83,474.17
2026-08-08 16:05:55.677,100.0,108.0,84.0,9.9412,94.5847,-30.9017,23.0,3,0.75,-22.47,473.27,-18.83,474.17
2026-08-08 16:05:55.932,100.0,108.0,84.0,9.9412,94.5847,-30.9017,23.0,4,1.0,-22.47,473.38,-18.82,474.28
2026-08-08 16:05:56.188,100.0,108.0,84.0,9.9412,94.5847,-30.9017,23.0,5,1.25,-22.47,473.38,-18.82,474.28
2026-08-08 16:06:00.058,100.0,108.0,78.0,19.7736,93.0274,-30.9017,22.3,1,0.25,-23.54,473.1,-19.18,474.07
2026-08-08 16:06:00.314,100.0,108.0,78.0,19.7736,93.0274,-30.9017,22.3,2,0.5,-23.54,473.1,-19.18,474.07
2026-08-08 16:06:00.554,100.0,108.0,78.0,19.7736,93.0274,-30.9017,22.3,3,0.75,-23.54,473.09,-19.19,474.06
2026-08-08 16:06:00.810,100.0,108.0,78.0,19.7736,93.0274,-30.9017,22.3,4,1.0,-23.54,473.09,-19.19,474.06
2026-08-08 16:06:01.066,100.0,108.0,78.0,19.7736,93.0274,-30.9017,22.3,5,1.25,-23.55,473.07,-19.18,474.04
2026-08-08 16:06:04.936,100.0,108.0,72.0,29.3893,90.4508,-30.9017,22.1,1,0.25,-24.36,472.52,-19.23,473.53
2026-08-08 16:06:05.176,100.0,108.0,72.0,29.3893,90.4508,-30.9017,22.1,2,0.5,-24.36,472.54,-19.23,473.55
2026-08-08 16:06:05.432,100.0,108.0,72.0,29.3893,90.4508,-30.9017,22.1,3,0.75,-24.36,472.54,-19.23,473.55
2026-08-08 16:06:05.688,100.0,108.0,72.0,29.3893,90.4508,-30.9017,22.1,4,1.0,-24.37,472.53,-19.24,473.54
2026-08-08 16:06:05.928,100.0,108.0,72.0,29.3893,90.4508,-30.9017,22.1,5,1.25,-24.37,472.53,-19.24,473.54
2026-08-08 16:06:09.814,100.0,108.0,66.0,38.683,86.8833,-30.9017,22.1,1,0.25,-24.85,471.71,-19.31,472.75
2026-08-08 16:06:10.054,100.0,108.0,66.0,38.683,86.8833,-30.9017,22.1,2,0.5,-24.85,471.71,-19.31,472.75
2026-08-08 16:06:10.310,100.0,108.0,66.0,38.683,86.8833,-30.9017,22.1,3,0.75,-24.85,471.71,-19.31,472.75
2026-08-08 16:06:10.566,100.0,108.0,66.0,38.683,86.8833,-30.9017,22.1,4,1.0,-24.85,471.71,-19.31,472.75
2026-08-08 16:06:10.806,100.0,108.0,66.0,38.683,86.8833,-30.9017,22.1,5,1.25,-24.85,471.71,-19.31,472.75
2026-08-08 16:06:14.564,100.0,108.0,60.0,47.5528,82.3639,-30.9017,23.0,1,0.25,-25.15,470.77,-19.37,471.83
2026-08-08 16:06:14.804,100.0,108.0,60.0,47.5528,82.3639,-30.9017,23.0,2,0.5,-25.15,470.77,-19.37,471.83
2026-08-08 16:06:15.060,100.0,108.0,60.0,47.5528,82.3639,-30.9017,23.0,3,0.75,-25.15,470.78,-19.37,471.84
2026-08-08 16:06:15.316,100.0,108.0,60.0,47.5528,82.3639,-30.9017,23.0,4,1.0,-25.15,470.78,-19.37,471.84
2026-08-08 16:06:15.556,100.0,108.0,60.0,47.5528,82.3639,-30.9017,23.0,5,1.25,-25.15,470.76,-19.37,471.82
2026-08-08 16:06:19.314,100.0,108.0,54.0,55.9017,76.9421,-30.9017,23.1,1,0.25,-25.24,469.86,-19.34,470.93
2026-08-08 16:06:19.554,100.0,108.0,54.0,55.9017,76.9421,-30.9017,23.1,2,0.5,-25.24,469.86,-19.34,470.93
2026-08-08 16:06:19.810,100.0,108.0,54.0,55.9017,76.9421,-30.9017,23.1,3,0.75,-25.26,469.88,-19.34,470.95
2026-08-08 16:06:20.066,100.0,108.0,54.0,55.9017,76.9421,-30.9017,23.1,4,1.0,-25.26,469.88,-19.34,470.95
2026-08-08 16:06:20.305,100.0,108.0,54.0,55.9017,76.9421,-30.9017,23.1,5,1.25,-25.26,469.88,-19.33,470.95
2026-08-08 16:06:23.936,100.0,108.0,48.0,63.6381,70.6773,-30.9017,22.4,1,0.25,-24.82,469.12,-19.06,470.16
2026-08-08 16:06:24.192,100.0,108.0,48.0,63.6381,70.6773,-30.9017,22.4,2,0.5,-24.82,469.12,-19.06,470.16
2026-08-08 16:06:24.432,100.0,108.0,48.0,63.6381,70.6773,-30.9017,22.4,3,0.75,-24.82,469.11,-19.07,470.15
2026-08-08 16:06:24.688,100.0,108.0,48.0,63.6381,70.6773,-30.9017,22.4,4,1.0,-24.82,469.11,-19.07,470.15
2026-08-08 16:06:24.927,100.0,108.0,48.0,63.6381,70.6773,-30.9017,22.4,5,1.25,-24.81,469.13,-19.06,470.17
2026-08-08 16:06:28.558,100.0,108.0,42.0,70.6773,63.6381,-30.9017,23.4,1,0.25,-24.67,468.45,-18.89,469.47
2026-08-08 16:06:28.814,100.0,108.0,42.0,70.6773,63.6381,-30.9017,23.4,2,0.5,-24.67,468.45,-18.89,469.47
2026-08-08 16:06:29.054,100.0,108.0,42.0,70.6773,63.6381,-30.9017,23.4,3,0.75,-24.67,468.45,-18.89,469.47
2026-08-08 16:06:29.309,100.0,108.0,42.0,70.6773,63.6381,-30.9017,23.4,4,1.0,-24.66,468.45,-18.9,469.47
2026-08-08 16:06:29.565,100.0,108.0,42.0,70.6773,63.6381,-30.9017,23.4,5,1.25,-24.66,468.45,-18.9,469.47
2026-08-08 16:06:33.180,100.0,108.0,36.0,76.9421,55.9017,-30.9017,23.1,1,0.25,-24.17,467.92,-18.66,468.91
2026-08-08 16:06:33.436,100.0,108.0,36.0,76.9421,55.9017,-30.9017,23.1,2,0.5,-24.16,467.92,-18.67,468.91
2026-08-08 16:06:33.691,100.0,108.0,36.0,76.9421,55.9017,-30.9017,23.1,3,0.75,-24.16,467.92,-18.67,468.91
2026-08-08 16:06:33.931,100.0,108.0,36.0,76.9421,55.9017,-30.9017,23.1,4,1.0,-24.16,467.9,-18.66,468.89
2026-08-08 16:06:34.187,100.0,108.0,36.0,76.9421,55.9017,-30.9017,23.1,5,1.25,-24.16,467.9,-18.66,468.89
2026-08-08 16:06:37.929,100.0,108.0,30.0,82.3639,47.5528,-30.9017,22.6,1,0.25,-23.7,467.5,-18.44,468.46
2026-08-08 16:06:38.185,100.0,108.0,30.0,82.3639,47.5528,-30.9017,22.6,2,0.5,-23.7,467.5,-18.44,468.46
2026-08-08 16:06:38.441,100.0,108.0,30.0,82.3639,47.5528,-30.9017,22.6,3,0.75,-23.71,467.46,-18.43,468.42
2026-08-08 16:06:38.681,100.0,108.0,30.0,82.3639,47.5528,-30.9017,22.6,4,1.0,-23.71,467.46,-18.43,468.42
2026-08-08 16:06:38.937,100.0,108.0,30.0,82.3639,47.5528,-30.9017,22.6,5,1.25,-23.71,467.46,-18.43,468.42
2026-08-08 16:06:42.679,100.0,108.0,24.0,86.8833,38.683,-30.9017,22.6,1,0.25,-23.35,467.0,-18.19,467.93
2026-08-08 16:06:42.935,100.0,108.0,24.0,86.8833,38.683,-30.9017,22.6,2,0.5,-23.35,467.0,-18.19,467.93
2026-08-08 16:06:43.191,100.0,108.0,24.0,86.8833,38.683,-30.9017,22.6,3,0.75,-23.35,467.07,-18.19,468.0
2026-08-08 16:06:43.431,100.0,108.0,24.0,86.8833,38.683,-30.9017,22.6,4,1.0,-23.35,467.07,-18.19,468.0
2026-08-08 16:06:43.687,100.0,108.0,24.0,86.8833,38.683,-30.9017,22.6,5,1.25,-23.35,467.02,-18.19,467.95
2026-08-08 16:06:47.557,100.0,108.0,18.0,90.4508,29.3893,-30.9017,22.9,1,0.25,-22.55,466.67,-17.95,467.55
2026-08-08 16:06:47.813,100.0,108.0,18.0,90.4508,29.3893,-30.9017,22.9,2,0.5,-22.54,466.67,-17.95,467.55
2026-08-08 16:06:48.053,100.0,108.0,18.0,90.4508,29.3893,-30.9017,22.9,3,0.75,-22.54,466.67,-17.95,467.55
2026-08-08 16:06:48.309,100.0,108.0,18.0,90.4508,29.3893,-30.9017,22.9,4,1.0,-22.54,466.67,-17.95,467.55
2026-08-08 16:06:48.565,100.0,108.0,18.0,90.4508,29.3893,-30.9017,22.9,5,1.25,-22.54,466.65,-17.96,467.53
2026-08-08 16:06:52.435,100.0,108.0,12.0,93.0274,19.7736,-30.9017,21.4,1,0.25,-22.31,466.44,-17.69,467.3
2026-08-08 16:06:52.691,100.0,108.0,12.0,93.0274,19.7736,-30.9017,21.4,2,0.5,-22.31,466.47,-17.7,467.33
2026-08-08 16:06:52.931,100.0,108.0,12.0,93.0274,19.7736,-30.9017,21.4,3,0.75,-22.31,466.47,-17.7,467.33
2026-08-08 16:06:53.187,100.0,108.0,12.0,93.0274,19.7736,-30.9017,21.4,4,1.0,-22.3,466.47,-17.7,467.33
2026-08-08 16:06:53.427,100.0,108.0,12.0,93.0274,19.7736,-30.9017,21.4,5,1.25,-22.3,466.47,-17.7,467.33
2026-08-08 16:06:57.313,100.0,108.0,6.0,94.5847,9.9412,-30.9017,22.2,1,0.25,-21.56,466.2,-17.28,467.01
2026-08-08 16:06:57.553,100.0,108.0,6.0,94.5847,9.9412,-30.9017,22.2,2,0.5,-21.56,466.2,-17.28,467.01
2026-08-08 16:06:57.809,100.0,108.0,6.0,94.5847,9.9412,-30.9017,22.2,3,0.75,-21.56,466.2,-17.29,467.01
2026-08-08 16:06:58.064,100.0,108.0,6.0,94.5847,9.9412,-30.9017,22.2,4,1.0,-21.56,466.2,-17.29,467.01
2026-08-08 16:06:58.304,100.0,108.0,6.0,94.5847,9.9412,-30.9017,22.2,5,1.25,-21.56,466.2,-17.28,467.01
2026-08-08 16:07:02.191,100.0,108.0,0.0,95.1057,0.0,-30.9017,24.3,1,0.25,-20.93,465.97,-16.77,466.74
2026-08-08 16:07:02.431,100.0,108.0,0.0,95.1057,0.0,-30.9017,24.3,2,0.5,-20.93,466.0,-16.78,466.77
2026-08-08 16:07:02.686,100.0,108.0,0.0,95.1057,0.0,-30.9017,24.3,3,0.75,-20.93,466.0,-16.78,466.77
2026-08-08 16:07:02.926,100.0,108.0,0.0,95.1057,0.0,-30.9017,24.3,4,1.0,-20.94,466.04,-16.77,466.81
2026-08-08 16:07:03.182,100.0,108.0,0.0,95.1057,0.0,-30.9017,24.3,5,1.25,-20.94,466.04,-16.77,466.81
2026-08-08 16:07:06.813,100.0,114.0,0.0,91.3545,0.0,-40.6737,22.0,1,0.25,-21.01,466.5,-16.6,467.26
2026-08-08 16:07:07.053,100.0,114.0,0.0,91.3545,0.0,-40.6737,22.0,2,0.5,-21.02,466.5,-16.6,467.26
2026-08-08 16:07:07.308,100.0,114.0,0.0,91.3545,0.0,-40.6737,22.0,3,0.75,-21.02,466.5,-16.6,467.26
2026-08-08 16:07:07.564,100.0,114.0,0.0,91.3545,0.0,-40.6737,22.0,4,1.0,-21.02,466.5,-16.6,467.26
2026-08-08 16:07:07.804,100.0,114.0,0.0,91.3545,0.0,-40.6737,22.0,5,1.25,-21.01,466.55,-16.59,467.31
2026-08-08 16:07:11.690,100.0,114.0,6.0,90.8541,9.5492,-40.6737,22.5,1,0.25,-21.44,466.68,-17.12,467.48
2026-08-08 16:07:11.930,100.0,114.0,6.0,90.8541,9.5492,-40.6737,22.5,2,0.5,-21.43,466.72,-17.11,467.52
2026-08-08 16:07:12.186,100.0,114.0,6.0,90.8541,9.5492,-40.6737,22.5,3,0.75,-21.43,466.72,-17.11,467.52
2026-08-08 16:07:12.426,100.0,114.0,6.0,90.8541,9.5492,-40.6737,22.5,4,1.0,-21.4,466.68,-17.11,467.48
2026-08-08 16:07:12.682,100.0,114.0,6.0,90.8541,9.5492,-40.6737,22.5,5,1.25,-21.4,466.68,-17.11,467.48
2026-08-08 16:07:16.552,100.0,114.0,12.0,89.3582,18.9937,-40.6737,22.7,1,0.25,-21.95,466.9,-17.44,467.74
2026-08-08 16:07:16.808,100.0,114.0,12.0,89.3582,18.9937,-40.6737,22.7,2,0.5,-21.95,466.9,-17.44,467.74
2026-08-08 16:07:17.064,100.0,114.0,12.0,89.3582,18.9937,-40.6737,22.7,3,0.75,-21.96,466.87,-17.42,467.71
2026-08-08 16:07:17.304,100.0,114.0,12.0,89.3582,18.9937,-40.6737,22.7,4,1.0,-21.96,466.87,-17.42,467.71
2026-08-08 16:07:17.560,100.0,114.0,12.0,89.3582,18.9937,-40.6737,22.7,5,1.25,-21.95,466.89,-17.42,467.73
2026-08-08 16:07:21.430,100.0,114.0,18.0,86.8833,28.2301,-40.6737,22.3,1,0.25,-22.7,467.22,-17.83,468.11
2026-08-08 16:07:21.686,100.0,114.0,18.0,86.8833,28.2301,-40.6737,22.3,2,0.5,-22.7,467.19,-17.83,468.08
2026-08-08 16:07:21.926,100.0,114.0,18.0,86.8833,28.2301,-40.6737,22.3,3,0.75,-22.7,467.19,-17.83,468.08
2026-08-08 16:07:22.182,100.0,114.0,18.0,86.8833,28.2301,-40.6737,22.3,4,1.0,-22.7,467.19,-17.82,468.08
2026-08-08 16:07:22.438,100.0,114.0,18.0,86.8833,28.2301,-40.6737,22.3,5,1.25,-22.7,467.19,-17.82,468.08
2026-08-08 16:07:26.180,100.0,114.0,24.0,83.4565,37.1572,-40.6737,23.1,1,0.25,-23.06,467.61,-18.16,468.53
2026-08-08 16:07:26.436,100.0,114.0,24.0,83.4565,37.1572,-40.6737,23.1,2,0.5,-23.06,467.59,-18.14,468.5
2026-08-08 16:07:26.676,100.0,114.0,24.0,83.4565,37.1572,-40.6737,23.1,3,0.75,-23.06,467.59,-18.14,468.5
2026-08-08 16:07:26.932,100.0,114.0,24.0,83.4565,37.1572,-40.6737,23.1,4,1.0,-23.05,467.58,-18.14,468.49
2026-08-08 16:07:27.188,100.0,114.0,24.0,83.4565,37.1572,-40.6737,23.1,5,1.25,-23.05,467.58,-18.14,468.49
2026-08-08 16:07:30.930,100.0,114.0,30.0,79.1154,45.6773,-40.6737,21.8,1,0.25,-23.42,468.01,-18.46,468.95
2026-08-08 16:07:31.186,100.0,114.0,30.0,79.1154,45.6773,-40.6737,21.8,2,0.5,-23.42,467.96,-18.45,468.9
2026-08-08 16:07:31.426,100.0,114.0,30.0,79.1154,45.6773,-40.6737,21.8,3,0.75,-23.42,467.96,-18.45,468.9
2026-08-08 16:07:31.682,100.0,114.0,30.0,79.1154,45.6773,-40.6737,21.8,4,1.0,-23.42,467.94,-18.46,468.88
2026-08-08 16:07:31.937,100.0,114.0,30.0,79.1154,45.6773,-40.6737,21.8,5,1.25,-23.42,467.94,-18.46,468.88
2026-08-08 16:07:37.548,100.0,114.0,36.0,73.9074,53.6969,-40.6737,22.4,1,1.5,-23.72,468.38,-18.53,469.34
2026-08-08 16:07:37.679,100.0,114.0,36.0,73.9074,53.6969,-40.6737,22.4,2,1.75,-23.72,468.38,-18.53,469.34
2026-08-08 16:07:37.935,100.0,114.0,36.0,73.9074,53.6969,-40.6737,22.4,3,2.0,-23.71,468.34,-18.51,469.3
2026-08-08 16:07:38.191,100.0,114.0,36.0,73.9074,53.6969,-40.6737,22.4,4,2.25,-23.71,468.34,-18.51,469.3
2026-08-08 16:07:38.431,100.0,114.0,36.0,73.9074,53.6969,-40.6737,22.4,5,2.5,-23.72,468.36,-18.51,469.32
2026-08-08 16:07:42.061,100.0,114.0,42.0,67.8897,61.1281,-40.6737,22.1,1,0.25,-24.32,468.9,-18.75,469.9
2026-08-08 16:07:42.301,100.0,114.0,42.0,67.8897,61.1281,-40.6737,22.1,2,0.5,-24.31,468.87,-18.74,469.87
2026-08-08 16:07:44.812,100.0,114.0,42.0,67.8897,61.1281,-40.6737,22.1,3,0.75,-24.31,468.87,-18.74,469.87
2026-08-08 16:07:45.052,100.0,114.0,42.0,67.8897,61.1281,-40.6737,22.1,4,1.0,-24.31,468.93,-18.76,469.93
2026-08-08 16:07:47.562,100.0,114.0,42.0,67.8897,61.1281,-40.6737,22.1,5,1.25,-24.31,468.93,-18.76,469.93
2026-08-08 16:07:53.048,100.0,114.0,48.0,61.1281,67.8897,-40.6737,23.1,1,1.5,-24.47,469.49,-18.91,470.5
2026-08-08 16:07:53.176,100.0,114.0,48.0,61.1281,67.8897,-40.6737,23.1,2,1.75,-24.47,469.49,-18.91,470.5
2026-08-08 16:07:53.432,100.0,114.0,48.0,61.1281,67.8897,-40.6737,23.1,3,2.0,-24.48,469.49,-18.89,470.5
2026-08-08 16:07:53.688,100.0,114.0,48.0,61.1281,67.8897,-40.6737,23.1,4,2.25,-24.48,469.49,-18.89,470.5
2026-08-08 16:07:53.928,100.0,114.0,48.0,61.1281,67.8897,-40.6737,23.1,5,2.5,-24.45,469.49,-18.9,470.5
2026-08-08 16:07:57.558,100.0,114.0,54.0,53.6969,73.9074,-40.6737,23.8,1,0.25,-24.69,470.21,-19.06,471.24
2026-08-08 16:07:57.814,100.0,114.0,54.0,53.6969,73.9074,-40.6737,23.8,2,0.5,-24.69,470.21,-19.06,471.24
2026-08-08 16:07:58.054,100.0,114.0,54.0,53.6969,73.9074,-40.6737,23.8,3,0.75,-24.68,470.19,-19.07,471.22
2026-08-08 16:07:58.310,100.0,114.0,54.0,53.6969,73.9074,-40.6737,23.8,4,1.0,-24.68,470.19,-19.07,471.22
2026-08-08 16:07:58.566,100.0,114.0,54.0,53.6969,73.9074,-40.6737,23.8,5,1.25,-24.7,470.26,-19.07,471.29
2026-08-08 16:08:02.308,100.0,114.0,60.0,45.6773,79.1154,-40.6737,22.9,1,0.25,-24.93,471.04,-19.11,472.08
2026-08-08 16:08:02.564,100.0,114.0,60.0,45.6773,79.1154,-40.6737,22.9,2,0.5,-24.93,471.04,-19.11,472.08
2026-08-08 16:08:02.804,100.0,114.0,60.0,45.6773,79.1154,-40.6737,22.9,3,0.75,-24.93,471.04,-19.09,472.08
2026-08-08 16:08:03.060,100.0,114.0,60.0,45.6773,79.1154,-40.6737,22.9,4,1.0,-24.93,471.04,-19.09,472.08
2026-08-08 16:08:03.315,100.0,114.0,60.0,45.6773,79.1154,-40.6737,22.9,5,1.25,-24.95,471.03,-19.08,472.07
2026-08-08 16:08:07.058,100.0,114.0,66.0,37.1572,83.4565,-40.6737,22.4,1,0.25,-24.65,471.77,-19.08,472.79
2026-08-08 16:08:07.314,100.0,114.0,66.0,37.1572,83.4565,-40.6737,22.4,2,0.5,-24.65,471.77,-19.08,472.79
2026-08-08 16:08:07.554,100.0,114.0,66.0,37.1572,83.4565,-40.6737,22.4,3,0.75,-24.63,471.8,-19.09,472.82
2026-08-08 16:08:07.809,100.0,114.0,66.0,37.1572,83.4565,-40.6737,22.4,4,1.0,-24.63,471.8,-19.09,472.82
2026-08-08 16:08:08.065,100.0,114.0,66.0,37.1572,83.4565,-40.6737,22.4,5,1.25,-24.64,471.79,-19.1,472.81
2026-08-08 16:08:11.808,100.0,114.0,72.0,28.2301,86.8833,-40.6737,23.2,1,0.25,-24.04,472.45,-18.96,473.44
2026-08-08 16:08:12.064,100.0,114.0,72.0,28.2301,86.8833,-40.6737,23.2,2,0.5,-24.05,472.44,-18.95,473.43
2026-08-08 16:08:12.303,100.0,114.0,72.0,28.2301,86.8833,-40.6737,23.2,3,0.75,-24.05,472.44,-18.95,473.43
2026-08-08 16:08:12.559,100.0,114.0,72.0,28.2301,86.8833,-40.6737,23.2,4,1.0,-24.04,472.49,-18.96,473.48
2026-08-08 16:08:12.815,100.0,114.0,72.0,28.2301,86.8833,-40.6737,23.2,5,1.25,-24.04,472.49,-18.96,473.48
2026-08-08 16:08:18.548,100.0,114.0,78.0,18.9937,89.3582,-40.6737,23.0,1,1.5,-23.36,473.02,-18.84,473.97
2026-08-08 16:08:18.684,100.0,114.0,78.0,18.9937,89.3582,-40.6737,23.0,2,1.75,-23.36,473.02,-18.84,473.97
2026-08-08 16:08:18.940,100.0,114.0,78.0,18.9937,89.3582,-40.6737,23.0,3,2.0,-23.35,473.02,-18.85,473.97
2026-08-08 16:08:19.180,100.0,114.0,78.0,18.9937,89.3582,-40.6737,23.0,4,2.25,-23.35,473.02,-18.85,473.97
2026-08-08 16:08:19.436,100.0,114.0,78.0,18.9937,89.3582,-40.6737,23.0,5,2.5,-23.35,473.0,-18.83,473.95
2026-08-08 16:08:23.306,100.0,114.0,84.0,9.5492,90.8541,-40.6737,23.8,1,0.25,-22.44,473.19,-18.62,474.08
2026-08-08 16:08:23.562,100.0,114.0,84.0,9.5492,90.8541,-40.6737,23.8,2,0.5,-22.43,473.12,-18.61,474.01
2026-08-08 16:08:23.802,100.0,114.0,84.0,9.5492,90.8541,-40.6737,23.8,3,0.75,-22.43,473.12,-18.61,474.01
2026-08-08 16:08:24.058,100.0,114.0,84.0,9.5492,90.8541,-40.6737,23.8,4,1.0,-22.46,473.13,-18.62,474.02
2026-08-08 16:08:24.314,100.0,114.0,84.0,9.5492,90.8541,-40.6737,23.8,5,1.25,-22.46,473.13,-18.62,474.02
2026-08-08 16:08:28.184,100.0,114.0,90.0,0.0,91.3545,-40.6737,22.9,1,0.25,-21.4,472.99,-18.32,473.82
2026-08-08 16:08:28.440,100.0,114.0,90.0,0.0,91.3545,-40.6737,22.9,2,0.5,-21.4,472.99,-18.32,473.82
2026-08-08 16:08:28.680,100.0,114.0,90.0,0.0,91.3545,-40.6737,22.9,3,0.75,-21.4,473.02,-18.33,473.85
2026-08-08 16:08:28.936,100.0,114.0,90.0,0.0,91.3545,-40.6737,22.9,4,1.0,-21.4,473.02,-18.33,473.85
2026-08-08 16:08:29.176,100.0,114.0,90.0,0.0,91.3545,-40.6737,22.9,5,1.25,-21.4,473.02,-18.33,473.85
2026-08-08 16:08:33.062,100.0,114.0,96.0,-9.5492,90.8541,-40.6737,22.6,1,0.25,-20.64,472.58,-18.09,473.37
2026-08-08 16:08:33.302,100.0,114.0,96.0,-9.5492,90.8541,-40.6737,22.6,2,0.5,-20.64,472.58,-18.09,473.37
2026-08-08 16:08:33.558,100.0,114.0,96.0,-9.5492,90.8541,-40.6737,22.6,3,0.75,-20.63,472.58,-18.08,473.37
2026-08-08 16:08:33.814,100.0,114.0,96.0,-9.5492,90.8541,-40.6737,22.6,4,1.0,-20.63,472.58,-18.08,473.37
2026-08-08 16:08:34.054,100.0,114.0,96.0,-9.5492,90.8541,-40.6737,22.6,5,1.25,-20.62,472.58,-18.09,473.37
2026-08-08 16:08:37.940,100.0,114.0,102.0,-18.9937,89.3582,-40.6737,,1,0.25,-19.91,471.98,-17.95,472.74
2026-08-08 16:08:38.180,100.0,114.0,102.0,-18.9937,89.3582,-40.6737,,2,0.5,-19.9,472.0,-17.96,472.76
2026-08-08 16:08:38.436,100.0,114.0,102.0,-18.9937,89.3582,-40.6737,,3,0.75,-19.9,472.0,-17.96,472.76
2026-08-08 16:08:38.675,100.0,114.0,102.0,-18.9937,89.3582,-40.6737,,4,1.0,-19.9,471.98,-17.96,472.74
2026-08-08 16:08:38.931,100.0,114.0,102.0,-18.9937,89.3582,-40.6737,,5,1.25,-19.9,471.98,-17.96,472.74
2026-08-08 16:08:42.802,100.0,114.0,108.0,-28.2301,86.8833,-40.6737,21.3,1,0.25,-19.34,471.45,-17.7,472.17
2026-08-08 16:08:43.058,100.0,114.0,108.0,-28.2301,86.8833,-40.6737,21.3,2,0.5,-19.34,471.45,-17.7,472.17
2026-08-08 16:08:43.313,100.0,114.0,108.0,-28.2301,86.8833,-40.6737,21.3,3,0.75,-19.32,471.49,-17.7,472.21
2026-08-08 16:08:43.553,100.0,114.0,108.0,-28.2301,86.8833,-40.6737,21.3,4,1.0,-19.32,471.49,-17.7,472.21
2026-08-08 16:08:43.809,100.0,114.0,108.0,-28.2301,86.8833,-40.6737,21.3,5,1.25,-19.34,471.5,-17.69,472.22
2026-08-08 16:08:47.551,100.0,114.0,114.0,-37.1572,83.4565,-40.6737,22.7,1,0.25,-18.88,470.93,-17.61,471.63
2026-08-08 16:08:50.062,100.0,114.0,114.0,-37.1572,83.4565,-40.6737,22.7,2,0.5,-18.88,470.93,-17.61,471.63
2026-08-08 16:08:50.302,100.0,114.0,114.0,-37.1572,83.4565,-40.6737,22.7,3,0.75,-18.88,470.93,-17.61,471.63
2026-08-08 16:08:50.558,100.0,114.0,114.0,-37.1572,83.4565,-40.6737,22.7,4,1.0,-18.88,470.97,-17.61,471.67
2026-08-08 16:08:50.814,100.0,114.0,114.0,-37.1572,83.4565,-40.6737,22.7,5,1.25,-18.88,470.97,-17.61,471.67
2026-08-08 16:08:54.556,100.0,114.0,120.0,-45.6773,79.1154,-40.6737,20.9,1,0.25,-18.94,470.43,-17.51,471.13
2026-08-08 16:08:54.812,100.0,114.0,120.0,-45.6773,79.1154,-40.6737,20.9,2,0.5,-18.93,470.44,-17.51,471.14
2026-08-08 16:08:55.052,100.0,114.0,120.0,-45.6773,79.1154,-40.6737,20.9,3,0.75,-18.93,470.44,-17.51,471.14
2026-08-08 16:08:55.308,100.0,114.0,120.0,-45.6773,79.1154,-40.6737,20.9,4,1.0,-18.93,470.43,-17.51,471.13
2026-08-08 16:08:55.564,100.0,114.0,120.0,-45.6773,79.1154,-40.6737,20.9,5,1.25,-18.93,470.43,-17.51,471.13
2026-08-08 16:08:59.306,100.0,114.0,126.0,-53.6969,73.9074,-40.6737,21.8,1,0.25,-18.75,470.11,-17.24,470.79
2026-08-08 16:08:59.562,100.0,114.0,126.0,-53.6969,73.9074,-40.6737,21.8,2,0.5,-18.75,470.13,-17.25,470.81
2026-08-08 16:08:59.802,100.0,114.0,126.0,-53.6969,73.9074,-40.6737,21.8,3,0.75,-18.75,470.13,-17.25,470.81
2026-08-08 16:09:00.058,100.0,114.0,126.0,-53.6969,73.9074,-40.6737,21.8,4,1.0,-18.73,470.16,-17.26,470.84
2026-08-08 16:09:00.314,100.0,114.0,126.0,-53.6969,73.9074,-40.6737,21.8,5,1.25,-18.73,470.16,-17.26,470.84
2026-08-08 16:09:03.928,100.0,114.0,132.0,-61.1281,67.8897,-40.6737,22.0,1,0.25,-18.48,469.76,-16.94,470.42
2026-08-08 16:09:04.184,100.0,114.0,132.0,-61.1281,67.8897,-40.6737,22.0,2,0.5,-18.47,469.77,-16.95,470.43
2026-08-08 16:09:04.440,100.0,114.0,132.0,-61.1281,67.8897,-40.6737,22.0,3,0.75,-18.47,469.77,-16.95,470.43
2026-08-08 16:09:04.680,100.0,114.0,132.0,-61.1281,67.8897,-40.6737,22.0,4,1.0,-18.47,469.78,-16.94,470.44
2026-08-08 16:09:04.936,100.0,114.0,132.0,-61.1281,67.8897,-40.6737,22.0,5,1.25,-18.47,469.78,-16.94,470.44
2026-08-08 16:09:08.438,100.0,114.0,138.0,-67.8897,61.1281,-40.6737,24.4,1,0.25,-18.22,469.38,-16.62,470.02
2026-08-08 16:09:08.678,100.0,114.0,138.0,-67.8897,61.1281,-40.6737,24.4,2,0.5,-18.22,469.38,-16.62,470.02
2026-08-08 16:09:08.934,100.0,114.0,138.0,-67.8897,61.1281,-40.6737,24.4,3,0.75,-18.22,469.36,-16.61,470.0
2026-08-08 16:09:09.190,100.0,114.0,138.0,-67.8897,61.1281,-40.6737,24.4,4,1.0,-18.22,469.36,-16.61,470.0
2026-08-08 16:09:09.430,100.0,114.0,138.0,-67.8897,61.1281,-40.6737,24.4,5,1.25,-18.23,469.37,-16.61,470.01
2026-08-08 16:09:13.060,100.0,114.0,144.0,-73.9074,53.6969,-40.6737,21.7,1,0.25,-18.25,468.87,-16.16,469.5
2026-08-08 16:09:13.300,100.0,114.0,144.0,-73.9074,53.6969,-40.6737,21.7,2,0.5,-18.24,469.0,-16.15,469.63
2026-08-08 16:09:15.811,100.0,114.0,144.0,-73.9074,53.6969,-40.6737,21.7,3,0.75,-18.24,469.0,-16.15,469.63
2026-08-08 16:09:16.051,100.0,114.0,144.0,-73.9074,53.6969,-40.6737,21.7,4,1.0,-18.24,468.98,-16.16,469.61
2026-08-08 16:09:18.561,100.0,114.0,144.0,-73.9074,53.6969,-40.6737,21.7,5,1.25,-18.24,468.98,-16.16,469.61
2026-08-08 16:09:22.304,100.0,114.0,150.0,-79.1154,45.6773,-40.6737,22.7,1,0.25,-18.47,468.52,-15.78,469.14
2026-08-08 16:09:22.560,100.0,114.0,150.0,-79.1154,45.6773,-40.6737,22.7,2,0.5,-18.47,468.52,-15.78,469.14
2026-08-08 16:09:22.816,100.0,114.0,150.0,-79.1154,45.6773,-40.6737,22.7,3,0.75,-18.47,468.53,-15.78,469.15
2026-08-08 16:09:23.056,100.0,114.0,150.0,-79.1154,45.6773,-40.6737,22.7,4,1.0,-18.47,468.53,-15.78,469.15
2026-08-08 16:09:23.312,100.0,114.0,150.0,-79.1154,45.6773,-40.6737,22.7,5,1.25,-18.46,468.49,-15.77,469.11
2026-08-08 16:09:27.054,100.0,114.0,156.0,-83.4565,37.1572,-40.6737,22.6,1,0.25,-18.8,467.98,-15.34,468.6
2026-08-08 16:09:27.310,100.0,114.0,156.0,-83.4565,37.1572,-40.6737,22.6,2,0.5,-18.8,467.98,-15.34,468.6
2026-08-08 16:09:27.566,100.0,114.0,156.0,-83.4565,37.1572,-40.6737,22.6,3,0.75,-18.78,468.0,-15.35,468.62
2026-08-08 16:09:27.805,100.0,114.0,156.0,-83.4565,37.1572,-40.6737,22.6,4,1.0,-18.78,468.0,-15.35,468.62
2026-08-08 16:09:28.061,100.0,114.0,156.0,-83.4565,37.1572,-40.6737,22.6,5,1.25,-18.79,467.99,-15.36,468.61
2026-08-08 16:09:31.804,100.0,114.0,162.0,-86.8833,28.2301,-40.6737,22.4,1,0.25,-19.06,467.44,-14.79,468.06
2026-08-08 16:09:32.060,100.0,114.0,162.0,-86.8833,28.2301,-40.6737,22.4,2,0.5,-19.06,467.44,-14.79,468.06
2026-08-08 16:09:32.315,100.0,114.0,162.0,-86.8833,28.2301,-40.6737,22.4,3,0.75,-19.06,467.45,-14.78,468.07
2026-08-08 16:09:32.555,100.0,114.0,162.0,-86.8833,28.2301,-40.6737,22.4,4,1.0,-19.06,467.45,-14.78,468.07
2026-08-08 16:09:32.811,100.0,114.0,162.0,-86.8833,28.2301,-40.6737,22.4,5,1.25,-19.06,467.48,-14.78,468.1
2026-08-08 16:09:36.553,100.0,114.0,168.0,-89.3582,18.9937,-40.6737,21.9,1,0.25,-19.5,467.03,-14.41,467.65
2026-08-08 16:09:36.809,100.0,114.0,168.0,-89.3582,18.9937,-40.6737,21.9,2,0.5,-19.5,467.02,-14.42,467.64
2026-08-08 16:09:37.065,100.0,114.0,168.0,-89.3582,18.9937,-40.6737,21.9,3,0.75,-19.5,467.02,-14.42,467.64
2026-08-08 16:09:37.305,100.0,114.0,168.0,-89.3582,18.9937,-40.6737,21.9,4,1.0,-19.5,467.02,-14.42,467.64
2026-08-08 16:09:37.561,100.0,114.0,168.0,-89.3582,18.9937,-40.6737,21.9,5,1.25,-19.49,467.03,-14.42,467.65
2026-08-08 16:09:41.431,100.0,114.0,174.0,-90.8541,9.5492,-40.6737,22.2,1,0.25,-20.15,466.64,-14.16,467.28
2026-08-08 16:09:41.687,100.0,114.0,174.0,-90.8541,9.5492,-40.6737,22.2,2,0.5,-20.17,466.63,-14.15,467.28
2026-08-08 16:09:41.927,100.0,114.0,174.0,-90.8541,9.5492,-40.6737,22.2,3,0.75,-20.17,466.63,-14.15,467.28
2026-08-08 16:09:42.183,100.0,114.0,174.0,-90.8541,9.5492,-40.6737,22.2,4,1.0,-20.17,466.65,-14.18,467.3
2026-08-08 16:09:42.439,100.0,114.0,174.0,-90.8541,9.5492,-40.6737,22.2,5,1.25,-20.17,466.65,-14.18,467.3
2026-08-08 16:09:46.309,100.0,114.0,180.0,-91.3545,0.0,-40.6737,22.3,1,0.25,-20.62,466.42,-13.74,467.07
2026-08-08 16:09:46.565,100.0,114.0,180.0,-91.3545,0.0,-40.6737,22.3,2,0.5,-20.62,466.42,-13.74,467.07
2026-08-08 16:09:46.805,100.0,114.0,180.0,-91.3545,0.0,-40.6737,22.3,3,0.75,-20.62,466.41,-13.76,467.06
2026-08-08 16:09:47.061,100.0,114.0,180.0,-91.3545,0.0,-40.6737,22.3,4,1.0,-20.62,466.41,-13.76,467.06
2026-08-08 16:09:47.301,100.0,114.0,180.0,-91.3545,0.0,-40.6737,22.3,5,1.25,-20.62,466.38,-13.77,467.03
2026-08-08 16:09:53.426,100.0,114.0,186.0,-90.8541,-9.5492,-40.6737,22.2,1,0.25,-21.52,466.37,-13.65,467.06
2026-08-08 16:09:53.682,100.0,114.0,186.0,-90.8541,-9.5492,-40.6737,22.2,2,0.5,-21.52,466.37,-13.65,467.06
2026-08-08 16:09:53.938,100.0,114.0,186.0,-90.8541,-9.5492,-40.6737,22.2,3,0.75,-21.52,466.37,-13.65,467.06
2026-08-08 16:09:54.178,100.0,114.0,186.0,-90.8541,-9.5492,-40.6737,22.2,4,1.0,-21.52,466.36,-13.63,467.05
2026-08-08 16:09:54.433,100.0,114.0,186.0,-90.8541,-9.5492,-40.6737,22.2,5,1.25,-21.52,466.36,-13.63,467.05
2026-08-08 16:09:58.304,100.0,114.0,192.0,-89.3582,-18.9937,-40.6737,22.4,1,0.25,-21.99,466.42,-13.64,467.13
2026-08-08 16:09:58.560,100.0,114.0,192.0,-89.3582,-18.9937,-40.6737,22.4,2,0.5,-21.99,466.42,-13.64,467.13
2026-08-08 16:09:58.815,100.0,114.0,192.0,-89.3582,-18.9937,-40.6737,22.4,3,0.75,-21.99,466.49,-13.63,467.2
2026-08-08 16:09:59.055,100.0,114.0,192.0,-89.3582,-18.9937,-40.6737,22.4,4,1.0,-21.99,466.49,-13.63,467.2
2026-08-08 16:09:59.311,100.0,114.0,192.0,-89.3582,-18.9937,-40.6737,22.4,5,1.25,-22.0,466.48,-13.63,467.19
2026-08-08 16:10:03.054,100.0,114.0,198.0,-86.8833,-28.2301,-40.6737,22.8,1,0.25,-22.73,466.65,-13.46,467.39
2026-08-08 16:10:03.309,100.0,114.0,198.0,-86.8833,-28.2301,-40.6737,22.8,2,0.5,-22.73,466.65,-13.46,467.39
2026-08-08 16:10:03.565,100.0,114.0,198.0,-86.8833,-28.2301,-40.6737,22.8,3,0.75,-22.74,466.59,-13.47,467.33
2026-08-08 16:10:03.805,100.0,114.0,198.0,-86.8833,-28.2301,-40.6737,22.8,4,1.0,-22.74,466.59,-13.47,467.33
2026-08-08 16:10:04.061,100.0,114.0,198.0,-86.8833,-28.2301,-40.6737,22.8,5,1.25,-22.74,466.62,-13.48,467.36
2026-08-08 16:10:07.803,100.0,114.0,204.0,-83.4565,-37.1572,-40.6737,23.4,1,0.25,-22.97,466.84,-13.34,467.59
2026-08-08 16:10:08.059,100.0,114.0,204.0,-83.4565,-37.1572,-40.6737,23.4,2,0.5,-22.97,466.81,-13.33,467.56
2026-08-08 16:10:08.315,100.0,114.0,204.0,-83.4565,-37.1572,-40.6737,23.4,3,0.75,-22.97,466.81,-13.33,467.56
2026-08-08 16:10:08.555,100.0,114.0,204.0,-83.4565,-37.1572,-40.6737,23.4,4,1.0,-22.97,466.82,-13.34,467.57
2026-08-08 16:10:08.811,100.0,114.0,204.0,-83.4565,-37.1572,-40.6737,23.4,5,1.25,-22.97,466.82,-13.34,467.57
2026-08-08 16:10:12.553,100.0,114.0,210.0,-79.1154,-45.6773,-40.6737,23.1,1,0.25,-23.16,467.01,-13.23,467.77
2026-08-08 16:10:12.809,100.0,114.0,210.0,-79.1154,-45.6773,-40.6737,23.1,2,0.5,-23.15,467.01,-13.25,467.77
2026-08-08 16:10:13.065,100.0,114.0,210.0,-79.1154,-45.6773,-40.6737,23.1,3,0.75,-23.15,467.01,-13.25,467.77
2026-08-08 16:10:13.305,100.0,114.0,210.0,-79.1154,-45.6773,-40.6737,23.1,4,1.0,-23.16,467.03,-13.26,467.79
2026-08-08 16:10:13.561,100.0,114.0,210.0,-79.1154,-45.6773,-40.6737,23.1,5,1.25,-23.16,467.03,-13.26,467.79
2026-08-08 16:10:17.303,100.0,114.0,216.0,-73.9074,-53.6969,-40.6737,22.2,1,0.25,-23.56,467.16,-13.28,467.94
2026-08-08 16:10:17.559,100.0,114.0,216.0,-73.9074,-53.6969,-40.6737,22.2,2,0.5,-23.56,467.14,-13.27,467.92
2026-08-08 16:10:17.815,100.0,114.0,216.0,-73.9074,-53.6969,-40.6737,22.2,3,0.75,-23.56,467.14,-13.27,467.92
2026-08-08 16:10:18.055,100.0,114.0,216.0,-73.9074,-53.6969,-40.6737,22.2,4,1.0,-23.57,467.11,-13.27,467.89
2026-08-08 16:10:18.311,100.0,114.0,216.0,-73.9074,-53.6969,-40.6737,22.2,5,1.25,-23.57,467.11,-13.27,467.89
2026-08-08 16:10:21.925,100.0,114.0,222.0,-67.8897,-61.1281,-40.6737,22.4,1,0.25,-23.89,467.29,-13.16,468.08
2026-08-08 16:10:22.181,100.0,114.0,222.0,-67.8897,-61.1281,-40.6737,22.4,2,0.5,-23.9,467.28,-13.17,468.07
2026-08-08 16:10:22.437,100.0,114.0,222.0,-67.8897,-61.1281,-40.6737,22.4,3,0.75,-23.9,467.28,-13.17,468.07
2026-08-08 16:10:22.677,100.0,114.0,222.0,-67.8897,-61.1281,-40.6737,22.4,4,1.0,-23.91,467.24,-13.17,468.03
2026-08-08 16:10:22.933,100.0,114.0,222.0,-67.8897,-61.1281,-40.6737,22.4,5,1.25,-23.91,467.24,-13.17,468.03
2026-08-08 16:10:26.563,100.0,114.0,228.0,-61.1281,-67.8897,-40.6737,23.0,1,0.25,-24.15,467.45,-13.24,468.26
2026-08-08 16:10:26.803,100.0,114.0,228.0,-61.1281,-67.8897,-40.6737,23.0,2,0.5,-24.13,467.52,-13.25,468.32
2026-08-08 16:10:27.059,100.0,114.0,228.0,-61.1281,-67.8897,-40.6737,23.0,3,0.75,-24.13,467.52,-13.25,468.32
2026-08-08 16:10:27.315,100.0,114.0,228.0,-61.1281,-67.8897,-40.6737,23.0,4,1.0,-24.14,467.48,-13.25,468.29
2026-08-08 16:10:27.555,100.0,114.0,228.0,-61.1281,-67.8897,-40.6737,23.0,5,1.25,-24.14,467.48,-13.25,468.29
2026-08-08 16:10:31.185,100.0,114.0,234.0,-53.6969,-73.9074,-40.6737,,1,0.25,-24.27,467.77,-13.09,468.58
2026-08-08 16:10:31.425,100.0,114.0,234.0,-53.6969,-73.9074,-40.6737,,2,0.5,-24.27,467.79,-13.1,468.6
2026-08-08 16:10:31.681,100.0,114.0,234.0,-53.6969,-73.9074,-40.6737,,3,0.75,-24.27,467.79,-13.1,468.6
2026-08-08 16:10:31.937,100.0,114.0,234.0,-53.6969,-73.9074,-40.6737,,4,1.0,-24.27,467.79,-13.1,468.6
2026-08-08 16:10:32.177,100.0,114.0,234.0,-53.6969,-73.9074,-40.6737,,5,1.25,-24.27,467.79,-13.1,468.6
2026-08-08 16:10:35.935,100.0,114.0,240.0,-45.6773,-79.1154,-40.6737,22.6,1,0.25,-24.3,468.14,-13.03,468.95
2026-08-08 16:10:36.175,100.0,114.0,240.0,-45.6773,-79.1154,-40.6737,22.6,2,0.5,-24.29,468.14,-13.04,468.95
2026-08-08 16:10:36.431,100.0,114.0,240.0,-45.6773,-79.1154,-40.6737,22.6,3,0.75,-24.29,468.14,-13.04,468.95
2026-08-08 16:10:36.687,100.0,114.0,240.0,-45.6773,-79.1154,-40.6737,22.6,4,1.0,-24.3,468.17,-13.04,468.98
2026-08-08 16:10:36.926,100.0,114.0,240.0,-45.6773,-79.1154,-40.6737,22.6,5,1.25,-24.3,468.17,-13.04,468.98
2026-08-08 16:10:40.685,100.0,114.0,246.0,-37.1572,-83.4565,-40.6737,22.4,1,0.25,-24.29,468.55,-13.0,469.35
2026-08-08 16:10:40.925,100.0,114.0,246.0,-37.1572,-83.4565,-40.6737,22.4,2,0.5,-24.28,468.56,-13.01,469.36
2026-08-08 16:10:41.180,100.0,114.0,246.0,-37.1572,-83.4565,-40.6737,22.4,3,0.75,-24.28,468.56,-13.01,469.36
2026-08-08 16:10:41.436,100.0,114.0,246.0,-37.1572,-83.4565,-40.6737,22.4,4,1.0,-24.3,468.56,-13.0,469.36
2026-08-08 16:10:41.676,100.0,114.0,246.0,-37.1572,-83.4565,-40.6737,22.4,5,1.25,-24.3,468.56,-13.0,469.36
2026-08-08 16:10:45.435,100.0,114.0,252.0,-28.2301,-86.8833,-40.6737,22.9,1,0.25,-23.88,468.96,-12.81,469.74
2026-08-08 16:10:45.675,100.0,114.0,252.0,-28.2301,-86.8833,-40.6737,22.9,2,0.5,-23.89,468.97,-12.82,469.75
2026-08-08 16:10:45.930,100.0,114.0,252.0,-28.2301,-86.8833,-40.6737,22.9,3,0.75,-23.89,468.97,-12.82,469.75
2026-08-08 16:10:46.186,100.0,114.0,252.0,-28.2301,-86.8833,-40.6737,22.9,4,1.0,-23.89,468.95,-12.8,469.73
2026-08-08 16:10:46.426,100.0,114.0,252.0,-28.2301,-86.8833,-40.6737,22.9,5,1.25,-23.89,468.95,-12.8,469.73
2026-08-08 16:10:50.312,100.0,114.0,258.0,-18.9937,-89.3582,-40.6737,22.8,1,0.25,-23.47,469.34,-12.78,470.1
2026-08-08 16:10:50.552,100.0,114.0,258.0,-18.9937,-89.3582,-40.6737,22.8,2,0.5,-23.47,469.34,-12.78,470.1
2026-08-08 16:10:50.808,100.0,114.0,258.0,-18.9937,-89.3582,-40.6737,22.8,3,0.75,-23.47,469.38,-12.76,470.13
2026-08-08 16:10:51.064,100.0,114.0,258.0,-18.9937,-89.3582,-40.6737,22.8,4,1.0,-23.47,469.38,-12.76,470.13
2026-08-08 16:10:51.304,100.0,114.0,258.0,-18.9937,-89.3582,-40.6737,22.8,5,1.25,-23.47,469.39,-12.77,470.14
2026-08-08 16:10:55.174,100.0,114.0,264.0,-9.5492,-90.8541,-40.6737,21.9,1,0.25,-22.73,469.73,-12.73,470.45
2026-08-08 16:10:55.430,100.0,114.0,264.0,-9.5492,-90.8541,-40.6737,21.9,2,0.5,-22.72,469.72,-12.73,470.44
2026-08-08 16:10:55.686,100.0,114.0,264.0,-9.5492,-90.8541,-40.6737,21.9,3,0.75,-22.72,469.72,-12.73,470.44
2026-08-08 16:10:55.926,100.0,114.0,264.0,-9.5492,-90.8541,-40.6737,21.9,4,1.0,-22.73,469.73,-12.72,470.45
2026-08-08 16:10:56.182,100.0,114.0,264.0,-9.5492,-90.8541,-40.6737,21.9,5,1.25,-22.73,469.73,-12.72,470.45
2026-08-08 16:11:00.052,100.0,114.0,270.0,-0.0,-91.3545,-40.6737,22.4,1,0.25,-22.12,470.04,-12.68,470.73
2026-08-08 16:11:00.308,100.0,114.0,270.0,-0.0,-91.3545,-40.6737,22.4,2,0.5,-22.12,470.04,-12.68,470.73
2026-08-08 16:11:00.564,100.0,114.0,270.0,-0.0,-91.3545,-40.6737,22.4,3,0.75,-22.1,470.0,-12.7,470.69
2026-08-08 16:11:00.804,100.0,114.0,270.0,-0.0,-91.3545,-40.6737,22.4,4,1.0,-22.1,470.0,-12.7,470.69
2026-08-08 16:11:01.060,100.0,114.0,270.0,-0.0,-91.3545,-40.6737,22.4,5,1.25,-22.1,470.0,-12.7,470.69
2026-08-08 16:11:04.930,100.0,114.0,276.0,9.5492,-90.8541,-40.6737,22.2,1,0.25,-21.31,470.1,-12.61,470.75
2026-08-08 16:11:05.186,100.0,114.0,276.0,9.5492,-90.8541,-40.6737,22.2,2,0.5,-21.31,470.1,-12.61,470.75
2026-08-08 16:11:05.426,100.0,114.0,276.0,9.5492,-90.8541,-40.6737,22.2,3,0.75,-21.3,470.11,-12.59,470.76
2026-08-08 16:11:05.682,100.0,114.0,276.0,9.5492,-90.8541,-40.6737,22.2,4,1.0,-21.3,470.11,-12.59,470.76
2026-08-08 16:11:05.937,100.0,114.0,276.0,9.5492,-90.8541,-40.6737,22.2,5,1.25,-21.3,470.05,-12.6,470.7
2026-08-08 16:11:09.808,100.0,114.0,282.0,18.9937,-89.3582,-40.6737,22.6,1,0.25,-20.52,470.12,-12.51,470.73
2026-08-08 16:11:10.064,100.0,114.0,282.0,18.9937,-89.3582,-40.6737,22.6,2,0.5,-20.52,470.09,-12.53,470.7
2026-08-08 16:11:10.304,100.0,114.0,282.0,18.9937,-89.3582,-40.6737,22.6,3,0.75,-20.52,470.09,-12.53,470.7
2026-08-08 16:11:10.559,100.0,114.0,282.0,18.9937,-89.3582,-40.6737,22.6,4,1.0,-20.53,470.1,-12.52,470.71
2026-08-08 16:11:10.799,100.0,114.0,282.0,18.9937,-89.3582,-40.6737,22.6,5,1.25,-20.53,470.1,-12.51,470.71
2026-08-08 16:11:16.924,100.0,114.0,288.0,28.2301,-86.8833,-40.6737,22.8,1,0.25,-19.52,469.86,-12.48,470.43
2026-08-08 16:11:17.180,100.0,114.0,288.0,28.2301,-86.8833,-40.6737,22.8,2,0.5,-19.53,469.88,-12.47,470.45
2026-08-08 16:11:17.436,100.0,114.0,288.0,28.2301,-86.8833,-40.6737,22.8,3,0.75,-19.53,469.88,-12.47,470.45
2026-08-08 16:11:17.676,100.0,114.0,288.0,28.2301,-86.8833,-40.6737,22.8,4,1.0,-19.53,469.88,-12.47,470.45
2026-08-08 16:11:17.932,100.0,114.0,288.0,28.2301,-86.8833,-40.6737,22.8,5,1.25,-19.51,469.89,-12.47,470.46
2026-08-08 16:11:21.674,100.0,114.0,294.0,37.1572,-83.4565,-40.6737,,1,0.25,-18.89,469.51,-12.53,470.05
2026-08-08 16:11:21.930,100.0,114.0,294.0,37.1572,-83.4565,-40.6737,,2,0.5,-18.88,469.6,-12.53,470.14
2026-08-08 16:11:22.186,100.0,114.0,294.0,37.1572,-83.4565,-40.6737,,3,0.75,-18.88,469.6,-12.53,470.14
2026-08-08 16:11:22.426,100.0,114.0,294.0,37.1572,-83.4565,-40.6737,,4,1.0,-18.88,469.61,-12.52,470.15
2026-08-08 16:11:22.682,100.0,114.0,294.0,37.1572,-83.4565,-40.6737,,5,1.25,-18.88,469.61,-12.52,470.15
2026-08-08 16:11:26.424,100.0,114.0,300.0,45.6773,-79.1154,-40.6737,23.7,1,0.25,-18.23,469.09,-12.56,469.61
2026-08-08 16:11:26.680,100.0,114.0,300.0,45.6773,-79.1154,-40.6737,23.7,2,0.5,-18.23,469.13,-12.55,469.65
2026-08-08 16:11:26.936,100.0,114.0,300.0,45.6773,-79.1154,-40.6737,23.7,3,0.75,-18.23,469.13,-12.55,469.65
2026-08-08 16:11:27.176,100.0,114.0,300.0,45.6773,-79.1154,-40.6737,23.7,4,1.0,-18.23,469.14,-12.56,469.66
2026-08-08 16:11:27.432,100.0,114.0,300.0,45.6773,-79.1154,-40.6737,23.7,5,1.25,-18.23,469.14,-12.56,469.66
2026-08-08 16:11:31.174,100.0,114.0,306.0,53.6969,-73.9074,-40.6737,22.4,1,0.25,-17.87,468.55,-12.66,469.06
2026-08-08 16:11:31.430,100.0,114.0,306.0,53.6969,-73.9074,-40.6737,22.4,2,0.5,-17.88,468.54,-12.66,469.05
2026-08-08 16:11:31.686,100.0,114.0,306.0,53.6969,-73.9074,-40.6737,22.4,3,0.75,-17.88,468.54,-12.66,469.05
2026-08-08 16:11:31.926,100.0,114.0,306.0,53.6969,-73.9074,-40.6737,22.4,4,1.0,-17.87,468.56,-12.67,469.07
2026-08-08 16:11:32.182,100.0,114.0,306.0,53.6969,-73.9074,-40.6737,22.4,5,1.25,-17.87,468.56,-12.67,469.07
2026-08-08 16:11:35.812,100.0,114.0,312.0,61.1281,-67.8897,-40.6737,22.9,1,0.25,-17.67,468.15,-13.07,468.66
2026-08-08 16:11:36.052,100.0,114.0,312.0,61.1281,-67.8897,-40.6737,22.9,2,0.5,-17.69,468.13,-13.07,468.64
2026-08-08 16:11:36.308,100.0,114.0,312.0,61.1281,-67.8897,-40.6737,22.9,3,0.75,-17.69,468.13,-13.07,468.64
2026-08-08 16:11:36.564,100.0,114.0,312.0,61.1281,-67.8897,-40.6737,22.9,4,1.0,-17.69,468.13,-13.07,468.64
2026-08-08 16:11:36.804,100.0,114.0,312.0,61.1281,-67.8897,-40.6737,22.9,5,1.25,-17.69,468.13,-13.07,468.64
2026-08-08 16:11:40.434,100.0,114.0,318.0,67.8897,-61.1281,-40.6737,23.4,1,0.25,-17.71,467.6,-13.33,468.12
2026-08-08 16:11:40.674,100.0,114.0,318.0,67.8897,-61.1281,-40.6737,23.4,2,0.5,-17.71,467.61,-13.33,468.13
2026-08-08 16:11:40.930,100.0,114.0,318.0,67.8897,-61.1281,-40.6737,23.4,3,0.75,-17.71,467.61,-13.33,468.13
2026-08-08 16:11:41.186,100.0,114.0,318.0,67.8897,-61.1281,-40.6737,23.4,4,1.0,-17.7,467.6,-13.32,468.12
2026-08-08 16:11:41.426,100.0,114.0,318.0,67.8897,-61.1281,-40.6737,23.4,5,1.25,-17.7,467.6,-13.32,468.12
2026-08-08 16:11:45.056,100.0,114.0,324.0,73.9074,-53.6969,-40.6737,22.9,1,0.25,-17.76,467.09,-13.72,467.62
2026-08-08 16:11:45.312,100.0,114.0,324.0,73.9074,-53.6969,-40.6737,22.9,2,0.5,-17.75,467.09,-13.73,467.62
2026-08-08 16:11:45.552,100.0,114.0,324.0,73.9074,-53.6969,-40.6737,22.9,3,0.75,-17.75,467.09,-13.73,467.62
2026-08-08 16:11:45.808,100.0,114.0,324.0,73.9074,-53.6969,-40.6737,22.9,4,1.0,-17.75,467.11,-13.74,467.64
2026-08-08 16:11:46.063,100.0,114.0,324.0,73.9074,-53.6969,-40.6737,22.9,5,1.25,-17.75,467.11,-13.74,467.64
2026-08-08 16:11:49.806,100.0,114.0,330.0,79.1154,-45.6773,-40.6737,23.0,1,0.25,-18.1,466.73,-14.27,467.29
2026-08-08 16:11:50.062,100.0,114.0,330.0,79.1154,-45.6773,-40.6737,23.0,2,0.5,-18.1,466.74,-14.27,467.3
2026-08-08 16:11:50.302,100.0,114.0,330.0,79.1154,-45.6773,-40.6737,23.0,3,0.75,-18.1,466.74,-14.27,467.3
2026-08-08 16:11:50.557,100.0,114.0,330.0,79.1154,-45.6773,-40.6737,23.0,4,1.0,-18.09,466.77,-14.28,467.33
2026-08-08 16:11:50.813,100.0,114.0,330.0,79.1154,-45.6773,-40.6737,23.0,5,1.25,-18.09,466.77,-14.28,467.33
2026-08-08 16:11:54.556,100.0,114.0,336.0,83.4565,-37.1572,-40.6737,22.5,1,0.25,-18.77,466.52,-14.75,467.13
2026-08-08 16:11:54.812,100.0,114.0,336.0,83.4565,-37.1572,-40.6737,22.5,2,0.5,-18.77,466.5,-14.74,467.11
2026-08-08 16:11:55.051,100.0,114.0,336.0,83.4565,-37.1572,-40.6737,22.5,3,0.75,-18.77,466.5,-14.74,467.11
2026-08-08 16:11:55.307,100.0,114.0,336.0,83.4565,-37.1572,-40.6737,22.5,4,1.0,-18.77,466.5,-14.76,467.11
2026-08-08 16:11:55.563,100.0,114.0,336.0,83.4565,-37.1572,-40.6737,22.5,5,1.25,-18.77,466.5,-14.76,467.11
2026-08-08 16:11:59.305,100.0,114.0,342.0,86.8833,-28.2301,-40.6737,23.6,1,0.25,-19.17,466.42,-15.27,467.06
2026-08-08 16:11:59.561,100.0,114.0,342.0,86.8833,-28.2301,-40.6737,23.6,2,0.5,-19.17,466.4,-15.26,467.04
2026-08-08 16:11:59.801,100.0,114.0,342.0,86.8833,-28.2301,-40.6737,23.6,3,0.75,-19.17,466.4,-15.26,467.04
2026-08-08 16:12:00.057,100.0,114.0,342.0,86.8833,-28.2301,-40.6737,23.6,4,1.0,-19.17,466.39,-15.27,467.03
2026-08-08 16:12:00.313,100.0,114.0,342.0,86.8833,-28.2301,-40.6737,23.6,5,1.25,-19.17,466.39,-15.27,467.03
2026-08-08 16:12:06.046,100.0,114.0,348.0,89.3582,-18.9937,-40.6737,23.4,1,1.5,-19.59,466.32,-15.91,467.0
2026-08-08 16:12:06.182,100.0,114.0,348.0,89.3582,-18.9937,-40.6737,23.4,2,1.75,-19.59,466.31,-15.92,466.99
2026-08-08 16:12:06.438,100.0,114.0,348.0,89.3582,-18.9937,-40.6737,23.4,3,2.0,-19.59,466.31,-15.92,466.99
2026-08-08 16:12:06.678,100.0,114.0,348.0,89.3582,-18.9937,-40.6737,23.4,4,2.25,-19.58,466.29,-15.92,466.97
2026-08-08 16:12:06.934,100.0,114.0,348.0,89.3582,-18.9937,-40.6737,23.4,5,2.5,-19.58,466.29,-15.92,466.97
2026-08-08 16:12:10.804,100.0,114.0,354.0,90.8541,-9.5492,-40.6737,22.8,1,0.25,-20.29,466.32,-16.3,467.04
2026-08-08 16:12:11.060,100.0,114.0,354.0,90.8541,-9.5492,-40.6737,22.8,2,0.5,-20.29,466.32,-16.3,467.04
2026-08-08 16:12:11.300,100.0,114.0,354.0,90.8541,-9.5492,-40.6737,22.8,3,0.75,-20.29,466.32,-16.3,467.04
2026-08-08 16:12:11.556,100.0,114.0,354.0,90.8541,-9.5492,-40.6737,22.8,4,1.0,-20.29,466.32,-16.3,467.04
2026-08-08 16:12:11.812,100.0,114.0,354.0,90.8541,-9.5492,-40.6737,22.8,5,1.25,-20.29,466.32,-16.3,467.04
2026-08-08 16:12:15.426,100.0,120.0,354.0,86.1281,-9.0524,-50.0,23.0,1,0.25,-20.44,466.88,-16.08,467.6
2026-08-08 16:12:15.682,100.0,120.0,354.0,86.1281,-9.0524,-50.0,23.0,2,0.5,-20.45,466.89,-16.1,467.61
2026-08-08 16:12:15.938,100.0,120.0,354.0,86.1281,-9.0524,-50.0,23.0,3,0.75,-20.45,466.89,-16.1,467.61
2026-08-08 16:12:16.178,100.0,120.0,354.0,86.1281,-9.0524,-50.0,23.0,4,1.0,-20.44,466.91,-16.08,467.63
2026-08-08 16:12:16.434,100.0,120.0,354.0,86.1281,-9.0524,-50.0,23.0,5,1.25,-20.44,466.91,-16.08,467.63
2026-08-08 16:12:20.176,100.0,120.0,348.0,84.7101,-18.0057,-50.0,22.6,1,0.25,-19.91,466.89,-15.72,467.57
2026-08-08 16:12:20.432,100.0,120.0,348.0,84.7101,-18.0057,-50.0,22.6,2,0.5,-19.91,466.89,-15.72,467.57
2026-08-08 16:12:20.688,100.0,120.0,348.0,84.7101,-18.0057,-50.0,22.6,3,0.75,-19.88,466.89,-15.71,467.57
2026-08-08 16:12:20.928,100.0,120.0,348.0,84.7101,-18.0057,-50.0,22.6,4,1.0,-19.88,466.89,-15.71,467.57
2026-08-08 16:12:21.184,100.0,120.0,348.0,84.7101,-18.0057,-50.0,22.6,5,1.25,-19.88,466.91,-15.72,467.59
2026-08-08 16:12:24.926,100.0,120.0,342.0,82.3639,-26.7617,-50.0,22.8,1,0.25,-19.65,467.09,-15.23,467.75
2026-08-08 16:12:25.182,100.0,120.0,342.0,82.3639,-26.7617,-50.0,22.8,2,0.5,-19.65,467.09,-15.23,467.75
2026-08-08 16:12:25.438,100.0,120.0,342.0,82.3639,-26.7617,-50.0,22.8,3,0.75,-19.66,467.01,-15.23,467.67
2026-08-08 16:12:25.678,100.0,120.0,342.0,82.3639,-26.7617,-50.0,22.8,4,1.0,-19.66,467.01,-15.23,467.67
2026-08-08 16:12:25.933,100.0,120.0,342.0,82.3639,-26.7617,-50.0,22.8,5,1.25,-19.64,466.99,-15.23,467.65
2026-08-08 16:12:29.676,100.0,120.0,336.0,79.1154,-35.2244,-50.0,21.5,1,0.25,-19.04,467.22,-14.65,467.83
2026-08-08 16:12:29.932,100.0,120.0,336.0,79.1154,-35.2244,-50.0,21.5,2,0.5,-19.04,467.22,-14.65,467.83
2026-08-08 16:12:30.188,100.0,120.0,336.0,79.1154,-35.2244,-50.0,21.5,3,0.75,-19.03,467.17,-14.65,467.78
2026-08-08 16:12:30.428,100.0,120.0,336.0,79.1154,-35.2244,-50.0,21.5,4,1.0,-19.03,467.17,-14.65,467.78
2026-08-08 16:12:30.683,100.0,120.0,336.0,79.1154,-35.2244,-50.0,21.5,5,1.25,-19.02,467.19,-14.66,467.8
2026-08-08 16:12:34.426,100.0,120.0,330.0,75.0,-43.3013,-50.0,23.9,1,0.25,-18.6,467.45,-14.23,468.03
2026-08-08 16:12:34.682,100.0,120.0,330.0,75.0,-43.3013,-50.0,23.9,2,0.5,-18.6,467.45,-14.23,468.03
2026-08-08 16:12:34.937,100.0,120.0,330.0,75.0,-43.3013,-50.0,23.9,3,0.75,-18.59,467.46,-14.23,468.04
2026-08-08 16:12:35.177,100.0,120.0,330.0,75.0,-43.3013,-50.0,23.9,4,1.0,-18.59,467.46,-14.23,468.04
2026-08-08 16:12:35.433,100.0,120.0,330.0,75.0,-43.3013,-50.0,23.9,5,1.25,-18.59,467.44,-14.21,468.02
2026-08-08 16:12:39.064,100.0,120.0,324.0,70.0629,-50.9037,-50.0,23.0,1,0.25,-18.39,467.89,-13.78,468.45
2026-08-08 16:12:39.304,100.0,120.0,324.0,70.0629,-50.9037,-50.0,23.0,2,0.5,-18.39,467.89,-13.78,468.45
2026-08-08 16:12:39.559,100.0,120.0,324.0,70.0629,-50.9037,-50.0,23.0,3,0.75,-18.38,467.89,-13.76,468.45
2026-08-08 16:12:39.799,100.0,120.0,324.0,70.0629,-50.9037,-50.0,23.0,4,1.0,-18.39,467.9,-13.76,468.46
2026-08-08 16:12:42.310,100.0,120.0,324.0,70.0629,-50.9037,-50.0,23.0,5,1.25,-18.39,467.9,-13.76,468.46
2026-08-08 16:12:45.925,100.0,120.0,318.0,64.3582,-57.9484,-50.0,23.2,1,0.25,-18.16,468.28,-13.22,468.81
2026-08-08 16:12:46.180,100.0,120.0,318.0,64.3582,-57.9484,-50.0,23.2,2,0.5,-18.17,468.33,-13.24,468.86
2026-08-08 16:12:46.436,100.0,120.0,318.0,64.3582,-57.9484,-50.0,23.2,3,0.75,-18.17,468.33,-13.24,468.86
2026-08-08 16:12:46.676,100.0,120.0,318.0,64.3582,-57.9484,-50.0,23.2,4,1.0,-18.17,468.3,-13.23,468.83
2026-08-08 16:12:46.932,100.0,120.0,318.0,64.3582,-57.9484,-50.0,23.2,5,1.25,-18.17,468.3,-13.23,468.83
2026-08-08 16:12:50.435,100.0,120.0,312.0,57.9484,-64.3582,-50.0,22.9,1,0.25,-18.51,468.71,-12.99,469.25
2026-08-08 16:12:50.674,100.0,120.0,312.0,57.9484,-64.3582,-50.0,22.9,2,0.5,-18.51,468.71,-12.99,469.25
2026-08-08 16:12:50.930,100.0,120.0,312.0,57.9484,-64.3582,-50.0,22.9,3,0.75,-18.52,468.68,-12.98,469.22
2026-08-08 16:12:51.186,100.0,120.0,312.0,57.9484,-64.3582,-50.0,22.9,4,1.0,-18.52,468.68,-12.98,469.22
2026-08-08 16:12:51.426,100.0,120.0,312.0,57.9484,-64.3582,-50.0,22.9,5,1.25,-18.5,468.69,-12.99,469.23
2026-08-08 16:12:55.056,100.0,120.0,306.0,50.9037,-70.0629,-50.0,22.1,1,0.25,-18.78,469.13,-12.6,469.67
2026-08-08 16:12:55.312,100.0,120.0,306.0,50.9037,-70.0629,-50.0,22.1,2,0.5,-18.78,469.13,-12.6,469.67
2026-08-08 16:12:55.552,100.0,120.0,306.0,50.9037,-70.0629,-50.0,22.1,3,0.75,-18.77,469.2,-12.59,469.74
2026-08-08 16:12:55.808,100.0,120.0,306.0,50.9037,-70.0629,-50.0,22.1,4,1.0,-18.77,469.2,-12.59,469.74
2026-08-08 16:12:56.064,100.0,120.0,306.0,50.9037,-70.0629,-50.0,22.1,5,1.25,-18.78,469.18,-12.61,469.72
2026-08-08 16:12:59.678,100.0,120.0,300.0,43.3013,-75.0,-50.0,22.3,1,0.25,-19.07,469.61,-12.45,470.16
2026-08-08 16:12:59.934,100.0,120.0,300.0,43.3013,-75.0,-50.0,22.3,2,0.5,-19.07,469.61,-12.45,470.16
2026-08-08 16:13:00.174,100.0,120.0,300.0,43.3013,-75.0,-50.0,22.3,3,0.75,-19.08,469.61,-12.45,470.16
2026-08-08 16:13:00.430,100.0,120.0,300.0,43.3013,-75.0,-50.0,22.3,4,1.0,-19.08,469.61,-12.45,470.16
2026-08-08 16:13:00.686,100.0,120.0,300.0,43.3013,-75.0,-50.0,22.3,5,1.25,-19.08,469.61,-12.45,470.16
2026-08-08 16:13:04.428,100.0,120.0,294.0,35.2244,-79.1154,-50.0,23.0,1,0.25,-19.42,470.0,-12.29,470.56
2026-08-08 16:13:04.684,100.0,120.0,294.0,35.2244,-79.1154,-50.0,23.0,2,0.5,-19.42,470.0,-12.29,470.56
2026-08-08 16:13:04.924,100.0,120.0,294.0,35.2244,-79.1154,-50.0,23.0,3,0.75,-19.41,470.01,-12.29,470.57
2026-08-08 16:13:05.180,100.0,120.0,294.0,35.2244,-79.1154,-50.0,23.0,4,1.0,-19.41,470.01,-12.29,470.57
2026-08-08 16:13:05.436,100.0,120.0,294.0,35.2244,-79.1154,-50.0,23.0,5,1.25,-19.41,469.99,-12.28,470.55
2026-08-08 16:13:09.178,100.0,120.0,288.0,26.7617,-82.3639,-50.0,22.6,1,0.25,-20.21,470.25,-12.26,470.84
2026-08-08 16:13:09.434,100.0,120.0,288.0,26.7617,-82.3639,-50.0,22.6,2,0.5,-20.21,470.25,-12.26,470.84
2026-08-08 16:13:09.674,100.0,120.0,288.0,26.7617,-82.3639,-50.0,22.6,3,0.75,-20.22,470.23,-12.24,470.82
2026-08-08 16:13:09.930,100.0,120.0,288.0,26.7617,-82.3639,-50.0,22.6,4,1.0,-20.22,470.23,-12.24,470.82
2026-08-08 16:13:10.186,100.0,120.0,288.0,26.7617,-82.3639,-50.0,22.6,5,1.25,-20.23,470.28,-12.24,470.87
2026-08-08 16:13:13.928,100.0,120.0,282.0,18.0057,-84.7101,-50.0,22.5,1,0.25,-20.93,470.58,-12.37,471.2
2026-08-08 16:13:14.184,100.0,120.0,282.0,18.0057,-84.7101,-50.0,22.5,2,0.5,-20.93,470.58,-12.37,471.2
2026-08-08 16:13:14.424,100.0,120.0,282.0,18.0057,-84.7101,-50.0,22.5,3,0.75,-20.94,470.5,-12.38,471.12
2026-08-08 16:13:14.680,100.0,120.0,282.0,18.0057,-84.7101,-50.0,22.5,4,1.0,-20.94,470.5,-12.38,471.12
2026-08-08 16:13:14.936,100.0,120.0,282.0,18.0057,-84.7101,-50.0,22.5,5,1.25,-20.94,470.45,-12.38,471.07
2026-08-08 16:13:18.678,100.0,120.0,276.0,9.0524,-86.1281,-50.0,23.4,1,0.25,-21.57,470.52,-12.26,471.17
2026-08-08 16:13:18.934,100.0,120.0,276.0,9.0524,-86.1281,-50.0,23.4,2,0.5,-21.57,470.51,-12.27,471.16
2026-08-08 16:13:19.174,100.0,120.0,276.0,9.0524,-86.1281,-50.0,23.4,3,0.75,-21.57,470.51,-12.27,471.16
2026-08-08 16:13:19.429,100.0,120.0,276.0,9.0524,-86.1281,-50.0,23.4,4,1.0,-21.57,470.51,-12.27,471.16
2026-08-08 16:13:19.685,100.0,120.0,276.0,9.0524,-86.1281,-50.0,23.4,5,1.25,-21.57,470.48,-12.26,471.13
2026-08-08 16:13:23.428,100.0,120.0,270.0,-0.0,-86.6025,-50.0,22.8,1,0.25,-22.28,470.32,-12.26,471.0
2026-08-08 16:13:23.683,100.0,120.0,270.0,-0.0,-86.6025,-50.0,22.8,2,0.5,-22.28,470.36,-12.28,471.04
2026-08-08 16:13:23.923,100.0,120.0,270.0,-0.0,-86.6025,-50.0,22.8,3,0.75,-22.28,470.36,-12.28,471.04
2026-08-08 16:13:24.179,100.0,120.0,270.0,-0.0,-86.6025,-50.0,22.8,4,1.0,-22.27,470.36,-12.29,471.04
2026-08-08 16:13:24.435,100.0,120.0,270.0,-0.0,-86.6025,-50.0,22.8,5,1.25,-22.27,470.36,-12.29,471.04
2026-08-08 16:13:28.177,100.0,120.0,264.0,-9.0524,-86.1281,-50.0,23.2,1,0.25,-22.83,470.1,-12.29,470.81
2026-08-08 16:13:28.433,100.0,120.0,264.0,-9.0524,-86.1281,-50.0,23.2,2,0.5,-22.82,470.13,-12.29,470.84
2026-08-08 16:13:28.673,100.0,120.0,264.0,-9.0524,-86.1281,-50.0,23.2,3,0.75,-22.82,470.13,-12.29,470.84
2026-08-08 16:13:28.929,100.0,120.0,264.0,-9.0524,-86.1281,-50.0,23.2,4,1.0,-22.83,470.06,-12.29,470.77
2026-08-08 16:13:29.185,100.0,120.0,264.0,-9.0524,-86.1281,-50.0,23.2,5,1.25,-22.83,470.06,-12.29,470.77
2026-08-08 16:13:32.927,100.0,120.0,258.0,-18.0057,-84.7101,-50.0,23.3,1,0.25,-23.46,469.78,-12.45,470.53
2026-08-08 16:13:33.183,100.0,120.0,258.0,-18.0057,-84.7101,-50.0,23.3,2,0.5,-23.46,469.8,-12.46,470.55
2026-08-08 16:13:33.423,100.0,120.0,258.0,-18.0057,-84.7101,-50.0,23.3,3,0.75,-23.46,469.8,-12.46,470.55
2026-08-08 16:13:33.679,100.0,120.0,258.0,-18.0057,-84.7101,-50.0,23.3,4,1.0,-23.46,469.76,-12.47,470.51
2026-08-08 16:13:33.935,100.0,120.0,258.0,-18.0057,-84.7101,-50.0,23.3,5,1.25,-23.46,469.76,-12.47,470.51
2026-08-08 16:13:37.677,100.0,120.0,252.0,-26.7617,-82.3639,-50.0,22.5,1,0.25,-23.78,469.46,-12.5,470.22
2026-08-08 16:13:37.933,100.0,120.0,252.0,-26.7617,-82.3639,-50.0,22.5,2,0.5,-23.78,469.46,-12.5,470.22
2026-08-08 16:13:38.173,100.0,120.0,252.0,-26.7617,-82.3639,-50.0,22.5,3,0.75,-23.8,469.39,-12.5,470.15
2026-08-08 16:13:38.429,100.0,120.0,252.0,-26.7617,-82.3639,-50.0,22.5,4,1.0,-23.8,469.39,-12.5,470.15
2026-08-08 16:13:38.685,100.0,120.0,252.0,-26.7617,-82.3639,-50.0,22.5,5,1.25,-23.8,469.39,-12.5,470.15
2026-08-08 16:13:42.427,100.0,120.0,246.0,-35.2244,-79.1154,-50.0,22.9,1,0.25,-23.95,469.06,-12.64,469.84
2026-08-08 16:13:42.683,100.0,120.0,246.0,-35.2244,-79.1154,-50.0,22.9,2,0.5,-23.95,469.06,-12.64,469.84
2026-08-08 16:13:42.939,100.0,120.0,246.0,-35.2244,-79.1154,-50.0,22.9,3,0.75,-23.95,469.03,-12.63,469.81
2026-08-08 16:13:43.179,100.0,120.0,246.0,-35.2244,-79.1154,-50.0,22.9,4,1.0,-23.95,469.03,-12.63,469.81
2026-08-08 16:13:43.435,100.0,120.0,246.0,-35.2244,-79.1154,-50.0,22.9,5,1.25,-23.94,469.06,-12.64,469.84
2026-08-08 16:13:47.177,100.0,120.0,240.0,-43.3013,-75.0,-50.0,23.4,1,0.25,-24.21,468.58,-12.78,469.37
2026-08-08 16:13:47.433,100.0,120.0,240.0,-43.3013,-75.0,-50.0,23.4,2,0.5,-24.21,468.58,-12.78,469.37
2026-08-08 16:13:47.689,100.0,120.0,240.0,-43.3013,-75.0,-50.0,23.4,3,0.75,-24.21,468.6,-12.77,469.39
2026-08-08 16:13:47.929,100.0,120.0,240.0,-43.3013,-75.0,-50.0,23.4,4,1.0,-24.21,468.6,-12.77,469.39
2026-08-08 16:13:48.185,100.0,120.0,240.0,-43.3013,-75.0,-50.0,23.4,5,1.25,-24.22,468.56,-12.77,469.35
2026-08-08 16:13:51.799,100.0,120.0,234.0,-50.9037,-70.0629,-50.0,22.1,1,0.25,-24.2,468.23,-12.84,469.03
2026-08-08 16:13:54.310,100.0,120.0,234.0,-50.9037,-70.0629,-50.0,22.1,2,0.5,-24.2,468.26,-12.83,469.06
2026-08-08 16:13:54.550,100.0,120.0,234.0,-50.9037,-70.0629,-50.0,22.1,3,0.75,-24.2,468.26,-12.83,469.06
2026-08-08 16:13:54.806,100.0,120.0,234.0,-50.9037,-70.0629,-50.0,22.1,4,1.0,-24.2,468.26,-12.83,469.06
2026-08-08 16:13:55.061,100.0,120.0,234.0,-50.9037,-70.0629,-50.0,22.1,5,1.25,-24.19,468.26,-12.86,469.06
2026-08-08 16:13:58.676,100.0,120.0,228.0,-57.9484,-64.3582,-50.0,23.2,1,0.25,-23.94,467.97,-13.05,468.76
2026-08-08 16:13:58.932,100.0,120.0,228.0,-57.9484,-64.3582,-50.0,23.2,2,0.5,-23.94,467.97,-13.05,468.76
2026-08-08 16:13:59.188,100.0,120.0,228.0,-57.9484,-64.3582,-50.0,23.2,3,0.75,-23.94,467.93,-13.04,468.72
2026-08-08 16:13:59.428,100.0,120.0,228.0,-57.9484,-64.3582,-50.0,23.2,4,1.0,-23.94,467.93,-13.04,468.72
2026-08-08 16:13:59.683,100.0,120.0,228.0,-57.9484,-64.3582,-50.0,23.2,5,1.25,-23.93,467.92,-13.03,468.71
2026-08-08 16:14:03.186,100.0,120.0,222.0,-64.3582,-57.9484,-50.0,23.2,1,0.25,-23.68,467.68,-13.08,468.46
2026-08-08 16:14:03.426,100.0,120.0,222.0,-64.3582,-57.9484,-50.0,23.2,2,0.5,-23.68,467.68,-13.08,468.46
2026-08-08 16:14:03.681,100.0,120.0,222.0,-64.3582,-57.9484,-50.0,23.2,3,0.75,-23.66,467.67,-13.08,468.45
2026-08-08 16:14:03.937,100.0,120.0,222.0,-64.3582,-57.9484,-50.0,23.2,4,1.0,-23.66,467.67,-13.08,468.45
2026-08-08 16:14:04.177,100.0,120.0,222.0,-64.3582,-57.9484,-50.0,23.2,5,1.25,-23.66,467.67,-13.08,468.45
2026-08-08 16:14:07.808,100.0,120.0,216.0,-70.0629,-50.9037,-50.0,23.4,1,0.25,-23.5,467.56,-13.38,468.34
2026-08-08 16:14:08.063,100.0,120.0,216.0,-70.0629,-50.9037,-50.0,23.4,2,0.5,-23.51,467.55,-13.39,468.33
2026-08-08 16:14:08.303,100.0,120.0,216.0,-70.0629,-50.9037,-50.0,23.4,3,0.75,-23.51,467.55,-13.39,468.33
2026-08-08 16:14:08.559,100.0,120.0,216.0,-70.0629,-50.9037,-50.0,23.4,4,1.0,-23.51,467.48,-13.38,468.26
2026-08-08 16:14:08.799,100.0,120.0,216.0,-70.0629,-50.9037,-50.0,23.4,5,1.25,-23.51,467.48,-13.38,468.26
2026-08-08 16:14:12.430,100.0,120.0,210.0,-75.0,-43.3013,-50.0,22.0,1,0.25,-22.97,467.35,-13.35,468.1
2026-08-08 16:14:12.685,100.0,120.0,210.0,-75.0,-43.3013,-50.0,22.0,2,0.5,-22.96,467.36,-13.37,468.11
2026-08-08 16:14:12.925,100.0,120.0,210.0,-75.0,-43.3013,-50.0,22.0,3,0.75,-22.96,467.36,-13.37,468.11
2026-08-08 16:14:13.181,100.0,120.0,210.0,-75.0,-43.3013,-50.0,22.0,4,1.0,-22.98,467.36,-13.35,468.11
2026-08-08 16:14:13.437,100.0,120.0,210.0,-75.0,-43.3013,-50.0,22.0,5,1.25,-22.98,467.36,-13.35,468.11
2026-08-08 16:14:17.179,100.0,120.0,204.0,-79.1154,-35.2244,-50.0,23.6,1,0.25,-22.66,467.19,-13.45,467.93
2026-08-08 16:14:17.435,100.0,120.0,204.0,-79.1154,-35.2244,-50.0,23.6,2,0.5,-22.66,467.19,-13.45,467.93
2026-08-08 16:14:17.675,100.0,120.0,204.0,-79.1154,-35.2244,-50.0,23.6,3,0.75,-22.66,467.19,-13.45,467.93
2026-08-08 16:14:17.931,100.0,120.0,204.0,-79.1154,-35.2244,-50.0,23.6,4,1.0,-22.66,467.17,-13.43,467.91
2026-08-08 16:14:18.187,100.0,120.0,204.0,-79.1154,-35.2244,-50.0,23.6,5,1.25,-22.66,467.17,-13.43,467.91
2026-08-08 16:14:21.929,100.0,120.0,198.0,-82.3639,-26.7617,-50.0,22.6,1,0.25,-22.31,467.02,-13.69,467.75
2026-08-08 16:14:22.185,100.0,120.0,198.0,-82.3639,-26.7617,-50.0,22.6,2,0.5,-22.31,467.02,-13.69,467.75
2026-08-08 16:14:22.425,100.0,120.0,198.0,-82.3639,-26.7617,-50.0,22.6,3,0.75,-22.3,467.04,-13.7,467.77
2026-08-08 16:14:22.681,100.0,120.0,198.0,-82.3639,-26.7617,-50.0,22.6,4,1.0,-22.3,467.04,-13.7,467.77
2026-08-08 16:14:22.937,100.0,120.0,198.0,-82.3639,-26.7617,-50.0,22.6,5,1.25,-22.32,467.03,-13.69,467.76
2026-08-08 16:14:26.679,100.0,120.0,192.0,-84.7101,-18.0057,-50.0,22.8,1,0.25,-21.83,467.0,-13.87,467.71
2026-08-08 16:14:26.935,100.0,120.0,192.0,-84.7101,-18.0057,-50.0,22.8,2,0.5,-21.83,467.0,-13.87,467.71
2026-08-08 16:14:27.175,100.0,120.0,192.0,-84.7101,-18.0057,-50.0,22.8,3,0.75,-21.83,467.0,-13.86,467.71
2026-08-08 16:14:27.431,100.0,120.0,192.0,-84.7101,-18.0057,-50.0,22.8,4,1.0,-21.83,467.0,-13.86,467.71
2026-08-08 16:14:27.687,100.0,120.0,192.0,-84.7101,-18.0057,-50.0,22.8,5,1.25,-21.83,467.0,-13.86,467.71
2026-08-08 16:14:31.429,100.0,120.0,186.0,-86.1281,-9.0524,-50.0,22.7,1,0.25,-21.27,467.0,-13.99,467.69
2026-08-08 16:14:31.685,100.0,120.0,186.0,-86.1281,-9.0524,-50.0,22.7,2,0.5,-21.27,467.0,-13.99,467.69
2026-08-08 16:14:31.925,100.0,120.0,186.0,-86.1281,-9.0524,-50.0,22.7,3,0.75,-21.27,467.01,-14.0,467.7
2026-08-08 16:14:32.181,100.0,120.0,186.0,-86.1281,-9.0524,-50.0,22.7,4,1.0,-21.27,467.01,-14.0,467.7
2026-08-08 16:14:32.437,100.0,120.0,186.0,-86.1281,-9.0524,-50.0,22.7,5,1.25,-21.27,466.96,-14.0,467.65
2026-08-08 16:14:36.179,100.0,120.0,180.0,-86.6025,0.0,-50.0,24.0,1,0.25,-20.65,466.99,-14.24,467.66
2026-08-08 16:14:36.435,100.0,120.0,180.0,-86.6025,0.0,-50.0,24.0,2,0.5,-20.66,467.02,-14.23,467.69
2026-08-08 16:14:36.675,100.0,120.0,180.0,-86.6025,0.0,-50.0,24.0,3,0.75,-20.66,467.02,-14.23,467.69
2026-08-08 16:14:36.931,100.0,120.0,180.0,-86.6025,0.0,-50.0,24.0,4,1.0,-20.66,467.02,-14.23,467.69
2026-08-08 16:14:37.186,100.0,120.0,180.0,-86.6025,0.0,-50.0,24.0,5,1.25,-20.64,467.04,-14.23,467.71
2026-08-08 16:14:40.929,100.0,120.0,174.0,-86.1281,9.0524,-50.0,23.6,1,0.25,-19.89,467.21,-14.59,467.86
2026-08-08 16:14:41.185,100.0,120.0,174.0,-86.1281,9.0524,-50.0,23.6,2,0.5,-19.89,467.21,-14.61,467.86
2026-08-08 16:14:41.425,100.0,120.0,174.0,-86.1281,9.0524,-50.0,23.6,3,0.75,-19.89,467.21,-14.61,467.86
2026-08-08 16:14:41.681,100.0,120.0,174.0,-86.1281,9.0524,-50.0,23.6,4,1.0,-19.88,467.22,-14.6,467.87
2026-08-08 16:14:41.936,100.0,120.0,174.0,-86.1281,9.0524,-50.0,23.6,5,1.25,-19.88,467.22,-14.6,467.87
2026-08-08 16:14:45.679,100.0,120.0,168.0,-84.7101,18.0057,-50.0,23.4,1,0.25,-19.49,467.57,-15.1,468.21
2026-08-08 16:14:45.935,100.0,120.0,168.0,-84.7101,18.0057,-50.0,23.4,2,0.5,-19.51,467.59,-15.09,468.24
2026-08-08 16:14:46.174,100.0,120.0,168.0,-84.7101,18.0057,-50.0,23.4,3,0.75,-19.51,467.59,-15.09,468.24
2026-08-08 16:14:46.430,100.0,120.0,168.0,-84.7101,18.0057,-50.0,23.4,4,1.0,-19.52,467.57,-15.09,468.22
2026-08-08 16:14:46.686,100.0,120.0,168.0,-84.7101,18.0057,-50.0,23.4,5,1.25,-19.52,467.57,-15.09,468.22
2026-08-08 16:14:50.429,100.0,120.0,162.0,-82.3639,26.7617,-50.0,23.2,1,0.25,-19.16,467.96,-15.35,468.6
2026-08-08 16:14:50.685,100.0,120.0,162.0,-82.3639,26.7617,-50.0,23.2,2,0.5,-19.17,467.97,-15.35,468.61
2026-08-08 16:14:50.924,100.0,120.0,162.0,-82.3639,26.7617,-50.0,23.2,3,0.75,-19.17,467.97,-15.35,468.61
2026-08-08 16:14:51.180,100.0,120.0,162.0,-82.3639,26.7617,-50.0,23.2,4,1.0,-19.17,467.98,-15.36,468.62
2026-08-08 16:14:51.436,100.0,120.0,162.0,-82.3639,26.7617,-50.0,23.2,5,1.25,-19.17,467.98,-15.36,468.62
2026-08-08 16:14:55.179,100.0,120.0,156.0,-79.1154,35.2244,-50.0,24.3,1,0.25,-18.98,468.53,-15.82,469.18
2026-08-08 16:14:55.434,100.0,120.0,156.0,-79.1154,35.2244,-50.0,24.3,2,0.5,-18.98,468.53,-15.82,469.18
2026-08-08 16:14:55.674,100.0,120.0,156.0,-79.1154,35.2244,-50.0,24.3,3,0.75,-18.99,468.52,-15.83,469.17
2026-08-08 16:14:55.930,100.0,120.0,156.0,-79.1154,35.2244,-50.0,24.3,4,1.0,-18.99,468.52,-15.83,469.17
2026-08-08 16:14:56.186,100.0,120.0,156.0,-79.1154,35.2244,-50.0,24.3,5,1.25,-18.99,468.52,-15.83,469.17
2026-08-08 16:14:59.928,100.0,120.0,150.0,-75.0,43.3013,-50.0,24.8,1,0.25,-18.73,468.95,-16.32,469.6
2026-08-08 16:15:00.184,100.0,120.0,150.0,-75.0,43.3013,-50.0,24.8,2,0.5,-18.73,468.95,-16.32,469.6
2026-08-08 16:15:00.424,100.0,120.0,150.0,-75.0,43.3013,-50.0,24.8,3,0.75,-18.71,468.93,-16.33,469.58
2026-08-08 16:15:00.680,100.0,120.0,150.0,-75.0,43.3013,-50.0,24.8,4,1.0,-18.71,468.93,-16.33,469.58
2026-08-08 16:15:00.936,100.0,120.0,150.0,-75.0,43.3013,-50.0,24.8,5,1.25,-18.72,468.95,-16.33,469.6
2026-08-08 16:15:04.550,100.0,120.0,144.0,-70.0629,50.9037,-50.0,24.4,1,0.25,-18.52,469.48,-16.74,470.14
2026-08-08 16:15:04.806,100.0,120.0,144.0,-70.0629,50.9037,-50.0,24.4,2,0.5,-18.52,469.48,-16.74,470.14
2026-08-08 16:15:05.062,100.0,120.0,144.0,-70.0629,50.9037,-50.0,24.4,3,0.75,-18.52,469.43,-16.74,470.09
2026-08-08 16:15:05.302,100.0,120.0,144.0,-70.0629,50.9037,-50.0,24.4,4,1.0,-18.52,469.43,-16.74,470.09
2026-08-08 16:15:05.558,100.0,120.0,144.0,-70.0629,50.9037,-50.0,24.4,5,1.25,-18.52,469.43,-16.74,470.09
2026-08-08 16:15:09.172,100.0,120.0,138.0,-64.3582,57.9484,-50.0,23.4,1,0.5,-18.58,469.88,-17.19,470.56
2026-08-08 16:15:09.924,100.0,120.0,138.0,-64.3582,57.9484,-50.0,23.4,2,0.75,-18.57,469.87,-17.19,470.55
2026-08-08 16:15:10.180,100.0,120.0,138.0,-64.3582,57.9484,-50.0,23.4,3,1.0,-18.57,469.87,-17.19,470.55
2026-08-08 16:15:10.436,100.0,120.0,138.0,-64.3582,57.9484,-50.0,23.4,4,1.25,-18.57,469.88,-17.2,470.56
2026-08-08 16:15:10.676,100.0,120.0,138.0,-64.3582,57.9484,-50.0,23.4,5,1.5,-18.57,469.88,-17.2,470.56
2026-08-08 16:15:14.178,100.0,120.0,132.0,-57.9484,64.3582,-50.0,22.9,1,0.25,-18.8,470.21,-17.7,470.91
2026-08-08 16:15:14.434,100.0,120.0,132.0,-57.9484,64.3582,-50.0,22.9,2,0.5,-18.79,470.19,-17.71,470.89
2026-08-08 16:15:14.674,100.0,120.0,132.0,-57.9484,64.3582,-50.0,22.9,3,0.75,-18.79,470.19,-17.71,470.89
2026-08-08 16:15:14.930,100.0,120.0,132.0,-57.9484,64.3582,-50.0,22.9,4,1.0,-18.79,470.19,-17.71,470.89
2026-08-08 16:15:15.186,100.0,120.0,132.0,-57.9484,64.3582,-50.0,22.9,5,1.25,-18.79,470.18,-17.71,470.88
2026-08-08 16:15:18.800,100.0,120.0,126.0,-50.9037,70.0629,-50.0,23.4,1,0.25,-18.87,470.54,-17.99,471.26
2026-08-08 16:15:19.056,100.0,120.0,126.0,-50.9037,70.0629,-50.0,23.4,2,0.5,-18.87,470.54,-17.99,471.26
2026-08-08 16:15:19.312,100.0,120.0,126.0,-50.9037,70.0629,-50.0,23.4,3,0.75,-18.87,470.52,-17.99,471.24
2026-08-08 16:15:19.552,100.0,120.0,126.0,-50.9037,70.0629,-50.0,23.4,4,1.0,-18.87,470.52,-17.99,471.24
2026-08-08 16:15:19.808,100.0,120.0,126.0,-50.9037,70.0629,-50.0,23.4,5,1.25,-18.88,470.56,-17.99,471.28
2026-08-08 16:15:23.438,100.0,120.0,120.0,-43.3013,75.0,-50.0,24.9,1,0.25,-19.01,470.91,-18.22,471.64
2026-08-08 16:15:23.678,100.0,120.0,120.0,-43.3013,75.0,-50.0,24.9,2,0.5,-19.01,470.91,-18.22,471.64
2026-08-08 16:15:23.934,100.0,120.0,120.0,-43.3013,75.0,-50.0,24.9,3,0.75,-19.01,470.89,-18.23,471.62
2026-08-08 16:15:24.174,100.0,120.0,120.0,-43.3013,75.0,-50.0,24.9,4,1.0,-19.01,470.89,-18.23,471.62
2026-08-08 16:15:24.429,100.0,120.0,120.0,-43.3013,75.0,-50.0,24.9,5,1.25,-19.01,470.92,-18.23,471.65
2026-08-08 16:15:28.188,100.0,120.0,114.0,-35.2244,79.1154,-50.0,24.1,1,0.25,-19.28,471.27,-18.45,472.02
2026-08-08 16:15:28.428,100.0,120.0,114.0,-35.2244,79.1154,-50.0,24.1,2,0.5,-19.28,471.27,-18.45,472.02
2026-08-08 16:15:28.683,100.0,120.0,114.0,-35.2244,79.1154,-50.0,24.1,3,0.75,-19.27,471.25,-18.44,472.0
2026-08-08 16:15:28.923,100.0,120.0,114.0,-35.2244,79.1154,-50.0,24.1,4,1.0,-19.27,471.25,-18.44,472.0
2026-08-08 16:15:29.179,100.0,120.0,114.0,-35.2244,79.1154,-50.0,24.1,5,1.25,-19.26,471.26,-18.44,472.01
2026-08-08 16:15:32.938,100.0,120.0,108.0,-26.7617,82.3639,-50.0,23.4,1,0.25,-19.58,471.67,-18.55,472.44
2026-08-08 16:15:33.177,100.0,120.0,108.0,-26.7617,82.3639,-50.0,23.4,2,0.5,-19.58,471.68,-18.54,472.45
2026-08-08 16:15:33.433,100.0,120.0,108.0,-26.7617,82.3639,-50.0,23.4,3,0.75,-19.58,471.68,-18.54,472.45
2026-08-08 16:15:33.673,100.0,120.0,108.0,-26.7617,82.3639,-50.0,23.4,4,1.0,-19.58,471.68,-18.54,472.45
2026-08-08 16:15:33.929,100.0,120.0,108.0,-26.7617,82.3639,-50.0,23.4,5,1.25,-19.59,471.67,-18.56,472.44
2026-08-08 16:15:37.687,100.0,120.0,102.0,-18.0057,84.7101,-50.0,23.0,1,0.25,-20.06,471.99,-18.73,472.78
2026-08-08 16:15:37.927,100.0,120.0,102.0,-18.0057,84.7101,-50.0,23.0,2,0.5,-20.07,472.03,-18.72,472.82
2026-08-08 16:15:38.183,100.0,120.0,102.0,-18.0057,84.7101,-50.0,23.0,3,0.75,-20.07,472.03,-18.72,472.82
2026-08-08 16:15:38.423,100.0,120.0,102.0,-18.0057,84.7101,-50.0,23.0,4,1.0,-20.07,472.08,-18.72,472.87
2026-08-08 16:15:38.679,100.0,120.0,102.0,-18.0057,84.7101,-50.0,23.0,5,1.25,-20.07,472.08,-18.72,472.87
2026-08-08 16:15:42.437,100.0,120.0,96.0,-9.0524,86.1281,-50.0,22.2,1,0.25,-20.61,472.43,-18.75,473.25
2026-08-08 16:15:42.677,100.0,120.0,96.0,-9.0524,86.1281,-50.0,22.2,2,0.5,-20.6,472.4,-18.76,473.22
2026-08-08 16:15:42.933,100.0,120.0,96.0,-9.0524,86.1281,-50.0,22.2,3,0.75,-20.6,472.4,-18.76,473.22
2026-08-08 16:15:43.173,100.0,120.0,96.0,-9.0524,86.1281,-50.0,22.2,4,1.0,-20.62,472.45,-18.76,473.27
2026-08-08 16:15:43.429,100.0,120.0,96.0,-9.0524,86.1281,-50.0,22.2,5,1.25,-20.62,472.45,-18.76,473.27
2026-08-08 16:15:47.187,100.0,120.0,90.0,0.0,86.6025,-50.0,24.0,1,0.25,-21.52,472.78,-18.9,473.64
2026-08-08 16:15:47.427,100.0,120.0,90.0,0.0,86.6025,-50.0,24.0,2,0.5,-21.51,472.74,-18.92,473.6
2026-08-08 16:15:47.683,100.0,120.0,90.0,0.0,86.6025,-50.0,24.0,3,0.75,-21.51,472.74,-18.92,473.6
2026-08-08 16:15:47.923,100.0,120.0,90.0,0.0,86.6025,-50.0,24.0,4,1.0,-21.5,472.76,-18.9,473.62
2026-08-08 16:15:48.179,100.0,120.0,90.0,0.0,86.6025,-50.0,24.0,5,1.25,-21.5,472.76,-18.9,473.62
2026-08-08 16:15:51.937,100.0,120.0,84.0,9.0524,86.1281,-50.0,23.8,1,0.25,-22.15,472.85,-19.01,473.75
2026-08-08 16:15:52.177,100.0,120.0,84.0,9.0524,86.1281,-50.0,23.8,2,0.5,-22.15,472.85,-19.01,473.75
2026-08-08 16:15:52.433,100.0,120.0,84.0,9.0524,86.1281,-50.0,23.8,3,0.75,-22.14,472.81,-19.0,473.7
2026-08-08 16:15:52.673,100.0,120.0,84.0,9.0524,86.1281,-50.0,23.8,4,1.0,-22.14,472.81,-19.0,473.7
2026-08-08 16:15:52.929,100.0,120.0,84.0,9.0524,86.1281,-50.0,23.8,5,1.25,-22.14,472.81,-19.0,473.7
2026-08-08 16:15:56.687,100.0,120.0,78.0,18.0057,84.7101,-50.0,22.8,1,0.25,-22.93,472.77,-19.23,473.71
2026-08-08 16:15:56.927,100.0,120.0,78.0,18.0057,84.7101,-50.0,22.8,2,0.5,-22.93,472.77,-19.23,473.71
2026-08-08 16:15:57.183,100.0,120.0,78.0,18.0057,84.7101,-50.0,22.8,3,0.75,-22.92,472.79,-19.23,473.73
2026-08-08 16:15:57.423,100.0,120.0,78.0,18.0057,84.7101,-50.0,22.8,4,1.0,-22.92,472.79,-19.23,473.73
2026-08-08 16:15:57.678,100.0,120.0,78.0,18.0057,84.7101,-50.0,22.8,5,1.25,-22.93,472.77,-19.23,473.71
2026-08-08 16:16:01.437,100.0,120.0,72.0,26.7617,82.3639,-50.0,23.4,1,0.25,-23.71,472.41,-19.26,473.39
2026-08-08 16:16:01.677,100.0,120.0,72.0,26.7617,82.3639,-50.0,23.4,2,0.5,-23.71,472.41,-19.26,473.39
2026-08-08 16:16:01.932,100.0,120.0,72.0,26.7617,82.3639,-50.0,23.4,3,0.75,-23.71,472.43,-19.25,473.41
2026-08-08 16:16:02.172,100.0,120.0,72.0,26.7617,82.3639,-50.0,23.4,4,1.0,-23.71,472.43,-19.25,473.41
2026-08-08 16:16:02.428,100.0,120.0,72.0,26.7617,82.3639,-50.0,23.4,5,1.25,-23.72,472.42,-19.23,473.4
2026-08-08 16:16:06.187,100.0,120.0,66.0,35.2244,79.1154,-50.0,23.3,1,0.25,-24.39,471.79,-19.31,472.81
2026-08-08 16:16:06.426,100.0,120.0,66.0,35.2244,79.1154,-50.0,23.3,2,0.5,-24.39,471.79,-19.31,472.81
2026-08-08 16:16:06.682,100.0,120.0,66.0,35.2244,79.1154,-50.0,23.3,3,0.75,-24.39,471.77,-19.33,472.79
2026-08-08 16:16:06.922,100.0,120.0,66.0,35.2244,79.1154,-50.0,23.3,4,1.0,-24.39,471.77,-19.33,472.79
2026-08-08 16:16:07.178,100.0,120.0,66.0,35.2244,79.1154,-50.0,23.3,5,1.25,-24.4,471.82,-19.32,472.84
2026-08-08 16:16:10.936,100.0,120.0,60.0,43.3013,75.0,-50.0,23.2,1,0.25,-24.56,471.19,-19.27,472.22
2026-08-08 16:16:11.176,100.0,120.0,60.0,43.3013,75.0,-50.0,23.2,2,0.5,-24.57,471.2,-19.25,472.23
2026-08-08 16:16:11.432,100.0,120.0,60.0,43.3013,75.0,-50.0,23.2,3,0.75,-24.57,471.2,-19.25,472.23
2026-08-08 16:16:11.672,100.0,120.0,60.0,43.3013,75.0,-50.0,23.2,4,1.0,-24.57,471.2,-19.25,472.23
2026-08-08 16:16:11.928,100.0,120.0,60.0,43.3013,75.0,-50.0,23.2,5,1.25,-24.56,471.17,-19.25,472.2
2026-08-08 16:16:15.558,100.0,120.0,54.0,50.9037,70.0629,-50.0,22.8,1,0.25,-24.48,470.46,-19.12,471.48
2026-08-08 16:16:15.798,100.0,120.0,54.0,50.9037,70.0629,-50.0,22.8,2,0.5,-24.48,470.46,-19.13,471.48
2026-08-08 16:16:18.309,100.0,120.0,54.0,50.9037,70.0629,-50.0,22.8,3,0.75,-24.48,470.46,-19.13,471.48
2026-08-08 16:16:18.549,100.0,120.0,54.0,50.9037,70.0629,-50.0,22.8,4,1.0,-24.48,470.49,-19.13,471.51
2026-08-08 16:16:18.805,100.0,120.0,54.0,50.9037,70.0629,-50.0,22.8,5,1.25,-24.48,470.49,-19.13,471.51
2026-08-08 16:16:22.435,100.0,120.0,48.0,57.9484,64.3582,-50.0,22.9,1,0.25,-24.36,469.85,-18.98,470.86
2026-08-08 16:16:22.675,100.0,120.0,48.0,57.9484,64.3582,-50.0,22.9,2,0.5,-24.35,469.89,-18.98,470.9
2026-08-08 16:16:22.931,100.0,120.0,48.0,57.9484,64.3582,-50.0,22.9,3,0.75,-24.35,469.89,-18.98,470.9
2026-08-08 16:16:23.187,100.0,120.0,48.0,57.9484,64.3582,-50.0,22.9,4,1.0,-24.35,469.87,-18.98,470.88
2026-08-08 16:16:23.427,100.0,120.0,48.0,57.9484,64.3582,-50.0,22.9,5,1.25,-24.35,469.87,-18.98,470.88
2026-08-08 16:16:26.929,100.0,120.0,42.0,64.3582,57.9484,-50.0,23.6,1,0.25,-23.94,469.31,-18.8,470.29
2026-08-08 16:16:27.185,100.0,120.0,42.0,64.3582,57.9484,-50.0,23.6,2,0.5,-23.94,469.31,-18.8,470.29
2026-08-08 16:16:27.425,100.0,120.0,42.0,64.3582,57.9484,-50.0,23.6,3,0.75,-23.94,469.33,-18.81,470.31
2026-08-08 16:16:27.681,100.0,120.0,42.0,64.3582,57.9484,-50.0,23.6,4,1.0,-23.94,469.33,-18.81,470.31
2026-08-08 16:16:27.937,100.0,120.0,42.0,64.3582,57.9484,-50.0,23.6,5,1.25,-23.93,469.33,-18.81,470.31
2026-08-08 16:16:31.551,100.0,120.0,36.0,70.0629,50.9037,-50.0,22.6,1,0.25,-23.96,468.81,-18.54,469.78
2026-08-08 16:16:31.807,100.0,120.0,36.0,70.0629,50.9037,-50.0,22.6,2,0.5,-23.96,468.81,-18.54,469.78
2026-08-08 16:16:32.047,100.0,120.0,36.0,70.0629,50.9037,-50.0,22.6,3,0.75,-23.95,468.83,-18.53,469.8
2026-08-08 16:16:34.558,100.0,120.0,36.0,70.0629,50.9037,-50.0,22.6,4,1.0,-23.95,468.83,-18.53,469.8
2026-08-08 16:16:34.798,100.0,120.0,36.0,70.0629,50.9037,-50.0,22.6,5,1.25,-23.94,468.77,-18.52,469.74
2026-08-08 16:16:40.683,100.0,120.0,30.0,75.0,43.3013,-50.0,22.0,1,0.25,-23.27,468.48,-18.2,469.41
2026-08-08 16:16:40.923,100.0,120.0,30.0,75.0,43.3013,-50.0,22.0,2,0.5,-23.27,468.45,-18.2,469.38
2026-08-08 16:16:41.179,100.0,120.0,30.0,75.0,43.3013,-50.0,22.0,3,0.75,-23.27,468.45,-18.2,469.38
2026-08-08 16:16:41.435,100.0,120.0,30.0,75.0,43.3013,-50.0,22.0,4,1.0,-23.28,468.44,-18.2,469.37
2026-08-08 16:16:41.675,100.0,120.0,30.0,75.0,43.3013,-50.0,22.0,5,1.25,-23.28,468.44,-18.2,469.37
2026-08-08 16:16:45.433,100.0,120.0,24.0,79.1154,35.2244,-50.0,22.6,1,0.25,-22.96,468.07,-17.89,468.97
2026-08-08 16:16:45.673,100.0,120.0,24.0,79.1154,35.2244,-50.0,22.6,2,0.5,-22.96,468.13,-17.9,469.03
2026-08-08 16:16:45.929,100.0,120.0,24.0,79.1154,35.2244,-50.0,22.6,3,0.75,-22.96,468.13,-17.9,469.03
2026-08-08 16:16:46.185,100.0,120.0,24.0,79.1154,35.2244,-50.0,22.6,4,1.0,-22.96,468.11,-17.89,469.01
2026-08-08 16:16:46.425,100.0,120.0,24.0,79.1154,35.2244,-50.0,22.6,5,1.25,-22.96,468.11,-17.89,469.01
2026-08-08 16:16:50.183,100.0,120.0,18.0,82.3639,26.7617,-50.0,22.8,1,0.25,-22.46,467.71,-17.6,468.57
2026-08-08 16:16:50.423,100.0,120.0,18.0,82.3639,26.7617,-50.0,22.8,2,0.5,-22.46,467.7,-17.6,468.56
2026-08-08 16:16:50.679,100.0,120.0,18.0,82.3639,26.7617,-50.0,22.8,3,0.75,-22.46,467.7,-17.6,468.56
2026-08-08 16:16:50.935,100.0,120.0,18.0,82.3639,26.7617,-50.0,22.8,4,1.0,-22.46,467.71,-17.61,468.57
2026-08-08 16:16:51.174,100.0,120.0,18.0,82.3639,26.7617,-50.0,22.8,5,1.25,-22.46,467.71,-17.61,468.57
2026-08-08 16:16:54.933,100.0,120.0,12.0,84.7101,18.0057,-50.0,22.5,1,0.25,-21.8,467.43,-17.26,468.25
2026-08-08 16:16:55.173,100.0,120.0,12.0,84.7101,18.0057,-50.0,22.5,2,0.5,-21.8,467.43,-17.26,468.25
2026-08-08 16:16:55.429,100.0,120.0,12.0,84.7101,18.0057,-50.0,22.5,3,0.75,-21.79,467.41,-17.25,468.23
2026-08-08 16:16:55.684,100.0,120.0,12.0,84.7101,18.0057,-50.0,22.5,4,1.0,-21.79,467.41,-17.25,468.23
2026-08-08 16:16:55.924,100.0,120.0,12.0,84.7101,18.0057,-50.0,22.5,5,1.25,-21.79,467.41,-17.26,468.23
2026-08-08 16:16:59.683,100.0,120.0,6.0,86.1281,9.0524,-50.0,22.7,1,0.25,-21.44,467.19,-16.91,467.98
2026-08-08 16:16:59.923,100.0,120.0,6.0,86.1281,9.0524,-50.0,22.7,2,0.5,-21.44,467.19,-16.91,467.98
2026-08-08 16:17:00.179,100.0,120.0,6.0,86.1281,9.0524,-50.0,22.7,3,0.75,-21.44,467.21,-16.92,468.0
2026-08-08 16:17:00.434,100.0,120.0,6.0,86.1281,9.0524,-50.0,22.7,4,1.0,-21.44,467.21,-16.92,468.0
2026-08-08 16:17:00.674,100.0,120.0,6.0,86.1281,9.0524,-50.0,22.7,5,1.25,-21.44,467.2,-16.91,467.99
2026-08-08 16:17:04.433,100.0,120.0,0.0,86.6025,0.0,-50.0,23.4,1,0.25,-21.05,467.05,-16.43,467.81
2026-08-08 16:17:04.673,100.0,120.0,0.0,86.6025,0.0,-50.0,23.4,2,0.5,-21.05,467.05,-16.43,467.81
2026-08-08 16:17:04.928,100.0,120.0,0.0,86.6025,0.0,-50.0,23.4,3,0.75,-21.04,467.05,-16.42,467.81
2026-08-08 16:17:05.184,100.0,120.0,0.0,86.6025,0.0,-50.0,23.4,4,1.0,-21.04,467.05,-16.42,467.81
2026-08-08 16:17:05.424,100.0,120.0,0.0,86.6025,0.0,-50.0,23.4,5,1.25,-21.04,467.09,-16.42,467.85
2026-08-08 16:17:09.055,100.0,126.0,0.0,80.9017,0.0,-58.7785,23.9,1,0.25,-21.11,467.71,-16.2,468.46
2026-08-08 16:17:09.310,100.0,126.0,0.0,80.9017,0.0,-58.7785,23.9,2,0.5,-21.11,467.71,-16.2,468.46
2026-08-08 16:17:09.550,100.0,126.0,0.0,80.9017,0.0,-58.7785,23.9,3,0.75,-21.12,467.66,-16.21,468.41
2026-08-08 16:17:09.806,100.0,126.0,0.0,80.9017,0.0,-58.7785,23.9,4,1.0,-21.12,467.66,-16.21,468.41
2026-08-08 16:17:10.062,100.0,126.0,0.0,80.9017,0.0,-58.7785,23.9,5,1.25,-21.13,467.67,-16.21,468.42
2026-08-08 16:17:13.804,100.0,126.0,6.0,80.4585,8.4565,-58.7785,22.4,1,0.25,-21.34,467.82,-16.56,468.59
2026-08-08 16:17:14.060,100.0,126.0,6.0,80.4585,8.4565,-58.7785,22.4,2,0.5,-21.34,467.82,-16.56,468.59
2026-08-08 16:17:14.300,100.0,126.0,6.0,80.4585,8.4565,-58.7785,22.4,3,0.75,-21.36,467.86,-16.56,468.64
2026-08-08 16:17:14.556,100.0,126.0,6.0,80.4585,8.4565,-58.7785,22.4,4,1.0,-21.36,467.86,-16.56,468.64
2026-08-08 16:17:14.812,100.0,126.0,6.0,80.4585,8.4565,-58.7785,22.4,5,1.25,-21.36,467.83,-16.56,468.61
2026-08-08 16:17:18.554,100.0,126.0,12.0,79.1338,16.8204,-58.7785,23.8,1,0.25,-21.74,468.03,-17.03,468.84
2026-08-08 16:17:18.810,100.0,126.0,12.0,79.1338,16.8204,-58.7785,23.8,2,0.5,-21.74,468.03,-17.03,468.84
2026-08-08 16:17:19.050,100.0,126.0,12.0,79.1338,16.8204,-58.7785,23.8,3,0.75,-21.75,467.99,-17.03,468.8
2026-08-08 16:17:19.306,100.0,126.0,12.0,79.1338,16.8204,-58.7785,23.8,4,1.0,-21.75,467.99,-17.03,468.8
2026-08-08 16:17:19.562,100.0,126.0,12.0,79.1338,16.8204,-58.7785,23.8,5,1.25,-21.75,468.01,-17.05,468.82
2026-08-08 16:17:23.304,100.0,126.0,18.0,76.9421,25.0,-58.7785,24.0,1,0.25,-22.05,468.28,-17.22,469.11
2026-08-08 16:17:23.560,100.0,126.0,18.0,76.9421,25.0,-58.7785,24.0,2,0.5,-22.04,468.25,-17.22,469.08
2026-08-08 16:17:23.800,100.0,126.0,18.0,76.9421,25.0,-58.7785,24.0,3,0.75,-22.04,468.25,-17.22,469.08
2026-08-08 16:17:24.056,100.0,126.0,18.0,76.9421,25.0,-58.7785,24.0,4,1.0,-22.04,468.21,-17.22,469.04
2026-08-08 16:17:24.312,100.0,126.0,18.0,76.9421,25.0,-58.7785,24.0,5,1.25,-22.04,468.21,-17.22,469.04
2026-08-08 16:17:27.926,100.0,126.0,24.0,73.9074,32.9057,-58.7785,23.2,1,0.25,-22.57,468.6,-17.54,469.47
2026-08-08 16:17:28.182,100.0,126.0,24.0,73.9074,32.9057,-58.7785,23.2,2,0.5,-22.57,468.6,-17.54,469.47
2026-08-08 16:17:28.422,100.0,126.0,24.0,73.9074,32.9057,-58.7785,23.2,3,0.75,-22.58,468.57,-17.54,469.44
2026-08-08 16:17:28.678,100.0,126.0,24.0,73.9074,32.9057,-58.7785,23.2,4,1.0,-22.58,468.57,-17.54,469.44
2026-08-08 16:17:28.934,100.0,126.0,24.0,73.9074,32.9057,-58.7785,23.2,5,1.25,-22.56,468.52,-17.54,469.39
2026-08-08 16:17:32.548,100.0,126.0,30.0,70.0629,40.4508,-58.7785,,1,0.25,-22.95,468.88,-17.81,469.77
2026-08-08 16:17:32.804,100.0,126.0,30.0,70.0629,40.4508,-58.7785,,2,0.5,-22.95,468.88,-17.81,469.77
2026-08-08 16:17:33.060,100.0,126.0,30.0,70.0629,40.4508,-58.7785,,3,0.75,-22.94,468.88,-17.82,469.77
2026-08-08 16:17:33.300,100.0,126.0,30.0,70.0629,40.4508,-58.7785,,4,1.0,-22.94,468.88,-17.82,469.77
2026-08-08 16:17:33.555,100.0,126.0,30.0,70.0629,40.4508,-58.7785,,5,1.25,-22.95,468.88,-17.83,469.77
2026-08-08 16:17:37.186,100.0,126.0,36.0,65.4508,47.5528,-58.7785,23.4,1,0.25,-23.25,469.3,-18.03,470.22
2026-08-08 16:17:37.426,100.0,126.0,36.0,65.4508,47.5528,-58.7785,23.4,2,0.5,-23.25,469.3,-18.03,470.22
2026-08-08 16:17:37.682,100.0,126.0,36.0,65.4508,47.5528,-58.7785,23.4,3,0.75,-23.25,469.33,-18.03,470.25
2026-08-08 16:17:37.922,100.0,126.0,36.0,65.4508,47.5528,-58.7785,23.4,4,1.0,-23.25,469.33,-18.03,470.25
2026-08-08 16:17:38.177,100.0,126.0,36.0,65.4508,47.5528,-58.7785,23.4,5,1.25,-23.25,469.34,-18.03,470.26
2026-08-08 16:17:41.680,100.0,126.0,42.0,60.1217,54.1338,-58.7785,,1,0.25,-23.53,469.77,-18.37,470.71
2026-08-08 16:17:41.936,100.0,126.0,42.0,60.1217,54.1338,-58.7785,,2,0.5,-23.55,469.81,-18.38,470.75
2026-08-08 16:17:42.176,100.0,126.0,42.0,60.1217,54.1338,-58.7785,,3,0.75,-23.55,469.81,-18.38,470.75
2026-08-08 16:17:42.431,100.0,126.0,42.0,60.1217,54.1338,-58.7785,,4,1.0,-23.54,469.83,-18.36,470.77
2026-08-08 16:17:42.671,100.0,126.0,42.0,60.1217,54.1338,-58.7785,,5,1.25,-23.54,469.83,-18.36,470.77
2026-08-08 16:17:46.174,100.0,126.0,48.0,54.1338,60.1217,-58.7785,22.8,1,0.25,-23.92,470.33,-18.52,471.3
2026-08-08 16:17:46.430,100.0,126.0,48.0,54.1338,60.1217,-58.7785,22.8,2,0.5,-23.92,470.33,-18.52,471.3
2026-08-08 16:17:46.686,100.0,126.0,48.0,54.1338,60.1217,-58.7785,22.8,3,0.75,-23.92,470.31,-18.52,471.28
2026-08-08 16:17:46.925,100.0,126.0,48.0,54.1338,60.1217,-58.7785,22.8,4,1.0,-23.92,470.31,-18.52,471.28
2026-08-08 16:17:47.181,100.0,126.0,48.0,54.1338,60.1217,-58.7785,22.8,5,1.25,-23.92,470.39,-18.51,471.36
2026-08-08 16:17:50.684,100.0,126.0,54.0,47.5528,65.4508,-58.7785,23.2,1,0.25,-23.94,470.87,-18.67,471.84
2026-08-08 16:17:50.924,100.0,126.0,54.0,47.5528,65.4508,-58.7785,23.2,2,0.5,-23.94,470.87,-18.67,471.84
2026-08-08 16:17:51.180,100.0,126.0,54.0,47.5528,65.4508,-58.7785,23.2,3,0.75,-23.93,470.81,-18.68,471.78
2026-08-08 16:17:51.435,100.0,126.0,54.0,47.5528,65.4508,-58.7785,23.2,4,1.0,-23.93,470.81,-18.68,471.78
2026-08-08 16:17:51.675,100.0,126.0,54.0,47.5528,65.4508,-58.7785,23.2,5,1.25,-23.95,470.83,-18.67,471.8
2026-08-08 16:17:55.306,100.0,126.0,60.0,40.4508,70.0629,-58.7785,23.2,1,0.25,-23.92,471.48,-18.8,472.46
2026-08-08 16:17:55.561,100.0,126.0,60.0,40.4508,70.0629,-58.7785,23.2,2,0.5,-23.92,471.48,-18.8,472.46
2026-08-08 16:17:55.801,100.0,126.0,60.0,40.4508,70.0629,-58.7785,23.2,3,0.75,-23.92,471.48,-18.8,472.46
2026-08-08 16:17:56.057,100.0,126.0,60.0,40.4508,70.0629,-58.7785,23.2,4,1.0,-23.93,471.46,-18.8,472.44
2026-08-08 16:17:56.297,100.0,126.0,60.0,40.4508,70.0629,-58.7785,23.2,5,1.25,-23.91,471.48,-18.8,472.46
2026-08-08 16:18:02.182,100.0,126.0,66.0,32.9057,73.9074,-58.7785,23.0,1,0.25,-23.89,472.01,-18.9,472.99
2026-08-08 16:18:02.422,100.0,126.0,66.0,32.9057,73.9074,-58.7785,23.0,2,0.5,-23.89,472.01,-18.9,472.99
2026-08-08 16:18:02.678,100.0,126.0,66.0,32.9057,73.9074,-58.7785,23.0,3,0.75,-23.92,472.01,-18.88,472.99
2026-08-08 16:18:02.934,100.0,126.0,66.0,32.9057,73.9074,-58.7785,23.0,4,1.0,-23.92,472.01,-18.88,472.99
2026-08-08 16:18:03.174,100.0,126.0,66.0,32.9057,73.9074,-58.7785,23.0,5,1.25,-23.9,472.04,-18.89,473.02
2026-08-08 16:18:06.804,100.0,126.0,72.0,25.0,76.9421,-58.7785,24.1,1,0.25,-23.48,472.59,-18.95,473.55
2026-08-08 16:18:07.060,100.0,126.0,72.0,25.0,76.9421,-58.7785,24.1,2,0.5,-23.48,472.59,-18.95,473.55
2026-08-08 16:18:07.300,100.0,126.0,72.0,25.0,76.9421,-58.7785,24.1,3,0.75,-23.47,472.56,-18.97,473.52
2026-08-08 16:18:07.556,100.0,126.0,72.0,25.0,76.9421,-58.7785,24.1,4,1.0,-23.47,472.56,-18.97,473.52
2026-08-08 16:18:07.812,100.0,126.0,72.0,25.0,76.9421,-58.7785,24.1,5,1.25,-23.47,472.56,-18.97,473.52
2026-08-08 16:18:11.554,100.0,126.0,78.0,16.8204,79.1338,-58.7785,23.0,1,0.25,-22.96,472.93,-18.87,473.86
2026-08-08 16:18:11.810,100.0,126.0,78.0,16.8204,79.1338,-58.7785,23.0,2,0.5,-22.96,472.93,-18.87,473.86
2026-08-08 16:18:12.050,100.0,126.0,78.0,16.8204,79.1338,-58.7785,23.0,3,0.75,-22.95,472.95,-18.87,473.88
2026-08-08 16:18:12.306,100.0,126.0,78.0,16.8204,79.1338,-58.7785,23.0,4,1.0,-22.95,472.95,-18.87,473.88
2026-08-08 16:18:12.562,100.0,126.0,78.0,16.8204,79.1338,-58.7785,23.0,5,1.25,-22.96,472.94,-18.86,473.87
2026-08-08 16:18:16.304,100.0,126.0,84.0,8.4565,80.4585,-58.7785,23.1,1,0.25,-22.39,473.08,-18.86,473.98
2026-08-08 16:18:16.560,100.0,126.0,84.0,8.4565,80.4585,-58.7785,23.1,2,0.5,-22.39,473.08,-18.86,473.98
2026-08-08 16:18:16.800,100.0,126.0,84.0,8.4565,80.4585,-58.7785,23.1,3,0.75,-22.4,473.08,-18.87,473.98
2026-08-08 16:18:17.056,100.0,126.0,84.0,8.4565,80.4585,-58.7785,23.1,4,1.0,-22.4,473.08,-18.87,473.98
2026-08-08 16:18:17.312,100.0,126.0,84.0,8.4565,80.4585,-58.7785,23.1,5,1.25,-22.41,473.11,-18.87,474.01
2026-08-08 16:18:21.054,100.0,126.0,90.0,0.0,80.9017,-58.7785,23.9,1,0.25,-21.79,473.11,-18.74,473.98
2026-08-08 16:18:21.310,100.0,126.0,90.0,0.0,80.9017,-58.7785,23.9,2,0.5,-21.79,473.11,-18.74,473.98
2026-08-08 16:18:21.550,100.0,126.0,90.0,0.0,80.9017,-58.7785,23.9,3,0.75,-21.78,473.11,-18.73,473.98
2026-08-08 16:18:21.806,100.0,126.0,90.0,0.0,80.9017,-58.7785,23.9,4,1.0,-21.78,473.11,-18.73,473.98
2026-08-08 16:18:22.061,100.0,126.0,90.0,0.0,80.9017,-58.7785,23.9,5,1.25,-21.77,473.09,-18.74,473.96
2026-08-08 16:18:25.804,100.0,126.0,96.0,-8.4565,80.4585,-58.7785,22.6,1,0.25,-21.18,472.95,-18.71,473.79
2026-08-08 16:18:26.060,100.0,126.0,96.0,-8.4565,80.4585,-58.7785,22.6,2,0.5,-21.17,472.96,-18.71,473.8
2026-08-08 16:18:26.300,100.0,126.0,96.0,-8.4565,80.4585,-58.7785,22.6,3,0.75,-21.17,472.96,-18.71,473.8
2026-08-08 16:18:26.555,100.0,126.0,96.0,-8.4565,80.4585,-58.7785,22.6,4,1.0,-21.17,472.96,-18.71,473.8
2026-08-08 16:18:26.811,100.0,126.0,96.0,-8.4565,80.4585,-58.7785,22.6,5,1.25,-21.17,472.93,-18.72,473.77
2026-08-08 16:18:30.554,100.0,126.0,102.0,-16.8204,79.1338,-58.7785,23.1,1,0.25,-20.62,472.69,-18.54,473.5
2026-08-08 16:18:30.810,100.0,126.0,102.0,-16.8204,79.1338,-58.7785,23.1,2,0.5,-20.62,472.71,-18.52,473.52
2026-08-08 16:18:31.049,100.0,126.0,102.0,-16.8204,79.1338,-58.7785,23.1,3,0.75,-20.62,472.71,-18.52,473.52
2026-08-08 16:18:31.305,100.0,126.0,102.0,-16.8204,79.1338,-58.7785,23.1,4,1.0,-20.62,472.67,-18.53,473.48
2026-08-08 16:18:31.561,100.0,126.0,102.0,-16.8204,79.1338,-58.7785,23.1,5,1.25,-20.62,472.67,-18.53,473.48
2026-08-08 16:18:35.303,100.0,126.0,108.0,-25.0,76.9421,-58.7785,22.8,1,0.25,-20.18,472.39,-18.38,473.17
2026-08-08 16:18:35.559,100.0,126.0,108.0,-25.0,76.9421,-58.7785,22.8,2,0.5,-20.18,472.38,-18.39,473.16
2026-08-08 16:18:35.799,100.0,126.0,108.0,-25.0,76.9421,-58.7785,22.8,3,0.75,-20.18,472.38,-18.39,473.16
2026-08-08 16:18:36.055,100.0,126.0,108.0,-25.0,76.9421,-58.7785,22.8,4,1.0,-20.18,472.36,-18.37,473.14
2026-08-08 16:18:36.311,100.0,126.0,108.0,-25.0,76.9421,-58.7785,22.8,5,1.25,-20.18,472.36,-18.37,473.14
2026-08-08 16:18:39.925,100.0,126.0,114.0,-32.9057,73.9074,-58.7785,22.9,1,0.25,-19.9,472.02,-18.24,472.79
2026-08-08 16:18:40.181,100.0,126.0,114.0,-32.9057,73.9074,-58.7785,22.9,2,0.5,-19.9,472.0,-18.22,472.77
2026-08-08 16:18:40.421,100.0,126.0,114.0,-32.9057,73.9074,-58.7785,22.9,3,0.75,-19.9,472.0,-18.22,472.77
2026-08-08 16:18:40.677,100.0,126.0,114.0,-32.9057,73.9074,-58.7785,22.9,4,1.0,-19.9,472.02,-18.23,472.79
2026-08-08 16:18:40.933,100.0,126.0,114.0,-32.9057,73.9074,-58.7785,22.9,5,1.25,-19.9,472.02,-18.23,472.79
2026-08-08 16:18:44.547,100.0,126.0,120.0,-40.4508,70.0629,-58.7785,23.3,1,0.25,-19.7,471.7,-18.01,472.45
2026-08-08 16:18:44.803,100.0,126.0,120.0,-40.4508,70.0629,-58.7785,23.3,2,0.5,-19.7,471.7,-18.01,472.45
2026-08-08 16:18:45.059,100.0,126.0,120.0,-40.4508,70.0629,-58.7785,23.3,3,0.75,-19.71,471.69,-18.0,472.44
2026-08-08 16:18:45.299,100.0,126.0,120.0,-40.4508,70.0629,-58.7785,23.3,4,1.0,-19.71,471.69,-18.0,472.44
2026-08-08 16:18:45.555,100.0,126.0,120.0,-40.4508,70.0629,-58.7785,23.3,5,1.25,-19.72,471.69,-18.0,472.44
2026-08-08 16:18:49.185,100.0,126.0,126.0,-47.5528,65.4508,-58.7785,23.3,1,0.25,-19.52,471.37,-17.65,472.1
2026-08-08 16:18:49.425,100.0,126.0,126.0,-47.5528,65.4508,-58.7785,23.3,2,0.5,-19.52,471.37,-17.65,472.1
2026-08-08 16:18:49.681,100.0,126.0,126.0,-47.5528,65.4508,-58.7785,23.3,3,0.75,-19.52,471.4,-17.65,472.13
2026-08-08 16:18:49.921,100.0,126.0,126.0,-47.5528,65.4508,-58.7785,23.3,4,1.0,-19.52,471.4,-17.65,472.13
2026-08-08 16:18:50.177,100.0,126.0,126.0,-47.5528,65.4508,-58.7785,23.3,5,1.25,-19.53,471.37,-17.65,472.1
2026-08-08 16:18:53.679,100.0,126.0,132.0,-54.1338,60.1217,-58.7785,22.6,1,0.25,-19.43,471.04,-17.29,471.75
2026-08-08 16:18:53.935,100.0,126.0,132.0,-54.1338,60.1217,-58.7785,22.6,2,0.5,-19.43,471.04,-17.29,471.75
2026-08-08 16:18:54.175,100.0,126.0,132.0,-54.1338,60.1217,-58.7785,22.6,3,0.75,-19.43,471.04,-17.29,471.75
2026-08-08 16:18:54.431,100.0,126.0,132.0,-54.1338,60.1217,-58.7785,22.6,4,1.0,-19.43,470.98,-17.31,471.69
2026-08-08 16:18:54.671,100.0,126.0,132.0,-54.1338,60.1217,-58.7785,22.6,5,1.25,-19.43,470.98,-17.31,471.69
2026-08-08 16:18:58.173,100.0,126.0,138.0,-60.1217,54.1338,-58.7785,22.8,1,0.25,-19.24,470.61,-16.83,471.3
2026-08-08 16:18:58.429,100.0,126.0,138.0,-60.1217,54.1338,-58.7785,22.8,2,0.5,-19.23,470.6,-16.81,471.29
2026-08-08 16:18:58.685,100.0,126.0,138.0,-60.1217,54.1338,-58.7785,22.8,3,0.75,-19.23,470.6,-16.81,471.29
2026-08-08 16:18:58.925,100.0,126.0,138.0,-60.1217,54.1338,-58.7785,22.8,4,1.0,-19.24,470.55,-16.83,471.24
2026-08-08 16:18:59.181,100.0,126.0,138.0,-60.1217,54.1338,-58.7785,22.8,5,1.25,-19.24,470.55,-16.83,471.24
2026-08-08 16:19:02.683,100.0,126.0,144.0,-65.4508,47.5528,-58.7785,22.6,1,0.25,-19.17,470.12,-16.42,470.79
2026-08-08 16:19:02.923,100.0,126.0,144.0,-65.4508,47.5528,-58.7785,22.6,2,0.5,-19.17,470.12,-16.42,470.79
2026-08-08 16:19:03.179,100.0,126.0,144.0,-65.4508,47.5528,-58.7785,22.6,3,0.75,-19.17,470.1,-16.42,470.77
2026-08-08 16:19:03.435,100.0,126.0,144.0,-65.4508,47.5528,-58.7785,22.6,4,1.0,-19.17,470.1,-16.42,470.77
2026-08-08 16:19:03.675,100.0,126.0,144.0,-65.4508,47.5528,-58.7785,22.6,5,1.25,-19.16,470.11,-16.42,470.78
2026-08-08 16:19:07.305,100.0,126.0,150.0,-70.0629,40.4508,-58.7785,,1,0.25,-19.22,469.65,-16.0,470.31
2026-08-08 16:19:07.561,100.0,126.0,150.0,-70.0629,40.4508,-58.7785,,2,0.5,-19.22,469.65,-16.0,470.31
2026-08-08 16:19:07.801,100.0,126.0,150.0,-70.0629,40.4508,-58.7785,,3,0.75,-19.24,469.64,-16.0,470.3
2026-08-08 16:19:08.057,100.0,126.0,150.0,-70.0629,40.4508,-58.7785,,4,1.0,-19.24,469.64,-16.0,470.3
2026-08-08 16:19:08.297,100.0,126.0,150.0,-70.0629,40.4508,-58.7785,,5,1.25,-19.23,469.63,-15.97,470.29
2026-08-08 16:19:14.182,100.0,126.0,156.0,-73.9074,32.9057,-58.7785,21.3,1,0.25,-19.41,469.11,-15.58,469.76
2026-08-08 16:19:14.422,100.0,126.0,156.0,-73.9074,32.9057,-58.7785,21.3,2,0.5,-19.41,469.11,-15.58,469.76
2026-08-08 16:19:14.678,100.0,126.0,156.0,-73.9074,32.9057,-58.7785,21.3,3,0.75,-19.41,469.07,-15.57,469.72
2026-08-08 16:19:14.934,100.0,126.0,156.0,-73.9074,32.9057,-58.7785,21.3,4,1.0,-19.41,469.07,-15.57,469.72
2026-08-08 16:19:15.174,100.0,126.0,156.0,-73.9074,32.9057,-58.7785,21.3,5,1.25,-19.41,469.09,-15.58,469.74
2026-08-08 16:19:18.804,100.0,126.0,162.0,-76.9421,25.0,-58.7785,22.5,1,0.25,-19.65,468.65,-15.17,469.3
2026-08-08 16:19:19.060,100.0,126.0,162.0,-76.9421,25.0,-58.7785,22.5,2,0.5,-19.65,468.65,-15.17,469.3
2026-08-08 16:19:19.300,100.0,126.0,162.0,-76.9421,25.0,-58.7785,22.5,3,0.75,-19.66,468.62,-15.16,469.27
2026-08-08 16:19:19.556,100.0,126.0,162.0,-76.9421,25.0,-58.7785,22.5,4,1.0,-19.66,468.62,-15.16,469.27
2026-08-08 16:19:19.796,100.0,126.0,162.0,-76.9421,25.0,-58.7785,22.5,5,1.25,-19.65,468.71,-15.15,469.36
2026-08-08 16:19:25.809,100.0,126.0,168.0,-79.1338,16.8204,-58.7785,23.4,1,0.25,-20.0,468.26,-14.87,468.92
2026-08-08 16:19:26.049,100.0,126.0,168.0,-79.1338,16.8204,-58.7785,23.4,2,0.5,-19.99,468.27,-14.86,468.93
2026-08-08 16:19:26.305,100.0,126.0,168.0,-79.1338,16.8204,-58.7785,23.4,3,0.75,-19.99,468.27,-14.86,468.93
2026-08-08 16:19:26.561,100.0,126.0,168.0,-79.1338,16.8204,-58.7785,23.4,4,1.0,-19.97,468.25,-14.86,468.91
2026-08-08 16:19:26.800,100.0,126.0,168.0,-79.1338,16.8204,-58.7785,23.4,5,1.25,-19.97,468.25,-14.86,468.91
2026-08-08 16:19:30.559,100.0,126.0,174.0,-80.4585,8.4565,-58.7785,21.0,1,0.25,-20.43,467.82,-14.45,468.48
2026-08-08 16:19:30.799,100.0,126.0,174.0,-80.4585,8.4565,-58.7785,21.0,2,0.5,-20.43,467.88,-14.44,468.54
2026-08-08 16:19:31.055,100.0,126.0,174.0,-80.4585,8.4565,-58.7785,21.0,3,0.75,-20.43,467.88,-14.44,468.54
2026-08-08 16:19:31.310,100.0,126.0,174.0,-80.4585,8.4565,-58.7785,21.0,4,1.0,-20.43,467.84,-14.45,468.5
2026-08-08 16:19:31.550,100.0,126.0,174.0,-80.4585,8.4565,-58.7785,21.0,5,1.25,-20.43,467.84,-14.45,468.5
2026-08-08 16:19:35.309,100.0,126.0,180.0,-80.9017,0.0,-58.7785,23.8,1,0.25,-20.85,467.69,-14.14,468.36
2026-08-08 16:19:35.549,100.0,126.0,180.0,-80.9017,0.0,-58.7785,23.8,2,0.5,-20.86,467.7,-14.14,468.37
2026-08-08 16:19:35.804,100.0,126.0,180.0,-80.9017,0.0,-58.7785,23.8,3,0.75,-20.86,467.7,-14.14,468.37
2026-08-08 16:19:36.060,100.0,126.0,180.0,-80.9017,0.0,-58.7785,23.8,4,1.0,-20.85,467.73,-14.13,468.4
2026-08-08 16:19:36.300,100.0,126.0,180.0,-80.9017,0.0,-58.7785,23.8,5,1.25,-20.85,467.73,-14.13,468.4
2026-08-08 16:19:40.059,100.0,126.0,186.0,-80.4585,-8.4565,-58.7785,22.4,1,0.25,-21.14,467.63,-13.87,468.31
2026-08-08 16:19:40.298,100.0,126.0,186.0,-80.4585,-8.4565,-58.7785,22.4,2,0.5,-21.13,467.68,-13.88,468.36
2026-08-08 16:19:40.554,100.0,126.0,186.0,-80.4585,-8.4565,-58.7785,22.4,3,0.75,-21.13,467.68,-13.88,468.36
2026-08-08 16:19:40.810,100.0,126.0,186.0,-80.4585,-8.4565,-58.7785,22.4,4,1.0,-21.12,467.61,-13.87,468.29
2026-08-08 16:19:41.050,100.0,126.0,186.0,-80.4585,-8.4565,-58.7785,22.4,5,1.25,-21.12,467.61,-13.87,468.29
2026-08-08 16:19:44.808,100.0,126.0,192.0,-79.1338,-16.8204,-58.7785,22.2,1,0.25,-21.76,467.62,-13.82,468.32
2026-08-08 16:19:45.048,100.0,126.0,192.0,-79.1338,-16.8204,-58.7785,22.2,2,0.5,-21.76,467.62,-13.82,468.32
2026-08-08 16:19:45.304,100.0,126.0,192.0,-79.1338,-16.8204,-58.7785,22.2,3,0.75,-21.75,467.61,-13.81,468.31
2026-08-08 16:19:45.560,100.0,126.0,192.0,-79.1338,-16.8204,-58.7785,22.2,4,1.0,-21.75,467.61,-13.81,468.31
2026-08-08 16:19:45.800,100.0,126.0,192.0,-79.1338,-16.8204,-58.7785,22.2,5,1.25,-21.76,467.62,-13.81,468.32
2026-08-08 16:19:49.558,100.0,126.0,198.0,-76.9421,-25.0,-58.7785,24.2,1,0.25,-22.17,467.64,-13.57,468.36
2026-08-08 16:19:49.798,100.0,126.0,198.0,-76.9421,-25.0,-58.7785,24.2,2,0.5,-22.17,467.64,-13.57,468.36
2026-08-08 16:19:50.054,100.0,126.0,198.0,-76.9421,-25.0,-58.7785,24.2,3,0.75,-22.16,467.66,-13.57,468.38
2026-08-08 16:19:50.310,100.0,126.0,198.0,-76.9421,-25.0,-58.7785,24.2,4,1.0,-22.16,467.66,-13.57,468.38
2026-08-08 16:19:50.550,100.0,126.0,198.0,-76.9421,-25.0,-58.7785,24.2,5,1.25,-22.16,467.63,-13.57,468.35
2026-08-08 16:19:54.180,100.0,126.0,204.0,-73.9074,-32.9057,-58.7785,23.0,1,0.25,-22.56,467.74,-13.46,468.47
2026-08-08 16:19:54.436,100.0,126.0,204.0,-73.9074,-32.9057,-58.7785,23.0,2,0.5,-22.56,467.74,-13.46,468.47
2026-08-08 16:19:54.676,100.0,126.0,204.0,-73.9074,-32.9057,-58.7785,23.0,3,0.75,-22.56,467.72,-13.45,468.45
2026-08-08 16:19:54.932,100.0,126.0,204.0,-73.9074,-32.9057,-58.7785,23.0,4,1.0,-22.56,467.72,-13.45,468.45
2026-08-08 16:19:55.172,100.0,126.0,204.0,-73.9074,-32.9057,-58.7785,23.0,5,1.25,-22.56,467.72,-13.45,468.45
2026-08-08 16:19:58.802,100.0,126.0,210.0,-70.0629,-40.4508,-58.7785,23.1,1,0.25,-22.85,467.83,-13.5,468.58
2026-08-08 16:19:59.058,100.0,126.0,210.0,-70.0629,-40.4508,-58.7785,23.1,2,0.5,-22.85,467.84,-13.52,468.59
2026-08-08 16:19:59.298,100.0,126.0,210.0,-70.0629,-40.4508,-58.7785,23.1,3,0.75,-22.85,467.84,-13.52,468.59
2026-08-08 16:19:59.554,100.0,126.0,210.0,-70.0629,-40.4508,-58.7785,23.1,4,1.0,-22.85,467.82,-13.53,468.57
2026-08-08 16:19:59.810,100.0,126.0,210.0,-70.0629,-40.4508,-58.7785,23.1,5,1.25,-22.85,467.82,-13.53,468.57
2026-08-08 16:20:03.424,100.0,126.0,216.0,-65.4508,-47.5528,-58.7785,24.1,1,0.25,-23.17,467.98,-13.4,468.74
2026-08-08 16:20:03.680,100.0,126.0,216.0,-65.4508,-47.5528,-58.7785,24.1,2,0.5,-23.17,467.94,-13.39,468.7
2026-08-08 16:20:03.936,100.0,126.0,216.0,-65.4508,-47.5528,-58.7785,24.1,3,0.75,-23.17,467.94,-13.39,468.7
2026-08-08 16:20:04.176,100.0,126.0,216.0,-65.4508,-47.5528,-58.7785,24.1,4,1.0,-23.16,467.98,-13.39,468.74
2026-08-08 16:20:04.432,100.0,126.0,216.0,-65.4508,-47.5528,-58.7785,24.1,5,1.25,-23.16,467.98,-13.39,468.74
2026-08-08 16:20:07.934,100.0,126.0,222.0,-60.1217,-54.1338,-58.7785,22.7,1,0.25,-23.4,468.29,-13.18,469.05
2026-08-08 16:20:08.174,100.0,126.0,222.0,-60.1217,-54.1338,-58.7785,22.7,2,0.5,-23.4,468.29,-13.18,469.05
2026-08-08 16:20:08.430,100.0,126.0,222.0,-60.1217,-54.1338,-58.7785,22.7,3,0.75,-23.42,468.27,-13.19,469.04
2026-08-08 16:20:08.686,100.0,126.0,222.0,-60.1217,-54.1338,-58.7785,22.7,4,1.0,-23.42,468.27,-13.19,469.04
2026-08-08 16:20:08.926,100.0,126.0,222.0,-60.1217,-54.1338,-58.7785,22.7,5,1.25,-23.42,468.28,-13.18,469.05
2026-08-08 16:20:12.428,100.0,126.0,228.0,-54.1338,-60.1217,-58.7785,22.7,1,0.25,-23.63,468.5,-13.18,469.28
2026-08-08 16:20:12.684,100.0,126.0,228.0,-54.1338,-60.1217,-58.7785,22.7,2,0.5,-23.63,468.5,-13.18,469.28
2026-08-08 16:20:12.924,100.0,126.0,228.0,-54.1338,-60.1217,-58.7785,22.7,3,0.75,-23.63,468.52,-13.18,469.3
2026-08-08 16:20:13.180,100.0,126.0,228.0,-54.1338,-60.1217,-58.7785,22.7,4,1.0,-23.63,468.52,-13.18,469.3
2026-08-08 16:20:13.436,100.0,126.0,228.0,-54.1338,-60.1217,-58.7785,22.7,5,1.25,-23.63,468.48,-13.17,469.26
2026-08-08 16:20:16.922,100.0,126.0,234.0,-47.5528,-65.4508,-58.7785,22.9,1,0.25,-23.86,468.7,-12.97,469.48
2026-08-08 16:20:17.178,100.0,126.0,234.0,-47.5528,-65.4508,-58.7785,22.9,2,0.5,-23.86,468.71,-12.96,469.49
2026-08-08 16:20:17.434,100.0,126.0,234.0,-47.5528,-65.4508,-58.7785,22.9,3,0.75,-23.86,468.71,-12.96,469.49
2026-08-08 16:20:17.674,100.0,126.0,234.0,-47.5528,-65.4508,-58.7785,22.9,4,1.0,-23.85,468.69,-12.96,469.47
2026-08-08 16:20:17.930,100.0,126.0,234.0,-47.5528,-65.4508,-58.7785,22.9,5,1.25,-23.85,468.69,-12.96,469.47
2026-08-08 16:20:21.560,100.0,126.0,240.0,-40.4508,-70.0629,-58.7785,22.9,1,0.25,-23.74,469.13,-12.79,469.9
2026-08-08 16:20:21.800,100.0,126.0,240.0,-40.4508,-70.0629,-58.7785,22.9,2,0.5,-23.74,469.13,-12.79,469.9
2026-08-08 16:20:22.056,100.0,126.0,240.0,-40.4508,-70.0629,-58.7785,22.9,3,0.75,-23.74,469.13,-12.79,469.9
2026-08-08 16:20:22.296,100.0,126.0,240.0,-40.4508,-70.0629,-58.7785,22.9,4,1.0,-23.74,469.11,-12.8,469.88
2026-08-08 16:20:24.807,100.0,126.0,240.0,-40.4508,-70.0629,-58.7785,22.9,5,1.25,-23.74,469.11,-12.8,469.88
2026-08-08 16:20:28.421,100.0,126.0,246.0,-32.9057,-73.9074,-58.7785,24.0,1,0.25,-23.55,469.52,-12.69,470.28
2026-08-08 16:20:28.677,100.0,126.0,246.0,-32.9057,-73.9074,-58.7785,24.0,2,0.5,-23.56,469.5,-12.7,470.26
2026-08-08 16:20:28.933,100.0,126.0,246.0,-32.9057,-73.9074,-58.7785,24.0,3,0.75,-23.56,469.5,-12.7,470.26
2026-08-08 16:20:29.172,100.0,126.0,246.0,-32.9057,-73.9074,-58.7785,24.0,4,1.0,-23.56,469.43,-12.71,470.19
2026-08-08 16:20:29.428,100.0,126.0,246.0,-32.9057,-73.9074,-58.7785,24.0,5,1.25,-23.56,469.43,-12.71,470.19
2026-08-08 16:20:33.171,100.0,126.0,252.0,-25.0,-76.9421,-58.7785,23.0,1,0.25,-23.27,469.84,-12.64,470.58
2026-08-08 16:20:33.427,100.0,126.0,252.0,-25.0,-76.9421,-58.7785,23.0,2,0.5,-23.28,469.87,-12.64,470.61
2026-08-08 16:20:33.682,100.0,126.0,252.0,-25.0,-76.9421,-58.7785,23.0,3,0.75,-23.28,469.87,-12.64,470.61
2026-08-08 16:20:33.922,100.0,126.0,252.0,-25.0,-76.9421,-58.7785,23.0,4,1.0,-23.27,469.9,-12.64,470.64
2026-08-08 16:20:34.178,100.0,126.0,252.0,-25.0,-76.9421,-58.7785,23.0,5,1.25,-23.27,469.9,-12.64,470.64
2026-08-08 16:20:37.920,100.0,126.0,258.0,-16.8204,-79.1338,-58.7785,,1,0.25,-22.83,470.19,-12.58,470.91
2026-08-08 16:20:38.176,100.0,126.0,258.0,-16.8204,-79.1338,-58.7785,,2,0.5,-22.83,470.19,-12.58,470.91
2026-08-08 16:20:38.432,100.0,126.0,258.0,-16.8204,-79.1338,-58.7785,,3,0.75,-22.83,470.19,-12.58,470.91
2026-08-08 16:20:38.672,100.0,126.0,258.0,-16.8204,-79.1338,-58.7785,,4,1.0,-22.81,470.17,-12.6,470.89
2026-08-08 16:20:38.928,100.0,126.0,258.0,-16.8204,-79.1338,-58.7785,,5,1.25,-22.81,470.17,-12.6,470.89
2026-08-08 16:20:42.670,100.0,126.0,264.0,-8.4565,-80.4585,-58.7785,23.0,1,0.25,-22.36,470.4,-12.54,471.09
2026-08-08 16:20:42.926,100.0,126.0,264.0,-8.4565,-80.4585,-58.7785,23.0,2,0.5,-22.36,470.4,-12.54,471.09
2026-08-08 16:20:43.182,100.0,126.0,264.0,-8.4565,-80.4585,-58.7785,23.0,3,0.75,-22.34,470.38,-12.55,471.07
2026-08-08 16:20:43.422,100.0,126.0,264.0,-8.4565,-80.4585,-58.7785,23.0,4,1.0,-22.34,470.38,-12.55,471.07
2026-08-08 16:20:43.678,100.0,126.0,264.0,-8.4565,-80.4585,-58.7785,23.0,5,1.25,-22.34,470.37,-12.54,471.06
2026-08-08 16:20:47.420,100.0,126.0,270.0,-0.0,-80.9017,-58.7785,22.5,1,0.25,-22.04,470.62,-12.51,471.3
2026-08-08 16:20:47.676,100.0,126.0,270.0,-0.0,-80.9017,-58.7785,22.5,2,0.5,-22.04,470.62,-12.51,471.3
2026-08-08 16:20:47.932,100.0,126.0,270.0,-0.0,-80.9017,-58.7785,22.5,3,0.75,-22.04,470.66,-12.5,471.34
2026-08-08 16:20:48.172,100.0,126.0,270.0,-0.0,-80.9017,-58.7785,22.5,4,1.0,-22.04,470.66,-12.5,471.34
2026-08-08 16:20:48.428,100.0,126.0,270.0,-0.0,-80.9017,-58.7785,22.5,5,1.25,-22.06,470.64,-12.5,471.32
2026-08-08 16:20:52.170,100.0,126.0,276.0,8.4565,-80.4585,-58.7785,22.1,1,0.25,-21.47,470.69,-12.56,471.34
2026-08-08 16:20:52.426,100.0,126.0,276.0,8.4565,-80.4585,-58.7785,22.1,2,0.5,-21.47,470.69,-12.56,471.34
2026-08-08 16:20:52.682,100.0,126.0,276.0,8.4565,-80.4585,-58.7785,22.1,3,0.75,-21.48,470.72,-12.56,471.37
2026-08-08 16:20:52.922,100.0,126.0,276.0,8.4565,-80.4585,-58.7785,22.1,4,1.0,-21.48,470.72,-12.56,471.37
2026-08-08 16:20:53.178,100.0,126.0,276.0,8.4565,-80.4585,-58.7785,22.1,5,1.25,-21.48,470.72,-12.56,471.37
2026-08-08 16:20:56.920,100.0,126.0,282.0,16.8204,-79.1338,-58.7785,23.3,1,0.25,-20.84,470.74,-12.47,471.36
2026-08-08 16:20:57.176,100.0,126.0,282.0,16.8204,-79.1338,-58.7785,23.3,2,0.5,-20.84,470.74,-12.47,471.36
2026-08-08 16:20:57.432,100.0,126.0,282.0,16.8204,-79.1338,-58.7785,23.3,3,0.75,-20.86,470.76,-12.46,471.38
2026-08-08 16:20:57.672,100.0,126.0,282.0,16.8204,-79.1338,-58.7785,23.3,4,1.0,-20.86,470.76,-12.46,471.38
2026-08-08 16:20:57.928,100.0,126.0,282.0,16.8204,-79.1338,-58.7785,23.3,5,1.25,-20.87,470.76,-12.48,471.38
2026-08-08 16:21:01.670,100.0,126.0,288.0,25.0,-76.9421,-58.7785,22.5,1,0.25,-20.49,470.62,-12.54,471.23
2026-08-08 16:21:01.926,100.0,126.0,288.0,25.0,-76.9421,-58.7785,22.5,2,0.5,-20.49,470.58,-12.53,471.19
2026-08-08 16:21:02.182,100.0,126.0,288.0,25.0,-76.9421,-58.7785,22.5,3,0.75,-20.49,470.58,-12.53,471.19
2026-08-08 16:21:02.422,100.0,126.0,288.0,25.0,-76.9421,-58.7785,22.5,4,1.0,-20.49,470.58,-12.53,471.19
2026-08-08 16:21:02.677,100.0,126.0,288.0,25.0,-76.9421,-58.7785,22.5,5,1.25,-20.5,470.65,-12.53,471.26
2026-08-08 16:21:08.293,100.0,126.0,294.0,32.9057,-73.9074,-58.7785,23.8,1,1.5,-19.91,470.42,-12.54,471.0
2026-08-08 16:21:08.435,100.0,126.0,294.0,32.9057,-73.9074,-58.7785,23.8,2,1.75,-19.91,470.42,-12.54,471.0
2026-08-08 16:21:08.675,100.0,126.0,294.0,32.9057,-73.9074,-58.7785,23.8,3,2.0,-19.91,470.42,-12.54,471.0
2026-08-08 16:21:08.931,100.0,126.0,294.0,32.9057,-73.9074,-58.7785,23.8,4,2.25,-19.91,470.43,-12.52,471.01
2026-08-08 16:21:09.171,100.0,126.0,294.0,32.9057,-73.9074,-58.7785,23.8,5,2.5,-19.91,470.43,-12.52,471.01
2026-08-08 16:21:12.801,100.0,126.0,300.0,40.4508,-70.0629,-58.7785,22.8,1,0.25,-19.6,470.06,-12.65,470.63
2026-08-08 16:21:13.057,100.0,126.0,300.0,40.4508,-70.0629,-58.7785,22.8,2,0.5,-19.6,470.1,-12.65,470.67
2026-08-08 16:21:13.297,100.0,126.0,300.0,40.4508,-70.0629,-58.7785,22.8,3,0.75,-19.6,470.1,-12.65,470.67
2026-08-08 16:21:13.552,100.0,126.0,300.0,40.4508,-70.0629,-58.7785,22.8,4,1.0,-19.6,470.13,-12.67,470.7
2026-08-08 16:21:13.808,100.0,126.0,300.0,40.4508,-70.0629,-58.7785,22.8,5,1.25,-19.6,470.13,-12.67,470.7
2026-08-08 16:21:17.423,100.0,126.0,306.0,47.5528,-65.4508,-58.7785,23.0,1,0.25,-19.27,469.77,-12.87,470.34
2026-08-08 16:21:17.679,100.0,126.0,306.0,47.5528,-65.4508,-58.7785,23.0,2,0.5,-19.28,469.8,-12.87,470.37
2026-08-08 16:21:17.934,100.0,126.0,306.0,47.5528,-65.4508,-58.7785,23.0,3,0.75,-19.28,469.8,-12.87,470.37
2026-08-08 16:21:18.174,100.0,126.0,306.0,47.5528,-65.4508,-58.7785,23.0,4,1.0,-19.27,469.8,-12.85,470.37
2026-08-08 16:21:18.430,100.0,126.0,306.0,47.5528,-65.4508,-58.7785,23.0,5,1.25,-19.27,469.8,-12.85,470.37
2026-08-08 16:21:21.933,100.0,126.0,312.0,54.1338,-60.1217,-58.7785,23.0,1,0.25,-19.04,469.3,-13.14,469.86
2026-08-08 16:21:22.173,100.0,126.0,312.0,54.1338,-60.1217,-58.7785,23.0,2,0.5,-19.04,469.3,-13.14,469.86
2026-08-08 16:21:22.429,100.0,126.0,312.0,54.1338,-60.1217,-58.7785,23.0,3,0.75,-19.04,469.31,-13.14,469.87
2026-08-08 16:21:22.684,100.0,126.0,312.0,54.1338,-60.1217,-58.7785,23.0,4,1.0,-19.04,469.31,-13.14,469.87
2026-08-08 16:21:22.924,100.0,126.0,312.0,54.1338,-60.1217,-58.7785,23.0,5,1.25,-19.04,469.25,-13.13,469.81
2026-08-08 16:21:26.427,100.0,126.0,318.0,60.1217,-54.1338,-58.7785,23.2,1,0.25,-18.75,468.86,-13.35,469.42
2026-08-08 16:21:26.683,100.0,126.0,318.0,60.1217,-54.1338,-58.7785,23.2,2,0.5,-18.75,468.86,-13.35,469.42
2026-08-08 16:21:26.923,100.0,126.0,318.0,60.1217,-54.1338,-58.7785,23.2,3,0.75,-18.75,468.86,-13.35,469.42
2026-08-08 16:21:27.178,100.0,126.0,318.0,60.1217,-54.1338,-58.7785,23.2,4,1.0,-18.74,468.89,-13.34,469.45
2026-08-08 16:21:27.434,100.0,126.0,318.0,60.1217,-54.1338,-58.7785,23.2,5,1.25,-18.74,468.89,-13.34,469.45
2026-08-08 16:21:30.921,100.0,126.0,324.0,65.4508,-47.5528,-58.7785,23.0,1,0.25,-18.98,468.46,-13.82,469.04
2026-08-08 16:21:31.177,100.0,126.0,324.0,65.4508,-47.5528,-58.7785,23.0,2,0.5,-18.99,468.45,-13.82,469.03
2026-08-08 16:21:31.432,100.0,126.0,324.0,65.4508,-47.5528,-58.7785,23.0,3,0.75,-18.99,468.45,-13.82,469.03
2026-08-08 16:21:31.672,100.0,126.0,324.0,65.4508,-47.5528,-58.7785,23.0,4,1.0,-18.98,468.45,-13.84,469.03
2026-08-08 16:21:31.928,100.0,126.0,324.0,65.4508,-47.5528,-58.7785,23.0,5,1.25,-18.98,468.45,-13.84,469.03
2026-08-08 16:21:35.559,100.0,126.0,330.0,70.0629,-40.4508,-58.7785,22.3,1,0.25,-19.29,468.12,-14.21,468.73
2026-08-08 16:21:35.799,100.0,126.0,330.0,70.0629,-40.4508,-58.7785,22.3,2,0.5,-19.29,468.12,-14.21,468.73
2026-08-08 16:21:36.054,100.0,126.0,330.0,70.0629,-40.4508,-58.7785,22.3,3,0.75,-19.29,468.13,-14.18,468.74
2026-08-08 16:21:36.310,100.0,126.0,330.0,70.0629,-40.4508,-58.7785,22.3,4,1.0,-19.29,468.13,-14.18,468.74
2026-08-08 16:21:36.550,100.0,126.0,330.0,70.0629,-40.4508,-58.7785,22.3,5,1.25,-19.31,468.14,-14.19,468.75
2026-08-08 16:21:40.180,100.0,126.0,336.0,73.9074,-32.9057,-58.7785,24.1,1,0.25,-19.68,467.76,-14.57,468.4
2026-08-08 16:21:40.420,100.0,126.0,336.0,73.9074,-32.9057,-58.7785,24.1,2,0.5,-19.68,467.76,-14.57,468.4
2026-08-08 16:21:40.676,100.0,126.0,336.0,73.9074,-32.9057,-58.7785,24.1,3,0.75,-19.68,467.81,-14.57,468.45
2026-08-08 16:21:40.932,100.0,126.0,336.0,73.9074,-32.9057,-58.7785,24.1,4,1.0,-19.68,467.81,-14.57,468.45
2026-08-08 16:21:41.172,100.0,126.0,336.0,73.9074,-32.9057,-58.7785,24.1,5,1.25,-19.67,467.81,-14.58,468.45
2026-08-08 16:21:44.802,100.0,126.0,342.0,76.9421,-25.0,-58.7785,23.0,1,0.25,-19.83,467.63,-15.06,468.29
2026-08-08 16:21:45.058,100.0,126.0,342.0,76.9421,-25.0,-58.7785,23.0,2,0.5,-19.83,467.63,-15.06,468.29
2026-08-08 16:21:45.298,100.0,126.0,342.0,76.9421,-25.0,-58.7785,23.0,3,0.75,-19.81,467.68,-15.04,468.34
2026-08-08 16:21:45.554,100.0,126.0,342.0,76.9421,-25.0,-58.7785,23.0,4,1.0,-19.81,467.68,-15.04,468.34
2026-08-08 16:21:45.810,100.0,126.0,342.0,76.9421,-25.0,-58.7785,23.0,5,1.25,-19.82,467.66,-15.06,468.32
2026-08-08 16:21:49.552,100.0,126.0,348.0,79.1338,-16.8204,-58.7785,23.0,1,0.25,-20.16,467.55,-15.47,468.24
2026-08-08 16:21:49.808,100.0,126.0,348.0,79.1338,-16.8204,-58.7785,23.0,2,0.5,-20.16,467.55,-15.47,468.24
2026-08-08 16:21:50.048,100.0,126.0,348.0,79.1338,-16.8204,-58.7785,23.0,3,0.75,-20.16,467.56,-15.47,468.25
2026-08-08 16:21:50.304,100.0,126.0,348.0,79.1338,-16.8204,-58.7785,23.0,4,1.0,-20.16,467.56,-15.47,468.25
2026-08-08 16:21:50.560,100.0,126.0,348.0,79.1338,-16.8204,-58.7785,23.0,5,1.25,-20.16,467.57,-15.48,468.26
2026-08-08 16:21:54.302,100.0,126.0,354.0,80.4585,-8.4565,-58.7785,23.5,1,0.25,-20.53,467.54,-15.8,468.25
2026-08-08 16:21:54.558,100.0,126.0,354.0,80.4585,-8.4565,-58.7785,23.5,2,0.5,-20.53,467.54,-15.8,468.25
2026-08-08 16:21:54.798,100.0,126.0,354.0,80.4585,-8.4565,-58.7785,23.5,3,0.75,-20.54,467.53,-15.82,468.24
2026-08-08 16:21:55.054,100.0,126.0,354.0,80.4585,-8.4565,-58.7785,23.5,4,1.0,-20.54,467.53,-15.82,468.24
2026-08-08 16:21:55.310,100.0,126.0,354.0,80.4585,-8.4565,-58.7785,23.5,5,1.25,-20.53,467.55,-15.82,468.26
2026-08-08 16:21:58.796,100.0,132.0,354.0,73.9074,-7.768,-66.9131,23.0,1,0.25,-20.71,468.14,-15.73,468.86
2026-08-08 16:21:59.052,100.0,132.0,354.0,73.9074,-7.768,-66.9131,23.0,2,0.5,-20.71,468.14,-15.73,468.86
2026-08-08 16:21:59.308,100.0,132.0,354.0,73.9074,-7.768,-66.9131,23.0,3,0.75,-20.7,468.15,-15.74,468.87
2026-08-08 16:21:59.548,100.0,132.0,354.0,73.9074,-7.768,-66.9131,23.0,4,1.0,-20.7,468.15,-15.74,468.87
2026-08-08 16:21:59.804,100.0,132.0,354.0,73.9074,-7.768,-66.9131,23.0,5,1.25,-20.71,468.14,-15.74,468.86
2026-08-08 16:22:03.434,100.0,132.0,348.0,72.6905,-15.4508,-66.9131,22.7,1,0.25,-20.33,468.13,-15.46,468.82
2026-08-08 16:22:03.674,100.0,132.0,348.0,72.6905,-15.4508,-66.9131,22.7,2,0.5,-20.33,468.13,-15.46,468.82
2026-08-08 16:22:03.930,100.0,132.0,348.0,72.6905,-15.4508,-66.9131,22.7,3,0.75,-20.33,468.13,-15.46,468.82
2026-08-08 16:22:04.170,100.0,132.0,348.0,72.6905,-15.4508,-66.9131,22.7,4,1.0,-20.34,468.15,-15.46,468.84
2026-08-08 16:22:04.426,100.0,132.0,348.0,72.6905,-15.4508,-66.9131,22.7,5,1.25,-20.34,468.15,-15.46,468.84
2026-08-08 16:22:08.056,100.0,132.0,342.0,70.6773,-22.9644,-66.9131,22.6,1,0.25,-20.01,468.21,-15.09,468.88
2026-08-08 16:22:08.296,100.0,132.0,342.0,70.6773,-22.9644,-66.9131,22.6,2,0.5,-20.0,468.21,-15.09,468.87
2026-08-08 16:22:08.552,100.0,132.0,342.0,70.6773,-22.9644,-66.9131,22.6,3,0.75,-20.0,468.21,-15.09,468.87
2026-08-08 16:22:08.808,100.0,132.0,342.0,70.6773,-22.9644,-66.9131,22.6,4,1.0,-20.0,468.2,-15.09,468.86
2026-08-08 16:22:09.048,100.0,132.0,342.0,70.6773,-22.9644,-66.9131,22.6,5,1.25,-20.0,468.2,-15.09,468.86
2026-08-08 16:22:12.678,100.0,132.0,336.0,67.8897,-30.2264,-66.9131,22.2,1,0.25,-19.85,468.37,-14.57,469.01
2026-08-08 16:22:12.934,100.0,132.0,336.0,67.8897,-30.2264,-66.9131,22.2,2,0.5,-19.84,468.34,-14.56,468.98
2026-08-08 16:22:13.174,100.0,132.0,336.0,67.8897,-30.2264,-66.9131,22.2,3,0.75,-19.84,468.34,-14.56,468.98
2026-08-08 16:22:13.430,100.0,132.0,336.0,67.8897,-30.2264,-66.9131,22.2,4,1.0,-19.84,468.36,-14.57,469.0
2026-08-08 16:22:13.669,100.0,132.0,336.0,67.8897,-30.2264,-66.9131,22.2,5,1.25,-19.84,468.36,-14.57,469.0
2026-08-08 16:22:17.300,100.0,132.0,330.0,64.3582,-37.1572,-66.9131,22.9,1,0.25,-19.43,468.62,-14.23,469.23
2026-08-08 16:22:17.556,100.0,132.0,330.0,64.3582,-37.1572,-66.9131,22.9,2,0.5,-19.44,468.66,-14.22,469.27
2026-08-08 16:22:17.796,100.0,132.0,330.0,64.3582,-37.1572,-66.9131,22.9,3,0.75,-19.44,468.66,-14.22,469.27
2026-08-08 16:22:18.052,100.0,132.0,330.0,64.3582,-37.1572,-66.9131,22.9,4,1.0,-19.45,468.69,-14.24,469.3
2026-08-08 16:22:18.307,100.0,132.0,330.0,64.3582,-37.1572,-66.9131,22.9,5,1.25,-19.45,468.69,-14.24,469.3
2026-08-08 16:22:21.810,100.0,132.0,324.0,60.1217,-43.681,-66.9131,22.9,1,0.25,-19.33,468.96,-13.98,469.56
2026-08-08 16:22:22.050,100.0,132.0,324.0,60.1217,-43.681,-66.9131,22.9,2,0.5,-19.33,468.96,-13.98,469.56
2026-08-08 16:22:22.306,100.0,132.0,324.0,60.1217,-43.681,-66.9131,22.9,3,0.75,-19.32,468.97,-13.99,469.57
2026-08-08 16:22:22.545,100.0,132.0,324.0,60.1217,-43.681,-66.9131,22.9,4,1.0,-19.33,468.99,-13.99,469.59
2026-08-08 16:22:25.056,100.0,132.0,324.0,60.1217,-43.681,-66.9131,22.9,5,1.25,-19.33,468.99,-13.99,469.59
2026-08-08 16:22:28.559,100.0,132.0,318.0,55.2264,-49.7261,-66.9131,22.8,1,0.25,-19.2,469.27,-13.63,469.86
2026-08-08 16:22:28.799,100.0,132.0,318.0,55.2264,-49.7261,-66.9131,22.8,2,0.5,-19.2,469.27,-13.63,469.86
2026-08-08 16:22:29.055,100.0,132.0,318.0,55.2264,-49.7261,-66.9131,22.8,3,0.75,-19.19,469.3,-13.64,469.89
2026-08-08 16:22:29.295,100.0,132.0,318.0,55.2264,-49.7261,-66.9131,22.8,4,1.0,-19.18,469.25,-13.63,469.83
2026-08-08 16:22:31.805,100.0,132.0,318.0,55.2264,-49.7261,-66.9131,22.8,5,1.25,-19.18,469.25,-13.63,469.83
2026-08-08 16:22:35.180,100.0,132.0,312.0,49.7261,-55.2264,-66.9131,22.8,1,0.25,-19.31,469.6,-13.29,470.18
2026-08-08 16:22:35.420,100.0,132.0,312.0,49.7261,-55.2264,-66.9131,22.8,2,0.5,-19.3,469.58,-13.29,470.16
2026-08-08 16:22:35.676,100.0,132.0,312.0,49.7261,-55.2264,-66.9131,22.8,3,0.75,-19.3,469.58,-13.29,470.16
2026-08-08 16:22:35.932,100.0,132.0,312.0,49.7261,-55.2264,-66.9131,22.8,4,1.0,-19.3,469.6,-13.29,470.18
2026-08-08 16:22:36.171,100.0,132.0,312.0,49.7261,-55.2264,-66.9131,22.8,5,1.25,-19.3,469.6,-13.29,470.18
2026-08-08 16:22:39.674,100.0,132.0,306.0,43.681,-60.1217,-66.9131,22.3,1,0.25,-19.84,469.95,-13.2,470.55
2026-08-08 16:22:39.930,100.0,132.0,306.0,43.681,-60.1217,-66.9131,22.3,2,0.5,-19.85,469.94,-13.18,470.54
2026-08-08 16:22:40.170,100.0,132.0,306.0,43.681,-60.1217,-66.9131,22.3,3,0.75,-19.85,469.94,-13.18,470.54
2026-08-08 16:22:40.426,100.0,132.0,306.0,43.681,-60.1217,-66.9131,22.3,4,1.0,-19.83,469.92,-13.18,470.52
2026-08-08 16:22:40.681,100.0,132.0,306.0,43.681,-60.1217,-66.9131,22.3,5,1.25,-19.83,469.92,-13.18,470.52
2026-08-08 16:22:44.184,100.0,132.0,300.0,37.1572,-64.3582,-66.9131,23.1,1,0.25,-20.05,470.2,-12.94,470.8
2026-08-08 16:22:44.424,100.0,132.0,300.0,37.1572,-64.3582,-66.9131,23.1,2,0.5,-20.05,470.2,-12.94,470.8
2026-08-08 16:22:44.680,100.0,132.0,300.0,37.1572,-64.3582,-66.9131,23.1,3,0.75,-20.06,470.22,-12.93,470.82
2026-08-08 16:22:44.919,100.0,132.0,300.0,37.1572,-64.3582,-66.9131,23.1,4,1.0,-20.06,470.22,-12.93,470.82
2026-08-08 16:22:45.175,100.0,132.0,300.0,37.1572,-64.3582,-66.9131,23.1,5,1.25,-20.07,470.24,-12.93,470.84
2026-08-08 16:22:48.806,100.0,132.0,294.0,30.2264,-67.8897,-66.9131,21.8,1,0.25,-20.36,470.48,-12.85,471.09
2026-08-08 16:22:49.045,100.0,132.0,294.0,30.2264,-67.8897,-66.9131,21.8,2,0.5,-20.35,470.43,-12.84,471.04
2026-08-08 16:22:51.556,100.0,132.0,294.0,30.2264,-67.8897,-66.9131,21.8,3,0.75,-20.35,470.45,-12.83,471.06
2026-08-08 16:22:51.796,100.0,132.0,294.0,30.2264,-67.8897,-66.9131,21.8,4,1.0,-20.35,470.45,-12.83,471.06
2026-08-08 16:22:52.052,100.0,132.0,294.0,30.2264,-67.8897,-66.9131,21.8,5,1.25,-20.35,470.39,-12.84,471.0
2026-08-08 16:22:55.683,100.0,132.0,288.0,22.9644,-70.6773,-66.9131,22.6,1,0.25,-20.74,470.58,-12.73,471.2
2026-08-08 16:22:55.923,100.0,132.0,288.0,22.9644,-70.6773,-66.9131,22.6,2,0.5,-20.74,470.58,-12.73,471.2
2026-08-08 16:22:56.178,100.0,132.0,288.0,22.9644,-70.6773,-66.9131,22.6,3,0.75,-20.74,470.52,-12.72,471.14
2026-08-08 16:22:56.434,100.0,132.0,288.0,22.9644,-70.6773,-66.9131,22.6,4,1.0,-20.74,470.52,-12.72,471.14
2026-08-08 16:22:56.674,100.0,132.0,288.0,22.9644,-70.6773,-66.9131,22.6,5,1.25,-20.73,470.53,-12.71,471.15
2026-08-08 16:23:00.305,100.0,132.0,282.0,15.4508,-72.6905,-66.9131,22.3,1,0.25,-21.25,470.68,-12.74,471.33
2026-08-08 16:23:00.544,100.0,132.0,282.0,15.4508,-72.6905,-66.9131,22.3,2,0.5,-21.23,470.69,-12.73,471.34
2026-08-08 16:23:03.055,100.0,132.0,282.0,15.4508,-72.6905,-66.9131,22.3,3,0.75,-21.23,470.7,-12.73,471.35
2026-08-08 16:23:03.295,100.0,132.0,282.0,15.4508,-72.6905,-66.9131,22.3,4,1.0,-21.22,470.69,-12.75,471.34
2026-08-08 16:23:05.806,100.0,132.0,282.0,15.4508,-72.6905,-66.9131,22.3,5,1.25,-21.22,470.69,-12.75,471.34
2026-08-08 16:23:09.420,100.0,132.0,276.0,7.768,-73.9074,-66.9131,22.3,1,0.25,-21.7,470.72,-12.63,471.38
2026-08-08 16:23:09.676,100.0,132.0,276.0,7.768,-73.9074,-66.9131,22.3,2,0.5,-21.7,470.72,-12.65,471.38
2026-08-08 16:23:09.932,100.0,132.0,276.0,7.768,-73.9074,-66.9131,22.3,3,0.75,-21.7,470.72,-12.65,471.38
2026-08-08 16:23:10.172,100.0,132.0,276.0,7.768,-73.9074,-66.9131,22.3,4,1.0,-21.7,470.71,-12.65,471.37
2026-08-08 16:23:10.428,100.0,132.0,276.0,7.768,-73.9074,-66.9131,22.3,5,1.25,-21.7,470.71,-12.65,471.37
2026-08-08 16:23:14.058,100.0,132.0,270.0,-0.0,-74.3145,-66.9131,22.4,1,0.25,-22.07,470.68,-12.59,471.36
2026-08-08 16:23:14.298,100.0,132.0,270.0,-0.0,-74.3145,-66.9131,22.4,2,0.5,-22.05,470.66,-12.59,471.34
2026-08-08 16:23:14.554,100.0,132.0,270.0,-0.0,-74.3145,-66.9131,22.4,3,0.75,-22.05,470.66,-12.59,471.34
2026-08-08 16:23:14.794,100.0,132.0,270.0,-0.0,-74.3145,-66.9131,22.4,4,1.0,-22.07,470.68,-12.61,471.36
2026-08-08 16:23:17.305,100.0,132.0,270.0,-0.0,-74.3145,-66.9131,22.4,5,1.25,-22.07,470.68,-12.61,471.36
2026-08-08 16:23:20.919,100.0,132.0,264.0,-7.768,-73.9074,-66.9131,,1,0.25,-22.38,470.54,-12.66,471.24
2026-08-08 16:23:21.175,100.0,132.0,264.0,-7.768,-73.9074,-66.9131,,2,0.5,-22.38,470.53,-12.67,471.23
2026-08-08 16:23:21.431,100.0,132.0,264.0,-7.768,-73.9074,-66.9131,,3,0.75,-22.38,470.53,-12.67,471.23
2026-08-08 16:23:21.671,100.0,132.0,264.0,-7.768,-73.9074,-66.9131,,4,1.0,-22.39,470.51,-12.66,471.21
2026-08-08 16:23:21.927,100.0,132.0,264.0,-7.768,-73.9074,-66.9131,,5,1.25,-22.39,470.51,-12.66,471.21
2026-08-08 16:23:25.557,100.0,132.0,258.0,-15.4508,-72.6905,-66.9131,23.1,1,0.25,-22.82,470.3,-12.7,471.02
2026-08-08 16:23:25.797,100.0,132.0,258.0,-15.4508,-72.6905,-66.9131,23.1,2,0.5,-22.82,470.26,-12.69,470.98
2026-08-08 16:23:26.053,100.0,132.0,258.0,-15.4508,-72.6905,-66.9131,23.1,3,0.75,-22.82,470.26,-12.69,470.98
2026-08-08 16:23:26.309,100.0,132.0,258.0,-15.4508,-72.6905,-66.9131,23.1,4,1.0,-22.83,470.3,-12.71,471.02
2026-08-08 16:23:26.549,100.0,132.0,258.0,-15.4508,-72.6905,-66.9131,23.1,5,1.25,-22.83,470.3,-12.71,471.02
2026-08-08 16:23:30.179,100.0,132.0,252.0,-22.9644,-70.6773,-66.9131,22.6,1,0.25,-23.08,470.07,-12.66,470.8
2026-08-08 16:23:30.419,100.0,132.0,252.0,-22.9644,-70.6773,-66.9131,22.6,2,0.5,-23.09,470.08,-12.66,470.81
2026-08-08 16:23:30.675,100.0,132.0,252.0,-22.9644,-70.6773,-66.9131,22.6,3,0.75,-23.09,470.08,-12.66,470.81
2026-08-08 16:23:30.931,100.0,132.0,252.0,-22.9644,-70.6773,-66.9131,22.6,4,1.0,-23.09,470.08,-12.66,470.81
2026-08-08 16:23:31.171,100.0,132.0,252.0,-22.9644,-70.6773,-66.9131,22.6,5,1.25,-23.08,470.11,-12.66,470.84
2026-08-08 16:23:34.801,100.0,132.0,246.0,-30.2264,-67.8897,-66.9131,23.0,1,0.25,-23.45,469.84,-12.88,470.6
2026-08-08 16:23:35.057,100.0,132.0,246.0,-30.2264,-67.8897,-66.9131,23.0,2,0.5,-23.45,469.84,-12.88,470.6
2026-08-08 16:23:35.297,100.0,132.0,246.0,-30.2264,-67.8897,-66.9131,23.0,3,0.75,-23.45,469.81,-12.87,470.57
2026-08-08 16:23:35.553,100.0,132.0,246.0,-30.2264,-67.8897,-66.9131,23.0,4,1.0,-23.45,469.81,-12.87,470.57
2026-08-08 16:23:35.809,100.0,132.0,246.0,-30.2264,-67.8897,-66.9131,23.0,5,1.25,-23.44,469.74,-12.87,470.5
2026-08-08 16:23:39.423,100.0,132.0,240.0,-37.1572,-64.3582,-66.9131,23.5,1,0.25,-23.5,469.52,-12.97,470.28
2026-08-08 16:23:39.679,100.0,132.0,240.0,-37.1572,-64.3582,-66.9131,23.5,2,0.5,-23.5,469.52,-12.97,470.28
2026-08-08 16:23:39.919,100.0,132.0,240.0,-37.1572,-64.3582,-66.9131,23.5,3,0.75,-23.51,469.46,-12.99,470.22
2026-08-08 16:23:40.175,100.0,132.0,240.0,-37.1572,-64.3582,-66.9131,23.5,4,1.0,-23.51,469.46,-12.99,470.22
2026-08-08 16:23:40.431,100.0,132.0,240.0,-37.1572,-64.3582,-66.9131,23.5,5,1.25,-23.5,469.49,-12.99,470.25
2026-08-08 16:23:43.933,100.0,132.0,234.0,-43.681,-60.1217,-66.9131,23.0,1,0.25,-23.56,469.19,-13.08,469.96
2026-08-08 16:23:44.173,100.0,132.0,234.0,-43.681,-60.1217,-66.9131,23.0,2,0.5,-23.55,469.13,-13.08,469.9
2026-08-08 16:23:44.429,100.0,132.0,234.0,-43.681,-60.1217,-66.9131,23.0,3,0.75,-23.55,469.13,-13.08,469.9
2026-08-08 16:23:44.669,100.0,132.0,234.0,-43.681,-60.1217,-66.9131,23.0,4,1.0,-23.55,469.12,-13.09,469.89
2026-08-08 16:23:44.925,100.0,132.0,234.0,-43.681,-60.1217,-66.9131,23.0,5,1.25,-23.55,469.12,-13.09,469.89
2026-08-08 16:23:48.427,100.0,132.0,228.0,-49.7261,-55.2264,-66.9131,22.7,1,0.25,-23.54,468.9,-13.27,469.67
2026-08-08 16:23:48.683,100.0,132.0,228.0,-49.7261,-55.2264,-66.9131,22.7,2,0.5,-23.54,468.92,-13.28,469.69
2026-08-08 16:23:48.923,100.0,132.0,228.0,-49.7261,-55.2264,-66.9131,22.7,3,0.75,-23.54,468.92,-13.28,469.69
2026-08-08 16:23:49.179,100.0,132.0,228.0,-49.7261,-55.2264,-66.9131,22.7,4,1.0,-23.54,468.92,-13.28,469.69
2026-08-08 16:23:49.434,100.0,132.0,228.0,-49.7261,-55.2264,-66.9131,22.7,5,1.25,-23.52,468.94,-13.26,469.71
2026-08-08 16:23:52.921,100.0,132.0,222.0,-55.2264,-49.7261,-66.9131,22.6,1,0.25,-23.19,468.61,-13.38,469.37
2026-08-08 16:23:53.177,100.0,132.0,222.0,-55.2264,-49.7261,-66.9131,22.6,2,0.5,-23.19,468.61,-13.38,469.37
2026-08-08 16:23:53.433,100.0,132.0,222.0,-55.2264,-49.7261,-66.9131,22.6,3,0.75,-23.17,468.59,-13.37,469.35
2026-08-08 16:23:53.673,100.0,132.0,222.0,-55.2264,-49.7261,-66.9131,22.6,4,1.0,-23.17,468.59,-13.37,469.35
2026-08-08 16:23:53.928,100.0,132.0,222.0,-55.2264,-49.7261,-66.9131,22.6,5,1.25,-23.19,468.59,-13.38,469.35
2026-08-08 16:23:57.431,100.0,132.0,216.0,-60.1217,-43.681,-66.9131,23.4,1,0.25,-23.07,468.39,-13.53,469.15
2026-08-08 16:23:57.671,100.0,132.0,216.0,-60.1217,-43.681,-66.9131,23.4,2,0.5,-23.07,468.38,-13.53,469.14
2026-08-08 16:23:57.927,100.0,132.0,216.0,-60.1217,-43.681,-66.9131,23.4,3,0.75,-23.07,468.38,-13.53,469.14
2026-08-08 16:23:58.183,100.0,132.0,216.0,-60.1217,-43.681,-66.9131,23.4,4,1.0,-23.08,468.38,-13.53,469.14
2026-08-08 16:23:58.422,100.0,132.0,216.0,-60.1217,-43.681,-66.9131,23.4,5,1.25,-23.08,468.38,-13.53,469.14
2026-08-08 16:24:01.925,100.0,132.0,210.0,-64.3582,-37.1572,-66.9131,23.1,1,0.25,-22.69,468.27,-13.61,469.01
2026-08-08 16:24:02.181,100.0,132.0,210.0,-64.3582,-37.1572,-66.9131,23.1,2,0.5,-22.69,468.27,-13.61,469.01
2026-08-08 16:24:02.421,100.0,132.0,210.0,-64.3582,-37.1572,-66.9131,23.1,3,0.75,-22.68,468.23,-13.62,468.97
2026-08-08 16:24:02.677,100.0,132.0,210.0,-64.3582,-37.1572,-66.9131,23.1,4,1.0,-22.68,468.23,-13.62,468.97
2026-08-08 16:24:02.932,100.0,132.0,210.0,-64.3582,-37.1572,-66.9131,23.1,5,1.25,-22.69,468.19,-13.62,468.93
2026-08-08 16:24:06.547,100.0,132.0,204.0,-67.8897,-30.2264,-66.9131,22.6,1,0.25,-22.38,468.14,-13.76,468.87
2026-08-08 16:24:06.803,100.0,132.0,204.0,-67.8897,-30.2264,-66.9131,22.6,2,0.5,-22.38,468.14,-13.76,468.87
2026-08-08 16:24:07.059,100.0,132.0,204.0,-67.8897,-30.2264,-66.9131,22.6,3,0.75,-22.38,468.1,-13.73,468.83
2026-08-08 16:24:07.298,100.0,132.0,204.0,-67.8897,-30.2264,-66.9131,22.6,4,1.0,-22.38,468.1,-13.73,468.83
2026-08-08 16:24:07.554,100.0,132.0,204.0,-67.8897,-30.2264,-66.9131,22.6,5,1.25,-22.37,468.11,-13.74,468.84
2026-08-08 16:24:11.169,100.0,132.0,198.0,-70.6773,-22.9644,-66.9131,22.7,1,0.25,-22.1,468.07,-14.03,468.8
2026-08-08 16:24:11.425,100.0,132.0,198.0,-70.6773,-22.9644,-66.9131,22.7,2,0.5,-22.1,468.07,-14.03,468.8
2026-08-08 16:24:11.680,100.0,132.0,198.0,-70.6773,-22.9644,-66.9131,22.7,3,0.75,-22.09,468.07,-14.06,468.8
2026-08-08 16:24:11.920,100.0,132.0,198.0,-70.6773,-22.9644,-66.9131,22.7,4,1.0,-22.09,468.07,-14.06,468.8
2026-08-08 16:24:12.176,100.0,132.0,198.0,-70.6773,-22.9644,-66.9131,22.7,5,1.25,-22.1,468.06,-14.05,468.79
2026-08-08 16:24:15.807,100.0,132.0,192.0,-72.6905,-15.4508,-66.9131,22.6,1,0.25,-21.89,468.03,-14.23,468.75
2026-08-08 16:24:16.046,100.0,132.0,192.0,-72.6905,-15.4508,-66.9131,22.6,2,0.5,-21.89,468.03,-14.23,468.75
2026-08-08 16:24:16.302,100.0,132.0,192.0,-72.6905,-15.4508,-66.9131,22.6,3,0.75,-21.88,468.01,-14.22,468.73
2026-08-08 16:24:16.558,100.0,132.0,192.0,-72.6905,-15.4508,-66.9131,22.6,4,1.0,-21.88,468.01,-14.22,468.73
2026-08-08 16:24:16.798,100.0,132.0,192.0,-72.6905,-15.4508,-66.9131,22.6,5,1.25,-21.89,467.99,-14.25,468.71
2026-08-08 16:24:20.428,100.0,132.0,186.0,-73.9074,-7.768,-66.9131,22.9,1,0.25,-21.3,468.07,-14.32,468.77
2026-08-08 16:24:20.668,100.0,132.0,186.0,-73.9074,-7.768,-66.9131,22.9,2,0.5,-21.3,468.07,-14.32,468.77
2026-08-08 16:24:20.924,100.0,132.0,186.0,-73.9074,-7.768,-66.9131,22.9,3,0.75,-21.3,468.07,-14.32,468.77
2026-08-08 16:24:21.180,100.0,132.0,186.0,-73.9074,-7.768,-66.9131,22.9,4,1.0,-21.29,468.04,-14.35,468.74
2026-08-08 16:24:21.420,100.0,132.0,186.0,-73.9074,-7.768,-66.9131,22.9,5,1.25,-21.29,468.04,-14.35,468.74
2026-08-08 16:24:25.050,100.0,132.0,180.0,-74.3145,0.0,-66.9131,22.8,1,0.25,-20.99,468.26,-14.47,468.95
2026-08-08 16:24:25.306,100.0,132.0,180.0,-74.3145,0.0,-66.9131,22.8,2,0.5,-21.01,468.22,-14.47,468.91
2026-08-08 16:24:25.546,100.0,132.0,180.0,-74.3145,0.0,-66.9131,22.8,3,0.75,-21.01,468.22,-14.47,468.91
2026-08-08 16:24:25.802,100.0,132.0,180.0,-74.3145,0.0,-66.9131,22.8,4,1.0,-21.01,468.26,-14.48,468.95
2026-08-08 16:24:26.058,100.0,132.0,180.0,-74.3145,0.0,-66.9131,22.8,5,1.25,-21.01,468.26,-14.48,468.95
2026-08-08 16:24:29.672,100.0,132.0,174.0,-73.9074,7.768,-66.9131,24.1,1,0.25,-20.48,468.56,-14.72,469.23
2026-08-08 16:24:29.928,100.0,132.0,174.0,-73.9074,7.768,-66.9131,24.1,2,0.5,-20.49,468.5,-14.71,469.17
2026-08-08 16:24:30.184,100.0,132.0,174.0,-73.9074,7.768,-66.9131,24.1,3,0.75,-20.49,468.5,-14.71,469.17
2026-08-08 16:24:30.424,100.0,132.0,174.0,-73.9074,7.768,-66.9131,24.1,4,1.0,-20.5,468.53,-14.69,469.2
2026-08-08 16:24:30.680,100.0,132.0,174.0,-73.9074,7.768,-66.9131,24.1,5,1.25,-20.5,468.53,-14.69,469.2
2026-08-08 16:24:34.294,100.0,132.0,168.0,-72.6905,15.4508,-66.9131,23.6,1,0.25,-20.06,468.78,-14.96,469.44
2026-08-08 16:24:36.805,100.0,132.0,168.0,-72.6905,15.4508,-66.9131,23.6,2,0.5,-20.06,468.8,-14.95,469.46
2026-08-08 16:24:37.045,100.0,132.0,168.0,-72.6905,15.4508,-66.9131,23.6,3,0.75,-20.06,468.8,-14.95,469.46
2026-08-08 16:24:37.301,100.0,132.0,168.0,-72.6905,15.4508,-66.9131,23.6,4,1.0,-20.06,468.8,-14.95,469.46
2026-08-08 16:24:37.557,100.0,132.0,168.0,-72.6905,15.4508,-66.9131,23.6,5,1.25,-20.06,468.8,-14.95,469.46
2026-08-08 16:24:41.171,100.0,132.0,162.0,-70.6773,22.9644,-66.9131,23.8,1,0.25,-19.77,469.21,-15.24,469.87
2026-08-08 16:24:41.427,100.0,132.0,162.0,-70.6773,22.9644,-66.9131,23.8,2,0.5,-19.77,469.21,-15.25,469.87
2026-08-08 16:24:41.683,100.0,132.0,162.0,-70.6773,22.9644,-66.9131,23.8,3,0.75,-19.77,469.21,-15.25,469.87
2026-08-08 16:24:41.923,100.0,132.0,162.0,-70.6773,22.9644,-66.9131,23.8,4,1.0,-19.78,469.22,-15.25,469.88
2026-08-08 16:24:42.179,100.0,132.0,162.0,-70.6773,22.9644,-66.9131,23.8,5,1.25,-19.78,469.22,-15.25,469.88
2026-08-08 16:24:45.809,100.0,132.0,156.0,-67.8897,30.2264,-66.9131,22.6,1,0.25,-19.54,469.62,-15.53,470.28
2026-08-08 16:24:46.049,100.0,132.0,156.0,-67.8897,30.2264,-66.9131,22.6,2,0.5,-19.54,469.64,-15.52,470.3
2026-08-08 16:24:46.305,100.0,132.0,156.0,-67.8897,30.2264,-66.9131,22.6,3,0.75,-19.54,469.64,-15.52,470.3
2026-08-08 16:24:46.545,100.0,132.0,156.0,-67.8897,30.2264,-66.9131,22.6,4,1.0,-19.52,469.59,-15.51,470.25
2026-08-08 16:24:49.056,100.0,132.0,156.0,-67.8897,30.2264,-66.9131,22.6,5,1.25,-19.52,469.59,-15.51,470.25
2026-08-08 16:24:52.670,100.0,132.0,150.0,-64.3582,37.1572,-66.9131,23.0,1,0.25,-19.46,470.07,-16.04,470.74
2026-08-08 16:24:52.926,100.0,132.0,150.0,-64.3582,37.1572,-66.9131,23.0,2,0.5,-19.48,470.06,-16.06,470.73
2026-08-08 16:24:53.182,100.0,132.0,150.0,-64.3582,37.1572,-66.9131,23.0,3,0.75,-19.48,470.06,-16.06,470.73
2026-08-08 16:24:53.422,100.0,132.0,150.0,-64.3582,37.1572,-66.9131,23.0,4,1.0,-19.48,470.06,-16.05,470.73
2026-08-08 16:24:53.677,100.0,132.0,150.0,-64.3582,37.1572,-66.9131,23.0,5,1.25,-19.48,470.06,-16.05,470.73
2026-08-08 16:24:57.180,100.0,132.0,144.0,-60.1217,43.681,-66.9131,,1,0.25,-19.54,470.62,-16.36,471.3
2026-08-08 16:24:57.420,100.0,132.0,144.0,-60.1217,43.681,-66.9131,,2,0.5,-19.53,470.6,-16.35,471.28
2026-08-08 16:24:57.676,100.0,132.0,144.0,-60.1217,43.681,-66.9131,,3,0.75,-19.53,470.6,-16.35,471.28
2026-08-08 16:24:57.931,100.0,132.0,144.0,-60.1217,43.681,-66.9131,,4,1.0,-19.54,470.61,-16.35,471.29
2026-08-08 16:24:58.171,100.0,132.0,144.0,-60.1217,43.681,-66.9131,,5,1.25,-19.54,470.61,-16.35,471.29
2026-08-08 16:25:01.674,100.0,132.0,138.0,-55.2264,49.7261,-66.9131,23.0,1,0.25,-19.52,471.01,-16.8,471.71
2026-08-08 16:25:01.930,100.0,132.0,138.0,-55.2264,49.7261,-66.9131,23.0,2,0.5,-19.52,471.01,-16.8,471.71
2026-08-08 16:25:02.170,100.0,132.0,138.0,-55.2264,49.7261,-66.9131,23.0,3,0.75,-19.52,471.01,-16.79,471.71
2026-08-08 16:25:02.426,100.0,132.0,138.0,-55.2264,49.7261,-66.9131,23.0,4,1.0,-19.52,471.01,-16.79,471.71
2026-08-08 16:25:02.681,100.0,132.0,138.0,-55.2264,49.7261,-66.9131,23.0,5,1.25,-19.52,470.99,-16.79,471.69
2026-08-08 16:25:08.041,100.0,132.0,132.0,-49.7261,55.2264,-66.9131,23.4,1,1.5,-19.59,471.37,-17.15,472.08
2026-08-08 16:25:08.183,100.0,132.0,132.0,-49.7261,55.2264,-66.9131,23.4,2,1.75,-19.59,471.37,-17.15,472.08
2026-08-08 16:25:08.423,100.0,132.0,132.0,-49.7261,55.2264,-66.9131,23.4,3,2.0,-19.58,471.35,-17.14,472.06
2026-08-08 16:25:08.679,100.0,132.0,132.0,-49.7261,55.2264,-66.9131,23.4,4,2.25,-19.58,471.35,-17.14,472.06
2026-08-08 16:25:08.919,100.0,132.0,132.0,-49.7261,55.2264,-66.9131,23.4,5,2.5,-19.6,471.39,-17.14,472.1
2026-08-08 16:25:12.421,100.0,132.0,126.0,-43.681,60.1217,-66.9131,23.3,1,0.25,-19.75,471.74,-17.5,472.47
2026-08-08 16:25:12.677,100.0,132.0,126.0,-43.681,60.1217,-66.9131,23.3,2,0.5,-19.75,471.77,-17.49,472.5
2026-08-08 16:25:12.933,100.0,132.0,126.0,-43.681,60.1217,-66.9131,23.3,3,0.75,-19.75,471.77,-17.49,472.5
2026-08-08 16:25:13.173,100.0,132.0,126.0,-43.681,60.1217,-66.9131,23.3,4,1.0,-19.75,471.76,-17.5,472.49
2026-08-08 16:25:13.429,100.0,132.0,126.0,-43.681,60.1217,-66.9131,23.3,5,1.25,-19.75,471.76,-17.5,472.49
2026-08-08 16:25:16.931,100.0,132.0,120.0,-37.1572,64.3582,-66.9131,23.3,1,0.25,-20.18,472.01,-17.83,472.77
2026-08-08 16:25:17.171,100.0,132.0,120.0,-37.1572,64.3582,-66.9131,23.3,2,0.5,-20.18,472.01,-17.83,472.77
2026-08-08 16:25:17.427,100.0,132.0,120.0,-37.1572,64.3582,-66.9131,23.3,3,0.75,-20.17,472.05,-17.8,472.81
2026-08-08 16:25:17.683,100.0,132.0,120.0,-37.1572,64.3582,-66.9131,23.3,4,1.0,-20.17,472.05,-17.8,472.81
2026-08-08 16:25:17.923,100.0,132.0,120.0,-37.1572,64.3582,-66.9131,23.3,5,1.25,-20.17,472.07,-17.83,472.83
2026-08-08 16:25:21.553,100.0,132.0,114.0,-30.2264,67.8897,-66.9131,23.4,1,0.25,-20.3,472.41,-18.04,473.18
2026-08-08 16:25:21.809,100.0,132.0,114.0,-30.2264,67.8897,-66.9131,23.4,2,0.5,-20.3,472.41,-18.04,473.18
2026-08-08 16:25:22.049,100.0,132.0,114.0,-30.2264,67.8897,-66.9131,23.4,3,0.75,-20.32,472.39,-18.05,473.17
2026-08-08 16:25:22.305,100.0,132.0,114.0,-30.2264,67.8897,-66.9131,23.4,4,1.0,-20.32,472.39,-18.05,473.17
2026-08-08 16:25:22.545,100.0,132.0,114.0,-30.2264,67.8897,-66.9131,23.4,5,1.25,-20.29,472.43,-18.02,473.2
2026-08-08 16:25:28.430,100.0,132.0,108.0,-22.9644,70.6773,-66.9131,23.8,1,0.25,-20.56,472.66,-18.19,473.45
2026-08-08 16:25:28.670,100.0,132.0,108.0,-22.9644,70.6773,-66.9131,23.8,2,0.5,-20.54,472.66,-18.19,473.45
2026-08-08 16:25:28.926,100.0,132.0,108.0,-22.9644,70.6773,-66.9131,23.8,3,0.75,-20.54,472.66,-18.19,473.45
2026-08-08 16:25:29.181,100.0,132.0,108.0,-22.9644,70.6773,-66.9131,23.8,4,1.0,-20.54,472.66,-18.19,473.45
2026-08-08 16:25:29.421,100.0,132.0,108.0,-22.9644,70.6773,-66.9131,23.8,5,1.25,-20.54,472.68,-18.19,473.47
2026-08-08 16:25:33.052,100.0,132.0,102.0,-15.4508,72.6905,-66.9131,23.1,1,0.25,-20.95,472.85,-18.38,473.67
2026-08-08 16:25:33.308,100.0,132.0,102.0,-15.4508,72.6905,-66.9131,23.1,2,0.5,-20.95,472.85,-18.38,473.67
2026-08-08 16:25:33.548,100.0,132.0,102.0,-15.4508,72.6905,-66.9131,23.1,3,0.75,-20.95,472.85,-18.37,473.67
2026-08-08 16:25:33.803,100.0,132.0,102.0,-15.4508,72.6905,-66.9131,23.1,4,1.0,-20.95,472.85,-18.37,473.67
2026-08-08 16:25:34.043,100.0,132.0,102.0,-15.4508,72.6905,-66.9131,23.1,5,1.25,-20.96,472.93,-18.39,473.75
2026-08-08 16:25:39.929,100.0,132.0,96.0,-7.768,73.9074,-66.9131,23.4,1,0.25,-21.11,473.07,-18.46,473.9
2026-08-08 16:25:40.169,100.0,132.0,96.0,-7.768,73.9074,-66.9131,23.4,2,0.5,-21.1,473.07,-18.45,473.89
2026-08-08 16:25:40.424,100.0,132.0,96.0,-7.768,73.9074,-66.9131,23.4,3,0.75,-21.1,473.07,-18.45,473.89
2026-08-08 16:25:40.680,100.0,132.0,96.0,-7.768,73.9074,-66.9131,23.4,4,1.0,-21.11,473.12,-18.46,473.95
2026-08-08 16:25:40.920,100.0,132.0,96.0,-7.768,73.9074,-66.9131,23.4,5,1.25,-21.11,473.12,-18.46,473.95
2026-08-08 16:25:44.551,100.0,132.0,90.0,0.0,74.3145,-66.9131,23.0,1,0.25,-21.7,473.15,-18.47,474.0
2026-08-08 16:25:44.806,100.0,132.0,90.0,0.0,74.3145,-66.9131,23.0,2,0.5,-21.7,473.12,-18.47,473.97
2026-08-08 16:25:45.046,100.0,132.0,90.0,0.0,74.3145,-66.9131,23.0,3,0.75,-21.7,473.12,-18.47,473.97
2026-08-08 16:25:45.302,100.0,132.0,90.0,0.0,74.3145,-66.9131,23.0,4,1.0,-21.7,473.12,-18.47,473.97
2026-08-08 16:25:45.558,100.0,132.0,90.0,0.0,74.3145,-66.9131,23.0,5,1.25,-21.7,473.17,-18.48,474.02
2026-08-08 16:25:49.173,100.0,132.0,84.0,7.768,73.9074,-66.9131,23.0,1,0.25,-22.2,473.04,-18.6,473.92
2026-08-08 16:25:49.428,100.0,132.0,84.0,7.768,73.9074,-66.9131,23.0,2,0.5,-22.2,473.04,-18.6,473.92
2026-08-08 16:25:49.668,100.0,132.0,84.0,7.768,73.9074,-66.9131,23.0,3,0.75,-22.18,473.1,-18.61,473.98
2026-08-08 16:25:49.924,100.0,132.0,84.0,7.768,73.9074,-66.9131,23.0,4,1.0,-22.18,473.1,-18.61,473.98
2026-08-08 16:25:50.180,100.0,132.0,84.0,7.768,73.9074,-66.9131,23.0,5,1.25,-22.18,473.06,-18.6,473.94
2026-08-08 16:25:53.794,100.0,132.0,78.0,15.4508,72.6905,-66.9131,22.8,1,0.25,-22.67,472.88,-18.64,473.78
2026-08-08 16:25:54.050,100.0,132.0,78.0,15.4508,72.6905,-66.9131,22.8,2,0.5,-22.67,472.88,-18.64,473.78
2026-08-08 16:25:54.306,100.0,132.0,78.0,15.4508,72.6905,-66.9131,22.8,3,0.75,-22.68,472.87,-18.63,473.78
2026-08-08 16:25:54.546,100.0,132.0,78.0,15.4508,72.6905,-66.9131,22.8,4,1.0,-22.68,472.87,-18.63,473.78
2026-08-08 16:25:54.802,100.0,132.0,78.0,15.4508,72.6905,-66.9131,22.8,5,1.25,-22.68,472.9,-18.62,473.8
2026-08-08 16:25:58.432,100.0,132.0,72.0,22.9644,70.6773,-66.9131,22.5,1,0.25,-23.14,472.56,-18.63,473.49
2026-08-08 16:25:58.672,100.0,132.0,72.0,22.9644,70.6773,-66.9131,22.5,2,0.5,-23.14,472.56,-18.63,473.49
2026-08-08 16:25:58.928,100.0,132.0,72.0,22.9644,70.6773,-66.9131,22.5,3,0.75,-23.14,472.56,-18.62,473.49
2026-08-08 16:25:59.168,100.0,132.0,72.0,22.9644,70.6773,-66.9131,22.5,4,1.0,-23.14,472.56,-18.62,473.49
2026-08-08 16:25:59.424,100.0,132.0,72.0,22.9644,70.6773,-66.9131,22.5,5,1.25,-23.13,472.6,-18.61,473.53
2026-08-08 16:26:03.054,100.0,132.0,66.0,30.2264,67.8897,-66.9131,23.4,1,0.25,-23.38,472.16,-18.59,473.1
2026-08-08 16:26:03.294,100.0,132.0,66.0,30.2264,67.8897,-66.9131,23.4,2,0.5,-23.38,472.16,-18.59,473.1
2026-08-08 16:26:03.550,100.0,132.0,66.0,30.2264,67.8897,-66.9131,23.4,3,0.75,-23.38,472.16,-18.59,473.1
2026-08-08 16:26:03.806,100.0,132.0,66.0,30.2264,67.8897,-66.9131,23.4,4,1.0,-23.39,472.19,-18.58,473.13
2026-08-08 16:26:04.046,100.0,132.0,66.0,30.2264,67.8897,-66.9131,23.4,5,1.25,-23.39,472.19,-18.58,473.13
2026-08-08 16:26:07.676,100.0,132.0,60.0,37.1572,64.3582,-66.9131,23.4,1,0.25,-23.48,471.6,-18.54,472.54
2026-08-08 16:26:07.932,100.0,132.0,60.0,37.1572,64.3582,-66.9131,23.4,2,0.5,-23.49,471.57,-18.54,472.51
2026-08-08 16:26:08.172,100.0,132.0,60.0,37.1572,64.3582,-66.9131,23.4,3,0.75,-23.49,471.57,-18.54,472.51
2026-08-08 16:26:08.428,100.0,132.0,60.0,37.1572,64.3582,-66.9131,23.4,4,1.0,-23.49,471.55,-18.53,472.49
2026-08-08 16:26:08.668,100.0,132.0,60.0,37.1572,64.3582,-66.9131,23.4,5,1.25,-23.49,471.55,-18.53,472.49
2026-08-08 16:26:12.170,100.0,132.0,54.0,43.681,60.1217,-66.9131,22.7,1,0.25,-23.63,471.1,-18.44,472.05
2026-08-08 16:26:12.426,100.0,132.0,54.0,43.681,60.1217,-66.9131,22.7,2,0.5,-23.63,471.1,-18.44,472.05
2026-08-08 16:26:12.682,100.0,132.0,54.0,43.681,60.1217,-66.9131,22.7,3,0.75,-23.64,471.12,-18.46,472.07
2026-08-08 16:26:12.922,100.0,132.0,54.0,43.681,60.1217,-66.9131,22.7,4,1.0,-23.64,471.12,-18.46,472.07
2026-08-08 16:26:13.178,100.0,132.0,54.0,43.681,60.1217,-66.9131,22.7,5,1.25,-23.63,471.11,-18.44,472.06
2026-08-08 16:26:16.680,100.0,132.0,48.0,49.7261,55.2264,-66.9131,24.4,1,0.25,-23.5,470.58,-18.2,471.51
2026-08-08 16:26:16.920,100.0,132.0,48.0,49.7261,55.2264,-66.9131,24.4,2,0.5,-23.5,470.58,-18.2,471.51
2026-08-08 16:26:17.176,100.0,132.0,48.0,49.7261,55.2264,-66.9131,24.4,3,0.75,-23.51,470.53,-18.2,471.46
2026-08-08 16:26:17.432,100.0,132.0,48.0,49.7261,55.2264,-66.9131,24.4,4,1.0,-23.51,470.53,-18.2,471.46
2026-08-08 16:26:17.672,100.0,132.0,48.0,49.7261,55.2264,-66.9131,24.4,5,1.25,-23.52,470.51,-18.2,471.44
2026-08-08 16:26:21.174,100.0,132.0,42.0,55.2264,49.7261,-66.9131,23.5,1,0.25,-23.45,470.11,-18.1,471.04
2026-08-08 16:26:21.430,100.0,132.0,42.0,55.2264,49.7261,-66.9131,23.5,2,0.5,-23.45,470.11,-18.1,471.04
2026-08-08 16:26:21.670,100.0,132.0,42.0,55.2264,49.7261,-66.9131,23.5,3,0.75,-23.45,470.11,-18.1,471.04
2026-08-08 16:26:21.926,100.0,132.0,42.0,55.2264,49.7261,-66.9131,23.5,4,1.0,-23.46,470.08,-18.11,471.01
2026-08-08 16:26:22.182,100.0,132.0,42.0,55.2264,49.7261,-66.9131,23.5,5,1.25,-23.46,470.08,-18.11,471.01
2026-08-08 16:26:25.668,100.0,132.0,36.0,60.1217,43.681,-66.9131,23.2,1,0.25,-23.19,469.63,-17.81,470.53
2026-08-08 16:26:25.924,100.0,132.0,36.0,60.1217,43.681,-66.9131,23.2,2,0.5,-23.19,469.63,-17.81,470.53
2026-08-08 16:26:26.180,100.0,132.0,36.0,60.1217,43.681,-66.9131,23.2,3,0.75,-23.19,469.6,-17.81,470.5
2026-08-08 16:26:26.420,100.0,132.0,36.0,60.1217,43.681,-66.9131,23.2,4,1.0,-23.19,469.6,-17.81,470.5
2026-08-08 16:26:26.676,100.0,132.0,36.0,60.1217,43.681,-66.9131,23.2,5,1.25,-23.18,469.6,-17.81,470.5
2026-08-08 16:26:30.178,100.0,132.0,30.0,64.3582,37.1572,-66.9131,22.7,1,0.25,-22.95,469.27,-17.65,470.16
2026-08-08 16:26:30.418,100.0,132.0,30.0,64.3582,37.1572,-66.9131,22.7,2,0.5,-22.95,469.27,-17.65,470.16
2026-08-08 16:26:30.674,100.0,132.0,30.0,64.3582,37.1572,-66.9131,22.7,3,0.75,-22.95,469.27,-17.65,470.16
2026-08-08 16:26:30.930,100.0,132.0,30.0,64.3582,37.1572,-66.9131,22.7,4,1.0,-22.95,469.31,-17.65,470.2
2026-08-08 16:26:31.170,100.0,132.0,30.0,64.3582,37.1572,-66.9131,22.7,5,1.25,-22.95,469.31,-17.65,470.2
2026-08-08 16:26:34.800,100.0,132.0,24.0,67.8897,30.2264,-66.9131,23.9,1,0.25,-22.51,468.99,-17.28,469.84
2026-08-08 16:26:35.056,100.0,132.0,24.0,67.8897,30.2264,-66.9131,23.9,2,0.5,-22.51,469.0,-17.29,469.85
2026-08-08 16:26:35.296,100.0,132.0,24.0,67.8897,30.2264,-66.9131,23.9,3,0.75,-22.51,469.0,-17.29,469.85
2026-08-08 16:26:35.552,100.0,132.0,24.0,67.8897,30.2264,-66.9131,23.9,4,1.0,-22.49,468.96,-17.29,469.81
2026-08-08 16:26:35.807,100.0,132.0,24.0,67.8897,30.2264,-66.9131,23.9,5,1.25,-22.49,468.96,-17.29,469.81
2026-08-08 16:26:39.422,100.0,132.0,18.0,70.6773,22.9644,-66.9131,22.9,1,0.25,-22.12,468.63,-17.0,469.45
2026-08-08 16:26:39.678,100.0,132.0,18.0,70.6773,22.9644,-66.9131,22.9,2,0.5,-22.14,468.62,-17.0,469.45
2026-08-08 16:26:39.918,100.0,132.0,18.0,70.6773,22.9644,-66.9131,22.9,3,0.75,-22.14,468.62,-17.0,469.45
2026-08-08 16:26:40.173,100.0,132.0,18.0,70.6773,22.9644,-66.9131,22.9,4,1.0,-22.15,468.62,-17.0,469.45
2026-08-08 16:26:40.429,100.0,132.0,18.0,70.6773,22.9644,-66.9131,22.9,5,1.25,-22.15,468.62,-17.0,469.45
2026-08-08 16:26:44.044,100.0,132.0,12.0,72.6905,15.4508,-66.9131,23.7,1,0.25,-21.74,468.41,-16.79,469.21
2026-08-08 16:26:44.300,100.0,132.0,12.0,72.6905,15.4508,-66.9131,23.7,2,0.5,-21.75,468.44,-16.78,469.24
2026-08-08 16:26:44.556,100.0,132.0,12.0,72.6905,15.4508,-66.9131,23.7,3,0.75,-21.75,468.44,-16.78,469.24
2026-08-08 16:26:44.795,100.0,132.0,12.0,72.6905,15.4508,-66.9131,23.7,4,1.0,-21.76,468.43,-16.78,469.23
2026-08-08 16:26:45.051,100.0,132.0,12.0,72.6905,15.4508,-66.9131,23.7,5,1.25,-21.76,468.43,-16.78,469.23
2026-08-08 16:26:48.682,100.0,132.0,6.0,73.9074,7.768,-66.9131,23.1,1,0.25,-21.5,468.3,-16.45,469.08
2026-08-08 16:26:48.922,100.0,132.0,6.0,73.9074,7.768,-66.9131,23.1,2,0.5,-21.5,468.3,-16.45,469.08
2026-08-08 16:26:49.177,100.0,132.0,6.0,73.9074,7.768,-66.9131,23.1,3,0.75,-21.5,468.27,-16.45,469.05
2026-08-08 16:26:49.417,100.0,132.0,6.0,73.9074,7.768,-66.9131,23.1,4,1.0,-21.5,468.27,-16.45,469.05
2026-08-08 16:26:49.673,100.0,132.0,6.0,73.9074,7.768,-66.9131,23.1,5,1.25,-21.49,468.25,-16.46,469.03
2026-08-08 16:26:53.304,100.0,132.0,0.0,74.3145,0.0,-66.9131,24.3,1,0.25,-20.99,468.1,-16.13,468.84
2026-08-08 16:26:53.544,100.0,132.0,0.0,74.3145,0.0,-66.9131,24.3,2,0.5,-20.99,468.1,-16.13,468.84
2026-08-08 16:26:53.799,100.0,132.0,0.0,74.3145,0.0,-66.9131,24.3,3,0.75,-20.98,468.08,-16.13,468.82
2026-08-08 16:26:54.055,100.0,132.0,0.0,74.3145,0.0,-66.9131,24.3,4,1.0,-20.98,468.08,-16.13,468.82
2026-08-08 16:26:54.295,100.0,132.0,0.0,74.3145,0.0,-66.9131,24.3,5,1.25,-20.98,468.15,-16.12,468.89
2026-08-08 16:26:57.926,100.0,138.0,0.0,66.9131,0.0,-74.3145,23.3,1,0.25,-21.18,468.79,-15.99,469.54
2026-08-08 16:26:58.181,100.0,138.0,0.0,66.9131,0.0,-74.3145,23.3,2,0.5,-21.18,468.79,-15.99,469.54
2026-08-08 16:26:58.421,100.0,138.0,0.0,66.9131,0.0,-74.3145,23.3,3,0.75,-21.2,468.78,-15.98,469.53
2026-08-08 16:26:58.677,100.0,138.0,0.0,66.9131,0.0,-74.3145,23.3,4,1.0,-21.2,468.78,-15.98,469.53
2026-08-08 16:26:58.933,100.0,138.0,0.0,66.9131,0.0,-74.3145,23.3,5,1.25,-21.19,468.78,-16.0,469.53
2026-08-08 16:27:02.547,100.0,138.0,6.0,66.5465,6.9943,-74.3145,23.3,1,0.25,-21.59,468.76,-16.22,469.53
2026-08-08 16:27:02.803,100.0,138.0,6.0,66.5465,6.9943,-74.3145,23.3,2,0.5,-21.59,468.76,-16.22,469.53
2026-08-08 16:27:03.043,100.0,138.0,6.0,66.5465,6.9943,-74.3145,23.3,3,0.75,-21.59,468.81,-16.22,469.58
2026-08-08 16:27:05.554,100.0,138.0,6.0,66.5465,6.9943,-74.3145,23.3,4,1.0,-21.59,468.81,-16.22,469.58
2026-08-08 16:27:05.794,100.0,138.0,6.0,66.5465,6.9943,-74.3145,23.3,5,1.25,-21.59,468.76,-16.22,469.53
2026-08-08 16:27:09.424,100.0,138.0,12.0,65.4508,13.912,-74.3145,22.9,1,0.25,-21.9,468.93,-16.66,469.73
2026-08-08 16:27:09.680,100.0,138.0,12.0,65.4508,13.912,-74.3145,22.9,2,0.5,-21.9,468.93,-16.66,469.73
2026-08-08 16:27:09.920,100.0,138.0,12.0,65.4508,13.912,-74.3145,22.9,3,0.75,-21.91,468.92,-16.66,469.72
2026-08-08 16:27:10.176,100.0,138.0,12.0,65.4508,13.912,-74.3145,22.9,4,1.0,-21.91,468.92,-16.66,469.72
2026-08-08 16:27:10.432,100.0,138.0,12.0,65.4508,13.912,-74.3145,22.9,5,1.25,-21.9,468.94,-16.66,469.74
2026-08-08 16:27:14.046,100.0,138.0,18.0,63.6381,20.6773,-74.3145,23.4,1,0.25,-22.35,469.09,-16.96,469.92
2026-08-08 16:27:14.302,100.0,138.0,18.0,63.6381,20.6773,-74.3145,23.4,2,0.5,-22.35,469.09,-16.96,469.92
2026-08-08 16:27:14.542,100.0,138.0,18.0,63.6381,20.6773,-74.3145,23.4,3,0.75,-22.35,469.18,-16.96,470.01
2026-08-08 16:27:17.053,100.0,138.0,18.0,63.6381,20.6773,-74.3145,23.4,4,1.0,-22.35,469.18,-16.96,470.01
2026-08-08 16:27:17.293,100.0,138.0,18.0,63.6381,20.6773,-74.3145,23.4,5,1.25,-22.34,469.15,-16.97,469.98
2026-08-08 16:27:23.050,100.0,138.0,24.0,61.1281,27.216,-74.3145,23.6,1,0.25,-22.56,469.33,-17.13,470.18
2026-08-08 16:27:23.306,100.0,138.0,24.0,61.1281,27.216,-74.3145,23.6,2,0.5,-22.56,469.35,-17.11,470.2
2026-08-08 16:27:23.546,100.0,138.0,24.0,61.1281,27.216,-74.3145,23.6,3,0.75,-22.56,469.35,-17.11,470.2
2026-08-08 16:27:23.802,100.0,138.0,24.0,61.1281,27.216,-74.3145,23.6,4,1.0,-22.56,469.35,-17.11,470.2
2026-08-08 16:27:24.058,100.0,138.0,24.0,61.1281,27.216,-74.3145,23.6,5,1.25,-22.55,469.36,-17.12,470.21
2026-08-08 16:27:27.544,100.0,138.0,30.0,57.9484,33.4565,-74.3145,23.4,1,0.25,-22.85,469.64,-17.39,470.51
2026-08-08 16:27:27.800,100.0,138.0,30.0,57.9484,33.4565,-74.3145,23.4,2,0.5,-22.85,469.64,-17.39,470.51
2026-08-08 16:27:28.056,100.0,138.0,30.0,57.9484,33.4565,-74.3145,23.4,3,0.75,-22.84,469.69,-17.4,470.56
2026-08-08 16:27:28.296,100.0,138.0,30.0,57.9484,33.4565,-74.3145,23.4,4,1.0,-22.84,469.69,-17.4,470.56
2026-08-08 16:27:28.552,100.0,138.0,30.0,57.9484,33.4565,-74.3145,23.4,5,1.25,-22.86,469.65,-17.4,470.52
2026-08-08 16:27:32.054,100.0,138.0,36.0,54.1338,39.3305,-74.3145,24.1,1,0.25,-23.1,470.02,-17.52,470.91
2026-08-08 16:27:32.294,100.0,138.0,36.0,54.1338,39.3305,-74.3145,24.1,2,0.5,-23.1,470.05,-17.52,470.94
2026-08-08 16:27:32.550,100.0,138.0,36.0,54.1338,39.3305,-74.3145,24.1,3,0.75,-23.1,470.05,-17.52,470.94
2026-08-08 16:27:32.806,100.0,138.0,36.0,54.1338,39.3305,-74.3145,24.1,4,1.0,-23.11,470.02,-17.52,470.91
2026-08-08 16:27:33.046,100.0,138.0,36.0,54.1338,39.3305,-74.3145,24.1,5,1.25,-23.11,470.02,-17.52,470.91
2026-08-08 16:27:36.548,100.0,138.0,42.0,49.7261,44.7736,-74.3145,23.1,1,0.25,-23.23,470.36,-17.87,471.27
2026-08-08 16:27:36.804,100.0,138.0,42.0,49.7261,44.7736,-74.3145,23.1,2,0.5,-23.23,470.36,-17.87,471.27
2026-08-08 16:27:37.044,100.0,138.0,42.0,49.7261,44.7736,-74.3145,23.1,3,0.75,-23.23,470.36,-17.86,471.27
2026-08-08 16:27:37.300,100.0,138.0,42.0,49.7261,44.7736,-74.3145,23.1,4,1.0,-23.23,470.36,-17.86,471.27
2026-08-08 16:27:37.556,100.0,138.0,42.0,49.7261,44.7736,-74.3145,23.1,5,1.25,-23.24,470.42,-17.86,471.33
2026-08-08 16:27:40.930,100.0,138.0,48.0,44.7736,49.7261,-74.3145,22.6,1,0.25,-23.33,470.71,-17.97,471.63
2026-08-08 16:27:41.170,100.0,138.0,48.0,44.7736,49.7261,-74.3145,22.6,2,0.5,-23.34,470.71,-17.98,471.63
2026-08-08 16:27:41.426,100.0,138.0,48.0,44.7736,49.7261,-74.3145,22.6,3,0.75,-23.34,470.71,-17.98,471.63
2026-08-08 16:27:41.682,100.0,138.0,48.0,44.7736,49.7261,-74.3145,22.6,4,1.0,-23.35,470.74,-17.97,471.66
2026-08-08 16:27:41.922,100.0,138.0,48.0,44.7736,49.7261,-74.3145,22.6,5,1.25,-23.35,470.74,-17.97,471.66
2026-08-08 16:27:45.424,100.0,138.0,54.0,39.3305,54.1338,-74.3145,24.3,1,0.25,-23.4,471.2,-18.11,472.12
2026-08-08 16:27:45.680,100.0,138.0,54.0,39.3305,54.1338,-74.3145,24.3,2,0.5,-23.4,471.2,-18.11,472.12
2026-08-08 16:27:45.920,100.0,138.0,54.0,39.3305,54.1338,-74.3145,24.3,3,0.75,-23.4,471.14,-18.12,472.06
2026-08-08 16:27:46.176,100.0,138.0,54.0,39.3305,54.1338,-74.3145,24.3,4,1.0,-23.4,471.14,-18.12,472.06
2026-08-08 16:27:46.432,100.0,138.0,54.0,39.3305,54.1338,-74.3145,24.3,5,1.25,-23.41,471.16,-18.13,472.08
2026-08-08 16:27:49.918,100.0,138.0,60.0,33.4565,57.9484,-74.3145,24.1,1,0.25,-23.45,471.5,-18.11,472.43
2026-08-08 16:27:50.174,100.0,138.0,60.0,33.4565,57.9484,-74.3145,24.1,2,0.5,-23.45,471.5,-18.11,472.43
2026-08-08 16:27:50.430,100.0,138.0,60.0,33.4565,57.9484,-74.3145,24.1,3,0.75,-23.45,471.5,-18.11,472.43
2026-08-08 16:27:50.670,100.0,138.0,60.0,33.4565,57.9484,-74.3145,24.1,4,1.0,-23.44,471.57,-18.11,472.49
2026-08-08 16:27:50.926,100.0,138.0,60.0,33.4565,57.9484,-74.3145,24.1,5,1.25,-23.44,471.57,-18.11,472.49
2026-08-08 16:27:54.428,100.0,138.0,66.0,27.216,61.1281,-74.3145,23.8,1,0.25,-23.15,471.95,-18.15,472.86
2026-08-08 16:27:54.668,100.0,138.0,66.0,27.216,61.1281,-74.3145,23.8,2,0.5,-23.15,471.92,-18.15,472.83
2026-08-08 16:27:54.924,100.0,138.0,66.0,27.216,61.1281,-74.3145,23.8,3,0.75,-23.15,471.92,-18.15,472.83
2026-08-08 16:27:55.180,100.0,138.0,66.0,27.216,61.1281,-74.3145,23.8,4,1.0,-23.14,471.88,-18.17,472.79
2026-08-08 16:27:55.420,100.0,138.0,66.0,27.216,61.1281,-74.3145,23.8,5,1.25,-23.14,471.88,-18.17,472.79
2026-08-08 16:27:58.922,100.0,138.0,72.0,20.6773,63.6381,-74.3145,22.5,1,0.25,-22.94,472.28,-18.19,473.18
2026-08-08 16:27:59.178,100.0,138.0,72.0,20.6773,63.6381,-74.3145,22.5,2,0.5,-22.94,472.28,-18.19,473.18
2026-08-08 16:27:59.418,100.0,138.0,72.0,20.6773,63.6381,-74.3145,22.5,3,0.75,-22.95,472.24,-18.19,473.14
2026-08-08 16:27:59.674,100.0,138.0,72.0,20.6773,63.6381,-74.3145,22.5,4,1.0,-22.95,472.24,-18.19,473.14
2026-08-08 16:27:59.930,100.0,138.0,72.0,20.6773,63.6381,-74.3145,22.5,5,1.25,-22.95,472.21,-18.21,473.11
2026-08-08 16:28:03.544,100.0,138.0,78.0,13.912,65.4508,-74.3145,23.9,1,0.25,-22.62,472.59,-18.09,473.47
2026-08-08 16:28:03.800,100.0,138.0,78.0,13.912,65.4508,-74.3145,23.9,2,0.5,-22.62,472.59,-18.09,473.47
2026-08-08 16:28:04.056,100.0,138.0,78.0,13.912,65.4508,-74.3145,23.9,3,0.75,-22.63,472.53,-18.08,473.41
2026-08-08 16:28:04.296,100.0,138.0,78.0,13.912,65.4508,-74.3145,23.9,4,1.0,-22.63,472.53,-18.08,473.41
2026-08-08 16:28:04.552,100.0,138.0,78.0,13.912,65.4508,-74.3145,23.9,5,1.25,-22.62,472.54,-18.09,473.42
2026-08-08 16:28:08.182,100.0,138.0,84.0,6.9943,66.5465,-74.3145,23.1,1,0.25,-22.33,472.72,-18.02,473.59
2026-08-08 16:28:08.422,100.0,138.0,84.0,6.9943,66.5465,-74.3145,23.1,2,0.5,-22.35,472.74,-18.01,473.61
2026-08-08 16:28:08.678,100.0,138.0,84.0,6.9943,66.5465,-74.3145,23.1,3,0.75,-22.35,472.74,-18.01,473.61
2026-08-08 16:28:08.918,100.0,138.0,84.0,6.9943,66.5465,-74.3145,23.1,4,1.0,-22.34,472.71,-18.01,473.58
2026-08-08 16:28:09.174,100.0,138.0,84.0,6.9943,66.5465,-74.3145,23.1,5,1.25,-22.34,472.71,-18.01,473.58
2026-08-08 16:28:12.804,100.0,138.0,90.0,0.0,66.9131,-74.3145,23.8,1,0.25,-22.02,472.87,-17.95,473.72
2026-08-08 16:28:13.044,100.0,138.0,90.0,0.0,66.9131,-74.3145,23.8,2,0.5,-22.04,472.87,-17.95,473.72
2026-08-08 16:28:13.300,100.0,138.0,90.0,0.0,66.9131,-74.3145,23.8,3,0.75,-22.04,472.87,-17.95,473.72
2026-08-08 16:28:13.556,100.0,138.0,90.0,0.0,66.9131,-74.3145,23.8,4,1.0,-22.03,472.9,-17.95,473.75
2026-08-08 16:28:13.796,100.0,138.0,90.0,0.0,66.9131,-74.3145,23.8,5,1.25,-22.03,472.9,-17.95,473.75
2026-08-08 16:28:17.426,100.0,138.0,96.0,-6.9943,66.5465,-74.3145,23.6,1,0.25,-21.6,472.88,-17.89,473.71
2026-08-08 16:28:17.682,100.0,138.0,96.0,-6.9943,66.5465,-74.3145,23.6,2,0.5,-21.61,472.88,-17.88,473.71
2026-08-08 16:28:17.922,100.0,138.0,96.0,-6.9943,66.5465,-74.3145,23.6,3,0.75,-21.61,472.88,-17.88,473.71
2026-08-08 16:28:18.178,100.0,138.0,96.0,-6.9943,66.5465,-74.3145,23.6,4,1.0,-21.6,472.85,-17.89,473.68
2026-08-08 16:28:18.418,100.0,138.0,96.0,-6.9943,66.5465,-74.3145,23.6,5,1.25,-21.6,472.85,-17.89,473.68
2026-08-08 16:28:22.048,100.0,138.0,102.0,-13.912,65.4508,-74.3145,22.3,1,0.25,-21.16,472.79,-17.78,473.59
2026-08-08 16:28:22.304,100.0,138.0,102.0,-13.912,65.4508,-74.3145,22.3,2,0.5,-21.14,472.82,-17.8,473.62
2026-08-08 16:28:22.544,100.0,138.0,102.0,-13.912,65.4508,-74.3145,22.3,3,0.75,-21.14,472.82,-17.8,473.62
2026-08-08 16:28:22.800,100.0,138.0,102.0,-13.912,65.4508,-74.3145,22.3,4,1.0,-21.15,472.79,-17.8,473.59
2026-08-08 16:28:23.055,100.0,138.0,102.0,-13.912,65.4508,-74.3145,22.3,5,1.25,-21.15,472.79,-17.8,473.59
2026-08-08 16:28:26.670,100.0,138.0,108.0,-20.6773,63.6381,-74.3145,23.7,1,0.25,-20.99,472.6,-17.66,473.39
2026-08-08 16:28:26.926,100.0,138.0,108.0,-20.6773,63.6381,-74.3145,23.7,2,0.5,-20.99,472.6,-17.66,473.39
2026-08-08 16:28:27.182,100.0,138.0,108.0,-20.6773,63.6381,-74.3145,23.7,3,0.75,-20.99,472.61,-17.67,473.4
2026-08-08 16:28:27.422,100.0,138.0,108.0,-20.6773,63.6381,-74.3145,23.7,4,1.0,-20.99,472.61,-17.67,473.4
2026-08-08 16:28:27.677,100.0,138.0,108.0,-20.6773,63.6381,-74.3145,23.7,5,1.25,-21.0,472.61,-17.66,473.4
2026-08-08 16:28:31.180,100.0,138.0,114.0,-27.216,61.1281,-74.3145,,1,0.25,-20.8,472.38,-17.54,473.16
2026-08-08 16:28:31.420,100.0,138.0,114.0,-27.216,61.1281,-74.3145,,2,0.5,-20.8,472.38,-17.54,473.16
2026-08-08 16:28:31.676,100.0,138.0,114.0,-27.216,61.1281,-74.3145,,3,0.75,-20.8,472.42,-17.54,473.2
2026-08-08 16:28:31.931,100.0,138.0,114.0,-27.216,61.1281,-74.3145,,4,1.0,-20.8,472.42,-17.54,473.2
2026-08-08 16:28:32.171,100.0,138.0,114.0,-27.216,61.1281,-74.3145,,5,1.25,-20.8,472.42,-17.54,473.2
2026-08-08 16:28:35.674,100.0,138.0,120.0,-33.4565,57.9484,-74.3145,23.3,1,0.25,-20.43,472.19,-17.25,472.94
2026-08-08 16:28:35.930,100.0,138.0,120.0,-33.4565,57.9484,-74.3145,23.3,2,0.5,-20.44,472.17,-17.24,472.92
2026-08-08 16:28:36.170,100.0,138.0,120.0,-33.4565,57.9484,-74.3145,23.3,3,0.75,-20.44,472.17,-17.24,472.92
2026-08-08 16:28:36.425,100.0,138.0,120.0,-33.4565,57.9484,-74.3145,23.3,4,1.0,-20.42,472.09,-17.26,472.84
2026-08-08 16:28:36.681,100.0,138.0,120.0,-33.4565,57.9484,-74.3145,23.3,5,1.25,-20.42,472.09,-17.26,472.84
2026-08-08 16:28:40.168,100.0,138.0,126.0,-39.3305,54.1338,-74.3145,22.8,1,0.25,-20.25,471.82,-17.02,472.56
2026-08-08 16:28:40.424,100.0,138.0,126.0,-39.3305,54.1338,-74.3145,22.8,2,0.5,-20.25,471.82,-17.02,472.56
2026-08-08 16:28:40.679,100.0,138.0,126.0,-39.3305,54.1338,-74.3145,22.8,3,0.75,-20.25,471.85,-17.03,472.59
2026-08-08 16:28:40.919,100.0,138.0,126.0,-39.3305,54.1338,-74.3145,22.8,4,1.0,-20.25,471.85,-17.03,472.59
2026-08-08 16:28:41.175,100.0,138.0,126.0,-39.3305,54.1338,-74.3145,22.8,5,1.25,-20.24,471.8,-17.02,472.54
2026-08-08 16:28:44.678,100.0,138.0,132.0,-44.7736,49.7261,-74.3145,23.2,1,0.25,-20.12,471.46,-16.81,472.18
2026-08-08 16:28:44.918,100.0,138.0,132.0,-44.7736,49.7261,-74.3145,23.2,2,0.5,-20.12,471.46,-16.81,472.18
2026-08-08 16:28:45.173,100.0,138.0,132.0,-44.7736,49.7261,-74.3145,23.2,3,0.75,-20.12,471.46,-16.81,472.18
2026-08-08 16:28:45.429,100.0,138.0,132.0,-44.7736,49.7261,-74.3145,23.2,4,1.0,-20.12,471.49,-16.82,472.21
2026-08-08 16:28:45.669,100.0,138.0,132.0,-44.7736,49.7261,-74.3145,23.2,5,1.25,-20.12,471.49,-16.82,472.21
2026-08-08 16:28:49.044,100.0,138.0,138.0,-49.7261,44.7736,-74.3145,23.0,1,0.25,-20.19,471.05,-16.47,471.77
2026-08-08 16:28:49.300,100.0,138.0,138.0,-49.7261,44.7736,-74.3145,23.0,2,0.5,-20.19,471.05,-16.47,471.77
2026-08-08 16:28:49.555,100.0,138.0,138.0,-49.7261,44.7736,-74.3145,23.0,3,0.75,-20.21,471.04,-16.48,471.76
2026-08-08 16:28:49.795,100.0,138.0,138.0,-49.7261,44.7736,-74.3145,23.0,4,1.0,-20.21,471.04,-16.48,471.76
2026-08-08 16:28:50.051,100.0,138.0,138.0,-49.7261,44.7736,-74.3145,23.0,5,1.25,-20.2,471.07,-16.48,471.79
2026-08-08 16:28:53.554,100.0,138.0,144.0,-54.1338,39.3305,-74.3145,23.1,1,0.25,-19.92,470.71,-16.02,471.4
2026-08-08 16:28:53.794,100.0,138.0,144.0,-54.1338,39.3305,-74.3145,23.1,2,0.5,-19.9,470.7,-16.04,471.39
2026-08-08 16:28:54.049,100.0,138.0,144.0,-54.1338,39.3305,-74.3145,23.1,3,0.75,-19.9,470.7,-16.04,471.39
2026-08-08 16:28:54.305,100.0,138.0,144.0,-54.1338,39.3305,-74.3145,23.1,4,1.0,-19.92,470.69,-16.01,471.38
2026-08-08 16:28:54.545,100.0,138.0,144.0,-54.1338,39.3305,-74.3145,23.1,5,1.25,-19.92,470.69,-16.01,471.38
2026-08-08 16:28:58.048,100.0,138.0,150.0,-57.9484,33.4565,-74.3145,23.7,1,0.25,-20.01,470.38,-15.73,471.06
2026-08-08 16:28:58.304,100.0,138.0,150.0,-57.9484,33.4565,-74.3145,23.7,2,0.5,-20.0,470.42,-15.74,471.1
2026-08-08 16:28:58.543,100.0,138.0,150.0,-57.9484,33.4565,-74.3145,23.7,3,0.75,-20.0,470.42,-15.74,471.1
2026-08-08 16:28:58.799,100.0,138.0,150.0,-57.9484,33.4565,-74.3145,23.7,4,1.0,-20.0,470.37,-15.73,471.05
2026-08-08 16:28:59.055,100.0,138.0,150.0,-57.9484,33.4565,-74.3145,23.7,5,1.25,-20.0,470.37,-15.73,471.05
2026-08-08 16:29:02.542,100.0,138.0,156.0,-61.1281,27.216,-74.3145,23.7,1,0.25,-20.13,469.98,-15.44,470.66
2026-08-08 16:29:05.053,100.0,138.0,156.0,-61.1281,27.216,-74.3145,23.7,2,0.5,-20.14,470.02,-15.44,470.7
2026-08-08 16:29:05.293,100.0,138.0,156.0,-61.1281,27.216,-74.3145,23.7,3,0.75,-20.14,469.98,-15.42,470.66
2026-08-08 16:29:07.803,100.0,138.0,156.0,-61.1281,27.216,-74.3145,23.7,4,1.0,-20.15,469.92,-15.4,470.6
2026-08-08 16:29:08.043,100.0,138.0,156.0,-61.1281,27.216,-74.3145,23.7,5,1.25,-20.15,469.92,-15.4,470.6
2026-08-08 16:29:11.546,100.0,138.0,162.0,-63.6381,20.6773,-74.3145,23.8,1,0.25,-20.29,469.56,-15.18,470.24
2026-08-08 16:29:11.802,100.0,138.0,162.0,-63.6381,20.6773,-74.3145,23.8,2,0.5,-20.29,469.56,-15.18,470.24
2026-08-08 16:29:12.041,100.0,138.0,162.0,-63.6381,20.6773,-74.3145,23.8,3,0.75,-20.29,469.59,-15.17,470.27
2026-08-08 16:29:14.552,100.0,138.0,162.0,-63.6381,20.6773,-74.3145,23.8,4,1.0,-20.3,469.63,-15.16,470.31
2026-08-08 16:29:14.792,100.0,138.0,162.0,-63.6381,20.6773,-74.3145,23.8,5,1.25,-20.31,469.59,-15.17,470.27
2026-08-08 16:29:20.678,100.0,138.0,168.0,-65.4508,13.912,-74.3145,23.5,1,0.25,-20.38,469.3,-14.92,469.97
2026-08-08 16:29:20.917,100.0,138.0,168.0,-65.4508,13.912,-74.3145,23.5,2,0.5,-20.38,469.3,-14.92,469.97
2026-08-08 16:29:21.173,100.0,138.0,168.0,-65.4508,13.912,-74.3145,23.5,3,0.75,-20.4,469.31,-14.91,469.98
2026-08-08 16:29:21.429,100.0,138.0,168.0,-65.4508,13.912,-74.3145,23.5,4,1.0,-20.4,469.31,-14.91,469.98
2026-08-08 16:29:21.669,100.0,138.0,168.0,-65.4508,13.912,-74.3145,23.5,5,1.25,-20.4,469.31,-14.91,469.98
2026-08-08 16:29:25.300,100.0,138.0,174.0,-66.5465,6.9943,-74.3145,23.6,1,0.25,-20.97,469.09,-14.65,469.78
2026-08-08 16:29:25.555,100.0,138.0,174.0,-66.5465,6.9943,-74.3145,23.6,2,0.5,-20.96,469.07,-14.64,469.76
2026-08-08 16:29:25.795,100.0,138.0,174.0,-66.5465,6.9943,-74.3145,23.6,3,0.75,-20.96,469.07,-14.64,469.76
2026-08-08 16:29:26.051,100.0,138.0,174.0,-66.5465,6.9943,-74.3145,23.6,4,1.0,-20.96,469.05,-14.65,469.74
2026-08-08 16:29:26.307,100.0,138.0,174.0,-66.5465,6.9943,-74.3145,23.6,5,1.25,-20.96,469.05,-14.65,469.74
2026-08-08 16:29:29.921,100.0,138.0,180.0,-66.9131,0.0,-74.3145,22.7,1,0.25,-21.0,468.86,-14.39,469.55
2026-08-08 16:29:30.177,100.0,138.0,180.0,-66.9131,0.0,-74.3145,22.7,2,0.5,-21.01,468.91,-14.38,469.6
2026-08-08 16:29:30.417,100.0,138.0,180.0,-66.9131,0.0,-74.3145,22.7,3,0.75,-21.01,468.91,-14.38,469.6
2026-08-08 16:29:30.673,100.0,138.0,180.0,-66.9131,0.0,-74.3145,22.7,4,1.0,-21.0,468.9,-14.38,469.59
2026-08-08 16:29:30.929,100.0,138.0,180.0,-66.9131,0.0,-74.3145,22.7,5,1.25,-21.0,468.9,-14.38,469.59
2026-08-08 16:29:34.543,100.0,138.0,186.0,-66.5465,-6.9943,-74.3145,23.3,1,0.25,-21.55,468.76,-14.25,469.47
2026-08-08 16:29:34.799,100.0,138.0,186.0,-66.5465,-6.9943,-74.3145,23.3,2,0.5,-21.59,468.75,-14.27,469.46
2026-08-08 16:29:35.055,100.0,138.0,186.0,-66.5465,-6.9943,-74.3145,23.3,3,0.75,-21.59,468.75,-14.27,469.46
2026-08-08 16:29:35.295,100.0,138.0,186.0,-66.5465,-6.9943,-74.3145,23.3,4,1.0,-21.58,468.79,-14.26,469.5
2026-08-08 16:29:35.551,100.0,138.0,186.0,-66.5465,-6.9943,-74.3145,23.3,5,1.25,-21.58,468.79,-14.26,469.5
2026-08-08 16:29:39.181,100.0,138.0,192.0,-65.4508,-13.912,-74.3145,23.0,1,0.25,-21.86,468.68,-14.15,469.4
2026-08-08 16:29:39.421,100.0,138.0,192.0,-65.4508,-13.912,-74.3145,23.0,2,0.5,-21.85,468.67,-14.15,469.39
2026-08-08 16:29:39.677,100.0,138.0,192.0,-65.4508,-13.912,-74.3145,23.0,3,0.75,-21.85,468.67,-14.15,469.39
2026-08-08 16:29:39.917,100.0,138.0,192.0,-65.4508,-13.912,-74.3145,23.0,4,1.0,-21.84,468.69,-14.15,469.41
2026-08-08 16:29:40.173,100.0,138.0,192.0,-65.4508,-13.912,-74.3145,23.0,5,1.25,-21.84,468.69,-14.15,469.41
2026-08-08 16:29:43.803,100.0,138.0,198.0,-63.6381,-20.6773,-74.3145,23.0,1,0.25,-22.09,468.75,-14.02,469.47
2026-08-08 16:29:44.043,100.0,138.0,198.0,-63.6381,-20.6773,-74.3145,23.0,2,0.5,-22.09,468.75,-14.02,469.47
2026-08-08 16:29:44.299,100.0,138.0,198.0,-63.6381,-20.6773,-74.3145,23.0,3,0.75,-22.1,468.74,-14.01,469.46
2026-08-08 16:29:44.555,100.0,138.0,198.0,-63.6381,-20.6773,-74.3145,23.0,4,1.0,-22.1,468.74,-14.01,469.46
2026-08-08 16:29:44.795,100.0,138.0,198.0,-63.6381,-20.6773,-74.3145,23.0,5,1.25,-22.1,468.67,-14.02,469.4
2026-08-08 16:29:48.297,100.0,138.0,204.0,-61.1281,-27.216,-74.3145,23.1,1,0.25,-22.21,468.8,-13.89,469.53
2026-08-08 16:29:48.553,100.0,138.0,204.0,-61.1281,-27.216,-74.3145,23.1,2,0.5,-22.21,468.8,-13.89,469.53
2026-08-08 16:29:48.793,100.0,138.0,204.0,-61.1281,-27.216,-74.3145,23.1,3,0.75,-22.2,468.76,-13.88,469.49
2026-08-08 16:29:49.049,100.0,138.0,204.0,-61.1281,-27.216,-74.3145,23.1,4,1.0,-22.2,468.76,-13.88,469.49
2026-08-08 16:29:49.305,100.0,138.0,204.0,-61.1281,-27.216,-74.3145,23.1,5,1.25,-22.21,468.75,-13.89,469.48
2026-08-08 16:29:52.791,100.0,138.0,210.0,-57.9484,-33.4565,-74.3145,24.2,1,0.25,-22.44,468.82,-13.65,469.55
2026-08-08 16:29:55.302,100.0,138.0,210.0,-57.9484,-33.4565,-74.3145,24.2,2,0.5,-22.44,468.82,-13.65,469.55
2026-08-08 16:29:55.542,100.0,138.0,210.0,-57.9484,-33.4565,-74.3145,24.2,3,0.75,-22.44,468.8,-13.67,469.53
2026-08-08 16:29:58.053,100.0,138.0,210.0,-57.9484,-33.4565,-74.3145,24.2,4,1.0,-22.44,468.8,-13.67,469.53
2026-08-08 16:29:58.293,100.0,138.0,210.0,-57.9484,-33.4565,-74.3145,24.2,5,1.25,-22.45,468.82,-13.66,469.55
2026-08-08 16:30:01.795,100.0,138.0,216.0,-54.1338,-39.3305,-74.3145,23.4,1,0.25,-22.75,468.94,-13.56,469.68
2026-08-08 16:30:02.051,100.0,138.0,216.0,-54.1338,-39.3305,-74.3145,23.4,2,0.5,-22.75,468.94,-13.56,469.68
2026-08-08 16:30:02.291,100.0,138.0,216.0,-54.1338,-39.3305,-74.3145,23.4,3,0.75,-22.73,469.02,-13.55,469.76
2026-08-08 16:30:04.802,100.0,138.0,216.0,-54.1338,-39.3305,-74.3145,23.4,4,1.0,-22.73,469.02,-13.55,469.76
2026-08-08 16:30:05.042,100.0,138.0,216.0,-54.1338,-39.3305,-74.3145,23.4,5,1.25,-22.74,469.02,-13.56,469.76
2026-08-08 16:30:10.799,100.0,138.0,222.0,-49.7261,-44.7736,-74.3145,23.1,1,0.25,-22.97,469.14,-13.4,469.89
2026-08-08 16:30:11.055,100.0,138.0,222.0,-49.7261,-44.7736,-74.3145,23.1,2,0.5,-22.97,469.14,-13.4,469.89
2026-08-08 16:30:11.295,100.0,138.0,222.0,-49.7261,-44.7736,-74.3145,23.1,3,0.75,-22.96,469.16,-13.39,469.91
2026-08-08 16:30:11.551,100.0,138.0,222.0,-49.7261,-44.7736,-74.3145,23.1,4,1.0,-22.96,469.16,-13.39,469.91
2026-08-08 16:30:11.807,100.0,138.0,222.0,-49.7261,-44.7736,-74.3145,23.1,5,1.25,-22.97,469.13,-13.38,469.88
2026-08-08 16:30:15.181,100.0,138.0,228.0,-44.7736,-49.7261,-74.3145,23.7,1,0.25,-23.01,469.39,-13.34,470.14
2026-08-08 16:30:15.421,100.0,138.0,228.0,-44.7736,-49.7261,-74.3145,23.7,2,0.5,-23.0,469.39,-13.32,470.14
2026-08-08 16:30:15.677,100.0,138.0,228.0,-44.7736,-49.7261,-74.3145,23.7,3,0.75,-23.0,469.39,-13.32,470.14
2026-08-08 16:30:15.917,100.0,138.0,228.0,-44.7736,-49.7261,-74.3145,23.7,4,1.0,-23.01,469.37,-13.33,470.12
2026-08-08 16:30:16.173,100.0,138.0,228.0,-44.7736,-49.7261,-74.3145,23.7,5,1.25,-23.01,469.37,-13.33,470.12
2026-08-08 16:30:19.675,100.0,138.0,234.0,-39.3305,-54.1338,-74.3145,22.3,1,0.25,-23.09,469.71,-13.12,470.46
2026-08-08 16:30:19.931,100.0,138.0,234.0,-39.3305,-54.1338,-74.3145,22.3,2,0.5,-23.09,469.71,-13.12,470.46
2026-08-08 16:30:20.171,100.0,138.0,234.0,-39.3305,-54.1338,-74.3145,22.3,3,0.75,-23.08,469.68,-13.11,470.42
2026-08-08 16:30:20.427,100.0,138.0,234.0,-39.3305,-54.1338,-74.3145,22.3,4,1.0,-23.08,469.68,-13.11,470.42
2026-08-08 16:30:20.667,100.0,138.0,234.0,-39.3305,-54.1338,-74.3145,22.3,5,1.25,-23.07,469.61,-13.13,470.35
2026-08-08 16:30:24.169,100.0,138.0,240.0,-33.4565,-57.9484,-74.3145,22.9,1,0.25,-23.0,469.81,-12.99,470.55
2026-08-08 16:30:24.425,100.0,138.0,240.0,-33.4565,-57.9484,-74.3145,22.9,2,0.5,-23.0,469.81,-12.99,470.55
2026-08-08 16:30:24.681,100.0,138.0,240.0,-33.4565,-57.9484,-74.3145,22.9,3,0.75,-23.0,469.77,-13.0,470.51
2026-08-08 16:30:24.921,100.0,138.0,240.0,-33.4565,-57.9484,-74.3145,22.9,4,1.0,-23.0,469.77,-13.0,470.51
2026-08-08 16:30:25.177,100.0,138.0,240.0,-33.4565,-57.9484,-74.3145,22.9,5,1.25,-23.0,469.77,-13.0,470.51
2026-08-08 16:30:28.679,100.0,138.0,246.0,-27.216,-61.1281,-74.3145,22.4,1,0.25,-23.08,470.06,-12.98,470.8
2026-08-08 16:30:28.919,100.0,138.0,246.0,-27.216,-61.1281,-74.3145,22.4,2,0.5,-23.08,470.08,-12.98,470.82
2026-08-08 16:30:29.175,100.0,138.0,246.0,-27.216,-61.1281,-74.3145,22.4,3,0.75,-23.08,470.08,-12.98,470.82
2026-08-08 16:30:29.431,100.0,138.0,246.0,-27.216,-61.1281,-74.3145,22.4,4,1.0,-23.07,470.06,-12.98,470.8
2026-08-08 16:30:29.671,100.0,138.0,246.0,-27.216,-61.1281,-74.3145,22.4,5,1.25,-23.07,470.06,-12.98,470.8
2026-08-08 16:30:33.173,100.0,138.0,252.0,-20.6773,-63.6381,-74.3145,23.2,1,0.25,-22.59,470.37,-13.0,471.09
2026-08-08 16:30:33.429,100.0,138.0,252.0,-20.6773,-63.6381,-74.3145,23.2,2,0.5,-22.59,470.37,-13.0,471.09
2026-08-08 16:30:33.669,100.0,138.0,252.0,-20.6773,-63.6381,-74.3145,23.2,3,0.75,-22.56,470.34,-13.0,471.06
2026-08-08 16:30:33.925,100.0,138.0,252.0,-20.6773,-63.6381,-74.3145,23.2,4,1.0,-22.56,470.34,-13.0,471.06
2026-08-08 16:30:34.181,100.0,138.0,252.0,-20.6773,-63.6381,-74.3145,23.2,5,1.25,-22.57,470.31,-12.99,471.03
2026-08-08 16:30:37.795,100.0,138.0,258.0,-13.912,-65.4508,-74.3145,23.3,1,0.25,-22.53,470.53,-12.88,471.24
2026-08-08 16:30:38.051,100.0,138.0,258.0,-13.912,-65.4508,-74.3145,23.3,2,0.5,-22.53,470.53,-12.88,471.24
2026-08-08 16:30:38.291,100.0,138.0,258.0,-13.912,-65.4508,-74.3145,23.3,3,0.75,-22.54,470.55,-12.88,471.26
2026-08-08 16:30:40.802,100.0,138.0,258.0,-13.912,-65.4508,-74.3145,23.3,4,1.0,-22.52,470.52,-12.9,471.23
2026-08-08 16:30:41.042,100.0,138.0,258.0,-13.912,-65.4508,-74.3145,23.3,5,1.25,-22.53,470.53,-12.9,471.24
2026-08-08 16:30:46.927,100.0,138.0,264.0,-6.9943,-66.5465,-74.3145,22.6,1,0.25,-22.24,470.73,-12.93,471.43
2026-08-08 16:30:47.167,100.0,138.0,264.0,-6.9943,-66.5465,-74.3145,22.6,2,0.5,-22.25,470.7,-12.92,471.4
2026-08-08 16:30:47.423,100.0,138.0,264.0,-6.9943,-66.5465,-74.3145,22.6,3,0.75,-22.25,470.7,-12.92,471.4
2026-08-08 16:30:47.679,100.0,138.0,264.0,-6.9943,-66.5465,-74.3145,22.6,4,1.0,-22.25,470.72,-12.92,471.42
2026-08-08 16:30:47.919,100.0,138.0,264.0,-6.9943,-66.5465,-74.3145,22.6,5,1.25,-22.25,470.72,-12.92,471.42
2026-08-08 16:30:51.549,100.0,138.0,270.0,-0.0,-66.9131,-74.3145,22.0,1,0.25,-21.92,470.89,-12.99,471.57
2026-08-08 16:30:51.805,100.0,138.0,270.0,-0.0,-66.9131,-74.3145,22.0,2,0.5,-21.91,470.86,-12.99,471.54
2026-08-08 16:30:52.045,100.0,138.0,270.0,-0.0,-66.9131,-74.3145,22.0,3,0.75,-21.91,470.86,-12.99,471.54
2026-08-08 16:30:52.301,100.0,138.0,270.0,-0.0,-66.9131,-74.3145,22.0,4,1.0,-21.93,470.82,-12.99,471.5
2026-08-08 16:30:52.541,100.0,138.0,270.0,-0.0,-66.9131,-74.3145,22.0,5,1.25,-21.91,470.81,-13.0,471.49
2026-08-08 16:30:58.426,100.0,138.0,276.0,6.9943,-66.5465,-74.3145,22.6,1,0.25,-21.53,470.84,-12.94,471.5
2026-08-08 16:30:58.666,100.0,138.0,276.0,6.9943,-66.5465,-74.3145,22.6,2,0.5,-21.54,470.8,-12.94,471.47
2026-08-08 16:30:58.922,100.0,138.0,276.0,6.9943,-66.5465,-74.3145,22.6,3,0.75,-21.54,470.8,-12.94,471.47
2026-08-08 16:30:59.178,100.0,138.0,276.0,6.9943,-66.5465,-74.3145,22.6,4,1.0,-21.55,470.82,-12.95,471.49
2026-08-08 16:30:59.418,100.0,138.0,276.0,6.9943,-66.5465,-74.3145,22.6,5,1.25,-21.55,470.82,-12.95,471.49
2026-08-08 16:31:03.048,100.0,138.0,282.0,13.912,-65.4508,-74.3145,24.2,1,0.25,-21.41,470.83,-13.01,471.49
2026-08-08 16:31:03.304,100.0,138.0,282.0,13.912,-65.4508,-74.3145,24.2,2,0.5,-21.41,470.79,-13.02,471.45
2026-08-08 16:31:03.544,100.0,138.0,282.0,13.912,-65.4508,-74.3145,24.2,3,0.75,-21.41,470.79,-13.02,471.45
2026-08-08 16:31:03.800,100.0,138.0,282.0,13.912,-65.4508,-74.3145,24.2,4,1.0,-21.42,470.83,-13.01,471.49
2026-08-08 16:31:04.056,100.0,138.0,282.0,13.912,-65.4508,-74.3145,24.2,5,1.25,-21.42,470.83,-13.01,471.49
2026-08-08 16:31:07.670,100.0,138.0,288.0,20.6773,-63.6381,-74.3145,22.2,1,0.25,-20.97,470.74,-13.04,471.38
2026-08-08 16:31:07.926,100.0,138.0,288.0,20.6773,-63.6381,-74.3145,22.2,2,0.5,-20.96,470.72,-13.04,471.36
2026-08-08 16:31:08.166,100.0,138.0,288.0,20.6773,-63.6381,-74.3145,22.2,3,0.75,-20.96,470.72,-13.04,471.36
2026-08-08 16:31:08.422,100.0,138.0,288.0,20.6773,-63.6381,-74.3145,22.2,4,1.0,-20.96,470.71,-13.04,471.35
2026-08-08 16:31:08.678,100.0,138.0,288.0,20.6773,-63.6381,-74.3145,22.2,5,1.25,-20.96,470.71,-13.04,471.35
2026-08-08 16:31:12.180,100.0,138.0,294.0,27.216,-61.1281,-74.3145,23.1,1,0.25,-20.59,470.48,-13.1,471.11
2026-08-08 16:31:12.420,100.0,138.0,294.0,27.216,-61.1281,-74.3145,23.1,2,0.5,-20.59,470.48,-13.1,471.11
2026-08-08 16:31:12.676,100.0,138.0,294.0,27.216,-61.1281,-74.3145,23.1,3,0.75,-20.6,470.47,-13.09,471.1
2026-08-08 16:31:12.916,100.0,138.0,294.0,27.216,-61.1281,-74.3145,23.1,4,1.0,-20.6,470.47,-13.09,471.1
2026-08-08 16:31:13.172,100.0,138.0,294.0,27.216,-61.1281,-74.3145,23.1,5,1.25,-20.59,470.49,-13.09,471.12
2026-08-08 16:31:16.674,100.0,138.0,300.0,33.4565,-57.9484,-74.3145,23.0,1,0.25,-20.51,470.32,-13.13,470.95
2026-08-08 16:31:16.930,100.0,138.0,300.0,33.4565,-57.9484,-74.3145,23.0,2,0.5,-20.51,470.32,-13.13,470.95
2026-08-08 16:31:17.170,100.0,138.0,300.0,33.4565,-57.9484,-74.3145,23.0,3,0.75,-20.51,470.32,-13.13,470.95
2026-08-08 16:31:17.426,100.0,138.0,300.0,33.4565,-57.9484,-74.3145,23.0,4,1.0,-20.5,470.33,-13.13,470.95
2026-08-08 16:31:17.666,100.0,138.0,300.0,33.4565,-57.9484,-74.3145,23.0,5,1.25,-20.5,470.33,-13.13,470.95
2026-08-08 16:31:21.168,100.0,138.0,306.0,39.3305,-54.1338,-74.3145,23.1,1,0.25,-20.13,470.15,-13.36,470.77
2026-08-08 16:31:21.424,100.0,138.0,306.0,39.3305,-54.1338,-74.3145,23.1,2,0.5,-20.13,470.13,-13.34,470.74
2026-08-08 16:31:21.680,100.0,138.0,306.0,39.3305,-54.1338,-74.3145,23.1,3,0.75,-20.13,470.13,-13.34,470.74
2026-08-08 16:31:21.920,100.0,138.0,306.0,39.3305,-54.1338,-74.3145,23.1,4,1.0,-20.15,470.13,-13.34,470.75
2026-08-08 16:31:22.176,100.0,138.0,306.0,39.3305,-54.1338,-74.3145,23.1,5,1.25,-20.15,470.13,-13.34,470.75
2026-08-08 16:31:25.550,100.0,138.0,312.0,44.7736,-49.7261,-74.3145,23.4,1,0.25,-19.9,469.98,-13.54,470.59
2026-08-08 16:31:25.806,100.0,138.0,312.0,44.7736,-49.7261,-74.3145,23.4,2,0.5,-19.9,469.98,-13.54,470.59
2026-08-08 16:31:26.046,100.0,138.0,312.0,44.7736,-49.7261,-74.3145,23.4,3,0.75,-19.9,469.96,-13.54,470.57
2026-08-08 16:31:26.302,100.0,138.0,312.0,44.7736,-49.7261,-74.3145,23.4,4,1.0,-19.9,469.96,-13.54,470.57
2026-08-08 16:31:26.542,100.0,138.0,312.0,44.7736,-49.7261,-74.3145,23.4,5,1.25,-19.9,469.96,-13.54,470.57
2026-08-08 16:31:29.916,100.0,138.0,318.0,49.7261,-44.7736,-74.3145,24.2,1,0.25,-19.84,469.66,-13.77,470.28
2026-08-08 16:31:30.172,100.0,138.0,318.0,49.7261,-44.7736,-74.3145,24.2,2,0.5,-19.84,469.66,-13.77,470.28
2026-08-08 16:31:30.428,100.0,138.0,318.0,49.7261,-44.7736,-74.3145,24.2,3,0.75,-19.83,469.68,-13.78,470.3
2026-08-08 16:31:30.668,100.0,138.0,318.0,49.7261,-44.7736,-74.3145,24.2,4,1.0,-19.83,469.68,-13.78,470.3
2026-08-08 16:31:30.924,100.0,138.0,318.0,49.7261,-44.7736,-74.3145,24.2,5,1.25,-19.83,469.72,-13.78,470.34
2026-08-08 16:31:34.426,100.0,138.0,324.0,54.1338,-39.3305,-74.3145,22.8,1,0.25,-19.72,469.43,-14.05,470.05
2026-08-08 16:31:34.666,100.0,138.0,324.0,54.1338,-39.3305,-74.3145,22.8,2,0.5,-19.72,469.43,-14.05,470.05
2026-08-08 16:31:34.922,100.0,138.0,324.0,54.1338,-39.3305,-74.3145,22.8,3,0.75,-19.72,469.41,-14.08,470.03
2026-08-08 16:31:35.178,100.0,138.0,324.0,54.1338,-39.3305,-74.3145,22.8,4,1.0,-19.72,469.41,-14.08,470.03
2026-08-08 16:31:35.418,100.0,138.0,324.0,54.1338,-39.3305,-74.3145,22.8,5,1.25,-19.72,469.46,-14.06,470.08
2026-08-08 16:31:38.920,100.0,138.0,330.0,57.9484,-33.4565,-74.3145,23.6,1,0.25,-19.78,469.19,-14.18,469.82
2026-08-08 16:31:39.176,100.0,138.0,330.0,57.9484,-33.4565,-74.3145,23.6,2,0.5,-19.78,469.19,-14.17,469.82
2026-08-08 16:31:39.416,100.0,138.0,330.0,57.9484,-33.4565,-74.3145,23.6,3,0.75,-19.78,469.19,-14.17,469.82
2026-08-08 16:31:39.672,100.0,138.0,330.0,57.9484,-33.4565,-74.3145,23.6,4,1.0,-19.77,469.16,-14.18,469.79
2026-08-08 16:31:39.928,100.0,138.0,330.0,57.9484,-33.4565,-74.3145,23.6,5,1.25,-19.77,469.16,-14.18,469.79
2026-08-08 16:31:43.430,100.0,138.0,336.0,61.1281,-27.216,-74.3145,23.0,1,0.25,-19.96,469.0,-14.68,469.65
2026-08-08 16:31:43.670,100.0,138.0,336.0,61.1281,-27.216,-74.3145,23.0,2,0.5,-19.96,469.0,-14.68,469.65
2026-08-08 16:31:43.926,100.0,138.0,336.0,61.1281,-27.216,-74.3145,23.0,3,0.75,-19.95,469.01,-14.68,469.66
2026-08-08 16:31:44.166,100.0,138.0,336.0,61.1281,-27.216,-74.3145,23.0,4,1.0,-19.95,469.01,-14.68,469.66
2026-08-08 16:31:44.422,100.0,138.0,336.0,61.1281,-27.216,-74.3145,23.0,5,1.25,-19.95,469.04,-14.67,469.69
2026-08-08 16:31:47.924,100.0,138.0,342.0,63.6381,-20.6773,-74.3145,24.3,1,0.25,-20.16,468.89,-14.92,469.56
2026-08-08 16:31:48.180,100.0,138.0,342.0,63.6381,-20.6773,-74.3145,24.3,2,0.5,-20.16,468.89,-14.92,469.56
2026-08-08 16:31:48.420,100.0,138.0,342.0,63.6381,-20.6773,-74.3145,24.3,3,0.75,-20.16,468.89,-14.92,469.56
2026-08-08 16:31:48.676,100.0,138.0,342.0,63.6381,-20.6773,-74.3145,24.3,4,1.0,-20.16,468.91,-14.93,469.58
2026-08-08 16:31:48.916,100.0,138.0,342.0,63.6381,-20.6773,-74.3145,24.3,5,1.25,-20.16,468.91,-14.93,469.58
2026-08-08 16:31:52.546,100.0,138.0,348.0,65.4508,-13.912,-74.3145,23.9,1,0.25,-20.44,468.85,-15.27,469.54
2026-08-08 16:31:52.802,100.0,138.0,348.0,65.4508,-13.912,-74.3145,23.9,2,0.5,-20.44,468.85,-15.26,469.54
2026-08-08 16:31:53.042,100.0,138.0,348.0,65.4508,-13.912,-74.3145,23.9,3,0.75,-20.44,468.85,-15.26,469.54
2026-08-08 16:31:53.298,100.0,138.0,348.0,65.4508,-13.912,-74.3145,23.9,4,1.0,-20.43,468.82,-15.26,469.51
2026-08-08 16:31:53.554,100.0,138.0,348.0,65.4508,-13.912,-74.3145,23.9,5,1.25,-20.43,468.82,-15.26,469.51
2026-08-08 16:31:57.168,100.0,138.0,354.0,66.5465,-6.9943,-74.3145,,1,0.25,-20.91,468.73,-15.63,469.45
2026-08-08 16:31:57.424,100.0,138.0,354.0,66.5465,-6.9943,-74.3145,,2,0.5,-20.9,468.75,-15.64,469.47
2026-08-08 16:31:57.680,100.0,138.0,354.0,66.5465,-6.9943,-74.3145,,3,0.75,-20.9,468.75,-15.64,469.47
2026-08-08 16:31:57.920,100.0,138.0,354.0,66.5465,-6.9943,-74.3145,,4,1.0,-20.9,468.72,-15.63,469.44
2026-08-08 16:31:58.176,100.0,138.0,354.0,66.5465,-6.9943,-74.3145,,5,1.25,-20.9,468.72,-15.63,469.44
2026-08-08 16:32:01.918,100.0,144.0,354.0,58.4565,-6.144,-80.9017,23.6,1,0.25,-21.03,469.43,-15.45,470.15
2026-08-08 16:32:02.174,100.0,144.0,354.0,58.4565,-6.144,-80.9017,23.6,2,0.5,-21.04,469.42,-15.46,470.14
2026-08-08 16:32:02.430,100.0,144.0,354.0,58.4565,-6.144,-80.9017,23.6,3,0.75,-21.04,469.42,-15.46,470.14
2026-08-08 16:32:02.670,100.0,144.0,354.0,58.4565,-6.144,-80.9017,23.6,4,1.0,-21.05,469.4,-15.45,470.12
2026-08-08 16:32:02.926,100.0,144.0,354.0,58.4565,-6.144,-80.9017,23.6,5,1.25,-21.05,469.4,-15.45,470.12
2026-08-08 16:32:06.428,100.0,144.0,348.0,57.4941,-12.2207,-80.9017,23.4,1,0.25,-20.72,469.35,-15.24,470.05
2026-08-08 16:32:06.668,100.0,144.0,348.0,57.4941,-12.2207,-80.9017,23.4,2,0.5,-20.72,469.36,-15.23,470.06
2026-08-08 16:32:06.924,100.0,144.0,348.0,57.4941,-12.2207,-80.9017,23.4,3,0.75,-20.72,469.36,-15.23,470.06
2026-08-08 16:32:07.179,100.0,144.0,348.0,57.4941,-12.2207,-80.9017,23.4,4,1.0,-20.72,469.36,-15.23,470.06
2026-08-08 16:32:07.419,100.0,144.0,348.0,57.4941,-12.2207,-80.9017,23.4,5,1.25,-20.73,469.35,-15.24,470.05
2026-08-08 16:32:10.922,100.0,144.0,342.0,55.9017,-18.1636,-80.9017,23.6,1,0.25,-20.49,469.52,-14.95,470.2
2026-08-08 16:32:11.178,100.0,144.0,342.0,55.9017,-18.1636,-80.9017,23.6,2,0.5,-20.49,469.52,-14.95,470.2
2026-08-08 16:32:11.418,100.0,144.0,342.0,55.9017,-18.1636,-80.9017,23.6,3,0.75,-20.5,469.52,-14.95,470.2
2026-08-08 16:32:11.674,100.0,144.0,342.0,55.9017,-18.1636,-80.9017,23.6,4,1.0,-20.5,469.52,-14.95,470.2
2026-08-08 16:32:11.929,100.0,144.0,342.0,55.9017,-18.1636,-80.9017,23.6,5,1.25,-20.5,469.5,-14.94,470.18
2026-08-08 16:32:15.416,100.0,144.0,336.0,53.6969,-23.9074,-80.9017,23.0,1,0.25,-20.41,469.64,-14.64,470.31
2026-08-08 16:32:15.672,100.0,144.0,336.0,53.6969,-23.9074,-80.9017,23.0,2,0.5,-20.4,469.61,-14.65,470.28
2026-08-08 16:32:15.928,100.0,144.0,336.0,53.6969,-23.9074,-80.9017,23.0,3,0.75,-20.4,469.61,-14.65,470.28
2026-08-08 16:32:16.167,100.0,144.0,336.0,53.6969,-23.9074,-80.9017,23.0,4,1.0,-20.39,469.67,-14.64,470.34
2026-08-08 16:32:16.423,100.0,144.0,336.0,53.6969,-23.9074,-80.9017,23.0,5,1.25,-20.39,469.67,-14.64,470.34
2026-08-08 16:32:19.926,100.0,144.0,330.0,50.9037,-29.3893,-80.9017,22.9,1,0.25,-20.29,469.71,-14.25,470.36
2026-08-08 16:32:20.166,100.0,144.0,330.0,50.9037,-29.3893,-80.9017,22.9,2,0.5,-20.29,469.71,-14.25,470.36
2026-08-08 16:32:20.422,100.0,144.0,330.0,50.9037,-29.3893,-80.9017,22.9,3,0.75,-20.32,469.69,-14.24,470.34
2026-08-08 16:32:20.678,100.0,144.0,330.0,50.9037,-29.3893,-80.9017,22.9,4,1.0,-20.32,469.69,-14.24,470.34
2026-08-08 16:32:20.917,100.0,144.0,330.0,50.9037,-29.3893,-80.9017,22.9,5,1.25,-20.3,469.72,-14.24,470.37
2026-08-08 16:32:24.292,100.0,144.0,324.0,47.5528,-34.5492,-80.9017,23.0,1,0.25,-20.33,469.88,-13.93,470.52
2026-08-08 16:32:24.548,100.0,144.0,324.0,47.5528,-34.5492,-80.9017,23.0,2,0.5,-20.32,469.88,-13.94,470.52
2026-08-08 16:32:24.804,100.0,144.0,324.0,47.5528,-34.5492,-80.9017,23.0,3,0.75,-20.32,469.88,-13.94,470.52
2026-08-08 16:32:25.044,100.0,144.0,324.0,47.5528,-34.5492,-80.9017,23.0,4,1.0,-20.33,469.87,-13.95,470.51
2026-08-08 16:32:25.300,100.0,144.0,324.0,47.5528,-34.5492,-80.9017,23.0,5,1.25,-20.33,469.87,-13.95,470.51
2026-08-08 16:32:28.674,100.0,144.0,318.0,43.681,-39.3305,-80.9017,22.6,1,0.25,-20.3,470.12,-13.81,470.76
2026-08-08 16:32:28.930,100.0,144.0,318.0,43.681,-39.3305,-80.9017,22.6,2,0.5,-20.3,470.12,-13.81,470.76
2026-08-08 16:32:29.170,100.0,144.0,318.0,43.681,-39.3305,-80.9017,22.6,3,0.75,-20.3,470.1,-13.82,470.74
2026-08-08 16:32:29.426,100.0,144.0,318.0,43.681,-39.3305,-80.9017,22.6,4,1.0,-20.3,470.1,-13.82,470.74
2026-08-08 16:32:29.666,100.0,144.0,318.0,43.681,-39.3305,-80.9017,22.6,5,1.25,-20.29,470.16,-13.82,470.8
2026-08-08 16:32:33.040,100.0,144.0,312.0,39.3305,-43.681,-80.9017,24.7,1,0.25,-20.39,470.29,-13.58,470.92
2026-08-08 16:32:35.551,100.0,144.0,312.0,39.3305,-43.681,-80.9017,24.7,2,0.5,-20.39,470.29,-13.58,470.92
2026-08-08 16:32:35.791,100.0,144.0,312.0,39.3305,-43.681,-80.9017,24.7,3,0.75,-20.39,470.26,-13.57,470.89
2026-08-08 16:32:38.302,100.0,144.0,312.0,39.3305,-43.681,-80.9017,24.7,4,1.0,-20.39,470.26,-13.57,470.89
2026-08-08 16:32:38.542,100.0,144.0,312.0,39.3305,-43.681,-80.9017,24.7,5,1.25,-20.38,470.28,-13.59,470.91
2026-08-08 16:32:41.916,100.0,144.0,306.0,34.5492,-47.5528,-80.9017,23.1,1,0.25,-20.53,470.42,-13.42,471.05
2026-08-08 16:32:42.172,100.0,144.0,306.0,34.5492,-47.5528,-80.9017,23.1,2,0.5,-20.52,470.48,-13.42,471.11
2026-08-08 16:32:42.428,100.0,144.0,306.0,34.5492,-47.5528,-80.9017,23.1,3,0.75,-20.52,470.48,-13.42,471.11
2026-08-08 16:32:42.668,100.0,144.0,306.0,34.5492,-47.5528,-80.9017,23.1,4,1.0,-20.51,470.51,-13.42,471.14
2026-08-08 16:32:42.924,100.0,144.0,306.0,34.5492,-47.5528,-80.9017,23.1,5,1.25,-20.51,470.51,-13.42,471.14
2026-08-08 16:32:46.298,100.0,144.0,300.0,29.3893,-50.9037,-80.9017,22.9,1,0.25,-20.81,470.63,-13.33,471.27
2026-08-08 16:32:46.554,100.0,144.0,300.0,29.3893,-50.9037,-80.9017,22.9,2,0.5,-20.81,470.63,-13.33,471.27
2026-08-08 16:32:46.794,100.0,144.0,300.0,29.3893,-50.9037,-80.9017,22.9,3,0.75,-20.81,470.62,-13.33,471.26
2026-08-08 16:32:47.050,100.0,144.0,300.0,29.3893,-50.9037,-80.9017,22.9,4,1.0,-20.81,470.62,-13.33,471.26
2026-08-08 16:32:47.306,100.0,144.0,300.0,29.3893,-50.9037,-80.9017,22.9,5,1.25,-20.82,470.65,-13.33,471.29
2026-08-08 16:32:50.792,100.0,144.0,294.0,23.9074,-53.6969,-80.9017,23.3,1,0.25,-21.18,470.81,-13.12,471.46
2026-08-08 16:32:51.048,100.0,144.0,294.0,23.9074,-53.6969,-80.9017,23.3,2,0.5,-21.16,470.8,-13.12,471.45
2026-08-08 16:32:51.304,100.0,144.0,294.0,23.9074,-53.6969,-80.9017,23.3,3,0.75,-21.16,470.8,-13.12,471.45
2026-08-08 16:32:51.544,100.0,144.0,294.0,23.9074,-53.6969,-80.9017,23.3,4,1.0,-21.17,470.77,-13.13,471.42
2026-08-08 16:32:51.800,100.0,144.0,294.0,23.9074,-53.6969,-80.9017,23.3,5,1.25,-21.17,470.77,-13.13,471.42
2026-08-08 16:32:55.302,100.0,144.0,288.0,18.1636,-55.9017,-80.9017,,1,0.25,-21.3,470.99,-13.21,471.65
2026-08-08 16:32:55.542,100.0,144.0,288.0,18.1636,-55.9017,-80.9017,,2,0.5,-21.3,470.99,-13.21,471.65
2026-08-08 16:32:55.798,100.0,144.0,288.0,18.1636,-55.9017,-80.9017,,3,0.75,-21.31,470.93,-13.21,471.59
2026-08-08 16:32:56.054,100.0,144.0,288.0,18.1636,-55.9017,-80.9017,,4,1.0,-21.31,470.93,-13.21,471.59
2026-08-08 16:32:56.294,100.0,144.0,288.0,18.1636,-55.9017,-80.9017,,5,1.25,-21.31,470.94,-13.21,471.6
2026-08-08 16:32:59.796,100.0,144.0,282.0,12.2207,-57.4941,-80.9017,23.0,1,0.25,-21.66,471.0,-13.1,471.67
2026-08-08 16:33:00.052,100.0,144.0,282.0,12.2207,-57.4941,-80.9017,23.0,2,0.5,-21.66,471.0,-13.1,471.67
2026-08-08 16:33:00.292,100.0,144.0,282.0,12.2207,-57.4941,-80.9017,23.0,3,0.75,-21.67,470.99,-13.11,471.67
2026-08-08 16:33:00.548,100.0,144.0,282.0,12.2207,-57.4941,-80.9017,23.0,4,1.0,-21.67,470.99,-13.11,471.67
2026-08-08 16:33:00.804,100.0,144.0,282.0,12.2207,-57.4941,-80.9017,23.0,5,1.25,-21.66,470.94,-13.11,471.62
2026-08-08 16:33:04.290,100.0,144.0,276.0,6.144,-58.4565,-80.9017,22.6,1,0.25,-21.83,470.92,-13.06,471.6
2026-08-08 16:33:06.801,100.0,144.0,276.0,6.144,-58.4565,-80.9017,22.6,2,0.5,-21.83,470.92,-13.06,471.6
2026-08-08 16:33:07.041,100.0,144.0,276.0,6.144,-58.4565,-80.9017,22.6,3,0.75,-21.81,470.94,-13.06,471.62
2026-08-08 16:33:09.552,100.0,144.0,276.0,6.144,-58.4565,-80.9017,22.6,4,1.0,-21.81,470.94,-13.06,471.62
2026-08-08 16:33:09.791,100.0,144.0,276.0,6.144,-58.4565,-80.9017,22.6,5,1.25,-21.83,470.94,-13.04,471.62
2026-08-08 16:33:13.294,100.0,144.0,270.0,-0.0,-58.7785,-80.9017,23.0,1,0.25,-21.94,470.93,-12.96,471.61
2026-08-08 16:33:13.550,100.0,144.0,270.0,-0.0,-58.7785,-80.9017,23.0,2,0.5,-21.94,470.93,-12.96,471.61
2026-08-08 16:33:13.790,100.0,144.0,270.0,-0.0,-58.7785,-80.9017,23.0,3,0.75,-21.95,470.92,-12.96,471.6
2026-08-08 16:33:16.301,100.0,144.0,270.0,-0.0,-58.7785,-80.9017,23.0,4,1.0,-21.95,470.92,-12.96,471.6
2026-08-08 16:33:16.541,100.0,144.0,270.0,-0.0,-58.7785,-80.9017,23.0,5,1.25,-21.94,470.94,-12.96,471.62
2026-08-08 16:33:22.298,100.0,144.0,264.0,-6.144,-58.4565,-80.9017,23.6,1,0.25,-22.08,470.76,-12.97,471.45
2026-08-08 16:33:22.554,100.0,144.0,264.0,-6.144,-58.4565,-80.9017,23.6,2,0.5,-22.08,470.76,-12.97,471.45
2026-08-08 16:33:22.794,100.0,144.0,264.0,-6.144,-58.4565,-80.9017,23.6,3,0.75,-22.07,470.78,-12.96,471.47
2026-08-08 16:33:23.050,100.0,144.0,264.0,-6.144,-58.4565,-80.9017,23.6,4,1.0,-22.07,470.78,-12.96,471.47
2026-08-08 16:33:23.290,100.0,144.0,264.0,-6.144,-58.4565,-80.9017,23.6,5,1.25,-22.07,470.8,-12.96,471.49
2026-08-08 16:33:29.047,100.0,144.0,258.0,-12.2207,-57.4941,-80.9017,22.7,1,0.25,-22.46,470.7,-12.93,471.41
2026-08-08 16:33:29.303,100.0,144.0,258.0,-12.2207,-57.4941,-80.9017,22.7,2,0.5,-22.46,470.7,-12.93,471.41
2026-08-08 16:33:29.543,100.0,144.0,258.0,-12.2207,-57.4941,-80.9017,22.7,3,0.75,-22.45,470.66,-12.94,471.37
2026-08-08 16:33:29.799,100.0,144.0,258.0,-12.2207,-57.4941,-80.9017,22.7,4,1.0,-22.45,470.66,-12.94,471.37
2026-08-08 16:33:30.054,100.0,144.0,258.0,-12.2207,-57.4941,-80.9017,22.7,5,1.25,-22.44,470.64,-12.94,471.35
2026-08-08 16:33:33.541,100.0,144.0,252.0,-18.1636,-55.9017,-80.9017,23.0,1,0.25,-22.29,470.55,-13.0,471.25
2026-08-08 16:33:33.797,100.0,144.0,252.0,-18.1636,-55.9017,-80.9017,23.0,2,0.5,-22.29,470.55,-13.0,471.25
2026-08-08 16:33:34.053,100.0,144.0,252.0,-18.1636,-55.9017,-80.9017,23.0,3,0.75,-22.31,470.58,-13.0,471.28
2026-08-08 16:33:34.293,100.0,144.0,252.0,-18.1636,-55.9017,-80.9017,23.0,4,1.0,-22.31,470.58,-13.0,471.28
2026-08-08 16:33:34.548,100.0,144.0,252.0,-18.1636,-55.9017,-80.9017,23.0,5,1.25,-22.31,470.58,-13.0,471.28
2026-08-08 16:33:38.051,100.0,144.0,246.0,-23.9074,-53.6969,-80.9017,23.8,1,0.25,-22.61,470.44,-12.86,471.15
2026-08-08 16:33:38.291,100.0,144.0,246.0,-23.9074,-53.6969,-80.9017,23.8,2,0.5,-22.61,470.43,-12.87,471.14
2026-08-08 16:33:40.802,100.0,144.0,246.0,-23.9074,-53.6969,-80.9017,23.8,3,0.75,-22.62,470.43,-12.86,471.14
2026-08-08 16:33:41.041,100.0,144.0,246.0,-23.9074,-53.6969,-80.9017,23.8,4,1.0,-22.62,470.43,-12.86,471.14
2026-08-08 16:33:41.297,100.0,144.0,246.0,-23.9074,-53.6969,-80.9017,23.8,5,1.25,-22.62,470.43,-12.86,471.14
2026-08-08 16:33:44.800,100.0,144.0,240.0,-29.3893,-50.9037,-80.9017,,1,0.25,-22.59,470.25,-12.95,470.97
2026-08-08 16:33:45.040,100.0,144.0,240.0,-29.3893,-50.9037,-80.9017,,2,0.5,-22.6,470.25,-12.97,470.97
2026-08-08 16:33:47.551,100.0,144.0,240.0,-29.3893,-50.9037,-80.9017,,3,0.75,-22.59,470.27,-12.94,470.99
2026-08-08 16:33:47.791,100.0,144.0,240.0,-29.3893,-50.9037,-80.9017,,4,1.0,-22.59,470.19,-12.95,470.91
2026-08-08 16:33:50.301,100.0,144.0,240.0,-29.3893,-50.9037,-80.9017,,5,1.25,-22.58,470.23,-12.94,470.94
2026-08-08 16:33:53.676,100.0,144.0,234.0,-34.5492,-47.5528,-80.9017,23.5,1,0.25,-22.81,470.0,-13.06,470.73
2026-08-08 16:33:53.916,100.0,144.0,234.0,-34.5492,-47.5528,-80.9017,23.5,2,0.5,-22.82,470.0,-13.05,470.73
2026-08-08 16:33:54.172,100.0,144.0,234.0,-34.5492,-47.5528,-80.9017,23.5,3,0.75,-22.82,470.0,-13.05,470.73
2026-08-08 16:33:54.428,100.0,144.0,234.0,-34.5492,-47.5528,-80.9017,23.5,4,1.0,-22.81,470.06,-13.06,470.79
2026-08-08 16:33:54.667,100.0,144.0,234.0,-34.5492,-47.5528,-80.9017,23.5,5,1.25,-22.81,470.06,-13.06,470.79
2026-08-08 16:33:58.042,100.0,144.0,228.0,-39.3305,-43.681,-80.9017,23.0,1,0.25,-22.86,469.88,-13.09,470.61
2026-08-08 16:33:58.298,100.0,144.0,228.0,-39.3305,-43.681,-80.9017,23.0,2,0.5,-22.86,469.88,-13.09,470.61
2026-08-08 16:33:58.554,100.0,144.0,228.0,-39.3305,-43.681,-80.9017,23.0,3,0.75,-22.85,469.85,-13.11,470.58
2026-08-08 16:33:58.794,100.0,144.0,228.0,-39.3305,-43.681,-80.9017,23.0,4,1.0,-22.85,469.85,-13.11,470.58
2026-08-08 16:33:59.049,100.0,144.0,228.0,-39.3305,-43.681,-80.9017,23.0,5,1.25,-22.87,469.8,-13.09,470.53
2026-08-08 16:34:02.424,100.0,144.0,222.0,-43.681,-39.3305,-80.9017,24.0,1,0.25,-22.76,469.68,-13.24,470.41
2026-08-08 16:34:02.680,100.0,144.0,222.0,-43.681,-39.3305,-80.9017,24.0,2,0.5,-22.78,469.65,-13.25,470.38
2026-08-08 16:34:02.920,100.0,144.0,222.0,-43.681,-39.3305,-80.9017,24.0,3,0.75,-22.78,469.65,-13.25,470.38
2026-08-08 16:34:03.176,100.0,144.0,222.0,-43.681,-39.3305,-80.9017,24.0,4,1.0,-22.77,469.7,-13.26,470.43
2026-08-08 16:34:03.415,100.0,144.0,222.0,-43.681,-39.3305,-80.9017,24.0,5,1.25,-22.77,469.7,-13.26,470.43
2026-08-08 16:34:06.790,100.0,144.0,216.0,-47.5528,-34.5492,-80.9017,23.4,1,0.25,-22.67,469.49,-13.31,470.22
2026-08-08 16:34:09.301,100.0,144.0,216.0,-47.5528,-34.5492,-80.9017,23.4,2,0.5,-22.67,469.49,-13.31,470.22
2026-08-08 16:34:09.541,100.0,144.0,216.0,-47.5528,-34.5492,-80.9017,23.4,3,0.75,-22.68,469.46,-13.3,470.19
2026-08-08 16:34:09.797,100.0,144.0,216.0,-47.5528,-34.5492,-80.9017,23.4,4,1.0,-22.68,469.46,-13.3,470.19
2026-08-08 16:34:10.053,100.0,144.0,216.0,-47.5528,-34.5492,-80.9017,23.4,5,1.25,-22.68,469.43,-13.32,470.16
2026-08-08 16:34:13.427,100.0,144.0,210.0,-50.9037,-29.3893,-80.9017,23.1,1,0.25,-22.51,469.42,-13.47,470.15
2026-08-08 16:34:13.667,100.0,144.0,210.0,-50.9037,-29.3893,-80.9017,23.1,2,0.5,-22.5,469.39,-13.47,470.12
2026-08-08 16:34:13.923,100.0,144.0,210.0,-50.9037,-29.3893,-80.9017,23.1,3,0.75,-22.5,469.39,-13.47,470.12
2026-08-08 16:34:14.179,100.0,144.0,210.0,-50.9037,-29.3893,-80.9017,23.1,4,1.0,-22.51,469.4,-13.47,470.13
2026-08-08 16:34:14.419,100.0,144.0,210.0,-50.9037,-29.3893,-80.9017,23.1,5,1.25,-22.51,469.4,-13.47,470.13
2026-08-08 16:34:17.921,100.0,144.0,204.0,-53.6969,-23.9074,-80.9017,23.0,1,0.25,-22.2,469.31,-13.86,470.03
2026-08-08 16:34:18.177,100.0,144.0,204.0,-53.6969,-23.9074,-80.9017,23.0,2,0.5,-22.2,469.31,-13.86,470.03
2026-08-08 16:34:18.417,100.0,144.0,204.0,-53.6969,-23.9074,-80.9017,23.0,3,0.75,-22.2,469.35,-13.86,470.07
2026-08-08 16:34:18.673,100.0,144.0,204.0,-53.6969,-23.9074,-80.9017,23.0,4,1.0,-22.2,469.35,-13.86,470.07
2026-08-08 16:34:18.929,100.0,144.0,204.0,-53.6969,-23.9074,-80.9017,23.0,5,1.25,-22.2,469.38,-13.85,470.1
2026-08-08 16:34:22.415,100.0,144.0,198.0,-55.9017,-18.1636,-80.9017,23.1,1,0.25,-21.94,469.3,-14.0,470.02
2026-08-08 16:34:22.671,100.0,144.0,198.0,-55.9017,-18.1636,-80.9017,23.1,2,0.5,-21.94,469.3,-14.0,470.02
2026-08-08 16:34:22.927,100.0,144.0,198.0,-55.9017,-18.1636,-80.9017,23.1,3,0.75,-21.93,469.36,-14.01,470.08
2026-08-08 16:34:23.167,100.0,144.0,198.0,-55.9017,-18.1636,-80.9017,23.1,4,1.0,-21.93,469.36,-14.01,470.08
2026-08-08 16:34:23.423,100.0,144.0,198.0,-55.9017,-18.1636,-80.9017,23.1,5,1.25,-21.93,469.36,-14.01,470.08
2026-08-08 16:34:26.925,100.0,144.0,192.0,-57.4941,-12.2207,-80.9017,23.3,1,0.25,-21.75,469.29,-14.19,470.0
2026-08-08 16:34:27.165,100.0,144.0,192.0,-57.4941,-12.2207,-80.9017,23.3,2,0.5,-21.75,469.3,-14.19,470.01
2026-08-08 16:34:27.421,100.0,144.0,192.0,-57.4941,-12.2207,-80.9017,23.3,3,0.75,-21.75,469.3,-14.19,470.01
2026-08-08 16:34:27.677,100.0,144.0,192.0,-57.4941,-12.2207,-80.9017,23.3,4,1.0,-21.73,469.34,-14.18,470.05
2026-08-08 16:34:27.917,100.0,144.0,192.0,-57.4941,-12.2207,-80.9017,23.3,5,1.25,-21.73,469.34,-14.18,470.05
2026-08-08 16:34:31.419,100.0,144.0,186.0,-58.4565,-6.144,-80.9017,23.3,1,0.25,-21.46,469.39,-14.26,470.09
2026-08-08 16:34:31.675,100.0,144.0,186.0,-58.4565,-6.144,-80.9017,23.3,2,0.5,-21.46,469.39,-14.26,470.09
2026-08-08 16:34:31.915,100.0,144.0,186.0,-58.4565,-6.144,-80.9017,23.3,3,0.75,-21.46,469.42,-14.26,470.12
2026-08-08 16:34:32.171,100.0,144.0,186.0,-58.4565,-6.144,-80.9017,23.3,4,1.0,-21.46,469.42,-14.26,470.12
2026-08-08 16:34:32.427,100.0,144.0,186.0,-58.4565,-6.144,-80.9017,23.3,5,1.25,-21.45,469.4,-14.27,470.1
2026-08-08 16:34:35.929,100.0,144.0,180.0,-58.7785,0.0,-80.9017,23.8,1,0.25,-21.11,469.51,-14.48,470.2
2026-08-08 16:34:36.169,100.0,144.0,180.0,-58.7785,0.0,-80.9017,23.8,2,0.5,-21.11,469.51,-14.48,470.2
2026-08-08 16:34:36.425,100.0,144.0,180.0,-58.7785,0.0,-80.9017,23.8,3,0.75,-21.11,469.51,-14.48,470.2
2026-08-08 16:34:36.665,100.0,144.0,180.0,-58.7785,0.0,-80.9017,23.8,4,1.0,-21.12,469.53,-14.5,470.22
2026-08-08 16:34:36.920,100.0,144.0,180.0,-58.7785,0.0,-80.9017,23.8,5,1.25,-21.12,469.53,-14.5,470.22
2026-08-08 16:34:40.423,100.0,144.0,174.0,-58.4565,6.144,-80.9017,22.8,1,0.25,-20.71,469.76,-14.66,470.44
2026-08-08 16:34:40.679,100.0,144.0,174.0,-58.4565,6.144,-80.9017,22.8,2,0.5,-20.72,469.73,-14.66,470.41
2026-08-08 16:34:40.919,100.0,144.0,174.0,-58.4565,6.144,-80.9017,22.8,3,0.75,-20.72,469.73,-14.66,470.41
2026-08-08 16:34:41.175,100.0,144.0,174.0,-58.4565,6.144,-80.9017,22.8,4,1.0,-20.72,469.76,-14.67,470.44
2026-08-08 16:34:41.415,100.0,144.0,174.0,-58.4565,6.144,-80.9017,22.8,5,1.25,-20.72,469.76,-14.67,470.44
2026-08-08 16:34:44.917,100.0,144.0,168.0,-57.4941,12.2207,-80.9017,23.0,1,0.25,-20.59,469.93,-15.09,470.62
2026-08-08 16:34:45.173,100.0,144.0,168.0,-57.4941,12.2207,-80.9017,23.0,2,0.5,-20.59,469.93,-15.09,470.62
2026-08-08 16:34:45.429,100.0,144.0,168.0,-57.4941,12.2207,-80.9017,23.0,3,0.75,-20.59,469.93,-15.09,470.62
2026-08-08 16:34:45.669,100.0,144.0,168.0,-57.4941,12.2207,-80.9017,23.0,4,1.0,-20.59,469.93,-15.09,470.62
2026-08-08 16:34:45.925,100.0,144.0,168.0,-57.4941,12.2207,-80.9017,23.0,5,1.25,-20.6,469.9,-15.09,470.59
2026-08-08 16:34:49.427,100.0,144.0,162.0,-55.9017,18.1636,-80.9017,23.6,1,0.25,-20.26,470.15,-15.25,470.83
2026-08-08 16:34:49.667,100.0,144.0,162.0,-55.9017,18.1636,-80.9017,23.6,2,0.5,-20.26,470.08,-15.24,470.76
2026-08-08 16:34:49.923,100.0,144.0,162.0,-55.9017,18.1636,-80.9017,23.6,3,0.75,-20.26,470.08,-15.24,470.76
2026-08-08 16:34:50.179,100.0,144.0,162.0,-55.9017,18.1636,-80.9017,23.6,4,1.0,-20.24,470.12,-15.24,470.8
2026-08-08 16:34:50.419,100.0,144.0,162.0,-55.9017,18.1636,-80.9017,23.6,5,1.25,-20.24,470.12,-15.24,470.8
2026-08-08 16:34:53.921,100.0,144.0,156.0,-53.6969,23.9074,-80.9017,22.8,1,0.25,-20.28,470.38,-15.65,471.07
2026-08-08 16:34:54.177,100.0,144.0,156.0,-53.6969,23.9074,-80.9017,22.8,2,0.5,-20.29,470.36,-15.64,471.05
2026-08-08 16:34:54.417,100.0,144.0,156.0,-53.6969,23.9074,-80.9017,22.8,3,0.75,-20.29,470.36,-15.64,471.05
2026-08-08 16:34:54.673,100.0,144.0,156.0,-53.6969,23.9074,-80.9017,22.8,4,1.0,-20.27,470.37,-15.66,471.06
2026-08-08 16:34:54.929,100.0,144.0,156.0,-53.6969,23.9074,-80.9017,22.8,5,1.25,-20.27,470.37,-15.66,471.06
2026-08-08 16:35:00.285,100.0,144.0,150.0,-50.9037,29.3893,-80.9017,24.1,1,1.5,-20.18,470.69,-15.96,471.39
2026-08-08 16:35:02.797,100.0,144.0,150.0,-50.9037,29.3893,-80.9017,24.1,2,1.75,-20.18,470.69,-15.96,471.39
2026-08-08 16:35:03.053,100.0,144.0,150.0,-50.9037,29.3893,-80.9017,24.1,3,2.0,-20.18,470.69,-15.96,471.39
2026-08-08 16:35:03.293,100.0,144.0,150.0,-50.9037,29.3893,-80.9017,24.1,4,2.25,-20.18,470.69,-15.96,471.39
2026-08-08 16:35:03.549,100.0,144.0,150.0,-50.9037,29.3893,-80.9017,24.1,5,2.5,-20.18,470.7,-15.94,471.4
2026-08-08 16:35:06.923,100.0,144.0,144.0,-47.5528,34.5492,-80.9017,22.3,1,0.25,-20.22,470.91,-16.27,471.62
2026-08-08 16:35:07.179,100.0,144.0,144.0,-47.5528,34.5492,-80.9017,22.3,2,0.5,-20.23,470.93,-16.26,471.64
2026-08-08 16:35:07.419,100.0,144.0,144.0,-47.5528,34.5492,-80.9017,22.3,3,0.75,-20.23,470.93,-16.26,471.64
2026-08-08 16:35:07.675,100.0,144.0,144.0,-47.5528,34.5492,-80.9017,22.3,4,1.0,-20.24,470.98,-16.26,471.69
2026-08-08 16:35:07.915,100.0,144.0,144.0,-47.5528,34.5492,-80.9017,22.3,5,1.25,-20.24,470.98,-16.26,471.69
2026-08-08 16:35:11.289,100.0,144.0,138.0,-43.681,39.3305,-80.9017,21.8,1,0.25,-20.17,471.19,-16.49,471.9
2026-08-08 16:35:13.800,100.0,144.0,138.0,-43.681,39.3305,-80.9017,21.8,2,0.5,-20.17,471.19,-16.49,471.9
2026-08-08 16:35:14.040,100.0,144.0,138.0,-43.681,39.3305,-80.9017,21.8,3,0.75,-20.16,471.13,-16.47,471.84
2026-08-08 16:35:16.551,100.0,144.0,138.0,-43.681,39.3305,-80.9017,21.8,4,1.0,-20.17,471.1,-16.47,471.81
2026-08-08 16:35:16.791,100.0,144.0,138.0,-43.681,39.3305,-80.9017,21.8,5,1.25,-20.17,471.1,-16.47,471.81
2026-08-08 16:35:20.165,100.0,144.0,132.0,-39.3305,43.681,-80.9017,22.2,1,0.25,-20.58,471.52,-16.74,472.26
2026-08-08 16:35:20.421,100.0,144.0,132.0,-39.3305,43.681,-80.9017,22.2,2,0.5,-20.58,471.52,-16.74,472.26
2026-08-08 16:35:20.677,100.0,144.0,132.0,-39.3305,43.681,-80.9017,22.2,3,0.75,-20.58,471.47,-16.74,472.21
2026-08-08 16:35:20.917,100.0,144.0,132.0,-39.3305,43.681,-80.9017,22.2,4,1.0,-20.58,471.47,-16.74,472.21
2026-08-08 16:35:21.173,100.0,144.0,132.0,-39.3305,43.681,-80.9017,22.2,5,1.25,-20.58,471.47,-16.74,472.21
2026-08-08 16:35:24.547,100.0,144.0,126.0,-34.5492,47.5528,-80.9017,23.8,1,0.25,-20.59,471.76,-17.05,472.51
2026-08-08 16:35:24.803,100.0,144.0,126.0,-34.5492,47.5528,-80.9017,23.8,2,0.5,-20.59,471.76,-17.05,472.51
2026-08-08 16:35:25.043,100.0,144.0,126.0,-34.5492,47.5528,-80.9017,23.8,3,0.75,-20.57,471.73,-17.03,472.48
2026-08-08 16:35:25.299,100.0,144.0,126.0,-34.5492,47.5528,-80.9017,23.8,4,1.0,-20.57,471.73,-17.03,472.48
2026-08-08 16:35:25.539,100.0,144.0,126.0,-34.5492,47.5528,-80.9017,23.8,5,1.25,-20.58,471.71,-17.02,472.46
2026-08-08 16:35:31.168,100.0,144.0,120.0,-29.3893,50.9037,-80.9017,23.4,1,0.25,-20.64,471.95,-17.19,472.71
2026-08-08 16:35:31.424,100.0,144.0,120.0,-29.3893,50.9037,-80.9017,23.4,2,0.5,-20.64,471.95,-17.19,472.71
2026-08-08 16:35:31.664,100.0,144.0,120.0,-29.3893,50.9037,-80.9017,23.4,3,0.75,-20.64,471.89,-17.2,472.65
2026-08-08 16:35:31.920,100.0,144.0,120.0,-29.3893,50.9037,-80.9017,23.4,4,1.0,-20.64,471.89,-17.2,472.65
2026-08-08 16:35:32.176,100.0,144.0,120.0,-29.3893,50.9037,-80.9017,23.4,5,1.25,-20.64,471.92,-17.19,472.68
2026-08-08 16:35:35.550,100.0,144.0,114.0,-23.9074,53.6969,-80.9017,23.8,1,0.25,-20.94,472.16,-17.44,472.94
2026-08-08 16:35:35.790,100.0,144.0,114.0,-23.9074,53.6969,-80.9017,23.8,2,0.5,-20.93,472.14,-17.44,472.92
2026-08-08 16:35:36.046,100.0,144.0,114.0,-23.9074,53.6969,-80.9017,23.8,3,0.75,-20.93,472.14,-17.44,472.92
2026-08-08 16:35:36.302,100.0,144.0,114.0,-23.9074,53.6969,-80.9017,23.8,4,1.0,-20.93,472.16,-17.45,472.94
2026-08-08 16:35:36.542,100.0,144.0,114.0,-23.9074,53.6969,-80.9017,23.8,5,1.25,-20.93,472.16,-17.45,472.94
2026-08-08 16:35:40.044,100.0,144.0,108.0,-18.1636,55.9017,-80.9017,23.5,1,0.25,-21.08,472.28,-17.36,473.06
2026-08-08 16:35:40.300,100.0,144.0,108.0,-18.1636,55.9017,-80.9017,23.5,2,0.5,-21.08,472.28,-17.36,473.06
2026-08-08 16:35:40.540,100.0,144.0,108.0,-18.1636,55.9017,-80.9017,23.5,3,0.75,-21.07,472.3,-17.35,473.08
2026-08-08 16:35:40.796,100.0,144.0,108.0,-18.1636,55.9017,-80.9017,23.5,4,1.0,-21.07,472.3,-17.35,473.08
2026-08-08 16:35:41.052,100.0,144.0,108.0,-18.1636,55.9017,-80.9017,23.5,5,1.25,-21.08,472.31,-17.36,473.09
2026-08-08 16:35:44.554,100.0,144.0,102.0,-12.2207,57.4941,-80.9017,23.4,1,0.25,-21.39,472.34,-17.56,473.15
2026-08-08 16:35:44.794,100.0,144.0,102.0,-12.2207,57.4941,-80.9017,23.4,2,0.5,-21.38,472.39,-17.56,473.19
2026-08-08 16:35:45.050,100.0,144.0,102.0,-12.2207,57.4941,-80.9017,23.4,3,0.75,-21.38,472.39,-17.56,473.19
2026-08-08 16:35:45.290,100.0,144.0,102.0,-12.2207,57.4941,-80.9017,23.4,4,1.0,-21.4,472.41,-17.55,473.22
2026-08-08 16:35:45.546,100.0,144.0,102.0,-12.2207,57.4941,-80.9017,23.4,5,1.25,-21.4,472.41,-17.55,473.22
2026-08-08 16:35:49.048,100.0,144.0,96.0,-6.144,58.4565,-80.9017,22.2,1,0.25,-21.73,472.49,-17.62,473.31
2026-08-08 16:35:49.304,100.0,144.0,96.0,-6.144,58.4565,-80.9017,22.2,2,0.5,-21.73,472.47,-17.62,473.29
2026-08-08 16:35:49.544,100.0,144.0,96.0,-6.144,58.4565,-80.9017,22.2,3,0.75,-21.73,472.47,-17.62,473.29
2026-08-08 16:35:49.800,100.0,144.0,96.0,-6.144,58.4565,-80.9017,22.2,4,1.0,-21.73,472.47,-17.62,473.29
2026-08-08 16:35:50.040,100.0,144.0,96.0,-6.144,58.4565,-80.9017,22.2,5,1.25,-21.71,472.49,-17.6,473.31
2026-08-08 16:35:55.797,100.0,144.0,90.0,0.0,58.7785,-80.9017,22.5,1,0.25,-21.89,472.52,-17.61,473.35
2026-08-08 16:35:56.053,100.0,144.0,90.0,0.0,58.7785,-80.9017,22.5,2,0.5,-21.89,472.52,-17.61,473.35
2026-08-08 16:35:56.293,100.0,144.0,90.0,0.0,58.7785,-80.9017,22.5,3,0.75,-21.91,472.52,-17.61,473.35
2026-08-08 16:35:56.549,100.0,144.0,90.0,0.0,58.7785,-80.9017,22.5,4,1.0,-21.91,472.52,-17.61,473.35
2026-08-08 16:35:56.789,100.0,144.0,90.0,0.0,58.7785,-80.9017,22.5,5,1.25,-21.9,472.45,-17.62,473.28
2026-08-08 16:36:02.546,100.0,144.0,84.0,6.144,58.4565,-80.9017,22.9,1,0.25,-22.15,472.39,-17.71,473.24
2026-08-08 16:36:02.802,100.0,144.0,84.0,6.144,58.4565,-80.9017,22.9,2,0.5,-22.15,472.39,-17.71,473.24
2026-08-08 16:36:03.042,100.0,144.0,84.0,6.144,58.4565,-80.9017,22.9,3,0.75,-22.15,472.39,-17.71,473.24
2026-08-08 16:36:03.298,100.0,144.0,84.0,6.144,58.4565,-80.9017,22.9,4,1.0,-22.15,472.39,-17.71,473.24
2026-08-08 16:36:03.554,100.0,144.0,84.0,6.144,58.4565,-80.9017,22.9,5,1.25,-22.17,472.44,-17.71,473.29
2026-08-08 16:36:07.040,100.0,144.0,78.0,12.2207,57.4941,-80.9017,22.5,1,0.25,-22.53,472.22,-17.83,473.09
2026-08-08 16:36:07.296,100.0,144.0,78.0,12.2207,57.4941,-80.9017,22.5,2,0.5,-22.53,472.22,-17.83,473.09
2026-08-08 16:36:07.552,100.0,144.0,78.0,12.2207,57.4941,-80.9017,22.5,3,0.75,-22.53,472.23,-17.84,473.1
2026-08-08 16:36:07.792,100.0,144.0,78.0,12.2207,57.4941,-80.9017,22.5,4,1.0,-22.53,472.23,-17.84,473.1
2026-08-08 16:36:08.048,100.0,144.0,78.0,12.2207,57.4941,-80.9017,22.5,5,1.25,-22.53,472.26,-17.85,473.13
2026-08-08 16:36:11.550,100.0,144.0,72.0,18.1636,55.9017,-80.9017,23.4,1,0.25,-22.53,472.07,-17.73,472.93
2026-08-08 16:36:11.790,100.0,144.0,72.0,18.1636,55.9017,-80.9017,23.4,2,0.5,-22.53,472.1,-17.73,472.96
2026-08-08 16:36:12.046,100.0,144.0,72.0,18.1636,55.9017,-80.9017,23.4,3,0.75,-22.53,472.1,-17.73,472.96
2026-08-08 16:36:12.302,100.0,144.0,72.0,18.1636,55.9017,-80.9017,23.4,4,1.0,-22.53,472.04,-17.73,472.9
2026-08-08 16:36:12.542,100.0,144.0,72.0,18.1636,55.9017,-80.9017,23.4,5,1.25,-22.53,472.04,-17.73,472.9
2026-08-08 16:36:16.044,100.0,144.0,66.0,23.9074,53.6969,-80.9017,22.2,1,0.25,-22.72,471.78,-17.93,472.66
2026-08-08 16:36:16.300,100.0,144.0,66.0,23.9074,53.6969,-80.9017,22.2,2,0.5,-22.72,471.78,-17.93,472.66
2026-08-08 16:36:16.540,100.0,144.0,66.0,23.9074,53.6969,-80.9017,22.2,3,0.75,-22.72,471.8,-17.95,472.68
2026-08-08 16:36:16.796,100.0,144.0,66.0,23.9074,53.6969,-80.9017,22.2,4,1.0,-22.72,471.8,-17.95,472.68
2026-08-08 16:36:17.052,100.0,144.0,66.0,23.9074,53.6969,-80.9017,22.2,5,1.25,-22.7,471.83,-17.93,472.71
2026-08-08 16:36:20.426,100.0,144.0,60.0,29.3893,50.9037,-80.9017,23.5,1,0.25,-22.74,471.53,-17.89,472.41
2026-08-08 16:36:20.666,100.0,144.0,60.0,29.3893,50.9037,-80.9017,23.5,2,0.5,-22.74,471.5,-17.88,472.38
2026-08-08 16:36:20.922,100.0,144.0,60.0,29.3893,50.9037,-80.9017,23.5,3,0.75,-22.74,471.5,-17.88,472.38
2026-08-08 16:36:21.178,100.0,144.0,60.0,29.3893,50.9037,-80.9017,23.5,4,1.0,-22.74,471.45,-17.88,472.33
2026-08-08 16:36:21.418,100.0,144.0,60.0,29.3893,50.9037,-80.9017,23.5,5,1.25,-22.74,471.45,-17.88,472.33
2026-08-08 16:36:24.792,100.0,144.0,54.0,34.5492,47.5528,-80.9017,23.0,1,0.25,-23.05,471.15,-17.85,472.05
2026-08-08 16:36:25.048,100.0,144.0,54.0,34.5492,47.5528,-80.9017,23.0,2,0.5,-23.05,471.15,-17.85,472.05
2026-08-08 16:36:25.304,100.0,144.0,54.0,34.5492,47.5528,-80.9017,23.0,3,0.75,-23.03,471.19,-17.85,472.09
2026-08-08 16:36:25.544,100.0,144.0,54.0,34.5492,47.5528,-80.9017,23.0,4,1.0,-23.03,471.19,-17.85,472.09
2026-08-08 16:36:25.800,100.0,144.0,54.0,34.5492,47.5528,-80.9017,23.0,5,1.25,-23.04,471.23,-17.85,472.13
2026-08-08 16:36:29.174,100.0,144.0,48.0,39.3305,43.681,-80.9017,22.9,1,0.25,-23.02,470.87,-17.73,471.76
2026-08-08 16:36:29.414,100.0,144.0,48.0,39.3305,43.681,-80.9017,22.9,2,0.5,-23.04,470.88,-17.74,471.77
2026-08-08 16:36:29.670,100.0,144.0,48.0,39.3305,43.681,-80.9017,22.9,3,0.75,-23.04,470.88,-17.74,471.77
2026-08-08 16:36:29.926,100.0,144.0,48.0,39.3305,43.681,-80.9017,22.9,4,1.0,-23.04,470.92,-17.75,471.81
2026-08-08 16:36:30.166,100.0,144.0,48.0,39.3305,43.681,-80.9017,22.9,5,1.25,-23.04,470.92,-17.75,471.81
2026-08-08 16:36:33.540,100.0,144.0,42.0,43.681,39.3305,-80.9017,23.6,1,0.25,-23.07,470.59,-17.6,471.48
2026-08-08 16:36:33.796,100.0,144.0,42.0,43.681,39.3305,-80.9017,23.6,2,0.5,-23.07,470.59,-17.6,471.48
2026-08-08 16:36:34.052,100.0,144.0,42.0,43.681,39.3305,-80.9017,23.6,3,0.75,-23.07,470.59,-17.6,471.48
2026-08-08 16:36:34.292,100.0,144.0,42.0,43.681,39.3305,-80.9017,23.6,4,1.0,-23.09,470.6,-17.61,471.49
2026-08-08 16:36:34.548,100.0,144.0,42.0,43.681,39.3305,-80.9017,23.6,5,1.25,-23.09,470.6,-17.61,471.49
2026-08-08 16:36:37.922,100.0,144.0,36.0,47.5528,34.5492,-80.9017,23.0,1,0.25,-22.79,470.34,-17.41,471.21
2026-08-08 16:36:38.178,100.0,144.0,36.0,47.5528,34.5492,-80.9017,23.0,2,0.5,-22.79,470.34,-17.41,471.21
2026-08-08 16:36:38.418,100.0,144.0,36.0,47.5528,34.5492,-80.9017,23.0,3,0.75,-22.8,470.31,-17.41,471.18
2026-08-08 16:36:38.674,100.0,144.0,36.0,47.5528,34.5492,-80.9017,23.0,4,1.0,-22.8,470.31,-17.41,471.18
2026-08-08 16:36:38.914,100.0,144.0,36.0,47.5528,34.5492,-80.9017,23.0,5,1.25,-22.79,470.36,-17.41,471.23
2026-08-08 16:36:42.288,100.0,144.0,30.0,50.9037,29.3893,-80.9017,23.2,1,0.25,-22.4,470.13,-17.26,470.97
2026-08-08 16:36:44.799,100.0,144.0,30.0,50.9037,29.3893,-80.9017,23.2,2,0.5,-22.4,470.13,-17.26,470.97
2026-08-08 16:36:45.039,100.0,144.0,30.0,50.9037,29.3893,-80.9017,23.2,3,0.75,-22.39,470.12,-17.26,470.96
2026-08-08 16:36:47.550,100.0,144.0,30.0,50.9037,29.3893,-80.9017,23.2,4,1.0,-22.39,470.12,-17.26,470.96
2026-08-08 16:36:47.790,100.0,144.0,30.0,50.9037,29.3893,-80.9017,23.2,5,1.25,-22.39,470.11,-17.27,470.95
2026-08-08 16:36:51.292,100.0,144.0,24.0,53.6969,23.9074,-80.9017,24.4,1,0.25,-22.48,469.94,-17.06,470.78
2026-08-08 16:36:51.548,100.0,144.0,24.0,53.6969,23.9074,-80.9017,24.4,2,0.5,-22.48,469.94,-17.06,470.78
2026-08-08 16:36:51.788,100.0,144.0,24.0,53.6969,23.9074,-80.9017,24.4,3,0.75,-22.49,469.84,-17.04,470.68
2026-08-08 16:36:54.299,100.0,144.0,24.0,53.6969,23.9074,-80.9017,24.4,4,1.0,-22.49,469.84,-17.04,470.68
2026-08-08 16:36:54.539,100.0,144.0,24.0,53.6969,23.9074,-80.9017,24.4,5,1.25,-22.49,469.87,-17.05,470.71
2026-08-08 16:37:00.296,100.0,144.0,18.0,55.9017,18.1636,-80.9017,22.9,1,0.25,-22.24,469.56,-16.81,470.38
2026-08-08 16:37:00.552,100.0,144.0,18.0,55.9017,18.1636,-80.9017,22.9,2,0.5,-22.24,469.56,-16.81,470.38
2026-08-08 16:37:00.792,100.0,144.0,18.0,55.9017,18.1636,-80.9017,22.9,3,0.75,-22.24,469.54,-16.82,470.36
2026-08-08 16:37:01.048,100.0,144.0,18.0,55.9017,18.1636,-80.9017,22.9,4,1.0,-22.24,469.54,-16.82,470.36
2026-08-08 16:37:01.304,100.0,144.0,18.0,55.9017,18.1636,-80.9017,22.9,5,1.25,-22.25,469.62,-16.81,470.44
2026-08-08 16:37:04.790,100.0,144.0,12.0,57.4941,12.2207,-80.9017,22.8,1,0.25,-21.78,469.44,-16.56,470.23
2026-08-08 16:37:05.046,100.0,144.0,12.0,57.4941,12.2207,-80.9017,22.8,2,0.5,-21.78,469.44,-16.56,470.23
2026-08-08 16:37:05.302,100.0,144.0,12.0,57.4941,12.2207,-80.9017,22.8,3,0.75,-21.79,469.46,-16.55,470.25
2026-08-08 16:37:05.542,100.0,144.0,12.0,57.4941,12.2207,-80.9017,22.8,4,1.0,-21.79,469.46,-16.55,470.25
2026-08-08 16:37:05.798,100.0,144.0,12.0,57.4941,12.2207,-80.9017,22.8,5,1.25,-21.78,469.43,-16.57,470.22
2026-08-08 16:37:09.300,100.0,144.0,6.0,58.4565,6.144,-80.9017,23.0,1,0.25,-21.6,469.34,-16.18,470.11
2026-08-08 16:37:09.540,100.0,144.0,6.0,58.4565,6.144,-80.9017,23.0,2,0.5,-21.61,469.36,-16.18,470.13
2026-08-08 16:37:09.796,100.0,144.0,6.0,58.4565,6.144,-80.9017,23.0,3,0.75,-21.61,469.36,-16.18,470.13
2026-08-08 16:37:10.052,100.0,144.0,6.0,58.4565,6.144,-80.9017,23.0,4,1.0,-21.6,469.34,-16.19,470.11
2026-08-08 16:37:10.292,100.0,144.0,6.0,58.4565,6.144,-80.9017,23.0,5,1.25,-21.6,469.34,-16.19,470.11
2026-08-08 16:37:13.794,100.0,144.0,0.0,58.7785,0.0,-80.9017,23.4,1,0.25,-21.37,469.25,-15.95,470.0
2026-08-08 16:37:14.050,100.0,144.0,0.0,58.7785,0.0,-80.9017,23.4,2,0.5,-21.37,469.25,-15.95,470.0
2026-08-08 16:37:14.290,100.0,144.0,0.0,58.7785,0.0,-80.9017,23.4,3,0.75,-21.36,469.26,-15.96,470.01
2026-08-08 16:37:14.546,100.0,144.0,0.0,58.7785,0.0,-80.9017,23.4,4,1.0,-21.36,469.26,-15.96,470.01
2026-08-08 16:37:14.802,100.0,144.0,0.0,58.7785,0.0,-80.9017,23.4,5,1.25,-21.36,469.27,-15.95,470.02
2026-08-08 16:37:18.544,100.0,150.0,0.0,50.0,0.0,-86.6025,23.4,1,0.25,-21.67,469.87,-15.9,470.63
2026-08-08 16:37:18.800,100.0,150.0,0.0,50.0,0.0,-86.6025,23.4,2,0.5,-21.67,469.87,-15.9,470.63
2026-08-08 16:37:19.040,100.0,150.0,0.0,50.0,0.0,-86.6025,23.4,3,0.75,-21.67,469.85,-15.89,470.61
2026-08-08 16:37:19.296,100.0,150.0,0.0,50.0,0.0,-86.6025,23.4,4,1.0,-21.67,469.85,-15.89,470.61
2026-08-08 16:37:19.552,100.0,150.0,0.0,50.0,0.0,-86.6025,23.4,5,1.25,-21.67,469.82,-15.89,470.58
2026-08-08 16:37:22.926,100.0,150.0,6.0,49.7261,5.2264,-86.6025,22.7,1,0.25,-21.69,469.96,-16.08,470.73
2026-08-08 16:37:23.166,100.0,150.0,6.0,49.7261,5.2264,-86.6025,22.7,2,0.5,-21.69,469.95,-16.07,470.72
2026-08-08 16:37:23.422,100.0,150.0,6.0,49.7261,5.2264,-86.6025,22.7,3,0.75,-21.69,469.95,-16.07,470.72
2026-08-08 16:37:23.678,100.0,150.0,6.0,49.7261,5.2264,-86.6025,22.7,4,1.0,-21.68,469.95,-16.07,470.72
2026-08-08 16:37:23.918,100.0,150.0,6.0,49.7261,5.2264,-86.6025,22.7,5,1.25,-21.68,469.95,-16.07,470.72
2026-08-08 16:37:27.292,100.0,150.0,12.0,48.9074,10.3956,-86.6025,23.7,1,0.25,-22.0,470.07,-16.38,470.86
2026-08-08 16:37:27.548,100.0,150.0,12.0,48.9074,10.3956,-86.6025,23.7,2,0.5,-22.0,470.07,-16.38,470.86
2026-08-08 16:37:27.788,100.0,150.0,12.0,48.9074,10.3956,-86.6025,23.7,3,0.75,-22.03,470.03,-16.37,470.83
2026-08-08 16:37:30.299,100.0,150.0,12.0,48.9074,10.3956,-86.6025,23.7,4,1.0,-22.03,470.0,-16.37,470.8
2026-08-08 16:37:30.539,100.0,150.0,12.0,48.9074,10.3956,-86.6025,23.7,5,1.25,-22.02,469.99,-16.38,470.79
2026-08-08 16:37:36.168,100.0,150.0,18.0,47.5528,15.4508,-86.6025,23.4,1,0.25,-21.96,470.12,-16.58,470.92
2026-08-08 16:37:36.424,100.0,150.0,18.0,47.5528,15.4508,-86.6025,23.4,2,0.5,-21.96,470.12,-16.58,470.92
2026-08-08 16:37:36.664,100.0,150.0,18.0,47.5528,15.4508,-86.6025,23.4,3,0.75,-21.96,470.14,-16.58,470.94
2026-08-08 16:37:36.920,100.0,150.0,18.0,47.5528,15.4508,-86.6025,23.4,4,1.0,-21.96,470.14,-16.58,470.94
2026-08-08 16:37:37.176,100.0,150.0,18.0,47.5528,15.4508,-86.6025,23.4,5,1.25,-21.94,470.18,-16.58,470.98
2026-08-08 16:37:40.550,100.0,150.0,24.0,45.6773,20.3368,-86.6025,23.4,1,0.25,-22.11,470.27,-16.8,471.08
2026-08-08 16:37:40.790,100.0,150.0,24.0,45.6773,20.3368,-86.6025,23.4,2,0.5,-22.11,470.29,-16.81,471.1
2026-08-08 16:37:41.046,100.0,150.0,24.0,45.6773,20.3368,-86.6025,23.4,3,0.75,-22.11,470.29,-16.81,471.1
2026-08-08 16:37:41.302,100.0,150.0,24.0,45.6773,20.3368,-86.6025,23.4,4,1.0,-22.12,470.27,-16.81,471.08
2026-08-08 16:37:41.542,100.0,150.0,24.0,45.6773,20.3368,-86.6025,23.4,5,1.25,-22.12,470.27,-16.81,471.08
2026-08-08 16:37:44.916,100.0,150.0,30.0,43.3013,25.0,-86.6025,22.8,1,0.25,-22.11,470.55,-16.98,471.37
2026-08-08 16:37:45.172,100.0,150.0,30.0,43.3013,25.0,-86.6025,22.8,2,0.5,-22.11,470.55,-16.98,471.37
2026-08-08 16:37:45.428,100.0,150.0,30.0,43.3013,25.0,-86.6025,22.8,3,0.75,-22.1,470.53,-17.0,471.35
2026-08-08 16:37:45.668,100.0,150.0,30.0,43.3013,25.0,-86.6025,22.8,4,1.0,-22.1,470.53,-17.0,471.35
2026-08-08 16:37:45.924,100.0,150.0,30.0,43.3013,25.0,-86.6025,22.8,5,1.25,-22.11,470.51,-17.0,471.33
2026-08-08 16:37:49.298,100.0,150.0,36.0,40.4508,29.3893,-86.6025,23.2,1,0.25,-22.21,470.72,-17.18,471.55
2026-08-08 16:37:49.538,100.0,150.0,36.0,40.4508,29.3893,-86.6025,23.2,2,0.5,-22.2,470.72,-17.17,471.55
2026-08-08 16:37:52.049,100.0,150.0,36.0,40.4508,29.3893,-86.6025,23.2,3,0.75,-22.2,470.72,-17.17,471.55
2026-08-08 16:37:52.289,100.0,150.0,36.0,40.4508,29.3893,-86.6025,23.2,4,1.0,-22.21,470.74,-17.18,471.57
2026-08-08 16:37:54.800,100.0,150.0,36.0,40.4508,29.3893,-86.6025,23.2,5,1.25,-22.2,470.72,-17.19,471.55
2026-08-08 16:37:58.046,100.0,150.0,42.0,37.1572,33.4565,-86.6025,21.8,1,0.25,-22.49,470.89,-17.32,471.74
2026-08-08 16:37:58.302,100.0,150.0,42.0,37.1572,33.4565,-86.6025,21.8,2,0.5,-22.49,470.89,-17.32,471.74
2026-08-08 16:37:58.542,100.0,150.0,42.0,37.1572,33.4565,-86.6025,21.8,3,0.75,-22.48,470.9,-17.32,471.75
2026-08-08 16:37:58.798,100.0,150.0,42.0,37.1572,33.4565,-86.6025,21.8,4,1.0,-22.48,470.9,-17.32,471.75
2026-08-08 16:37:59.038,100.0,150.0,42.0,37.1572,33.4565,-86.6025,21.8,5,1.25,-22.45,470.92,-17.32,471.77
2026-08-08 16:38:04.539,100.0,150.0,48.0,33.4565,37.1572,-86.6025,23.0,1,0.25,-22.46,471.16,-17.39,472.01
2026-08-08 16:38:04.795,100.0,150.0,48.0,33.4565,37.1572,-86.6025,23.0,2,0.5,-22.48,471.17,-17.39,472.02
2026-08-08 16:38:05.051,100.0,150.0,48.0,33.4565,37.1572,-86.6025,23.0,3,0.75,-22.48,471.17,-17.39,472.02
2026-08-08 16:38:05.291,100.0,150.0,48.0,33.4565,37.1572,-86.6025,23.0,4,1.0,-22.47,471.14,-17.39,471.99
2026-08-08 16:38:05.547,100.0,150.0,48.0,33.4565,37.1572,-86.6025,23.0,5,1.25,-22.47,471.14,-17.39,471.99
2026-08-08 16:38:08.793,100.0,150.0,54.0,29.3893,40.4508,-86.6025,24.2,1,0.25,-22.52,471.34,-17.44,472.19
2026-08-08 16:38:09.049,100.0,150.0,54.0,29.3893,40.4508,-86.6025,24.2,2,0.5,-22.52,471.34,-17.44,472.19
2026-08-08 16:38:09.289,100.0,150.0,54.0,29.3893,40.4508,-86.6025,24.2,3,0.75,-22.52,471.27,-17.45,472.13
2026-08-08 16:38:09.545,100.0,150.0,54.0,29.3893,40.4508,-86.6025,24.2,4,1.0,-22.52,471.27,-17.45,472.13
2026-08-08 16:38:09.801,100.0,150.0,54.0,29.3893,40.4508,-86.6025,24.2,5,1.25,-22.52,471.27,-17.45,472.13
2026-08-08 16:38:13.176,100.0,150.0,60.0,25.0,43.3013,-86.6025,24.2,1,0.25,-22.48,471.58,-17.37,472.43
2026-08-08 16:38:13.415,100.0,150.0,60.0,25.0,43.3013,-86.6025,24.2,2,0.5,-22.48,471.58,-17.37,472.43
2026-08-08 16:38:13.671,100.0,150.0,60.0,25.0,43.3013,-86.6025,24.2,3,0.75,-22.47,471.57,-17.35,472.42
2026-08-08 16:38:13.927,100.0,150.0,60.0,25.0,43.3013,-86.6025,24.2,4,1.0,-22.47,471.57,-17.35,472.42
2026-08-08 16:38:14.167,100.0,150.0,60.0,25.0,43.3013,-86.6025,24.2,5,1.25,-22.46,471.57,-17.35,472.42
2026-08-08 16:38:17.542,100.0,150.0,66.0,20.3368,45.6773,-86.6025,24.2,1,0.25,-22.47,471.77,-17.45,472.62
2026-08-08 16:38:17.798,100.0,150.0,66.0,20.3368,45.6773,-86.6025,24.2,2,0.5,-22.48,471.78,-17.45,472.63
2026-08-08 16:38:18.037,100.0,150.0,66.0,20.3368,45.6773,-86.6025,24.2,3,0.75,-22.47,471.8,-17.46,472.65
2026-08-08 16:38:20.548,100.0,150.0,66.0,20.3368,45.6773,-86.6025,24.2,4,1.0,-22.47,471.8,-17.46,472.65
2026-08-08 16:38:20.788,100.0,150.0,66.0,20.3368,45.6773,-86.6025,24.2,5,1.25,-22.49,471.85,-17.45,472.7
2026-08-08 16:38:26.418,100.0,150.0,72.0,15.4508,47.5528,-86.6025,22.8,1,0.25,-22.3,471.95,-17.39,472.79
2026-08-08 16:38:26.674,100.0,150.0,72.0,15.4508,47.5528,-86.6025,22.8,2,0.5,-22.29,471.95,-17.37,472.79
2026-08-08 16:38:26.913,100.0,150.0,72.0,15.4508,47.5528,-86.6025,22.8,3,0.75,-22.29,471.95,-17.37,472.79
2026-08-08 16:38:27.169,100.0,150.0,72.0,15.4508,47.5528,-86.6025,22.8,4,1.0,-22.3,471.95,-17.38,472.79
2026-08-08 16:38:27.425,100.0,150.0,72.0,15.4508,47.5528,-86.6025,22.8,5,1.25,-22.3,471.95,-17.38,472.79
2026-08-08 16:38:30.800,100.0,150.0,78.0,10.3956,48.9074,-86.6025,22.8,1,0.25,-22.32,472.14,-17.41,472.98
2026-08-08 16:38:31.040,100.0,150.0,78.0,10.3956,48.9074,-86.6025,22.8,2,0.5,-22.32,472.14,-17.41,472.98
2026-08-08 16:38:31.295,100.0,150.0,78.0,10.3956,48.9074,-86.6025,22.8,3,0.75,-22.33,472.1,-17.4,472.94
2026-08-08 16:38:31.551,100.0,150.0,78.0,10.3956,48.9074,-86.6025,22.8,4,1.0,-22.33,472.1,-17.4,472.94
2026-08-08 16:38:31.791,100.0,150.0,78.0,10.3956,48.9074,-86.6025,22.8,5,1.25,-22.32,472.07,-17.4,472.91
2026-08-08 16:38:35.166,100.0,150.0,84.0,5.2264,49.7261,-86.6025,24.2,1,0.25,-22.24,472.23,-17.32,473.07
2026-08-08 16:38:35.422,100.0,150.0,84.0,5.2264,49.7261,-86.6025,24.2,2,0.5,-22.24,472.21,-17.33,473.05
2026-08-08 16:38:35.678,100.0,150.0,84.0,5.2264,49.7261,-86.6025,24.2,3,0.75,-22.24,472.21,-17.33,473.05
2026-08-08 16:38:35.917,100.0,150.0,84.0,5.2264,49.7261,-86.6025,24.2,4,1.0,-22.23,472.25,-17.33,473.09
2026-08-08 16:38:36.173,100.0,150.0,84.0,5.2264,49.7261,-86.6025,24.2,5,1.25,-22.23,472.25,-17.33,473.09
2026-08-08 16:38:39.548,100.0,150.0,90.0,0.0,50.0,-86.6025,22.5,1,0.25,-22.17,472.31,-17.35,473.14
2026-08-08 16:38:39.788,100.0,150.0,90.0,0.0,50.0,-86.6025,22.5,2,0.5,-22.19,472.25,-17.35,473.08
2026-08-08 16:38:42.299,100.0,150.0,90.0,0.0,50.0,-86.6025,22.5,3,0.75,-22.18,472.28,-17.35,473.11
2026-08-08 16:38:42.538,100.0,150.0,90.0,0.0,50.0,-86.6025,22.5,4,1.0,-22.19,472.29,-17.37,473.12
2026-08-08 16:38:45.049,100.0,150.0,90.0,0.0,50.0,-86.6025,22.5,5,1.25,-22.19,472.29,-17.37,473.12
2026-08-08 16:38:48.424,100.0,150.0,96.0,-5.2264,49.7261,-86.6025,23.2,1,0.25,-21.97,472.25,-17.24,473.07
2026-08-08 16:38:48.664,100.0,150.0,96.0,-5.2264,49.7261,-86.6025,23.2,2,0.5,-21.97,472.25,-17.24,473.07
2026-08-08 16:38:48.920,100.0,150.0,96.0,-5.2264,49.7261,-86.6025,23.2,3,0.75,-21.97,472.22,-17.24,473.04
2026-08-08 16:38:49.175,100.0,150.0,96.0,-5.2264,49.7261,-86.6025,23.2,4,1.0,-21.97,472.22,-17.24,473.04
2026-08-08 16:38:49.415,100.0,150.0,96.0,-5.2264,49.7261,-86.6025,23.2,5,1.25,-21.95,472.22,-17.24,473.04
2026-08-08 16:38:52.790,100.0,150.0,102.0,-10.3956,48.9074,-86.6025,24.0,1,0.25,-21.83,472.24,-17.21,473.05
2026-08-08 16:38:53.046,100.0,150.0,102.0,-10.3956,48.9074,-86.6025,24.0,2,0.5,-21.82,472.25,-17.2,473.06
2026-08-08 16:38:53.302,100.0,150.0,102.0,-10.3956,48.9074,-86.6025,24.0,3,0.75,-21.82,472.25,-17.2,473.06
2026-08-08 16:38:53.542,100.0,150.0,102.0,-10.3956,48.9074,-86.6025,24.0,4,1.0,-21.81,472.25,-17.21,473.06
2026-08-08 16:38:53.797,100.0,150.0,102.0,-10.3956,48.9074,-86.6025,24.0,5,1.25,-21.81,472.25,-17.21,473.06
2026-08-08 16:38:57.172,100.0,150.0,108.0,-15.4508,47.5528,-86.6025,23.4,1,0.25,-21.63,472.12,-17.11,472.92
2026-08-08 16:38:57.428,100.0,150.0,108.0,-15.4508,47.5528,-86.6025,23.4,2,0.5,-21.63,472.12,-17.11,472.92
2026-08-08 16:38:57.668,100.0,150.0,108.0,-15.4508,47.5528,-86.6025,23.4,3,0.75,-21.63,472.15,-17.1,472.95
2026-08-08 16:38:57.924,100.0,150.0,108.0,-15.4508,47.5528,-86.6025,23.4,4,1.0,-21.63,472.15,-17.1,472.95
2026-08-08 16:38:58.163,100.0,150.0,108.0,-15.4508,47.5528,-86.6025,23.4,5,1.25,-21.63,472.15,-17.1,472.95
2026-08-08 16:39:01.538,100.0,150.0,114.0,-20.3368,45.6773,-86.6025,22.4,1,0.25,-21.45,472.15,-17.1,472.94
2026-08-08 16:39:04.049,100.0,150.0,114.0,-20.3368,45.6773,-86.6025,22.4,2,0.5,-21.44,472.13,-17.11,472.92
2026-08-08 16:39:04.289,100.0,150.0,114.0,-20.3368,45.6773,-86.6025,22.4,3,0.75,-21.44,472.13,-17.11,472.92
2026-08-08 16:39:04.545,100.0,150.0,114.0,-20.3368,45.6773,-86.6025,22.4,4,1.0,-21.45,472.16,-17.1,472.95
2026-08-08 16:39:04.801,100.0,150.0,114.0,-20.3368,45.6773,-86.6025,22.4,5,1.25,-21.45,472.16,-17.1,472.95
2026-08-08 16:39:08.175,100.0,150.0,120.0,-25.0,43.3013,-86.6025,22.9,1,0.25,-21.45,471.9,-16.91,472.68
2026-08-08 16:39:08.415,100.0,150.0,120.0,-25.0,43.3013,-86.6025,22.9,2,0.5,-21.45,471.9,-16.91,472.68
2026-08-08 16:39:08.671,100.0,150.0,120.0,-25.0,43.3013,-86.6025,22.9,3,0.75,-21.45,471.92,-16.92,472.71
2026-08-08 16:39:08.927,100.0,150.0,120.0,-25.0,43.3013,-86.6025,22.9,4,1.0,-21.45,471.92,-16.92,472.71
2026-08-08 16:39:09.167,100.0,150.0,120.0,-25.0,43.3013,-86.6025,22.9,5,1.25,-21.46,471.89,-16.92,472.68
2026-08-08 16:39:12.541,100.0,150.0,126.0,-29.3893,40.4508,-86.6025,23.3,1,0.25,-21.14,471.77,-16.84,472.54
2026-08-08 16:39:12.797,100.0,150.0,126.0,-29.3893,40.4508,-86.6025,23.3,2,0.5,-21.14,471.74,-16.83,472.51
2026-08-08 16:39:13.053,100.0,150.0,126.0,-29.3893,40.4508,-86.6025,23.3,3,0.75,-21.14,471.74,-16.83,472.51
2026-08-08 16:39:13.293,100.0,150.0,126.0,-29.3893,40.4508,-86.6025,23.3,4,1.0,-21.13,471.73,-16.84,472.5
2026-08-08 16:39:13.549,100.0,150.0,126.0,-29.3893,40.4508,-86.6025,23.3,5,1.25,-21.13,471.73,-16.84,472.5
2026-08-08 16:39:16.795,100.0,150.0,132.0,-33.4565,37.1572,-86.6025,23.1,1,0.25,-20.94,471.52,-16.65,472.27
2026-08-08 16:39:17.051,100.0,150.0,132.0,-33.4565,37.1572,-86.6025,23.1,2,0.5,-20.95,471.56,-16.65,472.31
2026-08-08 16:39:17.291,100.0,150.0,132.0,-33.4565,37.1572,-86.6025,23.1,3,0.75,-20.95,471.56,-16.65,472.31
2026-08-08 16:39:17.547,100.0,150.0,132.0,-33.4565,37.1572,-86.6025,23.1,4,1.0,-20.95,471.55,-16.64,472.3
2026-08-08 16:39:17.803,100.0,150.0,132.0,-33.4565,37.1572,-86.6025,23.1,5,1.25,-20.95,471.55,-16.64,472.3
2026-08-08 16:39:21.049,100.0,150.0,138.0,-37.1572,33.4565,-86.6025,24.4,1,0.25,-21.13,471.37,-16.51,472.13
2026-08-08 16:39:21.289,100.0,150.0,138.0,-37.1572,33.4565,-86.6025,24.4,2,0.5,-21.12,471.35,-16.48,472.11
2026-08-08 16:39:21.545,100.0,150.0,138.0,-37.1572,33.4565,-86.6025,24.4,3,0.75,-21.12,471.35,-16.48,472.11
2026-08-08 16:39:21.801,100.0,150.0,138.0,-37.1572,33.4565,-86.6025,24.4,4,1.0,-21.11,471.29,-16.49,472.05
2026-08-08 16:39:22.041,100.0,150.0,138.0,-37.1572,33.4565,-86.6025,24.4,5,1.25,-21.11,471.29,-16.49,472.05
2026-08-08 16:39:25.287,100.0,150.0,144.0,-40.4508,29.3893,-86.6025,23.3,1,0.25,-21.09,471.14,-16.29,471.89
2026-08-08 16:39:27.798,100.0,150.0,144.0,-40.4508,29.3893,-86.6025,23.3,2,0.5,-21.09,471.14,-16.29,471.89
2026-08-08 16:39:28.038,100.0,150.0,144.0,-40.4508,29.3893,-86.6025,23.3,3,0.75,-21.12,471.1,-16.28,471.85
2026-08-08 16:39:30.549,100.0,150.0,144.0,-40.4508,29.3893,-86.6025,23.3,4,1.0,-21.12,471.11,-16.29,471.86
2026-08-08 16:39:30.789,100.0,150.0,144.0,-40.4508,29.3893,-86.6025,23.3,5,1.25,-21.12,471.11,-16.29,471.86
2026-08-08 16:39:34.163,100.0,150.0,150.0,-43.3013,25.0,-86.6025,23.1,1,0.25,-20.78,470.9,-16.01,471.63
2026-08-08 16:39:34.419,100.0,150.0,150.0,-43.3013,25.0,-86.6025,23.1,2,0.5,-20.78,470.9,-16.01,471.63
2026-08-08 16:39:34.675,100.0,150.0,150.0,-43.3013,25.0,-86.6025,23.1,3,0.75,-20.79,470.89,-16.0,471.62
2026-08-08 16:39:34.915,100.0,150.0,150.0,-43.3013,25.0,-86.6025,23.1,4,1.0,-20.79,470.89,-16.0,471.62
2026-08-08 16:39:35.171,100.0,150.0,150.0,-43.3013,25.0,-86.6025,23.1,5,1.25,-20.79,470.89,-16.01,471.62
2026-08-08 16:39:38.545,100.0,150.0,156.0,-45.6773,20.3368,-86.6025,22.6,1,0.25,-21.13,470.66,-15.84,471.4
2026-08-08 16:39:38.801,100.0,150.0,156.0,-45.6773,20.3368,-86.6025,22.6,2,0.5,-21.13,470.67,-15.82,471.4
2026-08-08 16:39:39.041,100.0,150.0,156.0,-45.6773,20.3368,-86.6025,22.6,3,0.75,-21.13,470.67,-15.82,471.4
2026-08-08 16:39:39.297,100.0,150.0,156.0,-45.6773,20.3368,-86.6025,22.6,4,1.0,-21.13,470.67,-15.82,471.4
2026-08-08 16:39:39.537,100.0,150.0,156.0,-45.6773,20.3368,-86.6025,22.6,5,1.25,-21.11,470.66,-15.85,471.39
2026-08-08 16:39:45.166,100.0,150.0,162.0,-47.5528,15.4508,-86.6025,23.0,1,0.25,-21.07,470.45,-15.55,471.17
2026-08-08 16:39:45.422,100.0,150.0,162.0,-47.5528,15.4508,-86.6025,23.0,2,0.5,-21.07,470.45,-15.55,471.17
2026-08-08 16:39:45.662,100.0,150.0,162.0,-47.5528,15.4508,-86.6025,23.0,3,0.75,-21.06,470.52,-15.54,471.24
2026-08-08 16:39:45.918,100.0,150.0,162.0,-47.5528,15.4508,-86.6025,23.0,4,1.0,-21.06,470.52,-15.54,471.24
2026-08-08 16:39:46.174,100.0,150.0,162.0,-47.5528,15.4508,-86.6025,23.0,5,1.25,-21.06,470.51,-15.55,471.23
2026-08-08 16:39:49.548,100.0,150.0,168.0,-48.9074,10.3956,-86.6025,23.5,1,0.25,-21.21,470.3,-15.32,471.02
2026-08-08 16:39:49.788,100.0,150.0,168.0,-48.9074,10.3956,-86.6025,23.5,2,0.5,-21.21,470.3,-15.33,471.02
2026-08-08 16:39:50.044,100.0,150.0,168.0,-48.9074,10.3956,-86.6025,23.5,3,0.75,-21.21,470.3,-15.33,471.02
2026-08-08 16:39:50.300,100.0,150.0,168.0,-48.9074,10.3956,-86.6025,23.5,4,1.0,-21.2,470.27,-15.33,470.99
2026-08-08 16:39:50.540,100.0,150.0,168.0,-48.9074,10.3956,-86.6025,23.5,5,1.25,-21.2,470.27,-15.33,470.99
2026-08-08 16:39:53.914,100.0,150.0,174.0,-49.7261,5.2264,-86.6025,22.3,1,0.25,-21.57,470.15,-15.03,470.88
2026-08-08 16:39:54.170,100.0,150.0,174.0,-49.7261,5.2264,-86.6025,22.3,2,0.5,-21.57,470.15,-15.03,470.88
2026-08-08 16:39:54.426,100.0,150.0,174.0,-49.7261,5.2264,-86.6025,22.3,3,0.75,-21.56,470.13,-15.03,470.86
2026-08-08 16:39:54.666,100.0,150.0,174.0,-49.7261,5.2264,-86.6025,22.3,4,1.0,-21.56,470.13,-15.03,470.86
2026-08-08 16:39:54.922,100.0,150.0,174.0,-49.7261,5.2264,-86.6025,22.3,5,1.25,-21.57,470.15,-15.02,470.88
2026-08-08 16:39:58.296,100.0,150.0,180.0,-50.0,0.0,-86.6025,23.4,1,0.25,-21.45,470.07,-14.79,470.79
2026-08-08 16:39:58.552,100.0,150.0,180.0,-50.0,0.0,-86.6025,23.4,2,0.5,-21.45,470.07,-14.79,470.79
2026-08-08 16:39:58.792,100.0,150.0,180.0,-50.0,0.0,-86.6025,23.4,3,0.75,-21.44,470.04,-14.78,470.76
2026-08-08 16:39:59.048,100.0,150.0,180.0,-50.0,0.0,-86.6025,23.4,4,1.0,-21.44,470.04,-14.78,470.76
2026-08-08 16:39:59.288,100.0,150.0,180.0,-50.0,0.0,-86.6025,23.4,5,1.25,-21.45,470.1,-14.79,470.82
2026-08-08 16:40:04.917,100.0,150.0,186.0,-49.7261,-5.2264,-86.6025,21.8,1,0.25,-21.72,469.89,-14.53,470.61
2026-08-08 16:40:05.173,100.0,150.0,186.0,-49.7261,-5.2264,-86.6025,21.8,2,0.5,-21.72,469.89,-14.53,470.61
2026-08-08 16:40:05.413,100.0,150.0,186.0,-49.7261,-5.2264,-86.6025,21.8,3,0.75,-21.72,469.95,-14.55,470.67
2026-08-08 16:40:05.669,100.0,150.0,186.0,-49.7261,-5.2264,-86.6025,21.8,4,1.0,-21.72,469.95,-14.55,470.67
2026-08-08 16:40:05.925,100.0,150.0,186.0,-49.7261,-5.2264,-86.6025,21.8,5,1.25,-21.71,469.89,-14.55,470.61
2026-08-08 16:40:09.300,100.0,150.0,192.0,-48.9074,-10.3956,-86.6025,23.0,1,0.25,-21.71,469.88,-14.4,470.6
2026-08-08 16:40:09.540,100.0,150.0,192.0,-48.9074,-10.3956,-86.6025,23.0,2,0.5,-21.7,469.83,-14.39,470.55
2026-08-08 16:40:09.795,100.0,150.0,192.0,-48.9074,-10.3956,-86.6025,23.0,3,0.75,-21.7,469.83,-14.39,470.55
2026-08-08 16:40:10.051,100.0,150.0,192.0,-48.9074,-10.3956,-86.6025,23.0,4,1.0,-21.72,469.83,-14.4,470.55
2026-08-08 16:40:10.291,100.0,150.0,192.0,-48.9074,-10.3956,-86.6025,23.0,5,1.25,-21.72,469.83,-14.4,470.55
2026-08-08 16:40:13.666,100.0,150.0,198.0,-47.5528,-15.4508,-86.6025,23.1,1,0.25,-21.96,469.8,-14.4,470.53
2026-08-08 16:40:13.922,100.0,150.0,198.0,-47.5528,-15.4508,-86.6025,23.1,2,0.5,-21.96,469.8,-14.4,470.53
2026-08-08 16:40:14.177,100.0,150.0,198.0,-47.5528,-15.4508,-86.6025,23.1,3,0.75,-21.97,469.8,-14.41,470.53
2026-08-08 16:40:14.417,100.0,150.0,198.0,-47.5528,-15.4508,-86.6025,23.1,4,1.0,-21.97,469.8,-14.41,470.53
2026-08-08 16:40:14.673,100.0,150.0,198.0,-47.5528,-15.4508,-86.6025,23.1,5,1.25,-21.97,469.8,-14.41,470.53
2026-08-08 16:40:18.048,100.0,150.0,204.0,-45.6773,-20.3368,-86.6025,23.3,1,0.25,-21.9,469.82,-14.14,470.54
2026-08-08 16:40:18.288,100.0,150.0,204.0,-45.6773,-20.3368,-86.6025,23.3,2,0.5,-21.88,469.83,-14.13,470.55
2026-08-08 16:40:20.798,100.0,150.0,204.0,-45.6773,-20.3368,-86.6025,23.3,3,0.75,-21.88,469.83,-14.13,470.55
2026-08-08 16:40:21.038,100.0,150.0,204.0,-45.6773,-20.3368,-86.6025,23.3,4,1.0,-21.89,469.82,-14.13,470.54
2026-08-08 16:40:21.294,100.0,150.0,204.0,-45.6773,-20.3368,-86.6025,23.3,5,1.25,-21.89,469.82,-14.13,470.54
2026-08-08 16:40:24.669,100.0,150.0,210.0,-43.3013,-25.0,-86.6025,22.6,1,0.25,-22.22,469.88,-14.0,470.61
2026-08-08 16:40:24.925,100.0,150.0,210.0,-43.3013,-25.0,-86.6025,22.6,2,0.5,-22.22,469.88,-14.0,470.61
2026-08-08 16:40:25.165,100.0,150.0,210.0,-43.3013,-25.0,-86.6025,22.6,3,0.75,-22.2,469.94,-13.99,470.67
2026-08-08 16:40:25.420,100.0,150.0,210.0,-43.3013,-25.0,-86.6025,22.6,4,1.0,-22.2,469.94,-13.99,470.67
2026-08-08 16:40:25.676,100.0,150.0,210.0,-43.3013,-25.0,-86.6025,22.6,5,1.25,-22.2,469.96,-13.98,470.69
2026-08-08 16:40:29.051,100.0,150.0,216.0,-40.4508,-29.3893,-86.6025,22.6,1,0.25,-22.44,469.92,-13.87,470.65
2026-08-08 16:40:29.291,100.0,150.0,216.0,-40.4508,-29.3893,-86.6025,22.6,2,0.5,-22.44,469.92,-13.89,470.66
2026-08-08 16:40:29.547,100.0,150.0,216.0,-40.4508,-29.3893,-86.6025,22.6,3,0.75,-22.44,469.92,-13.89,470.66
2026-08-08 16:40:29.786,100.0,150.0,216.0,-40.4508,-29.3893,-86.6025,22.6,4,1.0,-22.45,469.98,-13.88,470.72
2026-08-08 16:40:32.297,100.0,150.0,216.0,-40.4508,-29.3893,-86.6025,22.6,5,1.25,-22.45,469.98,-13.88,470.72
2026-08-08 16:40:35.544,100.0,150.0,222.0,-37.1572,-33.4565,-86.6025,23.8,1,0.25,-22.28,470.09,-13.69,470.81
2026-08-08 16:40:35.800,100.0,150.0,222.0,-37.1572,-33.4565,-86.6025,23.8,2,0.5,-22.28,470.09,-13.69,470.81
2026-08-08 16:40:36.040,100.0,150.0,222.0,-37.1572,-33.4565,-86.6025,23.8,3,0.75,-22.28,470.11,-13.68,470.83
2026-08-08 16:40:36.296,100.0,150.0,222.0,-37.1572,-33.4565,-86.6025,23.8,4,1.0,-22.28,470.11,-13.68,470.83
2026-08-08 16:40:36.551,100.0,150.0,222.0,-37.1572,-33.4565,-86.6025,23.8,5,1.25,-22.3,470.07,-13.68,470.79
2026-08-08 16:40:39.798,100.0,150.0,228.0,-33.4565,-37.1572,-86.6025,23.1,1,0.25,-22.13,470.25,-13.64,470.96
2026-08-08 16:40:40.038,100.0,150.0,228.0,-33.4565,-37.1572,-86.6025,23.1,2,0.5,-22.13,470.25,-13.64,470.96
2026-08-08 16:40:40.294,100.0,150.0,228.0,-33.4565,-37.1572,-86.6025,23.1,3,0.75,-22.15,470.23,-13.64,470.94
2026-08-08 16:40:40.550,100.0,150.0,228.0,-33.4565,-37.1572,-86.6025,23.1,4,1.0,-22.15,470.23,-13.64,470.94
2026-08-08 16:40:40.789,100.0,150.0,228.0,-33.4565,-37.1572,-86.6025,23.1,5,1.25,-22.15,470.27,-13.64,470.98
2026-08-08 16:40:44.052,100.0,150.0,234.0,-29.3893,-40.4508,-86.6025,22.1,1,0.25,-22.2,470.36,-13.65,471.08
2026-08-08 16:40:44.292,100.0,150.0,234.0,-29.3893,-40.4508,-86.6025,22.1,2,0.5,-22.2,470.36,-13.65,471.08
2026-08-08 16:40:44.548,100.0,150.0,234.0,-29.3893,-40.4508,-86.6025,22.1,3,0.75,-22.19,470.37,-13.65,471.09
2026-08-08 16:40:44.788,100.0,150.0,234.0,-29.3893,-40.4508,-86.6025,22.1,4,1.0,-22.2,470.39,-13.64,471.11
2026-08-08 16:40:47.299,100.0,150.0,234.0,-29.3893,-40.4508,-86.6025,22.1,5,1.25,-22.2,470.39,-13.64,471.11
2026-08-08 16:40:50.673,100.0,150.0,240.0,-25.0,-43.3013,-86.6025,23.4,1,0.25,-22.15,470.47,-13.63,471.18
2026-08-08 16:40:50.913,100.0,150.0,240.0,-25.0,-43.3013,-86.6025,23.4,2,0.5,-22.15,470.47,-13.63,471.18
2026-08-08 16:40:51.169,100.0,150.0,240.0,-25.0,-43.3013,-86.6025,23.4,3,0.75,-22.16,470.45,-13.65,471.16
2026-08-08 16:40:51.425,100.0,150.0,240.0,-25.0,-43.3013,-86.6025,23.4,4,1.0,-22.16,470.45,-13.65,471.16
2026-08-08 16:40:51.665,100.0,150.0,240.0,-25.0,-43.3013,-86.6025,23.4,5,1.25,-22.16,470.45,-13.64,471.16
2026-08-08 16:40:55.039,100.0,150.0,246.0,-20.3368,-45.6773,-86.6025,23.8,1,0.25,-22.18,470.66,-13.6,471.37
2026-08-08 16:40:55.295,100.0,150.0,246.0,-20.3368,-45.6773,-86.6025,23.8,2,0.5,-22.19,470.65,-13.61,471.36
2026-08-08 16:40:55.551,100.0,150.0,246.0,-20.3368,-45.6773,-86.6025,23.8,3,0.75,-22.19,470.65,-13.61,471.36
2026-08-08 16:40:55.791,100.0,150.0,246.0,-20.3368,-45.6773,-86.6025,23.8,4,1.0,-22.18,470.65,-13.6,471.36
2026-08-08 16:40:56.047,100.0,150.0,246.0,-20.3368,-45.6773,-86.6025,23.8,5,1.25,-22.18,470.65,-13.6,471.36
2026-08-08 16:40:59.421,100.0,150.0,252.0,-15.4508,-47.5528,-86.6025,23.6,1,0.25,-22.14,470.69,-13.74,471.41
2026-08-08 16:40:59.677,100.0,150.0,252.0,-15.4508,-47.5528,-86.6025,23.6,2,0.5,-22.14,470.69,-13.74,471.41
2026-08-08 16:40:59.917,100.0,150.0,252.0,-15.4508,-47.5528,-86.6025,23.6,3,0.75,-22.14,470.69,-13.74,471.41
2026-08-08 16:41:00.173,100.0,150.0,252.0,-15.4508,-47.5528,-86.6025,23.6,4,1.0,-22.15,470.71,-13.74,471.43
2026-08-08 16:41:00.413,100.0,150.0,252.0,-15.4508,-47.5528,-86.6025,23.6,5,1.25,-22.15,470.71,-13.74,471.43
2026-08-08 16:41:03.787,100.0,150.0,258.0,-10.3956,-48.9074,-86.6025,23.3,1,0.25,-21.98,470.87,-13.77,471.58
2026-08-08 16:41:06.298,100.0,150.0,258.0,-10.3956,-48.9074,-86.6025,23.3,2,0.5,-21.98,470.88,-13.78,471.59
2026-08-08 16:41:06.538,100.0,150.0,258.0,-10.3956,-48.9074,-86.6025,23.3,3,0.75,-21.98,470.88,-13.78,471.59
2026-08-08 16:41:06.794,100.0,150.0,258.0,-10.3956,-48.9074,-86.6025,23.3,4,1.0,-22.0,470.9,-13.76,471.61
2026-08-08 16:41:07.050,100.0,150.0,258.0,-10.3956,-48.9074,-86.6025,23.3,5,1.25,-22.0,470.9,-13.76,471.61
2026-08-08 16:41:10.424,100.0,150.0,264.0,-5.2264,-49.7261,-86.6025,23.3,1,0.25,-21.9,470.97,-13.76,471.67
2026-08-08 16:41:10.664,100.0,150.0,264.0,-5.2264,-49.7261,-86.6025,23.3,2,0.5,-21.9,470.97,-13.76,471.67
2026-08-08 16:41:10.920,100.0,150.0,264.0,-5.2264,-49.7261,-86.6025,23.3,3,0.75,-21.89,470.98,-13.76,471.68
2026-08-08 16:41:11.176,100.0,150.0,264.0,-5.2264,-49.7261,-86.6025,23.3,4,1.0,-21.89,470.98,-13.76,471.68
2026-08-08 16:41:11.416,100.0,150.0,264.0,-5.2264,-49.7261,-86.6025,23.3,5,1.25,-21.89,470.95,-13.77,471.65
2026-08-08 16:41:14.790,100.0,150.0,270.0,-0.0,-50.0,-86.6025,23.0,1,0.25,-21.84,470.95,-13.77,471.65
2026-08-08 16:41:15.046,100.0,150.0,270.0,-0.0,-50.0,-86.6025,23.0,2,0.5,-21.81,470.97,-13.77,471.67
2026-08-08 16:41:15.286,100.0,150.0,270.0,-0.0,-50.0,-86.6025,23.0,3,0.75,-21.81,470.97,-13.77,471.67
2026-08-08 16:41:17.797,100.0,150.0,270.0,-0.0,-50.0,-86.6025,23.0,4,1.0,-21.82,471.03,-13.78,471.73
2026-08-08 16:41:18.037,100.0,150.0,270.0,-0.0,-50.0,-86.6025,23.0,5,1.25,-21.82,471.03,-13.78,471.73
2026-08-08 16:41:23.666,100.0,150.0,276.0,5.2264,-49.7261,-86.6025,22.9,1,0.25,-21.65,471.05,-13.84,471.75
2026-08-08 16:41:23.922,100.0,150.0,276.0,5.2264,-49.7261,-86.6025,22.9,2,0.5,-21.65,471.05,-13.85,471.75
2026-08-08 16:41:24.162,100.0,150.0,276.0,5.2264,-49.7261,-86.6025,22.9,3,0.75,-21.65,471.05,-13.85,471.75
2026-08-08 16:41:24.418,100.0,150.0,276.0,5.2264,-49.7261,-86.6025,22.9,4,1.0,-21.65,471.11,-13.85,471.81
2026-08-08 16:41:24.674,100.0,150.0,276.0,5.2264,-49.7261,-86.6025,22.9,5,1.25,-21.65,471.11,-13.85,471.81
2026-08-08 16:41:28.048,100.0,150.0,282.0,10.3956,-48.9074,-86.6025,23.7,1,0.25,-21.53,471.05,-13.89,471.74
2026-08-08 16:41:28.288,100.0,150.0,282.0,10.3956,-48.9074,-86.6025,23.7,2,0.5,-21.53,471.05,-13.89,471.74
2026-08-08 16:41:28.544,100.0,150.0,282.0,10.3956,-48.9074,-86.6025,23.7,3,0.75,-21.54,471.04,-13.88,471.73
2026-08-08 16:41:28.800,100.0,150.0,282.0,10.3956,-48.9074,-86.6025,23.7,4,1.0,-21.54,471.04,-13.88,471.73
2026-08-08 16:41:29.040,100.0,150.0,282.0,10.3956,-48.9074,-86.6025,23.7,5,1.25,-21.53,471.06,-13.88,471.75
2026-08-08 16:41:32.414,100.0,150.0,288.0,15.4508,-47.5528,-86.6025,25.1,1,0.25,-21.34,471.05,-13.88,471.73
2026-08-08 16:41:32.670,100.0,150.0,288.0,15.4508,-47.5528,-86.6025,25.1,2,0.5,-21.34,470.99,-13.88,471.67
2026-08-08 16:41:32.926,100.0,150.0,288.0,15.4508,-47.5528,-86.6025,25.1,3,0.75,-21.34,470.99,-13.88,471.67
2026-08-08 16:41:33.166,100.0,150.0,288.0,15.4508,-47.5528,-86.6025,25.1,4,1.0,-21.34,470.99,-13.88,471.67
2026-08-08 16:41:33.422,100.0,150.0,288.0,15.4508,-47.5528,-86.6025,25.1,5,1.25,-21.34,470.97,-13.88,471.65
2026-08-08 16:41:36.797,100.0,150.0,294.0,20.3368,-45.6773,-86.6025,22.9,1,0.25,-21.31,470.95,-13.82,471.63
2026-08-08 16:41:37.036,100.0,150.0,294.0,20.3368,-45.6773,-86.6025,22.9,2,0.5,-21.3,470.97,-13.81,471.65
2026-08-08 16:41:39.547,100.0,150.0,294.0,20.3368,-45.6773,-86.6025,22.9,3,0.75,-21.3,471.04,-13.82,471.72
2026-08-08 16:41:39.787,100.0,150.0,294.0,20.3368,-45.6773,-86.6025,22.9,4,1.0,-21.29,470.98,-13.79,471.66
2026-08-08 16:41:42.298,100.0,150.0,294.0,20.3368,-45.6773,-86.6025,22.9,5,1.25,-21.29,470.98,-13.79,471.66
2026-08-08 16:41:45.673,100.0,150.0,300.0,25.0,-43.3013,-86.6025,22.7,1,0.25,-21.09,470.87,-13.89,471.54
2026-08-08 16:41:45.912,100.0,150.0,300.0,25.0,-43.3013,-86.6025,22.7,2,0.5,-21.09,470.87,-13.89,471.54
2026-08-08 16:41:46.168,100.0,150.0,300.0,25.0,-43.3013,-86.6025,22.7,3,0.75,-21.09,470.87,-13.89,471.54
2026-08-08 16:41:46.424,100.0,150.0,300.0,25.0,-43.3013,-86.6025,22.7,4,1.0,-21.09,470.86,-13.91,471.53
2026-08-08 16:41:46.664,100.0,150.0,300.0,25.0,-43.3013,-86.6025,22.7,5,1.25,-21.09,470.86,-13.91,471.53
2026-08-08 16:41:50.039,100.0,150.0,306.0,29.3893,-40.4508,-86.6025,23.6,1,0.25,-21.01,470.77,-14.01,471.44
2026-08-08 16:41:50.295,100.0,150.0,306.0,29.3893,-40.4508,-86.6025,23.6,2,0.5,-21.01,470.77,-14.01,471.44
2026-08-08 16:41:50.550,100.0,150.0,306.0,29.3893,-40.4508,-86.6025,23.6,3,0.75,-21.01,470.74,-14.02,471.41
2026-08-08 16:41:50.790,100.0,150.0,306.0,29.3893,-40.4508,-86.6025,23.6,4,1.0,-21.01,470.74,-14.02,471.41
2026-08-08 16:41:51.046,100.0,150.0,306.0,29.3893,-40.4508,-86.6025,23.6,5,1.25,-21.01,470.76,-14.0,471.43
2026-08-08 16:41:54.293,100.0,150.0,312.0,33.4565,-37.1572,-86.6025,23.8,1,0.25,-21.14,470.61,-14.12,471.29
2026-08-08 16:41:54.549,100.0,150.0,312.0,33.4565,-37.1572,-86.6025,23.8,2,0.5,-21.13,470.57,-14.12,471.25
2026-08-08 16:41:54.788,100.0,150.0,312.0,33.4565,-37.1572,-86.6025,23.8,3,0.75,-21.13,470.57,-14.12,471.25
2026-08-08 16:41:55.044,100.0,150.0,312.0,33.4565,-37.1572,-86.6025,23.8,4,1.0,-21.12,470.56,-14.13,471.24
2026-08-08 16:41:55.300,100.0,150.0,312.0,33.4565,-37.1572,-86.6025,23.8,5,1.25,-21.12,470.56,-14.13,471.24
2026-08-08 16:41:58.547,100.0,150.0,318.0,37.1572,-33.4565,-86.6025,23.8,1,0.25,-20.8,470.45,-14.11,471.12
2026-08-08 16:41:58.787,100.0,150.0,318.0,37.1572,-33.4565,-86.6025,23.8,2,0.5,-20.8,470.43,-14.12,471.1
2026-08-08 16:42:01.298,100.0,150.0,318.0,37.1572,-33.4565,-86.6025,23.8,3,0.75,-20.79,470.43,-14.13,471.1
2026-08-08 16:42:01.538,100.0,150.0,318.0,37.1572,-33.4565,-86.6025,23.8,4,1.0,-20.79,470.43,-14.13,471.1
2026-08-08 16:42:01.793,100.0,150.0,318.0,37.1572,-33.4565,-86.6025,23.8,5,1.25,-20.8,470.42,-14.11,471.09
2026-08-08 16:42:05.040,100.0,150.0,324.0,40.4508,-29.3893,-86.6025,23.9,1,0.25,-20.93,470.27,-14.31,470.95
2026-08-08 16:42:05.296,100.0,150.0,324.0,40.4508,-29.3893,-86.6025,23.9,2,0.5,-20.93,470.27,-14.31,470.95
2026-08-08 16:42:05.536,100.0,150.0,324.0,40.4508,-29.3893,-86.6025,23.9,3,0.75,-20.94,470.24,-14.31,470.92
2026-08-08 16:42:08.047,100.0,150.0,324.0,40.4508,-29.3893,-86.6025,23.9,4,1.0,-20.92,470.25,-14.29,470.93
2026-08-08 16:42:08.286,100.0,150.0,324.0,40.4508,-29.3893,-86.6025,23.9,5,1.25,-20.93,470.24,-14.3,470.92
2026-08-08 16:42:13.916,100.0,150.0,330.0,43.3013,-25.0,-86.6025,23.4,1,0.25,-20.96,470.12,-14.56,470.81
2026-08-08 16:42:14.172,100.0,150.0,330.0,43.3013,-25.0,-86.6025,23.4,2,0.5,-20.96,470.12,-14.56,470.81
2026-08-08 16:42:14.412,100.0,150.0,330.0,43.3013,-25.0,-86.6025,23.4,3,0.75,-20.95,470.17,-14.56,470.86
2026-08-08 16:42:14.668,100.0,150.0,330.0,43.3013,-25.0,-86.6025,23.4,4,1.0,-20.95,470.17,-14.56,470.86
2026-08-08 16:42:14.923,100.0,150.0,330.0,43.3013,-25.0,-86.6025,23.4,5,1.25,-20.96,470.14,-14.55,470.83
2026-08-08 16:42:18.298,100.0,150.0,336.0,45.6773,-20.3368,-86.6025,23.9,1,0.25,-21.13,470.02,-14.89,470.73
2026-08-08 16:42:18.538,100.0,150.0,336.0,45.6773,-20.3368,-86.6025,23.9,2,0.5,-21.13,470.07,-14.9,470.78
2026-08-08 16:42:18.794,100.0,150.0,336.0,45.6773,-20.3368,-86.6025,23.9,3,0.75,-21.13,470.07,-14.9,470.78
2026-08-08 16:42:19.050,100.0,150.0,336.0,45.6773,-20.3368,-86.6025,23.9,4,1.0,-21.13,470.02,-14.89,470.73
2026-08-08 16:42:19.290,100.0,150.0,336.0,45.6773,-20.3368,-86.6025,23.9,5,1.25,-21.13,470.02,-14.89,470.73
2026-08-08 16:42:22.664,100.0,150.0,342.0,47.5528,-15.4508,-86.6025,23.3,1,0.25,-20.86,470.01,-15.14,470.71
2026-08-08 16:42:22.920,100.0,150.0,342.0,47.5528,-15.4508,-86.6025,23.3,2,0.5,-20.86,470.01,-15.14,470.71
2026-08-08 16:42:23.176,100.0,150.0,342.0,47.5528,-15.4508,-86.6025,23.3,3,0.75,-20.87,469.97,-15.14,470.67
2026-08-08 16:42:23.416,100.0,150.0,342.0,47.5528,-15.4508,-86.6025,23.3,4,1.0,-20.87,469.97,-15.14,470.67
2026-08-08 16:42:23.672,100.0,150.0,342.0,47.5528,-15.4508,-86.6025,23.3,5,1.25,-20.86,469.99,-15.13,470.69
2026-08-08 16:42:27.046,100.0,150.0,348.0,48.9074,-10.3956,-86.6025,22.7,1,0.25,-21.24,469.9,-15.31,470.62
2026-08-08 16:42:27.286,100.0,150.0,348.0,48.9074,-10.3956,-86.6025,22.7,2,0.5,-21.23,469.92,-15.31,470.64
2026-08-08 16:42:29.797,100.0,150.0,348.0,48.9074,-10.3956,-86.6025,22.7,3,0.75,-21.23,469.92,-15.31,470.64
2026-08-08 16:42:30.037,100.0,150.0,348.0,48.9074,-10.3956,-86.6025,22.7,4,1.0,-21.23,469.9,-15.32,470.62
2026-08-08 16:42:32.548,100.0,150.0,348.0,48.9074,-10.3956,-86.6025,22.7,5,1.25,-21.24,469.94,-15.32,470.66
2026-08-08 16:42:35.922,100.0,150.0,354.0,49.7261,-5.2264,-86.6025,23.8,1,0.25,-21.25,469.91,-15.48,470.64
2026-08-08 16:42:36.162,100.0,150.0,354.0,49.7261,-5.2264,-86.6025,23.8,2,0.5,-21.25,469.9,-15.48,470.63
2026-08-08 16:42:36.418,100.0,150.0,354.0,49.7261,-5.2264,-86.6025,23.8,3,0.75,-21.25,469.9,-15.48,470.63
2026-08-08 16:42:36.674,100.0,150.0,354.0,49.7261,-5.2264,-86.6025,23.8,4,1.0,-21.23,469.92,-15.49,470.65
2026-08-08 16:42:36.914,100.0,150.0,354.0,49.7261,-5.2264,-86.6025,23.8,5,1.25,-21.23,469.92,-15.49,470.65
2026-08-08 16:42:40.800,100.0,156.0,354.0,40.4508,-4.2516,-91.3545,23.3,1,0.25,-21.45,470.36,-15.47,471.1
2026-08-08 16:42:41.040,100.0,156.0,354.0,40.4508,-4.2516,-91.3545,23.3,2,0.5,-21.45,470.36,-15.47,471.1
2026-08-08 16:42:41.296,100.0,156.0,354.0,40.4508,-4.2516,-91.3545,23.3,3,0.75,-21.45,470.35,-15.47,471.09
2026-08-08 16:42:41.536,100.0,156.0,354.0,40.4508,-4.2516,-91.3545,23.3,4,1.0,-21.45,470.37,-15.47,471.11
2026-08-08 16:42:44.046,100.0,156.0,354.0,40.4508,-4.2516,-91.3545,23.3,5,1.25,-21.45,470.37,-15.48,471.11
2026-08-08 16:42:47.293,100.0,156.0,348.0,39.7848,-8.4565,-91.3545,23.4,1,0.25,-21.38,470.34,-15.27,471.07
2026-08-08 16:42:47.549,100.0,156.0,348.0,39.7848,-8.4565,-91.3545,23.4,2,0.5,-21.38,470.32,-15.29,471.05
2026-08-08 16:42:47.789,100.0,156.0,348.0,39.7848,-8.4565,-91.3545,23.4,3,0.75,-21.38,470.32,-15.29,471.05
2026-08-08 16:42:48.045,100.0,156.0,348.0,39.7848,-8.4565,-91.3545,23.4,4,1.0,-21.37,470.33,-15.28,471.06
2026-08-08 16:42:48.300,100.0,156.0,348.0,39.7848,-8.4565,-91.3545,23.4,5,1.25,-21.37,470.33,-15.28,471.06
2026-08-08 16:42:51.547,100.0,156.0,342.0,38.683,-12.5689,-91.3545,23.3,1,0.25,-21.46,470.25,-15.18,470.98
2026-08-08 16:42:51.787,100.0,156.0,342.0,38.683,-12.5689,-91.3545,23.3,2,0.5,-21.45,470.3,-15.18,471.03
2026-08-08 16:42:52.043,100.0,156.0,342.0,38.683,-12.5689,-91.3545,23.3,3,0.75,-21.45,470.3,-15.18,471.03
2026-08-08 16:42:52.299,100.0,156.0,342.0,38.683,-12.5689,-91.3545,23.3,4,1.0,-21.44,470.26,-15.18,470.99
2026-08-08 16:42:52.539,100.0,156.0,342.0,38.683,-12.5689,-91.3545,23.3,5,1.25,-21.44,470.26,-15.18,470.99
2026-08-08 16:42:55.801,100.0,156.0,336.0,37.1572,-16.5435,-91.3545,23.0,1,0.25,-21.42,470.41,-15.07,471.13
2026-08-08 16:42:56.041,100.0,156.0,336.0,37.1572,-16.5435,-91.3545,23.0,2,0.5,-21.42,470.41,-15.05,471.13
2026-08-08 16:42:56.297,100.0,156.0,336.0,37.1572,-16.5435,-91.3545,23.0,3,0.75,-21.42,470.41,-15.05,471.13
2026-08-08 16:42:56.537,100.0,156.0,336.0,37.1572,-16.5435,-91.3545,23.0,4,1.0,-21.41,470.32,-15.07,471.04
2026-08-08 16:42:59.048,100.0,156.0,336.0,37.1572,-16.5435,-91.3545,23.0,5,1.25,-21.42,470.36,-15.07,471.08
2026-08-08 16:43:02.294,100.0,156.0,330.0,35.2244,-20.3368,-91.3545,23.5,1,0.25,-21.67,470.44,-14.98,471.17
2026-08-08 16:43:02.550,100.0,156.0,330.0,35.2244,-20.3368,-91.3545,23.5,2,0.5,-21.67,470.44,-14.98,471.17
2026-08-08 16:43:02.790,100.0,156.0,330.0,35.2244,-20.3368,-91.3545,23.5,3,0.75,-21.69,470.44,-14.99,471.17
2026-08-08 16:43:03.046,100.0,156.0,330.0,35.2244,-20.3368,-91.3545,23.5,4,1.0,-21.69,470.44,-14.99,471.17
2026-08-08 16:43:03.286,100.0,156.0,330.0,35.2244,-20.3368,-91.3545,23.5,5,1.25,-21.69,470.41,-15.0,471.14
2026-08-08 16:43:08.787,100.0,156.0,324.0,32.9057,-23.9074,-91.3545,23.0,1,0.25,-21.49,470.56,-14.77,471.28
2026-08-08 16:43:09.043,100.0,156.0,324.0,32.9057,-23.9074,-91.3545,23.0,2,0.5,-21.5,470.54,-14.77,471.26
2026-08-08 16:43:09.299,100.0,156.0,324.0,32.9057,-23.9074,-91.3545,23.0,3,0.75,-21.5,470.54,-14.77,471.26
2026-08-08 16:43:09.539,100.0,156.0,324.0,32.9057,-23.9074,-91.3545,23.0,4,1.0,-21.49,470.55,-14.77,471.27
2026-08-08 16:43:09.795,100.0,156.0,324.0,32.9057,-23.9074,-91.3545,23.0,5,1.25,-21.49,470.55,-14.77,471.27
2026-08-08 16:43:13.041,100.0,156.0,318.0,30.2264,-27.216,-91.3545,24.2,1,0.25,-21.36,470.68,-14.63,471.39
2026-08-08 16:43:13.297,100.0,156.0,318.0,30.2264,-27.216,-91.3545,24.2,2,0.5,-21.36,470.68,-14.63,471.39
2026-08-08 16:43:13.537,100.0,156.0,318.0,30.2264,-27.216,-91.3545,24.2,3,0.75,-21.36,470.7,-14.63,471.41
2026-08-08 16:43:13.793,100.0,156.0,318.0,30.2264,-27.216,-91.3545,24.2,4,1.0,-21.36,470.7,-14.63,471.41
2026-08-08 16:43:14.049,100.0,156.0,318.0,30.2264,-27.216,-91.3545,24.2,5,1.25,-21.36,470.7,-14.63,471.41
2026-08-08 16:43:17.295,100.0,156.0,312.0,27.216,-30.2264,-91.3545,21.8,1,0.25,-21.37,470.75,-14.42,471.45
2026-08-08 16:43:17.535,100.0,156.0,312.0,27.216,-30.2264,-91.3545,21.8,2,0.5,-21.34,470.83,-14.42,471.53
2026-08-08 16:43:20.046,100.0,156.0,312.0,27.216,-30.2264,-91.3545,21.8,3,0.75,-21.34,470.83,-14.42,471.53
2026-08-08 16:43:20.286,100.0,156.0,312.0,27.216,-30.2264,-91.3545,21.8,4,1.0,-21.36,470.75,-14.4,471.45
2026-08-08 16:43:22.797,100.0,156.0,312.0,27.216,-30.2264,-91.3545,21.8,5,1.25,-21.36,470.75,-14.4,471.45
2026-08-08 16:43:26.044,100.0,156.0,306.0,23.9074,-32.9057,-91.3545,24.2,1,0.25,-21.49,470.82,-14.29,471.52
2026-08-08 16:43:26.299,100.0,156.0,306.0,23.9074,-32.9057,-91.3545,24.2,2,0.5,-21.49,470.82,-14.29,471.52
2026-08-08 16:43:26.539,100.0,156.0,306.0,23.9074,-32.9057,-91.3545,24.2,3,0.75,-21.47,470.81,-14.27,471.51
2026-08-08 16:43:26.795,100.0,156.0,306.0,23.9074,-32.9057,-91.3545,24.2,4,1.0,-21.47,470.81,-14.27,471.51
2026-08-08 16:43:27.035,100.0,156.0,306.0,23.9074,-32.9057,-91.3545,24.2,5,1.25,-21.49,470.88,-14.3,471.58
2026-08-08 16:43:32.537,100.0,156.0,300.0,20.3368,-35.2244,-91.3545,23.4,1,0.25,-21.58,470.89,-14.26,471.59
2026-08-08 16:43:32.793,100.0,156.0,300.0,20.3368,-35.2244,-91.3545,23.4,2,0.5,-21.59,470.88,-14.26,471.59
2026-08-08 16:43:33.048,100.0,156.0,300.0,20.3368,-35.2244,-91.3545,23.4,3,0.75,-21.59,470.88,-14.26,471.59
2026-08-08 16:43:33.288,100.0,156.0,300.0,20.3368,-35.2244,-91.3545,23.4,4,1.0,-21.59,470.92,-14.25,471.62
2026-08-08 16:43:33.544,100.0,156.0,300.0,20.3368,-35.2244,-91.3545,23.4,5,1.25,-21.59,470.92,-14.25,471.62
2026-08-08 16:43:36.791,100.0,156.0,294.0,16.5435,-37.1572,-91.3545,23.7,1,0.25,-21.64,470.89,-14.25,471.6
2026-08-08 16:43:37.047,100.0,156.0,294.0,16.5435,-37.1572,-91.3545,23.7,2,0.5,-21.65,470.9,-14.23,471.61
2026-08-08 16:43:37.287,100.0,156.0,294.0,16.5435,-37.1572,-91.3545,23.7,3,0.75,-21.64,470.9,-14.24,471.61
2026-08-08 16:43:39.797,100.0,156.0,294.0,16.5435,-37.1572,-91.3545,23.7,4,1.0,-21.64,470.9,-14.24,471.61
2026-08-08 16:43:40.037,100.0,156.0,294.0,16.5435,-37.1572,-91.3545,23.7,5,1.25,-21.64,470.89,-14.26,471.6
2026-08-08 16:43:43.300,100.0,156.0,288.0,12.5689,-38.683,-91.3545,23.2,1,0.25,-21.84,471.05,-14.22,471.77
2026-08-08 16:43:43.540,100.0,156.0,288.0,12.5689,-38.683,-91.3545,23.2,2,0.5,-21.84,471.05,-14.22,471.77
2026-08-08 16:43:43.796,100.0,156.0,288.0,12.5689,-38.683,-91.3545,23.2,3,0.75,-21.83,471.08,-14.22,471.79
2026-08-08 16:43:44.036,100.0,156.0,288.0,12.5689,-38.683,-91.3545,23.2,4,1.0,-21.84,471.01,-14.22,471.73
2026-08-08 16:43:46.546,100.0,156.0,288.0,12.5689,-38.683,-91.3545,23.2,5,1.25,-21.84,471.01,-14.22,471.73
2026-08-08 16:43:49.793,100.0,156.0,282.0,8.4565,-39.7848,-91.3545,23.2,1,0.25,-22.02,471.08,-14.21,471.8
2026-08-08 16:43:50.049,100.0,156.0,282.0,8.4565,-39.7848,-91.3545,23.2,2,0.5,-22.02,470.98,-14.22,471.7
2026-08-08 16:43:50.289,100.0,156.0,282.0,8.4565,-39.7848,-91.3545,23.2,3,0.75,-22.02,470.98,-14.22,471.7
2026-08-08 16:43:50.545,100.0,156.0,282.0,8.4565,-39.7848,-91.3545,23.2,4,1.0,-22.01,471.01,-14.23,471.73
2026-08-08 16:43:50.800,100.0,156.0,282.0,8.4565,-39.7848,-91.3545,23.2,5,1.25,-22.01,471.01,-14.23,471.73
2026-08-08 16:43:54.047,100.0,156.0,276.0,4.2516,-40.4508,-91.3545,23.4,1,0.25,-21.92,471.06,-14.2,471.78
2026-08-08 16:43:54.287,100.0,156.0,276.0,4.2516,-40.4508,-91.3545,23.4,2,0.5,-21.91,471.07,-14.21,471.79
2026-08-08 16:43:54.543,100.0,156.0,276.0,4.2516,-40.4508,-91.3545,23.4,3,0.75,-21.91,471.07,-14.21,471.79
2026-08-08 16:43:54.799,100.0,156.0,276.0,4.2516,-40.4508,-91.3545,23.4,4,1.0,-21.92,471.03,-14.21,471.75
2026-08-08 16:43:55.039,100.0,156.0,276.0,4.2516,-40.4508,-91.3545,23.4,5,1.25,-21.92,471.03,-14.21,471.75
2026-08-08 16:43:58.413,100.0,156.0,270.0,-0.0,-40.6737,-91.3545,23.0,1,0.25,-21.96,471.06,-14.1,471.78
2026-08-08 16:43:58.669,100.0,156.0,270.0,-0.0,-40.6737,-91.3545,23.0,2,0.5,-21.96,471.06,-14.1,471.78
2026-08-08 16:43:58.925,100.0,156.0,270.0,-0.0,-40.6737,-91.3545,23.0,3,0.75,-21.95,471.03,-14.09,471.75
2026-08-08 16:43:59.165,100.0,156.0,270.0,-0.0,-40.6737,-91.3545,23.0,4,1.0,-21.95,471.03,-14.09,471.75
2026-08-08 16:43:59.421,100.0,156.0,270.0,-0.0,-40.6737,-91.3545,23.0,5,1.25,-21.94,471.03,-14.1,471.75
2026-08-08 16:44:02.667,100.0,156.0,264.0,-4.2516,-40.4508,-91.3545,23.8,1,0.25,-21.97,471.01,-14.08,471.73
2026-08-08 16:44:02.923,100.0,156.0,264.0,-4.2516,-40.4508,-91.3545,23.8,2,0.5,-21.97,471.01,-14.08,471.73
2026-08-08 16:44:03.163,100.0,156.0,264.0,-4.2516,-40.4508,-91.3545,23.8,3,0.75,-21.98,471.04,-14.07,471.76
2026-08-08 16:44:03.419,100.0,156.0,264.0,-4.2516,-40.4508,-91.3545,23.8,4,1.0,-21.98,471.04,-14.07,471.76
2026-08-08 16:44:03.675,100.0,156.0,264.0,-4.2516,-40.4508,-91.3545,23.8,5,1.25,-21.97,471.01,-14.1,471.73
2026-08-08 16:44:06.921,100.0,156.0,258.0,-8.4565,-39.7848,-91.3545,22.9,1,0.25,-22.04,470.91,-14.01,471.63
2026-08-08 16:44:07.161,100.0,156.0,258.0,-8.4565,-39.7848,-91.3545,22.9,2,0.5,-22.03,470.88,-14.01,471.6
2026-08-08 16:44:07.417,100.0,156.0,258.0,-8.4565,-39.7848,-91.3545,22.9,3,0.75,-22.03,470.88,-14.01,471.6
2026-08-08 16:44:07.673,100.0,156.0,258.0,-8.4565,-39.7848,-91.3545,22.9,4,1.0,-22.06,470.87,-14.01,471.59
2026-08-08 16:44:07.913,100.0,156.0,258.0,-8.4565,-39.7848,-91.3545,22.9,5,1.25,-22.06,470.87,-14.01,471.59
2026-08-08 16:44:11.175,100.0,156.0,252.0,-12.5689,-38.683,-91.3545,24.2,1,0.25,-21.85,470.76,-13.89,471.47
2026-08-08 16:44:11.415,100.0,156.0,252.0,-12.5689,-38.683,-91.3545,24.2,2,0.5,-21.85,470.78,-13.9,471.49
2026-08-08 16:44:11.671,100.0,156.0,252.0,-12.5689,-38.683,-91.3545,24.2,3,0.75,-21.85,470.78,-13.9,471.49
2026-08-08 16:44:11.911,100.0,156.0,252.0,-12.5689,-38.683,-91.3545,24.2,4,1.0,-21.85,470.81,-13.87,471.52
2026-08-08 16:44:12.167,100.0,156.0,252.0,-12.5689,-38.683,-91.3545,24.2,5,1.25,-21.85,470.81,-13.87,471.52
2026-08-08 16:44:15.413,100.0,156.0,246.0,-16.5435,-37.1572,-91.3545,23.0,1,0.25,-22.24,470.7,-13.8,471.42
2026-08-08 16:44:15.669,100.0,156.0,246.0,-16.5435,-37.1572,-91.3545,23.0,2,0.5,-22.26,470.69,-13.82,471.41
2026-08-08 16:44:15.925,100.0,156.0,246.0,-16.5435,-37.1572,-91.3545,23.0,3,0.75,-22.26,470.69,-13.82,471.41
2026-08-08 16:44:16.165,100.0,156.0,246.0,-16.5435,-37.1572,-91.3545,23.0,4,1.0,-22.23,470.69,-13.81,471.41
2026-08-08 16:44:16.421,100.0,156.0,246.0,-16.5435,-37.1572,-91.3545,23.0,5,1.25,-22.23,470.69,-13.81,471.41
2026-08-08 16:44:19.667,100.0,156.0,240.0,-20.3368,-35.2244,-91.3545,23.4,1,0.25,-22.05,470.57,-13.79,471.28
2026-08-08 16:44:19.923,100.0,156.0,240.0,-20.3368,-35.2244,-91.3545,23.4,2,0.5,-22.05,470.57,-13.79,471.28
2026-08-08 16:44:20.163,100.0,156.0,240.0,-20.3368,-35.2244,-91.3545,23.4,3,0.75,-22.06,470.61,-13.8,471.32
2026-08-08 16:44:20.419,100.0,156.0,240.0,-20.3368,-35.2244,-91.3545,23.4,4,1.0,-22.06,470.61,-13.8,471.32
2026-08-08 16:44:20.675,100.0,156.0,240.0,-20.3368,-35.2244,-91.3545,23.4,5,1.25,-22.06,470.64,-13.81,471.35
2026-08-08 16:44:23.921,100.0,156.0,234.0,-23.9074,-32.9057,-91.3545,23.4,1,0.25,-22.13,470.6,-13.79,471.32
2026-08-08 16:44:24.161,100.0,156.0,234.0,-23.9074,-32.9057,-91.3545,23.4,2,0.5,-22.13,470.6,-13.79,471.32
2026-08-08 16:44:24.417,100.0,156.0,234.0,-23.9074,-32.9057,-91.3545,23.4,3,0.75,-22.12,470.5,-13.78,471.22
2026-08-08 16:44:24.673,100.0,156.0,234.0,-23.9074,-32.9057,-91.3545,23.4,4,1.0,-22.12,470.5,-13.78,471.22
2026-08-08 16:44:24.913,100.0,156.0,234.0,-23.9074,-32.9057,-91.3545,23.4,5,1.25,-22.13,470.49,-13.77,471.21
2026-08-08 16:44:28.160,100.0,156.0,228.0,-27.216,-30.2264,-91.3545,21.7,1,0.5,-22.06,470.45,-13.82,471.16
2026-08-08 16:44:28.911,100.0,156.0,228.0,-27.216,-30.2264,-91.3545,21.7,2,0.75,-22.06,470.45,-13.82,471.16
2026-08-08 16:44:29.167,100.0,156.0,228.0,-27.216,-30.2264,-91.3545,21.7,3,1.0,-22.05,470.45,-13.83,471.16
2026-08-08 16:44:29.423,100.0,156.0,228.0,-27.216,-30.2264,-91.3545,21.7,4,1.25,-22.05,470.45,-13.83,471.16
2026-08-08 16:44:29.663,100.0,156.0,228.0,-27.216,-30.2264,-91.3545,21.7,5,1.5,-22.05,470.43,-13.81,471.14
2026-08-08 16:44:32.925,100.0,156.0,222.0,-30.2264,-27.216,-91.3545,23.4,1,0.25,-21.97,470.4,-13.9,471.11
2026-08-08 16:44:33.165,100.0,156.0,222.0,-30.2264,-27.216,-91.3545,23.4,2,0.5,-21.99,470.39,-13.91,471.1
2026-08-08 16:44:33.421,100.0,156.0,222.0,-30.2264,-27.216,-91.3545,23.4,3,0.75,-21.99,470.39,-13.91,471.1
2026-08-08 16:44:33.661,100.0,156.0,222.0,-30.2264,-27.216,-91.3545,23.4,4,1.0,-22.0,470.42,-13.9,471.13
2026-08-08 16:44:33.917,100.0,156.0,222.0,-30.2264,-27.216,-91.3545,23.4,5,1.25,-22.0,470.42,-13.9,471.13
2026-08-08 16:44:37.163,100.0,156.0,216.0,-32.9057,-23.9074,-91.3545,24.1,1,0.25,-22.04,470.37,-14.01,471.09
2026-08-08 16:44:37.419,100.0,156.0,216.0,-32.9057,-23.9074,-91.3545,24.1,2,0.5,-22.03,470.33,-14.0,471.05
2026-08-08 16:44:37.675,100.0,156.0,216.0,-32.9057,-23.9074,-91.3545,24.1,3,0.75,-22.03,470.33,-14.0,471.05
2026-08-08 16:44:37.915,100.0,156.0,216.0,-32.9057,-23.9074,-91.3545,24.1,4,1.0,-22.02,470.39,-14.01,471.11
2026-08-08 16:44:38.171,100.0,156.0,216.0,-32.9057,-23.9074,-91.3545,24.1,5,1.25,-22.02,470.39,-14.01,471.11
2026-08-08 16:44:41.418,100.0,156.0,210.0,-35.2244,-20.3368,-91.3545,23.6,1,0.25,-22.07,470.28,-14.08,471.0
2026-08-08 16:44:41.673,100.0,156.0,210.0,-35.2244,-20.3368,-91.3545,23.6,2,0.5,-22.07,470.34,-14.09,471.06
2026-08-08 16:44:41.913,100.0,156.0,210.0,-35.2244,-20.3368,-91.3545,23.6,3,0.75,-22.07,470.34,-14.09,471.06
2026-08-08 16:44:42.169,100.0,156.0,210.0,-35.2244,-20.3368,-91.3545,23.6,4,1.0,-22.07,470.3,-14.09,471.02
2026-08-08 16:44:42.425,100.0,156.0,210.0,-35.2244,-20.3368,-91.3545,23.6,5,1.25,-22.07,470.3,-14.09,471.02
2026-08-08 16:44:45.672,100.0,156.0,204.0,-37.1572,-16.5435,-91.3545,23.4,1,0.25,-22.05,470.28,-14.22,471.01
2026-08-08 16:44:45.912,100.0,156.0,204.0,-37.1572,-16.5435,-91.3545,23.4,2,0.5,-22.05,470.28,-14.22,471.01
2026-08-08 16:44:46.167,100.0,156.0,204.0,-37.1572,-16.5435,-91.3545,23.4,3,0.75,-22.05,470.25,-14.23,470.98
2026-08-08 16:44:46.423,100.0,156.0,204.0,-37.1572,-16.5435,-91.3545,23.4,4,1.0,-22.05,470.25,-14.23,470.98
2026-08-08 16:44:46.663,100.0,156.0,204.0,-37.1572,-16.5435,-91.3545,23.4,5,1.25,-22.05,470.25,-14.23,470.98
2026-08-08 16:44:49.910,100.0,156.0,198.0,-38.683,-12.5689,-91.3545,23.5,1,0.25,-21.85,470.28,-14.3,471.0
2026-08-08 16:44:50.166,100.0,156.0,198.0,-38.683,-12.5689,-91.3545,23.5,2,0.5,-21.85,470.28,-14.3,471.0
2026-08-08 16:44:50.422,100.0,156.0,198.0,-38.683,-12.5689,-91.3545,23.5,3,0.75,-21.83,470.27,-14.31,470.99
2026-08-08 16:44:50.661,100.0,156.0,198.0,-38.683,-12.5689,-91.3545,23.5,4,1.0,-21.83,470.27,-14.31,470.99
2026-08-08 16:44:50.917,100.0,156.0,198.0,-38.683,-12.5689,-91.3545,23.5,5,1.25,-21.84,470.28,-14.33,471.0
2026-08-08 16:44:54.164,100.0,156.0,192.0,-39.7848,-8.4565,-91.3545,23.7,1,0.25,-21.77,470.31,-14.42,471.03
2026-08-08 16:44:54.420,100.0,156.0,192.0,-39.7848,-8.4565,-91.3545,23.7,2,0.5,-21.77,470.31,-14.42,471.03
2026-08-08 16:44:54.660,100.0,156.0,192.0,-39.7848,-8.4565,-91.3545,23.7,3,0.75,-21.77,470.27,-14.43,470.99
2026-08-08 16:44:54.916,100.0,156.0,192.0,-39.7848,-8.4565,-91.3545,23.7,4,1.0,-21.77,470.27,-14.43,470.99
2026-08-08 16:44:55.171,100.0,156.0,192.0,-39.7848,-8.4565,-91.3545,23.7,5,1.25,-21.77,470.3,-14.41,471.02
2026-08-08 16:44:58.418,100.0,156.0,186.0,-40.4508,-4.2516,-91.3545,23.0,1,0.25,-21.56,470.39,-14.56,471.1
2026-08-08 16:44:58.674,100.0,156.0,186.0,-40.4508,-4.2516,-91.3545,23.0,2,0.5,-21.56,470.43,-14.57,471.14
2026-08-08 16:44:58.914,100.0,156.0,186.0,-40.4508,-4.2516,-91.3545,23.0,3,0.75,-21.56,470.43,-14.57,471.14
2026-08-08 16:44:59.170,100.0,156.0,186.0,-40.4508,-4.2516,-91.3545,23.0,4,1.0,-21.56,470.43,-14.57,471.14
2026-08-08 16:44:59.410,100.0,156.0,186.0,-40.4508,-4.2516,-91.3545,23.0,5,1.25,-21.56,470.4,-14.58,471.11
2026-08-08 16:45:02.800,100.0,156.0,180.0,-40.6737,0.0,-91.3545,22.2,1,0.25,-21.49,470.42,-14.73,471.14
2026-08-08 16:45:03.040,100.0,156.0,180.0,-40.6737,0.0,-91.3545,22.2,2,0.5,-21.5,470.4,-14.73,471.12
2026-08-08 16:45:03.296,100.0,156.0,180.0,-40.6737,0.0,-91.3545,22.2,3,0.75,-21.5,470.4,-14.73,471.12
2026-08-08 16:45:03.536,100.0,156.0,180.0,-40.6737,0.0,-91.3545,22.2,4,1.0,-21.5,470.4,-14.74,471.12
2026-08-08 16:45:06.047,100.0,156.0,180.0,-40.6737,0.0,-91.3545,22.2,5,1.25,-21.5,470.43,-14.72,471.15
2026-08-08 16:45:09.293,100.0,156.0,174.0,-40.4508,4.2516,-91.3545,22.7,1,0.25,-21.37,470.59,-14.93,471.31
2026-08-08 16:45:09.549,100.0,156.0,174.0,-40.4508,4.2516,-91.3545,22.7,2,0.5,-21.37,470.59,-14.93,471.31
2026-08-08 16:45:09.789,100.0,156.0,174.0,-40.4508,4.2516,-91.3545,22.7,3,0.75,-21.38,470.54,-14.94,471.26
2026-08-08 16:45:10.045,100.0,156.0,174.0,-40.4508,4.2516,-91.3545,22.7,4,1.0,-21.38,470.54,-14.94,471.26
2026-08-08 16:45:10.285,100.0,156.0,174.0,-40.4508,4.2516,-91.3545,22.7,5,1.25,-21.37,470.5,-14.94,471.22
2026-08-08 16:45:15.914,100.0,156.0,168.0,-39.7848,8.4565,-91.3545,,1,0.25,-21.4,470.68,-15.25,471.41
2026-08-08 16:45:16.170,100.0,156.0,168.0,-39.7848,8.4565,-91.3545,,2,0.5,-21.4,470.68,-15.25,471.41
2026-08-08 16:45:16.410,100.0,156.0,168.0,-39.7848,8.4565,-91.3545,,3,0.75,-21.39,470.66,-15.25,471.39
2026-08-08 16:45:16.666,100.0,156.0,168.0,-39.7848,8.4565,-91.3545,,4,1.0,-21.39,470.66,-15.25,471.39
2026-08-08 16:45:16.922,100.0,156.0,168.0,-39.7848,8.4565,-91.3545,,5,1.25,-21.4,470.67,-15.24,471.4
2026-08-08 16:45:20.168,100.0,156.0,162.0,-38.683,12.5689,-91.3545,23.6,1,0.25,-21.19,470.81,-15.47,471.54
2026-08-08 16:45:20.424,100.0,156.0,162.0,-38.683,12.5689,-91.3545,23.6,2,0.5,-21.19,470.81,-15.47,471.54
2026-08-08 16:45:20.664,100.0,156.0,162.0,-38.683,12.5689,-91.3545,23.6,3,0.75,-21.18,470.75,-15.46,471.47
2026-08-08 16:45:20.920,100.0,156.0,162.0,-38.683,12.5689,-91.3545,23.6,4,1.0,-21.18,470.75,-15.46,471.47
2026-08-08 16:45:21.160,100.0,156.0,162.0,-38.683,12.5689,-91.3545,23.6,5,1.25,-21.2,470.78,-15.46,471.51
2026-08-08 16:45:24.422,100.0,156.0,156.0,-37.1572,16.5435,-91.3545,24.7,1,0.25,-21.18,471.02,-15.65,471.75
2026-08-08 16:45:24.662,100.0,156.0,156.0,-37.1572,16.5435,-91.3545,24.7,2,0.5,-21.18,471.02,-15.65,471.75
2026-08-08 16:45:24.918,100.0,156.0,156.0,-37.1572,16.5435,-91.3545,24.7,3,0.75,-21.18,471.04,-15.67,471.77
2026-08-08 16:45:25.174,100.0,156.0,156.0,-37.1572,16.5435,-91.3545,24.7,4,1.0,-21.18,471.04,-15.67,471.77
2026-08-08 16:45:25.414,100.0,156.0,156.0,-37.1572,16.5435,-91.3545,24.7,5,1.25,-21.19,471.0,-15.67,471.73
2026-08-08 16:45:28.660,100.0,156.0,150.0,-35.2244,20.3368,-91.3545,23.0,1,0.25,-21.21,471.16,-15.84,471.9
2026-08-08 16:45:28.916,100.0,156.0,150.0,-35.2244,20.3368,-91.3545,23.0,2,0.5,-21.22,471.12,-15.84,471.86
2026-08-08 16:45:29.172,100.0,156.0,150.0,-35.2244,20.3368,-91.3545,23.0,3,0.75,-21.22,471.12,-15.84,471.86
2026-08-08 16:45:29.412,100.0,156.0,150.0,-35.2244,20.3368,-91.3545,23.0,4,1.0,-21.22,471.13,-15.84,471.87
2026-08-08 16:45:29.668,100.0,156.0,150.0,-35.2244,20.3368,-91.3545,23.0,5,1.25,-21.22,471.13,-15.84,471.87
2026-08-08 16:45:32.914,100.0,156.0,144.0,-32.9057,23.9074,-91.3545,22.8,1,0.25,-21.24,471.35,-16.0,472.09
2026-08-08 16:45:33.170,100.0,156.0,144.0,-32.9057,23.9074,-91.3545,22.8,2,0.5,-21.23,471.33,-16.02,472.07
2026-08-08 16:45:33.410,100.0,156.0,144.0,-32.9057,23.9074,-91.3545,22.8,3,0.75,-21.23,471.33,-16.02,472.07
2026-08-08 16:45:33.666,100.0,156.0,144.0,-32.9057,23.9074,-91.3545,22.8,4,1.0,-21.24,471.34,-16.02,472.09
2026-08-08 16:45:33.922,100.0,156.0,144.0,-32.9057,23.9074,-91.3545,22.8,5,1.25,-21.24,471.34,-16.02,472.09
2026-08-08 16:45:37.169,100.0,156.0,138.0,-30.2264,27.216,-91.3545,24.2,1,0.25,-21.36,471.47,-16.05,472.22
2026-08-08 16:45:37.424,100.0,156.0,138.0,-30.2264,27.216,-91.3545,24.2,2,0.5,-21.35,471.47,-16.06,472.22
2026-08-08 16:45:37.664,100.0,156.0,138.0,-30.2264,27.216,-91.3545,24.2,3,0.75,-21.35,471.47,-16.06,472.22
2026-08-08 16:45:37.920,100.0,156.0,138.0,-30.2264,27.216,-91.3545,24.2,4,1.0,-21.35,471.47,-16.06,472.22
2026-08-08 16:45:38.160,100.0,156.0,138.0,-30.2264,27.216,-91.3545,24.2,5,1.25,-21.35,471.47,-16.06,472.22
2026-08-08 16:45:41.423,100.0,156.0,132.0,-27.216,30.2264,-91.3545,22.6,1,0.25,-21.38,471.69,-16.24,472.45
2026-08-08 16:45:41.663,100.0,156.0,132.0,-27.216,30.2264,-91.3545,22.6,2,0.5,-21.38,471.69,-16.24,472.45
2026-08-08 16:45:41.918,100.0,156.0,132.0,-27.216,30.2264,-91.3545,22.6,3,0.75,-21.37,471.67,-16.24,472.43
2026-08-08 16:45:42.174,100.0,156.0,132.0,-27.216,30.2264,-91.3545,22.6,4,1.0,-21.37,471.67,-16.24,472.43
2026-08-08 16:45:42.414,100.0,156.0,132.0,-27.216,30.2264,-91.3545,22.6,5,1.25,-21.37,471.67,-16.24,472.43
2026-08-08 16:45:45.661,100.0,156.0,126.0,-23.9074,32.9057,-91.3545,24.6,1,0.25,-21.51,471.73,-16.43,472.5
2026-08-08 16:45:45.917,100.0,156.0,126.0,-23.9074,32.9057,-91.3545,24.6,2,0.5,-21.51,471.73,-16.43,472.5
2026-08-08 16:45:46.173,100.0,156.0,126.0,-23.9074,32.9057,-91.3545,24.6,3,0.75,-21.51,471.8,-16.42,472.57
2026-08-08 16:45:46.412,100.0,156.0,126.0,-23.9074,32.9057,-91.3545,24.6,4,1.0,-21.51,471.8,-16.42,472.57
2026-08-08 16:45:46.668,100.0,156.0,126.0,-23.9074,32.9057,-91.3545,24.6,5,1.25,-21.52,471.81,-16.42,472.58
2026-08-08 16:45:49.915,100.0,156.0,120.0,-20.3368,35.2244,-91.3545,23.0,1,0.25,-21.51,471.93,-16.38,472.7
2026-08-08 16:45:50.171,100.0,156.0,120.0,-20.3368,35.2244,-91.3545,23.0,2,0.5,-21.51,471.93,-16.38,472.7
2026-08-08 16:45:50.411,100.0,156.0,120.0,-20.3368,35.2244,-91.3545,23.0,3,0.75,-21.52,471.87,-16.38,472.64
2026-08-08 16:45:50.667,100.0,156.0,120.0,-20.3368,35.2244,-91.3545,23.0,4,1.0,-21.52,471.87,-16.38,472.64
2026-08-08 16:45:50.922,100.0,156.0,120.0,-20.3368,35.2244,-91.3545,23.0,5,1.25,-21.53,471.88,-16.37,472.65
2026-08-08 16:45:54.169,100.0,156.0,114.0,-16.5435,37.1572,-91.3545,23.0,1,0.25,-21.65,471.93,-16.49,472.71
2026-08-08 16:45:54.425,100.0,156.0,114.0,-16.5435,37.1572,-91.3545,23.0,2,0.5,-21.66,471.95,-16.49,472.73
2026-08-08 16:45:54.665,100.0,156.0,114.0,-16.5435,37.1572,-91.3545,23.0,3,0.75,-21.66,471.95,-16.49,472.73
2026-08-08 16:45:54.921,100.0,156.0,114.0,-16.5435,37.1572,-91.3545,23.0,4,1.0,-21.65,471.95,-16.49,472.73
2026-08-08 16:45:55.161,100.0,156.0,114.0,-16.5435,37.1572,-91.3545,23.0,5,1.25,-21.65,471.95,-16.49,472.73
2026-08-08 16:45:58.423,100.0,156.0,108.0,-12.5689,38.683,-91.3545,23.4,1,0.25,-21.38,472.09,-16.49,472.86
2026-08-08 16:45:58.663,100.0,156.0,108.0,-12.5689,38.683,-91.3545,23.4,2,0.5,-21.39,472.09,-16.49,472.86
2026-08-08 16:45:58.919,100.0,156.0,108.0,-12.5689,38.683,-91.3545,23.4,3,0.75,-21.39,472.09,-16.49,472.86
2026-08-08 16:45:59.175,100.0,156.0,108.0,-12.5689,38.683,-91.3545,23.4,4,1.0,-21.38,472.1,-16.49,472.87
2026-08-08 16:45:59.415,100.0,156.0,108.0,-12.5689,38.683,-91.3545,23.4,5,1.25,-21.38,472.1,-16.49,472.87
2026-08-08 16:46:02.661,100.0,156.0,102.0,-8.4565,39.7848,-91.3545,23.3,1,0.25,-21.65,472.09,-16.5,472.87
2026-08-08 16:46:02.917,100.0,156.0,102.0,-8.4565,39.7848,-91.3545,23.3,2,0.5,-21.64,472.13,-16.5,472.91
2026-08-08 16:46:03.173,100.0,156.0,102.0,-8.4565,39.7848,-91.3545,23.3,3,0.75,-21.64,472.13,-16.5,472.91
2026-08-08 16:46:03.413,100.0,156.0,102.0,-8.4565,39.7848,-91.3545,23.3,4,1.0,-21.64,472.12,-16.51,472.9
2026-08-08 16:46:03.669,100.0,156.0,102.0,-8.4565,39.7848,-91.3545,23.3,5,1.25,-21.64,472.12,-16.51,472.9
2026-08-08 16:46:07.043,100.0,156.0,96.0,-4.2516,40.4508,-91.3545,22.6,1,0.25,-21.69,472.13,-16.6,472.91
2026-08-08 16:46:07.299,100.0,156.0,96.0,-4.2516,40.4508,-91.3545,22.6,2,0.5,-21.69,472.13,-16.6,472.91
2026-08-08 16:46:07.539,100.0,156.0,96.0,-4.2516,40.4508,-91.3545,22.6,3,0.75,-21.68,472.09,-16.6,472.87
2026-08-08 16:46:07.795,100.0,156.0,96.0,-4.2516,40.4508,-91.3545,22.6,4,1.0,-21.68,472.09,-16.6,472.87
2026-08-08 16:46:08.035,100.0,156.0,96.0,-4.2516,40.4508,-91.3545,22.6,5,1.25,-21.69,472.18,-16.6,472.96
2026-08-08 16:46:13.664,100.0,156.0,90.0,0.0,40.6737,-91.3545,22.9,1,0.25,-21.73,472.09,-16.63,472.88
2026-08-08 16:46:13.920,100.0,156.0,90.0,0.0,40.6737,-91.3545,22.9,2,0.5,-21.73,472.09,-16.63,472.88
2026-08-08 16:46:14.160,100.0,156.0,90.0,0.0,40.6737,-91.3545,22.9,3,0.75,-21.73,472.09,-16.62,472.88
2026-08-08 16:46:14.416,100.0,156.0,90.0,0.0,40.6737,-91.3545,22.9,4,1.0,-21.73,472.09,-16.62,472.88
2026-08-08 16:46:14.672,100.0,156.0,90.0,0.0,40.6737,-91.3545,22.9,5,1.25,-21.71,472.08,-16.62,472.87
2026-08-08 16:46:18.046,100.0,156.0,84.0,4.2516,40.4508,-91.3545,23.6,1,0.25,-21.86,472.09,-16.66,472.88
2026-08-08 16:46:18.286,100.0,156.0,84.0,4.2516,40.4508,-91.3545,23.6,2,0.5,-21.86,472.09,-16.66,472.88
2026-08-08 16:46:18.542,100.0,156.0,84.0,4.2516,40.4508,-91.3545,23.6,3,0.75,-21.85,472.1,-16.67,472.89
2026-08-08 16:46:18.798,100.0,156.0,84.0,4.2516,40.4508,-91.3545,23.6,4,1.0,-21.85,472.1,-16.67,472.89
2026-08-08 16:46:19.038,100.0,156.0,84.0,4.2516,40.4508,-91.3545,23.6,5,1.25,-21.86,472.03,-16.66,472.82
2026-08-08 16:46:22.412,100.0,156.0,78.0,8.4565,39.7848,-91.3545,23.3,1,0.25,-21.83,471.98,-16.64,472.77
2026-08-08 16:46:22.668,100.0,156.0,78.0,8.4565,39.7848,-91.3545,23.3,2,0.5,-21.81,471.94,-16.64,472.73
2026-08-08 16:46:22.924,100.0,156.0,78.0,8.4565,39.7848,-91.3545,23.3,3,0.75,-21.81,471.94,-16.64,472.73
2026-08-08 16:46:23.164,100.0,156.0,78.0,8.4565,39.7848,-91.3545,23.3,4,1.0,-21.82,471.95,-16.64,472.74
2026-08-08 16:46:23.420,100.0,156.0,78.0,8.4565,39.7848,-91.3545,23.3,5,1.25,-21.82,471.95,-16.64,472.74
2026-08-08 16:46:26.666,100.0,156.0,72.0,12.5689,38.683,-91.3545,23.4,1,0.25,-21.9,471.83,-16.68,472.63
2026-08-08 16:46:26.922,100.0,156.0,72.0,12.5689,38.683,-91.3545,23.4,2,0.5,-21.9,471.83,-16.68,472.63
2026-08-08 16:46:27.162,100.0,156.0,72.0,12.5689,38.683,-91.3545,23.4,3,0.75,-21.9,471.87,-16.67,472.67
2026-08-08 16:46:27.418,100.0,156.0,72.0,12.5689,38.683,-91.3545,23.4,4,1.0,-21.9,471.87,-16.67,472.67
2026-08-08 16:46:27.674,100.0,156.0,72.0,12.5689,38.683,-91.3545,23.4,5,1.25,-21.9,471.87,-16.67,472.67
2026-08-08 16:46:30.921,100.0,156.0,66.0,16.5435,37.1572,-91.3545,23.4,1,0.25,-21.88,471.72,-16.79,472.52
2026-08-08 16:46:31.160,100.0,156.0,66.0,16.5435,37.1572,-91.3545,23.4,2,0.5,-21.88,471.72,-16.79,472.52
2026-08-08 16:46:31.416,100.0,156.0,66.0,16.5435,37.1572,-91.3545,23.4,3,0.75,-21.88,471.75,-16.81,472.55
2026-08-08 16:46:31.672,100.0,156.0,66.0,16.5435,37.1572,-91.3545,23.4,4,1.0,-21.88,471.75,-16.81,472.55
2026-08-08 16:46:31.912,100.0,156.0,66.0,16.5435,37.1572,-91.3545,23.4,5,1.25,-21.88,471.71,-16.79,472.51
2026-08-08 16:46:35.159,100.0,156.0,60.0,20.3368,35.2244,-91.3545,23.3,1,0.5,-22.02,471.54,-16.66,472.34
2026-08-08 16:46:35.910,100.0,156.0,60.0,20.3368,35.2244,-91.3545,23.3,2,0.75,-22.02,471.54,-16.66,472.34
2026-08-08 16:46:36.166,100.0,156.0,60.0,20.3368,35.2244,-91.3545,23.3,3,1.0,-22.01,471.55,-16.67,472.35
2026-08-08 16:46:36.422,100.0,156.0,60.0,20.3368,35.2244,-91.3545,23.3,4,1.25,-22.01,471.55,-16.67,472.35
2026-08-08 16:46:36.662,100.0,156.0,60.0,20.3368,35.2244,-91.3545,23.3,5,1.5,-22.02,471.62,-16.68,472.42
2026-08-08 16:46:39.909,100.0,156.0,54.0,23.9074,32.9057,-91.3545,23.2,1,0.5,-21.99,471.46,-16.78,472.27
2026-08-08 16:46:40.660,100.0,156.0,54.0,23.9074,32.9057,-91.3545,23.2,2,0.75,-21.99,471.46,-16.78,472.27
2026-08-08 16:46:40.916,100.0,156.0,54.0,23.9074,32.9057,-91.3545,23.2,3,1.0,-21.99,471.43,-16.8,472.24
2026-08-08 16:46:41.172,100.0,156.0,54.0,23.9074,32.9057,-91.3545,23.2,4,1.25,-21.99,471.43,-16.8,472.24
2026-08-08 16:46:41.412,100.0,156.0,54.0,23.9074,32.9057,-91.3545,23.2,5,1.5,-22.0,471.43,-16.77,472.24
2026-08-08 16:46:44.674,100.0,156.0,48.0,27.216,30.2264,-91.3545,22.8,1,0.25,-22.14,471.33,-16.72,472.14
2026-08-08 16:46:44.914,100.0,156.0,48.0,27.216,30.2264,-91.3545,22.8,2,0.5,-22.13,471.29,-16.7,472.1
2026-08-08 16:46:45.170,100.0,156.0,48.0,27.216,30.2264,-91.3545,22.8,3,0.75,-22.13,471.29,-16.7,472.1
2026-08-08 16:46:45.410,100.0,156.0,48.0,27.216,30.2264,-91.3545,22.8,4,1.0,-22.12,471.29,-16.72,472.1
2026-08-08 16:46:45.666,100.0,156.0,48.0,27.216,30.2264,-91.3545,22.8,5,1.25,-22.12,471.29,-16.72,472.1
2026-08-08 16:46:48.913,100.0,156.0,42.0,30.2264,27.216,-91.3545,23.0,1,0.25,-22.39,471.04,-16.71,471.86
2026-08-08 16:46:49.169,100.0,156.0,42.0,30.2264,27.216,-91.3545,23.0,2,0.5,-22.41,471.05,-16.7,471.87
2026-08-08 16:46:49.424,100.0,156.0,42.0,30.2264,27.216,-91.3545,23.0,3,0.75,-22.41,471.05,-16.7,471.87
2026-08-08 16:46:49.664,100.0,156.0,42.0,30.2264,27.216,-91.3545,23.0,4,1.0,-22.39,471.06,-16.7,471.88
2026-08-08 16:46:49.920,100.0,156.0,42.0,30.2264,27.216,-91.3545,23.0,5,1.25,-22.39,471.06,-16.7,471.88
2026-08-08 16:46:53.167,100.0,156.0,36.0,32.9057,23.9074,-91.3545,22.9,1,0.25,-22.03,470.83,-16.6,471.63
2026-08-08 16:46:53.423,100.0,156.0,36.0,32.9057,23.9074,-91.3545,22.9,2,0.5,-22.04,470.85,-16.61,471.65
2026-08-08 16:46:53.663,100.0,156.0,36.0,32.9057,23.9074,-91.3545,22.9,3,0.75,-22.04,470.85,-16.61,471.65
2026-08-08 16:46:53.918,100.0,156.0,36.0,32.9057,23.9074,-91.3545,22.9,4,1.0,-22.04,470.88,-16.62,471.68
2026-08-08 16:46:54.174,100.0,156.0,36.0,32.9057,23.9074,-91.3545,22.9,5,1.25,-22.04,470.88,-16.62,471.68
2026-08-08 16:46:57.421,100.0,156.0,30.0,35.2244,20.3368,-91.3545,24.4,1,0.25,-22.21,470.78,-16.63,471.59
2026-08-08 16:46:57.661,100.0,156.0,30.0,35.2244,20.3368,-91.3545,24.4,2,0.5,-22.21,470.78,-16.63,471.59
2026-08-08 16:46:57.917,100.0,156.0,30.0,35.2244,20.3368,-91.3545,24.4,3,0.75,-22.21,470.76,-16.64,471.57
2026-08-08 16:46:58.173,100.0,156.0,30.0,35.2244,20.3368,-91.3545,24.4,4,1.0,-22.21,470.76,-16.64,471.57
2026-08-08 16:46:58.412,100.0,156.0,30.0,35.2244,20.3368,-91.3545,24.4,5,1.25,-22.2,470.77,-16.64,471.58
2026-08-08 16:47:01.659,100.0,156.0,24.0,37.1572,16.5435,-91.3545,22.9,1,0.25,-21.7,470.67,-16.36,471.45
2026-08-08 16:47:01.915,100.0,156.0,24.0,37.1572,16.5435,-91.3545,22.9,2,0.5,-21.7,470.67,-16.36,471.45
2026-08-08 16:47:02.171,100.0,156.0,24.0,37.1572,16.5435,-91.3545,22.9,3,0.75,-21.71,470.64,-16.36,471.42
2026-08-08 16:47:02.411,100.0,156.0,24.0,37.1572,16.5435,-91.3545,22.9,4,1.0,-21.71,470.64,-16.36,471.42
2026-08-08 16:47:02.666,100.0,156.0,24.0,37.1572,16.5435,-91.3545,22.9,5,1.25,-21.72,470.68,-16.35,471.46
2026-08-08 16:47:05.913,100.0,156.0,18.0,38.683,12.5689,-91.3545,23.0,1,0.25,-21.57,470.42,-16.25,471.19
2026-08-08 16:47:06.169,100.0,156.0,18.0,38.683,12.5689,-91.3545,23.0,2,0.5,-21.57,470.42,-16.25,471.19
2026-08-08 16:47:06.409,100.0,156.0,18.0,38.683,12.5689,-91.3545,23.0,3,0.75,-21.57,470.4,-16.23,471.17
2026-08-08 16:47:06.665,100.0,156.0,18.0,38.683,12.5689,-91.3545,23.0,4,1.0,-21.57,470.4,-16.23,471.17
2026-08-08 16:47:06.921,100.0,156.0,18.0,38.683,12.5689,-91.3545,23.0,5,1.25,-21.57,470.4,-16.23,471.17
2026-08-08 16:47:10.167,100.0,156.0,12.0,39.7848,8.4565,-91.3545,23.5,1,0.25,-21.58,470.27,-16.03,471.03
2026-08-08 16:47:10.423,100.0,156.0,12.0,39.7848,8.4565,-91.3545,23.5,2,0.5,-21.57,470.23,-16.03,470.99
2026-08-08 16:47:10.663,100.0,156.0,12.0,39.7848,8.4565,-91.3545,23.5,3,0.75,-21.57,470.23,-16.03,470.99
2026-08-08 16:47:10.919,100.0,156.0,12.0,39.7848,8.4565,-91.3545,23.5,4,1.0,-21.6,470.31,-16.05,471.07
2026-08-08 16:47:11.159,100.0,156.0,12.0,39.7848,8.4565,-91.3545,23.5,5,1.25,-21.6,470.31,-16.05,471.07
2026-08-08 16:47:14.421,100.0,156.0,6.0,40.4508,4.2516,-91.3545,23.5,1,0.25,-21.72,470.22,-15.86,470.98
2026-08-08 16:47:14.661,100.0,156.0,6.0,40.4508,4.2516,-91.3545,23.5,2,0.5,-21.73,470.21,-15.85,470.97
2026-08-08 16:47:14.917,100.0,156.0,6.0,40.4508,4.2516,-91.3545,23.5,3,0.75,-21.73,470.21,-15.85,470.97
2026-08-08 16:47:15.173,100.0,156.0,6.0,40.4508,4.2516,-91.3545,23.5,4,1.0,-21.73,470.28,-15.84,471.04
2026-08-08 16:47:15.413,100.0,156.0,6.0,40.4508,4.2516,-91.3545,23.5,5,1.25,-21.73,470.28,-15.84,471.04
2026-08-08 16:47:18.787,100.0,156.0,0.0,40.6737,0.0,-91.3545,23.7,1,0.25,-21.68,470.18,-15.68,470.94
2026-08-08 16:47:19.043,100.0,156.0,0.0,40.6737,0.0,-91.3545,23.7,2,0.5,-21.68,470.18,-15.68,470.94
2026-08-08 16:47:19.299,100.0,156.0,0.0,40.6737,0.0,-91.3545,23.7,3,0.75,-21.68,470.24,-15.67,471.0
2026-08-08 16:47:19.539,100.0,156.0,0.0,40.6737,0.0,-91.3545,23.7,4,1.0,-21.68,470.24,-15.67,471.0
2026-08-08 16:47:19.795,100.0,156.0,0.0,40.6737,0.0,-91.3545,23.7,5,1.25,-21.69,470.24,-15.67,471.0
2026-08-08 16:47:23.665,100.0,162.0,0.0,30.9017,0.0,-95.1057,23.6,1,0.25,-21.78,470.44,-15.52,471.19
2026-08-08 16:47:23.921,100.0,162.0,0.0,30.9017,0.0,-95.1057,23.6,2,0.5,-21.78,470.44,-15.52,471.19
2026-08-08 16:47:24.161,100.0,162.0,0.0,30.9017,0.0,-95.1057,23.6,3,0.75,-21.78,470.46,-15.53,471.21
2026-08-08 16:47:24.417,100.0,162.0,0.0,30.9017,0.0,-95.1057,23.6,4,1.0,-21.78,470.46,-15.53,471.21
2026-08-08 16:47:24.673,100.0,162.0,0.0,30.9017,0.0,-95.1057,23.6,5,1.25,-21.77,470.42,-15.52,471.17
2026-08-08 16:47:27.919,100.0,162.0,6.0,30.7324,3.2301,-95.1057,23.2,1,0.25,-21.75,470.44,-15.57,471.19
2026-08-08 16:47:28.159,100.0,162.0,6.0,30.7324,3.2301,-95.1057,23.2,2,0.5,-21.75,470.43,-15.58,471.19
2026-08-08 16:47:28.415,100.0,162.0,6.0,30.7324,3.2301,-95.1057,23.2,3,0.75,-21.75,470.43,-15.58,471.19
2026-08-08 16:47:28.671,100.0,162.0,6.0,30.7324,3.2301,-95.1057,23.2,4,1.0,-21.75,470.44,-15.59,471.2
2026-08-08 16:47:28.911,100.0,162.0,6.0,30.7324,3.2301,-95.1057,23.2,5,1.25,-21.75,470.44,-15.59,471.2
2026-08-08 16:47:32.173,100.0,162.0,12.0,30.2264,6.4248,-95.1057,22.9,1,0.25,-21.54,470.48,-15.59,471.23
2026-08-08 16:47:32.413,100.0,162.0,12.0,30.2264,6.4248,-95.1057,22.9,2,0.5,-21.55,470.45,-15.6,471.2
2026-08-08 16:47:32.669,100.0,162.0,12.0,30.2264,6.4248,-95.1057,22.9,3,0.75,-21.55,470.45,-15.6,471.2
2026-08-08 16:47:32.909,100.0,162.0,12.0,30.2264,6.4248,-95.1057,22.9,4,1.0,-21.55,470.49,-15.6,471.24
2026-08-08 16:47:33.165,100.0,162.0,12.0,30.2264,6.4248,-95.1057,22.9,5,1.25,-21.55,470.49,-15.6,471.24
2026-08-08 16:47:36.411,100.0,162.0,18.0,29.3893,9.5492,-95.1057,22.8,1,0.25,-21.48,470.64,-15.78,471.39
2026-08-08 16:47:36.667,100.0,162.0,18.0,29.3893,9.5492,-95.1057,22.8,2,0.5,-21.5,470.61,-15.76,471.36
2026-08-08 16:47:36.923,100.0,162.0,18.0,29.3893,9.5492,-95.1057,22.8,3,0.75,-21.5,470.61,-15.76,471.36
2026-08-08 16:47:37.163,100.0,162.0,18.0,29.3893,9.5492,-95.1057,22.8,4,1.0,-21.49,470.64,-15.77,471.39
2026-08-08 16:47:37.419,100.0,162.0,18.0,29.3893,9.5492,-95.1057,22.8,5,1.25,-21.49,470.64,-15.77,471.39
2026-08-08 16:47:42.530,100.0,162.0,24.0,28.2301,12.5689,-95.1057,23.0,1,1.5,-21.58,470.66,-15.92,471.42
2026-08-08 16:47:45.047,100.0,162.0,24.0,28.2301,12.5689,-95.1057,23.0,2,1.75,-21.58,470.66,-15.92,471.42
2026-08-08 16:47:45.287,100.0,162.0,24.0,28.2301,12.5689,-95.1057,23.0,3,2.0,-21.58,470.69,-15.95,471.45
2026-08-08 16:47:45.543,100.0,162.0,24.0,28.2301,12.5689,-95.1057,23.0,4,2.25,-21.58,470.69,-15.95,471.45
2026-08-08 16:47:45.799,100.0,162.0,24.0,28.2301,12.5689,-95.1057,23.0,5,2.5,-21.56,470.72,-15.94,471.48
2026-08-08 16:47:48.918,100.0,162.0,30.0,26.7617,15.4508,-95.1057,22.6,1,0.25,-21.49,470.8,-15.86,471.55
2026-08-08 16:47:49.174,100.0,162.0,30.0,26.7617,15.4508,-95.1057,22.6,2,0.5,-21.49,470.8,-15.86,471.55
2026-08-08 16:47:49.414,100.0,162.0,30.0,26.7617,15.4508,-95.1057,22.6,3,0.75,-21.49,470.8,-15.86,471.55
2026-08-08 16:47:49.669,100.0,162.0,30.0,26.7617,15.4508,-95.1057,22.6,4,1.0,-21.48,470.78,-15.85,471.53
2026-08-08 16:47:49.909,100.0,162.0,30.0,26.7617,15.4508,-95.1057,22.6,5,1.25,-21.48,470.78,-15.85,471.53
2026-08-08 16:47:53.044,100.0,162.0,36.0,25.0,18.1636,-95.1057,22.8,1,0.25,-21.66,470.92,-15.96,471.68
2026-08-08 16:47:53.284,100.0,162.0,36.0,25.0,18.1636,-95.1057,22.8,2,0.5,-21.66,471.0,-15.96,471.76
2026-08-08 16:47:55.795,100.0,162.0,36.0,25.0,18.1636,-95.1057,22.8,3,0.75,-21.67,471.0,-15.93,471.76
2026-08-08 16:47:56.035,100.0,162.0,36.0,25.0,18.1636,-95.1057,22.8,4,1.0,-21.67,471.0,-15.94,471.76
2026-08-08 16:47:58.545,100.0,162.0,36.0,25.0,18.1636,-95.1057,22.8,5,1.25,-21.67,471.0,-15.94,471.76
2026-08-08 16:48:01.664,100.0,162.0,42.0,22.9644,20.6773,-95.1057,23.0,1,0.25,-21.65,471.14,-16.17,471.91
2026-08-08 16:48:01.920,100.0,162.0,42.0,22.9644,20.6773,-95.1057,23.0,2,0.5,-21.66,471.16,-16.16,471.93
2026-08-08 16:48:02.160,100.0,162.0,42.0,22.9644,20.6773,-95.1057,23.0,3,0.75,-21.66,471.16,-16.16,471.93
2026-08-08 16:48:02.416,100.0,162.0,42.0,22.9644,20.6773,-95.1057,23.0,4,1.0,-21.66,471.16,-16.16,471.93
2026-08-08 16:48:02.672,100.0,162.0,42.0,22.9644,20.6773,-95.1057,23.0,5,1.25,-21.67,471.15,-16.16,471.92
2026-08-08 16:48:05.790,100.0,162.0,48.0,20.6773,22.9644,-95.1057,23.0,1,0.25,-21.71,471.27,-15.96,472.03
2026-08-08 16:48:06.046,100.0,162.0,48.0,20.6773,22.9644,-95.1057,23.0,2,0.5,-21.71,471.27,-15.96,472.03
2026-08-08 16:48:06.286,100.0,162.0,48.0,20.6773,22.9644,-95.1057,23.0,3,0.75,-21.7,471.22,-15.97,471.98
2026-08-08 16:48:06.542,100.0,162.0,48.0,20.6773,22.9644,-95.1057,23.0,4,1.0,-21.7,471.22,-15.97,471.98
2026-08-08 16:48:06.798,100.0,162.0,48.0,20.6773,22.9644,-95.1057,23.0,5,1.25,-21.69,471.25,-15.98,472.01
2026-08-08 16:48:09.916,100.0,162.0,54.0,18.1636,25.0,-95.1057,22.9,1,0.25,-21.65,471.39,-16.07,472.16
2026-08-08 16:48:10.172,100.0,162.0,54.0,18.1636,25.0,-95.1057,22.9,2,0.5,-21.65,471.39,-16.07,472.16
2026-08-08 16:48:10.412,100.0,162.0,54.0,18.1636,25.0,-95.1057,22.9,3,0.75,-21.66,471.32,-16.06,472.09
2026-08-08 16:48:10.668,100.0,162.0,54.0,18.1636,25.0,-95.1057,22.9,4,1.0,-21.66,471.32,-16.06,472.09
2026-08-08 16:48:10.924,100.0,162.0,54.0,18.1636,25.0,-95.1057,22.9,5,1.25,-21.65,471.35,-16.06,472.12
2026-08-08 16:48:14.042,100.0,162.0,60.0,15.4508,26.7617,-95.1057,22.8,1,0.25,-21.82,471.52,-15.93,472.29
2026-08-08 16:48:14.298,100.0,162.0,60.0,15.4508,26.7617,-95.1057,22.8,2,0.5,-21.82,471.52,-15.93,472.29
2026-08-08 16:48:14.538,100.0,162.0,60.0,15.4508,26.7617,-95.1057,22.8,3,0.75,-21.83,471.48,-15.94,472.25
2026-08-08 16:48:14.794,100.0,162.0,60.0,15.4508,26.7617,-95.1057,22.8,4,1.0,-21.83,471.48,-15.94,472.25
2026-08-08 16:48:15.034,100.0,162.0,60.0,15.4508,26.7617,-95.1057,22.8,5,1.25,-21.82,471.49,-15.94,472.26
2026-08-08 16:48:20.424,100.0,162.0,66.0,12.5689,28.2301,-95.1057,23.7,1,0.25,-21.82,471.56,-15.98,472.33
2026-08-08 16:48:20.663,100.0,162.0,66.0,12.5689,28.2301,-95.1057,23.7,2,0.5,-21.83,471.58,-16.0,472.35
2026-08-08 16:48:20.919,100.0,162.0,66.0,12.5689,28.2301,-95.1057,23.7,3,0.75,-21.83,471.58,-16.0,472.35
2026-08-08 16:48:21.159,100.0,162.0,66.0,12.5689,28.2301,-95.1057,23.7,4,1.0,-21.82,471.56,-16.0,472.33
2026-08-08 16:48:21.415,100.0,162.0,66.0,12.5689,28.2301,-95.1057,23.7,5,1.25,-21.82,471.56,-16.0,472.33
2026-08-08 16:48:24.662,100.0,162.0,72.0,9.5492,29.3893,-95.1057,23.4,1,0.25,-22.02,471.71,-15.98,472.49
2026-08-08 16:48:24.918,100.0,162.0,72.0,9.5492,29.3893,-95.1057,23.4,2,0.5,-22.0,471.7,-15.98,472.48
2026-08-08 16:48:25.173,100.0,162.0,72.0,9.5492,29.3893,-95.1057,23.4,3,0.75,-22.0,471.7,-15.98,472.48
2026-08-08 16:48:25.413,100.0,162.0,72.0,9.5492,29.3893,-95.1057,23.4,4,1.0,-22.0,471.65,-15.99,472.43
2026-08-08 16:48:25.669,100.0,162.0,72.0,9.5492,29.3893,-95.1057,23.4,5,1.25,-22.0,471.65,-15.99,472.43
2026-08-08 16:48:28.916,100.0,162.0,78.0,6.4248,30.2264,-95.1057,23.7,1,0.25,-21.84,471.76,-15.94,472.53
2026-08-08 16:48:29.172,100.0,162.0,78.0,6.4248,30.2264,-95.1057,23.7,2,0.5,-21.84,471.71,-15.92,472.48
2026-08-08 16:48:29.412,100.0,162.0,78.0,6.4248,30.2264,-95.1057,23.7,3,0.75,-21.84,471.71,-15.92,472.48
2026-08-08 16:48:29.667,100.0,162.0,78.0,6.4248,30.2264,-95.1057,23.7,4,1.0,-21.84,471.75,-15.93,472.52
2026-08-08 16:48:29.923,100.0,162.0,78.0,6.4248,30.2264,-95.1057,23.7,5,1.25,-21.84,471.75,-15.93,472.52
2026-08-08 16:48:33.170,100.0,162.0,84.0,3.2301,30.7324,-95.1057,22.6,1,0.25,-21.84,471.74,-15.82,472.51
2026-08-08 16:48:33.410,100.0,162.0,84.0,3.2301,30.7324,-95.1057,22.6,2,0.5,-21.84,471.74,-15.82,472.51
2026-08-08 16:48:33.666,100.0,162.0,84.0,3.2301,30.7324,-95.1057,22.6,3,0.75,-21.84,471.73,-15.82,472.5
2026-08-08 16:48:33.922,100.0,162.0,84.0,3.2301,30.7324,-95.1057,22.6,4,1.0,-21.84,471.73,-15.82,472.5
2026-08-08 16:48:34.161,100.0,162.0,84.0,3.2301,30.7324,-95.1057,22.6,5,1.25,-21.84,471.76,-15.84,472.53
2026-08-08 16:48:37.408,100.0,162.0,90.0,0.0,30.9017,-95.1057,23.9,1,0.25,-21.96,471.79,-15.87,472.56
2026-08-08 16:48:37.664,100.0,162.0,90.0,0.0,30.9017,-95.1057,23.9,2,0.5,-21.96,471.79,-15.87,472.56
2026-08-08 16:48:37.920,100.0,162.0,90.0,0.0,30.9017,-95.1057,23.9,3,0.75,-21.96,471.74,-15.87,472.51
2026-08-08 16:48:38.160,100.0,162.0,90.0,0.0,30.9017,-95.1057,23.9,4,1.0,-21.96,471.74,-15.87,472.51
2026-08-08 16:48:38.416,100.0,162.0,90.0,0.0,30.9017,-95.1057,23.9,5,1.25,-21.96,471.74,-15.87,472.51
2026-08-08 16:48:41.662,100.0,162.0,96.0,-3.2301,30.7324,-95.1057,24.1,1,0.25,-21.91,471.81,-15.77,472.58
2026-08-08 16:48:41.918,100.0,162.0,96.0,-3.2301,30.7324,-95.1057,24.1,2,0.5,-21.91,471.81,-15.77,472.58
2026-08-08 16:48:42.158,100.0,162.0,96.0,-3.2301,30.7324,-95.1057,24.1,3,0.75,-21.92,471.77,-15.77,472.54
2026-08-08 16:48:42.414,100.0,162.0,96.0,-3.2301,30.7324,-95.1057,24.1,4,1.0,-21.92,471.77,-15.77,472.54
2026-08-08 16:48:42.670,100.0,162.0,96.0,-3.2301,30.7324,-95.1057,24.1,5,1.25,-21.92,471.8,-15.76,472.57
2026-08-08 16:48:45.916,100.0,162.0,102.0,-6.4248,30.2264,-95.1057,23.4,1,0.25,-21.75,471.85,-15.79,472.61
2026-08-08 16:48:46.172,100.0,162.0,102.0,-6.4248,30.2264,-95.1057,23.4,2,0.5,-21.76,471.83,-15.78,472.59
2026-08-08 16:48:46.412,100.0,162.0,102.0,-6.4248,30.2264,-95.1057,23.4,3,0.75,-21.76,471.83,-15.78,472.59
2026-08-08 16:48:46.668,100.0,162.0,102.0,-6.4248,30.2264,-95.1057,23.4,4,1.0,-21.77,471.86,-15.78,472.62
2026-08-08 16:48:46.908,100.0,162.0,102.0,-6.4248,30.2264,-95.1057,23.4,5,1.25,-21.77,471.86,-15.78,472.62
2026-08-08 16:48:50.170,100.0,162.0,108.0,-9.5492,29.3893,-95.1057,22.6,1,0.25,-21.85,471.76,-15.8,472.52
2026-08-08 16:48:50.410,100.0,162.0,108.0,-9.5492,29.3893,-95.1057,22.6,2,0.5,-21.84,471.76,-15.8,472.52
2026-08-08 16:48:50.666,100.0,162.0,108.0,-9.5492,29.3893,-95.1057,22.6,3,0.75,-21.84,471.76,-15.8,472.52
2026-08-08 16:48:50.922,100.0,162.0,108.0,-9.5492,29.3893,-95.1057,22.6,4,1.0,-21.86,471.76,-15.81,472.53
2026-08-08 16:48:51.162,100.0,162.0,108.0,-9.5492,29.3893,-95.1057,22.6,5,1.25,-21.86,471.76,-15.81,472.53
2026-08-08 16:48:54.409,100.0,162.0,114.0,-12.5689,28.2301,-95.1057,22.6,1,0.25,-21.82,471.69,-15.72,472.45
2026-08-08 16:48:54.664,100.0,162.0,114.0,-12.5689,28.2301,-95.1057,22.6,2,0.5,-21.83,471.69,-15.74,472.45
2026-08-08 16:48:54.920,100.0,162.0,114.0,-12.5689,28.2301,-95.1057,22.6,3,0.75,-21.83,471.69,-15.74,472.45
2026-08-08 16:48:55.160,100.0,162.0,114.0,-12.5689,28.2301,-95.1057,22.6,4,1.0,-21.81,471.72,-15.74,472.48
2026-08-08 16:48:55.416,100.0,162.0,114.0,-12.5689,28.2301,-95.1057,22.6,5,1.25,-21.81,471.72,-15.74,472.48
2026-08-08 16:49:00.530,100.0,162.0,120.0,-15.4508,26.7617,-95.1057,23.0,1,1.5,-21.98,471.7,-15.71,472.47
2026-08-08 16:49:00.662,100.0,162.0,120.0,-15.4508,26.7617,-95.1057,23.0,2,1.75,-21.98,471.7,-15.71,472.47
2026-08-08 16:49:00.918,100.0,162.0,120.0,-15.4508,26.7617,-95.1057,23.0,3,2.0,-21.97,471.7,-15.72,472.47
2026-08-08 16:49:01.174,100.0,162.0,120.0,-15.4508,26.7617,-95.1057,23.0,4,2.25,-21.97,471.7,-15.72,472.47
2026-08-08 16:49:01.413,100.0,162.0,120.0,-15.4508,26.7617,-95.1057,23.0,5,2.5,-21.98,471.65,-15.71,472.42
2026-08-08 16:49:04.548,100.0,162.0,126.0,-18.1636,25.0,-95.1057,23.0,1,0.25,-21.91,471.6,-15.78,472.37
2026-08-08 16:49:04.788,100.0,162.0,126.0,-18.1636,25.0,-95.1057,23.0,2,0.5,-21.91,471.6,-15.78,472.37
2026-08-08 16:49:05.044,100.0,162.0,126.0,-18.1636,25.0,-95.1057,23.0,3,0.75,-21.91,471.57,-15.79,472.34
2026-08-08 16:49:05.284,100.0,162.0,126.0,-18.1636,25.0,-95.1057,23.0,4,1.0,-21.92,471.54,-15.77,472.31
2026-08-08 16:49:07.795,100.0,162.0,126.0,-18.1636,25.0,-95.1057,23.0,5,1.25,-21.92,471.54,-15.77,472.31
2026-08-08 16:49:10.913,100.0,162.0,132.0,-20.6773,22.9644,-95.1057,23.4,1,0.25,-21.88,471.44,-15.58,472.2
2026-08-08 16:49:11.169,100.0,162.0,132.0,-20.6773,22.9644,-95.1057,23.4,2,0.5,-21.88,471.47,-15.58,472.23
2026-08-08 16:49:11.409,100.0,162.0,132.0,-20.6773,22.9644,-95.1057,23.4,3,0.75,-21.88,471.47,-15.58,472.23
2026-08-08 16:49:11.665,100.0,162.0,132.0,-20.6773,22.9644,-95.1057,23.4,4,1.0,-21.86,471.47,-15.59,472.23
2026-08-08 16:49:11.921,100.0,162.0,132.0,-20.6773,22.9644,-95.1057,23.4,5,1.25,-21.86,471.47,-15.59,472.23
2026-08-08 16:49:15.039,100.0,162.0,138.0,-22.9644,20.6773,-95.1057,23.2,1,0.25,-21.82,471.33,-15.59,472.09
2026-08-08 16:49:15.295,100.0,162.0,138.0,-22.9644,20.6773,-95.1057,23.2,2,0.5,-21.83,471.32,-15.58,472.08
2026-08-08 16:49:15.535,100.0,162.0,138.0,-22.9644,20.6773,-95.1057,23.2,3,0.75,-21.83,471.32,-15.58,472.08
2026-08-08 16:49:15.791,100.0,162.0,138.0,-22.9644,20.6773,-95.1057,23.2,4,1.0,-21.83,471.36,-15.58,472.12
2026-08-08 16:49:16.047,100.0,162.0,138.0,-22.9644,20.6773,-95.1057,23.2,5,1.25,-21.83,471.36,-15.58,472.12
2026-08-08 16:49:19.166,100.0,162.0,144.0,-25.0,18.1636,-95.1057,22.3,1,0.25,-21.87,471.19,-15.46,471.95
2026-08-08 16:49:19.421,100.0,162.0,144.0,-25.0,18.1636,-95.1057,22.3,2,0.5,-21.87,471.19,-15.46,471.95
2026-08-08 16:49:19.661,100.0,162.0,144.0,-25.0,18.1636,-95.1057,22.3,3,0.75,-21.86,471.22,-15.45,471.97
2026-08-08 16:49:19.917,100.0,162.0,144.0,-25.0,18.1636,-95.1057,22.3,4,1.0,-21.86,471.22,-15.45,471.97
2026-08-08 16:49:20.173,100.0,162.0,144.0,-25.0,18.1636,-95.1057,22.3,5,1.25,-21.87,471.2,-15.46,471.96
2026-08-08 16:49:23.292,100.0,162.0,150.0,-26.7617,15.4508,-95.1057,23.0,1,0.25,-21.96,471.14,-15.36,471.9
2026-08-08 16:49:23.548,100.0,162.0,150.0,-26.7617,15.4508,-95.1057,23.0,2,0.5,-21.96,471.14,-15.36,471.9
2026-08-08 16:49:23.787,100.0,162.0,150.0,-26.7617,15.4508,-95.1057,23.0,3,0.75,-21.96,471.14,-15.37,471.9
2026-08-08 16:49:24.043,100.0,162.0,150.0,-26.7617,15.4508,-95.1057,23.0,4,1.0,-21.96,471.14,-15.37,471.9
2026-08-08 16:49:24.283,100.0,162.0,150.0,-26.7617,15.4508,-95.1057,23.0,5,1.25,-21.95,471.11,-15.36,471.87
2026-08-08 16:49:29.673,100.0,162.0,156.0,-28.2301,12.5689,-95.1057,22.2,1,0.25,-21.85,470.96,-15.39,471.71
2026-08-08 16:49:29.913,100.0,162.0,156.0,-28.2301,12.5689,-95.1057,22.2,2,0.5,-21.84,470.93,-15.4,471.68
2026-08-08 16:49:30.169,100.0,162.0,156.0,-28.2301,12.5689,-95.1057,22.2,3,0.75,-21.84,470.93,-15.4,471.68
2026-08-08 16:49:30.409,100.0,162.0,156.0,-28.2301,12.5689,-95.1057,22.2,4,1.0,-21.84,470.9,-15.4,471.65
2026-08-08 16:49:30.664,100.0,162.0,156.0,-28.2301,12.5689,-95.1057,22.2,5,1.25,-21.84,470.9,-15.4,471.65
2026-08-08 16:49:33.911,100.0,162.0,162.0,-29.3893,9.5492,-95.1057,22.8,1,0.25,-21.74,470.87,-15.21,471.61
2026-08-08 16:49:34.167,100.0,162.0,162.0,-29.3893,9.5492,-95.1057,22.8,2,0.5,-21.74,470.93,-15.22,471.67
2026-08-08 16:49:34.423,100.0,162.0,162.0,-29.3893,9.5492,-95.1057,22.8,3,0.75,-21.74,470.93,-15.22,471.67
2026-08-08 16:49:34.663,100.0,162.0,162.0,-29.3893,9.5492,-95.1057,22.8,4,1.0,-21.75,470.81,-15.21,471.55
2026-08-08 16:49:34.919,100.0,162.0,162.0,-29.3893,9.5492,-95.1057,22.8,5,1.25,-21.75,470.81,-15.21,471.55
2026-08-08 16:49:38.165,100.0,162.0,168.0,-30.2264,6.4248,-95.1057,23.4,1,0.25,-21.53,470.79,-14.98,471.52
2026-08-08 16:49:38.421,100.0,162.0,168.0,-30.2264,6.4248,-95.1057,23.4,2,0.5,-21.53,470.79,-14.98,471.52
2026-08-08 16:49:38.661,100.0,162.0,168.0,-30.2264,6.4248,-95.1057,23.4,3,0.75,-21.53,470.79,-14.98,471.52
2026-08-08 16:49:38.917,100.0,162.0,168.0,-30.2264,6.4248,-95.1057,23.4,4,1.0,-21.53,470.8,-14.98,471.53
2026-08-08 16:49:39.173,100.0,162.0,168.0,-30.2264,6.4248,-95.1057,23.4,5,1.25,-21.53,470.8,-14.98,471.53
2026-08-08 16:49:42.419,100.0,162.0,174.0,-30.7324,3.2301,-95.1057,22.9,1,0.25,-21.59,470.64,-14.81,471.36
2026-08-08 16:49:42.659,100.0,162.0,174.0,-30.7324,3.2301,-95.1057,22.9,2,0.5,-21.59,470.64,-14.81,471.36
2026-08-08 16:49:42.915,100.0,162.0,174.0,-30.7324,3.2301,-95.1057,22.9,3,0.75,-21.59,470.64,-14.8,471.36
2026-08-08 16:49:43.171,100.0,162.0,174.0,-30.7324,3.2301,-95.1057,22.9,4,1.0,-21.59,470.64,-14.8,471.36
2026-08-08 16:49:43.411,100.0,162.0,174.0,-30.7324,3.2301,-95.1057,22.9,5,1.25,-21.58,470.64,-14.82,471.36
2026-08-08 16:49:46.657,100.0,162.0,180.0,-30.9017,0.0,-95.1057,23.5,1,0.5,-21.84,470.57,-14.88,471.31
2026-08-08 16:49:47.409,100.0,162.0,180.0,-30.9017,0.0,-95.1057,23.5,2,0.75,-21.84,470.57,-14.88,471.31
2026-08-08 16:49:47.665,100.0,162.0,180.0,-30.9017,0.0,-95.1057,23.5,3,1.0,-21.84,470.54,-14.89,471.28
2026-08-08 16:49:47.921,100.0,162.0,180.0,-30.9017,0.0,-95.1057,23.5,4,1.25,-21.84,470.54,-14.89,471.28
2026-08-08 16:49:48.161,100.0,162.0,180.0,-30.9017,0.0,-95.1057,23.5,5,1.5,-21.84,470.53,-14.87,471.27
2026-08-08 16:49:51.423,100.0,162.0,186.0,-30.7324,-3.2301,-95.1057,23.1,1,0.25,-21.69,470.42,-14.69,471.14
2026-08-08 16:49:51.663,100.0,162.0,186.0,-30.7324,-3.2301,-95.1057,23.1,2,0.5,-21.69,470.42,-14.69,471.14
2026-08-08 16:49:51.919,100.0,162.0,186.0,-30.7324,-3.2301,-95.1057,23.1,3,0.75,-21.7,470.42,-14.7,471.14
2026-08-08 16:49:52.159,100.0,162.0,186.0,-30.7324,-3.2301,-95.1057,23.1,4,1.0,-21.7,470.42,-14.7,471.14
2026-08-08 16:49:52.415,100.0,162.0,186.0,-30.7324,-3.2301,-95.1057,23.1,5,1.25,-21.67,470.44,-14.68,471.16
2026-08-08 16:49:55.661,100.0,162.0,192.0,-30.2264,-6.4248,-95.1057,22.3,1,0.25,-21.78,470.34,-14.61,471.07
2026-08-08 16:49:55.917,100.0,162.0,192.0,-30.2264,-6.4248,-95.1057,22.3,2,0.5,-21.79,470.33,-14.6,471.06
2026-08-08 16:49:56.173,100.0,162.0,192.0,-30.2264,-6.4248,-95.1057,22.3,3,0.75,-21.79,470.33,-14.6,471.06
2026-08-08 16:49:56.413,100.0,162.0,192.0,-30.2264,-6.4248,-95.1057,22.3,4,1.0,-21.78,470.28,-14.59,471.01
2026-08-08 16:49:56.669,100.0,162.0,192.0,-30.2264,-6.4248,-95.1057,22.3,5,1.25,-21.78,470.28,-14.59,471.01
2026-08-08 16:49:59.915,100.0,162.0,198.0,-29.3893,-9.5492,-95.1057,24.1,1,0.25,-21.98,470.31,-14.6,471.04
2026-08-08 16:50:00.171,100.0,162.0,198.0,-29.3893,-9.5492,-95.1057,24.1,2,0.5,-21.98,470.3,-14.6,471.03
2026-08-08 16:50:00.411,100.0,162.0,198.0,-29.3893,-9.5492,-95.1057,24.1,3,0.75,-21.98,470.3,-14.6,471.03
2026-08-08 16:50:00.667,100.0,162.0,198.0,-29.3893,-9.5492,-95.1057,24.1,4,1.0,-21.97,470.34,-14.6,471.07
2026-08-08 16:50:00.923,100.0,162.0,198.0,-29.3893,-9.5492,-95.1057,24.1,5,1.25,-21.97,470.34,-14.6,471.07
2026-08-08 16:50:04.170,100.0,162.0,204.0,-28.2301,-12.5689,-95.1057,23.0,1,0.25,-21.75,470.31,-14.63,471.03
2026-08-08 16:50:04.410,100.0,162.0,204.0,-28.2301,-12.5689,-95.1057,23.0,2,0.5,-21.75,470.33,-14.63,471.05
2026-08-08 16:50:04.665,100.0,162.0,204.0,-28.2301,-12.5689,-95.1057,23.0,3,0.75,-21.75,470.33,-14.63,471.05
2026-08-08 16:50:04.921,100.0,162.0,204.0,-28.2301,-12.5689,-95.1057,23.0,4,1.0,-21.75,470.29,-14.62,471.01
2026-08-08 16:50:05.161,100.0,162.0,204.0,-28.2301,-12.5689,-95.1057,23.0,5,1.25,-21.75,470.29,-14.62,471.01
2026-08-08 16:50:08.296,100.0,162.0,210.0,-26.7617,-15.4508,-95.1057,23.7,1,0.25,-21.59,470.44,-14.67,471.16
2026-08-08 16:50:08.536,100.0,162.0,210.0,-26.7617,-15.4508,-95.1057,23.7,2,0.5,-21.58,470.43,-14.68,471.15
2026-08-08 16:50:08.791,100.0,162.0,210.0,-26.7617,-15.4508,-95.1057,23.7,3,0.75,-21.58,470.43,-14.68,471.15
2026-08-08 16:50:09.047,100.0,162.0,210.0,-26.7617,-15.4508,-95.1057,23.7,4,1.0,-21.57,470.42,-14.68,471.14
2026-08-08 16:50:09.287,100.0,162.0,210.0,-26.7617,-15.4508,-95.1057,23.7,5,1.25,-21.57,470.42,-14.68,471.14
2026-08-08 16:50:12.422,100.0,162.0,216.0,-25.0,-18.1636,-95.1057,23.0,1,0.25,-21.68,470.43,-14.69,471.15
2026-08-08 16:50:12.662,100.0,162.0,216.0,-25.0,-18.1636,-95.1057,23.0,2,0.5,-21.68,470.43,-14.68,471.15
2026-08-08 16:50:12.918,100.0,162.0,216.0,-25.0,-18.1636,-95.1057,23.0,3,0.75,-21.68,470.43,-14.68,471.15
2026-08-08 16:50:13.158,100.0,162.0,216.0,-25.0,-18.1636,-95.1057,23.0,4,1.0,-21.69,470.41,-14.69,471.13
2026-08-08 16:50:13.414,100.0,162.0,216.0,-25.0,-18.1636,-95.1057,23.0,5,1.25,-21.69,470.41,-14.69,471.13
2026-08-08 16:50:16.548,100.0,162.0,222.0,-22.9644,-20.6773,-95.1057,24.2,1,0.25,-21.58,470.39,-14.63,471.11
2026-08-08 16:50:16.788,100.0,162.0,222.0,-22.9644,-20.6773,-95.1057,24.2,2,0.5,-21.58,470.39,-14.63,471.11
2026-08-08 16:50:17.044,100.0,162.0,222.0,-22.9644,-20.6773,-95.1057,24.2,3,0.75,-21.58,470.39,-14.63,471.11
2026-08-08 16:50:17.284,100.0,162.0,222.0,-22.9644,-20.6773,-95.1057,24.2,4,1.0,-21.58,470.38,-14.61,471.1
2026-08-08 16:50:19.795,100.0,162.0,222.0,-22.9644,-20.6773,-95.1057,24.2,5,1.25,-21.58,470.38,-14.61,471.1
2026-08-08 16:50:22.913,100.0,162.0,228.0,-20.6773,-22.9644,-95.1057,24.2,1,0.25,-21.58,470.44,-14.66,471.16
2026-08-08 16:50:23.169,100.0,162.0,228.0,-20.6773,-22.9644,-95.1057,24.2,2,0.5,-21.58,470.44,-14.66,471.16
2026-08-08 16:50:23.409,100.0,162.0,228.0,-20.6773,-22.9644,-95.1057,24.2,3,0.75,-21.58,470.44,-14.66,471.16
2026-08-08 16:50:23.665,100.0,162.0,228.0,-20.6773,-22.9644,-95.1057,24.2,4,1.0,-21.58,470.45,-14.66,471.17
2026-08-08 16:50:23.921,100.0,162.0,228.0,-20.6773,-22.9644,-95.1057,24.2,5,1.25,-21.58,470.45,-14.66,471.17
2026-08-08 16:50:27.039,100.0,162.0,234.0,-18.1636,-25.0,-95.1057,22.2,1,0.25,-21.61,470.46,-14.67,471.18
2026-08-08 16:50:27.295,100.0,162.0,234.0,-18.1636,-25.0,-95.1057,22.2,2,0.5,-21.61,470.42,-14.65,471.14
2026-08-08 16:50:27.535,100.0,162.0,234.0,-18.1636,-25.0,-95.1057,22.2,3,0.75,-21.61,470.42,-14.65,471.14
2026-08-08 16:50:27.791,100.0,162.0,234.0,-18.1636,-25.0,-95.1057,22.2,4,1.0,-21.62,470.44,-14.66,471.16
2026-08-08 16:50:28.047,100.0,162.0,234.0,-18.1636,-25.0,-95.1057,22.2,5,1.25,-21.62,470.44,-14.66,471.16
2026-08-08 16:50:31.165,100.0,162.0,240.0,-15.4508,-26.7617,-95.1057,23.4,1,0.25,-21.44,470.48,-14.63,471.19
2026-08-08 16:50:31.421,100.0,162.0,240.0,-15.4508,-26.7617,-95.1057,23.4,2,0.5,-21.44,470.5,-14.63,471.21
2026-08-08 16:50:31.661,100.0,162.0,240.0,-15.4508,-26.7617,-95.1057,23.4,3,0.75,-21.44,470.5,-14.63,471.21
2026-08-08 16:50:31.917,100.0,162.0,240.0,-15.4508,-26.7617,-95.1057,23.4,4,1.0,-21.44,470.52,-14.63,471.23
2026-08-08 16:50:32.157,100.0,162.0,240.0,-15.4508,-26.7617,-95.1057,23.4,5,1.25,-21.44,470.52,-14.63,471.23
2026-08-08 16:50:35.292,100.0,162.0,246.0,-12.5689,-28.2301,-95.1057,23.8,1,0.25,-21.53,470.56,-14.6,471.27
2026-08-08 16:50:35.548,100.0,162.0,246.0,-12.5689,-28.2301,-95.1057,23.8,2,0.5,-21.52,470.58,-14.6,471.29
2026-08-08 16:50:35.787,100.0,162.0,246.0,-12.5689,-28.2301,-95.1057,23.8,3,0.75,-21.52,470.58,-14.6,471.29
2026-08-08 16:50:36.043,100.0,162.0,246.0,-12.5689,-28.2301,-95.1057,23.8,4,1.0,-21.52,470.56,-14.61,471.27
2026-08-08 16:50:36.283,100.0,162.0,246.0,-12.5689,-28.2301,-95.1057,23.8,5,1.25,-21.52,470.56,-14.61,471.27
2026-08-08 16:50:41.785,100.0,162.0,252.0,-9.5492,-29.3893,-95.1057,24.1,1,0.25,-21.79,470.63,-14.71,471.36
2026-08-08 16:50:42.041,100.0,162.0,252.0,-9.5492,-29.3893,-95.1057,24.1,2,0.5,-21.79,470.63,-14.71,471.36
2026-08-08 16:50:42.297,100.0,162.0,252.0,-9.5492,-29.3893,-95.1057,24.1,3,0.75,-21.79,470.64,-14.71,471.37
2026-08-08 16:50:42.537,100.0,162.0,252.0,-9.5492,-29.3893,-95.1057,24.1,4,1.0,-21.79,470.64,-14.71,471.37
2026-08-08 16:50:42.792,100.0,162.0,252.0,-9.5492,-29.3893,-95.1057,24.1,5,1.25,-21.78,470.59,-14.72,471.32
2026-08-08 16:50:46.039,100.0,162.0,258.0,-6.4248,-30.2264,-95.1057,22.5,1,0.25,-21.77,470.64,-14.81,471.37
2026-08-08 16:50:46.295,100.0,162.0,258.0,-6.4248,-30.2264,-95.1057,22.5,2,0.5,-21.77,470.64,-14.81,471.37
2026-08-08 16:50:46.535,100.0,162.0,258.0,-6.4248,-30.2264,-95.1057,22.5,3,0.75,-21.76,470.59,-14.81,471.32
2026-08-08 16:50:46.791,100.0,162.0,258.0,-6.4248,-30.2264,-95.1057,22.5,4,1.0,-21.76,470.59,-14.81,471.32
2026-08-08 16:50:47.046,100.0,162.0,258.0,-6.4248,-30.2264,-95.1057,22.5,5,1.25,-21.75,470.62,-14.81,471.35
2026-08-08 16:50:50.293,100.0,162.0,264.0,-3.2301,-30.7324,-95.1057,22.4,1,0.25,-21.8,470.68,-14.83,471.41
2026-08-08 16:50:50.533,100.0,162.0,264.0,-3.2301,-30.7324,-95.1057,22.4,2,0.5,-21.8,470.64,-14.83,471.37
2026-08-08 16:50:53.044,100.0,162.0,264.0,-3.2301,-30.7324,-95.1057,22.4,3,0.75,-21.8,470.64,-14.83,471.37
2026-08-08 16:50:53.284,100.0,162.0,264.0,-3.2301,-30.7324,-95.1057,22.4,4,1.0,-21.79,470.6,-14.85,471.33
2026-08-08 16:50:53.540,100.0,162.0,264.0,-3.2301,-30.7324,-95.1057,22.4,5,1.25,-21.79,470.6,-14.85,471.33
2026-08-08 16:50:56.786,100.0,162.0,270.0,-0.0,-30.9017,-95.1057,23.0,1,0.25,-21.96,470.66,-14.95,471.4
2026-08-08 16:50:57.042,100.0,162.0,270.0,-0.0,-30.9017,-95.1057,23.0,2,0.5,-21.96,470.66,-14.95,471.4
2026-08-08 16:50:57.282,100.0,162.0,270.0,-0.0,-30.9017,-95.1057,23.0,3,0.75,-21.95,470.63,-14.94,471.37
2026-08-08 16:50:59.793,100.0,162.0,270.0,-0.0,-30.9017,-95.1057,23.0,4,1.0,-21.95,470.63,-14.94,471.37
2026-08-08 16:51:00.033,100.0,162.0,270.0,-0.0,-30.9017,-95.1057,23.0,5,1.25,-21.95,470.62,-14.96,471.36
2026-08-08 16:51:05.534,100.0,162.0,276.0,3.2301,-30.7324,-95.1057,23.6,1,0.25,-21.77,470.6,-14.91,471.33
2026-08-08 16:51:05.790,100.0,162.0,276.0,3.2301,-30.7324,-95.1057,23.6,2,0.5,-21.77,470.62,-14.91,471.35
2026-08-08 16:51:06.046,100.0,162.0,276.0,3.2301,-30.7324,-95.1057,23.6,3,0.75,-21.77,470.62,-14.91,471.35
2026-08-08 16:51:06.286,100.0,162.0,276.0,3.2301,-30.7324,-95.1057,23.6,4,1.0,-21.79,470.66,-14.91,471.39
2026-08-08 16:51:06.542,100.0,162.0,276.0,3.2301,-30.7324,-95.1057,23.6,5,1.25,-21.79,470.66,-14.91,471.39
2026-08-08 16:51:09.788,100.0,162.0,282.0,6.4248,-30.2264,-95.1057,,1,0.25,-21.76,470.67,-14.96,471.41
2026-08-08 16:51:10.044,100.0,162.0,282.0,6.4248,-30.2264,-95.1057,,2,0.5,-21.76,470.67,-14.96,471.41
2026-08-08 16:51:10.284,100.0,162.0,282.0,6.4248,-30.2264,-95.1057,,3,0.75,-21.76,470.68,-14.98,471.42
2026-08-08 16:51:10.540,100.0,162.0,282.0,6.4248,-30.2264,-95.1057,,4,1.0,-21.76,470.68,-14.98,471.42
2026-08-08 16:51:10.796,100.0,162.0,282.0,6.4248,-30.2264,-95.1057,,5,1.25,-21.77,470.63,-14.98,471.37
2026-08-08 16:51:14.042,100.0,162.0,288.0,9.5492,-29.3893,-95.1057,23.8,1,0.25,-21.86,470.65,-14.93,471.39
2026-08-08 16:51:14.282,100.0,162.0,288.0,9.5492,-29.3893,-95.1057,23.8,2,0.5,-21.88,470.65,-14.94,471.39
2026-08-08 16:51:16.793,100.0,162.0,288.0,9.5492,-29.3893,-95.1057,23.8,3,0.75,-21.88,470.65,-14.94,471.39
2026-08-08 16:51:17.033,100.0,162.0,288.0,9.5492,-29.3893,-95.1057,23.8,4,1.0,-21.87,470.68,-14.95,471.42
2026-08-08 16:51:19.544,100.0,162.0,288.0,9.5492,-29.3893,-95.1057,23.8,5,1.25,-21.87,470.68,-14.95,471.42
2026-08-08 16:51:22.790,100.0,162.0,294.0,12.5689,-28.2301,-95.1057,23.1,1,0.25,-21.64,470.68,-14.99,471.41
2026-08-08 16:51:23.046,100.0,162.0,294.0,12.5689,-28.2301,-95.1057,23.1,2,0.5,-21.64,470.68,-14.99,471.41
2026-08-08 16:51:23.286,100.0,162.0,294.0,12.5689,-28.2301,-95.1057,23.1,3,0.75,-21.64,470.65,-15.0,471.38
2026-08-08 16:51:23.542,100.0,162.0,294.0,12.5689,-28.2301,-95.1057,23.1,4,1.0,-21.64,470.65,-15.0,471.38
2026-08-08 16:51:23.782,100.0,162.0,294.0,12.5689,-28.2301,-95.1057,23.1,5,1.25,-21.64,470.61,-15.01,471.34
2026-08-08 16:51:29.172,100.0,162.0,300.0,15.4508,-26.7617,-95.1057,22.7,1,0.25,-21.64,470.62,-15.1,471.35
2026-08-08 16:51:29.411,100.0,162.0,300.0,15.4508,-26.7617,-95.1057,22.7,2,0.5,-21.64,470.62,-15.1,471.35
2026-08-08 16:51:29.667,100.0,162.0,300.0,15.4508,-26.7617,-95.1057,22.7,3,0.75,-21.63,470.59,-15.1,471.32
2026-08-08 16:51:29.907,100.0,162.0,300.0,15.4508,-26.7617,-95.1057,22.7,4,1.0,-21.63,470.59,-15.1,471.32
2026-08-08 16:51:30.163,100.0,162.0,300.0,15.4508,-26.7617,-95.1057,22.7,5,1.25,-21.63,470.62,-15.09,471.35
2026-08-08 16:51:33.282,100.0,162.0,306.0,18.1636,-25.0,-95.1057,23.6,1,0.25,-21.59,470.62,-15.03,471.35
2026-08-08 16:51:35.793,100.0,162.0,306.0,18.1636,-25.0,-95.1057,23.6,2,0.5,-21.59,470.61,-15.02,471.34
2026-08-08 16:51:36.032,100.0,162.0,306.0,18.1636,-25.0,-95.1057,23.6,3,0.75,-21.59,470.67,-15.04,471.4
2026-08-08 16:51:38.543,100.0,162.0,306.0,18.1636,-25.0,-95.1057,23.6,4,1.0,-21.59,470.67,-15.04,471.4
2026-08-08 16:51:38.783,100.0,162.0,306.0,18.1636,-25.0,-95.1057,23.6,5,1.25,-21.59,470.67,-15.04,471.4
2026-08-08 16:51:41.918,100.0,162.0,312.0,20.6773,-22.9644,-95.1057,24.4,1,0.25,-21.67,470.6,-15.21,471.34
2026-08-08 16:51:42.158,100.0,162.0,312.0,20.6773,-22.9644,-95.1057,24.4,2,0.5,-21.68,470.53,-15.21,471.27
2026-08-08 16:51:42.414,100.0,162.0,312.0,20.6773,-22.9644,-95.1057,24.4,3,0.75,-21.68,470.53,-15.21,471.27
2026-08-08 16:51:42.669,100.0,162.0,312.0,20.6773,-22.9644,-95.1057,24.4,4,1.0,-21.66,470.48,-15.2,471.22
2026-08-08 16:51:42.909,100.0,162.0,312.0,20.6773,-22.9644,-95.1057,24.4,5,1.25,-21.66,470.48,-15.2,471.22
2026-08-08 16:51:46.044,100.0,162.0,318.0,22.9644,-20.6773,-95.1057,24.1,1,0.25,-21.45,470.51,-15.21,471.24
2026-08-08 16:51:46.284,100.0,162.0,318.0,22.9644,-20.6773,-95.1057,24.1,2,0.5,-21.45,470.5,-15.2,471.23
2026-08-08 16:51:46.540,100.0,162.0,318.0,22.9644,-20.6773,-95.1057,24.1,3,0.75,-21.45,470.5,-15.2,471.23
2026-08-08 16:51:46.796,100.0,162.0,318.0,22.9644,-20.6773,-95.1057,24.1,4,1.0,-21.45,470.5,-15.2,471.23
2026-08-08 16:51:47.036,100.0,162.0,318.0,22.9644,-20.6773,-95.1057,24.1,5,1.25,-21.45,470.5,-15.2,471.23
2026-08-08 16:51:50.170,100.0,162.0,324.0,25.0,-18.1636,-95.1057,22.4,1,0.25,-21.44,470.41,-15.24,471.14
2026-08-08 16:51:50.410,100.0,162.0,324.0,25.0,-18.1636,-95.1057,22.4,2,0.5,-21.44,470.41,-15.25,471.14
2026-08-08 16:51:50.666,100.0,162.0,324.0,25.0,-18.1636,-95.1057,22.4,3,0.75,-21.44,470.41,-15.25,471.14
2026-08-08 16:51:50.922,100.0,162.0,324.0,25.0,-18.1636,-95.1057,22.4,4,1.0,-21.45,470.4,-15.23,471.13
2026-08-08 16:51:51.162,100.0,162.0,324.0,25.0,-18.1636,-95.1057,22.4,5,1.25,-21.45,470.4,-15.23,471.13
2026-08-08 16:51:54.296,100.0,162.0,330.0,26.7617,-15.4508,-95.1057,23.8,1,0.25,-21.47,470.37,-15.37,471.11
2026-08-08 16:51:54.536,100.0,162.0,330.0,26.7617,-15.4508,-95.1057,23.8,2,0.5,-21.48,470.38,-15.37,471.12
2026-08-08 16:51:54.792,100.0,162.0,330.0,26.7617,-15.4508,-95.1057,23.8,3,0.75,-21.48,470.38,-15.37,471.12
2026-08-08 16:51:55.032,100.0,162.0,330.0,26.7617,-15.4508,-95.1057,23.8,4,1.0,-21.48,470.36,-15.37,471.1
2026-08-08 16:51:57.543,100.0,162.0,330.0,26.7617,-15.4508,-95.1057,23.8,5,1.25,-21.48,470.36,-15.37,471.1
2026-08-08 16:52:00.661,100.0,162.0,336.0,28.2301,-12.5689,-95.1057,22.6,1,0.25,-21.46,470.32,-15.36,471.05
2026-08-08 16:52:00.917,100.0,162.0,336.0,28.2301,-12.5689,-95.1057,22.6,2,0.5,-21.46,470.32,-15.36,471.05
2026-08-08 16:52:01.157,100.0,162.0,336.0,28.2301,-12.5689,-95.1057,22.6,3,0.75,-21.46,470.32,-15.36,471.05
2026-08-08 16:52:01.413,100.0,162.0,336.0,28.2301,-12.5689,-95.1057,22.6,4,1.0,-21.47,470.32,-15.37,471.06
2026-08-08 16:52:01.669,100.0,162.0,336.0,28.2301,-12.5689,-95.1057,22.6,5,1.25,-21.47,470.32,-15.37,471.06
2026-08-08 16:52:06.780,100.0,162.0,342.0,29.3893,-9.5492,-95.1057,23.6,1,1.5,-21.44,470.37,-15.38,471.1
2026-08-08 16:52:06.915,100.0,162.0,342.0,29.3893,-9.5492,-95.1057,23.6,2,1.75,-21.46,470.38,-15.38,471.12
2026-08-08 16:52:07.170,100.0,162.0,342.0,29.3893,-9.5492,-95.1057,23.6,3,2.0,-21.46,470.38,-15.38,471.12
2026-08-08 16:52:07.410,100.0,162.0,342.0,29.3893,-9.5492,-95.1057,23.6,4,2.25,-21.46,470.38,-15.38,471.12
2026-08-08 16:52:07.666,100.0,162.0,342.0,29.3893,-9.5492,-95.1057,23.6,5,2.5,-21.45,470.37,-15.39,471.11
2026-08-08 16:52:10.913,100.0,162.0,348.0,30.2264,-6.4248,-95.1057,23.0,1,0.25,-21.58,470.31,-15.51,471.06
2026-08-08 16:52:11.169,100.0,162.0,348.0,30.2264,-6.4248,-95.1057,23.0,2,0.5,-21.59,470.31,-15.52,471.06
2026-08-08 16:52:11.409,100.0,162.0,348.0,30.2264,-6.4248,-95.1057,23.0,3,0.75,-21.59,470.31,-15.52,471.06
2026-08-08 16:52:11.664,100.0,162.0,348.0,30.2264,-6.4248,-95.1057,23.0,4,1.0,-21.58,470.33,-15.51,471.08
2026-08-08 16:52:11.920,100.0,162.0,348.0,30.2264,-6.4248,-95.1057,23.0,5,1.25,-21.58,470.33,-15.51,471.08
2026-08-08 16:52:15.167,100.0,162.0,354.0,30.7324,-3.2301,-95.1057,23.0,1,0.25,-21.69,470.38,-15.57,471.13
2026-08-08 16:52:15.407,100.0,162.0,354.0,30.7324,-3.2301,-95.1057,23.0,2,0.5,-21.69,470.38,-15.57,471.13
2026-08-08 16:52:15.663,100.0,162.0,354.0,30.7324,-3.2301,-95.1057,23.0,3,0.75,-21.69,470.38,-15.57,471.13
2026-08-08 16:52:15.919,100.0,162.0,354.0,30.7324,-3.2301,-95.1057,23.0,4,1.0,-21.69,470.38,-15.57,471.13
2026-08-08 16:52:16.159,100.0,162.0,354.0,30.7324,-3.2301,-95.1057,23.0,5,1.25,-21.69,470.38,-15.57,471.13
2026-08-08 16:52:20.045,100.0,168.0,354.0,20.6773,-2.1733,-97.8148,23.5,1,0.25,-21.79,470.52,-15.38,471.27
2026-08-08 16:52:20.285,100.0,168.0,354.0,20.6773,-2.1733,-97.8148,23.5,2,0.5,-21.79,470.52,-15.38,471.27
2026-08-08 16:52:20.541,100.0,168.0,354.0,20.6773,-2.1733,-97.8148,23.5,3,0.75,-21.78,470.56,-15.37,471.31
2026-08-08 16:52:20.796,100.0,168.0,354.0,20.6773,-2.1733,-97.8148,23.5,4,1.0,-21.78,470.56,-15.37,471.31
2026-08-08 16:52:21.036,100.0,168.0,354.0,20.6773,-2.1733,-97.8148,23.5,5,1.25,-21.77,470.57,-15.38,471.32
2026-08-08 16:52:24.171,100.0,168.0,348.0,20.3368,-4.3227,-97.8148,22.1,1,0.25,-21.63,470.5,-15.34,471.24
2026-08-08 16:52:24.411,100.0,168.0,348.0,20.3368,-4.3227,-97.8148,22.1,2,0.5,-21.63,470.5,-15.34,471.24
2026-08-08 16:52:24.667,100.0,168.0,348.0,20.3368,-4.3227,-97.8148,22.1,3,0.75,-21.64,470.47,-15.33,471.21
2026-08-08 16:52:24.907,100.0,168.0,348.0,20.3368,-4.3227,-97.8148,22.1,4,1.0,-21.64,470.47,-15.33,471.21
2026-08-08 16:52:25.163,100.0,168.0,348.0,20.3368,-4.3227,-97.8148,22.1,5,1.25,-21.64,470.5,-15.33,471.24
2026-08-08 16:52:28.297,100.0,168.0,342.0,19.7736,-6.4248,-97.8148,23.5,1,0.25,-21.69,470.41,-15.34,471.15
2026-08-08 16:52:28.537,100.0,168.0,342.0,19.7736,-6.4248,-97.8148,23.5,2,0.5,-21.69,470.41,-15.34,471.15
2026-08-08 16:52:28.793,100.0,168.0,342.0,19.7736,-6.4248,-97.8148,23.5,3,0.75,-21.69,470.37,-15.35,471.11
2026-08-08 16:52:29.033,100.0,168.0,342.0,19.7736,-6.4248,-97.8148,23.5,4,1.0,-21.69,470.39,-15.33,471.13
2026-08-08 16:52:31.544,100.0,168.0,342.0,19.7736,-6.4248,-97.8148,23.5,5,1.25,-21.69,470.41,-15.33,471.15
2026-08-08 16:52:34.662,100.0,168.0,336.0,18.9937,-8.4565,-97.8148,23.1,1,0.25,-21.41,470.42,-15.28,471.15
2026-08-08 16:52:34.918,100.0,168.0,336.0,18.9937,-8.4565,-97.8148,23.1,2,0.5,-21.41,470.42,-15.28,471.15
2026-08-08 16:52:35.158,100.0,168.0,336.0,18.9937,-8.4565,-97.8148,23.1,3,0.75,-21.42,470.42,-15.28,471.15
2026-08-08 16:52:35.414,100.0,168.0,336.0,18.9937,-8.4565,-97.8148,23.1,4,1.0,-21.42,470.42,-15.28,471.15
2026-08-08 16:52:35.670,100.0,168.0,336.0,18.9937,-8.4565,-97.8148,23.1,5,1.25,-21.42,470.4,-15.28,471.13
2026-08-08 16:52:38.788,100.0,168.0,330.0,18.0057,-10.3956,-97.8148,23.5,1,0.25,-21.51,470.42,-15.22,471.15
2026-08-08 16:52:39.044,100.0,168.0,330.0,18.0057,-10.3956,-97.8148,23.5,2,0.5,-21.51,470.42,-15.22,471.15
2026-08-08 16:52:39.284,100.0,168.0,330.0,18.0057,-10.3956,-97.8148,23.5,3,0.75,-21.5,470.42,-15.21,471.15
2026-08-08 16:52:39.540,100.0,168.0,330.0,18.0057,-10.3956,-97.8148,23.5,4,1.0,-21.5,470.42,-15.21,471.15
2026-08-08 16:52:39.796,100.0,168.0,330.0,18.0057,-10.3956,-97.8148,23.5,5,1.25,-21.5,470.46,-15.21,471.19
2026-08-08 16:52:42.915,100.0,168.0,324.0,16.8204,-12.2207,-97.8148,25.9,1,0.25,-21.41,470.5,-15.31,471.23
2026-08-08 16:52:43.170,100.0,168.0,324.0,16.8204,-12.2207,-97.8148,25.9,2,0.5,-21.41,470.5,-15.31,471.23
2026-08-08 16:52:43.410,100.0,168.0,324.0,16.8204,-12.2207,-97.8148,25.9,3,0.75,-21.4,470.51,-15.31,471.24
2026-08-08 16:52:43.666,100.0,168.0,324.0,16.8204,-12.2207,-97.8148,25.9,4,1.0,-21.4,470.51,-15.31,471.24
2026-08-08 16:52:43.906,100.0,168.0,324.0,16.8204,-12.2207,-97.8148,25.9,5,1.25,-21.45,470.49,-15.32,471.22
2026-08-08 16:52:46.913,100.0,168.0,318.0,15.4508,-13.912,-97.8148,24.4,1,0.25,-21.54,470.47,-15.23,471.2
2026-08-08 16:52:47.169,100.0,168.0,318.0,15.4508,-13.912,-97.8148,24.4,2,0.5,-21.54,470.44,-15.22,471.17
2026-08-08 16:52:47.409,100.0,168.0,318.0,15.4508,-13.912,-97.8148,24.4,3,0.75,-21.54,470.44,-15.22,471.17
2026-08-08 16:52:47.664,100.0,168.0,318.0,15.4508,-13.912,-97.8148,24.4,4,1.0,-21.54,470.49,-15.24,471.22
2026-08-08 16:52:47.920,100.0,168.0,318.0,15.4508,-13.912,-97.8148,24.4,5,1.25,-21.54,470.49,-15.24,471.22
2026-08-08 16:52:50.911,100.0,168.0,312.0,13.912,-15.4508,-97.8148,23.8,1,0.25,-21.76,470.52,-15.35,471.27
2026-08-08 16:52:51.167,100.0,168.0,312.0,13.912,-15.4508,-97.8148,23.8,2,0.5,-21.75,470.46,-15.33,471.21
2026-08-08 16:52:51.407,100.0,168.0,312.0,13.912,-15.4508,-97.8148,23.8,3,0.75,-21.75,470.46,-15.33,471.21
2026-08-08 16:52:51.663,100.0,168.0,312.0,13.912,-15.4508,-97.8148,23.8,4,1.0,-21.75,470.46,-15.33,471.21
2026-08-08 16:52:51.919,100.0,168.0,312.0,13.912,-15.4508,-97.8148,23.8,5,1.25,-21.73,470.46,-15.34,471.21
2026-08-08 16:52:54.909,100.0,168.0,306.0,12.2207,-16.8204,-97.8148,23.6,1,0.25,-21.84,470.54,-15.27,471.29
2026-08-08 16:52:55.165,100.0,168.0,306.0,12.2207,-16.8204,-97.8148,23.6,2,0.5,-21.84,470.54,-15.27,471.29
2026-08-08 16:52:55.421,100.0,168.0,306.0,12.2207,-16.8204,-97.8148,23.6,3,0.75,-21.84,470.57,-15.26,471.32
2026-08-08 16:52:55.661,100.0,168.0,306.0,12.2207,-16.8204,-97.8148,23.6,4,1.0,-21.84,470.57,-15.26,471.32
2026-08-08 16:52:55.917,100.0,168.0,306.0,12.2207,-16.8204,-97.8148,23.6,5,1.25,-21.86,470.56,-15.27,471.31
2026-08-08 16:52:59.035,100.0,168.0,300.0,10.3956,-18.0057,-97.8148,22.9,1,0.25,-21.71,470.46,-15.21,471.2
2026-08-08 16:52:59.291,100.0,168.0,300.0,10.3956,-18.0057,-97.8148,22.9,2,0.5,-21.71,470.46,-15.21,471.2
2026-08-08 16:52:59.531,100.0,168.0,300.0,10.3956,-18.0057,-97.8148,22.9,3,0.75,-21.7,470.5,-15.21,471.24
2026-08-08 16:53:02.042,100.0,168.0,300.0,10.3956,-18.0057,-97.8148,22.9,4,1.0,-21.7,470.5,-15.21,471.24
2026-08-08 16:53:02.282,100.0,168.0,300.0,10.3956,-18.0057,-97.8148,22.9,5,1.25,-21.72,470.54,-15.22,471.28
2026-08-08 16:53:07.671,100.0,168.0,294.0,8.4565,-18.9937,-97.8148,23.2,1,0.25,-21.65,470.5,-15.25,471.24
2026-08-08 16:53:07.911,100.0,168.0,294.0,8.4565,-18.9937,-97.8148,23.2,2,0.5,-21.65,470.54,-15.24,471.28
2026-08-08 16:53:08.167,100.0,168.0,294.0,8.4565,-18.9937,-97.8148,23.2,3,0.75,-21.65,470.54,-15.24,471.28
2026-08-08 16:53:08.407,100.0,168.0,294.0,8.4565,-18.9937,-97.8148,23.2,4,1.0,-21.64,470.53,-15.25,471.27
2026-08-08 16:53:08.663,100.0,168.0,294.0,8.4565,-18.9937,-97.8148,23.2,5,1.25,-21.64,470.53,-15.25,471.27
2026-08-08 16:53:11.782,100.0,168.0,288.0,6.4248,-19.7736,-97.8148,23.1,1,0.25,-21.76,470.48,-15.23,471.22
2026-08-08 16:53:14.293,100.0,168.0,288.0,6.4248,-19.7736,-97.8148,23.1,2,0.5,-21.76,470.48,-15.23,471.22
2026-08-08 16:53:14.533,100.0,168.0,288.0,6.4248,-19.7736,-97.8148,23.1,3,0.75,-21.77,470.49,-15.24,471.23
2026-08-08 16:53:14.788,100.0,168.0,288.0,6.4248,-19.7736,-97.8148,23.1,4,1.0,-21.77,470.49,-15.24,471.23
2026-08-08 16:53:15.044,100.0,168.0,288.0,6.4248,-19.7736,-97.8148,23.1,5,1.25,-21.77,470.49,-15.24,471.23
2026-08-08 16:53:18.163,100.0,168.0,282.0,4.3227,-20.3368,-97.8148,24.3,1,0.25,-21.71,470.47,-15.06,471.21
2026-08-08 16:53:18.419,100.0,168.0,282.0,4.3227,-20.3368,-97.8148,24.3,2,0.5,-21.69,470.43,-15.07,471.17
2026-08-08 16:53:18.659,100.0,168.0,282.0,4.3227,-20.3368,-97.8148,24.3,3,0.75,-21.69,470.43,-15.07,471.17
2026-08-08 16:53:18.915,100.0,168.0,282.0,4.3227,-20.3368,-97.8148,24.3,4,1.0,-21.7,470.49,-15.07,471.23
2026-08-08 16:53:19.170,100.0,168.0,282.0,4.3227,-20.3368,-97.8148,24.3,5,1.25,-21.7,470.49,-15.07,471.23
2026-08-08 16:53:22.289,100.0,168.0,276.0,2.1733,-20.6773,-97.8148,,1,0.25,-21.78,470.56,-15.05,471.3
2026-08-08 16:53:22.545,100.0,168.0,276.0,2.1733,-20.6773,-97.8148,,2,0.5,-21.78,470.56,-15.05,471.3
2026-08-08 16:53:22.785,100.0,168.0,276.0,2.1733,-20.6773,-97.8148,,3,0.75,-21.78,470.56,-15.05,471.3
2026-08-08 16:53:23.041,100.0,168.0,276.0,2.1733,-20.6773,-97.8148,,4,1.0,-21.78,470.59,-15.05,471.33
2026-08-08 16:53:23.297,100.0,168.0,276.0,2.1733,-20.6773,-97.8148,,5,1.25,-21.78,470.59,-15.05,471.33
2026-08-08 16:53:26.415,100.0,168.0,270.0,-0.0,-20.7912,-97.8148,23.8,1,0.25,-21.82,470.6,-15.03,471.34
2026-08-08 16:53:26.671,100.0,168.0,270.0,-0.0,-20.7912,-97.8148,23.8,2,0.5,-21.82,470.59,-15.02,471.33
2026-08-08 16:53:26.911,100.0,168.0,270.0,-0.0,-20.7912,-97.8148,23.8,3,0.75,-21.82,470.59,-15.02,471.33
2026-08-08 16:53:27.167,100.0,168.0,270.0,-0.0,-20.7912,-97.8148,23.8,4,1.0,-21.84,470.59,-15.02,471.33
2026-08-08 16:53:27.407,100.0,168.0,270.0,-0.0,-20.7912,-97.8148,23.8,5,1.25,-21.84,470.59,-15.02,471.33
2026-08-08 16:53:30.541,100.0,168.0,264.0,-2.1733,-20.6773,-97.8148,23.8,1,0.25,-21.76,470.61,-14.94,471.34
2026-08-08 16:53:30.781,100.0,168.0,264.0,-2.1733,-20.6773,-97.8148,23.8,2,0.5,-21.76,470.54,-14.96,471.28
2026-08-08 16:53:33.292,100.0,168.0,264.0,-2.1733,-20.6773,-97.8148,23.8,3,0.75,-21.75,470.53,-14.97,471.27
2026-08-08 16:53:33.532,100.0,168.0,264.0,-2.1733,-20.6773,-97.8148,23.8,4,1.0,-21.76,470.54,-14.96,471.28
2026-08-08 16:53:36.043,100.0,168.0,264.0,-2.1733,-20.6773,-97.8148,23.8,5,1.25,-21.75,470.58,-14.96,471.31
2026-08-08 16:53:39.162,100.0,168.0,258.0,-4.3227,-20.3368,-97.8148,23.6,1,0.25,-21.68,470.45,-14.92,471.18
2026-08-08 16:53:39.417,100.0,168.0,258.0,-4.3227,-20.3368,-97.8148,23.6,2,0.5,-21.68,470.45,-14.92,471.18
2026-08-08 16:53:39.657,100.0,168.0,258.0,-4.3227,-20.3368,-97.8148,23.6,3,0.75,-21.68,470.41,-14.91,471.14
2026-08-08 16:53:39.913,100.0,168.0,258.0,-4.3227,-20.3368,-97.8148,23.6,4,1.0,-21.68,470.41,-14.91,471.14
2026-08-08 16:53:40.169,100.0,168.0,258.0,-4.3227,-20.3368,-97.8148,23.6,5,1.25,-21.67,470.41,-14.9,471.14
2026-08-08 16:53:43.288,100.0,168.0,252.0,-6.4248,-19.7736,-97.8148,23.2,1,0.25,-21.73,470.53,-14.92,471.26
2026-08-08 16:53:43.544,100.0,168.0,252.0,-6.4248,-19.7736,-97.8148,23.2,2,0.5,-21.73,470.53,-14.92,471.26
2026-08-08 16:53:43.784,100.0,168.0,252.0,-6.4248,-19.7736,-97.8148,23.2,3,0.75,-21.73,470.55,-14.93,471.28
2026-08-08 16:53:44.039,100.0,168.0,252.0,-6.4248,-19.7736,-97.8148,23.2,4,1.0,-21.73,470.55,-14.93,471.28
2026-08-08 16:53:44.295,100.0,168.0,252.0,-6.4248,-19.7736,-97.8148,23.2,5,1.25,-21.74,470.51,-14.93,471.24
2026-08-08 16:53:47.414,100.0,168.0,246.0,-8.4565,-18.9937,-97.8148,23.4,1,0.25,-21.56,470.39,-14.85,471.11
2026-08-08 16:53:47.670,100.0,168.0,246.0,-8.4565,-18.9937,-97.8148,23.4,2,0.5,-21.56,470.39,-14.85,471.11
2026-08-08 16:53:47.910,100.0,168.0,246.0,-8.4565,-18.9937,-97.8148,23.4,3,0.75,-21.55,470.35,-14.85,471.07
2026-08-08 16:53:48.166,100.0,168.0,246.0,-8.4565,-18.9937,-97.8148,23.4,4,1.0,-21.55,470.35,-14.85,471.07
2026-08-08 16:53:48.421,100.0,168.0,246.0,-8.4565,-18.9937,-97.8148,23.4,5,1.25,-21.56,470.37,-14.85,471.09
2026-08-08 16:53:51.540,100.0,168.0,240.0,-10.3956,-18.0057,-97.8148,23.6,1,0.25,-21.59,470.36,-14.73,471.08
2026-08-08 16:53:51.796,100.0,168.0,240.0,-10.3956,-18.0057,-97.8148,23.6,2,0.5,-21.59,470.36,-14.73,471.08
2026-08-08 16:53:52.036,100.0,168.0,240.0,-10.3956,-18.0057,-97.8148,23.6,3,0.75,-21.6,470.37,-14.75,471.09
2026-08-08 16:53:52.292,100.0,168.0,240.0,-10.3956,-18.0057,-97.8148,23.6,4,1.0,-21.6,470.37,-14.75,471.09
2026-08-08 16:53:52.532,100.0,168.0,240.0,-10.3956,-18.0057,-97.8148,23.6,5,1.25,-21.61,470.4,-14.74,471.12
2026-08-08 16:53:57.921,100.0,168.0,234.0,-12.2207,-16.8204,-97.8148,25.6,1,0.25,-21.59,470.38,-14.74,471.1
2026-08-08 16:53:58.161,100.0,168.0,234.0,-12.2207,-16.8204,-97.8148,25.6,2,0.5,-21.59,470.38,-14.74,471.1
2026-08-08 16:53:58.417,100.0,168.0,234.0,-12.2207,-16.8204,-97.8148,25.6,3,0.75,-21.58,470.35,-14.71,471.07
2026-08-08 16:53:58.657,100.0,168.0,234.0,-12.2207,-16.8204,-97.8148,25.6,4,1.0,-21.58,470.35,-14.71,471.07
2026-08-08 16:53:58.913,100.0,168.0,234.0,-12.2207,-16.8204,-97.8148,25.6,5,1.25,-21.58,470.38,-14.73,471.1
2026-08-08 16:54:02.031,100.0,168.0,228.0,-13.912,-15.4508,-97.8148,23.5,1,0.25,-21.63,470.37,-14.75,471.09
2026-08-08 16:54:04.542,100.0,168.0,228.0,-13.912,-15.4508,-97.8148,23.5,2,0.5,-21.65,470.35,-14.76,471.07
2026-08-08 16:54:04.782,100.0,168.0,228.0,-13.912,-15.4508,-97.8148,23.5,3,0.75,-21.65,470.35,-14.76,471.07
2026-08-08 16:54:05.038,100.0,168.0,228.0,-13.912,-15.4508,-97.8148,23.5,4,1.0,-21.64,470.36,-14.75,471.08
2026-08-08 16:54:05.294,100.0,168.0,228.0,-13.912,-15.4508,-97.8148,23.5,5,1.25,-21.64,470.36,-14.75,471.08
2026-08-08 16:54:08.285,100.0,168.0,222.0,-15.4508,-13.912,-97.8148,24.2,1,0.25,-21.65,470.36,-14.64,471.08
2026-08-08 16:54:08.540,100.0,168.0,222.0,-15.4508,-13.912,-97.8148,24.2,2,0.5,-21.65,470.36,-14.64,471.08
2026-08-08 16:54:08.796,100.0,168.0,222.0,-15.4508,-13.912,-97.8148,24.2,3,0.75,-21.65,470.37,-14.63,471.09
2026-08-08 16:54:09.036,100.0,168.0,222.0,-15.4508,-13.912,-97.8148,24.2,4,1.0,-21.65,470.37,-14.63,471.09
2026-08-08 16:54:09.292,100.0,168.0,222.0,-15.4508,-13.912,-97.8148,24.2,5,1.25,-21.65,470.34,-14.64,471.06
2026-08-08 16:54:12.283,100.0,168.0,216.0,-16.8204,-12.2207,-97.8148,22.5,1,0.25,-21.67,470.33,-14.73,471.05
2026-08-08 16:54:12.539,100.0,168.0,216.0,-16.8204,-12.2207,-97.8148,22.5,2,0.5,-21.67,470.33,-14.73,471.05
2026-08-08 16:54:12.794,100.0,168.0,216.0,-16.8204,-12.2207,-97.8148,22.5,3,0.75,-21.67,470.33,-14.73,471.05
2026-08-08 16:54:13.034,100.0,168.0,216.0,-16.8204,-12.2207,-97.8148,22.5,4,1.0,-21.67,470.31,-14.73,471.03
2026-08-08 16:54:13.290,100.0,168.0,216.0,-16.8204,-12.2207,-97.8148,22.5,5,1.25,-21.67,470.31,-14.73,471.03
2026-08-08 16:54:16.409,100.0,168.0,210.0,-18.0057,-10.3956,-97.8148,22.8,1,0.25,-21.56,470.37,-14.55,471.08
2026-08-08 16:54:16.665,100.0,168.0,210.0,-18.0057,-10.3956,-97.8148,22.8,2,0.5,-21.58,470.39,-14.55,471.1
2026-08-08 16:54:16.921,100.0,168.0,210.0,-18.0057,-10.3956,-97.8148,22.8,3,0.75,-21.58,470.39,-14.55,471.1
2026-08-08 16:54:17.161,100.0,168.0,210.0,-18.0057,-10.3956,-97.8148,22.8,4,1.0,-21.57,470.42,-14.56,471.13
2026-08-08 16:54:17.417,100.0,168.0,210.0,-18.0057,-10.3956,-97.8148,22.8,5,1.25,-21.57,470.42,-14.56,471.13
2026-08-08 16:54:20.535,100.0,168.0,204.0,-18.9937,-8.4565,-97.8148,22.3,1,0.25,-21.56,470.38,-14.65,471.1
2026-08-08 16:54:20.791,100.0,168.0,204.0,-18.9937,-8.4565,-97.8148,22.3,2,0.5,-21.56,470.37,-14.65,471.09
2026-08-08 16:54:21.031,100.0,168.0,204.0,-18.9937,-8.4565,-97.8148,22.3,3,0.75,-21.56,470.48,-14.63,471.2
2026-08-08 16:54:23.542,100.0,168.0,204.0,-18.9937,-8.4565,-97.8148,22.3,4,1.0,-21.56,470.48,-14.63,471.2
2026-08-08 16:54:23.782,100.0,168.0,204.0,-18.9937,-8.4565,-97.8148,22.3,5,1.25,-21.56,470.49,-14.62,471.21
2026-08-08 16:54:29.171,100.0,168.0,198.0,-19.7736,-6.4248,-97.8148,22.7,1,0.25,-21.66,470.51,-14.62,471.23
2026-08-08 16:54:29.411,100.0,168.0,198.0,-19.7736,-6.4248,-97.8148,22.7,2,0.5,-21.66,470.51,-14.62,471.23
2026-08-08 16:54:29.667,100.0,168.0,198.0,-19.7736,-6.4248,-97.8148,22.7,3,0.75,-21.67,470.49,-14.62,471.21
2026-08-08 16:54:29.907,100.0,168.0,198.0,-19.7736,-6.4248,-97.8148,22.7,4,1.0,-21.67,470.49,-14.62,471.21
2026-08-08 16:54:30.163,100.0,168.0,198.0,-19.7736,-6.4248,-97.8148,22.7,5,1.25,-21.68,470.43,-14.61,471.15
2026-08-08 16:54:33.281,100.0,168.0,192.0,-20.3368,-4.3227,-97.8148,22.7,1,0.25,-21.68,470.58,-14.66,471.3
2026-08-08 16:54:35.792,100.0,168.0,192.0,-20.3368,-4.3227,-97.8148,22.7,2,0.5,-21.69,470.56,-14.67,471.28
2026-08-08 16:54:36.032,100.0,168.0,192.0,-20.3368,-4.3227,-97.8148,22.7,3,0.75,-21.69,470.56,-14.67,471.28
2026-08-08 16:54:36.288,100.0,168.0,192.0,-20.3368,-4.3227,-97.8148,22.7,4,1.0,-21.68,470.55,-14.67,471.27
2026-08-08 16:54:36.544,100.0,168.0,192.0,-20.3368,-4.3227,-97.8148,22.7,5,1.25,-21.68,470.55,-14.67,471.27
2026-08-08 16:54:39.663,100.0,168.0,186.0,-20.6773,-2.1733,-97.8148,24.1,1,0.25,-21.68,470.56,-14.65,471.28
2026-08-08 16:54:39.918,100.0,168.0,186.0,-20.6773,-2.1733,-97.8148,24.1,2,0.5,-21.66,470.59,-14.63,471.31
2026-08-08 16:54:40.158,100.0,168.0,186.0,-20.6773,-2.1733,-97.8148,24.1,3,0.75,-21.66,470.59,-14.63,471.31
2026-08-08 16:54:40.414,100.0,168.0,186.0,-20.6773,-2.1733,-97.8148,24.1,4,1.0,-21.66,470.62,-14.63,471.34
2026-08-08 16:54:40.670,100.0,168.0,186.0,-20.6773,-2.1733,-97.8148,24.1,5,1.25,-21.66,470.62,-14.63,471.34
2026-08-08 16:54:43.789,100.0,168.0,180.0,-20.7912,0.0,-97.8148,22.1,1,0.25,-21.77,470.59,-14.69,471.32
2026-08-08 16:54:44.045,100.0,168.0,180.0,-20.7912,0.0,-97.8148,22.1,2,0.5,-21.76,470.6,-14.68,471.33
2026-08-08 16:54:44.285,100.0,168.0,180.0,-20.7912,0.0,-97.8148,22.1,3,0.75,-21.76,470.6,-14.68,471.33
2026-08-08 16:54:44.540,100.0,168.0,180.0,-20.7912,0.0,-97.8148,22.1,4,1.0,-21.77,470.61,-14.68,471.34
2026-08-08 16:54:44.780,100.0,168.0,180.0,-20.7912,0.0,-97.8148,22.1,5,1.25,-21.74,470.56,-14.69,471.29
2026-08-08 16:54:50.170,100.0,168.0,174.0,-20.6773,2.1733,-97.8148,22.5,1,0.25,-21.55,470.7,-14.67,471.42
2026-08-08 16:54:50.410,100.0,168.0,174.0,-20.6773,2.1733,-97.8148,22.5,2,0.5,-21.53,470.62,-14.68,471.34
2026-08-08 16:54:50.666,100.0,168.0,174.0,-20.6773,2.1733,-97.8148,22.5,3,0.75,-21.53,470.62,-14.68,471.34
2026-08-08 16:54:50.906,100.0,168.0,174.0,-20.6773,2.1733,-97.8148,22.5,4,1.0,-21.55,470.63,-14.68,471.35
2026-08-08 16:54:51.162,100.0,168.0,174.0,-20.6773,2.1733,-97.8148,22.5,5,1.25,-21.55,470.63,-14.68,471.35
2026-08-08 16:54:54.280,100.0,168.0,168.0,-20.3368,4.3227,-97.8148,23.7,1,0.25,-21.57,470.7,-14.85,471.42
2026-08-08 16:54:56.791,100.0,168.0,168.0,-20.3368,4.3227,-97.8148,23.7,2,0.5,-21.57,470.7,-14.85,471.42
2026-08-08 16:54:57.031,100.0,168.0,168.0,-20.3368,4.3227,-97.8148,23.7,3,0.75,-21.56,470.71,-14.81,471.43
2026-08-08 16:54:59.542,100.0,168.0,168.0,-20.3368,4.3227,-97.8148,23.7,4,1.0,-21.56,470.71,-14.81,471.43
2026-08-08 16:54:59.782,100.0,168.0,168.0,-20.3368,4.3227,-97.8148,23.7,5,1.25,-21.54,470.76,-14.83,471.48
2026-08-08 16:55:05.155,100.0,168.0,162.0,-19.7736,6.4248,-97.8148,23.4,1,0.25,-21.69,470.76,-14.91,471.49
2026-08-08 16:55:05.411,100.0,168.0,162.0,-19.7736,6.4248,-97.8148,23.4,2,0.5,-21.69,470.77,-14.91,471.5
2026-08-08 16:55:05.667,100.0,168.0,162.0,-19.7736,6.4248,-97.8148,23.4,3,0.75,-21.69,470.77,-14.91,471.5
2026-08-08 16:55:05.907,100.0,168.0,162.0,-19.7736,6.4248,-97.8148,23.4,4,1.0,-21.69,470.77,-14.9,471.5
2026-08-08 16:55:06.163,100.0,168.0,162.0,-19.7736,6.4248,-97.8148,23.4,5,1.25,-21.69,470.77,-14.9,471.5
2026-08-08 16:55:09.281,100.0,168.0,156.0,-18.9937,8.4565,-97.8148,22.6,1,0.25,-21.84,470.78,-15.07,471.52
2026-08-08 16:55:11.792,100.0,168.0,156.0,-18.9937,8.4565,-97.8148,22.6,2,0.5,-21.84,470.78,-15.07,471.52
2026-08-08 16:55:12.032,100.0,168.0,156.0,-18.9937,8.4565,-97.8148,22.6,3,0.75,-21.84,470.78,-15.07,471.52
2026-08-08 16:55:12.288,100.0,168.0,156.0,-18.9937,8.4565,-97.8148,22.6,4,1.0,-21.83,470.83,-15.05,471.57
2026-08-08 16:55:12.544,100.0,168.0,156.0,-18.9937,8.4565,-97.8148,22.6,5,1.25,-21.83,470.83,-15.05,471.57
2026-08-08 16:55:15.663,100.0,168.0,150.0,-18.0057,10.3956,-97.8148,23.7,1,0.25,-21.58,470.92,-15.05,471.65
2026-08-08 16:55:15.918,100.0,168.0,150.0,-18.0057,10.3956,-97.8148,23.7,2,0.5,-21.57,470.98,-15.05,471.71
2026-08-08 16:55:16.158,100.0,168.0,150.0,-18.0057,10.3956,-97.8148,23.7,3,0.75,-21.57,470.98,-15.05,471.71
2026-08-08 16:55:16.414,100.0,168.0,150.0,-18.0057,10.3956,-97.8148,23.7,4,1.0,-21.58,470.98,-15.05,471.71
2026-08-08 16:55:16.670,100.0,168.0,150.0,-18.0057,10.3956,-97.8148,23.7,5,1.25,-21.58,470.98,-15.05,471.71
2026-08-08 16:55:19.789,100.0,168.0,144.0,-16.8204,12.2207,-97.8148,23.4,1,0.25,-21.61,471.12,-15.17,471.85
2026-08-08 16:55:20.045,100.0,168.0,144.0,-16.8204,12.2207,-97.8148,23.4,2,0.5,-21.61,471.09,-15.16,471.82
2026-08-08 16:55:20.284,100.0,168.0,144.0,-16.8204,12.2207,-97.8148,23.4,3,0.75,-21.61,471.09,-15.16,471.82
2026-08-08 16:55:20.540,100.0,168.0,144.0,-16.8204,12.2207,-97.8148,23.4,4,1.0,-21.63,471.08,-15.16,471.81
2026-08-08 16:55:20.780,100.0,168.0,144.0,-16.8204,12.2207,-97.8148,23.4,5,1.25,-21.62,471.1,-15.17,471.83
2026-08-08 16:55:26.170,100.0,168.0,138.0,-15.4508,13.912,-97.8148,23.8,1,0.25,-21.49,471.14,-15.12,471.87
2026-08-08 16:55:26.410,100.0,168.0,138.0,-15.4508,13.912,-97.8148,23.8,2,0.5,-21.49,471.14,-15.12,471.87
2026-08-08 16:55:26.666,100.0,168.0,138.0,-15.4508,13.912,-97.8148,23.8,3,0.75,-21.49,471.12,-15.11,471.85
2026-08-08 16:55:26.906,100.0,168.0,138.0,-15.4508,13.912,-97.8148,23.8,4,1.0,-21.49,471.12,-15.11,471.85
2026-08-08 16:55:27.161,100.0,168.0,138.0,-15.4508,13.912,-97.8148,23.8,5,1.25,-21.5,471.17,-15.12,471.9
2026-08-08 16:55:30.168,100.0,168.0,132.0,-13.912,15.4508,-97.8148,22.8,1,0.25,-21.62,471.19,-15.21,471.93
2026-08-08 16:55:30.408,100.0,168.0,132.0,-13.912,15.4508,-97.8148,22.8,2,0.5,-21.6,471.19,-15.2,471.92
2026-08-08 16:55:30.664,100.0,168.0,132.0,-13.912,15.4508,-97.8148,22.8,3,0.75,-21.6,471.19,-15.2,471.92
2026-08-08 16:55:30.920,100.0,168.0,132.0,-13.912,15.4508,-97.8148,22.8,4,1.0,-21.6,471.16,-15.2,471.89
2026-08-08 16:55:31.160,100.0,168.0,132.0,-13.912,15.4508,-97.8148,22.8,5,1.25,-21.6,471.16,-15.2,471.89
2026-08-08 16:55:34.294,100.0,168.0,126.0,-12.2207,16.8204,-97.8148,23.0,1,0.25,-21.61,471.28,-15.3,472.02
2026-08-08 16:55:34.534,100.0,168.0,126.0,-12.2207,16.8204,-97.8148,23.0,2,0.5,-21.61,471.25,-15.3,471.99
2026-08-08 16:55:34.790,100.0,168.0,126.0,-12.2207,16.8204,-97.8148,23.0,3,0.75,-21.61,471.25,-15.3,471.99
2026-08-08 16:55:35.030,100.0,168.0,126.0,-12.2207,16.8204,-97.8148,23.0,4,1.0,-21.62,471.22,-15.33,471.96
2026-08-08 16:55:37.541,100.0,168.0,126.0,-12.2207,16.8204,-97.8148,23.0,5,1.25,-21.62,471.22,-15.33,471.96
2026-08-08 16:55:40.659,100.0,168.0,120.0,-10.3956,18.0057,-97.8148,23.9,1,0.25,-21.59,471.24,-15.24,471.98
2026-08-08 16:55:40.915,100.0,168.0,120.0,-10.3956,18.0057,-97.8148,23.9,2,0.5,-21.59,471.25,-15.24,471.99
2026-08-08 16:55:41.155,100.0,168.0,120.0,-10.3956,18.0057,-97.8148,23.9,3,0.75,-21.59,471.25,-15.24,471.99
2026-08-08 16:55:41.411,100.0,168.0,120.0,-10.3956,18.0057,-97.8148,23.9,4,1.0,-21.59,471.24,-15.23,471.98
2026-08-08 16:55:41.667,100.0,168.0,120.0,-10.3956,18.0057,-97.8148,23.9,5,1.25,-21.59,471.24,-15.23,471.98
2026-08-08 16:55:44.786,100.0,168.0,114.0,-8.4565,18.9937,-97.8148,23.1,1,0.25,-21.86,471.3,-15.26,472.05
2026-08-08 16:55:45.042,100.0,168.0,114.0,-8.4565,18.9937,-97.8148,23.1,2,0.5,-21.85,471.32,-15.27,472.07
2026-08-08 16:55:45.281,100.0,168.0,114.0,-8.4565,18.9937,-97.8148,23.1,3,0.75,-21.85,471.32,-15.27,472.07
2026-08-08 16:55:45.537,100.0,168.0,114.0,-8.4565,18.9937,-97.8148,23.1,4,1.0,-21.85,471.31,-15.24,472.06
2026-08-08 16:55:45.793,100.0,168.0,114.0,-8.4565,18.9937,-97.8148,23.1,5,1.25,-21.85,471.31,-15.24,472.06
2026-08-08 16:55:48.912,100.0,168.0,108.0,-6.4248,19.7736,-97.8148,22.7,1,0.25,-21.84,471.31,-15.29,472.06
2026-08-08 16:55:49.168,100.0,168.0,108.0,-6.4248,19.7736,-97.8148,22.7,2,0.5,-21.82,471.3,-15.31,472.05
2026-08-08 16:55:49.408,100.0,168.0,108.0,-6.4248,19.7736,-97.8148,22.7,3,0.75,-21.82,471.3,-15.31,472.05
2026-08-08 16:55:49.663,100.0,168.0,108.0,-6.4248,19.7736,-97.8148,22.7,4,1.0,-21.82,471.35,-15.3,472.1
2026-08-08 16:55:49.919,100.0,168.0,108.0,-6.4248,19.7736,-97.8148,22.7,5,1.25,-21.82,471.35,-15.3,472.1
2026-08-08 16:55:53.038,100.0,168.0,102.0,-4.3227,20.3368,-97.8148,23.8,1,0.25,-21.84,471.39,-15.38,472.14
2026-08-08 16:55:53.294,100.0,168.0,102.0,-4.3227,20.3368,-97.8148,23.8,2,0.5,-21.85,471.42,-15.36,472.17
2026-08-08 16:55:53.534,100.0,168.0,102.0,-4.3227,20.3368,-97.8148,23.8,3,0.75,-21.85,471.42,-15.36,472.17
2026-08-08 16:55:53.790,100.0,168.0,102.0,-4.3227,20.3368,-97.8148,23.8,4,1.0,-21.85,471.45,-15.37,472.2
2026-08-08 16:55:54.045,100.0,168.0,102.0,-4.3227,20.3368,-97.8148,23.8,5,1.25,-21.85,471.45,-15.37,472.2
2026-08-08 16:55:57.164,100.0,168.0,96.0,-2.1733,20.6773,-97.8148,22.5,1,0.25,-21.74,471.38,-15.45,472.13
2026-08-08 16:55:57.420,100.0,168.0,96.0,-2.1733,20.6773,-97.8148,22.5,2,0.5,-21.75,471.4,-15.45,472.15
2026-08-08 16:55:57.660,100.0,168.0,96.0,-2.1733,20.6773,-97.8148,22.5,3,0.75,-21.75,471.4,-15.45,472.15
2026-08-08 16:55:57.916,100.0,168.0,96.0,-2.1733,20.6773,-97.8148,22.5,4,1.0,-21.74,471.38,-15.45,472.13
2026-08-08 16:55:58.156,100.0,168.0,96.0,-2.1733,20.6773,-97.8148,22.5,5,1.25,-21.74,471.38,-15.45,472.13
2026-08-08 16:56:01.290,100.0,168.0,90.0,0.0,20.7912,-97.8148,23.6,1,0.25,-21.69,471.4,-15.43,472.15
2026-08-08 16:56:01.530,100.0,168.0,90.0,0.0,20.7912,-97.8148,23.6,2,0.5,-21.69,471.28,-15.42,472.03
2026-08-08 16:56:04.041,100.0,168.0,90.0,0.0,20.7912,-97.8148,23.6,3,0.75,-21.69,471.28,-15.42,472.03
2026-08-08 16:56:04.281,100.0,168.0,90.0,0.0,20.7912,-97.8148,23.6,4,1.0,-21.68,471.35,-15.43,472.1
2026-08-08 16:56:06.792,100.0,168.0,90.0,0.0,20.7912,-97.8148,23.6,5,1.25,-21.7,471.37,-15.43,472.12
2026-08-08 16:56:09.910,100.0,168.0,84.0,2.1733,20.6773,-97.8148,23.4,1,0.25,-21.66,471.26,-15.48,472.01
2026-08-08 16:56:10.166,100.0,168.0,84.0,2.1733,20.6773,-97.8148,23.4,2,0.5,-21.66,471.26,-15.48,472.01
2026-08-08 16:56:10.406,100.0,168.0,84.0,2.1733,20.6773,-97.8148,23.4,3,0.75,-21.67,471.26,-15.49,472.01
2026-08-08 16:56:10.662,100.0,168.0,84.0,2.1733,20.6773,-97.8148,23.4,4,1.0,-21.67,471.26,-15.49,472.01
2026-08-08 16:56:10.918,100.0,168.0,84.0,2.1733,20.6773,-97.8148,23.4,5,1.25,-21.67,471.24,-15.48,471.99
2026-08-08 16:56:14.036,100.0,168.0,78.0,4.3227,20.3368,-97.8148,22.6,1,0.25,-21.75,471.27,-15.45,472.02
2026-08-08 16:56:14.292,100.0,168.0,78.0,4.3227,20.3368,-97.8148,22.6,2,0.5,-21.75,471.27,-15.45,472.02
2026-08-08 16:56:14.532,100.0,168.0,78.0,4.3227,20.3368,-97.8148,22.6,3,0.75,-21.75,471.24,-15.46,471.99
2026-08-08 16:56:14.788,100.0,168.0,78.0,4.3227,20.3368,-97.8148,22.6,4,1.0,-21.75,471.24,-15.46,471.99
2026-08-08 16:56:15.044,100.0,168.0,78.0,4.3227,20.3368,-97.8148,22.6,5,1.25,-21.75,471.23,-15.45,471.98
2026-08-08 16:56:18.163,100.0,168.0,72.0,6.4248,19.7736,-97.8148,23.7,1,0.25,-21.69,471.23,-15.39,471.97
2026-08-08 16:56:18.418,100.0,168.0,72.0,6.4248,19.7736,-97.8148,23.7,2,0.5,-21.69,471.23,-15.39,471.97
2026-08-08 16:56:18.658,100.0,168.0,72.0,6.4248,19.7736,-97.8148,23.7,3,0.75,-21.71,471.23,-15.4,471.98
2026-08-08 16:56:18.914,100.0,168.0,72.0,6.4248,19.7736,-97.8148,23.7,4,1.0,-21.71,471.23,-15.4,471.98
2026-08-08 16:56:19.170,100.0,168.0,72.0,6.4248,19.7736,-97.8148,23.7,5,1.25,-21.71,471.23,-15.4,471.98
2026-08-08 16:56:22.289,100.0,168.0,66.0,8.4565,18.9937,-97.8148,23.1,1,0.25,-21.76,471.14,-15.42,471.89
2026-08-08 16:56:22.545,100.0,168.0,66.0,8.4565,18.9937,-97.8148,23.1,2,0.5,-21.75,471.19,-15.45,471.94
2026-08-08 16:56:22.785,100.0,168.0,66.0,8.4565,18.9937,-97.8148,23.1,3,0.75,-21.75,471.19,-15.45,471.94
2026-08-08 16:56:23.040,100.0,168.0,66.0,8.4565,18.9937,-97.8148,23.1,4,1.0,-21.76,471.16,-15.43,471.91
2026-08-08 16:56:23.280,100.0,168.0,66.0,8.4565,18.9937,-97.8148,23.1,5,1.25,-21.77,471.1,-15.42,471.85
2026-08-08 16:56:28.670,100.0,168.0,60.0,10.3956,18.0057,-97.8148,22.4,1,0.25,-21.63,471.13,-15.46,471.87
2026-08-08 16:56:28.910,100.0,168.0,60.0,10.3956,18.0057,-97.8148,22.4,2,0.5,-21.63,471.13,-15.46,471.87
2026-08-08 16:56:29.166,100.0,168.0,60.0,10.3956,18.0057,-97.8148,22.4,3,0.75,-21.64,471.14,-15.46,471.89
2026-08-08 16:56:29.406,100.0,168.0,60.0,10.3956,18.0057,-97.8148,22.4,4,1.0,-21.64,471.14,-15.46,471.89
2026-08-08 16:56:29.661,100.0,168.0,60.0,10.3956,18.0057,-97.8148,22.4,5,1.25,-21.61,471.14,-15.47,471.88
2026-08-08 16:56:32.780,100.0,168.0,54.0,12.2207,16.8204,-97.8148,23.2,1,0.25,-21.54,471.04,-15.52,471.78
2026-08-08 16:56:35.291,100.0,168.0,54.0,12.2207,16.8204,-97.8148,23.2,2,0.5,-21.54,471.04,-15.52,471.78
2026-08-08 16:56:35.531,100.0,168.0,54.0,12.2207,16.8204,-97.8148,23.2,3,0.75,-21.55,470.98,-15.53,471.72
2026-08-08 16:56:38.042,100.0,168.0,54.0,12.2207,16.8204,-97.8148,23.2,4,1.0,-21.54,470.95,-15.53,471.69
2026-08-08 16:56:38.282,100.0,168.0,54.0,12.2207,16.8204,-97.8148,23.2,5,1.25,-21.54,470.95,-15.53,471.69
2026-08-08 16:56:41.288,100.0,168.0,48.0,13.912,15.4508,-97.8148,22.6,1,0.25,-21.5,470.99,-15.5,471.73
2026-08-08 16:56:41.544,100.0,168.0,48.0,13.912,15.4508,-97.8148,22.6,2,0.5,-21.5,470.92,-15.49,471.66
2026-08-08 16:56:41.784,100.0,168.0,48.0,13.912,15.4508,-97.8148,22.6,3,0.75,-21.5,470.92,-15.49,471.66
2026-08-08 16:56:42.040,100.0,168.0,48.0,13.912,15.4508,-97.8148,22.6,4,1.0,-21.5,470.92,-15.49,471.66
2026-08-08 16:56:42.280,100.0,168.0,48.0,13.912,15.4508,-97.8148,22.6,5,1.25,-21.47,470.97,-15.49,471.71
2026-08-08 16:56:47.541,100.0,168.0,42.0,15.4508,13.912,-97.8148,22.7,1,0.25,-21.46,470.94,-15.52,471.68
2026-08-08 16:56:47.781,100.0,168.0,42.0,15.4508,13.912,-97.8148,22.7,2,0.5,-21.47,470.95,-15.51,471.69
2026-08-08 16:56:48.037,100.0,168.0,42.0,15.4508,13.912,-97.8148,22.7,3,0.75,-21.47,470.95,-15.51,471.69
2026-08-08 16:56:48.293,100.0,168.0,42.0,15.4508,13.912,-97.8148,22.7,4,1.0,-21.47,470.95,-15.51,471.69
2026-08-08 16:56:48.533,100.0,168.0,42.0,15.4508,13.912,-97.8148,22.7,5,1.25,-21.47,470.91,-15.5,471.65
2026-08-08 16:56:53.528,100.0,168.0,36.0,16.8204,12.2207,-97.8148,23.4,1,1.5,-21.57,470.9,-15.58,471.65
2026-08-08 16:56:53.667,100.0,168.0,36.0,16.8204,12.2207,-97.8148,23.4,2,1.75,-21.59,470.81,-15.58,471.56
2026-08-08 16:56:53.907,100.0,168.0,36.0,16.8204,12.2207,-97.8148,23.4,3,2.0,-21.59,470.81,-15.58,471.56
2026-08-08 16:56:54.162,100.0,168.0,36.0,16.8204,12.2207,-97.8148,23.4,4,2.25,-21.6,470.82,-15.56,471.57
2026-08-08 16:56:54.418,100.0,168.0,36.0,16.8204,12.2207,-97.8148,23.4,5,2.5,-21.6,470.82,-15.56,471.57
2026-08-08 16:56:57.537,100.0,168.0,30.0,18.0057,10.3956,-97.8148,22.9,1,0.25,-21.48,470.73,-15.41,471.47
2026-08-08 16:56:57.793,100.0,168.0,30.0,18.0057,10.3956,-97.8148,22.9,2,0.5,-21.48,470.75,-15.4,471.49
2026-08-08 16:56:58.033,100.0,168.0,30.0,18.0057,10.3956,-97.8148,22.9,3,0.75,-21.48,470.75,-15.4,471.49
2026-08-08 16:56:58.289,100.0,168.0,30.0,18.0057,10.3956,-97.8148,22.9,4,1.0,-21.48,470.74,-15.41,471.48
2026-08-08 16:56:58.545,100.0,168.0,30.0,18.0057,10.3956,-97.8148,22.9,5,1.25,-21.48,470.74,-15.41,471.48
2026-08-08 16:57:01.663,100.0,168.0,24.0,18.9937,8.4565,-97.8148,23.4,1,0.25,-21.71,470.59,-15.54,471.34
2026-08-08 16:57:01.919,100.0,168.0,24.0,18.9937,8.4565,-97.8148,23.4,2,0.5,-21.69,470.64,-15.52,471.39
2026-08-08 16:57:02.159,100.0,168.0,24.0,18.9937,8.4565,-97.8148,23.4,3,0.75,-21.69,470.64,-15.52,471.39
2026-08-08 16:57:02.415,100.0,168.0,24.0,18.9937,8.4565,-97.8148,23.4,4,1.0,-21.71,470.62,-15.52,471.37
2026-08-08 16:57:02.655,100.0,168.0,24.0,18.9937,8.4565,-97.8148,23.4,5,1.25,-21.71,470.62,-15.52,471.37
2026-08-08 16:57:05.789,100.0,168.0,18.0,19.7736,6.4248,-97.8148,22.9,1,0.25,-21.75,470.64,-15.32,471.39
2026-08-08 16:57:06.045,100.0,168.0,18.0,19.7736,6.4248,-97.8148,22.9,2,0.5,-21.76,470.62,-15.31,471.37
2026-08-08 16:57:06.285,100.0,168.0,18.0,19.7736,6.4248,-97.8148,22.9,3,0.75,-21.76,470.62,-15.31,471.37
2026-08-08 16:57:06.541,100.0,168.0,18.0,19.7736,6.4248,-97.8148,22.9,4,1.0,-21.75,470.63,-15.32,471.38
2026-08-08 16:57:06.781,100.0,168.0,18.0,19.7736,6.4248,-97.8148,22.9,5,1.25,-21.74,470.59,-15.33,471.34
2026-08-08 16:57:12.154,100.0,168.0,12.0,20.3368,4.3227,-97.8148,23.4,1,0.25,-21.79,470.63,-15.4,471.38
2026-08-08 16:57:12.410,100.0,168.0,12.0,20.3368,4.3227,-97.8148,23.4,2,0.5,-21.8,470.59,-15.42,471.34
2026-08-08 16:57:12.666,100.0,168.0,12.0,20.3368,4.3227,-97.8148,23.4,3,0.75,-21.8,470.59,-15.42,471.34
2026-08-08 16:57:12.906,100.0,168.0,12.0,20.3368,4.3227,-97.8148,23.4,4,1.0,-21.79,470.58,-15.41,471.33
2026-08-08 16:57:13.162,100.0,168.0,12.0,20.3368,4.3227,-97.8148,23.4,5,1.25,-21.79,470.58,-15.41,471.33
2026-08-08 16:57:16.281,100.0,168.0,6.0,20.6773,2.1733,-97.8148,23.6,1,0.25,-21.49,470.46,-15.26,471.19
2026-08-08 16:57:18.792,100.0,168.0,6.0,20.6773,2.1733,-97.8148,23.6,2,0.5,-21.49,470.46,-15.26,471.19
2026-08-08 16:57:19.031,100.0,168.0,6.0,20.6773,2.1733,-97.8148,23.6,3,0.75,-21.5,470.5,-15.26,471.23
2026-08-08 16:57:19.287,100.0,168.0,6.0,20.6773,2.1733,-97.8148,23.6,4,1.0,-21.5,470.5,-15.26,471.23
2026-08-08 16:57:19.543,100.0,168.0,6.0,20.6773,2.1733,-97.8148,23.6,5,1.25,-21.51,470.49,-15.25,471.22
2026-08-08 16:57:22.662,100.0,168.0,0.0,20.7912,0.0,-97.8148,23.8,1,0.25,-21.53,470.48,-15.31,471.22
2026-08-08 16:57:22.918,100.0,168.0,0.0,20.7912,0.0,-97.8148,23.8,2,0.5,-21.53,470.48,-15.31,471.22
2026-08-08 16:57:23.158,100.0,168.0,0.0,20.7912,0.0,-97.8148,23.8,3,0.75,-21.53,470.47,-15.32,471.21
2026-08-08 16:57:23.414,100.0,168.0,0.0,20.7912,0.0,-97.8148,23.8,4,1.0,-21.53,470.47,-15.32,471.21
2026-08-08 16:57:23.669,100.0,168.0,0.0,20.7912,0.0,-97.8148,23.8,5,1.25,-21.53,470.51,-15.32,471.25
2026-08-08 16:57:27.540,100.0,174.0,0.0,10.4528,0.0,-99.4522,22.2,1,0.25,-21.88,470.41,-15.12,471.16
2026-08-08 16:57:27.780,100.0,174.0,0.0,10.4528,0.0,-99.4522,22.2,2,0.5,-21.88,470.5,-15.11,471.25
2026-08-08 16:57:30.290,100.0,174.0,0.0,10.4528,0.0,-99.4522,22.2,3,0.75,-21.88,470.5,-15.11,471.25
2026-08-08 16:57:30.530,100.0,174.0,0.0,10.4528,0.0,-99.4522,22.2,4,1.0,-21.89,470.56,-15.13,471.31
2026-08-08 16:57:33.041,100.0,174.0,0.0,10.4528,0.0,-99.4522,22.2,5,1.25,-21.88,470.53,-15.12,471.28
2026-08-08 16:57:36.032,100.0,174.0,6.0,10.3956,1.0926,-99.4522,23.4,1,0.25,-21.59,470.43,-15.13,471.16
2026-08-08 16:57:36.288,100.0,174.0,6.0,10.3956,1.0926,-99.4522,23.4,2,0.5,-21.59,470.44,-15.13,471.17
2026-08-08 16:57:36.544,100.0,174.0,6.0,10.3956,1.0926,-99.4522,23.4,3,0.75,-21.59,470.44,-15.13,471.17
2026-08-08 16:57:36.784,100.0,174.0,6.0,10.3956,1.0926,-99.4522,23.4,4,1.0,-21.59,470.41,-15.12,471.14
2026-08-08 16:57:37.040,100.0,174.0,6.0,10.3956,1.0926,-99.4522,23.4,5,1.25,-21.59,470.41,-15.12,471.14
2026-08-08 16:57:40.030,100.0,174.0,12.0,10.2244,2.1733,-99.4522,22.0,1,0.25,-21.75,470.52,-15.05,471.26
2026-08-08 16:57:42.541,100.0,174.0,12.0,10.2244,2.1733,-99.4522,22.0,2,0.5,-21.74,470.51,-15.04,471.25
2026-08-08 16:57:42.781,100.0,174.0,12.0,10.2244,2.1733,-99.4522,22.0,3,0.75,-21.74,470.51,-15.04,471.25
2026-08-08 16:57:43.037,100.0,174.0,12.0,10.2244,2.1733,-99.4522,22.0,4,1.0,-21.75,470.51,-15.06,471.25
2026-08-08 16:57:43.293,100.0,174.0,12.0,10.2244,2.1733,-99.4522,22.0,5,1.25,-21.75,470.51,-15.06,471.25
2026-08-08 16:57:46.283,100.0,174.0,18.0,9.9412,3.2301,-99.4522,21.4,1,0.25,-21.69,470.46,-15.06,471.2
2026-08-08 16:57:46.539,100.0,174.0,18.0,9.9412,3.2301,-99.4522,21.4,2,0.5,-21.68,470.48,-15.09,471.22
2026-08-08 16:57:46.779,100.0,174.0,18.0,9.9412,3.2301,-99.4522,21.4,3,0.75,-21.7,470.54,-15.08,471.28
2026-08-08 16:57:49.290,100.0,174.0,18.0,9.9412,3.2301,-99.4522,21.4,4,1.0,-21.69,470.56,-15.09,471.3
2026-08-08 16:57:49.530,100.0,174.0,18.0,9.9412,3.2301,-99.4522,21.4,5,1.25,-21.71,470.59,-15.07,471.33
2026-08-08 16:57:54.792,100.0,174.0,24.0,9.5492,4.2516,-99.4522,23.0,1,0.25,-21.77,470.57,-15.11,471.31
2026-08-08 16:57:55.032,100.0,174.0,24.0,9.5492,4.2516,-99.4522,23.0,2,0.5,-21.78,470.59,-15.1,471.33
2026-08-08 16:57:55.287,100.0,174.0,24.0,9.5492,4.2516,-99.4522,23.0,3,0.75,-21.78,470.59,-15.1,471.33
2026-08-08 16:57:55.543,100.0,174.0,24.0,9.5492,4.2516,-99.4522,23.0,4,1.0,-21.78,470.56,-15.09,471.3
2026-08-08 16:57:55.783,100.0,174.0,24.0,9.5492,4.2516,-99.4522,23.0,5,1.25,-21.78,470.56,-15.09,471.3
2026-08-08 16:57:58.790,100.0,174.0,30.0,9.0524,5.2264,-99.4522,23.1,1,0.25,-21.52,470.63,-15.07,471.36
2026-08-08 16:57:59.030,100.0,174.0,30.0,9.0524,5.2264,-99.4522,23.1,2,0.5,-21.53,470.57,-15.07,471.3
2026-08-08 16:58:01.541,100.0,174.0,30.0,9.0524,5.2264,-99.4522,23.1,3,0.75,-21.53,470.57,-15.07,471.3
2026-08-08 16:58:01.781,100.0,174.0,30.0,9.0524,5.2264,-99.4522,23.1,4,1.0,-21.53,470.56,-15.07,471.29
2026-08-08 16:58:02.036,100.0,174.0,30.0,9.0524,5.2264,-99.4522,23.1,5,1.25,-21.53,470.56,-15.07,471.29
2026-08-08 16:58:05.043,100.0,174.0,36.0,8.4565,6.144,-99.4522,22.6,1,0.25,-21.61,470.62,-15.03,471.35
2026-08-08 16:58:05.283,100.0,174.0,36.0,8.4565,6.144,-99.4522,22.6,2,0.5,-21.61,470.66,-15.02,471.39
2026-08-08 16:58:05.539,100.0,174.0,36.0,8.4565,6.144,-99.4522,22.6,3,0.75,-21.61,470.66,-15.02,471.39
2026-08-08 16:58:05.795,100.0,174.0,36.0,8.4565,6.144,-99.4522,22.6,4,1.0,-21.61,470.63,-15.02,471.36
2026-08-08 16:58:06.035,100.0,174.0,36.0,8.4565,6.144,-99.4522,22.6,5,1.25,-21.61,470.63,-15.02,471.36
2026-08-08 16:58:09.041,100.0,174.0,42.0,7.768,6.9943,-99.4522,23.5,1,0.25,-21.54,470.65,-15.01,471.38
2026-08-08 16:58:09.281,100.0,174.0,42.0,7.768,6.9943,-99.4522,23.5,2,0.5,-21.54,470.65,-15.01,471.38
2026-08-08 16:58:09.537,100.0,174.0,42.0,7.768,6.9943,-99.4522,23.5,3,0.75,-21.56,470.69,-14.99,471.42
2026-08-08 16:58:09.793,100.0,174.0,42.0,7.768,6.9943,-99.4522,23.5,4,1.0,-21.56,470.69,-14.99,471.42
2026-08-08 16:58:10.033,100.0,174.0,42.0,7.768,6.9943,-99.4522,23.5,5,1.25,-21.57,470.65,-14.99,471.38
2026-08-08 16:58:13.040,100.0,174.0,48.0,6.9943,7.768,-99.4522,23.4,1,0.25,-21.47,470.72,-15.02,471.44
2026-08-08 16:58:13.279,100.0,174.0,48.0,6.9943,7.768,-99.4522,23.4,2,0.5,-21.48,470.69,-15.01,471.41
2026-08-08 16:58:15.790,100.0,174.0,48.0,6.9943,7.768,-99.4522,23.4,3,0.75,-21.47,470.69,-15.01,471.41
2026-08-08 16:58:16.030,100.0,174.0,48.0,6.9943,7.768,-99.4522,23.4,4,1.0,-21.46,470.64,-15.0,471.36
2026-08-08 16:58:18.541,100.0,174.0,48.0,6.9943,7.768,-99.4522,23.4,5,1.25,-21.46,470.64,-15.0,471.36
2026-08-08 16:58:21.532,100.0,174.0,54.0,6.144,8.4565,-99.4522,21.8,1,0.25,-21.42,470.65,-15.0,471.37
2026-08-08 16:58:21.788,100.0,174.0,54.0,6.144,8.4565,-99.4522,21.8,2,0.5,-21.42,470.65,-15.0,471.37
2026-08-08 16:58:22.044,100.0,174.0,54.0,6.144,8.4565,-99.4522,21.8,3,0.75,-21.42,470.65,-14.99,471.37
2026-08-08 16:58:22.283,100.0,174.0,54.0,6.144,8.4565,-99.4522,21.8,4,1.0,-21.42,470.65,-14.99,471.37
2026-08-08 16:58:22.539,100.0,174.0,54.0,6.144,8.4565,-99.4522,21.8,5,1.25,-21.43,470.66,-14.99,471.38
2026-08-08 16:58:25.530,100.0,174.0,60.0,5.2264,9.0524,-99.4522,22.6,1,0.25,-21.41,470.77,-14.99,471.49
2026-08-08 16:58:28.041,100.0,174.0,60.0,5.2264,9.0524,-99.4522,22.6,2,0.5,-21.41,470.77,-14.99,471.49
2026-08-08 16:58:28.281,100.0,174.0,60.0,5.2264,9.0524,-99.4522,22.6,3,0.75,-21.4,470.77,-14.99,471.49
2026-08-08 16:58:28.537,100.0,174.0,60.0,5.2264,9.0524,-99.4522,22.6,4,1.0,-21.4,470.77,-14.99,471.49
2026-08-08 16:58:28.793,100.0,174.0,60.0,5.2264,9.0524,-99.4522,22.6,5,1.25,-21.39,470.79,-14.99,471.51
2026-08-08 16:58:31.783,100.0,174.0,66.0,4.2516,9.5492,-99.4522,22.6,1,0.25,-21.38,470.76,-14.98,471.48
2026-08-08 16:58:32.039,100.0,174.0,66.0,4.2516,9.5492,-99.4522,22.6,2,0.5,-21.38,470.76,-14.98,471.48
2026-08-08 16:58:32.279,100.0,174.0,66.0,4.2516,9.5492,-99.4522,22.6,3,0.75,-21.39,470.73,-14.97,471.45
2026-08-08 16:58:34.790,100.0,174.0,66.0,4.2516,9.5492,-99.4522,22.6,4,1.0,-21.39,470.73,-14.97,471.45
2026-08-08 16:58:35.030,100.0,174.0,66.0,4.2516,9.5492,-99.4522,22.6,5,1.25,-21.39,470.76,-14.98,471.48
2026-08-08 16:58:40.291,100.0,174.0,72.0,3.2301,9.9412,-99.4522,23.4,1,0.25,-21.32,470.75,-14.97,471.47
2026-08-08 16:58:40.531,100.0,174.0,72.0,3.2301,9.9412,-99.4522,23.4,2,0.5,-21.32,470.75,-14.97,471.47
2026-08-08 16:58:40.787,100.0,174.0,72.0,3.2301,9.9412,-99.4522,23.4,3,0.75,-21.33,470.76,-14.98,471.48
2026-08-08 16:58:41.043,100.0,174.0,72.0,3.2301,9.9412,-99.4522,23.4,4,1.0,-21.33,470.76,-14.98,471.48
2026-08-08 16:58:41.283,100.0,174.0,72.0,3.2301,9.9412,-99.4522,23.4,5,1.25,-21.32,470.7,-14.99,471.42
2026-08-08 16:58:44.290,100.0,174.0,78.0,2.1733,10.2244,-99.4522,22.4,1,0.25,-21.4,470.78,-14.95,471.5
2026-08-08 16:58:44.530,100.0,174.0,78.0,2.1733,10.2244,-99.4522,22.4,2,0.5,-21.4,470.81,-14.94,471.53
2026-08-08 16:58:47.040,100.0,174.0,78.0,2.1733,10.2244,-99.4522,22.4,3,0.75,-21.4,470.81,-14.94,471.53
2026-08-08 16:58:47.280,100.0,174.0,78.0,2.1733,10.2244,-99.4522,22.4,4,1.0,-21.4,470.81,-14.94,471.53
2026-08-08 16:58:47.536,100.0,174.0,78.0,2.1733,10.2244,-99.4522,22.4,5,1.25,-21.39,470.8,-14.94,471.52
2026-08-08 16:58:50.543,100.0,174.0,84.0,1.0926,10.3956,-99.4522,23.9,1,0.25,-21.46,470.87,-14.92,471.59
2026-08-08 16:58:50.783,100.0,174.0,84.0,1.0926,10.3956,-99.4522,23.9,2,0.5,-21.46,470.87,-14.92,471.59
2026-08-08 16:58:51.039,100.0,174.0,84.0,1.0926,10.3956,-99.4522,23.9,3,0.75,-21.46,470.87,-14.92,471.59
2026-08-08 16:58:51.279,100.0,174.0,84.0,1.0926,10.3956,-99.4522,23.9,4,1.0,-21.46,470.88,-14.9,471.6
2026-08-08 16:58:53.789,100.0,174.0,84.0,1.0926,10.3956,-99.4522,23.9,5,1.25,-21.46,470.89,-14.9,471.61
2026-08-08 16:58:56.780,100.0,174.0,90.0,0.0,10.4528,-99.4522,23.0,1,0.25,-21.5,470.85,-14.92,471.57
2026-08-08 16:58:57.036,100.0,174.0,90.0,0.0,10.4528,-99.4522,23.0,2,0.5,-21.5,470.85,-14.92,471.57
2026-08-08 16:58:57.292,100.0,174.0,90.0,0.0,10.4528,-99.4522,23.0,3,0.75,-21.5,470.85,-14.92,471.57
2026-08-08 16:58:57.532,100.0,174.0,90.0,0.0,10.4528,-99.4522,23.0,4,1.0,-21.5,470.81,-14.94,471.53
2026-08-08 16:58:57.788,100.0,174.0,90.0,0.0,10.4528,-99.4522,23.0,5,1.25,-21.5,470.81,-14.94,471.53
2026-08-08 16:59:00.794,100.0,174.0,96.0,-1.0926,10.3956,-99.4522,22.6,1,0.25,-21.62,470.87,-14.94,471.6
2026-08-08 16:59:01.034,100.0,174.0,96.0,-1.0926,10.3956,-99.4522,22.6,2,0.5,-21.63,470.91,-14.93,471.64
2026-08-08 16:59:01.290,100.0,174.0,96.0,-1.0926,10.3956,-99.4522,22.6,3,0.75,-21.63,470.91,-14.93,471.64
2026-08-08 16:59:01.530,100.0,174.0,96.0,-1.0926,10.3956,-99.4522,22.6,4,1.0,-21.61,470.9,-14.92,471.63
2026-08-08 16:59:04.041,100.0,174.0,96.0,-1.0926,10.3956,-99.4522,22.6,5,1.25,-21.61,470.9,-14.92,471.63
2026-08-08 16:59:07.031,100.0,174.0,102.0,-2.1733,10.2244,-99.4522,22.2,1,0.25,-21.72,470.87,-14.96,471.6
2026-08-08 16:59:07.287,100.0,174.0,102.0,-2.1733,10.2244,-99.4522,22.2,2,0.5,-21.71,470.86,-14.96,471.59
2026-08-08 16:59:07.543,100.0,174.0,102.0,-2.1733,10.2244,-99.4522,22.2,3,0.75,-21.71,470.86,-14.96,471.59
2026-08-08 16:59:07.783,100.0,174.0,102.0,-2.1733,10.2244,-99.4522,22.2,4,1.0,-21.72,470.87,-14.96,471.6
2026-08-08 16:59:08.039,100.0,174.0,102.0,-2.1733,10.2244,-99.4522,22.2,5,1.25,-21.72,470.87,-14.96,471.6
2026-08-08 16:59:11.030,100.0,174.0,108.0,-3.2301,9.9412,-99.4522,24.5,1,0.25,-21.74,470.81,-14.96,471.54
2026-08-08 16:59:13.541,100.0,174.0,108.0,-3.2301,9.9412,-99.4522,24.5,2,0.5,-21.74,470.79,-14.95,471.52
2026-08-08 16:59:13.780,100.0,174.0,108.0,-3.2301,9.9412,-99.4522,24.5,3,0.75,-21.74,470.79,-14.95,471.52
2026-08-08 16:59:14.036,100.0,174.0,108.0,-3.2301,9.9412,-99.4522,24.5,4,1.0,-21.75,470.81,-14.95,471.54
2026-08-08 16:59:14.292,100.0,174.0,108.0,-3.2301,9.9412,-99.4522,24.5,5,1.25,-21.75,470.81,-14.95,471.54
2026-08-08 16:59:17.283,100.0,174.0,114.0,-4.2516,9.5492,-99.4522,22.1,1,0.25,-21.84,470.8,-14.97,471.54
2026-08-08 16:59:17.539,100.0,174.0,114.0,-4.2516,9.5492,-99.4522,22.1,2,0.5,-21.84,470.8,-14.97,471.54
2026-08-08 16:59:17.779,100.0,174.0,114.0,-4.2516,9.5492,-99.4522,22.1,3,0.75,-21.83,470.75,-14.96,471.49
2026-08-08 16:59:20.290,100.0,174.0,114.0,-4.2516,9.5492,-99.4522,22.1,4,1.0,-21.83,470.79,-14.95,471.53
2026-08-08 16:59:20.530,100.0,174.0,114.0,-4.2516,9.5492,-99.4522,22.1,5,1.25,-21.82,470.76,-14.95,471.5
2026-08-08 16:59:25.791,100.0,174.0,120.0,-5.2264,9.0524,-99.4522,22.1,1,0.25,-21.8,470.75,-14.94,471.49
2026-08-08 16:59:26.031,100.0,174.0,120.0,-5.2264,9.0524,-99.4522,22.1,2,0.5,-21.81,470.77,-14.94,471.51
2026-08-08 16:59:26.287,100.0,174.0,120.0,-5.2264,9.0524,-99.4522,22.1,3,0.75,-21.81,470.77,-14.94,471.51
2026-08-08 16:59:26.543,100.0,174.0,120.0,-5.2264,9.0524,-99.4522,22.1,4,1.0,-21.81,470.76,-14.94,471.5
2026-08-08 16:59:26.783,100.0,174.0,120.0,-5.2264,9.0524,-99.4522,22.1,5,1.25,-21.81,470.76,-14.94,471.5
2026-08-08 16:59:29.789,100.0,174.0,126.0,-6.144,8.4565,-99.4522,23.0,1,0.25,-21.75,470.79,-14.86,471.52
2026-08-08 16:59:30.029,100.0,174.0,126.0,-6.144,8.4565,-99.4522,23.0,2,0.5,-21.76,470.73,-14.86,471.46
2026-08-08 16:59:32.540,100.0,174.0,126.0,-6.144,8.4565,-99.4522,23.0,3,0.75,-21.76,470.73,-14.86,471.46
2026-08-08 16:59:32.780,100.0,174.0,126.0,-6.144,8.4565,-99.4522,23.0,4,1.0,-21.76,470.75,-14.86,471.48
2026-08-08 16:59:33.036,100.0,174.0,126.0,-6.144,8.4565,-99.4522,23.0,5,1.25,-21.76,470.75,-14.86,471.48
2026-08-08 16:59:36.043,100.0,174.0,132.0,-6.9943,7.768,-99.4522,22.9,1,0.25,-21.75,470.7,-14.9,471.43
2026-08-08 16:59:36.282,100.0,174.0,132.0,-6.9943,7.768,-99.4522,22.9,2,0.5,-21.75,470.7,-14.9,471.43
2026-08-08 16:59:36.538,100.0,174.0,132.0,-6.9943,7.768,-99.4522,22.9,3,0.75,-21.76,470.69,-14.89,471.42
2026-08-08 16:59:36.778,100.0,174.0,132.0,-6.9943,7.768,-99.4522,22.9,4,1.0,-21.73,470.7,-14.89,471.43
2026-08-08 16:59:39.289,100.0,174.0,132.0,-6.9943,7.768,-99.4522,22.9,5,1.25,-21.73,470.7,-14.89,471.43
2026-08-08 16:59:42.280,100.0,174.0,138.0,-7.768,6.9943,-99.4522,22.2,1,0.25,-21.73,470.65,-14.87,471.38
2026-08-08 16:59:42.536,100.0,174.0,138.0,-7.768,6.9943,-99.4522,22.2,2,0.5,-21.73,470.65,-14.87,471.38
2026-08-08 16:59:42.792,100.0,174.0,138.0,-7.768,6.9943,-99.4522,22.2,3,0.75,-21.72,470.69,-14.86,471.42
2026-08-08 16:59:43.032,100.0,174.0,138.0,-7.768,6.9943,-99.4522,22.2,4,1.0,-21.72,470.69,-14.86,471.42
2026-08-08 16:59:43.287,100.0,174.0,138.0,-7.768,6.9943,-99.4522,22.2,5,1.25,-21.71,470.68,-14.87,471.41
2026-08-08 16:59:46.278,100.0,174.0,144.0,-8.4565,6.144,-99.4522,21.9,1,0.25,-21.67,470.65,-14.74,471.37
2026-08-08 16:59:48.789,100.0,174.0,144.0,-8.4565,6.144,-99.4522,21.9,2,0.5,-21.67,470.65,-14.74,471.37
2026-08-08 16:59:49.029,100.0,174.0,144.0,-8.4565,6.144,-99.4522,21.9,3,0.75,-21.68,470.67,-14.75,471.39
2026-08-08 16:59:51.540,100.0,174.0,144.0,-8.4565,6.144,-99.4522,21.9,4,1.0,-21.68,470.67,-14.74,471.39
2026-08-08 16:59:51.780,100.0,174.0,144.0,-8.4565,6.144,-99.4522,21.9,5,1.25,-21.68,470.69,-14.75,471.41
2026-08-08 16:59:57.041,100.0,174.0,150.0,-9.0524,5.2264,-99.4522,23.6,1,0.25,-21.56,470.59,-14.71,471.31
2026-08-08 16:59:57.281,100.0,174.0,150.0,-9.0524,5.2264,-99.4522,23.6,2,0.5,-21.58,470.67,-14.72,471.39
2026-08-08 16:59:57.537,100.0,174.0,150.0,-9.0524,5.2264,-99.4522,23.6,3,0.75,-21.58,470.67,-14.72,471.39
2026-08-08 16:59:57.793,100.0,174.0,150.0,-9.0524,5.2264,-99.4522,23.6,4,1.0,-21.56,470.71,-14.72,471.43
2026-08-08 16:59:58.033,100.0,174.0,150.0,-9.0524,5.2264,-99.4522,23.6,5,1.25,-21.56,470.71,-14.72,471.43
2026-08-08 17:00:01.039,100.0,174.0,156.0,-9.5492,4.2516,-99.4522,22.4,1,0.25,-21.75,470.64,-14.79,471.37
2026-08-08 17:00:01.279,100.0,174.0,156.0,-9.5492,4.2516,-99.4522,22.4,2,0.5,-21.76,470.64,-14.79,471.37
2026-08-08 17:00:03.790,100.0,174.0,156.0,-9.5492,4.2516,-99.4522,22.4,3,0.75,-21.76,470.64,-14.79,471.37
2026-08-08 17:00:04.030,100.0,174.0,156.0,-9.5492,4.2516,-99.4522,22.4,4,1.0,-21.75,470.67,-14.8,471.4
2026-08-08 17:00:04.286,100.0,174.0,156.0,-9.5492,4.2516,-99.4522,22.4,5,1.25,-21.75,470.67,-14.8,471.4
2026-08-08 17:00:07.293,100.0,174.0,162.0,-9.9412,3.2301,-99.4522,22.2,1,0.25,-21.88,470.58,-14.76,471.31
2026-08-08 17:00:07.533,100.0,174.0,162.0,-9.9412,3.2301,-99.4522,22.2,2,0.5,-21.88,470.58,-14.76,471.31
2026-08-08 17:00:07.789,100.0,174.0,162.0,-9.9412,3.2301,-99.4522,22.2,3,0.75,-21.87,470.58,-14.75,471.31
2026-08-08 17:00:08.028,100.0,174.0,162.0,-9.9412,3.2301,-99.4522,22.2,4,1.0,-21.87,470.6,-14.75,471.33
2026-08-08 17:00:10.539,100.0,174.0,162.0,-9.9412,3.2301,-99.4522,22.2,5,1.25,-21.87,470.6,-14.75,471.33
2026-08-08 17:00:13.530,100.0,174.0,168.0,-10.2244,2.1733,-99.4522,22.0,1,0.25,-21.73,470.55,-14.68,471.28
2026-08-08 17:00:13.786,100.0,174.0,168.0,-10.2244,2.1733,-99.4522,22.0,2,0.5,-21.73,470.55,-14.68,471.28
2026-08-08 17:00:14.042,100.0,174.0,168.0,-10.2244,2.1733,-99.4522,22.0,3,0.75,-21.72,470.55,-14.69,471.28
2026-08-08 17:00:14.282,100.0,174.0,168.0,-10.2244,2.1733,-99.4522,22.0,4,1.0,-21.72,470.55,-14.69,471.28
2026-08-08 17:00:14.538,100.0,174.0,168.0,-10.2244,2.1733,-99.4522,22.0,5,1.25,-21.73,470.59,-14.68,471.32
2026-08-08 17:00:17.528,100.0,174.0,174.0,-10.3956,1.0926,-99.4522,21.3,1,0.25,-21.89,470.46,-14.8,471.2
2026-08-08 17:00:20.039,100.0,174.0,174.0,-10.3956,1.0926,-99.4522,21.3,2,0.5,-21.89,470.46,-14.8,471.2
2026-08-08 17:00:20.279,100.0,174.0,174.0,-10.3956,1.0926,-99.4522,21.3,3,0.75,-21.89,470.47,-14.81,471.21
2026-08-08 17:00:22.790,100.0,174.0,174.0,-10.3956,1.0926,-99.4522,21.3,4,1.0,-21.88,470.47,-14.81,471.21
2026-08-08 17:00:23.030,100.0,174.0,174.0,-10.3956,1.0926,-99.4522,21.3,5,1.25,-21.88,470.47,-14.81,471.21
2026-08-08 17:00:26.036,100.0,174.0,180.0,-10.4528,0.0,-99.4522,23.1,1,0.25,-21.77,470.49,-14.74,471.22
2026-08-08 17:00:26.292,100.0,174.0,180.0,-10.4528,0.0,-99.4522,23.1,2,0.5,-21.77,470.49,-14.74,471.22
2026-08-08 17:00:26.532,100.0,174.0,180.0,-10.4528,0.0,-99.4522,23.1,3,0.75,-21.77,470.49,-14.75,471.22
2026-08-08 17:00:26.788,100.0,174.0,180.0,-10.4528,0.0,-99.4522,23.1,4,1.0,-21.77,470.49,-14.75,471.22
2026-08-08 17:00:27.028,100.0,174.0,180.0,-10.4528,0.0,-99.4522,23.1,5,1.25,-21.78,470.51,-14.74,471.24
2026-08-08 17:00:32.290,100.0,174.0,186.0,-10.3956,-1.0926,-99.4522,22.8,1,0.25,-21.76,470.51,-14.7,471.24
2026-08-08 17:00:32.530,100.0,174.0,186.0,-10.3956,-1.0926,-99.4522,22.8,2,0.5,-21.76,470.51,-14.7,471.24
2026-08-08 17:00:32.786,100.0,174.0,186.0,-10.3956,-1.0926,-99.4522,22.8,3,0.75,-21.75,470.51,-14.71,471.24
2026-08-08 17:00:33.041,100.0,174.0,186.0,-10.3956,-1.0926,-99.4522,22.8,4,1.0,-21.75,470.51,-14.71,471.24
2026-08-08 17:00:33.281,100.0,174.0,186.0,-10.3956,-1.0926,-99.4522,22.8,5,1.25,-21.74,470.53,-14.71,471.26
2026-08-08 17:00:36.288,100.0,174.0,192.0,-10.2244,-2.1733,-99.4522,21.4,1,0.25,-21.58,470.48,-14.64,471.2
2026-08-08 17:00:36.544,100.0,174.0,192.0,-10.2244,-2.1733,-99.4522,21.4,2,0.5,-21.57,470.44,-14.64,471.16
2026-08-08 17:00:36.784,100.0,174.0,192.0,-10.2244,-2.1733,-99.4522,21.4,3,0.75,-21.57,470.44,-14.64,471.16
2026-08-08 17:00:37.040,100.0,174.0,192.0,-10.2244,-2.1733,-99.4522,21.4,4,1.0,-21.56,470.44,-14.63,471.16
2026-08-08 17:00:37.279,100.0,174.0,192.0,-10.2244,-2.1733,-99.4522,21.4,5,1.25,-21.57,470.53,-14.65,471.25
2026-08-08 17:00:42.541,100.0,174.0,198.0,-9.9412,-3.2301,-99.4522,,1,0.25,-21.41,470.55,-14.72,471.26
2026-08-08 17:00:42.781,100.0,174.0,198.0,-9.9412,-3.2301,-99.4522,,2,0.5,-21.41,470.59,-14.72,471.3
2026-08-08 17:00:43.037,100.0,174.0,198.0,-9.9412,-3.2301,-99.4522,,3,0.75,-21.41,470.59,-14.72,471.3
2026-08-08 17:00:43.293,100.0,174.0,198.0,-9.9412,-3.2301,-99.4522,,4,1.0,-21.42,470.57,-14.73,471.28
2026-08-08 17:00:43.533,100.0,174.0,198.0,-9.9412,-3.2301,-99.4522,,5,1.25,-21.42,470.57,-14.73,471.28
2026-08-08 17:00:46.539,100.0,174.0,204.0,-9.5492,-4.2516,-99.4522,22.2,1,0.25,-21.43,470.5,-14.78,471.21
2026-08-08 17:00:46.779,100.0,174.0,204.0,-9.5492,-4.2516,-99.4522,22.2,2,0.5,-21.44,470.48,-14.79,471.2
2026-08-08 17:00:49.290,100.0,174.0,204.0,-9.5492,-4.2516,-99.4522,22.2,3,0.75,-21.44,470.48,-14.79,471.2
2026-08-08 17:00:49.530,100.0,174.0,204.0,-9.5492,-4.2516,-99.4522,22.2,4,1.0,-21.43,470.5,-14.78,471.21
2026-08-08 17:00:49.786,100.0,174.0,204.0,-9.5492,-4.2516,-99.4522,22.2,5,1.25,-21.43,470.5,-14.78,471.21
2026-08-08 17:00:52.792,100.0,174.0,210.0,-9.0524,-5.2264,-99.4522,22.4,1,0.25,-21.53,470.47,-14.79,471.19
2026-08-08 17:00:53.032,100.0,174.0,210.0,-9.0524,-5.2264,-99.4522,22.4,2,0.5,-21.54,470.43,-14.79,471.15
2026-08-08 17:00:53.288,100.0,174.0,210.0,-9.0524,-5.2264,-99.4522,22.4,3,0.75,-21.54,470.43,-14.79,471.15
2026-08-08 17:00:53.528,100.0,174.0,210.0,-9.0524,-5.2264,-99.4522,22.4,4,1.0,-21.53,470.46,-14.79,471.18
2026-08-08 17:00:56.039,100.0,174.0,210.0,-9.0524,-5.2264,-99.4522,22.4,5,1.25,-21.53,470.46,-14.79,471.18
2026-08-08 17:00:59.030,100.0,174.0,216.0,-8.4565,-6.144,-99.4522,22.2,1,0.25,-21.58,470.38,-14.79,471.1
2026-08-08 17:00:59.286,100.0,174.0,216.0,-8.4565,-6.144,-99.4522,22.2,2,0.5,-21.58,470.38,-14.8,471.1
2026-08-08 17:00:59.541,100.0,174.0,216.0,-8.4565,-6.144,-99.4522,22.2,3,0.75,-21.58,470.38,-14.8,471.1
2026-08-08 17:00:59.781,100.0,174.0,216.0,-8.4565,-6.144,-99.4522,22.2,4,1.0,-21.58,470.37,-14.78,471.09
2026-08-08 17:01:00.037,100.0,174.0,216.0,-8.4565,-6.144,-99.4522,22.2,5,1.25,-21.58,470.37,-14.78,471.09
2026-08-08 17:01:03.028,100.0,174.0,222.0,-7.768,-6.9943,-99.4522,21.5,1,0.25,-21.58,470.42,-14.91,471.15
2026-08-08 17:01:05.539,100.0,174.0,222.0,-7.768,-6.9943,-99.4522,21.5,2,0.5,-21.58,470.38,-14.9,471.11
2026-08-08 17:01:05.779,100.0,174.0,222.0,-7.768,-6.9943,-99.4522,21.5,3,0.75,-21.58,470.38,-14.89,471.11
2026-08-08 17:01:08.290,100.0,174.0,222.0,-7.768,-6.9943,-99.4522,21.5,4,1.0,-21.59,470.39,-14.89,471.12
2026-08-08 17:01:08.529,100.0,174.0,222.0,-7.768,-6.9943,-99.4522,21.5,5,1.25,-21.59,470.39,-14.89,471.12
2026-08-08 17:01:11.536,100.0,174.0,228.0,-6.9943,-7.768,-99.4522,21.3,1,0.25,-21.73,470.34,-14.99,471.08
2026-08-08 17:01:11.792,100.0,174.0,228.0,-6.9943,-7.768,-99.4522,21.3,2,0.5,-21.75,470.41,-15.0,471.15
2026-08-08 17:01:12.032,100.0,174.0,228.0,-6.9943,-7.768,-99.4522,21.3,3,0.75,-21.75,470.41,-15.0,471.15
2026-08-08 17:01:12.288,100.0,174.0,228.0,-6.9943,-7.768,-99.4522,21.3,4,1.0,-21.75,470.42,-14.98,471.16
2026-08-08 17:01:12.528,100.0,174.0,228.0,-6.9943,-7.768,-99.4522,21.3,5,1.25,-21.74,470.5,-14.97,471.23
2026-08-08 17:01:17.789,100.0,174.0,234.0,-6.144,-8.4565,-99.4522,20.8,1,0.25,-21.76,470.51,-15.0,471.25
2026-08-08 17:01:18.029,100.0,174.0,234.0,-6.144,-8.4565,-99.4522,20.8,2,0.5,-21.76,470.5,-15.0,471.24
2026-08-08 17:01:18.285,100.0,174.0,234.0,-6.144,-8.4565,-99.4522,20.8,3,0.75,-21.76,470.5,-15.0,471.24
2026-08-08 17:01:18.541,100.0,174.0,234.0,-6.144,-8.4565,-99.4522,20.8,4,1.0,-21.77,470.5,-14.99,471.24
2026-08-08 17:01:18.781,100.0,174.0,234.0,-6.144,-8.4565,-99.4522,20.8,5,1.25,-21.77,470.5,-14.99,471.24
2026-08-08 17:01:21.788,100.0,174.0,240.0,-5.2264,-9.0524,-99.4522,21.8,1,0.25,-21.73,470.43,-15.0,471.17
2026-08-08 17:01:22.043,100.0,174.0,240.0,-5.2264,-9.0524,-99.4522,21.8,2,0.5,-21.73,470.43,-15.0,471.17
2026-08-08 17:01:22.283,100.0,174.0,240.0,-5.2264,-9.0524,-99.4522,21.8,3,0.75,-21.72,470.43,-15.01,471.17
2026-08-08 17:01:22.539,100.0,174.0,240.0,-5.2264,-9.0524,-99.4522,21.8,4,1.0,-21.72,470.43,-15.01,471.17
2026-08-08 17:01:22.779,100.0,174.0,240.0,-5.2264,-9.0524,-99.4522,21.8,5,1.25,-21.72,470.42,-14.99,471.15
2026-08-08 17:01:28.041,100.0,174.0,246.0,-4.2516,-9.5492,-99.4522,22.0,1,0.25,-21.71,470.32,-14.95,471.05
2026-08-08 17:01:28.281,100.0,174.0,246.0,-4.2516,-9.5492,-99.4522,22.0,2,0.5,-21.71,470.32,-14.95,471.05
2026-08-08 17:01:28.537,100.0,174.0,246.0,-4.2516,-9.5492,-99.4522,22.0,3,0.75,-21.7,470.35,-14.94,471.08
2026-08-08 17:01:28.792,100.0,174.0,246.0,-4.2516,-9.5492,-99.4522,22.0,4,1.0,-21.7,470.35,-14.94,471.08
2026-08-08 17:01:29.032,100.0,174.0,246.0,-4.2516,-9.5492,-99.4522,22.0,5,1.25,-21.7,470.31,-14.94,471.04
2026-08-08 17:01:32.039,100.0,174.0,252.0,-3.2301,-9.9412,-99.4522,23.4,1,0.25,-21.74,470.28,-14.99,471.02
2026-08-08 17:01:32.279,100.0,174.0,252.0,-3.2301,-9.9412,-99.4522,23.4,2,0.5,-21.72,470.24,-14.99,470.97
2026-08-08 17:01:34.790,100.0,174.0,252.0,-3.2301,-9.9412,-99.4522,23.4,3,0.75,-21.73,470.27,-14.99,471.01
2026-08-08 17:01:35.030,100.0,174.0,252.0,-3.2301,-9.9412,-99.4522,23.4,4,1.0,-21.73,470.27,-14.99,471.01
2026-08-08 17:01:35.286,100.0,174.0,252.0,-3.2301,-9.9412,-99.4522,23.4,5,1.25,-21.72,470.28,-14.99,471.01
2026-08-08 17:01:38.292,100.0,174.0,258.0,-2.1733,-10.2244,-99.4522,22.6,1,0.25,-21.61,470.22,-14.97,470.95
2026-08-08 17:01:38.532,100.0,174.0,258.0,-2.1733,-10.2244,-99.4522,22.6,2,0.5,-21.61,470.22,-14.97,470.95
2026-08-08 17:01:38.788,100.0,174.0,258.0,-2.1733,-10.2244,-99.4522,22.6,3,0.75,-21.62,470.28,-14.98,471.01
2026-08-08 17:01:39.028,100.0,174.0,258.0,-2.1733,-10.2244,-99.4522,22.6,4,1.0,-21.63,470.29,-14.99,471.02
2026-08-08 17:01:41.539,100.0,174.0,258.0,-2.1733,-10.2244,-99.4522,22.6,5,1.25,-21.63,470.28,-14.97,471.01
2026-08-08 17:01:44.529,100.0,174.0,264.0,-1.0926,-10.3956,-99.4522,22.5,1,0.25,-21.62,470.34,-15.03,471.07
2026-08-08 17:01:44.785,100.0,174.0,264.0,-1.0926,-10.3956,-99.4522,22.5,2,0.5,-21.62,470.34,-15.03,471.07
2026-08-08 17:01:45.041,100.0,174.0,264.0,-1.0926,-10.3956,-99.4522,22.5,3,0.75,-21.61,470.31,-15.04,471.04
2026-08-08 17:01:45.281,100.0,174.0,264.0,-1.0926,-10.3956,-99.4522,22.5,4,1.0,-21.61,470.31,-15.04,471.04
2026-08-08 17:01:45.537,100.0,174.0,264.0,-1.0926,-10.3956,-99.4522,22.5,5,1.25,-21.61,470.32,-15.04,471.05
2026-08-08 17:01:48.528,100.0,174.0,270.0,-0.0,-10.4528,-99.4522,21.7,1,0.25,-21.65,470.37,-15.04,471.1
2026-08-08 17:01:51.038,100.0,174.0,270.0,-0.0,-10.4528,-99.4522,21.7,2,0.5,-21.65,470.37,-15.04,471.1
2026-08-08 17:01:51.278,100.0,174.0,270.0,-0.0,-10.4528,-99.4522,21.7,3,0.75,-21.65,470.38,-15.05,471.11
2026-08-08 17:01:53.789,100.0,174.0,270.0,-0.0,-10.4528,-99.4522,21.7,4,1.0,-21.65,470.38,-15.05,471.11
2026-08-08 17:01:54.029,100.0,174.0,270.0,-0.0,-10.4528,-99.4522,21.7,5,1.25,-21.66,470.36,-15.05,471.09
2026-08-08 17:01:57.036,100.0,174.0,276.0,1.0926,-10.3956,-99.4522,22.9,1,0.25,-21.65,470.36,-15.06,471.09
2026-08-08 17:01:57.292,100.0,174.0,276.0,1.0926,-10.3956,-99.4522,22.9,2,0.5,-21.65,470.36,-15.06,471.09
2026-08-08 17:01:57.532,100.0,174.0,276.0,1.0926,-10.3956,-99.4522,22.9,3,0.75,-21.66,470.34,-15.07,471.07
2026-08-08 17:01:57.787,100.0,174.0,276.0,1.0926,-10.3956,-99.4522,22.9,4,1.0,-21.66,470.34,-15.07,471.07
2026-08-08 17:01:58.027,100.0,174.0,276.0,1.0926,-10.3956,-99.4522,22.9,5,1.25,-21.65,470.33,-15.07,471.06
2026-08-08 17:02:03.289,100.0,174.0,282.0,2.1733,-10.2244,-99.4522,23.1,1,0.25,-21.61,470.34,-15.03,471.07
2026-08-08 17:02:03.529,100.0,174.0,282.0,2.1733,-10.2244,-99.4522,23.1,2,0.5,-21.61,470.34,-15.03,471.07
2026-08-08 17:02:03.785,100.0,174.0,282.0,2.1733,-10.2244,-99.4522,23.1,3,0.75,-21.62,470.34,-15.04,471.07
2026-08-08 17:02:04.041,100.0,174.0,282.0,2.1733,-10.2244,-99.4522,23.1,4,1.0,-21.62,470.34,-15.04,471.07
2026-08-08 17:02:04.281,100.0,174.0,282.0,2.1733,-10.2244,-99.4522,23.1,5,1.25,-21.62,470.33,-15.03,471.06
2026-08-08 17:02:07.287,100.0,174.0,288.0,3.2301,-9.9412,-99.4522,22.5,1,0.25,-21.73,470.32,-15.1,471.06
2026-08-08 17:02:07.543,100.0,174.0,288.0,3.2301,-9.9412,-99.4522,22.5,2,0.5,-21.73,470.33,-15.09,471.07
2026-08-08 17:02:07.783,100.0,174.0,288.0,3.2301,-9.9412,-99.4522,22.5,3,0.75,-21.73,470.33,-15.09,471.07
2026-08-08 17:02:08.039,100.0,174.0,288.0,3.2301,-9.9412,-99.4522,22.5,4,1.0,-21.73,470.31,-15.09,471.05
2026-08-08 17:02:08.279,100.0,174.0,288.0,3.2301,-9.9412,-99.4522,22.5,5,1.25,-21.73,470.31,-15.09,471.05
2026-08-08 17:02:11.285,100.0,174.0,294.0,4.2516,-9.5492,-99.4522,23.6,1,0.25,-21.65,470.33,-15.03,471.06
2026-08-08 17:02:11.541,100.0,174.0,294.0,4.2516,-9.5492,-99.4522,23.6,2,0.5,-21.65,470.33,-15.03,471.06
2026-08-08 17:02:11.781,100.0,174.0,294.0,4.2516,-9.5492,-99.4522,23.6,3,0.75,-21.63,470.37,-15.04,471.1
2026-08-08 17:02:12.037,100.0,174.0,294.0,4.2516,-9.5492,-99.4522,23.6,4,1.0,-21.63,470.37,-15.04,471.1
2026-08-08 17:02:12.293,100.0,174.0,294.0,4.2516,-9.5492,-99.4522,23.6,5,1.25,-21.63,470.35,-15.04,471.08
2026-08-08 17:02:15.284,100.0,174.0,300.0,5.2264,-9.0524,-99.4522,22.2,1,0.25,-21.59,470.34,-15.12,471.07
2026-08-08 17:02:15.540,100.0,174.0,300.0,5.2264,-9.0524,-99.4522,22.2,2,0.5,-21.59,470.34,-15.12,471.07
2026-08-08 17:02:15.779,100.0,174.0,300.0,5.2264,-9.0524,-99.4522,22.2,3,0.75,-21.59,470.36,-15.13,471.09
2026-08-08 17:02:16.035,100.0,174.0,300.0,5.2264,-9.0524,-99.4522,22.2,4,1.0,-21.59,470.36,-15.13,471.09
2026-08-08 17:02:16.291,100.0,174.0,300.0,5.2264,-9.0524,-99.4522,22.2,5,1.25,-21.6,470.38,-15.11,471.11
2026-08-08 17:02:19.282,100.0,174.0,306.0,6.144,-8.4565,-99.4522,23.3,1,0.25,-21.74,470.37,-15.18,471.11
2026-08-08 17:02:19.538,100.0,174.0,306.0,6.144,-8.4565,-99.4522,23.3,2,0.5,-21.73,470.36,-15.17,471.1
2026-08-08 17:02:19.778,100.0,174.0,306.0,6.144,-8.4565,-99.4522,23.3,3,0.75,-21.74,470.35,-15.17,471.09
2026-08-08 17:02:22.289,100.0,174.0,306.0,6.144,-8.4565,-99.4522,23.3,4,1.0,-21.74,470.35,-15.17,471.09
2026-08-08 17:02:22.529,100.0,174.0,306.0,6.144,-8.4565,-99.4522,23.3,5,1.25,-21.73,470.35,-15.17,471.09
2026-08-08 17:02:27.790,100.0,174.0,312.0,6.9943,-7.768,-99.4522,23.1,1,0.25,-21.74,470.36,-15.23,471.1
2026-08-08 17:02:28.030,100.0,174.0,312.0,6.9943,-7.768,-99.4522,23.1,2,0.5,-21.74,470.36,-15.23,471.1
2026-08-08 17:02:28.286,100.0,174.0,312.0,6.9943,-7.768,-99.4522,23.1,3,0.75,-21.74,470.35,-15.23,471.09
2026-08-08 17:02:28.542,100.0,174.0,312.0,6.9943,-7.768,-99.4522,23.1,4,1.0,-21.74,470.35,-15.23,471.09
2026-08-08 17:02:28.782,100.0,174.0,312.0,6.9943,-7.768,-99.4522,23.1,5,1.25,-21.74,470.31,-15.22,471.05
2026-08-08 17:02:31.788,100.0,174.0,318.0,7.768,-6.9943,-99.4522,22.2,1,0.25,-21.71,470.38,-15.15,471.12
2026-08-08 17:02:32.028,100.0,174.0,318.0,7.768,-6.9943,-99.4522,22.2,2,0.5,-21.72,470.37,-15.15,471.11
2026-08-08 17:02:34.539,100.0,174.0,318.0,7.768,-6.9943,-99.4522,22.2,3,0.75,-21.72,470.28,-15.15,471.02
2026-08-08 17:02:34.779,100.0,174.0,318.0,7.768,-6.9943,-99.4522,22.2,4,1.0,-21.72,470.28,-15.15,471.02
2026-08-08 17:02:35.035,100.0,174.0,318.0,7.768,-6.9943,-99.4522,22.2,5,1.25,-21.73,470.31,-15.15,471.05
2026-08-08 17:02:38.041,100.0,174.0,324.0,8.4565,-6.144,-99.4522,21.3,1,0.25,-21.65,470.3,-15.08,471.03
2026-08-08 17:02:38.281,100.0,174.0,324.0,8.4565,-6.144,-99.4522,21.3,2,0.5,-21.64,470.28,-15.08,471.01
2026-08-08 17:02:38.537,100.0,174.0,324.0,8.4565,-6.144,-99.4522,21.3,3,0.75,-21.64,470.28,-15.08,471.01
2026-08-08 17:02:38.777,100.0,174.0,324.0,8.4565,-6.144,-99.4522,21.3,4,1.0,-21.63,470.28,-15.08,471.01
2026-08-08 17:02:41.288,100.0,174.0,324.0,8.4565,-6.144,-99.4522,21.3,5,1.25,-21.62,470.27,-15.07,471.0
2026-08-08 17:02:44.279,100.0,174.0,330.0,9.0524,-5.2264,-99.4522,23.2,1,0.25,-21.66,470.27,-15.05,471.0
2026-08-08 17:02:44.535,100.0,174.0,330.0,9.0524,-5.2264,-99.4522,23.2,2,0.5,-21.64,470.26,-15.06,470.99
2026-08-08 17:02:44.790,100.0,174.0,330.0,9.0524,-5.2264,-99.4522,23.2,3,0.75,-21.64,470.26,-15.06,470.99
2026-08-08 17:02:45.030,100.0,174.0,330.0,9.0524,-5.2264,-99.4522,23.2,4,1.0,-21.66,470.3,-15.06,471.03
2026-08-08 17:02:45.286,100.0,174.0,330.0,9.0524,-5.2264,-99.4522,23.2,5,1.25,-21.66,470.3,-15.06,471.03
2026-08-08 17:02:48.277,100.0,174.0,336.0,9.5492,-4.2516,-99.4522,22.2,1,0.25,-21.62,470.34,-15.2,471.08
2026-08-08 17:02:50.788,100.0,174.0,336.0,9.5492,-4.2516,-99.4522,22.2,2,0.5,-21.62,470.35,-15.2,471.09
2026-08-08 17:02:51.028,100.0,174.0,336.0,9.5492,-4.2516,-99.4522,22.2,3,0.75,-21.61,470.34,-15.2,471.08
2026-08-08 17:02:53.539,100.0,174.0,336.0,9.5492,-4.2516,-99.4522,22.2,4,1.0,-21.61,470.34,-15.2,471.08
2026-08-08 17:02:53.778,100.0,174.0,336.0,9.5492,-4.2516,-99.4522,22.2,5,1.25,-21.62,470.32,-15.2,471.06
2026-08-08 17:02:59.040,100.0,174.0,342.0,9.9412,-3.2301,-99.4522,22.6,1,0.25,-21.45,470.35,-15.12,471.08
2026-08-08 17:02:59.280,100.0,174.0,342.0,9.9412,-3.2301,-99.4522,22.6,2,0.5,-21.45,470.35,-15.12,471.08
2026-08-08 17:02:59.536,100.0,174.0,342.0,9.9412,-3.2301,-99.4522,22.6,3,0.75,-21.45,470.39,-15.13,471.12
2026-08-08 17:02:59.792,100.0,174.0,342.0,9.9412,-3.2301,-99.4522,22.6,4,1.0,-21.45,470.39,-15.13,471.12
2026-08-08 17:03:00.032,100.0,174.0,342.0,9.9412,-3.2301,-99.4522,22.6,5,1.25,-21.46,470.41,-15.12,471.14
2026-08-08 17:03:03.038,100.0,174.0,348.0,10.2244,-2.1733,-99.4522,21.8,1,0.25,-21.54,470.37,-15.04,471.1
2026-08-08 17:03:03.278,100.0,174.0,348.0,10.2244,-2.1733,-99.4522,21.8,2,0.5,-21.52,470.35,-15.03,471.08
2026-08-08 17:03:05.789,100.0,174.0,348.0,10.2244,-2.1733,-99.4522,21.8,3,0.75,-21.52,470.37,-15.03,471.1
2026-08-08 17:03:06.029,100.0,174.0,348.0,10.2244,-2.1733,-99.4522,21.8,4,1.0,-21.52,470.37,-15.03,471.1
2026-08-08 17:03:06.285,100.0,174.0,348.0,10.2244,-2.1733,-99.4522,21.8,5,1.25,-21.53,470.38,-15.04,471.11
2026-08-08 17:03:09.292,100.0,174.0,354.0,10.3956,-1.0926,-99.4522,22.3,1,0.25,-21.66,470.42,-15.1,471.16
2026-08-08 17:03:09.532,100.0,174.0,354.0,10.3956,-1.0926,-99.4522,22.3,2,0.5,-21.66,470.42,-15.1,471.16
2026-08-08 17:03:09.787,100.0,174.0,354.0,10.3956,-1.0926,-99.4522,22.3,3,0.75,-21.66,470.42,-15.1,471.16
2026-08-08 17:03:10.027,100.0,174.0,354.0,10.3956,-1.0926,-99.4522,22.3,4,1.0,-21.68,470.43,-15.1,471.17
2026-08-08 17:03:12.538,100.0,174.0,354.0,10.3956,-1.0926,-99.4522,22.3,5,1.25,-21.67,470.41,-15.11,471.15
2026-08-08 17:03:16.408,100.0,180.0,0.0,0.0,0.0,-100.0,22.5,1,0.25,-21.98,470.37,-14.96,471.12
2026-08-08 17:03:16.664,100.0,180.0,0.0,0.0,0.0,-100.0,22.5,2,0.5,-21.98,470.35,-14.97,471.1
2026-08-08 17:03:16.904,100.0,180.0,0.0,0.0,0.0,-100.0,22.5,3,0.75,-21.98,470.35,-14.97,471.1
2026-08-08 17:03:17.160,100.0,180.0,0.0,0.0,0.0,-100.0,22.5,4,1.0,-21.97,470.35,-14.99,471.1
2026-08-08 17:03:17.416,100.0,180.0,0.0,0.0,0.0,-100.0,22.5,5,1.25,-21.97,470.35,-14.99,471.1
2026-08-08 17:03:28.291,0.0,0.0,0.0,0.0,0.0,0.0,21.8,1,0.25,-21.91,468.25,-15.88,469.03
2026-08-08 17:03:28.531,0.0,0.0,0.0,0.0,0.0,0.0,21.8,2,0.5,-21.92,468.19,-15.88,468.97
2026-08-08 17:03:28.787,0.0,0.0,0.0,0.0,0.0,0.0,21.8,3,0.75,-21.92,468.19,-15.88,468.97
2026-08-08 17:03:29.027,0.0,0.0,0.0,0.0,0.0,0.0,21.8,4,1.0,-21.91,468.18,-15.88,468.96
2026-08-08 17:03:31.538,0.0,0.0,0.0,0.0,0.0,0.0,21.8,5,1.25,-21.91,468.18,-15.88,468.96
