solid Created by Gmsh
facet normal 0.942504 -0.33403 -0.0104474
  outer loop
    vertex 33.39017729290421 226.4630513417739 4.510405303867341
    vertex 33.9352907864408 228.0229791607478 3.8125
    vertex 33.91340211373926 227.9226246288601 5.04642569291265
  endloop
endfacet
facet normal 0.942492 0.334062 -0.0105268
  outer loop
    vertex 33.9352907864408 230.650259145999 3.8125
    vertex 33.3901772929042 232.2101869649729 4.510405303867355
    vertex 33.9132582791094 230.7512484621946 5.04470159102492
  endloop
endfacet
facet normal 0.364558 0.928712 -0.0677567
  outer loop
    vertex 28.90026149965852 235.6175655315801 4.562649156293198
    vertex 30.00974043222947 235.2942111446963 6.1
    vertex 31.04352531141328 234.7762731512331 4.563012111056866
  endloop
endfacet
facet normal 0.364447 0.928491 0.0712876
  outer loop
    vertex 30.01273136039859 235.293036425298 3.102167162625695
    vertex 28.90026149965852 235.6175655315801 4.562649156293198
    vertex 31.04352531141328 234.7762731512331 4.563012111056866
  endloop
endfacet
facet normal 0.944639 -0.326424 -0.0332417
  outer loop
    vertex 33.78722383331585 227.4501860371436 6.1
    vertex 33.39017729290421 226.4630513417739 4.510405303867341
    vertex 33.91340211373926 227.9226246288601 5.04642569291265
  endloop
endfacet
facet normal 0.944606 0.326527 -0.0331696
  outer loop
    vertex 33.3901772929042 232.2101869649729 4.510405303867355
    vertex 33.78722383331585 231.2230522696032 6.1
    vertex 33.9132582791094 230.7512484621946 5.04470159102492
  endloop
endfacet
facet normal -0.618773 -0.78382 0.0524064
  outer loop
    vertex 23.69789862497502 224.3196447509589 1.635054188491475
    vertex 24.54322307568 223.7532938560863 3.145306299710438
    vertex 22.98134647579588 224.9820908185562 3.082494287104185
  endloop
endfacet
facet normal 0.217516 -0.974627 0.0528076
  outer loop
    vertex 28.06606799540773 222.9487899629591 3.144169517993998
    vertex 29.07986115516979 223.093488378299 1.638908634325019
    vertex 30.01039623462016 223.3792845871787 3.080718805106614
  endloop
endfacet
facet normal 0.900125 -0.433477 -0.0432664
  outer loop
    vertex 32.95948603190693 225.7313707817662 0
    vertex 33.78722383331585 227.4501860371436 0
    vertex 33.43775863086004 226.559763223021 1.65060505099245
  endloop
endfacet
facet normal 0.900125 0.433477 -0.0432664
  outer loop
    vertex 33.78722383331585 231.2230522696032 0
    vertex 32.95948603190691 232.9418675249806 0
    vertex 33.43775863086003 232.1134750837257 1.650605050992473
  endloop
endfacet
facet normal 0.3654 0.929813 0.0439332
  outer loop
    vertex 30.00974043222947 235.2942111446963 0
    vertex 29.09462792501878 235.576400530665 1.638828761148598
    vertex 30.87600308017042 234.8766129200931 1.633292812761352
  endloop
endfacet
facet normal 0.623187 -0.780863 0.0434783
  outer loop
    vertex 30.87155787628458 223.794056569153 1.650605050992449
    vertex 31.66189260818046 224.332897665578 0
    vertex 32.36583706214265 224.9864762907516 1.648322156101257
  endloop
endfacet
facet normal 0.365064 0.929691 -0.0490146
  outer loop
    vertex 30.87600308017042 234.8766129200931 1.633292812761352
    vertex 29.09462792501878 235.576400530665 1.638828761148598
    vertex 30.01273136039859 235.293036425298 3.102167162625695
  endloop
endfacet
facet normal 0.825619 -0.562578 0.0431143
  outer loop
    vertex 32.95948603190693 225.7313707817662 0
    vertex 33.43775863086004 226.559763223021 1.65060505099245
    vertex 32.36583706214265 224.9864762907516 1.648322156101257
  endloop
endfacet
facet normal 0.825619 0.562578 0.0431143
  outer loop
    vertex 33.43775863086003 232.1134750837257 1.650605050992473
    vertex 32.95948603190691 232.9418675249806 0
    vertex 32.36583706214263 233.6867620159952 1.648322156101286
  endloop
endfacet
facet normal 0.499522 0.865197 -0.0437229
  outer loop
    vertex 31.66189260818044 234.3403406411688 0
    vertex 30.00974043222947 235.2942111446963 0
    vertex 30.87600308017042 234.8766129200931 1.633292812761352
  endloop
endfacet
facet normal 0.623192 0.780859 0.0434747
  outer loop
    vertex 32.36583706214263 233.6867620159952 1.648322156101286
    vertex 31.66189260818044 234.3403406411688 0
    vertex 30.87600308017042 234.8766129200931 1.633292812761352
  endloop
endfacet
facet normal 0.732364 -0.679534 -0.0433255
  outer loop
    vertex 31.66189260818046 224.332897665578 0
    vertex 32.95948603190693 225.7313707817662 0
    vertex 32.36583706214265 224.9864762907516 1.648322156101257
  endloop
endfacet
facet normal 0.622797 -0.781182 -0.0433451
  outer loop
    vertex 32.36308985599545 224.9835136316395 4.449394949007549
    vertex 31.66189260818046 224.332897665578 6.1
    vertex 30.87162436624737 223.7940949576827 4.455663149313557
  endloop
endfacet
facet normal -0.497164 -0.866574 0.0433169
  outer loop
    vertex 24.47155787628458 223.794056569153 0
    vertex 25.34734072125981 223.3735650184281 1.639563774766774
    vertex 23.69789862497502 224.3196447509589 1.635054188491475
  endloop
endfacet
facet normal -0.954678 0.294479 0.0432664
  outer loop
    vertex 21.34304058844372 230.2904896569009 6.1
    vertex 21.90535712170906 232.1134750837257 6.1
    vertex 21.55589191925324 231.2230522696032 4.449394949007494
  endloop
endfacet
facet normal 0.499528 -0.865208 0.043431
  outer loop
    vertex 31.66189260818046 224.332897665578 6.1
    vertex 30.00974043222952 223.3790271620505 6.1
    vertex 30.87162436624737 223.7940949576827 4.455663149313557
  endloop
endfacet
facet normal -0.622895 -0.781086 -0.0436555
  outer loop
    vertex 22.98002589657369 224.9835136316395 0
    vertex 24.47155787628458 223.794056569153 0
    vertex 23.69789862497502 224.3196447509589 1.635054188491475
  endloop
endfacet
facet normal -0.954678 -0.294479 -0.0432664
  outer loop
    vertex 21.34304058844373 228.3827486498458 0
    vertex 21.90535712170908 226.559763223021 0
    vertex 21.55589191925326 227.4501860371436 1.650605050992488
  endloop
endfacet
facet normal -0.987905 0.148903 0.0432664
  outer loop
    vertex 21.34304058844372 230.2904896569009 0
    vertex 21.27155787628455 229.3366191533734 1.65060505099248
    vertex 21.55589191925325 231.2230522696032 1.650605050992485
  endloop
endfacet
facet normal -0.999064 -5.58155e-15 0.0432664
  outer loop
    vertex 21.34304058844373 228.3827486498458 6.1
    vertex 21.34304058844372 230.2904896569009 6.1
    vertex 21.27155787628455 229.3366191533733 4.449394949007501
  endloop
endfacet
facet normal -0.732365 -0.679536 -0.0432664
  outer loop
    vertex 23.68122314438869 224.332897665578 4.449394949007524
    vertex 22.98002589657369 224.9835136316395 6.1
    vertex 22.3836297206622 225.7313707817662 4.449394949007517
  endloop
endfacet
facet normal -0.622906 0.781099 0.0432664
  outer loop
    vertex 22.98002589657365 233.6897246751073 6.1
    vertex 24.47155787628454 234.8791817375938 6.1
    vertex 23.68122314438865 234.3403406411688 4.449394949007512
  endloop
endfacet
facet normal -0.825465 -0.562793 -0.0432664
  outer loop
    vertex 21.90535712170908 226.559763223021 0
    vertex 22.98002589657369 224.9835136316395 0
    vertex 22.38362972066219 225.7313707817662 1.650605050992473
  endloop
endfacet
facet normal -0.732365 0.679536 0.0432664
  outer loop
    vertex 22.98002589657365 233.6897246751073 0
    vertex 22.38362972066217 232.9418675249806 1.650605050992479
    vertex 23.68122314438866 234.3403406411688 1.650605050992481
  endloop
endfacet
facet normal -0.732365 0.679536 -0.0432664
  outer loop
    vertex 22.38362972066216 232.9418675249806 4.449394949007521
    vertex 22.98002589657365 233.6897246751073 6.1
    vertex 23.68122314438865 234.3403406411688 4.449394949007512
  endloop
endfacet
facet normal 0.732347 0.679518 0.0438548
  outer loop
    vertex 31.66189260818044 234.3403406411688 6.1
    vertex 32.95948603190691 232.9418675249806 6.1
    vertex 32.37565637093877 233.6761418636022 4.472190051355272
  endloop
endfacet
facet normal -0.987905 -0.148903 0.0432664
  outer loop
    vertex 21.27155787628455 229.3366191533734 1.65060505099248
    vertex 21.34304058844373 228.3827486498458 0
    vertex 21.55589191925326 227.4501860371436 1.650605050992488
  endloop
endfacet
facet normal -0.0746585 -0.996248 -0.0437692
  outer loop
    vertex 26.24742389896418 223.0970805154097 0
    vertex 28.14983047523771 222.9545148514138 0
    vertex 27.17781227268853 222.9556932582599 1.631179640205521
  endloop
endfacet
facet normal -0.622906 0.781099 -0.0432664
  outer loop
    vertex 24.47155787628454 234.8791817375938 0
    vertex 22.98002589657365 233.6897246751073 0
    vertex 23.68122314438866 234.3403406411688 1.650605050992481
  endloop
endfacet
facet normal -0.222162 0.974045 0.0433551
  outer loop
    vertex 26.24742389896413 235.5761577913371 0
    vertex 25.33337532033961 235.2942111446963 1.650605050992479
    vertex 27.1930528595229 235.7187060337703 1.643036940450391
  endloop
endfacet
facet normal -0.730952 -0.680981 0.0444319
  outer loop
    vertex 22.38362972066219 225.7313707817662 1.650605050992473
    vertex 22.98002589657369 224.9835136316395 0
    vertex 23.69789862497502 224.3196447509589 1.635054188491475
  endloop
endfacet
facet normal -0.987905 0.148903 -0.0432664
  outer loop
    vertex 21.27155787628455 229.3366191533733 4.449394949007501
    vertex 21.34304058844372 230.2904896569009 6.1
    vertex 21.55589191925324 231.2230522696032 4.449394949007494
  endloop
endfacet
facet normal -0.364999 0.930002 -0.0432664
  outer loop
    vertex 26.24742389896413 235.5761577913371 0
    vertex 24.47155787628454 234.8791817375938 0
    vertex 25.33337532033961 235.2942111446963 1.650605050992479
  endloop
endfacet
facet normal -0.999064 -5.58155e-15 -0.0432664
  outer loop
    vertex 21.34304058844372 230.2904896569009 0
    vertex 21.34304058844373 228.3827486498458 0
    vertex 21.27155787628455 229.3366191533734 1.65060505099248
  endloop
endfacet
facet normal 0.499532 -0.865214 -0.0432664
  outer loop
    vertex 30.00974043222952 223.3790271620505 0
    vertex 31.66189260818046 224.332897665578 0
    vertex 30.87155787628458 223.794056569153 1.650605050992449
  endloop
endfacet
facet normal 0.222313 -0.974015 0.0432664
  outer loop
    vertex 30.00974043222952 223.3790271620505 6.1
    vertex 28.14983047523771 222.9545148514138 6.1
    vertex 29.095691853605 223.0970805154097 4.449394949007536
  endloop
endfacet
facet normal -0.825465 0.562793 -0.0432664
  outer loop
    vertex 22.98002589657365 233.6897246751073 0
    vertex 21.90535712170906 232.1134750837257 0
    vertex 22.38362972066217 232.9418675249806 1.650605050992479
  endloop
endfacet
facet normal -0.900125 -0.433477 0.0432664
  outer loop
    vertex 21.90535712170908 226.559763223021 0
    vertex 22.38362972066219 225.7313707817662 1.650605050992473
    vertex 21.55589191925326 227.4501860371436 1.650605050992488
  endloop
endfacet
facet normal -0.499532 0.865214 -0.0432664
  outer loop
    vertex 23.68122314438865 234.3403406411688 4.449394949007512
    vertex 24.47155787628454 234.8791817375938 6.1
    vertex 25.33337532033963 235.2942111446963 4.44939494900752
  endloop
endfacet
facet normal -0.900125 0.433477 -0.0432664
  outer loop
    vertex 21.90535712170906 232.1134750837257 6.1
    vertex 22.38362972066216 232.9418675249806 4.449394949007521
    vertex 21.55589191925324 231.2230522696032 4.449394949007494
  endloop
endfacet
facet normal -0.364994 -0.929991 -0.0435466
  outer loop
    vertex 24.47155787628458 223.794056569153 0
    vertex 26.24742389896418 223.0970805154097 0
    vertex 25.34734072125981 223.3735650184281 1.639563774766774
  endloop
endfacet
facet normal -0.0746595 0.996261 -0.0434653
  outer loop
    vertex 28.14983047523766 235.7187234553329 0
    vertex 26.24742389896413 235.5761577913371 0
    vertex 27.1930528595229 235.7187060337703 1.643036940450391
  endloop
endfacet
facet normal -0.987905 -0.148903 -0.0432664
  outer loop
    vertex 21.55589191925327 227.4501860371435 4.449394949007522
    vertex 21.34304058844373 228.3827486498458 6.1
    vertex 21.27155787628455 229.3366191533733 4.449394949007501
  endloop
endfacet
facet normal -0.825465 0.562793 0.0432664
  outer loop
    vertex 21.90535712170906 232.1134750837257 6.1
    vertex 22.98002589657365 233.6897246751073 6.1
    vertex 22.38362972066216 232.9418675249806 4.449394949007521
  endloop
endfacet
facet normal -0.0746601 0.99627 0.0432664
  outer loop
    vertex 26.24742389896413 235.5761577913371 6.1
    vertex 28.14983047523766 235.7187234553329 6.1
    vertex 27.19328527733143 235.7187234553329 4.449394949007521
  endloop
endfacet
facet normal 0.074652 0.996261 0.0434821
  outer loop
    vertex 29.09462792501878 235.576400530665 1.638828761148598
    vertex 28.14983047523766 235.7187234553329 0
    vertex 27.1930528595229 235.7187060337703 1.643036940450391
  endloop
endfacet
facet normal 0.22231 0.974002 -0.0435767
  outer loop
    vertex 30.00974043222947 235.2942111446963 0
    vertex 28.14983047523766 235.7187234553329 0
    vertex 29.09462792501878 235.576400530665 1.638828761148598
  endloop
endfacet
facet normal -0.622906 -0.781099 0.0432664
  outer loop
    vertex 24.47155787628458 223.794056569153 6.1
    vertex 22.98002589657369 224.9835136316395 6.1
    vertex 23.68122314438869 224.332897665578 4.449394949007524
  endloop
endfacet
facet normal -0.364999 0.930002 0.0432664
  outer loop
    vertex 24.47155787628454 234.8791817375938 6.1
    vertex 26.24742389896413 235.5761577913371 6.1
    vertex 25.33337532033963 235.2942111446963 4.44939494900752
  endloop
endfacet
facet normal -0.499532 0.865214 0.0432664
  outer loop
    vertex 25.33337532033961 235.2942111446963 1.650605050992479
    vertex 24.47155787628454 234.8791817375938 0
    vertex 23.68122314438866 234.3403406411688 1.650605050992481
  endloop
endfacet
facet normal -0.825465 -0.562793 0.0432664
  outer loop
    vertex 22.98002589657369 224.9835136316395 6.1
    vertex 21.90535712170908 226.559763223021 6.1
    vertex 22.3836297206622 225.7313707817662 4.449394949007517
  endloop
endfacet
facet normal 0.732365 -0.679536 0.0432664
  outer loop
    vertex 32.95948603190693 225.7313707817662 6.1
    vertex 31.66189260818046 224.332897665578 6.1
    vertex 32.36308985599545 224.9835136316395 4.449394949007549
  endloop
endfacet
facet normal -0.900125 -0.433477 -0.0432664
  outer loop
    vertex 21.90535712170908 226.559763223021 6.1
    vertex 21.55589191925327 227.4501860371435 4.449394949007522
    vertex 22.3836297206622 225.7313707817662 4.449394949007517
  endloop
endfacet
facet normal -0.954678 0.294479 -0.0432664
  outer loop
    vertex 21.90535712170906 232.1134750837257 0
    vertex 21.34304058844372 230.2904896569009 0
    vertex 21.55589191925325 231.2230522696032 1.650605050992485
  endloop
endfacet
facet normal -0.222313 0.974015 -0.0432664
  outer loop
    vertex 26.24742389896413 235.5761577913371 6.1
    vertex 27.19328527733143 235.7187234553329 4.449394949007521
    vertex 25.33337532033963 235.2942111446963 4.44939494900752
  endloop
endfacet
facet normal -0.954678 -0.294479 0.0432664
  outer loop
    vertex 21.90535712170908 226.559763223021 6.1
    vertex 21.34304058844373 228.3827486498458 6.1
    vertex 21.55589191925327 227.4501860371435 4.449394949007522
  endloop
endfacet
facet normal -0.900125 0.433477 0.0432664
  outer loop
    vertex 22.38362972066217 232.9418675249806 1.650605050992479
    vertex 21.90535712170906 232.1134750837257 0
    vertex 21.55589191925325 231.2230522696032 1.650605050992485
  endloop
endfacet
facet normal -0.222177 -0.974089 0.0422931
  outer loop
    vertex 25.34734072125981 223.3735650184281 1.639563774766774
    vertex 26.24742389896418 223.0970805154097 0
    vertex 27.17781227268853 222.9556932582599 1.631179640205521
  endloop
endfacet
facet normal 0.365136 -0.929944 -0.043352
  outer loop
    vertex 30.00974043222952 223.3790271620505 6.1
    vertex 29.095691853605 223.0970805154097 4.449394949007536
    vertex 30.87162436624737 223.7940949576827 4.455663149313557
  endloop
endfacet
facet normal -0.222535 -0.973914 -0.0443773
  outer loop
    vertex 25.34734072125981 223.3735650184281 1.639563774766774
    vertex 27.17781227268853 222.9556932582599 1.631179640205521
    vertex 26.24730514657302 223.097107621057 3.193793336190791
  endloop
endfacet
facet normal 0.0720111 -0.996449 0.0436312
  outer loop
    vertex 28.14983047523771 222.9545148514138 0
    vertex 29.07986115516979 223.093488378299 1.638908634325019
    vertex 27.17781227268853 222.9556932582599 1.631179640205521
  endloop
endfacet
facet normal 0.363555 -0.930526 0.044152
  outer loop
    vertex 30.00974043222952 223.3790271620505 0
    vertex 30.87155787628458 223.794056569153 1.650605050992449
    vertex 29.07986115516979 223.093488378299 1.638908634325019
  endloop
endfacet
facet normal 0.22231 -0.974002 -0.0435621
  outer loop
    vertex 28.14983047523771 222.9545148514138 0
    vertex 30.00974043222952 223.3790271620505 0
    vertex 29.07986115516979 223.093488378299 1.638908634325019
  endloop
endfacet
facet normal 0.732364 0.679534 -0.0433255
  outer loop
    vertex 32.95948603190691 232.9418675249806 0
    vertex 31.66189260818044 234.3403406411688 0
    vertex 32.36583706214263 233.6867620159952 1.648322156101286
  endloop
endfacet
facet normal 0.900082 -0.433457 0.0443545
  outer loop
    vertex 33.78722383331585 227.4501860371436 6.1
    vertex 32.95948603190693 225.7313707817662 6.1
    vertex 33.39017729290421 226.4630513417739 4.510405303867341
  endloop
endfacet
facet normal 0.900082 0.433457 0.0443545
  outer loop
    vertex 32.95948603190691 232.9418675249806 6.1
    vertex 33.78722383331585 231.2230522696032 6.1
    vertex 33.3901772929042 232.2101869649729 4.510405303867355
  endloop
endfacet
facet normal 0.987517 -0.148844 0.0515231
  outer loop
    vertex 34.07155787628455 229.3366191533734 6.1
    vertex 33.78722383331585 227.4501860371436 6.1
    vertex 33.91340211373926 227.9226246288601 5.04642569291265
  endloop
endfacet
facet normal 0.987524 0.148845 0.0513942
  outer loop
    vertex 33.78722383331585 231.2230522696032 6.1
    vertex 34.07155787628455 229.3366191533734 6.1
    vertex 33.9132582791094 230.7512484621946 5.04470159102492
  endloop
endfacet
facet normal 0.214005 -0.975107 -0.0580326
  outer loop
    vertex 29.095691853605 223.0970805154097 4.449394949007536
    vertex 28.06606799540773 222.9487899629591 3.144169517993998
    vertex 30.01039623462016 223.3792845871787 3.080718805106614
  endloop
endfacet
facet normal -0.615848 -0.785738 -0.0578521
  outer loop
    vertex 24.54322307568 223.7532938560863 3.145306299710438
    vertex 23.68122314438869 224.332897665578 4.449394949007524
    vertex 22.98134647579588 224.9820908185562 3.082494287104185
  endloop
endfacet
facet normal 0.821591 -0.568729 -0.0391771
  outer loop
    vertex 32.95948603190693 225.7313707817662 6.1
    vertex 32.36308985599545 224.9835136316395 4.449394949007549
    vertex 33.39017729290421 226.4630513417739 4.510405303867341
  endloop
endfacet
facet normal 0.822146 0.567962 -0.0386737
  outer loop
    vertex 32.37565637093877 233.6761418636022 4.472190051355272
    vertex 32.95948603190691 232.9418675249806 6.1
    vertex 33.3901772929042 232.2101869649729 4.510405303867355
  endloop
endfacet
facet normal 0.222301 0.973965 0.0444254
  outer loop
    vertex 28.14983047523766 235.7187234553329 6.1
    vertex 30.00974043222947 235.2942111446963 6.1
    vertex 28.90026149965852 235.6175655315801 4.562649156293198
  endloop
endfacet
facet normal -0.4969 -0.866543 -0.0468305
  outer loop
    vertex 23.69789862497502 224.3196447509589 1.635054188491475
    vertex 25.34734072125981 223.3735650184281 1.639563774766774
    vertex 24.54322307568 223.7532938560863 3.145306299710438
  endloop
endfacet
facet normal 0.0723664 -0.996269 -0.047031
  outer loop
    vertex 27.17781227268853 222.9556932582599 1.631179640205521
    vertex 29.07986115516979 223.093488378299 1.638908634325019
    vertex 28.06606799540773 222.9487899629591 3.144169517993998
  endloop
endfacet
facet normal 0.499506 0.86517 0.0444229
  outer loop
    vertex 30.00974043222947 235.2942111446963 6.1
    vertex 31.66189260818044 234.3403406411688 6.1
    vertex 31.04352531141328 234.7762731512331 4.563012111056866
  endloop
endfacet
facet normal 0.501377 0.863796 0.0497793
  outer loop
    vertex 30.87600308017042 234.8766129200931 1.633292812761352
    vertex 30.01273136039859 235.293036425298 3.102167162625695
    vertex 31.66775415150237 234.3356605944834 3.045659242245598
  endloop
endfacet
facet normal 0.221057 0.973983 0.0499125
  outer loop
    vertex 30.01273136039859 235.293036425298 3.102167162625695
    vertex 29.09462792501878 235.576400530665 1.638828761148598
    vertex 28.14983047523767 235.7187234553329 3.045966253763105
  endloop
endfacet
facet normal 0.0651124 -0.996685 -0.0487735
  outer loop
    vertex 29.095691853605 223.0970805154097 4.449394949007536
    vertex 28.14983047523771 222.9545148514138 6.1
    vertex 27.14508238425672 222.9583103213793 4.68110466960972
  endloop
endfacet
facet normal -0.491569 -0.869488 -0.0484744
  outer loop
    vertex 24.47155787628458 223.794056569153 6.1
    vertex 23.68122314438869 224.332897665578 4.449394949007524
    vertex 25.37320173588758 223.3635496701094 4.678644192904728
  endloop
endfacet
facet normal 0.987103 0.148782 -0.0590938
  outer loop
    vertex 34.07155787628455 229.3366191533734 0
    vertex 33.78722383331585 231.2230522696032 0
    vertex 33.95274074337516 230.5641132634071 1.105769506998457
  endloop
endfacet
facet normal 0.987453 -0.148835 -0.0527786
  outer loop
    vertex 33.78722383331585 227.4501860371436 0
    vertex 34.07155787628455 229.3366191533734 0
    vertex 33.94019791432318 228.0465989700045 1.180172520967262
  endloop
endfacet
facet normal 0.99423 -0.10727 0
  outer loop
    vertex 34.07155787628455 229.3366191533734 1.525
    vertex 34.07155787628455 229.3366191533734 3.05
    vertex 33.9242695632481 227.9714830577004 2.28989872875972
  endloop
endfacet
facet normal 0.994228 0.107286 0
  outer loop
    vertex 34.07155787628455 229.3366191533734 3.05
    vertex 34.07155787628455 229.3366191533734 1.525
    vertex 33.9242261269067 230.7019541846612 2.290279566878976
  endloop
endfacet
facet normal 0.994663 -0.103179 0
  outer loop
    vertex 34.07155787628455 229.3366191533734 3.05
    vertex 34.07155787628455 229.3366191533734 4.574999999999999
    vertex 33.9352907864408 228.0229791607478 3.8125
  endloop
endfacet
facet normal 0.994663 0.103179 0
  outer loop
    vertex 34.07155787628455 229.3366191533734 4.574999999999999
    vertex 34.07155787628455 229.3366191533734 3.05
    vertex 33.9352907864408 230.650259145999 3.8125
  endloop
endfacet
facet normal 0.499018 0.86537 -0.0459958
  outer loop
    vertex 30.01273136039859 235.293036425298 3.102167162625695
    vertex 31.04352531141328 234.7762731512331 4.563012111056866
    vertex 31.66775415150237 234.3356605944834 3.045659242245598
  endloop
endfacet
facet normal 0.825407 -0.562298 -0.0502428
  outer loop
    vertex 32.36583706214265 224.9864762907516 1.648322156101257
    vertex 33.43775863086004 226.559763223021 1.65060505099245
    vertex 32.8991875197691 225.6444804356975 3.046263878041632
  endloop
endfacet
facet normal 0.726875 -0.685288 -0.0450966
  outer loop
    vertex 32.8991875197691 225.6444804356975 3.046263878041632
    vertex 32.36308985599545 224.9835136316395 4.449394949007549
    vertex 31.66477488234697 224.3351975612164 3.045635748343835
  endloop
endfacet
facet normal 0.825406 0.562298 -0.0502521
  outer loop
    vertex 33.43775863086003 232.1134750837257 1.650605050992473
    vertex 32.36583706214263 233.6867620159952 1.648322156101286
    vertex 32.90012457957972 233.027430748293 3.046544777669588
  endloop
endfacet
facet normal 0.726848 -0.685306 0.0452588
  outer loop
    vertex 32.36583706214265 224.9864762907516 1.648322156101257
    vertex 32.8991875197691 225.6444804356975 3.046263878041632
    vertex 31.66477488234697 224.3351975612164 3.045635748343835
  endloop
endfacet
facet normal 0.223845 0.973547 -0.0458227
  outer loop
    vertex 28.90026149965852 235.6175655315801 4.562649156293198
    vertex 30.01273136039859 235.293036425298 3.102167162625695
    vertex 28.14983047523767 235.7187234553329 3.045966253763105
  endloop
endfacet
facet normal 0.7272 0.685003 -0.0441733
  outer loop
    vertex 32.37565637093877 233.6761418636022 4.472190051355272
    vertex 32.90012457957972 233.027430748293 3.046544777669588
    vertex 31.66775415150237 234.3356605944834 3.045659242245598
  endloop
endfacet
facet normal -0.501738 -0.863449 0.0521133
  outer loop
    vertex 23.68122314438869 224.332897665578 4.449394949007524
    vertex 24.54322307568 223.7532938560863 3.145306299710438
    vertex 25.37320173588758 223.3635496701094 4.678644192904728
  endloop
endfacet
facet normal 0.0770499 -0.995653 0.0523384
  outer loop
    vertex 28.06606799540773 222.9487899629591 3.144169517993998
    vertex 29.095691853605 223.0970805154097 4.449394949007536
    vertex 27.14508238425672 222.9583103213793 4.68110466960972
  endloop
endfacet
facet normal 0.0614754 0.997473 -0.0356257
  outer loop
    vertex 27.19328527733143 235.7187234553329 4.449394949007521
    vertex 28.14983047523766 235.7187234553329 6.1
    vertex 28.90026149965852 235.6175655315801 4.562649156293198
  endloop
endfacet
facet normal -0.0800548 -0.995886 0.0424552
  outer loop
    vertex 26.24730514657302 223.097107621057 3.193793336190791
    vertex 27.17781227268853 222.9556932582599 1.631179640205521
    vertex 28.06606799540773 222.9487899629591 3.144169517993998
  endloop
endfacet
facet normal -0.360077 -0.931944 0.0427309
  outer loop
    vertex 25.34734072125981 223.3735650184281 1.639563774766774
    vertex 26.24730514657302 223.097107621057 3.193793336190791
    vertex 24.54322307568 223.7532938560863 3.145306299710438
  endloop
endfacet
facet normal 0.634863 0.771761 -0.0365279
  outer loop
    vertex 31.66189260818044 234.3403406411688 6.1
    vertex 32.37565637093877 233.6761418636022 4.472190051355272
    vertex 31.04352531141328 234.7762731512331 4.563012111056866
  endloop
endfacet
facet normal 0.727138 0.685004 0.0451603
  outer loop
    vertex 32.90012457957972 233.027430748293 3.046544777669588
    vertex 32.36583706214263 233.6867620159952 1.648322156101286
    vertex 31.66775415150237 234.3356605944834 3.045659242245598
  endloop
endfacet
facet normal 0.498817 -0.86518 -0.0514274
  outer loop
    vertex 31.66477488234697 224.3351975612164 3.045635748343835
    vertex 30.87162436624737 223.7940949576827 4.455663149313557
    vertex 30.01039623462016 223.3792845871787 3.080718805106614
  endloop
endfacet
facet normal 0.622866 -0.780642 -0.0513469
  outer loop
    vertex 30.87155787628458 223.794056569153 1.650605050992449
    vertex 32.36583706214265 224.9864762907516 1.648322156101257
    vertex 31.66477488234697 224.3351975612164 3.045635748343835
  endloop
endfacet
facet normal 0.622822 -0.780717 0.0507391
  outer loop
    vertex 32.36308985599545 224.9835136316395 4.449394949007549
    vertex 30.87162436624737 223.7940949576827 4.455663149313557
    vertex 31.66477488234697 224.3351975612164 3.045635748343835
  endloop
endfacet
facet normal -0.222795 -0.97389 0.0436
  outer loop
    vertex 26.24730514657302 223.097107621057 3.193793336190791
    vertex 27.14508238425672 222.9583103213793 4.68110466960972
    vertex 25.37320173588758 223.3635496701094 4.678644192904728
  endloop
endfacet
facet normal -0.0747133 0.995904 -0.0509229
  outer loop
    vertex 26.24732917990206 235.5761361715728 3.048693364455702
    vertex 27.19328527733143 235.7187234553329 4.449394949007521
    vertex 28.14983047523767 235.7187234553329 3.045966253763105
  endloop
endfacet
facet normal 0.364692 -0.929673 0.0520418
  outer loop
    vertex 30.87162436624737 223.7940949576827 4.455663149313557
    vertex 29.095691853605 223.0970805154097 4.449394949007536
    vertex 30.01039623462016 223.3792845871787 3.080718805106614
  endloop
endfacet
facet normal -0.987543 -0.148848 0.0510131
  outer loop
    vertex 21.55589191925327 227.4501860371435 4.449394949007522
    vertex 21.27155787628455 229.3366191533733 4.449394949007501
    vertex 21.34304058844373 228.3827486498459 3.049958000810018
  endloop
endfacet
facet normal -0.622654 0.780835 0.0509747
  outer loop
    vertex 23.68122314438866 234.3403406411688 1.650605050992481
    vertex 22.98002700667924 233.6897258715162 3.051690820892874
    vertex 24.47149565858832 234.8791458157245 3.050293262681872
  endloop
endfacet
facet normal -0.954338 0.294346 0.0509856
  outer loop
    vertex 21.55589191925325 231.2230522696032 1.650605050992485
    vertex 21.34304812935484 230.2905396862354 3.050153732085179
    vertex 21.90536353889474 232.1134884091097 3.051340284510055
  endloop
endfacet
facet normal -0.899796 -0.433319 -0.0510091
  outer loop
    vertex 21.55589191925326 227.4501860371436 1.650605050992488
    vertex 22.38362972066219 225.7313707817662 1.650605050992473
    vertex 21.9053790740039 226.559717639072 3.050153732085189
  endloop
endfacet
facet normal -0.899798 0.43332 -0.050966
  outer loop
    vertex 22.38362972066217 232.9418675249806 1.650605050992479
    vertex 21.55589191925325 231.2230522696032 1.650605050992485
    vertex 21.90536353889474 232.1134884091097 3.051340284510055
  endloop
endfacet
facet normal -0.987544 0.148848 -0.0510091
  outer loop
    vertex 21.55589191925325 231.2230522696032 1.650605050992485
    vertex 21.27155787628455 229.3366191533734 1.65060505099248
    vertex 21.34304812935484 230.2905396862354 3.050153732085179
  endloop
endfacet
facet normal -0.825578 -0.562022 0.0505276
  outer loop
    vertex 21.9053790740039 226.559717639072 3.050153732085189
    vertex 22.38362972066219 225.7313707817662 1.650605050992473
    vertex 22.98134647579588 224.9820908185562 3.082494287104185
  endloop
endfacet
facet normal -0.499349 0.864898 -0.051004
  outer loop
    vertex 25.33337532033961 235.2942111446963 1.650605050992479
    vertex 23.68122314438866 234.3403406411688 1.650605050992481
    vertex 24.47149565858832 234.8791458157245 3.050293262681872
  endloop
endfacet
facet normal -0.731256 -0.680216 -0.0506941
  outer loop
    vertex 22.38362972066219 225.7313707817662 1.650605050992473
    vertex 23.69789862497502 224.3196447509589 1.635054188491475
    vertex 22.98134647579588 224.9820908185562 3.082494287104185
  endloop
endfacet
facet normal -0.222232 0.973661 0.0509672
  outer loop
    vertex 25.33337532033963 235.2942111446963 4.44939494900752
    vertex 27.19328527733143 235.7187234553329 4.449394949007521
    vertex 26.24732917990206 235.5761361715728 3.048693364455702
  endloop
endfacet
facet normal -0.7321 0.679289 -0.0509532
  outer loop
    vertex 23.68122314438866 234.3403406411688 1.650605050992481
    vertex 22.38362972066217 232.9418675249806 1.650605050992479
    vertex 22.98002700667924 233.6897258715162 3.051690820892874
  endloop
endfacet
facet normal -0.82517 0.562581 0.0509589
  outer loop
    vertex 22.38362972066217 232.9418675249806 1.650605050992479
    vertex 21.90536353889474 232.1134884091097 3.051340284510055
    vertex 22.98002700667924 233.6897258715162 3.051690820892874
  endloop
endfacet
facet normal 0.50046 -0.864274 0.0506951
  outer loop
    vertex 30.87155787628458 223.794056569153 1.650605050992449
    vertex 31.66477488234697 224.3351975612164 3.045635748343835
    vertex 30.01039623462016 223.3792845871787 3.080718805106614
  endloop
endfacet
facet normal -0.998698 -1.28641e-06 0.0510153
  outer loop
    vertex 21.34304812935484 230.2905396862354 3.050153732085179
    vertex 21.27155787628455 229.3366191533734 1.65060505099248
    vertex 21.34304058844373 228.3827486498459 3.049958000810018
  endloop
endfacet
facet normal -0.364837 0.929672 0.0510317
  outer loop
    vertex 26.24732917990206 235.5761361715728 3.048693364455702
    vertex 25.33337532033961 235.2942111446963 1.650605050992479
    vertex 24.47149565858832 234.8791458157245 3.050293262681872
  endloop
endfacet
facet normal -0.998698 9.18191e-06 -0.0510194
  outer loop
    vertex 21.27155787628455 229.3366191533733 4.449394949007501
    vertex 21.34304812935484 230.2905396862354 3.050153732085179
    vertex 21.34304058844373 228.3827486498459 3.049958000810018
  endloop
endfacet
facet normal -0.954329 -0.29437 0.0510153
  outer loop
    vertex 21.55589191925326 227.4501860371436 1.650605050992488
    vertex 21.9053790740039 226.559717639072 3.050153732085189
    vertex 21.34304058844373 228.3827486498459 3.049958000810018
  endloop
endfacet
facet normal -0.364918 0.929642 -0.0509949
  outer loop
    vertex 25.33337532033963 235.2942111446963 4.44939494900752
    vertex 26.24732917990206 235.5761361715728 3.048693364455702
    vertex 24.47149565858832 234.8791458157245 3.050293262681872
  endloop
endfacet
facet normal -0.954326 -0.29438 -0.0510194
  outer loop
    vertex 21.9053790740039 226.559717639072 3.050153732085189
    vertex 21.55589191925327 227.4501860371435 4.449394949007522
    vertex 21.34304058844373 228.3827486498459 3.049958000810018
  endloop
endfacet
facet normal 0.819804 -0.57093 0.0442792
  outer loop
    vertex 33.39017729290421 226.4630513417739 4.510405303867341
    vertex 32.36308985599545 224.9835136316395 4.449394949007549
    vertex 32.8991875197691 225.6444804356975 3.046263878041632
  endloop
endfacet
facet normal -0.987543 0.148848 0.0510202
  outer loop
    vertex 21.27155787628455 229.3366191533733 4.449394949007501
    vertex 21.55589191925324 231.2230522696032 4.449394949007494
    vertex 21.34304812935484 230.2905396862354 3.050153732085179
  endloop
endfacet
facet normal -0.62271 0.780785 -0.0510468
  outer loop
    vertex 22.98002700667924 233.6897258715162 3.051690820892874
    vertex 23.68122314438865 234.3403406411688 4.449394949007512
    vertex 24.47149565858832 234.8791458157245 3.050293262681872
  endloop
endfacet
facet normal -0.222447 0.973615 -0.0509124
  outer loop
    vertex 27.1930528595229 235.7187060337703 1.643036940450391
    vertex 25.33337532033961 235.2942111446963 1.650605050992479
    vertex 26.24732917990206 235.5761361715728 3.048693364455702
  endloop
endfacet
facet normal 0.363981 -0.930033 -0.0505593
  outer loop
    vertex 29.07986115516979 223.093488378299 1.638908634325019
    vertex 30.87155787628458 223.794056569153 1.650605050992449
    vertex 30.01039623462016 223.3792845871787 3.080718805106614
  endloop
endfacet
facet normal -0.732052 -0.679245 0.0522239
  outer loop
    vertex 23.68122314438869 224.332897665578 4.449394949007524
    vertex 22.3836297206622 225.7313707817662 4.449394949007517
    vertex 22.98134647579588 224.9820908185562 3.082494287104185
  endloop
endfacet
facet normal -0.499349 0.864897 0.0510253
  outer loop
    vertex 23.68122314438865 234.3403406411688 4.449394949007512
    vertex 25.33337532033963 235.2942111446963 4.44939494900752
    vertex 24.47149565858832 234.8791458157245 3.050293262681872
  endloop
endfacet
facet normal -0.899793 0.433318 0.0510634
  outer loop
    vertex 21.55589191925324 231.2230522696032 4.449394949007494
    vertex 22.38362972066216 232.9418675249806 4.449394949007521
    vertex 21.90536353889474 232.1134884091097 3.051340284510055
  endloop
endfacet
facet normal -0.824552 -0.563418 -0.051716
  outer loop
    vertex 22.3836297206622 225.7313707817662 4.449394949007517
    vertex 21.9053790740039 226.559717639072 3.050153732085189
    vertex 22.98134647579588 224.9820908185562 3.082494287104185
  endloop
endfacet
facet normal -0.899795 -0.433319 0.0510202
  outer loop
    vertex 22.3836297206622 225.7313707817662 4.449394949007517
    vertex 21.55589191925327 227.4501860371435 4.449394949007522
    vertex 21.9053790740039 226.559717639072 3.050153732085189
  endloop
endfacet
facet normal -0.954316 0.294406 -0.0510399
  outer loop
    vertex 21.34304812935484 230.2905396862354 3.050153732085179
    vertex 21.55589191925324 231.2230522696032 4.449394949007494
    vertex 21.90536353889474 232.1134884091097 3.051340284510055
  endloop
endfacet
facet normal -0.732095 0.679285 0.0510762
  outer loop
    vertex 22.38362972066216 232.9418675249806 4.449394949007521
    vertex 23.68122314438865 234.3403406411688 4.449394949007512
    vertex 22.98002700667924 233.6897258715162 3.051690820892874
  endloop
endfacet
facet normal -0.825155 0.562594 -0.0510691
  outer loop
    vertex 21.90536353889474 232.1134884091097 3.051340284510055
    vertex 22.38362972066216 232.9418675249806 4.449394949007521
    vertex 22.98002700667924 233.6897258715162 3.051690820892874
  endloop
endfacet
facet normal -0.987543 -0.148848 -0.0510162
  outer loop
    vertex 21.27155787628455 229.3366191533734 1.65060505099248
    vertex 21.55589191925326 227.4501860371436 1.650605050992488
    vertex 21.34304058844373 228.3827486498459 3.049958000810018
  endloop
endfacet
facet normal 0.821005 0.569301 0.0429835
  outer loop
    vertex 32.37565637093877 233.6761418636022 4.472190051355272
    vertex 33.3901772929042 232.2101869649729 4.510405303867355
    vertex 32.90012457957972 233.027430748293 3.046544777669588
  endloop
endfacet
facet normal 0.623558 0.780127 -0.0507596
  outer loop
    vertex 32.36583706214263 233.6867620159952 1.648322156101286
    vertex 30.87600308017042 234.8766129200931 1.633292812761352
    vertex 31.66775415150237 234.3356605944834 3.045659242245598
  endloop
endfacet
facet normal -0.0745685 0.995919 0.0508423
  outer loop
    vertex 27.1930528595229 235.7187060337703 1.643036940450391
    vertex 26.24732917990206 235.5761361715728 3.048693364455702
    vertex 28.14983047523767 235.7187234553329 3.045966253763105
  endloop
endfacet
facet normal 0.074419 0.995934 -0.050765
  outer loop
    vertex 29.09462792501878 235.576400530665 1.638828761148598
    vertex 27.1930528595229 235.7187060337703 1.643036940450391
    vertex 28.14983047523767 235.7187234553329 3.045966253763105
  endloop
endfacet
facet normal -0.0746359 -0.995947 0.0501871
  outer loop
    vertex 28.14983047523771 222.9545148514138 6.1
    vertex 26.24742389896418 223.0970805154097 6.1
    vertex 27.14508238425672 222.9583103213793 4.68110466960972
  endloop
endfacet
facet normal -0.222657 -0.973829 -0.045621
  outer loop
    vertex 27.14508238425672 222.9583103213793 4.68110466960972
    vertex 26.24742389896418 223.0970805154097 6.1
    vertex 25.37320173588758 223.3635496701094 4.678644192904728
  endloop
endfacet
facet normal -0.364882 -0.929703 0.0501285
  outer loop
    vertex 26.24742389896418 223.0970805154097 6.1
    vertex 24.47155787628458 223.794056569153 6.1
    vertex 25.37320173588758 223.3635496701094 4.678644192904728
  endloop
endfacet
facet normal 0.950018 -0.31037 0.0337074
  outer loop
    vertex 33.43775863086004 226.559763223021 1.65060505099245
    vertex 33.78722383331585 227.4501860371436 0
    vertex 33.94019791432318 228.0465989700045 1.180172520967262
  endloop
endfacet
facet normal 0.952197 0.3031 0.0380907
  outer loop
    vertex 33.78722383331585 231.2230522696032 0
    vertex 33.43775863086003 232.1134750837257 1.650605050992473
    vertex 33.95274074337516 230.5641132634071 1.105769506998457
  endloop
endfacet
facet normal 0.994437 -0.105267 -0.0036379
  outer loop
    vertex 34.07155787628455 229.3366191533734 3.05
    vertex 33.9352907864408 228.0229791607478 3.8125
    vertex 33.9242695632481 227.9714830577004 2.28989872875972
  endloop
endfacet
facet normal 0.994436 0.105276 -0.00365313
  outer loop
    vertex 33.9352907864408 230.650259145999 3.8125
    vertex 34.07155787628455 229.3366191533734 3.05
    vertex 33.9242261269067 230.7019541846612 2.290279566878976
  endloop
endfacet
facet normal 0.995348 0.0963462 0
  outer loop
    vertex 34.07155787628455 229.3366191533734 1.525
    vertex 34.07155787628455 229.3366191533734 0
    vertex 33.95274074337516 230.5641132634071 1.105769506998457
  endloop
endfacet
facet normal 0.994856 -0.101304 0
  outer loop
    vertex 34.07155787628455 229.3366191533734 0
    vertex 34.07155787628455 229.3366191533734 1.525
    vertex 33.94019791432318 228.0465989700045 1.180172520967262
  endloop
endfacet
facet normal 0.946544 -0.322469 -0.00824135
  outer loop
    vertex 33.9242695632481 227.9714830577004 2.28989872875972
    vertex 33.43775863086004 226.559763223021 1.65060505099245
    vertex 33.94019791432318 228.0465989700045 1.180172520967262
  endloop
endfacet
facet normal 0.947325 0.319949 -0.0144274
  outer loop
    vertex 33.43775863086003 232.1134750837257 1.650605050992473
    vertex 33.9242261269067 230.7019541846612 2.290279566878976
    vertex 33.95274074337516 230.5641132634071 1.105769506998457
  endloop
endfacet
facet normal 0.948417 -0.314856 0.0370271
  outer loop
    vertex 33.9352907864408 228.0229791607478 3.8125
    vertex 33.39017729290421 226.4630513417739 4.510405303867341
    vertex 33.6039145302409 226.9351311708384 3.050000000029982
  endloop
endfacet
facet normal 0.948417 0.314856 0.0370276
  outer loop
    vertex 33.3901772929042 232.2101869649729 4.510405303867355
    vertex 33.9352907864408 230.650259145999 3.8125
    vertex 33.60391038056711 231.7381173867545 3.050034919689724
  endloop
endfacet
facet normal 0.0565645 0.997654 0.0385531
  outer loop
    vertex 27.19328527733143 235.7187234553329 4.449394949007521
    vertex 28.90026149965852 235.6175655315801 4.562649156293198
    vertex 28.14983047523767 235.7187234553329 3.045966253763105
  endloop
endfacet
facet normal 0.637866 0.769156 0.0390643
  outer loop
    vertex 31.04352531141328 234.7762731512331 4.563012111056866
    vertex 32.37565637093877 233.6761418636022 4.472190051355272
    vertex 31.66775415150237 234.3356605944834 3.045659242245598
  endloop
endfacet
facet normal -0.0823737 -0.995665 -0.0431937
  outer loop
    vertex 26.24730514657302 223.097107621057 3.193793336190791
    vertex 28.06606799540773 222.9487899629591 3.144169517993998
    vertex 27.14508238425672 222.9583103213793 4.68110466960972
  endloop
endfacet
facet normal -0.357935 -0.93274 -0.0433381
  outer loop
    vertex 24.54322307568 223.7532938560863 3.145306299710438
    vertex 26.24730514657302 223.097107621057 3.193793336190791
    vertex 25.37320173588758 223.3635496701094 4.678644192904728
  endloop
endfacet
facet normal 0.994085 -0.108245 0.00883065
  outer loop
    vertex 33.9352907864408 228.0229791607478 3.8125
    vertex 34.07155787628455 229.3366191533734 4.574999999999999
    vertex 33.91340211373926 227.9226246288601 5.04642569291265
  endloop
endfacet
facet normal 0.99408 0.108284 0.00889994
  outer loop
    vertex 34.07155787628455 229.3366191533734 4.574999999999999
    vertex 33.9352907864408 230.650259145999 3.8125
    vertex 33.9132582791094 230.7512484621946 5.04470159102492
  endloop
endfacet
facet normal 0.877411 -0.479011 -0.0264284
  outer loop
    vertex 33.39017729290421 226.4630513417739 4.510405303867341
    vertex 32.8991875197691 225.6444804356975 3.046263878041632
    vertex 33.6039145302409 226.9351311708384 3.050000000029982
  endloop
endfacet
facet normal 0.87747 0.478905 -0.0263852
  outer loop
    vertex 32.90012457957972 233.027430748293 3.046544777669588
    vertex 33.3901772929042 232.2101869649729 4.510405303867355
    vertex 33.60391038056711 231.7381173867545 3.050034919689724
  endloop
endfacet
facet normal 0.993797 0.111208 0
  outer loop
    vertex 34.07155787628455 229.3366191533734 6.1
    vertex 34.07155787628455 229.3366191533734 4.574999999999999
    vertex 33.9132582791094 230.7512484621946 5.04470159102492
  endloop
endfacet
facet normal 0.993803 -0.111157 0
  outer loop
    vertex 34.07155787628455 229.3366191533734 4.574999999999999
    vertex 34.07155787628455 229.3366191533734 6.1
    vertex 33.91340211373926 227.9226246288601 5.04642569291265
  endloop
endfacet
facet normal 0.948941 0.314174 -0.0283976
  outer loop
    vertex 33.9242261269067 230.7019541846612 2.290279566878976
    vertex 33.43775863086003 232.1134750837257 1.650605050992473
    vertex 33.60391038056711 231.7381173867545 3.050034919689724
  endloop
endfacet
facet normal 0.948943 -0.314166 -0.0284013
  outer loop
    vertex 33.43775863086004 226.559763223021 1.65060505099245
    vertex 33.9242695632481 227.9714830577004 2.28989872875972
    vertex 33.6039145302409 226.9351311708384 3.050000000029982
  endloop
endfacet
facet normal 0.994863 0.100485 0.0122559
  outer loop
    vertex 33.9242261269067 230.7019541846612 2.290279566878976
    vertex 34.07155787628455 229.3366191533734 1.525
    vertex 33.95274074337516 230.5641132634071 1.105769506998457
  endloop
endfacet
facet normal 0.994631 -0.103229 0.00728887
  outer loop
    vertex 34.07155787628455 229.3366191533734 1.525
    vertex 33.9242695632481 227.9714830577004 2.28989872875972
    vertex 33.94019791432318 228.0465989700045 1.180172520967262
  endloop
endfacet
facet normal 0.877395 -0.47915 0.0243485
  outer loop
    vertex 32.8991875197691 225.6444804356975 3.046263878041632
    vertex 33.43775863086004 226.559763223021 1.65060505099245
    vertex 33.6039145302409 226.9351311708384 3.050000000029982
  endloop
endfacet
facet normal 0.877459 0.479036 0.0243089
  outer loop
    vertex 33.43775863086003 232.1134750837257 1.650605050992473
    vertex 32.90012457957972 233.027430748293 3.046544777669588
    vertex 33.60391038056711 231.7381173867545 3.050034919689724
  endloop
endfacet
facet normal 0.95601 -0.293319 0.00300039
  outer loop
    vertex 33.9242695632481 227.9714830577004 2.28989872875972
    vertex 33.9352907864408 228.0229791607478 3.8125
    vertex 33.6039145302409 226.9351311708384 3.050000000029982
  endloop
endfacet
facet normal 0.956007 0.293328 0.0030125
  outer loop
    vertex 33.9352907864408 230.650259145999 3.8125
    vertex 33.9242261269067 230.7019541846612 2.290279566878976
    vertex 33.60391038056711 231.7381173867545 3.050034919689724
  endloop
endfacet
facet normal 0 0 1
  outer loop
    vertex 28.74935585315371 232.6689538618286 6.1
    vertex 29.64360787026568 231.0690854211872 6.1
    vertex 30.89917609443611 232.4408007165871 6.1
  endloop
endfacet
facet normal 0 0 1
  outer loop
    vertex 30.89917609443611 232.4408007165871 6.1
    vertex 30.08704384332277 233.8067807844127 6.1
    vertex 28.74935585315371 232.6689538618286 6.1
  endloop
endfacet
facet normal 0 0 1
  outer loop
    vertex 32.95948603190693 225.7313707817662 6.1
    vertex 32.01731347894887 228.0872751937341 6.1
    vertex 31.06335185380683 226.196125628073 6.1
  endloop
endfacet
facet normal 0 0 1
  outer loop
    vertex 33.78722383331585 227.4501860371436 6.1
    vertex 32.01731347894887 228.0872751937341 6.1
    vertex 32.95948603190693 225.7313707817662 6.1
  endloop
endfacet
facet normal 0 0 1
  outer loop
    vertex 26.40522265288757 227.2560073005723 6.1
    vertex 24.77704291961487 226.8831505730985 6.1
    vertex 25.84719022606006 225.2616435070532 6.1
  endloop
endfacet
facet normal 0 0 1
  outer loop
    vertex 24.77704291961487 226.8831505730985 6.1
    vertex 24.33963663962017 225.4888618229771 6.1
    vertex 25.84719022606006 225.2616435070532 6.1
  endloop
endfacet
facet normal 0 0 1
  outer loop
    vertex 32.29569185360496 230.0335952071167 6.1
    vertex 32.01731347894887 228.0872751937341 6.1
    vertex 34.07155787628455 229.3366191533734 6.1
  endloop
endfacet
facet normal 0 0 1
  outer loop
    vertex 25.26320808742036 228.6824105575845 6.1
    vertex 24.08235947169991 230.1723234881368 6.1
    vertex 23.31655486879781 228.1191916983455 6.1
  endloop
endfacet
facet normal 0 0 1
  outer loop
    vertex 34.07155787628455 229.3366191533734 6.1
    vertex 32.01731347894887 228.0872751937341 6.1
    vertex 33.78722383331585 227.4501860371436 6.1
  endloop
endfacet
facet normal 0 0 1
  outer loop
    vertex 24.08235947169991 230.1723234881368 6.1
    vertex 22.60218438757519 229.5401523752745 6.1
    vertex 23.31655486879781 228.1191916983455 6.1
  endloop
endfacet
facet normal 0 -0 1
  outer loop
    vertex 31.06335185380683 226.196125628073 6.1
    vertex 32.01731347894887 228.0872751937341 6.1
    vertex 30.07320746420453 227.8144155754416 6.1
  endloop
endfacet
facet normal 0 0 1
  outer loop
    vertex 25.84719022606006 225.2616435070532 6.1
    vertex 27.58189107796464 225.886362863192 6.1
    vertex 26.40522265288757 227.2560073005723 6.1
  endloop
endfacet
facet normal 0 0 1
  outer loop
    vertex 28.74935585315371 232.6689538618286 6.1
    vertex 30.08704384332277 233.8067807844127 6.1
    vertex 28.81362465353962 234.3403406411688 6.1
  endloop
endfacet
facet normal 0 0 1
  outer loop
    vertex 27.82485623406868 230.7971555598837 6.1
    vertex 29.64360787026568 231.0690854211872 6.1
    vertex 28.74935585315371 232.6689538618286 6.1
  endloop
endfacet
facet normal 0 0 1
  outer loop
    vertex 27.09710119293199 229.0009700090352 6.1
    vertex 25.26320808742036 228.6824105575845 6.1
    vertex 26.40522265288757 227.2560073005723 6.1
  endloop
endfacet
facet normal 0 0 1
  outer loop
    vertex 32.95948603190693 225.7313707817662 6.1
    vertex 31.06335185380683 226.196125628073 6.1
    vertex 31.66189260818046 224.332897665578 6.1
  endloop
endfacet
facet normal 0 0 1
  outer loop
    vertex 31.66189260818044 234.3403406411688 6.1
    vertex 30.89917609443611 232.4408007165871 6.1
    vertex 32.95948603190691 232.9418675249806 6.1
  endloop
endfacet
facet normal 0 0 1
  outer loop
    vertex 26.24742389896418 223.0970805154097 6.1
    vertex 25.84719022606006 225.2616435070532 6.1
    vertex 24.47155787628458 223.794056569153 6.1
  endloop
endfacet
facet normal -0 0 1
  outer loop
    vertex 26.24742389896413 235.5761577913371 6.1
    vertex 27.32209267382872 233.9999081999555 6.1
    vertex 28.14983047523766 235.7187234553329 6.1
  endloop
endfacet
facet normal -0 0 1
  outer loop
    vertex 21.90535712170906 232.1134750837257 6.1
    vertex 23.67541267747073 231.9813207194751 6.1
    vertex 22.98002589657365 233.6897246751073 6.1
  endloop
endfacet
facet normal 0 -0 1
  outer loop
    vertex 21.90535712170908 226.559763223021 6.1
    vertex 23.31655486879781 228.1191916983455 6.1
    vertex 21.34304058844373 228.3827486498458 6.1
  endloop
endfacet
facet normal 0 0 1
  outer loop
    vertex 30.00974043222952 223.3790271620505 6.1
    vertex 28.72608382589077 224.7143277459613 6.1
    vertex 28.14983047523771 222.9545148514138 6.1
  endloop
endfacet
facet normal 0 0 1
  outer loop
    vertex 33.78722383331585 231.2230522696032 6.1
    vertex 32.29569185360496 230.0335952071167 6.1
    vertex 34.07155787628455 229.3366191533734 6.1
  endloop
endfacet
facet normal 0 0 1
  outer loop
    vertex 27.09710119293199 229.0009700090352 6.1
    vertex 26.40522265288757 227.2560073005723 6.1
    vertex 28.22677663420788 227.5809062950987 6.1
  endloop
endfacet
facet normal -0 0 1
  outer loop
    vertex 27.09710119293199 229.0009700090352 6.1
    vertex 28.22677663420788 227.5809062950987 6.1
    vertex 28.93834950283351 229.2721199632766 6.1
  endloop
endfacet
facet normal 0 -0 1
  outer loop
    vertex 28.93834950283351 229.2721199632766 6.1
    vertex 29.64360787026568 231.0690854211872 6.1
    vertex 27.82485623406868 230.7971555598837 6.1
  endloop
endfacet
facet normal 0 0 1
  outer loop
    vertex 27.09710119293199 229.0009700090352 6.1
    vertex 28.93834950283351 229.2721199632766 6.1
    vertex 27.82485623406868 230.7971555598837 6.1
  endloop
endfacet
facet normal 0 0 1
  outer loop
    vertex 26.00758137020675 230.4533895549947 6.1
    vertex 25.26320808742036 228.6824105575845 6.1
    vertex 27.09710119293199 229.0009700090352 6.1
  endloop
endfacet
facet normal -0 0 1
  outer loop
    vertex 26.00758137020675 230.4533895549947 6.1
    vertex 27.09710119293199 229.0009700090352 6.1
    vertex 27.82485623406868 230.7971555598837 6.1
  endloop
endfacet
facet normal 0 0 1
  outer loop
    vertex 28.22677663420788 227.5809062950987 6.1
    vertex 30.07320746420453 227.8144155754416 6.1
    vertex 28.93834950283351 229.2721199632766 6.1
  endloop
endfacet
facet normal 0 0 1
  outer loop
    vertex 26.670662161025 232.2518724190385 6.1
    vertex 26.00758137020675 230.4533895549947 6.1
    vertex 27.82485623406868 230.7971555598837 6.1
  endloop
endfacet
facet normal -0 0 1
  outer loop
    vertex 26.670662161025 232.2518724190385 6.1
    vertex 27.82485623406868 230.7971555598837 6.1
    vertex 28.74935585315371 232.6689538618286 6.1
  endloop
endfacet
facet normal -0 0 1
  outer loop
    vertex 23.31655486879781 228.1191916983455 6.1
    vertex 24.77704291961487 226.8831505730985 6.1
    vertex 25.26320808742036 228.6824105575845 6.1
  endloop
endfacet
facet normal 0 0 1
  outer loop
    vertex 27.58189107796464 225.886362863192 6.1
    vertex 29.36041977022235 226.2392456648074 6.1
    vertex 28.22677663420788 227.5809062950987 6.1
  endloop
endfacet
facet normal -0 0 1
  outer loop
    vertex 24.47155787628454 234.8791817375938 6.1
    vertex 25.71027522395645 233.6265522790578 6.1
    vertex 26.24742389896413 235.5761577913371 6.1
  endloop
endfacet
facet normal 0 0 1
  outer loop
    vertex 26.24742389896413 235.5761577913371 6.1
    vertex 25.71027522395645 233.6265522790578 6.1
    vertex 27.32209267382872 233.9999081999555 6.1
  endloop
endfacet
facet normal 0 0 1
  outer loop
    vertex 27.32209267382872 233.9999081999555 6.1
    vertex 26.670662161025 232.2518724190385 6.1
    vertex 28.74935585315371 232.6689538618286 6.1
  endloop
endfacet
facet normal 0 0 1
  outer loop
    vertex 28.93834950283351 229.2721199632766 6.1
    vertex 30.67027790616848 229.4472542480657 6.1
    vertex 29.64360787026568 231.0690854211872 6.1
  endloop
endfacet
facet normal -0 0 1
  outer loop
    vertex 30.67027790616848 229.4472542480657 6.1
    vertex 32.01731347894887 228.0872751937341 6.1
    vertex 32.29569185360496 230.0335952071167 6.1
  endloop
endfacet
facet normal 0 0 1
  outer loop
    vertex 26.00758137020675 230.4533895549947 6.1
    vertex 24.08235947169991 230.1723234881368 6.1
    vertex 25.26320808742036 228.6824105575845 6.1
  endloop
endfacet
facet normal 0 -0 1
  outer loop
    vertex 28.72608382589077 224.7143277459613 6.1
    vertex 29.36041977022235 226.2392456648074 6.1
    vertex 27.58189107796464 225.886362863192 6.1
  endloop
endfacet
facet normal -0 0 1
  outer loop
    vertex 26.40522265288757 227.2560073005723 6.1
    vertex 27.58189107796464 225.886362863192 6.1
    vertex 28.22677663420788 227.5809062950987 6.1
  endloop
endfacet
facet normal 0 0 1
  outer loop
    vertex 30.07320746420453 227.8144155754416 6.1
    vertex 32.01731347894887 228.0872751937341 6.1
    vertex 30.67027790616848 229.4472542480657 6.1
  endloop
endfacet
facet normal -0 0 1
  outer loop
    vertex 29.64360787026568 231.0690854211872 6.1
    vertex 31.08293857816639 230.8484720435644 6.1
    vertex 30.89917609443611 232.4408007165871 6.1
  endloop
endfacet
facet normal 0 -0 1
  outer loop
    vertex 30.07320746420453 227.8144155754416 6.1
    vertex 30.67027790616848 229.4472542480657 6.1
    vertex 28.93834950283351 229.2721199632766 6.1
  endloop
endfacet
facet normal 0 0 1
  outer loop
    vertex 25.26320808742036 228.6824105575845 6.1
    vertex 24.77704291961487 226.8831505730985 6.1
    vertex 26.40522265288757 227.2560073005723 6.1
  endloop
endfacet
facet normal 0 -0 1
  outer loop
    vertex 24.08235947169991 230.1723234881368 6.1
    vertex 25.18826059810368 231.8229100328039 6.1
    vertex 23.67541267747073 231.9813207194751 6.1
  endloop
endfacet
facet normal 0 0 1
  outer loop
    vertex 26.00758137020675 230.4533895549947 6.1
    vertex 25.18826059810368 231.8229100328039 6.1
    vertex 24.08235947169991 230.1723234881368 6.1
  endloop
endfacet
facet normal 0 0 1
  outer loop
    vertex 30.07320746420453 227.8144155754416 6.1
    vertex 29.36041977022235 226.2392456648074 6.1
    vertex 31.06335185380683 226.196125628073 6.1
  endloop
endfacet
facet normal -0 0 1
  outer loop
    vertex 28.22677663420788 227.5809062950987 6.1
    vertex 29.36041977022235 226.2392456648074 6.1
    vertex 30.07320746420453 227.8144155754416 6.1
  endloop
endfacet
facet normal 0 0 1
  outer loop
    vertex 27.32209267382872 233.9999081999555 6.1
    vertex 25.71027522395645 233.6265522790578 6.1
    vertex 26.670662161025 232.2518724190385 6.1
  endloop
endfacet
facet normal 0 0 1
  outer loop
    vertex 25.84719022606006 225.2616435070532 6.1
    vertex 24.33963663962017 225.4888618229771 6.1
    vertex 24.47155787628458 223.794056569153 6.1
  endloop
endfacet
facet normal 0 0 1
  outer loop
    vertex 24.47155787628458 223.794056569153 6.1
    vertex 24.33963663962017 225.4888618229771 6.1
    vertex 22.98002589657369 224.9835136316395 6.1
  endloop
endfacet
facet normal 0 0 1
  outer loop
    vertex 25.71027522395645 233.6265522790578 6.1
    vertex 24.34431605903818 233.2574678484678 6.1
    vertex 25.18826059810368 231.8229100328039 6.1
  endloop
endfacet
facet normal 0 0 1
  outer loop
    vertex 23.31655486879781 228.1191916983455 6.1
    vertex 22.60218438757519 229.5401523752745 6.1
    vertex 21.34304058844373 228.3827486498458 6.1
  endloop
endfacet
facet normal 0 -0 1
  outer loop
    vertex 21.34304058844373 228.3827486498458 6.1
    vertex 22.60218438757519 229.5401523752745 6.1
    vertex 21.34304058844372 230.2904896569009 6.1
  endloop
endfacet
facet normal 0 0 1
  outer loop
    vertex 25.71027522395645 233.6265522790578 6.1
    vertex 25.18826059810368 231.8229100328039 6.1
    vertex 26.670662161025 232.2518724190385 6.1
  endloop
endfacet
facet normal -0 0 1
  outer loop
    vertex 27.32209267382872 233.9999081999555 6.1
    vertex 28.74935585315371 232.6689538618286 6.1
    vertex 28.81362465353962 234.3403406411688 6.1
  endloop
endfacet
facet normal 0 0 1
  outer loop
    vertex 28.14983047523766 235.7187234553329 6.1
    vertex 28.81362465353962 234.3403406411688 6.1
    vertex 30.00974043222947 235.2942111446963 6.1
  endloop
endfacet
facet normal 0 -0 1
  outer loop
    vertex 30.00974043222952 223.3790271620505 6.1
    vertex 30.21863614731308 224.9127827576097 6.1
    vertex 28.72608382589077 224.7143277459613 6.1
  endloop
endfacet
facet normal 0 0 1
  outer loop
    vertex 28.14983047523771 222.9545148514138 6.1
    vertex 27.31048390082347 224.382785896606 6.1
    vertex 26.24742389896418 223.0970805154097 6.1
  endloop
endfacet
facet normal -0 0 1
  outer loop
    vertex 30.89917609443611 232.4408007165871 6.1
    vertex 32.22760858254197 231.5137582094431 6.1
    vertex 32.95948603190691 232.9418675249806 6.1
  endloop
endfacet
facet normal 0 0 1
  outer loop
    vertex 28.72608382589077 224.7143277459613 6.1
    vertex 27.31048390082347 224.382785896606 6.1
    vertex 28.14983047523771 222.9545148514138 6.1
  endloop
endfacet
facet normal 0 0 1
  outer loop
    vertex 33.78722383331585 231.2230522696032 6.1
    vertex 32.22760858254197 231.5137582094431 6.1
    vertex 32.29569185360496 230.0335952071167 6.1
  endloop
endfacet
facet normal 0 0 1
  outer loop
    vertex 31.06335185380683 226.196125628073 6.1
    vertex 30.21863614731308 224.9127827576097 6.1
    vertex 31.66189260818046 224.332897665578 6.1
  endloop
endfacet
facet normal 0 0 1
  outer loop
    vertex 30.00974043222947 235.2942111446963 6.1
    vertex 30.08704384332277 233.8067807844127 6.1
    vertex 31.66189260818044 234.3403406411688 6.1
  endloop
endfacet
facet normal 0 0 1
  outer loop
    vertex 31.66189260818044 234.3403406411688 6.1
    vertex 30.08704384332277 233.8067807844127 6.1
    vertex 30.89917609443611 232.4408007165871 6.1
  endloop
endfacet
facet normal 0 0 1
  outer loop
    vertex 31.66189260818046 224.332897665578 6.1
    vertex 30.21863614731308 224.9127827576097 6.1
    vertex 30.00974043222952 223.3790271620505 6.1
  endloop
endfacet
facet normal 0 0 1
  outer loop
    vertex 27.32209267382872 233.9999081999555 6.1
    vertex 28.81362465353962 234.3403406411688 6.1
    vertex 28.14983047523766 235.7187234553329 6.1
  endloop
endfacet
facet normal 0 -0 1
  outer loop
    vertex 26.24742389896418 223.0970805154097 6.1
    vertex 27.31048390082347 224.382785896606 6.1
    vertex 25.84719022606006 225.2616435070532 6.1
  endloop
endfacet
facet normal 0 0 1
  outer loop
    vertex 32.95948603190691 232.9418675249806 6.1
    vertex 32.22760858254197 231.5137582094431 6.1
    vertex 33.78722383331585 231.2230522696032 6.1
  endloop
endfacet
facet normal 0 0 1
  outer loop
    vertex 21.34304058844372 230.2904896569009 6.1
    vertex 22.73618688185898 230.8483020833567 6.1
    vertex 21.90535712170906 232.1134750837257 6.1
  endloop
endfacet
facet normal -0 0 1
  outer loop
    vertex 22.98002589657365 233.6897246751073 6.1
    vertex 24.34431605903818 233.2574678484678 6.1
    vertex 24.47155787628454 234.8791817375938 6.1
  endloop
endfacet
facet normal 0 -0 1
  outer loop
    vertex 22.98002589657369 224.9835136316395 6.1
    vertex 23.43366643697048 226.4219636413476 6.1
    vertex 21.90535712170908 226.559763223021 6.1
  endloop
endfacet
facet normal -0 0 1
  outer loop
    vertex 21.90535712170908 226.559763223021 6.1
    vertex 23.43366643697048 226.4219636413476 6.1
    vertex 23.31655486879781 228.1191916983455 6.1
  endloop
endfacet
facet normal 0 0 1
  outer loop
    vertex 21.90535712170906 232.1134750837257 6.1
    vertex 22.73618688185898 230.8483020833567 6.1
    vertex 23.67541267747073 231.9813207194751 6.1
  endloop
endfacet
facet normal 0 -0 1
  outer loop
    vertex 30.67027790616848 229.4472542480657 6.1
    vertex 31.08293857816639 230.8484720435644 6.1
    vertex 29.64360787026568 231.0690854211872 6.1
  endloop
endfacet
facet normal 0 0 1
  outer loop
    vertex 26.670662161025 232.2518724190385 6.1
    vertex 25.18826059810368 231.8229100328039 6.1
    vertex 26.00758137020675 230.4533895549947 6.1
  endloop
endfacet
facet normal 0 -0 1
  outer loop
    vertex 23.67541267747073 231.9813207194751 6.1
    vertex 24.34431605903818 233.2574678484678 6.1
    vertex 22.98002589657365 233.6897246751073 6.1
  endloop
endfacet
facet normal -0 0 1
  outer loop
    vertex 25.84719022606006 225.2616435070532 6.1
    vertex 27.31048390082347 224.382785896606 6.1
    vertex 27.58189107796464 225.886362863192 6.1
  endloop
endfacet
facet normal 0 0 1
  outer loop
    vertex 27.58189107796464 225.886362863192 6.1
    vertex 27.31048390082347 224.382785896606 6.1
    vertex 28.72608382589077 224.7143277459613 6.1
  endloop
endfacet
facet normal 0 0 1
  outer loop
    vertex 23.67541267747073 231.9813207194751 6.1
    vertex 22.73618688185898 230.8483020833567 6.1
    vertex 24.08235947169991 230.1723234881368 6.1
  endloop
endfacet
facet normal 0 0 1
  outer loop
    vertex 29.36041977022235 226.2392456648074 6.1
    vertex 30.21863614731308 224.9127827576097 6.1
    vertex 31.06335185380683 226.196125628073 6.1
  endloop
endfacet
facet normal 0 0 1
  outer loop
    vertex 28.72608382589077 224.7143277459613 6.1
    vertex 30.21863614731308 224.9127827576097 6.1
    vertex 29.36041977022235 226.2392456648074 6.1
  endloop
endfacet
facet normal 0 0 1
  outer loop
    vertex 24.47155787628454 234.8791817375938 6.1
    vertex 24.34431605903818 233.2574678484678 6.1
    vertex 25.71027522395645 233.6265522790578 6.1
  endloop
endfacet
facet normal 0 0 1
  outer loop
    vertex 23.31655486879781 228.1191916983455 6.1
    vertex 23.43366643697048 226.4219636413476 6.1
    vertex 24.77704291961487 226.8831505730985 6.1
  endloop
endfacet
facet normal 0 0 1
  outer loop
    vertex 32.29569185360496 230.0335952071167 6.1
    vertex 31.08293857816639 230.8484720435644 6.1
    vertex 30.67027790616848 229.4472542480657 6.1
  endloop
endfacet
facet normal 0 0 1
  outer loop
    vertex 25.18826059810368 231.8229100328039 6.1
    vertex 24.34431605903818 233.2574678484678 6.1
    vertex 23.67541267747073 231.9813207194751 6.1
  endloop
endfacet
facet normal 0 0 1
  outer loop
    vertex 30.89917609443611 232.4408007165871 6.1
    vertex 31.08293857816639 230.8484720435644 6.1
    vertex 32.22760858254197 231.5137582094431 6.1
  endloop
endfacet
facet normal 0 -0 1
  outer loop
    vertex 22.60218438757519 229.5401523752745 6.1
    vertex 22.73618688185898 230.8483020833567 6.1
    vertex 21.34304058844372 230.2904896569009 6.1
  endloop
endfacet
facet normal -0 0 1
  outer loop
    vertex 28.81362465353962 234.3403406411688 6.1
    vertex 30.08704384332277 233.8067807844127 6.1
    vertex 30.00974043222947 235.2942111446963 6.1
  endloop
endfacet
facet normal 0 0 1
  outer loop
    vertex 24.33963663962017 225.4888618229771 6.1
    vertex 23.43366643697048 226.4219636413476 6.1
    vertex 22.98002589657369 224.9835136316395 6.1
  endloop
endfacet
facet normal 0 0 1
  outer loop
    vertex 24.08235947169991 230.1723234881368 6.1
    vertex 22.73618688185898 230.8483020833567 6.1
    vertex 22.60218438757519 229.5401523752745 6.1
  endloop
endfacet
facet normal 0 0 1
  outer loop
    vertex 24.77704291961487 226.8831505730985 6.1
    vertex 23.43366643697048 226.4219636413476 6.1
    vertex 24.33963663962017 225.4888618229771 6.1
  endloop
endfacet
facet normal 0 0 1
  outer loop
    vertex 32.22760858254197 231.5137582094431 6.1
    vertex 31.08293857816639 230.8484720435644 6.1
    vertex 32.29569185360496 230.0335952071167 6.1
  endloop
endfacet
facet normal 0.942504 -0.33403 -0.0104474
  outer loop
    vertex 19.57937292374805 227.7102120000226 4.510405303867349
    vertex 20.12448641728466 229.2701398189964 3.8125
    vertex 20.10259774458311 229.1697852871088 5.046425692912646
  endloop
endfacet
facet normal 0.942492 0.334062 0.0105268
  outer loop
    vertex 19.57937292374806 233.4573476232216 1.589594696132642
    vertex 20.12448641728466 231.8974198042478 2.2875
    vertex 20.10245390995327 231.9984091204433 1.055298408975079
  endloop
endfacet
facet normal 0.944639 -0.326424 -0.0332417
  outer loop
    vertex 19.97641946415972 228.6973466953923 6.1
    vertex 19.57937292374805 227.7102120000226 4.510405303867349
    vertex 20.10259774458311 229.1697852871088 5.046425692912646
  endloop
endfacet
facet normal 0.944606 0.326527 0.0331696
  outer loop
    vertex 19.97641946415971 232.4702129278519 0
    vertex 19.57937292374806 233.4573476232216 1.589594696132642
    vertex 20.10245390995327 231.9984091204433 1.055298408975079
  endloop
endfacet
facet normal 0.494072 0.867885 0.0516613
  outer loop
    vertex 17.04228903345434 236.136961934939 1.635054188491506
    vertex 16.12184875848418 236.5710536707583 3.145321608474844
    vertex 17.83457354380353 235.600626860927 3.068065983014775
  endloop
endfacet
facet normal -0.360306 0.931365 0.0523341
  outer loop
    vertex 12.51651279376625 236.8410169738639 3.145160664689772
    vertex 11.54000107381336 236.5481832305117 1.633570111552459
    vertex 10.66205822190229 236.1270954685437 3.083074064986244
  endloop
endfacet
facet normal -0.827711 -0.558703 -0.0523936
  outer loop
    vertex 8.56103755065647 226.9958819896772 4.466795050191962
    vertex 8.059982376133027 227.8798836808858 2.955821370379605
    vertex 9.169420347061624 226.2304600230862 3.017726911946664
  endloop
endfacet
facet normal -0.987634 -0.14991 0.0459009
  outer loop
    vertex 7.460779228965345 230.5656348715251 1.518512092759668
    vertex 7.532236219287594 229.6299093080945 0
    vertex 7.73563306863861 228.7282745936304 1.43173321166069
  endloop
endfacet
facet normal 0.825465 0.562793 -0.0432664
  outer loop
    vertex 19.14868166275078 234.1890281832293 6.1
    vertex 19.62695426170389 233.3606357419745 4.449394949007527
    vertex 18.5522854868393 234.936885333356 4.44939494900752
  endloop
endfacet
facet normal 0.825465 -0.562793 0.0432664
  outer loop
    vertex 19.14868166275079 226.9785314400149 0
    vertex 19.6269542617039 227.8069238812697 1.650605050992452
    vertex 18.5522854868393 226.2306742898882 1.650605050992104
  endloop
endfacet
facet normal 0.900125 -0.433477 -0.0432664
  outer loop
    vertex 19.14868166275079 226.9785314400149 0
    vertex 19.97641946415972 228.6973466953923 0
    vertex 19.6269542617039 227.8069238812697 1.650605050992452
  endloop
endfacet
facet normal 0.900125 0.433477 0.0432664
  outer loop
    vertex 19.14868166275078 234.1890281832293 6.1
    vertex 19.97641946415971 232.4702129278519 6.1
    vertex 19.62695426170389 233.3606357419745 4.449394949007527
  endloop
endfacet
facet normal 0.732365 0.679536 0.0432664
  outer loop
    vertex 17.85108823902431 235.5875012994175 6.1
    vertex 19.14868166275078 234.1890281832293 6.1
    vertex 18.5522854868393 234.936885333356 4.44939494900752
  endloop
endfacet
facet normal 0.622906 0.781099 -0.0432664
  outer loop
    vertex 17.0607535071284 236.1263423958425 4.449394949007527
    vertex 17.85108823902431 235.5875012994175 6.1
    vertex 18.5522854868393 234.936885333356 4.44939494900752
  endloop
endfacet
facet normal 0.622906 -0.781099 0.0432664
  outer loop
    vertex 17.06075350712843 225.0412172274017 1.650605050992453
    vertex 17.85108823902432 225.5800583238267 0
    vertex 18.5522854868393 226.2306742898882 1.650605050992104
  endloop
endfacet
facet normal 0.732365 -0.679536 -0.0432664
  outer loop
    vertex 17.85108823902432 225.5800583238267 0
    vertex 19.14868166275079 226.9785314400149 0
    vertex 18.5522854868393 226.2306742898882 1.650605050992104
  endloop
endfacet
facet normal 0.364999 -0.930002 0.0432664
  outer loop
    vertex 16.19893606307338 224.6261878202992 0
    vertex 17.06075350712843 225.0412172274017 1.650605050992453
    vertex 15.28488748444878 224.3442411736584 1.650605050992513
  endloop
endfacet
facet normal 0.622906 -0.781099 -0.0432664
  outer loop
    vertex 18.55228548683929 226.2306742898882 4.449394949007544
    vertex 17.85108823902432 225.5800583238267 6.1
    vertex 17.06075350712839 225.0412172274017 4.449394949007522
  endloop
endfacet
facet normal -0.825465 0.562793 0.0432664
  outer loop
    vertex 8.094552752552922 233.3606357419744 6.1
    vertex 9.169221527417513 234.936885333356 6.1
    vertex 8.572825351506044 234.1890281832293 4.44939494900752
  endloop
endfacet
facet normal -0.987875 0.149057 -0.0434152
  outer loop
    vertex 7.460754205504552 230.5867696634725 4.461868302868027
    vertex 7.532236219287586 231.5376503151496 6.1
    vertex 7.745214504565715 232.470624454971 4.457029395399439
  endloop
endfacet
facet normal 0.222313 -0.974015 -0.0432664
  outer loop
    vertex 14.33902610608157 224.2016755096626 0
    vertex 16.19893606307338 224.6261878202992 0
    vertex 15.28488748444878 224.3442411736584 1.650605050992513
  endloop
endfacet
facet normal -0.900125 0.433477 0.0432664
  outer loop
    vertex 8.094552752552922 233.3606357419744 0
    vertex 7.745087550097108 232.4702129278519 1.650605050992478
    vertex 8.572825351506063 234.1890281832293 1.650605050992483
  endloop
endfacet
facet normal 0.732365 -0.679536 0.0432664
  outer loop
    vertex 19.14868166275079 226.9785314400149 6.1
    vertex 17.85108823902432 225.5800583238267 6.1
    vertex 18.55228548683929 226.2306742898882 4.449394949007544
  endloop
endfacet
facet normal -0.988044 -0.147387 0.0452378
  outer loop
    vertex 7.740535109925512 228.7121690693631 4.465034219371889
    vertex 7.460754205504552 230.5867696634725 4.461868302868027
    vertex 7.534253648061331 229.6166192596845 2.906371369983539
  endloop
endfacet
facet normal -0.95467 0.294477 0.0434671
  outer loop
    vertex 7.532236219287586 231.5376503151496 6.1
    vertex 8.094552752552922 233.3606357419744 6.1
    vertex 7.745214504565715 232.470624454971 4.457029395399439
  endloop
endfacet
facet normal -0.622906 -0.781099 0.0432664
  outer loop
    vertex 10.66075350712844 225.0412172274017 6.1
    vertex 9.169221527417548 226.2306742898882 6.1
    vertex 9.870418775232535 225.5800583238267 4.449394949007524
  endloop
endfacet
facet normal -0.499532 -0.865214 0.0432664
  outer loop
    vertex 10.66075350712844 225.0412172274017 0
    vertex 11.52257095118353 224.6261878202992 1.650605050992481
    vertex 9.870418775232523 225.5800583238267 1.650605050992472
  endloop
endfacet
facet normal -0.732365 0.679536 -0.0432664
  outer loop
    vertex 8.572825351506044 234.1890281832293 4.44939494900752
    vertex 9.169221527417513 234.936885333356 6.1
    vertex 9.870418775232521 235.5875012994175 4.449394949007514
  endloop
endfacet
facet normal -0.825465 -0.562793 -0.0432664
  outer loop
    vertex 8.094552752552943 227.8069238812697 0
    vertex 9.169221527417548 226.2306742898882 0
    vertex 8.572825351506069 226.9785314400149 1.650605050992473
  endloop
endfacet
facet normal 0.621293 0.782318 0.0444319
  outer loop
    vertex 18.5522854868393 234.936885333356 1.650605050992471
    vertex 17.85108823902431 235.5875012994175 0
    vertex 17.04228903345434 236.136961934939 1.635054188491506
  endloop
endfacet
facet normal -0.497903 0.866099 0.044335
  outer loop
    vertex 10.6607535071284 236.1263423958425 0
    vertex 9.870418775232515 235.5875012994175 1.650605050992478
    vertex 11.54000107381336 236.5481832305117 1.633570111552459
  endloop
endfacet
facet normal -0.999049 -4.18611e-15 0.0435948
  outer loop
    vertex 7.532236219287594 229.6299093080945 6.1
    vertex 7.532236219287586 231.5376503151496 6.1
    vertex 7.460754205504552 230.5867696634725 4.461868302868027
  endloop
endfacet
facet normal -0.364999 0.930002 0.0432664
  outer loop
    vertex 10.6607535071284 236.1263423958425 6.1
    vertex 12.43661952980799 236.8233184495858 6.1
    vertex 11.52257095118348 236.541371802945 4.44939494900752
  endloop
endfacet
facet normal -0.0746601 -0.99627 -0.0432664
  outer loop
    vertex 12.43661952980804 224.3442411736584 0
    vertex 14.33902610608157 224.2016755096626 0
    vertex 13.38248090817529 224.2016755096626 1.650605050992484
  endloop
endfacet
facet normal 0.0746601 -0.99627 -0.0432664
  outer loop
    vertex 15.28488748444886 224.3442411736584 4.449394949007535
    vertex 14.33902610608157 224.2016755096626 6.1
    vertex 13.38248090817533 224.2016755096626 4.449394949007532
  endloop
endfacet
facet normal 0.499523 0.8652 -0.0436555
  outer loop
    vertex 17.85108823902431 235.5875012994175 0
    vertex 16.19893606307334 236.541371802945 0
    vertex 17.04228903345434 236.136961934939 1.635054188491506
  endloop
endfacet
facet normal 0.362455 0.930994 0.0433169
  outer loop
    vertex 16.19893606307334 236.541371802945 0
    vertex 15.27026397525473 236.8266381505757 1.639563774766835
    vertex 17.04228903345434 236.136961934939 1.635054188491506
  endloop
endfacet
facet normal 0.499532 0.865214 0.0432664
  outer loop
    vertex 16.19893606307334 236.541371802945 6.1
    vertex 17.85108823902431 235.5875012994175 6.1
    vertex 17.0607535071284 236.1263423958425 4.449394949007527
  endloop
endfacet
facet normal 0.222313 -0.974015 0.0432664
  outer loop
    vertex 16.19893606307338 224.6261878202992 6.1
    vertex 14.33902610608157 224.2016755096626 6.1
    vertex 15.28488748444886 224.3442411736584 4.449394949007535
  endloop
endfacet
facet normal -0.364999 -0.930002 -0.0432664
  outer loop
    vertex 10.66075350712844 225.0412172274017 0
    vertex 12.43661952980804 224.3442411736584 0
    vertex 11.52257095118353 224.6261878202992 1.650605050992481
  endloop
endfacet
facet normal -0.0746601 -0.99627 0.0432664
  outer loop
    vertex 14.33902610608157 224.2016755096626 6.1
    vertex 12.43661952980804 224.3442411736584 6.1
    vertex 13.38248090817533 224.2016755096626 4.449394949007532
  endloop
endfacet
facet normal -0.364992 0.929984 -0.0437
  outer loop
    vertex 12.43661952980799 236.8233184495858 0
    vertex 10.6607535071284 236.1263423958425 0
    vertex 11.54000107381336 236.5481832305117 1.633570111552459
  endloop
endfacet
facet normal -0.499532 0.865214 -0.0432664
  outer loop
    vertex 10.6607535071284 236.1263423958425 6.1
    vertex 11.52257095118348 236.541371802945 4.44939494900752
    vertex 9.870418775232521 235.5875012994175 4.449394949007514
  endloop
endfacet
facet normal -0.0746588 0.996253 -0.0436616
  outer loop
    vertex 14.33902610608152 236.9658841135816 0
    vertex 12.43661952980799 236.8233184495858 0
    vertex 13.39145546156663 236.9665503185753 1.635493541244681
  endloop
endfacet
facet normal 0.0746601 -0.99627 0.0432664
  outer loop
    vertex 13.38248090817529 224.2016755096626 1.650605050992484
    vertex 14.33902610608157 224.2016755096626 0
    vertex 15.28488748444878 224.3442411736584 1.650605050992513
  endloop
endfacet
facet normal 0.499532 -0.865214 0.0432664
  outer loop
    vertex 17.85108823902432 225.5800583238267 6.1
    vertex 16.19893606307338 224.6261878202992 6.1
    vertex 17.06075350712839 225.0412172274017 4.449394949007522
  endloop
endfacet
facet normal 0.074285 0.996233 -0.0447437
  outer loop
    vertex 15.27026397525473 236.8266381505757 1.639563774766835
    vertex 13.39145546156663 236.9665503185753 1.635493541244681
    vertex 14.33855101831502 236.9659196987057 3.193851017249917
  endloop
endfacet
facet normal 0.22231 0.974003 -0.0435466
  outer loop
    vertex 16.19893606307334 236.541371802945 0
    vertex 14.33902610608152 236.9658841135816 0
    vertex 15.27026397525473 236.8266381505757 1.639563774766835
  endloop
endfacet
facet normal 0.0741041 0.996343 0.0425285
  outer loop
    vertex 15.27026397525473 236.8266381505757 1.639563774766835
    vertex 14.33902610608152 236.9658841135816 0
    vertex 13.39145546156663 236.9665503185753 1.635493541244681
  endloop
endfacet
facet normal -0.220246 0.974485 0.0432418
  outer loop
    vertex 13.39145546156663 236.9665503185753 1.635493541244681
    vertex 12.43661952980799 236.8233184495858 0
    vertex 11.54000107381336 236.5481832305117 1.633570111552459
  endloop
endfacet
facet normal 0.499532 -0.865214 -0.0432664
  outer loop
    vertex 16.19893606307338 224.6261878202992 0
    vertex 17.85108823902432 225.5800583238267 0
    vertex 17.06075350712843 225.0412172274017 1.650605050992453
  endloop
endfacet
facet normal -0.900183 0.43335 -0.0433471
  outer loop
    vertex 8.094552752552922 233.3606357419744 6.1
    vertex 8.572825351506044 234.1890281832293 4.44939494900752
    vertex 7.745214504565715 232.470624454971 4.457029395399439
  endloop
endfacet
facet normal 0.732365 0.679536 -0.0432664
  outer loop
    vertex 19.14868166275078 234.1890281832293 0
    vertex 17.85108823902431 235.5875012994175 0
    vertex 18.5522854868393 234.936885333356 1.650605050992471
  endloop
endfacet
facet normal -0.622906 0.781099 -0.0432664
  outer loop
    vertex 10.6607535071284 236.1263423958425 0
    vertex 9.169221527417513 234.936885333356 0
    vertex 9.870418775232515 235.5875012994175 1.650605050992478
  endloop
endfacet
facet normal -0.622906 0.781099 0.0432664
  outer loop
    vertex 9.169221527417513 234.936885333356 6.1
    vertex 10.6607535071284 236.1263423958425 6.1
    vertex 9.870418775232521 235.5875012994175 4.449394949007514
  endloop
endfacet
facet normal -0.954678 0.294479 -0.0432664
  outer loop
    vertex 8.094552752552922 233.3606357419744 0
    vertex 7.532236219287586 231.5376503151496 0
    vertex 7.745087550097108 232.4702129278519 1.650605050992478
  endloop
endfacet
facet normal -0.622906 -0.781099 -0.0432664
  outer loop
    vertex 9.169221527417548 226.2306742898882 0
    vertex 10.66075350712844 225.0412172274017 0
    vertex 9.870418775232523 225.5800583238267 1.650605050992472
  endloop
endfacet
facet normal 0.364999 -0.930002 -0.0432664
  outer loop
    vertex 16.19893606307338 224.6261878202992 6.1
    vertex 15.28488748444886 224.3442411736584 4.449394949007535
    vertex 17.06075350712839 225.0412172274017 4.449394949007522
  endloop
endfacet
facet normal -0.222313 -0.974015 0.0432664
  outer loop
    vertex 11.52257095118353 224.6261878202992 1.650605050992481
    vertex 12.43661952980804 224.3442411736584 0
    vertex 13.38248090817529 224.2016755096626 1.650605050992484
  endloop
endfacet
facet normal -0.825465 0.562793 -0.0432664
  outer loop
    vertex 9.169221527417513 234.936885333356 0
    vertex 8.094552752552922 233.3606357419744 0
    vertex 8.572825351506063 234.1890281832293 1.650605050992483
  endloop
endfacet
facet normal -0.732365 0.679536 0.0432664
  outer loop
    vertex 9.870418775232515 235.5875012994175 1.650605050992478
    vertex 9.169221527417513 234.936885333356 0
    vertex 8.572825351506063 234.1890281832293 1.650605050992483
  endloop
endfacet
facet normal -0.732365 -0.679536 0.0432664
  outer loop
    vertex 8.572825351506069 226.9785314400149 1.650605050992473
    vertex 9.169221527417548 226.2306742898882 0
    vertex 9.870418775232523 225.5800583238267 1.650605050992472
  endloop
endfacet
facet normal -0.733712 -0.678005 -0.0444419
  outer loop
    vertex 9.870418775232535 225.5800583238267 4.449394949007524
    vertex 9.169221527417548 226.2306742898882 6.1
    vertex 8.56103755065647 226.9958819896772 4.466795050191962
  endloop
endfacet
facet normal -0.499532 -0.865214 -0.0432664
  outer loop
    vertex 10.66075350712844 225.0412172274017 6.1
    vertex 9.870418775232535 225.5800583238267 4.449394949007524
    vertex 11.52257095118353 224.6261878202992 4.449394949007869
  endloop
endfacet
facet normal -0.988117 -0.147547 -0.0430672
  outer loop
    vertex 7.532236219287594 229.6299093080945 6.1
    vertex 7.460754205504552 230.5867696634725 4.461868302868027
    vertex 7.740535109925512 228.7121690693631 4.465034219371889
  endloop
endfacet
facet normal -0.222313 -0.974015 -0.0432664
  outer loop
    vertex 12.43661952980804 224.3442411736584 6.1
    vertex 11.52257095118353 224.6261878202992 4.449394949007869
    vertex 13.38248090817533 224.2016755096626 4.449394949007532
  endloop
endfacet
facet normal -0.901333 -0.430943 -0.0434392
  outer loop
    vertex 8.094552752552943 227.8069238812697 6.1
    vertex 7.740535109925512 228.7121690693631 4.465034219371889
    vertex 8.56103755065647 226.9958819896772 4.466795050191962
  endloop
endfacet
facet normal -0.364999 -0.930002 0.0432664
  outer loop
    vertex 12.43661952980804 224.3442411736584 6.1
    vertex 10.66075350712844 225.0412172274017 6.1
    vertex 11.52257095118353 224.6261878202992 4.449394949007869
  endloop
endfacet
facet normal -0.954661 -0.294474 0.043668
  outer loop
    vertex 8.094552752552943 227.8069238812697 6.1
    vertex 7.532236219287594 229.6299093080945 6.1
    vertex 7.740535109925512 228.7121690693631 4.465034219371889
  endloop
endfacet
facet normal -0.825449 -0.562782 0.0437055
  outer loop
    vertex 9.169221527417548 226.2306742898882 6.1
    vertex 8.094552752552943 227.8069238812697 6.1
    vertex 8.56103755065647 226.9958819896772 4.466795050191962
  endloop
endfacet
facet normal 0.900082 0.433457 -0.0443545
  outer loop
    vertex 19.97641946415971 232.4702129278519 0
    vertex 19.14868166275078 234.1890281832293 0
    vertex 19.57937292374806 233.4573476232216 1.589594696132642
  endloop
endfacet
facet normal 0.900082 -0.433457 0.0443545
  outer loop
    vertex 19.97641946415972 228.6973466953923 6.1
    vertex 19.14868166275079 226.9785314400149 6.1
    vertex 19.57937292374805 227.7102120000226 4.510405303867349
  endloop
endfacet
facet normal 0.987517 -0.148844 0.0515231
  outer loop
    vertex 20.26075350712841 230.5837798116221 6.1
    vertex 19.97641946415972 228.6973466953923 6.1
    vertex 20.10259774458311 229.1697852871088 5.046425692912646
  endloop
endfacet
facet normal 0.987524 0.148845 -0.0513942
  outer loop
    vertex 20.26075350712841 230.5837798116221 0
    vertex 19.97641946415971 232.4702129278519 0
    vertex 20.10245390995327 231.9984091204433 1.055298408975079
  endloop
endfacet
facet normal -0.988215 -0.145598 -0.0472424
  outer loop
    vertex 7.534253648061331 229.6166192596845 2.906371369983539
    vertex 7.460779228965345 230.5656348715251 1.518512092759668
    vertex 7.73563306863861 228.7282745936304 1.43173321166069
  endloop
endfacet
facet normal -0.829377 -0.555685 0.0578661
  outer loop
    vertex 8.059982376133027 227.8798836808858 2.955821370379605
    vertex 8.572825351506069 226.9785314400149 1.650605050992473
    vertex 9.169420347061624 226.2304600230862 3.017726911946664
  endloop
endfacet
facet normal 0.490257 0.869753 -0.0563743
  outer loop
    vertex 16.12184875848418 236.5710536707583 3.145321608474844
    vertex 17.0607535071284 236.1263423958425 4.449394949007527
    vertex 17.83457354380353 235.600626860927 3.068065983014775
  endloop
endfacet
facet normal -0.356983 0.932317 -0.0578549
  outer loop
    vertex 11.52257095118348 236.541371802945 4.44939494900752
    vertex 12.51651279376625 236.8410169738639 3.145160664689772
    vertex 10.66205822190229 236.1270954685437 3.083074064986244
  endloop
endfacet
facet normal 0.821591 -0.568729 -0.0391771
  outer loop
    vertex 19.14868166275079 226.9785314400149 6.1
    vertex 18.55228548683929 226.2306742898882 4.449394949007544
    vertex 19.57937292374805 227.7102120000226 4.510405303867349
  endloop
endfacet
facet normal 0.821591 0.568729 0.0391771
  outer loop
    vertex 19.14868166275078 234.1890281832293 0
    vertex 18.5522854868393 234.936885333356 1.650605050992471
    vertex 19.57937292374806 233.4573476232216 1.589594696132642
  endloop
endfacet
facet normal 0.362199 0.930924 -0.046829
  outer loop
    vertex 17.04228903345434 236.136961934939 1.635054188491506
    vertex 15.27026397525473 236.8266381505757 1.639563774766835
    vertex 16.12184875848418 236.5710536707583 3.145321608474844
  endloop
endfacet
facet normal -0.220125 0.97436 -0.0465545
  outer loop
    vertex 13.39145546156663 236.9665503185753 1.635493541244681
    vertex 11.54000107381336 236.5481832305117 1.633570111552459
    vertex 12.51651279376625 236.8410169738639 3.145160664689772
  endloop
endfacet
facet normal -0.998895 -4.18546e-15 -0.0470052
  outer loop
    vertex 7.532236219287586 231.5376503151496 0
    vertex 7.532236219287594 229.6299093080945 0
    vertex 7.460779228965345 230.5656348715251 1.518512092759668
  endloop
endfacet
facet normal -0.901231 -0.430802 0.0468154
  outer loop
    vertex 8.56103755065647 226.9958819896772 4.466795050191962
    vertex 7.740535109925512 228.7121690693631 4.465034219371889
    vertex 8.059982376133027 227.8798836808858 2.955821370379605
  endloop
endfacet
facet normal -0.903346 -0.426237 0.0478336
  outer loop
    vertex 8.094552752552943 227.8069238812697 0
    vertex 8.572825351506069 226.9785314400149 1.650605050992473
    vertex 7.73563306863861 228.7282745936304 1.43173321166069
  endloop
endfacet
facet normal -0.998801 0.00270842 -0.048884
  outer loop
    vertex 7.534253648061331 229.6166192596845 2.906371369983539
    vertex 7.460754205504552 230.5867696634725 4.461868302868027
    vertex 7.532236219287588 231.5376503151496 3.054026442334095
  endloop
endfacet
facet normal -0.216157 0.975232 -0.0468833
  outer loop
    vertex 11.52257095118348 236.541371802945 4.44939494900752
    vertex 12.43661952980799 236.8233184495858 6.1
    vertex 13.38248090817529 236.9658841135816 4.704631493327168
  endloop
endfacet
facet normal 0.359093 0.932123 -0.0468833
  outer loop
    vertex 16.19893606307334 236.541371802945 6.1
    vertex 17.0607535071284 236.1263423958425 4.449394949007527
    vertex 15.28488748444881 236.8233184495858 4.704631493327843
  endloop
endfacet
facet normal 0.9871 0.148781 0.0591377
  outer loop
    vertex 19.97641946415971 232.4702129278519 6.1
    vertex 20.26075350712841 230.5837798116221 6.1
    vertex 20.14201408021079 231.8108762271661 4.994759407553513
  endloop
endfacet
facet normal 0.987453 -0.148835 -0.0527782
  outer loop
    vertex 19.97641946415972 228.6973466953923 0
    vertex 20.26075350712841 230.5837798116221 0
    vertex 20.12939229981117 229.2937535766668 1.180174947283368
  endloop
endfacet
facet normal 0.994229 0.107274 0
  outer loop
    vertex 20.26075350712841 230.5837798116221 4.574999999999999
    vertex 20.26075350712841 230.5837798116221 3.05
    vertex 20.11345384472001 231.9489678896106 3.810087173919786
  endloop
endfacet
facet normal 0.994229 -0.107274 0
  outer loop
    vertex 20.26075350712841 230.5837798116221 1.525
    vertex 20.26075350712841 230.5837798116221 3.05
    vertex 20.11345384471862 229.2185917336272 2.289912826079572
  endloop
endfacet
facet normal 0.994663 -0.103179 0
  outer loop
    vertex 20.26075350712841 230.5837798116221 3.05
    vertex 20.26075350712841 230.5837798116221 4.574999999999999
    vertex 20.12448641728466 229.2701398189964 3.8125
  endloop
endfacet
facet normal 0.994663 0.103179 0
  outer loop
    vertex 20.26075350712841 230.5837798116221 3.05
    vertex 20.26075350712841 230.5837798116221 1.525
    vertex 20.12448641728466 231.8974198042478 2.2875
  endloop
endfacet
facet normal 0.825185 -0.562601 -0.0504986
  outer loop
    vertex 18.5522854868393 226.2306742898882 1.650605050992104
    vertex 19.6269542617039 227.8069238812697 1.650605050992452
    vertex 19.08777937956314 226.8907863741925 3.046710507925428
  endloop
endfacet
facet normal 0.825185 0.562601 0.0504986
  outer loop
    vertex 18.5522854868393 234.936885333356 4.44939494900752
    vertex 19.62695426170389 233.3606357419745 4.449394949007527
    vertex 19.08777937956276 234.2767732490522 3.05328949207302
  endloop
endfacet
facet normal 0.725706 0.686465 0.0460066
  outer loop
    vertex 19.08777937956276 234.2767732490522 3.05328949207302
    vertex 18.5522854868393 234.936885333356 1.650605050992471
    vertex 17.83457354380353 235.600626860927 3.068065983014775
  endloop
endfacet
facet normal 0.72658 -0.685589 -0.0452609
  outer loop
    vertex 19.08777937956314 226.8907863741925 3.046710507925428
    vertex 18.55228548683929 226.2306742898882 4.449394949007544
    vertex 17.85108823902451 225.5800583238269 3.048173097697056
  endloop
endfacet
facet normal 0.725167 0.686989 -0.046678
  outer loop
    vertex 18.5522854868393 234.936885333356 4.44939494900752
    vertex 19.08777937956276 234.2767732490522 3.05328949207302
    vertex 17.83457354380353 235.600626860927 3.068065983014775
  endloop
endfacet
facet normal 0.726625 -0.685531 0.0454291
  outer loop
    vertex 18.5522854868393 226.2306742898882 1.650605050992104
    vertex 19.08777937956314 226.8907863741925 3.046710507925428
    vertex 17.85108823902451 225.5800583238269 3.048173097697056
  endloop
endfacet
facet normal 0.371009 0.927329 0.0491165
  outer loop
    vertex 17.0607535071284 236.1263423958425 4.449394949007527
    vertex 16.12184875848418 236.5710536707583 3.145321608474844
    vertex 15.28488748444881 236.8233184495858 4.704631493327843
  endloop
endfacet
facet normal -0.228655 0.972268 0.0491214
  outer loop
    vertex 12.51651279376625 236.8410169738639 3.145160664689772
    vertex 11.52257095118348 236.541371802945 4.44939494900752
    vertex 13.38248090817529 236.9658841135816 4.704631493327168
  endloop
endfacet
facet normal -0.99876 -0.00485768 0.0495535
  outer loop
    vertex 7.460779228965345 230.5656348715251 1.518512092759668
    vertex 7.534253648061331 229.6166192596845 2.906371369983539
    vertex 7.532236219287588 231.5376503151496 3.054026442334095
  endloop
endfacet
facet normal -0.898324 -0.436282 -0.0516814
  outer loop
    vertex 8.572825351506069 226.9785314400149 1.650605050992473
    vertex 8.059982376133027 227.8798836808858 2.955821370379605
    vertex 7.73563306863861 228.7282745936304 1.43173321166069
  endloop
endfacet
facet normal -0.955928 -0.290568 -0.0420966
  outer loop
    vertex 7.740535109925512 228.7121690693631 4.465034219371889
    vertex 7.534253648061331 229.6166192596845 2.906371369983539
    vertex 8.059982376133027 227.8798836808858 2.955821370379605
  endloop
endfacet
facet normal -0.988459 0.14437 0.0458987
  outer loop
    vertex 7.745087550097108 232.4702129278519 1.650605050992478
    vertex 7.532236219287586 231.5376503151496 0
    vertex 7.460779228965345 230.5656348715251 1.518512092759668
  endloop
endfacet
facet normal -0.069462 0.996674 0.042619
  outer loop
    vertex 14.33855101831502 236.9659196987057 3.193851017249917
    vertex 13.39145546156663 236.9665503185753 1.635493541244681
    vertex 12.51651279376625 236.8410169738639 3.145160664689772
  endloop
endfacet
facet normal 0.2171 0.975213 0.0427497
  outer loop
    vertex 15.27026397525473 236.8266381505757 1.639563774766835
    vertex 14.33855101831502 236.9659196987057 3.193851017249917
    vertex 16.12184875848418 236.5710536707583 3.145321608474844
  endloop
endfacet
facet normal 0.0746466 0.996089 0.0472622
  outer loop
    vertex 14.33855101831502 236.9659196987057 3.193851017249917
    vertex 13.38248090817529 236.9658841135816 4.704631493327168
    vertex 15.28488748444881 236.8233184495858 4.704631493327843
  endloop
endfacet
facet normal -0.954316 0.294429 0.0509085
  outer loop
    vertex 8.094552752552946 233.3606357419745 3.051826902302756
    vertex 7.745087550097108 232.4702129278519 1.650605050992478
    vertex 7.532236219287588 231.5376503151496 3.054026442334095
  endloop
endfacet
facet normal 0.499315 -0.86492 -0.050976
  outer loop
    vertex 17.85108823902451 225.5800583238269 3.048173097697056
    vertex 17.06075350712839 225.0412172274017 4.449394949007522
    vertex 16.19898316005749 224.6262063047182 3.049846267914761
  endloop
endfacet
facet normal 0.62268 -0.780816 0.0509483
  outer loop
    vertex 18.55228548683929 226.2306742898882 4.449394949007544
    vertex 17.06075350712839 225.0412172274017 4.449394949007522
    vertex 17.85108823902451 225.5800583238269 3.048173097697056
  endloop
endfacet
facet normal 0.621695 0.781584 -0.0511986
  outer loop
    vertex 18.5522854868393 234.936885333356 1.650605050992471
    vertex 17.04228903345434 236.136961934939 1.635054188491506
    vertex 17.83457354380353 235.600626860927 3.068065983014775
  endloop
endfacet
facet normal -0.364327 -0.929895 -0.0506049
  outer loop
    vertex 12.43657020389869 224.3442524321805 3.049846267914848
    vertex 11.52257095118353 224.6261878202992 4.449394949007869
    vertex 10.66384594456866 225.0394329577133 3.038104612278793
  endloop
endfacet
facet normal -0.49936 -0.864917 0.0505851
  outer loop
    vertex 11.52257095118353 224.6261878202992 4.449394949007869
    vertex 9.870418775232535 225.5800583238267 4.449394949007524
    vertex 10.66384594456866 225.0394329577133 3.038104612278793
  endloop
endfacet
facet normal -0.732052 -0.679245 -0.0522157
  outer loop
    vertex 8.572825351506069 226.9785314400149 1.650605050992473
    vertex 9.870418775232523 225.5800583238267 1.650605050992472
    vertex 9.169420347061624 226.2304600230862 3.017726911946664
  endloop
endfacet
facet normal -0.222231 -0.973659 0.0510091
  outer loop
    vertex 13.38248090817533 224.2016755096626 4.449394949007532
    vertex 11.52257095118353 224.6261878202992 4.449394949007869
    vertex 12.43657020389869 224.3442524321805 3.049846267914848
  endloop
endfacet
facet normal -0.899799 0.43332 -0.0509483
  outer loop
    vertex 8.572825351506063 234.1890281832293 1.650605050992483
    vertex 7.745087550097108 232.4702129278519 1.650605050992478
    vertex 8.094552752552946 233.3606357419745 3.051826902302756
  endloop
endfacet
facet normal -0.732115 0.679303 -0.0505532
  outer loop
    vertex 9.870418775232515 235.5875012994175 1.650605050992478
    vertex 8.572825351506063 234.1890281832293 1.650605050992483
    vertex 9.16709567180437 234.9345930832877 3.062792328759117
  endloop
endfacet
facet normal -0.623213 0.780424 0.0504359
  outer loop
    vertex 10.66205822190229 236.1270954685437 3.083074064986244
    vertex 9.870418775232515 235.5875012994175 1.650605050992478
    vertex 9.16709567180437 234.9345930832877 3.062792328759117
  endloop
endfacet
facet normal 0.364865 -0.929662 0.0510091
  outer loop
    vertex 17.06075350712839 225.0412172274017 4.449394949007522
    vertex 15.28488748444886 224.3442411736584 4.449394949007535
    vertex 16.19898316005749 224.6262063047182 3.049846267914761
  endloop
endfacet
facet normal -0.498484 0.865426 -0.0505138
  outer loop
    vertex 11.54000107381336 236.5481832305117 1.633570111552459
    vertex 9.870418775232515 235.5875012994175 1.650605050992478
    vertex 10.66205822190229 236.1270954685437 3.083074064986244
  endloop
endfacet
facet normal 0.0746328 -0.995905 -0.0510131
  outer loop
    vertex 13.38248090817529 224.2016755096626 1.650605050992484
    vertex 15.28488748444878 224.3442411736584 1.650605050992513
    vertex 14.33902610608157 224.2016755096626 3.050041999189979
  endloop
endfacet
facet normal -0.825482 0.562157 0.0505849
  outer loop
    vertex 8.572825351506063 234.1890281832293 1.650605050992483
    vertex 8.094552752552946 233.3606357419745 3.051826902302756
    vertex 9.16709567180437 234.9345930832877 3.062792328759117
  endloop
endfacet
facet normal 0.622676 -0.780811 -0.0510812
  outer loop
    vertex 17.06075350712843 225.0412172274017 1.650605050992453
    vertex 18.5522854868393 226.2306742898882 1.650605050992104
    vertex 17.85108823902451 225.5800583238269 3.048173097697056
  endloop
endfacet
facet normal 0.622657 0.780788 0.051655
  outer loop
    vertex 17.0607535071284 236.1263423958425 4.449394949007527
    vertex 18.5522854868393 234.936885333356 4.44939494900752
    vertex 17.83457354380353 235.600626860927 3.068065983014775
  endloop
endfacet
facet normal -0.622844 -0.780616 0.0520078
  outer loop
    vertex 9.169420347061624 226.2304600230862 3.017726911946664
    vertex 9.870418775232523 225.5800583238267 1.650605050992472
    vertex 10.66384594456866 225.0394329577133 3.038104612278793
  endloop
endfacet
facet normal -0.622042 -0.781361 -0.0503945
  outer loop
    vertex 9.870418775232535 225.5800583238267 4.449394949007524
    vertex 9.169420347061624 226.2304600230862 3.017726911946664
    vertex 10.66384594456866 225.0394329577133 3.038104612278793
  endloop
endfacet
facet normal -0.0746419 -0.995904 0.0510194
  outer loop
    vertex 12.43657020389869 224.3442524321805 3.049846267914848
    vertex 13.38248090817529 224.2016755096626 1.650605050992484
    vertex 14.33902610608157 224.2016755096626 3.050041999189979
  endloop
endfacet
facet normal 0.22223 -0.973659 -0.0510153
  outer loop
    vertex 16.19898316005749 224.6262063047182 3.049846267914761
    vertex 15.28488748444886 224.3442411736584 4.449394949007535
    vertex 14.33902610608157 224.2016755096626 3.050041999189979
  endloop
endfacet
facet normal -0.0746315 -0.995905 -0.0510153
  outer loop
    vertex 13.38248090817533 224.2016755096626 4.449394949007532
    vertex 12.43657020389869 224.3442524321805 3.049846267914848
    vertex 14.33902610608157 224.2016755096626 3.050041999189979
  endloop
endfacet
facet normal 0.22224 -0.973656 0.0510194
  outer loop
    vertex 15.28488748444878 224.3442411736584 1.650605050992513
    vertex 16.19898316005749 224.6262063047182 3.049846267914761
    vertex 14.33902610608157 224.2016755096626 3.050041999189979
  endloop
endfacet
facet normal 0.819804 0.57093 -0.0442881
  outer loop
    vertex 19.57937292374806 233.4573476232216 1.589594696132642
    vertex 18.5522854868393 234.936885333356 1.650605050992471
    vertex 19.08777937956276 234.2767732490522 3.05328949207302
  endloop
endfacet
facet normal 0.819804 -0.57093 0.0442881
  outer loop
    vertex 19.57937292374805 227.7102120000226 4.510405303867349
    vertex 18.55228548683929 226.2306742898882 4.449394949007544
    vertex 19.08777937956314 226.8907863741925 3.046710507925428
  endloop
endfacet
facet normal 0.49939 -0.864872 0.051048
  outer loop
    vertex 17.06075350712843 225.0412172274017 1.650605050992453
    vertex 17.85108823902451 225.5800583238269 3.048173097697056
    vertex 16.19898316005749 224.6262063047182 3.049846267914761
  endloop
endfacet
facet normal -0.499338 -0.864878 -0.0514501
  outer loop
    vertex 9.870418775232523 225.5800583238267 1.650605050992472
    vertex 11.52257095118353 224.6261878202992 1.650605050992481
    vertex 10.66384594456866 225.0394329577133 3.038104612278793
  endloop
endfacet
facet normal 0.364865 -0.929661 -0.0510202
  outer loop
    vertex 15.28488748444878 224.3442411736584 1.650605050992513
    vertex 17.06075350712843 225.0412172274017 1.650605050992453
    vertex 16.19898316005749 224.6262063047182 3.049846267914761
  endloop
endfacet
facet normal -0.364902 -0.929646 0.0510421
  outer loop
    vertex 11.52257095118353 224.6261878202992 1.650605050992481
    vertex 12.43657020389869 224.3442524321805 3.049846267914848
    vertex 10.66384594456866 225.0394329577133 3.038104612278793
  endloop
endfacet
facet normal -0.499317 0.864843 0.0522461
  outer loop
    vertex 9.870418775232521 235.5875012994175 4.449394949007514
    vertex 11.52257095118348 236.541371802945 4.44939494900752
    vertex 10.66205822190229 236.1270954685437 3.083074064986244
  endloop
endfacet
facet normal 0.0746328 -0.995905 0.0510162
  outer loop
    vertex 15.28488748444886 224.3442411736584 4.449394949007535
    vertex 13.38248090817533 224.2016755096626 4.449394949007532
    vertex 14.33902610608157 224.2016755096626 3.050041999189979
  endloop
endfacet
facet normal -0.622309 0.781035 -0.0521127
  outer loop
    vertex 9.870418775232521 235.5875012994175 4.449394949007514
    vertex 10.66205822190229 236.1270954685437 3.083074064986244
    vertex 9.16709567180437 234.9345930832877 3.062792328759117
  endloop
endfacet
facet normal -0.732913 -0.678434 0.0506513
  outer loop
    vertex 9.870418775232535 225.5800583238267 4.449394949007524
    vertex 8.56103755065647 226.9958819896772 4.466795050191962
    vertex 9.169420347061624 226.2304600230862 3.017726911946664
  endloop
endfacet
facet normal -0.222231 -0.973658 -0.0510202
  outer loop
    vertex 11.52257095118353 224.6261878202992 1.650605050992481
    vertex 13.38248090817529 224.2016755096626 1.650605050992484
    vertex 12.43657020389869 224.3442524321805 3.049846267914848
  endloop
endfacet
facet normal -0.73208 0.679271 0.0514835
  outer loop
    vertex 8.572825351506044 234.1890281832293 4.44939494900752
    vertex 9.870418775232521 235.5875012994175 4.449394949007514
    vertex 9.16709567180437 234.9345930832877 3.062792328759117
  endloop
endfacet
facet normal -0.899697 0.433535 0.0509195
  outer loop
    vertex 7.745214504565715 232.470624454971 4.457029395399439
    vertex 8.572825351506044 234.1890281832293 4.44939494900752
    vertex 8.094552752552946 233.3606357419745 3.051826902302756
  endloop
endfacet
facet normal -0.82513 0.562625 -0.0511154
  outer loop
    vertex 8.094552752552946 233.3606357419745 3.051826902302756
    vertex 8.572825351506044 234.1890281832293 4.44939494900752
    vertex 9.16709567180437 234.9345930832877 3.062792328759117
  endloop
endfacet
facet normal -0.954354 0.294318 -0.050844
  outer loop
    vertex 7.745214504565715 232.470624454971 4.457029395399439
    vertex 8.094552752552946 233.3606357419745 3.051826902302756
    vertex 7.532236219287588 231.5376503151496 3.054026442334095
  endloop
endfacet
facet normal -0.954387 -0.294389 -0.0498084
  outer loop
    vertex 7.532236219287594 229.6299093080945 0
    vertex 8.094552752552943 227.8069238812697 0
    vertex 7.73563306863861 228.7282745936304 1.43173321166069
  endloop
endfacet
facet normal -0.987502 0.149242 0.050661
  outer loop
    vertex 7.460754205504552 230.5867696634725 4.461868302868027
    vertex 7.745214504565715 232.470624454971 4.457029395399439
    vertex 7.532236219287588 231.5376503151496 3.054026442334095
  endloop
endfacet
facet normal -0.0746322 0.995898 0.0511615
  outer loop
    vertex 12.43661952980799 236.8233184495858 6.1
    vertex 14.33902610608152 236.9658841135816 6.1
    vertex 13.38248090817529 236.9658841135816 4.704631493327168
  endloop
endfacet
facet normal 0.0746322 0.995898 -0.0511615
  outer loop
    vertex 13.38248090817529 236.9658841135816 4.704631493327168
    vertex 14.33902610608152 236.9658841135816 6.1
    vertex 15.28488748444881 236.8233184495858 4.704631493327843
  endloop
endfacet
facet normal 0.22223 0.973651 0.0511615
  outer loop
    vertex 14.33902610608152 236.9658841135816 6.1
    vertex 16.19893606307334 236.541371802945 6.1
    vertex 15.28488748444881 236.8233184495858 4.704631493327843
  endloop
endfacet
facet normal 0.950018 -0.310371 0.0337071
  outer loop
    vertex 19.6269542617039 227.8069238812697 1.650605050992452
    vertex 19.97641946415972 228.6973466953923 0
    vertex 20.12939229981117 229.2937535766668 1.180174947283368
  endloop
endfacet
facet normal 0.952212 0.303051 -0.03812
  outer loop
    vertex 19.62695426170389 233.3606357419745 4.449394949007527
    vertex 19.97641946415971 232.4702129278519 6.1
    vertex 20.14201408021079 231.8108762271661 4.994759407553513
  endloop
endfacet
facet normal 0.994437 0.105269 0.00364168
  outer loop
    vertex 20.26075350712841 230.5837798116221 3.05
    vertex 20.12448641728466 231.8974198042478 2.2875
    vertex 20.11345384472001 231.9489678896106 3.810087173919786
  endloop
endfacet
facet normal 0.994437 -0.105269 -0.00364168
  outer loop
    vertex 20.26075350712841 230.5837798116221 3.05
    vertex 20.12448641728466 229.2701398189964 3.8125
    vertex 20.11345384471862 229.2185917336272 2.289912826079572
  endloop
endfacet
facet normal 0.995351 0.0963147 0
  outer loop
    vertex 20.26075350712841 230.5837798116221 6.1
    vertex 20.26075350712841 230.5837798116221 4.574999999999999
    vertex 20.14201408021079 231.8108762271661 4.994759407553513
  endloop
endfacet
facet normal 0.994855 -0.101304 0
  outer loop
    vertex 20.26075350712841 230.5837798116221 0
    vertex 20.26075350712841 230.5837798116221 1.525
    vertex 20.12939229981117 229.2937535766668 1.180174947283368
  endloop
endfacet
facet normal 0.946544 -0.322471 -0.00824612
  outer loop
    vertex 20.11345384471862 229.2185917336272 2.289912826079572
    vertex 19.6269542617039 227.8069238812697 1.650605050992452
    vertex 20.12939229981117 229.2937535766668 1.180174947283368
  endloop
endfacet
facet normal 0.947331 0.31993 0.0144544
  outer loop
    vertex 20.11345384472001 231.9489678896106 3.810087173919786
    vertex 19.62695426170389 233.3606357419745 4.449394949007527
    vertex 20.14201408021079 231.8108762271661 4.994759407553513
  endloop
endfacet
facet normal 0.948416 -0.314861 0.0370173
  outer loop
    vertex 20.12448641728466 229.2701398189964 3.8125
    vertex 19.57937292374805 227.7102120000226 4.510405303867349
    vertex 19.79303869815053 228.1821153029157 3.050000000035424
  endloop
endfacet
facet normal 0.948416 0.314861 -0.0370173
  outer loop
    vertex 20.12448641728466 231.8974198042478 2.2875
    vertex 19.57937292374806 233.4573476232216 1.589594696132642
    vertex 19.79303869814964 232.9854443203306 3.049999999956487
  endloop
endfacet
facet normal -0.956561 -0.288335 0.0430677
  outer loop
    vertex 8.059982376133027 227.8798836808858 2.955821370379605
    vertex 7.534253648061331 229.6166192596845 2.906371369983539
    vertex 7.73563306863861 228.7282745936304 1.43173321166069
  endloop
endfacet
facet normal -0.98732 0.150818 -0.0495253
  outer loop
    vertex 7.745087550097108 232.4702129278519 1.650605050992478
    vertex 7.460779228965345 230.5656348715251 1.518512092759668
    vertex 7.532236219287588 231.5376503151496 3.054026442334095
  endloop
endfacet
facet normal -0.0671983 0.996834 -0.0425017
  outer loop
    vertex 14.33855101831502 236.9659196987057 3.193851017249917
    vertex 12.51651279376625 236.8410169738639 3.145160664689772
    vertex 13.38248090817529 236.9658841135816 4.704631493327168
  endloop
endfacet
facet normal 0.21489 0.975713 -0.0425081
  outer loop
    vertex 16.12184875848418 236.5710536707583 3.145321608474844
    vertex 14.33855101831502 236.9659196987057 3.193851017249917
    vertex 15.28488748444881 236.8233184495858 4.704631493327843
  endloop
endfacet
facet normal 0.994085 -0.108245 0.00883065
  outer loop
    vertex 20.12448641728466 229.2701398189964 3.8125
    vertex 20.26075350712841 230.5837798116221 4.574999999999999
    vertex 20.10259774458311 229.1697852871088 5.046425692912646
  endloop
endfacet
facet normal 0.99408 0.108284 -0.00889994
  outer loop
    vertex 20.12448641728466 231.8974198042478 2.2875
    vertex 20.26075350712841 230.5837798116221 1.525
    vertex 20.10245390995327 231.9984091204433 1.055298408975079
  endloop
endfacet
facet normal 0.87736 -0.479103 -0.0264505
  outer loop
    vertex 19.57937292374805 227.7102120000226 4.510405303867349
    vertex 19.08777937956314 226.8907863741925 3.046710507925428
    vertex 19.79303869815053 228.1821153029157 3.050000000035424
  endloop
endfacet
facet normal 0.87736 0.479103 0.0264505
  outer loop
    vertex 19.57937292374806 233.4573476232216 1.589594696132642
    vertex 19.08777937956276 234.2767732490522 3.05328949207302
    vertex 19.79303869814964 232.9854443203306 3.049999999956487
  endloop
endfacet
facet normal 0.993797 0.111208 0
  outer loop
    vertex 20.26075350712841 230.5837798116221 1.525
    vertex 20.26075350712841 230.5837798116221 0
    vertex 20.10245390995327 231.9984091204433 1.055298408975079
  endloop
endfacet
facet normal 0.993803 -0.111157 0
  outer loop
    vertex 20.26075350712841 230.5837798116221 4.574999999999999
    vertex 20.26075350712841 230.5837798116221 6.1
    vertex 20.10259774458311 229.1697852871088 5.046425692912646
  endloop
endfacet
facet normal 0.948941 -0.314174 -0.0283901
  outer loop
    vertex 19.6269542617039 227.8069238812697 1.650605050992452
    vertex 20.11345384471862 229.2185917336272 2.289912826079572
    vertex 19.79303869815053 228.1821153029157 3.050000000035424
  endloop
endfacet
facet normal 0.948941 0.314174 0.0283901
  outer loop
    vertex 19.62695426170389 233.3606357419745 4.449394949007527
    vertex 20.11345384472001 231.9489678896106 3.810087173919786
    vertex 19.79303869814964 232.9854443203306 3.049999999956487
  endloop
endfacet
facet normal 0.994865 0.100466 -0.0122735
  outer loop
    vertex 20.26075350712841 230.5837798116221 4.574999999999999
    vertex 20.11345384472001 231.9489678896106 3.810087173919786
    vertex 20.14201408021079 231.8108762271661 4.994759407553513
  endloop
endfacet
facet normal 0.994631 -0.103231 0.00729347
  outer loop
    vertex 20.26075350712841 230.5837798116221 1.525
    vertex 20.11345384471862 229.2185917336272 2.289912826079572
    vertex 20.12939229981117 229.2937535766668 1.180174947283368
  endloop
endfacet
facet normal 0.877352 0.479228 -0.0243589
  outer loop
    vertex 19.08777937956276 234.2767732490522 3.05328949207302
    vertex 19.62695426170389 233.3606357419745 4.449394949007527
    vertex 19.79303869814964 232.9854443203306 3.049999999956487
  endloop
endfacet
facet normal 0.877352 -0.479228 0.0243589
  outer loop
    vertex 19.08777937956314 226.8907863741925 3.046710507925428
    vertex 19.6269542617039 227.8069238812697 1.650605050992452
    vertex 19.79303869815053 228.1821153029157 3.050000000035424
  endloop
endfacet
facet normal 0.956005 -0.293335 0.00300389
  outer loop
    vertex 20.11345384471862 229.2185917336272 2.289912826079572
    vertex 20.12448641728466 229.2701398189964 3.8125
    vertex 19.79303869815053 228.1821153029157 3.050000000035424
  endloop
endfacet
facet normal 0.956005 0.293335 -0.00300389
  outer loop
    vertex 20.11345384472001 231.9489678896106 3.810087173919786
    vertex 20.12448641728466 231.8974198042478 2.2875
    vertex 19.79303869814964 232.9854443203306 3.049999999956487
  endloop
endfacet
facet normal -0 0 1
  outer loop
    vertex 8.094552752552943 227.8069238812697 6.1
    vertex 10.4821755159483 227.4126261769101 6.1
    vertex 9.41076857844029 229.1592093088401 6.1
  endloop
endfacet
facet normal 0 0 1
  outer loop
    vertex 17.26434704918237 229.7580299481532 6.1
    vertex 15.73574692848801 228.746711435722 6.1
    vertex 17.19768477598427 227.5972232566039 6.1
  endloop
endfacet
facet normal 0 0 1
  outer loop
    vertex 17.19768477598427 227.5972232566039 6.1
    vertex 18.49896260755944 228.5091135583278 6.1
    vertex 17.26434704918237 229.7580299481532 6.1
  endloop
endfacet
facet normal 0 -0 1
  outer loop
    vertex 9.169221527417548 226.2306742898882 6.1
    vertex 10.4821755159483 227.4126261769101 6.1
    vertex 8.094552752552943 227.8069238812697 6.1
  endloop
endfacet
facet normal 0 -0 1
  outer loop
    vertex 9.935714988858777 233.2969905949328 6.1
    vertex 11.51680959266302 234.6072107979816 6.1
    vertex 9.169221527417513 234.936885333356 6.1
  endloop
endfacet
facet normal -0 0 1
  outer loop
    vertex 9.169221527417513 234.936885333356 6.1
    vertex 11.51680959266302 234.6072107979816 6.1
    vertex 10.6607535071284 236.1263423958425 6.1
  endloop
endfacet
facet normal 0 0 1
  outer loop
    vertex 12.43661952980799 236.8233184495858 6.1
    vertex 11.51680959266302 234.6072107979816 6.1
    vertex 13.51128830467259 235.2470688582042 6.1
  endloop
endfacet
facet normal -0 0 1
  outer loop
    vertex 10.6607535071284 236.1263423958425 6.1
    vertex 11.51680959266302 234.6072107979816 6.1
    vertex 12.43661952980799 236.8233184495858 6.1
  endloop
endfacet
facet normal -0 0 1
  outer loop
    vertex 12.15228548683933 226.2306742898882 6.1
    vertex 13.60992281241217 225.6139891151912 6.1
    vertex 14.08095528473593 227.4014357881127 6.1
  endloop
endfacet
facet normal 0 0 1
  outer loop
    vertex 10.66075350712844 225.0412172274017 6.1
    vertex 10.4821755159483 227.4126261769101 6.1
    vertex 9.169221527417548 226.2306742898882 6.1
  endloop
endfacet
facet normal 0 0 1
  outer loop
    vertex 12.15228548683933 226.2306742898882 6.1
    vertex 10.4821755159483 227.4126261769101 6.1
    vertex 10.66075350712844 225.0412172274017 6.1
  endloop
endfacet
facet normal 0 0 1
  outer loop
    vertex 12.15228548683933 226.2306742898882 6.1
    vertex 14.08095528473593 227.4014357881127 6.1
    vertex 12.3341872595374 228.2620988027362 6.1
  endloop
endfacet
facet normal 0 0 1
  outer loop
    vertex 13.51128830467259 235.2470688582042 6.1
    vertex 11.51680959266302 234.6072107979816 6.1
    vertex 12.98291569986309 233.1424975872784 6.1
  endloop
endfacet
facet normal 0 0 1
  outer loop
    vertex 12.98291569986309 233.1424975872784 6.1
    vertex 14.44433260236706 233.9521739161764 6.1
    vertex 13.51128830467259 235.2470688582042 6.1
  endloop
endfacet
facet normal 0 0 1
  outer loop
    vertex 14.08095528473593 227.4014357881127 6.1
    vertex 13.60992281241217 225.6139891151912 6.1
    vertex 15.04072765459596 225.8919188146342 6.1
  endloop
endfacet
facet normal -0 0 1
  outer loop
    vertex 17.26434704918237 229.7580299481532 6.1
    vertex 18.49896260755944 228.5091135583278 6.1
    vertex 18.93583033194126 229.8188350597722 6.1
  endloop
endfacet
facet normal 0 0 1
  outer loop
    vertex 15.3444267436761 230.5812072725589 6.1
    vertex 15.73574692848801 228.746711435722 6.1
    vertex 17.26434704918237 229.7580299481532 6.1
  endloop
endfacet
facet normal 0 0 1
  outer loop
    vertex 13.47767286289658 231.1503082984684 6.1
    vertex 11.8024241505413 231.6098997805557 6.1
    vertex 12.15849522675433 229.9536912139912 6.1
  endloop
endfacet
facet normal -0 0 1
  outer loop
    vertex 8.094552752552922 233.3606357419744 6.1
    vertex 9.935714988858777 233.2969905949328 6.1
    vertex 9.169221527417513 234.936885333356 6.1
  endloop
endfacet
facet normal 0 0 1
  outer loop
    vertex 19.14868166275079 226.9785314400149 6.1
    vertex 17.19768477598427 227.5972232566039 6.1
    vertex 17.85108823902432 225.5800583238267 6.1
  endloop
endfacet
facet normal -0 0 1
  outer loop
    vertex 12.43661952980799 236.8233184495858 6.1
    vertex 13.51128830467259 235.2470688582042 6.1
    vertex 14.33902610608152 236.9658841135816 6.1
  endloop
endfacet
facet normal 0 0 1
  outer loop
    vertex 17.85108823902431 235.5875012994175 6.1
    vertex 17.28877170575897 233.7645158725926 6.1
    vertex 19.14868166275078 234.1890281832293 6.1
  endloop
endfacet
facet normal 0 -0 1
  outer loop
    vertex 8.094552752552943 227.8069238812697 6.1
    vertex 9.41076857844029 229.1592093088401 6.1
    vertex 7.532236219287594 229.6299093080945 6.1
  endloop
endfacet
facet normal 0 0 1
  outer loop
    vertex 12.43661952980804 224.3442411736584 6.1
    vertex 12.15228548683933 226.2306742898882 6.1
    vertex 10.66075350712844 225.0412172274017 6.1
  endloop
endfacet
facet normal 0 0 1
  outer loop
    vertex 16.19893606307338 224.6261878202992 6.1
    vertex 15.04072765459596 225.8919188146342 6.1
    vertex 14.33902610608157 224.2016755096626 6.1
  endloop
endfacet
facet normal 0 0 1
  outer loop
    vertex 19.97641946415971 232.4702129278519 6.1
    vertex 18.48488748444882 231.2807558653654 6.1
    vertex 20.26075350712841 230.5837798116221 6.1
  endloop
endfacet
facet normal 0 0 1
  outer loop
    vertex 12.98291569986309 233.1424975872784 6.1
    vertex 11.8024241505413 231.6098997805557 6.1
    vertex 13.47767286289658 231.1503082984684 6.1
  endloop
endfacet
facet normal -0 0 1
  outer loop
    vertex 13.89562120954034 229.3337096181522 6.1
    vertex 15.73574692848801 228.746711435722 6.1
    vertex 15.3444267436761 230.5812072725589 6.1
  endloop
endfacet
facet normal 0 0 1
  outer loop
    vertex 13.47767286289658 231.1503082984684 6.1
    vertex 12.15849522675433 229.9536912139912 6.1
    vertex 13.89562120954034 229.3337096181522 6.1
  endloop
endfacet
facet normal 0 0 1
  outer loop
    vertex 14.80139731075034 232.3972316649702 6.1
    vertex 12.98291569986309 233.1424975872784 6.1
    vertex 13.47767286289658 231.1503082984684 6.1
  endloop
endfacet
facet normal 0 0 1
  outer loop
    vertex 13.47767286289658 231.1503082984684 6.1
    vertex 13.89562120954034 229.3337096181522 6.1
    vertex 15.3444267436761 230.5812072725589 6.1
  endloop
endfacet
facet normal 0 0 1
  outer loop
    vertex 14.80139731075034 232.3972316649702 6.1
    vertex 13.47767286289658 231.1503082984684 6.1
    vertex 15.3444267436761 230.5812072725589 6.1
  endloop
endfacet
facet normal 0 0 1
  outer loop
    vertex 16.78761404188021 232.0466321402529 6.1
    vertex 14.80139731075034 232.3972316649702 6.1
    vertex 15.3444267436761 230.5812072725589 6.1
  endloop
endfacet
facet normal 0 0 1
  outer loop
    vertex 16.78761404188021 232.0466321402529 6.1
    vertex 15.3444267436761 230.5812072725589 6.1
    vertex 17.26434704918237 229.7580299481532 6.1
  endloop
endfacet
facet normal 0 -0 1
  outer loop
    vertex 10.4821755159483 227.4126261769101 6.1
    vertex 10.98632961177842 229.0279975978039 6.1
    vertex 9.41076857844029 229.1592093088401 6.1
  endloop
endfacet
facet normal 0 0 1
  outer loop
    vertex 12.3341872595374 228.2620988027362 6.1
    vertex 10.4821755159483 227.4126261769101 6.1
    vertex 12.15228548683933 226.2306742898882 6.1
  endloop
endfacet
facet normal 0 0 1
  outer loop
    vertex 12.15849522675433 229.9536912139912 6.1
    vertex 12.3341872595374 228.2620988027362 6.1
    vertex 13.89562120954034 229.3337096181522 6.1
  endloop
endfacet
facet normal 0 0 1
  outer loop
    vertex 18.48488748444882 231.2807558653654 6.1
    vertex 16.78761404188021 232.0466321402529 6.1
    vertex 17.26434704918237 229.7580299481532 6.1
  endloop
endfacet
facet normal 0 0 1
  outer loop
    vertex 16.78761404188021 232.0466321402529 6.1
    vertex 18.37944990398517 232.7674908182032 6.1
    vertex 17.28877170575897 233.7645158725926 6.1
  endloop
endfacet
facet normal 0 0 1
  outer loop
    vertex 13.89562120954034 229.3337096181522 6.1
    vertex 14.08095528473593 227.4014357881127 6.1
    vertex 15.73574692848801 228.746711435722 6.1
  endloop
endfacet
facet normal -0 0 1
  outer loop
    vertex 9.935714988858777 233.2969905949328 6.1
    vertex 11.38905051179614 233.0966967438305 6.1
    vertex 11.51680959266302 234.6072107979816 6.1
  endloop
endfacet
facet normal 0 0 1
  outer loop
    vertex 17.28877170575897 233.7645158725926 6.1
    vertex 15.80000936556882 233.6424641525139 6.1
    vertex 16.78761404188021 232.0466321402529 6.1
  endloop
endfacet
facet normal 0 0 1
  outer loop
    vertex 18.48488748444882 231.2807558653654 6.1
    vertex 18.37944990398517 232.7674908182032 6.1
    vertex 16.78761404188021 232.0466321402529 6.1
  endloop
endfacet
facet normal 0 0 1
  outer loop
    vertex 16.78761404188021 232.0466321402529 6.1
    vertex 15.80000936556882 233.6424641525139 6.1
    vertex 14.80139731075034 232.3972316649702 6.1
  endloop
endfacet
facet normal 0 0 1
  outer loop
    vertex 15.73574692848801 228.746711435722 6.1
    vertex 15.66334611330623 227.2103943672944 6.1
    vertex 17.19768477598427 227.5972232566039 6.1
  endloop
endfacet
facet normal -0 0 1
  outer loop
    vertex 13.51128830467259 235.2470688582042 6.1
    vertex 15.13761324852403 235.2241839290297 6.1
    vertex 14.33902610608152 236.9658841135816 6.1
  endloop
endfacet
facet normal 0 0 1
  outer loop
    vertex 14.33902610608152 236.9658841135816 6.1
    vertex 15.13761324852403 235.2241839290297 6.1
    vertex 16.19893606307334 236.541371802945 6.1
  endloop
endfacet
facet normal 0 0 1
  outer loop
    vertex 12.3341872595374 228.2620988027362 6.1
    vertex 10.98632961177842 229.0279975978039 6.1
    vertex 10.4821755159483 227.4126261769101 6.1
  endloop
endfacet
facet normal 0 0 1
  outer loop
    vertex 10.54602147821176 230.3523624865421 6.1
    vertex 10.298248538152 231.8336919449835 6.1
    vertex 8.950640086653674 230.7186243563375 6.1
  endloop
endfacet
facet normal -0 0 1
  outer loop
    vertex 12.3341872595374 228.2620988027362 6.1
    vertex 14.08095528473593 227.4014357881127 6.1
    vertex 13.89562120954034 229.3337096181522 6.1
  endloop
endfacet
facet normal 0 0 1
  outer loop
    vertex 11.8024241505413 231.6098997805557 6.1
    vertex 10.54602147821176 230.3523624865421 6.1
    vertex 12.15849522675433 229.9536912139912 6.1
  endloop
endfacet
facet normal 0 0 1
  outer loop
    vertex 12.15849522675433 229.9536912139912 6.1
    vertex 10.98632961177842 229.0279975978039 6.1
    vertex 12.3341872595374 228.2620988027362 6.1
  endloop
endfacet
facet normal 0 -0 1
  outer loop
    vertex 8.950640086653674 230.7186243563375 6.1
    vertex 10.298248538152 231.8336919449835 6.1
    vertex 8.917820899365747 232.1225496817325 6.1
  endloop
endfacet
facet normal 0 0 1
  outer loop
    vertex 18.48488748444882 231.2807558653654 6.1
    vertex 17.26434704918237 229.7580299481532 6.1
    vertex 18.93583033194126 229.8188350597722 6.1
  endloop
endfacet
facet normal 0 0 1
  outer loop
    vertex 11.51680959266302 234.6072107979816 6.1
    vertex 11.38905051179614 233.0966967438305 6.1
    vertex 12.98291569986309 233.1424975872784 6.1
  endloop
endfacet
facet normal 0 0 1
  outer loop
    vertex 14.80139731075034 232.3972316649702 6.1
    vertex 14.44433260236706 233.9521739161764 6.1
    vertex 12.98291569986309 233.1424975872784 6.1
  endloop
endfacet
facet normal 0 0 1
  outer loop
    vertex 12.98291569986309 233.1424975872784 6.1
    vertex 11.38905051179614 233.0966967438305 6.1
    vertex 11.8024241505413 231.6098997805557 6.1
  endloop
endfacet
facet normal 0 0 1
  outer loop
    vertex 17.19768477598427 227.5972232566039 6.1
    vertex 16.37865287406321 226.202386155156 6.1
    vertex 17.85108823902432 225.5800583238267 6.1
  endloop
endfacet
facet normal 0 -0 1
  outer loop
    vertex 12.43661952980804 224.3442411736584 6.1
    vertex 13.60992281241217 225.6139891151912 6.1
    vertex 12.15228548683933 226.2306742898882 6.1
  endloop
endfacet
facet normal 0 0 1
  outer loop
    vertex 19.14868166275078 234.1890281832293 6.1
    vertex 18.37944990398517 232.7674908182032 6.1
    vertex 19.97641946415971 232.4702129278519 6.1
  endloop
endfacet
facet normal 0 0 1
  outer loop
    vertex 19.97641946415972 228.6973466953923 6.1
    vertex 18.49896260755944 228.5091135583278 6.1
    vertex 19.14868166275079 226.9785314400149 6.1
  endloop
endfacet
facet normal 0 0 1
  outer loop
    vertex 19.97641946415971 232.4702129278519 6.1
    vertex 18.37944990398517 232.7674908182032 6.1
    vertex 18.48488748444882 231.2807558653654 6.1
  endloop
endfacet
facet normal 0 -0 1
  outer loop
    vertex 7.532236219287594 229.6299093080945 6.1
    vertex 8.950640086653674 230.7186243563375 6.1
    vertex 7.532236219287586 231.5376503151496 6.1
  endloop
endfacet
facet normal -0 0 1
  outer loop
    vertex 17.28877170575897 233.7645158725926 6.1
    vertex 18.37944990398517 232.7674908182032 6.1
    vertex 19.14868166275078 234.1890281832293 6.1
  endloop
endfacet
facet normal 0 0 1
  outer loop
    vertex 14.33902610608157 224.2016755096626 6.1
    vertex 13.60992281241217 225.6139891151912 6.1
    vertex 12.43661952980804 224.3442411736584 6.1
  endloop
endfacet
facet normal 0 0 1
  outer loop
    vertex 8.094552752552922 233.3606357419744 6.1
    vertex 8.917820899365747 232.1225496817325 6.1
    vertex 9.935714988858777 233.2969905949328 6.1
  endloop
endfacet
facet normal 0 0 1
  outer loop
    vertex 20.26075350712841 230.5837798116221 6.1
    vertex 18.93583033194126 229.8188350597722 6.1
    vertex 19.97641946415972 228.6973466953923 6.1
  endloop
endfacet
facet normal 0 0 1
  outer loop
    vertex 17.85108823902432 225.5800583238267 6.1
    vertex 16.37865287406321 226.202386155156 6.1
    vertex 16.19893606307338 224.6261878202992 6.1
  endloop
endfacet
facet normal 0 0 1
  outer loop
    vertex 9.41076857844029 229.1592093088401 6.1
    vertex 8.950640086653674 230.7186243563375 6.1
    vertex 7.532236219287594 229.6299093080945 6.1
  endloop
endfacet
facet normal 0 0 1
  outer loop
    vertex 19.14868166275079 226.9785314400149 6.1
    vertex 18.49896260755944 228.5091135583278 6.1
    vertex 17.19768477598427 227.5972232566039 6.1
  endloop
endfacet
facet normal 0 0 1
  outer loop
    vertex 7.532236219287586 231.5376503151496 6.1
    vertex 8.917820899365747 232.1225496817325 6.1
    vertex 8.094552752552922 233.3606357419744 6.1
  endloop
endfacet
facet normal 0 0 1
  outer loop
    vertex 18.48488748444882 231.2807558653654 6.1
    vertex 18.93583033194126 229.8188350597722 6.1
    vertex 20.26075350712841 230.5837798116221 6.1
  endloop
endfacet
facet normal 0 0 1
  outer loop
    vertex 15.04072765459596 225.8919188146342 6.1
    vertex 13.60992281241217 225.6139891151912 6.1
    vertex 14.33902610608157 224.2016755096626 6.1
  endloop
endfacet
facet normal 0 -0 1
  outer loop
    vertex 16.19893606307338 224.6261878202992 6.1
    vertex 16.37865287406321 226.202386155156 6.1
    vertex 15.04072765459596 225.8919188146342 6.1
  endloop
endfacet
facet normal 0 0 1
  outer loop
    vertex 16.19893606307334 236.541371802945 6.1
    vertex 16.512094513721 234.9846524655923 6.1
    vertex 17.85108823902431 235.5875012994175 6.1
  endloop
endfacet
facet normal 0 0 1
  outer loop
    vertex 10.54602147821176 230.3523624865421 6.1
    vertex 8.950640086653674 230.7186243563375 6.1
    vertex 9.41076857844029 229.1592093088401 6.1
  endloop
endfacet
facet normal -0 0 1
  outer loop
    vertex 14.08095528473593 227.4014357881127 6.1
    vertex 15.66334611330623 227.2103943672944 6.1
    vertex 15.73574692848801 228.746711435722 6.1
  endloop
endfacet
facet normal 0 0 1
  outer loop
    vertex 17.85108823902431 235.5875012994175 6.1
    vertex 16.512094513721 234.9846524655923 6.1
    vertex 17.28877170575897 233.7645158725926 6.1
  endloop
endfacet
facet normal -0 0 1
  outer loop
    vertex 14.44433260236706 233.9521739161764 6.1
    vertex 15.80000936556882 233.6424641525139 6.1
    vertex 15.13761324852403 235.2241839290297 6.1
  endloop
endfacet
facet normal 0 -0 1
  outer loop
    vertex 15.80000936556882 233.6424641525139 6.1
    vertex 16.512094513721 234.9846524655923 6.1
    vertex 15.13761324852403 235.2241839290297 6.1
  endloop
endfacet
facet normal 0 -0 1
  outer loop
    vertex 14.44433260236706 233.9521739161764 6.1
    vertex 15.13761324852403 235.2241839290297 6.1
    vertex 13.51128830467259 235.2470688582042 6.1
  endloop
endfacet
facet normal -0 0 1
  outer loop
    vertex 9.41076857844029 229.1592093088401 6.1
    vertex 10.98632961177842 229.0279975978039 6.1
    vertex 10.54602147821176 230.3523624865421 6.1
  endloop
endfacet
facet normal 0 0 1
  outer loop
    vertex 10.54602147821176 230.3523624865421 6.1
    vertex 10.98632961177842 229.0279975978039 6.1
    vertex 12.15849522675433 229.9536912139912 6.1
  endloop
endfacet
facet normal 0 -0 1
  outer loop
    vertex 15.04072765459596 225.8919188146342 6.1
    vertex 15.66334611330623 227.2103943672944 6.1
    vertex 14.08095528473593 227.4014357881127 6.1
  endloop
endfacet
facet normal 0 0 1
  outer loop
    vertex 17.19768477598427 227.5972232566039 6.1
    vertex 15.66334611330623 227.2103943672944 6.1
    vertex 16.37865287406321 226.202386155156 6.1
  endloop
endfacet
facet normal -0 0 1
  outer loop
    vertex 15.13761324852403 235.2241839290297 6.1
    vertex 16.512094513721 234.9846524655923 6.1
    vertex 16.19893606307334 236.541371802945 6.1
  endloop
endfacet
facet normal -0 0 1
  outer loop
    vertex 7.532236219287586 231.5376503151496 6.1
    vertex 8.950640086653674 230.7186243563375 6.1
    vertex 8.917820899365747 232.1225496817325 6.1
  endloop
endfacet
facet normal 0 0 1
  outer loop
    vertex 18.93583033194126 229.8188350597722 6.1
    vertex 18.49896260755944 228.5091135583278 6.1
    vertex 19.97641946415972 228.6973466953923 6.1
  endloop
endfacet
facet normal 0 -0 1
  outer loop
    vertex 14.80139731075034 232.3972316649702 6.1
    vertex 15.80000936556882 233.6424641525139 6.1
    vertex 14.44433260236706 233.9521739161764 6.1
  endloop
endfacet
facet normal 0 0 1
  outer loop
    vertex 9.935714988858777 233.2969905949328 6.1
    vertex 10.298248538152 231.8336919449835 6.1
    vertex 11.38905051179614 233.0966967438305 6.1
  endloop
endfacet
facet normal 0 0 1
  outer loop
    vertex 11.8024241505413 231.6098997805557 6.1
    vertex 10.298248538152 231.8336919449835 6.1
    vertex 10.54602147821176 230.3523624865421 6.1
  endloop
endfacet
facet normal 0 0 1
  outer loop
    vertex 11.38905051179614 233.0966967438305 6.1
    vertex 10.298248538152 231.8336919449835 6.1
    vertex 11.8024241505413 231.6098997805557 6.1
  endloop
endfacet
facet normal 0 0 1
  outer loop
    vertex 17.28877170575897 233.7645158725926 6.1
    vertex 16.512094513721 234.9846524655923 6.1
    vertex 15.80000936556882 233.6424641525139 6.1
  endloop
endfacet
facet normal 0 0 1
  outer loop
    vertex 16.37865287406321 226.202386155156 6.1
    vertex 15.66334611330623 227.2103943672944 6.1
    vertex 15.04072765459596 225.8919188146342 6.1
  endloop
endfacet
facet normal -0 0 1
  outer loop
    vertex 8.917820899365747 232.1225496817325 6.1
    vertex 10.298248538152 231.8336919449835 6.1
    vertex 9.935714988858777 233.2969905949328 6.1
  endloop
endfacet
facet normal 0.942504 -0.33403 -0.0104474
  outer loop
    vertex 5.718619416619654 228.1264321884005 4.51040530386735
    vertex 6.263732910156265 229.6863600073744 3.8125
    vertex 6.241844237454719 229.5860054754867 5.046425692912647
  endloop
endfacet
facet normal 0.942492 0.334062 0.0105268
  outer loop
    vertex 5.71861941661968 233.8735678115995 1.58959469613265
    vertex 6.263732910156268 232.3136399926256 2.2875
    vertex 6.241700402824872 232.4146293088212 1.055298408975078
  endloop
endfacet
facet normal 0.944639 -0.326424 -0.0332417
  outer loop
    vertex 6.115665957031315 229.1135668837702 6.1
    vertex 5.718619416619654 228.1264321884005 4.51040530386735
    vertex 6.241844237454719 229.5860054754867 5.046425692912647
  endloop
endfacet
facet normal 0.944606 0.326527 0.0331696
  outer loop
    vertex 6.115665957031315 232.8864331162298 0
    vertex 5.71861941661968 233.8735678115995 1.58959469613265
    vertex 6.241700402824872 232.4146293088212 1.055298408975078
  endloop
endfacet
facet normal -0.369118 -0.9279 0.0524807
  outer loop
    vertex -3.26973094292963 225.498285761615 3.144397894219019
    vertex -2.357947489990368 225.0502030593937 1.634881328534163
    vertex -1.42374476451608 224.7603725395251 3.081068165759737
  endloop
endfacet
facet normal -0.731577 -0.680212 -0.045902
  outer loop
    vertex -4.691531979710851 226.6468944782661 6.1
    vertex -5.27770435290527 227.3798015574661 4.581494156663064
    vertex -4.01557895885157 226.0165147110453 4.66826743034287
  endloop
endfacet
facet normal 0.825465 0.562793 -0.0432664
  outer loop
    vertex 5.287928155622381 234.6052483716072 6.1
    vertex 5.76620075457549 233.7768559303524 4.449394949007526
    vertex 4.691531979710897 235.3531055217339 4.449394949007521
  endloop
endfacet
facet normal 0.900125 -0.433477 -0.0432664
  outer loop
    vertex 5.287928155622392 227.3947516283928 0
    vertex 6.115665957031315 229.1135668837702 0
    vertex 5.766200754575501 228.2231440696476 1.65060505099245
  endloop
endfacet
facet normal 0.900125 0.433477 0.0432664
  outer loop
    vertex 5.287928155622381 234.6052483716072 6.1
    vertex 6.115665957031315 232.8864331162298 6.1
    vertex 5.76620075457549 233.7768559303524 4.449394949007526
  endloop
endfacet
facet normal 0.623187 -0.780863 0.0434783
  outer loop
    vertex 3.200000000000034 225.4574374157796 1.650605050992452
    vertex 3.990334731895926 225.9962785122046 0
    vertex 4.694279185858094 226.6498571373782 1.648322156101256
  endloop
endfacet
facet normal 0.825619 -0.562578 0.0431143
  outer loop
    vertex 5.287928155622392 227.3947516283928 0
    vertex 5.766200754575501 228.2231440696476 1.65060505099245
    vertex 4.694279185858094 226.6498571373782 1.648322156101256
  endloop
endfacet
facet normal 0.732365 0.679536 0.0432664
  outer loop
    vertex 3.990334731895907 236.0037214877954 6.1
    vertex 5.287928155622381 234.6052483716072 6.1
    vertex 4.691531979710897 235.3531055217339 4.449394949007521
  endloop
endfacet
facet normal 0.622906 0.781099 -0.0432664
  outer loop
    vertex 3.200000000000008 236.5425625842204 4.449394949007526
    vertex 3.990334731895907 236.0037214877954 6.1
    vertex 4.691531979710897 235.3531055217339 4.449394949007521
  endloop
endfacet
facet normal 0.732364 -0.679534 -0.0433255
  outer loop
    vertex 3.990334731895926 225.9962785122046 0
    vertex 5.287928155622392 227.3947516283928 0
    vertex 4.694279185858094 226.6498571373782 1.648322156101256
  endloop
endfacet
facet normal 0.622797 -0.781182 -0.0433451
  outer loop
    vertex 4.691531979710908 226.6468944782661 4.449394949007547
    vertex 3.990334731895926 225.9962785122046 6.1
    vertex 3.200066489962838 225.4574758043093 4.455663149313562
  endloop
endfacet
facet normal -0.733472 -0.678191 -0.045554
  outer loop
    vertex -5.292969322085683 227.4021567911512 1.634083107924386
    vertex -4.002047787491607 226.0056418323639 1.639563774767059
    vertex -4.682580464905178 226.6372668899315 3.193522269469919
  endloop
endfacet
facet normal -0.987905 0.148903 0.0432664
  outer loop
    vertex -6.328517287840812 231.9538705035275 0
    vertex -6.399999999999986 231 1.650605050992479
    vertex -6.115665957031273 232.8864331162298 1.650605050992496
  endloop
endfacet
facet normal -0.987905 -0.148903 -0.0432664
  outer loop
    vertex -6.115665957031279 229.1135668837702 4.449394949007523
    vertex -6.328517287840804 230.0461294964724 6.1
    vertex -6.399999999999986 231 4.44939494900752
  endloop
endfacet
facet normal -0.825449 -0.562782 -0.0436992
  outer loop
    vertex -5.766200754575455 228.2231440696476 0
    vertex -4.691531979710851 226.6468944782661 0
    vertex -5.292969322085683 227.4021567911512 1.634083107924386
  endloop
endfacet
facet normal -0.224271 -0.973514 0.0444317
  outer loop
    vertex -1.424133977320355 224.7604613620363 0
    vertex -0.4782725989530531 224.6178956980405 1.650605050992477
    vertex -2.357947489990368 225.0502030593937 1.634881328534163
  endloop
endfacet
facet normal -0.733718 -0.67807 0.0433486
  outer loop
    vertex -4.691531979710851 226.6468944782661 0
    vertex -4.002047787491607 226.0056418323639 1.639563774767059
    vertex -5.292969322085683 227.4021567911512 1.634083107924386
  endloop
endfacet
facet normal -0.954678 -0.294479 -0.0432664
  outer loop
    vertex -6.328517287840804 230.0461294964724 0
    vertex -5.766200754575455 228.2231440696476 0
    vertex -6.115665957031287 229.1135668837702 1.650605050992487
  endloop
endfacet
facet normal -0.900273 -0.433189 0.0430793
  outer loop
    vertex -6.115665957031287 229.1135668837702 1.650605050992487
    vertex -5.766200754575455 228.2231440696476 0
    vertex -5.292969322085683 227.4021567911512 1.634083107924386
  endloop
endfacet
facet normal 0.499528 -0.865208 0.043431
  outer loop
    vertex 3.990334731895926 225.9962785122046 6.1
    vertex 2.338182555944982 225.0424080086771 6.1
    vertex 3.200066489962838 225.4574758043093 4.455663149313562
  endloop
endfacet
facet normal -0.732365 0.679536 0.0432664
  outer loop
    vertex -4.691531979710887 235.3531055217339 0
    vertex -5.287928155622356 234.6052483716072 1.650605050992479
    vertex -3.990334731895865 236.0037214877954 1.650605050992484
  endloop
endfacet
facet normal -0.954678 0.294479 0.0432664
  outer loop
    vertex -6.328517287840812 231.9538705035275 6.1
    vertex -5.766200754575477 233.7768559303524 6.1
    vertex -6.115665957031291 232.8864331162298 4.449394949007522
  endloop
endfacet
facet normal -0.987905 -0.148903 0.0432664
  outer loop
    vertex -6.399999999999986 231 1.650605050992479
    vertex -6.328517287840804 230.0461294964724 0
    vertex -6.115665957031287 229.1135668837702 1.650605050992487
  endloop
endfacet
facet normal 0.499532 -0.865214 -0.0432664
  outer loop
    vertex 2.338182555944982 225.0424080086771 0
    vertex 3.990334731895926 225.9962785122046 0
    vertex 3.200000000000034 225.4574374157796 1.650605050992452
  endloop
endfacet
facet normal -0.622906 0.781099 0.0432664
  outer loop
    vertex -4.691531979710887 235.3531055217339 6.1
    vertex -3.199999999999999 236.5425625842204 6.1
    vertex -3.99033473189588 236.0037214877954 4.449394949007521
  endloop
endfacet
facet normal 0.622906 0.781099 0.0432664
  outer loop
    vertex 4.691531979710896 235.3531055217339 1.650605050992473
    vertex 3.990334731895907 236.0037214877954 0
    vertex 3.200000000000014 236.5425625842204 1.650605050992481
  endloop
endfacet
facet normal -0.999064 -4.18617e-15 0.0432664
  outer loop
    vertex -6.328517287840804 230.0461294964724 6.1
    vertex -6.328517287840812 231.9538705035275 6.1
    vertex -6.399999999999986 231 4.44939494900752
  endloop
endfacet
facet normal 0.499532 0.865214 -0.0432664
  outer loop
    vertex 3.990334731895907 236.0037214877954 0
    vertex 2.338182555944938 236.9575919913229 0
    vertex 3.200000000000014 236.5425625842204 1.650605050992481
  endloop
endfacet
facet normal 0.364999 0.930002 0.0432664
  outer loop
    vertex 2.338182555944938 236.9575919913229 0
    vertex 1.424133977320416 237.2395386379637 1.650605050992478
    vertex 3.200000000000014 236.5425625842204 1.650605050992481
  endloop
endfacet
facet normal -0.364999 0.930002 0.0432664
  outer loop
    vertex -3.199999999999999 236.5425625842204 6.1
    vertex -1.424133977320409 237.2395386379637 6.1
    vertex -2.338182555944905 236.9575919913229 4.449394949007521
  endloop
endfacet
facet normal -0.999064 -4.18617e-15 -0.0432664
  outer loop
    vertex -6.328517287840812 231.9538705035275 0
    vertex -6.328517287840804 230.0461294964724 0
    vertex -6.399999999999986 231 1.650605050992479
  endloop
endfacet
facet normal 0.0746601 -0.99627 -0.0432664
  outer loop
    vertex 1.42413397732047 224.7604613620363 4.449394949007536
    vertex 0.4782725989531754 224.6178956980405 6.1
    vertex -0.4782725989530645 224.6178956980405 4.449394949007528
  endloop
endfacet
facet normal -0.900125 0.433477 -0.0432664
  outer loop
    vertex -6.115665957031291 232.8864331162298 4.449394949007522
    vertex -5.766200754575477 233.7768559303524 6.1
    vertex -5.287928155622356 234.6052483716072 4.449394949007521
  endloop
endfacet
facet normal 0.499532 0.865214 0.0432664
  outer loop
    vertex 2.338182555944938 236.9575919913229 6.1
    vertex 3.990334731895907 236.0037214877954 6.1
    vertex 3.200000000000008 236.5425625842204 4.449394949007526
  endloop
endfacet
facet normal -0.222313 0.974015 0.0432664
  outer loop
    vertex -1.424133977320409 237.2395386379637 0
    vertex -2.338182555944924 236.9575919913229 1.65060505099248
    vertex -0.4782725989530983 237.3821043019595 1.650605050992474
  endloop
endfacet
facet normal -0.0746601 -0.99627 -0.0432664
  outer loop
    vertex -1.424133977320355 224.7604613620363 0
    vertex 0.4782725989531754 224.6178956980405 0
    vertex -0.4782725989530531 224.6178956980405 1.650605050992477
  endloop
endfacet
facet normal 0.222313 -0.974015 0.0432664
  outer loop
    vertex 2.338182555944982 225.0424080086771 6.1
    vertex 0.4782725989531754 224.6178956980405 6.1
    vertex 1.42413397732047 224.7604613620363 4.449394949007536
  endloop
endfacet
facet normal -0.499532 0.865214 -0.0432664
  outer loop
    vertex -3.99033473189588 236.0037214877954 4.449394949007521
    vertex -3.199999999999999 236.5425625842204 6.1
    vertex -2.338182555944905 236.9575919913229 4.449394949007521
  endloop
endfacet
facet normal -0.364993 -0.929986 -0.0436602
  outer loop
    vertex -3.199999999999954 225.4574374157796 0
    vertex -1.424133977320355 224.7604613620363 0
    vertex -2.357947489990368 225.0502030593937 1.634881328534163
  endloop
endfacet
facet normal 0.0746601 0.99627 -0.0432664
  outer loop
    vertex -0.4782725989531083 237.3821043019595 4.449394949007522
    vertex 0.4782725989531232 237.3821043019595 6.1
    vertex 1.424133977320427 237.2395386379637 4.449394949007521
  endloop
endfacet
facet normal -0.0746601 0.99627 0.0432664
  outer loop
    vertex -1.424133977320409 237.2395386379637 6.1
    vertex 0.4782725989531232 237.3821043019595 6.1
    vertex -0.4782725989531083 237.3821043019595 4.449394949007522
  endloop
endfacet
facet normal -0.825465 0.562793 0.0432664
  outer loop
    vertex -5.766200754575477 233.7768559303524 6.1
    vertex -4.691531979710887 235.3531055217339 6.1
    vertex -5.287928155622356 234.6052483716072 4.449394949007521
  endloop
endfacet
facet normal -0.364999 -0.930002 0.0432664
  outer loop
    vertex -1.424133977320355 224.7604613620363 6.1
    vertex -3.199999999999954 225.4574374157796 6.1
    vertex -2.338182555944871 225.0424080086771 4.44939494900752
  endloop
endfacet
facet normal -0.0746601 -0.99627 0.0432664
  outer loop
    vertex 0.4782725989531754 224.6178956980405 6.1
    vertex -1.424133977320355 224.7604613620363 6.1
    vertex -0.4782725989530645 224.6178956980405 4.449394949007528
  endloop
endfacet
facet normal 0.364999 0.930002 -0.0432664
  outer loop
    vertex 2.338182555944938 236.9575919913229 6.1
    vertex 3.200000000000008 236.5425625842204 4.449394949007526
    vertex 1.424133977320427 237.2395386379637 4.449394949007521
  endloop
endfacet
facet normal 0.222313 0.974015 0.0432664
  outer loop
    vertex 0.4782725989531232 237.3821043019595 6.1
    vertex 2.338182555944938 236.9575919913229 6.1
    vertex 1.424133977320427 237.2395386379637 4.449394949007521
  endloop
endfacet
facet normal -0.501886 -0.863848 0.0433217
  outer loop
    vertex -4.002047787491607 226.0056418323639 1.639563774767059
    vertex -3.199999999999954 225.4574374157796 0
    vertex -2.357947489990368 225.0502030593937 1.634881328534163
  endloop
endfacet
facet normal -0.0746601 0.99627 -0.0432664
  outer loop
    vertex 0.4782725989531232 237.3821043019595 0
    vertex -1.424133977320409 237.2395386379637 0
    vertex -0.4782725989530983 237.3821043019595 1.650605050992474
  endloop
endfacet
facet normal -0.732365 0.679536 -0.0432664
  outer loop
    vertex -4.691531979710887 235.3531055217339 6.1
    vertex -3.99033473189588 236.0037214877954 4.449394949007521
    vertex -5.287928155622356 234.6052483716072 4.449394949007521
  endloop
endfacet
facet normal -0.364999 0.930002 -0.0432664
  outer loop
    vertex -1.424133977320409 237.2395386379637 0
    vertex -3.199999999999999 236.5425625842204 0
    vertex -2.338182555944924 236.9575919913229 1.65060505099248
  endloop
endfacet
facet normal -0.954678 0.294479 -0.0432664
  outer loop
    vertex -5.766200754575477 233.7768559303524 0
    vertex -6.328517287840812 231.9538705035275 0
    vertex -6.115665957031273 232.8864331162298 1.650605050992496
  endloop
endfacet
facet normal -0.222313 -0.974015 -0.0432664
  outer loop
    vertex -1.424133977320355 224.7604613620363 6.1
    vertex -2.338182555944871 225.0424080086771 4.44939494900752
    vertex -0.4782725989530645 224.6178956980405 4.449394949007528
  endloop
endfacet
facet normal -0.622906 0.781099 -0.0432664
  outer loop
    vertex -3.199999999999999 236.5425625842204 0
    vertex -4.691531979710887 235.3531055217339 0
    vertex -3.990334731895865 236.0037214877954 1.650605050992484
  endloop
endfacet
facet normal -0.499532 0.865214 0.0432664
  outer loop
    vertex -2.338182555944924 236.9575919913229 1.65060505099248
    vertex -3.199999999999999 236.5425625842204 0
    vertex -3.990334731895865 236.0037214877954 1.650605050992484
  endloop
endfacet
facet normal 0.0746601 0.99627 0.0432664
  outer loop
    vertex 1.424133977320416 237.2395386379637 1.650605050992478
    vertex 0.4782725989531232 237.3821043019595 0
    vertex -0.4782725989530983 237.3821043019595 1.650605050992474
  endloop
endfacet
facet normal 0.222313 0.974015 -0.0432664
  outer loop
    vertex 2.338182555944938 236.9575919913229 0
    vertex 0.4782725989531232 237.3821043019595 0
    vertex 1.424133977320416 237.2395386379637 1.650605050992478
  endloop
endfacet
facet normal 0.732365 -0.679536 0.0432664
  outer loop
    vertex 5.287928155622392 227.3947516283928 6.1
    vertex 3.990334731895926 225.9962785122046 6.1
    vertex 4.691531979710908 226.6468944782661 4.449394949007547
  endloop
endfacet
facet normal -0.987905 0.148903 -0.0432664
  outer loop
    vertex -6.328517287840812 231.9538705035275 6.1
    vertex -6.115665957031291 232.8864331162298 4.449394949007522
    vertex -6.399999999999986 231 4.44939494900752
  endloop
endfacet
facet normal -0.954678 -0.294479 0.0432664
  outer loop
    vertex -5.766200754575455 228.2231440696476 6.1
    vertex -6.328517287840804 230.0461294964724 6.1
    vertex -6.115665957031279 229.1135668837702 4.449394949007523
  endloop
endfacet
facet normal -0.222313 0.974015 -0.0432664
  outer loop
    vertex -1.424133977320409 237.2395386379637 6.1
    vertex -0.4782725989531083 237.3821043019595 4.449394949007522
    vertex -2.338182555944905 236.9575919913229 4.449394949007521
  endloop
endfacet
facet normal 0.732365 0.679536 -0.0432664
  outer loop
    vertex 5.287928155622381 234.6052483716072 0
    vertex 3.990334731895907 236.0037214877954 0
    vertex 4.691531979710896 235.3531055217339 1.650605050992473
  endloop
endfacet
facet normal -0.900125 0.433477 0.0432664
  outer loop
    vertex -5.287928155622356 234.6052483716072 1.650605050992479
    vertex -5.766200754575477 233.7768559303524 0
    vertex -6.115665957031273 232.8864331162298 1.650605050992496
  endloop
endfacet
facet normal -0.622898 -0.78109 -0.0435466
  outer loop
    vertex -4.691531979710851 226.6468944782661 0
    vertex -3.199999999999954 225.4574374157796 0
    vertex -4.002047787491607 226.0056418323639 1.639563774767059
  endloop
endfacet
facet normal 0.365136 -0.929944 -0.043352
  outer loop
    vertex 2.338182555944982 225.0424080086771 6.1
    vertex 1.42413397732047 224.7604613620363 4.449394949007536
    vertex 3.200066489962838 225.4574758043093 4.455663149313562
  endloop
endfacet
facet normal -0.825465 0.562793 -0.0432664
  outer loop
    vertex -4.691531979710887 235.3531055217339 0
    vertex -5.766200754575477 233.7768559303524 0
    vertex -5.287928155622356 234.6052483716072 1.650605050992479
  endloop
endfacet
facet normal 0.364999 -0.930002 0.0432664
  outer loop
    vertex 2.338182555944982 225.0424080086771 0
    vertex 3.200000000000034 225.4574374157796 1.650605050992452
    vertex 1.42413397732047 224.7604613620363 1.650605050992113
  endloop
endfacet
facet normal 0.0746601 -0.99627 0.0432664
  outer loop
    vertex -0.4782725989530531 224.6178956980405 1.650605050992477
    vertex 0.4782725989531754 224.6178956980405 0
    vertex 1.42413397732047 224.7604613620363 1.650605050992113
  endloop
endfacet
facet normal 0.222313 -0.974015 -0.0432664
  outer loop
    vertex 0.4782725989531754 224.6178956980405 0
    vertex 2.338182555944982 225.0424080086771 0
    vertex 1.42413397732047 224.7604613620363 1.650605050992113
  endloop
endfacet
facet normal 0.900082 -0.433457 0.0443545
  outer loop
    vertex 6.115665957031315 229.1135668837702 6.1
    vertex 5.287928155622392 227.3947516283928 6.1
    vertex 5.718619416619654 228.1264321884005 4.51040530386735
  endloop
endfacet
facet normal 0.900082 0.433457 -0.0443545
  outer loop
    vertex 6.115665957031315 232.8864331162298 0
    vertex 5.287928155622381 234.6052483716072 0
    vertex 5.71861941661968 233.8735678115995 1.58959469613265
  endloop
endfacet
facet normal 0.987517 -0.148844 0.0515231
  outer loop
    vertex 6.400000000000015 231 6.1
    vertex 6.115665957031315 229.1135668837702 6.1
    vertex 6.241844237454719 229.5860054754867 5.046425692912647
  endloop
endfacet
facet normal 0.987524 0.148845 -0.0513942
  outer loop
    vertex 6.400000000000015 231 0
    vertex 6.115665957031315 232.8864331162298 0
    vertex 6.241700402824872 232.4146293088212 1.055298408975078
  endloop
endfacet
facet normal -0.734486 -0.676977 0.0472408
  outer loop
    vertex -5.27770435290527 227.3798015574661 4.581494156663064
    vertex -4.682580464905178 226.6372668899315 3.193522269469919
    vertex -4.01557895885157 226.0165147110453 4.66826743034287
  endloop
endfacet
facet normal -0.372271 -0.926319 -0.0578544
  outer loop
    vertex -2.338182555944871 225.0424080086771 4.44939494900752
    vertex -3.26973094292963 225.498285761615 3.144397894219019
    vertex -1.42374476451608 224.7603725395251 3.081068165759737
  endloop
endfacet
facet normal 0.821591 0.568729 0.0391771
  outer loop
    vertex 5.287928155622381 234.6052483716072 0
    vertex 4.691531979710896 235.3531055217339 1.650605050992473
    vertex 5.71861941661968 233.8735678115995 1.58959469613265
  endloop
endfacet
facet normal 0.821591 -0.568729 -0.0391771
  outer loop
    vertex 5.287928155622392 227.3947516283928 6.1
    vertex 4.691531979710908 226.6468944782661 4.449394949007547
    vertex 5.718619416619654 228.1264321884005 4.51040530386735
  endloop
endfacet
facet normal -0.825325 -0.562697 0.0470055
  outer loop
    vertex -4.691531979710851 226.6468944782661 6.1
    vertex -5.766200754575455 228.2231440696476 6.1
    vertex -5.27770435290527 227.3798015574661 4.581494156663064
  endloop
endfacet
facet normal -0.501998 -0.863598 -0.0468692
  outer loop
    vertex -4.002047787491607 226.0056418323639 1.639563774767059
    vertex -2.357947489990368 225.0502030593937 1.634881328534163
    vertex -3.26973094292963 225.498285761615 3.144397894219019
  endloop
endfacet
facet normal -0.506273 -0.861046 -0.0478342
  outer loop
    vertex -2.338182555944871 225.0424080086771 4.44939494900752
    vertex -3.199999999999954 225.4574374157796 6.1
    vertex -4.01557895885157 226.0165147110453 4.66826743034287
  endloop
endfacet
facet normal -0.826785 -0.560402 0.0487448
  outer loop
    vertex -5.292969322085683 227.4021567911512 1.634083107924386
    vertex -4.682580464905178 226.6372668899315 3.193522269469919
    vertex -5.76620075457546 228.2231440696476 3.045973557666268
  endloop
endfacet
facet normal 0.9871 0.148781 0.0591377
  outer loop
    vertex 6.115665957031315 232.8864331162298 6.1
    vertex 6.400000000000015 231 6.1
    vertex 6.28126057308239 232.227096415544 4.994759407553405
  endloop
endfacet
facet normal 0.987453 -0.148835 -0.0527786
  outer loop
    vertex 6.115665957031315 229.1135668837702 0
    vertex 6.400000000000015 231 0
    vertex 6.268640038038725 229.7099798166315 1.180172520967415
  endloop
endfacet
facet normal 0.994229 0.107274 0
  outer loop
    vertex 6.400000000000015 231 4.574999999999999
    vertex 6.400000000000015 231 3.05
    vertex 6.252700337591844 232.3651880779874 3.810087173919673
  endloop
endfacet
facet normal 0.99423 -0.10727 0
  outer loop
    vertex 6.400000000000015 231 1.525
    vertex 6.400000000000015 231 3.05
    vertex 6.252711686964154 229.6348639043296 2.289898728759994
  endloop
endfacet
facet normal 0.994663 -0.103179 0
  outer loop
    vertex 6.400000000000015 231 3.05
    vertex 6.400000000000015 231 4.574999999999999
    vertex 6.263732910156265 229.6863600073744 3.8125
  endloop
endfacet
facet normal 0.994663 0.103179 0
  outer loop
    vertex 6.400000000000015 231 3.05
    vertex 6.400000000000015 231 1.525
    vertex 6.263732910156268 232.3136399926256 2.2875
  endloop
endfacet
facet normal 0.825185 0.562601 0.0504986
  outer loop
    vertex 4.691531979710897 235.3531055217339 4.449394949007521
    vertex 5.76620075457549 233.7768559303524 4.449394949007526
    vertex 5.227025872434293 234.6929934374302 3.05328949207276
  endloop
endfacet
facet normal 0.72658 0.685589 0.0452609
  outer loop
    vertex 5.227025872434293 234.6929934374302 3.05328949207276
    vertex 4.691531979710896 235.3531055217339 1.650605050992473
    vertex 3.990334731895896 236.0037214877954 3.051826902302777
  endloop
endfacet
facet normal 0.726625 0.685531 -0.0454291
  outer loop
    vertex 4.691531979710897 235.3531055217339 4.449394949007521
    vertex 5.227025872434293 234.6929934374302 3.05328949207276
    vertex 3.990334731895896 236.0037214877954 3.051826902302777
  endloop
endfacet
facet normal 0.825407 -0.562298 -0.0502428
  outer loop
    vertex 4.694279185858094 226.6498571373782 1.648322156101256
    vertex 5.766200754575501 228.2231440696476 1.65060505099245
    vertex 5.227629643484375 227.3078612823238 3.046263878042271
  endloop
endfacet
facet normal 0.726875 -0.685288 -0.0450966
  outer loop
    vertex 5.227629643484375 227.3078612823238 3.046263878042271
    vertex 4.691531979710908 226.6468944782661 4.449394949007547
    vertex 3.993217006062408 225.998578407843 3.045635748343858
  endloop
endfacet
facet normal 0.726848 -0.685306 0.0452588
  outer loop
    vertex 4.694279185858094 226.6498571373782 1.648322156101256
    vertex 5.227629643484375 227.3078612823238 3.046263878042271
    vertex 3.993217006062408 225.998578407843 3.045635748343858
  endloop
endfacet
facet normal -0.822493 -0.566614 -0.0495365
  outer loop
    vertex -4.682580464905178 226.6372668899315 3.193522269469919
    vertex -5.27770435290527 227.3798015574661 4.581494156663064
    vertex -5.76620075457546 228.2231440696476 3.045973557666268
  endloop
endfacet
facet normal -0.496464 -0.866517 0.0516892
  outer loop
    vertex -3.26973094292963 225.498285761615 3.144397894219019
    vertex -2.338182555944871 225.0424080086771 4.44939494900752
    vertex -4.01557895885157 226.0165147110453 4.66826743034287
  endloop
endfacet
facet normal -0.626164 -0.778547 0.0422306
  outer loop
    vertex -4.682580464905178 226.6372668899315 3.193522269469919
    vertex -4.002047787491607 226.0056418323639 1.639563774767059
    vertex -3.26973094292963 225.498285761615 3.144397894219019
  endloop
endfacet
facet normal -0.898031 -0.437532 -0.0458972
  outer loop
    vertex -5.766200754575455 228.2231440696476 6.1
    vertex -6.115665957031279 229.1135668837702 4.449394949007523
    vertex -5.27770435290527 227.3798015574661 4.581494156663064
  endloop
endfacet
facet normal 0.499543 -0.864794 -0.0508708
  outer loop
    vertex 3.993217006062408 225.998578407843 3.045635748343858
    vertex 3.200066489962838 225.4574758043093 4.455663149313562
    vertex 2.338182555944733 225.042408008677 3.048173097697055
  endloop
endfacet
facet normal 0.622866 -0.780642 -0.0513469
  outer loop
    vertex 3.200000000000034 225.4574374157796 1.650605050992452
    vertex 4.694279185858094 226.6498571373782 1.648322156101256
    vertex 3.993217006062408 225.998578407843 3.045635748343858
  endloop
endfacet
facet normal 0.622822 -0.780717 0.0507391
  outer loop
    vertex 4.691531979710908 226.6468944782661 4.449394949007547
    vertex 3.200066489962838 225.4574758043093 4.455663149313562
    vertex 3.993217006062408 225.998578407843 3.045635748343858
  endloop
endfacet
facet normal 0.62268 0.780816 -0.0509483
  outer loop
    vertex 4.691531979710896 235.3531055217339 1.650605050992473
    vertex 3.200000000000014 236.5425625842204 1.650605050992481
    vertex 3.990334731895896 236.0037214877954 3.051826902302777
  endloop
endfacet
facet normal 0.622676 0.780811 0.0510812
  outer loop
    vertex 3.200000000000008 236.5425625842204 4.449394949007526
    vertex 4.691531979710897 235.3531055217339 4.449394949007521
    vertex 3.990334731895896 236.0037214877954 3.051826902302777
  endloop
endfacet
facet normal -0.075486 -0.995814 -0.0515305
  outer loop
    vertex 0.4782725989534419 224.6178956980405 3.048173097697052
    vertex -0.4782725989530645 224.6178956980405 4.449394949007528
    vertex -1.42374476451608 224.7603725395251 3.081068165759737
  endloop
endfacet
facet normal 0.074633 -0.995909 0.0509483
  outer loop
    vertex 1.42413397732047 224.7604613620363 4.449394949007536
    vertex -0.4782725989530645 224.6178956980405 4.449394949007528
    vertex 0.4782725989534419 224.6178956980405 3.048173097697052
  endloop
endfacet
facet normal -0.95433 0.294378 -0.0509521
  outer loop
    vertex -6.328517287840808 231.9538705035275 3.048173097697222
    vertex -6.115665957031291 232.8864331162298 4.449394949007522
    vertex -5.766201010435533 233.7768553990534 3.048385690320443
  endloop
endfacet
facet normal 0.364719 -0.929729 0.050839
  outer loop
    vertex 3.200066489962838 225.4574758043093 4.455663149313562
    vertex 1.42413397732047 224.7604613620363 4.449394949007536
    vertex 2.338182555944733 225.042408008677 3.048173097697055
  endloop
endfacet
facet normal -0.732096 0.679286 -0.0510573
  outer loop
    vertex -3.990334731895865 236.0037214877954 1.650605050992484
    vertex -5.287928155622356 234.6052483716072 1.650605050992479
    vertex -4.691531979710861 235.3531055217339 3.04882650250977
  endloop
endfacet
facet normal -0.987547 0.148849 0.0509483
  outer loop
    vertex -6.399999999999986 231 4.44939494900752
    vertex -6.115665957031291 232.8864331162298 4.449394949007522
    vertex -6.328517287840808 231.9538705035275 3.048173097697222
  endloop
endfacet
facet normal -0.499349 0.864899 0.0509946
  outer loop
    vertex -3.99033473189588 236.0037214877954 4.449394949007521
    vertex -2.338182555944905 236.9575919913229 4.449394949007521
    vertex -3.199994695139979 236.5425656469794 3.049447844497003
  endloop
endfacet
facet normal -0.222218 -0.9736 0.0521698
  outer loop
    vertex -0.4782725989530645 224.6178956980405 4.449394949007528
    vertex -2.338182555944871 225.0424080086771 4.44939494900752
    vertex -1.42374476451608 224.7603725395251 3.081068165759737
  endloop
endfacet
facet normal -0.222231 0.973659 -0.0510119
  outer loop
    vertex -0.4782725989530983 237.3821043019595 1.650605050992474
    vertex -2.338182555944924 236.9575919913229 1.65060505099248
    vertex -1.424085027160926 237.2395498103161 3.050076507542451
  endloop
endfacet
facet normal -0.899798 0.43332 0.050956
  outer loop
    vertex -6.115665957031291 232.8864331162298 4.449394949007522
    vertex -5.287928155622356 234.6052483716072 4.449394949007521
    vertex -5.766201010435533 233.7768553990534 3.048385690320443
  endloop
endfacet
facet normal 0.074633 0.995908 -0.050956
  outer loop
    vertex 1.424133977320416 237.2395386379637 1.650605050992478
    vertex -0.4782725989530983 237.3821043019595 1.650605050992474
    vertex 0.4782720109046628 237.3821043460277 3.05161430967956
  endloop
endfacet
facet normal 0.364865 0.92966 0.0510573
  outer loop
    vertex 1.424133977320427 237.2395386379637 4.449394949007521
    vertex 3.200000000000008 236.5425625842204 4.449394949007526
    vertex 2.338182555944934 236.9575919913229 3.051173497490233
  endloop
endfacet
facet normal -0.07467 0.995904 0.0509812
  outer loop
    vertex 0.4782720109046628 237.3821043460277 3.05161430967956
    vertex -0.4782725989530983 237.3821043019595 1.650605050992474
    vertex -1.424085027160926 237.2395498103161 3.050076507542451
  endloop
endfacet
facet normal -0.98754 -0.148848 -0.0510865
  outer loop
    vertex -6.399999999999986 231 1.650605050992479
    vertex -6.115665957031287 229.1135668837702 1.650605050992487
    vertex -6.328529096210275 230.0462078431756 3.04802764019317
  endloop
endfacet
facet normal 0.222232 -0.973662 -0.0509483
  outer loop
    vertex 2.338182555944733 225.042408008677 3.048173097697055
    vertex 1.42413397732047 224.7604613620363 4.449394949007536
    vertex 0.4782725989534419 224.6178956980405 3.048173097697052
  endloop
endfacet
facet normal 0.499335 0.864909 0.0509602
  outer loop
    vertex 3.990334731895896 236.0037214877954 3.051826902302777
    vertex 3.200000000000014 236.5425625842204 1.650605050992481
    vertex 2.338182555944934 236.9575919913229 3.051173497490233
  endloop
endfacet
facet normal 0.499363 0.864887 -0.0510692
  outer loop
    vertex 3.200000000000008 236.5425625842204 4.449394949007526
    vertex 3.990334731895896 236.0037214877954 3.051826902302777
    vertex 2.338182555944934 236.9575919913229 3.051173497490233
  endloop
endfacet
facet normal 0.499649 -0.864706 0.0513234
  outer loop
    vertex 3.200000000000034 225.4574374157796 1.650605050992452
    vertex 3.993217006062408 225.998578407843 3.045635748343858
    vertex 2.338182555944733 225.042408008677 3.048173097697055
  endloop
endfacet
facet normal -0.954352 -0.294315 -0.05091
  outer loop
    vertex -6.115665957031279 229.1135668837702 4.449394949007523
    vertex -6.328529096210275 230.0462078431756 3.04802764019317
    vertex -5.76620075457546 228.2231440696476 3.045973557666268
  endloop
endfacet
facet normal -0.622666 0.780825 -0.0509836
  outer loop
    vertex -4.691531979710861 235.3531055217339 3.04882650250977
    vertex -3.99033473189588 236.0037214877954 4.449394949007521
    vertex -3.199994695139979 236.5425656469794 3.049447844497003
  endloop
endfacet
facet normal -0.998695 2.28711e-06 0.0510796
  outer loop
    vertex -6.399999999999986 231 1.650605050992479
    vertex -6.328529096210275 230.0462078431756 3.04802764019317
    vertex -6.328517287840808 231.9538705035275 3.048173097697222
  endloop
endfacet
facet normal -0.364877 0.929657 0.0510256
  outer loop
    vertex -1.424085027160926 237.2395498103161 3.050076507542451
    vertex -2.338182555944924 236.9575919913229 1.65060505099248
    vertex -3.199994695139979 236.5425656469794 3.049447844497003
  endloop
endfacet
facet normal -0.364846 0.92967 -0.0510083
  outer loop
    vertex -2.338182555944905 236.9575919913229 4.449394949007521
    vertex -1.424085027160926 237.2395498103161 3.050076507542451
    vertex -3.199994695139979 236.5425656469794 3.049447844497003
  endloop
endfacet
facet normal 0.222243 0.973658 0.050964
  outer loop
    vertex 2.338182555944934 236.9575919913229 3.051173497490233
    vertex 1.424133977320416 237.2395386379637 1.650605050992478
    vertex 0.4782720109046628 237.3821043460277 3.05161430967956
  endloop
endfacet
facet normal -0.62269 0.780802 0.0510464
  outer loop
    vertex -3.990334731895865 236.0037214877954 1.650605050992484
    vertex -4.691531979710861 235.3531055217339 3.04882650250977
    vertex -3.199994695139979 236.5425656469794 3.049447844497003
  endloop
endfacet
facet normal 0.222219 0.973659 -0.0510654
  outer loop
    vertex 1.424133977320427 237.2395386379637 4.449394949007521
    vertex 2.338182555944934 236.9575919913229 3.051173497490233
    vertex 0.4782720109046628 237.3821043460277 3.05161430967956
  endloop
endfacet
facet normal -0.998702 1.00662e-05 -0.0509415
  outer loop
    vertex -6.328529096210275 230.0462078431756 3.04802764019317
    vertex -6.399999999999986 231 4.44939494900752
    vertex -6.328517287840808 231.9538705035275 3.048173097697222
  endloop
endfacet
facet normal -0.825158 0.562598 -0.050964
  outer loop
    vertex -5.287928155622356 234.6052483716072 4.449394949007521
    vertex -4.691531979710861 235.3531055217339 3.04882650250977
    vertex -5.766201010435533 233.7768553990534 3.048385690320443
  endloop
endfacet
facet normal -0.825167 0.562575 0.0510654
  outer loop
    vertex -4.691531979710861 235.3531055217339 3.04882650250977
    vertex -5.287928155622356 234.6052483716072 1.650605050992479
    vertex -5.766201010435533 233.7768553990534 3.048385690320443
  endloop
endfacet
facet normal -0.954309 -0.294416 0.0511281
  outer loop
    vertex -6.328529096210275 230.0462078431756 3.04802764019317
    vertex -6.115665957031287 229.1135668837702 1.650605050992487
    vertex -5.76620075457546 228.2231440696476 3.045973557666268
  endloop
endfacet
facet normal 0.819804 0.57093 -0.0442881
  outer loop
    vertex 5.71861941661968 233.8735678115995 1.58959469613265
    vertex 4.691531979710896 235.3531055217339 1.650605050992473
    vertex 5.227025872434293 234.6929934374302 3.05328949207276
  endloop
endfacet
facet normal 0.819804 -0.57093 0.0442792
  outer loop
    vertex 5.718619416619654 228.1264321884005 4.51040530386735
    vertex 4.691531979710908 226.6468944782661 4.449394949007547
    vertex 5.227629643484375 227.3078612823238 3.046263878042271
  endloop
endfacet
facet normal -0.0737358 -0.996 0.0504674
  outer loop
    vertex -0.4782725989530531 224.6178956980405 1.650605050992477
    vertex 0.4782725989534419 224.6178956980405 3.048173097697052
    vertex -1.42374476451608 224.7603725395251 3.081068165759737
  endloop
endfacet
facet normal -0.987547 -0.148849 0.050943
  outer loop
    vertex -6.115665957031279 229.1135668837702 4.449394949007523
    vertex -6.399999999999986 231 4.44939494900752
    vertex -6.328529096210275 230.0462078431756 3.04802764019317
  endloop
endfacet
facet normal 0.364864 -0.929658 -0.0510812
  outer loop
    vertex 1.42413397732047 224.7604613620363 1.650605050992113
    vertex 3.200000000000034 225.4574374157796 1.650605050992452
    vertex 2.338182555944733 225.042408008677 3.048173097697055
  endloop
endfacet
facet normal -0.98754 0.148848 -0.0510812
  outer loop
    vertex -6.115665957031273 232.8864331162298 1.650605050992496
    vertex -6.399999999999986 231 1.650605050992479
    vertex -6.328517287840808 231.9538705035275 3.048173097697222
  endloop
endfacet
facet normal 0.364866 0.929664 -0.050972
  outer loop
    vertex 3.200000000000014 236.5425625842204 1.650605050992481
    vertex 1.424133977320416 237.2395386379637 1.650605050992478
    vertex 2.338182555944934 236.9575919913229 3.051173497490233
  endloop
endfacet
facet normal -0.223447 -0.973395 -0.0507366
  outer loop
    vertex -2.357947489990368 225.0502030593937 1.634881328534163
    vertex -0.4782725989530531 224.6178956980405 1.650605050992477
    vertex -1.42374476451608 224.7603725395251 3.081068165759737
  endloop
endfacet
facet normal 0.0746325 -0.995902 -0.0510812
  outer loop
    vertex -0.4782725989530531 224.6178956980405 1.650605050992477
    vertex 1.42413397732047 224.7604613620363 1.650605050992113
    vertex 0.4782725989534419 224.6178956980405 3.048173097697052
  endloop
endfacet
facet normal -0.954327 0.294365 0.0510773
  outer loop
    vertex -6.115665957031273 232.8864331162298 1.650605050992496
    vertex -6.328517287840808 231.9538705035275 3.048173097697222
    vertex -5.766201010435533 233.7768553990534 3.048385690320443
  endloop
endfacet
facet normal -0.222231 0.973658 0.0510174
  outer loop
    vertex -2.338182555944905 236.9575919913229 4.449394949007521
    vertex -0.4782725989531083 237.3821043019595 4.449394949007522
    vertex -1.424085027160926 237.2395498103161 3.050076507542451
  endloop
endfacet
facet normal 0.0746326 0.995902 0.0510734
  outer loop
    vertex -0.4782725989531083 237.3821043019595 4.449394949007522
    vertex 1.424133977320427 237.2395386379637 4.449394949007521
    vertex 0.4782720109046628 237.3821043460277 3.05161430967956
  endloop
endfacet
facet normal -0.0745878 0.995907 -0.0510427
  outer loop
    vertex -0.4782725989531083 237.3821043019595 4.449394949007522
    vertex 0.4782720109046628 237.3821043460277 3.05161430967956
    vertex -1.424085027160926 237.2395498103161 3.050076507542451
  endloop
endfacet
facet normal -0.899793 0.433317 -0.0510734
  outer loop
    vertex -5.287928155622356 234.6052483716072 1.650605050992479
    vertex -6.115665957031273 232.8864331162298 1.650605050992496
    vertex -5.766201010435533 233.7768553990534 3.048385690320443
  endloop
endfacet
facet normal -0.732099 0.679289 0.050972
  outer loop
    vertex -5.287928155622356 234.6052483716072 4.449394949007521
    vertex -3.99033473189588 236.0037214877954 4.449394949007521
    vertex -4.691531979710861 235.3531055217339 3.04882650250977
  endloop
endfacet
facet normal -0.499348 0.864897 -0.0510347
  outer loop
    vertex -2.338182555944924 236.9575919913229 1.65060505099248
    vertex -3.990334731895865 236.0037214877954 1.650605050992484
    vertex -3.199994695139979 236.5425656469794 3.049447844497003
  endloop
endfacet
facet normal 0.22223 -0.973655 0.0510812
  outer loop
    vertex 1.42413397732047 224.7604613620363 1.650605050992113
    vertex 2.338182555944733 225.042408008677 3.048173097697055
    vertex 0.4782725989534419 224.6178956980405 3.048173097697052
  endloop
endfacet
facet normal -0.622716 -0.780861 0.0498084
  outer loop
    vertex -3.199999999999954 225.4574374157796 6.1
    vertex -4.691531979710851 226.6468944782661 6.1
    vertex -4.01557895885157 226.0165147110453 4.66826743034287
  endloop
endfacet
facet normal -0.900317 -0.432308 -0.0503859
  outer loop
    vertex -6.115665957031287 229.1135668837702 1.650605050992487
    vertex -5.292969322085683 227.4021567911512 1.634083107924386
    vertex -5.76620075457546 228.2231440696476 3.045973557666268
  endloop
endfacet
facet normal 0.950018 -0.31037 0.0337074
  outer loop
    vertex 5.766200754575501 228.2231440696476 1.65060505099245
    vertex 6.115665957031315 229.1135668837702 0
    vertex 6.268640038038725 229.7099798166315 1.180172520967415
  endloop
endfacet
facet normal 0.952212 0.303051 -0.03812
  outer loop
    vertex 5.76620075457549 233.7768559303524 4.449394949007526
    vertex 6.115665957031315 232.8864331162298 6.1
    vertex 6.28126057308239 232.227096415544 4.994759407553405
  endloop
endfacet
facet normal 0.994437 0.105269 0.00364168
  outer loop
    vertex 6.400000000000015 231 3.05
    vertex 6.263732910156268 232.3136399926256 2.2875
    vertex 6.252700337591844 232.3651880779874 3.810087173919673
  endloop
endfacet
facet normal 0.994437 -0.105267 -0.0036379
  outer loop
    vertex 6.400000000000015 231 3.05
    vertex 6.263732910156265 229.6863600073744 3.8125
    vertex 6.252711686964154 229.6348639043296 2.289898728759994
  endloop
endfacet
facet normal 0.995351 0.0963147 0
  outer loop
    vertex 6.400000000000015 231 6.1
    vertex 6.400000000000015 231 4.574999999999999
    vertex 6.28126057308239 232.227096415544 4.994759407553405
  endloop
endfacet
facet normal 0.994856 -0.101304 0
  outer loop
    vertex 6.400000000000015 231 0
    vertex 6.400000000000015 231 1.525
    vertex 6.268640038038725 229.7099798166315 1.180172520967415
  endloop
endfacet
facet normal 0.946544 -0.322469 -0.00824135
  outer loop
    vertex 6.252711686964154 229.6348639043296 2.289898728759994
    vertex 5.766200754575501 228.2231440696476 1.65060505099245
    vertex 6.268640038038725 229.7099798166315 1.180172520967415
  endloop
endfacet
facet normal 0.947331 0.31993 0.0144544
  outer loop
    vertex 6.252700337591844 232.3651880779874 3.810087173919673
    vertex 5.76620075457549 233.7768559303524 4.449394949007526
    vertex 6.28126057308239 232.227096415544 4.994759407553405
  endloop
endfacet
facet normal 0.948416 0.314861 -0.0370173
  outer loop
    vertex 6.263732910156268 232.3136399926256 2.2875
    vertex 5.71861941661968 233.8735678115995 1.58959469613265
    vertex 5.93228519102108 233.4016645087089 3.049999999955106
  endloop
endfacet
facet normal 0.948417 -0.314856 0.0370271
  outer loop
    vertex 6.263732910156265 229.6863600073744 3.8125
    vertex 5.718619416619654 228.1264321884005 4.51040530386735
    vertex 5.932356653955961 228.598512017464 3.05000000003339
  endloop
endfacet
facet normal -0.627939 -0.777069 -0.0430794
  outer loop
    vertex -4.682580464905178 226.6372668899315 3.193522269469919
    vertex -3.26973094292963 225.498285761615 3.144397894219019
    vertex -4.01557895885157 226.0165147110453 4.66826743034287
  endloop
endfacet
facet normal -0.900722 -0.431563 0.0495235
  outer loop
    vertex -5.27770435290527 227.3798015574661 4.581494156663064
    vertex -6.115665957031279 229.1135668837702 4.449394949007523
    vertex -5.76620075457546 228.2231440696476 3.045973557666268
  endloop
endfacet
facet normal 0.994085 -0.108245 0.00883065
  outer loop
    vertex 6.263732910156265 229.6863600073744 3.8125
    vertex 6.400000000000015 231 4.574999999999999
    vertex 6.241844237454719 229.5860054754867 5.046425692912647
  endloop
endfacet
facet normal 0.99408 0.108284 -0.00889994
  outer loop
    vertex 6.263732910156268 232.3136399926256 2.2875
    vertex 6.400000000000015 231 1.525
    vertex 6.241700402824872 232.4146293088212 1.055298408975078
  endloop
endfacet
facet normal 0.87736 0.479103 0.0264505
  outer loop
    vertex 5.71861941661968 233.8735678115995 1.58959469613265
    vertex 5.227025872434293 234.6929934374302 3.05328949207276
    vertex 5.93228519102108 233.4016645087089 3.049999999955106
  endloop
endfacet
facet normal 0.877411 -0.479011 -0.0264284
  outer loop
    vertex 5.718619416619654 228.1264321884005 4.51040530386735
    vertex 5.227629643484375 227.3078612823238 3.046263878042271
    vertex 5.932356653955961 228.598512017464 3.05000000003339
  endloop
endfacet
facet normal 0.993797 0.111208 0
  outer loop
    vertex 6.400000000000015 231 1.525
    vertex 6.400000000000015 231 0
    vertex 6.241700402824872 232.4146293088212 1.055298408975078
  endloop
endfacet
facet normal 0.993803 -0.111157 0
  outer loop
    vertex 6.400000000000015 231 4.574999999999999
    vertex 6.400000000000015 231 6.1
    vertex 6.241844237454719 229.5860054754867 5.046425692912647
  endloop
endfacet
facet normal 0.948941 0.314174 0.0283901
  outer loop
    vertex 5.76620075457549 233.7768559303524 4.449394949007526
    vertex 6.252700337591844 232.3651880779874 3.810087173919673
    vertex 5.93228519102108 233.4016645087089 3.049999999955106
  endloop
endfacet
facet normal 0.948943 -0.314166 -0.0284013
  outer loop
    vertex 5.766200754575501 228.2231440696476 1.65060505099245
    vertex 6.252711686964154 229.6348639043296 2.289898728759994
    vertex 5.932356653955961 228.598512017464 3.05000000003339
  endloop
endfacet
facet normal 0.994865 0.100466 -0.0122735
  outer loop
    vertex 6.400000000000015 231 4.574999999999999
    vertex 6.252700337591844 232.3651880779874 3.810087173919673
    vertex 6.28126057308239 232.227096415544 4.994759407553405
  endloop
endfacet
facet normal 0.994631 -0.103229 0.00728887
  outer loop
    vertex 6.400000000000015 231 1.525
    vertex 6.252711686964154 229.6348639043296 2.289898728759994
    vertex 6.268640038038725 229.7099798166315 1.180172520967415
  endloop
endfacet
facet normal 0.877352 0.479228 -0.0243589
  outer loop
    vertex 5.227025872434293 234.6929934374302 3.05328949207276
    vertex 5.76620075457549 233.7768559303524 4.449394949007526
    vertex 5.93228519102108 233.4016645087089 3.049999999955106
  endloop
endfacet
facet normal 0.877395 -0.47915 0.0243485
  outer loop
    vertex 5.227629643484375 227.3078612823238 3.046263878042271
    vertex 5.766200754575501 228.2231440696476 1.65060505099245
    vertex 5.932356653955961 228.598512017464 3.05000000003339
  endloop
endfacet
facet normal 0.956005 0.293335 -0.00300389
  outer loop
    vertex 6.252700337591844 232.3651880779874 3.810087173919673
    vertex 6.263732910156268 232.3136399926256 2.2875
    vertex 5.93228519102108 233.4016645087089 3.049999999955106
  endloop
endfacet
facet normal 0.95601 -0.293319 0.00300039
  outer loop
    vertex 6.252711686964154 229.6348639043296 2.289898728759994
    vertex 6.263732910156265 229.6863600073744 3.8125
    vertex 5.932356653955961 228.598512017464 3.05000000003339
  endloop
endfacet
facet normal 0 0 1
  outer loop
    vertex -5.766200754575477 233.7768559303524 6.1
    vertex -4.545975408623831 231.7331888615653 6.1
    vertex -3.863794178301948 233.6342902663565 6.1
  endloop
endfacet
facet normal -0 0 1
  outer loop
    vertex -6.328517287840812 231.9538705035275 6.1
    vertex -4.545975408623831 231.7331888615653 6.1
    vertex -5.766200754575477 233.7768559303524 6.1
  endloop
endfacet
facet normal 0 -0 1
  outer loop
    vertex -6.328517287840804 230.0461294964724 6.1
    vertex -4.545975408623831 231.7331888615653 6.1
    vertex -6.328517287840812 231.9538705035275 6.1
  endloop
endfacet
facet normal 0 0 1
  outer loop
    vertex -4.344892194503625 229.7155194650417 6.1
    vertex -4.545975408623831 231.7331888615653 6.1
    vertex -6.328517287840804 230.0461294964724 6.1
  endloop
endfacet
facet normal 0 0 1
  outer loop
    vertex 2.810002758373739 229.6330081476053 6.1
    vertex 4.617048348050803 230.3057284137742 6.1
    vertex 3.054526125248834 231.3180935200259 6.1
  endloop
endfacet
facet normal 0 -0 1
  outer loop
    vertex 4.555285021240807 228.8695687176561 6.1
    vertex 4.617048348050803 230.3057284137742 6.1
    vertex 2.810002758373739 229.6330081476053 6.1
  endloop
endfacet
facet normal 0 0 1
  outer loop
    vertex 0.6371674618303076 229.5620717439236 6.1
    vertex 2.810002758373739 229.6330081476053 6.1
    vertex 1.338443853617232 231.2526130720726 6.1
  endloop
endfacet
facet normal 0 0 1
  outer loop
    vertex -2.598584717448834 230.9154699367928 6.1
    vertex -4.545975408623831 231.7331888615653 6.1
    vertex -4.344892194503625 229.7155194650417 6.1
  endloop
endfacet
facet normal -0 0 1
  outer loop
    vertex -4.344892194503625 229.7155194650417 6.1
    vertex -2.822914857384628 228.9200680779353 6.1
    vertex -2.598584717448834 230.9154699367928 6.1
  endloop
endfacet
facet normal 0 -0 1
  outer loop
    vertex 1.704226987135241 227.9798864714597 6.1
    vertex 2.810002758373739 229.6330081476053 6.1
    vertex 0.6371674618303076 229.5620717439236 6.1
  endloop
endfacet
facet normal 0 -0 1
  outer loop
    vertex 2.810002758373739 229.6330081476053 6.1
    vertex 3.054526125248834 231.3180935200259 6.1
    vertex 1.338443853617232 231.2526130720726 6.1
  endloop
endfacet
facet normal -0 0 1
  outer loop
    vertex 3.054526125248834 231.3180935200259 6.1
    vertex 4.617048348050803 230.3057284137742 6.1
    vertex 4.766810226410109 231.9001332135877 6.1
  endloop
endfacet
facet normal 0 0 1
  outer loop
    vertex 3.540061987398508 234.1566110682408 6.1
    vertex 2.264767781543584 235.1271253526484 6.1
    vertex 1.979867428212398 233.0685727706462 6.1
  endloop
endfacet
facet normal 0 -0 1
  outer loop
    vertex 1.979867428212398 233.0685727706462 6.1
    vertex 2.264767781543584 235.1271253526484 6.1
    vertex 0.6997425684006074 234.5235815583702 6.1
  endloop
endfacet
facet normal 0 0 1
  outer loop
    vertex -0.5450604641685183 231.1455228601991 6.1
    vertex -1.58214211104847 232.5686919510831 6.1
    vertex -2.598584717448834 230.9154699367928 6.1
  endloop
endfacet
facet normal 0 -0 1
  outer loop
    vertex -3.199999999999954 225.4574374157796 6.1
    vertex -2.967585550897001 227.3330469083588 6.1
    vertex -4.691531979710851 226.6468944782661 6.1
  endloop
endfacet
facet normal 0 0 1
  outer loop
    vertex 5.287928155622392 227.3947516283928 6.1
    vertex 3.428018198630598 227.8192639390295 6.1
    vertex 3.990334731895926 225.9962785122046 6.1
  endloop
endfacet
facet normal 0 0 1
  outer loop
    vertex 3.990334731895907 236.0037214877954 6.1
    vertex 3.540061987398508 234.1566110682408 6.1
    vertex 5.287928155622381 234.6052483716072 6.1
  endloop
endfacet
facet normal -0 0 1
  outer loop
    vertex -1.424133977320409 237.2395386379637 6.1
    vertex -0.3338973936411648 235.7223767215749 6.1
    vertex 0.4782725989531232 237.3821043019595 6.1
  endloop
endfacet
facet normal -0 0 1
  outer loop
    vertex -5.766200754575477 233.7768559303524 6.1
    vertex -3.863794178301948 233.6342902663565 6.1
    vertex -4.691531979710887 235.3531055217339 6.1
  endloop
endfacet
facet normal 0 -0 1
  outer loop
    vertex -5.766200754575455 228.2231440696476 6.1
    vertex -4.344892194503625 229.7155194650417 6.1
    vertex -6.328517287840804 230.0461294964724 6.1
  endloop
endfacet
facet normal 0 0 1
  outer loop
    vertex 2.338182555944982 225.0424080086771 6.1
    vertex 1.040589132218504 226.4408811248653 6.1
    vertex 0.4782725989531754 224.6178956980405 6.1
  endloop
endfacet
facet normal 0 0 1
  outer loop
    vertex 6.115665957031315 232.8864331162298 6.1
    vertex 4.766810226410109 231.9001332135877 6.1
    vertex 6.400000000000015 231 6.1
  endloop
endfacet
facet normal 0 0 1
  outer loop
    vertex 0.1663485192414261 232.8390454847454 6.1
    vertex -1.58214211104847 232.5686919510831 6.1
    vertex -0.5450604641685183 231.1455228601991 6.1
  endloop
endfacet
facet normal 0 0 1
  outer loop
    vertex 1.338443853617232 231.2526130720726 6.1
    vertex 0.1663485192414261 232.8390454847454 6.1
    vertex -0.5450604641685183 231.1455228601991 6.1
  endloop
endfacet
facet normal 0 0 1
  outer loop
    vertex -0.5450604641685183 231.1455228601991 6.1
    vertex -2.598584717448834 230.9154699367928 6.1
    vertex -1.171196364579624 229.4794755829498 6.1
  endloop
endfacet
facet normal 0 -0 1
  outer loop
    vertex 0.6371674618303076 229.5620717439236 6.1
    vertex 1.338443853617232 231.2526130720726 6.1
    vertex -0.5450604641685183 231.1455228601991 6.1
  endloop
endfacet
facet normal 0 0 1
  outer loop
    vertex 0.6371674618303076 229.5620717439236 6.1
    vertex -0.5450604641685183 231.1455228601991 6.1
    vertex -1.171196364579624 229.4794755829498 6.1
  endloop
endfacet
facet normal 0 0 1
  outer loop
    vertex 0.6371674618303076 229.5620717439236 6.1
    vertex -1.171196364579624 229.4794755829498 6.1
    vertex -0.08171250042251922 227.9174754810802 6.1
  endloop
endfacet
facet normal 0 0 1
  outer loop
    vertex 1.704226987135241 227.9798864714597 6.1
    vertex 0.6371674618303076 229.5620717439236 6.1
    vertex -0.08171250042251922 227.9174754810802 6.1
  endloop
endfacet
facet normal 0 0 1
  outer loop
    vertex 1.338443853617232 231.2526130720726 6.1
    vertex 3.054526125248834 231.3180935200259 6.1
    vertex 1.979867428212398 233.0685727706462 6.1
  endloop
endfacet
facet normal 0 0 1
  outer loop
    vertex 0.4782725989531754 224.6178956980405 6.1
    vertex -0.6063960787171945 226.3252575860195 6.1
    vertex -1.424133977320355 224.7604613620363 6.1
  endloop
endfacet
facet normal 0 0 1
  outer loop
    vertex 6.115665957031315 229.1135668837702 6.1
    vertex 4.555285021240807 228.8695687176561 6.1
    vertex 5.287928155622392 227.3947516283928 6.1
  endloop
endfacet
facet normal 0 0 1
  outer loop
    vertex 5.287928155622392 227.3947516283928 6.1
    vertex 4.555285021240807 228.8695687176561 6.1
    vertex 3.428018198630598 227.8192639390295 6.1
  endloop
endfacet
facet normal 0 0 1
  outer loop
    vertex 1.040589132218504 226.4408811248653 6.1
    vertex -0.6063960787171945 226.3252575860195 6.1
    vertex 0.4782725989531754 224.6178956980405 6.1
  endloop
endfacet
facet normal 0 -0 1
  outer loop
    vertex 1.338443853617232 231.2526130720726 6.1
    vertex 1.979867428212398 233.0685727706462 6.1
    vertex 0.1663485192414261 232.8390454847454 6.1
  endloop
endfacet
facet normal 0 0 1
  outer loop
    vertex -2.967585550897001 227.3330469083588 6.1
    vertex -1.61448746860206 227.7792225349157 6.1
    vertex -2.822914857384628 228.9200680779353 6.1
  endloop
endfacet
facet normal 0 0 1
  outer loop
    vertex -2.822914857384628 228.9200680779353 6.1
    vertex -4.178362568542858 228.1388761593647 6.1
    vertex -2.967585550897001 227.3330469083588 6.1
  endloop
endfacet
facet normal 0 0 1
  outer loop
    vertex 1.704226987135241 227.9798864714597 6.1
    vertex -0.08171250042251922 227.9174754810802 6.1
    vertex 1.040589132218504 226.4408811248653 6.1
  endloop
endfacet
facet normal 0 0 1
  outer loop
    vertex 3.428018198630598 227.8192639390295 6.1
    vertex 2.810002758373739 229.6330081476053 6.1
    vertex 1.704226987135241 227.9798864714597 6.1
  endloop
endfacet
facet normal -0 0 1
  outer loop
    vertex -3.199999999999999 236.5425625842204 6.1
    vertex -1.952143482597705 235.4426877052809 6.1
    vertex -1.424133977320409 237.2395386379637 6.1
  endloop
endfacet
facet normal 0 0 1
  outer loop
    vertex -1.424133977320409 237.2395386379637 6.1
    vertex -1.952143482597705 235.4426877052809 6.1
    vertex -0.3338973936411648 235.7223767215749 6.1
  endloop
endfacet
facet normal 0 -0 1
  outer loop
    vertex 3.054526125248834 231.3180935200259 6.1
    vertex 3.590858231821761 232.7355773299086 6.1
    vertex 1.979867428212398 233.0685727706462 6.1
  endloop
endfacet
facet normal 0 0 1
  outer loop
    vertex 2.338182555944938 236.9575919913229 6.1
    vertex 2.264767781543584 235.1271253526484 6.1
    vertex 3.990334731895907 236.0037214877954 6.1
  endloop
endfacet
facet normal 0 0 1
  outer loop
    vertex 3.990334731895907 236.0037214877954 6.1
    vertex 2.264767781543584 235.1271253526484 6.1
    vertex 3.540061987398508 234.1566110682408 6.1
  endloop
endfacet
facet normal 0 0 1
  outer loop
    vertex -4.545975408623831 231.7331888615653 6.1
    vertex -3.140629610202813 232.3956108094424 6.1
    vertex -3.863794178301948 233.6342902663565 6.1
  endloop
endfacet
facet normal 0 0 1
  outer loop
    vertex 0.6997425684006074 234.5235815583702 6.1
    vertex -0.910641884391853 234.1769421219572 6.1
    vertex 0.1663485192414261 232.8390454847454 6.1
  endloop
endfacet
facet normal 0 0 1
  outer loop
    vertex -0.3338973936411648 235.7223767215749 6.1
    vertex -0.910641884391853 234.1769421219572 6.1
    vertex 0.6997425684006074 234.5235815583702 6.1
  endloop
endfacet
facet normal 0 0 1
  outer loop
    vertex 1.979867428212398 233.0685727706462 6.1
    vertex 0.6997425684006074 234.5235815583702 6.1
    vertex 0.1663485192414261 232.8390454847454 6.1
  endloop
endfacet
facet normal 0 0 1
  outer loop
    vertex -1.61448746860206 227.7792225349157 6.1
    vertex -1.998878129865386 226.2897784176161 6.1
    vertex -0.6063960787171945 226.3252575860195 6.1
  endloop
endfacet
facet normal 0 0 1
  outer loop
    vertex -2.598584717448834 230.9154699367928 6.1
    vertex -3.140629610202813 232.3956108094424 6.1
    vertex -4.545975408623831 231.7331888615653 6.1
  endloop
endfacet
facet normal 0 0 1
  outer loop
    vertex -0.08171250042251922 227.9174754810802 6.1
    vertex -1.61448746860206 227.7792225349157 6.1
    vertex -0.6063960787171945 226.3252575860195 6.1
  endloop
endfacet
facet normal 0 0 1
  outer loop
    vertex -0.08171250042251922 227.9174754810802 6.1
    vertex -0.6063960787171945 226.3252575860195 6.1
    vertex 1.040589132218504 226.4408811248653 6.1
  endloop
endfacet
facet normal 0 -0 1
  outer loop
    vertex 3.428018198630598 227.8192639390295 6.1
    vertex 4.555285021240807 228.8695687176561 6.1
    vertex 2.810002758373739 229.6330081476053 6.1
  endloop
endfacet
facet normal 0 0 1
  outer loop
    vertex 0.1663485192414261 232.8390454847454 6.1
    vertex -0.910641884391853 234.1769421219572 6.1
    vertex -1.58214211104847 232.5686919510831 6.1
  endloop
endfacet
facet normal 0 0 1
  outer loop
    vertex -2.598584717448834 230.9154699367928 6.1
    vertex -2.822914857384628 228.9200680779353 6.1
    vertex -1.171196364579624 229.4794755829498 6.1
  endloop
endfacet
facet normal 0 0 1
  outer loop
    vertex -1.58214211104847 232.5686919510831 6.1
    vertex -3.140629610202813 232.3956108094424 6.1
    vertex -2.598584717448834 230.9154699367928 6.1
  endloop
endfacet
facet normal 0 0 1
  outer loop
    vertex 3.428018198630598 227.8192639390295 6.1
    vertex 1.704226987135241 227.9798864714597 6.1
    vertex 2.566200754575521 226.5552099106537 6.1
  endloop
endfacet
facet normal -0 0 1
  outer loop
    vertex -5.766200754575455 228.2231440696476 6.1
    vertex -4.178362568542858 228.1388761593647 6.1
    vertex -4.344892194503625 229.7155194650417 6.1
  endloop
endfacet
facet normal 0 0 1
  outer loop
    vertex 2.566200754575521 226.5552099106537 6.1
    vertex 1.704226987135241 227.9798864714597 6.1
    vertex 1.040589132218504 226.4408811248653 6.1
  endloop
endfacet
facet normal 0 0 1
  outer loop
    vertex 6.115665957031315 232.8864331162298 6.1
    vertex 4.613025391838959 233.2344760770423 6.1
    vertex 4.766810226410109 231.9001332135877 6.1
  endloop
endfacet
facet normal -0 0 1
  outer loop
    vertex 3.540061987398508 234.1566110682408 6.1
    vertex 4.613025391838959 233.2344760770423 6.1
    vertex 5.287928155622381 234.6052483716072 6.1
  endloop
endfacet
facet normal 0 0 1
  outer loop
    vertex 3.990334731895926 225.9962785122046 6.1
    vertex 2.566200754575521 226.5552099106537 6.1
    vertex 2.338182555944982 225.0424080086771 6.1
  endloop
endfacet
facet normal 0 0 1
  outer loop
    vertex -2.967585550897001 227.3330469083588 6.1
    vertex -4.178362568542858 228.1388761593647 6.1
    vertex -4.691531979710851 226.6468944782661 6.1
  endloop
endfacet
facet normal 0 -0 1
  outer loop
    vertex -4.691531979710851 226.6468944782661 6.1
    vertex -4.178362568542858 228.1388761593647 6.1
    vertex -5.766200754575455 228.2231440696476 6.1
  endloop
endfacet
facet normal 0 0 1
  outer loop
    vertex 3.428018198630598 227.8192639390295 6.1
    vertex 2.566200754575521 226.5552099106537 6.1
    vertex 3.990334731895926 225.9962785122046 6.1
  endloop
endfacet
facet normal 0 0 1
  outer loop
    vertex 5.287928155622381 234.6052483716072 6.1
    vertex 4.613025391838959 233.2344760770423 6.1
    vertex 6.115665957031315 232.8864331162298 6.1
  endloop
endfacet
facet normal 0 -0 1
  outer loop
    vertex 2.338182555944982 225.0424080086771 6.1
    vertex 2.566200754575521 226.5552099106537 6.1
    vertex 1.040589132218504 226.4408811248653 6.1
  endloop
endfacet
facet normal -0 0 1
  outer loop
    vertex -2.822914857384628 228.9200680779353 6.1
    vertex -1.61448746860206 227.7792225349157 6.1
    vertex -1.171196364579624 229.4794755829498 6.1
  endloop
endfacet
facet normal 0 0 1
  outer loop
    vertex 0.4782725989531232 237.3821043019595 6.1
    vertex 1.075414706574197 235.9740180578438 6.1
    vertex 2.338182555944938 236.9575919913229 6.1
  endloop
endfacet
facet normal 0 0 1
  outer loop
    vertex 6.400000000000015 231 6.1
    vertex 4.617048348050803 230.3057284137742 6.1
    vertex 6.115665957031315 229.1135668837702 6.1
  endloop
endfacet
facet normal 0 0 1
  outer loop
    vertex -1.424133977320355 224.7604613620363 6.1
    vertex -1.998878129865386 226.2897784176161 6.1
    vertex -3.199999999999954 225.4574374157796 6.1
  endloop
endfacet
facet normal 0 0 1
  outer loop
    vertex -4.344892194503625 229.7155194650417 6.1
    vertex -4.178362568542858 228.1388761593647 6.1
    vertex -2.822914857384628 228.9200680779353 6.1
  endloop
endfacet
facet normal 0 -0 1
  outer loop
    vertex -3.863794178301948 233.6342902663565 6.1
    vertex -3.234221379091252 234.9702122944239 6.1
    vertex -4.691531979710887 235.3531055217339 6.1
  endloop
endfacet
facet normal -0 0 1
  outer loop
    vertex -4.691531979710887 235.3531055217339 6.1
    vertex -3.234221379091252 234.9702122944239 6.1
    vertex -3.199999999999999 236.5425625842204 6.1
  endloop
endfacet
facet normal 0 0 1
  outer loop
    vertex -0.3338973936411648 235.7223767215749 6.1
    vertex 1.075414706574197 235.9740180578438 6.1
    vertex 0.4782725989531232 237.3821043019595 6.1
  endloop
endfacet
facet normal 0 0 1
  outer loop
    vertex -1.171196364579624 229.4794755829498 6.1
    vertex -1.61448746860206 227.7792225349157 6.1
    vertex -0.08171250042251922 227.9174754810802 6.1
  endloop
endfacet
facet normal 0 0 1
  outer loop
    vertex -3.199999999999954 225.4574374157796 6.1
    vertex -1.998878129865386 226.2897784176161 6.1
    vertex -2.967585550897001 227.3330469083588 6.1
  endloop
endfacet
facet normal 0 0 1
  outer loop
    vertex 4.766810226410109 231.9001332135877 6.1
    vertex 4.617048348050803 230.3057284137742 6.1
    vertex 6.400000000000015 231 6.1
  endloop
endfacet
facet normal 0 0 1
  outer loop
    vertex -0.3338973936411648 235.7223767215749 6.1
    vertex -1.952143482597705 235.4426877052809 6.1
    vertex -0.910641884391853 234.1769421219572 6.1
  endloop
endfacet
facet normal -0 0 1
  outer loop
    vertex 1.979867428212398 233.0685727706462 6.1
    vertex 3.590858231821761 232.7355773299086 6.1
    vertex 3.540061987398508 234.1566110682408 6.1
  endloop
endfacet
facet normal 0 -0 1
  outer loop
    vertex 0.6997425684006074 234.5235815583702 6.1
    vertex 1.075414706574197 235.9740180578438 6.1
    vertex -0.3338973936411648 235.7223767215749 6.1
  endloop
endfacet
facet normal 0 0 1
  outer loop
    vertex -2.463637254845722 233.8784153945279 6.1
    vertex -3.140629610202813 232.3956108094424 6.1
    vertex -1.58214211104847 232.5686919510831 6.1
  endloop
endfacet
facet normal -0 0 1
  outer loop
    vertex -3.863794178301948 233.6342902663565 6.1
    vertex -3.140629610202813 232.3956108094424 6.1
    vertex -2.463637254845722 233.8784153945279 6.1
  endloop
endfacet
facet normal 0 0 1
  outer loop
    vertex 4.766810226410109 231.9001332135877 6.1
    vertex 3.590858231821761 232.7355773299086 6.1
    vertex 3.054526125248834 231.3180935200259 6.1
  endloop
endfacet
facet normal 0 0 1
  outer loop
    vertex 6.115665957031315 229.1135668837702 6.1
    vertex 4.617048348050803 230.3057284137742 6.1
    vertex 4.555285021240807 228.8695687176561 6.1
  endloop
endfacet
facet normal 0 0 1
  outer loop
    vertex -0.6063960787171945 226.3252575860195 6.1
    vertex -1.998878129865386 226.2897784176161 6.1
    vertex -1.424133977320355 224.7604613620363 6.1
  endloop
endfacet
facet normal -0 0 1
  outer loop
    vertex -2.967585550897001 227.3330469083588 6.1
    vertex -1.998878129865386 226.2897784176161 6.1
    vertex -1.61448746860206 227.7792225349157 6.1
  endloop
endfacet
facet normal 0 0 1
  outer loop
    vertex 2.264767781543584 235.1271253526484 6.1
    vertex 1.075414706574197 235.9740180578438 6.1
    vertex 0.6997425684006074 234.5235815583702 6.1
  endloop
endfacet
facet normal 0 0 1
  outer loop
    vertex 2.338182555944938 236.9575919913229 6.1
    vertex 1.075414706574197 235.9740180578438 6.1
    vertex 2.264767781543584 235.1271253526484 6.1
  endloop
endfacet
facet normal 0 0 1
  outer loop
    vertex -0.910641884391853 234.1769421219572 6.1
    vertex -2.463637254845722 233.8784153945279 6.1
    vertex -1.58214211104847 232.5686919510831 6.1
  endloop
endfacet
facet normal 0 0 1
  outer loop
    vertex -1.952143482597705 235.4426877052809 6.1
    vertex -2.463637254845722 233.8784153945279 6.1
    vertex -0.910641884391853 234.1769421219572 6.1
  endloop
endfacet
facet normal 0 0 1
  outer loop
    vertex -3.199999999999999 236.5425625842204 6.1
    vertex -3.234221379091252 234.9702122944239 6.1
    vertex -1.952143482597705 235.4426877052809 6.1
  endloop
endfacet
facet normal 0 0 1
  outer loop
    vertex 4.613025391838959 233.2344760770423 6.1
    vertex 3.590858231821761 232.7355773299086 6.1
    vertex 4.766810226410109 231.9001332135877 6.1
  endloop
endfacet
facet normal 0 0 1
  outer loop
    vertex 3.540061987398508 234.1566110682408 6.1
    vertex 3.590858231821761 232.7355773299086 6.1
    vertex 4.613025391838959 233.2344760770423 6.1
  endloop
endfacet
facet normal 0 0 1
  outer loop
    vertex -2.463637254845722 233.8784153945279 6.1
    vertex -3.234221379091252 234.9702122944239 6.1
    vertex -3.863794178301948 233.6342902663565 6.1
  endloop
endfacet
facet normal 0 0 1
  outer loop
    vertex -1.952143482597705 235.4426877052809 6.1
    vertex -3.234221379091252 234.9702122944239 6.1
    vertex -2.463637254845722 233.8784153945279 6.1
  endloop
endfacet
facet normal 0.942504 -0.33403 -0.0104474
  outer loop
    vertex -8.14213409050874 227.7102120000226 4.51040530386735
    vertex -7.597020596972134 229.2701398189965 3.8125
    vertex -7.618909269673677 229.1697852871089 5.046425692912648
  endloop
endfacet
facet normal 0.942492 0.334062 0.0105268
  outer loop
    vertex -8.142134090508733 233.4573476232216 1.589594696132648
    vertex -7.597020596972131 231.8974198042477 2.2875
    vertex -7.61905310430353 231.9984091204433 1.055298408975079
  endloop
endfacet
facet normal 0.944639 -0.326424 -0.0332417
  outer loop
    vertex -7.745087550097083 228.6973466953923 6.1
    vertex -8.14213409050874 227.7102120000226 4.51040530386735
    vertex -7.618909269673677 229.1697852871089 5.046425692912648
  endloop
endfacet
facet normal 0.944606 0.326527 0.0331696
  outer loop
    vertex -7.745087550097084 232.4702129278519 0
    vertex -8.142134090508733 233.4573476232216 1.589594696132648
    vertex -7.61905310430353 231.9984091204433 1.055298408975079
  endloop
endfacet
facet normal 0.494005 0.867913 0.0518241
  outer loop
    vertex -10.67917115799867 236.1369351089019 1.634881328534322
    vertex -11.60137771293977 236.5717027420408 3.144485309852474
    vertex -9.88658954256951 235.6003544181441 3.065997877674646
  endloop
endfacet
facet normal -0.82768 -0.558764 -0.0522269
  outer loop
    vertex -19.16049971445804 226.9959266738954 4.466622241354167
    vertex -19.66074995742078 227.8782223502852 2.954984631275412
    vertex -18.55275113323719 226.2311761911911 3.017060465296189
  endloop
endfacet
facet normal -0.360276 0.931366 0.052528
  outer loop
    vertex -15.20319808833453 236.8414025668216 3.14432407703266
    vertex -16.18155610822805 236.548163709958 1.633397297050176
    vertex -17.06033795475055 236.12658229435 3.081059020900538
  endloop
endfacet
facet normal -0.987633 -0.149913 0.0459031
  outer loop
    vertex -20.26072778529145 230.5656348715251 1.518512092759673
    vertex -20.1892707949692 229.6299093080945 0
    vertex -19.98586039329408 228.7282298572836 1.431733803960965
  endloop
endfacet
facet normal 0.825381 0.562909 -0.0433493
  outer loop
    vertex -8.572825351506019 234.1890281832293 6.1
    vertex -8.094552752552909 233.3606357419745 4.449394949007526
    vertex -9.169202992956354 234.9368653578723 4.455813215495817
  endloop
endfacet
facet normal 0.825465 -0.562793 0.0432664
  outer loop
    vertex -8.572825351506006 226.9785314400149 0
    vertex -8.094552752552895 227.8069238812697 1.65060505099245
    vertex -9.169221527417495 226.2306742898882 1.650605050992103
  endloop
endfacet
facet normal 0.900125 -0.433477 -0.0432664
  outer loop
    vertex -8.572825351506006 226.9785314400149 0
    vertex -7.745087550097083 228.6973466953923 0
    vertex -8.094552752552895 227.8069238812697 1.65060505099245
  endloop
endfacet
facet normal 0.900125 0.433477 0.0432664
  outer loop
    vertex -8.572825351506019 234.1890281832293 6.1
    vertex -7.745087550097084 232.4702129278519 6.1
    vertex -8.094552752552909 233.3606357419745 4.449394949007526
  endloop
endfacet
facet normal 0.73236 0.679531 0.043435
  outer loop
    vertex -9.870418775232491 235.5875012994175 6.1
    vertex -8.572825351506019 234.1890281832293 6.1
    vertex -9.169202992956354 234.9368653578723 4.455813215495817
  endloop
endfacet
facet normal 0.623019 0.781004 -0.0433518
  outer loop
    vertex -10.66075350712839 236.1263423958425 4.449394949007527
    vertex -9.870418775232491 235.5875012994175 6.1
    vertex -9.169202992956354 234.9368653578723 4.455813215495817
  endloop
endfacet
facet normal 0.622906 -0.781099 0.0432664
  outer loop
    vertex -10.66075350712836 225.0412172274017 1.650605050992453
    vertex -9.870418775232473 225.5800583238267 0
    vertex -9.169221527417495 226.2306742898882 1.650605050992103
  endloop
endfacet
facet normal 0.732365 -0.679536 -0.0432664
  outer loop
    vertex -9.870418775232473 225.5800583238267 0
    vertex -8.572825351506006 226.9785314400149 0
    vertex -9.169221527417495 226.2306742898882 1.650605050992103
  endloop
endfacet
facet normal 0.364999 -0.930002 0.0432664
  outer loop
    vertex -11.52257095118342 224.6261878202992 0
    vertex -10.66075350712836 225.0412172274017 1.650605050992453
    vertex -12.43661952980802 224.3442411736584 1.650605050992514
  endloop
endfacet
facet normal -0.499532 -0.865214 0.0432664
  outer loop
    vertex -17.06075350712835 225.0412172274017 0
    vertex -16.19893606307327 224.6261878202992 1.650605050992481
    vertex -17.8510882390243 225.5800583238267 1.650605050992492
  endloop
endfacet
facet normal 0.622906 -0.781099 -0.0432664
  outer loop
    vertex -9.169221527417488 226.2306742898882 4.449394949007547
    vertex -9.870418775232473 225.5800583238267 6.1
    vertex -10.66075350712842 225.0412172274017 4.449394949007521
  endloop
endfacet
facet normal -0.825465 0.562793 0.0432664
  outer loop
    vertex -19.62695426170388 233.3606357419744 6.1
    vertex -18.55228548683928 234.936885333356 6.1
    vertex -19.14868166275075 234.1890281832293 4.44939494900752
  endloop
endfacet
facet normal 0.222313 -0.974015 -0.0432664
  outer loop
    vertex -13.38248090817522 224.2016755096626 0
    vertex -11.52257095118342 224.6261878202992 0
    vertex -12.43661952980802 224.3442411736584 1.650605050992514
  endloop
endfacet
facet normal -0.900125 0.433477 0.0432664
  outer loop
    vertex -19.62695426170388 233.3606357419744 0
    vertex -19.97641946415969 232.4702129278519 1.650605050992478
    vertex -19.14868166275073 234.1890281832293 1.650605050992485
  endloop
endfacet
facet normal -0.988044 -0.147387 0.0452378
  outer loop
    vertex -19.98097190433128 228.7121690693631 4.465034219371937
    vertex -20.26075280875224 230.5867696634725 4.461868302868155
    vertex -20.18725336619548 229.6166192596846 2.906371369983551
  endloop
endfacet
facet normal -0.622906 -0.781099 0.0432664
  outer loop
    vertex -17.06075350712835 225.0412172274017 6.1
    vertex -18.55228548683925 226.2306742898882 6.1
    vertex -17.85108823902426 225.5800583238267 4.449394949007524
  endloop
endfacet
facet normal 0.732365 -0.679536 0.0432664
  outer loop
    vertex -8.572825351506006 226.9785314400149 6.1
    vertex -9.870418775232473 225.5800583238267 6.1
    vertex -9.169221527417488 226.2306742898882 4.449394949007547
  endloop
endfacet
facet normal -0.622906 0.781099 0.0432664
  outer loop
    vertex -18.55228548683928 234.936885333356 6.1
    vertex -17.0607535071284 236.1263423958425 6.1
    vertex -17.85108823902427 235.5875012994175 4.449394949007515
  endloop
endfacet
facet normal -0.732365 0.679536 -0.0432664
  outer loop
    vertex -19.14868166275075 234.1890281832293 4.44939494900752
    vertex -18.55228548683928 234.936885333356 6.1
    vertex -17.85108823902427 235.5875012994175 4.449394949007515
  endloop
endfacet
facet normal -0.825465 -0.562793 -0.0432664
  outer loop
    vertex -19.62695426170385 227.8069238812697 0
    vertex -18.55228548683925 226.2306742898882 0
    vertex -19.14868166275074 226.9785314400149 1.650605050992473
  endloop
endfacet
facet normal -0.622906 0.781099 -0.0432664
  outer loop
    vertex -17.0607535071284 236.1263423958425 0
    vertex -18.55228548683928 234.936885333356 0
    vertex -17.85108823902428 235.5875012994175 1.650605050992479
  endloop
endfacet
facet normal -0.825465 0.562793 -0.0432664
  outer loop
    vertex -18.55228548683928 234.936885333356 0
    vertex -19.62695426170388 233.3606357419744 0
    vertex -19.14868166275073 234.1890281832293 1.650605050992485
  endloop
endfacet
facet normal 0.362463 0.930991 0.0433217
  outer loop
    vertex -11.52257095118346 236.541371802945 0
    vertex -12.45124303900206 236.8266381505757 1.639563774766835
    vertex -10.67917115799867 236.1369351089019 1.634881328534322
  endloop
endfacet
facet normal 0.621293 0.782318 0.0444317
  outer loop
    vertex -9.169221527417502 234.936885333356 1.650605050992471
    vertex -9.870418775232491 235.5875012994175 0
    vertex -10.67917115799867 236.1369351089019 1.634881328534322
  endloop
endfacet
facet normal -0.999049 -3.72098e-15 0.0435948
  outer loop
    vertex -20.1892707949692 229.6299093080945 6.1
    vertex -20.18927079496921 231.5376503151496 6.1
    vertex -20.26075280875224 230.5867696634725 4.461868302868155
  endloop
endfacet
facet normal -0.0746601 -0.99627 -0.0432664
  outer loop
    vertex -15.28488748444875 224.3442411736584 0
    vertex -13.38248090817522 224.2016755096626 0
    vertex -14.3390261060815 224.2016755096626 1.650605050992484
  endloop
endfacet
facet normal 0.0746601 -0.99627 -0.0432664
  outer loop
    vertex -12.43661952980793 224.3442411736584 4.449394949007535
    vertex -13.38248090817522 224.2016755096626 6.1
    vertex -14.33902610608147 224.2016755096626 4.449394949007532
  endloop
endfacet
facet normal 0.499532 0.865214 0.0432664
  outer loop
    vertex -11.52257095118346 236.541371802945 6.1
    vertex -9.870418775232491 235.5875012994175 6.1
    vertex -10.66075350712839 236.1263423958425 4.449394949007527
  endloop
endfacet
facet normal -0.364999 0.930002 0.0432664
  outer loop
    vertex -17.0607535071284 236.1263423958425 6.1
    vertex -15.28488748444881 236.8233184495858 6.1
    vertex -16.19893606307332 236.541371802945 4.449394949007519
  endloop
endfacet
facet normal 0.499523 0.8652 -0.0436602
  outer loop
    vertex -9.870418775232491 235.5875012994175 0
    vertex -11.52257095118346 236.541371802945 0
    vertex -10.67917115799867 236.1369351089019 1.634881328534322
  endloop
endfacet
facet normal -0.364999 -0.930002 -0.0432664
  outer loop
    vertex -17.06075350712835 225.0412172274017 0
    vertex -15.28488748444875 224.3442411736584 0
    vertex -16.19893606307327 224.6261878202992 1.650605050992481
  endloop
endfacet
facet normal 0.222313 -0.974015 0.0432664
  outer loop
    vertex -11.52257095118342 224.6261878202992 6.1
    vertex -13.38248090817522 224.2016755096626 6.1
    vertex -12.43661952980793 224.3442411736584 4.449394949007535
  endloop
endfacet
facet normal -0.0746601 -0.99627 0.0432664
  outer loop
    vertex -13.38248090817522 224.2016755096626 6.1
    vertex -15.28488748444875 224.3442411736584 6.1
    vertex -14.33902610608147 224.2016755096626 4.449394949007532
  endloop
endfacet
facet normal 0.499532 -0.865214 0.0432664
  outer loop
    vertex -9.870418775232473 225.5800583238267 6.1
    vertex -11.52257095118342 224.6261878202992 6.1
    vertex -10.66075350712842 225.0412172274017 4.449394949007521
  endloop
endfacet
facet normal -0.0746588 0.996253 -0.0436616
  outer loop
    vertex -13.38248090817527 236.9658841135816 0
    vertex -15.28488748444881 236.8233184495858 0
    vertex -14.33005155269017 236.9665503185753 1.635493541244551
  endloop
endfacet
facet normal -0.622906 -0.781099 -0.0432664
  outer loop
    vertex -18.55228548683925 226.2306742898882 0
    vertex -17.06075350712835 225.0412172274017 0
    vertex -17.8510882390243 225.5800583238267 1.650605050992492
  endloop
endfacet
facet normal 0.074285 0.996233 -0.0447437
  outer loop
    vertex -12.45124303900206 236.8266381505757 1.639563774766835
    vertex -14.33005155269017 236.9665503185753 1.635493541244551
    vertex -13.38295599594177 236.9659196987057 3.19385101724991
  endloop
endfacet
facet normal 0.0746601 -0.99627 0.0432664
  outer loop
    vertex -14.3390261060815 224.2016755096626 1.650605050992484
    vertex -13.38248090817522 224.2016755096626 0
    vertex -12.43661952980802 224.3442411736584 1.650605050992514
  endloop
endfacet
facet normal -0.499532 0.865214 -0.0432664
  outer loop
    vertex -17.0607535071284 236.1263423958425 6.1
    vertex -16.19893606307332 236.541371802945 4.449394949007519
    vertex -17.85108823902427 235.5875012994175 4.449394949007515
  endloop
endfacet
facet normal 0.22231 0.974003 -0.0435466
  outer loop
    vertex -11.52257095118346 236.541371802945 0
    vertex -13.38248090817527 236.9658841135816 0
    vertex -12.45124303900206 236.8266381505757 1.639563774766835
  endloop
endfacet
facet normal 0.0741041 0.996343 0.0425285
  outer loop
    vertex -12.45124303900206 236.8266381505757 1.639563774766835
    vertex -13.38248090817527 236.9658841135816 0
    vertex -14.33005155269017 236.9665503185753 1.635493541244551
  endloop
endfacet
facet normal 0.499532 -0.865214 -0.0432664
  outer loop
    vertex -11.52257095118342 224.6261878202992 0
    vertex -9.870418775232473 225.5800583238267 0
    vertex -10.66075350712836 225.0412172274017 1.650605050992453
  endloop
endfacet
facet normal 0.732365 0.679536 -0.0432664
  outer loop
    vertex -8.572825351506019 234.1890281832293 0
    vertex -9.870418775232491 235.5875012994175 0
    vertex -9.169221527417502 234.936885333356 1.650605050992471
  endloop
endfacet
facet normal -0.954678 0.294479 -0.0432664
  outer loop
    vertex -19.62695426170388 233.3606357419744 0
    vertex -20.18927079496921 231.5376503151496 0
    vertex -19.97641946415969 232.4702129278519 1.650605050992478
  endloop
endfacet
facet normal -0.732365 -0.679536 0.0432664
  outer loop
    vertex -19.14868166275074 226.9785314400149 1.650605050992473
    vertex -18.55228548683925 226.2306742898882 0
    vertex -17.8510882390243 225.5800583238267 1.650605050992492
  endloop
endfacet
facet normal 0.364999 -0.930002 -0.0432664
  outer loop
    vertex -11.52257095118342 224.6261878202992 6.1
    vertex -12.43661952980793 224.3442411736584 4.449394949007535
    vertex -10.66075350712842 225.0412172274017 4.449394949007521
  endloop
endfacet
facet normal -0.732365 0.679536 0.0432664
  outer loop
    vertex -17.85108823902428 235.5875012994175 1.650605050992479
    vertex -18.55228548683928 234.936885333356 0
    vertex -19.14868166275073 234.1890281832293 1.650605050992485
  endloop
endfacet
facet normal -0.222313 -0.974015 0.0432664
  outer loop
    vertex -16.19893606307327 224.6261878202992 1.650605050992481
    vertex -15.28488748444875 224.3442411736584 0
    vertex -14.3390261060815 224.2016755096626 1.650605050992484
  endloop
endfacet
facet normal -0.733712 -0.678005 -0.044442
  outer loop
    vertex -17.85108823902426 225.5800583238267 4.449394949007524
    vertex -18.55228548683925 226.2306742898882 6.1
    vertex -19.16049971445804 226.9959266738954 4.466622241354167
  endloop
endfacet
facet normal -0.987875 0.149057 -0.0434152
  outer loop
    vertex -20.26075280875224 230.5867696634725 4.461868302868155
    vertex -20.18927079496921 231.5376503151496 6.1
    vertex -19.97629250969109 232.470624454971 4.457029395399737
  endloop
endfacet
facet normal -0.499532 -0.865214 -0.0432664
  outer loop
    vertex -17.06075350712835 225.0412172274017 6.1
    vertex -17.85108823902426 225.5800583238267 4.449394949007524
    vertex -16.19893606307327 224.6261878202992 4.449394949007869
  endloop
endfacet
facet normal -0.988117 -0.147547 -0.0430672
  outer loop
    vertex -20.1892707949692 229.6299093080945 6.1
    vertex -20.26075280875224 230.5867696634725 4.461868302868155
    vertex -19.98097190433128 228.7121690693631 4.465034219371937
  endloop
endfacet
facet normal -0.497903 0.866099 0.0443348
  outer loop
    vertex -17.0607535071284 236.1263423958425 0
    vertex -17.85108823902428 235.5875012994175 1.650605050992479
    vertex -16.18155610822805 236.548163709958 1.633397297050176
  endloop
endfacet
facet normal -0.900183 0.43335 -0.0433471
  outer loop
    vertex -19.62695426170388 233.3606357419744 6.1
    vertex -19.14868166275075 234.1890281832293 4.44939494900752
    vertex -19.97629250969109 232.470624454971 4.457029395399737
  endloop
endfacet
facet normal -0.220254 0.974483 0.0432465
  outer loop
    vertex -14.33005155269017 236.9665503185753 1.635493541244551
    vertex -15.28488748444881 236.8233184495858 0
    vertex -16.18155610822805 236.548163709958 1.633397297050176
  endloop
endfacet
facet normal -0.222313 -0.974015 -0.0432664
  outer loop
    vertex -15.28488748444875 224.3442411736584 6.1
    vertex -16.19893606307327 224.6261878202992 4.449394949007869
    vertex -14.33902610608147 224.2016755096626 4.449394949007532
  endloop
endfacet
facet normal -0.95467 0.294477 0.0434671
  outer loop
    vertex -20.18927079496921 231.5376503151496 6.1
    vertex -19.62695426170388 233.3606357419744 6.1
    vertex -19.97629250969109 232.470624454971 4.457029395399737
  endloop
endfacet
facet normal -0.364992 0.929984 -0.0437048
  outer loop
    vertex -15.28488748444881 236.8233184495858 0
    vertex -17.0607535071284 236.1263423958425 0
    vertex -16.18155610822805 236.548163709958 1.633397297050176
  endloop
endfacet
facet normal -0.901337 -0.430936 -0.0434343
  outer loop
    vertex -19.62695426170385 227.8069238812697 6.1
    vertex -19.98097190433128 228.7121690693631 4.465034219371937
    vertex -19.16049971445804 226.9959266738954 4.466622241354167
  endloop
endfacet
facet normal -0.364999 -0.930002 0.0432664
  outer loop
    vertex -15.28488748444875 224.3442411736584 6.1
    vertex -17.06075350712835 225.0412172274017 6.1
    vertex -16.19893606307327 224.6261878202992 4.449394949007869
  endloop
endfacet
facet normal -0.954661 -0.294474 0.043668
  outer loop
    vertex -19.62695426170385 227.8069238812697 6.1
    vertex -20.1892707949692 229.6299093080945 6.1
    vertex -19.98097190433128 228.7121690693631 4.465034219371937
  endloop
endfacet
facet normal -0.825449 -0.562782 0.0437008
  outer loop
    vertex -18.55228548683925 226.2306742898882 6.1
    vertex -19.62695426170385 227.8069238812697 6.1
    vertex -19.16049971445804 226.9959266738954 4.466622241354167
  endloop
endfacet
facet normal 0.900082 0.433457 -0.0443545
  outer loop
    vertex -7.745087550097084 232.4702129278519 0
    vertex -8.572825351506019 234.1890281832293 0
    vertex -8.142134090508733 233.4573476232216 1.589594696132648
  endloop
endfacet
facet normal 0.900082 -0.433457 0.0443545
  outer loop
    vertex -7.745087550097083 228.6973466953923 6.1
    vertex -8.572825351506006 226.9785314400149 6.1
    vertex -8.14213409050874 227.7102120000226 4.51040530386735
  endloop
endfacet
facet normal 0.987517 -0.148844 0.0515231
  outer loop
    vertex -7.460753507128384 230.5837798116221 6.1
    vertex -7.745087550097083 228.6973466953923 6.1
    vertex -7.618909269673677 229.1697852871089 5.046425692912648
  endloop
endfacet
facet normal 0.987524 0.148845 -0.0513942
  outer loop
    vertex -7.460753507128384 230.5837798116221 0
    vertex -7.745087550097084 232.4702129278519 0
    vertex -7.61905310430353 231.9984091204433 1.055298408975079
  endloop
endfacet
facet normal 0.49013 0.86982 -0.0564365
  outer loop
    vertex -11.60137771293977 236.5717027420408 3.144485309852474
    vertex -10.66075350712839 236.1263423958425 4.449394949007527
    vertex -9.88658954256951 235.6003544181441 3.065997877674646
  endloop
endfacet
facet normal -0.988215 -0.145601 -0.0472449
  outer loop
    vertex -20.18725336619548 229.6166192596846 2.906371369983551
    vertex -20.26072778529145 230.5656348715251 1.518512092759673
    vertex -19.98586039329408 228.7282298572836 1.431733803960965
  endloop
endfacet
facet normal -0.35689 0.932347 -0.0579553
  outer loop
    vertex -16.19893606307332 236.541371802945 4.449394949007519
    vertex -15.20319808833453 236.8414025668216 3.14432407703266
    vertex -17.06033795475055 236.12658229435 3.081059020900538
  endloop
endfacet
facet normal -0.829348 -0.555742 0.0577386
  outer loop
    vertex -19.66074995742078 227.8782223502852 2.954984631275412
    vertex -19.14868166275074 226.9785314400149 1.650605050992473
    vertex -18.55275113323719 226.2311761911911 3.017060465296189
  endloop
endfacet
facet normal 0.821591 -0.568729 -0.0391771
  outer loop
    vertex -8.572825351506006 226.9785314400149 6.1
    vertex -9.169221527417488 226.2306742898882 4.449394949007547
    vertex -8.14213409050874 227.7102120000226 4.51040530386735
  endloop
endfacet
facet normal 0.821591 0.568729 0.0391771
  outer loop
    vertex -8.572825351506019 234.1890281832293 0
    vertex -9.169221527417502 234.936885333356 1.650605050992471
    vertex -8.142134090508733 233.4573476232216 1.589594696132648
  endloop
endfacet
facet normal 0.362198 0.930923 -0.0468426
  outer loop
    vertex -10.67917115799867 236.1369351089019 1.634881328534322
    vertex -12.45124303900206 236.8266381505757 1.639563774766835
    vertex -11.60137771293977 236.5717027420408 3.144485309852474
  endloop
endfacet
facet normal -0.220124 0.97436 -0.0465672
  outer loop
    vertex -14.33005155269017 236.9665503185753 1.635493541244551
    vertex -16.18155610822805 236.548163709958 1.633397297050176
    vertex -15.20319808833453 236.8414025668216 3.14432407703266
  endloop
endfacet
facet normal -0.998895 -3.72041e-15 -0.0470052
  outer loop
    vertex -20.18927079496921 231.5376503151496 0
    vertex -20.1892707949692 229.6299093080945 0
    vertex -20.26072778529145 230.5656348715251 1.518512092759673
  endloop
endfacet
facet normal -0.901232 -0.430802 0.0468011
  outer loop
    vertex -19.16049971445804 226.9959266738954 4.466622241354167
    vertex -19.98097190433128 228.7121690693631 4.465034219371937
    vertex -19.66074995742078 227.8782223502852 2.954984631275412
  endloop
endfacet
facet normal -0.998801 0.00270842 -0.048884
  outer loop
    vertex -20.18725336619548 229.6166192596846 2.906371369983551
    vertex -20.26075280875224 230.5867696634725 4.461868302868155
    vertex -20.18927079496917 231.5376503151499 3.054026442334117
  endloop
endfacet
facet normal -0.903345 -0.42624 0.0478314
  outer loop
    vertex -19.62695426170385 227.8069238812697 0
    vertex -19.14868166275074 226.9785314400149 1.650605050992473
    vertex -19.98586039329408 228.7282298572836 1.431733803960965
  endloop
endfacet
facet normal -0.212935 0.975848 -0.0487726
  outer loop
    vertex -16.19893606307332 236.541371802945 4.449394949007519
    vertex -15.28488748444881 236.8233184495858 6.1
    vertex -14.29081703950887 236.9693138815427 4.681110326926667
  endloop
endfacet
facet normal 0.356483 0.933043 -0.0484775
  outer loop
    vertex -11.52257095118346 236.541371802945 6.1
    vertex -10.66075350712839 236.1263423958425 4.449394949007527
    vertex -12.47837259611808 236.8327015599619 4.678643310165375
  endloop
endfacet
facet normal 0.9871 0.148781 0.0591377
  outer loop
    vertex -7.745087550097084 232.4702129278519 6.1
    vertex -7.460753507128384 230.5837798116221 6.1
    vertex -7.579492934046009 231.8108762271661 4.994759407553405
  endloop
endfacet
facet normal 0.987453 -0.148835 -0.0527782
  outer loop
    vertex -7.745087550097083 228.6973466953923 0
    vertex -7.460753507128384 230.5837798116221 0
    vertex -7.592114714445692 229.2937535766665 1.18017494728327
  endloop
endfacet
facet normal 0.994229 0.107274 0
  outer loop
    vertex -7.460753507128384 230.5837798116221 4.574999999999999
    vertex -7.460753507128384 230.5837798116221 3.05
    vertex -7.608053169536554 231.9489678896095 3.810087173919674
  endloop
endfacet
facet normal 0.994229 -0.107274 0
  outer loop
    vertex -7.460753507128384 230.5837798116221 1.525
    vertex -7.460753507128384 230.5837798116221 3.05
    vertex -7.608053169538533 229.2185917336256 2.289912826079406
  endloop
endfacet
facet normal 0.994663 -0.103179 0
  outer loop
    vertex -7.460753507128384 230.5837798116221 3.05
    vertex -7.460753507128384 230.5837798116221 4.574999999999999
    vertex -7.597020596972134 229.2701398189965 3.8125
  endloop
endfacet
facet normal 0.994663 0.103179 0
  outer loop
    vertex -7.460753507128384 230.5837798116221 3.05
    vertex -7.460753507128384 230.5837798116221 1.525
    vertex -7.597020596972131 231.8974198042477 2.2875
  endloop
endfacet
facet normal 0.825185 -0.562601 -0.0504986
  outer loop
    vertex -9.169221527417495 226.2306742898882 1.650605050992103
    vertex -8.094552752552895 227.8069238812697 1.65060505099245
    vertex -8.63372763469355 226.8907863741927 3.046710507925041
  endloop
endfacet
facet normal 0.825287 0.562464 0.050351
  outer loop
    vertex -9.169202992956354 234.9368653578723 4.455813215495817
    vertex -8.094552752552909 233.3606357419745 4.449394949007526
    vertex -8.633666369595087 234.2766865335194 3.052765147134277
  endloop
endfacet
facet normal 0.725234 0.686937 -0.0464075
  outer loop
    vertex -9.169202992956354 234.9368653578723 4.455813215495817
    vertex -8.633666369595087 234.2766865335194 3.052765147134277
    vertex -9.88658954256951 235.6003544181441 3.065997877674646
  endloop
endfacet
facet normal 0.72658 -0.685589 -0.0452609
  outer loop
    vertex -8.63372763469355 226.8907863741927 3.046710507925041
    vertex -9.169221527417488 226.2306742898882 4.449394949007547
    vertex -9.870418775232286 225.5800583238269 3.048173097697045
  endloop
endfacet
facet normal 0.725708 0.686461 0.0460322
  outer loop
    vertex -8.633666369595087 234.2766865335194 3.052765147134277
    vertex -9.169221527417502 234.936885333356 1.650605050992471
    vertex -9.88658954256951 235.6003544181441 3.065997877674646
  endloop
endfacet
facet normal 0.726625 -0.685531 0.0454291
  outer loop
    vertex -9.169221527417495 226.2306742898882 1.650605050992103
    vertex -8.63372763469355 226.8907863741927 3.046710507925041
    vertex -9.870418775232286 225.5800583238269 3.048173097697045
  endloop
endfacet
facet normal 0.367434 0.928591 0.0520653
  outer loop
    vertex -10.66075350712839 236.1263423958425 4.449394949007527
    vertex -11.60137771293977 236.5717027420408 3.144485309852474
    vertex -12.47837259611808 236.8327015599619 4.678643310165375
  endloop
endfacet
facet normal -0.99876 -0.00485768 0.0495535
  outer loop
    vertex -20.26072778529145 230.5656348715251 1.518512092759673
    vertex -20.18725336619548 229.6166192596846 2.906371369983551
    vertex -20.18927079496917 231.5376503151499 3.054026442334117
  endloop
endfacet
facet normal -0.224586 0.973047 0.0523459
  outer loop
    vertex -15.20319808833453 236.8414025668216 3.14432407703266
    vertex -16.19893606307332 236.541371802945 4.449394949007519
    vertex -14.29081703950887 236.9693138815427 4.681110326926667
  endloop
endfacet
facet normal -0.898318 -0.436289 -0.0517293
  outer loop
    vertex -19.14868166275074 226.9785314400149 1.650605050992473
    vertex -19.66074995742078 227.8782223502852 2.954984631275412
    vertex -19.98586039329408 228.7282298572836 1.431733803960965
  endloop
endfacet
facet normal -0.955889 -0.290687 -0.0421704
  outer loop
    vertex -19.98097190433128 228.7121690693631 4.465034219371937
    vertex -20.18725336619548 229.6166192596846 2.906371369983551
    vertex -19.66074995742078 227.8782223502852 2.954984631275412
  endloop
endfacet
facet normal -0.988459 0.14437 0.0458987
  outer loop
    vertex -19.97641946415969 232.4702129278519 1.650605050992478
    vertex -20.18927079496921 231.5376503151496 0
    vertex -20.26072778529145 230.5656348715251 1.518512092759673
  endloop
endfacet
facet normal -0.0693378 0.996686 0.0425435
  outer loop
    vertex -13.38295599594177 236.9659196987057 3.19385101724991
    vertex -14.33005155269017 236.9665503185753 1.635493541244551
    vertex -15.20319808833453 236.8414025668216 3.14432407703266
  endloop
endfacet
facet normal 0.216978 0.975243 0.0426744
  outer loop
    vertex -12.45124303900206 236.8266381505757 1.639563774766835
    vertex -13.38295599594177 236.9659196987057 3.19385101724991
    vertex -11.60137771293977 236.5717027420408 3.144485309852474
  endloop
endfacet
facet normal 0.62253 0.780902 0.051464
  outer loop
    vertex -10.66075350712839 236.1263423958425 4.449394949007527
    vertex -9.169202992956354 234.9368653578723 4.455813215495817
    vertex -9.88658954256951 235.6003544181441 3.065997877674646
  endloop
endfacet
facet normal 0.075149 0.996219 0.0435993
  outer loop
    vertex -13.38295599594177 236.9659196987057 3.19385101724991
    vertex -14.29081703950887 236.9693138815427 4.681110326926667
    vertex -12.47837259611808 236.8327015599619 4.678643310165375
  endloop
endfacet
facet normal -0.954309 0.294451 0.0509241
  outer loop
    vertex -19.62690410478855 233.3607398914762 3.051301068018363
    vertex -19.97641946415969 232.4702129278519 1.650605050992478
    vertex -20.18927079496917 231.5376503151499 3.054026442334117
  endloop
endfacet
facet normal 0.499315 -0.86492 -0.050976
  outer loop
    vertex -9.870418775232286 225.5800583238269 3.048173097697045
    vertex -10.66075350712842 225.0412172274017 4.449394949007521
    vertex -11.52252385419931 224.6262063047182 3.049846267914758
  endloop
endfacet
facet normal 0.62268 -0.780816 0.0509483
  outer loop
    vertex -9.169221527417488 226.2306742898882 4.449394949007547
    vertex -10.66075350712842 225.0412172274017 4.449394949007521
    vertex -9.870418775232286 225.5800583238269 3.048173097697045
  endloop
endfacet
facet normal -0.622434 0.780941 -0.0520335
  outer loop
    vertex -17.85108823902427 235.5875012994175 4.449394949007515
    vertex -17.06033795475055 236.12658229435 3.081059020900538
    vertex -18.55487995814366 234.9340874860146 3.061559689478877
  endloop
endfacet
facet normal -0.364335 -0.929891 -0.0506114
  outer loop
    vertex -15.2849368103581 224.3442524321805 3.049846267914845
    vertex -16.19893606307327 224.6261878202992 4.449394949007869
    vertex -17.05783757127478 225.0395347334549 3.037864930508337
  endloop
endfacet
facet normal -0.49936 -0.864917 0.0505766
  outer loop
    vertex -16.19893606307327 224.6261878202992 4.449394949007869
    vertex -17.85108823902426 225.5800583238267 4.449394949007524
    vertex -17.05783757127478 225.0395347334549 3.037864930508337
  endloop
endfacet
facet normal -0.899798 0.43332 -0.0509674
  outer loop
    vertex -19.14868166275073 234.1890281832293 1.650605050992485
    vertex -19.97641946415969 232.4702129278519 1.650605050992478
    vertex -19.62690410478855 233.3607398914762 3.051301068018363
  endloop
endfacet
facet normal -0.499319 0.864846 0.0521695
  outer loop
    vertex -17.85108823902427 235.5875012994175 4.449394949007515
    vertex -16.19893606307332 236.541371802945 4.449394949007519
    vertex -17.06033795475055 236.12658229435 3.081059020900538
  endloop
endfacet
facet normal -0.732919 -0.678428 0.0506344
  outer loop
    vertex -17.85108823902426 225.5800583238267 4.449394949007524
    vertex -19.16049971445804 226.9959266738954 4.466622241354167
    vertex -18.55275113323719 226.2311761911911 3.017060465296189
  endloop
endfacet
facet normal -0.222231 -0.973659 0.0510091
  outer loop
    vertex -14.33902610608147 224.2016755096626 4.449394949007532
    vertex -16.19893606307327 224.6261878202992 4.449394949007869
    vertex -15.2849368103581 224.3442524321805 3.049846267914845
  endloop
endfacet
facet normal -0.622104 -0.781309 -0.0504192
  outer loop
    vertex -17.85108823902426 225.5800583238267 4.449394949007524
    vertex -18.55275113323719 226.2311761911911 3.017060465296189
    vertex -17.05783757127478 225.0395347334549 3.037864930508337
  endloop
endfacet
facet normal 0.0746328 -0.995905 -0.0510131
  outer loop
    vertex -14.3390261060815 224.2016755096626 1.650605050992484
    vertex -12.43661952980802 224.3442411736584 1.650605050992514
    vertex -13.38248090817522 224.2016755096626 3.050041999189976
  endloop
endfacet
facet normal 0.364865 -0.929662 0.0510091
  outer loop
    vertex -10.66075350712842 225.0412172274017 4.449394949007521
    vertex -12.43661952980793 224.3442411736584 4.449394949007535
    vertex -11.52252385419931 224.6262063047182 3.049846267914758
  endloop
endfacet
facet normal -0.732081 0.679272 0.0514376
  outer loop
    vertex -19.14868166275075 234.1890281832293 4.44939494900752
    vertex -17.85108823902427 235.5875012994175 4.449394949007515
    vertex -18.55487995814366 234.9340874860146 3.061559689478877
  endloop
endfacet
facet normal 0.622676 -0.780811 -0.0510812
  outer loop
    vertex -10.66075350712836 225.0412172274017 1.650605050992453
    vertex -9.169221527417495 226.2306742898882 1.650605050992103
    vertex -9.870418775232286 225.5800583238269 3.048173097697045
  endloop
endfacet
facet normal -0.825497 0.562135 0.050574
  outer loop
    vertex -19.14868166275073 234.1890281832293 1.650605050992485
    vertex -19.62690410478855 233.3607398914762 3.051301068018363
    vertex -18.55487995814366 234.9340874860146 3.061559689478877
  endloop
endfacet
facet normal -0.82517 0.562575 -0.0510404
  outer loop
    vertex -19.62690410478855 233.3607398914762 3.051301068018363
    vertex -19.14868166275075 234.1890281832293 4.44939494900752
    vertex -18.55487995814366 234.9340874860146 3.061559689478877
  endloop
endfacet
facet normal -0.0746419 -0.995904 0.0510194
  outer loop
    vertex -15.2849368103581 224.3442524321805 3.049846267914845
    vertex -14.3390261060815 224.2016755096626 1.650605050992484
    vertex -13.38248090817522 224.2016755096626 3.050041999189976
  endloop
endfacet
facet normal 0.22223 -0.973659 -0.0510153
  outer loop
    vertex -11.52252385419931 224.6262063047182 3.049846267914758
    vertex -12.43661952980793 224.3442411736584 4.449394949007535
    vertex -13.38248090817522 224.2016755096626 3.050041999189976
  endloop
endfacet
facet normal -0.0746315 -0.995905 -0.0510153
  outer loop
    vertex -14.33902610608147 224.2016755096626 4.449394949007532
    vertex -15.2849368103581 224.3442524321805 3.049846267914845
    vertex -13.38248090817522 224.2016755096626 3.050041999189976
  endloop
endfacet
facet normal 0.22224 -0.973656 0.0510194
  outer loop
    vertex -12.43661952980802 224.3442411736584 1.650605050992514
    vertex -11.52252385419931 224.6262063047182 3.049846267914758
    vertex -13.38248090817522 224.2016755096626 3.050041999189976
  endloop
endfacet
facet normal 0.6217 0.781576 -0.0512674
  outer loop
    vertex -9.169221527417502 234.936885333356 1.650605050992471
    vertex -10.67917115799867 236.1369351089019 1.634881328534322
    vertex -9.88658954256951 235.6003544181441 3.065997877674646
  endloop
endfacet
facet normal 0.819804 -0.57093 0.0442881
  outer loop
    vertex -8.14213409050874 227.7102120000226 4.51040530386735
    vertex -9.169221527417488 226.2306742898882 4.449394949007547
    vertex -8.63372763469355 226.8907863741927 3.046710507925041
  endloop
endfacet
facet normal 0.819803 0.57093 -0.0443048
  outer loop
    vertex -8.142134090508733 233.4573476232216 1.589594696132648
    vertex -9.169221527417502 234.936885333356 1.650605050992471
    vertex -8.633666369595087 234.2766865335194 3.052765147134277
  endloop
endfacet
facet normal 0.49939 -0.864872 0.051048
  outer loop
    vertex -10.66075350712836 225.0412172274017 1.650605050992453
    vertex -9.870418775232286 225.5800583238269 3.048173097697045
    vertex -11.52252385419931 224.6262063047182 3.049846267914758
  endloop
endfacet
facet normal -0.623301 0.780351 0.0504754
  outer loop
    vertex -17.06033795475055 236.12658229435 3.081059020900538
    vertex -17.85108823902428 235.5875012994175 1.650605050992479
    vertex -18.55487995814366 234.9340874860146 3.061559689478877
  endloop
endfacet
facet normal 0.364865 -0.929661 -0.0510202
  outer loop
    vertex -12.43661952980802 224.3442411736584 1.650605050992514
    vertex -10.66075350712836 225.0412172274017 1.650605050992453
    vertex -11.52252385419931 224.6262063047182 3.049846267914758
  endloop
endfacet
facet normal -0.499338 -0.864878 -0.0514591
  outer loop
    vertex -17.8510882390243 225.5800583238267 1.650605050992492
    vertex -16.19893606307327 224.6261878202992 1.650605050992481
    vertex -17.05783757127478 225.0395347334549 3.037864930508337
  endloop
endfacet
facet normal -0.622923 -0.780548 0.0520665
  outer loop
    vertex -18.55275113323719 226.2311761911911 3.017060465296189
    vertex -17.8510882390243 225.5800583238267 1.650605050992492
    vertex -17.05783757127478 225.0395347334549 3.037864930508337
  endloop
endfacet
facet normal -0.364923 -0.929637 0.0510574
  outer loop
    vertex -16.19893606307327 224.6261878202992 1.650605050992481
    vertex -15.2849368103581 224.3442524321805 3.049846267914845
    vertex -17.05783757127478 225.0395347334549 3.037864930508337
  endloop
endfacet
facet normal -0.49849 0.865419 -0.050578
  outer loop
    vertex -16.18155610822805 236.548163709958 1.633397297050176
    vertex -17.85108823902428 235.5875012994175 1.650605050992479
    vertex -17.06033795475055 236.12658229435 3.081059020900538
  endloop
endfacet
facet normal 0.0746328 -0.995905 0.0510162
  outer loop
    vertex -12.43661952980793 224.3442411736584 4.449394949007535
    vertex -14.33902610608147 224.2016755096626 4.449394949007532
    vertex -13.38248090817522 224.2016755096626 3.050041999189976
  endloop
endfacet
facet normal -0.222231 -0.973658 -0.0510202
  outer loop
    vertex -16.19893606307327 224.6261878202992 1.650605050992481
    vertex -14.3390261060815 224.2016755096626 1.650605050992484
    vertex -15.2849368103581 224.3442524321805 3.049846267914845
  endloop
endfacet
facet normal -0.732051 -0.679244 -0.0522411
  outer loop
    vertex -19.14868166275074 226.9785314400149 1.650605050992473
    vertex -17.8510882390243 225.5800583238267 1.650605050992492
    vertex -18.55275113323719 226.2311761911911 3.017060465296189
  endloop
endfacet
facet normal -0.899698 0.433535 0.0509005
  outer loop
    vertex -19.97629250969109 232.470624454971 4.457029395399737
    vertex -19.14868166275075 234.1890281832293 4.44939494900752
    vertex -19.62690410478855 233.3607398914762 3.051301068018363
  endloop
endfacet
facet normal -0.732113 0.679302 -0.050597
  outer loop
    vertex -17.85108823902428 235.5875012994175 1.650605050992479
    vertex -19.14868166275073 234.1890281832293 1.650605050992485
    vertex -18.55487995814366 234.9340874860146 3.061559689478877
  endloop
endfacet
facet normal -0.954356 0.294313 -0.0508406
  outer loop
    vertex -19.97629250969109 232.470624454971 4.457029395399737
    vertex -19.62690410478855 233.3607398914762 3.051301068018363
    vertex -20.18927079496917 231.5376503151499 3.054026442334117
  endloop
endfacet
facet normal -0.954387 -0.294389 -0.0498086
  outer loop
    vertex -20.1892707949692 229.6299093080945 0
    vertex -19.62695426170385 227.8069238812697 0
    vertex -19.98586039329408 228.7282298572836 1.431733803960965
  endloop
endfacet
facet normal -0.987502 0.149242 0.050661
  outer loop
    vertex -20.26075280875224 230.5867696634725 4.461868302868155
    vertex -19.97629250969109 232.470624454971 4.457029395399737
    vertex -20.18927079496917 231.5376503151499 3.054026442334117
  endloop
endfacet
facet normal -0.0746359 0.995947 0.0501874
  outer loop
    vertex -15.28488748444881 236.8233184495858 6.1
    vertex -13.38248090817527 236.9658841135816 6.1
    vertex -14.29081703950887 236.9693138815427 4.681110326926667
  endloop
endfacet
facet normal 0.0750214 0.996138 -0.0456189
  outer loop
    vertex -14.29081703950887 236.9693138815427 4.681110326926667
    vertex -13.38248090817527 236.9658841135816 6.1
    vertex -12.47837259611808 236.8327015599619 4.678643310165375
  endloop
endfacet
facet normal 0.222241 0.973702 0.0501281
  outer loop
    vertex -13.38248090817527 236.9658841135816 6.1
    vertex -11.52257095118346 236.541371802945 6.1
    vertex -12.47837259611808 236.8327015599619 4.678643310165375
  endloop
endfacet
facet normal 0.950018 -0.310371 0.0337071
  outer loop
    vertex -8.094552752552895 227.8069238812697 1.65060505099245
    vertex -7.745087550097083 228.6973466953923 0
    vertex -7.592114714445692 229.2937535766665 1.18017494728327
  endloop
endfacet
facet normal 0.952212 0.303051 -0.03812
  outer loop
    vertex -8.094552752552909 233.3606357419745 4.449394949007526
    vertex -7.745087550097084 232.4702129278519 6.1
    vertex -7.579492934046009 231.8108762271661 4.994759407553405
  endloop
endfacet
facet normal 0.994437 0.105269 0.00364168
  outer loop
    vertex -7.460753507128384 230.5837798116221 3.05
    vertex -7.597020596972131 231.8974198042477 2.2875
    vertex -7.608053169536554 231.9489678896095 3.810087173919674
  endloop
endfacet
facet normal 0.994437 -0.105269 -0.00364168
  outer loop
    vertex -7.460753507128384 230.5837798116221 3.05
    vertex -7.597020596972134 229.2701398189965 3.8125
    vertex -7.608053169538533 229.2185917336256 2.289912826079406
  endloop
endfacet
facet normal 0.995351 0.0963147 0
  outer loop
    vertex -7.460753507128384 230.5837798116221 6.1
    vertex -7.460753507128384 230.5837798116221 4.574999999999999
    vertex -7.579492934046009 231.8108762271661 4.994759407553405
  endloop
endfacet
facet normal 0.994855 -0.101304 0
  outer loop
    vertex -7.460753507128384 230.5837798116221 0
    vertex -7.460753507128384 230.5837798116221 1.525
    vertex -7.592114714445692 229.2937535766665 1.18017494728327
  endloop
endfacet
facet normal 0.946544 -0.322471 -0.00824612
  outer loop
    vertex -7.608053169538533 229.2185917336256 2.289912826079406
    vertex -8.094552752552895 227.8069238812697 1.65060505099245
    vertex -7.592114714445692 229.2937535766665 1.18017494728327
  endloop
endfacet
facet normal 0.947331 0.31993 0.0144544
  outer loop
    vertex -7.608053169536554 231.9489678896095 3.810087173919674
    vertex -8.094552752552909 233.3606357419745 4.449394949007526
    vertex -7.579492934046009 231.8108762271661 4.994759407553405
  endloop
endfacet
facet normal 0.948416 -0.314861 0.0370173
  outer loop
    vertex -7.597020596972134 229.2701398189965 3.8125
    vertex -8.14213409050874 227.7102120000226 4.51040530386735
    vertex -7.928468316106036 228.1821153029163 3.050000000033395
  endloop
endfacet
facet normal 0.948416 0.314861 -0.0370173
  outer loop
    vertex -7.597020596972131 231.8974198042477 2.2875
    vertex -8.142134090508733 233.4573476232216 1.589594696132648
    vertex -7.928468316107312 232.985444320331 3.049999999955106
  endloop
endfacet
facet normal -0.95651 -0.288488 0.043167
  outer loop
    vertex -19.66074995742078 227.8782223502852 2.954984631275412
    vertex -20.18725336619548 229.6166192596846 2.906371369983551
    vertex -19.98586039329408 228.7282298572836 1.431733803960965
  endloop
endfacet
facet normal -0.98732 0.150818 -0.0495253
  outer loop
    vertex -19.97641946415969 232.4702129278519 1.650605050992478
    vertex -20.26072778529145 230.5656348715251 1.518512092759673
    vertex -20.18927079496917 231.5376503151499 3.054026442334117
  endloop
endfacet
facet normal -0.0670142 0.996817 -0.0431821
  outer loop
    vertex -13.38295599594177 236.9659196987057 3.19385101724991
    vertex -15.20319808833453 236.8414025668216 3.14432407703266
    vertex -14.29081703950887 236.9693138815427 4.681110326926667
  endloop
endfacet
facet normal 0.214703 0.975721 -0.0432606
  outer loop
    vertex -11.60137771293977 236.5717027420408 3.144485309852474
    vertex -13.38295599594177 236.9659196987057 3.19385101724991
    vertex -12.47837259611808 236.8327015599619 4.678643310165375
  endloop
endfacet
facet normal 0.994085 -0.108245 0.00883065
  outer loop
    vertex -7.597020596972134 229.2701398189965 3.8125
    vertex -7.460753507128384 230.5837798116221 4.574999999999999
    vertex -7.618909269673677 229.1697852871089 5.046425692912648
  endloop
endfacet
facet normal 0.99408 0.108284 -0.00889994
  outer loop
    vertex -7.597020596972131 231.8974198042477 2.2875
    vertex -7.460753507128384 230.5837798116221 1.525
    vertex -7.61905310430353 231.9984091204433 1.055298408975079
  endloop
endfacet
facet normal 0.87736 -0.479103 -0.0264505
  outer loop
    vertex -8.14213409050874 227.7102120000226 4.51040530386735
    vertex -8.63372763469355 226.8907863741927 3.046710507925041
    vertex -7.928468316106036 228.1821153029163 3.050000000033395
  endloop
endfacet
facet normal 0.87736 0.479104 0.0264509
  outer loop
    vertex -8.142134090508733 233.4573476232216 1.589594696132648
    vertex -8.633666369595087 234.2766865335194 3.052765147134277
    vertex -7.928468316107312 232.985444320331 3.049999999955106
  endloop
endfacet
facet normal 0.993797 0.111208 0
  outer loop
    vertex -7.460753507128384 230.5837798116221 1.525
    vertex -7.460753507128384 230.5837798116221 0
    vertex -7.61905310430353 231.9984091204433 1.055298408975079
  endloop
endfacet
facet normal 0.993803 -0.111157 0
  outer loop
    vertex -7.460753507128384 230.5837798116221 4.574999999999999
    vertex -7.460753507128384 230.5837798116221 6.1
    vertex -7.618909269673677 229.1697852871089 5.046425692912648
  endloop
endfacet
facet normal 0.948941 -0.314174 -0.0283901
  outer loop
    vertex -8.094552752552895 227.8069238812697 1.65060505099245
    vertex -7.608053169538533 229.2185917336256 2.289912826079406
    vertex -7.928468316106036 228.1821153029163 3.050000000033395
  endloop
endfacet
facet normal 0.948941 0.314174 0.0283901
  outer loop
    vertex -8.094552752552909 233.3606357419745 4.449394949007526
    vertex -7.608053169536554 231.9489678896095 3.810087173919674
    vertex -7.928468316107312 232.985444320331 3.049999999955106
  endloop
endfacet
facet normal 0.994865 0.100466 -0.0122735
  outer loop
    vertex -7.460753507128384 230.5837798116221 4.574999999999999
    vertex -7.608053169536554 231.9489678896095 3.810087173919674
    vertex -7.579492934046009 231.8108762271661 4.994759407553405
  endloop
endfacet
facet normal 0.994631 -0.103231 0.00729347
  outer loop
    vertex -7.460753507128384 230.5837798116221 1.525
    vertex -7.608053169538533 229.2185917336256 2.289912826079406
    vertex -7.592114714445692 229.2937535766665 1.18017494728327
  endloop
endfacet
facet normal 0.877361 0.479213 -0.0243539
  outer loop
    vertex -8.633666369595087 234.2766865335194 3.052765147134277
    vertex -8.094552752552909 233.3606357419745 4.449394949007526
    vertex -7.928468316107312 232.985444320331 3.049999999955106
  endloop
endfacet
facet normal 0.877352 -0.479228 0.0243589
  outer loop
    vertex -8.63372763469355 226.8907863741927 3.046710507925041
    vertex -8.094552752552895 227.8069238812697 1.65060505099245
    vertex -7.928468316106036 228.1821153029163 3.050000000033395
  endloop
endfacet
facet normal 0.956005 -0.293335 0.00300389
  outer loop
    vertex -7.608053169538533 229.2185917336256 2.289912826079406
    vertex -7.597020596972134 229.2701398189965 3.8125
    vertex -7.928468316106036 228.1821153029163 3.050000000033395
  endloop
endfacet
facet normal 0.956005 0.293335 -0.00300389
  outer loop
    vertex -7.608053169536554 231.9489678896095 3.810087173919674
    vertex -7.597020596972131 231.8974198042477 2.2875
    vertex -7.928468316107312 232.985444320331 3.049999999955106
  endloop
endfacet
facet normal 0 0 1
  outer loop
    vertex -11.51376598412811 227.9842120292783 6.1
    vertex -13.34641870499251 228.0097012853946 6.1
    vertex -12.78626252450176 226.2364896593785 6.1
  endloop
endfacet
facet normal 0 0 1
  outer loop
    vertex -12.78626252450176 226.2364896593785 6.1
    vertex -11.19722295914493 226.2568267861625 6.1
    vertex -11.51376598412811 227.9842120292783 6.1
  endloop
endfacet
facet normal -0 0 1
  outer loop
    vertex -19.62695426170385 227.8069238812697 6.1
    vertex -17.116169270824 227.4443598580552 6.1
    vertex -18.27030633660319 229.2265142808163 6.1
  endloop
endfacet
facet normal 0 -0 1
  outer loop
    vertex -18.55228548683925 226.2306742898882 6.1
    vertex -17.116169270824 227.4443598580552 6.1
    vertex -19.62695426170385 227.8069238812697 6.1
  endloop
endfacet
facet normal 0 0 1
  outer loop
    vertex -15.56922152741747 226.2306742898882 6.1
    vertex -17.116169270824 227.4443598580552 6.1
    vertex -17.06075350712835 225.0412172274017 6.1
  endloop
endfacet
facet normal 0 0 1
  outer loop
    vertex -17.06075350712835 225.0412172274017 6.1
    vertex -17.116169270824 227.4443598580552 6.1
    vertex -18.55228548683925 226.2306742898882 6.1
  endloop
endfacet
facet normal 0 0 1
  outer loop
    vertex -16.644488795355 232.2914181113637 6.1
    vertex -18.51943065004238 232.0261609989631 6.1
    vertex -17.41886853936392 230.7502156748309 6.1
  endloop
endfacet
facet normal -0 0 1
  outer loop
    vertex -18.27030633660319 229.2265142808163 6.1
    vertex -17.116169270824 227.4443598580552 6.1
    vertex -16.40138170385771 229.2401412757735 6.1
  endloop
endfacet
facet normal 0 0 1
  outer loop
    vertex -17.72175810547343 233.3381479404966 6.1
    vertex -18.51943065004238 232.0261609989631 6.1
    vertex -16.644488795355 232.2914181113637 6.1
  endloop
endfacet
facet normal 0 0 1
  outer loop
    vertex -11.51376598412811 227.9842120292783 6.1
    vertex -11.19722295914493 226.2568267861625 6.1
    vertex -10.09843697386302 227.0928602258033 6.1
  endloop
endfacet
facet normal 0 0 1
  outer loop
    vertex -12.63535640115633 229.7466381615143 6.1
    vertex -13.34641870499251 228.0097012853946 6.1
    vertex -11.51376598412811 227.9842120292783 6.1
  endloop
endfacet
facet normal 0 -0 1
  outer loop
    vertex -13.86041202354598 231.2665327643427 6.1
    vertex -13.19229830924464 232.7494888300423 6.1
    vertex -14.86661180152609 232.5702780312298 6.1
  endloop
endfacet
facet normal -0 0 1
  outer loop
    vertex -19.62695426170388 233.3606357419744 6.1
    vertex -17.72175810547343 233.3381479404966 6.1
    vertex -18.55228548683928 234.936885333356 6.1
  endloop
endfacet
facet normal 0 0 1
  outer loop
    vertex -9.870418775232491 235.5875012994175 6.1
    vertex -10.51698152767763 233.8424862502313 6.1
    vertex -8.572825351506019 234.1890281832293 6.1
  endloop
endfacet
facet normal -0 0 1
  outer loop
    vertex -15.28488748444881 236.8233184495858 6.1
    vertex -14.22762488505934 235.2574375729064 6.1
    vertex -13.38248090817527 236.9658841135816 6.1
  endloop
endfacet
facet normal 0 0 1
  outer loop
    vertex -7.745087550097083 228.6973466953923 6.1
    vertex -9.647494126370583 228.5547810313964 6.1
    vertex -8.572825351506006 226.9785314400149 6.1
  endloop
endfacet
facet normal 0 -0 1
  outer loop
    vertex -19.62695426170385 227.8069238812697 6.1
    vertex -18.27030633660319 229.2265142808163 6.1
    vertex -20.1892707949692 229.6299093080945 6.1
  endloop
endfacet
facet normal 0 0 1
  outer loop
    vertex -11.52257095118342 224.6261878202992 6.1
    vertex -12.78626252450176 226.2364896593785 6.1
    vertex -13.38248090817522 224.2016755096626 6.1
  endloop
endfacet
facet normal 0 0 1
  outer loop
    vertex -15.28488748444875 224.3442411736584 6.1
    vertex -15.56922152741747 226.2306742898882 6.1
    vertex -17.06075350712835 225.0412172274017 6.1
  endloop
endfacet
facet normal 0 0 1
  outer loop
    vertex -7.745087550097084 232.4702129278519 6.1
    vertex -9.198096863927562 231.2857312193427 6.1
    vertex -7.460753507128384 230.5837798116221 6.1
  endloop
endfacet
facet normal 0 0 1
  outer loop
    vertex -13.86041202354598 231.2665327643427 6.1
    vertex -14.86661180152609 232.5702780312298 6.1
    vertex -15.65342871316845 230.9606993530388 6.1
  endloop
endfacet
facet normal -0 0 1
  outer loop
    vertex -14.54317751066088 229.5261758642345 6.1
    vertex -13.34641870499251 228.0097012853946 6.1
    vertex -12.63535640115633 229.7466381615143 6.1
  endloop
endfacet
facet normal 0 0 1
  outer loop
    vertex -13.86041202354598 231.2665327643427 6.1
    vertex -15.65342871316845 230.9606993530388 6.1
    vertex -14.54317751066088 229.5261758642345 6.1
  endloop
endfacet
facet normal 0 0 1
  outer loop
    vertex -13.86041202354598 231.2665327643427 6.1
    vertex -14.54317751066088 229.5261758642345 6.1
    vertex -12.63535640115633 229.7466381615143 6.1
  endloop
endfacet
facet normal 0 0 1
  outer loop
    vertex -12.07603540379615 231.5451595073954 6.1
    vertex -13.19229830924464 232.7494888300423 6.1
    vertex -13.86041202354598 231.2665327643427 6.1
  endloop
endfacet
facet normal 0 0 1
  outer loop
    vertex -12.07603540379615 231.5451595073954 6.1
    vertex -13.86041202354598 231.2665327643427 6.1
    vertex -12.63535640115633 229.7466381615143 6.1
  endloop
endfacet
facet normal 0 0 1
  outer loop
    vertex -15.65342871316845 230.9606993530388 6.1
    vertex -16.40138170385771 229.2401412757735 6.1
    vertex -14.54317751066088 229.5261758642345 6.1
  endloop
endfacet
facet normal 0 0 1
  outer loop
    vertex -10.61251434092236 230.1482752468241 6.1
    vertex -12.07603540379615 231.5451595073954 6.1
    vertex -12.63535640115633 229.7466381615143 6.1
  endloop
endfacet
facet normal 0 0 1
  outer loop
    vertex -10.61251434092236 230.1482752468241 6.1
    vertex -12.63535640115633 229.7466381615143 6.1
    vertex -11.51376598412811 227.9842120292783 6.1
  endloop
endfacet
facet normal 0 0 1
  outer loop
    vertex -9.647494126370583 228.5547810313964 6.1
    vertex -10.61251434092236 230.1482752468241 6.1
    vertex -11.51376598412811 227.9842120292783 6.1
  endloop
endfacet
facet normal -0 0 1
  outer loop
    vertex -10.61251434092236 230.1482752468241 6.1
    vertex -8.890757107582434 229.8439405891603 6.1
    vertex -9.198096863927562 231.2857312193427 6.1
  endloop
endfacet
facet normal 0 0 1
  outer loop
    vertex -14.54317751066088 229.5261758642345 6.1
    vertex -15.26430071951662 227.9314945395592 6.1
    vertex -13.34641870499251 228.0097012853946 6.1
  endloop
endfacet
facet normal 0 0 1
  outer loop
    vertex -15.26430071951662 227.9314945395592 6.1
    vertex -17.116169270824 227.4443598580552 6.1
    vertex -15.56922152741747 226.2306742898882 6.1
  endloop
endfacet
facet normal 0 0 1
  outer loop
    vertex -9.198096863927562 231.2857312193427 6.1
    vertex -10.53264144978363 232.0457006172152 6.1
    vertex -10.61251434092236 230.1482752468241 6.1
  endloop
endfacet
facet normal 0 -0 1
  outer loop
    vertex -9.647494126370583 228.5547810313964 6.1
    vertex -8.890757107582434 229.8439405891603 6.1
    vertex -10.61251434092236 230.1482752468241 6.1
  endloop
endfacet
facet normal 0 -0 1
  outer loop
    vertex -10.61251434092236 230.1482752468241 6.1
    vertex -10.53264144978363 232.0457006172152 6.1
    vertex -12.07603540379615 231.5451595073954 6.1
  endloop
endfacet
facet normal 0 -0 1
  outer loop
    vertex -16.644488795355 232.2914181113637 6.1
    vertex -15.80457342944279 233.9505746778352 6.1
    vertex -17.72175810547343 233.3381479404966 6.1
  endloop
endfacet
facet normal 0 0 1
  outer loop
    vertex -16.40138170385771 229.2401412757735 6.1
    vertex -17.116169270824 227.4443598580552 6.1
    vertex -15.26430071951662 227.9314945395592 6.1
  endloop
endfacet
facet normal 0 0 1
  outer loop
    vertex -14.22762488505934 235.2574375729064 6.1
    vertex -14.13074319471761 233.7406395851507 6.1
    vertex -12.5626075483152 234.1754188137399 6.1
  endloop
endfacet
facet normal 0 0 1
  outer loop
    vertex -13.34641870499251 228.0097012853946 6.1
    vertex -14.25714084837892 226.8735110167169 6.1
    vertex -12.78626252450176 226.2364896593785 6.1
  endloop
endfacet
facet normal -0 0 1
  outer loop
    vertex -16.40138170385771 229.2401412757735 6.1
    vertex -15.26430071951662 227.9314945395592 6.1
    vertex -14.54317751066088 229.5261758642345 6.1
  endloop
endfacet
facet normal 0 0 1
  outer loop
    vertex -17.41886853936392 230.7502156748309 6.1
    vertex -18.51943065004238 232.0261609989631 6.1
    vertex -18.93130269949718 230.6331053882966 6.1
  endloop
endfacet
facet normal 0 0 1
  outer loop
    vertex -15.73583033194124 235.3613976439926 6.1
    vertex -15.80457342944279 233.9505746778352 6.1
    vertex -14.22762488505934 235.2574375729064 6.1
  endloop
endfacet
facet normal 0 0 1
  outer loop
    vertex -17.72175810547343 233.3381479404966 6.1
    vertex -15.80457342944279 233.9505746778352 6.1
    vertex -17.0607535071284 234.5964528921427 6.1
  endloop
endfacet
facet normal -0 0 1
  outer loop
    vertex -15.80457342944279 233.9505746778352 6.1
    vertex -14.13074319471761 233.7406395851507 6.1
    vertex -14.22762488505934 235.2574375729064 6.1
  endloop
endfacet
facet normal -0 0 1
  outer loop
    vertex -14.22762488505934 235.2574375729064 6.1
    vertex -12.5626075483152 234.1754188137399 6.1
    vertex -12.71868672987332 235.5875012994175 6.1
  endloop
endfacet
facet normal 0 0 1
  outer loop
    vertex -11.2945527525529 235.0285699009684 6.1
    vertex -12.5626075483152 234.1754188137399 6.1
    vertex -10.51698152767763 233.8424862502313 6.1
  endloop
endfacet
facet normal 0 0 1
  outer loop
    vertex -16.40138170385771 229.2401412757735 6.1
    vertex -17.41886853936392 230.7502156748309 6.1
    vertex -18.27030633660319 229.2265142808163 6.1
  endloop
endfacet
facet normal 0 0 1
  outer loop
    vertex -15.65342871316845 230.9606993530388 6.1
    vertex -17.41886853936392 230.7502156748309 6.1
    vertex -16.40138170385771 229.2401412757735 6.1
  endloop
endfacet
facet normal 0 0 1
  outer loop
    vertex -10.51698152767763 233.8424862502313 6.1
    vertex -12.5626075483152 234.1754188137399 6.1
    vertex -11.74919084205936 232.8834435470506 6.1
  endloop
endfacet
facet normal 0 0 1
  outer loop
    vertex -15.65342871316845 230.9606993530388 6.1
    vertex -16.644488795355 232.2914181113637 6.1
    vertex -17.41886853936392 230.7502156748309 6.1
  endloop
endfacet
facet normal 0 0 1
  outer loop
    vertex -9.647494126370583 228.5547810313964 6.1
    vertex -11.51376598412811 227.9842120292783 6.1
    vertex -10.09843697386302 227.0928602258033 6.1
  endloop
endfacet
facet normal 0 -0 1
  outer loop
    vertex -20.1892707949692 229.6299093080945 6.1
    vertex -18.93130269949718 230.6331053882966 6.1
    vertex -20.18927079496921 231.5376503151496 6.1
  endloop
endfacet
facet normal 0 0 1
  outer loop
    vertex -18.27030633660319 229.2265142808163 6.1
    vertex -18.93130269949718 230.6331053882966 6.1
    vertex -20.1892707949692 229.6299093080945 6.1
  endloop
endfacet
facet normal 0 0 1
  outer loop
    vertex -15.28488748444881 236.8233184495858 6.1
    vertex -15.73583033194124 235.3613976439926 6.1
    vertex -14.22762488505934 235.2574375729064 6.1
  endloop
endfacet
facet normal 0 -0 1
  outer loop
    vertex -15.28488748444875 224.3442411736584 6.1
    vertex -14.25332113012941 225.5495546310383 6.1
    vertex -15.56922152741747 226.2306742898882 6.1
  endloop
endfacet
facet normal 0 0 1
  outer loop
    vertex -7.745087550097084 232.4702129278519 6.1
    vertex -9.275653723068388 232.7881894866717 6.1
    vertex -9.198096863927562 231.2857312193427 6.1
  endloop
endfacet
facet normal -0 0 1
  outer loop
    vertex -18.55228548683928 234.936885333356 6.1
    vertex -17.0607535071284 234.5964528921427 6.1
    vertex -17.0607535071284 236.1263423958425 6.1
  endloop
endfacet
facet normal 0 0 1
  outer loop
    vertex -8.572825351506019 234.1890281832293 6.1
    vertex -9.275653723068388 232.7881894866717 6.1
    vertex -7.745087550097084 232.4702129278519 6.1
  endloop
endfacet
facet normal 0 0 1
  outer loop
    vertex -8.572825351506006 226.9785314400149 6.1
    vertex -10.09843697386302 227.0928602258033 6.1
    vertex -9.870418775232473 225.5800583238267 6.1
  endloop
endfacet
facet normal 0 0 1
  outer loop
    vertex -9.198096863927562 231.2857312193427 6.1
    vertex -8.890757107582434 229.8439405891603 6.1
    vertex -7.460753507128384 230.5837798116221 6.1
  endloop
endfacet
facet normal -0 0 1
  outer loop
    vertex -10.51698152767763 233.8424862502313 6.1
    vertex -9.275653723068388 232.7881894866717 6.1
    vertex -8.572825351506019 234.1890281832293 6.1
  endloop
endfacet
facet normal -0 0 1
  outer loop
    vertex -17.0607535071284 236.1263423958425 6.1
    vertex -15.73583033194124 235.3613976439926 6.1
    vertex -15.28488748444881 236.8233184495858 6.1
  endloop
endfacet
facet normal 0 0 1
  outer loop
    vertex -13.38248090817522 224.2016755096626 6.1
    vertex -14.25332113012941 225.5495546310383 6.1
    vertex -15.28488748444875 224.3442411736584 6.1
  endloop
endfacet
facet normal 0 0 1
  outer loop
    vertex -9.647494126370583 228.5547810313964 6.1
    vertex -10.09843697386302 227.0928602258033 6.1
    vertex -8.572825351506006 226.9785314400149 6.1
  endloop
endfacet
facet normal 0 0 1
  outer loop
    vertex -7.745087550097083 228.6973466953923 6.1
    vertex -8.890757107582434 229.8439405891603 6.1
    vertex -9.647494126370583 228.5547810313964 6.1
  endloop
endfacet
facet normal 0 0 1
  outer loop
    vertex -7.460753507128384 230.5837798116221 6.1
    vertex -8.890757107582434 229.8439405891603 6.1
    vertex -7.745087550097083 228.6973466953923 6.1
  endloop
endfacet
facet normal 0 0 1
  outer loop
    vertex -11.52257095118346 236.541371802945 6.1
    vertex -11.2945527525529 235.0285699009684 6.1
    vertex -9.870418775232491 235.5875012994175 6.1
  endloop
endfacet
facet normal 0 0 1
  outer loop
    vertex -13.38248090817527 236.9658841135816 6.1
    vertex -12.71868672987332 235.5875012994175 6.1
    vertex -11.52257095118346 236.541371802945 6.1
  endloop
endfacet
facet normal 0 0 1
  outer loop
    vertex -9.870418775232491 235.5875012994175 6.1
    vertex -11.2945527525529 235.0285699009684 6.1
    vertex -10.51698152767763 233.8424862502313 6.1
  endloop
endfacet
facet normal 0 0 1
  outer loop
    vertex -9.870418775232473 225.5800583238267 6.1
    vertex -11.19722295914493 226.2568267861625 6.1
    vertex -11.52257095118342 224.6261878202992 6.1
  endloop
endfacet
facet normal 0 0 1
  outer loop
    vertex -14.22762488505934 235.2574375729064 6.1
    vertex -12.71868672987332 235.5875012994175 6.1
    vertex -13.38248090817527 236.9658841135816 6.1
  endloop
endfacet
facet normal 0 -0 1
  outer loop
    vertex -17.72175810547343 233.3381479404966 6.1
    vertex -17.0607535071284 234.5964528921427 6.1
    vertex -18.55228548683928 234.936885333356 6.1
  endloop
endfacet
facet normal 0 -0 1
  outer loop
    vertex -11.52257095118342 224.6261878202992 6.1
    vertex -11.19722295914493 226.2568267861625 6.1
    vertex -12.78626252450176 226.2364896593785 6.1
  endloop
endfacet
facet normal 0 0 1
  outer loop
    vertex -12.78626252450176 226.2364896593785 6.1
    vertex -14.25332113012941 225.5495546310383 6.1
    vertex -13.38248090817522 224.2016755096626 6.1
  endloop
endfacet
facet normal 0 0 1
  outer loop
    vertex -14.86661180152609 232.5702780312298 6.1
    vertex -16.644488795355 232.2914181113637 6.1
    vertex -15.65342871316845 230.9606993530388 6.1
  endloop
endfacet
facet normal 0 0 1
  outer loop
    vertex -20.18927079496921 231.5376503151496 6.1
    vertex -18.51943065004238 232.0261609989631 6.1
    vertex -19.62695426170388 233.3606357419744 6.1
  endloop
endfacet
facet normal 0 0 1
  outer loop
    vertex -19.62695426170388 233.3606357419744 6.1
    vertex -18.51943065004238 232.0261609989631 6.1
    vertex -17.72175810547343 233.3381479404966 6.1
  endloop
endfacet
facet normal -0 0 1
  outer loop
    vertex -15.26430071951662 227.9314945395592 6.1
    vertex -14.25714084837892 226.8735110167169 6.1
    vertex -13.34641870499251 228.0097012853946 6.1
  endloop
endfacet
facet normal 0 -0 1
  outer loop
    vertex -12.07603540379615 231.5451595073954 6.1
    vertex -11.74919084205936 232.8834435470506 6.1
    vertex -13.19229830924464 232.7494888300423 6.1
  endloop
endfacet
facet normal 0 0 1
  outer loop
    vertex -13.19229830924464 232.7494888300423 6.1
    vertex -14.13074319471761 233.7406395851507 6.1
    vertex -14.86661180152609 232.5702780312298 6.1
  endloop
endfacet
facet normal 0 0 1
  outer loop
    vertex -12.5626075483152 234.1754188137399 6.1
    vertex -14.13074319471761 233.7406395851507 6.1
    vertex -13.19229830924464 232.7494888300423 6.1
  endloop
endfacet
facet normal 0 0 1
  outer loop
    vertex -17.41886853936392 230.7502156748309 6.1
    vertex -18.93130269949718 230.6331053882966 6.1
    vertex -18.27030633660319 229.2265142808163 6.1
  endloop
endfacet
facet normal 0 0 1
  outer loop
    vertex -14.86661180152609 232.5702780312298 6.1
    vertex -15.80457342944279 233.9505746778352 6.1
    vertex -16.644488795355 232.2914181113637 6.1
  endloop
endfacet
facet normal 0 0 1
  outer loop
    vertex -10.51698152767763 233.8424862502313 6.1
    vertex -10.53264144978363 232.0457006172152 6.1
    vertex -9.275653723068388 232.7881894866717 6.1
  endloop
endfacet
facet normal 0 0 1
  outer loop
    vertex -10.51698152767763 233.8424862502313 6.1
    vertex -11.74919084205936 232.8834435470506 6.1
    vertex -10.53264144978363 232.0457006172152 6.1
  endloop
endfacet
facet normal 0 0 1
  outer loop
    vertex -15.56922152741747 226.2306742898882 6.1
    vertex -14.25714084837892 226.8735110167169 6.1
    vertex -15.26430071951662 227.9314945395592 6.1
  endloop
endfacet
facet normal 0 0 1
  outer loop
    vertex -12.78626252450176 226.2364896593785 6.1
    vertex -14.25714084837892 226.8735110167169 6.1
    vertex -14.25332113012941 225.5495546310383 6.1
  endloop
endfacet
facet normal 0 -0 1
  outer loop
    vertex -18.93130269949718 230.6331053882966 6.1
    vertex -18.51943065004238 232.0261609989631 6.1
    vertex -20.18927079496921 231.5376503151496 6.1
  endloop
endfacet
facet normal 0 0 1
  outer loop
    vertex -17.0607535071284 236.1263423958425 6.1
    vertex -17.0607535071284 234.5964528921427 6.1
    vertex -15.73583033194124 235.3613976439926 6.1
  endloop
endfacet
facet normal 0 0 1
  outer loop
    vertex -10.09843697386302 227.0928602258033 6.1
    vertex -11.19722295914493 226.2568267861625 6.1
    vertex -9.870418775232473 225.5800583238267 6.1
  endloop
endfacet
facet normal 0 0 1
  outer loop
    vertex -11.52257095118346 236.541371802945 6.1
    vertex -12.71868672987332 235.5875012994175 6.1
    vertex -11.2945527525529 235.0285699009684 6.1
  endloop
endfacet
facet normal 0 0 1
  outer loop
    vertex -9.275653723068388 232.7881894866717 6.1
    vertex -10.53264144978363 232.0457006172152 6.1
    vertex -9.198096863927562 231.2857312193427 6.1
  endloop
endfacet
facet normal 0 0 1
  outer loop
    vertex -10.53264144978363 232.0457006172152 6.1
    vertex -11.74919084205936 232.8834435470506 6.1
    vertex -12.07603540379615 231.5451595073954 6.1
  endloop
endfacet
facet normal 0 0 1
  outer loop
    vertex -14.25332113012941 225.5495546310383 6.1
    vertex -14.25714084837892 226.8735110167169 6.1
    vertex -15.56922152741747 226.2306742898882 6.1
  endloop
endfacet
facet normal 0 -0 1
  outer loop
    vertex -14.86661180152609 232.5702780312298 6.1
    vertex -14.13074319471761 233.7406395851507 6.1
    vertex -15.80457342944279 233.9505746778352 6.1
  endloop
endfacet
facet normal -0 0 1
  outer loop
    vertex -17.0607535071284 234.5964528921427 6.1
    vertex -15.80457342944279 233.9505746778352 6.1
    vertex -15.73583033194124 235.3613976439926 6.1
  endloop
endfacet
facet normal 0 0 1
  outer loop
    vertex -12.71868672987332 235.5875012994175 6.1
    vertex -12.5626075483152 234.1754188137399 6.1
    vertex -11.2945527525529 235.0285699009684 6.1
  endloop
endfacet
facet normal 0 0 1
  outer loop
    vertex -11.74919084205936 232.8834435470506 6.1
    vertex -12.5626075483152 234.1754188137399 6.1
    vertex -13.19229830924464 232.7494888300423 6.1
  endloop
endfacet
facet normal 0.942492 0.334062 0.0105268
  outer loop
    vertex -21.95293845966489 232.2101869649729 1.589594696132643
    vertex -21.40782496612827 230.6502591459991 2.2875
    vertex -21.42985747345967 230.7512484621946 1.055298408975081
  endloop
endfacet
facet normal 0.944606 0.326527 0.0331696
  outer loop
    vertex -21.55589191925322 231.2230522696032 0
    vertex -21.95293845966489 232.2101869649729 1.589594696132643
    vertex -21.42985747345967 230.7512484621946 1.055298408975081
  endloop
endfacet
facet normal 0.825381 -0.562909 0.0433492
  outer loop
    vertex -22.38362972066214 225.7313707817662 0
    vertex -21.90535712170904 226.559763223021 1.650605050992451
    vertex -22.98000597454722 224.9835351025762 1.644186012585765
  endloop
endfacet
facet normal 0.900125 -0.433477 -0.0432664
  outer loop
    vertex -22.38362972066214 225.7313707817662 0
    vertex -21.55589191925322 227.4501860371436 0
    vertex -21.90535712170904 226.559763223021 1.650605050992451
  endloop
endfacet
facet normal 0.217793 -0.974595 0.0522493
  outer loop
    vertex -27.27149514702977 222.9491353128724 3.145380245857988
    vertex -26.26812511476931 223.0923917004449 1.635113850248893
    vertex -25.33402134118393 223.3787736579724 3.083263088654173
  endloop
endfacet
facet normal -0.221275 -0.97413 -0.0459049
  outer loop
    vertex -29.09569185360489 223.0970805154097 6.1
    vertex -29.99287145518095 223.3724341069122 4.581494156662961
    vertex -28.18202651057032 222.9570093084526 4.668264799981898
  endloop
endfacet
facet normal 0.623019 -0.781004 0.0433519
  outer loop
    vertex -24.47155787628449 223.794056569153 1.650605050992451
    vertex -23.68122314438861 224.332897665578 0
    vertex -22.98000597454722 224.9835351025762 1.644186012585765
  endloop
endfacet
facet normal 0.73236 -0.679531 -0.043435
  outer loop
    vertex -23.68122314438861 224.332897665578 0
    vertex -22.38362972066214 225.7313707817662 0
    vertex -22.98000597454722 224.9835351025762 1.644186012585765
  endloop
endfacet
facet normal 0.900125 0.433477 0.0432664
  outer loop
    vertex -22.38362972066215 232.9418675249806 6.1
    vertex -21.55589191925322 231.2230522696032 6.1
    vertex -21.90535712170903 232.1134750837257 4.449394949007526
  endloop
endfacet
facet normal 0.623187 0.780863 -0.0434783
  outer loop
    vertex -24.47155787628452 234.8791817375938 4.449394949007524
    vertex -23.68122314438863 234.3403406411688 6.1
    vertex -22.97727869042643 233.6867620159952 4.451677843898711
  endloop
endfacet
facet normal 0.825619 0.562578 -0.0431143
  outer loop
    vertex -22.38362972066215 232.9418675249806 6.1
    vertex -21.90535712170903 232.1134750837257 4.449394949007526
    vertex -22.97727869042643 233.6867620159952 4.451677843898711
  endloop
endfacet
facet normal 0.900082 -0.433457 0.0443545
  outer loop
    vertex -21.55589191925322 227.4501860371436 6.1
    vertex -22.38362972066214 225.7313707817662 6.1
    vertex -21.95293845966486 226.4630513417739 4.510405303867366
  endloop
endfacet
facet normal 0.732365 -0.679536 0.0432664
  outer loop
    vertex -22.38362972066214 225.7313707817662 6.1
    vertex -23.68122314438861 224.332897665578 6.1
    vertex -22.9800258965736 224.9835136316395 4.44939494900755
  endloop
endfacet
facet normal 0.365085 -0.929966 -0.0433201
  outer loop
    vertex -25.33337532033955 223.3790271620505 6.1
    vertex -26.24742389896407 223.0970805154097 4.449394949007536
    vertex -24.47067078651011 223.7945688253346 4.449973710691423
  endloop
endfacet
facet normal 0.622959 -0.781059 -0.0432279
  outer loop
    vertex -22.9800258965736 224.9835136316395 4.44939494900755
    vertex -23.68122314438861 224.332897665578 6.1
    vertex -24.47067078651011 223.7945688253346 4.449973710691423
  endloop
endfacet
facet normal 0.732364 0.679534 0.0433255
  outer loop
    vertex -23.68122314438863 234.3403406411688 6.1
    vertex -22.38362972066215 232.9418675249806 6.1
    vertex -22.97727869042643 233.6867620159952 4.451677843898711
  endloop
endfacet
facet normal 0.499531 -0.865214 0.0432815
  outer loop
    vertex -23.68122314438861 224.332897665578 6.1
    vertex -25.33337532033955 223.3790271620505 6.1
    vertex -24.47067078651011 223.7945688253346 4.449973710691423
  endloop
endfacet
facet normal -0.224256 -0.973566 0.0433486
  outer loop
    vertex -29.09569185360489 223.0970805154097 0
    vertex -28.16478280199225 222.9556529904275 1.639563774766953
    vertex -30.0180771161442 223.3823058044667 1.634083107924363
  endloop
endfacet
facet normal -0.987905 -0.148903 -0.0432664
  outer loop
    vertex -33.78722383331581 227.4501860371436 4.449394949007521
    vertex -34.00007516412534 228.3827486498458 6.1
    vertex -34.07155787628452 229.3366191533734 4.44939494900752
  endloop
endfacet
facet normal -0.223984 -0.973528 -0.045554
  outer loop
    vertex -30.0180771161442 223.3823058044667 1.634083107924363
    vertex -28.16478280199225 222.9556529904275 1.639563774766953
    vertex -29.08287235136372 223.0941683964645 3.193522269469911
  endloop
endfacet
facet normal -0.987905 0.148903 0.0432664
  outer loop
    vertex -34.00007516412535 230.2904896569009 0
    vertex -34.07155787628452 229.3366191533734 1.65060505099248
    vertex -33.78722383331582 231.2230522696032 1.650605050992485
  endloop
endfacet
facet normal -0.954678 -0.294479 -0.0432664
  outer loop
    vertex -34.00007516412534 228.3827486498458 0
    vertex -33.43775863085999 226.559763223021 0
    vertex -33.78722383331582 227.4501860371436 1.650605050992487
  endloop
endfacet
facet normal -0.900125 -0.433477 0.0432664
  outer loop
    vertex -33.43775863085999 226.559763223021 0
    vertex -32.95948603190687 225.7313707817662 1.650605050992471
    vertex -33.78722383331582 227.4501860371436 1.650605050992487
  endloop
endfacet
facet normal -0.364992 -0.929985 -0.0436992
  outer loop
    vertex -30.87155787628449 223.794056569153 0
    vertex -29.09569185360489 223.0970805154097 0
    vertex -30.0180771161442 223.3823058044667 1.634083107924363
  endloop
endfacet
facet normal -0.622906 -0.781099 -0.0432664
  outer loop
    vertex -32.36308985599538 224.9835136316395 0
    vertex -30.87155787628449 223.794056569153 0
    vertex -31.66189260818041 224.332897665578 1.650605050992475
  endloop
endfacet
facet normal -0.954678 0.294479 0.0432664
  outer loop
    vertex -34.00007516412535 230.2904896569009 6.1
    vertex -33.43775863086001 232.1134750837257 6.1
    vertex -33.78722383331583 231.2230522696032 4.44939494900752
  endloop
endfacet
facet normal -0.732365 0.679536 0.0432664
  outer loop
    vertex -32.36308985599542 233.6897246751073 0
    vertex -32.95948603190691 232.9418675249806 1.650605050992478
    vertex -31.66189260818042 234.3403406411688 1.650605050992481
  endloop
endfacet
facet normal -0.364999 0.930002 -0.0432664
  outer loop
    vertex -29.09569185360494 235.5761577913371 0
    vertex -30.87155787628453 234.8791817375938 0
    vertex -30.00974043222946 235.2942111446963 1.650605050992478
  endloop
endfacet
facet normal -0.987905 -0.148903 0.0432664
  outer loop
    vertex -34.07155787628452 229.3366191533734 1.65060505099248
    vertex -34.00007516412534 228.3827486498458 0
    vertex -33.78722383331582 227.4501860371436 1.650605050992487
  endloop
endfacet
facet normal -0.825465 -0.562793 -0.0432664
  outer loop
    vertex -33.43775863085999 226.559763223021 0
    vertex -32.36308985599538 224.9835136316395 0
    vertex -32.95948603190687 225.7313707817662 1.650605050992471
  endloop
endfacet
facet normal -0.222313 0.974015 0.0432664
  outer loop
    vertex -29.09569185360494 235.5761577913371 0
    vertex -30.00974043222946 235.2942111446963 1.650605050992478
    vertex -28.14983047523763 235.7187234553329 1.650605050992481
  endloop
endfacet
facet normal 0.622795 0.781183 0.0433463
  outer loop
    vertex -22.98002589657364 233.6897246751073 1.650605050992473
    vertex -23.68122314438863 234.3403406411688 0
    vertex -24.47150331331366 234.8791502352898 1.644291889258938
  endloop
endfacet
facet normal -0.825465 0.562793 -0.0432664
  outer loop
    vertex -32.36308985599542 233.6897246751073 0
    vertex -33.43775863086001 232.1134750837257 0
    vertex -32.95948603190691 232.9418675249806 1.650605050992478
  endloop
endfacet
facet normal -0.999064 -3.72104e-15 -0.0432664
  outer loop
    vertex -34.00007516412535 230.2904896569009 0
    vertex -34.00007516412534 228.3827486498458 0
    vertex -34.07155787628452 229.3366191533734 1.65060505099248
  endloop
endfacet
facet normal 0.499532 -0.865214 -0.0432664
  outer loop
    vertex -25.33337532033955 223.3790271620505 0
    vertex -23.68122314438861 224.332897665578 0
    vertex -24.47155787628449 223.794056569153 1.650605050992451
  endloop
endfacet
facet normal 0.222313 0.974015 0.0432664
  outer loop
    vertex -27.19328527733141 235.7187234553329 6.1
    vertex -25.3333753203396 235.2942111446963 6.1
    vertex -26.24742389896411 235.5761577913371 4.449394949007522
  endloop
endfacet
facet normal -0.900125 -0.433477 -0.0432664
  outer loop
    vertex -33.43775863085999 226.559763223021 6.1
    vertex -33.78722383331581 227.4501860371436 4.449394949007521
    vertex -32.95948603190686 225.7313707817662 4.449394949007511
  endloop
endfacet
facet normal -0.999064 -3.72104e-15 0.0432664
  outer loop
    vertex -34.00007516412534 228.3827486498458 6.1
    vertex -34.00007516412535 230.2904896569009 6.1
    vertex -34.07155787628452 229.3366191533734 4.44939494900752
  endloop
endfacet
facet normal 0.222313 -0.974015 0.0432664
  outer loop
    vertex -25.33337532033955 223.3790271620505 6.1
    vertex -27.19328527733136 222.9545148514138 6.1
    vertex -26.24742389896407 223.0970805154097 4.449394949007536
  endloop
endfacet
facet normal 0.499528 0.865208 -0.0434322
  outer loop
    vertex -23.68122314438863 234.3403406411688 0
    vertex -25.3333753203396 235.2942111446963 0
    vertex -24.47150331331366 234.8791502352898 1.644291889258938
  endloop
endfacet
facet normal 0.499532 0.865214 0.0432664
  outer loop
    vertex -25.3333753203396 235.2942111446963 6.1
    vertex -23.68122314438863 234.3403406411688 6.1
    vertex -24.47155787628452 234.8791817375938 4.449394949007524
  endloop
endfacet
facet normal -0.499532 0.865214 -0.0432664
  outer loop
    vertex -31.66189260818043 234.3403406411688 4.449394949007524
    vertex -30.87155787628453 234.8791817375938 6.1
    vertex -30.00974043222946 235.2942111446963 4.449394949007521
  endloop
endfacet
facet normal -0.0746592 -0.996258 -0.0435466
  outer loop
    vertex -29.09569185360489 223.0970805154097 0
    vertex -27.19328527733136 222.9545148514138 0
    vertex -28.16478280199225 222.9556529904275 1.639563774766953
  endloop
endfacet
facet normal -0.0746601 0.99627 -0.0432664
  outer loop
    vertex -27.19328527733141 235.7187234553329 0
    vertex -29.09569185360494 235.5761577913371 0
    vertex -28.14983047523763 235.7187234553329 1.650605050992481
  endloop
endfacet
facet normal 0.0746601 0.99627 -0.0432664
  outer loop
    vertex -28.14983047523764 235.7187234553329 4.449394949007521
    vertex -27.19328527733141 235.7187234553329 6.1
    vertex -26.24742389896411 235.5761577913371 4.449394949007522
  endloop
endfacet
facet normal -0.0746601 0.99627 0.0432664
  outer loop
    vertex -29.09569185360494 235.5761577913371 6.1
    vertex -27.19328527733141 235.7187234553329 6.1
    vertex -28.14983047523764 235.7187234553329 4.449394949007521
  endloop
endfacet
facet normal 0.365136 0.929944 0.043352
  outer loop
    vertex -25.3333753203396 235.2942111446963 0
    vertex -26.24742389896411 235.5761577913371 1.650605050992478
    vertex -24.47150331331366 234.8791502352898 1.644291889258938
  endloop
endfacet
facet normal 0.364999 0.930002 -0.0432664
  outer loop
    vertex -25.3333753203396 235.2942111446963 6.1
    vertex -24.47155787628452 234.8791817375938 4.449394949007524
    vertex -26.24742389896411 235.5761577913371 4.449394949007522
  endloop
endfacet
facet normal 0.0746601 0.99627 0.0432664
  outer loop
    vertex -26.24742389896411 235.5761577913371 1.650605050992478
    vertex -27.19328527733141 235.7187234553329 0
    vertex -28.14983047523763 235.7187234553329 1.650605050992481
  endloop
endfacet
facet normal -0.222313 0.974015 -0.0432664
  outer loop
    vertex -29.09569185360494 235.5761577913371 6.1
    vertex -28.14983047523764 235.7187234553329 4.449394949007521
    vertex -30.00974043222946 235.2942111446963 4.449394949007521
  endloop
endfacet
facet normal 0.222313 0.974015 -0.0432664
  outer loop
    vertex -25.3333753203396 235.2942111446963 0
    vertex -27.19328527733141 235.7187234553329 0
    vertex -26.24742389896411 235.5761577913371 1.650605050992478
  endloop
endfacet
facet normal -0.499532 0.865214 0.0432664
  outer loop
    vertex -30.00974043222946 235.2942111446963 1.650605050992478
    vertex -30.87155787628453 234.8791817375938 0
    vertex -31.66189260818042 234.3403406411688 1.650605050992481
  endloop
endfacet
facet normal -0.825465 -0.562793 0.0432664
  outer loop
    vertex -32.36308985599538 224.9835136316395 6.1
    vertex -33.43775863085999 226.559763223021 6.1
    vertex -32.95948603190686 225.7313707817662 4.449394949007511
  endloop
endfacet
facet normal -0.732365 -0.679536 -0.0432664
  outer loop
    vertex -31.66189260818037 224.332897665578 4.449394949007522
    vertex -32.36308985599538 224.9835136316395 6.1
    vertex -32.95948603190686 225.7313707817662 4.449394949007511
  endloop
endfacet
facet normal -0.364999 0.930002 0.0432664
  outer loop
    vertex -30.87155787628453 234.8791817375938 6.1
    vertex -29.09569185360494 235.5761577913371 6.1
    vertex -30.00974043222946 235.2942111446963 4.449394949007521
  endloop
endfacet
facet normal -0.622906 0.781099 -0.0432664
  outer loop
    vertex -30.87155787628453 234.8791817375938 0
    vertex -32.36308985599542 233.6897246751073 0
    vertex -31.66189260818042 234.3403406411688 1.650605050992481
  endloop
endfacet
facet normal -0.499817 -0.865059 0.0430793
  outer loop
    vertex -31.66189260818041 224.332897665578 1.650605050992475
    vertex -30.87155787628449 223.794056569153 0
    vertex -30.0180771161442 223.3823058044667 1.634083107924363
  endloop
endfacet
facet normal -0.622906 -0.781099 0.0432664
  outer loop
    vertex -30.87155787628449 223.794056569153 6.1
    vertex -32.36308985599538 224.9835136316395 6.1
    vertex -31.66189260818037 224.332897665578 4.449394949007522
  endloop
endfacet
facet normal -0.732365 -0.679536 0.0432664
  outer loop
    vertex -32.95948603190687 225.7313707817662 1.650605050992471
    vertex -32.36308985599538 224.9835136316395 0
    vertex -31.66189260818041 224.332897665578 1.650605050992475
  endloop
endfacet
facet normal -0.987905 0.148903 -0.0432664
  outer loop
    vertex -34.00007516412535 230.2904896569009 6.1
    vertex -33.78722383331583 231.2230522696032 4.44939494900752
    vertex -34.07155787628452 229.3366191533734 4.44939494900752
  endloop
endfacet
facet normal 0.732365 0.679536 -0.0432664
  outer loop
    vertex -22.38362972066215 232.9418675249806 0
    vertex -23.68122314438863 234.3403406411688 0
    vertex -22.98002589657364 233.6897246751073 1.650605050992473
  endloop
endfacet
facet normal -0.954678 0.294479 -0.0432664
  outer loop
    vertex -33.43775863086001 232.1134750837257 0
    vertex -34.00007516412535 230.2904896569009 0
    vertex -33.78722383331582 231.2230522696032 1.650605050992485
  endloop
endfacet
facet normal -0.954678 -0.294479 0.0432664
  outer loop
    vertex -33.43775863085999 226.559763223021 6.1
    vertex -34.00007516412534 228.3827486498458 6.1
    vertex -33.78722383331581 227.4501860371436 4.449394949007521
  endloop
endfacet
facet normal -0.900125 0.433477 0.0432664
  outer loop
    vertex -32.95948603190691 232.9418675249806 1.650605050992478
    vertex -33.43775863086001 232.1134750837257 0
    vertex -33.78722383331582 231.2230522696032 1.650605050992485
  endloop
endfacet
facet normal -0.622906 0.781099 0.0432664
  outer loop
    vertex -32.36308985599542 233.6897246751073 6.1
    vertex -30.87155787628453 234.8791817375938 6.1
    vertex -31.66189260818043 234.3403406411688 4.449394949007524
  endloop
endfacet
facet normal 0.363105 -0.930688 0.0444277
  outer loop
    vertex -25.33337532033955 223.3790271620505 0
    vertex -24.47155787628449 223.794056569153 1.650605050992451
    vertex -26.26812511476931 223.0923917004449 1.635113850248893
  endloop
endfacet
facet normal -0.732365 0.679536 -0.0432664
  outer loop
    vertex -32.36308985599542 233.6897246751073 6.1
    vertex -31.66189260818043 234.3403406411688 4.449394949007524
    vertex -32.95948603190691 232.9418675249806 4.449394949007872
  endloop
endfacet
facet normal 0.0719415 -0.996468 0.0433195
  outer loop
    vertex -28.16478280199225 222.9556529904275 1.639563774766953
    vertex -27.19328527733136 222.9545148514138 0
    vertex -26.26812511476931 223.0923917004449 1.635113850248893
  endloop
endfacet
facet normal -0.900125 0.433477 -0.0432664
  outer loop
    vertex -33.78722383331583 231.2230522696032 4.44939494900752
    vertex -33.43775863086001 232.1134750837257 6.1
    vertex -32.95948603190691 232.9418675249806 4.449394949007872
  endloop
endfacet
facet normal -0.825465 0.562793 0.0432664
  outer loop
    vertex -33.43775863086001 232.1134750837257 6.1
    vertex -32.36308985599542 233.6897246751073 6.1
    vertex -32.95948603190691 232.9418675249806 4.449394949007872
  endloop
endfacet
facet normal 0.222309 -0.973999 -0.0436541
  outer loop
    vertex -27.19328527733136 222.9545148514138 0
    vertex -25.33337532033955 223.3790271620505 0
    vertex -26.26812511476931 223.0923917004449 1.635113850248893
  endloop
endfacet
facet normal 0.900082 0.433457 -0.0443545
  outer loop
    vertex -21.55589191925322 231.2230522696032 0
    vertex -22.38362972066215 232.9418675249806 0
    vertex -21.95293845966489 232.2101869649729 1.589594696132643
  endloop
endfacet
facet normal 0.987524 0.148845 -0.0513942
  outer loop
    vertex -21.27155787628452 229.3366191533734 0
    vertex -21.55589191925322 231.2230522696032 0
    vertex -21.42985747345967 230.7512484621946 1.055298408975081
  endloop
endfacet
facet normal -0.225501 -0.973097 0.0472441
  outer loop
    vertex -29.99287145518095 223.3724341069122 4.581494156662961
    vertex -29.08287235136372 223.0941683964645 3.193522269469911
    vertex -28.18202651057032 222.9570093084526 4.668264799981898
  endloop
endfacet
facet normal 0.214367 -0.975046 -0.057725
  outer loop
    vertex -26.24742389896407 223.0970805154097 4.449394949007536
    vertex -27.27149514702977 222.9491353128724 3.145380245857988
    vertex -25.33402134118393 223.3787736579724 3.083263088654173
  endloop
endfacet
facet normal 0.821591 -0.568729 -0.0391771
  outer loop
    vertex -22.38362972066214 225.7313707817662 6.1
    vertex -22.9800258965736 224.9835136316395 4.44939494900755
    vertex -21.95293845966486 226.4630513417739 4.510405303867366
  endloop
endfacet
facet normal 0.821591 0.568729 0.0391771
  outer loop
    vertex -22.38362972066215 232.9418675249806 0
    vertex -22.98002589657364 233.6897246751073 1.650605050992473
    vertex -21.95293845966489 232.2101869649729 1.589594696132643
  endloop
endfacet
facet normal 0.943164 -0.33225 0.0072115
  outer loop
    vertex -21.95293845966486 226.4630513417739 4.510405303867366
    vertex -21.42308293209329 227.9522200520249 3.821969106914179
    vertex -21.40918865880216 228.0164934836247 4.966009803909661
  endloop
endfacet
facet normal -0.364937 -0.929845 0.0470055
  outer loop
    vertex -29.09569185360489 223.0970805154097 6.1
    vertex -30.87155787628449 223.794056569153 6.1
    vertex -29.99287145518095 223.3724341069122 4.581494156662961
  endloop
endfacet
facet normal 0.0717196 -0.996324 -0.0468583
  outer loop
    vertex -28.16478280199225 222.9556529904275 1.639563774766953
    vertex -26.26812511476931 223.0923917004449 1.635113850248893
    vertex -27.27149514702977 222.9491353128724 3.145380245857988
  endloop
endfacet
facet normal 0.994169 -0.107832 0
  outer loop
    vertex -21.27155787628452 229.3366191533734 1.525
    vertex -21.27155787628452 229.3366191533734 3.05
    vertex -21.42039325959364 227.964416203722 2.291016761505553
  endloop
endfacet
facet normal 0.0667472 -0.996623 -0.0478313
  outer loop
    vertex -26.24742389896407 223.0970805154097 4.449394949007536
    vertex -27.19328527733136 222.9545148514138 6.1
    vertex -28.18202651057032 222.9570093084526 4.668264799981898
  endloop
endfacet
facet normal -0.367436 -0.92877 0.0487448
  outer loop
    vertex -30.0180771161442 223.3823058044667 1.634083107924363
    vertex -29.08287235136372 223.0941683964645 3.193522269469911
    vertex -30.87155787628457 223.794056569153 3.045973557666651
  endloop
endfacet
facet normal 0.825287 -0.562464 -0.0503511
  outer loop
    vertex -22.98000597454722 224.9835351025762 1.644186012585765
    vertex -21.90535712170904 226.559763223021 1.650605050992451
    vertex -22.44446131566979 225.6437257693167 3.047234071073527
  endloop
endfacet
facet normal 0.994063 -0.108802 0
  outer loop
    vertex -21.27155787628452 229.3366191533734 3.05
    vertex -21.27155787628452 229.3366191533734 4.574999999999999
    vertex -21.42308293209329 227.9522200520249 3.821969106914179
  endloop
endfacet
facet normal 0.987455 -0.148835 -0.0527299
  outer loop
    vertex -21.55589191925322 227.4501860371436 0
    vertex -21.27155787628452 229.3366191533734 0
    vertex -21.40308739884932 228.0457752923571 1.180414388973153
  endloop
endfacet
facet normal 0.987419 -0.148829 0.053417
  outer loop
    vertex -21.27155787628452 229.3366191533734 6.1
    vertex -21.55589191925322 227.4501860371436 6.1
    vertex -21.40918865880216 228.0164934836247 4.966009803909661
  endloop
endfacet
facet normal 0.9871 0.148781 0.0591379
  outer loop
    vertex -21.55589191925322 231.2230522696032 6.1
    vertex -21.27155787628452 229.3366191533734 6.1
    vertex -21.39029669881104 230.5637124751564 4.994760645469765
  endloop
endfacet
facet normal 0.99423 0.10727 0
  outer loop
    vertex -21.27155787628452 229.3366191533734 4.574999999999999
    vertex -21.27155787628452 229.3366191533734 3.05
    vertex -21.41884618931864 230.7017552490358 3.810101271239186
  endloop
endfacet
facet normal 0.946565 -0.320324 -0.0375113
  outer loop
    vertex -21.55589191925322 227.4501860371436 6.1
    vertex -21.95293845966486 226.4630513417739 4.510405303867366
    vertex -21.40918865880216 228.0164934836247 4.966009803909661
  endloop
endfacet
facet normal 0.994663 0.103179 0
  outer loop
    vertex -21.27155787628452 229.3366191533734 3.05
    vertex -21.27155787628452 229.3366191533734 1.525
    vertex -21.40782496612827 230.6502591459991 2.2875
  endloop
endfacet
facet normal 0.726699 -0.68547 0.0451598
  outer loop
    vertex -22.98000597454722 224.9835351025762 1.644186012585765
    vertex -22.44446131566979 225.6437257693167 3.047234071073527
    vertex -23.68115443502915 224.3329524602355 3.051822623137812
  endloop
endfacet
facet normal 0.726535 -0.685633 -0.0453276
  outer loop
    vertex -22.44446131566979 225.6437257693167 3.047234071073527
    vertex -22.9800258965736 224.9835136316395 4.44939494900755
    vertex -23.68115443502915 224.3329524602355 3.051822623137812
  endloop
endfacet
facet normal 0.949995 -0.310446 0.0336617
  outer loop
    vertex -21.90535712170904 226.559763223021 1.650605050992451
    vertex -21.55589191925322 227.4501860371436 0
    vertex -21.40308739884932 228.0457752923571 1.180414388973153
  endloop
endfacet
facet normal 0.622552 -0.780926 -0.0508339
  outer loop
    vertex -24.47155787628449 223.794056569153 1.650605050992451
    vertex -22.98000597454722 224.9835351025762 1.644186012585765
    vertex -23.68115443502915 224.3329524602355 3.051822623137812
  endloop
endfacet
facet normal 0.825407 0.562298 0.0502428
  outer loop
    vertex -22.97727869042643 233.6867620159952 4.451677843898711
    vertex -21.90535712170903 232.1134750837257 4.449394949007526
    vertex -22.44392823280069 233.0287578710503 3.053736121955832
  endloop
endfacet
facet normal 0.819803 -0.57093 0.0443048
  outer loop
    vertex -21.95293845966486 226.4630513417739 4.510405303867366
    vertex -22.9800258965736 224.9835136316395 4.44939494900755
    vertex -22.44446131566979 225.6437257693167 3.047234071073527
  endloop
endfacet
facet normal 0.726875 0.685288 0.0450966
  outer loop
    vertex -22.44392823280069 233.0287578710503 3.053736121955832
    vertex -22.98002589657364 233.6897246751073 1.650605050992473
    vertex -23.67834087022213 234.3380407455304 3.054364251656149
  endloop
endfacet
facet normal 0.726848 0.685306 -0.0452588
  outer loop
    vertex -22.97727869042643 233.6867620159952 4.451677843898711
    vertex -22.44392823280069 233.0287578710503 3.053736121955832
    vertex -23.67834087022213 234.3380407455304 3.054364251656149
  endloop
endfacet
facet normal 0.994116 -0.108315 0.000883646
  outer loop
    vertex -21.27155787628452 229.3366191533734 3.05
    vertex -21.42308293209329 227.9522200520249 3.821969106914179
    vertex -21.42039325959364 227.964416203722 2.291016761505553
  endloop
endfacet
facet normal -0.360391 -0.931485 -0.0495365
  outer loop
    vertex -29.08287235136372 223.0941683964645 3.193522269469911
    vertex -29.99287145518095 223.3724341069122 4.581494156662961
    vertex -30.87155787628457 223.794056569153 3.045973557666651
  endloop
endfacet
facet normal 0.07794 -0.995614 0.051748
  outer loop
    vertex -27.27149514702977 222.9491353128724 3.145380245857988
    vertex -26.24742389896407 223.0970805154097 4.449394949007536
    vertex -28.18202651057032 222.9570093084526 4.668264799981898
  endloop
endfacet
facet normal 0.946455 -0.322714 -0.00889293
  outer loop
    vertex -21.42039325959364 227.964416203722 2.291016761505553
    vertex -21.90535712170904 226.559763223021 1.650605050992451
    vertex -21.40308739884932 228.0457752923571 1.180414388973153
  endloop
endfacet
facet normal -0.078623 -0.996005 0.0423301
  outer loop
    vertex -29.08287235136372 223.0941683964645 3.193522269469911
    vertex -28.16478280199225 222.9556529904275 1.639563774766953
    vertex -27.27149514702977 222.9491353128724 3.145380245857988
  endloop
endfacet
facet normal -0.495517 -0.867385 -0.0458972
  outer loop
    vertex -30.87155787628449 223.794056569153 6.1
    vertex -31.66189260818037 224.332897665578 4.449394949007522
    vertex -29.99287145518095 223.3724341069122 4.581494156662961
  endloop
endfacet
facet normal 0.500042 -0.864532 0.0504258
  outer loop
    vertex -24.47155787628449 223.794056569153 1.650605050992451
    vertex -23.68115443502915 224.3329524602355 3.051822623137812
    vertex -25.33402134118393 223.3787736579724 3.083263088654173
  endloop
endfacet
facet normal 0.622753 -0.780754 0.0510161
  outer loop
    vertex -22.9800258965736 224.9835136316395 4.44939494900755
    vertex -24.47067078651011 223.7945688253346 4.449973710691423
    vertex -23.68115443502915 224.3329524602355 3.051822623137812
  endloop
endfacet
facet normal 0.498553 -0.865317 -0.05168
  outer loop
    vertex -23.68115443502915 224.3329524602355 3.051822623137812
    vertex -24.47067078651011 223.7945688253346 4.449973710691423
    vertex -25.33402134118393 223.3787736579724 3.083263088654173
  endloop
endfacet
facet normal 0.499575 0.864777 0.0508446
  outer loop
    vertex -23.67834087022213 234.3380407455304 3.054364251656149
    vertex -24.47150331331366 234.8791502352898 1.644291889258938
    vertex -25.33260384260901 235.2939083043508 3.050759746285612
  endloop
endfacet
facet normal 0.622866 0.780642 0.0513469
  outer loop
    vertex -24.47155787628452 234.8791817375938 4.449394949007524
    vertex -22.97727869042643 233.6867620159952 4.451677843898711
    vertex -23.67834087022213 234.3380407455304 3.054364251656149
  endloop
endfacet
facet normal 0.622822 0.780717 -0.050739
  outer loop
    vertex -22.98002589657364 233.6897246751073 1.650605050992473
    vertex -24.47150331331366 234.8791502352898 1.644291889258938
    vertex -23.67834087022213 234.3380407455304 3.054364251656149
  endloop
endfacet
facet normal 0.499732 0.864662 -0.0512595
  outer loop
    vertex -24.47155787628452 234.8791817375938 4.449394949007524
    vertex -23.67834087022213 234.3380407455304 3.054364251656149
    vertex -25.33260384260901 235.2939083043508 3.050759746285612
  endloop
endfacet
facet normal 0.363709 -0.930134 -0.0506634
  outer loop
    vertex -26.26812511476931 223.0923917004449 1.635113850248893
    vertex -24.47155787628449 223.794056569153 1.650605050992451
    vertex -25.33402134118393 223.3787736579724 3.083263088654173
  endloop
endfacet
facet normal -0.62268 0.780816 0.0509483
  outer loop
    vertex -31.66189260818042 234.3403406411688 1.650605050992481
    vertex -32.3630898559956 233.6897246751071 3.051826902302945
    vertex -30.87155787628452 234.8791817375938 3.051826902302782
  endloop
endfacet
facet normal -0.7321 0.679289 -0.0509483
  outer loop
    vertex -31.66189260818042 234.3403406411688 1.650605050992481
    vertex -32.95948603190691 232.9418675249806 1.650605050992478
    vertex -32.3630898559956 233.6897246751071 3.051826902302945
  endloop
endfacet
facet normal -0.987546 -0.148849 0.050968
  outer loop
    vertex -33.78722383331581 227.4501860371436 4.449394949007521
    vertex -34.07155787628452 229.3366191533734 4.44939494900752
    vertex -34.00007489716491 228.3827468786808 3.04871669532917
  endloop
endfacet
facet normal -0.899796 0.433319 -0.0510091
  outer loop
    vertex -32.95948603190691 232.9418675249806 1.650605050992478
    vertex -33.78722383331582 231.2230522696032 1.650605050992485
    vertex -33.43773667856524 232.1135206676746 3.050153732085279
  endloop
endfacet
facet normal -0.899796 -0.433319 -0.0510091
  outer loop
    vertex -33.78722383331582 227.4501860371436 1.650605050992487
    vertex -32.95948603190687 225.7313707817662 1.650605050992471
    vertex -33.43773667856517 226.559717639072 3.050153732085196
  endloop
endfacet
facet normal -0.732096 -0.679286 -0.0510602
  outer loop
    vertex -32.95948603190687 225.7313707817662 1.650605050992471
    vertex -31.66189260818041 224.332897665578 1.650605050992475
    vertex -32.36315844149039 224.9835875503914 3.048747132707666
  endloop
endfacet
facet normal -0.222232 0.973662 -0.0509483
  outer loop
    vertex -28.14983047523763 235.7187234553329 1.650605050992481
    vertex -30.00974043222946 235.2942111446963 1.650605050992478
    vertex -29.09569185360495 235.5761577913371 3.05182690230277
  endloop
endfacet
facet normal -0.987545 0.148848 0.050981
  outer loop
    vertex -34.07155787628452 229.3366191533734 4.44939494900752
    vertex -33.78722383331583 231.2230522696032 4.44939494900752
    vertex -34.00007474041495 230.2904924680315 3.049075176468417
  endloop
endfacet
facet normal -0.9987 9.66064e-06 -0.0509748
  outer loop
    vertex -34.00007489716491 228.3827468786808 3.04871669532917
    vertex -34.07155787628452 229.3366191533734 4.44939494900752
    vertex -34.00007474041495 230.2904924680315 3.049075176468417
  endloop
endfacet
facet normal 0.364865 0.92966 0.0510422
  outer loop
    vertex -26.24742389896411 235.5761577913371 4.449394949007522
    vertex -24.47155787628452 234.8791817375938 4.449394949007524
    vertex -25.33260384260901 235.2939083043508 3.050759746285612
  endloop
endfacet
facet normal -0.0745903 0.99591 0.0509773
  outer loop
    vertex -28.14983047523763 235.7187234553329 1.650605050992481
    vertex -29.09569185360495 235.5761577913371 3.05182690230277
    vertex -27.19298937129717 235.7187012733429 3.051093257420141
  endloop
endfacet
facet normal -0.364867 0.929665 0.0509483
  outer loop
    vertex -30.00974043222946 235.2942111446963 1.650605050992478
    vertex -30.87155787628452 234.8791817375938 3.051826902302782
    vertex -29.09569185360495 235.5761577913371 3.05182690230277
  endloop
endfacet
facet normal 0.0746329 0.995907 -0.0509749
  outer loop
    vertex -26.24742389896411 235.5761577913371 1.650605050992478
    vertex -28.14983047523763 235.7187234553329 1.650605050992481
    vertex -27.19298937129717 235.7187012733429 3.051093257420141
  endloop
endfacet
facet normal -0.499351 0.864901 -0.0509483
  outer loop
    vertex -30.00974043222946 235.2942111446963 1.650605050992478
    vertex -31.66189260818042 234.3403406411688 1.650605050992481
    vertex -30.87155787628452 234.8791817375938 3.051826902302782
  endloop
endfacet
facet normal -0.825143 -0.562614 0.0510266
  outer loop
    vertex -33.43773667856517 226.559717639072 3.050153732085196
    vertex -32.95948603190687 225.7313707817662 1.650605050992471
    vertex -32.36315844149039 224.9835875503914 3.048747132707666
  endloop
endfacet
facet normal -0.825188 0.562554 0.050976
  outer loop
    vertex -32.3630898559956 233.6897246751071 3.051826902302945
    vertex -32.95948603190691 232.9418675249806 1.650605050992478
    vertex -33.43773667856524 232.1135206676746 3.050153732085279
  endloop
endfacet
facet normal -0.622745 -0.780766 -0.0509242
  outer loop
    vertex -31.66189260818037 224.332897665578 4.449394949007522
    vertex -32.36315844149039 224.9835875503914 3.048747132707666
    vertex -30.87155787628457 223.794056569153 3.045973557666651
  endloop
endfacet
facet normal 0.364901 -0.929576 0.052298
  outer loop
    vertex -24.47067078651011 223.7945688253346 4.449973710691423
    vertex -26.24742389896407 223.0970805154097 4.449394949007536
    vertex -25.33402134118393 223.3787736579724 3.083263088654173
  endloop
endfacet
facet normal -0.954335 0.294348 0.0510312
  outer loop
    vertex -33.43773667856524 232.1135206676746 3.050153732085279
    vertex -33.78722383331582 231.2230522696032 1.650605050992485
    vertex -34.00007474041495 230.2904924680315 3.049075176468417
  endloop
endfacet
facet normal -0.954319 0.294403 -0.0510032
  outer loop
    vertex -33.78722383331583 231.2230522696032 4.44939494900752
    vertex -33.43773667856524 232.1135206676746 3.050153732085279
    vertex -34.00007474041495 230.2904924680315 3.049075176468417
  endloop
endfacet
facet normal -0.954338 -0.294338 0.0510378
  outer loop
    vertex -33.78722383331582 227.4501860371436 1.650605050992487
    vertex -33.43773667856517 226.559717639072 3.050153732085196
    vertex -34.00007489716491 228.3827468786808 3.04871669532917
  endloop
endfacet
facet normal -0.954317 -0.294412 -0.0509967
  outer loop
    vertex -33.43773667856517 226.559717639072 3.050153732085196
    vertex -33.78722383331581 227.4501860371436 4.449394949007521
    vertex -34.00007489716491 228.3827468786808 3.04871669532917
  endloop
endfacet
facet normal 0.222326 0.973637 0.0510092
  outer loop
    vertex -25.33260384260901 235.2939083043508 3.050759746285612
    vertex -26.24742389896411 235.5761577913371 1.650605050992478
    vertex -27.19298937129717 235.7187012733429 3.051093257420141
  endloop
endfacet
facet normal 0.222307 0.973638 -0.0510766
  outer loop
    vertex -26.24742389896411 235.5761577913371 4.449394949007522
    vertex -25.33260384260901 235.2939083043508 3.050759746285612
    vertex -27.19298937129717 235.7187012733429 3.051093257420141
  endloop
endfacet
facet normal -0.622623 -0.780851 0.0511162
  outer loop
    vertex -32.36315844149039 224.9835875503914 3.048747132707666
    vertex -31.66189260818041 224.332897665578 1.650605050992475
    vertex -30.87155787628457 223.794056569153 3.045973557666651
  endloop
endfacet
facet normal 0.819804 0.57093 -0.0442792
  outer loop
    vertex -21.95293845966489 232.2101869649729 1.589594696132643
    vertex -22.98002589657364 233.6897246751073 1.650605050992473
    vertex -22.44392823280069 233.0287578710503 3.053736121955832
  endloop
endfacet
facet normal -0.622676 0.780811 -0.0510812
  outer loop
    vertex -32.3630898559956 233.6897246751071 3.051826902302945
    vertex -31.66189260818043 234.3403406411688 4.449394949007524
    vertex -30.87155787628452 234.8791817375938 3.051826902302782
  endloop
endfacet
facet normal -0.987541 -0.148848 -0.0510613
  outer loop
    vertex -34.07155787628452 229.3366191533734 1.65060505099248
    vertex -33.78722383331582 227.4501860371436 1.650605050992487
    vertex -34.00007489716491 228.3827468786808 3.04871669532917
  endloop
endfacet
facet normal -0.825188 -0.562553 -0.0509866
  outer loop
    vertex -32.95948603190686 225.7313707817662 4.449394949007511
    vertex -33.43773667856517 226.559717639072 3.050153732085196
    vertex -32.36315844149039 224.9835875503914 3.048747132707666
  endloop
endfacet
facet normal -0.732095 0.679285 0.0510812
  outer loop
    vertex -32.95948603190691 232.9418675249806 4.449394949007872
    vertex -31.66189260818043 234.3403406411688 4.449394949007524
    vertex -32.3630898559956 233.6897246751071 3.051826902302945
  endloop
endfacet
facet normal -0.899795 0.433319 0.0510202
  outer loop
    vertex -33.78722383331583 231.2230522696032 4.44939494900752
    vertex -32.95948603190691 232.9418675249806 4.449394949007872
    vertex -33.43773667856524 232.1135206676746 3.050153732085279
  endloop
endfacet
facet normal -0.364864 0.929658 -0.0510812
  outer loop
    vertex -30.87155787628452 234.8791817375938 3.051826902302782
    vertex -30.00974043222946 235.2942111446963 4.449394949007521
    vertex -29.09569185360495 235.5761577913371 3.05182690230277
  endloop
endfacet
facet normal -0.499347 0.864895 0.0510812
  outer loop
    vertex -31.66189260818043 234.3403406411688 4.449394949007524
    vertex -30.00974043222946 235.2942111446963 4.449394949007521
    vertex -30.87155787628452 234.8791817375938 3.051826902302782
  endloop
endfacet
facet normal -0.074629 0.995902 -0.0510835
  outer loop
    vertex -29.09569185360495 235.5761577913371 3.05182690230277
    vertex -28.14983047523764 235.7187234553329 4.449394949007521
    vertex -27.19298937129717 235.7187012733429 3.051093257420141
  endloop
endfacet
facet normal -0.22223 0.973655 0.0510812
  outer loop
    vertex -30.00974043222946 235.2942111446963 4.449394949007521
    vertex -28.14983047523764 235.7187234553329 4.449394949007521
    vertex -29.09569185360495 235.5761577913371 3.05182690230277
  endloop
endfacet
facet normal 0.0746326 0.995903 0.0510544
  outer loop
    vertex -28.14983047523764 235.7187234553329 4.449394949007521
    vertex -26.24742389896411 235.5761577913371 4.449394949007522
    vertex -27.19298937129717 235.7187012733429 3.051093257420141
  endloop
endfacet
facet normal -0.998696 -9.51161e-06 0.0510551
  outer loop
    vertex -34.07155787628452 229.3366191533734 1.65060505099248
    vertex -34.00007489716491 228.3827468786808 3.04871669532917
    vertex -34.00007474041495 230.2904924680315 3.049075176468417
  endloop
endfacet
facet normal 0.364716 0.929728 -0.0508758
  outer loop
    vertex -24.47150331331366 234.8791502352898 1.644291889258938
    vertex -26.24742389896411 235.5761577913371 1.650605050992478
    vertex -25.33260384260901 235.2939083043508 3.050759746285612
  endloop
endfacet
facet normal -0.899795 -0.433319 0.0510202
  outer loop
    vertex -32.95948603190686 225.7313707817662 4.449394949007511
    vertex -33.78722383331581 227.4501860371436 4.449394949007521
    vertex -33.43773667856517 226.559717639072 3.050153732085196
  endloop
endfacet
facet normal -0.732099 -0.679289 0.0509691
  outer loop
    vertex -31.66189260818037 224.332897665578 4.449394949007522
    vertex -32.95948603190686 225.7313707817662 4.449394949007511
    vertex -32.36315844149039 224.9835875503914 3.048747132707666
  endloop
endfacet
facet normal -0.987542 0.148848 -0.0510483
  outer loop
    vertex -33.78722383331582 231.2230522696032 1.650605050992485
    vertex -34.07155787628452 229.3366191533734 1.65060505099248
    vertex -34.00007474041495 230.2904924680315 3.049075176468417
  endloop
endfacet
facet normal -0.825134 0.562626 -0.051048
  outer loop
    vertex -32.95948603190691 232.9418675249806 4.449394949007872
    vertex -32.3630898559956 233.6897246751071 3.051826902302945
    vertex -33.43773667856524 232.1135206676746 3.050153732085279
  endloop
endfacet
facet normal -0.0746373 -0.995966 0.0498085
  outer loop
    vertex -27.19328527733136 222.9545148514138 6.1
    vertex -29.09569185360489 223.0970805154097 6.1
    vertex -28.18202651057032 222.9570093084526 4.668264799981898
  endloop
endfacet
facet normal -0.50035 -0.864356 -0.0503859
  outer loop
    vertex -31.66189260818041 224.332897665578 1.650605050992475
    vertex -30.0180771161442 223.3823058044667 1.634083107924363
    vertex -30.87155787628457 223.794056569153 3.045973557666651
  endloop
endfacet
facet normal 0.952212 0.303051 -0.0381201
  outer loop
    vertex -21.90535712170903 232.1134750837257 4.449394949007526
    vertex -21.55589191925322 231.2230522696032 6.1
    vertex -21.39029669881104 230.5637124751564 4.994760645469765
  endloop
endfacet
facet normal 0.994437 0.105267 0.0036379
  outer loop
    vertex -21.27155787628452 229.3366191533734 3.05
    vertex -21.40782496612827 230.6502591459991 2.2875
    vertex -21.41884618931864 230.7017552490358 3.810101271239186
  endloop
endfacet
facet normal 0.994849 -0.101369 0
  outer loop
    vertex -21.27155787628452 229.3366191533734 0
    vertex -21.27155787628452 229.3366191533734 1.525
    vertex -21.40308739884932 228.0457752923571 1.180414388973153
  endloop
endfacet
facet normal 0.994609 -0.103694 0
  outer loop
    vertex -21.27155787628452 229.3366191533734 4.574999999999999
    vertex -21.27155787628452 229.3366191533734 6.1
    vertex -21.40918865880216 228.0164934836247 4.966009803909661
  endloop
endfacet
facet normal 0.945664 -0.324029 0.0269188
  outer loop
    vertex -21.42308293209329 227.9522200520249 3.821969106914179
    vertex -21.95293845966486 226.4630513417739 4.510405303867366
    vertex -21.79690002005352 226.7972501230386 3.051576548363513
  endloop
endfacet
facet normal 0.995351 0.0963144 0
  outer loop
    vertex -21.27155787628452 229.3366191533734 6.1
    vertex -21.27155787628452 229.3366191533734 4.574999999999999
    vertex -21.39029669881104 230.5637124751564 4.994760645469765
  endloop
endfacet
facet normal 0.947331 0.319929 0.0144497
  outer loop
    vertex -21.41884618931864 230.7017552490358 3.810101271239186
    vertex -21.90535712170903 232.1134750837257 4.449394949007526
    vertex -21.39029669881104 230.5637124751564 4.994760645469765
  endloop
endfacet
facet normal 0.948417 0.314856 -0.0370271
  outer loop
    vertex -21.40782496612827 230.6502591459991 2.2875
    vertex -21.95293845966489 232.2101869649729 1.589594696132643
    vertex -21.73920122232974 231.7381071359122 3.049999999956493
  endloop
endfacet
facet normal -0.0808789 -0.995787 -0.0432088
  outer loop
    vertex -29.08287235136372 223.0941683964645 3.193522269469911
    vertex -27.27149514702977 222.9491353128724 3.145380245857988
    vertex -28.18202651057032 222.9570093084526 4.668264799981898
  endloop
endfacet
facet normal -0.501104 -0.863969 0.0495235
  outer loop
    vertex -29.99287145518095 223.3724341069122 4.581494156662961
    vertex -31.66189260818037 224.332897665578 4.449394949007522
    vertex -30.87155787628457 223.794056569153 3.045973557666651
  endloop
endfacet
facet normal 0.99408 0.108284 -0.00889994
  outer loop
    vertex -21.40782496612827 230.6502591459991 2.2875
    vertex -21.27155787628452 229.3366191533734 1.525
    vertex -21.42985747345967 230.7512484621946 1.055298408975081
  endloop
endfacet
facet normal 0.947766 -0.318375 -0.0194022
  outer loop
    vertex -21.90535712170904 226.559763223021 1.650605050992451
    vertex -21.42039325959364 227.964416203722 2.291016761505553
    vertex -21.79690002005352 226.7972501230386 3.051576548363513
  endloop
endfacet
facet normal 0.871869 -0.489376 -0.0188533
  outer loop
    vertex -21.95293845966486 226.4630513417739 4.510405303867366
    vertex -22.44446131566979 225.6437257693167 3.047234071073527
    vertex -21.79690002005352 226.7972501230386 3.051576548363513
  endloop
endfacet
facet normal 0.877411 0.479011 0.0264284
  outer loop
    vertex -21.95293845966489 232.2101869649729 1.589594696132643
    vertex -22.44392823280069 233.0287578710503 3.053736121955832
    vertex -21.73920122232974 231.7381071359122 3.049999999956493
  endloop
endfacet
facet normal 0.993797 0.111208 0
  outer loop
    vertex -21.27155787628452 229.3366191533734 1.525
    vertex -21.27155787628452 229.3366191533734 0
    vertex -21.42985747345967 230.7512484621946 1.055298408975081
  endloop
endfacet
facet normal 0.871864 -0.489502 0.0154825
  outer loop
    vertex -22.44446131566979 225.6437257693167 3.047234071073527
    vertex -21.90535712170904 226.559763223021 1.650605050992451
    vertex -21.79690002005352 226.7972501230386 3.051576548363513
  endloop
endfacet
facet normal 0.948943 0.314166 0.0284013
  outer loop
    vertex -21.90535712170903 232.1134750837257 4.449394949007526
    vertex -21.41884618931864 230.7017552490358 3.810101271239186
    vertex -21.73920122232974 231.7381071359122 3.049999999956493
  endloop
endfacet
facet normal 0.95156 -0.307463 -0.000777606
  outer loop
    vertex -21.42039325959364 227.964416203722 2.291016761505553
    vertex -21.42308293209329 227.9522200520249 3.821969106914179
    vertex -21.79690002005352 226.7972501230386 3.051576548363513
  endloop
endfacet
facet normal 0.994602 -0.103458 0.00791929
  outer loop
    vertex -21.27155787628452 229.3366191533734 1.525
    vertex -21.42039325959364 227.964416203722 2.291016761505553
    vertex -21.40308739884932 228.0457752923571 1.180414388973153
  endloop
endfacet
facet normal 0.994401 -0.105494 -0.00615016
  outer loop
    vertex -21.42308293209329 227.9522200520249 3.821969106914179
    vertex -21.27155787628452 229.3366191533734 4.574999999999999
    vertex -21.40918865880216 228.0164934836247 4.966009803909661
  endloop
endfacet
facet normal 0.994865 0.100464 -0.0122689
  outer loop
    vertex -21.27155787628452 229.3366191533734 4.574999999999999
    vertex -21.41884618931864 230.7017552490358 3.810101271239186
    vertex -21.39029669881104 230.5637124751564 4.994760645469765
  endloop
endfacet
facet normal 0.877395 0.47915 -0.0243485
  outer loop
    vertex -22.44392823280069 233.0287578710503 3.053736121955832
    vertex -21.90535712170903 232.1134750837257 4.449394949007526
    vertex -21.73920122232974 231.7381071359122 3.049999999956493
  endloop
endfacet
facet normal 0.95601 0.293319 -0.00300039
  outer loop
    vertex -21.41884618931864 230.7017552490358 3.810101271239186
    vertex -21.40782496612827 230.6502591459991 2.2875
    vertex -21.73920122232974 231.7381071359122 3.049999999956493
  endloop
endfacet
facet normal 0 0 1
  outer loop
    vertex -26.59375989941536 232.6689538618286 6.1
    vertex -25.69950788230339 231.0690854211872 6.1
    vertex -24.44393965813296 232.4408007165871 6.1
  endloop
endfacet
facet normal 0 0 1
  outer loop
    vertex -24.44393965813296 232.4408007165871 6.1
    vertex -25.25607190924629 233.8067807844127 6.1
    vertex -26.59375989941536 232.6689538618286 6.1
  endloop
endfacet
facet normal 0 0 1
  outer loop
    vertex -22.38362972066214 225.7313707817662 6.1
    vertex -23.32580227362019 228.0872751937341 6.1
    vertex -24.27976389876224 226.196125628073 6.1
  endloop
endfacet
facet normal 0 0 1
  outer loop
    vertex -21.55589191925322 227.4501860371436 6.1
    vertex -23.32580227362019 228.0872751937341 6.1
    vertex -22.38362972066214 225.7313707817662 6.1
  endloop
endfacet
facet normal 0 0 1
  outer loop
    vertex -28.9378930996815 227.2560073005723 6.1
    vertex -30.5660728329542 226.8831505730985 6.1
    vertex -29.49592552650901 225.2616435070532 6.1
  endloop
endfacet
facet normal 0 0 1
  outer loop
    vertex -30.5660728329542 226.8831505730985 6.1
    vertex -31.0034791129489 225.4888618229771 6.1
    vertex -29.49592552650901 225.2616435070532 6.1
  endloop
endfacet
facet normal 0 0 1
  outer loop
    vertex -23.04742389896411 230.0335952071167 6.1
    vertex -23.32580227362019 228.0872751937341 6.1
    vertex -21.27155787628452 229.3366191533734 6.1
  endloop
endfacet
facet normal 0 0 1
  outer loop
    vertex -30.07990766514871 228.6824105575845 6.1
    vertex -31.26075628086916 230.1723234881368 6.1
    vertex -32.02656088377125 228.1191916983455 6.1
  endloop
endfacet
facet normal 0 0 1
  outer loop
    vertex -21.27155787628452 229.3366191533734 6.1
    vertex -23.32580227362019 228.0872751937341 6.1
    vertex -21.55589191925322 227.4501860371436 6.1
  endloop
endfacet
facet normal 0 0 1
  outer loop
    vertex -31.26075628086916 230.1723234881368 6.1
    vertex -32.74093136499388 229.5401523752745 6.1
    vertex -32.02656088377125 228.1191916983455 6.1
  endloop
endfacet
facet normal 0 -0 1
  outer loop
    vertex -24.27976389876224 226.196125628073 6.1
    vertex -23.32580227362019 228.0872751937341 6.1
    vertex -25.26990828836454 227.8144155754417 6.1
  endloop
endfacet
facet normal 0 0 1
  outer loop
    vertex -29.49592552650901 225.2616435070532 6.1
    vertex -27.76122467460443 225.886362863192 6.1
    vertex -28.9378930996815 227.2560073005723 6.1
  endloop
endfacet
facet normal 0 0 1
  outer loop
    vertex -26.59375989941536 232.6689538618286 6.1
    vertex -25.25607190924629 233.8067807844127 6.1
    vertex -26.52949109902945 234.3403406411688 6.1
  endloop
endfacet
facet normal 0 0 1
  outer loop
    vertex -27.51825951850039 230.7971555598837 6.1
    vertex -25.69950788230339 231.0690854211872 6.1
    vertex -26.59375989941536 232.6689538618286 6.1
  endloop
endfacet
facet normal 0 0 1
  outer loop
    vertex -28.24601455963708 229.0009700090352 6.1
    vertex -30.07990766514871 228.6824105575845 6.1
    vertex -28.9378930996815 227.2560073005723 6.1
  endloop
endfacet
facet normal 0 0 1
  outer loop
    vertex -22.38362972066214 225.7313707817662 6.1
    vertex -24.27976389876224 226.196125628073 6.1
    vertex -23.68122314438861 224.332897665578 6.1
  endloop
endfacet
facet normal -0 0 1
  outer loop
    vertex -33.43775863086001 232.1134750837257 6.1
    vertex -31.66770307509834 231.9813207194751 6.1
    vertex -32.36308985599542 233.6897246751073 6.1
  endloop
endfacet
facet normal 0 0 1
  outer loop
    vertex -29.09569185360489 223.0970805154097 6.1
    vertex -29.49592552650901 225.2616435070532 6.1
    vertex -30.87155787628449 223.794056569153 6.1
  endloop
endfacet
facet normal 0 0 1
  outer loop
    vertex -23.68122314438863 234.3403406411688 6.1
    vertex -24.44393965813296 232.4408007165871 6.1
    vertex -22.38362972066215 232.9418675249806 6.1
  endloop
endfacet
facet normal -0 0 1
  outer loop
    vertex -29.09569185360494 235.5761577913371 6.1
    vertex -28.02102307874035 233.9999081999555 6.1
    vertex -27.19328527733141 235.7187234553329 6.1
  endloop
endfacet
facet normal 0 -0 1
  outer loop
    vertex -33.43775863085999 226.559763223021 6.1
    vertex -32.02656088377125 228.1191916983455 6.1
    vertex -34.00007516412534 228.3827486498458 6.1
  endloop
endfacet
facet normal 0 0 1
  outer loop
    vertex -25.33337532033955 223.3790271620505 6.1
    vertex -26.6170319266783 224.7143277459613 6.1
    vertex -27.19328527733136 222.9545148514138 6.1
  endloop
endfacet
facet normal 0 0 1
  outer loop
    vertex -21.55589191925322 231.2230522696032 6.1
    vertex -23.04742389896411 230.0335952071167 6.1
    vertex -21.27155787628452 229.3366191533734 6.1
  endloop
endfacet
facet normal 0 0 1
  outer loop
    vertex -28.24601455963708 229.0009700090352 6.1
    vertex -28.9378930996815 227.2560073005723 6.1
    vertex -27.11633911836119 227.5809062950987 6.1
  endloop
endfacet
facet normal -0 0 1
  outer loop
    vertex -28.24601455963708 229.0009700090352 6.1
    vertex -27.11633911836119 227.5809062950987 6.1
    vertex -26.40476624973556 229.2721199632766 6.1
  endloop
endfacet
facet normal 0 -0 1
  outer loop
    vertex -26.40476624973556 229.2721199632766 6.1
    vertex -25.69950788230339 231.0690854211872 6.1
    vertex -27.51825951850039 230.7971555598837 6.1
  endloop
endfacet
facet normal 0 0 1
  outer loop
    vertex -28.24601455963708 229.0009700090352 6.1
    vertex -26.40476624973556 229.2721199632766 6.1
    vertex -27.51825951850039 230.7971555598837 6.1
  endloop
endfacet
facet normal 0 0 1
  outer loop
    vertex -29.33553438236232 230.4533895549947 6.1
    vertex -30.07990766514871 228.6824105575845 6.1
    vertex -28.24601455963708 229.0009700090352 6.1
  endloop
endfacet
facet normal -0 0 1
  outer loop
    vertex -29.33553438236232 230.4533895549947 6.1
    vertex -28.24601455963708 229.0009700090352 6.1
    vertex -27.51825951850039 230.7971555598837 6.1
  endloop
endfacet
facet normal 0 0 1
  outer loop
    vertex -27.11633911836119 227.5809062950987 6.1
    vertex -25.26990828836454 227.8144155754417 6.1
    vertex -26.40476624973556 229.2721199632766 6.1
  endloop
endfacet
facet normal 0 0 1
  outer loop
    vertex -28.67245359154407 232.2518724190385 6.1
    vertex -29.33553438236232 230.4533895549947 6.1
    vertex -27.51825951850039 230.7971555598837 6.1
  endloop
endfacet
facet normal -0 0 1
  outer loop
    vertex -28.67245359154407 232.2518724190385 6.1
    vertex -27.51825951850039 230.7971555598837 6.1
    vertex -26.59375989941536 232.6689538618286 6.1
  endloop
endfacet
facet normal -0 0 1
  outer loop
    vertex -32.02656088377125 228.1191916983455 6.1
    vertex -30.5660728329542 226.8831505730985 6.1
    vertex -30.07990766514871 228.6824105575845 6.1
  endloop
endfacet
facet normal 0 0 1
  outer loop
    vertex -27.76122467460443 225.886362863192 6.1
    vertex -25.98269598234672 226.2392456648074 6.1
    vertex -27.11633911836119 227.5809062950987 6.1
  endloop
endfacet
facet normal -0 0 1
  outer loop
    vertex -30.87155787628453 234.8791817375938 6.1
    vertex -29.63284052861261 233.6265522790578 6.1
    vertex -29.09569185360494 235.5761577913371 6.1
  endloop
endfacet
facet normal 0 0 1
  outer loop
    vertex -29.09569185360494 235.5761577913371 6.1
    vertex -29.63284052861261 233.6265522790578 6.1
    vertex -28.02102307874035 233.9999081999555 6.1
  endloop
endfacet
facet normal 0 0 1
  outer loop
    vertex -28.02102307874035 233.9999081999555 6.1
    vertex -28.67245359154407 232.2518724190385 6.1
    vertex -26.59375989941536 232.6689538618286 6.1
  endloop
endfacet
facet normal 0 0 1
  outer loop
    vertex -26.40476624973556 229.2721199632766 6.1
    vertex -24.67283784640059 229.4472542480657 6.1
    vertex -25.69950788230339 231.0690854211872 6.1
  endloop
endfacet
facet normal -0 0 1
  outer loop
    vertex -24.67283784640059 229.4472542480657 6.1
    vertex -23.32580227362019 228.0872751937341 6.1
    vertex -23.04742389896411 230.0335952071167 6.1
  endloop
endfacet
facet normal 0 0 1
  outer loop
    vertex -29.33553438236232 230.4533895549947 6.1
    vertex -31.26075628086916 230.1723234881368 6.1
    vertex -30.07990766514871 228.6824105575845 6.1
  endloop
endfacet
facet normal 0 -0 1
  outer loop
    vertex -26.6170319266783 224.7143277459613 6.1
    vertex -25.98269598234672 226.2392456648074 6.1
    vertex -27.76122467460443 225.886362863192 6.1
  endloop
endfacet
facet normal -0 0 1
  outer loop
    vertex -28.9378930996815 227.2560073005723 6.1
    vertex -27.76122467460443 225.886362863192 6.1
    vertex -27.11633911836119 227.5809062950987 6.1
  endloop
endfacet
facet normal 0 0 1
  outer loop
    vertex -25.26990828836454 227.8144155754417 6.1
    vertex -23.32580227362019 228.0872751937341 6.1
    vertex -24.67283784640059 229.4472542480657 6.1
  endloop
endfacet
facet normal -0 0 1
  outer loop
    vertex -25.69950788230339 231.0690854211872 6.1
    vertex -24.26017717440268 230.8484720435644 6.1
    vertex -24.44393965813296 232.4408007165871 6.1
  endloop
endfacet
facet normal 0 -0 1
  outer loop
    vertex -25.26990828836454 227.8144155754417 6.1
    vertex -24.67283784640059 229.4472542480657 6.1
    vertex -26.40476624973556 229.2721199632766 6.1
  endloop
endfacet
facet normal 0 0 1
  outer loop
    vertex -30.07990766514871 228.6824105575845 6.1
    vertex -30.5660728329542 226.8831505730985 6.1
    vertex -28.9378930996815 227.2560073005723 6.1
  endloop
endfacet
facet normal 0 -0 1
  outer loop
    vertex -31.26075628086916 230.1723234881368 6.1
    vertex -30.15485515446539 231.8229100328039 6.1
    vertex -31.66770307509834 231.9813207194751 6.1
  endloop
endfacet
facet normal 0 0 1
  outer loop
    vertex -29.33553438236232 230.4533895549947 6.1
    vertex -30.15485515446539 231.8229100328039 6.1
    vertex -31.26075628086916 230.1723234881368 6.1
  endloop
endfacet
facet normal 0 0 1
  outer loop
    vertex -25.26990828836454 227.8144155754417 6.1
    vertex -25.98269598234672 226.2392456648074 6.1
    vertex -24.27976389876224 226.196125628073 6.1
  endloop
endfacet
facet normal -0 0 1
  outer loop
    vertex -27.11633911836119 227.5809062950987 6.1
    vertex -25.98269598234672 226.2392456648074 6.1
    vertex -25.26990828836454 227.8144155754417 6.1
  endloop
endfacet
facet normal 0 0 1
  outer loop
    vertex -28.02102307874035 233.9999081999555 6.1
    vertex -29.63284052861261 233.6265522790578 6.1
    vertex -28.67245359154407 232.2518724190385 6.1
  endloop
endfacet
facet normal 0 0 1
  outer loop
    vertex -29.49592552650901 225.2616435070532 6.1
    vertex -31.0034791129489 225.4888618229771 6.1
    vertex -30.87155787628449 223.794056569153 6.1
  endloop
endfacet
facet normal 0 0 1
  outer loop
    vertex -30.87155787628449 223.794056569153 6.1
    vertex -31.0034791129489 225.4888618229771 6.1
    vertex -32.36308985599538 224.9835136316395 6.1
  endloop
endfacet
facet normal 0 0 1
  outer loop
    vertex -29.63284052861261 233.6265522790578 6.1
    vertex -30.99879969353089 233.2574678484678 6.1
    vertex -30.15485515446539 231.8229100328039 6.1
  endloop
endfacet
facet normal 0 -0 1
  outer loop
    vertex -34.00007516412534 228.3827486498458 6.1
    vertex -32.74093136499388 229.5401523752745 6.1
    vertex -34.00007516412535 230.2904896569009 6.1
  endloop
endfacet
facet normal 0 0 1
  outer loop
    vertex -32.02656088377125 228.1191916983455 6.1
    vertex -32.74093136499388 229.5401523752745 6.1
    vertex -34.00007516412534 228.3827486498458 6.1
  endloop
endfacet
facet normal 0 0 1
  outer loop
    vertex -29.63284052861261 233.6265522790578 6.1
    vertex -30.15485515446539 231.8229100328039 6.1
    vertex -28.67245359154407 232.2518724190385 6.1
  endloop
endfacet
facet normal -0 0 1
  outer loop
    vertex -28.02102307874035 233.9999081999555 6.1
    vertex -26.59375989941536 232.6689538618286 6.1
    vertex -26.52949109902945 234.3403406411688 6.1
  endloop
endfacet
facet normal 0 0 1
  outer loop
    vertex -27.19328527733141 235.7187234553329 6.1
    vertex -26.52949109902945 234.3403406411688 6.1
    vertex -25.3333753203396 235.2942111446963 6.1
  endloop
endfacet
facet normal 0 0 1
  outer loop
    vertex -22.38362972066215 232.9418675249806 6.1
    vertex -23.1155071700271 231.5137582094431 6.1
    vertex -21.55589191925322 231.2230522696032 6.1
  endloop
endfacet
facet normal -0 0 1
  outer loop
    vertex -24.44393965813296 232.4408007165871 6.1
    vertex -23.1155071700271 231.5137582094431 6.1
    vertex -22.38362972066215 232.9418675249806 6.1
  endloop
endfacet
facet normal 0 -0 1
  outer loop
    vertex -25.33337532033955 223.3790271620505 6.1
    vertex -25.12447960525599 224.9127827576097 6.1
    vertex -26.6170319266783 224.7143277459613 6.1
  endloop
endfacet
facet normal 0 0 1
  outer loop
    vertex -27.19328527733136 222.9545148514138 6.1
    vertex -28.0326318517456 224.382785896606 6.1
    vertex -29.09569185360489 223.0970805154097 6.1
  endloop
endfacet
facet normal 0 0 1
  outer loop
    vertex -26.6170319266783 224.7143277459613 6.1
    vertex -28.0326318517456 224.382785896606 6.1
    vertex -27.19328527733136 222.9545148514138 6.1
  endloop
endfacet
facet normal 0 0 1
  outer loop
    vertex -24.27976389876224 226.196125628073 6.1
    vertex -25.12447960525599 224.9127827576097 6.1
    vertex -23.68122314438861 224.332897665578 6.1
  endloop
endfacet
facet normal 0 0 1
  outer loop
    vertex -25.3333753203396 235.2942111446963 6.1
    vertex -25.25607190924629 233.8067807844127 6.1
    vertex -23.68122314438863 234.3403406411688 6.1
  endloop
endfacet
facet normal 0 0 1
  outer loop
    vertex -23.68122314438861 224.332897665578 6.1
    vertex -25.12447960525599 224.9127827576097 6.1
    vertex -25.33337532033955 223.3790271620505 6.1
  endloop
endfacet
facet normal 0 0 1
  outer loop
    vertex -28.02102307874035 233.9999081999555 6.1
    vertex -26.52949109902945 234.3403406411688 6.1
    vertex -27.19328527733141 235.7187234553329 6.1
  endloop
endfacet
facet normal 0 0 1
  outer loop
    vertex -23.68122314438863 234.3403406411688 6.1
    vertex -25.25607190924629 233.8067807844127 6.1
    vertex -24.44393965813296 232.4408007165871 6.1
  endloop
endfacet
facet normal 0 0 1
  outer loop
    vertex -21.55589191925322 231.2230522696032 6.1
    vertex -23.1155071700271 231.5137582094431 6.1
    vertex -23.04742389896411 230.0335952071167 6.1
  endloop
endfacet
facet normal 0 -0 1
  outer loop
    vertex -29.09569185360489 223.0970805154097 6.1
    vertex -28.0326318517456 224.382785896606 6.1
    vertex -29.49592552650901 225.2616435070532 6.1
  endloop
endfacet
facet normal 0 0 1
  outer loop
    vertex -34.00007516412535 230.2904896569009 6.1
    vertex -32.60692887071009 230.8483020833567 6.1
    vertex -33.43775863086001 232.1134750837257 6.1
  endloop
endfacet
facet normal -0 0 1
  outer loop
    vertex -32.36308985599542 233.6897246751073 6.1
    vertex -30.99879969353089 233.2574678484678 6.1
    vertex -30.87155787628453 234.8791817375938 6.1
  endloop
endfacet
facet normal 0 -0 1
  outer loop
    vertex -32.36308985599538 224.9835136316395 6.1
    vertex -31.90944931559859 226.4219636413476 6.1
    vertex -33.43775863085999 226.559763223021 6.1
  endloop
endfacet
facet normal -0 0 1
  outer loop
    vertex -33.43775863085999 226.559763223021 6.1
    vertex -31.90944931559859 226.4219636413476 6.1
    vertex -32.02656088377125 228.1191916983455 6.1
  endloop
endfacet
facet normal 0 0 1
  outer loop
    vertex -33.43775863086001 232.1134750837257 6.1
    vertex -32.60692887071009 230.8483020833567 6.1
    vertex -31.66770307509834 231.9813207194751 6.1
  endloop
endfacet
facet normal 0 -0 1
  outer loop
    vertex -24.67283784640059 229.4472542480657 6.1
    vertex -24.26017717440268 230.8484720435644 6.1
    vertex -25.69950788230339 231.0690854211872 6.1
  endloop
endfacet
facet normal 0 0 1
  outer loop
    vertex -28.67245359154407 232.2518724190385 6.1
    vertex -30.15485515446539 231.8229100328039 6.1
    vertex -29.33553438236232 230.4533895549947 6.1
  endloop
endfacet
facet normal 0 -0 1
  outer loop
    vertex -31.66770307509834 231.9813207194751 6.1
    vertex -30.99879969353089 233.2574678484678 6.1
    vertex -32.36308985599542 233.6897246751073 6.1
  endloop
endfacet
facet normal -0 0 1
  outer loop
    vertex -29.49592552650901 225.2616435070532 6.1
    vertex -28.0326318517456 224.382785896606 6.1
    vertex -27.76122467460443 225.886362863192 6.1
  endloop
endfacet
facet normal 0 0 1
  outer loop
    vertex -27.76122467460443 225.886362863192 6.1
    vertex -28.0326318517456 224.382785896606 6.1
    vertex -26.6170319266783 224.7143277459613 6.1
  endloop
endfacet
facet normal 0 0 1
  outer loop
    vertex -31.66770307509834 231.9813207194751 6.1
    vertex -32.60692887071009 230.8483020833567 6.1
    vertex -31.26075628086916 230.1723234881368 6.1
  endloop
endfacet
facet normal 0 0 1
  outer loop
    vertex -25.98269598234672 226.2392456648074 6.1
    vertex -25.12447960525599 224.9127827576097 6.1
    vertex -24.27976389876224 226.196125628073 6.1
  endloop
endfacet
facet normal 0 0 1
  outer loop
    vertex -26.6170319266783 224.7143277459613 6.1
    vertex -25.12447960525599 224.9127827576097 6.1
    vertex -25.98269598234672 226.2392456648074 6.1
  endloop
endfacet
facet normal 0 0 1
  outer loop
    vertex -30.87155787628453 234.8791817375938 6.1
    vertex -30.99879969353089 233.2574678484678 6.1
    vertex -29.63284052861261 233.6265522790578 6.1
  endloop
endfacet
facet normal 0 0 1
  outer loop
    vertex -32.02656088377125 228.1191916983455 6.1
    vertex -31.90944931559859 226.4219636413476 6.1
    vertex -30.5660728329542 226.8831505730985 6.1
  endloop
endfacet
facet normal 0 0 1
  outer loop
    vertex -23.04742389896411 230.0335952071167 6.1
    vertex -24.26017717440268 230.8484720435644 6.1
    vertex -24.67283784640059 229.4472542480657 6.1
  endloop
endfacet
facet normal 0 0 1
  outer loop
    vertex -30.15485515446539 231.8229100328039 6.1
    vertex -30.99879969353089 233.2574678484678 6.1
    vertex -31.66770307509834 231.9813207194751 6.1
  endloop
endfacet
facet normal 0 0 1
  outer loop
    vertex -24.44393965813296 232.4408007165871 6.1
    vertex -24.26017717440268 230.8484720435644 6.1
    vertex -23.1155071700271 231.5137582094431 6.1
  endloop
endfacet
facet normal 0 -0 1
  outer loop
    vertex -32.74093136499388 229.5401523752745 6.1
    vertex -32.60692887071009 230.8483020833567 6.1
    vertex -34.00007516412535 230.2904896569009 6.1
  endloop
endfacet
facet normal -0 0 1
  outer loop
    vertex -26.52949109902945 234.3403406411688 6.1
    vertex -25.25607190924629 233.8067807844127 6.1
    vertex -25.3333753203396 235.2942111446963 6.1
  endloop
endfacet
facet normal 0 0 1
  outer loop
    vertex -31.0034791129489 225.4888618229771 6.1
    vertex -31.90944931559859 226.4219636413476 6.1
    vertex -32.36308985599538 224.9835136316395 6.1
  endloop
endfacet
facet normal 0 0 1
  outer loop
    vertex -31.26075628086916 230.1723234881368 6.1
    vertex -32.60692887071009 230.8483020833567 6.1
    vertex -32.74093136499388 229.5401523752745 6.1
  endloop
endfacet
facet normal 0 0 1
  outer loop
    vertex -30.5660728329542 226.8831505730985 6.1
    vertex -31.90944931559859 226.4219636413476 6.1
    vertex -31.0034791129489 225.4888618229771 6.1
  endloop
endfacet
facet normal 0 0 1
  outer loop
    vertex -23.1155071700271 231.5137582094431 6.1
    vertex -24.26017717440268 230.8484720435644 6.1
    vertex -23.04742389896411 230.0335952071167 6.1
  endloop
endfacet
facet normal 0.754606 -0.656179 0
  outer loop
    vertex 50 224.0094 5.324999999999999
    vertex 50 224.0094 7.1
    vertex 48.83914155005382 222.6744127825619 5.768750000000001
  endloop
endfacet
facet normal 0.754606 -0.656179 0
  outer loop
    vertex 48 221.7094 1.775
    vertex 48 221.7094 0
    vertex 49.16085844994618 223.0443872174381 1.33125
  endloop
endfacet
facet normal 0.754606 -0.656179 -2.38047e-15
  outer loop
    vertex 49 222.8594 0
    vertex 50 224.0094 0
    vertex 49.16085844994618 223.0443872174381 1.33125
  endloop
endfacet
facet normal 0.754606 -0.656179 -2.38047e-15
  outer loop
    vertex 49 222.8594 7.1
    vertex 48 221.7094 7.1
    vertex 48.83914155005382 222.6744127825619 5.768750000000001
  endloop
endfacet
facet normal 0.754606 -0.656179 0
  outer loop
    vertex 50 224.0094 0
    vertex 50 224.0094 1.775
    vertex 49.16085844994618 223.0443872174381 1.33125
  endloop
endfacet
facet normal 0.754606 -0.656179 0
  outer loop
    vertex 48 221.7094 7.1
    vertex 48 221.7094 5.324999999999999
    vertex 48.83914155005382 222.6744127825619 5.768750000000001
  endloop
endfacet
facet normal 0.754606 -0.656179 0
  outer loop
    vertex 48 221.7094 3.55
    vertex 48 221.7094 1.775
    vertex 49.02680974165769 222.8902312029063 2.736458333333333
  endloop
endfacet
facet normal 0.754606 -0.656179 0
  outer loop
    vertex 48 221.7094 5.324999999999999
    vertex 48 221.7094 3.55
    vertex 48.97765854861859 222.8337073309114 4.375868055555555
  endloop
endfacet
facet normal 0.754606 -0.656179 0
  outer loop
    vertex 50 224.0094 1.775
    vertex 50 224.0094 3.55
    vertex 49.02680974165769 222.8902312029063 2.736458333333333
  endloop
endfacet
facet normal 0.754606 -0.656179 0
  outer loop
    vertex 50 224.0094 3.55
    vertex 50 224.0094 5.324999999999999
    vertex 48.97765854861859 222.8337073309114 4.375868055555555
  endloop
endfacet
facet normal 0.754606 -0.656179 7.99857e-15
  outer loop
    vertex 49.02680974165769 222.8902312029063 2.736458333333333
    vertex 50 224.0094 3.55
    vertex 48.97765854861859 222.8337073309114 4.375868055555555
  endloop
endfacet
facet normal 0.754606 -0.656179 8.15668e-15
  outer loop
    vertex 48 221.7094 3.55
    vertex 49.02680974165769 222.8902312029063 2.736458333333333
    vertex 48.97765854861859 222.8337073309114 4.375868055555555
  endloop
endfacet
facet normal 0.754606 -0.656179 -9.2699e-16
  outer loop
    vertex 49.02680974165769 222.8902312029063 2.736458333333333
    vertex 48 221.7094 1.775
    vertex 49.16085844994618 223.0443872174381 1.33125
  endloop
endfacet
facet normal 0.754606 -0.656179 -4.76546e-15
  outer loop
    vertex 48.97765854861859 222.8337073309114 4.375868055555555
    vertex 50 224.0094 5.324999999999999
    vertex 48.83914155005382 222.6744127825619 5.768750000000001
  endloop
endfacet
facet normal 0.754606 -0.656179 -2.35257e-16
  outer loop
    vertex 50 224.0094 1.775
    vertex 49.02680974165769 222.8902312029063 2.736458333333333
    vertex 49.16085844994618 223.0443872174381 1.33125
  endloop
endfacet
facet normal 0.754606 -0.656179 -3.73048e-15
  outer loop
    vertex 48 221.7094 5.324999999999999
    vertex 48.97765854861859 222.8337073309114 4.375868055555555
    vertex 48.83914155005382 222.6744127825619 5.768750000000001
  endloop
endfacet
facet normal 0.754606 -0.656179 -2.40783e-15
  outer loop
    vertex 48 221.7094 0
    vertex 49 222.8594 0
    vertex 49.16085844994618 223.0443872174381 1.33125
  endloop
endfacet
facet normal 0.754606 -0.656179 -2.40783e-15
  outer loop
    vertex 50 224.0094 7.1
    vertex 49 222.8594 7.1
    vertex 48.83914155005382 222.6744127825619 5.768750000000001
  endloop
endfacet
facet normal 0 -1 0
  outer loop
    vertex 18.61116231012062 221.7094 0
    vertex 20.57023202697539 221.7094 0
    vertex 19.41845061571767 221.7094 2.030422586081532
  endloop
endfacet
facet normal 0 -1 0
  outer loop
    vertex -20.57023202697509 221.7094 0
    vertex -18.61116231012031 221.7094 0
    vertex -19.41835274750411 221.7094 2.028902087655219
  endloop
endfacet
facet normal 0 -1 0
  outer loop
    vertex 19.41845061571767 221.7094 2.030422586081532
    vertex 21.33418565745876 221.7094 1.955204466638697
    vertex 20.17338079266422 221.7094 3.71148319759555
  endloop
endfacet
facet normal 0 -1 0
  outer loop
    vertex -21.33025241940599 221.7094 1.955106018182377
    vertex -19.41835274750411 221.7094 2.028902087655219
    vertex -20.1655302883435 221.7094 3.713619851583242
  endloop
endfacet
facet normal -0 -1 0
  outer loop
    vertex 1.959069716854934 221.7094 1.696604142581031
    vertex -5.84798986125179e-06 221.7094 3.64562214729533
    vertex -1.169597844352666e-06 221.7094 1.407766086491478
  endloop
endfacet
facet normal 0 -1 -0
  outer loop
    vertex -5.84798986125179e-06 221.7094 3.64562214729533
    vertex -1.959069716854607 221.7094 1.696604142581031
    vertex -1.169597844352666e-06 221.7094 1.407766086491478
  endloop
endfacet
facet normal 0 -1 0
  outer loop
    vertex 21.33418565745876 221.7094 1.955204466638697
    vertex 22.10574542594571 221.7094 3.658303750512848
    vertex 20.17338079266422 221.7094 3.71148319759555
  endloop
endfacet
facet normal 0 -1 0
  outer loop
    vertex -22.06997305536849 221.7094 3.67168900977935
    vertex -21.33025241940599 221.7094 1.955106018182377
    vertex -20.1655302883435 221.7094 3.713619851583242
  endloop
endfacet
facet normal 0 -1 0
  outer loop
    vertex -1.959069716854607 221.7094 1.696604142581031
    vertex -5.84798986125179e-06 221.7094 3.64562214729533
    vertex -2.000000000000007 221.7094 3.668238378863413
  endloop
endfacet
facet normal 0 -1 0
  outer loop
    vertex -5.84798986125179e-06 221.7094 3.64562214729533
    vertex 1.959069716854934 221.7094 1.696604142581031
    vertex 1.996293991124801 221.7094 3.669289137322586
  endloop
endfacet
facet normal 0 -1 -0
  outer loop
    vertex 1.996293991124801 221.7094 3.669289137322586
    vertex 1.959069716854934 221.7094 1.696604142581031
    vertex 3.918139433709726 221.7094 1.692135388473745
  endloop
endfacet
facet normal 0 -1 -0
  outer loop
    vertex 36.89056620519284 221.7094 2.340771773363666
    vertex 35.32560560644073 221.7094 1.794834479792212
    vertex 36.97253610615688 221.7094 1.132121250631175
  endloop
endfacet
facet normal -0 -1 0
  outer loop
    vertex -1.959069716854607 221.7094 1.696604142581031
    vertex -2.000000000000007 221.7094 3.668238378863413
    vertex -3.918139433709442 221.7094 1.69213538847372
  endloop
endfacet
facet normal -0 -1 0
  outer loop
    vertex 3.999994152010203 221.7094 3.645622147295348
    vertex 1.996293991124801 221.7094 3.669289137322586
    vertex 3.918139433709726 221.7094 1.692135388473745
  endloop
endfacet
facet normal 0 -1 0
  outer loop
    vertex -2.000000000000007 221.7094 3.668238378863413
    vertex -3.999994152010139 221.7094 3.645622147295328
    vertex -3.918139433709442 221.7094 1.69213538847372
  endloop
endfacet
facet normal -0 -1 0
  outer loop
    vertex -35.32533562034469 221.7094 1.792413338477736
    vertex -36.88117073789737 221.7094 2.287499999999997
    vertex -36.97060301547855 221.7094 1.120982667695546
  endloop
endfacet
facet normal -0 -1 0
  outer loop
    vertex 5.877209150564518 221.7094 1.696604142581031
    vertex 3.999994152010203 221.7094 3.645622147295348
    vertex 3.918139433709726 221.7094 1.692135388473745
  endloop
endfacet
facet normal 0 -1 -0
  outer loop
    vertex -3.999994152010139 221.7094 3.645622147295328
    vertex -5.877209150564219 221.7094 1.696604142581031
    vertex -3.918139433709442 221.7094 1.69213538847372
  endloop
endfacet
facet normal 0 -1 0
  outer loop
    vertex 3.999994152010203 221.7094 3.645622147295348
    vertex 5.877209150564518 221.7094 1.696604142581031
    vertex 5.996292111652508 221.7094 3.667547087477923
  endloop
endfacet
facet normal 0 -1 0
  outer loop
    vertex -5.877209150564219 221.7094 1.696604142581031
    vertex -3.999994152010139 221.7094 3.645622147295328
    vertex -5.996292111652551 221.7094 3.667547087477903
  endloop
endfacet
facet normal 0 -1 -0
  outer loop
    vertex 5.996292111652508 221.7094 3.667547087477923
    vertex 5.877209150564518 221.7094 1.696604142581031
    vertex 7.836278867419246 221.7094 1.694892462395288
  endloop
endfacet
facet normal -0 -1 0
  outer loop
    vertex -5.877209150564219 221.7094 1.696604142581031
    vertex -5.996292111652551 221.7094 3.667547087477903
    vertex -7.83627886741899 221.7094 1.69489246239531
  endloop
endfacet
facet normal -0 -1 0
  outer loop
    vertex 7.999994152010224 221.7094 3.645622147295342
    vertex 5.996292111652508 221.7094 3.667547087477923
    vertex 7.836278867419246 221.7094 1.694892462395288
  endloop
endfacet
facet normal 0 -1 0
  outer loop
    vertex -5.996292111652551 221.7094 3.667547087477903
    vertex -7.999994152010139 221.7094 3.645622147295328
    vertex -7.83627886741899 221.7094 1.69489246239531
  endloop
endfacet
facet normal 0 -1 0
  outer loop
    vertex 7.999994152010224 221.7094 3.645622147295342
    vertex 9.795348584274116 221.7094 1.696604142581031
    vertex 9.996288263722953 221.7094 3.663980509236069
  endloop
endfacet
facet normal 0 -1 0
  outer loop
    vertex -9.795348584273754 221.7094 1.696604142581031
    vertex -7.999994152010139 221.7094 3.645622147295328
    vertex -9.996288263723017 221.7094 3.66398050923602
  endloop
endfacet
facet normal 0 -1 0
  outer loop
    vertex 20.57023202697539 221.7094 0
    vertex 21.33418565745876 221.7094 1.955204466638697
    vertex 19.41845061571767 221.7094 2.030422586081532
  endloop
endfacet
facet normal 0 -1 0
  outer loop
    vertex 34.2837200449589 221.7094 0
    vertex 36.24278976181368 221.7094 0
    vertex 35.32560560644073 221.7094 1.794834479792212
  endloop
endfacet
facet normal -0 -1 0
  outer loop
    vertex 9.795348584274116 221.7094 1.696604142581031
    vertex 7.999994152010224 221.7094 3.645622147295342
    vertex 7.836278867419246 221.7094 1.694892462395288
  endloop
endfacet
facet normal 0 -1 -0
  outer loop
    vertex -7.999994152010139 221.7094 3.645622147295328
    vertex -9.795348584273754 221.7094 1.696604142581031
    vertex -7.83627886741899 221.7094 1.69489246239531
  endloop
endfacet
facet normal 0 -1 0
  outer loop
    vertex -21.33025241940599 221.7094 1.955106018182377
    vertex -20.57023202697509 221.7094 0
    vertex -19.41835274750411 221.7094 2.028902087655219
  endloop
endfacet
facet normal 0 -1 0
  outer loop
    vertex 35.32560560644073 221.7094 1.794834479792212
    vertex 36.24278976181368 221.7094 0
    vertex 36.97253610615688 221.7094 1.132121250631175
  endloop
endfacet
facet normal 0 -1 0
  outer loop
    vertex 9.795348584274116 221.7094 1.696604142581031
    vertex 11.75441830112884 221.7094 1.69660414258091
    vertex 9.996288263722953 221.7094 3.663980509236069
  endloop
endfacet
facet normal 0 -1 0
  outer loop
    vertex -11.75441830112854 221.7094 1.696604142581031
    vertex -9.795348584273754 221.7094 1.696604142581031
    vertex -9.996288263723017 221.7094 3.66398050923602
  endloop
endfacet
facet normal 0 -1 0
  outer loop
    vertex -12.00373154285548 221.7094 3.645622139755793
    vertex -11.75441830112854 221.7094 1.696604142581031
    vertex -9.996288263723017 221.7094 3.66398050923602
  endloop
endfacet
facet normal 0 -1 0
  outer loop
    vertex -37.02313626764395 221.7094 5.138893293769028
    vertex -35.74320965324254 221.7094 4.021013872612592
    vertex -36.11092921560667 221.7094 5.857345195722683
  endloop
endfacet
facet normal 0 -1 0
  outer loop
    vertex 11.75441830112884 221.7094 1.69660414258091
    vertex 11.9999941520102 221.7094 3.64562214729533
    vertex 9.996288263722953 221.7094 3.663980509236069
  endloop
endfacet
facet normal -0 -1 0
  outer loop
    vertex -21.33025241940599 221.7094 1.955106018182377
    vertex -22.06997305536849 221.7094 3.67168900977935
    vertex -23.33060471138091 221.7094 1.812986548787367
  endloop
endfacet
facet normal 0 -1 0
  outer loop
    vertex -36.24278976181338 221.7094 0
    vertex -34.28372004495859 221.7094 0
    vertex -35.32533562034469 221.7094 1.792413338477736
  endloop
endfacet
facet normal 0 -1 0
  outer loop
    vertex -44.56342845754629 221.7094 6.1
    vertex -42.97303621282688 221.7094 6.1
    vertex -44 221.7094 7.1
  endloop
endfacet
facet normal 0 -1 0
  outer loop
    vertex 42.97303621282691 221.7094 6.1
    vertex 44.56342845754632 221.7094 6.1
    vertex 44 221.7094 7.1
  endloop
endfacet
facet normal 0 -1 0
  outer loop
    vertex -36.24278976181338 221.7094 0
    vertex -35.32533562034469 221.7094 1.792413338477736
    vertex -36.97060301547855 221.7094 1.120982667695546
  endloop
endfacet
facet normal 0 -1 0
  outer loop
    vertex -22.06997305536849 221.7094 3.67168900977935
    vertex -24.15347318899777 221.7094 3.544872782310425
    vertex -23.33060471138091 221.7094 1.812986548787367
  endloop
endfacet
facet normal 0 -1 -0
  outer loop
    vertex -37.02313626764395 221.7094 5.138893293769028
    vertex -37.02504425634339 221.7094 3.828991562512252
    vertex -35.74320965324254 221.7094 4.021013872612592
  endloop
endfacet
facet normal 0 -1 -0
  outer loop
    vertex 22.10574542594571 221.7094 3.658303750512848
    vertex 21.33418565745876 221.7094 1.955204466638697
    vertex 23.40025080572642 221.7094 1.747532295814776
  endloop
endfacet
facet normal 0 -1 0
  outer loop
    vertex 11.9999941520102 221.7094 3.64562214729533
    vertex 13.71348801798365 221.7094 1.696604142581028
    vertex 13.99628244747821 221.7094 3.658589534220253
  endloop
endfacet
facet normal 0 -1 0
  outer loop
    vertex -26.15497041969094 221.7094 3.565237055321281
    vertex -25.4122563999986 221.7094 1.706251482452053
    vertex -24.15347318899777 221.7094 3.544872782310425
  endloop
endfacet
facet normal 0 -1 0
  outer loop
    vertex -13.71348801798334 221.7094 1.696604142581031
    vertex -12.00373154285548 221.7094 3.645622139755793
    vertex -14.00001847304763 221.7094 3.657280356903808
  endloop
endfacet
facet normal -0 -1 0
  outer loop
    vertex 13.71348801798365 221.7094 1.696604142581028
    vertex 11.9999941520102 221.7094 3.64562214729533
    vertex 11.75441830112884 221.7094 1.69660414258091
  endloop
endfacet
facet normal 0 -1 0
  outer loop
    vertex 38.20185947866868 221.7094 4.574999999999998
    vertex 38.20185947866868 221.7094 6.1
    vertex 36.71203151570525 221.7094 5.348099547364318
  endloop
endfacet
facet normal 0 -1 -0
  outer loop
    vertex -12.00373154285548 221.7094 3.645622139755793
    vertex -13.71348801798334 221.7094 1.696604142581031
    vertex -11.75441830112854 221.7094 1.696604142581031
  endloop
endfacet
facet normal 0 -1 0
  outer loop
    vertex 27.04026584335716 221.7094 5.261877791433305
    vertex 28.14408545781318 221.7094 3.40863643535665
    vertex 29.05349236023848 221.7094 5.293958987951614
  endloop
endfacet
facet normal -0 -1 0
  outer loop
    vertex 15.99999415201023 221.7094 3.645622147295331
    vertex 13.99628244747821 221.7094 3.658589534220253
    vertex 15.67255773483832 221.7094 1.696604142581022
  endloop
endfacet
facet normal 0 -1 -0
  outer loop
    vertex 13.99628244747821 221.7094 3.658589534220253
    vertex 13.71348801798365 221.7094 1.696604142581028
    vertex 15.67255773483832 221.7094 1.696604142581022
  endloop
endfacet
facet normal 0 -1 0
  outer loop
    vertex -14.00001847304763 221.7094 3.657280356903808
    vertex -16.0037315428555 221.7094 3.645622139755798
    vertex -15.67255773483815 221.7094 1.696604142581023
  endloop
endfacet
facet normal -0 -1 0
  outer loop
    vertex 23.89051398464208 221.7094 3.579403837552526
    vertex 22.10574542594571 221.7094 3.658303750512848
    vertex 23.40025080572642 221.7094 1.747532295814776
  endloop
endfacet
facet normal -0 -1 0
  outer loop
    vertex -13.71348801798334 221.7094 1.696604142581031
    vertex -14.00001847304763 221.7094 3.657280356903808
    vertex -15.67255773483815 221.7094 1.696604142581023
  endloop
endfacet
facet normal 0 -1 0
  outer loop
    vertex 25.42793237377711 221.7094 1.704179607661789
    vertex 26.12391520318288 221.7094 3.578196747293811
    vertex 23.89051398464208 221.7094 3.579403837552526
  endloop
endfacet
facet normal 0 -1 0
  outer loop
    vertex 41.3826439681075 221.7094 6.1
    vertex 42.97303621282691 221.7094 6.1
    vertex 42 221.7094 7.1
  endloop
endfacet
facet normal 0 -1 0
  outer loop
    vertex -42.97303621282688 221.7094 6.1
    vertex -41.38264396810747 221.7094 6.1
    vertex -42 221.7094 7.1
  endloop
endfacet
facet normal 0 -1 0
  outer loop
    vertex 32.05140075815984 221.7094 3.649292243491319
    vertex 33.24810363584457 221.7094 1.799440712640071
    vertex 33.96885967790288 221.7094 3.738935156296235
  endloop
endfacet
facet normal 0 -1 0
  outer loop
    vertex 15.99999415201023 221.7094 3.645622147295331
    vertex 17.63162745169323 221.7094 1.696604142581022
    vertex 18.18466266080375 221.7094 3.751480726160391
  endloop
endfacet
facet normal 0 -1 0
  outer loop
    vertex -17.63162745169291 221.7094 1.696604142581031
    vertex -16.0037315428555 221.7094 3.645622139755798
    vertex -18.18559206865215 221.7094 3.750544467029614
  endloop
endfacet
facet normal 0 -1 0
  outer loop
    vertex 17.63162745169323 221.7094 1.696604142581022
    vertex 15.99999415201023 221.7094 3.645622147295331
    vertex 15.67255773483832 221.7094 1.696604142581022
  endloop
endfacet
facet normal 0 -1 -0
  outer loop
    vertex -16.0037315428555 221.7094 3.645622139755798
    vertex -17.63162745169291 221.7094 1.696604142581031
    vertex -15.67255773483815 221.7094 1.696604142581023
  endloop
endfacet
facet normal 0 -1 0
  outer loop
    vertex -28.18529209280447 221.7094 3.4813813165958
    vertex -27.05206090430321 221.7094 5.249612505213214
    vertex -29.04222244471678 221.7094 5.303373444070786
  endloop
endfacet
facet normal 0 -1 0
  outer loop
    vertex 17.63162745169323 221.7094 1.696604142581022
    vertex 18.61116231012062 221.7094 0
    vertex 19.41845061571767 221.7094 2.030422586081532
  endloop
endfacet
facet normal 0 -1 0
  outer loop
    vertex 36.89056620519284 221.7094 2.340771773363666
    vertex 37.11966623991169 221.7094 3.845093097921831
    vertex 35.70696672654674 221.7094 3.814655922793742
  endloop
endfacet
facet normal 0 -1 0
  outer loop
    vertex -37.02504425634339 221.7094 3.828991562512252
    vertex -36.88117073789737 221.7094 2.287499999999997
    vertex -35.74320965324254 221.7094 4.021013872612592
  endloop
endfacet
facet normal 0 -1 0
  outer loop
    vertex -18.61116231012031 221.7094 0
    vertex -17.63162745169291 221.7094 1.696604142581031
    vertex -19.41835274750411 221.7094 2.028902087655219
  endloop
endfacet
facet normal 0 -1 0
  outer loop
    vertex -33.2671079446087 221.7094 1.769032377163674
    vertex -32.04711955910622 221.7094 3.684171790950597
    vertex -33.94908020888089 221.7094 3.753743679560393
  endloop
endfacet
facet normal 0 -1 0
  outer loop
    vertex 36 221.7094 7.1
    vertex 36.71203151570525 221.7094 5.348099547364318
    vertex 37.14422322784561 221.7094 6.406879722352065
  endloop
endfacet
facet normal 0 -1 0
  outer loop
    vertex 33.24810363584457 221.7094 1.799440712640071
    vertex 34.2837200449589 221.7094 0
    vertex 35.32560560644073 221.7094 1.794834479792212
  endloop
endfacet
facet normal 0 -1 -0
  outer loop
    vertex -24.15347318899777 221.7094 3.544872782310425
    vertex -25.4122563999986 221.7094 1.706251482452053
    vertex -23.33060471138091 221.7094 1.812986548787367
  endloop
endfacet
facet normal 0 -1 -0
  outer loop
    vertex 26.12391520318288 221.7094 3.578196747293811
    vertex 25.42793237377711 221.7094 1.704179607661789
    vertex 27.39502323622706 221.7094 1.575592766838139
  endloop
endfacet
facet normal 0 -1 -0
  outer loop
    vertex 36 221.7094 7.1
    vertex 34.88434141841553 221.7094 5.434258521667175
    vertex 36.71203151570525 221.7094 5.348099547364318
  endloop
endfacet
facet normal 0 -1 0
  outer loop
    vertex 25.42793237377711 221.7094 1.704179607661789
    vertex 23.89051398464208 221.7094 3.579403837552526
    vertex 23.40025080572642 221.7094 1.747532295814776
  endloop
endfacet
facet normal -0 -1 0
  outer loop
    vertex -44.56342845754629 221.7094 6.1
    vertex -46 221.7094 7.1
    vertex -45.76929924784759 221.7094 5.374420001895123
  endloop
endfacet
facet normal 0 -1 0
  outer loop
    vertex 46 221.7094 7.1
    vertex 44.56342845754632 221.7094 6.1
    vertex 45.76929924784761 221.7094 5.374420001895101
  endloop
endfacet
facet normal 0 -1 0
  outer loop
    vertex -34.28372004495859 221.7094 0
    vertex -33.2671079446087 221.7094 1.769032377163674
    vertex -35.32533562034469 221.7094 1.792413338477736
  endloop
endfacet
facet normal -0 -1 0
  outer loop
    vertex 33.24810363584457 221.7094 1.799440712640071
    vertex 32.05140075815984 221.7094 3.649292243491319
    vertex 31.23249180619486 221.7094 1.777807810501861
  endloop
endfacet
facet normal 0 -1 0
  outer loop
    vertex -36.88117073789737 221.7094 2.287499999999997
    vertex -35.32533562034469 221.7094 1.792413338477736
    vertex -35.74320965324254 221.7094 4.021013872612592
  endloop
endfacet
facet normal 0 -1 0
  outer loop
    vertex 28.14408545781318 221.7094 3.40863643535665
    vertex 27.04026584335716 221.7094 5.261877791433305
    vertex 26.12391520318288 221.7094 3.578196747293811
  endloop
endfacet
facet normal 0 -1 -0
  outer loop
    vertex -32.04711955910622 221.7094 3.684171790950597
    vertex -33.2671079446087 221.7094 1.769032377163674
    vertex -31.24399079499477 221.7094 1.780255937119867
  endloop
endfacet
facet normal 0 -1 -0
  outer loop
    vertex -27.05206090430321 221.7094 5.249612505213214
    vertex -28.18529209280447 221.7094 3.4813813165958
    vertex -26.15497041969094 221.7094 3.565237055321281
  endloop
endfacet
facet normal 0 -1 0
  outer loop
    vertex 35.32560560644073 221.7094 1.794834479792212
    vertex 36.89056620519284 221.7094 2.340771773363666
    vertex 35.70696672654674 221.7094 3.814655922793742
  endloop
endfacet
facet normal 0 -1 0
  outer loop
    vertex -25.4122563999986 221.7094 1.706251482452053
    vertex -26.15497041969094 221.7094 3.565237055321281
    vertex -27.32053378407045 221.7094 1.742926244582487
  endloop
endfacet
facet normal -0 -1 0
  outer loop
    vertex 28.14408545781318 221.7094 3.40863643535665
    vertex 26.12391520318288 221.7094 3.578196747293811
    vertex 27.39502323622706 221.7094 1.575592766838139
  endloop
endfacet
facet normal 0 -1 0
  outer loop
    vertex 28.14408545781318 221.7094 3.40863643535665
    vertex 30.12974364760511 221.7094 3.518194985744204
    vertex 29.05349236023848 221.7094 5.293958987951614
  endloop
endfacet
facet normal 0 -1 0
  outer loop
    vertex -38.20185947866864 221.7094 6.1
    vertex -38.20185947866864 221.7094 4.574999999999998
    vertex -37.02313626764395 221.7094 5.138893293769028
  endloop
endfacet
facet normal 0 -1 0
  outer loop
    vertex -26.15497041969094 221.7094 3.565237055321281
    vertex -28.18529209280447 221.7094 3.4813813165958
    vertex -27.32053378407045 221.7094 1.742926244582487
  endloop
endfacet
facet normal 0 -1 -0
  outer loop
    vertex 30.12974364760511 221.7094 3.518194985744204
    vertex 29.27547185620614 221.7094 1.699918921135568
    vertex 31.23249180619486 221.7094 1.777807810501861
  endloop
endfacet
facet normal 0 -1 -0
  outer loop
    vertex 33.96885967790288 221.7094 3.738935156296235
    vertex 33.24810363584457 221.7094 1.799440712640071
    vertex 35.32560560644073 221.7094 1.794834479792212
  endloop
endfacet
facet normal -0 -1 0
  outer loop
    vertex 36.71203151570525 221.7094 5.348099547364318
    vertex 34.88434141841553 221.7094 5.434258521667175
    vertex 35.70696672654674 221.7094 3.814655922793742
  endloop
endfacet
facet normal 0 -1 -0
  outer loop
    vertex -25.01218324230817 221.7094 5.260083949771198
    vertex -26.15497041969094 221.7094 3.565237055321281
    vertex -24.15347318899777 221.7094 3.544872782310425
  endloop
endfacet
facet normal 0 -1 0
  outer loop
    vertex 32.05140075815984 221.7094 3.649292243491319
    vertex 30.12974364760511 221.7094 3.518194985744204
    vertex 31.23249180619486 221.7094 1.777807810501861
  endloop
endfacet
facet normal -0 -1 0
  outer loop
    vertex 37.11966623991169 221.7094 3.845093097921831
    vertex 36.71203151570525 221.7094 5.348099547364318
    vertex 35.70696672654674 221.7094 3.814655922793742
  endloop
endfacet
facet normal 0 -1 0
  outer loop
    vertex -33.2671079446087 221.7094 1.769032377163674
    vertex -33.94908020888089 221.7094 3.753743679560393
    vertex -35.32533562034469 221.7094 1.792413338477736
  endloop
endfacet
facet normal 0 -1 0
  outer loop
    vertex -30.14275460690588 221.7094 3.523643841479148
    vertex -28.18529209280447 221.7094 3.4813813165958
    vertex -29.04222244471678 221.7094 5.303373444070786
  endloop
endfacet
facet normal 0 -1 0
  outer loop
    vertex -29.316731719995 221.7094 1.704687613125788
    vertex -30.14275460690588 221.7094 3.523643841479148
    vertex -31.24399079499477 221.7094 1.780255937119867
  endloop
endfacet
facet normal -0 -1 0
  outer loop
    vertex -24 221.7094 7.1
    vertex -26 221.7094 7.1
    vertex -25.01218324230817 221.7094 5.260083949771198
  endloop
endfacet
facet normal 0 -1 0
  outer loop
    vertex 26.12391520318288 221.7094 3.578196747293811
    vertex 25.01238017197727 221.7094 5.265200625945239
    vertex 23.89051398464208 221.7094 3.579403837552526
  endloop
endfacet
facet normal 0 -1 0
  outer loop
    vertex -32.32465032810381 221.7094 0
    vertex -30.36558061124902 221.7094 0
    vertex -31.24399079499477 221.7094 1.780255937119867
  endloop
endfacet
facet normal -0 -1 0
  outer loop
    vertex -30.14275460690588 221.7094 3.523643841479148
    vertex -32.04711955910622 221.7094 3.684171790950597
    vertex -31.24399079499477 221.7094 1.780255937119867
  endloop
endfacet
facet normal -0 -1 0
  outer loop
    vertex 26 221.7094 7.1
    vertex 24 221.7094 7.1
    vertex 25.01238017197727 221.7094 5.265200625945239
  endloop
endfacet
facet normal 0 -1 0
  outer loop
    vertex 30.36558061124933 221.7094 0
    vertex 32.32465032810411 221.7094 0
    vertex 31.23249180619486 221.7094 1.777807810501861
  endloop
endfacet
facet normal -0 -1 0
  outer loop
    vertex -22.95013537372947 221.7094 5.34858654668759
    vertex -24 221.7094 7.1
    vertex -25.01218324230817 221.7094 5.260083949771198
  endloop
endfacet
facet normal -0 -1 0
  outer loop
    vertex 34.88434141841553 221.7094 5.434258521667175
    vertex 34 221.7094 7.1
    vertex 32.98125307657428 221.7094 5.400495808871691
  endloop
endfacet
facet normal 0 -1 0
  outer loop
    vertex -33.2671079446087 221.7094 1.769032377163674
    vertex -32.32465032810381 221.7094 0
    vertex -31.24399079499477 221.7094 1.780255937119867
  endloop
endfacet
facet normal 0 -1 -0
  outer loop
    vertex 24 221.7094 7.1
    vertex 22.96009715560953 221.7094 5.352526221723863
    vertex 25.01238017197727 221.7094 5.265200625945239
  endloop
endfacet
facet normal 0 -1 0
  outer loop
    vertex 36.71203151570525 221.7094 5.348099547364318
    vertex 38.20185947866868 221.7094 6.1
    vertex 37.14422322784561 221.7094 6.406879722352065
  endloop
endfacet
facet normal 0 -1 0
  outer loop
    vertex 32.32465032810411 221.7094 0
    vertex 33.24810363584457 221.7094 1.799440712640071
    vertex 31.23249180619486 221.7094 1.777807810501861
  endloop
endfacet
facet normal -0 -1 0
  outer loop
    vertex -45.75650740273269 221.7094 2.262600876945617
    vertex -46.89591280000067 221.7094 2.832415221738155
    vertex -46.91281762968513 221.7094 1.129267381230115
  endloop
endfacet
facet normal 0 -1 -0
  outer loop
    vertex 46.89591280000059 221.7094 2.832415221738239
    vertex 45.75650740273262 221.7094 2.262600876945712
    vertex 46.91281762968492 221.7094 1.129267381230402
  endloop
endfacet
facet normal 0 -1 0
  outer loop
    vertex 34.88434141841553 221.7094 5.434258521667175
    vertex 32.98125307657428 221.7094 5.400495808871691
    vertex 33.96885967790288 221.7094 3.738935156296235
  endloop
endfacet
facet normal -0 -1 0
  outer loop
    vertex -32.97048302751897 221.7094 5.412743752840958
    vertex -34.76453502142927 221.7094 5.533896099236057
    vertex -33.94908020888089 221.7094 3.753743679560393
  endloop
endfacet
facet normal 0 -1 -0
  outer loop
    vertex -26 221.7094 7.1
    vertex -27.05206090430321 221.7094 5.249612505213214
    vertex -25.01218324230817 221.7094 5.260083949771198
  endloop
endfacet
facet normal 0 -1 0
  outer loop
    vertex -30.36558061124902 221.7094 0
    vertex -29.316731719995 221.7094 1.704687613125788
    vertex -31.24399079499477 221.7094 1.780255937119867
  endloop
endfacet
facet normal -0 -1 0
  outer loop
    vertex -31.01125725485766 221.7094 5.367854697610333
    vertex -32.97048302751897 221.7094 5.412743752840958
    vertex -32.04711955910622 221.7094 3.684171790950597
  endloop
endfacet
facet normal -0 -1 0
  outer loop
    vertex -34 221.7094 7.1
    vertex -36 221.7094 7.1
    vertex -34.76453502142927 221.7094 5.533896099236057
  endloop
endfacet
facet normal -0 -1 0
  outer loop
    vertex 36 221.7094 7.1
    vertex 34 221.7094 7.1
    vertex 34.88434141841553 221.7094 5.434258521667175
  endloop
endfacet
facet normal 0 -1 0
  outer loop
    vertex -31.01125725485766 221.7094 5.367854697610333
    vertex -32 221.7094 7.1
    vertex -32.97048302751897 221.7094 5.412743752840958
  endloop
endfacet
facet normal 0 -1 0
  outer loop
    vertex 27.04026584335716 221.7094 5.261877791433305
    vertex 26 221.7094 7.1
    vertex 25.01238017197727 221.7094 5.265200625945239
  endloop
endfacet
facet normal -0 -1 0
  outer loop
    vertex -28 221.7094 7.1
    vertex -30 221.7094 7.1
    vertex -29.04222244471678 221.7094 5.303373444070786
  endloop
endfacet
facet normal 0 -1 0
  outer loop
    vertex 29.27547185620614 221.7094 1.699918921135568
    vertex 30.12974364760511 221.7094 3.518194985744204
    vertex 28.14408545781318 221.7094 3.40863643535665
  endloop
endfacet
facet normal 0 -1 0
  outer loop
    vertex 29.27547185620614 221.7094 1.699918921135568
    vertex 30.36558061124933 221.7094 0
    vertex 31.23249180619486 221.7094 1.777807810501861
  endloop
endfacet
facet normal 0 -1 -0
  outer loop
    vertex 32.98125307657428 221.7094 5.400495808871691
    vertex 32.05140075815984 221.7094 3.649292243491319
    vertex 33.96885967790288 221.7094 3.738935156296235
  endloop
endfacet
facet normal 0 -1 0
  outer loop
    vertex -27.05206090430321 221.7094 5.249612505213214
    vertex -28 221.7094 7.1
    vertex -29.04222244471678 221.7094 5.303373444070786
  endloop
endfacet
facet normal 0 -1 -0
  outer loop
    vertex -34 221.7094 7.1
    vertex -34.76453502142927 221.7094 5.533896099236057
    vertex -32.97048302751897 221.7094 5.412743752840958
  endloop
endfacet
facet normal 0 -1 0
  outer loop
    vertex -30.14275460690588 221.7094 3.523643841479148
    vertex -29.316731719995 221.7094 1.704687613125788
    vertex -28.18529209280447 221.7094 3.4813813165958
  endloop
endfacet
facet normal 0 -1 0
  outer loop
    vertex -32.04711955910622 221.7094 3.684171790950597
    vertex -32.97048302751897 221.7094 5.412743752840958
    vertex -33.94908020888089 221.7094 3.753743679560393
  endloop
endfacet
facet normal 0 -1 0
  outer loop
    vertex -35.74320965324254 221.7094 4.021013872612592
    vertex -34.76453502142927 221.7094 5.533896099236057
    vertex -36.11092921560667 221.7094 5.857345195722683
  endloop
endfacet
facet normal 0 -1 -0
  outer loop
    vertex -22 221.7094 7.1
    vertex -22.95013537372947 221.7094 5.34858654668759
    vertex -21.00052244153296 221.7094 5.4401297639643
  endloop
endfacet
facet normal 0 -1 0
  outer loop
    vertex 22.96009715560953 221.7094 5.352526221723863
    vertex 22 221.7094 7.1
    vertex 21.00834548726836 221.7094 5.438795818103451
  endloop
endfacet
facet normal 0 -1 -0
  outer loop
    vertex 32 221.7094 7.1
    vertex 31.00685921265553 221.7094 5.375044715175528
    vertex 32.98125307657428 221.7094 5.400495808871691
  endloop
endfacet
facet normal 0 -1 0
  outer loop
    vertex -22.95013537372947 221.7094 5.34858654668759
    vertex -25.01218324230817 221.7094 5.260083949771198
    vertex -24.15347318899777 221.7094 3.544872782310425
  endloop
endfacet
facet normal -0 -1 0
  outer loop
    vertex 34 221.7094 7.1
    vertex 32 221.7094 7.1
    vertex 32.98125307657428 221.7094 5.400495808871691
  endloop
endfacet
facet normal -0 -1 0
  outer loop
    vertex 25.01238017197727 221.7094 5.265200625945239
    vertex 22.96009715560953 221.7094 5.352526221723863
    vertex 23.89051398464208 221.7094 3.579403837552526
  endloop
endfacet
facet normal 0 -1 0
  outer loop
    vertex 32.98125307657428 221.7094 5.400495808871691
    vertex 31.00685921265553 221.7094 5.375044715175528
    vertex 32.05140075815984 221.7094 3.649292243491319
  endloop
endfacet
facet normal 0 -1 -0
  outer loop
    vertex 28 221.7094 7.1
    vertex 27.04026584335716 221.7094 5.261877791433305
    vertex 29.05349236023848 221.7094 5.293958987951614
  endloop
endfacet
facet normal 0 -1 -0
  outer loop
    vertex -30 221.7094 7.1
    vertex -31.01125725485766 221.7094 5.367854697610333
    vertex -29.04222244471678 221.7094 5.303373444070786
  endloop
endfacet
facet normal 0 -1 0
  outer loop
    vertex 32.32465032810411 221.7094 0
    vertex 34.2837200449589 221.7094 0
    vertex 33.24810363584457 221.7094 1.799440712640071
  endloop
endfacet
facet normal 0 -1 0
  outer loop
    vertex -34.28372004495859 221.7094 0
    vertex -32.32465032810381 221.7094 0
    vertex -33.2671079446087 221.7094 1.769032377163674
  endloop
endfacet
facet normal 0 -1 0
  outer loop
    vertex -22.95013537372947 221.7094 5.34858654668759
    vertex -22.06997305536849 221.7094 3.67168900977935
    vertex -21.00052244153296 221.7094 5.4401297639643
  endloop
endfacet
facet normal 0 -1 0
  outer loop
    vertex 22.10574542594571 221.7094 3.658303750512848
    vertex 22.96009715560953 221.7094 5.352526221723863
    vertex 21.00834548726836 221.7094 5.438795818103451
  endloop
endfacet
facet normal -0 -1 0
  outer loop
    vertex -11.00000330109642 221.7094 5.374970775885508
    vertex -13.00093774027612 221.7094 5.375287892729206
    vertex -12.00373154285548 221.7094 3.645622139755793
  endloop
endfacet
facet normal -0 -1 0
  outer loop
    vertex -15.00187312465714 221.7094 5.37385408383014
    vertex -16.99901737239568 221.7094 5.384134307488432
    vertex -16.0037315428555 221.7094 3.645622139755798
  endloop
endfacet
facet normal 0 -1 -0
  outer loop
    vertex -11.00000330109642 221.7094 5.374970775885508
    vertex -12.00373154285548 221.7094 3.645622139755793
    vertex -9.996288263723017 221.7094 3.66398050923602
  endloop
endfacet
facet normal 0 -1 -0
  outer loop
    vertex -15.00187312465714 221.7094 5.37385408383014
    vertex -16.0037315428555 221.7094 3.645622139755798
    vertex -14.00001847304763 221.7094 3.657280356903808
  endloop
endfacet
facet normal -0 -1 0
  outer loop
    vertex 30 221.7094 7.1
    vertex 28 221.7094 7.1
    vertex 29.05349236023848 221.7094 5.293958987951614
  endloop
endfacet
facet normal -7.25388e-14 -1 -4.70968e-14
  outer loop
    vertex -38.20185947866816 221.7094000000001 0
    vertex -36.24278976181338 221.7094 0
    vertex -36.97060301547855 221.7094 1.120982667695546
  endloop
endfacet
facet normal 2.90155e-14 -1 -1.87029e-14
  outer loop
    vertex 36.24278976181368 221.7094 0
    vertex 38.20185947866847 221.7094 0
    vertex 36.97253610615688 221.7094 1.132121250631175
  endloop
endfacet
facet normal 0 -1 0
  outer loop
    vertex 15.99999415201023 221.7094 3.645622147295331
    vertex 14.99813131124145 221.7094 5.374072281306139
    vertex 13.99628244747821 221.7094 3.658589534220253
  endloop
endfacet
facet normal 0 -1 0
  outer loop
    vertex -16.0037315428555 221.7094 3.645622139755798
    vertex -16.99901737239568 221.7094 5.384134307488432
    vertex -18.18559206865215 221.7094 3.750544467029614
  endloop
endfacet
facet normal 0 -1 -0
  outer loop
    vertex 16.99721583918381 221.7094 5.384293426786511
    vertex 15.99999415201023 221.7094 3.645622147295331
    vertex 18.18466266080375 221.7094 3.751480726160391
  endloop
endfacet
facet normal 0 -1 -0
  outer loop
    vertex -22.95013537372947 221.7094 5.34858654668759
    vertex -24.15347318899777 221.7094 3.544872782310425
    vertex -22.06997305536849 221.7094 3.67168900977935
  endloop
endfacet
facet normal 0 -1 0
  outer loop
    vertex 23.89051398464208 221.7094 3.579403837552526
    vertex 22.96009715560953 221.7094 5.352526221723863
    vertex 22.10574542594571 221.7094 3.658303750512848
  endloop
endfacet
facet normal 0 -1 0
  outer loop
    vertex -11.00000330109642 221.7094 5.374970775885508
    vertex -12 221.7094 7.1
    vertex -13.00093774027612 221.7094 5.375287892729206
  endloop
endfacet
facet normal -0 -1 0
  outer loop
    vertex 18.98889490879108 221.7094 5.434691838076384
    vertex 18 221.7094 7.1
    vertex 16.99721583918381 221.7094 5.384293426786511
  endloop
endfacet
facet normal 0 -1 -0
  outer loop
    vertex -10 221.7094 7.1
    vertex -11.00000330109642 221.7094 5.374970775885508
    vertex -8.9990697731278 221.7094 5.376689773210988
  endloop
endfacet
facet normal 0 -1 -0
  outer loop
    vertex -6 221.7094 7.1
    vertex -6.99813292193717 221.7094 5.375565206849079
    vertex -4.998965691655272 221.7094 5.377342426985675
  endloop
endfacet
facet normal 0 -1 0
  outer loop
    vertex 14.99813131124145 221.7094 5.374072281306139
    vertex 14 221.7094 7.1
    vertex 12.99875669855757 221.7094 5.375542456660638
  endloop
endfacet
facet normal 0 -1 0
  outer loop
    vertex 2.99813323518255 221.7094 5.37585554848987
    vertex 2 221.7094 7.1
    vertex 0.9989834192100915 221.7094 5.377885906896051
  endloop
endfacet
facet normal 0 -1 0
  outer loop
    vertex -15.00187312465714 221.7094 5.37385408383014
    vertex -16 221.7094 7.1
    vertex -16.99901737239568 221.7094 5.384134307488432
  endloop
endfacet
facet normal 0 -1 0
  outer loop
    vertex 10.99813228061558 221.7094 5.374970777142111
    vertex 10 221.7094 7.1
    vertex 8.998757936380983 221.7094 5.376689773420435
  endloop
endfacet
facet normal 0 -1 0
  outer loop
    vertex 6.99813292193717 221.7094 5.375565206849096
    vertex 6 221.7094 7.1
    vertex 4.998758736797058 221.7094 5.377431665018706
  endloop
endfacet
facet normal -0 -1 0
  outer loop
    vertex -32 221.7094 7.1
    vertex -34 221.7094 7.1
    vertex -32.97048302751897 221.7094 5.412743752840958
  endloop
endfacet
facet normal 0 -1 -0
  outer loop
    vertex 18.18466266080375 221.7094 3.751480726160391
    vertex 17.63162745169323 221.7094 1.696604142581022
    vertex 19.41845061571767 221.7094 2.030422586081532
  endloop
endfacet
facet normal 0 -1 0
  outer loop
    vertex 11.9999941520102 221.7094 3.64562214729533
    vertex 10.99813228061558 221.7094 5.374970777142111
    vertex 9.996288263722953 221.7094 3.663980509236069
  endloop
endfacet
facet normal 0 -1 0
  outer loop
    vertex -46.89591280000067 221.7094 2.832415221738155
    vertex -48 221.7094 1.775
    vertex -46.91281762968513 221.7094 1.129267381230115
  endloop
endfacet
facet normal -0 -1 0
  outer loop
    vertex 48 221.7094 1.775
    vertex 46.89591280000059 221.7094 2.832415221738239
    vertex 46.91281762968492 221.7094 1.129267381230402
  endloop
endfacet
facet normal 0 -1 0
  outer loop
    vertex -17.63162745169291 221.7094 1.696604142581031
    vertex -18.18559206865215 221.7094 3.750544467029614
    vertex -19.41835274750411 221.7094 2.028902087655219
  endloop
endfacet
facet normal 0 -1 0
  outer loop
    vertex -12.00373154285548 221.7094 3.645622139755793
    vertex -13.00093774027612 221.7094 5.375287892729206
    vertex -14.00001847304763 221.7094 3.657280356903808
  endloop
endfacet
facet normal 0 -1 0
  outer loop
    vertex 18.98889490879108 221.7094 5.434691838076384
    vertex 16.99721583918381 221.7094 5.384293426786511
    vertex 18.18466266080375 221.7094 3.751480726160391
  endloop
endfacet
facet normal 0 -1 -0
  outer loop
    vertex 12.99875669855757 221.7094 5.375542456660638
    vertex 11.9999941520102 221.7094 3.64562214729533
    vertex 13.99628244747821 221.7094 3.658589534220253
  endloop
endfacet
facet normal 0 -1 0
  outer loop
    vertex 7.999994152010224 221.7094 3.645622147295342
    vertex 6.99813292193717 221.7094 5.375565206849096
    vertex 5.996292111652508 221.7094 3.667547087477923
  endloop
endfacet
facet normal 0 -1 -0
  outer loop
    vertex -6.99813292193717 221.7094 5.375565206849079
    vertex -7.999994152010139 221.7094 3.645622147295328
    vertex -5.996292111652551 221.7094 3.667547087477903
  endloop
endfacet
facet normal 0 -1 -0
  outer loop
    vertex -2 221.7094 7.1
    vertex -2.999374964331722 221.7094 5.375320120291748
    vertex -1.000520863056906 221.7094 5.376548608268519
  endloop
endfacet
facet normal 0 -1 0
  outer loop
    vertex 4.998758736797058 221.7094 5.377431665018706
    vertex 2.99813323518255 221.7094 5.37585554848987
    vertex 3.999994152010203 221.7094 3.645622147295348
  endloop
endfacet
facet normal 0 -1 0
  outer loop
    vertex 8.998757936380983 221.7094 5.376689773420435
    vertex 6.99813292193717 221.7094 5.375565206849096
    vertex 7.999994152010224 221.7094 3.645622147295342
  endloop
endfacet
facet normal 0 -1 0
  outer loop
    vertex 16.99721583918381 221.7094 5.384293426786511
    vertex 14.99813131124145 221.7094 5.374072281306139
    vertex 15.99999415201023 221.7094 3.645622147295331
  endloop
endfacet
facet normal 0 -1 0
  outer loop
    vertex 12.99875669855757 221.7094 5.375542456660638
    vertex 10.99813228061558 221.7094 5.374970777142111
    vertex 11.9999941520102 221.7094 3.64562214729533
  endloop
endfacet
facet normal -0 -1 0
  outer loop
    vertex -6.99813292193717 221.7094 5.375565206849079
    vertex -8.9990697731278 221.7094 5.376689773210988
    vertex -7.999994152010139 221.7094 3.645622147295328
  endloop
endfacet
facet normal -0 -1 0
  outer loop
    vertex -2.999374964331722 221.7094 5.375320120291748
    vertex -4.998965691655272 221.7094 5.377342426985675
    vertex -3.999994152010139 221.7094 3.645622147295328
  endloop
endfacet
facet normal 0 -1 0
  outer loop
    vertex 0.9989834192100915 221.7094 5.377885906896051
    vertex -1.000520863056906 221.7094 5.376548608268519
    vertex -5.84798986125179e-06 221.7094 3.64562214729533
  endloop
endfacet
facet normal 0 -1 0
  outer loop
    vertex 3.999994152010203 221.7094 3.645622147295348
    vertex 2.99813323518255 221.7094 5.37585554848987
    vertex 1.996293991124801 221.7094 3.669289137322586
  endloop
endfacet
facet normal 0 -1 0
  outer loop
    vertex -7.999994152010139 221.7094 3.645622147295328
    vertex -8.9990697731278 221.7094 5.376689773210988
    vertex -9.996288263723017 221.7094 3.66398050923602
  endloop
endfacet
facet normal 0 -1 -0
  outer loop
    vertex 8.998757936380983 221.7094 5.376689773420435
    vertex 7.999994152010224 221.7094 3.645622147295342
    vertex 9.996288263722953 221.7094 3.663980509236069
  endloop
endfacet
facet normal 0 -1 0
  outer loop
    vertex -5.84798986125179e-06 221.7094 3.64562214729533
    vertex -1.000520863056906 221.7094 5.376548608268519
    vertex -2.000000000000007 221.7094 3.668238378863413
  endloop
endfacet
facet normal 0 -1 -0
  outer loop
    vertex -2.999374964331722 221.7094 5.375320120291748
    vertex -3.999994152010139 221.7094 3.645622147295328
    vertex -2.000000000000007 221.7094 3.668238378863413
  endloop
endfacet
facet normal 0 -1 -0
  outer loop
    vertex 4 221.7094 7.1
    vertex 2.99813323518255 221.7094 5.37585554848987
    vertex 4.998758736797058 221.7094 5.377431665018706
  endloop
endfacet
facet normal 0 -1 -0
  outer loop
    vertex -14 221.7094 7.1
    vertex -15.00187312465714 221.7094 5.37385408383014
    vertex -13.00093774027612 221.7094 5.375287892729206
  endloop
endfacet
facet normal 0 -1 -0
  outer loop
    vertex 8 221.7094 7.1
    vertex 6.99813292193717 221.7094 5.375565206849096
    vertex 8.998757936380983 221.7094 5.376689773420435
  endloop
endfacet
facet normal 0 -1 -0
  outer loop
    vertex -18 221.7094 7.1
    vertex -18.98848899759727 221.7094 5.435347762888591
    vertex -16.99901737239568 221.7094 5.384134307488432
  endloop
endfacet
facet normal 0 -1 -0
  outer loop
    vertex 16 221.7094 7.1
    vertex 14.99813131124145 221.7094 5.374072281306139
    vertex 16.99721583918381 221.7094 5.384293426786511
  endloop
endfacet
facet normal 0 -1 0
  outer loop
    vertex -2.999374964331722 221.7094 5.375320120291748
    vertex -4 221.7094 7.1
    vertex -4.998965691655272 221.7094 5.377342426985675
  endloop
endfacet
facet normal 0 -1 -0
  outer loop
    vertex 12 221.7094 7.1
    vertex 10.99813228061558 221.7094 5.374970777142111
    vertex 12.99875669855757 221.7094 5.375542456660638
  endloop
endfacet
facet normal 0 -1 0
  outer loop
    vertex -6.99813292193717 221.7094 5.375565206849079
    vertex -8 221.7094 7.1
    vertex -8.9990697731278 221.7094 5.376689773210988
  endloop
endfacet
facet normal 0 -1 -0
  outer loop
    vertex 0 221.7094 7.1
    vertex -1.000520863056906 221.7094 5.376548608268519
    vertex 0.9989834192100915 221.7094 5.377885906896051
  endloop
endfacet
facet normal 0 -1 0
  outer loop
    vertex -3.999994152010139 221.7094 3.645622147295328
    vertex -4.998965691655272 221.7094 5.377342426985675
    vertex -5.996292111652551 221.7094 3.667547087477903
  endloop
endfacet
facet normal 0 -1 -0
  outer loop
    vertex 4.998758736797058 221.7094 5.377431665018706
    vertex 3.999994152010203 221.7094 3.645622147295348
    vertex 5.996292111652508 221.7094 3.667547087477923
  endloop
endfacet
facet normal -0 -1 0
  outer loop
    vertex -16.99901737239568 221.7094 5.384134307488432
    vertex -18.98848899759727 221.7094 5.435347762888591
    vertex -18.18559206865215 221.7094 3.750544467029614
  endloop
endfacet
facet normal 0 -1 -0
  outer loop
    vertex 0.9989834192100915 221.7094 5.377885906896051
    vertex -5.84798986125179e-06 221.7094 3.64562214729533
    vertex 1.996293991124801 221.7094 3.669289137322586
  endloop
endfacet
facet normal -0 -1 0
  outer loop
    vertex 24 221.7094 7.1
    vertex 22 221.7094 7.1
    vertex 22.96009715560953 221.7094 5.352526221723863
  endloop
endfacet
facet normal -0 -1 0
  outer loop
    vertex 20 221.7094 7.1
    vertex 18 221.7094 7.1
    vertex 18.98889490879108 221.7094 5.434691838076384
  endloop
endfacet
facet normal -0 -1 0
  outer loop
    vertex 28 221.7094 7.1
    vertex 26 221.7094 7.1
    vertex 27.04026584335716 221.7094 5.261877791433305
  endloop
endfacet
facet normal -0 -1 0
  outer loop
    vertex -30 221.7094 7.1
    vertex -32 221.7094 7.1
    vertex -31.01125725485766 221.7094 5.367854697610333
  endloop
endfacet
facet normal -0 -1 0
  outer loop
    vertex -26 221.7094 7.1
    vertex -28 221.7094 7.1
    vertex -27.05206090430321 221.7094 5.249612505213214
  endloop
endfacet
facet normal -0 -1 0
  outer loop
    vertex -22 221.7094 7.1
    vertex -24 221.7094 7.1
    vertex -22.95013537372947 221.7094 5.34858654668759
  endloop
endfacet
facet normal -0 -1 0
  outer loop
    vertex -18 221.7094 7.1
    vertex -20 221.7094 7.1
    vertex -18.98848899759727 221.7094 5.435347762888591
  endloop
endfacet
facet normal -0 -1 0
  outer loop
    vertex -14 221.7094 7.1
    vertex -16 221.7094 7.1
    vertex -15.00187312465714 221.7094 5.37385408383014
  endloop
endfacet
facet normal -0 -1 0
  outer loop
    vertex -10 221.7094 7.1
    vertex -12 221.7094 7.1
    vertex -11.00000330109642 221.7094 5.374970775885508
  endloop
endfacet
facet normal -0 -1 0
  outer loop
    vertex -6 221.7094 7.1
    vertex -8 221.7094 7.1
    vertex -6.99813292193717 221.7094 5.375565206849079
  endloop
endfacet
facet normal -0 -1 0
  outer loop
    vertex -2 221.7094 7.1
    vertex -4 221.7094 7.1
    vertex -2.999374964331722 221.7094 5.375320120291748
  endloop
endfacet
facet normal -0 -1 0
  outer loop
    vertex 4 221.7094 7.1
    vertex 2 221.7094 7.1
    vertex 2.99813323518255 221.7094 5.37585554848987
  endloop
endfacet
facet normal -0 -1 0
  outer loop
    vertex 8 221.7094 7.1
    vertex 6 221.7094 7.1
    vertex 6.99813292193717 221.7094 5.375565206849096
  endloop
endfacet
facet normal -0 -1 0
  outer loop
    vertex 12 221.7094 7.1
    vertex 10 221.7094 7.1
    vertex 10.99813228061558 221.7094 5.374970777142111
  endloop
endfacet
facet normal -0 -1 0
  outer loop
    vertex 16 221.7094 7.1
    vertex 14 221.7094 7.1
    vertex 14.99813131124145 221.7094 5.374072281306139
  endloop
endfacet
facet normal -0 -1 0
  outer loop
    vertex 32 221.7094 7.1
    vertex 30 221.7094 7.1
    vertex 31.00685921265553 221.7094 5.375044715175528
  endloop
endfacet
facet normal -0 -1 0
  outer loop
    vertex 0 221.7094 7.1
    vertex -2 221.7094 7.1
    vertex -1.000520863056906 221.7094 5.376548608268519
  endloop
endfacet
facet normal -0 -1 0
  outer loop
    vertex 14.99813131124145 221.7094 5.374072281306139
    vertex 12.99875669855757 221.7094 5.375542456660638
    vertex 13.99628244747821 221.7094 3.658589534220253
  endloop
endfacet
facet normal 0 -1 0
  outer loop
    vertex 26.12391520318288 221.7094 3.578196747293811
    vertex 27.04026584335716 221.7094 5.261877791433305
    vertex 25.01238017197727 221.7094 5.265200625945239
  endloop
endfacet
facet normal 0 -1 -0
  outer loop
    vertex -31.01125725485766 221.7094 5.367854697610333
    vertex -32.04711955910622 221.7094 3.684171790950597
    vertex -30.14275460690588 221.7094 3.523643841479148
  endloop
endfacet
facet normal -0 -1 0
  outer loop
    vertex -12 221.7094 7.1
    vertex -14 221.7094 7.1
    vertex -13.00093774027612 221.7094 5.375287892729206
  endloop
endfacet
facet normal -0 -1 0
  outer loop
    vertex -16 221.7094 7.1
    vertex -18 221.7094 7.1
    vertex -16.99901737239568 221.7094 5.384134307488432
  endloop
endfacet
facet normal -0 -1 0
  outer loop
    vertex -8 221.7094 7.1
    vertex -10 221.7094 7.1
    vertex -8.9990697731278 221.7094 5.376689773210988
  endloop
endfacet
facet normal -0 -1 0
  outer loop
    vertex -4 221.7094 7.1
    vertex -6 221.7094 7.1
    vertex -4.998965691655272 221.7094 5.377342426985675
  endloop
endfacet
facet normal -0 -1 0
  outer loop
    vertex 2 221.7094 7.1
    vertex 0 221.7094 7.1
    vertex 0.9989834192100915 221.7094 5.377885906896051
  endloop
endfacet
facet normal -0 -1 0
  outer loop
    vertex 18 221.7094 7.1
    vertex 16 221.7094 7.1
    vertex 16.99721583918381 221.7094 5.384293426786511
  endloop
endfacet
facet normal -0 -1 0
  outer loop
    vertex 14 221.7094 7.1
    vertex 12 221.7094 7.1
    vertex 12.99875669855757 221.7094 5.375542456660638
  endloop
endfacet
facet normal -0 -1 0
  outer loop
    vertex 10 221.7094 7.1
    vertex 8 221.7094 7.1
    vertex 8.998757936380983 221.7094 5.376689773420435
  endloop
endfacet
facet normal -0 -1 0
  outer loop
    vertex 6 221.7094 7.1
    vertex 4 221.7094 7.1
    vertex 4.998758736797058 221.7094 5.377431665018706
  endloop
endfacet
facet normal 0 -1 0
  outer loop
    vertex -27.05206090430321 221.7094 5.249612505213214
    vertex -26.15497041969094 221.7094 3.565237055321281
    vertex -25.01218324230817 221.7094 5.260083949771198
  endloop
endfacet
facet normal 0 -1 0
  outer loop
    vertex 44.56342845754632 221.7094 6.1
    vertex 44.56342845754632 221.7094 4.574999999999998
    vertex 45.76929924784761 221.7094 5.374420001895101
  endloop
endfacet
facet normal 0 -1 0
  outer loop
    vertex -44.56342845754629 221.7094 4.574999999999998
    vertex -44.56342845754629 221.7094 6.1
    vertex -45.76929924784759 221.7094 5.374420001895123
  endloop
endfacet
facet normal -0 -1 0
  outer loop
    vertex 31.00685921265553 221.7094 5.375044715175528
    vertex 30 221.7094 7.1
    vertex 29.05349236023848 221.7094 5.293958987951614
  endloop
endfacet
facet normal 0 -1 0
  outer loop
    vertex -13.00093774027612 221.7094 5.375287892729206
    vertex -15.00187312465714 221.7094 5.37385408383014
    vertex -14.00001847304763 221.7094 3.657280356903808
  endloop
endfacet
facet normal 0 -1 0
  outer loop
    vertex -8.9990697731278 221.7094 5.376689773210988
    vertex -11.00000330109642 221.7094 5.374970775885508
    vertex -9.996288263723017 221.7094 3.66398050923602
  endloop
endfacet
facet normal -0 -1 0
  outer loop
    vertex 10.99813228061558 221.7094 5.374970777142111
    vertex 8.998757936380983 221.7094 5.376689773420435
    vertex 9.996288263722953 221.7094 3.663980509236069
  endloop
endfacet
facet normal 0 -1 0
  outer loop
    vertex -34.76453502142927 221.7094 5.533896099236057
    vertex -36 221.7094 7.1
    vertex -36.11092921560667 221.7094 5.857345195722683
  endloop
endfacet
facet normal 0 -1 0
  outer loop
    vertex -4.998965691655272 221.7094 5.377342426985675
    vertex -6.99813292193717 221.7094 5.375565206849079
    vertex -5.996292111652551 221.7094 3.667547087477903
  endloop
endfacet
facet normal -0 -1 0
  outer loop
    vertex 6.99813292193717 221.7094 5.375565206849096
    vertex 4.998758736797058 221.7094 5.377431665018706
    vertex 5.996292111652508 221.7094 3.667547087477923
  endloop
endfacet
facet normal 0 -1 0
  outer loop
    vertex 20.57023202697539 221.7094 0
    vertex 22.52930174383019 221.7094 0
    vertex 21.33418565745876 221.7094 1.955204466638697
  endloop
endfacet
facet normal 0 -1 0
  outer loop
    vertex 16.65209259326582 221.7094 0
    vertex 18.61116231012062 221.7094 0
    vertex 17.63162745169323 221.7094 1.696604142581022
  endloop
endfacet
facet normal 0 -1 0
  outer loop
    vertex 24.48837146068496 221.7094 0
    vertex 26.44744117753976 221.7094 0
    vertex 25.42793237377711 221.7094 1.704179607661789
  endloop
endfacet
facet normal 0 -1 0
  outer loop
    vertex 12.73395315955626 221.7094 0
    vertex 14.69302287641104 221.7094 0
    vertex 13.71348801798365 221.7094 1.696604142581028
  endloop
endfacet
facet normal 0 -1 0
  outer loop
    vertex -30.36558061124902 221.7094 0
    vertex -28.40651089439424 221.7094 0
    vertex -29.316731719995 221.7094 1.704687613125788
  endloop
endfacet
facet normal 0 -1 0
  outer loop
    vertex -26.44744117753945 221.7094 0
    vertex -24.48837146068466 221.7094 0
    vertex -25.4122563999986 221.7094 1.706251482452053
  endloop
endfacet
facet normal 0 -1 0
  outer loop
    vertex -22.52930174382988 221.7094 0
    vertex -20.57023202697509 221.7094 0
    vertex -21.33025241940599 221.7094 1.955106018182377
  endloop
endfacet
facet normal 0 -1 0
  outer loop
    vertex -18.61116231012031 221.7094 0
    vertex -16.65209259326553 221.7094 0
    vertex -17.63162745169291 221.7094 1.696604142581031
  endloop
endfacet
facet normal 0 -1 0
  outer loop
    vertex -14.69302287641074 221.7094 0
    vertex -12.73395315955595 221.7094 0
    vertex -13.71348801798334 221.7094 1.696604142581031
  endloop
endfacet
facet normal 0 -1 0
  outer loop
    vertex -12.73395315955595 221.7094 0
    vertex -10.77488344270117 221.7094 0
    vertex -11.75441830112854 221.7094 1.696604142581031
  endloop
endfacet
facet normal 0 -1 0
  outer loop
    vertex -10.77488344270117 221.7094 0
    vertex -8.815813725846382 221.7094 0
    vertex -9.795348584273754 221.7094 1.696604142581031
  endloop
endfacet
facet normal 0 -1 0
  outer loop
    vertex -6.856744008991598 221.7094 0
    vertex -4.897674292136813 221.7094 0
    vertex -5.877209150564219 221.7094 1.696604142581031
  endloop
endfacet
facet normal 0 -1 0
  outer loop
    vertex -2.938604575282028 221.7094 0
    vertex -0.9795348584272432 221.7094 0
    vertex -1.959069716854607 221.7094 1.696604142581031
  endloop
endfacet
facet normal 0 -1 0
  outer loop
    vertex 0.9795348584275416 221.7094 0
    vertex 2.938604575282326 221.7094 0
    vertex 1.959069716854934 221.7094 1.696604142581031
  endloop
endfacet
facet normal 0 -1 0
  outer loop
    vertex 4.897674292137111 221.7094 0
    vertex 6.856744008991896 221.7094 0
    vertex 5.877209150564518 221.7094 1.696604142581031
  endloop
endfacet
facet normal 0 -1 0
  outer loop
    vertex 8.815813725846688 221.7094 0
    vertex 10.77488344270147 221.7094 0
    vertex 9.795348584274116 221.7094 1.696604142581031
  endloop
endfacet
facet normal 0 -1 0
  outer loop
    vertex 28.40651089439454 221.7094 0
    vertex 30.36558061124933 221.7094 0
    vertex 29.27547185620614 221.7094 1.699918921135568
  endloop
endfacet
facet normal 0 -1 0
  outer loop
    vertex 14.69302287641104 221.7094 0
    vertex 16.65209259326582 221.7094 0
    vertex 15.67255773483832 221.7094 1.696604142581022
  endloop
endfacet
facet normal 0 -1 0
  outer loop
    vertex -16.65209259326553 221.7094 0
    vertex -14.69302287641074 221.7094 0
    vertex -15.67255773483815 221.7094 1.696604142581023
  endloop
endfacet
facet normal 0 -1 0
  outer loop
    vertex 10.77488344270147 221.7094 0
    vertex 12.73395315955626 221.7094 0
    vertex 11.75441830112884 221.7094 1.69660414258091
  endloop
endfacet
facet normal -0 -1 0
  outer loop
    vertex 2.99813323518255 221.7094 5.37585554848987
    vertex 0.9989834192100915 221.7094 5.377885906896051
    vertex 1.996293991124801 221.7094 3.669289137322586
  endloop
endfacet
facet normal 0 -1 0
  outer loop
    vertex -8.815813725846382 221.7094 0
    vertex -6.856744008991598 221.7094 0
    vertex -7.83627886741899 221.7094 1.69489246239531
  endloop
endfacet
facet normal 0 -1 0
  outer loop
    vertex 6.856744008991896 221.7094 0
    vertex 8.815813725846688 221.7094 0
    vertex 7.836278867419246 221.7094 1.694892462395288
  endloop
endfacet
facet normal -0 -1 0
  outer loop
    vertex 32.05140075815984 221.7094 3.649292243491319
    vertex 31.00685921265553 221.7094 5.375044715175528
    vertex 30.12974364760511 221.7094 3.518194985744204
  endloop
endfacet
facet normal 0 -1 0
  outer loop
    vertex -1.000520863056906 221.7094 5.376548608268519
    vertex -2.999374964331722 221.7094 5.375320120291748
    vertex -2.000000000000007 221.7094 3.668238378863413
  endloop
endfacet
facet normal 0 -1 0
  outer loop
    vertex 2.938604575282326 221.7094 0
    vertex 4.897674292137111 221.7094 0
    vertex 3.918139433709726 221.7094 1.692135388473745
  endloop
endfacet
facet normal 0 -1 0
  outer loop
    vertex -4.897674292136813 221.7094 0
    vertex -2.938604575282028 221.7094 0
    vertex -3.918139433709442 221.7094 1.69213538847372
  endloop
endfacet
facet normal 0 -1 0
  outer loop
    vertex -31.01125725485766 221.7094 5.367854697610333
    vertex -30.14275460690588 221.7094 3.523643841479148
    vertex -29.04222244471678 221.7094 5.303373444070786
  endloop
endfacet
facet normal 0 -1 0
  outer loop
    vertex -0.9795348584272432 221.7094 0
    vertex 0.9795348584275416 221.7094 0
    vertex -1.169597844352666e-06 221.7094 1.407766086491478
  endloop
endfacet
facet normal 0 -1 0
  outer loop
    vertex 16.65209259326582 221.7094 0
    vertex 17.63162745169323 221.7094 1.696604142581022
    vertex 15.67255773483832 221.7094 1.696604142581022
  endloop
endfacet
facet normal 0 -1 0
  outer loop
    vertex -13.71348801798334 221.7094 1.696604142581031
    vertex -12.73395315955595 221.7094 0
    vertex -11.75441830112854 221.7094 1.696604142581031
  endloop
endfacet
facet normal 0 -1 0
  outer loop
    vertex -14.69302287641074 221.7094 0
    vertex -13.71348801798334 221.7094 1.696604142581031
    vertex -15.67255773483815 221.7094 1.696604142581023
  endloop
endfacet
facet normal 0 -1 0
  outer loop
    vertex -10.77488344270117 221.7094 0
    vertex -9.795348584273754 221.7094 1.696604142581031
    vertex -11.75441830112854 221.7094 1.696604142581031
  endloop
endfacet
facet normal 0 -1 0
  outer loop
    vertex -17.63162745169291 221.7094 1.696604142581031
    vertex -16.65209259326553 221.7094 0
    vertex -15.67255773483815 221.7094 1.696604142581023
  endloop
endfacet
facet normal 0 -1 0
  outer loop
    vertex 12.73395315955626 221.7094 0
    vertex 13.71348801798365 221.7094 1.696604142581028
    vertex 11.75441830112884 221.7094 1.69660414258091
  endloop
endfacet
facet normal 0 -1 0
  outer loop
    vertex 13.71348801798365 221.7094 1.696604142581028
    vertex 14.69302287641104 221.7094 0
    vertex 15.67255773483832 221.7094 1.696604142581022
  endloop
endfacet
facet normal 0 -1 0
  outer loop
    vertex 9.795348584274116 221.7094 1.696604142581031
    vertex 10.77488344270147 221.7094 0
    vertex 11.75441830112884 221.7094 1.69660414258091
  endloop
endfacet
facet normal 0 -1 0
  outer loop
    vertex 8.815813725846688 221.7094 0
    vertex 9.795348584274116 221.7094 1.696604142581031
    vertex 7.836278867419246 221.7094 1.694892462395288
  endloop
endfacet
facet normal 0 -1 0
  outer loop
    vertex -6.856744008991598 221.7094 0
    vertex -5.877209150564219 221.7094 1.696604142581031
    vertex -7.83627886741899 221.7094 1.69489246239531
  endloop
endfacet
facet normal 0 -1 0
  outer loop
    vertex -9.795348584273754 221.7094 1.696604142581031
    vertex -8.815813725846382 221.7094 0
    vertex -7.83627886741899 221.7094 1.69489246239531
  endloop
endfacet
facet normal 0 -1 0
  outer loop
    vertex 5.877209150564518 221.7094 1.696604142581031
    vertex 6.856744008991896 221.7094 0
    vertex 7.836278867419246 221.7094 1.694892462395288
  endloop
endfacet
facet normal 0 -1 0
  outer loop
    vertex 30.12974364760511 221.7094 3.518194985744204
    vertex 31.00685921265553 221.7094 5.375044715175528
    vertex 29.05349236023848 221.7094 5.293958987951614
  endloop
endfacet
facet normal 0 -1 0
  outer loop
    vertex -2.938604575282028 221.7094 0
    vertex -1.959069716854607 221.7094 1.696604142581031
    vertex -3.918139433709442 221.7094 1.69213538847372
  endloop
endfacet
facet normal 0 -1 0
  outer loop
    vertex 1.959069716854934 221.7094 1.696604142581031
    vertex 2.938604575282326 221.7094 0
    vertex 3.918139433709726 221.7094 1.692135388473745
  endloop
endfacet
facet normal 0 -1 0
  outer loop
    vertex 4.897674292137111 221.7094 0
    vertex 5.877209150564518 221.7094 1.696604142581031
    vertex 3.918139433709726 221.7094 1.692135388473745
  endloop
endfacet
facet normal 0 -1 0
  outer loop
    vertex -5.877209150564219 221.7094 1.696604142581031
    vertex -4.897674292136813 221.7094 0
    vertex -3.918139433709442 221.7094 1.69213538847372
  endloop
endfacet
facet normal 0 -1 0
  outer loop
    vertex 0.9795348584275416 221.7094 0
    vertex 1.959069716854934 221.7094 1.696604142581031
    vertex -1.169597844352666e-06 221.7094 1.407766086491478
  endloop
endfacet
facet normal 0 -1 0
  outer loop
    vertex -1.959069716854607 221.7094 1.696604142581031
    vertex -0.9795348584272432 221.7094 0
    vertex -1.169597844352666e-06 221.7094 1.407766086491478
  endloop
endfacet
facet normal 0 -1 0
  outer loop
    vertex 21.33418565745876 221.7094 1.955204466638697
    vertex 22.52930174383019 221.7094 0
    vertex 23.40025080572642 221.7094 1.747532295814776
  endloop
endfacet
facet normal 0 -1 0
  outer loop
    vertex 24.48837146068496 221.7094 0
    vertex 25.42793237377711 221.7094 1.704179607661789
    vertex 23.40025080572642 221.7094 1.747532295814776
  endloop
endfacet
facet normal -0 -1 0
  outer loop
    vertex 22 221.7094 7.1
    vertex 20 221.7094 7.1
    vertex 21.00834548726836 221.7094 5.438795818103451
  endloop
endfacet
facet normal 0 -1 0
  outer loop
    vertex 22.52930174383019 221.7094 0
    vertex 24.48837146068496 221.7094 0
    vertex 23.40025080572642 221.7094 1.747532295814776
  endloop
endfacet
facet normal 0 -1 0
  outer loop
    vertex -22.52930174382988 221.7094 0
    vertex -21.33025241940599 221.7094 1.955106018182377
    vertex -23.33060471138091 221.7094 1.812986548787367
  endloop
endfacet
facet normal 0 -1 0
  outer loop
    vertex -25.4122563999986 221.7094 1.706251482452053
    vertex -24.48837146068466 221.7094 0
    vertex -23.33060471138091 221.7094 1.812986548787367
  endloop
endfacet
facet normal -0 -1 0
  outer loop
    vertex -20 221.7094 7.1
    vertex -22 221.7094 7.1
    vertex -21.00052244153296 221.7094 5.4401297639643
  endloop
endfacet
facet normal 0 -1 0
  outer loop
    vertex -24.48837146068466 221.7094 0
    vertex -22.52930174382988 221.7094 0
    vertex -23.33060471138091 221.7094 1.812986548787367
  endloop
endfacet
facet normal -0 -1 0
  outer loop
    vertex -46 221.7094 7.1
    vertex -48 221.7094 7.1
    vertex -46.89543132693615 221.7094 5.987132643061227
  endloop
endfacet
facet normal -0 -1 0
  outer loop
    vertex 48 221.7094 7.1
    vertex 46 221.7094 7.1
    vertex 46.89543132693623 221.7094 5.987132643061255
  endloop
endfacet
facet normal 0 -1 0
  outer loop
    vertex 37.11966623991169 221.7094 3.845093097921831
    vertex 38.20185947866868 221.7094 4.574999999999998
    vertex 36.71203151570525 221.7094 5.348099547364318
  endloop
endfacet
facet normal 0 -1 -0
  outer loop
    vertex 20 221.7094 7.1
    vertex 18.98889490879108 221.7094 5.434691838076384
    vertex 21.00834548726836 221.7094 5.438795818103451
  endloop
endfacet
facet normal 0 -1 0
  outer loop
    vertex -18.98848899759727 221.7094 5.435347762888591
    vertex -20 221.7094 7.1
    vertex -21.00052244153296 221.7094 5.4401297639643
  endloop
endfacet
facet normal 0 -1 -0
  outer loop
    vertex -28.18529209280447 221.7094 3.4813813165958
    vertex -29.316731719995 221.7094 1.704687613125788
    vertex -27.32053378407045 221.7094 1.742926244582487
  endloop
endfacet
facet normal 0 -1 0
  outer loop
    vertex 44.56342845754632 221.7094 3.049999999999996
    vertex 44.56342845754632 221.7094 1.524999999999996
    vertex 45.75650740273262 221.7094 2.262600876945712
  endloop
endfacet
facet normal 0 -1 0
  outer loop
    vertex -44.56342845754629 221.7094 1.524999999999996
    vertex -44.56342845754629 221.7094 3.049999999999996
    vertex -45.75650740273269 221.7094 2.262600876945617
  endloop
endfacet
facet normal -0 -1 0
  outer loop
    vertex 29.27547185620614 221.7094 1.699918921135568
    vertex 28.14408545781318 221.7094 3.40863643535665
    vertex 27.39502323622706 221.7094 1.575592766838139
  endloop
endfacet
facet normal 0 -1 0
  outer loop
    vertex -26.44744117753945 221.7094 0
    vertex -25.4122563999986 221.7094 1.706251482452053
    vertex -27.32053378407045 221.7094 1.742926244582487
  endloop
endfacet
facet normal 0 -1 0
  outer loop
    vertex -29.316731719995 221.7094 1.704687613125788
    vertex -28.40651089439424 221.7094 0
    vertex -27.32053378407045 221.7094 1.742926244582487
  endloop
endfacet
facet normal 0 -1 0
  outer loop
    vertex -44.56342845754629 221.7094 3.049999999999996
    vertex -44.56342845754629 221.7094 4.574999999999998
    vertex -45.77323266098032 221.7094 3.82737512267861
  endloop
endfacet
facet normal 0 -1 0
  outer loop
    vertex 44.56342845754632 221.7094 4.574999999999998
    vertex 44.56342845754632 221.7094 3.049999999999996
    vertex 45.77323266098028 221.7094 3.827375122678607
  endloop
endfacet
facet normal 0 -1 0
  outer loop
    vertex 25.42793237377711 221.7094 1.704179607661789
    vertex 26.44744117753976 221.7094 0
    vertex 27.39502323622706 221.7094 1.575592766838139
  endloop
endfacet
facet normal 0 -1 0
  outer loop
    vertex 28.40651089439454 221.7094 0
    vertex 29.27547185620614 221.7094 1.699918921135568
    vertex 27.39502323622706 221.7094 1.575592766838139
  endloop
endfacet
facet normal 0 -1 0
  outer loop
    vertex 18.18466266080375 221.7094 3.751480726160391
    vertex 19.41845061571767 221.7094 2.030422586081532
    vertex 20.17338079266422 221.7094 3.71148319759555
  endloop
endfacet
facet normal 0 -1 0
  outer loop
    vertex 38.20185947866868 221.7094 3.049999999999996
    vertex 38.20185947866868 221.7094 4.574999999999998
    vertex 37.11966623991169 221.7094 3.845093097921831
  endloop
endfacet
facet normal 0 -1 0
  outer loop
    vertex -38.20185947866864 221.7094 4.574999999999998
    vertex -38.20185947866864 221.7094 3.049999999999996
    vertex -37.02504425634339 221.7094 3.828991562512252
  endloop
endfacet
facet normal 0 -1 0
  outer loop
    vertex -19.41835274750411 221.7094 2.028902087655219
    vertex -18.18559206865215 221.7094 3.750544467029614
    vertex -20.1655302883435 221.7094 3.713619851583242
  endloop
endfacet
facet normal 0 -1 -0
  outer loop
    vertex 18.98889490879108 221.7094 5.434691838076384
    vertex 18.18466266080375 221.7094 3.751480726160391
    vertex 20.17338079266422 221.7094 3.71148319759555
  endloop
endfacet
facet normal -0 -1 0
  outer loop
    vertex -18.18559206865215 221.7094 3.750544467029614
    vertex -18.98848899759727 221.7094 5.435347762888591
    vertex -20.1655302883435 221.7094 3.713619851583242
  endloop
endfacet
facet normal 0 -1 0
  outer loop
    vertex 38.20185947866868 221.7094 1.524999999999996
    vertex 38.20185947866868 221.7094 3.049999999999996
    vertex 36.89056620519284 221.7094 2.340771773363666
  endloop
endfacet
facet normal 0 -1 0
  outer loop
    vertex -38.20185947866864 221.7094 3.049999999999996
    vertex -38.20185947866864 221.7094 1.524999999999996
    vertex -36.88117073789737 221.7094 2.287499999999997
  endloop
endfacet
facet normal 0 -1 0
  outer loop
    vertex -38.20185947866864 221.7094 4.574999999999998
    vertex -37.02504425634339 221.7094 3.828991562512252
    vertex -37.02313626764395 221.7094 5.138893293769028
  endloop
endfacet
facet normal 0 -1 0
  outer loop
    vertex -35.32533562034469 221.7094 1.792413338477736
    vertex -33.94908020888089 221.7094 3.753743679560393
    vertex -35.74320965324254 221.7094 4.021013872612592
  endloop
endfacet
facet normal 0 -1 0
  outer loop
    vertex -45.75650740273269 221.7094 2.262600876945617
    vertex -44.56342845754629 221.7094 3.049999999999996
    vertex -45.77323266098032 221.7094 3.82737512267861
  endloop
endfacet
facet normal 0 -1 0
  outer loop
    vertex 44.56342845754632 221.7094 3.049999999999996
    vertex 45.75650740273262 221.7094 2.262600876945712
    vertex 45.77323266098028 221.7094 3.827375122678607
  endloop
endfacet
facet normal 0 -1 0
  outer loop
    vertex 33.96885967790288 221.7094 3.738935156296235
    vertex 35.32560560644073 221.7094 1.794834479792212
    vertex 35.70696672654674 221.7094 3.814655922793742
  endloop
endfacet
facet normal 0 -1 0
  outer loop
    vertex -28.40651089439424 221.7094 0
    vertex -26.44744117753945 221.7094 0
    vertex -27.32053378407045 221.7094 1.742926244582487
  endloop
endfacet
facet normal 0 -1 0
  outer loop
    vertex 26.44744117753976 221.7094 0
    vertex 28.40651089439454 221.7094 0
    vertex 27.39502323622706 221.7094 1.575592766838139
  endloop
endfacet
facet normal 3.30815e-14 -1 -1.77908e-14
  outer loop
    vertex -46.28171422877325 221.7094 0
    vertex -44.5634284575465 221.7094 0
    vertex -45.70220689247395 221.7094 1.077577892141508
  endloop
endfacet
facet normal -8.27037e-14 -1 -4.4477e-14
  outer loop
    vertex 44.56342845754681 221.7094000000001 0
    vertex 46.28171422877341 221.7094 0
    vertex 45.70220689247387 221.7094 1.077577892141493
  endloop
endfacet
facet normal 0 -1 0
  outer loop
    vertex 22.10574542594571 221.7094 3.658303750512848
    vertex 21.00834548726836 221.7094 5.438795818103451
    vertex 20.17338079266422 221.7094 3.71148319759555
  endloop
endfacet
facet normal 0 -1 0
  outer loop
    vertex 38.20185947866868 221.7094 6.1
    vertex 38 221.7094 7.1
    vertex 37.14422322784561 221.7094 6.406879722352065
  endloop
endfacet
facet normal 0 -1 0
  outer loop
    vertex -38.20185947866864 221.7094 6.1
    vertex -37.02313626764395 221.7094 5.138893293769028
    vertex -37.06658227366277 221.7094 6.276372559296141
  endloop
endfacet
facet normal -0 -1 0
  outer loop
    vertex 38.20185947866868 221.7094 3.049999999999996
    vertex 37.11966623991169 221.7094 3.845093097921831
    vertex 36.89056620519284 221.7094 2.340771773363666
  endloop
endfacet
facet normal 0 -1 -0
  outer loop
    vertex -37.02504425634339 221.7094 3.828991562512252
    vertex -38.20185947866864 221.7094 3.049999999999996
    vertex -36.88117073789737 221.7094 2.287499999999997
  endloop
endfacet
facet normal 0 -1 -0
  outer loop
    vertex -21.00052244153296 221.7094 5.4401297639643
    vertex -22.06997305536849 221.7094 3.67168900977935
    vertex -20.1655302883435 221.7094 3.713619851583242
  endloop
endfacet
facet normal 1.4645e-14 -1 -3.72744e-14
  outer loop
    vertex -44.5634284575465 221.7094 0
    vertex -44.56342845754629 221.7094 1.524999999999996
    vertex -45.70220689247395 221.7094 1.077577892141508
  endloop
endfacet
facet normal -3.66124e-14 -1 -9.31859e-14
  outer loop
    vertex 44.56342845754632 221.7094 1.524999999999996
    vertex 44.56342845754681 221.7094000000001 0
    vertex 45.70220689247387 221.7094 1.077577892141493
  endloop
endfacet
facet normal -0 -1 0
  outer loop
    vertex -44.56342845754629 221.7094 4.574999999999998
    vertex -45.76929924784759 221.7094 5.374420001895123
    vertex -45.77323266098032 221.7094 3.82737512267861
  endloop
endfacet
facet normal 0 -1 -0
  outer loop
    vertex 45.76929924784761 221.7094 5.374420001895101
    vertex 44.56342845754632 221.7094 4.574999999999998
    vertex 45.77323266098028 221.7094 3.827375122678607
  endloop
endfacet
facet normal 0 -1 0
  outer loop
    vertex 48 221.7094 1.775
    vertex 48 221.7094 3.55
    vertex 46.89591280000059 221.7094 2.832415221738239
  endloop
endfacet
facet normal 0 -1 0
  outer loop
    vertex -48 221.7094 3.55
    vertex -48 221.7094 1.775
    vertex -46.89591280000067 221.7094 2.832415221738155
  endloop
endfacet
facet normal 0 -1 -0
  outer loop
    vertex -38 221.7094 7.1
    vertex -38.20185947866864 221.7094 6.1
    vertex -37.06658227366277 221.7094 6.276372559296141
  endloop
endfacet
facet normal 0 -1 0
  outer loop
    vertex -33.94908020888089 221.7094 3.753743679560393
    vertex -34.76453502142927 221.7094 5.533896099236057
    vertex -35.74320965324254 221.7094 4.021013872612592
  endloop
endfacet
facet normal 0 -1 0
  outer loop
    vertex -48 221.7094 5.324999999999999
    vertex -48 221.7094 3.55
    vertex -46.88361798199703 221.7094 4.518987961272492
  endloop
endfacet
facet normal 0 -1 0
  outer loop
    vertex 48 221.7094 3.55
    vertex 48 221.7094 5.324999999999999
    vertex 46.88361798199702 221.7094 4.518987961272527
  endloop
endfacet
facet normal 0 -1 -0
  outer loop
    vertex 46 221.7094 7.1
    vertex 45.76929924784761 221.7094 5.374420001895101
    vertex 46.89543132693623 221.7094 5.987132643061255
  endloop
endfacet
facet normal 0 -1 0
  outer loop
    vertex -45.76929924784759 221.7094 5.374420001895123
    vertex -46 221.7094 7.1
    vertex -46.89543132693615 221.7094 5.987132643061227
  endloop
endfacet
facet normal 0 -1 -0
  outer loop
    vertex 34.88434141841553 221.7094 5.434258521667175
    vertex 33.96885967790288 221.7094 3.738935156296235
    vertex 35.70696672654674 221.7094 3.814655922793742
  endloop
endfacet
facet normal 0 -1 0
  outer loop
    vertex 21.00834548726836 221.7094 5.438795818103451
    vertex 18.98889490879108 221.7094 5.434691838076384
    vertex 20.17338079266422 221.7094 3.71148319759555
  endloop
endfacet
facet normal -0 -1 0
  outer loop
    vertex -18.98848899759727 221.7094 5.435347762888591
    vertex -21.00052244153296 221.7094 5.4401297639643
    vertex -20.1655302883435 221.7094 3.713619851583242
  endloop
endfacet
facet normal 0 -1 0
  outer loop
    vertex -48 221.7094 7.1
    vertex -48 221.7094 5.324999999999999
    vertex -46.89543132693615 221.7094 5.987132643061227
  endloop
endfacet
facet normal 0 -1 0
  outer loop
    vertex 48 221.7094 5.324999999999999
    vertex 48 221.7094 7.1
    vertex 46.89543132693623 221.7094 5.987132643061255
  endloop
endfacet
facet normal 0 -1 0
  outer loop
    vertex 48 221.7094 0
    vertex 48 221.7094 1.775
    vertex 46.91281762968492 221.7094 1.129267381230402
  endloop
endfacet
facet normal 0 -1 0
  outer loop
    vertex -48 221.7094 1.775
    vertex -48 221.7094 0
    vertex -46.91281762968513 221.7094 1.129267381230115
  endloop
endfacet
facet normal 0 -1 0
  outer loop
    vertex 46.28171422877341 221.7094 0
    vertex 48 221.7094 0
    vertex 46.91281762968492 221.7094 1.129267381230402
  endloop
endfacet
facet normal 0 -1 0
  outer loop
    vertex -48 221.7094 0
    vertex -46.28171422877325 221.7094 0
    vertex -46.91281762968513 221.7094 1.129267381230115
  endloop
endfacet
facet normal -0 -1 0
  outer loop
    vertex 38.20185947866868 221.7094 1.524999999999996
    vertex 36.89056620519284 221.7094 2.340771773363666
    vertex 36.97253610615688 221.7094 1.132121250631175
  endloop
endfacet
facet normal 0 -1 0
  outer loop
    vertex -36.88117073789737 221.7094 2.287499999999997
    vertex -38.20185947866864 221.7094 1.524999999999996
    vertex -36.97060301547855 221.7094 1.120982667695546
  endloop
endfacet
facet normal 0 -1 0
  outer loop
    vertex -46.88361798199703 221.7094 4.518987961272492
    vertex -48 221.7094 3.55
    vertex -46.89591280000067 221.7094 2.832415221738155
  endloop
endfacet
facet normal -0 -1 0
  outer loop
    vertex 48 221.7094 3.55
    vertex 46.88361798199702 221.7094 4.518987961272527
    vertex 46.89591280000059 221.7094 2.832415221738239
  endloop
endfacet
facet normal -0 -1 0
  outer loop
    vertex -45.77323266098032 221.7094 3.82737512267861
    vertex -46.88361798199703 221.7094 4.518987961272492
    vertex -46.89591280000067 221.7094 2.832415221738155
  endloop
endfacet
facet normal 0 -1 -0
  outer loop
    vertex 46.88361798199702 221.7094 4.518987961272527
    vertex 45.77323266098028 221.7094 3.827375122678607
    vertex 46.89591280000059 221.7094 2.832415221738239
  endloop
endfacet
facet normal 0 -1 0
  outer loop
    vertex -45.70220689247395 221.7094 1.077577892141508
    vertex -45.75650740273269 221.7094 2.262600876945617
    vertex -46.91281762968513 221.7094 1.129267381230115
  endloop
endfacet
facet normal 0 -1 -0
  outer loop
    vertex 45.75650740273262 221.7094 2.262600876945712
    vertex 45.70220689247387 221.7094 1.077577892141493
    vertex 46.91281762968492 221.7094 1.129267381230402
  endloop
endfacet
facet normal 1.19125e-14 -1 -3.72744e-14
  outer loop
    vertex 38.20185947866847 221.7094 0
    vertex 38.20185947866868 221.7094 1.524999999999996
    vertex 36.97253610615688 221.7094 1.132121250631175
  endloop
endfacet
facet normal -3.05775e-14 -1 -9.31859e-14
  outer loop
    vertex -38.20185947866864 221.7094 1.524999999999996
    vertex -38.20185947866816 221.7094000000001 0
    vertex -36.97060301547855 221.7094 1.120982667695546
  endloop
endfacet
facet normal 0 -1 0
  outer loop
    vertex 45.75650740273262 221.7094 2.262600876945712
    vertex 44.56342845754632 221.7094 1.524999999999996
    vertex 45.70220689247387 221.7094 1.077577892141493
  endloop
endfacet
facet normal -0 -1 0
  outer loop
    vertex -44.56342845754629 221.7094 1.524999999999996
    vertex -45.75650740273269 221.7094 2.262600876945617
    vertex -45.70220689247395 221.7094 1.077577892141508
  endloop
endfacet
facet normal 0 -1 0
  outer loop
    vertex 45.76929924784761 221.7094 5.374420001895101
    vertex 45.77323266098028 221.7094 3.827375122678607
    vertex 46.88361798199702 221.7094 4.518987961272527
  endloop
endfacet
facet normal 0 -1 0
  outer loop
    vertex -45.77323266098032 221.7094 3.82737512267861
    vertex -45.76929924784759 221.7094 5.374420001895123
    vertex -46.88361798199703 221.7094 4.518987961272492
  endloop
endfacet
facet normal 0 -1 0
  outer loop
    vertex -45.75650740273269 221.7094 2.262600876945617
    vertex -45.77323266098032 221.7094 3.82737512267861
    vertex -46.89591280000067 221.7094 2.832415221738155
  endloop
endfacet
facet normal 0 -1 -0
  outer loop
    vertex 45.77323266098028 221.7094 3.827375122678607
    vertex 45.75650740273262 221.7094 2.262600876945712
    vertex 46.89591280000059 221.7094 2.832415221738239
  endloop
endfacet
facet normal 0 -1 0
  outer loop
    vertex 46.89543132693623 221.7094 5.987132643061255
    vertex 45.76929924784761 221.7094 5.374420001895101
    vertex 46.88361798199702 221.7094 4.518987961272527
  endloop
endfacet
facet normal -0 -1 0
  outer loop
    vertex -45.76929924784759 221.7094 5.374420001895123
    vertex -46.89543132693615 221.7094 5.987132643061227
    vertex -46.88361798199703 221.7094 4.518987961272492
  endloop
endfacet
facet normal -0 -1 0
  outer loop
    vertex 48 221.7094 5.324999999999999
    vertex 46.89543132693623 221.7094 5.987132643061255
    vertex 46.88361798199702 221.7094 4.518987961272527
  endloop
endfacet
facet normal 0 -1 -0
  outer loop
    vertex -46.89543132693615 221.7094 5.987132643061227
    vertex -48 221.7094 5.324999999999999
    vertex -46.88361798199703 221.7094 4.518987961272492
  endloop
endfacet
facet normal 0 -1 0
  outer loop
    vertex -37.06658227366277 221.7094 6.276372559296141
    vertex -37.02313626764395 221.7094 5.138893293769028
    vertex -36.11092921560667 221.7094 5.857345195722683
  endloop
endfacet
facet normal 0 -1 0
  outer loop
    vertex 45.70220689247387 221.7094 1.077577892141493
    vertex 46.28171422877341 221.7094 0
    vertex 46.91281762968492 221.7094 1.129267381230402
  endloop
endfacet
facet normal 0 -1 0
  outer loop
    vertex -46.28171422877325 221.7094 0
    vertex -45.70220689247395 221.7094 1.077577892141508
    vertex -46.91281762968513 221.7094 1.129267381230115
  endloop
endfacet
facet normal 0 -1 0
  outer loop
    vertex -36 221.7094 7.1
    vertex -37.06658227366277 221.7094 6.276372559296141
    vertex -36.11092921560667 221.7094 5.857345195722683
  endloop
endfacet
facet normal -0 -1 0
  outer loop
    vertex -36 221.7094 7.1
    vertex -38 221.7094 7.1
    vertex -37.06658227366277 221.7094 6.276372559296141
  endloop
endfacet
facet normal -0 -1 0
  outer loop
    vertex 38 221.7094 7.1
    vertex 36 221.7094 7.1
    vertex 37.14422322784561 221.7094 6.406879722352065
  endloop
endfacet
facet normal 0 -1 0
  outer loop
    vertex -44.56342845754629 221.7094 6.1
    vertex -44 221.7094 7.1
    vertex -46 221.7094 7.1
  endloop
endfacet
facet normal 0 -1 0
  outer loop
    vertex -39.79225172338806 221.7094 6.1
    vertex -38.20185947866864 221.7094 6.1
    vertex -38 221.7094 7.1
  endloop
endfacet
facet normal 0 -1 0
  outer loop
    vertex 38.20185947866868 221.7094 6.1
    vertex 39.79225172338809 221.7094 6.1
    vertex 38 221.7094 7.1
  endloop
endfacet
facet normal 0 -1 0
  outer loop
    vertex 44.56342845754632 221.7094 6.1
    vertex 46 221.7094 7.1
    vertex 44 221.7094 7.1
  endloop
endfacet
facet normal 0 -1 0
  outer loop
    vertex -44 221.7094 7.1
    vertex -42.97303621282688 221.7094 6.1
    vertex -42 221.7094 7.1
  endloop
endfacet
facet normal 0 -1 0
  outer loop
    vertex -41.38264396810747 221.7094 6.1
    vertex -39.79225172338806 221.7094 6.1
    vertex -40 221.7094 7.1
  endloop
endfacet
facet normal 0 -1 0
  outer loop
    vertex -41.38264396810747 221.7094 6.1
    vertex -40 221.7094 7.1
    vertex -42 221.7094 7.1
  endloop
endfacet
facet normal 0 -1 0
  outer loop
    vertex -40 221.7094 7.1
    vertex -39.79225172338806 221.7094 6.1
    vertex -38 221.7094 7.1
  endloop
endfacet
facet normal 0 -1 0
  outer loop
    vertex 39.79225172338809 221.7094 6.1
    vertex 41.3826439681075 221.7094 6.1
    vertex 40 221.7094 7.1
  endloop
endfacet
facet normal 0 -1 0
  outer loop
    vertex 38 221.7094 7.1
    vertex 39.79225172338809 221.7094 6.1
    vertex 40 221.7094 7.1
  endloop
endfacet
facet normal 0 -1 0
  outer loop
    vertex 40 221.7094 7.1
    vertex 41.3826439681075 221.7094 6.1
    vertex 42 221.7094 7.1
  endloop
endfacet
facet normal 0 -1 0
  outer loop
    vertex 42 221.7094 7.1
    vertex 42.97303621282691 221.7094 6.1
    vertex 44 221.7094 7.1
  endloop
endfacet
facet normal 1 0 0
  outer loop
    vertex 50 226.9664037992366 3.537384145382753
    vertex 50 226.8265996955526 1.631983373067945
    vertex 50 228.4659566796624 2.970289099809091
  endloop
endfacet
facet normal 1 0 -0
  outer loop
    vertex 50 231.5520747451438 3.562466577385763
    vertex 50 231.692120027884 5.467995942861734
    vertex 50 230.0394325078627 4.131693731818081
  endloop
endfacet
facet normal 1 0 0
  outer loop
    vertex 50 227.5094 7.1
    vertex 50 225.7594 7.1
    vertex 50 226.8670890843324 5.459774304283596
  endloop
endfacet
facet normal 1 0 0
  outer loop
    vertex 50 231.0094 0
    vertex 50 232.7594 0
    vertex 50 231.651373662945 1.640222681812397
  endloop
endfacet
facet normal 1 -0 0
  outer loop
    vertex 50 226.8265996955526 1.631983373067945
    vertex 50 228.6520797051461 1.388359780742969
    vertex 50 228.4659566796624 2.970289099809091
  endloop
endfacet
facet normal 1 0 0
  outer loop
    vertex 50 231.692120027884 5.467995942861734
    vertex 50 229.8663729888134 5.711668952791443
    vertex 50 230.0394325078627 4.131693731818081
  endloop
endfacet
facet normal 1 0 0
  outer loop
    vertex 50 226.8670890843324 5.459774304283596
    vertex 50 225.7594 7.1
    vertex 50 225.3063903473987 5.796453178620985
  endloop
endfacet
facet normal 1 0 0
  outer loop
    vertex 50 231.651373662945 1.640222681812397
    vertex 50 232.7594 0
    vertex 50 233.2124096526013 1.303546821379017
  endloop
endfacet
facet normal 1 0 0
  outer loop
    vertex 50 226.9664037992366 3.537384145382753
    vertex 50 225.4892058350602 2.668009520266951
    vertex 50 226.8265996955526 1.631983373067945
  endloop
endfacet
facet normal 1 0 0
  outer loop
    vertex 50 231.5520747451438 3.562466577385763
    vertex 50 233.0295884105623 4.431980575227161
    vertex 50 231.692120027884 5.467995942861734
  endloop
endfacet
facet normal 1 0 0
  outer loop
    vertex 50 228.5965238628908 4.429189856062072
    vertex 50 228.4659566796624 2.970289099809091
    vertex 50 230.0394325078627 4.131693731818081
  endloop
endfacet
facet normal 1 -0 0
  outer loop
    vertex 50 228.4659566796624 2.970289099809091
    vertex 50 229.9209390524096 2.670811979665614
    vertex 50 230.0394325078627 4.131693731818081
  endloop
endfacet
facet normal 1 0 0
  outer loop
    vertex 50 225.5033870499142 4.366740434615029
    vertex 50 225.4892058350602 2.668009520266951
    vertex 50 226.9664037992366 3.537384145382753
  endloop
endfacet
facet normal 1 0 -0
  outer loop
    vertex 50 233.0153452786063 2.733143088395752
    vertex 50 233.0295884105623 4.431980575227161
    vertex 50 231.5520747451438 3.562466577385763
  endloop
endfacet
facet normal 1 -0 0
  outer loop
    vertex 50 225.5033870499142 4.366740434615029
    vertex 50 226.9664037992366 3.537384145382753
    vertex 50 226.8670890843324 5.459774304283596
  endloop
endfacet
facet normal 1 0 0
  outer loop
    vertex 50 233.0153452786063 2.733143088395752
    vertex 50 231.5520747451438 3.562466577385763
    vertex 50 231.651373662945 1.640222681812397
  endloop
endfacet
facet normal 1 0 0
  outer loop
    vertex 50 226.8670890843324 5.459774304283596
    vertex 50 226.9664037992366 3.537384145382753
    vertex 50 228.5965238628908 4.429189856062072
  endloop
endfacet
facet normal 1 0 0
  outer loop
    vertex 50 233.0153452786063 2.733143088395752
    vertex 50 234.5094 3.55
    vertex 50 233.0295884105623 4.431980575227161
  endloop
endfacet
facet normal 1 0 0
  outer loop
    vertex 50 225.5033870499142 4.366740434615029
    vertex 50 224.0094 3.55
    vertex 50 225.4892058350602 2.668009520266951
  endloop
endfacet
facet normal 1 0 0
  outer loop
    vertex 50 231.651373662945 1.640222681812397
    vertex 50 231.5520747451438 3.562466577385763
    vertex 50 229.9209390524096 2.670811979665614
  endloop
endfacet
facet normal 1 0 -0
  outer loop
    vertex 50 234.5094 1.775
    vertex 50 234.5094 3.55
    vertex 50 233.0153452786063 2.733143088395752
  endloop
endfacet
facet normal 1 0 0
  outer loop
    vertex 50 224.0094 5.324999999999999
    vertex 50 224.0094 3.55
    vertex 50 225.5033870499142 4.366740434615029
  endloop
endfacet
facet normal 1 0 0
  outer loop
    vertex 50 224.0094 3.55
    vertex 50 224.0094 1.775
    vertex 50 225.4892058350602 2.668009520266951
  endloop
endfacet
facet normal 1 0 -0
  outer loop
    vertex 50 234.5094 3.55
    vertex 50 234.5094 5.324999999999999
    vertex 50 233.0295884105623 4.431980575227161
  endloop
endfacet
facet normal 1 0 0
  outer loop
    vertex 50 227.5094 0
    vertex 50 229.2594 0
    vertex 50 228.6520797051461 1.388359780742969
  endloop
endfacet
facet normal 1 0 0
  outer loop
    vertex 50 231.0094 7.1
    vertex 50 229.2594 7.1
    vertex 50 229.8663729888134 5.711668952791443
  endloop
endfacet
facet normal 1 0 -0
  outer loop
    vertex 50 228.5965238628908 4.429189856062072
    vertex 50 229.8663729888134 5.711668952791443
    vertex 50 228.4197571872073 5.960126622627422
  endloop
endfacet
facet normal 1 0 0
  outer loop
    vertex 50 229.9209390524096 2.670811979665614
    vertex 50 228.6520797051461 1.388359780742969
    vertex 50 230.0986384841001 1.139878888444196
  endloop
endfacet
facet normal 1 0 0
  outer loop
    vertex 50 225.7594 0
    vertex 50 227.5094 0
    vertex 50 226.8265996955526 1.631983373067945
  endloop
endfacet
facet normal 1 0 0
  outer loop
    vertex 50 232.7594 7.1
    vertex 50 231.0094 7.1
    vertex 50 231.692120027884 5.467995942861734
  endloop
endfacet
facet normal 1 0 -0
  outer loop
    vertex 50 227.5094 0
    vertex 50 228.6520797051461 1.388359780742969
    vertex 50 226.8265996955526 1.631983373067945
  endloop
endfacet
facet normal 1 0 0
  outer loop
    vertex 50 231.0094 7.1
    vertex 50 229.8663729888134 5.711668952791443
    vertex 50 231.692120027884 5.467995942861734
  endloop
endfacet
facet normal 1 0 0
  outer loop
    vertex 50 229.8663729888134 5.711668952791443
    vertex 50 228.5965238628908 4.429189856062072
    vertex 50 230.0394325078627 4.131693731818081
  endloop
endfacet
facet normal 1 0 -0
  outer loop
    vertex 50 228.6520797051461 1.388359780742969
    vertex 50 229.9209390524096 2.670811979665614
    vertex 50 228.4659566796624 2.970289099809091
  endloop
endfacet
facet normal 1 0 -0
  outer loop
    vertex 50 234.5094 5.324999999999999
    vertex 50 234.5094 7.1
    vertex 50 233.2104469011866 5.794518071592453
  endloop
endfacet
facet normal 1 0 0
  outer loop
    vertex 50 224.0094 1.775
    vertex 50 224.0094 0
    vertex 50 225.3083530988134 1.305481928407545
  endloop
endfacet
facet normal 1 0 0
  outer loop
    vertex 50 234.5094 7.1
    vertex 50 232.7594 7.1
    vertex 50 233.2104469011866 5.794518071592453
  endloop
endfacet
facet normal 1 0 0
  outer loop
    vertex 50 224.0094 0
    vertex 50 225.7594 0
    vertex 50 225.3083530988134 1.305481928407545
  endloop
endfacet
facet normal 1 0 0
  outer loop
    vertex 50 224.0094 7.1
    vertex 50 224.0094 5.324999999999999
    vertex 50 225.3063903473987 5.796453178620985
  endloop
endfacet
facet normal 1 0 -0
  outer loop
    vertex 50 234.5094 0
    vertex 50 234.5094 1.775
    vertex 50 233.2124096526013 1.303546821379017
  endloop
endfacet
facet normal 1 0 0
  outer loop
    vertex 50 232.7594 0
    vertex 50 234.5094 0
    vertex 50 233.2124096526013 1.303546821379017
  endloop
endfacet
facet normal 1 0 0
  outer loop
    vertex 50 225.7594 7.1
    vertex 50 224.0094 7.1
    vertex 50 225.3063903473987 5.796453178620985
  endloop
endfacet
facet normal 1 0 0
  outer loop
    vertex 50 233.0153452786063 2.733143088395752
    vertex 50 231.651373662945 1.640222681812397
    vertex 50 233.2124096526013 1.303546821379017
  endloop
endfacet
facet normal 1 0 -0
  outer loop
    vertex 50 225.5033870499142 4.366740434615029
    vertex 50 226.8670890843324 5.459774304283596
    vertex 50 225.3063903473987 5.796453178620985
  endloop
endfacet
facet normal 1 0 0
  outer loop
    vertex 50 229.8663729888134 5.711668952791443
    vertex 50 229.2594 7.1
    vertex 50 228.4197571872073 5.960126622627422
  endloop
endfacet
facet normal 1 0 0
  outer loop
    vertex 50 228.6520797051461 1.388359780742969
    vertex 50 229.2594 0
    vertex 50 230.0986384841001 1.139878888444196
  endloop
endfacet
facet normal 1 0 0
  outer loop
    vertex 50 227.5094 7.1
    vertex 50 226.8670890843324 5.459774304283596
    vertex 50 228.4197571872073 5.960126622627422
  endloop
endfacet
facet normal 1 0 -0
  outer loop
    vertex 50 231.0094 0
    vertex 50 231.651373662945 1.640222681812397
    vertex 50 230.0986384841001 1.139878888444196
  endloop
endfacet
facet normal 1 0 0
  outer loop
    vertex 50 229.2594 7.1
    vertex 50 227.5094 7.1
    vertex 50 228.4197571872073 5.960126622627422
  endloop
endfacet
facet normal 1 0 0
  outer loop
    vertex 50 229.2594 0
    vertex 50 231.0094 0
    vertex 50 230.0986384841001 1.139878888444196
  endloop
endfacet
facet normal 1 -0 0
  outer loop
    vertex 50 226.8670890843324 5.459774304283596
    vertex 50 228.5965238628908 4.429189856062072
    vertex 50 228.4197571872073 5.960126622627422
  endloop
endfacet
facet normal 1 0 0
  outer loop
    vertex 50 231.651373662945 1.640222681812397
    vertex 50 229.9209390524096 2.670811979665614
    vertex 50 230.0986384841001 1.139878888444196
  endloop
endfacet
facet normal 1 0 0
  outer loop
    vertex 50 228.5965238628908 4.429189856062072
    vertex 50 226.9664037992366 3.537384145382753
    vertex 50 228.4659566796624 2.970289099809091
  endloop
endfacet
facet normal 1 0 0
  outer loop
    vertex 50 229.9209390524096 2.670811979665614
    vertex 50 231.5520747451438 3.562466577385763
    vertex 50 230.0394325078627 4.131693731818081
  endloop
endfacet
facet normal 1 0 -0
  outer loop
    vertex 50 225.7594 0
    vertex 50 226.8265996955526 1.631983373067945
    vertex 50 225.3083530988134 1.305481928407545
  endloop
endfacet
facet normal 1 0 0
  outer loop
    vertex 50 232.7594 7.1
    vertex 50 231.692120027884 5.467995942861734
    vertex 50 233.2104469011866 5.794518071592453
  endloop
endfacet
facet normal 1 0 0
  outer loop
    vertex 50 225.4892058350602 2.668009520266951
    vertex 50 224.0094 1.775
    vertex 50 225.3083530988134 1.305481928407545
  endloop
endfacet
facet normal 1 0 0
  outer loop
    vertex 50 233.0295884105623 4.431980575227161
    vertex 50 234.5094 5.324999999999999
    vertex 50 233.2104469011866 5.794518071592453
  endloop
endfacet
facet normal 1 0 0
  outer loop
    vertex 50 234.5094 1.775
    vertex 50 233.0153452786063 2.733143088395752
    vertex 50 233.2124096526013 1.303546821379017
  endloop
endfacet
facet normal 1 -0 0
  outer loop
    vertex 50 224.0094 5.324999999999999
    vertex 50 225.5033870499142 4.366740434615029
    vertex 50 225.3063903473987 5.796453178620985
  endloop
endfacet
facet normal 1 -0 0
  outer loop
    vertex 50 231.692120027884 5.467995942861734
    vertex 50 233.0295884105623 4.431980575227161
    vertex 50 233.2104469011866 5.794518071592453
  endloop
endfacet
facet normal 1 0 0
  outer loop
    vertex 50 226.8265996955526 1.631983373067945
    vertex 50 225.4892058350602 2.668009520266951
    vertex 50 225.3083530988134 1.305481928407545
  endloop
endfacet
facet normal 0 0 -1
  outer loop
    vertex -35.20215524553392 225.6012183854062 0
    vertex -33.43775863085999 226.559763223021 0
    vertex -33.99122965085295 224.5888074119406 0
  endloop
endfacet
facet normal 0 0 -1
  outer loop
    vertex -46.28171422877325 221.7094 0
    vertex -46.06015188147109 222.8948411307246 0
    vertex -44.5634284575465 221.7094 0
  endloop
endfacet
facet normal 0 -0 -1
  outer loop
    vertex 45.8963567937897 222.7257889026842 0
    vertex 46.28171422877341 221.7094 0
    vertex 44.56342845754681 221.7094000000001 0
  endloop
endfacet
facet normal 0 0 -1
  outer loop
    vertex 3.990334731895907 236.0037214877954 0
    vertex 2.338182555944938 236.9575919913229 0
    vertex 4 238.3094 0
  endloop
endfacet
facet normal 0 0 -1
  outer loop
    vertex -3.199999999999999 236.5425625842204 0
    vertex -4 238.3094 0
    vertex -2 238.3094 0
  endloop
endfacet
facet normal 0 0 -1
  outer loop
    vertex 6.115665957031315 232.8864331162298 0
    vertex 7.532236219287586 231.5376503151496 0
    vertex 6.400000000000015 231 0
  endloop
endfacet
facet normal 0 -0 -1
  outer loop
    vertex -7.460753507128384 230.5837798116221 0
    vertex -6.328517287840804 230.0461294964724 0
    vertex -7.745087550097083 228.6973466953923 0
  endloop
endfacet
facet normal -0 0 -1
  outer loop
    vertex 4 238.3094 0
    vertex 2.338182555944938 236.9575919913229 0
    vertex 2 238.3094 0
  endloop
endfacet
facet normal 0 0 -1
  outer loop
    vertex -3.481211589016906 223.5630484166317 0
    vertex -4.897674292136813 221.7094 0
    vertex -5.767060543021914 223.3559296162677 0
  endloop
endfacet
facet normal 0 0 -1
  outer loop
    vertex 36.24278976181368 221.7094 0
    vertex 36.70513605474388 222.8948411307246 0
    vertex 38.20185947866847 221.7094 0
  endloop
endfacet
facet normal -0 0 -1
  outer loop
    vertex -36.0502041152444 234.3045682281541 0
    vertex -37.39602392986861 232.2696939434771 0
    vertex -37.9519016455171 234.6508384970324 0
  endloop
endfacet
facet normal 0 0 -1
  outer loop
    vertex 35.1134028241634 236.5421934304196 0
    vertex 36 238.3094 0
    vertex 37.55476232109375 236.7076667109327 0
  endloop
endfacet
facet normal -0 0 -1
  outer loop
    vertex 45.1781295862865 236.4239759521405 0
    vertex 43.62933180928215 234.9893536361446 0
    vertex 43.00000000000001 236.7925520472137 0
  endloop
endfacet
facet normal 0 0 -1
  outer loop
    vertex 24.47155787628458 223.794056569153 0
    vertex 26.24742389896418 223.0970805154097 0
    vertex 24.48837146068496 221.7094 0
  endloop
endfacet
facet normal 0 0 -1
  outer loop
    vertex 16.19893606307334 236.541371802945 0
    vertex 14.33902610608152 236.9658841135816 0
    vertex 16 238.3094 0
  endloop
endfacet
facet normal 0 -0 -1
  outer loop
    vertex 44 238.3094 0
    vertex 45.1781295862865 236.4239759521405 0
    vertex 43.00000000000001 236.7925520472137 0
  endloop
endfacet
facet normal 0 0 -1
  outer loop
    vertex 28.14983047523771 222.9545148514138 0
    vertex 30.00974043222952 223.3790271620505 0
    vertex 29.2276084364896 222.5040759894194 0
  endloop
endfacet
facet normal 0 -0 -1
  outer loop
    vertex -33.43775863085999 226.559763223021 0
    vertex -32.36308985599538 224.9835136316395 0
    vertex -33.99122965085295 224.5888074119406 0
  endloop
endfacet
facet normal 0 0 -1
  outer loop
    vertex 36.55844297384385 235.2875199670745 0
    vertex 35.1134028241634 236.5421934304196 0
    vertex 37.55476232109375 236.7076667109327 0
  endloop
endfacet
facet normal 0 0 -1
  outer loop
    vertex -15.28488748444881 236.8233184495858 0
    vertex -16 238.3094 0
    vertex -14 238.3094 0
  endloop
endfacet
facet normal -0 0 -1
  outer loop
    vertex -19.62491628756771 223.4267045799508 0
    vertex -20.57023202697509 221.7094 0
    vertex -21.83082906056895 223.5803496550351 0
  endloop
endfacet
facet normal 0 0 -1
  outer loop
    vertex -28.40651089439424 221.7094 0
    vertex -27.19328527733136 222.9545148514138 0
    vertex -26.44744117753945 221.7094 0
  endloop
endfacet
facet normal 0 0 -1
  outer loop
    vertex -20.57023202697509 221.7094 0
    vertex -22.52930174382988 221.7094 0
    vertex -21.83082906056895 223.5803496550351 0
  endloop
endfacet
facet normal -0 0 -1
  outer loop
    vertex -13.38248090817527 236.9658841135816 0
    vertex -15.28488748444881 236.8233184495858 0
    vertex -14 238.3094 0
  endloop
endfacet
facet normal 0 -0 -1
  outer loop
    vertex -30.87155787628449 223.794056569153 0
    vertex -30.36558061124902 221.7094 0
    vertex -32.32465032810381 221.7094 0
  endloop
endfacet
facet normal 0 0 -1
  outer loop
    vertex 5.287928155622381 234.6052483716072 0
    vertex 6.999999999999997 236.5773491924311 0
    vertex 7.408172857456723 234.8269017723148 0
  endloop
endfacet
facet normal 0 0 -1
  outer loop
    vertex 34.2837200449589 221.7094 0
    vertex 32.32465032810411 221.7094 0
    vertex 33.4863565112388 223.5718615421304 0
  endloop
endfacet
facet normal 0 0 -1
  outer loop
    vertex 20.57023202697539 221.7094 0
    vertex 19.81800984412894 223.3169167223216 0
    vertex 21.72885259544152 223.231144756573 0
  endloop
endfacet
facet normal -0 0 -1
  outer loop
    vertex -47.49715822953748 223.0664509700082 0
    vertex -49 222.8594 0
    vertex -48.65442516805227 224.8270918707374 0
  endloop
endfacet
facet normal 0 0 -1
  outer loop
    vertex 33.4863565112388 223.5718615421304 0
    vertex 32.32465032810411 221.7094 0
    vertex 31.56964409820044 222.9405172739518 0
  endloop
endfacet
facet normal 0 0 -1
  outer loop
    vertex 46.66878767989435 230.8708766201549 0
    vertex 46.90216447256831 233.0306272019873 0
    vertex 48.45994974824107 231.9348228097345 0
  endloop
endfacet
facet normal -0 0 -1
  outer loop
    vertex 6.999999999999997 236.5773491924311 0
    vertex 5.287928155622381 234.6052483716072 0
    vertex 5.295990214827813 236.7740060322786 0
  endloop
endfacet
facet normal 0 0 -1
  outer loop
    vertex 46.95826682228709 235.1398439829707 0
    vertex 48.66666666666666 235.7760666666667 0
    vertex 48.49784128496051 233.8583601102265 0
  endloop
endfacet
facet normal 0 0 -1
  outer loop
    vertex -17.0607535071284 236.1263423958425 0
    vertex -18.86659867689108 236.6922242453317 0
    vertex -17 237.4460623847855 0
  endloop
endfacet
facet normal 0 -0 -1
  outer loop
    vertex -17.06075350712835 225.0412172274017 0
    vertex -15.28488748444875 224.3442411736584 0
    vertex -17.35769553832685 223.3926164122745 0
  endloop
endfacet
facet normal 0 0 -1
  outer loop
    vertex 19.81800984412894 223.3169167223216 0
    vertex 21.0461619278918 224.8497172706576 0
    vertex 21.72885259544152 223.231144756573 0
  endloop
endfacet
facet normal 0 0 -1
  outer loop
    vertex 8.094552752552922 233.3606357419744 0
    vertex 7.532236219287586 231.5376503151496 0
    vertex 6.115665957031315 232.8864331162298 0
  endloop
endfacet
facet normal 0 -0 -1
  outer loop
    vertex -6.328517287840804 230.0461294964724 0
    vertex -5.766200754575455 228.2231440696476 0
    vertex -7.745087550097083 228.6973466953923 0
  endloop
endfacet
facet normal 0 0 -1
  outer loop
    vertex 45.38120747285019 234.2696931866711 0
    vertex 43.62933180928215 234.9893536361446 0
    vertex 45.1781295862865 236.4239759521405 0
  endloop
endfacet
facet normal 0 0 -1
  outer loop
    vertex 6.115665957031315 232.8864331162298 0
    vertex 5.287928155622381 234.6052483716072 0
    vertex 7.408172857456723 234.8269017723148 0
  endloop
endfacet
facet normal 0 0 -1
  outer loop
    vertex -37.39602392986861 232.2696939434771 0
    vertex -36.0502041152444 234.3045682281541 0
    vertex -35.61585618145573 232.6204504594994 0
  endloop
endfacet
facet normal 0 0 -1
  outer loop
    vertex -17.35769553832685 223.3926164122745 0
    vertex -15.28488748444875 224.3442411736584 0
    vertex -15.54023730208704 222.7881367857673 0
  endloop
endfacet
facet normal -0 0 -1
  outer loop
    vertex -46.06015188147109 222.8948411307246 0
    vertex -46.28171422877325 221.7094 0
    vertex -47.49715822953748 223.0664509700082 0
  endloop
endfacet
facet normal -0 0 -1
  outer loop
    vertex -34.00007516412535 230.2904896569009 0
    vertex -35.26744488077451 229.1509583469756 0
    vertex -36.09650025632062 230.8708766201549 0
  endloop
endfacet
facet normal 0 0 -1
  outer loop
    vertex 32.95948603190693 225.7313707817662 0
    vertex 33.78722383331585 227.4501860371436 0
    vertex 35.05674585591886 226.2919237381314 0
  endloop
endfacet
facet normal -0 0 -1
  outer loop
    vertex 35.61027484173664 230.0270229538133 0
    vertex 34.07155787628455 229.3366191533734 0
    vertex 33.78722383331585 231.2230522696032 0
  endloop
endfacet
facet normal 0 0 -1
  outer loop
    vertex -29.09569185360489 223.0970805154097 0
    vertex -27.19328527733136 222.9545148514138 0
    vertex -28.40651089439424 221.7094 0
  endloop
endfacet
facet normal 0 0 -1
  outer loop
    vertex 30.36558061124933 221.7094 0
    vertex 28.40651089439454 221.7094 0
    vertex 29.2276084364896 222.5040759894194 0
  endloop
endfacet
facet normal 0 0 -1
  outer loop
    vertex -13.38248090817527 236.9658841135816 0
    vertex -14 238.3094 0
    vertex -12 238.3094 0
  endloop
endfacet
facet normal 0 -0 -1
  outer loop
    vertex -5.087022244025112 225.042868900785 0
    vertex -3.481211589016906 223.5630484166317 0
    vertex -5.767060543021914 223.3559296162677 0
  endloop
endfacet
facet normal 0 0 -1
  outer loop
    vertex -36.65302161729353 236.5011153632677 0
    vertex -34.59793701142497 235.7997981173106 0
    vertex -36.0502041152444 234.3045682281541 0
  endloop
endfacet
facet normal 0 0 -1
  outer loop
    vertex -27.19328527733136 222.9545148514138 0
    vertex -25.33337532033955 223.3790271620505 0
    vertex -26.44744117753945 221.7094 0
  endloop
endfacet
facet normal 0 0 -1
  outer loop
    vertex -7.745087550097083 228.6973466953923 0
    vertex -5.766200754575455 228.2231440696476 0
    vertex -6.593938555984374 226.5043288142702 0
  endloop
endfacet
facet normal 0 0 -1
  outer loop
    vertex -8.572825351506006 226.9785314400149 0
    vertex -7.745087550097083 228.6973466953923 0
    vertex -6.593938555984374 226.5043288142702 0
  endloop
endfacet
facet normal 0 0 -1
  outer loop
    vertex -30.87155787628449 223.794056569153 0
    vertex -32.32465032810381 221.7094 0
    vertex -33.02724592823274 223.2964413870532 0
  endloop
endfacet
facet normal 0 0 -1
  outer loop
    vertex 33.4863565112388 223.5718615421304 0
    vertex 35.62471216917341 224.4690507449841 0
    vertex 35.31962801295561 222.8228002598014 0
  endloop
endfacet
facet normal 0 0 -1
  outer loop
    vertex -46.28171422877325 221.7094 0
    vertex -48 221.7094 0
    vertex -47.49715822953748 223.0664509700082 0
  endloop
endfacet
facet normal 0 0 -1
  outer loop
    vertex 34.2837200449589 221.7094 0
    vertex 33.4863565112388 223.5718615421304 0
    vertex 35.31962801295561 222.8228002598014 0
  endloop
endfacet
facet normal 0 0 -1
  outer loop
    vertex -47.15501309447833 230.0270229538133 0
    vertex -48.55597979483523 231.724505869113 0
    vertex -47.25305823469292 232.2499134044633 0
  endloop
endfacet
facet normal 0 0 -1
  outer loop
    vertex -18.86659867689108 236.6922242453317 0
    vertex -18 238.3094 0
    vertex -17 237.4460623847855 0
  endloop
endfacet
facet normal 0 -0 -1
  outer loop
    vertex 50 225.7594 0
    vertex 50 224.0094 0
    vertex 48.55441125946423 224.4308882218619 0
  endloop
endfacet
facet normal 0 0 -1
  outer loop
    vertex -48.55597979483523 231.724505869113 0
    vertex -50 232.7594 0
    vertex -48.25518742998253 233.6983569908398 0
  endloop
endfacet
facet normal 0 0 -1
  outer loop
    vertex 33.78722383331585 227.4501860371436 0
    vertex 34.07155787628455 229.3366191533734 0
    vertex 35.05178627884868 228.2012238938779 0
  endloop
endfacet
facet normal 0 0 -1
  outer loop
    vertex 46.90216447256831 233.0306272019873 0
    vertex 46.95826682228709 235.1398439829707 0
    vertex 48.49784128496051 233.8583601102265 0
  endloop
endfacet
facet normal 0 0 -1
  outer loop
    vertex -25.3333753203396 235.2942111446963 0
    vertex -27.19328527733141 235.7187234553329 0
    vertex -25.22598335420561 236.7500158833096 0
  endloop
endfacet
facet normal -0 0 -1
  outer loop
    vertex -34.00007516412534 228.3827486498458 0
    vertex -34.98264396810747 227.2630123407873 0
    vertex -35.26744488077451 229.1509583469756 0
  endloop
endfacet
facet normal -0 0 -1
  outer loop
    vertex 38.41973798820002 234.836456128163 0
    vertex 36.51918413049893 233.5835755831846 0
    vertex 36.55844297384385 235.2875199670745 0
  endloop
endfacet
facet normal -0 0 -1
  outer loop
    vertex -32.67662215875637 235.3844759952873 0
    vertex -34.14339901000418 234.0562609370334 0
    vertex -34.59793701142497 235.7997981173106 0
  endloop
endfacet
facet normal 0 -0 -1
  outer loop
    vertex -25.33337532033955 223.3790271620505 0
    vertex -24.48837146068466 221.7094 0
    vertex -26.44744117753945 221.7094 0
  endloop
endfacet
facet normal -0 0 -1
  outer loop
    vertex 8.094552752552922 233.3606357419744 0
    vertex 6.115665957031315 232.8864331162298 0
    vertex 7.408172857456723 234.8269017723148 0
  endloop
endfacet
facet normal 0 0 -1
  outer loop
    vertex 17.69474565712727 223.5485279419161 0
    vertex 16.65209259326582 221.7094 0
    vertex 15.47971820521226 223.1504533179339 0
  endloop
endfacet
facet normal 0 -0 -1
  outer loop
    vertex -34.98264396810747 227.2630123407873 0
    vertex -33.43775863085999 226.559763223021 0
    vertex -35.20215524553392 225.6012183854062 0
  endloop
endfacet
facet normal -0 0 -1
  outer loop
    vertex -25.22598335420561 236.7500158833096 0
    vertex -27.19328527733141 235.7187234553329 0
    vertex -27.06856584006605 237.2339739556515 0
  endloop
endfacet
facet normal 0 0 -1
  outer loop
    vertex 46.66878767989435 230.8708766201549 0
    vertex 45.36926400634636 232.2696939434771 0
    vertex 46.90216447256831 233.0306272019873 0
  endloop
endfacet
facet normal 0 -0 -1
  outer loop
    vertex 31.66189260818046 224.332897665578 0
    vertex 33.4863565112388 223.5718615421304 0
    vertex 31.56964409820044 222.9405172739518 0
  endloop
endfacet
facet normal 0 0 -1
  outer loop
    vertex -30.87155787628449 223.794056569153 0
    vertex -29.09569185360489 223.0970805154097 0
    vertex -30.36558061124902 221.7094 0
  endloop
endfacet
facet normal -0 0 -1
  outer loop
    vertex 50 225.7594 0
    vertex 48.55441125946423 224.4308882218619 0
    vertex 48.74193160637439 226.290902275521 0
  endloop
endfacet
facet normal 0 0 -1
  outer loop
    vertex 35.05674585591886 226.2919237381314 0
    vertex 33.78722383331585 227.4501860371436 0
    vertex 35.05178627884868 228.2012238938779 0
  endloop
endfacet
facet normal 0 0 -1
  outer loop
    vertex 35.05178627884868 228.2012238938779 0
    vertex 34.07155787628455 229.3366191533734 0
    vertex 35.61027484173664 230.0270229538133 0
  endloop
endfacet
facet normal 0 0 -1
  outer loop
    vertex -49 222.8594 0
    vertex -50 224.0094 0
    vertex -48.65442516805227 224.8270918707374 0
  endloop
endfacet
facet normal 0 0 -1
  outer loop
    vertex -46 238.3094 0
    vertex -44 238.3094 0
    vertex -45.5697011552064 236.5213661282874 0
  endloop
endfacet
facet normal 0 0 -1
  outer loop
    vertex 44 238.3094 0
    vertex 46 238.3094 0
    vertex 45.1781295862865 236.4239759521405 0
  endloop
endfacet
facet normal 0 -0 -1
  outer loop
    vertex -34.00007516412535 230.2904896569009 0
    vertex -34.00007516412534 228.3827486498458 0
    vertex -35.26744488077451 229.1509583469756 0
  endloop
endfacet
facet normal 0 0 -1
  outer loop
    vertex -23.03739917460838 236.7534530220807 0
    vertex -21.07527467293287 236.637864759317 0
    vertex -22.19933484381274 235.0216690655062 0
  endloop
endfacet
facet normal 0 -0 -1
  outer loop
    vertex -34.00007516412534 228.3827486498458 0
    vertex -33.43775863085999 226.559763223021 0
    vertex -34.98264396810747 227.2630123407873 0
  endloop
endfacet
facet normal 0 0 -1
  outer loop
    vertex 3.977386811469029 224.3825789240426 0
    vertex 5.768851062996808 225.6903459997596 0
    vertex 5.771682116920747 223.4612037695563 0
  endloop
endfacet
facet normal 0 0 -1
  outer loop
    vertex -9.812392451530119 223.5828786081655 0
    vertex -8.112363097199834 225.1449071350738 0
    vertex -7.762732219331626 223.3355989373567 0
  endloop
endfacet
facet normal 0 0 -1
  outer loop
    vertex -45.5697011552064 236.5213661282874 0
    vertex -44 238.3094 0
    vertex -43.53431680423483 236.3666882395649 0
  endloop
endfacet
facet normal 0 0 -1
  outer loop
    vertex 45.38120747285019 234.2696931866711 0
    vertex 45.1781295862865 236.4239759521405 0
    vertex 46.95826682228709 235.1398439829707 0
  endloop
endfacet
facet normal 0 0 -1
  outer loop
    vertex -38.84137618468668 236.5795882063488 0
    vertex -36.65302161729353 236.5011153632677 0
    vertex -37.9519016455171 234.6508384970324 0
  endloop
endfacet
facet normal 0 -0 -1
  outer loop
    vertex -3.199999999999954 225.4574374157796 0
    vertex -1.424133977320355 224.7604613620363 0
    vertex -3.481211589016906 223.5630484166317 0
  endloop
endfacet
facet normal 0 0 -1
  outer loop
    vertex -11.52257095118346 236.541371802945 0
    vertex -13.38248090817527 236.9658841135816 0
    vertex -12 238.3094 0
  endloop
endfacet
facet normal 0 -0 -1
  outer loop
    vertex 3.990334731895926 225.9962785122046 0
    vertex 5.768851062996808 225.6903459997596 0
    vertex 3.977386811469029 224.3825789240426 0
  endloop
endfacet
facet normal 0 0 -1
  outer loop
    vertex -19.62491628756771 223.4267045799508 0
    vertex -21.83082906056895 223.5803496550351 0
    vertex -20.23420479556269 225.0489296850325 0
  endloop
endfacet
facet normal 0 0 -1
  outer loop
    vertex -4.691531979710851 226.6468944782661 0
    vertex -5.087022244025112 225.042868900785 0
    vertex -6.593938555984374 226.5043288142702 0
  endloop
endfacet
facet normal 0 0 -1
  outer loop
    vertex 48 221.7094 0
    vertex 46.28171422877341 221.7094 0
    vertex 47.0783967015163 222.6608008768288 0
  endloop
endfacet
facet normal 0 0 -1
  outer loop
    vertex 38.17305059295929 232.8000251063681 0
    vertex 36.51918413049893 233.5835755831846 0
    vertex 38.41973798820002 234.836456128163 0
  endloop
endfacet
facet normal 0 0 -1
  outer loop
    vertex 31.66189260818044 234.3403406411688 0
    vertex 30.00974043222947 235.2942111446963 0
    vertex 32.11049754632111 236.1459331620116 0
  endloop
endfacet
facet normal 0 0 -1
  outer loop
    vertex -9.870418775232473 225.5800583238267 0
    vertex -8.112363097199834 225.1449071350738 0
    vertex -9.812392451530119 223.5828786081655 0
  endloop
endfacet
facet normal 0 0 -1
  outer loop
    vertex 43.71493001237739 233.2229151762121 0
    vertex 41.85302189528073 233.6457033567796 0
    vertex 43.62933180928215 234.9893536361446 0
  endloop
endfacet
facet normal -0 0 -1
  outer loop
    vertex 40.61299067330322 235.1825395826152 0
    vertex 38.41973798820002 234.836456128163 0
    vertex 39.27105921178103 236.5676539134056 0
  endloop
endfacet
facet normal 0 0 -1
  outer loop
    vertex -32.36308985599542 233.6897246751073 0
    vertex -34.14339901000418 234.0562609370334 0
    vertex -32.67662215875637 235.3844759952873 0
  endloop
endfacet
facet normal 0 0 -1
  outer loop
    vertex 39.94925000850988 233.5004302165264 0
    vertex 38.41973798820002 234.836456128163 0
    vertex 40.61299067330322 235.1825395826152 0
  endloop
endfacet
facet normal -0 0 -1
  outer loop
    vertex -39.72042610217183 235.0271500647345 0
    vertex -40.91226604093424 233.6457033567796 0
    vertex -41.96739528581427 235.273900470408 0
  endloop
endfacet
facet normal 0 0 -1
  outer loop
    vertex -42.81603792770509 233.5004302165264 0
    vertex -44.02327317161326 234.8602699001036 0
    vertex -41.96739528581427 235.273900470408 0
  endloop
endfacet
facet normal 0 0 -1
  outer loop
    vertex -30.36558061124902 221.7094 0
    vertex -29.09569185360489 223.0970805154097 0
    vertex -28.40651089439424 221.7094 0
  endloop
endfacet
facet normal 0 0 -1
  outer loop
    vertex 18.61116231012062 221.7094 0
    vertex 16.65209259326582 221.7094 0
    vertex 17.69474565712727 223.5485279419161 0
  endloop
endfacet
facet normal -0 0 -1
  outer loop
    vertex -41.96739528581427 235.273900470408 0
    vertex -44.02327317161326 234.8602699001036 0
    vertex -43.53431680423483 236.3666882395649 0
  endloop
endfacet
facet normal 0 0 -1
  outer loop
    vertex -8.815813725846382 221.7094 0
    vertex -10.77488344270117 221.7094 0
    vertex -9.812392451530119 223.5828786081655 0
  endloop
endfacet
facet normal 0 0 -1
  outer loop
    vertex -50 232.7594 0
    vertex -50 234.5094 0
    vertex -48.25518742998253 233.6983569908398 0
  endloop
endfacet
facet normal -0 0 -1
  outer loop
    vertex -17.0607535071284 236.1263423958425 0
    vertex -18.55228548683928 234.936885333356 0
    vertex -18.86659867689108 236.6922242453317 0
  endloop
endfacet
facet normal -0 0 -1
  outer loop
    vertex -46.08278203301492 231.6068242808704 0
    vertex -47.15501309447833 230.0270229538133 0
    vertex -47.25305823469292 232.2499134044633 0
  endloop
endfacet
facet normal 0 0 -1
  outer loop
    vertex -34.28372004495859 221.7094 0
    vertex -36.24278976181338 221.7094 0
    vertex -35.60038555076881 222.8062100612643 0
  endloop
endfacet
facet normal 0 0 -1
  outer loop
    vertex 32.95948603190691 232.9418675249806 0
    vertex 33.61533605425189 234.9123700272283 0
    vertex 34.8591285067695 232.9028581244278 0
  endloop
endfacet
facet normal 0 0 -1
  outer loop
    vertex -37.39602392986861 232.2696939434771 0
    vertex -39.05035792383757 233.2229151762121 0
    vertex -37.9519016455171 234.6508384970324 0
  endloop
endfacet
facet normal 0 0 -1
  outer loop
    vertex -6.328517287840812 231.9538705035275 0
    vertex -7.745087550097084 232.4702129278519 0
    vertex -7.197458215382972 233.7926537017464 0
  endloop
endfacet
facet normal 0 0 -1
  outer loop
    vertex 6.115665957031315 229.1135668837702 0
    vertex 7.532236219287594 229.6299093080945 0
    vertex 6.69276619808025 227.7121593664804 0
  endloop
endfacet
facet normal -0 0 -1
  outer loop
    vertex 7.527115461478912 226.1826100556392 0
    vertex 5.768851062996808 225.6903459997596 0
    vertex 6.69276619808025 227.7121593664804 0
  endloop
endfacet
facet normal 0 0 -1
  outer loop
    vertex -44.02327317161326 234.8602699001036 0
    vertex -45.5697011552064 236.5213661282874 0
    vertex -43.53431680423483 236.3666882395649 0
  endloop
endfacet
facet normal 0 -0 -1
  outer loop
    vertex 23.10457484226662 236.6706607272513 0
    vertex 24.47155787628454 234.8791817375938 0
    vertex 22.22513299198085 235.1544386604584 0
  endloop
endfacet
facet normal 0 0 -1
  outer loop
    vertex 5.768851062996808 225.6903459997596 0
    vertex 5.287928155622392 227.3947516283928 0
    vertex 6.69276619808025 227.7121593664804 0
  endloop
endfacet
facet normal 0 -0 -1
  outer loop
    vertex -36.65302161729353 236.5011153632677 0
    vertex -36.0502041152444 234.3045682281541 0
    vertex -37.9519016455171 234.6508384970324 0
  endloop
endfacet
facet normal 0 0 -1
  outer loop
    vertex -2.938604575282028 221.7094 0
    vertex -4.897674292136813 221.7094 0
    vertex -3.481211589016906 223.5630484166317 0
  endloop
endfacet
facet normal 0 0 -1
  outer loop
    vertex 33.61533605425189 234.9123700272283 0
    vertex 35.1134028241634 236.5421934304196 0
    vertex 35.25969071485392 234.6421748957086 0
  endloop
endfacet
facet normal 0 0 -1
  outer loop
    vertex -39.72042610217183 235.0271500647345 0
    vertex -41.96739528581427 235.273900470408 0
    vertex -40.7798224472353 236.7503732617544 0
  endloop
endfacet
facet normal 0 0 -1
  outer loop
    vertex -34.59793701142497 235.7997981173106 0
    vertex -36.65302161729353 236.5011153632677 0
    vertex -35 237.257275045648 0
  endloop
endfacet
facet normal 0 0 -1
  outer loop
    vertex 10.6607535071284 236.1263423958425 0
    vertex 10 238.3094 0
    vertex 11.26276386867936 237.3592562846844 0
  endloop
endfacet
facet normal 0 -0 -1
  outer loop
    vertex -48.55597979483523 231.724505869113 0
    vertex -47.15501309447833 230.0270229538133 0
    vertex -48.74022185094839 229.767658786134 0
  endloop
endfacet
facet normal 0 -0 -1
  outer loop
    vertex -6.593938555984374 226.5043288142702 0
    vertex -5.087022244025112 225.042868900785 0
    vertex -6.622439209831674 224.704879469917 0
  endloop
endfacet
facet normal 0 0 -1
  outer loop
    vertex 34.8591285067695 232.9028581244278 0
    vertex 33.61533605425189 234.9123700272283 0
    vertex 35.25969071485392 234.6421748957086 0
  endloop
endfacet
facet normal -0 0 -1
  outer loop
    vertex 35.1134028241634 236.5421934304196 0
    vertex 33.61533605425189 234.9123700272283 0
    vertex 33.48691376004537 236.8810889424534 0
  endloop
endfacet
facet normal 0 0 -1
  outer loop
    vertex -3.481211589016906 223.5630484166317 0
    vertex -1.424133977320355 224.7604613620363 0
    vertex -1.791227579738931 223.0084420608061 0
  endloop
endfacet
facet normal 0 0 -1
  outer loop
    vertex 6.856744008991896 221.7094 0
    vertex 4.897674292137111 221.7094 0
    vertex 5.771682116920747 223.4612037695563 0
  endloop
endfacet
facet normal 0 -0 -1
  outer loop
    vertex 16.19893606307338 224.6261878202992 0
    vertex 17.69474565712727 223.5485279419161 0
    vertex 15.47971820521226 223.1504533179339 0
  endloop
endfacet
facet normal 0 -0 -1
  outer loop
    vertex 48.66666666666666 235.7760666666667 0
    vertex 50 234.5094 0
    vertex 48.49784128496051 233.8583601102265 0
  endloop
endfacet
facet normal 0 0 -1
  outer loop
    vertex 19.14868166275078 234.1890281832293 0
    vertex 17.85108823902431 235.5875012994175 0
    vertex 20.0854715194974 235.4083957753733 0
  endloop
endfacet
facet normal -0 0 -1
  outer loop
    vertex 43.62933180928215 234.9893536361446 0
    vertex 41.85302189528073 233.6457033567796 0
    vertex 42.05710821574196 235.4768776400486 0
  endloop
endfacet
facet normal 0 0 -1
  outer loop
    vertex 45.8963567937897 222.7257889026842 0
    vertex 46.91965673368838 224.0534189656393 0
    vertex 47.0783967015163 222.6608008768288 0
  endloop
endfacet
facet normal 0 0 -1
  outer loop
    vertex -8.815813725846382 221.7094 0
    vertex -9.812392451530119 223.5828786081655 0
    vertex -7.762732219331626 223.3355989373567 0
  endloop
endfacet
facet normal 0 0 -1
  outer loop
    vertex -7.017766565038379 236.8355739036774 0
    vertex -5.163829414393572 236.8157780639728 0
    vertex -6.3482955056264 235.2873195022316 0
  endloop
endfacet
facet normal -0 0 -1
  outer loop
    vertex 32.11049754632111 236.1459331620116 0
    vertex 30.00974043222947 235.2942111446963 0
    vertex 30.66688973904835 236.909063209477 0
  endloop
endfacet
facet normal 0 0 -1
  outer loop
    vertex 34.8591285067695 232.9028581244278 0
    vertex 36.68250590320005 231.6068242808704 0
    vertex 35.23478327125551 231.4399394071787 0
  endloop
endfacet
facet normal 0 -0 -1
  outer loop
    vertex -5.163829414393572 236.8157780639728 0
    vertex -4.691531979710887 235.3531055217339 0
    vertex -6.3482955056264 235.2873195022316 0
  endloop
endfacet
facet normal 0 0 -1
  outer loop
    vertex -35.61585618145573 232.6204504594994 0
    vertex -33.43775863086001 232.1134750837257 0
    vertex -34.78754755819043 231.4738229550702 0
  endloop
endfacet
facet normal 0 0 -1
  outer loop
    vertex 17.85108823902431 235.5875012994175 0
    vertex 19.11589221041966 236.865846423483 0
    vertex 20.0854715194974 235.4083957753733 0
  endloop
endfacet
facet normal 0 0 -1
  outer loop
    vertex 22.52930174383019 221.7094 0
    vertex 20.57023202697539 221.7094 0
    vertex 21.72885259544152 223.231144756573 0
  endloop
endfacet
facet normal 0 0 -1
  outer loop
    vertex 6.999999999999997 236.5773491924311 0
    vertex 8.781668752116222 236.5948588782904 0
    vertex 7.408172857456723 234.8269017723148 0
  endloop
endfacet
facet normal 0 0 -1
  outer loop
    vertex -39.72042610217183 235.0271500647345 0
    vertex -38.84137618468668 236.5795882063488 0
    vertex -37.9519016455171 234.6508384970324 0
  endloop
endfacet
facet normal 0 -0 -1
  outer loop
    vertex -23.03739917460838 236.7534530220807 0
    vertex -22.19933484381274 235.0216690655062 0
    vertex -24.0178237071599 235.6650723716477 0
  endloop
endfacet
facet normal 0 0 -1
  outer loop
    vertex 25.05184512358138 236.7490353063466 0
    vertex 26 238.3094 0
    vertex 27.1004365779477 236.9577032444016 0
  endloop
endfacet
facet normal 0 0 -1
  outer loop
    vertex 35.61027484173664 230.0270229538133 0
    vertex 33.78722383331585 231.2230522696032 0
    vertex 35.23478327125551 231.4399394071787 0
  endloop
endfacet
facet normal 0 -0 -1
  outer loop
    vertex 8.781668752116222 236.5948588782904 0
    vertex 9.169221527417513 234.936885333356 0
    vertex 7.408172857456723 234.8269017723148 0
  endloop
endfacet
facet normal 0 -0 -1
  outer loop
    vertex 36.51918413049893 233.5835755831846 0
    vertex 36.68250590320005 231.6068242808704 0
    vertex 34.8591285067695 232.9028581244278 0
  endloop
endfacet
facet normal 0 -0 -1
  outer loop
    vertex -34.14339901000418 234.0562609370334 0
    vertex -33.43775863086001 232.1134750837257 0
    vertex -35.61585618145573 232.6204504594994 0
  endloop
endfacet
facet normal 0 0 -1
  outer loop
    vertex -11.52257095118346 236.541371802945 0
    vertex -12 238.3094 0
    vertex -10.19320018714302 236.9361685013047 0
  endloop
endfacet
facet normal -0 0 -1
  outer loop
    vertex -29.09569185360494 235.5761577913371 0
    vertex -30.87155787628453 234.8791817375938 0
    vertex -30.94912455552084 236.669374813143 0
  endloop
endfacet
facet normal 0 0 -1
  outer loop
    vertex 32.95948603190693 225.7313707817662 0
    vertex 35.05674585591886 226.2919237381314 0
    vertex 34.253797865979 225.0998591214422 0
  endloop
endfacet
facet normal 0 0 -1
  outer loop
    vertex 48.55441125946423 224.4308882218619 0
    vertex 47.56313269068105 225.6012183854062 0
    vertex 48.74193160637439 226.290902275521 0
  endloop
endfacet
facet normal 0 0 -1
  outer loop
    vertex 3.990334731895907 236.0037214877954 0
    vertex 4 238.3094 0
    vertex 5.295990214827813 236.7740060322786 0
  endloop
endfacet
facet normal 0 -0 -1
  outer loop
    vertex 35.62471216917341 224.4690507449841 0
    vertex 36.70513605474388 222.8948411307246 0
    vertex 35.31962801295561 222.8228002598014 0
  endloop
endfacet
facet normal -0 0 -1
  outer loop
    vertex 22.98002589657365 233.6897246751073 0
    vertex 21.90535712170906 232.1134750837257 0
    vertex 21.06322090129879 233.9289258233135 0
  endloop
endfacet
facet normal 0 0 -1
  outer loop
    vertex 21.90535712170906 232.1134750837257 0
    vertex 19.97641946415971 232.4702129278519 0
    vertex 21.06322090129879 233.9289258233135 0
  endloop
endfacet
facet normal 0 0 -1
  outer loop
    vertex -21.83082906056895 223.5803496550351 0
    vertex -22.52930174382988 221.7094 0
    vertex -23.5088366022573 222.8439480997436 0
  endloop
endfacet
facet normal 0 -0 -1
  outer loop
    vertex -21.07527467293287 236.637864759317 0
    vertex -20.28168595332869 234.996319261707 0
    vertex -22.19933484381274 235.0216690655062 0
  endloop
endfacet
facet normal 0 0 -1
  outer loop
    vertex -34.00007516412535 230.2904896569009 0
    vertex -36.09650025632062 230.8708766201549 0
    vertex -34.78754755819043 231.4738229550702 0
  endloop
endfacet
facet normal -0 0 -1
  outer loop
    vertex -5.766200754575477 233.7768559303524 0
    vertex -6.328517287840812 231.9538705035275 0
    vertex -7.197458215382972 233.7926537017464 0
  endloop
endfacet
facet normal 0 -0 -1
  outer loop
    vertex 7.532236219287594 229.6299093080945 0
    vertex 8.094552752552943 227.8069238812697 0
    vertex 6.69276619808025 227.7121593664804 0
  endloop
endfacet
facet normal -0 0 -1
  outer loop
    vertex -47.14057576704156 224.4690507449841 0
    vertex -47.49715822953748 223.0664509700082 0
    vertex -48.65442516805227 224.8270918707374 0
  endloop
endfacet
facet normal 0 -0 -1
  outer loop
    vertex 48.76748788708403 228.2963176665914 0
    vertex 50 227.5094 0
    vertex 48.74193160637439 226.290902275521 0
  endloop
endfacet
facet normal 0 -0 -1
  outer loop
    vertex 10 238.3094 0
    vertex 10.6607535071284 236.1263423958425 0
    vertex 8.781668752116222 236.5948588782904 0
  endloop
endfacet
facet normal 0 0 -1
  outer loop
    vertex 26.24742389896413 235.5761577913371 0
    vertex 25.05184512358138 236.7490353063466 0
    vertex 27.1004365779477 236.9577032444016 0
  endloop
endfacet
facet normal 0 0 -1
  outer loop
    vertex 47.7826439681075 227.2630123407873 0
    vertex 48.76748788708403 228.2963176665914 0
    vertex 48.74193160637439 226.290902275521 0
  endloop
endfacet
facet normal 0 0 -1
  outer loop
    vertex 38 238.3094 0
    vertex 40 238.3094 0
    vertex 39.27105921178103 236.5676539134056 0
  endloop
endfacet
facet normal 0 -0 -1
  outer loop
    vertex -47.14057576704156 224.4690507449841 0
    vertex -46.06015188147109 222.8948411307246 0
    vertex -47.49715822953748 223.0664509700082 0
  endloop
endfacet
facet normal -0 0 -1
  outer loop
    vertex 7.870751899517272 223.3027532832194 0
    vertex 6.856744008991896 221.7094 0
    vertex 5.771682116920747 223.4612037695563 0
  endloop
endfacet
facet normal 0 0 -1
  outer loop
    vertex 46.90216447256831 233.0306272019873 0
    vertex 45.38120747285019 234.2696931866711 0
    vertex 46.95826682228709 235.1398439829707 0
  endloop
endfacet
facet normal 0 -0 -1
  outer loop
    vertex 2.338182555944982 225.0424080086771 0
    vertex 3.977386811469029 224.3825789240426 0
    vertex 2.090017261969559 223.3140180028271 0
  endloop
endfacet
facet normal 0 0 -1
  outer loop
    vertex -43.53431680423483 236.3666882395649 0
    vertex -44 238.3094 0
    vertex -42.23697698103171 236.9171372410518 0
  endloop
endfacet
facet normal -0 0 -1
  outer loop
    vertex -27.19328527733141 235.7187234553329 0
    vertex -29.09569185360494 235.5761577913371 0
    vertex -28.92356056879326 237.082330439615 0
  endloop
endfacet
facet normal 0 0 -1
  outer loop
    vertex 15.47971820521226 223.1504533179339 0
    vertex 14.69302287641104 221.7094 0
    vertex 13.45606296398216 223.069207115117 0
  endloop
endfacet
facet normal 0 0 -1
  outer loop
    vertex 46.66878767989435 230.8708766201549 0
    vertex 48.45994974824107 231.9348228097345 0
    vertex 48.58250869258185 230.3042330362645 0
  endloop
endfacet
facet normal 0 0 -1
  outer loop
    vertex 24.47155787628454 234.8791817375938 0
    vertex 23.10457484226662 236.6706607272513 0
    vertex 25.05184512358138 236.7490353063466 0
  endloop
endfacet
facet normal 0 0 -1
  outer loop
    vertex -44 238.3094 0
    vertex -42 238.3094 0
    vertex -42.23697698103171 236.9171372410518 0
  endloop
endfacet
facet normal 0 0 -1
  outer loop
    vertex -27.19328527733141 235.7187234553329 0
    vertex -28.92356056879326 237.082330439615 0
    vertex -27.06856584006605 237.2339739556515 0
  endloop
endfacet
facet normal 0 0 -1
  outer loop
    vertex -48.55597979483523 231.724505869113 0
    vertex -48.25518742998253 233.6983569908398 0
    vertex -47.25305823469292 232.2499134044633 0
  endloop
endfacet
facet normal 0 0 -1
  outer loop
    vertex -1.424133977320355 224.7604613620363 0
    vertex 0.4782725989531754 224.6178956980405 0
    vertex 1.472035620839668e-13 223.0380255452882 0
  endloop
endfacet
facet normal 0 0 -1
  outer loop
    vertex 36.24278976181368 221.7094 0
    vertex 34.2837200449589 221.7094 0
    vertex 35.31962801295561 222.8228002598014 0
  endloop
endfacet
facet normal -0 0 -1
  outer loop
    vertex 24.47155787628454 234.8791817375938 0
    vertex 22.98002589657365 233.6897246751073 0
    vertex 22.22513299198085 235.1544386604584 0
  endloop
endfacet
facet normal 0 0 -1
  outer loop
    vertex -12 238.3094 0
    vertex -10 238.3094 0
    vertex -10.19320018714302 236.9361685013047 0
  endloop
endfacet
facet normal 0 -0 -1
  outer loop
    vertex -34.59793701142497 235.7997981173106 0
    vertex -34.14339901000418 234.0562609370334 0
    vertex -36.0502041152444 234.3045682281541 0
  endloop
endfacet
facet normal -0 0 -1
  outer loop
    vertex -22.19933484381274 235.0216690655062 0
    vertex -23.68122314438863 234.3403406411688 0
    vertex -24.0178237071599 235.6650723716477 0
  endloop
endfacet
facet normal 0 0 -1
  outer loop
    vertex -20.23420479556269 225.0489296850325 0
    vertex -18.55228548683925 226.2306742898882 0
    vertex -18.56597112308497 224.6280284389095 0
  endloop
endfacet
facet normal 0 0 -1
  outer loop
    vertex -32.32465032810381 221.7094 0
    vertex -34.28372004495859 221.7094 0
    vertex -33.02724592823274 223.2964413870532 0
  endloop
endfacet
facet normal 0 0 -1
  outer loop
    vertex -47.15501309447833 230.0270229538133 0
    vertex -47.71350165736628 228.2012238938779 0
    vertex -48.74022185094839 229.767658786134 0
  endloop
endfacet
facet normal 0 0 -1
  outer loop
    vertex -33.02724592823274 223.2964413870532 0
    vertex -34.28372004495859 221.7094 0
    vertex -34.44168427354138 223.1451976767257 0
  endloop
endfacet
facet normal 0 0 -1
  outer loop
    vertex -20 238.3094 0
    vertex -18 238.3094 0
    vertex -18.86659867689108 236.6922242453317 0
  endloop
endfacet
facet normal 0 0 -1
  outer loop
    vertex -29.09569185360494 235.5761577913371 0
    vertex -30.94912455552084 236.669374813143 0
    vertex -28.92356056879326 237.082330439615 0
  endloop
endfacet
facet normal 0 0 -1
  outer loop
    vertex -8.112363097199834 225.1449071350738 0
    vertex -8.572825351506006 226.9785314400149 0
    vertex -6.593938555984374 226.5043288142702 0
  endloop
endfacet
facet normal 0 0 -1
  outer loop
    vertex -1.791227579738931 223.0084420608061 0
    vertex -1.424133977320355 224.7604613620363 0
    vertex 1.472035620839668e-13 223.0380255452882 0
  endloop
endfacet
facet normal 0 0 -1
  outer loop
    vertex 36 238.3094 0
    vertex 38 238.3094 0
    vertex 37.55476232109375 236.7076667109327 0
  endloop
endfacet
facet normal 0 -0 -1
  outer loop
    vertex 14.33902610608157 224.2016755096626 0
    vertex 15.47971820521226 223.1504533179339 0
    vertex 13.45606296398216 223.069207115117 0
  endloop
endfacet
facet normal 0 0 -1
  outer loop
    vertex 5.287928155622381 234.6052483716072 0
    vertex 3.990334731895907 236.0037214877954 0
    vertex 5.295990214827813 236.7740060322786 0
  endloop
endfacet
facet normal 0 -0 -1
  outer loop
    vertex -48.74022185094839 229.767658786134 0
    vertex -47.71350165736628 228.2012238938779 0
    vertex -49.054034189394 228.3256879934498 0
  endloop
endfacet
facet normal 0 0 -1
  outer loop
    vertex -42 238.3094 0
    vertex -40 238.3094 0
    vertex -40.7798224472353 236.7503732617544 0
  endloop
endfacet
facet normal 0 0 -1
  outer loop
    vertex 38.41973798820002 234.836456128163 0
    vertex 36.55844297384385 235.2875199670745 0
    vertex 37.55476232109375 236.7076667109327 0
  endloop
endfacet
facet normal 0 0 -1
  outer loop
    vertex -15.54023730208704 222.7881367857673 0
    vertex -15.28488748444875 224.3442411736584 0
    vertex -13.85970790125892 222.9161087796845 0
  endloop
endfacet
facet normal 0 -0 -1
  outer loop
    vertex 21.34304058844373 228.3827486498458 0
    vertex 21.90535712170908 226.559763223021 0
    vertex 20.52861653070609 227.3265183755413 0
  endloop
endfacet
facet normal 0 0 -1
  outer loop
    vertex -19.62695426170388 233.3606357419744 0
    vertex -20.18927079496921 231.5376503151496 0
    vertex -21.12757203411829 232.4880366407965 0
  endloop
endfacet
facet normal 0 0 -1
  outer loop
    vertex 5.771682116920747 223.4612037695563 0
    vertex 4.897674292137111 221.7094 0
    vertex 3.926779014243409 222.8090822802434 0
  endloop
endfacet
facet normal 0 0 -1
  outer loop
    vertex 45.36926400634636 232.2696939434771 0
    vertex 45.38120747285019 234.2696931866711 0
    vertex 46.90216447256831 233.0306272019873 0
  endloop
endfacet
facet normal 0 0 -1
  outer loop
    vertex -46.43312076035313 233.4685358305123 0
    vertex -48.25518742998253 233.6983569908398 0
    vertex -46.98961326825271 235.1971771860448 0
  endloop
endfacet
facet normal 0 0 -1
  outer loop
    vertex -15.28488748444875 224.3442411736584 0
    vertex -13.38248090817522 224.2016755096626 0
    vertex -13.85970790125892 222.9161087796845 0
  endloop
endfacet
facet normal 0 0 -1
  outer loop
    vertex -45.5697011552064 236.5213661282874 0
    vertex -44.02327317161326 234.8602699001036 0
    vertex -45.56675517523279 234.5999117835107 0
  endloop
endfacet
facet normal 0 0 -1
  outer loop
    vertex -9.812392451530119 223.5828786081655 0
    vertex -10.77488344270117 221.7094 0
    vertex -11.87459339673722 223.0583970572928 0
  endloop
endfacet
facet normal 0 0 -1
  outer loop
    vertex -19.62491628756771 223.4267045799508 0
    vertex -20.23420479556269 225.0489296850325 0
    vertex -18.56597112308497 224.6280284389095 0
  endloop
endfacet
facet normal 0 0 -1
  outer loop
    vertex 22.98002589657369 224.9835136316395 0
    vertex 24.47155787628458 223.794056569153 0
    vertex 23.29383969133045 223.009050969572 0
  endloop
endfacet
facet normal 0 0 -1
  outer loop
    vertex 21.10881311151007 236.7246342623381 0
    vertex 22 238.3094 0
    vertex 23.10457484226662 236.6706607272513 0
  endloop
endfacet
facet normal 0 0 -1
  outer loop
    vertex -50 234.5094 0
    vertex -48.66666666666666 235.7760666666667 0
    vertex -48.25518742998253 233.6983569908398 0
  endloop
endfacet
facet normal 0 0 -1
  outer loop
    vertex -8 238.3094 0
    vertex -6 238.3094 0
    vertex -7.017766565038379 236.8355739036774 0
  endloop
endfacet
facet normal 0 0 -1
  outer loop
    vertex 2.090017261969559 223.3140180028271 0
    vertex 3.977386811469029 224.3825789240426 0
    vertex 3.926779014243409 222.8090822802434 0
  endloop
endfacet
facet normal 0 0 -1
  outer loop
    vertex 6 238.3094 0
    vertex 8 238.3094 0
    vertex 6.999999999999997 236.5773491924311 0
  endloop
endfacet
facet normal 0 0 -1
  outer loop
    vertex -24 238.3094 0
    vertex -22 238.3094 0
    vertex -23.03739917460838 236.7534530220807 0
  endloop
endfacet
facet normal 0 0 -1
  outer loop
    vertex 20 238.3094 0
    vertex 22 238.3094 0
    vertex 21.10881311151007 236.7246342623381 0
  endloop
endfacet
facet normal 0 0 -1
  outer loop
    vertex -38 238.3094 0
    vertex -36 238.3094 0
    vertex -36.65302161729353 236.5011153632677 0
  endloop
endfacet
facet normal -0 0 -1
  outer loop
    vertex 35.62471216917341 224.4690507449841 0
    vertex 33.4863565112388 223.5718615421304 0
    vertex 34.253797865979 225.0998591214422 0
  endloop
endfacet
facet normal 0 0 -1
  outer loop
    vertex 17.85108823902432 225.5800583238267 0
    vertex 19.14868166275079 226.9785314400149 0
    vertex 19.3295054465912 225.0035428198394 0
  endloop
endfacet
facet normal 0 0 -1
  outer loop
    vertex 22 238.3094 0
    vertex 24 238.3094 0
    vertex 23.10457484226662 236.6706607272513 0
  endloop
endfacet
facet normal -0 0 -1
  outer loop
    vertex -44.59223734325568 232.8000251063681 0
    vertex -46.08278203301492 231.6068242808704 0
    vertex -46.43312076035313 233.4685358305123 0
  endloop
endfacet
facet normal 0 0 -1
  outer loop
    vertex 45.36926400634636 232.2696939434771 0
    vertex 43.71493001237739 233.2229151762121 0
    vertex 45.38120747285019 234.2696931866711 0
  endloop
endfacet
facet normal -0 0 -1
  outer loop
    vertex 39.27105921178103 236.5676539134056 0
    vertex 38.41973798820002 234.836456128163 0
    vertex 37.55476232109375 236.7076667109327 0
  endloop
endfacet
facet normal 0 0 -1
  outer loop
    vertex 8.815813725846688 221.7094 0
    vertex 6.856744008991896 221.7094 0
    vertex 7.870751899517272 223.3027532832194 0
  endloop
endfacet
facet normal 0 0 -1
  outer loop
    vertex -18.61116231012031 221.7094 0
    vertex -20.57023202697509 221.7094 0
    vertex -19.62491628756771 223.4267045799508 0
  endloop
endfacet
facet normal 0 0 -1
  outer loop
    vertex 48.45994974824107 231.9348228097345 0
    vertex 46.90216447256831 233.0306272019873 0
    vertex 48.49784128496051 233.8583601102265 0
  endloop
endfacet
facet normal 0 0 -1
  outer loop
    vertex 0.4782725989531754 224.6178956980405 0
    vertex 2.338182555944982 225.0424080086771 0
    vertex 2.090017261969559 223.3140180028271 0
  endloop
endfacet
facet normal 0 0 -1
  outer loop
    vertex -22.38362972066214 225.7313707817662 0
    vertex -21.55589191925322 227.4501860371436 0
    vertex -20.44388766783186 226.5646893501882 0
  endloop
endfacet
facet normal 0 0 -1
  outer loop
    vertex -20.23420479556269 225.0489296850325 0
    vertex -22.38362972066214 225.7313707817662 0
    vertex -20.44388766783186 226.5646893501882 0
  endloop
endfacet
facet normal 0 0 -1
  outer loop
    vertex -44.59223734325568 232.8000251063681 0
    vertex -46.43312076035313 233.4685358305123 0
    vertex -45.56675517523279 234.5999117835107 0
  endloop
endfacet
facet normal -0 0 -1
  outer loop
    vertex 21.0461619278918 224.8497172706576 0
    vertex 19.81800984412894 223.3169167223216 0
    vertex 19.3295054465912 225.0035428198394 0
  endloop
endfacet
facet normal 0 0 -1
  outer loop
    vertex 19.97641946415971 232.4702129278519 0
    vertex 19.14868166275078 234.1890281832293 0
    vertex 21.06322090129879 233.9289258233135 0
  endloop
endfacet
facet normal 0 0 -1
  outer loop
    vertex 3.990334731895926 225.9962785122046 0
    vertex 5.287928155622392 227.3947516283928 0
    vertex 5.768851062996808 225.6903459997596 0
  endloop
endfacet
facet normal 0 -0 -1
  outer loop
    vertex -5.766200754575455 228.2231440696476 0
    vertex -4.691531979710851 226.6468944782661 0
    vertex -6.593938555984374 226.5043288142702 0
  endloop
endfacet
facet normal 0 0 -1
  outer loop
    vertex -21.83082906056895 223.5803496550351 0
    vertex -22.38362972066214 225.7313707817662 0
    vertex -20.23420479556269 225.0489296850325 0
  endloop
endfacet
facet normal -0 0 -1
  outer loop
    vertex -18.55228548683928 234.936885333356 0
    vertex -19.62695426170388 233.3606357419744 0
    vertex -20.28168595332869 234.996319261707 0
  endloop
endfacet
facet normal 0 0 -1
  outer loop
    vertex -30.87155787628453 234.8791817375938 0
    vertex -32.67662215875637 235.3844759952873 0
    vertex -30.94912455552084 236.669374813143 0
  endloop
endfacet
facet normal 0 0 -1
  outer loop
    vertex 31.66189260818046 224.332897665578 0
    vertex 32.95948603190693 225.7313707817662 0
    vertex 33.4863565112388 223.5718615421304 0
  endloop
endfacet
facet normal -0 0 -1
  outer loop
    vertex 38.17305059295929 232.8000251063681 0
    vertex 36.68250590320005 231.6068242808704 0
    vertex 36.51918413049893 233.5835755831846 0
  endloop
endfacet
facet normal -0 0 -1
  outer loop
    vertex -32.36308985599542 233.6897246751073 0
    vertex -33.43775863086001 232.1134750837257 0
    vertex -34.14339901000418 234.0562609370334 0
  endloop
endfacet
facet normal 0 0 -1
  outer loop
    vertex -23.68122314438861 224.332897665578 0
    vertex -22.38362972066214 225.7313707817662 0
    vertex -21.83082906056895 223.5803496550351 0
  endloop
endfacet
facet normal -0 0 -1
  outer loop
    vertex -18.55228548683925 226.2306742898882 0
    vertex -20.23420479556269 225.0489296850325 0
    vertex -20.44388766783186 226.5646893501882 0
  endloop
endfacet
facet normal 0 -0 -1
  outer loop
    vertex 21.90535712170908 226.559763223021 0
    vertex 22.98002589657369 224.9835136316395 0
    vertex 21.0461619278918 224.8497172706576 0
  endloop
endfacet
facet normal 0 0 -1
  outer loop
    vertex -9.870418775232473 225.5800583238267 0
    vertex -8.572825351506006 226.9785314400149 0
    vertex -8.112363097199834 225.1449071350738 0
  endloop
endfacet
facet normal 0 -0 -1
  outer loop
    vertex -4.691531979710851 226.6468944782661 0
    vertex -3.199999999999954 225.4574374157796 0
    vertex -5.087022244025112 225.042868900785 0
  endloop
endfacet
facet normal 0 0 -1
  outer loop
    vertex 2.338182555944982 225.0424080086771 0
    vertex 3.990334731895926 225.9962785122046 0
    vertex 3.977386811469029 224.3825789240426 0
  endloop
endfacet
facet normal 0 0 -1
  outer loop
    vertex -11.52257095118342 224.6261878202992 0
    vertex -9.870418775232473 225.5800583238267 0
    vertex -9.812392451530119 223.5828786081655 0
  endloop
endfacet
facet normal 0 0 -1
  outer loop
    vertex 16.19893606307338 224.6261878202992 0
    vertex 17.85108823902432 225.5800583238267 0
    vertex 17.69474565712727 223.5485279419161 0
  endloop
endfacet
facet normal 0 0 -1
  outer loop
    vertex 21.72885259544152 223.231144756573 0
    vertex 22.98002589657369 224.9835136316395 0
    vertex 23.29383969133045 223.009050969572 0
  endloop
endfacet
facet normal -0 0 -1
  outer loop
    vertex 39.94925000850988 233.5004302165264 0
    vertex 38.17305059295929 232.8000251063681 0
    vertex 38.41973798820002 234.836456128163 0
  endloop
endfacet
facet normal 0 -0 -1
  outer loop
    vertex 47.33333333333334 237.0427333333333 0
    vertex 48.66666666666666 235.7760666666667 0
    vertex 46.95826682228709 235.1398439829707 0
  endloop
endfacet
facet normal 0 0 -1
  outer loop
    vertex 46.28171422877341 221.7094 0
    vertex 45.8963567937897 222.7257889026842 0
    vertex 47.0783967015163 222.6608008768288 0
  endloop
endfacet
facet normal 0 0 -1
  outer loop
    vertex 10.77488344270147 221.7094 0
    vertex 8.815813725846688 221.7094 0
    vertex 9.740273694602575 223.3742066402036 0
  endloop
endfacet
facet normal -0 0 -1
  outer loop
    vertex 45.38120747285019 234.2696931866711 0
    vertex 43.71493001237739 233.2229151762121 0
    vertex 43.62933180928215 234.9893536361446 0
  endloop
endfacet
facet normal 0 0 -1
  outer loop
    vertex -39.05035792383757 233.2229151762121 0
    vertex -40.91226604093424 233.6457033567796 0
    vertex -39.72042610217183 235.0271500647345 0
  endloop
endfacet
facet normal 0 -0 -1
  outer loop
    vertex 32 238.3094 0
    vertex 32.11049754632111 236.1459331620116 0
    vertex 30.66688973904835 236.909063209477 0
  endloop
endfacet
facet normal -0 0 -1
  outer loop
    vertex -42.81603792770509 233.5004302165264 0
    vertex -44.59223734325568 232.8000251063681 0
    vertex -44.02327317161326 234.8602699001036 0
  endloop
endfacet
facet normal -0 0 -1
  outer loop
    vertex 41.85302189528073 233.6457033567796 0
    vertex 39.94925000850988 233.5004302165264 0
    vertex 40.61299067330322 235.1825395826152 0
  endloop
endfacet
facet normal 0 0 -1
  outer loop
    vertex 32.95948603190691 232.9418675249806 0
    vertex 31.66189260818044 234.3403406411688 0
    vertex 33.61533605425189 234.9123700272283 0
  endloop
endfacet
facet normal -0 0 -1
  outer loop
    vertex -40.91226604093424 233.6457033567796 0
    vertex -42.81603792770509 233.5004302165264 0
    vertex -41.96739528581427 235.273900470408 0
  endloop
endfacet
facet normal -0 0 -1
  outer loop
    vertex -30.87155787628453 234.8791817375938 0
    vertex -32.36308985599542 233.6897246751073 0
    vertex -32.67662215875637 235.3844759952873 0
  endloop
endfacet
facet normal 0 0 -1
  outer loop
    vertex -5.087022244025112 225.042868900785 0
    vertex -3.199999999999954 225.4574374157796 0
    vertex -3.481211589016906 223.5630484166317 0
  endloop
endfacet
facet normal 0 0 -1
  outer loop
    vertex -32.67662215875637 235.3844759952873 0
    vertex -34.59793701142497 235.7997981173106 0
    vertex -33.10405473858012 237.0274523396137 0
  endloop
endfacet
facet normal 0 0 -1
  outer loop
    vertex -36.0502041152444 234.3045682281541 0
    vertex -34.14339901000418 234.0562609370334 0
    vertex -35.61585618145573 232.6204504594994 0
  endloop
endfacet
facet normal 0 0 -1
  outer loop
    vertex -47.33333333333334 237.0427333333333 0
    vertex -46 238.3094 0
    vertex -45.5697011552064 236.5213661282874 0
  endloop
endfacet
facet normal 0 -0 -1
  outer loop
    vertex 46 238.3094 0
    vertex 47.33333333333334 237.0427333333333 0
    vertex 45.1781295862865 236.4239759521405 0
  endloop
endfacet
facet normal 0 0 -1
  outer loop
    vertex -48.66666666666666 235.7760666666667 0
    vertex -47.33333333333334 237.0427333333333 0
    vertex -46.98961326825271 235.1971771860448 0
  endloop
endfacet
facet normal 0 0 -1
  outer loop
    vertex -44.02327317161326 234.8602699001036 0
    vertex -44.59223734325568 232.8000251063681 0
    vertex -45.56675517523279 234.5999117835107 0
  endloop
endfacet
facet normal 0 0 -1
  outer loop
    vertex 32.11049754632111 236.1459331620116 0
    vertex 32 238.3094 0
    vertex 33.48691376004537 236.8810889424534 0
  endloop
endfacet
facet normal 0 0 -1
  outer loop
    vertex -18.61116231012031 221.7094 0
    vertex -19.62491628756771 223.4267045799508 0
    vertex -17.35769553832685 223.3926164122745 0
  endloop
endfacet
facet normal 0 -0 -1
  outer loop
    vertex 3.977386811469029 224.3825789240426 0
    vertex 5.771682116920747 223.4612037695563 0
    vertex 3.926779014243409 222.8090822802434 0
  endloop
endfacet
facet normal 0 0 -1
  outer loop
    vertex -47.33333333333334 237.0427333333333 0
    vertex -45.5697011552064 236.5213661282874 0
    vertex -46.98961326825271 235.1971771860448 0
  endloop
endfacet
facet normal -0 0 -1
  outer loop
    vertex 33.61533605425189 234.9123700272283 0
    vertex 31.66189260818044 234.3403406411688 0
    vertex 32.11049754632111 236.1459331620116 0
  endloop
endfacet
facet normal 0 -0 -1
  outer loop
    vertex 50 232.7594 0
    vertex 50 231.0094 0
    vertex 48.45994974824107 231.9348228097345 0
  endloop
endfacet
facet normal 0 0 -1
  outer loop
    vertex 16.19893606307334 236.541371802945 0
    vertex 16 238.3094 0
    vertex 17.54734381272953 236.9691415276141 0
  endloop
endfacet
facet normal 0 0 -1
  outer loop
    vertex 24 238.3094 0
    vertex 26 238.3094 0
    vertex 25.05184512358138 236.7490353063466 0
  endloop
endfacet
facet normal 0 0 -1
  outer loop
    vertex 8.815813725846688 221.7094 0
    vertex 7.870751899517272 223.3027532832194 0
    vertex 9.740273694602575 223.3742066402036 0
  endloop
endfacet
facet normal 0 0 -1
  outer loop
    vertex 18.61116231012062 221.7094 0
    vertex 17.69474565712727 223.5485279419161 0
    vertex 19.81800984412894 223.3169167223216 0
  endloop
endfacet
facet normal 0 0 -1
  outer loop
    vertex -50 231.0094 0
    vertex -50 232.7594 0
    vertex -48.55597979483523 231.724505869113 0
  endloop
endfacet
facet normal 0 0 -1
  outer loop
    vertex 46.91965673368838 224.0534189656393 0
    vertex 47.56313269068105 225.6012183854062 0
    vertex 48.55441125946423 224.4308882218619 0
  endloop
endfacet
facet normal 0 0 -1
  outer loop
    vertex 45.1781295862865 236.4239759521405 0
    vertex 47.33333333333334 237.0427333333333 0
    vertex 46.95826682228709 235.1398439829707 0
  endloop
endfacet
facet normal 0 0 -1
  outer loop
    vertex -48.25518742998253 233.6983569908398 0
    vertex -48.66666666666666 235.7760666666667 0
    vertex -46.98961326825271 235.1971771860448 0
  endloop
endfacet
facet normal 0 0 -1
  outer loop
    vertex -21.55589191925322 231.2230522696032 0
    vertex -22.38362972066215 232.9418675249806 0
    vertex -21.12757203411829 232.4880366407965 0
  endloop
endfacet
facet normal 0 0 -1
  outer loop
    vertex 19.14868166275079 226.9785314400149 0
    vertex 19.97641946415972 228.6973466953923 0
    vertex 20.52861653070609 227.3265183755413 0
  endloop
endfacet
facet normal 0 0 -1
  outer loop
    vertex 16 238.3094 0
    vertex 18 238.3094 0
    vertex 17.54734381272953 236.9691415276141 0
  endloop
endfacet
facet normal -0 0 -1
  outer loop
    vertex 50 224.0094 0
    vertex 49 222.8594 0
    vertex 48.55441125946423 224.4308882218619 0
  endloop
endfacet
facet normal 0 0 -1
  outer loop
    vertex 34 238.3094 0
    vertex 36 238.3094 0
    vertex 35.1134028241634 236.5421934304196 0
  endloop
endfacet
facet normal 0 -0 -1
  outer loop
    vertex 0.4782725989531754 224.6178956980405 0
    vertex 2.090017261969559 223.3140180028271 0
    vertex 1.472035620839668e-13 223.0380255452882 0
  endloop
endfacet
facet normal 0 0 -1
  outer loop
    vertex -36.86893114242527 222.7257889026842 0
    vertex -35.84563120252658 224.0534189656393 0
    vertex -35.60038555076881 222.8062100612643 0
  endloop
endfacet
facet normal 0 0 -1
  outer loop
    vertex 47.49784305544047 229.1509583469756 0
    vertex 46.66878767989435 230.8708766201549 0
    vertex 48.58250869258185 230.3042330362645 0
  endloop
endfacet
facet normal 0 0 -1
  outer loop
    vertex 10 238.3094 0
    vertex 12 238.3094 0
    vertex 11.26276386867936 237.3592562846844 0
  endloop
endfacet
facet normal 0 0 -1
  outer loop
    vertex 6.999999999999997 236.5773491924311 0
    vertex 8 238.3094 0
    vertex 8.781668752116222 236.5948588782904 0
  endloop
endfacet
facet normal 0 0 -1
  outer loop
    vertex -4.897674292136813 221.7094 0
    vertex -6.856744008991598 221.7094 0
    vertex -5.767060543021914 223.3559296162677 0
  endloop
endfacet
facet normal 0 0 -1
  outer loop
    vertex 18 238.3094 0
    vertex 20 238.3094 0
    vertex 19.11589221041966 236.865846423483 0
  endloop
endfacet
facet normal 0 0 -1
  outer loop
    vertex -50 224.0094 0
    vertex -50 225.7594 0
    vertex -48.65442516805227 224.8270918707374 0
  endloop
endfacet
facet normal 0 0 -1
  outer loop
    vertex -7.017766565038379 236.8355739036774 0
    vertex -6 238.3094 0
    vertex -5.163829414393572 236.8157780639728 0
  endloop
endfacet
facet normal 0 0 -1
  outer loop
    vertex 48.58250869258185 230.3042330362645 0
    vertex 50 229.2594 0
    vertex 48.76748788708403 228.2963176665914 0
  endloop
endfacet
facet normal 0 0 -1
  outer loop
    vertex -13.38248090817522 224.2016755096626 0
    vertex -11.52257095118342 224.6261878202992 0
    vertex -11.87459339673722 223.0583970572928 0
  endloop
endfacet
facet normal 0 0 -1
  outer loop
    vertex -35.84563120252658 224.0534189656393 0
    vertex -35.20215524553392 225.6012183854062 0
    vertex -33.99122965085295 224.5888074119406 0
  endloop
endfacet
facet normal 0 -0 -1
  outer loop
    vertex -24 238.3094 0
    vertex -23.03739917460838 236.7534530220807 0
    vertex -25.22598335420561 236.7500158833096 0
  endloop
endfacet
facet normal 0 -0 -1
  outer loop
    vertex -32.36308985599538 224.9835136316395 0
    vertex -30.87155787628449 223.794056569153 0
    vertex -33.02724592823274 223.2964413870532 0
  endloop
endfacet
facet normal 0 -0 -1
  outer loop
    vertex 38 238.3094 0
    vertex 39.27105921178103 236.5676539134056 0
    vertex 37.55476232109375 236.7076667109327 0
  endloop
endfacet
facet normal 0 0 -1
  outer loop
    vertex -48.25518742998253 233.6983569908398 0
    vertex -46.43312076035313 233.4685358305123 0
    vertex -47.25305823469292 232.2499134044633 0
  endloop
endfacet
facet normal 0 0 -1
  outer loop
    vertex 12.73395315955626 221.7094 0
    vertex 10.77488344270147 221.7094 0
    vertex 11.42742277562624 223.2081010399872 0
  endloop
endfacet
facet normal 0 0 -1
  outer loop
    vertex -6.856744008991598 221.7094 0
    vertex -8.815813725846382 221.7094 0
    vertex -7.762732219331626 223.3355989373567 0
  endloop
endfacet
facet normal 0 0 -1
  outer loop
    vertex 12.73395315955626 221.7094 0
    vertex 11.42742277562624 223.2081010399872 0
    vertex 13.45606296398216 223.069207115117 0
  endloop
endfacet
facet normal 0 0 -1
  outer loop
    vertex 33.61533605425189 234.9123700272283 0
    vertex 32.11049754632111 236.1459331620116 0
    vertex 33.48691376004537 236.8810889424534 0
  endloop
endfacet
facet normal -0 0 -1
  outer loop
    vertex -30.94912455552084 236.669374813143 0
    vertex -32.67662215875637 235.3844759952873 0
    vertex -33.10405473858012 237.0274523396137 0
  endloop
endfacet
facet normal 0 0 -1
  outer loop
    vertex 17.69474565712727 223.5485279419161 0
    vertex 17.85108823902432 225.5800583238267 0
    vertex 19.3295054465912 225.0035428198394 0
  endloop
endfacet
facet normal 0 0 -1
  outer loop
    vertex -22 238.3094 0
    vertex -20 238.3094 0
    vertex -21.07527467293287 236.637864759317 0
  endloop
endfacet
facet normal 0 0 -1
  outer loop
    vertex -10 238.3094 0
    vertex -8 238.3094 0
    vertex -8.841632726466363 236.9135145024646 0
  endloop
endfacet
facet normal 0 0 -1
  outer loop
    vertex -40 238.3094 0
    vertex -38 238.3094 0
    vertex -38.84137618468668 236.5795882063488 0
  endloop
endfacet
facet normal 0 0 -1
  outer loop
    vertex -16.65209259326553 221.7094 0
    vertex -18.61116231012031 221.7094 0
    vertex -17.35769553832685 223.3926164122745 0
  endloop
endfacet
facet normal -0 0 -1
  outer loop
    vertex -33.10405473858012 237.0274523396137 0
    vertex -34.59793701142497 235.7997981173106 0
    vertex -35 237.257275045648 0
  endloop
endfacet
facet normal 0 -0 -1
  outer loop
    vertex -11.52257095118342 224.6261878202992 0
    vertex -9.812392451530119 223.5828786081655 0
    vertex -11.87459339673722 223.0583970572928 0
  endloop
endfacet
facet normal 0 0 -1
  outer loop
    vertex 35.1134028241634 236.5421934304196 0
    vertex 36.55844297384385 235.2875199670745 0
    vertex 35.25969071485392 234.6421748957086 0
  endloop
endfacet
facet normal 0 0 -1
  outer loop
    vertex -18.55228548683928 234.936885333356 0
    vertex -20.28168595332869 234.996319261707 0
    vertex -18.86659867689108 236.6922242453317 0
  endloop
endfacet
facet normal 0 0 -1
  outer loop
    vertex -36.09650025632062 230.8708766201549 0
    vertex -37.39602392986861 232.2696939434771 0
    vertex -35.61585618145573 232.6204504594994 0
  endloop
endfacet
facet normal 0 -0 -1
  outer loop
    vertex -47.71350165736628 228.2012238938779 0
    vertex -47.70854208029611 226.2919237381314 0
    vertex -48.89084269942229 226.7733332741365 0
  endloop
endfacet
facet normal 0 0 -1
  outer loop
    vertex 4 238.3094 0
    vertex 6 238.3094 0
    vertex 5.295990214827813 236.7740060322786 0
  endloop
endfacet
facet normal 0 0 -1
  outer loop
    vertex 19.3295054465912 225.0035428198394 0
    vertex 19.14868166275079 226.9785314400149 0
    vertex 20.33186989884605 226.0802287859541 0
  endloop
endfacet
facet normal -0 0 -1
  outer loop
    vertex 10.6607535071284 236.1263423958425 0
    vertex 9.169221527417513 234.936885333356 0
    vertex 8.781668752116222 236.5948588782904 0
  endloop
endfacet
facet normal -0 0 -1
  outer loop
    vertex 50 232.7594 0
    vertex 48.45994974824107 231.9348228097345 0
    vertex 48.49784128496051 233.8583601102265 0
  endloop
endfacet
facet normal 0 0 -1
  outer loop
    vertex 33.78722383331585 231.2230522696032 0
    vertex 32.95948603190691 232.9418675249806 0
    vertex 34.8591285067695 232.9028581244278 0
  endloop
endfacet
facet normal 0 -0 -1
  outer loop
    vertex -38 238.3094 0
    vertex -36.65302161729353 236.5011153632677 0
    vertex -38.84137618468668 236.5795882063488 0
  endloop
endfacet
facet normal 0 -0 -1
  outer loop
    vertex -13.38248090817522 224.2016755096626 0
    vertex -11.87459339673722 223.0583970572928 0
    vertex -13.85970790125892 222.9161087796845 0
  endloop
endfacet
facet normal 0 0 -1
  outer loop
    vertex -32 238.3094 0
    vertex -30 238.3094 0
    vertex -30.94912455552084 236.669374813143 0
  endloop
endfacet
facet normal 0 -0 -1
  outer loop
    vertex 21.10881311151007 236.7246342623381 0
    vertex 22.22513299198085 235.1544386604584 0
    vertex 20.0854715194974 235.4083957753733 0
  endloop
endfacet
facet normal 0 0 -1
  outer loop
    vertex -36.65302161729353 236.5011153632677 0
    vertex -36 238.3094 0
    vertex -35 237.257275045648 0
  endloop
endfacet
facet normal 0 0 -1
  outer loop
    vertex 8 238.3094 0
    vertex 10 238.3094 0
    vertex 8.781668752116222 236.5948588782904 0
  endloop
endfacet
facet normal 0 0 -1
  outer loop
    vertex 2.938604575282326 221.7094 0
    vertex 0.9795348584275416 221.7094 0
    vertex 2.090017261969559 223.3140180028271 0
  endloop
endfacet
facet normal -0 0 -1
  outer loop
    vertex 26.24742389896413 235.5761577913371 0
    vertex 24.47155787628454 234.8791817375938 0
    vertex 25.05184512358138 236.7490353063466 0
  endloop
endfacet
facet normal -0 0 -1
  outer loop
    vertex -15.28488748444881 236.8233184495858 0
    vertex -17.0607535071284 236.1263423958425 0
    vertex -17 237.4460623847855 0
  endloop
endfacet
facet normal -0 0 -1
  outer loop
    vertex -47.71350165736628 228.2012238938779 0
    vertex -48.89084269942229 226.7733332741365 0
    vertex -49.054034189394 228.3256879934498 0
  endloop
endfacet
facet normal 0 0 -1
  outer loop
    vertex -33.99122965085295 224.5888074119406 0
    vertex -32.36308985599538 224.9835136316395 0
    vertex -33.02724592823274 223.2964413870532 0
  endloop
endfacet
facet normal 0 0 -1
  outer loop
    vertex 23.10457484226662 236.6706607272513 0
    vertex 24 238.3094 0
    vertex 25.05184512358138 236.7490353063466 0
  endloop
endfacet
facet normal 0 0 -1
  outer loop
    vertex 10.66075350712844 225.0412172274017 0
    vertex 12.43661952980804 224.3442411736584 0
    vertex 11.42742277562624 223.2081010399872 0
  endloop
endfacet
facet normal 0 -0 -1
  outer loop
    vertex 50 231.0094 0
    vertex 50 229.2594 0
    vertex 48.58250869258185 230.3042330362645 0
  endloop
endfacet
facet normal 0 -0 -1
  outer loop
    vertex -42 238.3094 0
    vertex -40.7798224472353 236.7503732617544 0
    vertex -42.23697698103171 236.9171372410518 0
  endloop
endfacet
facet normal -0 0 -1
  outer loop
    vertex 12.43661952980799 236.8233184495858 0
    vertex 10.6607535071284 236.1263423958425 0
    vertex 11.26276386867936 237.3592562846844 0
  endloop
endfacet
facet normal 0 0 -1
  outer loop
    vertex 30 238.3094 0
    vertex 32 238.3094 0
    vertex 30.66688973904835 236.909063209477 0
  endloop
endfacet
facet normal 0 0 -1
  outer loop
    vertex -23.68122314438861 224.332897665578 0
    vertex -21.83082906056895 223.5803496550351 0
    vertex -23.5088366022573 222.8439480997436 0
  endloop
endfacet
facet normal 0 0 -1
  outer loop
    vertex 7.527115461478912 226.1826100556392 0
    vertex 9.169221527417548 226.2306742898882 0
    vertex 8.775959796319528 224.7093260179429 0
  endloop
endfacet
facet normal 0 0 -1
  outer loop
    vertex 32 238.3094 0
    vertex 34 238.3094 0
    vertex 33.48691376004537 236.8810889424534 0
  endloop
endfacet
facet normal -0 0 -1
  outer loop
    vertex 49 222.8594 0
    vertex 48 221.7094 0
    vertex 47.96385071466177 223.2548999986846 0
  endloop
endfacet
facet normal 0 0 -1
  outer loop
    vertex -18 238.3094 0
    vertex -16 238.3094 0
    vertex -17 237.4460623847855 0
  endloop
endfacet
facet normal 0 0 -1
  outer loop
    vertex -23.03739917460838 236.7534530220807 0
    vertex -22 238.3094 0
    vertex -21.07527467293287 236.637864759317 0
  endloop
endfacet
facet normal 0 -0 -1
  outer loop
    vertex 50 234.5094 0
    vertex 50 232.7594 0
    vertex 48.49784128496051 233.8583601102265 0
  endloop
endfacet
facet normal 0 0 -1
  outer loop
    vertex 9.740273694602575 223.3742066402036 0
    vertex 10.66075350712844 225.0412172274017 0
    vertex 11.42742277562624 223.2081010399872 0
  endloop
endfacet
facet normal 0 -0 -1
  outer loop
    vertex -16 238.3094 0
    vertex -15.28488748444881 236.8233184495858 0
    vertex -17 237.4460623847855 0
  endloop
endfacet
facet normal 0 0 -1
  outer loop
    vertex -40.7798224472353 236.7503732617544 0
    vertex -40 238.3094 0
    vertex -38.84137618468668 236.5795882063488 0
  endloop
endfacet
facet normal 0 0 -1
  outer loop
    vertex 21.10881311151007 236.7246342623381 0
    vertex 23.10457484226662 236.6706607272513 0
    vertex 22.22513299198085 235.1544386604584 0
  endloop
endfacet
facet normal 0 0 -1
  outer loop
    vertex 20.57023202697539 221.7094 0
    vertex 18.61116231012062 221.7094 0
    vertex 19.81800984412894 223.3169167223216 0
  endloop
endfacet
facet normal 0 -0 -1
  outer loop
    vertex -20 238.3094 0
    vertex -18.86659867689108 236.6922242453317 0
    vertex -21.07527467293287 236.637864759317 0
  endloop
endfacet
facet normal 0 0 -1
  outer loop
    vertex -39.05035792383757 233.2229151762121 0
    vertex -39.72042610217183 235.0271500647345 0
    vertex -37.9519016455171 234.6508384970324 0
  endloop
endfacet
facet normal 0 0 -1
  outer loop
    vertex -48 221.7094 0
    vertex -49 222.8594 0
    vertex -47.49715822953748 223.0664509700082 0
  endloop
endfacet
facet normal 0 -0 -1
  outer loop
    vertex 50 227.5094 0
    vertex 50 225.7594 0
    vertex 48.74193160637439 226.290902275521 0
  endloop
endfacet
facet normal 0 0 -1
  outer loop
    vertex 30.00974043222947 235.2942111446963 0
    vertex 28.14983047523766 235.7187234553329 0
    vertex 29.10776842314266 236.9905991449783 0
  endloop
endfacet
facet normal 0 0 -1
  outer loop
    vertex 19.81800984412894 223.3169167223216 0
    vertex 17.69474565712727 223.5485279419161 0
    vertex 19.3295054465912 225.0035428198394 0
  endloop
endfacet
facet normal 0 -0 -1
  outer loop
    vertex 9.169221527417548 226.2306742898882 0
    vertex 10.66075350712844 225.0412172274017 0
    vertex 8.775959796319528 224.7093260179429 0
  endloop
endfacet
facet normal 0 -0 -1
  outer loop
    vertex -4 238.3094 0
    vertex -3.199999999999999 236.5425625842204 0
    vertex -5.163829414393572 236.8157780639728 0
  endloop
endfacet
facet normal 0 0 -1
  outer loop
    vertex 42 238.3094 0
    vertex 44 238.3094 0
    vertex 43.00000000000001 236.7925520472137 0
  endloop
endfacet
facet normal 0 0 -1
  outer loop
    vertex -50 231.0094 0
    vertex -48.55597979483523 231.724505869113 0
    vertex -48.74022185094839 229.767658786134 0
  endloop
endfacet
facet normal 0 0 -1
  outer loop
    vertex 14.69302287641104 221.7094 0
    vertex 12.73395315955626 221.7094 0
    vertex 13.45606296398216 223.069207115117 0
  endloop
endfacet
facet normal 0 0 -1
  outer loop
    vertex -7.745087550097084 232.4702129278519 0
    vertex -8.572825351506019 234.1890281832293 0
    vertex -7.197458215382972 233.7926537017464 0
  endloop
endfacet
facet normal 0 0 -1
  outer loop
    vertex 5.287928155622392 227.3947516283928 0
    vertex 6.115665957031315 229.1135668837702 0
    vertex 6.69276619808025 227.7121593664804 0
  endloop
endfacet
facet normal -0 0 -1
  outer loop
    vertex -3.199999999999999 236.5425625842204 0
    vertex -4.691531979710887 235.3531055217339 0
    vertex -5.163829414393572 236.8157780639728 0
  endloop
endfacet
facet normal 0 0 -1
  outer loop
    vertex -25.33337532033955 223.3790271620505 0
    vertex -23.68122314438861 224.332897665578 0
    vertex -23.5088366022573 222.8439480997436 0
  endloop
endfacet
facet normal 0 0 -1
  outer loop
    vertex 36.55844297384385 235.2875199670745 0
    vertex 36.51918413049893 233.5835755831846 0
    vertex 35.25969071485392 234.6421748957086 0
  endloop
endfacet
facet normal 0 0 -1
  outer loop
    vertex 21.0461619278918 224.8497172706576 0
    vertex 22.98002589657369 224.9835136316395 0
    vertex 21.72885259544152 223.231144756573 0
  endloop
endfacet
facet normal 0 -0 -1
  outer loop
    vertex 20 238.3094 0
    vertex 21.10881311151007 236.7246342623381 0
    vertex 19.11589221041966 236.865846423483 0
  endloop
endfacet
facet normal 0 0 -1
  outer loop
    vertex -24.48837146068466 221.7094 0
    vertex -25.33337532033955 223.3790271620505 0
    vertex -23.5088366022573 222.8439480997436 0
  endloop
endfacet
facet normal 0 -0 -1
  outer loop
    vertex 7.527115461478912 226.1826100556392 0
    vertex 8.775959796319528 224.7093260179429 0
    vertex 7.120204391522419 224.7182764546994 0
  endloop
endfacet
facet normal -0 0 -1
  outer loop
    vertex 36.51918413049893 233.5835755831846 0
    vertex 34.8591285067695 232.9028581244278 0
    vertex 35.25969071485392 234.6421748957086 0
  endloop
endfacet
facet normal 0 0 -1
  outer loop
    vertex -7.762732219331626 223.3355989373567 0
    vertex -8.112363097199834 225.1449071350738 0
    vertex -6.622439209831674 224.704879469917 0
  endloop
endfacet
facet normal 0 0 -1
  outer loop
    vertex 10.66075350712844 225.0412172274017 0
    vertex 9.740273694602575 223.3742066402036 0
    vertex 8.775959796319528 224.7093260179429 0
  endloop
endfacet
facet normal 0 0 -1
  outer loop
    vertex 2.090017261969559 223.3140180028271 0
    vertex 0.9795348584275416 221.7094 0
    vertex 1.472035620839668e-13 223.0380255452882 0
  endloop
endfacet
facet normal 0 0 -1
  outer loop
    vertex -39.72042610217183 235.0271500647345 0
    vertex -40.7798224472353 236.7503732617544 0
    vertex -38.84137618468668 236.5795882063488 0
  endloop
endfacet
facet normal -0 0 -1
  outer loop
    vertex 22.22513299198085 235.1544386604584 0
    vertex 21.06322090129879 233.9289258233135 0
    vertex 20.0854715194974 235.4083957753733 0
  endloop
endfacet
facet normal 0 0 -1
  outer loop
    vertex -36.24278976181338 221.7094 0
    vertex -36.86893114242527 222.7257889026842 0
    vertex -35.60038555076881 222.8062100612643 0
  endloop
endfacet
facet normal 0 -0 -1
  outer loop
    vertex 8.094552752552943 227.8069238812697 0
    vertex 9.169221527417548 226.2306742898882 0
    vertex 7.527115461478912 226.1826100556392 0
  endloop
endfacet
facet normal 0 0 -1
  outer loop
    vertex -35.60038555076881 222.8062100612643 0
    vertex -35.84563120252658 224.0534189656393 0
    vertex -34.44168427354138 223.1451976767257 0
  endloop
endfacet
facet normal 0 -0 -1
  outer loop
    vertex -47.70854208029611 226.2919237381314 0
    vertex -47.14057576704156 224.4690507449841 0
    vertex -48.65442516805227 224.8270918707374 0
  endloop
endfacet
facet normal 0 0 -1
  outer loop
    vertex -16.65209259326553 221.7094 0
    vertex -17.35769553832685 223.3926164122745 0
    vertex -15.54023730208704 222.7881367857673 0
  endloop
endfacet
facet normal 0 -0 -1
  outer loop
    vertex 42 238.3094 0
    vertex 43.00000000000001 236.7925520472137 0
    vertex 41.19019670084374 236.7742395774897 0
  endloop
endfacet
facet normal 0 0 -1
  outer loop
    vertex -30.94912455552084 236.669374813143 0
    vertex -30 238.3094 0
    vertex -28.92356056879326 237.082330439615 0
  endloop
endfacet
facet normal 0 0 -1
  outer loop
    vertex 40.61299067330322 235.1825395826152 0
    vertex 39.27105921178103 236.5676539134056 0
    vertex 41.19019670084374 236.7742395774897 0
  endloop
endfacet
facet normal 0 -0 -1
  outer loop
    vertex -32 238.3094 0
    vertex -30.94912455552084 236.669374813143 0
    vertex -33.10405473858012 237.0274523396137 0
  endloop
endfacet
facet normal 0 0 -1
  outer loop
    vertex 41.19019670084374 236.7742395774897 0
    vertex 43.00000000000001 236.7925520472137 0
    vertex 42.05710821574196 235.4768776400486 0
  endloop
endfacet
facet normal 0 0 -1
  outer loop
    vertex -6.856744008991598 221.7094 0
    vertex -7.762732219331626 223.3355989373567 0
    vertex -5.767060543021914 223.3559296162677 0
  endloop
endfacet
facet normal 0 0 -1
  outer loop
    vertex 48 221.7094 0
    vertex 47.0783967015163 222.6608008768288 0
    vertex 47.96385071466177 223.2548999986846 0
  endloop
endfacet
facet normal 0 -0 -1
  outer loop
    vertex 24.47155787628458 223.794056569153 0
    vertex 24.48837146068496 221.7094 0
    vertex 23.29383969133045 223.009050969572 0
  endloop
endfacet
facet normal 0 0 -1
  outer loop
    vertex -0.9795348584272432 221.7094 0
    vertex -2.938604575282028 221.7094 0
    vertex -1.791227579738931 223.0084420608061 0
  endloop
endfacet
facet normal 0 0 -1
  outer loop
    vertex 47.7826439681075 227.2630123407873 0
    vertex 47.49784305544047 229.1509583469756 0
    vertex 48.76748788708403 228.2963176665914 0
  endloop
endfacet
facet normal 0 0 -1
  outer loop
    vertex -8.572825351506019 234.1890281832293 0
    vertex -9.870418775232491 235.5875012994175 0
    vertex -7.968410831384289 235.5030433103878 0
  endloop
endfacet
facet normal 0 0 -1
  outer loop
    vertex -2.938604575282028 221.7094 0
    vertex -3.481211589016906 223.5630484166317 0
    vertex -1.791227579738931 223.0084420608061 0
  endloop
endfacet
facet normal 0 0 -1
  outer loop
    vertex -18.86659867689108 236.6922242453317 0
    vertex -20.28168595332869 234.996319261707 0
    vertex -21.07527467293287 236.637864759317 0
  endloop
endfacet
facet normal 0 -0 -1
  outer loop
    vertex -19.62695426170385 227.8069238812697 0
    vertex -18.55228548683925 226.2306742898882 0
    vertex -20.44388766783186 226.5646893501882 0
  endloop
endfacet
facet normal 0 0 -1
  outer loop
    vertex 2.938604575282326 221.7094 0
    vertex 2.090017261969559 223.3140180028271 0
    vertex 3.926779014243409 222.8090822802434 0
  endloop
endfacet
facet normal -0 0 -1
  outer loop
    vertex -5.767060543021914 223.3559296162677 0
    vertex -7.762732219331626 223.3355989373567 0
    vertex -6.622439209831674 224.704879469917 0
  endloop
endfacet
facet normal 0 0 -1
  outer loop
    vertex 9.169221527417513 234.936885333356 0
    vertex 8.094552752552922 233.3606357419744 0
    vertex 7.408172857456723 234.8269017723148 0
  endloop
endfacet
facet normal 0 0 -1
  outer loop
    vertex -35.84563120252658 224.0534189656393 0
    vertex -33.99122965085295 224.5888074119406 0
    vertex -34.44168427354138 223.1451976767257 0
  endloop
endfacet
facet normal 0 0 -1
  outer loop
    vertex 30.00974043222952 223.3790271620505 0
    vertex 31.66189260818046 224.332897665578 0
    vertex 31.56964409820044 222.9405172739518 0
  endloop
endfacet
facet normal 0 0 -1
  outer loop
    vertex 39.27105921178103 236.5676539134056 0
    vertex 40 238.3094 0
    vertex 41.19019670084374 236.7742395774897 0
  endloop
endfacet
facet normal 0 0 -1
  outer loop
    vertex 32.32465032810411 221.7094 0
    vertex 30.36558061124933 221.7094 0
    vertex 31.56964409820044 222.9405172739518 0
  endloop
endfacet
facet normal 0 0 -1
  outer loop
    vertex 16.65209259326582 221.7094 0
    vertex 14.69302287641104 221.7094 0
    vertex 15.47971820521226 223.1504533179339 0
  endloop
endfacet
facet normal 0 0 -1
  outer loop
    vertex 41.85302189528073 233.6457033567796 0
    vertex 40.61299067330322 235.1825395826152 0
    vertex 42.05710821574196 235.4768776400486 0
  endloop
endfacet
facet normal 0 0 -1
  outer loop
    vertex 47.49784305544047 229.1509583469756 0
    vertex 48.58250869258185 230.3042330362645 0
    vertex 48.76748788708403 228.2963176665914 0
  endloop
endfacet
facet normal 0 0 -1
  outer loop
    vertex 36.68250590320005 231.6068242808704 0
    vertex 35.61027484173664 230.0270229538133 0
    vertex 35.23478327125551 231.4399394071787 0
  endloop
endfacet
facet normal 0 -0 -1
  outer loop
    vertex 35.05674585591886 226.2919237381314 0
    vertex 35.62471216917341 224.4690507449841 0
    vertex 34.253797865979 225.0998591214422 0
  endloop
endfacet
facet normal 0 -0 -1
  outer loop
    vertex -8 238.3094 0
    vertex -7.017766565038379 236.8355739036774 0
    vertex -8.841632726466363 236.9135145024646 0
  endloop
endfacet
facet normal 0 0 -1
  outer loop
    vertex -4.691531979710887 235.3531055217339 0
    vertex -5.766200754575477 233.7768559303524 0
    vertex -6.3482955056264 235.2873195022316 0
  endloop
endfacet
facet normal 0 0 -1
  outer loop
    vertex 22.98002589657365 233.6897246751073 0
    vertex 21.06322090129879 233.9289258233135 0
    vertex 22.22513299198085 235.1544386604584 0
  endloop
endfacet
facet normal 0 0 -1
  outer loop
    vertex -22.38362972066215 232.9418675249806 0
    vertex -23.68122314438863 234.3403406411688 0
    vertex -22.19933484381274 235.0216690655062 0
  endloop
endfacet
facet normal 0 0 -1
  outer loop
    vertex -8.112363097199834 225.1449071350738 0
    vertex -6.593938555984374 226.5043288142702 0
    vertex -6.622439209831674 224.704879469917 0
  endloop
endfacet
facet normal 0 0 -1
  outer loop
    vertex 27.1004365779477 236.9577032444016 0
    vertex 28 238.3094 0
    vertex 29.10776842314266 236.9905991449783 0
  endloop
endfacet
facet normal 0 0 -1
  outer loop
    vertex 28.14983047523766 235.7187234553329 0
    vertex 27.1004365779477 236.9577032444016 0
    vertex 29.10776842314266 236.9905991449783 0
  endloop
endfacet
facet normal 0 0 -1
  outer loop
    vertex -50 229.2594 0
    vertex -50 231.0094 0
    vertex -48.74022185094839 229.767658786134 0
  endloop
endfacet
facet normal 0 0 -1
  outer loop
    vertex -6 238.3094 0
    vertex -4 238.3094 0
    vertex -5.163829414393572 236.8157780639728 0
  endloop
endfacet
facet normal 0 0 -1
  outer loop
    vertex 40 238.3094 0
    vertex 42 238.3094 0
    vertex 41.19019670084374 236.7742395774897 0
  endloop
endfacet
facet normal 0 0 -1
  outer loop
    vertex -33.43775863086001 232.1134750837257 0
    vertex -34.00007516412535 230.2904896569009 0
    vertex -34.78754755819043 231.4738229550702 0
  endloop
endfacet
facet normal 0 0 -1
  outer loop
    vertex 48.45994974824107 231.9348228097345 0
    vertex 50 231.0094 0
    vertex 48.58250869258185 230.3042330362645 0
  endloop
endfacet
facet normal 0 0 -1
  outer loop
    vertex -46.98961326825271 235.1971771860448 0
    vertex -45.5697011552064 236.5213661282874 0
    vertex -45.56675517523279 234.5999117835107 0
  endloop
endfacet
facet normal 0 0 -1
  outer loop
    vertex -17.35769553832685 223.3926164122745 0
    vertex -19.62491628756771 223.4267045799508 0
    vertex -18.56597112308497 224.6280284389095 0
  endloop
endfacet
facet normal 0 0 -1
  outer loop
    vertex -26 238.3094 0
    vertex -24 238.3094 0
    vertex -25.22598335420561 236.7500158833096 0
  endloop
endfacet
facet normal 0 0 -1
  outer loop
    vertex 26 238.3094 0
    vertex 28 238.3094 0
    vertex 27.1004365779477 236.9577032444016 0
  endloop
endfacet
facet normal 0 0 -1
  outer loop
    vertex 14.33902610608157 224.2016755096626 0
    vertex 16.19893606307338 224.6261878202992 0
    vertex 15.47971820521226 223.1504533179339 0
  endloop
endfacet
facet normal 0 0 -1
  outer loop
    vertex 21.90535712170908 226.559763223021 0
    vertex 21.0461619278918 224.8497172706576 0
    vertex 20.33186989884605 226.0802287859541 0
  endloop
endfacet
facet normal 0 -0 -1
  outer loop
    vertex 30.00974043222952 223.3790271620505 0
    vertex 30.36558061124933 221.7094 0
    vertex 29.2276084364896 222.5040759894194 0
  endloop
endfacet
facet normal 0 0 -1
  outer loop
    vertex 0.9795348584275416 221.7094 0
    vertex -0.9795348584272432 221.7094 0
    vertex 1.472035620839668e-13 223.0380255452882 0
  endloop
endfacet
facet normal 0 0 -1
  outer loop
    vertex 5.771682116920747 223.4612037695563 0
    vertex 5.768851062996808 225.6903459997596 0
    vertex 7.120204391522419 224.7182764546994 0
  endloop
endfacet
facet normal 0 0 -1
  outer loop
    vertex 28 238.3094 0
    vertex 30 238.3094 0
    vertex 29.10776842314266 236.9905991449783 0
  endloop
endfacet
facet normal 0 0 -1
  outer loop
    vertex 11.42742277562624 223.2081010399872 0
    vertex 12.43661952980804 224.3442411736584 0
    vertex 13.45606296398216 223.069207115117 0
  endloop
endfacet
facet normal 0 -0 -1
  outer loop
    vertex 18 238.3094 0
    vertex 19.11589221041966 236.865846423483 0
    vertex 17.54734381272953 236.9691415276141 0
  endloop
endfacet
facet normal 0 0 -1
  outer loop
    vertex -25.22598335420561 236.7500158833096 0
    vertex -23.03739917460838 236.7534530220807 0
    vertex -24.0178237071599 235.6650723716477 0
  endloop
endfacet
facet normal 0 -0 -1
  outer loop
    vertex 6 238.3094 0
    vertex 6.999999999999997 236.5773491924311 0
    vertex 5.295990214827813 236.7740060322786 0
  endloop
endfacet
facet normal 0 0 -1
  outer loop
    vertex -10.77488344270117 221.7094 0
    vertex -12.73395315955595 221.7094 0
    vertex -11.87459339673722 223.0583970572928 0
  endloop
endfacet
facet normal 0 0 -1
  outer loop
    vertex 7.870751899517272 223.3027532832194 0
    vertex 5.771682116920747 223.4612037695563 0
    vertex 7.120204391522419 224.7182764546994 0
  endloop
endfacet
facet normal -0 0 -1
  outer loop
    vertex 28.14983047523766 235.7187234553329 0
    vertex 26.24742389896413 235.5761577913371 0
    vertex 27.1004365779477 236.9577032444016 0
  endloop
endfacet
facet normal 0 -0 -1
  outer loop
    vertex 20.52861653070609 227.3265183755413 0
    vertex 21.90535712170908 226.559763223021 0
    vertex 20.33186989884605 226.0802287859541 0
  endloop
endfacet
facet normal 0 -0 -1
  outer loop
    vertex -26 238.3094 0
    vertex -25.22598335420561 236.7500158833096 0
    vertex -27.06856584006605 237.2339739556515 0
  endloop
endfacet
facet normal 0 0 -1
  outer loop
    vertex 10.77488344270147 221.7094 0
    vertex 9.740273694602575 223.3742066402036 0
    vertex 11.42742277562624 223.2081010399872 0
  endloop
endfacet
facet normal -0 0 -1
  outer loop
    vertex -20.18927079496921 231.5376503151496 0
    vertex -21.55589191925322 231.2230522696032 0
    vertex -21.12757203411829 232.4880366407965 0
  endloop
endfacet
facet normal 0 0 -1
  outer loop
    vertex 19.97641946415972 228.6973466953923 0
    vertex 21.34304058844373 228.3827486498458 0
    vertex 20.52861653070609 227.3265183755413 0
  endloop
endfacet
facet normal 0 -0 -1
  outer loop
    vertex 50 229.2594 0
    vertex 50 227.5094 0
    vertex 48.76748788708403 228.2963176665914 0
  endloop
endfacet
facet normal 0 0 -1
  outer loop
    vertex 36.70513605474388 222.8948411307246 0
    vertex 36.24278976181368 221.7094 0
    vertex 35.31962801295561 222.8228002598014 0
  endloop
endfacet
facet normal 0 -0 -1
  outer loop
    vertex -18.55228548683925 226.2306742898882 0
    vertex -17.06075350712835 225.0412172274017 0
    vertex -18.56597112308497 224.6280284389095 0
  endloop
endfacet
facet normal -0 0 -1
  outer loop
    vertex 30.66688973904835 236.909063209477 0
    vertex 30.00974043222947 235.2942111446963 0
    vertex 29.10776842314266 236.9905991449783 0
  endloop
endfacet
facet normal 0 -0 -1
  outer loop
    vertex -10 238.3094 0
    vertex -8.841632726466363 236.9135145024646 0
    vertex -10.19320018714302 236.9361685013047 0
  endloop
endfacet
facet normal 0 0 -1
  outer loop
    vertex -22.52930174382988 221.7094 0
    vertex -24.48837146068466 221.7094 0
    vertex -23.5088366022573 222.8439480997436 0
  endloop
endfacet
facet normal 0 0 -1
  outer loop
    vertex -48.65442516805227 224.8270918707374 0
    vertex -50 225.7594 0
    vertex -48.89084269942229 226.7733332741365 0
  endloop
endfacet
facet normal 0 0 -1
  outer loop
    vertex -11.87459339673722 223.0583970572928 0
    vertex -12.73395315955595 221.7094 0
    vertex -13.85970790125892 222.9161087796845 0
  endloop
endfacet
facet normal 0 0 -1
  outer loop
    vertex -0.9795348584272432 221.7094 0
    vertex -1.791227579738931 223.0084420608061 0
    vertex 1.472035620839668e-13 223.0380255452882 0
  endloop
endfacet
facet normal 0 0 -1
  outer loop
    vertex -17.06075350712835 225.0412172274017 0
    vertex -17.35769553832685 223.3926164122745 0
    vertex -18.56597112308497 224.6280284389095 0
  endloop
endfacet
facet normal 0 0 -1
  outer loop
    vertex 28.40651089439454 221.7094 0
    vertex 28.14983047523771 222.9545148514138 0
    vertex 29.2276084364896 222.5040759894194 0
  endloop
endfacet
facet normal -0 0 -1
  outer loop
    vertex 9.740273694602575 223.3742066402036 0
    vertex 7.870751899517272 223.3027532832194 0
    vertex 8.775959796319528 224.7093260179429 0
  endloop
endfacet
facet normal 0 0 -1
  outer loop
    vertex -21.55589191925322 227.4501860371436 0
    vertex -19.62695426170385 227.8069238812697 0
    vertex -20.44388766783186 226.5646893501882 0
  endloop
endfacet
facet normal -0 0 -1
  outer loop
    vertex -47.70854208029611 226.2919237381314 0
    vertex -48.65442516805227 224.8270918707374 0
    vertex -48.89084269942229 226.7733332741365 0
  endloop
endfacet
facet normal 0 0 -1
  outer loop
    vertex 17.85108823902431 235.5875012994175 0
    vertex 16.19893606307334 236.541371802945 0
    vertex 17.54734381272953 236.9691415276141 0
  endloop
endfacet
facet normal 0 0 -1
  outer loop
    vertex 47.56313269068105 225.6012183854062 0
    vertex 47.7826439681075 227.2630123407873 0
    vertex 48.74193160637439 226.290902275521 0
  endloop
endfacet
facet normal 0 0 -1
  outer loop
    vertex 40.61299067330322 235.1825395826152 0
    vertex 41.19019670084374 236.7742395774897 0
    vertex 42.05710821574196 235.4768776400486 0
  endloop
endfacet
facet normal 0 0 -1
  outer loop
    vertex 30.36558061124933 221.7094 0
    vertex 30.00974043222952 223.3790271620505 0
    vertex 31.56964409820044 222.9405172739518 0
  endloop
endfacet
facet normal 0 0 -1
  outer loop
    vertex -28.92356056879326 237.082330439615 0
    vertex -28 238.3094 0
    vertex -27.06856584006605 237.2339739556515 0
  endloop
endfacet
facet normal 0 0 -1
  outer loop
    vertex -9.870418775232491 235.5875012994175 0
    vertex -8.841632726466363 236.9135145024646 0
    vertex -7.968410831384289 235.5030433103878 0
  endloop
endfacet
facet normal 0 0 -1
  outer loop
    vertex -34 238.3094 0
    vertex -32 238.3094 0
    vertex -33.10405473858012 237.0274523396137 0
  endloop
endfacet
facet normal 0 0 -1
  outer loop
    vertex -30 238.3094 0
    vertex -28 238.3094 0
    vertex -28.92356056879326 237.082330439615 0
  endloop
endfacet
facet normal 0 0 -1
  outer loop
    vertex -50 229.2594 0
    vertex -48.74022185094839 229.767658786134 0
    vertex -49.054034189394 228.3256879934498 0
  endloop
endfacet
facet normal 0 0 -1
  outer loop
    vertex -14.69302287641074 221.7094 0
    vertex -16.65209259326553 221.7094 0
    vertex -15.54023730208704 222.7881367857673 0
  endloop
endfacet
facet normal -0 0 -1
  outer loop
    vertex -6.3482955056264 235.2873195022316 0
    vertex -7.197458215382972 233.7926537017464 0
    vertex -7.968410831384289 235.5030433103878 0
  endloop
endfacet
facet normal 0 0 -1
  outer loop
    vertex 33.4863565112388 223.5718615421304 0
    vertex 32.95948603190693 225.7313707817662 0
    vertex 34.253797865979 225.0998591214422 0
  endloop
endfacet
facet normal 0 -0 -1
  outer loop
    vertex -34 238.3094 0
    vertex -33.10405473858012 237.0274523396137 0
    vertex -35 237.257275045648 0
  endloop
endfacet
facet normal 0 0 -1
  outer loop
    vertex 21.06322090129879 233.9289258233135 0
    vertex 19.14868166275078 234.1890281832293 0
    vertex 20.0854715194974 235.4083957753733 0
  endloop
endfacet
facet normal 0 0 -1
  outer loop
    vertex -14.69302287641074 221.7094 0
    vertex -15.54023730208704 222.7881367857673 0
    vertex -13.85970790125892 222.9161087796845 0
  endloop
endfacet
facet normal 0 0 -1
  outer loop
    vertex 12.43661952980804 224.3442411736584 0
    vertex 14.33902610608157 224.2016755096626 0
    vertex 13.45606296398216 223.069207115117 0
  endloop
endfacet
facet normal 0 -0 -1
  outer loop
    vertex -46.43312076035313 233.4685358305123 0
    vertex -46.08278203301492 231.6068242808704 0
    vertex -47.25305823469292 232.2499134044633 0
  endloop
endfacet
facet normal 0 -0 -1
  outer loop
    vertex -20.28168595332869 234.996319261707 0
    vertex -19.62695426170388 233.3606357419744 0
    vertex -21.06511312583469 233.777437141464 0
  endloop
endfacet
facet normal 0 0 -1
  outer loop
    vertex -41.96739528581427 235.273900470408 0
    vertex -43.53431680423483 236.3666882395649 0
    vertex -42.23697698103171 236.9171372410518 0
  endloop
endfacet
facet normal 0 0 -1
  outer loop
    vertex 24.48837146068496 221.7094 0
    vertex 22.52930174383019 221.7094 0
    vertex 23.29383969133045 223.009050969572 0
  endloop
endfacet
facet normal 0 0 -1
  outer loop
    vertex 46.91965673368838 224.0534189656393 0
    vertex 48.55441125946423 224.4308882218619 0
    vertex 47.96385071466177 223.2548999986846 0
  endloop
endfacet
facet normal 0 0 -1
  outer loop
    vertex -28 238.3094 0
    vertex -26 238.3094 0
    vertex -27.06856584006605 237.2339739556515 0
  endloop
endfacet
facet normal 0 0 -1
  outer loop
    vertex 8.094552752552943 227.8069238812697 0
    vertex 7.527115461478912 226.1826100556392 0
    vertex 6.69276619808025 227.7121593664804 0
  endloop
endfacet
facet normal 0 0 -1
  outer loop
    vertex -9.870418775232491 235.5875012994175 0
    vertex -11.52257095118346 236.541371802945 0
    vertex -10.19320018714302 236.9361685013047 0
  endloop
endfacet
facet normal 0 0 -1
  outer loop
    vertex -12.73395315955595 221.7094 0
    vertex -14.69302287641074 221.7094 0
    vertex -13.85970790125892 222.9161087796845 0
  endloop
endfacet
facet normal 0 0 -1
  outer loop
    vertex -36 238.3094 0
    vertex -34 238.3094 0
    vertex -35 237.257275045648 0
  endloop
endfacet
facet normal 0 0 -1
  outer loop
    vertex 4.897674292137111 221.7094 0
    vertex 2.938604575282326 221.7094 0
    vertex 3.926779014243409 222.8090822802434 0
  endloop
endfacet
facet normal 0 0 -1
  outer loop
    vertex -7.197458215382972 233.7926537017464 0
    vertex -8.572825351506019 234.1890281832293 0
    vertex -7.968410831384289 235.5030433103878 0
  endloop
endfacet
facet normal 0 -0 -1
  outer loop
    vertex 12 238.3094 0
    vertex 12.43661952980799 236.8233184495858 0
    vertex 11.26276386867936 237.3592562846844 0
  endloop
endfacet
facet normal 0 0 -1
  outer loop
    vertex -23.68122314438863 234.3403406411688 0
    vertex -25.3333753203396 235.2942111446963 0
    vertex -24.0178237071599 235.6650723716477 0
  endloop
endfacet
facet normal 0 0 -1
  outer loop
    vertex -50 225.7594 0
    vertex -50 227.5094 0
    vertex -48.89084269942229 226.7733332741365 0
  endloop
endfacet
facet normal 0 0 -1
  outer loop
    vertex 19.11589221041966 236.865846423483 0
    vertex 21.10881311151007 236.7246342623381 0
    vertex 20.0854715194974 235.4083957753733 0
  endloop
endfacet
facet normal 0 0 -1
  outer loop
    vertex -50 227.5094 0
    vertex -50 229.2594 0
    vertex -49.054034189394 228.3256879934498 0
  endloop
endfacet
facet normal 0 0 -1
  outer loop
    vertex -36.09650025632062 230.8708766201549 0
    vertex -35.61585618145573 232.6204504594994 0
    vertex -34.78754755819043 231.4738229550702 0
  endloop
endfacet
facet normal -0 0 -1
  outer loop
    vertex -40.7798224472353 236.7503732617544 0
    vertex -41.96739528581427 235.273900470408 0
    vertex -42.23697698103171 236.9171372410518 0
  endloop
endfacet
facet normal 0 -0 -1
  outer loop
    vertex 34 238.3094 0
    vertex 35.1134028241634 236.5421934304196 0
    vertex 33.48691376004537 236.8810889424534 0
  endloop
endfacet
facet normal 0 0 -1
  outer loop
    vertex 33.78722383331585 231.2230522696032 0
    vertex 34.8591285067695 232.9028581244278 0
    vertex 35.23478327125551 231.4399394071787 0
  endloop
endfacet
facet normal -0 0 -1
  outer loop
    vertex 19.11589221041966 236.865846423483 0
    vertex 17.85108823902431 235.5875012994175 0
    vertex 17.54734381272953 236.9691415276141 0
  endloop
endfacet
facet normal 0 -0 -1
  outer loop
    vertex 48.55441125946423 224.4308882218619 0
    vertex 49 222.8594 0
    vertex 47.96385071466177 223.2548999986846 0
  endloop
endfacet
facet normal 0 0 -1
  outer loop
    vertex -48.89084269942229 226.7733332741365 0
    vertex -50 227.5094 0
    vertex -49.054034189394 228.3256879934498 0
  endloop
endfacet
facet normal 0 0 -1
  outer loop
    vertex -5.087022244025112 225.042868900785 0
    vertex -5.767060543021914 223.3559296162677 0
    vertex -6.622439209831674 224.704879469917 0
  endloop
endfacet
facet normal 0 0 -1
  outer loop
    vertex -46.43312076035313 233.4685358305123 0
    vertex -46.98961326825271 235.1971771860448 0
    vertex -45.56675517523279 234.5999117835107 0
  endloop
endfacet
facet normal 0 0 -1
  outer loop
    vertex 47.0783967015163 222.6608008768288 0
    vertex 46.91965673368838 224.0534189656393 0
    vertex 47.96385071466177 223.2548999986846 0
  endloop
endfacet
facet normal 0 0 -1
  outer loop
    vertex -22.38362972066215 232.9418675249806 0
    vertex -22.19933484381274 235.0216690655062 0
    vertex -21.06511312583469 233.777437141464 0
  endloop
endfacet
facet normal -0 0 -1
  outer loop
    vertex -19.62695426170388 233.3606357419744 0
    vertex -21.12757203411829 232.4880366407965 0
    vertex -21.06511312583469 233.777437141464 0
  endloop
endfacet
facet normal 0 -0 -1
  outer loop
    vertex 43.00000000000001 236.7925520472137 0
    vertex 43.62933180928215 234.9893536361446 0
    vertex 42.05710821574196 235.4768776400486 0
  endloop
endfacet
facet normal 0 -0 -1
  outer loop
    vertex -33.99122965085295 224.5888074119406 0
    vertex -33.02724592823274 223.2964413870532 0
    vertex -34.44168427354138 223.1451976767257 0
  endloop
endfacet
facet normal -0 0 -1
  outer loop
    vertex 8.775959796319528 224.7093260179429 0
    vertex 7.870751899517272 223.3027532832194 0
    vertex 7.120204391522419 224.7182764546994 0
  endloop
endfacet
facet normal 0 0 -1
  outer loop
    vertex 5.768851062996808 225.6903459997596 0
    vertex 7.527115461478912 226.1826100556392 0
    vertex 7.120204391522419 224.7182764546994 0
  endloop
endfacet
facet normal 0 0 -1
  outer loop
    vertex -21.12757203411829 232.4880366407965 0
    vertex -22.38362972066215 232.9418675249806 0
    vertex -21.06511312583469 233.777437141464 0
  endloop
endfacet
facet normal 0 0 -1
  outer loop
    vertex -34.28372004495859 221.7094 0
    vertex -35.60038555076881 222.8062100612643 0
    vertex -34.44168427354138 223.1451976767257 0
  endloop
endfacet
facet normal 0 -0 -1
  outer loop
    vertex 30 238.3094 0
    vertex 30.66688973904835 236.909063209477 0
    vertex 29.10776842314266 236.9905991449783 0
  endloop
endfacet
facet normal 0 0 -1
  outer loop
    vertex -25.3333753203396 235.2942111446963 0
    vertex -25.22598335420561 236.7500158833096 0
    vertex -24.0178237071599 235.6650723716477 0
  endloop
endfacet
facet normal 0 0 -1
  outer loop
    vertex 22.52930174383019 221.7094 0
    vertex 21.72885259544152 223.231144756573 0
    vertex 23.29383969133045 223.009050969572 0
  endloop
endfacet
facet normal 0 0 -1
  outer loop
    vertex 21.0461619278918 224.8497172706576 0
    vertex 19.3295054465912 225.0035428198394 0
    vertex 20.33186989884605 226.0802287859541 0
  endloop
endfacet
facet normal -0 0 -1
  outer loop
    vertex -8.841632726466363 236.9135145024646 0
    vertex -9.870418775232491 235.5875012994175 0
    vertex -10.19320018714302 236.9361685013047 0
  endloop
endfacet
facet normal 0 0 -1
  outer loop
    vertex -8.841632726466363 236.9135145024646 0
    vertex -7.017766565038379 236.8355739036774 0
    vertex -7.968410831384289 235.5030433103878 0
  endloop
endfacet
facet normal 0 0 -1
  outer loop
    vertex -5.766200754575477 233.7768559303524 0
    vertex -7.197458215382972 233.7926537017464 0
    vertex -6.3482955056264 235.2873195022316 0
  endloop
endfacet
facet normal 0 0 -1
  outer loop
    vertex -22.19933484381274 235.0216690655062 0
    vertex -20.28168595332869 234.996319261707 0
    vertex -21.06511312583469 233.777437141464 0
  endloop
endfacet
facet normal 0 -0 -1
  outer loop
    vertex -7.017766565038379 236.8355739036774 0
    vertex -6.3482955056264 235.2873195022316 0
    vertex -7.968410831384289 235.5030433103878 0
  endloop
endfacet
facet normal 0 0 -1
  outer loop
    vertex 19.14868166275079 226.9785314400149 0
    vertex 20.52861653070609 227.3265183755413 0
    vertex 20.33186989884605 226.0802287859541 0
  endloop
endfacet
facet normal 0 0 -1
  outer loop
    vertex 20.26075350712841 230.5837798116221 0
    vertex 21.90535712170906 232.1134750837257 0
    vertex 21.34304058844372 230.2904896569009 0
  endloop
endfacet
facet normal 0 0 -1
  outer loop
    vertex 20.26075350712841 230.5837798116221 0
    vertex 19.97641946415971 232.4702129278519 0
    vertex 21.90535712170906 232.1134750837257 0
  endloop
endfacet
facet normal 0 0 -1
  outer loop
    vertex 19.97641946415972 228.6973466953923 0
    vertex 20.26075350712841 230.5837798116221 0
    vertex 21.34304058844372 230.2904896569009 0
  endloop
endfacet
facet normal 0 -0 -1
  outer loop
    vertex 7.532236219287586 231.5376503151496 0
    vertex 7.532236219287594 229.6299093080945 0
    vertex 6.400000000000015 231 0
  endloop
endfacet
facet normal -0 0 -1
  outer loop
    vertex 7.532236219287594 229.6299093080945 0
    vertex 6.115665957031315 229.1135668837702 0
    vertex 6.400000000000015 231 0
  endloop
endfacet
facet normal 0 -0 -1
  outer loop
    vertex -6.328517287840812 231.9538705035275 0
    vertex -6.328517287840804 230.0461294964724 0
    vertex -7.460753507128384 230.5837798116221 0
  endloop
endfacet
facet normal 0 0 -1
  outer loop
    vertex -7.745087550097084 232.4702129278519 0
    vertex -6.328517287840812 231.9538705035275 0
    vertex -7.460753507128384 230.5837798116221 0
  endloop
endfacet
facet normal 0 -0 -1
  outer loop
    vertex -20.1892707949692 229.6299093080945 0
    vertex -19.62695426170385 227.8069238812697 0
    vertex -21.27155787628452 229.3366191533734 0
  endloop
endfacet
facet normal 0 0 -1
  outer loop
    vertex -21.55589191925322 231.2230522696032 0
    vertex -20.1892707949692 229.6299093080945 0
    vertex -21.27155787628452 229.3366191533734 0
  endloop
endfacet
facet normal -0 0 -1
  outer loop
    vertex -19.62695426170385 227.8069238812697 0
    vertex -21.55589191925322 227.4501860371436 0
    vertex -21.27155787628452 229.3366191533734 0
  endloop
endfacet
facet normal 0 0 -1
  outer loop
    vertex -38.20185947866816 221.7094000000001 0
    vertex -36.86893114242527 222.7257889026842 0
    vertex -36.24278976181338 221.7094 0
  endloop
endfacet
facet normal 0 0 -1
  outer loop
    vertex 19.97641946415972 228.6973466953923 0
    vertex 21.34304058844372 230.2904896569009 0
    vertex 21.34304058844373 228.3827486498458 0
  endloop
endfacet
facet normal 0 0 -1
  outer loop
    vertex 26.24742389896418 223.0970805154097 0
    vertex 28.14983047523771 222.9545148514138 0
    vertex 26.44744117753976 221.7094 0
  endloop
endfacet
facet normal 0 -0 -1
  outer loop
    vertex 26.24742389896418 223.0970805154097 0
    vertex 26.44744117753976 221.7094 0
    vertex 24.48837146068496 221.7094 0
  endloop
endfacet
facet normal 0 0 -1
  outer loop
    vertex 26.44744117753976 221.7094 0
    vertex 28.14983047523771 222.9545148514138 0
    vertex 28.40651089439454 221.7094 0
  endloop
endfacet
facet normal -0 0 -1
  outer loop
    vertex 14.33902610608152 236.9658841135816 0
    vertex 12.43661952980799 236.8233184495858 0
    vertex 14 238.3094 0
  endloop
endfacet
facet normal 0 0 -1
  outer loop
    vertex 14.33902610608152 236.9658841135816 0
    vertex 14 238.3094 0
    vertex 16 238.3094 0
  endloop
endfacet
facet normal 0 0 -1
  outer loop
    vertex 12.43661952980799 236.8233184495858 0
    vertex 12 238.3094 0
    vertex 14 238.3094 0
  endloop
endfacet
facet normal 0 0 -1
  outer loop
    vertex 2.338182555944938 236.9575919913229 0
    vertex 0.4782725989531232 237.3821043019595 0
    vertex 2 238.3094 0
  endloop
endfacet
facet normal -0 0 -1
  outer loop
    vertex 0.4782725989531232 237.3821043019595 0
    vertex -1.424133977320409 237.2395386379637 0
    vertex 0 238.3094 0
  endloop
endfacet
facet normal 0 0 -1
  outer loop
    vertex 0.4782725989531232 237.3821043019595 0
    vertex 0 238.3094 0
    vertex 2 238.3094 0
  endloop
endfacet
facet normal -0 0 -1
  outer loop
    vertex -1.424133977320409 237.2395386379637 0
    vertex -3.199999999999999 236.5425625842204 0
    vertex -2 238.3094 0
  endloop
endfacet
facet normal 0 0 -1
  outer loop
    vertex -1.424133977320409 237.2395386379637 0
    vertex -2 238.3094 0
    vertex 0 238.3094 0
  endloop
endfacet
facet normal 0 -0 -1
  outer loop
    vertex -20.18927079496921 231.5376503151496 0
    vertex -20.1892707949692 229.6299093080945 0
    vertex -21.55589191925322 231.2230522696032 0
  endloop
endfacet
facet normal 0 0 1
  outer loop
    vertex 16.29057476631892 234.6625653987283 7.1
    vertex 16.73491501531438 232.4580873966117 7.1
    vertex 18.26956920011051 233.6453800825614 7.1
  endloop
endfacet
facet normal 0 0 1
  outer loop
    vertex 46.01451206304082 231.6221641370824 7.1
    vertex 48.0894021478689 231.8642050148791 7.1
    vertex 46.64124690075467 233.2934783460705 7.1
  endloop
endfacet
facet normal 0 0 1
  outer loop
    vertex 33.6502525543692 225.250659977324 7.1
    vertex 33.11698408962649 227.4622049988115 7.1
    vertex 31.68450186576485 226.2295301417535 7.1
  endloop
endfacet
facet normal 0 0 1
  outer loop
    vertex -23.74160714665461 234.649843116686 7.1
    vertex -23.41335860110336 232.4040064371418 7.1
    vertex -21.84016450700834 233.5575655986452 7.1
  endloop
endfacet
facet normal 0 -0 1
  outer loop
    vertex -37.45706896660117 234.4622308773951 7.1
    vertex -37.27090891874659 236.4558370279977 7.1
    vertex -39.43929346462498 235.2751217971939 7.1
  endloop
endfacet
facet normal 0 0 1
  outer loop
    vertex -37.27090891874659 236.4558370279977 7.1
    vertex -39.10991698091048 237.0267827520782 7.1
    vertex -39.43929346462498 235.2751217971939 7.1
  endloop
endfacet
facet normal 0 -0 1
  outer loop
    vertex 22.97581075560524 223.6190604629505 7.1
    vertex 24.64171104943298 224.9009308000429 7.1
    vertex 22.86452358138504 225.8877048157358 7.1
  endloop
endfacet
facet normal 0 0 1
  outer loop
    vertex -16 221.7094 7.1
    vertex -17.10338405362106 223.7562750698488 7.1
    vertex -18 221.7094 7.1
  endloop
endfacet
facet normal 0 0 1
  outer loop
    vertex 48.45235950922377 226.4521769681321 7.1
    vertex 48.55285467017918 224.534693564899 7.1
    vertex 50 225.7594 7.1
  endloop
endfacet
facet normal 0 0 1
  outer loop
    vertex 22.86452358138504 225.8877048157358 7.1
    vertex 21.23586048284329 224.9270343655442 7.1
    vertex 22.97581075560524 223.6190604629505 7.1
  endloop
endfacet
facet normal -0 0 1
  outer loop
    vertex 40.98976078072667 223.5465605739954 7.1
    vertex 42.9386444682973 223.4914204385959 7.1
    vertex 41.93076005935664 225.5791345526768 7.1
  endloop
endfacet
facet normal 0 0 1
  outer loop
    vertex 28 221.7094 7.1
    vertex 27.77185594747927 224.2370559079397 7.1
    vertex 26.26851476260993 223.6059349470698 7.1
  endloop
endfacet
facet normal 0 0 1
  outer loop
    vertex 28 221.7094 7.1
    vertex 26.26851476260993 223.6059349470698 7.1
    vertex 26 221.7094 7.1
  endloop
endfacet
facet normal 0 -0 1
  outer loop
    vertex -46.90303448853972 235.2546994616208 7.1
    vertex -45 236.6470287751889 7.1
    vertex -47.33333333333334 237.0427333333333 7.1
  endloop
endfacet
facet normal -0 0 1
  outer loop
    vertex 24.46223016820248 227.0729288566379 7.1
    vertex 26.40636633402524 225.8682192583782 7.1
    vertex 26.01747867822379 228.4929829926728 7.1
  endloop
endfacet
facet normal 0 -0 1
  outer loop
    vertex 26.40636633402524 225.8682192583782 7.1
    vertex 27.91017685903228 227.5767699484371 7.1
    vertex 26.01747867822379 228.4929829926728 7.1
  endloop
endfacet
facet normal -0 0 1
  outer loop
    vertex -39.03425709038925 223.3423333994947 7.1
    vertex -37 223.0690351775137 7.1
    vertex -38.21772470728254 225.1562077415026 7.1
  endloop
endfacet
facet normal 0 0 1
  outer loop
    vertex 47.33333333333334 237.0427333333333 7.1
    vertex 45.11754677806665 236.5399884379277 7.1
    vertex 46.86215595937331 235.1689070064305 7.1
  endloop
endfacet
facet normal -0 0 1
  outer loop
    vertex -35 236.5773491924311 7.1
    vertex -32.69293871435469 236.3290209234258 7.1
    vertex -34 238.3094 7.1
  endloop
endfacet
facet normal 0 0 1
  outer loop
    vertex -45.31286573358985 234.9274544456141 7.1
    vertex -46.35755749291705 233.6266169472892 7.1
    vertex -44.35556949305442 233.5241088909193 7.1
  endloop
endfacet
facet normal 0 0 1
  outer loop
    vertex -12.99067602918719 223.4377259365097 7.1
    vertex -11.04561019600954 223.4533230334785 7.1
    vertex -12.10480118128102 225.4256994828605 7.1
  endloop
endfacet
facet normal 0 -0 1
  outer loop
    vertex 21.9335765355461 234.1002443091892 7.1
    vertex 23.23488229733529 235.6192524272647 7.1
    vertex 21.25488215760917 236.4628378066484 7.1
  endloop
endfacet
facet normal 0 0 1
  outer loop
    vertex -44.35556949305442 233.5241088909193 7.1
    vertex -46.35755749291705 233.6266169472892 7.1
    vertex -45.85915367267559 232.0830630607164 7.1
  endloop
endfacet
facet normal 0 0 1
  outer loop
    vertex 31.68450186576485 226.2295301417535 7.1
    vertex 31.93370739108406 224.6635347315577 7.1
    vertex 33.6502525543692 225.250659977324 7.1
  endloop
endfacet
facet normal 0 0 1
  outer loop
    vertex -43.30568393914837 225.9196027478313 7.1
    vertex -44.81211183578534 224.9983389841204 7.1
    vertex -43.01053096395387 223.6453562423638 7.1
  endloop
endfacet
facet normal 0 0 1
  outer loop
    vertex 48.45235950922377 226.4521769681321 7.1
    vertex 46.98184983472647 225.4547020434621 7.1
    vertex 48.55285467017918 224.534693564899 7.1
  endloop
endfacet
facet normal 0 0 1
  outer loop
    vertex -38.21772470728254 225.1562077415026 7.1
    vertex -37 223.0690351775137 7.1
    vertex -35.9338729773992 224.7691948708079 7.1
  endloop
endfacet
facet normal -0 0 1
  outer loop
    vertex 46.64124690075467 233.2934783460705 7.1
    vertex 48.0894021478689 231.8642050148791 7.1
    vertex 48.42760197096598 233.9047832886208 7.1
  endloop
endfacet
facet normal -0 0 1
  outer loop
    vertex 22.63041123877218 228.0358789486469 7.1
    vertex 24.46223016820248 227.0729288566379 7.1
    vertex 24.21289012737563 229.2518563243509 7.1
  endloop
endfacet
facet normal 0 0 1
  outer loop
    vertex 18.26956920011051 233.6453800825614 7.1
    vertex 18.06496457540524 235.2773319806348 7.1
    vertex 16.29057476631892 234.6625653987283 7.1
  endloop
endfacet
facet normal 0 0 1
  outer loop
    vertex 7.875403528002559 234.3774051119517 7.1
    vertex 10.03314834733421 234.8223388138638 7.1
    vertex 8.999999999999998 236.5773491924311 7.1
  endloop
endfacet
facet normal 0 0 1
  outer loop
    vertex -48.66666666666666 235.7760666666667 7.1
    vertex -48.48445554337723 233.6344 7.1
    vertex -46.90303448853972 235.2546994616208 7.1
  endloop
endfacet
facet normal 0 0 1
  outer loop
    vertex 3.89137749529495 234.8925195470159 7.1
    vertex 1.971565295644101 234.8487668756453 7.1
    vertex 2.940020709149475 232.9177846036604 7.1
  endloop
endfacet
facet normal -0 0 1
  outer loop
    vertex 19.76115469522628 234.8130850289432 7.1
    vertex 21.9335765355461 234.1002443091892 7.1
    vertex 21.25488215760917 236.4628378066484 7.1
  endloop
endfacet
facet normal 0 0 1
  outer loop
    vertex -14.91685702330501 223.5134185964404 7.1
    vertex -17.10338405362106 223.7562750698488 7.1
    vertex -16 221.7094 7.1
  endloop
endfacet
facet normal 0 -0 1
  outer loop
    vertex -43.01053096395387 223.6453562423638 7.1
    vertex -41.52456031429816 225.1709498448539 7.1
    vertex -43.30568393914837 225.9196027478313 7.1
  endloop
endfacet
facet normal 0 0 1
  outer loop
    vertex 12.00001020488638 234.8453042766562 7.1
    vertex 10.03314834733421 234.8223388138638 7.1
    vertex 11.36153159120927 232.9588588230309 7.1
  endloop
endfacet
facet normal -0 0 1
  outer loop
    vertex -25.31532357208735 233.1826080050519 7.1
    vertex -23.41335860110336 232.4040064371418 7.1
    vertex -23.74160714665461 234.649843116686 7.1
  endloop
endfacet
facet normal 0 0 1
  outer loop
    vertex 3.20113448767292 226.8913309787309 7.1
    vertex 1.022250236607834 226.7654105769116 7.1
    vertex 2.03347316774409 225.1262764940431 7.1
  endloop
endfacet
facet normal -0 0 1
  outer loop
    vertex 46.86215595937331 235.1689070064305 7.1
    vertex 48.42760197096598 233.9047832886208 7.1
    vertex 48.66666666666666 235.7760666666667 7.1
  endloop
endfacet
facet normal 0 0 1
  outer loop
    vertex 41.93076005935664 225.5791345526768 7.1
    vertex 39.78348566449959 225.2780874139574 7.1
    vertex 40.98976078072667 223.5465605739954 7.1
  endloop
endfacet
facet normal -0 0 1
  outer loop
    vertex -34 238.3094 7.1
    vertex -32.69293871435469 236.3290209234258 7.1
    vertex -32 238.3094 7.1
  endloop
endfacet
facet normal 0 0 1
  outer loop
    vertex -47.35820888163045 223.2851692632518 7.1
    vertex -48.57037552215125 224.6388651981239 7.1
    vertex -49 222.8594 7.1
  endloop
endfacet
facet normal 0 -0 1
  outer loop
    vertex -49 222.8594 7.1
    vertex -48.57037552215125 224.6388651981239 7.1
    vertex -50 224.0094 7.1
  endloop
endfacet
facet normal 0 0 1
  outer loop
    vertex 8.999999999999998 236.5773491924311 7.1
    vertex 6.930948097219234 236.5243114180099 7.1
    vertex 7.875403528002559 234.3774051119517 7.1
  endloop
endfacet
facet normal 0 0 1
  outer loop
    vertex -18.97008032751174 224.8617759254995 7.1
    vertex -20.75747493584315 225.6138338546723 7.1
    vertex -20.8343829031096 223.6087014613459 7.1
  endloop
endfacet
facet normal -0 0 1
  outer loop
    vertex 6 238.3094 7.1
    vertex 6.930948097219234 236.5243114180099 7.1
    vertex 8 238.3094 7.1
  endloop
endfacet
facet normal 0 0 1
  outer loop
    vertex 46 238.3094 7.1
    vertex 45.11754677806665 236.5399884379277 7.1
    vertex 47.33333333333334 237.0427333333333 7.1
  endloop
endfacet
facet normal 0 0 1
  outer loop
    vertex 49 222.8594 7.1
    vertex 47.01323455082968 223.4083622121392 7.1
    vertex 48 221.7094 7.1
  endloop
endfacet
facet normal 0 0 1
  outer loop
    vertex 46.98184983472647 225.4547020434621 7.1
    vertex 47.01323455082968 223.4083622121392 7.1
    vertex 48.55285467017918 224.534693564899 7.1
  endloop
endfacet
facet normal 0 0 1
  outer loop
    vertex 46.86215595937331 235.1689070064305 7.1
    vertex 45.11754677806665 236.5399884379277 7.1
    vertex 45.13614655648399 234.5826872047663 7.1
  endloop
endfacet
facet normal -0 0 1
  outer loop
    vertex 46.76828968750637 229.0180024679005 7.1
    vertex 48.40619713953434 228.2564233192318 7.1
    vertex 48.43163084003129 230.0232779235468 7.1
  endloop
endfacet
facet normal 0 0 1
  outer loop
    vertex 46.86215595937331 235.1689070064305 7.1
    vertex 46.64124690075467 233.2934783460705 7.1
    vertex 48.42760197096598 233.9047832886208 7.1
  endloop
endfacet
facet normal -0 0 1
  outer loop
    vertex -47.33333333333334 237.0427333333333 7.1
    vertex -45 236.6470287751889 7.1
    vertex -46 238.3094 7.1
  endloop
endfacet
facet normal 0 0 1
  outer loop
    vertex -11.7158626189975 234.8535037696439 7.1
    vertex -11.25480253249812 232.8105848971915 7.1
    vertex -9.732872914380826 233.9919227322518 7.1
  endloop
endfacet
facet normal 0 0 1
  outer loop
    vertex 27.56003589785981 229.685740765751 7.1
    vertex 27.91017685903228 227.5767699484371 7.1
    vertex 29.41259941953275 228.9413002080385 7.1
  endloop
endfacet
facet normal 0 -0 1
  outer loop
    vertex -46.83784698092151 224.899365960521 7.1
    vertex -46.31539775642834 226.1384062555679 7.1
    vertex -48.16618264245618 226.4311724404679 7.1
  endloop
endfacet
facet normal 0 0 1
  outer loop
    vertex -2.05377774440304 228.7937049748933 7.1
    vertex -2.996401029736126 226.7988018328659 7.1
    vertex -1.013391135606392 226.8756747678336 7.1
  endloop
endfacet
facet normal 0 0 1
  outer loop
    vertex 50 225.7594 7.1
    vertex 48.55285467017918 224.534693564899 7.1
    vertex 50 224.0094 7.1
  endloop
endfacet
facet normal 0 0 1
  outer loop
    vertex -48.16618264245618 226.4311724404679 7.1
    vertex -48.57037552215125 224.6388651981239 7.1
    vertex -46.83784698092151 224.899365960521 7.1
  endloop
endfacet
facet normal 0 0 1
  outer loop
    vertex -21.84016450700834 233.5575655986452 7.1
    vertex -21.96113124547747 235.2223746227084 7.1
    vertex -23.74160714665461 234.649843116686 7.1
  endloop
endfacet
facet normal 0 0 1
  outer loop
    vertex 16.29057476631892 234.6625653987283 7.1
    vertex 14.81905061022144 233.1344455338654 7.1
    vertex 16.73491501531438 232.4580873966117 7.1
  endloop
endfacet
facet normal 0 0 1
  outer loop
    vertex 10.03314834733421 234.8223388138638 7.1
    vertex 9.441264935372622 233.1807143672806 7.1
    vertex 11.36153159120927 232.9588588230309 7.1
  endloop
endfacet
facet normal 0 0 1
  outer loop
    vertex 45.07187165437919 229.976601465715 7.1
    vertex 46.99057735124655 230.4695430379106 7.1
    vertex 46.01451206304082 231.6221641370824 7.1
  endloop
endfacet
facet normal 0 -0 1
  outer loop
    vertex 42.9386444682973 223.4914204385959 7.1
    vertex 44.04620746399079 225.0510513777646 7.1
    vertex 41.93076005935664 225.5791345526768 7.1
  endloop
endfacet
facet normal 0 0 1
  outer loop
    vertex 38.49457115827152 227.0830934709479 7.1
    vertex 37.79339793238012 225.1055762788449 7.1
    vertex 39.78348566449959 225.2780874139574 7.1
  endloop
endfacet
facet normal 0 0 1
  outer loop
    vertex -17.10338405362106 223.7562750698488 7.1
    vertex -18.98156945684848 223.1291104913388 7.1
    vertex -18 221.7094 7.1
  endloop
endfacet
facet normal 0 -0 1
  outer loop
    vertex 46.76828968750637 229.0180024679005 7.1
    vertex 46.99057735124655 230.4695430379106 7.1
    vertex 45.07187165437919 229.976601465715 7.1
  endloop
endfacet
facet normal -0 0 1
  outer loop
    vertex 46.01451206304082 231.6221641370824 7.1
    vertex 46.99057735124655 230.4695430379106 7.1
    vertex 48.0894021478689 231.8642050148791 7.1
  endloop
endfacet
facet normal 0 0 1
  outer loop
    vertex 3.20113448767292 226.8913309787309 7.1
    vertex 1.947716677430314 228.053420599572 7.1
    vertex 1.022250236607834 226.7654105769116 7.1
  endloop
endfacet
facet normal 0 0 1
  outer loop
    vertex 24.21289012737563 229.2518563243509 7.1
    vertex 24.46223016820248 227.0729288566379 7.1
    vertex 26.01747867822379 228.4929829926728 7.1
  endloop
endfacet
facet normal 0 0 1
  outer loop
    vertex -6.036609762414005 234.6324438132966 7.1
    vertex -3.84392018369942 234.8108801150925 7.1
    vertex -5.000735814562981 236.5419787378734 7.1
  endloop
endfacet
facet normal 0 0 1
  outer loop
    vertex 29.18731730607236 223.5982945782885 7.1
    vertex 27.77185594747927 224.2370559079397 7.1
    vertex 28 221.7094 7.1
  endloop
endfacet
facet normal 0 -0 1
  outer loop
    vertex 46.78490280044461 227.2762825558113 7.1
    vertex 48.40619713953434 228.2564233192318 7.1
    vertex 46.76828968750637 229.0180024679005 7.1
  endloop
endfacet
facet normal 0 -0 1
  outer loop
    vertex -11.04561019600954 223.4533230334785 7.1
    vertex -9.891796791960134 225.0250370557983 7.1
    vertex -12.10480118128102 225.4256994828605 7.1
  endloop
endfacet
facet normal -0 0 1
  outer loop
    vertex 41.05541490939856 233.367376990985 7.1
    vertex 42.75798851146708 232.3545189102904 7.1
    vertex 43.3332004253155 233.9844107676804 7.1
  endloop
endfacet
facet normal 0 -0 1
  outer loop
    vertex 22.86452358138504 225.8877048157358 7.1
    vertex 24.46223016820248 227.0729288566379 7.1
    vertex 22.63041123877218 228.0358789486469 7.1
  endloop
endfacet
facet normal 0 0 1
  outer loop
    vertex 48.55285467017918 224.534693564899 7.1
    vertex 47.01323455082968 223.4083622121392 7.1
    vertex 49 222.8594 7.1
  endloop
endfacet
facet normal 0 0 1
  outer loop
    vertex 43.3332004253155 233.9844107676804 7.1
    vertex 41.95986098258729 235.1112069932955 7.1
    vertex 41.05541490939856 233.367376990985 7.1
  endloop
endfacet
facet normal -0 0 1
  outer loop
    vertex -20.8343829031096 223.6087014613459 7.1
    vertex -18.98156945684848 223.1291104913388 7.1
    vertex -18.97008032751174 224.8617759254995 7.1
  endloop
endfacet
facet normal -0 0 1
  outer loop
    vertex 36.20211847341193 234.8647582496259 7.1
    vertex 37.43782783071671 233.1118522173253 7.1
    vertex 38.02884282106583 234.8747532870796 7.1
  endloop
endfacet
facet normal 0 -0 1
  outer loop
    vertex 39.78348566449959 225.2780874139574 7.1
    vertex 40.38385229248198 226.8129099640429 7.1
    vertex 38.49457115827152 227.0830934709479 7.1
  endloop
endfacet
facet normal 0 0 1
  outer loop
    vertex -5.000735814562981 236.5419787378734 7.1
    vertex -6.951281035604996 236.643225981181 7.1
    vertex -6.036609762414005 234.6324438132966 7.1
  endloop
endfacet
facet normal 0 0 1
  outer loop
    vertex 2.940020709149475 232.9177846036604 7.1
    vertex 4.699966919954766 233.4441451093364 7.1
    vertex 3.89137749529495 234.8925195470159 7.1
  endloop
endfacet
facet normal 0 0 1
  outer loop
    vertex -35 236.5773491924311 7.1
    vertex -34.19348456505213 234.8721786990006 7.1
    vertex -32.69293871435469 236.3290209234258 7.1
  endloop
endfacet
facet normal -0 0 1
  outer loop
    vertex -46.90303448853972 235.2546994616208 7.1
    vertex -45.31286573358985 234.9274544456141 7.1
    vertex -45 236.6470287751889 7.1
  endloop
endfacet
facet normal 0 0 1
  outer loop
    vertex -9.732872914380826 233.9919227322518 7.1
    vertex -10.02611242255718 235.4921724175736 7.1
    vertex -11.7158626189975 234.8535037696439 7.1
  endloop
endfacet
facet normal -0 0 1
  outer loop
    vertex -3.84392018369942 234.8108801150925 7.1
    vertex -2.624178094815862 233.0688824349753 7.1
    vertex -1.999998088976443 234.8452983897967 7.1
  endloop
endfacet
facet normal -0 0 1
  outer loop
    vertex -50 234.5094 7.1
    vertex -48.48445554337723 233.6344 7.1
    vertex -48.66666666666666 235.7760666666667 7.1
  endloop
endfacet
facet normal 0 0 1
  outer loop
    vertex -12.10480118128102 225.4256994828605 7.1
    vertex -13.89195278795416 224.850021346979 7.1
    vertex -12.99067602918719 223.4377259365097 7.1
  endloop
endfacet
facet normal 0 -0 1
  outer loop
    vertex 34.93855363490134 226.799717797172 7.1
    vertex 36.63085049766052 228.1662292230774 7.1
    vertex 34.68928036608415 228.7452766716912 7.1
  endloop
endfacet
facet normal 0 0 1
  outer loop
    vertex 48.66666666666666 235.7760666666667 7.1
    vertex 48.42760197096598 233.9047832886208 7.1
    vertex 50 234.5094 7.1
  endloop
endfacet
facet normal -0 0 1
  outer loop
    vertex 4.987953440194964 236.5667039020574 7.1
    vertex 6.930948097219234 236.5243114180099 7.1
    vertex 6 238.3094 7.1
  endloop
endfacet
facet normal 0 0 1
  outer loop
    vertex 8 238.3094 7.1
    vertex 6.930948097219234 236.5243114180099 7.1
    vertex 8.999999999999998 236.5773491924311 7.1
  endloop
endfacet
facet normal 0 0 1
  outer loop
    vertex -8 238.3094 7.1
    vertex -9.082032375669831 236.7477216684916 7.1
    vertex -6.951281035604996 236.643225981181 7.1
  endloop
endfacet
facet normal -0 0 1
  outer loop
    vertex -48.48445554337723 233.6344 7.1
    vertex -46.35755749291705 233.6266169472892 7.1
    vertex -46.90303448853972 235.2546994616208 7.1
  endloop
endfacet
facet normal 0 0 1
  outer loop
    vertex -46 221.7094 7.1
    vertex -47.35820888163045 223.2851692632518 7.1
    vertex -48 221.7094 7.1
  endloop
endfacet
facet normal 0 0 1
  outer loop
    vertex 29.41259941953275 228.9413002080385 7.1
    vertex 27.91017685903228 227.5767699484371 7.1
    vertex 29.71253293559711 226.8919283587714 7.1
  endloop
endfacet
facet normal -0 0 1
  outer loop
    vertex 26.01747867822379 228.4929829926728 7.1
    vertex 27.91017685903228 227.5767699484371 7.1
    vertex 27.56003589785981 229.685740765751 7.1
  endloop
endfacet
facet normal 0 0 1
  outer loop
    vertex 6.912525578677775 226.975118099786 7.1
    vertex 5.985315491282758 225.059706405863 7.1
    vertex 7.949123297292806 225.1723659678225 7.1
  endloop
endfacet
facet normal 0 0 1
  outer loop
    vertex -44.81211183578534 224.9983389841204 7.1
    vertex -44.47936201526697 223.0867770437119 7.1
    vertex -43.01053096395387 223.6453562423638 7.1
  endloop
endfacet
facet normal 0 0 1
  outer loop
    vertex 48.43163084003129 230.0232779235468 7.1
    vertex 46.99057735124655 230.4695430379106 7.1
    vertex 46.76828968750637 229.0180024679005 7.1
  endloop
endfacet
facet normal 0 0 1
  outer loop
    vertex 36.20211847341193 234.8647582496259 7.1
    vertex 35.58246270945467 233.3496351421435 7.1
    vertex 37.43782783071671 233.1118522173253 7.1
  endloop
endfacet
facet normal 0 -0 1
  outer loop
    vertex 33.6502525543692 225.250659977324 7.1
    vertex 34.93855363490134 226.799717797172 7.1
    vertex 33.11698408962649 227.4622049988115 7.1
  endloop
endfacet
facet normal -0 0 1
  outer loop
    vertex -31.0838707264121 224.4580103519142 7.1
    vertex -29.19124538867226 223.4948923673242 7.1
    vertex -29.47464546888594 225.5092562745571 7.1
  endloop
endfacet
facet normal 0 0 1
  outer loop
    vertex 9.81775365943275 225.3220892701435 7.1
    vertex 11.35529194056348 225.6806559659477 7.1
    vertex 10.47513602673708 227.2859397432798 7.1
  endloop
endfacet
facet normal 0 0 1
  outer loop
    vertex -19.01986481270247 236.5737134653875 7.1
    vertex -20.04489915048271 234.6952060982883 7.1
    vertex -17.94743307794818 234.9018478603707 7.1
  endloop
endfacet
facet normal 0 0 1
  outer loop
    vertex 10.47513602673708 227.2859397432798 7.1
    vertex 8.803875290321644 226.6260350955468 7.1
    vertex 9.81775365943275 225.3220892701435 7.1
  endloop
endfacet
facet normal 0 0 1
  outer loop
    vertex 48 221.7094 7.1
    vertex 47.01323455082968 223.4083622121392 7.1
    vertex 46 221.7094 7.1
  endloop
endfacet
facet normal 0 0 1
  outer loop
    vertex -3.84392018369942 234.8108801150925 7.1
    vertex -4.518570556296286 233.322870235208 7.1
    vertex -2.624178094815862 233.0688824349753 7.1
  endloop
endfacet
facet normal 0 -0 1
  outer loop
    vertex -46 221.7094 7.1
    vertex -45.8035895073871 223.6095910182838 7.1
    vertex -47.35820888163045 223.2851692632518 7.1
  endloop
endfacet
facet normal 0 0 1
  outer loop
    vertex -15.05550059774441 233.2492900706948 7.1
    vertex -16.97563141856164 233.2432014271869 7.1
    vertex -16.07848129509838 231.3521111593375 7.1
  endloop
endfacet
facet normal 0 0 1
  outer loop
    vertex 46.98184983472647 225.4547020434621 7.1
    vertex 45.65061043492406 224.6964249810321 7.1
    vertex 47.01323455082968 223.4083622121392 7.1
  endloop
endfacet
facet normal 0 0 1
  outer loop
    vertex 24.64171104943298 224.9009308000429 7.1
    vertex 24.46223016820248 227.0729288566379 7.1
    vertex 22.86452358138504 225.8877048157358 7.1
  endloop
endfacet
facet normal 0 0 1
  outer loop
    vertex -46.83784698092151 224.899365960521 7.1
    vertex -48.57037552215125 224.6388651981239 7.1
    vertex -47.35820888163045 223.2851692632518 7.1
  endloop
endfacet
facet normal 0 0 1
  outer loop
    vertex 36.66497722388965 226.4367323145034 7.1
    vertex 36.63085049766052 228.1662292230774 7.1
    vertex 34.93855363490134 226.799717797172 7.1
  endloop
endfacet
facet normal -0 0 1
  outer loop
    vertex -48.16618264245618 226.4311724404679 7.1
    vertex -46.31539775642834 226.1384062555679 7.1
    vertex -46.71568009891596 227.5893160029287 7.1
  endloop
endfacet
facet normal 0 -0 1
  outer loop
    vertex -1.013391135606392 226.8756747678336 7.1
    vertex 0.174321722585864 228.3976350414984 7.1
    vertex -2.05377774440304 228.7937049748933 7.1
  endloop
endfacet
facet normal 0 0 1
  outer loop
    vertex 29.06189707006571 232.9889261567143 7.1
    vertex 31.09607232378483 233.1685826079379 7.1
    vertex 30.07281162919359 234.8458027358856 7.1
  endloop
endfacet
facet normal 0 -0 1
  outer loop
    vertex -45.8035895073871 223.6095910182838 7.1
    vertex -44.81211183578534 224.9983389841204 7.1
    vertex -46.83784698092151 224.899365960521 7.1
  endloop
endfacet
facet normal -0 0 1
  outer loop
    vertex 33.6502525543692 225.250659977324 7.1
    vertex 35.83590060085156 225.0584083635033 7.1
    vertex 34.93855363490134 226.799717797172 7.1
  endloop
endfacet
facet normal 0 0 1
  outer loop
    vertex 14 221.7094 7.1
    vertex 15.54030351342495 223.1295064286489 7.1
    vertex 14.18457400691282 223.9797506282525 7.1
  endloop
endfacet
facet normal 0 0 1
  outer loop
    vertex 48.45235950922377 226.4521769681321 7.1
    vertex 48.40619713953434 228.2564233192318 7.1
    vertex 46.78490280044461 227.2762825558113 7.1
  endloop
endfacet
facet normal 0 0 1
  outer loop
    vertex -6.951281035604996 236.643225981181 7.1
    vertex -9.082032375669831 236.7477216684916 7.1
    vertex -8.213084320917664 235.1705132105099 7.1
  endloop
endfacet
facet normal 0 0 1
  outer loop
    vertex 1.971565295644101 234.8487668756453 7.1
    vertex 0.8157411137291326 233.3173519794001 7.1
    vertex 2.940020709149475 232.9177846036604 7.1
  endloop
endfacet
facet normal 0 0 1
  outer loop
    vertex 7.875403528002559 234.3774051119517 7.1
    vertex 5.755360607263908 234.8701245827095 7.1
    vertex 6.225783744067418 233.0904966825017 7.1
  endloop
endfacet
facet normal 0 0 1
  outer loop
    vertex -40.98120305948407 223.4178429732659 7.1
    vertex -41.52456031429816 225.1709498448539 7.1
    vertex -43.01053096395387 223.6453562423638 7.1
  endloop
endfacet
facet normal 0 0 1
  outer loop
    vertex -2.05377774440304 228.7937049748933 7.1
    vertex -3.885354866481217 228.2128717706966 7.1
    vertex -2.996401029736126 226.7988018328659 7.1
  endloop
endfacet
facet normal -0 0 1
  outer loop
    vertex 21.9335765355461 234.1002443091892 7.1
    vertex 23.84611877076726 233.993066007764 7.1
    vertex 23.23488229733529 235.6192524272647 7.1
  endloop
endfacet
facet normal -0 0 1
  outer loop
    vertex 26.03667002470425 235.1342468012015 7.1
    vertex 28.18913448505583 234.984117409538 7.1
    vertex 27.02158080221291 236.6662668112702 7.1
  endloop
endfacet
facet normal 0 0 1
  outer loop
    vertex -45.8035895073871 223.6095910182838 7.1
    vertex -46.83784698092151 224.899365960521 7.1
    vertex -47.35820888163045 223.2851692632518 7.1
  endloop
endfacet
facet normal 0 0 1
  outer loop
    vertex -21 236.5773491924311 7.1
    vertex -20.04489915048271 234.6952060982883 7.1
    vertex -19.01986481270247 236.5737134653875 7.1
  endloop
endfacet
facet normal 0 0 1
  outer loop
    vertex 39.78348566449959 225.2780874139574 7.1
    vertex 38.99352337419246 223.4802254904295 7.1
    vertex 40.98976078072667 223.5465605739954 7.1
  endloop
endfacet
facet normal 0 0 1
  outer loop
    vertex 14.18457400691282 223.9797506282525 7.1
    vertex 12.79042413438116 223.1913051792784 7.1
    vertex 14 221.7094 7.1
  endloop
endfacet
facet normal 0 0 1
  outer loop
    vertex 29.71253293559711 226.8919283587714 7.1
    vertex 30.32408032422792 225.0706835348275 7.1
    vertex 31.68450186576485 226.2295301417535 7.1
  endloop
endfacet
facet normal 0 0 1
  outer loop
    vertex -44.81211183578534 224.9983389841204 7.1
    vertex -46.31539775642834 226.1384062555679 7.1
    vertex -46.83784698092151 224.899365960521 7.1
  endloop
endfacet
facet normal 0 0 1
  outer loop
    vertex 31.09607232378483 233.1685826079379 7.1
    vertex 30.5472197944132 231.6802844390976 7.1
    vertex 32.39651813276659 231.5657621287649 7.1
  endloop
endfacet
facet normal 0 0 1
  outer loop
    vertex -46.71568009891596 227.5893160029287 7.1
    vertex -48.38984856676058 228.3638480738994 7.1
    vertex -48.16618264245618 226.4311724404679 7.1
  endloop
endfacet
facet normal -0 0 1
  outer loop
    vertex -5.114317131172564 226.6216561448202 7.1
    vertex -3.92308296817801 225.1290957647466 7.1
    vertex -2.996401029736126 226.7988018328659 7.1
  endloop
endfacet
facet normal 0 0 1
  outer loop
    vertex -6.036609762414005 234.6324438132966 7.1
    vertex -6.951281035604996 236.643225981181 7.1
    vertex -8.213084320917664 235.1705132105099 7.1
  endloop
endfacet
facet normal 0 -0 1
  outer loop
    vertex 34.19873944054367 232.5342280068119 7.1
    vertex 35.58246270945467 233.3496351421435 7.1
    vertex 34.09555396418364 234.5856738800912 7.1
  endloop
endfacet
facet normal 0 0 1
  outer loop
    vertex -14.91685702330501 223.5134185964404 7.1
    vertex -15.51072334649465 225.3247319627558 7.1
    vertex -17.10338405362106 223.7562750698488 7.1
  endloop
endfacet
facet normal -0 0 1
  outer loop
    vertex 44 238.3094 7.1
    vertex 45.11754677806665 236.5399884379277 7.1
    vertex 46 238.3094 7.1
  endloop
endfacet
facet normal 0 0 1
  outer loop
    vertex -46.71568009891596 227.5893160029287 7.1
    vertex -46.92121083822281 229.3350421569413 7.1
    vertex -48.38984856676058 228.3638480738994 7.1
  endloop
endfacet
facet normal 0 0 1
  outer loop
    vertex -45.85915367267559 232.0830630607164 7.1
    vertex -45.51569829801154 230.3664229573547 7.1
    vertex -44.06089574110096 231.5956913099522 7.1
  endloop
endfacet
facet normal -0 0 1
  outer loop
    vertex -46 238.3094 7.1
    vertex -45 236.6470287751889 7.1
    vertex -44 238.3094 7.1
  endloop
endfacet
facet normal 0 -0 1
  outer loop
    vertex 32.39651813276659 231.5657621287649 7.1
    vertex 32.75927203953847 233.3372181615358 7.1
    vertex 31.09607232378483 233.1685826079379 7.1
  endloop
endfacet
facet normal 0 0 1
  outer loop
    vertex -42 238.3094 7.1
    vertex -42.95738639120194 236.5491314073446 7.1
    vertex -40.83938252118086 236.7841549351993 7.1
  endloop
endfacet
facet normal 0 0 1
  outer loop
    vertex 46.86215595937331 235.1689070064305 7.1
    vertex 45.13614655648399 234.5826872047663 7.1
    vertex 46.64124690075467 233.2934783460705 7.1
  endloop
endfacet
facet normal -0 0 1
  outer loop
    vertex 7.875403528002559 234.3774051119517 7.1
    vertex 9.441264935372622 233.1807143672806 7.1
    vertex 10.03314834733421 234.8223388138638 7.1
  endloop
endfacet
facet normal 0 0 1
  outer loop
    vertex 48.45235950922377 226.4521769681321 7.1
    vertex 46.78490280044461 227.2762825558113 7.1
    vertex 46.98184983472647 225.4547020434621 7.1
  endloop
endfacet
facet normal 0 0 1
  outer loop
    vertex 30.07281162919359 234.8458027358856 7.1
    vertex 28.18913448505583 234.984117409538 7.1
    vertex 29.06189707006571 232.9889261567143 7.1
  endloop
endfacet
facet normal 0 -0 1
  outer loop
    vertex 42 221.7094 7.1
    vertex 42.9386444682973 223.4914204385959 7.1
    vertex 40.98976078072667 223.5465605739954 7.1
  endloop
endfacet
facet normal 0 0 1
  outer loop
    vertex 40.98976078072667 223.5465605739954 7.1
    vertex 38.99352337419246 223.4802254904295 7.1
    vertex 40 221.7094 7.1
  endloop
endfacet
facet normal 0 0 1
  outer loop
    vertex 40 221.7094 7.1
    vertex 38.99352337419246 223.4802254904295 7.1
    vertex 38 221.7094 7.1
  endloop
endfacet
facet normal 0 -0 1
  outer loop
    vertex 24.64171104943298 224.9009308000429 7.1
    vertex 26.40636633402524 225.8682192583782 7.1
    vertex 24.46223016820248 227.0729288566379 7.1
  endloop
endfacet
facet normal 0 0 1
  outer loop
    vertex -50 224.0094 7.1
    vertex -48.57037552215125 224.6388651981239 7.1
    vertex -50 225.7594 7.1
  endloop
endfacet
facet normal 0 -0 1
  outer loop
    vertex 46 221.7094 7.1
    vertex 47.01323455082968 223.4083622121392 7.1
    vertex 44.91595549154633 223.3203432315326 7.1
  endloop
endfacet
facet normal 0 0 1
  outer loop
    vertex -35.00801316476888 227.8243427408029 7.1
    vertex -34.60377533667813 226.0197636055072 7.1
    vertex -33.15334285910055 227.0806752944854 7.1
  endloop
endfacet
facet normal 0 0 1
  outer loop
    vertex -24.1936966124488 225.1752219993185 7.1
    vertex -25.02751477129219 223.2949147212823 7.1
    vertex -23.03308949873459 223.4038901424056 7.1
  endloop
endfacet
facet normal 0 0 1
  outer loop
    vertex -44.06089574110096 231.5956913099522 7.1
    vertex -45.51569829801154 230.3664229573547 7.1
    vertex -43.81818957200754 229.7041174659948 7.1
  endloop
endfacet
facet normal 0 0 1
  outer loop
    vertex 34.93855363490134 226.799717797172 7.1
    vertex 35.83590060085156 225.0584083635033 7.1
    vertex 36.66497722388965 226.4367323145034 7.1
  endloop
endfacet
facet normal 0 0 1
  outer loop
    vertex 38.49457115827152 227.0830934709479 7.1
    vertex 36.66497722388965 226.4367323145034 7.1
    vertex 37.79339793238012 225.1055762788449 7.1
  endloop
endfacet
facet normal 0 0 1
  outer loop
    vertex 6.930948097219234 236.5243114180099 7.1
    vertex 5.755360607263908 234.8701245827095 7.1
    vertex 7.875403528002559 234.3774051119517 7.1
  endloop
endfacet
facet normal 0 0 1
  outer loop
    vertex -42.28689576658537 230.8743118783144 7.1
    vertex -43.81818957200754 229.7041174659948 7.1
    vertex -42.04512349708433 228.9605694283748 7.1
  endloop
endfacet
facet normal 0 0 1
  outer loop
    vertex 34.09555396418364 234.5856738800912 7.1
    vertex 32.75927203953847 233.3372181615358 7.1
    vertex 34.19873944054367 232.5342280068119 7.1
  endloop
endfacet
facet normal 0 -0 1
  outer loop
    vertex 7.949123297292806 225.1723659678225 7.1
    vertex 8.803875290321644 226.6260350955468 7.1
    vertex 6.912525578677775 226.975118099786 7.1
  endloop
endfacet
facet normal 0 0 1
  outer loop
    vertex -44.35556949305442 233.5241088909193 7.1
    vertex -45.85915367267559 232.0830630607164 7.1
    vertex -44.06089574110096 231.5956913099522 7.1
  endloop
endfacet
facet normal -0 0 1
  outer loop
    vertex -30.71803977602719 235.342854047396 7.1
    vertex -28.93791379925283 234.501707919643 7.1
    vertex -29 236.5773491924311 7.1
  endloop
endfacet
facet normal 0 0 1
  outer loop
    vertex 46 221.7094 7.1
    vertex 44.91595549154633 223.3203432315326 7.1
    vertex 44 221.7094 7.1
  endloop
endfacet
facet normal 0 0 1
  outer loop
    vertex 46.76828968750637 229.0180024679005 7.1
    vertex 45.07187165437919 229.976601465715 7.1
    vertex 45.02428332622279 228.0491406141916 7.1
  endloop
endfacet
facet normal 0 0 1
  outer loop
    vertex 44.91595549154633 223.3203432315326 7.1
    vertex 42.9386444682973 223.4914204385959 7.1
    vertex 44 221.7094 7.1
  endloop
endfacet
facet normal -0 0 1
  outer loop
    vertex 42.94674276787423 236.6953495815729 7.1
    vertex 45.11754677806665 236.5399884379277 7.1
    vertex 44 238.3094 7.1
  endloop
endfacet
facet normal 0 0 1
  outer loop
    vertex -15.99999994100745 234.8452984189216 7.1
    vertex -16.97563141856164 233.2432014271869 7.1
    vertex -15.05550059774441 233.2492900706948 7.1
  endloop
endfacet
facet normal 0 0 1
  outer loop
    vertex -43.81818957200754 229.7041174659948 7.1
    vertex -45.51569829801154 230.3664229573547 7.1
    vertex -45.30291412137462 228.5468659074649 7.1
  endloop
endfacet
facet normal -0 0 1
  outer loop
    vertex -35.9338729773992 224.7691948708079 7.1
    vertex -34.1251083529209 224.5499399661065 7.1
    vertex -34.60377533667813 226.0197636055072 7.1
  endloop
endfacet
facet normal 0 0 1
  outer loop
    vertex -40.73461596159457 232.0699709557026 7.1
    vertex -41.04159961321654 233.8921523845276 7.1
    vertex -42.53404930067878 232.7803234684604 7.1
  endloop
endfacet
facet normal 0 0 1
  outer loop
    vertex -42.28689576658537 230.8743118783144 7.1
    vertex -44.06089574110096 231.5956913099522 7.1
    vertex -43.81818957200754 229.7041174659948 7.1
  endloop
endfacet
facet normal 0 0 1
  outer loop
    vertex -40.49434686741828 230.1391006558272 7.1
    vertex -42.28689576658537 230.8743118783144 7.1
    vertex -42.04512349708433 228.9605694283748 7.1
  endloop
endfacet
facet normal 0 0 1
  outer loop
    vertex -40.49434686741828 230.1391006558272 7.1
    vertex -42.04512349708433 228.9605694283748 7.1
    vertex -40.24780059437663 228.1975486763401 7.1
  endloop
endfacet
facet normal 0 0 1
  outer loop
    vertex -40.49434686741828 230.1391006558272 7.1
    vertex -40.73461596159457 232.0699709557026 7.1
    vertex -42.28689576658537 230.8743118783144 7.1
  endloop
endfacet
facet normal -0 0 1
  outer loop
    vertex 2.03347316774409 225.1262764940431 7.1
    vertex 4.016284225924904 224.9828061130798 7.1
    vertex 3.20113448767292 226.8913309787309 7.1
  endloop
endfacet
facet normal 0 0 1
  outer loop
    vertex -43.81818957200754 229.7041174659948 7.1
    vertex -45.30291412137462 228.5468659074649 7.1
    vertex -43.57564008963034 227.8117385616022 7.1
  endloop
endfacet
facet normal 0 0 1
  outer loop
    vertex -38.92519513896663 231.33945806173 7.1
    vertex -40.49434686741828 230.1391006558272 7.1
    vertex -38.6791416112092 229.3810229424668 7.1
  endloop
endfacet
facet normal 0 0 1
  outer loop
    vertex 42 238.3094 7.1
    vertex 40.95918982275278 236.6169308054172 7.1
    vertex 42.94674276787423 236.6953495815729 7.1
  endloop
endfacet
facet normal 0 -0 1
  outer loop
    vertex -42 221.7094 7.1
    vertex -40.98120305948407 223.4178429732659 7.1
    vertex -43.01053096395387 223.6453562423638 7.1
  endloop
endfacet
facet normal 0 0 1
  outer loop
    vertex -15.99999994100745 234.8452984189216 7.1
    vertex -17.94743307794818 234.9018478603707 7.1
    vertex -16.97563141856164 233.2432014271869 7.1
  endloop
endfacet
facet normal 0 -0 1
  outer loop
    vertex -42.28689576658537 230.8743118783144 7.1
    vertex -40.73461596159457 232.0699709557026 7.1
    vertex -42.53404930067878 232.7803234684604 7.1
  endloop
endfacet
facet normal 0 0 1
  outer loop
    vertex -45.30291412137462 228.5468659074649 7.1
    vertex -45.0451672240627 226.7738378898015 7.1
    vertex -43.57564008963034 227.8117385616022 7.1
  endloop
endfacet
facet normal 0 0 1
  outer loop
    vertex 39.78348566449959 225.2780874139574 7.1
    vertex 37.79339793238012 225.1055762788449 7.1
    vertex 38.99352337419246 223.4802254904295 7.1
  endloop
endfacet
facet normal -0 0 1
  outer loop
    vertex -36.61079356900041 226.6276404174025 7.1
    vertex -34.60377533667813 226.0197636055072 7.1
    vertex -35.00801316476888 227.8243427408029 7.1
  endloop
endfacet
facet normal -0 0 1
  outer loop
    vertex 30 238.3094 7.1
    vertex 31.01465289962955 236.5661103464838 7.1
    vertex 32 238.3094 7.1
  endloop
endfacet
facet normal 0 -0 1
  outer loop
    vertex -42.53404930067878 232.7803234684604 7.1
    vertex -41.04159961321654 233.8921523845276 7.1
    vertex -42.8113754279473 234.6516081003891 7.1
  endloop
endfacet
facet normal 0 0 1
  outer loop
    vertex -36.84706357680189 228.6055246660447 7.1
    vertex -38.43489971226185 227.4191017790761 7.1
    vertex -36.61079356900041 226.6276404174025 7.1
  endloop
endfacet
facet normal 0 0 1
  outer loop
    vertex 38.99352337419246 223.4802254904295 7.1
    vertex 36.96653570903678 223.3730070016124 7.1
    vertex 38 221.7094 7.1
  endloop
endfacet
facet normal 0 0 1
  outer loop
    vertex -16.07848129509838 231.3521111593375 7.1
    vertex -14.22674733226761 231.8935716648778 7.1
    vertex -15.05550059774441 233.2492900706948 7.1
  endloop
endfacet
facet normal 0 0 1
  outer loop
    vertex -40.49434686741828 230.1391006558272 7.1
    vertex -40.24780059437663 228.1975486763401 7.1
    vertex -38.6791416112092 229.3810229424668 7.1
  endloop
endfacet
facet normal -0 0 1
  outer loop
    vertex 42 238.3094 7.1
    vertex 42.94674276787423 236.6953495815729 7.1
    vertex 44 238.3094 7.1
  endloop
endfacet
facet normal 0 0 1
  outer loop
    vertex -42 221.7094 7.1
    vertex -43.01053096395387 223.6453562423638 7.1
    vertex -44 221.7094 7.1
  endloop
endfacet
facet normal 0 0 1
  outer loop
    vertex 29.04935083495617 236.5954633682512 7.1
    vertex 30.07281162919359 234.8458027358856 7.1
    vertex 31.01465289962955 236.5661103464838 7.1
  endloop
endfacet
facet normal 0 0 1
  outer loop
    vertex 44.91595549154633 223.3203432315326 7.1
    vertex 44.04620746399079 225.0510513777646 7.1
    vertex 42.9386444682973 223.4914204385959 7.1
  endloop
endfacet
facet normal 0 0 1
  outer loop
    vertex -46.90303448853972 235.2546994616208 7.1
    vertex -46.35755749291705 233.6266169472892 7.1
    vertex -45.31286573358985 234.9274544456141 7.1
  endloop
endfacet
facet normal 0 0 1
  outer loop
    vertex -45.30291412137462 228.5468659074649 7.1
    vertex -46.71568009891596 227.5893160029287 7.1
    vertex -45.0451672240627 226.7738378898015 7.1
  endloop
endfacet
facet normal -0 0 1
  outer loop
    vertex -42 238.3094 7.1
    vertex -40.83938252118086 236.7841549351993 7.1
    vertex -40 238.3094 7.1
  endloop
endfacet
facet normal 0 0 1
  outer loop
    vertex 42 221.7094 7.1
    vertex 40.98976078072667 223.5465605739954 7.1
    vertex 40 221.7094 7.1
  endloop
endfacet
facet normal 0 0 1
  outer loop
    vertex 32 238.3094 7.1
    vertex 31.01465289962955 236.5661103464838 7.1
    vertex 33.018421247922 236.5280941308698 7.1
  endloop
endfacet
facet normal -0 0 1
  outer loop
    vertex 44.72218108859401 232.8454472550586 7.1
    vertex 46.01451206304082 231.6221641370824 7.1
    vertex 46.64124690075467 233.2934783460705 7.1
  endloop
endfacet
facet normal 0 -0 1
  outer loop
    vertex -34.98387657656348 223.2030251263321 7.1
    vertex -34.1251083529209 224.5499399661065 7.1
    vertex -35.9338729773992 224.7691948708079 7.1
  endloop
endfacet
facet normal 0 0 1
  outer loop
    vertex -43.81818957200754 229.7041174659948 7.1
    vertex -43.57564008963034 227.8117385616022 7.1
    vertex -42.04512349708433 228.9605694283748 7.1
  endloop
endfacet
facet normal 0 0 1
  outer loop
    vertex 21.23586048284329 224.9270343655442 7.1
    vertex 21.26745181661403 223.2349838554636 7.1
    vertex 22.97581075560524 223.6190604629505 7.1
  endloop
endfacet
facet normal -0 0 1
  outer loop
    vertex 29.04935083495617 236.5954633682512 7.1
    vertex 31.01465289962955 236.5661103464838 7.1
    vertex 30 238.3094 7.1
  endloop
endfacet
facet normal 0 0 1
  outer loop
    vertex 44 221.7094 7.1
    vertex 42.9386444682973 223.4914204385959 7.1
    vertex 42 221.7094 7.1
  endloop
endfacet
facet normal 0 0 1
  outer loop
    vertex -37.0977705215987 230.5787332414599 7.1
    vertex -38.6791416112092 229.3810229424668 7.1
    vertex -36.84706357680189 228.6055246660447 7.1
  endloop
endfacet
facet normal -0 0 1
  outer loop
    vertex 24.64171104943298 224.9009308000429 7.1
    vertex 26.26851476260993 223.6059349470698 7.1
    vertex 26.40636633402524 225.8682192583782 7.1
  endloop
endfacet
facet normal 0 0 1
  outer loop
    vertex -39.43929346462498 235.2751217971939 7.1
    vertex -41.04159961321654 233.8921523845276 7.1
    vertex -39.17529196010931 233.2912992030884 7.1
  endloop
endfacet
facet normal -0 0 1
  outer loop
    vertex 32 238.3094 7.1
    vertex 33.018421247922 236.5280941308698 7.1
    vertex 34 238.3094 7.1
  endloop
endfacet
facet normal -0 0 1
  outer loop
    vertex 39.00151936938542 236.5786974813548 7.1
    vertex 39.95820020218694 235.0010843387483 7.1
    vertex 40.95918982275278 236.6169308054172 7.1
  endloop
endfacet
facet normal 0 0 1
  outer loop
    vertex -37.0977705215987 230.5787332414599 7.1
    vertex -38.92519513896663 231.33945806173 7.1
    vertex -38.6791416112092 229.3810229424668 7.1
  endloop
endfacet
facet normal 0 0 1
  outer loop
    vertex -33.9135381538044 232.9836083977945 7.1
    vertex -35.50311747172506 231.7679725073878 7.1
    vertex -33.67056483130334 231.0223552625449 7.1
  endloop
endfacet
facet normal -0 0 1
  outer loop
    vertex 40 238.3094 7.1
    vertex 40.95918982275278 236.6169308054172 7.1
    vertex 42 238.3094 7.1
  endloop
endfacet
facet normal 0 0 1
  outer loop
    vertex 39.00151936938542 236.5786974813548 7.1
    vertex 40.95918982275278 236.6169308054172 7.1
    vertex 40 238.3094 7.1
  endloop
endfacet
facet normal 0 0 1
  outer loop
    vertex -31.0838707264121 224.4580103519142 7.1
    vertex -31.01191395236093 222.8640526104875 7.1
    vertex -29.19124538867226 223.4948923673242 7.1
  endloop
endfacet
facet normal 0 0 1
  outer loop
    vertex -40 221.7094 7.1
    vertex -40.98120305948407 223.4178429732659 7.1
    vertex -42 221.7094 7.1
  endloop
endfacet
facet normal 0 0 1
  outer loop
    vertex -39.03425709038925 223.3423333994947 7.1
    vertex -40.98120305948407 223.4178429732659 7.1
    vertex -40 221.7094 7.1
  endloop
endfacet
facet normal 0 0 1
  outer loop
    vertex -42.53404930067878 232.7803234684604 7.1
    vertex -44.35556949305442 233.5241088909193 7.1
    vertex -44.06089574110096 231.5956913099522 7.1
  endloop
endfacet
facet normal 0 0 1
  outer loop
    vertex 35.0033555939934 236.5741881678293 7.1
    vertex 34.09555396418364 234.5856738800912 7.1
    vertex 36.20211847341193 234.8647582496259 7.1
  endloop
endfacet
facet normal 0 0 1
  outer loop
    vertex -38.43489971226185 227.4191017790761 7.1
    vertex -38.21772470728254 225.1562077415026 7.1
    vertex -36.61079356900041 226.6276404174025 7.1
  endloop
endfacet
facet normal 0 0 1
  outer loop
    vertex 46.78490280044461 227.2762825558113 7.1
    vertex 46.76828968750637 229.0180024679005 7.1
    vertex 45.02428332622279 228.0491406141916 7.1
  endloop
endfacet
facet normal -0 0 1
  outer loop
    vertex 35.0033555939934 236.5741881678293 7.1
    vertex 36.20211847341193 234.8647582496259 7.1
    vertex 37.00700754880532 236.5815712832095 7.1
  endloop
endfacet
facet normal 0 0 1
  outer loop
    vertex 21.25488215760917 236.4628378066484 7.1
    vertex 19.00264393281268 236.6189688581081 7.1
    vertex 19.76115469522628 234.8130850289432 7.1
  endloop
endfacet
facet normal 0 0 1
  outer loop
    vertex -35.25870592530749 229.8094803411049 7.1
    vertex -37.0977705215987 230.5787332414599 7.1
    vertex -36.84706357680189 228.6055246660447 7.1
  endloop
endfacet
facet normal 0 -0 1
  outer loop
    vertex 26.90720679834886 233.5484864762658 7.1
    vertex 28.18913448505583 234.984117409538 7.1
    vertex 26.03667002470425 235.1342468012015 7.1
  endloop
endfacet
facet normal 0 0 1
  outer loop
    vertex 34 238.3094 7.1
    vertex 33.018421247922 236.5280941308698 7.1
    vertex 35.0033555939934 236.5741881678293 7.1
  endloop
endfacet
facet normal 0 0 1
  outer loop
    vertex -35.72474154911689 233.6672110369697 7.1
    vertex -35.50311747172506 231.7679725073878 7.1
    vertex -33.9135381538044 232.9836083977945 7.1
  endloop
endfacet
facet normal 0 0 1
  outer loop
    vertex -35.25870592530749 229.8094803411049 7.1
    vertex -36.84706357680189 228.6055246660447 7.1
    vertex -35.00801316476888 227.8243427408029 7.1
  endloop
endfacet
facet normal 0 0 1
  outer loop
    vertex 12.65590719972116 224.8875676788407 7.1
    vertex 11.35529194056348 225.6806559659477 7.1
    vertex 11.11163946527182 223.6704075892989 7.1
  endloop
endfacet
facet normal 0 0 1
  outer loop
    vertex -15.99999994100745 234.8452984189216 7.1
    vertex -16.99124414509651 236.5874012501495 7.1
    vertex -17.94743307794818 234.9018478603707 7.1
  endloop
endfacet
facet normal 0 0 1
  outer loop
    vertex 35.0033555939934 236.5741881678293 7.1
    vertex 37.00700754880532 236.5815712832095 7.1
    vertex 36 238.3094 7.1
  endloop
endfacet
facet normal 0 0 1
  outer loop
    vertex -37.3533838492196 232.546446764453 7.1
    vertex -39.17529196010931 233.2912992030884 7.1
    vertex -38.92519513896663 231.33945806173 7.1
  endloop
endfacet
facet normal 0 0 1
  outer loop
    vertex -32.0788952351563 232.2331992975838 7.1
    vertex -33.67056483130334 231.0223552625449 7.1
    vertex -31.82536488111502 230.2500291658967 7.1
  endloop
endfacet
facet normal 0 0 1
  outer loop
    vertex -36 238.3094 7.1
    vertex -37.27090891874659 236.4558370279977 7.1
    vertex -35 236.5773491924311 7.1
  endloop
endfacet
facet normal -0 0 1
  outer loop
    vertex -38 238.3094 7.1
    vertex -37.27090891874659 236.4558370279977 7.1
    vertex -36 238.3094 7.1
  endloop
endfacet
facet normal 0 0 1
  outer loop
    vertex -33.67056483130334 231.0223552625449 7.1
    vertex -35.25870592530749 229.8094803411049 7.1
    vertex -33.41575373542379 229.0401130388845 7.1
  endloop
endfacet
facet normal 0 0 1
  outer loop
    vertex -33.67056483130334 231.0223552625449 7.1
    vertex -33.41575373542379 229.0401130388845 7.1
    vertex -31.82536488111502 230.2500291658967 7.1
  endloop
endfacet
facet normal -0 0 1
  outer loop
    vertex -33.41575373542379 229.0401130388845 7.1
    vertex -31.56932698822763 228.2713983476812 7.1
    vertex -31.82536488111502 230.2500291658967 7.1
  endloop
endfacet
facet normal 0 0 1
  outer loop
    vertex -31.30464929915362 226.318185885158 7.1
    vertex -31.56932698822763 228.2713983476812 7.1
    vertex -33.15334285910055 227.0806752944854 7.1
  endloop
endfacet
facet normal 0 0 1
  outer loop
    vertex 35.00168655053229 223.3847568115631 7.1
    vertex 33.6502525543692 225.250659977324 7.1
    vertex 33.00158749415112 223.3501245861675 7.1
  endloop
endfacet
facet normal 0 -0 1
  outer loop
    vertex 45.02428332622279 228.0491406141916 7.1
    vertex 45.07187165437919 229.976601465715 7.1
    vertex 43.26126298328452 228.7944946046229 7.1
  endloop
endfacet
facet normal 0 0 1
  outer loop
    vertex 37.79339793238012 225.1055762788449 7.1
    vertex 36.96653570903678 223.3730070016124 7.1
    vertex 38.99352337419246 223.4802254904295 7.1
  endloop
endfacet
facet normal 0 0 1
  outer loop
    vertex -32.0788952351563 232.2331992975838 7.1
    vertex -33.9135381538044 232.9836083977945 7.1
    vertex -33.67056483130334 231.0223552625449 7.1
  endloop
endfacet
facet normal -0 0 1
  outer loop
    vertex 36 238.3094 7.1
    vertex 37.00700754880532 236.5815712832095 7.1
    vertex 38 238.3094 7.1
  endloop
endfacet
facet normal 0 0 1
  outer loop
    vertex -38.92519513896663 231.33945806173 7.1
    vertex -40.73461596159457 232.0699709557026 7.1
    vertex -40.49434686741828 230.1391006558272 7.1
  endloop
endfacet
facet normal 0 0 1
  outer loop
    vertex -37.45706896660117 234.4622308773951 7.1
    vertex -39.43929346462498 235.2751217971939 7.1
    vertex -39.17529196010931 233.2912992030884 7.1
  endloop
endfacet
facet normal 0 -0 1
  outer loop
    vertex -33.15334285910055 227.0806752944854 7.1
    vertex -31.56932698822763 228.2713983476812 7.1
    vertex -33.41575373542379 229.0401130388845 7.1
  endloop
endfacet
facet normal 0 0 1
  outer loop
    vertex -39.17529196010931 233.2912992030884 7.1
    vertex -40.73461596159457 232.0699709557026 7.1
    vertex -38.92519513896663 231.33945806173 7.1
  endloop
endfacet
facet normal 0 0 1
  outer loop
    vertex 30.07281162919359 234.8458027358856 7.1
    vertex 31.09607232378483 233.1685826079379 7.1
    vertex 32.00947633641361 234.8318441840731 7.1
  endloop
endfacet
facet normal 0 0 1
  outer loop
    vertex 35.0033555939934 236.5741881678293 7.1
    vertex 33.018421247922 236.5280941308698 7.1
    vertex 34.09555396418364 234.5856738800912 7.1
  endloop
endfacet
facet normal 0 0 1
  outer loop
    vertex -38.6791416112092 229.3810229424668 7.1
    vertex -38.43489971226185 227.4191017790761 7.1
    vertex -36.84706357680189 228.6055246660447 7.1
  endloop
endfacet
facet normal 0 0 1
  outer loop
    vertex -36.84706357680189 228.6055246660447 7.1
    vertex -36.61079356900041 226.6276404174025 7.1
    vertex -35.00801316476888 227.8243427408029 7.1
  endloop
endfacet
facet normal 0 0 1
  outer loop
    vertex 33.018421247922 236.5280941308698 7.1
    vertex 32.00947633641361 234.8318441840731 7.1
    vertex 34.09555396418364 234.5856738800912 7.1
  endloop
endfacet
facet normal 0 0 1
  outer loop
    vertex -29.72753123589747 227.4931928133227 7.1
    vertex -31.30464929915362 226.318185885158 7.1
    vertex -29.47464546888594 225.5092562745571 7.1
  endloop
endfacet
facet normal 0 0 1
  outer loop
    vertex 22.32157883294235 230.0703338270536 7.1
    vertex 22.03511104807174 231.955128173703 7.1
    vertex 20.47775395943214 230.8680306480705 7.1
  endloop
endfacet
facet normal 0 -0 1
  outer loop
    vertex 30 221.7094 7.1
    vertex 31.00811471690724 223.4166754177158 7.1
    vertex 29.18731730607236 223.5982945782885 7.1
  endloop
endfacet
facet normal 0 0 1
  outer loop
    vertex 32 221.7094 7.1
    vertex 31.00811471690724 223.4166754177158 7.1
    vertex 30 221.7094 7.1
  endloop
endfacet
facet normal 0 0 1
  outer loop
    vertex 35.00168655053229 223.3847568115631 7.1
    vertex 33.00158749415112 223.3501245861675 7.1
    vertex 34 221.7094 7.1
  endloop
endfacet
facet normal 0 0 1
  outer loop
    vertex -35.25870592530749 229.8094803411049 7.1
    vertex -35.00801316476888 227.8243427408029 7.1
    vertex -33.41575373542379 229.0401130388845 7.1
  endloop
endfacet
facet normal 0 -0 1
  outer loop
    vertex 32 221.7094 7.1
    vertex 33.00158749415112 223.3501245861675 7.1
    vertex 31.00811471690724 223.4166754177158 7.1
  endloop
endfacet
facet normal 0 0 1
  outer loop
    vertex -16 238.3094 7.1
    vertex -16.99124414509651 236.5874012501495 7.1
    vertex -15.00003185162341 236.577330802887 7.1
  endloop
endfacet
facet normal 0 0 1
  outer loop
    vertex 43.26126298328452 228.7944946046229 7.1
    vertex 42.96920702975368 230.5807315198622 7.1
    vertex 41.48490473088175 229.5547960876133 7.1
  endloop
endfacet
facet normal 0 0 1
  outer loop
    vertex 23.87173400046159 231.1896439503958 7.1
    vertex 22.03511104807174 231.955128173703 7.1
    vertex 22.32157883294235 230.0703338270536 7.1
  endloop
endfacet
facet normal 0 0 1
  outer loop
    vertex -30.48846826486345 233.434851118996 7.1
    vertex -30.71803977602719 235.342854047396 7.1
    vertex -32.31968824113255 234.1978783014476 7.1
  endloop
endfacet
facet normal 0 0 1
  outer loop
    vertex -29.72753123589747 227.4931928133227 7.1
    vertex -31.56932698822763 228.2713983476812 7.1
    vertex -31.30464929915362 226.318185885158 7.1
  endloop
endfacet
facet normal 0 0 1
  outer loop
    vertex -31.30464929915362 226.318185885158 7.1
    vertex -31.0838707264121 224.4580103519142 7.1
    vertex -29.47464546888594 225.5092562745571 7.1
  endloop
endfacet
facet normal -0 0 1
  outer loop
    vertex -18 238.3094 7.1
    vertex -16.99124414509651 236.5874012501495 7.1
    vertex -16 238.3094 7.1
  endloop
endfacet
facet normal 0 0 1
  outer loop
    vertex -15.00003185162341 236.577330802887 7.1
    vertex -16.99124414509651 236.5874012501495 7.1
    vertex -15.99999994100745 234.8452984189216 7.1
  endloop
endfacet
facet normal 0 -0 1
  outer loop
    vertex 20.22286030799262 232.8604100087437 7.1
    vertex 21.9335765355461 234.1002443091892 7.1
    vertex 19.76115469522628 234.8130850289432 7.1
  endloop
endfacet
facet normal 0 0 1
  outer loop
    vertex -30.23430495080743 231.4609583324469 7.1
    vertex -30.48846826486345 233.434851118996 7.1
    vertex -32.0788952351563 232.2331992975838 7.1
  endloop
endfacet
facet normal 0 0 1
  outer loop
    vertex 34 221.7094 7.1
    vertex 33.00158749415112 223.3501245861675 7.1
    vertex 32 221.7094 7.1
  endloop
endfacet
facet normal -0 0 1
  outer loop
    vertex 13.99586967023727 234.9294704524117 7.1
    vertex 16.29057476631892 234.6625653987283 7.1
    vertex 15.00014555246468 236.5889020806272 7.1
  endloop
endfacet
facet normal 0 0 1
  outer loop
    vertex -27.16462310490036 233.7691410137448 7.1
    vertex -28.66465161202047 232.6448462761748 7.1
    vertex -26.79816738075317 231.8994327201392 7.1
  endloop
endfacet
facet normal -0 0 1
  outer loop
    vertex 15.00014555246468 236.5889020806272 7.1
    vertex 16.29057476631892 234.6625653987283 7.1
    vertex 17.00088028255782 236.6466605348329 7.1
  endloop
endfacet
facet normal 0 0 1
  outer loop
    vertex -30.71803977602719 235.342854047396 7.1
    vertex -32.69293871435469 236.3290209234258 7.1
    vertex -32.31968824113255 234.1978783014476 7.1
  endloop
endfacet
facet normal 0 0 1
  outer loop
    vertex -26.79816738075317 231.8994327201392 7.1
    vertex -28.66465161202047 232.6448462761748 7.1
    vertex -28.38964101200341 230.6882556900236 7.1
  endloop
endfacet
facet normal -0 0 1
  outer loop
    vertex 13.00000323711664 236.5773492874116 7.1
    vertex 13.99586967023727 234.9294704524117 7.1
    vertex 15.00014555246468 236.5889020806272 7.1
  endloop
endfacet
facet normal 0 0 1
  outer loop
    vertex 13.00000323711664 236.5773492874116 7.1
    vertex 12.00001020488638 234.8453042766562 7.1
    vertex 13.99586967023727 234.9294704524117 7.1
  endloop
endfacet
facet normal -0 0 1
  outer loop
    vertex 8.999999999999998 236.5773491924311 7.1
    vertex 10.03314834733421 234.8223388138638 7.1
    vertex 11.00000543632657 236.577350071502 7.1
  endloop
endfacet
facet normal 0 -0 1
  outer loop
    vertex -30.23430495080743 231.4609583324469 7.1
    vertex -28.66465161202047 232.6448462761748 7.1
    vertex -30.48846826486345 233.434851118996 7.1
  endloop
endfacet
facet normal 0 0 1
  outer loop
    vertex 8.999999999999998 236.5773491924311 7.1
    vertex 11.00000543632657 236.577350071502 7.1
    vertex 10 238.3094 7.1
  endloop
endfacet
facet normal 0 0 1
  outer loop
    vertex 6 221.7094 7.1
    vertex 4.998252890195927 223.4011302956121 7.1
    vertex 4 221.7094 7.1
  endloop
endfacet
facet normal 0 0 1
  outer loop
    vertex 11.11163946527182 223.6704075892989 7.1
    vertex 9.81775365943275 225.3220892701435 7.1
    vertex 9.018607935457542 223.4796099178418 7.1
  endloop
endfacet
facet normal 0 0 1
  outer loop
    vertex 4.998252890195927 223.4011302956121 7.1
    vertex 2.999708293372789 223.3972443384162 7.1
    vertex 4 221.7094 7.1
  endloop
endfacet
facet normal 0 0 1
  outer loop
    vertex 9.81775365943275 225.3220892701435 7.1
    vertex 7.949123297292806 225.1723659678225 7.1
    vertex 9.018607935457542 223.4796099178418 7.1
  endloop
endfacet
facet normal -0 0 1
  outer loop
    vertex 10 238.3094 7.1
    vertex 11.00000543632657 236.577350071502 7.1
    vertex 12 238.3094 7.1
  endloop
endfacet
facet normal 0 0 1
  outer loop
    vertex 7.949123297292806 225.1723659678225 7.1
    vertex 5.985315491282758 225.059706405863 7.1
    vertex 7.000002778248508 223.4414517873999 7.1
  endloop
endfacet
facet normal 0 0 1
  outer loop
    vertex 2.999708293372789 223.3972443384162 7.1
    vertex 2.03347316774409 225.1262764940431 7.1
    vertex 0.999999999999998 223.4414508075689 7.1
  endloop
endfacet
facet normal 0 -0 1
  outer loop
    vertex 2 221.7094 7.1
    vertex 2.999708293372789 223.3972443384162 7.1
    vertex 0.999999999999998 223.4414508075689 7.1
  endloop
endfacet
facet normal 0 0 1
  outer loop
    vertex 7.000002778248508 223.4414517873999 7.1
    vertex 4.998252890195927 223.4011302956121 7.1
    vertex 6 221.7094 7.1
  endloop
endfacet
facet normal 0 0 1
  outer loop
    vertex 2.997992287352599 236.5755749805596 7.1
    vertex 1.971565295644101 234.8487668756453 7.1
    vertex 3.89137749529495 234.8925195470159 7.1
  endloop
endfacet
facet normal 0 0 1
  outer loop
    vertex 4 221.7094 7.1
    vertex 2.999708293372789 223.3972443384162 7.1
    vertex 2 221.7094 7.1
  endloop
endfacet
facet normal 0 0 1
  outer loop
    vertex 2.03347316774409 225.1262764940431 7.1
    vertex 1.022250236607834 226.7654105769116 7.1
    vertex 0.005578953681843788 225.1656286906754 7.1
  endloop
endfacet
facet normal 0 0 1
  outer loop
    vertex 11.00000543632657 236.577350071502 7.1
    vertex 10.03314834733421 234.8223388138638 7.1
    vertex 12.00001020488638 234.8453042766562 7.1
  endloop
endfacet
facet normal -0 0 1
  outer loop
    vertex -5.000735814562981 236.5419787378734 7.1
    vertex -3.84392018369942 234.8108801150925 7.1
    vertex -3.000253452279048 236.5749567453552 7.1
  endloop
endfacet
facet normal 0 0 1
  outer loop
    vertex 9.018607935457542 223.4796099178418 7.1
    vertex 7.949123297292806 225.1723659678225 7.1
    vertex 7.000002778248508 223.4414517873999 7.1
  endloop
endfacet
facet normal 0 0 1
  outer loop
    vertex 2.997992287352599 236.5755749805596 7.1
    vertex 3.89137749529495 234.8925195470159 7.1
    vertex 4.987953440194964 236.5667039020574 7.1
  endloop
endfacet
facet normal 0 0 1
  outer loop
    vertex 1.00000028392064 236.5773492115754 7.1
    vertex 1.971565295644101 234.8487668756453 7.1
    vertex 2.997992287352599 236.5755749805596 7.1
  endloop
endfacet
facet normal 0 0 1
  outer loop
    vertex 1.00000028392064 236.5773492115754 7.1
    vertex -0.004738327700583942 234.9713977759476 7.1
    vertex 1.971565295644101 234.8487668756453 7.1
  endloop
endfacet
facet normal 0 0 1
  outer loop
    vertex -5.000735814562981 236.5419787378734 7.1
    vertex -3.000253452279048 236.5749567453552 7.1
    vertex -4 238.3094 7.1
  endloop
endfacet
facet normal 0 0 1
  outer loop
    vertex 2.03347316774409 225.1262764940431 7.1
    vertex 0.005578953681843788 225.1656286906754 7.1
    vertex 0.999999999999998 223.4414508075689 7.1
  endloop
endfacet
facet normal 0 0 1
  outer loop
    vertex -2 238.3094 7.1
    vertex -3.000253452279048 236.5749567453552 7.1
    vertex -1.000789218550749 236.598365695892 7.1
  endloop
endfacet
facet normal -0 0 1
  outer loop
    vertex -2 238.3094 7.1
    vertex -1.000789218550749 236.598365695892 7.1
    vertex 0 238.3094 7.1
  endloop
endfacet
facet normal 0 0 1
  outer loop
    vertex -3.000253452279048 236.5749567453552 7.1
    vertex -3.84392018369942 234.8108801150925 7.1
    vertex -1.999998088976443 234.8452983897967 7.1
  endloop
endfacet
facet normal 0 0 1
  outer loop
    vertex -1.000789218550749 236.598365695892 7.1
    vertex -3.000253452279048 236.5749567453552 7.1
    vertex -1.999998088976443 234.8452983897967 7.1
  endloop
endfacet
facet normal -0 0 1
  outer loop
    vertex -4 238.3094 7.1
    vertex -3.000253452279048 236.5749567453552 7.1
    vertex -2 238.3094 7.1
  endloop
endfacet
facet normal 0 0 1
  outer loop
    vertex 0.005578953681843788 225.1656286906754 7.1
    vertex -1.000000000000002 223.441448561046 7.1
    vertex 0.999999999999998 223.4414508075689 7.1
  endloop
endfacet
facet normal 0 0 1
  outer loop
    vertex -1.000789218550749 236.598365695892 7.1
    vertex -1.999998088976443 234.8452983897967 7.1
    vertex -0.004738327700583942 234.9713977759476 7.1
  endloop
endfacet
facet normal -0 0 1
  outer loop
    vertex -14.00101857703995 234.8980768237643 7.1
    vertex -11.7158626189975 234.8535037696439 7.1
    vertex -13.00607960558173 236.5984030694613 7.1
  endloop
endfacet
facet normal -0 0 1
  outer loop
    vertex -13.00607960558173 236.5984030694613 7.1
    vertex -11.7158626189975 234.8535037696439 7.1
    vertex -11.03644572287442 236.7036908100966 7.1
  endloop
endfacet
facet normal -0 0 1
  outer loop
    vertex -15.00003185162341 236.577330802887 7.1
    vertex -14.00101857703995 234.8980768237643 7.1
    vertex -13.00607960558173 236.5984030694613 7.1
  endloop
endfacet
facet normal -0 0 1
  outer loop
    vertex -15.99999994100745 234.8452984189216 7.1
    vertex -15.05550059774441 233.2492900706948 7.1
    vertex -14.00101857703995 234.8980768237643 7.1
  endloop
endfacet
facet normal 0 0 1
  outer loop
    vertex 1.022250236607834 226.7654105769116 7.1
    vertex -1.013391135606392 226.8756747678336 7.1
    vertex 0.005578953681843788 225.1656286906754 7.1
  endloop
endfacet
facet normal 0 0 1
  outer loop
    vertex -15.00003185162341 236.577330802887 7.1
    vertex -15.99999994100745 234.8452984189216 7.1
    vertex -14.00101857703995 234.8980768237643 7.1
  endloop
endfacet
facet normal 0 -0 1
  outer loop
    vertex -12 221.7094 7.1
    vertex -11.04561019600954 223.4533230334785 7.1
    vertex -12.99067602918719 223.4377259365097 7.1
  endloop
endfacet
facet normal 0 -0 1
  outer loop
    vertex -14 221.7094 7.1
    vertex -12.99067602918719 223.4377259365097 7.1
    vertex -14.91685702330501 223.5134185964404 7.1
  endloop
endfacet
facet normal 0 0 1
  outer loop
    vertex -12 221.7094 7.1
    vertex -12.99067602918719 223.4377259365097 7.1
    vertex -14 221.7094 7.1
  endloop
endfacet
facet normal 0 0 1
  outer loop
    vertex -9.043978904496262 223.3454124160316 7.1
    vertex -11.04561019600954 223.4533230334785 7.1
    vertex -10 221.7094 7.1
  endloop
endfacet
facet normal 0 0 1
  outer loop
    vertex -10 221.7094 7.1
    vertex -11.04561019600954 223.4533230334785 7.1
    vertex -12 221.7094 7.1
  endloop
endfacet
facet normal -0 0 1
  outer loop
    vertex -24.95449240920121 236.603623012229 7.1
    vertex -23.74160714665461 234.649843116686 7.1
    vertex -22.99241540153354 236.6441491988658 7.1
  endloop
endfacet
facet normal 0 -0 1
  outer loop
    vertex -22.57253956210683 226.4571537123904 7.1
    vertex -21.00555084596951 227.6065179588389 7.1
    vertex -22.85591269431053 228.3684554069594 7.1
  endloop
endfacet
facet normal 0 0 1
  outer loop
    vertex -22 221.7094 7.1
    vertex -23.03308949873459 223.4038901424056 7.1
    vertex -24 221.7094 7.1
  endloop
endfacet
facet normal 0 0 1
  outer loop
    vertex -20.8343829031096 223.6087014613459 7.1
    vertex -23.03308949873459 223.4038901424056 7.1
    vertex -22 221.7094 7.1
  endloop
endfacet
facet normal 0 0 1
  outer loop
    vertex -28 221.7094 7.1
    vertex -29.19124538867226 223.4948923673242 7.1
    vertex -30 221.7094 7.1
  endloop
endfacet
facet normal 0 0 1
  outer loop
    vertex -26.9648130052472 223.2862808772478 7.1
    vertex -29.19124538867226 223.4948923673242 7.1
    vertex -28 221.7094 7.1
  endloop
endfacet
facet normal 0 -0 1
  outer loop
    vertex 8 221.7094 7.1
    vertex 9.018607935457542 223.4796099178418 7.1
    vertex 7.000002778248508 223.4414517873999 7.1
  endloop
endfacet
facet normal 0 0 1
  outer loop
    vertex 28 238.3094 7.1
    vertex 27.02158080221291 236.6662668112702 7.1
    vertex 29.04935083495617 236.5954633682512 7.1
  endloop
endfacet
facet normal 0 0 1
  outer loop
    vertex 16 238.3094 7.1
    vertex 15.00014555246468 236.5889020806272 7.1
    vertex 17.00088028255782 236.6466605348329 7.1
  endloop
endfacet
facet normal 0 0 1
  outer loop
    vertex 4 238.3094 7.1
    vertex 2.997992287352599 236.5755749805596 7.1
    vertex 4.987953440194964 236.5667039020574 7.1
  endloop
endfacet
facet normal 0 0 1
  outer loop
    vertex -12 238.3094 7.1
    vertex -13.00607960558173 236.5984030694613 7.1
    vertex -11.03644572287442 236.7036908100966 7.1
  endloop
endfacet
facet normal 0 0 1
  outer loop
    vertex -22 238.3094 7.1
    vertex -22.99241540153354 236.6441491988658 7.1
    vertex -21 236.5773491924311 7.1
  endloop
endfacet
facet normal 0 0 1
  outer loop
    vertex -26 238.3094 7.1
    vertex -26.878857817019 236.6739865629041 7.1
    vertex -24.95449240920121 236.603623012229 7.1
  endloop
endfacet
facet normal 0 0 1
  outer loop
    vertex 11.11163946527182 223.6704075892989 7.1
    vertex 9.018607935457542 223.4796099178418 7.1
    vertex 10 221.7094 7.1
  endloop
endfacet
facet normal 0 0 1
  outer loop
    vertex 13.00000323711664 236.5773492874116 7.1
    vertex 15.00014555246468 236.5889020806272 7.1
    vertex 14 238.3094 7.1
  endloop
endfacet
facet normal 0 0 1
  outer loop
    vertex -15.00003185162341 236.577330802887 7.1
    vertex -13.00607960558173 236.5984030694613 7.1
    vertex -14 238.3094 7.1
  endloop
endfacet
facet normal -0 0 1
  outer loop
    vertex 1.00000028392064 236.5773492115754 7.1
    vertex 2.997992287352599 236.5755749805596 7.1
    vertex 2 238.3094 7.1
  endloop
endfacet
facet normal 0 0 1
  outer loop
    vertex -38 221.7094 7.1
    vertex -39.03425709038925 223.3423333994947 7.1
    vertex -40 221.7094 7.1
  endloop
endfacet
facet normal 0 0 1
  outer loop
    vertex -32 221.7094 7.1
    vertex -32.88834331130753 223.4059828205529 7.1
    vertex -34 221.7094 7.1
  endloop
endfacet
facet normal 0 0 1
  outer loop
    vertex -26 221.7094 7.1
    vertex -26.9648130052472 223.2862808772478 7.1
    vertex -28 221.7094 7.1
  endloop
endfacet
facet normal 0 0 1
  outer loop
    vertex -20 221.7094 7.1
    vertex -20.8343829031096 223.6087014613459 7.1
    vertex -22 221.7094 7.1
  endloop
endfacet
facet normal 0 0 1
  outer loop
    vertex -14 221.7094 7.1
    vertex -14.91685702330501 223.5134185964404 7.1
    vertex -16 221.7094 7.1
  endloop
endfacet
facet normal 0 0 1
  outer loop
    vertex -8 221.7094 7.1
    vertex -9.043978904496262 223.3454124160316 7.1
    vertex -10 221.7094 7.1
  endloop
endfacet
facet normal 0 0 1
  outer loop
    vertex -4 221.7094 7.1
    vertex -4.883202299124225 223.3794914064665 7.1
    vertex -6 221.7094 7.1
  endloop
endfacet
facet normal 0 0 1
  outer loop
    vertex 2 221.7094 7.1
    vertex 0.999999999999998 223.4414508075689 7.1
    vertex 0 221.7094 7.1
  endloop
endfacet
facet normal 0 0 1
  outer loop
    vertex 8 221.7094 7.1
    vertex 7.000002778248508 223.4414517873999 7.1
    vertex 6 221.7094 7.1
  endloop
endfacet
facet normal 0 0 1
  outer loop
    vertex 10 221.7094 7.1
    vertex 9.018607935457542 223.4796099178418 7.1
    vertex 8 221.7094 7.1
  endloop
endfacet
facet normal 0 0 1
  outer loop
    vertex 12 221.7094 7.1
    vertex 11.11163946527182 223.6704075892989 7.1
    vertex 10 221.7094 7.1
  endloop
endfacet
facet normal 0 0 1
  outer loop
    vertex 18 221.7094 7.1
    vertex 17 223.4414508075689 7.1
    vertex 16 221.7094 7.1
  endloop
endfacet
facet normal 0 0 1
  outer loop
    vertex 24 221.7094 7.1
    vertex 22.97581075560524 223.6190604629505 7.1
    vertex 22 221.7094 7.1
  endloop
endfacet
facet normal 0 0 1
  outer loop
    vertex 30 221.7094 7.1
    vertex 29.18731730607236 223.5982945782885 7.1
    vertex 28 221.7094 7.1
  endloop
endfacet
facet normal 0 0 1
  outer loop
    vertex 36 221.7094 7.1
    vertex 35.00168655053229 223.3847568115631 7.1
    vertex 34 221.7094 7.1
  endloop
endfacet
facet normal -0 0 1
  outer loop
    vertex 38 238.3094 7.1
    vertex 39.00151936938542 236.5786974813548 7.1
    vertex 40 238.3094 7.1
  endloop
endfacet
facet normal -0 0 1
  outer loop
    vertex 34 238.3094 7.1
    vertex 35.0033555939934 236.5741881678293 7.1
    vertex 36 238.3094 7.1
  endloop
endfacet
facet normal -0 0 1
  outer loop
    vertex 28 238.3094 7.1
    vertex 29.04935083495617 236.5954633682512 7.1
    vertex 30 238.3094 7.1
  endloop
endfacet
facet normal -0 0 1
  outer loop
    vertex 26 238.3094 7.1
    vertex 27.02158080221291 236.6662668112702 7.1
    vertex 28 238.3094 7.1
  endloop
endfacet
facet normal -0 0 1
  outer loop
    vertex 24 238.3094 7.1
    vertex 24.79683954001115 236.6649665887542 7.1
    vertex 26 238.3094 7.1
  endloop
endfacet
facet normal 0 0 1
  outer loop
    vertex 24.79683954001115 236.6649665887542 7.1
    vertex 27.02158080221291 236.6662668112702 7.1
    vertex 26 238.3094 7.1
  endloop
endfacet
facet normal -0 0 1
  outer loop
    vertex 20 238.3094 7.1
    vertex 21.25488215760917 236.4628378066484 7.1
    vertex 22 238.3094 7.1
  endloop
endfacet
facet normal -0 0 1
  outer loop
    vertex 16 238.3094 7.1
    vertex 17.00088028255782 236.6466605348329 7.1
    vertex 18 238.3094 7.1
  endloop
endfacet
facet normal -0 0 1
  outer loop
    vertex 14 238.3094 7.1
    vertex 15.00014555246468 236.5889020806272 7.1
    vertex 16 238.3094 7.1
  endloop
endfacet
facet normal -0 0 1
  outer loop
    vertex 12 238.3094 7.1
    vertex 13.00000323711664 236.5773492874116 7.1
    vertex 14 238.3094 7.1
  endloop
endfacet
facet normal -0 0 1
  outer loop
    vertex 8 238.3094 7.1
    vertex 8.999999999999998 236.5773491924311 7.1
    vertex 10 238.3094 7.1
  endloop
endfacet
facet normal -0 0 1
  outer loop
    vertex 4 238.3094 7.1
    vertex 4.987953440194964 236.5667039020574 7.1
    vertex 6 238.3094 7.1
  endloop
endfacet
facet normal -0 0 1
  outer loop
    vertex 2 238.3094 7.1
    vertex 2.997992287352599 236.5755749805596 7.1
    vertex 4 238.3094 7.1
  endloop
endfacet
facet normal -0 0 1
  outer loop
    vertex 0 238.3094 7.1
    vertex 1.00000028392064 236.5773492115754 7.1
    vertex 2 238.3094 7.1
  endloop
endfacet
facet normal -0 0 1
  outer loop
    vertex -6 238.3094 7.1
    vertex -5.000735814562981 236.5419787378734 7.1
    vertex -4 238.3094 7.1
  endloop
endfacet
facet normal -0 0 1
  outer loop
    vertex -12 238.3094 7.1
    vertex -11.03644572287442 236.7036908100966 7.1
    vertex -10 238.3094 7.1
  endloop
endfacet
facet normal -0 0 1
  outer loop
    vertex -14 238.3094 7.1
    vertex -13.00607960558173 236.5984030694613 7.1
    vertex -12 238.3094 7.1
  endloop
endfacet
facet normal -0 0 1
  outer loop
    vertex -16 238.3094 7.1
    vertex -15.00003185162341 236.577330802887 7.1
    vertex -14 238.3094 7.1
  endloop
endfacet
facet normal -0 0 1
  outer loop
    vertex -22 238.3094 7.1
    vertex -21 236.5773491924311 7.1
    vertex -20 238.3094 7.1
  endloop
endfacet
facet normal -0 0 1
  outer loop
    vertex -24 238.3094 7.1
    vertex -22.99241540153354 236.6441491988658 7.1
    vertex -22 238.3094 7.1
  endloop
endfacet
facet normal -0 0 1
  outer loop
    vertex -26 238.3094 7.1
    vertex -24.95449240920121 236.603623012229 7.1
    vertex -24 238.3094 7.1
  endloop
endfacet
facet normal 0 0 1
  outer loop
    vertex -24.95449240920121 236.603623012229 7.1
    vertex -22.99241540153354 236.6441491988658 7.1
    vertex -24 238.3094 7.1
  endloop
endfacet
facet normal -0 0 1
  outer loop
    vertex -28 238.3094 7.1
    vertex -26.878857817019 236.6739865629041 7.1
    vertex -26 238.3094 7.1
  endloop
endfacet
facet normal -0 0 1
  outer loop
    vertex -30 238.3094 7.1
    vertex -29 236.5773491924311 7.1
    vertex -28 238.3094 7.1
  endloop
endfacet
facet normal 0 0 1
  outer loop
    vertex -29 236.5773491924311 7.1
    vertex -26.878857817019 236.6739865629041 7.1
    vertex -28 238.3094 7.1
  endloop
endfacet
facet normal -0 0 1
  outer loop
    vertex -36 238.3094 7.1
    vertex -35 236.5773491924311 7.1
    vertex -34 238.3094 7.1
  endloop
endfacet
facet normal 0 -0 1
  outer loop
    vertex -27.91400727033183 226.7611263440536 7.1
    vertex -26.29685802010145 227.9383169764631 7.1
    vertex -28.13639835651339 228.704366425203 7.1
  endloop
endfacet
facet normal -0 0 1
  outer loop
    vertex -29.72753123589747 227.4931928133227 7.1
    vertex -27.91400727033183 226.7611263440536 7.1
    vertex -28.13639835651339 228.704366425203 7.1
  endloop
endfacet
facet normal 0 0 1
  outer loop
    vertex -29.72753123589747 227.4931928133227 7.1
    vertex -29.47464546888594 225.5092562745571 7.1
    vertex -27.91400727033183 226.7611263440536 7.1
  endloop
endfacet
facet normal 0 0 1
  outer loop
    vertex -30.23430495080743 231.4609583324469 7.1
    vertex -32.0788952351563 232.2331992975838 7.1
    vertex -31.82536488111502 230.2500291658967 7.1
  endloop
endfacet
facet normal 0 0 1
  outer loop
    vertex -28.38964101200341 230.6882556900236 7.1
    vertex -30.23430495080743 231.4609583324469 7.1
    vertex -29.98081689753082 229.4770823165387 7.1
  endloop
endfacet
facet normal 0 0 1
  outer loop
    vertex -29.98081689753082 229.4770823165387 7.1
    vertex -29.72753123589747 227.4931928133227 7.1
    vertex -28.13639835651339 228.704366425203 7.1
  endloop
endfacet
facet normal 0 0 1
  outer loop
    vertex -30.23430495080743 231.4609583324469 7.1
    vertex -31.82536488111502 230.2500291658967 7.1
    vertex -29.98081689753082 229.4770823165387 7.1
  endloop
endfacet
facet normal -0 0 1
  outer loop
    vertex -28.13639835651339 228.704366425203 7.1
    vertex -26.29685802010145 227.9383169764631 7.1
    vertex -26.544953380696 229.9154343732461 7.1
  endloop
endfacet
facet normal 0 0 1
  outer loop
    vertex -28.38964101200341 230.6882556900236 7.1
    vertex -29.98081689753082 229.4770823165387 7.1
    vertex -28.13639835651339 228.704366425203 7.1
  endloop
endfacet
facet normal 0 0 1
  outer loop
    vertex -24.95356599459813 231.1263034841912 7.1
    vertex -25.31532357208735 233.1826080050519 7.1
    vertex -26.79816738075317 231.8994327201392 7.1
  endloop
endfacet
facet normal 0 0 1
  outer loop
    vertex -28.38964101200341 230.6882556900236 7.1
    vertex -28.13639835651339 228.704366425203 7.1
    vertex -26.544953380696 229.9154343732461 7.1
  endloop
endfacet
facet normal 0 0 1
  outer loop
    vertex -26.544953380696 229.9154343732461 7.1
    vertex -26.29685802010145 227.9383169764631 7.1
    vertex -24.70037721849591 229.1422144514446 7.1
  endloop
endfacet
facet normal 0 0 1
  outer loop
    vertex -25.31532357208735 233.1826080050519 7.1
    vertex -27.16462310490036 233.7691410137448 7.1
    vertex -26.79816738075317 231.8994327201392 7.1
  endloop
endfacet
facet normal 0 0 1
  outer loop
    vertex -26.79816738075317 231.8994327201392 7.1
    vertex -28.38964101200341 230.6882556900236 7.1
    vertex -26.544953380696 229.9154343732461 7.1
  endloop
endfacet
facet normal 0 0 1
  outer loop
    vertex -24.44698814838802 227.1588923353162 7.1
    vertex -26.1067380137922 226.0831926880336 7.1
    vertex -24.1936966124488 225.1752219993185 7.1
  endloop
endfacet
facet normal 0 0 1
  outer loop
    vertex -26.29685802010145 227.9383169764631 7.1
    vertex -26.1067380137922 226.0831926880336 7.1
    vertex -24.44698814838802 227.1588923353162 7.1
  endloop
endfacet
facet normal 0 0 1
  outer loop
    vertex -23.1094820484396 230.3513267795972 7.1
    vertex -24.95356599459813 231.1263034841912 7.1
    vertex -24.70037721849591 229.1422144514446 7.1
  endloop
endfacet
facet normal 0 -0 1
  outer loop
    vertex -24.95356599459813 231.1263034841912 7.1
    vertex -23.41335860110336 232.4040064371418 7.1
    vertex -25.31532357208735 233.1826080050519 7.1
  endloop
endfacet
facet normal 0 0 1
  outer loop
    vertex -24.95356599459813 231.1263034841912 7.1
    vertex -26.79816738075317 231.8994327201392 7.1
    vertex -26.544953380696 229.9154343732461 7.1
  endloop
endfacet
facet normal -0 0 1
  outer loop
    vertex -24.44698814838802 227.1588923353162 7.1
    vertex -22.57253956210683 226.4571537123904 7.1
    vertex -22.85591269431053 228.3684554069594 7.1
  endloop
endfacet
facet normal 0 0 1
  outer loop
    vertex -24.44698814838802 227.1588923353162 7.1
    vertex -24.1936966124488 225.1752219993185 7.1
    vertex -22.57253956210683 226.4571537123904 7.1
  endloop
endfacet
facet normal -0 0 1
  outer loop
    vertex -27.91400727033183 226.7611263440536 7.1
    vertex -26.1067380137922 226.0831926880336 7.1
    vertex -26.29685802010145 227.9383169764631 7.1
  endloop
endfacet
facet normal 0 0 1
  outer loop
    vertex -24.70037721849591 229.1422144514446 7.1
    vertex -26.29685802010145 227.9383169764631 7.1
    vertex -24.44698814838802 227.1588923353162 7.1
  endloop
endfacet
facet normal 0 0 1
  outer loop
    vertex -24.95356599459813 231.1263034841912 7.1
    vertex -26.544953380696 229.9154343732461 7.1
    vertex -24.70037721849591 229.1422144514446 7.1
  endloop
endfacet
facet normal 0 0 1
  outer loop
    vertex -24.70037721849591 229.1422144514446 7.1
    vertex -24.44698814838802 227.1588923353162 7.1
    vertex -22.85591269431053 228.3684554069594 7.1
  endloop
endfacet
facet normal 0 0 1
  outer loop
    vertex -19.68740634468746 230.7465895737363 7.1
    vertex -19.97856736950316 232.6288063805944 7.1
    vertex -21.52000833783213 231.5563916386796 7.1
  endloop
endfacet
facet normal 0 0 1
  outer loop
    vertex -2.975567827579582 223.4271576193206 7.1
    vertex -1.000000000000002 223.441448561046 7.1
    vertex -1.988482332575531 225.1598075742051 7.1
  endloop
endfacet
facet normal 0 0 1
  outer loop
    vertex -23.1094820484396 230.3513267795972 7.1
    vertex -24.70037721849591 229.1422144514446 7.1
    vertex -22.85591269431053 228.3684554069594 7.1
  endloop
endfacet
facet normal 0 0 1
  outer loop
    vertex -23.1094820484396 230.3513267795972 7.1
    vertex -22.85591269431053 228.3684554069594 7.1
    vertex -21.26599367680117 229.5730342348429 7.1
  endloop
endfacet
facet normal 0 0 1
  outer loop
    vertex -19.97856736950316 232.6288063805944 7.1
    vertex -21.84016450700834 233.5575655986452 7.1
    vertex -21.52000833783213 231.5563916386796 7.1
  endloop
endfacet
facet normal 0 0 1
  outer loop
    vertex -23.1094820484396 230.3513267795972 7.1
    vertex -23.41335860110336 232.4040064371418 7.1
    vertex -24.95356599459813 231.1263034841912 7.1
  endloop
endfacet
facet normal 0 0 1
  outer loop
    vertex -21.52000833783213 231.5563916386796 7.1
    vertex -23.1094820484396 230.3513267795972 7.1
    vertex -21.26599367680117 229.5730342348429 7.1
  endloop
endfacet
facet normal -0 0 1
  outer loop
    vertex -19.16481035547958 226.8229658463653 7.1
    vertex -17.32602767803603 226.0583428064944 7.1
    vertex -17.57010449562963 228.0289257670834 7.1
  endloop
endfacet
facet normal 0 0 1
  outer loop
    vertex 0 238.3094 7.1
    vertex -1.000789218550749 236.598365695892 7.1
    vertex 1.00000028392064 236.5773492115754 7.1
  endloop
endfacet
facet normal 0 0 1
  outer loop
    vertex -19.68740634468746 230.7465895737363 7.1
    vertex -21.52000833783213 231.5563916386796 7.1
    vertex -21.26599367680117 229.5730342348429 7.1
  endloop
endfacet
facet normal 0 0 1
  outer loop
    vertex -21.52000833783213 231.5563916386796 7.1
    vertex -23.41335860110336 232.4040064371418 7.1
    vertex -23.1094820484396 230.3513267795972 7.1
  endloop
endfacet
facet normal 0 0 1
  outer loop
    vertex -21.84016450700834 233.5575655986452 7.1
    vertex -23.41335860110336 232.4040064371418 7.1
    vertex -21.52000833783213 231.5563916386796 7.1
  endloop
endfacet
facet normal 0 0 1
  outer loop
    vertex -19.41657385127578 228.803664697803 7.1
    vertex -19.16481035547958 226.8229658463653 7.1
    vertex -17.57010449562963 228.0289257670834 7.1
  endloop
endfacet
facet normal 0 0 1
  outer loop
    vertex -19.68740634468746 230.7465895737363 7.1
    vertex -21.26599367680117 229.5730342348429 7.1
    vertex -19.41657385127578 228.803664697803 7.1
  endloop
endfacet
facet normal 0 -0 1
  outer loop
    vertex -2 221.7094 7.1
    vertex -1.000000000000002 223.441448561046 7.1
    vertex -2.975567827579582 223.4271576193206 7.1
  endloop
endfacet
facet normal -0 0 1
  outer loop
    vertex -22.85591269431053 228.3684554069594 7.1
    vertex -21.00555084596951 227.6065179588389 7.1
    vertex -21.26599367680117 229.5730342348429 7.1
  endloop
endfacet
facet normal -0 0 1
  outer loop
    vertex -18.97008032751174 224.8617759254995 7.1
    vertex -17.10338405362106 223.7562750698488 7.1
    vertex -17.32602767803603 226.0583428064944 7.1
  endloop
endfacet
facet normal 0 0 1
  outer loop
    vertex -17.81626503692795 229.9956948706435 7.1
    vertex -17.57010449562963 228.0289257670834 7.1
    vertex -15.96815588690828 229.2276247881889 7.1
  endloop
endfacet
facet normal 0 0 1
  outer loop
    vertex -17.81626503692795 229.9956948706435 7.1
    vertex -19.68740634468746 230.7465895737363 7.1
    vertex -19.41657385127578 228.803664697803 7.1
  endloop
endfacet
facet normal 0 0 1
  outer loop
    vertex -19.16481035547958 226.8229658463653 7.1
    vertex -18.97008032751174 224.8617759254995 7.1
    vertex -17.32602767803603 226.0583428064944 7.1
  endloop
endfacet
facet normal 0 0 1
  outer loop
    vertex -21.26599367680117 229.5730342348429 7.1
    vertex -21.00555084596951 227.6065179588389 7.1
    vertex -19.41657385127578 228.803664697803 7.1
  endloop
endfacet
facet normal 0 0 1
  outer loop
    vertex -12.54688719576304 229.686291887649 7.1
    vertex -12.29148721887321 227.6995067329993 7.1
    vertex -10.70232171429507 228.9137649210821 7.1
  endloop
endfacet
facet normal 0 0 1
  outer loop
    vertex -19.41657385127578 228.803664697803 7.1
    vertex -21.00555084596951 227.6065179588389 7.1
    vertex -19.16481035547958 226.8229658463653 7.1
  endloop
endfacet
facet normal -0 0 1
  outer loop
    vertex -14.12556510865302 228.4578441042119 7.1
    vertex -12.29148721887321 227.6995067329993 7.1
    vertex -12.54688719576304 229.686291887649 7.1
  endloop
endfacet
facet normal -0 0 1
  outer loop
    vertex -22.57253956210683 226.4571537123904 7.1
    vertex -20.75747493584315 225.6138338546723 7.1
    vertex -21.00555084596951 227.6065179588389 7.1
  endloop
endfacet
facet normal 0 0 1
  outer loop
    vertex -17.81626503692795 229.9956948706435 7.1
    vertex -19.41657385127578 228.803664697803 7.1
    vertex -17.57010449562963 228.0289257670834 7.1
  endloop
endfacet
facet normal -0 0 1
  outer loop
    vertex -7.772693009988678 233.319924048755 7.1
    vertex -5.940750690972201 232.4761294868762 7.1
    vertex -6.036609762414005 234.6324438132966 7.1
  endloop
endfacet
facet normal 0 -0 1
  outer loop
    vertex -7.772693009988678 233.319924048755 7.1
    vertex -6.036609762414005 234.6324438132966 7.1
    vertex -8.213084320917664 235.1705132105099 7.1
  endloop
endfacet
facet normal 0 0 1
  outer loop
    vertex -19.16481035547958 226.8229658463653 7.1
    vertex -20.75747493584315 225.6138338546723 7.1
    vertex -18.97008032751174 224.8617759254995 7.1
  endloop
endfacet
facet normal 0 0 1
  outer loop
    vertex -21.00555084596951 227.6065179588389 7.1
    vertex -20.75747493584315 225.6138338546723 7.1
    vertex -19.16481035547958 226.8229658463653 7.1
  endloop
endfacet
facet normal 0 -0 1
  outer loop
    vertex -17.32602767803603 226.0583428064944 7.1
    vertex -15.72975913873909 227.2637032281057 7.1
    vertex -17.57010449562963 228.0289257670834 7.1
  endloop
endfacet
facet normal 0 0 1
  outer loop
    vertex -15.96815588690828 229.2276247881889 7.1
    vertex -15.72975913873909 227.2637032281057 7.1
    vertex -14.12556510865302 228.4578441042119 7.1
  endloop
endfacet
facet normal 0 0 1
  outer loop
    vertex -14.31518240041733 230.3560905512946 7.1
    vertex -16.07848129509838 231.3521111593375 7.1
    vertex -15.96815588690828 229.2276247881889 7.1
  endloop
endfacet
facet normal 0 0 1
  outer loop
    vertex -10.95569823014716 230.8977259203673 7.1
    vertex -12.7599793404623 231.6026029582909 7.1
    vertex -12.54688719576304 229.686291887649 7.1
  endloop
endfacet
facet normal -0 0 1
  outer loop
    vertex -13.93670635950294 226.5485307563283 7.1
    vertex -12.10480118128102 225.4256994828605 7.1
    vertex -12.29148721887321 227.6995067329993 7.1
  endloop
endfacet
facet normal 0 0 1
  outer loop
    vertex 37.00700754880532 236.5815712832095 7.1
    vertex 36.20211847341193 234.8647582496259 7.1
    vertex 38.02884282106583 234.8747532870796 7.1
  endloop
endfacet
facet normal 0 0 1
  outer loop
    vertex -14.12556510865302 228.4578441042119 7.1
    vertex -15.72975913873909 227.2637032281057 7.1
    vertex -13.93670635950294 226.5485307563283 7.1
  endloop
endfacet
facet normal 0 0 1
  outer loop
    vertex -16.07848129509838 231.3521111593375 7.1
    vertex -17.81626503692795 229.9956948706435 7.1
    vertex -15.96815588690828 229.2276247881889 7.1
  endloop
endfacet
facet normal -0 0 1
  outer loop
    vertex -17.57010449562963 228.0289257670834 7.1
    vertex -15.72975913873909 227.2637032281057 7.1
    vertex -15.96815588690828 229.2276247881889 7.1
  endloop
endfacet
facet normal 0 0 1
  outer loop
    vertex -14.31518240041733 230.3560905512946 7.1
    vertex -14.12556510865302 228.4578441042119 7.1
    vertex -12.54688719576304 229.686291887649 7.1
  endloop
endfacet
facet normal 0 0 1
  outer loop
    vertex -14.31518240041733 230.3560905512946 7.1
    vertex -15.96815588690828 229.2276247881889 7.1
    vertex -14.12556510865302 228.4578441042119 7.1
  endloop
endfacet
facet normal 0 0 1
  outer loop
    vertex -14.12556510865302 228.4578441042119 7.1
    vertex -13.93670635950294 226.5485307563283 7.1
    vertex -12.29148721887321 227.6995067329993 7.1
  endloop
endfacet
facet normal 0 0 1
  outer loop
    vertex -12.7599793404623 231.6026029582909 7.1
    vertex -14.31518240041733 230.3560905512946 7.1
    vertex -12.54688719576304 229.686291887649 7.1
  endloop
endfacet
facet normal 0 0 1
  outer loop
    vertex -1.013391135606392 226.8756747678336 7.1
    vertex -2.996401029736126 226.7988018328659 7.1
    vertex -1.988482332575531 225.1598075742051 7.1
  endloop
endfacet
facet normal 0 0 1
  outer loop
    vertex 1.00000028392064 236.5773492115754 7.1
    vertex -1.000789218550749 236.598365695892 7.1
    vertex -0.004738327700583942 234.9713977759476 7.1
  endloop
endfacet
facet normal -0 0 1
  outer loop
    vertex -1.988482332575531 225.1598075742051 7.1
    vertex -1.000000000000002 223.441448561046 7.1
    vertex 0.005578953681843788 225.1656286906754 7.1
  endloop
endfacet
facet normal 0 0 1
  outer loop
    vertex -2 221.7094 7.1
    vertex -2.975567827579582 223.4271576193206 7.1
    vertex -4 221.7094 7.1
  endloop
endfacet
facet normal 0 0 1
  outer loop
    vertex -10.95569823014716 230.8977259203673 7.1
    vertex -12.54688719576304 229.686291887649 7.1
    vertex -10.70232171429507 228.9137649210821 7.1
  endloop
endfacet
facet normal 0 0 1
  outer loop
    vertex -5.679845270354394 230.5502759549758 7.1
    vertex -7.520862554892478 231.3355570396844 7.1
    vertex -7.275479342334489 229.3609017352022 7.1
  endloop
endfacet
facet normal 0 0 1
  outer loop
    vertex -10.95569823014716 230.8977259203673 7.1
    vertex -10.70232171429507 228.9137649210821 7.1
    vertex -9.11246047575027 230.1261943990572 7.1
  endloop
endfacet
facet normal 0 0 1
  outer loop
    vertex -7.772693009988678 233.319924048755 7.1
    vertex -8.213084320917664 235.1705132105099 7.1
    vertex -9.732872914380826 233.9919227322518 7.1
  endloop
endfacet
facet normal 0 0 1
  outer loop
    vertex -9.364402085966381 232.1088714554542 7.1
    vertex -11.25480253249812 232.8105848971915 7.1
    vertex -10.95569823014716 230.8977259203673 7.1
  endloop
endfacet
facet normal 0 0 1
  outer loop
    vertex -7.022936860556268 227.3806466622912 7.1
    vertex -8.577910445128051 226.2949074288265 7.1
    vertex -6.874522943501836 225.5246900238878 7.1
  endloop
endfacet
facet normal 0 0 1
  outer loop
    vertex -9.364402085966381 232.1088714554542 7.1
    vertex -10.95569823014716 230.8977259203673 7.1
    vertex -9.11246047575027 230.1261943990572 7.1
  endloop
endfacet
facet normal 0 0 1
  outer loop
    vertex -7.520862554892478 231.3355570396844 7.1
    vertex -7.772693009988678 233.319924048755 7.1
    vertex -9.364402085966381 232.1088714554542 7.1
  endloop
endfacet
facet normal 0 0 1
  outer loop
    vertex -9.732872914380826 233.9919227322518 7.1
    vertex -11.25480253249812 232.8105848971915 7.1
    vertex -9.364402085966381 232.1088714554542 7.1
  endloop
endfacet
facet normal 0 -0 1
  outer loop
    vertex -12.10480118128102 225.4256994828605 7.1
    vertex -10.44881165896111 226.9296701779006 7.1
    vertex -12.29148721887321 227.6995067329993 7.1
  endloop
endfacet
facet normal 0 0 1
  outer loop
    vertex -10.95569823014716 230.8977259203673 7.1
    vertex -11.25480253249812 232.8105848971915 7.1
    vertex -12.7599793404623 231.6026029582909 7.1
  endloop
endfacet
facet normal 0 0 1
  outer loop
    vertex -7.275479342334489 229.3609017352022 7.1
    vertex -8.856653416170877 228.1676808873933 7.1
    vertex -7.022936860556268 227.3806466622912 7.1
  endloop
endfacet
facet normal -0 0 1
  outer loop
    vertex -7.022936860556268 227.3806466622912 7.1
    vertex -5.114317131172564 226.6216561448202 7.1
    vertex -5.473514545889177 228.6450080985435 7.1
  endloop
endfacet
facet normal 0 0 1
  outer loop
    vertex -7.520862554892478 231.3355570396844 7.1
    vertex -9.11246047575027 230.1261943990572 7.1
    vertex -7.275479342334489 229.3609017352022 7.1
  endloop
endfacet
facet normal 0 0 1
  outer loop
    vertex -9.11246047575027 230.1261943990572 7.1
    vertex -8.856653416170877 228.1676808873933 7.1
    vertex -7.275479342334489 229.3609017352022 7.1
  endloop
endfacet
facet normal 0 0 1
  outer loop
    vertex -7.772693009988678 233.319924048755 7.1
    vertex -9.732872914380826 233.9919227322518 7.1
    vertex -9.364402085966381 232.1088714554542 7.1
  endloop
endfacet
facet normal 0 0 1
  outer loop
    vertex -7.520862554892478 231.3355570396844 7.1
    vertex -9.364402085966381 232.1088714554542 7.1
    vertex -9.11246047575027 230.1261943990572 7.1
  endloop
endfacet
facet normal 0 0 1
  outer loop
    vertex -7.275479342334489 229.3609017352022 7.1
    vertex -7.022936860556268 227.3806466622912 7.1
    vertex -5.473514545889177 228.6450080985435 7.1
  endloop
endfacet
facet normal 0 0 1
  outer loop
    vertex -7.022936860556268 227.3806466622912 7.1
    vertex -6.874522943501836 225.5246900238878 7.1
    vertex -5.114317131172564 226.6216561448202 7.1
  endloop
endfacet
facet normal 0 0 1
  outer loop
    vertex -7.022936860556268 227.3806466622912 7.1
    vertex -8.856653416170877 228.1676808873933 7.1
    vertex -8.577910445128051 226.2949074288265 7.1
  endloop
endfacet
facet normal 0 0 1
  outer loop
    vertex -5.679845270354394 230.5502759549758 7.1
    vertex -7.275479342334489 229.3609017352022 7.1
    vertex -5.473514545889177 228.6450080985435 7.1
  endloop
endfacet
facet normal 0 0 1
  outer loop
    vertex -5.679845270354394 230.5502759549758 7.1
    vertex -5.940750690972201 232.4761294868762 7.1
    vertex -7.520862554892478 231.3355570396844 7.1
  endloop
endfacet
facet normal 0 -0 1
  outer loop
    vertex -7.520862554892478 231.3355570396844 7.1
    vertex -5.940750690972201 232.4761294868762 7.1
    vertex -7.772693009988678 233.319924048755 7.1
  endloop
endfacet
facet normal 0 0 1
  outer loop
    vertex 5.985315491282758 225.059706405863 7.1
    vertex 4.998252890195927 223.4011302956121 7.1
    vertex 7.000002778248508 223.4414517873999 7.1
  endloop
endfacet
facet normal -0 0 1
  outer loop
    vertex -10.70232171429507 228.9137649210821 7.1
    vertex -8.856653416170877 228.1676808873933 7.1
    vertex -9.11246047575027 230.1261943990572 7.1
  endloop
endfacet
facet normal 0 0 1
  outer loop
    vertex -5.679845270354394 230.5502759549758 7.1
    vertex -5.473514545889177 228.6450080985435 7.1
    vertex -3.829605896103786 229.7907963601745 7.1
  endloop
endfacet
facet normal 0 -0 1
  outer loop
    vertex -4 221.7094 7.1
    vertex -2.975567827579582 223.4271576193206 7.1
    vertex -4.883202299124225 223.3794914064665 7.1
  endloop
endfacet
facet normal 0 0 1
  outer loop
    vertex -8.856653416170877 228.1676808873933 7.1
    vertex -10.44881165896111 226.9296701779006 7.1
    vertex -8.577910445128051 226.2949074288265 7.1
  endloop
endfacet
facet normal 0 0 1
  outer loop
    vertex -4.115922991887364 231.6957058293375 7.1
    vertex -5.940750690972201 232.4761294868762 7.1
    vertex -5.679845270354394 230.5502759549758 7.1
  endloop
endfacet
facet normal 0 0 1
  outer loop
    vertex -10.70232171429507 228.9137649210821 7.1
    vertex -10.44881165896111 226.9296701779006 7.1
    vertex -8.856653416170877 228.1676808873933 7.1
  endloop
endfacet
facet normal -0 0 1
  outer loop
    vertex -12.29148721887321 227.6995067329993 7.1
    vertex -10.44881165896111 226.9296701779006 7.1
    vertex -10.70232171429507 228.9137649210821 7.1
  endloop
endfacet
facet normal 0 0 1
  outer loop
    vertex 0.999999999999998 223.4414508075689 7.1
    vertex -1.000000000000002 223.441448561046 7.1
    vertex 0 221.7094 7.1
  endloop
endfacet
facet normal 0 0 1
  outer loop
    vertex -2.238113808624352 231.0020517179864 7.1
    vertex -2.05377774440304 228.7937049748933 7.1
    vertex -0.3689698239585976 230.2888609059465 7.1
  endloop
endfacet
facet normal 0 0 1
  outer loop
    vertex -4.115922991887364 231.6957058293375 7.1
    vertex -5.679845270354394 230.5502759549758 7.1
    vertex -3.829605896103786 229.7907963601745 7.1
  endloop
endfacet
facet normal 0 0 1
  outer loop
    vertex -2.238113808624352 231.0020517179864 7.1
    vertex -4.115922991887364 231.6957058293375 7.1
    vertex -3.829605896103786 229.7907963601745 7.1
  endloop
endfacet
facet normal 0 0 1
  outer loop
    vertex -2.238113808624352 231.0020517179864 7.1
    vertex -3.829605896103786 229.7907963601745 7.1
    vertex -2.05377774440304 228.7937049748933 7.1
  endloop
endfacet
facet normal 0 0 1
  outer loop
    vertex -1.013391135606392 226.8756747678336 7.1
    vertex -1.988482332575531 225.1598075742051 7.1
    vertex 0.005578953681843788 225.1656286906754 7.1
  endloop
endfacet
facet normal 0 0 1
  outer loop
    vertex 0 221.7094 7.1
    vertex -1.000000000000002 223.441448561046 7.1
    vertex -2 221.7094 7.1
  endloop
endfacet
facet normal 0 0 1
  outer loop
    vertex -0.6527227782415468 232.1098213138378 7.1
    vertex -2.238113808624352 231.0020517179864 7.1
    vertex -0.3689698239585976 230.2888609059465 7.1
  endloop
endfacet
facet normal 0 0 1
  outer loop
    vertex 4.88654952180541 229.8930393687519 7.1
    vertex 3.04777935225831 230.6857594237517 7.1
    vertex 3.326811138273504 228.7929249827879 7.1
  endloop
endfacet
facet normal 0 0 1
  outer loop
    vertex 3.04777935225831 230.6857594237517 7.1
    vertex 2.940020709149475 232.9177846036604 7.1
    vertex 1.198098599878588 231.4406590694995 7.1
  endloop
endfacet
facet normal 0 0 1
  outer loop
    vertex 1.198098599878588 231.4406590694995 7.1
    vertex -0.6527227782415468 232.1098213138378 7.1
    vertex -0.3689698239585976 230.2888609059465 7.1
  endloop
endfacet
facet normal 0 -0 1
  outer loop
    vertex 3.04777935225831 230.6857594237517 7.1
    vertex 4.634300045046211 231.8792578763104 7.1
    vertex 2.940020709149475 232.9177846036604 7.1
  endloop
endfacet
facet normal 0 0 1
  outer loop
    vertex 4.88654952180541 229.8930393687519 7.1
    vertex 3.326811138273504 228.7929249827879 7.1
    vertex 5.083178153391277 227.9860751781424 7.1
  endloop
endfacet
facet normal 0 0 1
  outer loop
    vertex 1.198098599878588 231.4406590694995 7.1
    vertex -0.3689698239585976 230.2888609059465 7.1
    vertex 1.512102125445066 229.6087384238331 7.1
  endloop
endfacet
facet normal 0 0 1
  outer loop
    vertex 3.04777935225831 230.6857594237517 7.1
    vertex 1.512102125445066 229.6087384238331 7.1
    vertex 3.326811138273504 228.7929249827879 7.1
  endloop
endfacet
facet normal -0 0 1
  outer loop
    vertex 5.083178153391277 227.9860751781424 7.1
    vertex 6.912525578677775 226.975118099786 7.1
    vertex 6.731481050197983 229.1209387897705 7.1
  endloop
endfacet
facet normal 0 0 1
  outer loop
    vertex 3.04777935225831 230.6857594237517 7.1
    vertex 1.198098599878588 231.4406590694995 7.1
    vertex 1.512102125445066 229.6087384238331 7.1
  endloop
endfacet
facet normal 0 0 1
  outer loop
    vertex 3.326811138273504 228.7929249827879 7.1
    vertex 3.20113448767292 226.8913309787309 7.1
    vertex 5.083178153391277 227.9860751781424 7.1
  endloop
endfacet
facet normal 0 0 1
  outer loop
    vertex 12 238.3094 7.1
    vertex 11.00000543632657 236.577350071502 7.1
    vertex 13.00000323711664 236.5773492874116 7.1
  endloop
endfacet
facet normal 0 0 1
  outer loop
    vertex 6.473896047647641 231.0944119949255 7.1
    vertex 4.634300045046211 231.8792578763104 7.1
    vertex 4.88654952180541 229.8930393687519 7.1
  endloop
endfacet
facet normal 0 0 1
  outer loop
    vertex 4.88654952180541 229.8930393687519 7.1
    vertex 4.634300045046211 231.8792578763104 7.1
    vertex 3.04777935225831 230.6857594237517 7.1
  endloop
endfacet
facet normal 0 0 1
  outer loop
    vertex 13.00000323711664 236.5773492874116 7.1
    vertex 11.00000543632657 236.577350071502 7.1
    vertex 12.00001020488638 234.8453042766562 7.1
  endloop
endfacet
facet normal 0 0 1
  outer loop
    vertex 6.473896047647641 231.0944119949255 7.1
    vertex 6.731481050197983 229.1209387897705 7.1
    vertex 8.319951707551008 230.325011508891 7.1
  endloop
endfacet
facet normal 0 0 1
  outer loop
    vertex 6.225783744067418 233.0904966825017 7.1
    vertex 4.634300045046211 231.8792578763104 7.1
    vertex 6.473896047647641 231.0944119949255 7.1
  endloop
endfacet
facet normal 0 0 1
  outer loop
    vertex 4.88654952180541 229.8930393687519 7.1
    vertex 5.083178153391277 227.9860751781424 7.1
    vertex 6.731481050197983 229.1209387897705 7.1
  endloop
endfacet
facet normal 0 0 1
  outer loop
    vertex 6.473896047647641 231.0944119949255 7.1
    vertex 4.88654952180541 229.8930393687519 7.1
    vertex 6.731481050197983 229.1209387897705 7.1
  endloop
endfacet
facet normal 0 0 1
  outer loop
    vertex 8.043575872769557 232.253593387474 7.1
    vertex 7.875403528002559 234.3774051119517 7.1
    vertex 6.225783744067418 233.0904966825017 7.1
  endloop
endfacet
facet normal 0 0 1
  outer loop
    vertex 8.043575872769557 232.253593387474 7.1
    vertex 6.225783744067418 233.0904966825017 7.1
    vertex 6.473896047647641 231.0944119949255 7.1
  endloop
endfacet
facet normal 0 0 1
  outer loop
    vertex 8.043575872769557 232.253593387474 7.1
    vertex 6.473896047647641 231.0944119949255 7.1
    vertex 8.319951707551008 230.325011508891 7.1
  endloop
endfacet
facet normal 0 0 1
  outer loop
    vertex 8.319951707551008 230.325011508891 7.1
    vertex 8.580906031427782 228.3418848092385 7.1
    vertex 10.16839288723 229.5613638950225 7.1
  endloop
endfacet
facet normal 0 0 1
  outer loop
    vertex 11.76000076231276 230.7723227197261 7.1
    vertex 11.36153159120927 232.9588588230309 7.1
    vertex 9.892665337547514 231.4913757000826 7.1
  endloop
endfacet
facet normal 0 -0 1
  outer loop
    vertex 6.912525578677775 226.975118099786 7.1
    vertex 8.580906031427782 228.3418848092385 7.1
    vertex 6.731481050197983 229.1209387897705 7.1
  endloop
endfacet
facet normal 0 0 1
  outer loop
    vertex -28.38964101200341 230.6882556900236 7.1
    vertex -28.66465161202047 232.6448462761748 7.1
    vertex -30.23430495080743 231.4609583324469 7.1
  endloop
endfacet
facet normal 0 0 1
  outer loop
    vertex 9.892665337547514 231.4913757000826 7.1
    vertex 8.043575872769557 232.253593387474 7.1
    vertex 8.319951707551008 230.325011508891 7.1
  endloop
endfacet
facet normal 0 0 1
  outer loop
    vertex 10.16839288723 229.5613638950225 7.1
    vertex 8.580906031427782 228.3418848092385 7.1
    vertex 10.47513602673708 227.2859397432798 7.1
  endloop
endfacet
facet normal 0 0 1
  outer loop
    vertex 14.11093247852721 226.0323309449341 7.1
    vertex 12.65590719972116 224.8875676788407 7.1
    vertex 14.18457400691282 223.9797506282525 7.1
  endloop
endfacet
facet normal 0 0 1
  outer loop
    vertex 9.892665337547514 231.4913757000826 7.1
    vertex 8.319951707551008 230.325011508891 7.1
    vertex 10.16839288723 229.5613638950225 7.1
  endloop
endfacet
facet normal -0 0 1
  outer loop
    vertex 13.85781631803472 228.0159756261951 7.1
    vertex 15.70233081214601 227.2434710274577 7.1
    vertex 15.44903448495198 229.2273710412372 7.1
  endloop
endfacet
facet normal -0 0 1
  outer loop
    vertex 6.731481050197983 229.1209387897705 7.1
    vertex 8.580906031427782 228.3418848092385 7.1
    vertex 8.319951707551008 230.325011508891 7.1
  endloop
endfacet
facet normal 0 0 1
  outer loop
    vertex 13.6053530673942 229.9987266890378 7.1
    vertex 11.76000076231276 230.7723227197261 7.1
    vertex 12.01321576354565 228.7885237797881 7.1
  endloop
endfacet
facet normal 0 0 1
  outer loop
    vertex 11.76000076231276 230.7723227197261 7.1
    vertex 9.892665337547514 231.4913757000826 7.1
    vertex 10.16839288723 229.5613638950225 7.1
  endloop
endfacet
facet normal 0 0 1
  outer loop
    vertex 10.16839288723 229.5613638950225 7.1
    vertex 10.47513602673708 227.2859397432798 7.1
    vertex 12.01321576354565 228.7885237797881 7.1
  endloop
endfacet
facet normal 0 0 1
  outer loop
    vertex 15.44903448495198 229.2273710412372 7.1
    vertex 15.70233081214601 227.2434710274577 7.1
    vertex 17.29392715128415 228.4539147137449 7.1
  endloop
endfacet
facet normal 0 -0 1
  outer loop
    vertex 11.76000076231276 230.7723227197261 7.1
    vertex 13.31720800635191 231.9422749834635 7.1
    vertex 11.36153159120927 232.9588588230309 7.1
  endloop
endfacet
facet normal 0 0 1
  outer loop
    vertex 11.76000076231276 230.7723227197261 7.1
    vertex 10.16839288723 229.5613638950225 7.1
    vertex 12.01321576354565 228.7885237797881 7.1
  endloop
endfacet
facet normal 0 0 1
  outer loop
    vertex 13.6053530673942 229.9987266890378 7.1
    vertex 13.85781631803472 228.0159756261951 7.1
    vertex 15.44903448495198 229.2273710412372 7.1
  endloop
endfacet
facet normal 0 0 1
  outer loop
    vertex 13.6053530673942 229.9987266890378 7.1
    vertex 12.01321576354565 228.7885237797881 7.1
    vertex 13.85781631803472 228.0159756261951 7.1
  endloop
endfacet
facet normal 0 0 1
  outer loop
    vertex 14.11093247852721 226.0323309449341 7.1
    vertex 14.18457400691282 223.9797506282525 7.1
    vertex 16.03002373318547 225.0288216594939 7.1
  endloop
endfacet
facet normal -0 0 1
  outer loop
    vertex 14.11093247852721 226.0323309449341 7.1
    vertex 16.03002373318547 225.0288216594939 7.1
    vertex 15.70233081214601 227.2434710274577 7.1
  endloop
endfacet
facet normal 0 0 1
  outer loop
    vertex 13.85781631803472 228.0159756261951 7.1
    vertex 14.11093247852721 226.0323309449341 7.1
    vertex 15.70233081214601 227.2434710274577 7.1
  endloop
endfacet
facet normal 0 0 1
  outer loop
    vertex 13.6053530673942 229.9987266890378 7.1
    vertex 13.31720800635191 231.9422749834635 7.1
    vertex 11.76000076231276 230.7723227197261 7.1
  endloop
endfacet
facet normal 0 0 1
  outer loop
    vertex 15.20129338535291 231.2037788758675 7.1
    vertex 13.31720800635191 231.9422749834635 7.1
    vertex 13.6053530673942 229.9987266890378 7.1
  endloop
endfacet
facet normal 0 0 1
  outer loop
    vertex 14.11093247852721 226.0323309449341 7.1
    vertex 12.41138328785488 226.7818322898309 7.1
    vertex 12.65590719972116 224.8875676788407 7.1
  endloop
endfacet
facet normal 0 0 1
  outer loop
    vertex 17.04076101291523 230.4373009933748 7.1
    vertex 15.20129338535291 231.2037788758675 7.1
    vertex 15.44903448495198 229.2273710412372 7.1
  endloop
endfacet
facet normal -0 0 1
  outer loop
    vertex 10.47513602673708 227.2859397432798 7.1
    vertex 12.41138328785488 226.7818322898309 7.1
    vertex 12.01321576354565 228.7885237797881 7.1
  endloop
endfacet
facet normal 0 0 1
  outer loop
    vertex 12.01321576354565 228.7885237797881 7.1
    vertex 12.41138328785488 226.7818322898309 7.1
    vertex 13.85781631803472 228.0159756261951 7.1
  endloop
endfacet
facet normal 0 0 1
  outer loop
    vertex 15.20129338535291 231.2037788758675 7.1
    vertex 13.6053530673942 229.9987266890378 7.1
    vertex 15.44903448495198 229.2273710412372 7.1
  endloop
endfacet
facet normal 0 0 1
  outer loop
    vertex 13.85781631803472 228.0159756261951 7.1
    vertex 12.41138328785488 226.7818322898309 7.1
    vertex 14.11093247852721 226.0323309449341 7.1
  endloop
endfacet
facet normal 0 -0 1
  outer loop
    vertex 20.47775395943214 230.8680306480705 7.1
    vertex 22.03511104807174 231.955128173703 7.1
    vertex 20.22286030799262 232.8604100087437 7.1
  endloop
endfacet
facet normal 0 0 1
  outer loop
    vertex 17.04076101291523 230.4373009933748 7.1
    vertex 15.44903448495198 229.2273710412372 7.1
    vertex 17.29392715128415 228.4539147137449 7.1
  endloop
endfacet
facet normal 0 0 1
  outer loop
    vertex 17.04076101291523 230.4373009933748 7.1
    vertex 17.29392715128415 228.4539147137449 7.1
    vertex 18.88669729916598 229.6612022526409 7.1
  endloop
endfacet
facet normal 0 -0 1
  outer loop
    vertex 16.03002373318547 225.0288216594939 7.1
    vertex 17.54675288667277 226.4713475317523 7.1
    vertex 15.70233081214601 227.2434710274577 7.1
  endloop
endfacet
facet normal 0 0 1
  outer loop
    vertex 20.47775395943214 230.8680306480705 7.1
    vertex 20.22286030799262 232.8604100087437 7.1
    vertex 18.63222383401558 231.6472114689468 7.1
  endloop
endfacet
facet normal 0 0 1
  outer loop
    vertex 20.22286030799262 232.8604100087437 7.1
    vertex 19.76115469522628 234.8130850289432 7.1
    vertex 18.26956920011051 233.6453800825614 7.1
  endloop
endfacet
facet normal 0 0 1
  outer loop
    vertex 20.99353783293908 226.8928147663246 7.1
    vertex 19.41744801316641 225.7540904379169 7.1
    vertex 21.23586048284329 224.9270343655442 7.1
  endloop
endfacet
facet normal 0 0 1
  outer loop
    vertex 17.29392715128415 228.4539147137449 7.1
    vertex 17.54675288667277 226.4713475317523 7.1
    vertex 19.13804274857911 227.6826493140296 7.1
  endloop
endfacet
facet normal 0 0 1
  outer loop
    vertex 20.22286030799262 232.8604100087437 7.1
    vertex 18.26956920011051 233.6453800825614 7.1
    vertex 18.63222383401558 231.6472114689468 7.1
  endloop
endfacet
facet normal 0 0 1
  outer loop
    vertex 19.41744801316641 225.7540904379169 7.1
    vertex 19.70675513898695 223.9234424451113 7.1
    vertex 21.23586048284329 224.9270343655442 7.1
  endloop
endfacet
facet normal 0 0 1
  outer loop
    vertex 17.04076101291523 230.4373009933748 7.1
    vertex 16.73491501531438 232.4580873966117 7.1
    vertex 15.20129338535291 231.2037788758675 7.1
  endloop
endfacet
facet normal 0 0 1
  outer loop
    vertex 18.63222383401558 231.6472114689468 7.1
    vertex 17.04076101291523 230.4373009933748 7.1
    vertex 18.88669729916598 229.6612022526409 7.1
  endloop
endfacet
facet normal 0 0 1
  outer loop
    vertex 19.13804274857911 227.6826493140296 7.1
    vertex 17.54675288667277 226.4713475317523 7.1
    vertex 19.41744801316641 225.7540904379169 7.1
  endloop
endfacet
facet normal 0 0 1
  outer loop
    vertex 31.01465289962955 236.5661103464838 7.1
    vertex 30.07281162919359 234.8458027358856 7.1
    vertex 32.00947633641361 234.8318441840731 7.1
  endloop
endfacet
facet normal 0 0 1
  outer loop
    vertex 18.26956920011051 233.6453800825614 7.1
    vertex 16.73491501531438 232.4580873966117 7.1
    vertex 18.63222383401558 231.6472114689468 7.1
  endloop
endfacet
facet normal 0 0 1
  outer loop
    vertex 18.63222383401558 231.6472114689468 7.1
    vertex 16.73491501531438 232.4580873966117 7.1
    vertex 17.04076101291523 230.4373009933748 7.1
  endloop
endfacet
facet normal -0 0 1
  outer loop
    vertex 20.99353783293908 226.8928147663246 7.1
    vertex 22.86452358138504 225.8877048157358 7.1
    vertex 22.63041123877218 228.0358789486469 7.1
  endloop
endfacet
facet normal 0 0 1
  outer loop
    vertex 18.88669729916598 229.6612022526409 7.1
    vertex 19.13804274857911 227.6826493140296 7.1
    vertex 20.7388450677721 228.8737048605404 7.1
  endloop
endfacet
facet normal 0 0 1
  outer loop
    vertex 20.47775395943214 230.8680306480705 7.1
    vertex 18.63222383401558 231.6472114689468 7.1
    vertex 18.88669729916598 229.6612022526409 7.1
  endloop
endfacet
facet normal -0 0 1
  outer loop
    vertex 17.29392715128415 228.4539147137449 7.1
    vertex 19.13804274857911 227.6826493140296 7.1
    vertex 18.88669729916598 229.6612022526409 7.1
  endloop
endfacet
facet normal 0 0 1
  outer loop
    vertex 20.99353783293908 226.8928147663246 7.1
    vertex 21.23586048284329 224.9270343655442 7.1
    vertex 22.86452358138504 225.8877048157358 7.1
  endloop
endfacet
facet normal -0 0 1
  outer loop
    vertex 15.70233081214601 227.2434710274577 7.1
    vertex 17.54675288667277 226.4713475317523 7.1
    vertex 17.29392715128415 228.4539147137449 7.1
  endloop
endfacet
facet normal 0 0 1
  outer loop
    vertex 20.99353783293908 226.8928147663246 7.1
    vertex 19.13804274857911 227.6826493140296 7.1
    vertex 19.41744801316641 225.7540904379169 7.1
  endloop
endfacet
facet normal 0 0 1
  outer loop
    vertex 22.32157883294235 230.0703338270536 7.1
    vertex 20.47775395943214 230.8680306480705 7.1
    vertex 20.7388450677721 228.8737048605404 7.1
  endloop
endfacet
facet normal 0 0 1
  outer loop
    vertex 20.7388450677721 228.8737048605404 7.1
    vertex 19.13804274857911 227.6826493140296 7.1
    vertex 20.99353783293908 226.8928147663246 7.1
  endloop
endfacet
facet normal 0 0 1
  outer loop
    vertex 20.47775395943214 230.8680306480705 7.1
    vertex 18.88669729916598 229.6612022526409 7.1
    vertex 20.7388450677721 228.8737048605404 7.1
  endloop
endfacet
facet normal -0 0 1
  outer loop
    vertex 20.22286030799262 232.8604100087437 7.1
    vertex 22.03511104807174 231.955128173703 7.1
    vertex 21.9335765355461 234.1002443091892 7.1
  endloop
endfacet
facet normal 0 0 1
  outer loop
    vertex 20.7388450677721 228.8737048605404 7.1
    vertex 20.99353783293908 226.8928147663246 7.1
    vertex 22.63041123877218 228.0358789486469 7.1
  endloop
endfacet
facet normal 0 0 1
  outer loop
    vertex -31.82536488111502 230.2500291658967 7.1
    vertex -31.56932698822763 228.2713983476812 7.1
    vertex -29.98081689753082 229.4770823165387 7.1
  endloop
endfacet
facet normal 0 0 1
  outer loop
    vertex 25.74671847239807 230.5266208851771 7.1
    vertex 23.87173400046159 231.1896439503958 7.1
    vertex 24.21289012737563 229.2518563243509 7.1
  endloop
endfacet
facet normal 0 0 1
  outer loop
    vertex 22.32157883294235 230.0703338270536 7.1
    vertex 20.7388450677721 228.8737048605404 7.1
    vertex 22.63041123877218 228.0358789486469 7.1
  endloop
endfacet
facet normal 0 0 1
  outer loop
    vertex 22.32157883294235 230.0703338270536 7.1
    vertex 22.63041123877218 228.0358789486469 7.1
    vertex 24.21289012737563 229.2518563243509 7.1
  endloop
endfacet
facet normal 0 -0 1
  outer loop
    vertex -32.0788952351563 232.2331992975838 7.1
    vertex -30.48846826486345 233.434851118996 7.1
    vertex -32.31968824113255 234.1978783014476 7.1
  endloop
endfacet
facet normal 0 0 1
  outer loop
    vertex 33.018421247922 236.5280941308698 7.1
    vertex 31.01465289962955 236.5661103464838 7.1
    vertex 32.00947633641361 234.8318441840731 7.1
  endloop
endfacet
facet normal 0 0 1
  outer loop
    vertex 23.87173400046159 231.1896439503958 7.1
    vertex 22.32157883294235 230.0703338270536 7.1
    vertex 24.21289012737563 229.2518563243509 7.1
  endloop
endfacet
facet normal 0 0 1
  outer loop
    vertex 25.74671847239807 230.5266208851771 7.1
    vertex 26.01747867822379 228.4929829926728 7.1
    vertex 27.56003589785981 229.685740765751 7.1
  endloop
endfacet
facet normal 0 0 1
  outer loop
    vertex 25.74671847239807 230.5266208851771 7.1
    vertex 24.21289012737563 229.2518563243509 7.1
    vertex 26.01747867822379 228.4929829926728 7.1
  endloop
endfacet
facet normal 0 0 1
  outer loop
    vertex 39.00151936938542 236.5786974813548 7.1
    vertex 38.02884282106583 234.8747532870796 7.1
    vertex 39.95820020218694 235.0010843387483 7.1
  endloop
endfacet
facet normal 0 0 1
  outer loop
    vertex 29.14318735407159 230.8810051394383 7.1
    vertex 29.06189707006571 232.9889261567143 7.1
    vertex 27.33871105272456 231.7410750440892 7.1
  endloop
endfacet
facet normal 0 0 1
  outer loop
    vertex 25.74671847239807 230.5266208851771 7.1
    vertex 25.193154684174 232.5084222457641 7.1
    vertex 23.87173400046159 231.1896439503958 7.1
  endloop
endfacet
facet normal 0 0 1
  outer loop
    vertex -32.0788952351563 232.2331992975838 7.1
    vertex -32.31968824113255 234.1978783014476 7.1
    vertex -33.9135381538044 232.9836083977945 7.1
  endloop
endfacet
facet normal 0 0 1
  outer loop
    vertex 29.06189707006571 232.9889261567143 7.1
    vertex 26.90720679834886 233.5484864762658 7.1
    vertex 27.33871105272456 231.7410750440892 7.1
  endloop
endfacet
facet normal 0 0 1
  outer loop
    vertex 27.33871105272456 231.7410750440892 7.1
    vertex 25.193154684174 232.5084222457641 7.1
    vertex 25.74671847239807 230.5266208851771 7.1
  endloop
endfacet
facet normal 0 0 1
  outer loop
    vertex 27.33871105272456 231.7410750440892 7.1
    vertex 25.74671847239807 230.5266208851771 7.1
    vertex 27.56003589785981 229.685740765751 7.1
  endloop
endfacet
facet normal 0 0 1
  outer loop
    vertex 26.90720679834886 233.5484864762658 7.1
    vertex 25.193154684174 232.5084222457641 7.1
    vertex 27.33871105272456 231.7410750440892 7.1
  endloop
endfacet
facet normal -0 0 1
  outer loop
    vertex -35.00801316476888 227.8243427408029 7.1
    vertex -33.15334285910055 227.0806752944854 7.1
    vertex -33.41575373542379 229.0401130388845 7.1
  endloop
endfacet
facet normal 0 0 1
  outer loop
    vertex -29.98081689753082 229.4770823165387 7.1
    vertex -31.56932698822763 228.2713983476812 7.1
    vertex -29.72753123589747 227.4931928133227 7.1
  endloop
endfacet
facet normal 0 0 1
  outer loop
    vertex 31.02514031116759 230.2085707099577 7.1
    vertex 29.14318735407159 230.8810051394383 7.1
    vertex 29.41259941953275 228.9413002080385 7.1
  endloop
endfacet
facet normal 0 0 1
  outer loop
    vertex -37.0977705215987 230.5787332414599 7.1
    vertex -37.3533838492196 232.546446764453 7.1
    vertex -38.92519513896663 231.33945806173 7.1
  endloop
endfacet
facet normal -0 0 1
  outer loop
    vertex 29.71253293559711 226.8919283587714 7.1
    vertex 31.68450186576485 226.2295301417535 7.1
    vertex 31.27777047189835 228.2305195579994 7.1
  endloop
endfacet
facet normal 0 0 1
  outer loop
    vertex 29.14318735407159 230.8810051394383 7.1
    vertex 27.33871105272456 231.7410750440892 7.1
    vertex 27.56003589785981 229.685740765751 7.1
  endloop
endfacet
facet normal 0 0 1
  outer loop
    vertex 31.02514031116759 230.2085707099577 7.1
    vertex 29.41259941953275 228.9413002080385 7.1
    vertex 31.27777047189835 228.2305195579994 7.1
  endloop
endfacet
facet normal 0 0 1
  outer loop
    vertex 29.41259941953275 228.9413002080385 7.1
    vertex 29.71253293559711 226.8919283587714 7.1
    vertex 31.27777047189835 228.2305195579994 7.1
  endloop
endfacet
facet normal 0 0 1
  outer loop
    vertex 31.02514031116759 230.2085707099577 7.1
    vertex 31.27777047189835 228.2305195579994 7.1
    vertex 32.86376874158577 229.4392934634519 7.1
  endloop
endfacet
facet normal 0 0 1
  outer loop
    vertex 38 238.3094 7.1
    vertex 37.00700754880532 236.5815712832095 7.1
    vertex 39.00151936938542 236.5786974813548 7.1
  endloop
endfacet
facet normal 0 0 1
  outer loop
    vertex 29.14318735407159 230.8810051394383 7.1
    vertex 27.56003589785981 229.685740765751 7.1
    vertex 29.41259941953275 228.9413002080385 7.1
  endloop
endfacet
facet normal 0 0 1
  outer loop
    vertex 34.44836878074536 230.6447391312597 7.1
    vertex 32.39651813276659 231.5657621287649 7.1
    vertex 32.86376874158577 229.4392934634519 7.1
  endloop
endfacet
facet normal -0 0 1
  outer loop
    vertex -21 236.5773491924311 7.1
    vertex -19.01986481270247 236.5737134653875 7.1
    vertex -20 238.3094 7.1
  endloop
endfacet
facet normal 0 0 1
  outer loop
    vertex -16.99124414509651 236.5874012501495 7.1
    vertex -19.01986481270247 236.5737134653875 7.1
    vertex -17.94743307794818 234.9018478603707 7.1
  endloop
endfacet
facet normal 0 0 1
  outer loop
    vertex -18 238.3094 7.1
    vertex -19.01986481270247 236.5737134653875 7.1
    vertex -16.99124414509651 236.5874012501495 7.1
  endloop
endfacet
facet normal -0 0 1
  outer loop
    vertex 31.27777047189835 228.2305195579994 7.1
    vertex 33.11698408962649 227.4622049988115 7.1
    vertex 32.86376874158577 229.4392934634519 7.1
  endloop
endfacet
facet normal 0 0 1
  outer loop
    vertex 32.39651813276659 231.5657621287649 7.1
    vertex 31.02514031116759 230.2085707099577 7.1
    vertex 32.86376874158577 229.4392934634519 7.1
  endloop
endfacet
facet normal 0 0 1
  outer loop
    vertex 32.86376874158577 229.4392934634519 7.1
    vertex 33.11698408962649 227.4622049988115 7.1
    vertex 34.68928036608415 228.7452766716912 7.1
  endloop
endfacet
facet normal 0 -0 1
  outer loop
    vertex 31.68450186576485 226.2295301417535 7.1
    vertex 33.11698408962649 227.4622049988115 7.1
    vertex 31.27777047189835 228.2305195579994 7.1
  endloop
endfacet
facet normal 0 0 1
  outer loop
    vertex -37.3533838492196 232.546446764453 7.1
    vertex -37.45706896660117 234.4622308773951 7.1
    vertex -39.17529196010931 233.2912992030884 7.1
  endloop
endfacet
facet normal 0 0 1
  outer loop
    vertex 34.44836878074536 230.6447391312597 7.1
    vertex 34.68928036608415 228.7452766716912 7.1
    vertex 36.30669750548992 229.9394720121074 7.1
  endloop
endfacet
facet normal -0 0 1
  outer loop
    vertex -48.66666666666666 235.7760666666667 7.1
    vertex -46.90303448853972 235.2546994616208 7.1
    vertex -47.33333333333334 237.0427333333333 7.1
  endloop
endfacet
facet normal 0 0 1
  outer loop
    vertex 34.44836878074536 230.6447391312597 7.1
    vertex 34.19873944054367 232.5342280068119 7.1
    vertex 32.39651813276659 231.5657621287649 7.1
  endloop
endfacet
facet normal 0 -0 1
  outer loop
    vertex 36 221.7094 7.1
    vertex 36.96653570903678 223.3730070016124 7.1
    vertex 35.00168655053229 223.3847568115631 7.1
  endloop
endfacet
facet normal -0 0 1
  outer loop
    vertex -44 238.3094 7.1
    vertex -42.95738639120194 236.5491314073446 7.1
    vertex -42 238.3094 7.1
  endloop
endfacet
facet normal 0 0 1
  outer loop
    vertex -33.67056483130334 231.0223552625449 7.1
    vertex -35.50311747172506 231.7679725073878 7.1
    vertex -35.25870592530749 229.8094803411049 7.1
  endloop
endfacet
facet normal 0 0 1
  outer loop
    vertex 34.44836878074536 230.6447391312597 7.1
    vertex 32.86376874158577 229.4392934634519 7.1
    vertex 34.68928036608415 228.7452766716912 7.1
  endloop
endfacet
facet normal -0 0 1
  outer loop
    vertex -20 238.3094 7.1
    vertex -19.01986481270247 236.5737134653875 7.1
    vertex -18 238.3094 7.1
  endloop
endfacet
facet normal -0 0 1
  outer loop
    vertex 17.00088028255782 236.6466605348329 7.1
    vertex 19.00264393281268 236.6189688581081 7.1
    vertex 18 238.3094 7.1
  endloop
endfacet
facet normal 0 0 1
  outer loop
    vertex 20 238.3094 7.1
    vertex 19.00264393281268 236.6189688581081 7.1
    vertex 21.25488215760917 236.4628378066484 7.1
  endloop
endfacet
facet normal -0 0 1
  outer loop
    vertex -43.57564008963034 227.8117385616022 7.1
    vertex -41.79509736760563 227.0500004590671 7.1
    vertex -42.04512349708433 228.9605694283748 7.1
  endloop
endfacet
facet normal 0 0 1
  outer loop
    vertex -40.24780059437663 228.1975486763401 7.1
    vertex -40.05484655559707 226.3304008998729 7.1
    vertex -38.43489971226185 227.4191017790761 7.1
  endloop
endfacet
facet normal 0 0 1
  outer loop
    vertex -19.97856736950316 232.6288063805944 7.1
    vertex -20.04489915048271 234.6952060982883 7.1
    vertex -21.84016450700834 233.5575655986452 7.1
  endloop
endfacet
facet normal 0 0 1
  outer loop
    vertex 35.99634510416301 231.7664714771817 7.1
    vertex 34.19873944054367 232.5342280068119 7.1
    vertex 34.44836878074536 230.6447391312597 7.1
  endloop
endfacet
facet normal 0 -0 1
  outer loop
    vertex -35.9338729773992 224.7691948708079 7.1
    vertex -34.60377533667813 226.0197636055072 7.1
    vertex -36.61079356900041 226.6276404174025 7.1
  endloop
endfacet
facet normal -0 0 1
  outer loop
    vertex -6.036609762414005 234.6324438132966 7.1
    vertex -4.518570556296286 233.322870235208 7.1
    vertex -3.84392018369942 234.8108801150925 7.1
  endloop
endfacet
facet normal 0 0 1
  outer loop
    vertex 35.99634510416301 231.7664714771817 7.1
    vertex 34.44836878074536 230.6447391312597 7.1
    vertex 36.30669750548992 229.9394720121074 7.1
  endloop
endfacet
facet normal 0 0 1
  outer loop
    vertex 39.00151936938542 236.5786974813548 7.1
    vertex 37.00700754880532 236.5815712832095 7.1
    vertex 38.02884282106583 234.8747532870796 7.1
  endloop
endfacet
facet normal 0 0 1
  outer loop
    vertex 39.68361918993121 230.3209464333243 7.1
    vertex 39.39163224263598 232.1417667032006 7.1
    vertex 37.86006884834062 231.0780818586458 7.1
  endloop
endfacet
facet normal -0 0 1
  outer loop
    vertex -20.04489915048271 234.6952060982883 7.1
    vertex -18.62521468139224 233.4649694545072 7.1
    vertex -17.94743307794818 234.9018478603707 7.1
  endloop
endfacet
facet normal 0 -0 1
  outer loop
    vertex -37.0977705215987 230.5787332414599 7.1
    vertex -35.50311747172506 231.7679725073878 7.1
    vertex -37.3533838492196 232.546446764453 7.1
  endloop
endfacet
facet normal 0 0 1
  outer loop
    vertex 45.13614655648399 234.5826872047663 7.1
    vertex 44.72218108859401 232.8454472550586 7.1
    vertex 46.64124690075467 233.2934783460705 7.1
  endloop
endfacet
facet normal 0 -0 1
  outer loop
    vertex 39.68361918993121 230.3209464333243 7.1
    vertex 41.19908509710172 231.3798716658147 7.1
    vertex 39.39163224263598 232.1417667032006 7.1
  endloop
endfacet
facet normal -0 0 1
  outer loop
    vertex -37.3533838492196 232.546446764453 7.1
    vertex -35.50311747172506 231.7679725073878 7.1
    vertex -35.72474154911689 233.6672110369697 7.1
  endloop
endfacet
facet normal 0 0 1
  outer loop
    vertex 37.86006884834062 231.0780818586458 7.1
    vertex 35.99634510416301 231.7664714771817 7.1
    vertex 36.30669750548992 229.9394720121074 7.1
  endloop
endfacet
facet normal 0 0 1
  outer loop
    vertex -31.0838707264121 224.4580103519142 7.1
    vertex -32.84175167201746 225.2778813171813 7.1
    vertex -32.88834331130753 223.4059828205529 7.1
  endloop
endfacet
facet normal 0 0 1
  outer loop
    vertex -35.25870592530749 229.8094803411049 7.1
    vertex -35.50311747172506 231.7679725073878 7.1
    vertex -37.0977705215987 230.5787332414599 7.1
  endloop
endfacet
facet normal 0 -0 1
  outer loop
    vertex -37.3533838492196 232.546446764453 7.1
    vertex -35.72474154911689 233.6672110369697 7.1
    vertex -37.45706896660117 234.4622308773951 7.1
  endloop
endfacet
facet normal 0 0 1
  outer loop
    vertex 43.3332004253155 233.9844107676804 7.1
    vertex 42.75798851146708 232.3545189102904 7.1
    vertex 44.72218108859401 232.8454472550586 7.1
  endloop
endfacet
facet normal -0 0 1
  outer loop
    vertex -38.21772470728254 225.1562077415026 7.1
    vertex -35.9338729773992 224.7691948708079 7.1
    vertex -36.61079356900041 226.6276404174025 7.1
  endloop
endfacet
facet normal 0 0 1
  outer loop
    vertex -42.28689576658537 230.8743118783144 7.1
    vertex -42.53404930067878 232.7803234684604 7.1
    vertex -44.06089574110096 231.5956913099522 7.1
  endloop
endfacet
facet normal -0 0 1
  outer loop
    vertex 18 238.3094 7.1
    vertex 19.00264393281268 236.6189688581081 7.1
    vertex 20 238.3094 7.1
  endloop
endfacet
facet normal 0 0 1
  outer loop
    vertex 38.13557560089765 229.1810799693786 7.1
    vertex 38.49457115827152 227.0830934709479 7.1
    vertex 39.95667801148887 228.4381982792472 7.1
  endloop
endfacet
facet normal -0 0 1
  outer loop
    vertex -40.24780059437663 228.1975486763401 7.1
    vertex -38.43489971226185 227.4191017790761 7.1
    vertex -38.6791416112092 229.3810229424668 7.1
  endloop
endfacet
facet normal 0 0 1
  outer loop
    vertex 42.96920702975368 230.5807315198622 7.1
    vertex 41.19908509710172 231.3798716658147 7.1
    vertex 41.48490473088175 229.5547960876133 7.1
  endloop
endfacet
facet normal 0 0 1
  outer loop
    vertex 37.86006884834062 231.0780818586458 7.1
    vertex 36.30669750548992 229.9394720121074 7.1
    vertex 38.13557560089765 229.1810799693786 7.1
  endloop
endfacet
facet normal 0 0 1
  outer loop
    vertex 38 221.7094 7.1
    vertex 36.96653570903678 223.3730070016124 7.1
    vertex 36 221.7094 7.1
  endloop
endfacet
facet normal 0 -0 1
  outer loop
    vertex -8 221.7094 7.1
    vertex -6.901071777570717 223.6054989283918 7.1
    vertex -9.043978904496262 223.3454124160316 7.1
  endloop
endfacet
facet normal 0 0 1
  outer loop
    vertex -4.883202299124225 223.3794914064665 7.1
    vertex -6.901071777570717 223.6054989283918 7.1
    vertex -6 221.7094 7.1
  endloop
endfacet
facet normal 0 -0 1
  outer loop
    vertex 43.26126298328452 228.7944946046229 7.1
    vertex 45.07187165437919 229.976601465715 7.1
    vertex 42.96920702975368 230.5807315198622 7.1
  endloop
endfacet
facet normal 0 0 1
  outer loop
    vertex 39.68361918993121 230.3209464333243 7.1
    vertex 37.86006884834062 231.0780818586458 7.1
    vertex 38.13557560089765 229.1810799693786 7.1
  endloop
endfacet
facet normal 0 0 1
  outer loop
    vertex 46.78490280044461 227.2762825558113 7.1
    vertex 45.29580483352703 226.2476660402622 7.1
    vertex 46.98184983472647 225.4547020434621 7.1
  endloop
endfacet
facet normal 0 0 1
  outer loop
    vertex -42.53404930067878 232.7803234684604 7.1
    vertex -42.8113754279473 234.6516081003891 7.1
    vertex -44.35556949305442 233.5241088909193 7.1
  endloop
endfacet
facet normal 0 0 1
  outer loop
    vertex 27.91017685903228 227.5767699484371 7.1
    vertex 28.35204788895495 225.5804481070106 7.1
    vertex 29.71253293559711 226.8919283587714 7.1
  endloop
endfacet
facet normal 0 0 1
  outer loop
    vertex 23.84611877076726 233.993066007764 7.1
    vertex 23.38316265205565 232.6421062987652 7.1
    vertex 25.193154684174 232.5084222457641 7.1
  endloop
endfacet
facet normal -0 0 1
  outer loop
    vertex 26.40636633402524 225.8682192583782 7.1
    vertex 28.35204788895495 225.5804481070106 7.1
    vertex 27.91017685903228 227.5767699484371 7.1
  endloop
endfacet
facet normal -0 0 1
  outer loop
    vertex -40.05484655559707 226.3304008998729 7.1
    vertex -38.21772470728254 225.1562077415026 7.1
    vertex -38.43489971226185 227.4191017790761 7.1
  endloop
endfacet
facet normal 0 -0 1
  outer loop
    vertex 11.11163946527182 223.6704075892989 7.1
    vertex 11.35529194056348 225.6806559659477 7.1
    vertex 9.81775365943275 225.3220892701435 7.1
  endloop
endfacet
facet normal 0 0 1
  outer loop
    vertex 39.68361918993121 230.3209464333243 7.1
    vertex 38.13557560089765 229.1810799693786 7.1
    vertex 39.95667801148887 228.4381982792472 7.1
  endloop
endfacet
facet normal 0 0 1
  outer loop
    vertex 41.48490473088175 229.5547960876133 7.1
    vertex 39.68361918993121 230.3209464333243 7.1
    vertex 39.95667801148887 228.4381982792472 7.1
  endloop
endfacet
facet normal 0 0 1
  outer loop
    vertex 6.912525578677775 226.975118099786 7.1
    vertex 5.039687587389928 226.3790073551204 7.1
    vertex 5.985315491282758 225.059706405863 7.1
  endloop
endfacet
facet normal 0 0 1
  outer loop
    vertex -42.04512349708433 228.9605694283748 7.1
    vertex -41.79509736760563 227.0500004590671 7.1
    vertex -40.24780059437663 228.1975486763401 7.1
  endloop
endfacet
facet normal 0 0 1
  outer loop
    vertex 41.75376656879322 227.6860361033852 7.1
    vertex 41.93076005935664 225.5791345526768 7.1
    vertex 43.51704132953856 226.91264586498 7.1
  endloop
endfacet
facet normal 0 -0 1
  outer loop
    vertex -30.48846826486345 233.434851118996 7.1
    vertex -28.93791379925283 234.501707919643 7.1
    vertex -30.71803977602719 235.342854047396 7.1
  endloop
endfacet
facet normal 0 0 1
  outer loop
    vertex 41.48490473088175 229.5547960876133 7.1
    vertex 41.19908509710172 231.3798716658147 7.1
    vertex 39.68361918993121 230.3209464333243 7.1
  endloop
endfacet
facet normal 0 0 1
  outer loop
    vertex -0.6527227782415468 232.1098213138378 7.1
    vertex -2.624178094815862 233.0688824349753 7.1
    vertex -2.238113808624352 231.0020517179864 7.1
  endloop
endfacet
facet normal 0 0 1
  outer loop
    vertex -2.996401029736126 226.7988018328659 7.1
    vertex -3.885354866481217 228.2128717706966 7.1
    vertex -5.114317131172564 226.6216561448202 7.1
  endloop
endfacet
facet normal 0 0 1
  outer loop
    vertex -27.16462310490036 233.7691410137448 7.1
    vertex -28.93791379925283 234.501707919643 7.1
    vertex -28.66465161202047 232.6448462761748 7.1
  endloop
endfacet
facet normal 0 0 1
  outer loop
    vertex -39.17529196010931 233.2912992030884 7.1
    vertex -41.04159961321654 233.8921523845276 7.1
    vertex -40.73461596159457 232.0699709557026 7.1
  endloop
endfacet
facet normal 0 0 1
  outer loop
    vertex 41.48490473088175 229.5547960876133 7.1
    vertex 39.95667801148887 228.4381982792472 7.1
    vertex 41.75376656879322 227.6860361033852 7.1
  endloop
endfacet
facet normal 0 0 1
  outer loop
    vertex 47.33333333333334 237.0427333333333 7.1
    vertex 46.86215595937331 235.1689070064305 7.1
    vertex 48.66666666666666 235.7760666666667 7.1
  endloop
endfacet
facet normal -0 0 1
  outer loop
    vertex -45 236.6470287751889 7.1
    vertex -42.95738639120194 236.5491314073446 7.1
    vertex -44 238.3094 7.1
  endloop
endfacet
facet normal 0 0 1
  outer loop
    vertex -6 221.7094 7.1
    vertex -6.901071777570717 223.6054989283918 7.1
    vertex -8 221.7094 7.1
  endloop
endfacet
facet normal 0 -0 1
  outer loop
    vertex -43.30568393914837 225.9196027478313 7.1
    vertex -41.79509736760563 227.0500004590671 7.1
    vertex -43.57564008963034 227.8117385616022 7.1
  endloop
endfacet
facet normal 0 0 1
  outer loop
    vertex 46.78490280044461 227.2762825558113 7.1
    vertex 45.02428332622279 228.0491406141916 7.1
    vertex 45.29580483352703 226.2476660402622 7.1
  endloop
endfacet
facet normal 0 0 1
  outer loop
    vertex -40.24780059437663 228.1975486763401 7.1
    vertex -41.79509736760563 227.0500004590671 7.1
    vertex -40.05484655559707 226.3304008998729 7.1
  endloop
endfacet
facet normal 0 0 1
  outer loop
    vertex 43.26126298328452 228.7944946046229 7.1
    vertex 41.48490473088175 229.5547960876133 7.1
    vertex 41.75376656879322 227.6860361033852 7.1
  endloop
endfacet
facet normal 0 0 1
  outer loop
    vertex -23.03308949873459 223.4038901424056 7.1
    vertex -25.02751477129219 223.2949147212823 7.1
    vertex -24 221.7094 7.1
  endloop
endfacet
facet normal 0 -0 1
  outer loop
    vertex -26 221.7094 7.1
    vertex -25.02751477129219 223.2949147212823 7.1
    vertex -26.9648130052472 223.2862808772478 7.1
  endloop
endfacet
facet normal -0 0 1
  outer loop
    vertex -45.0451672240627 226.7738378898015 7.1
    vertex -43.30568393914837 225.9196027478313 7.1
    vertex -43.57564008963034 227.8117385616022 7.1
  endloop
endfacet
facet normal 0 0 1
  outer loop
    vertex 15.20129338535291 231.2037788758675 7.1
    vertex 14.81905061022144 233.1344455338654 7.1
    vertex 13.31720800635191 231.9422749834635 7.1
  endloop
endfacet
facet normal 0 -0 1
  outer loop
    vertex -17.10338405362106 223.7562750698488 7.1
    vertex -15.51072334649465 225.3247319627558 7.1
    vertex -17.32602767803603 226.0583428064944 7.1
  endloop
endfacet
facet normal 0 0 1
  outer loop
    vertex -15.72975913873909 227.2637032281057 7.1
    vertex -15.51072334649465 225.3247319627558 7.1
    vertex -13.93670635950294 226.5485307563283 7.1
  endloop
endfacet
facet normal 0 0 1
  outer loop
    vertex -50 232.7594 7.1
    vertex -48.48445554337723 233.6344 7.1
    vertex -50 234.5094 7.1
  endloop
endfacet
facet normal 0 0 1
  outer loop
    vertex -50 231.0094 7.1
    vertex -48.55297425231949 231.8138293041442 7.1
    vertex -50 232.7594 7.1
  endloop
endfacet
facet normal 0 0 1
  outer loop
    vertex -18.97008032751174 224.8617759254995 7.1
    vertex -18.98156945684848 223.1291104913388 7.1
    vertex -17.10338405362106 223.7562750698488 7.1
  endloop
endfacet
facet normal 0 0 1
  outer loop
    vertex 50 231.0094 7.1
    vertex 48.43163084003129 230.0232779235468 7.1
    vertex 50 229.2594 7.1
  endloop
endfacet
facet normal 0 0 1
  outer loop
    vertex -50 229.2594 7.1
    vertex -48.5036579612775 230.1344 7.1
    vertex -50 231.0094 7.1
  endloop
endfacet
facet normal 0 0 1
  outer loop
    vertex -50 227.5094 7.1
    vertex -48.38984856676058 228.3638480738994 7.1
    vertex -50 229.2594 7.1
  endloop
endfacet
facet normal 0 0 1
  outer loop
    vertex -50 225.7594 7.1
    vertex -48.16618264245618 226.4311724404679 7.1
    vertex -50 227.5094 7.1
  endloop
endfacet
facet normal 0 0 1
  outer loop
    vertex 43.26126298328452 228.7944946046229 7.1
    vertex 41.75376656879322 227.6860361033852 7.1
    vertex 43.51704132953856 226.91264586498 7.1
  endloop
endfacet
facet normal 0 -0 1
  outer loop
    vertex 29.18731730607236 223.5982945782885 7.1
    vertex 30.32408032422792 225.0706835348275 7.1
    vertex 28.35204788895495 225.5804481070106 7.1
  endloop
endfacet
facet normal 0 0 1
  outer loop
    vertex 50 232.7594 7.1
    vertex 48.0894021478689 231.8642050148791 7.1
    vertex 50 231.0094 7.1
  endloop
endfacet
facet normal 0 0 1
  outer loop
    vertex -33.9135381538044 232.9836083977945 7.1
    vertex -34.19348456505213 234.8721786990006 7.1
    vertex -35.72474154911689 233.6672110369697 7.1
  endloop
endfacet
facet normal 0 0 1
  outer loop
    vertex 45.02428332622279 228.0491406141916 7.1
    vertex 43.26126298328452 228.7944946046229 7.1
    vertex 43.51704132953856 226.91264586498 7.1
  endloop
endfacet
facet normal 0 0 1
  outer loop
    vertex 45.13614655648399 234.5826872047663 7.1
    vertex 43.3332004253155 233.9844107676804 7.1
    vertex 44.72218108859401 232.8454472550586 7.1
  endloop
endfacet
facet normal 0 0 1
  outer loop
    vertex 13.99586967023727 234.9294704524117 7.1
    vertex 14.81905061022144 233.1344455338654 7.1
    vertex 16.29057476631892 234.6625653987283 7.1
  endloop
endfacet
facet normal 0 0 1
  outer loop
    vertex 29.06189707006571 232.9889261567143 7.1
    vertex 28.18913448505583 234.984117409538 7.1
    vertex 26.90720679834886 233.5484864762658 7.1
  endloop
endfacet
facet normal 0 0 1
  outer loop
    vertex 50 234.5094 7.1
    vertex 48.42760197096598 233.9047832886208 7.1
    vertex 50 232.7594 7.1
  endloop
endfacet
facet normal 0 0 1
  outer loop
    vertex 47.01323455082968 223.4083622121392 7.1
    vertex 45.65061043492406 224.6964249810321 7.1
    vertex 44.91595549154633 223.3203432315326 7.1
  endloop
endfacet
facet normal -0 0 1
  outer loop
    vertex 28.35204788895495 225.5804481070106 7.1
    vertex 30.32408032422792 225.0706835348275 7.1
    vertex 29.71253293559711 226.8919283587714 7.1
  endloop
endfacet
facet normal 0 0 1
  outer loop
    vertex 50 229.2594 7.1
    vertex 48.40619713953434 228.2564233192318 7.1
    vertex 50 227.5094 7.1
  endloop
endfacet
facet normal 0 0 1
  outer loop
    vertex -34 221.7094 7.1
    vertex -34.98387657656348 223.2030251263321 7.1
    vertex -36 221.7094 7.1
  endloop
endfacet
facet normal 0 0 1
  outer loop
    vertex -45.30291412137462 228.5468659074649 7.1
    vertex -46.92121083822281 229.3350421569413 7.1
    vertex -46.71568009891596 227.5893160029287 7.1
  endloop
endfacet
facet normal 0 0 1
  outer loop
    vertex -2.238113808624352 231.0020517179864 7.1
    vertex -2.624178094815862 233.0688824349753 7.1
    vertex -4.115922991887364 231.6957058293375 7.1
  endloop
endfacet
facet normal 0 0 1
  outer loop
    vertex -2.975567827579582 223.4271576193206 7.1
    vertex -3.92308296817801 225.1290957647466 7.1
    vertex -4.883202299124225 223.3794914064665 7.1
  endloop
endfacet
facet normal 0 0 1
  outer loop
    vertex -2.996401029736126 226.7988018328659 7.1
    vertex -3.92308296817801 225.1290957647466 7.1
    vertex -1.988482332575531 225.1598075742051 7.1
  endloop
endfacet
facet normal 0 0 1
  outer loop
    vertex 45.02428332622279 228.0491406141916 7.1
    vertex 43.51704132953856 226.91264586498 7.1
    vertex 45.29580483352703 226.2476660402622 7.1
  endloop
endfacet
facet normal 0 0 1
  outer loop
    vertex 39.39163224263598 232.1417667032006 7.1
    vertex 37.43782783071671 233.1118522173253 7.1
    vertex 37.86006884834062 231.0780818586458 7.1
  endloop
endfacet
facet normal 0 0 1
  outer loop
    vertex -28.66465161202047 232.6448462761748 7.1
    vertex -28.93791379925283 234.501707919643 7.1
    vertex -30.48846826486345 233.434851118996 7.1
  endloop
endfacet
facet normal 0 0 1
  outer loop
    vertex 16.03002373318547 225.0288216594939 7.1
    vertex 15.54030351342495 223.1295064286489 7.1
    vertex 17 223.4414508075689 7.1
  endloop
endfacet
facet normal -0 0 1
  outer loop
    vertex 40.95918982275278 236.6169308054172 7.1
    vertex 41.95986098258729 235.1112069932955 7.1
    vertex 42.94674276787423 236.6953495815729 7.1
  endloop
endfacet
facet normal -0 0 1
  outer loop
    vertex 42.75798851146708 232.3545189102904 7.1
    vertex 44.34234006700249 231.3714872687806 7.1
    vertex 44.72218108859401 232.8454472550586 7.1
  endloop
endfacet
facet normal 0 0 1
  outer loop
    vertex -24 221.7094 7.1
    vertex -25.02751477129219 223.2949147212823 7.1
    vertex -26 221.7094 7.1
  endloop
endfacet
facet normal 0 0 1
  outer loop
    vertex 50 227.5094 7.1
    vertex 48.45235950922377 226.4521769681321 7.1
    vertex 50 225.7594 7.1
  endloop
endfacet
facet normal 0 0 1
  outer loop
    vertex 26.26851476260993 223.6059349470698 7.1
    vertex 24.78119243672747 223.1379905203113 7.1
    vertex 26 221.7094 7.1
  endloop
endfacet
facet normal 0 0 1
  outer loop
    vertex -32.69293871435469 236.3290209234258 7.1
    vertex -34.19348456505213 234.8721786990006 7.1
    vertex -32.31968824113255 234.1978783014476 7.1
  endloop
endfacet
facet normal 0 0 1
  outer loop
    vertex 16.73491501531438 232.4580873966117 7.1
    vertex 14.81905061022144 233.1344455338654 7.1
    vertex 15.20129338535291 231.2037788758675 7.1
  endloop
endfacet
facet normal -0 0 1
  outer loop
    vertex -17.32602767803603 226.0583428064944 7.1
    vertex -15.51072334649465 225.3247319627558 7.1
    vertex -15.72975913873909 227.2637032281057 7.1
  endloop
endfacet
facet normal 0 -0 1
  outer loop
    vertex 25.193154684174 232.5084222457641 7.1
    vertex 25.28586694509082 234.0006629709074 7.1
    vertex 23.84611877076726 233.993066007764 7.1
  endloop
endfacet
facet normal -0 0 1
  outer loop
    vertex -50 232.7594 7.1
    vertex -48.55297425231949 231.8138293041442 7.1
    vertex -48.48445554337723 233.6344 7.1
  endloop
endfacet
facet normal -0 0 1
  outer loop
    vertex -34.60377533667813 226.0197636055072 7.1
    vertex -32.84175167201746 225.2778813171813 7.1
    vertex -33.15334285910055 227.0806752944854 7.1
  endloop
endfacet
facet normal 0 0 1
  outer loop
    vertex -48.5036579612775 230.1344 7.1
    vertex -48.55297425231949 231.8138293041442 7.1
    vertex -50 231.0094 7.1
  endloop
endfacet
facet normal -0 0 1
  outer loop
    vertex -50 229.2594 7.1
    vertex -48.38984856676058 228.3638480738994 7.1
    vertex -48.5036579612775 230.1344 7.1
  endloop
endfacet
facet normal 0 0 1
  outer loop
    vertex -48.16618264245618 226.4311724404679 7.1
    vertex -48.38984856676058 228.3638480738994 7.1
    vertex -50 227.5094 7.1
  endloop
endfacet
facet normal 0 0 1
  outer loop
    vertex 28.35204788895495 225.5804481070106 7.1
    vertex 27.77185594747927 224.2370559079397 7.1
    vertex 29.18731730607236 223.5982945782885 7.1
  endloop
endfacet
facet normal 0 0 1
  outer loop
    vertex 50 231.0094 7.1
    vertex 48.0894021478689 231.8642050148791 7.1
    vertex 48.43163084003129 230.0232779235468 7.1
  endloop
endfacet
facet normal 0 0 1
  outer loop
    vertex 41.93076005935664 225.5791345526768 7.1
    vertex 40.38385229248198 226.8129099640429 7.1
    vertex 39.78348566449959 225.2780874139574 7.1
  endloop
endfacet
facet normal 0 0 1
  outer loop
    vertex -45.51569829801154 230.3664229573547 7.1
    vertex -46.92121083822281 229.3350421569413 7.1
    vertex -45.30291412137462 228.5468659074649 7.1
  endloop
endfacet
facet normal -0 0 1
  outer loop
    vertex 34.09555396418364 234.5856738800912 7.1
    vertex 35.58246270945467 233.3496351421435 7.1
    vertex 36.20211847341193 234.8647582496259 7.1
  endloop
endfacet
facet normal 0 -0 1
  outer loop
    vertex 17 223.4414508075689 7.1
    vertex 17.97004772012874 224.7554337926871 7.1
    vertex 16.03002373318547 225.0288216594939 7.1
  endloop
endfacet
facet normal -0 0 1
  outer loop
    vertex -12.10480118128102 225.4256994828605 7.1
    vertex -9.891796791960134 225.0250370557983 7.1
    vertex -10.44881165896111 226.9296701779006 7.1
  endloop
endfacet
facet normal 0 0 1
  outer loop
    vertex 48.43163084003129 230.0232779235468 7.1
    vertex 48.40619713953434 228.2564233192318 7.1
    vertex 50 229.2594 7.1
  endloop
endfacet
facet normal 0 0 1
  outer loop
    vertex -46 221.7094 7.1
    vertex -44.47936201526697 223.0867770437119 7.1
    vertex -45.8035895073871 223.6095910182838 7.1
  endloop
endfacet
facet normal 0 0 1
  outer loop
    vertex -9.043978904496262 223.3454124160316 7.1
    vertex -9.891796791960134 225.0250370557983 7.1
    vertex -11.04561019600954 223.4533230334785 7.1
  endloop
endfacet
facet normal -0 0 1
  outer loop
    vertex -50 225.7594 7.1
    vertex -48.57037552215125 224.6388651981239 7.1
    vertex -48.16618264245618 226.4311724404679 7.1
  endloop
endfacet
facet normal 0 0 1
  outer loop
    vertex 48.42760197096598 233.9047832886208 7.1
    vertex 48.0894021478689 231.8642050148791 7.1
    vertex 50 232.7594 7.1
  endloop
endfacet
facet normal 0 0 1
  outer loop
    vertex -38.21772470728254 225.1562077415026 7.1
    vertex -40 224.6624957467225 7.1
    vertex -39.03425709038925 223.3423333994947 7.1
  endloop
endfacet
facet normal 0 0 1
  outer loop
    vertex 41.95986098258729 235.1112069932955 7.1
    vertex 43.87357980798834 235.3717289950594 7.1
    vertex 42.94674276787423 236.6953495815729 7.1
  endloop
endfacet
facet normal 0 -0 1
  outer loop
    vertex -39.43929346462498 235.2751217971939 7.1
    vertex -39.10991698091048 237.0267827520782 7.1
    vertex -40.83938252118086 236.7841549351993 7.1
  endloop
endfacet
facet normal 0 0 1
  outer loop
    vertex 46.01451206304082 231.6221641370824 7.1
    vertex 44.34234006700249 231.3714872687806 7.1
    vertex 45.07187165437919 229.976601465715 7.1
  endloop
endfacet
facet normal 0 0 1
  outer loop
    vertex -41.79509736760563 227.0500004590671 7.1
    vertex -41.52456031429816 225.1709498448539 7.1
    vertex -40.05484655559707 226.3304008998729 7.1
  endloop
endfacet
facet normal 0 0 1
  outer loop
    vertex 23.23488229733529 235.6192524272647 7.1
    vertex 23.02088950400551 237.2035561989027 7.1
    vertex 21.25488215760917 236.4628378066484 7.1
  endloop
endfacet
facet normal 0 0 1
  outer loop
    vertex 24.79683954001115 236.6649665887542 7.1
    vertex 23.02088950400551 237.2035561989027 7.1
    vertex 23.23488229733529 235.6192524272647 7.1
  endloop
endfacet
facet normal 0 0 1
  outer loop
    vertex -45.85915367267559 232.0830630607164 7.1
    vertex -47.09946598299672 231.0094 7.1
    vertex -45.51569829801154 230.3664229573547 7.1
  endloop
endfacet
facet normal 0 -0 1
  outer loop
    vertex -23.03308949873459 223.4038901424056 7.1
    vertex -22.20973562028916 224.8371556175796 7.1
    vertex -24.1936966124488 225.1752219993185 7.1
  endloop
endfacet
facet normal 0 0 1
  outer loop
    vertex -23.74160714665461 234.649843116686 7.1
    vertex -25.94110068126134 235.0200679299552 7.1
    vertex -25.31532357208735 233.1826080050519 7.1
  endloop
endfacet
facet normal 0 -0 1
  outer loop
    vertex -29.19124538867226 223.4948923673242 7.1
    vertex -27.70761705224295 224.9580433746998 7.1
    vertex -29.47464546888594 225.5092562745571 7.1
  endloop
endfacet
facet normal -0 0 1
  outer loop
    vertex 41.93076005935664 225.5791345526768 7.1
    vertex 44.04620746399079 225.0510513777646 7.1
    vertex 43.51704132953856 226.91264586498 7.1
  endloop
endfacet
facet normal 0 0 1
  outer loop
    vertex 37.86006884834062 231.0780818586458 7.1
    vertex 37.43782783071671 233.1118522173253 7.1
    vertex 35.99634510416301 231.7664714771817 7.1
  endloop
endfacet
facet normal 0 0 1
  outer loop
    vertex -31.30464929915362 226.318185885158 7.1
    vertex -32.84175167201746 225.2778813171813 7.1
    vertex -31.0838707264121 224.4580103519142 7.1
  endloop
endfacet
facet normal 0 0 1
  outer loop
    vertex -34.98387657656348 223.2030251263321 7.1
    vertex -37 223.0690351775137 7.1
    vertex -36 221.7094 7.1
  endloop
endfacet
facet normal 0 0 1
  outer loop
    vertex 48.0894021478689 231.8642050148791 7.1
    vertex 46.99057735124655 230.4695430379106 7.1
    vertex 48.43163084003129 230.0232779235468 7.1
  endloop
endfacet
facet normal -0 0 1
  outer loop
    vertex -8 238.3094 7.1
    vertex -6.951281035604996 236.643225981181 7.1
    vertex -6 238.3094 7.1
  endloop
endfacet
facet normal 0 0 1
  outer loop
    vertex -32.88834331130753 223.4059828205529 7.1
    vertex -34.98387657656348 223.2030251263321 7.1
    vertex -34 221.7094 7.1
  endloop
endfacet
facet normal 0 0 1
  outer loop
    vertex -1.988482332575531 225.1598075742051 7.1
    vertex -3.92308296817801 225.1290957647466 7.1
    vertex -2.975567827579582 223.4271576193206 7.1
  endloop
endfacet
facet normal -0 0 1
  outer loop
    vertex -32.88834331130753 223.4059828205529 7.1
    vertex -31.01191395236093 222.8640526104875 7.1
    vertex -31.0838707264121 224.4580103519142 7.1
  endloop
endfacet
facet normal 0 0 1
  outer loop
    vertex 50 227.5094 7.1
    vertex 48.40619713953434 228.2564233192318 7.1
    vertex 48.45235950922377 226.4521769681321 7.1
  endloop
endfacet
facet normal 0 0 1
  outer loop
    vertex -16.97563141856164 233.2432014271869 7.1
    vertex -18.17954239046547 231.855785506096 7.1
    vertex -16.07848129509838 231.3521111593375 7.1
  endloop
endfacet
facet normal 0 0 1
  outer loop
    vertex -29 236.5773491924311 7.1
    vertex -30.95706840308906 237.0100420638423 7.1
    vertex -30.71803977602719 235.342854047396 7.1
  endloop
endfacet
facet normal -0 0 1
  outer loop
    vertex 22.97581075560524 223.6190604629505 7.1
    vertex 24.78119243672747 223.1379905203113 7.1
    vertex 24.64171104943298 224.9009308000429 7.1
  endloop
endfacet
facet normal -0 0 1
  outer loop
    vertex -2.05377774440304 228.7937049748933 7.1
    vertex 0.174321722585864 228.3976350414984 7.1
    vertex -0.3689698239585976 230.2888609059465 7.1
  endloop
endfacet
facet normal -0 0 1
  outer loop
    vertex -10 238.3094 7.1
    vertex -9.082032375669831 236.7477216684916 7.1
    vertex -8 238.3094 7.1
  endloop
endfacet
facet normal 0 0 1
  outer loop
    vertex 5.985315491282758 225.059706405863 7.1
    vertex 4.016284225924904 224.9828061130798 7.1
    vertex 4.998252890195927 223.4011302956121 7.1
  endloop
endfacet
facet normal 0 -0 1
  outer loop
    vertex 2.999708293372789 223.3972443384162 7.1
    vertex 4.016284225924904 224.9828061130798 7.1
    vertex 2.03347316774409 225.1262764940431 7.1
  endloop
endfacet
facet normal 0 0 1
  outer loop
    vertex -4.883202299124225 223.3794914064665 7.1
    vertex -5.43557216538204 224.8627655319553 7.1
    vertex -6.901071777570717 223.6054989283918 7.1
  endloop
endfacet
facet normal 0 -0 1
  outer loop
    vertex -48.38984856676058 228.3638480738994 7.1
    vertex -46.92121083822281 229.3350421569413 7.1
    vertex -48.5036579612775 230.1344 7.1
  endloop
endfacet
facet normal -0 0 1
  outer loop
    vertex 14.18457400691282 223.9797506282525 7.1
    vertex 15.54030351342495 223.1295064286489 7.1
    vertex 16.03002373318547 225.0288216594939 7.1
  endloop
endfacet
facet normal 0 0 1
  outer loop
    vertex 1.198098599878588 231.4406590694995 7.1
    vertex 0.8157411137291326 233.3173519794001 7.1
    vertex -0.6527227782415468 232.1098213138378 7.1
  endloop
endfacet
facet normal 0 0 1
  outer loop
    vertex -39.43929346462498 235.2751217971939 7.1
    vertex -41.45699722098004 235.3887643127595 7.1
    vertex -41.04159961321654 233.8921523845276 7.1
  endloop
endfacet
facet normal 0 0 1
  outer loop
    vertex -40.83938252118086 236.7841549351993 7.1
    vertex -41.45699722098004 235.3887643127595 7.1
    vertex -39.43929346462498 235.2751217971939 7.1
  endloop
endfacet
facet normal -0 0 1
  outer loop
    vertex 29.06189707006571 232.9889261567143 7.1
    vertex 30.5472197944132 231.6802844390976 7.1
    vertex 31.09607232378483 233.1685826079379 7.1
  endloop
endfacet
facet normal 0 0 1
  outer loop
    vertex 50 224.0094 7.1
    vertex 48.55285467017918 224.534693564899 7.1
    vertex 49 222.8594 7.1
  endloop
endfacet
facet normal 0 0 1
  outer loop
    vertex -6.901071777570717 223.6054989283918 7.1
    vertex -5.43557216538204 224.8627655319553 7.1
    vertex -6.874522943501836 225.5246900238878 7.1
  endloop
endfacet
facet normal 0 -0 1
  outer loop
    vertex -19.68740634468746 230.7465895737363 7.1
    vertex -18.17954239046547 231.855785506096 7.1
    vertex -19.97856736950316 232.6288063805944 7.1
  endloop
endfacet
facet normal 0 0 1
  outer loop
    vertex -16.07848129509838 231.3521111593375 7.1
    vertex -18.17954239046547 231.855785506096 7.1
    vertex -17.81626503692795 229.9956948706435 7.1
  endloop
endfacet
facet normal 0 -0 1
  outer loop
    vertex 35.00168655053229 223.3847568115631 7.1
    vertex 35.83590060085156 225.0584083635033 7.1
    vertex 33.6502525543692 225.250659977324 7.1
  endloop
endfacet
facet normal 0 0 1
  outer loop
    vertex -40.83938252118086 236.7841549351993 7.1
    vertex -39.10991698091048 237.0267827520782 7.1
    vertex -40 238.3094 7.1
  endloop
endfacet
facet normal 0 0 1
  outer loop
    vertex -13.93670635950294 226.5485307563283 7.1
    vertex -13.89195278795416 224.850021346979 7.1
    vertex -12.10480118128102 225.4256994828605 7.1
  endloop
endfacet
facet normal 0 0 1
  outer loop
    vertex -32.31968824113255 234.1978783014476 7.1
    vertex -34.19348456505213 234.8721786990006 7.1
    vertex -33.9135381538044 232.9836083977945 7.1
  endloop
endfacet
facet normal 0 0 1
  outer loop
    vertex 27.02158080221291 236.6662668112702 7.1
    vertex 28.18913448505583 234.984117409538 7.1
    vertex 29.04935083495617 236.5954633682512 7.1
  endloop
endfacet
facet normal -0 0 1
  outer loop
    vertex -15.05550059774441 233.2492900706948 7.1
    vertex -13.16898516650165 233.2179383640772 7.1
    vertex -14.00101857703995 234.8980768237643 7.1
  endloop
endfacet
facet normal -0 0 1
  outer loop
    vertex 6.912525578677775 226.975118099786 7.1
    vertex 8.803875290321644 226.6260350955468 7.1
    vertex 8.580906031427782 228.3418848092385 7.1
  endloop
endfacet
facet normal 0 0 1
  outer loop
    vertex -11.7158626189975 234.8535037696439 7.1
    vertex -13.16898516650165 233.2179383640772 7.1
    vertex -11.25480253249812 232.8105848971915 7.1
  endloop
endfacet
facet normal 0 0 1
  outer loop
    vertex -27.91400727033183 226.7611263440536 7.1
    vertex -27.70761705224295 224.9580433746998 7.1
    vertex -26.1067380137922 226.0831926880336 7.1
  endloop
endfacet
facet normal -0 0 1
  outer loop
    vertex -43.30568393914837 225.9196027478313 7.1
    vertex -41.52456031429816 225.1709498448539 7.1
    vertex -41.79509736760563 227.0500004590671 7.1
  endloop
endfacet
facet normal 0 -0 1
  outer loop
    vertex -19.97856736950316 232.6288063805944 7.1
    vertex -18.62521468139224 233.4649694545072 7.1
    vertex -20.04489915048271 234.6952060982883 7.1
  endloop
endfacet
facet normal 0 0 1
  outer loop
    vertex -44 221.7094 7.1
    vertex -44.47936201526697 223.0867770437119 7.1
    vertex -46 221.7094 7.1
  endloop
endfacet
facet normal 0 0 1
  outer loop
    vertex -26.878857817019 236.6739865629041 7.1
    vertex -25.94110068126134 235.0200679299552 7.1
    vertex -24.95449240920121 236.603623012229 7.1
  endloop
endfacet
facet normal 0 0 1
  outer loop
    vertex -38 238.3094 7.1
    vertex -39.10991698091048 237.0267827520782 7.1
    vertex -37.27090891874659 236.4558370279977 7.1
  endloop
endfacet
facet normal 0 -0 1
  outer loop
    vertex -20 221.7094 7.1
    vertex -18.98156945684848 223.1291104913388 7.1
    vertex -20.8343829031096 223.6087014613459 7.1
  endloop
endfacet
facet normal 0 0 1
  outer loop
    vertex 43.51704132953856 226.91264586498 7.1
    vertex 44.04620746399079 225.0510513777646 7.1
    vertex 45.29580483352703 226.2476660402622 7.1
  endloop
endfacet
facet normal 0 0 1
  outer loop
    vertex -20.75747493584315 225.6138338546723 7.1
    vertex -22.20973562028916 224.8371556175796 7.1
    vertex -20.8343829031096 223.6087014613459 7.1
  endloop
endfacet
facet normal 0 0 1
  outer loop
    vertex -35.9338729773992 224.7691948708079 7.1
    vertex -37 223.0690351775137 7.1
    vertex -34.98387657656348 223.2030251263321 7.1
  endloop
endfacet
facet normal 0 0 1
  outer loop
    vertex 38.49457115827152 227.0830934709479 7.1
    vertex 36.63085049766052 228.1662292230774 7.1
    vertex 36.66497722388965 226.4367323145034 7.1
  endloop
endfacet
facet normal 0 0 1
  outer loop
    vertex -32.69293871435469 236.3290209234258 7.1
    vertex -30.95706840308906 237.0100420638423 7.1
    vertex -32 238.3094 7.1
  endloop
endfacet
facet normal 0 0 1
  outer loop
    vertex -42.8113754279473 234.6516081003891 7.1
    vertex -44.04164801067886 235.3307685072184 7.1
    vertex -44.35556949305442 233.5241088909193 7.1
  endloop
endfacet
facet normal -0 0 1
  outer loop
    vertex 34.68928036608415 228.7452766716912 7.1
    vertex 36.63085049766052 228.1662292230774 7.1
    vertex 36.30669750548992 229.9394720121074 7.1
  endloop
endfacet
facet normal 0 -0 1
  outer loop
    vertex 8.043575872769557 232.253593387474 7.1
    vertex 9.441264935372622 233.1807143672806 7.1
    vertex 7.875403528002559 234.3774051119517 7.1
  endloop
endfacet
facet normal 0 0 1
  outer loop
    vertex 11.36153159120927 232.9588588230309 7.1
    vertex 9.441264935372622 233.1807143672806 7.1
    vertex 9.892665337547514 231.4913757000826 7.1
  endloop
endfacet
facet normal 0 -0 1
  outer loop
    vertex -38 221.7094 7.1
    vertex -37 223.0690351775137 7.1
    vertex -39.03425709038925 223.3423333994947 7.1
  endloop
endfacet
facet normal 0 0 1
  outer loop
    vertex -23.74160714665461 234.649843116686 7.1
    vertex -21.96113124547747 235.2223746227084 7.1
    vertex -22.99241540153354 236.6441491988658 7.1
  endloop
endfacet
facet normal -0 0 1
  outer loop
    vertex 16.03002373318547 225.0288216594939 7.1
    vertex 17.97004772012874 224.7554337926871 7.1
    vertex 17.54675288667277 226.4713475317523 7.1
  endloop
endfacet
facet normal 0 0 1
  outer loop
    vertex 19.41744801316641 225.7540904379169 7.1
    vertex 17.97004772012874 224.7554337926871 7.1
    vertex 19.70675513898695 223.9234424451113 7.1
  endloop
endfacet
facet normal 0 0 1
  outer loop
    vertex 38.13557560089765 229.1810799693786 7.1
    vertex 36.63085049766052 228.1662292230774 7.1
    vertex 38.49457115827152 227.0830934709479 7.1
  endloop
endfacet
facet normal 0 0 1
  outer loop
    vertex 16.29057476631892 234.6625653987283 7.1
    vertex 18.06496457540524 235.2773319806348 7.1
    vertex 17.00088028255782 236.6466605348329 7.1
  endloop
endfacet
facet normal 0 0 1
  outer loop
    vertex 32.00947633641361 234.8318441840731 7.1
    vertex 32.75927203953847 233.3372181615358 7.1
    vertex 34.09555396418364 234.5856738800912 7.1
  endloop
endfacet
facet normal 0 0 1
  outer loop
    vertex 19.70675513898695 223.9234424451113 7.1
    vertex 18.43284898432659 223.0901846969165 7.1
    vertex 20 221.7094 7.1
  endloop
endfacet
facet normal 0 0 1
  outer loop
    vertex 2.940020709149475 232.9177846036604 7.1
    vertex 0.8157411137291326 233.3173519794001 7.1
    vertex 1.198098599878588 231.4406590694995 7.1
  endloop
endfacet
facet normal 0 -0 1
  outer loop
    vertex 20 221.7094 7.1
    vertex 21.26745181661403 223.2349838554636 7.1
    vertex 19.70675513898695 223.9234424451113 7.1
  endloop
endfacet
facet normal 0 0 1
  outer loop
    vertex 21.9335765355461 234.1002443091892 7.1
    vertex 23.38316265205565 232.6421062987652 7.1
    vertex 23.84611877076726 233.993066007764 7.1
  endloop
endfacet
facet normal 0 -0 1
  outer loop
    vertex 44.91595549154633 223.3203432315326 7.1
    vertex 45.65061043492406 224.6964249810321 7.1
    vertex 44.04620746399079 225.0510513777646 7.1
  endloop
endfacet
facet normal 0 0 1
  outer loop
    vertex 26.26851476260993 223.6059349470698 7.1
    vertex 27.77185594747927 224.2370559079397 7.1
    vertex 26.40636633402524 225.8682192583782 7.1
  endloop
endfacet
facet normal 0 0 1
  outer loop
    vertex 36.66497722388965 226.4367323145034 7.1
    vertex 35.83590060085156 225.0584083635033 7.1
    vertex 37.79339793238012 225.1055762788449 7.1
  endloop
endfacet
facet normal 0 0 1
  outer loop
    vertex 41.19908509710172 231.3798716658147 7.1
    vertex 41.05541490939856 233.367376990985 7.1
    vertex 39.39163224263598 232.1417667032006 7.1
  endloop
endfacet
facet normal 0 0 1
  outer loop
    vertex 33.6502525543692 225.250659977324 7.1
    vertex 31.93370739108406 224.6635347315577 7.1
    vertex 33.00158749415112 223.3501245861675 7.1
  endloop
endfacet
facet normal 0 0 1
  outer loop
    vertex -30 238.3094 7.1
    vertex -30.95706840308906 237.0100420638423 7.1
    vertex -29 236.5773491924311 7.1
  endloop
endfacet
facet normal -0 0 1
  outer loop
    vertex -24.1936966124488 225.1752219993185 7.1
    vertex -22.20973562028916 224.8371556175796 7.1
    vertex -22.57253956210683 226.4571537123904 7.1
  endloop
endfacet
facet normal 0 -0 1
  outer loop
    vertex -5.940750690972201 232.4761294868762 7.1
    vertex -4.518570556296286 233.322870235208 7.1
    vertex -6.036609762414005 234.6324438132966 7.1
  endloop
endfacet
facet normal 0 0 1
  outer loop
    vertex 37.79339793238012 225.1055762788449 7.1
    vertex 35.83590060085156 225.0584083635033 7.1
    vertex 36.96653570903678 223.3730070016124 7.1
  endloop
endfacet
facet normal 0 0 1
  outer loop
    vertex -10.44881165896111 226.9296701779006 7.1
    vertex -9.891796791960134 225.0250370557983 7.1
    vertex -8.577910445128051 226.2949074288265 7.1
  endloop
endfacet
facet normal -0 0 1
  outer loop
    vertex 38.49457115827152 227.0830934709479 7.1
    vertex 40.38385229248198 226.8129099640429 7.1
    vertex 39.95667801148887 228.4381982792472 7.1
  endloop
endfacet
facet normal -0 0 1
  outer loop
    vertex 30.32408032422792 225.0706835348275 7.1
    vertex 31.93370739108406 224.6635347315577 7.1
    vertex 31.68450186576485 226.2295301417535 7.1
  endloop
endfacet
facet normal -0 0 1
  outer loop
    vertex 11.11163946527182 223.6704075892989 7.1
    vertex 12.79042413438116 223.1913051792784 7.1
    vertex 12.65590719972116 224.8875676788407 7.1
  endloop
endfacet
facet normal 0 -0 1
  outer loop
    vertex -5.114317131172564 226.6216561448202 7.1
    vertex -3.885354866481217 228.2128717706966 7.1
    vertex -5.473514545889177 228.6450080985435 7.1
  endloop
endfacet
facet normal 0 0 1
  outer loop
    vertex -3.829605896103786 229.7907963601745 7.1
    vertex -3.885354866481217 228.2128717706966 7.1
    vertex -2.05377774440304 228.7937049748933 7.1
  endloop
endfacet
facet normal 0 0 1
  outer loop
    vertex -37.45706896660117 234.4622308773951 7.1
    vertex -35.92924079990335 235.2069613667589 7.1
    vertex -37.27090891874659 236.4558370279977 7.1
  endloop
endfacet
facet normal 0 -0 1
  outer loop
    vertex 43.3332004253155 233.9844107676804 7.1
    vertex 43.87357980798834 235.3717289950594 7.1
    vertex 41.95986098258729 235.1112069932955 7.1
  endloop
endfacet
facet normal 0 -0 1
  outer loop
    vertex 4.634300045046211 231.8792578763104 7.1
    vertex 4.699966919954766 233.4441451093364 7.1
    vertex 2.940020709149475 232.9177846036604 7.1
  endloop
endfacet
facet normal 0 0 1
  outer loop
    vertex 20 221.7094 7.1
    vertex 18.43284898432659 223.0901846969165 7.1
    vertex 18 221.7094 7.1
  endloop
endfacet
facet normal 0 -0 1
  outer loop
    vertex 22.03511104807174 231.955128173703 7.1
    vertex 23.38316265205565 232.6421062987652 7.1
    vertex 21.9335765355461 234.1002443091892 7.1
  endloop
endfacet
facet normal 0 0 1
  outer loop
    vertex -25.31532357208735 233.1826080050519 7.1
    vertex -25.94110068126134 235.0200679299552 7.1
    vertex -27.16462310490036 233.7691410137448 7.1
  endloop
endfacet
facet normal 0 0 1
  outer loop
    vertex 5.083178153391277 227.9860751781424 7.1
    vertex 5.039687587389928 226.3790073551204 7.1
    vertex 6.912525578677775 226.975118099786 7.1
  endloop
endfacet
facet normal 0 0 1
  outer loop
    vertex 24 238.3094 7.1
    vertex 23.02088950400551 237.2035561989027 7.1
    vertex 24.79683954001115 236.6649665887542 7.1
  endloop
endfacet
facet normal 0 0 1
  outer loop
    vertex 21.25488215760917 236.4628378066484 7.1
    vertex 23.02088950400551 237.2035561989027 7.1
    vertex 22 238.3094 7.1
  endloop
endfacet
facet normal 0 0 1
  outer loop
    vertex 25.193154684174 232.5084222457641 7.1
    vertex 23.38316265205565 232.6421062987652 7.1
    vertex 23.87173400046159 231.1896439503958 7.1
  endloop
endfacet
facet normal 0 0 1
  outer loop
    vertex 26.40636633402524 225.8682192583782 7.1
    vertex 27.77185594747927 224.2370559079397 7.1
    vertex 28.35204788895495 225.5804481070106 7.1
  endloop
endfacet
facet normal 0 -0 1
  outer loop
    vertex -14.31518240041733 230.3560905512946 7.1
    vertex -14.22674733226761 231.8935716648778 7.1
    vertex -16.07848129509838 231.3521111593375 7.1
  endloop
endfacet
facet normal 0 0 1
  outer loop
    vertex 10.47513602673708 227.2859397432798 7.1
    vertex 11.35529194056348 225.6806559659477 7.1
    vertex 12.41138328785488 226.7818322898309 7.1
  endloop
endfacet
facet normal 0 -0 1
  outer loop
    vertex 29.14318735407159 230.8810051394383 7.1
    vertex 30.5472197944132 231.6802844390976 7.1
    vertex 29.06189707006571 232.9889261567143 7.1
  endloop
endfacet
facet normal 0 0 1
  outer loop
    vertex 16 221.7094 7.1
    vertex 15.54030351342495 223.1295064286489 7.1
    vertex 14 221.7094 7.1
  endloop
endfacet
facet normal 0 0 1
  outer loop
    vertex -29.19124538867226 223.4948923673242 7.1
    vertex -31.01191395236093 222.8640526104875 7.1
    vertex -30 221.7094 7.1
  endloop
endfacet
facet normal 0 -0 1
  outer loop
    vertex -32 221.7094 7.1
    vertex -31.01191395236093 222.8640526104875 7.1
    vertex -32.88834331130753 223.4059828205529 7.1
  endloop
endfacet
facet normal 0 0 1
  outer loop
    vertex 3.326811138273504 228.7929249827879 7.1
    vertex 1.947716677430314 228.053420599572 7.1
    vertex 3.20113448767292 226.8913309787309 7.1
  endloop
endfacet
facet normal 0 0 1
  outer loop
    vertex 19.76115469522628 234.8130850289432 7.1
    vertex 18.06496457540524 235.2773319806348 7.1
    vertex 18.26956920011051 233.6453800825614 7.1
  endloop
endfacet
facet normal 0 0 1
  outer loop
    vertex -0.004738327700583942 234.9713977759476 7.1
    vertex 0.8157411137291326 233.3173519794001 7.1
    vertex 1.971565295644101 234.8487668756453 7.1
  endloop
endfacet
facet normal 0 0 1
  outer loop
    vertex 32.39651813276659 231.5657621287649 7.1
    vertex 30.5472197944132 231.6802844390976 7.1
    vertex 31.02514031116759 230.2085707099577 7.1
  endloop
endfacet
facet normal 0 0 1
  outer loop
    vertex 22 221.7094 7.1
    vertex 21.26745181661403 223.2349838554636 7.1
    vertex 20 221.7094 7.1
  endloop
endfacet
facet normal 0 0 1
  outer loop
    vertex 19.00264393281268 236.6189688581081 7.1
    vertex 18.06496457540524 235.2773319806348 7.1
    vertex 19.76115469522628 234.8130850289432 7.1
  endloop
endfacet
facet normal 0 0 1
  outer loop
    vertex -26.9648130052472 223.2862808772478 7.1
    vertex -27.70761705224295 224.9580433746998 7.1
    vertex -29.19124538867226 223.4948923673242 7.1
  endloop
endfacet
facet normal 0 0 1
  outer loop
    vertex 41.75376656879322 227.6860361033852 7.1
    vertex 40.38385229248198 226.8129099640429 7.1
    vertex 41.93076005935664 225.5791345526768 7.1
  endloop
endfacet
facet normal 0 0 1
  outer loop
    vertex 14.81905061022144 233.1344455338654 7.1
    vertex 13.00000133866916 233.5676752329276 7.1
    vertex 13.31720800635191 231.9422749834635 7.1
  endloop
endfacet
facet normal 0 0 1
  outer loop
    vertex 1.022250236607834 226.7654105769116 7.1
    vertex 0.174321722585864 228.3976350414984 7.1
    vertex -1.013391135606392 226.8756747678336 7.1
  endloop
endfacet
facet normal 0 0 1
  outer loop
    vertex 39.95820020218694 235.0010843387483 7.1
    vertex 41.95986098258729 235.1112069932955 7.1
    vertex 40.95918982275278 236.6169308054172 7.1
  endloop
endfacet
facet normal -0 0 1
  outer loop
    vertex 33.11698408962649 227.4622049988115 7.1
    vertex 34.93855363490134 226.799717797172 7.1
    vertex 34.68928036608415 228.7452766716912 7.1
  endloop
endfacet
facet normal 0 0 1
  outer loop
    vertex -2.624178094815862 233.0688824349753 7.1
    vertex -4.518570556296286 233.322870235208 7.1
    vertex -4.115922991887364 231.6957058293375 7.1
  endloop
endfacet
facet normal -0 0 1
  outer loop
    vertex -42.95738639120194 236.5491314073446 7.1
    vertex -41.45699722098004 235.3887643127595 7.1
    vertex -40.83938252118086 236.7841549351993 7.1
  endloop
endfacet
facet normal 0 -0 1
  outer loop
    vertex -44.35556949305442 233.5241088909193 7.1
    vertex -44.04164801067886 235.3307685072184 7.1
    vertex -45.31286573358985 234.9274544456141 7.1
  endloop
endfacet
facet normal 0 -0 1
  outer loop
    vertex -9.043978904496262 223.3454124160316 7.1
    vertex -8.129668365884827 224.7012097956922 7.1
    vertex -9.891796791960134 225.0250370557983 7.1
  endloop
endfacet
facet normal 0 0 1
  outer loop
    vertex -33.15334285910055 227.0806752944854 7.1
    vertex -32.84175167201746 225.2778813171813 7.1
    vertex -31.30464929915362 226.318185885158 7.1
  endloop
endfacet
facet normal 0 0 1
  outer loop
    vertex -11.7158626189975 234.8535037696439 7.1
    vertex -10.02611242255718 235.4921724175736 7.1
    vertex -11.03644572287442 236.7036908100966 7.1
  endloop
endfacet
facet normal 0 0 1
  outer loop
    vertex -46.92121083822281 229.3350421569413 7.1
    vertex -47.09946598299672 231.0094 7.1
    vertex -48.5036579612775 230.1344 7.1
  endloop
endfacet
facet normal 0 0 1
  outer loop
    vertex 45.11754677806665 236.5399884379277 7.1
    vertex 43.87357980798834 235.3717289950594 7.1
    vertex 45.13614655648399 234.5826872047663 7.1
  endloop
endfacet
facet normal 0 0 1
  outer loop
    vertex -6 238.3094 7.1
    vertex -6.951281035604996 236.643225981181 7.1
    vertex -5.000735814562981 236.5419787378734 7.1
  endloop
endfacet
facet normal 0 -0 1
  outer loop
    vertex 12 221.7094 7.1
    vertex 12.79042413438116 223.1913051792784 7.1
    vertex 11.11163946527182 223.6704075892989 7.1
  endloop
endfacet
facet normal 0 0 1
  outer loop
    vertex -45.51569829801154 230.3664229573547 7.1
    vertex -47.09946598299672 231.0094 7.1
    vertex -46.92121083822281 229.3350421569413 7.1
  endloop
endfacet
facet normal 0 0 1
  outer loop
    vertex 26 221.7094 7.1
    vertex 24.78119243672747 223.1379905203113 7.1
    vertex 24 221.7094 7.1
  endloop
endfacet
facet normal 0 0 1
  outer loop
    vertex 13.99586967023727 234.9294704524117 7.1
    vertex 13.00000133866916 233.5676752329276 7.1
    vertex 14.81905061022144 233.1344455338654 7.1
  endloop
endfacet
facet normal 0 0 1
  outer loop
    vertex 11.36153159120927 232.9588588230309 7.1
    vertex 13.00000133866916 233.5676752329276 7.1
    vertex 12.00001020488638 234.8453042766562 7.1
  endloop
endfacet
facet normal 0 -0 1
  outer loop
    vertex -48 221.7094 7.1
    vertex -47.35820888163045 223.2851692632518 7.1
    vertex -49 222.8594 7.1
  endloop
endfacet
facet normal 0 0 1
  outer loop
    vertex -0.3689698239585976 230.2888609059465 7.1
    vertex 0.174321722585864 228.3976350414984 7.1
    vertex 1.512102125445066 229.6087384238331 7.1
  endloop
endfacet
facet normal 0 0 1
  outer loop
    vertex -11.25480253249812 232.8105848971915 7.1
    vertex -13.16898516650165 233.2179383640772 7.1
    vertex -12.7599793404623 231.6026029582909 7.1
  endloop
endfacet
facet normal 0 0 1
  outer loop
    vertex -11.03644572287442 236.7036908100966 7.1
    vertex -9.082032375669831 236.7477216684916 7.1
    vertex -10 238.3094 7.1
  endloop
endfacet
facet normal 0 0 1
  outer loop
    vertex -34.19348456505213 234.8721786990006 7.1
    vertex -35.92924079990335 235.2069613667589 7.1
    vertex -35.72474154911689 233.6672110369697 7.1
  endloop
endfacet
facet normal 0 -0 1
  outer loop
    vertex 41.19908509710172 231.3798716658147 7.1
    vertex 42.75798851146708 232.3545189102904 7.1
    vertex 41.05541490939856 233.367376990985 7.1
  endloop
endfacet
facet normal 0 0 1
  outer loop
    vertex 4.998252890195927 223.4011302956121 7.1
    vertex 4.016284225924904 224.9828061130798 7.1
    vertex 2.999708293372789 223.3972443384162 7.1
  endloop
endfacet
facet normal 0 -0 1
  outer loop
    vertex -42.8113754279473 234.6516081003891 7.1
    vertex -41.45699722098004 235.3887643127595 7.1
    vertex -42.95738639120194 236.5491314073446 7.1
  endloop
endfacet
facet normal 0 0 1
  outer loop
    vertex 0.8157411137291326 233.3173519794001 7.1
    vertex -0.9999982559856233 233.6955494435686 7.1
    vertex -0.6527227782415468 232.1098213138378 7.1
  endloop
endfacet
facet normal 0 0 1
  outer loop
    vertex -40.05484655559707 226.3304008998729 7.1
    vertex -40 224.6624957467225 7.1
    vertex -38.21772470728254 225.1562077415026 7.1
  endloop
endfacet
facet normal 0 0 1
  outer loop
    vertex 37.43782783071671 233.1118522173253 7.1
    vertex 35.58246270945467 233.3496351421435 7.1
    vertex 35.99634510416301 231.7664714771817 7.1
  endloop
endfacet
facet normal 0 0 1
  outer loop
    vertex 34.19873944054367 232.5342280068119 7.1
    vertex 32.75927203953847 233.3372181615358 7.1
    vertex 32.39651813276659 231.5657621287649 7.1
  endloop
endfacet
facet normal 0 0 1
  outer loop
    vertex -20.04489915048271 234.6952060982883 7.1
    vertex -21.96113124547747 235.2223746227084 7.1
    vertex -21.84016450700834 233.5575655986452 7.1
  endloop
endfacet
facet normal 0 0 1
  outer loop
    vertex -21 236.5773491924311 7.1
    vertex -21.96113124547747 235.2223746227084 7.1
    vertex -20.04489915048271 234.6952060982883 7.1
  endloop
endfacet
facet normal -0 0 1
  outer loop
    vertex -45.8035895073871 223.6095910182838 7.1
    vertex -44.47936201526697 223.0867770437119 7.1
    vertex -44.81211183578534 224.9983389841204 7.1
  endloop
endfacet
facet normal 0 0 1
  outer loop
    vertex -8.213084320917664 235.1705132105099 7.1
    vertex -10.02611242255718 235.4921724175736 7.1
    vertex -9.732872914380826 233.9919227322518 7.1
  endloop
endfacet
facet normal 0 -0 1
  outer loop
    vertex 41.05541490939856 233.367376990985 7.1
    vertex 41.95986098258729 235.1112069932955 7.1
    vertex 39.95820020218694 235.0010843387483 7.1
  endloop
endfacet
facet normal 0 0 1
  outer loop
    vertex 31.00811471690724 223.4166754177158 7.1
    vertex 30.32408032422792 225.0706835348275 7.1
    vertex 29.18731730607236 223.5982945782885 7.1
  endloop
endfacet
facet normal 0 0 1
  outer loop
    vertex 9.81775365943275 225.3220892701435 7.1
    vertex 8.803875290321644 226.6260350955468 7.1
    vertex 7.949123297292806 225.1723659678225 7.1
  endloop
endfacet
facet normal 0 0 1
  outer loop
    vertex -17.81626503692795 229.9956948706435 7.1
    vertex -18.17954239046547 231.855785506096 7.1
    vertex -19.68740634468746 230.7465895737363 7.1
  endloop
endfacet
facet normal 0 -0 1
  outer loop
    vertex -48.5036579612775 230.1344 7.1
    vertex -47.09946598299672 231.0094 7.1
    vertex -48.55297425231949 231.8138293041442 7.1
  endloop
endfacet
facet normal -0 0 1
  outer loop
    vertex 24.79683954001115 236.6649665887542 7.1
    vertex 26.03667002470425 235.1342468012015 7.1
    vertex 27.02158080221291 236.6662668112702 7.1
  endloop
endfacet
facet normal 0 0 1
  outer loop
    vertex 4.987953440194964 236.5667039020574 7.1
    vertex 5.755360607263908 234.8701245827095 7.1
    vertex 6.930948097219234 236.5243114180099 7.1
  endloop
endfacet
facet normal 0 0 1
  outer loop
    vertex 42.96920702975368 230.5807315198622 7.1
    vertex 42.75798851146708 232.3545189102904 7.1
    vertex 41.19908509710172 231.3798716658147 7.1
  endloop
endfacet
facet normal 0 0 1
  outer loop
    vertex 14 221.7094 7.1
    vertex 12.79042413438116 223.1913051792784 7.1
    vertex 12 221.7094 7.1
  endloop
endfacet
facet normal 0 0 1
  outer loop
    vertex 29.04935083495617 236.5954633682512 7.1
    vertex 28.18913448505583 234.984117409538 7.1
    vertex 30.07281162919359 234.8458027358856 7.1
  endloop
endfacet
facet normal -0 0 1
  outer loop
    vertex 23.23488229733529 235.6192524272647 7.1
    vertex 24.5778767800781 235.2160817060173 7.1
    vertex 24.79683954001115 236.6649665887542 7.1
  endloop
endfacet
facet normal -0 0 1
  outer loop
    vertex 44.04620746399079 225.0510513777646 7.1
    vertex 45.65061043492406 224.6964249810321 7.1
    vertex 45.29580483352703 226.2476660402622 7.1
  endloop
endfacet
facet normal 0 -0 1
  outer loop
    vertex 24 221.7094 7.1
    vertex 24.78119243672747 223.1379905203113 7.1
    vertex 22.97581075560524 223.6190604629505 7.1
  endloop
endfacet
facet normal 0 0 1
  outer loop
    vertex -15.05550059774441 233.2492900706948 7.1
    vertex -14.22674733226761 231.8935716648778 7.1
    vertex -13.16898516650165 233.2179383640772 7.1
  endloop
endfacet
facet normal 0 0 1
  outer loop
    vertex 44.72218108859401 232.8454472550586 7.1
    vertex 44.34234006700249 231.3714872687806 7.1
    vertex 46.01451206304082 231.6221641370824 7.1
  endloop
endfacet
facet normal -0 0 1
  outer loop
    vertex -9.891796791960134 225.0250370557983 7.1
    vertex -8.129668365884827 224.7012097956922 7.1
    vertex -8.577910445128051 226.2949074288265 7.1
  endloop
endfacet
facet normal 0 0 1
  outer loop
    vertex -14.00101857703995 234.8980768237643 7.1
    vertex -13.16898516650165 233.2179383640772 7.1
    vertex -11.7158626189975 234.8535037696439 7.1
  endloop
endfacet
facet normal 0 0 1
  outer loop
    vertex 8.580906031427782 228.3418848092385 7.1
    vertex 8.803875290321644 226.6260350955468 7.1
    vertex 10.47513602673708 227.2859397432798 7.1
  endloop
endfacet
facet normal 0 0 1
  outer loop
    vertex -0.004738327700583942 234.9713977759476 7.1
    vertex -0.9999982559856233 233.6955494435686 7.1
    vertex 0.8157411137291326 233.3173519794001 7.1
  endloop
endfacet
facet normal -0 0 1
  outer loop
    vertex -29.47464546888594 225.5092562745571 7.1
    vertex -27.70761705224295 224.9580433746998 7.1
    vertex -27.91400727033183 226.7611263440536 7.1
  endloop
endfacet
facet normal 0 0 1
  outer loop
    vertex -45.0451672240627 226.7738378898015 7.1
    vertex -44.81211183578534 224.9983389841204 7.1
    vertex -43.30568393914837 225.9196027478313 7.1
  endloop
endfacet
facet normal 0 0 1
  outer loop
    vertex 36.96653570903678 223.3730070016124 7.1
    vertex 35.83590060085156 225.0584083635033 7.1
    vertex 35.00168655053229 223.3847568115631 7.1
  endloop
endfacet
facet normal 0 0 1
  outer loop
    vertex -48.55297425231949 231.8138293041442 7.1
    vertex -47.2302660262655 232.3359758248651 7.1
    vertex -48.48445554337723 233.6344 7.1
  endloop
endfacet
facet normal 0 -0 1
  outer loop
    vertex 1.022250236607834 226.7654105769116 7.1
    vertex 1.947716677430314 228.053420599572 7.1
    vertex 0.174321722585864 228.3976350414984 7.1
  endloop
endfacet
facet normal 0 0 1
  outer loop
    vertex 41.05541490939856 233.367376990985 7.1
    vertex 39.09122947831159 233.7073075837543 7.1
    vertex 39.39163224263598 232.1417667032006 7.1
  endloop
endfacet
facet normal -0 0 1
  outer loop
    vertex -29 236.5773491924311 7.1
    vertex -27.58907578215931 235.2657119385834 7.1
    vertex -26.878857817019 236.6739865629041 7.1
  endloop
endfacet
facet normal 0 0 1
  outer loop
    vertex -24.95449240920121 236.603623012229 7.1
    vertex -25.94110068126134 235.0200679299552 7.1
    vertex -23.74160714665461 234.649843116686 7.1
  endloop
endfacet
facet normal 0 0 1
  outer loop
    vertex 39.95820020218694 235.0010843387483 7.1
    vertex 39.09122947831159 233.7073075837543 7.1
    vertex 41.05541490939856 233.367376990985 7.1
  endloop
endfacet
facet normal -0 0 1
  outer loop
    vertex -27.70761705224295 224.9580433746998 7.1
    vertex -25.98317842520087 224.5123490344486 7.1
    vertex -26.1067380137922 226.0831926880336 7.1
  endloop
endfacet
facet normal -0 0 1
  outer loop
    vertex 3.89137749529495 234.8925195470159 7.1
    vertex 5.755360607263908 234.8701245827095 7.1
    vertex 4.987953440194964 236.5667039020574 7.1
  endloop
endfacet
facet normal 0 0 1
  outer loop
    vertex -18 221.7094 7.1
    vertex -18.98156945684848 223.1291104913388 7.1
    vertex -20 221.7094 7.1
  endloop
endfacet
facet normal 0 0 1
  outer loop
    vertex -20.8343829031096 223.6087014613459 7.1
    vertex -22.20973562028916 224.8371556175796 7.1
    vertex -23.03308949873459 223.4038901424056 7.1
  endloop
endfacet
facet normal 0 0 1
  outer loop
    vertex -35 236.5773491924311 7.1
    vertex -35.92924079990335 235.2069613667589 7.1
    vertex -34.19348456505213 234.8721786990006 7.1
  endloop
endfacet
facet normal 0 0 1
  outer loop
    vertex 22.97581075560524 223.6190604629505 7.1
    vertex 21.26745181661403 223.2349838554636 7.1
    vertex 22 221.7094 7.1
  endloop
endfacet
facet normal 0 0 1
  outer loop
    vertex -26.878857817019 236.6739865629041 7.1
    vertex -27.58907578215931 235.2657119385834 7.1
    vertex -25.94110068126134 235.0200679299552 7.1
  endloop
endfacet
facet normal 0 0 1
  outer loop
    vertex 36.30669750548992 229.9394720121074 7.1
    vertex 36.63085049766052 228.1662292230774 7.1
    vertex 38.13557560089765 229.1810799693786 7.1
  endloop
endfacet
facet normal 0 0 1
  outer loop
    vertex -26.1067380137922 226.0831926880336 7.1
    vertex -25.98317842520087 224.5123490344486 7.1
    vertex -24.1936966124488 225.1752219993185 7.1
  endloop
endfacet
facet normal 0 0 1
  outer loop
    vertex 42.94674276787423 236.6953495815729 7.1
    vertex 43.87357980798834 235.3717289950594 7.1
    vertex 45.11754677806665 236.5399884379277 7.1
  endloop
endfacet
facet normal -0 0 1
  outer loop
    vertex -40 238.3094 7.1
    vertex -39.10991698091048 237.0267827520782 7.1
    vertex -38 238.3094 7.1
  endloop
endfacet
facet normal 0 0 1
  outer loop
    vertex 5.755360607263908 234.8701245827095 7.1
    vertex 4.699966919954766 233.4441451093364 7.1
    vertex 6.225783744067418 233.0904966825017 7.1
  endloop
endfacet
facet normal 0 0 1
  outer loop
    vertex -30.71803977602719 235.342854047396 7.1
    vertex -30.95706840308906 237.0100420638423 7.1
    vertex -32.69293871435469 236.3290209234258 7.1
  endloop
endfacet
facet normal 0 -0 1
  outer loop
    vertex 31.00811471690724 223.4166754177158 7.1
    vertex 31.93370739108406 224.6635347315577 7.1
    vertex 30.32408032422792 225.0706835348275 7.1
  endloop
endfacet
facet normal 0 0 1
  outer loop
    vertex -12.99067602918719 223.4377259365097 7.1
    vertex -13.89195278795416 224.850021346979 7.1
    vertex -14.91685702330501 223.5134185964404 7.1
  endloop
endfacet
facet normal 0 0 1
  outer loop
    vertex -35.72474154911689 233.6672110369697 7.1
    vertex -35.92924079990335 235.2069613667589 7.1
    vertex -37.45706896660117 234.4622308773951 7.1
  endloop
endfacet
facet normal 0 0 1
  outer loop
    vertex 12.65590719972116 224.8875676788407 7.1
    vertex 12.79042413438116 223.1913051792784 7.1
    vertex 14.18457400691282 223.9797506282525 7.1
  endloop
endfacet
facet normal -0 0 1
  outer loop
    vertex 0.174321722585864 228.3976350414984 7.1
    vertex 1.947716677430314 228.053420599572 7.1
    vertex 1.512102125445066 229.6087384238331 7.1
  endloop
endfacet
facet normal 0 0 1
  outer loop
    vertex 9.892665337547514 231.4913757000826 7.1
    vertex 9.441264935372622 233.1807143672806 7.1
    vertex 8.043575872769557 232.253593387474 7.1
  endloop
endfacet
facet normal 0 -0 1
  outer loop
    vertex -28.93791379925283 234.501707919643 7.1
    vertex -27.58907578215931 235.2657119385834 7.1
    vertex -29 236.5773491924311 7.1
  endloop
endfacet
facet normal 0 -0 1
  outer loop
    vertex 42.96920702975368 230.5807315198622 7.1
    vertex 44.34234006700249 231.3714872687806 7.1
    vertex 42.75798851146708 232.3545189102904 7.1
  endloop
endfacet
facet normal 0 0 1
  outer loop
    vertex 24.64171104943298 224.9009308000429 7.1
    vertex 24.78119243672747 223.1379905203113 7.1
    vertex 26.26851476260993 223.6059349470698 7.1
  endloop
endfacet
facet normal -0 0 1
  outer loop
    vertex 19.70675513898695 223.9234424451113 7.1
    vertex 21.26745181661403 223.2349838554636 7.1
    vertex 21.23586048284329 224.9270343655442 7.1
  endloop
endfacet
facet normal 0 0 1
  outer loop
    vertex -45.0451672240627 226.7738378898015 7.1
    vertex -46.31539775642834 226.1384062555679 7.1
    vertex -44.81211183578534 224.9983389841204 7.1
  endloop
endfacet
facet normal 0 0 1
  outer loop
    vertex -36 221.7094 7.1
    vertex -37 223.0690351775137 7.1
    vertex -38 221.7094 7.1
  endloop
endfacet
facet normal 0 0 1
  outer loop
    vertex -22.99241540153354 236.6441491988658 7.1
    vertex -21.96113124547747 235.2223746227084 7.1
    vertex -21 236.5773491924311 7.1
  endloop
endfacet
facet normal 0 0 1
  outer loop
    vertex 17.54675288667277 226.4713475317523 7.1
    vertex 17.97004772012874 224.7554337926871 7.1
    vertex 19.41744801316641 225.7540904379169 7.1
  endloop
endfacet
facet normal 0 0 1
  outer loop
    vertex -24.1936966124488 225.1752219993185 7.1
    vertex -25.98317842520087 224.5123490344486 7.1
    vertex -25.02751477129219 223.2949147212823 7.1
  endloop
endfacet
facet normal 0 0 1
  outer loop
    vertex 5.985315491282758 225.059706405863 7.1
    vertex 5.039687587389928 226.3790073551204 7.1
    vertex 4.016284225924904 224.9828061130798 7.1
  endloop
endfacet
facet normal 0 0 1
  outer loop
    vertex 17.97004772012874 224.7554337926871 7.1
    vertex 18.43284898432659 223.0901846969165 7.1
    vertex 19.70675513898695 223.9234424451113 7.1
  endloop
endfacet
facet normal 0 0 1
  outer loop
    vertex 31.09607232378483 233.1685826079379 7.1
    vertex 32.75927203953847 233.3372181615358 7.1
    vertex 32.00947633641361 234.8318441840731 7.1
  endloop
endfacet
facet normal 0 -0 1
  outer loop
    vertex -14.91685702330501 223.5134185964404 7.1
    vertex -13.89195278795416 224.850021346979 7.1
    vertex -15.51072334649465 225.3247319627558 7.1
  endloop
endfacet
facet normal -0 0 1
  outer loop
    vertex -15.51072334649465 225.3247319627558 7.1
    vertex -13.89195278795416 224.850021346979 7.1
    vertex -13.93670635950294 226.5485307563283 7.1
  endloop
endfacet
facet normal 0 0 1
  outer loop
    vertex 17.00088028255782 236.6466605348329 7.1
    vertex 18.06496457540524 235.2773319806348 7.1
    vertex 19.00264393281268 236.6189688581081 7.1
  endloop
endfacet
facet normal 0 0 1
  outer loop
    vertex 13.31720800635191 231.9422749834635 7.1
    vertex 13.00000133866916 233.5676752329276 7.1
    vertex 11.36153159120927 232.9588588230309 7.1
  endloop
endfacet
facet normal 0 0 1
  outer loop
    vertex -9.082032375669831 236.7477216684916 7.1
    vertex -10.02611242255718 235.4921724175736 7.1
    vertex -8.213084320917664 235.1705132105099 7.1
  endloop
endfacet
facet normal 0 0 1
  outer loop
    vertex 26.90720679834886 233.5484864762658 7.1
    vertex 25.28586694509082 234.0006629709074 7.1
    vertex 25.193154684174 232.5084222457641 7.1
  endloop
endfacet
facet normal -0 0 1
  outer loop
    vertex -41.52456031429816 225.1709498448539 7.1
    vertex -40 224.6624957467225 7.1
    vertex -40.05484655559707 226.3304008998729 7.1
  endloop
endfacet
facet normal 0 0 1
  outer loop
    vertex -18.17954239046547 231.855785506096 7.1
    vertex -18.62521468139224 233.4649694545072 7.1
    vertex -19.97856736950316 232.6288063805944 7.1
  endloop
endfacet
facet normal 0 0 1
  outer loop
    vertex -48.48445554337723 233.6344 7.1
    vertex -47.2302660262655 232.3359758248651 7.1
    vertex -46.35755749291705 233.6266169472892 7.1
  endloop
endfacet
facet normal 0 0 1
  outer loop
    vertex 39.95667801148887 228.4381982792472 7.1
    vertex 40.38385229248198 226.8129099640429 7.1
    vertex 41.75376656879322 227.6860361033852 7.1
  endloop
endfacet
facet normal 0 0 1
  outer loop
    vertex -6.901071777570717 223.6054989283918 7.1
    vertex -8.129668365884827 224.7012097956922 7.1
    vertex -9.043978904496262 223.3454124160316 7.1
  endloop
endfacet
facet normal -0 0 1
  outer loop
    vertex -32 238.3094 7.1
    vertex -30.95706840308906 237.0100420638423 7.1
    vertex -30 238.3094 7.1
  endloop
endfacet
facet normal 0 -0 1
  outer loop
    vertex 23.84611877076726 233.993066007764 7.1
    vertex 24.5778767800781 235.2160817060173 7.1
    vertex 23.23488229733529 235.6192524272647 7.1
  endloop
endfacet
facet normal -0 0 1
  outer loop
    vertex 12.00001020488638 234.8453042766562 7.1
    vertex 13.00000133866916 233.5676752329276 7.1
    vertex 13.99586967023727 234.9294704524117 7.1
  endloop
endfacet
facet normal 0 0 1
  outer loop
    vertex -22.57253956210683 226.4571537123904 7.1
    vertex -22.20973562028916 224.8371556175796 7.1
    vertex -20.75747493584315 225.6138338546723 7.1
  endloop
endfacet
facet normal -0 0 1
  outer loop
    vertex -6.874522943501836 225.5246900238878 7.1
    vertex -5.43557216538204 224.8627655319553 7.1
    vertex -5.114317131172564 226.6216561448202 7.1
  endloop
endfacet
facet normal 0 0 1
  outer loop
    vertex 33.00158749415112 223.3501245861675 7.1
    vertex 31.93370739108406 224.6635347315577 7.1
    vertex 31.00811471690724 223.4166754177158 7.1
  endloop
endfacet
facet normal 0 0 1
  outer loop
    vertex -4.115922991887364 231.6957058293375 7.1
    vertex -4.518570556296286 233.322870235208 7.1
    vertex -5.940750690972201 232.4761294868762 7.1
  endloop
endfacet
facet normal 0 0 1
  outer loop
    vertex -0.6527227782415468 232.1098213138378 7.1
    vertex -0.9999982559856233 233.6955494435686 7.1
    vertex -2.624178094815862 233.0688824349753 7.1
  endloop
endfacet
facet normal -0 0 1
  outer loop
    vertex -37.27090891874659 236.4558370279977 7.1
    vertex -35.92924079990335 235.2069613667589 7.1
    vertex -35 236.5773491924311 7.1
  endloop
endfacet
facet normal 0 0 1
  outer loop
    vertex -39.03425709038925 223.3423333994947 7.1
    vertex -40 224.6624957467225 7.1
    vertex -40.98120305948407 223.4178429732659 7.1
  endloop
endfacet
facet normal 0 0 1
  outer loop
    vertex -6.874522943501836 225.5246900238878 7.1
    vertex -8.129668365884827 224.7012097956922 7.1
    vertex -6.901071777570717 223.6054989283918 7.1
  endloop
endfacet
facet normal -0 0 1
  outer loop
    vertex -5.473514545889177 228.6450080985435 7.1
    vertex -3.885354866481217 228.2128717706966 7.1
    vertex -3.829605896103786 229.7907963601745 7.1
  endloop
endfacet
facet normal 0 0 1
  outer loop
    vertex -45 236.6470287751889 7.1
    vertex -44.04164801067886 235.3307685072184 7.1
    vertex -42.95738639120194 236.5491314073446 7.1
  endloop
endfacet
facet normal 0 0 1
  outer loop
    vertex 6.225783744067418 233.0904966825017 7.1
    vertex 4.699966919954766 233.4441451093364 7.1
    vertex 4.634300045046211 231.8792578763104 7.1
  endloop
endfacet
facet normal 0 0 1
  outer loop
    vertex 39.39163224263598 232.1417667032006 7.1
    vertex 39.09122947831159 233.7073075837543 7.1
    vertex 37.43782783071671 233.1118522173253 7.1
  endloop
endfacet
facet normal 0 0 1
  outer loop
    vertex 35.99634510416301 231.7664714771817 7.1
    vertex 35.58246270945467 233.3496351421435 7.1
    vertex 34.19873944054367 232.5342280068119 7.1
  endloop
endfacet
facet normal 0 0 1
  outer loop
    vertex -43.01053096395387 223.6453562423638 7.1
    vertex -44.47936201526697 223.0867770437119 7.1
    vertex -44 221.7094 7.1
  endloop
endfacet
facet normal 0 0 1
  outer loop
    vertex -2.624178094815862 233.0688824349753 7.1
    vertex -0.9999982559856233 233.6955494435686 7.1
    vertex -1.999998088976443 234.8452983897967 7.1
  endloop
endfacet
facet normal 0 0 1
  outer loop
    vertex -17.94743307794818 234.9018478603707 7.1
    vertex -18.62521468139224 233.4649694545072 7.1
    vertex -16.97563141856164 233.2432014271869 7.1
  endloop
endfacet
facet normal 0 -0 1
  outer loop
    vertex -40.98120305948407 223.4178429732659 7.1
    vertex -40 224.6624957467225 7.1
    vertex -41.52456031429816 225.1709498448539 7.1
  endloop
endfacet
facet normal 0 0 1
  outer loop
    vertex -42.95738639120194 236.5491314073446 7.1
    vertex -44.04164801067886 235.3307685072184 7.1
    vertex -42.8113754279473 234.6516081003891 7.1
  endloop
endfacet
facet normal -0 0 1
  outer loop
    vertex 3.20113448767292 226.8913309787309 7.1
    vertex 5.039687587389928 226.3790073551204 7.1
    vertex 5.083178153391277 227.9860751781424 7.1
  endloop
endfacet
facet normal 0 0 1
  outer loop
    vertex -13.16898516650165 233.2179383640772 7.1
    vertex -14.22674733226761 231.8935716648778 7.1
    vertex -12.7599793404623 231.6026029582909 7.1
  endloop
endfacet
facet normal 0 0 1
  outer loop
    vertex -8.577910445128051 226.2949074288265 7.1
    vertex -8.129668365884827 224.7012097956922 7.1
    vertex -6.874522943501836 225.5246900238878 7.1
  endloop
endfacet
facet normal -0 0 1
  outer loop
    vertex 38.02884282106583 234.8747532870796 7.1
    vertex 39.09122947831159 233.7073075837543 7.1
    vertex 39.95820020218694 235.0010843387483 7.1
  endloop
endfacet
facet normal -0 0 1
  outer loop
    vertex -1.999998088976443 234.8452983897967 7.1
    vertex -0.9999982559856233 233.6955494435686 7.1
    vertex -0.004738327700583942 234.9713977759476 7.1
  endloop
endfacet
facet normal 0 0 1
  outer loop
    vertex 31.02514031116759 230.2085707099577 7.1
    vertex 30.5472197944132 231.6802844390976 7.1
    vertex 29.14318735407159 230.8810051394383 7.1
  endloop
endfacet
facet normal 0 0 1
  outer loop
    vertex 45.29580483352703 226.2476660402622 7.1
    vertex 45.65061043492406 224.6964249810321 7.1
    vertex 46.98184983472647 225.4547020434621 7.1
  endloop
endfacet
facet normal 0 0 1
  outer loop
    vertex -45.85915367267559 232.0830630607164 7.1
    vertex -47.2302660262655 232.3359758248651 7.1
    vertex -47.09946598299672 231.0094 7.1
  endloop
endfacet
facet normal 0 0 1
  outer loop
    vertex -34.60377533667813 226.0197636055072 7.1
    vertex -34.1251083529209 224.5499399661065 7.1
    vertex -32.84175167201746 225.2778813171813 7.1
  endloop
endfacet
facet normal 0 0 1
  outer loop
    vertex -5.114317131172564 226.6216561448202 7.1
    vertex -5.43557216538204 224.8627655319553 7.1
    vertex -3.92308296817801 225.1290957647466 7.1
  endloop
endfacet
facet normal 0 0 1
  outer loop
    vertex 45.07187165437919 229.976601465715 7.1
    vertex 44.34234006700249 231.3714872687806 7.1
    vertex 42.96920702975368 230.5807315198622 7.1
  endloop
endfacet
facet normal 0 0 1
  outer loop
    vertex 17 223.4414508075689 7.1
    vertex 15.54030351342495 223.1295064286489 7.1
    vertex 16 221.7094 7.1
  endloop
endfacet
facet normal 0 0 1
  outer loop
    vertex 1.512102125445066 229.6087384238331 7.1
    vertex 1.947716677430314 228.053420599572 7.1
    vertex 3.326811138273504 228.7929249827879 7.1
  endloop
endfacet
facet normal 0 0 1
  outer loop
    vertex -30 221.7094 7.1
    vertex -31.01191395236093 222.8640526104875 7.1
    vertex -32 221.7094 7.1
  endloop
endfacet
facet normal 0 0 1
  outer loop
    vertex -3.92308296817801 225.1290957647466 7.1
    vertex -5.43557216538204 224.8627655319553 7.1
    vertex -4.883202299124225 223.3794914064665 7.1
  endloop
endfacet
facet normal 0 0 1
  outer loop
    vertex -46.71568009891596 227.5893160029287 7.1
    vertex -46.31539775642834 226.1384062555679 7.1
    vertex -45.0451672240627 226.7738378898015 7.1
  endloop
endfacet
facet normal 0 0 1
  outer loop
    vertex 45.13614655648399 234.5826872047663 7.1
    vertex 43.87357980798834 235.3717289950594 7.1
    vertex 43.3332004253155 233.9844107676804 7.1
  endloop
endfacet
facet normal 0 0 1
  outer loop
    vertex -25.02751477129219 223.2949147212823 7.1
    vertex -25.98317842520087 224.5123490344486 7.1
    vertex -26.9648130052472 223.2862808772478 7.1
  endloop
endfacet
facet normal 0 0 1
  outer loop
    vertex -27.16462310490036 233.7691410137448 7.1
    vertex -27.58907578215931 235.2657119385834 7.1
    vertex -28.93791379925283 234.501707919643 7.1
  endloop
endfacet
facet normal 0 0 1
  outer loop
    vertex 3.89137749529495 234.8925195470159 7.1
    vertex 4.699966919954766 233.4441451093364 7.1
    vertex 5.755360607263908 234.8701245827095 7.1
  endloop
endfacet
facet normal 0 0 1
  outer loop
    vertex 12.41138328785488 226.7818322898309 7.1
    vertex 11.35529194056348 225.6806559659477 7.1
    vertex 12.65590719972116 224.8875676788407 7.1
  endloop
endfacet
facet normal 0 0 1
  outer loop
    vertex -12.7599793404623 231.6026029582909 7.1
    vertex -14.22674733226761 231.8935716648778 7.1
    vertex -14.31518240041733 230.3560905512946 7.1
  endloop
endfacet
facet normal -0 0 1
  outer loop
    vertex 22 238.3094 7.1
    vertex 23.02088950400551 237.2035561989027 7.1
    vertex 24 238.3094 7.1
  endloop
endfacet
facet normal 0 -0 1
  outer loop
    vertex -26.9648130052472 223.2862808772478 7.1
    vertex -25.98317842520087 224.5123490344486 7.1
    vertex -27.70761705224295 224.9580433746998 7.1
  endloop
endfacet
facet normal 0 0 1
  outer loop
    vertex 23.87173400046159 231.1896439503958 7.1
    vertex 23.38316265205565 232.6421062987652 7.1
    vertex 22.03511104807174 231.955128173703 7.1
  endloop
endfacet
facet normal 0 -0 1
  outer loop
    vertex 18 221.7094 7.1
    vertex 18.43284898432659 223.0901846969165 7.1
    vertex 17 223.4414508075689 7.1
  endloop
endfacet
facet normal 0 0 1
  outer loop
    vertex -41.04159961321654 233.8921523845276 7.1
    vertex -41.45699722098004 235.3887643127595 7.1
    vertex -42.8113754279473 234.6516081003891 7.1
  endloop
endfacet
facet normal 0 0 1
  outer loop
    vertex 37.43782783071671 233.1118522173253 7.1
    vertex 39.09122947831159 233.7073075837543 7.1
    vertex 38.02884282106583 234.8747532870796 7.1
  endloop
endfacet
facet normal 0 -0 1
  outer loop
    vertex 4.016284225924904 224.9828061130798 7.1
    vertex 5.039687587389928 226.3790073551204 7.1
    vertex 3.20113448767292 226.8913309787309 7.1
  endloop
endfacet
facet normal 0 0 1
  outer loop
    vertex -25.94110068126134 235.0200679299552 7.1
    vertex -27.58907578215931 235.2657119385834 7.1
    vertex -27.16462310490036 233.7691410137448 7.1
  endloop
endfacet
facet normal 0 0 1
  outer loop
    vertex 26.03667002470425 235.1342468012015 7.1
    vertex 25.28586694509082 234.0006629709074 7.1
    vertex 26.90720679834886 233.5484864762658 7.1
  endloop
endfacet
facet normal 0 0 1
  outer loop
    vertex -32.88834331130753 223.4059828205529 7.1
    vertex -34.1251083529209 224.5499399661065 7.1
    vertex -34.98387657656348 223.2030251263321 7.1
  endloop
endfacet
facet normal 0 0 1
  outer loop
    vertex -16.97563141856164 233.2432014271869 7.1
    vertex -18.62521468139224 233.4649694545072 7.1
    vertex -18.17954239046547 231.855785506096 7.1
  endloop
endfacet
facet normal -0 0 1
  outer loop
    vertex 17 223.4414508075689 7.1
    vertex 18.43284898432659 223.0901846969165 7.1
    vertex 17.97004772012874 224.7554337926871 7.1
  endloop
endfacet
facet normal 0 0 1
  outer loop
    vertex -45.31286573358985 234.9274544456141 7.1
    vertex -44.04164801067886 235.3307685072184 7.1
    vertex -45 236.6470287751889 7.1
  endloop
endfacet
facet normal 0 0 1
  outer loop
    vertex -32.84175167201746 225.2778813171813 7.1
    vertex -34.1251083529209 224.5499399661065 7.1
    vertex -32.88834331130753 223.4059828205529 7.1
  endloop
endfacet
facet normal 0 0 1
  outer loop
    vertex -46.35755749291705 233.6266169472892 7.1
    vertex -47.2302660262655 232.3359758248651 7.1
    vertex -45.85915367267559 232.0830630607164 7.1
  endloop
endfacet
facet normal -0 0 1
  outer loop
    vertex -11.03644572287442 236.7036908100966 7.1
    vertex -10.02611242255718 235.4921724175736 7.1
    vertex -9.082032375669831 236.7477216684916 7.1
  endloop
endfacet
facet normal 0 0 1
  outer loop
    vertex -47.09946598299672 231.0094 7.1
    vertex -47.2302660262655 232.3359758248651 7.1
    vertex -48.55297425231949 231.8138293041442 7.1
  endloop
endfacet
facet normal 0 0 1
  outer loop
    vertex 24.79683954001115 236.6649665887542 7.1
    vertex 24.5778767800781 235.2160817060173 7.1
    vertex 26.03667002470425 235.1342468012015 7.1
  endloop
endfacet
facet normal 0 0 1
  outer loop
    vertex 24.5778767800781 235.2160817060173 7.1
    vertex 25.28586694509082 234.0006629709074 7.1
    vertex 26.03667002470425 235.1342468012015 7.1
  endloop
endfacet
facet normal 0 0 1
  outer loop
    vertex 23.84611877076726 233.993066007764 7.1
    vertex 25.28586694509082 234.0006629709074 7.1
    vertex 24.5778767800781 235.2160817060173 7.1
  endloop
endfacet
facet normal 0.758403 0.651701 -0.0105095
  outer loop
    vertex -45.63561768076531 222.480521922664 2.287499999999996
    vertex -45.71216980402447 222.5497113705408 1.053708413885262
    vertex -46.71960900813892 223.730760345037 1.590979697412003
  endloop
endfacet
facet normal -0.942427 -0.334243 0.0105891
  outer loop
    vertex -35.11891105795122 228.576652333413 3.8125
    vertex -35.14104796654198 228.6781022154037 5.044560552793016
    vertex -35.6650667971107 230.1386533638805 4.509020302588055
  endloop
endfacet
facet normal 0.752853 0.657345 -0.0333207
  outer loop
    vertex -46.71960900813892 223.730760345037 1.590979697412003
    vertex -45.71216980402447 222.5497113705408 1.053708413885262
    vertex -46.06015188147109 222.8948411307246 0
  endloop
endfacet
facet normal -0.944545 -0.326694 0.0332485
  outer loop
    vertex -35.6650667971107 230.1386533638805 4.509020302588055
    vertex -35.14104796654198 228.6781022154037 5.044560552793016
    vertex -35.26744488077451 229.1509583469756 6.1
  endloop
endfacet
facet normal 0.898833 0.436147 0.0433023
  outer loop
    vertex -46.65939812901505 223.6414290509341 4.448042950213458
    vertex -47.4929183332667 225.3591879837423 4.448042950213424
    vertex -47.14057576704148 224.4690507449839 6.1
  endloop
endfacet
facet normal -0.899963 -0.433811 0.0433023
  outer loop
    vertex -35.26744488077451 229.1509583469756 0
    vertex -35.61747405540199 230.0420078207469 1.651957049786545
    vertex -36.09650025632062 230.8708766201549 0
  endloop
endfacet
facet normal 0.823719 0.565342 -0.0433023
  outer loop
    vertex -46.06015188147094 222.8948411307245 6.1
    vertex -46.65939812901505 223.6414290509341 4.448042950213458
    vertex -47.14057576704148 224.4690507449839 6.1
  endloop
endfacet
facet normal -0.622611 -0.781321 -0.0435174
  outer loop
    vertex -37.39602392986861 232.2696939434771 0
    vertex -36.69101471155741 231.6160130206728 1.649639835367986
    vertex -38.18744425611359 232.8083436023509 1.651957049786544
  endloop
endfacet
facet normal -0.825342 -0.562983 -0.043148
  outer loop
    vertex -35.61747405540199 230.0420078207469 1.651957049786545
    vertex -36.69101471155741 231.6160130206728 1.649639835367986
    vertex -36.09650025632062 230.8708766201549 0
  endloop
endfacet
facet normal 0.953835 0.297194 -0.0433023
  outer loop
    vertex -47.14057576704148 224.4690507449839 6.1
    vertex -47.4929183332667 225.3591879837423 4.448042950213424
    vertex -47.70854208029608 226.2919237381312 6.1
  endloop
endfacet
facet normal 0.987494 0.15159 0.0433023
  outer loop
    vertex -47.70854208029608 226.2919237381312 6.1
    vertex -47.4929183332667 225.3591879837423 4.448042950213424
    vertex -47.78262237631728 227.2463878273143 4.44804295021345
  endloop
endfacet
facet normal -0.731942 -0.679986 0.0433622
  outer loop
    vertex -36.09650025632062 230.8708766201549 0
    vertex -36.69101471155741 231.6160130206728 1.649639835367986
    vertex -37.39602392986861 232.2696939434771 0
  endloop
endfacet
facet normal -0.498778 -0.865639 -0.0434687
  outer loop
    vertex -39.05035792383763 233.2229151762121 6.1
    vertex -38.18737676328307 232.8083047126802 4.454376704129054
    vertex -37.39602392986864 232.2696939434771 6.1
  endloop
endfacet
facet normal 0.733708 -0.678084 0.0433023
  outer loop
    vertex -46.67814156286546 230.8571332658415 4.448042950213448
    vertex -45.38225581376751 232.2593214869527 4.448042950213434
    vertex -46.08278203301503 231.6068242808703 6.1
  endloop
endfacet
facet normal -0.622215 -0.781643 0.0433818
  outer loop
    vertex -37.39602392986864 232.2696939434771 6.1
    vertex -38.18737676328307 232.8083047126802 4.454376704129054
    vertex -36.69380516015576 231.6190186117936 4.44804295021345
  endloop
endfacet
facet normal -0.221228 -0.97426 -0.0433023
  outer loop
    vertex -40.91226604093432 233.6457033567796 6.1
    vertex -39.96545703773695 233.5041325290538 4.448042950213437
    vertex -39.05035792383763 233.2229151762121 6.1
  endloop
endfacet
facet normal 0.223758 -0.973682 -0.0433023
  outer loop
    vertex -41.86959986035681 233.6444599789807 1.651957049786548
    vertex -43.73040346968263 233.2168367690656 1.651957049786551
    vertex -42.81603792770509 233.5004302165264 0
  endloop
endfacet
facet normal 0.366493 -0.929412 -0.0433023
  outer loop
    vertex -44.59223734325578 232.8000251063681 6.1
    vertex -43.73040346968275 233.2168367690656 4.448042950213435
    vertex -42.81603792770519 233.5004302165264 6.1
  endloop
endfacet
facet normal -0.364216 -0.930303 0.0433889
  outer loop
    vertex -39.96545703773695 233.5041325290538 4.448042950213437
    vertex -38.18737676328307 232.8083047126802 4.454376704129054
    vertex -39.05035792383763 233.2229151762121 6.1
  endloop
endfacet
facet normal 0.955366 -0.292234 0.0433023
  outer loop
    vertex -47.15501309447833 230.0270229538133 0
    vertex -47.50272651570923 229.135067257327 1.651957049786532
    vertex -47.71350165736628 228.2012238938779 0
  endloop
endfacet
facet normal -0.0734276 -0.99636 0.0433023
  outer loop
    vertex -40.91226604093432 233.6457033567796 6.1
    vertex -41.86959986035691 233.6444599789807 4.448042950213433
    vertex -39.96545703773695 233.5041325290538 4.448042950213437
  endloop
endfacet
facet normal -0.0734276 -0.99636 -0.0433023
  outer loop
    vertex -40.91226604093424 233.6457033567796 0
    vertex -39.96545703773686 233.5041325290537 1.651957049786556
    vertex -41.86959986035681 233.6444599789807 1.651957049786548
  endloop
endfacet
facet normal -0.731944 -0.679988 -0.0433023
  outer loop
    vertex -37.39602392986864 232.2696939434771 6.1
    vertex -36.69380516015576 231.6190186117936 4.44804295021345
    vertex -36.09650025632063 230.8708766201549 6.1
  endloop
endfacet
facet normal 0.0760155 -0.996166 -0.0433023
  outer loop
    vertex -42.81603792770519 233.5004302165264 6.1
    vertex -41.86959986035691 233.6444599789807 4.448042950213433
    vertex -40.91226604093432 233.6457033567796 6.1
  endloop
endfacet
facet normal 0.223758 -0.973682 0.0433023
  outer loop
    vertex -43.73040346968275 233.2168367690656 4.448042950213435
    vertex -41.86959986035691 233.6444599789807 4.448042950213433
    vertex -42.81603792770519 233.5004302165264 6.1
  endloop
endfacet
facet normal 0.624353 -0.779941 -0.0433023
  outer loop
    vertex -46.08278203301503 231.6068242808703 6.1
    vertex -45.38225581376751 232.2593214869527 4.448042950213434
    vertex -44.59223734325578 232.8000251063681 6.1
  endloop
endfacet
facet normal 0.0760155 -0.996166 0.0433023
  outer loop
    vertex -40.91226604093424 233.6457033567796 0
    vertex -41.86959986035681 233.6444599789807 1.651957049786548
    vertex -42.81603792770509 233.5004302165264 0
  endloop
endfacet
facet normal 0.501029 -0.864347 -0.0433023
  outer loop
    vertex -44.59223734325568 232.8000251063681 0
    vertex -43.73040346968263 233.2168367690656 1.651957049786551
    vertex -45.38225581376742 232.2593214869528 1.651957049786546
  endloop
endfacet
facet normal 0.501029 -0.864347 0.0433023
  outer loop
    vertex -44.59223734325578 232.8000251063681 6.1
    vertex -45.38225581376751 232.2593214869527 4.448042950213434
    vertex -43.73040346968275 233.2168367690656 4.448042950213435
  endloop
endfacet
facet normal 0.999059 0.00259514 -0.0433023
  outer loop
    vertex -47.70854208029608 226.2919237381312 6.1
    vertex -47.78262237631728 227.2463878273143 4.44804295021345
    vertex -47.71350165736631 228.2012238938777 6.1
  endloop
endfacet
facet normal 0.901087 -0.431472 0.0433023
  outer loop
    vertex -47.1550130944784 230.0270229538132 6.1
    vertex -47.50272651570927 229.1350672573269 4.448042950213446
    vertex -46.67814156286546 230.8571332658415 4.448042950213448
  endloop
endfacet
facet normal 0.826645 -0.561055 -0.0433023
  outer loop
    vertex -47.1550130944784 230.0270229538132 6.1
    vertex -46.67814156286546 230.8571332658415 4.448042950213448
    vertex -46.08278203301503 231.6068242808703 6.1
  endloop
endfacet
facet normal -0.364078 -0.930361 -0.0433023
  outer loop
    vertex -38.18744425611359 232.8083436023509 1.651957049786544
    vertex -39.96545703773686 233.5041325290537 1.651957049786556
    vertex -39.05035792383757 233.2229151762121 0
  endloop
endfacet
facet normal 0.624353 -0.779941 0.0433023
  outer loop
    vertex -44.59223734325568 232.8000251063681 0
    vertex -45.38225581376742 232.2593214869528 1.651957049786546
    vertex -46.08278203301492 231.6068242808704 0
  endloop
endfacet
facet normal -0.498782 -0.865645 0.0433023
  outer loop
    vertex -37.39602392986861 232.2696939434771 0
    vertex -38.18744425611359 232.8083436023509 1.651957049786544
    vertex -39.05035792383757 233.2229151762121 0
  endloop
endfacet
facet normal -0.221228 -0.97426 0.0433023
  outer loop
    vertex -39.05035792383757 233.2229151762121 0
    vertex -39.96545703773686 233.5041325290537 1.651957049786556
    vertex -40.91226604093424 233.6457033567796 0
  endloop
endfacet
facet normal 0.366493 -0.929412 0.0433023
  outer loop
    vertex -42.81603792770509 233.5004302165264 0
    vertex -43.73040346968263 233.2168367690656 1.651957049786551
    vertex -44.59223734325568 232.8000251063681 0
  endloop
endfacet
facet normal 0.953835 0.297194 0.0433023
  outer loop
    vertex -47.70854208029611 226.2919237381314 0
    vertex -47.49291833326676 225.3591879837425 1.651957049786541
    vertex -47.14057576704156 224.4690507449841 0
  endloop
endfacet
facet normal 0.955366 -0.292234 -0.0433023
  outer loop
    vertex -47.71350165736631 228.2012238938777 6.1
    vertex -47.50272651570927 229.1350672573269 4.448042950213446
    vertex -47.1550130944784 230.0270229538132 6.1
  endloop
endfacet
facet normal 0.988269 -0.146458 0.0433023
  outer loop
    vertex -47.78262237631728 227.2463878273143 4.44804295021345
    vertex -47.50272651570927 229.1350672573269 4.448042950213446
    vertex -47.71350165736631 228.2012238938777 6.1
  endloop
endfacet
facet normal 0.988269 -0.146458 -0.0433023
  outer loop
    vertex -47.50272651570923 229.135067257327 1.651957049786532
    vertex -47.78262237631728 227.2463878273145 1.651957049786184
    vertex -47.71350165736628 228.2012238938779 0
  endloop
endfacet
facet normal 0.901087 -0.431472 -0.0433023
  outer loop
    vertex -47.15501309447833 230.0270229538133 0
    vertex -46.67814156286539 230.8571332658416 1.651957049786187
    vertex -47.50272651570923 229.135067257327 1.651957049786532
  endloop
endfacet
facet normal 0.733708 -0.678084 -0.0433023
  outer loop
    vertex -45.38225581376742 232.2593214869528 1.651957049786546
    vertex -46.67814156286539 230.8571332658416 1.651957049786187
    vertex -46.08278203301492 231.6068242808704 0
  endloop
endfacet
facet normal 0.987494 0.15159 -0.0433023
  outer loop
    vertex -47.70854208029611 226.2919237381314 0
    vertex -47.78262237631728 227.2463878273145 1.651957049786184
    vertex -47.49291833326676 225.3591879837425 1.651957049786541
  endloop
endfacet
facet normal 0.999059 0.00259514 0.0433023
  outer loop
    vertex -47.71350165736628 228.2012238938779 0
    vertex -47.78262237631728 227.2463878273145 1.651957049786184
    vertex -47.70854208029611 226.2919237381314 0
  endloop
endfacet
facet normal 0.826645 -0.561055 0.0433023
  outer loop
    vertex -46.08278203301492 231.6068242808704 0
    vertex -46.67814156286539 230.8571332658416 1.651957049786187
    vertex -47.15501309447833 230.0270229538133 0
  endloop
endfacet
facet normal 0.82368 0.565315 0.0443905
  outer loop
    vertex -47.14057576704156 224.4690507449841 0
    vertex -46.71960900813892 223.730760345037 1.590979697412003
    vertex -46.06015188147109 222.8948411307246 0
  endloop
endfacet
facet normal -0.89992 -0.43379 -0.0443905
  outer loop
    vertex -36.09650025632063 230.8708766201549 6.1
    vertex -35.6650667971107 230.1386533638805 4.509020302588055
    vertex -35.26744488077451 229.1509583469756 6.1
  endloop
endfacet
facet normal 0.620046 0.782863 0.0516502
  outer loop
    vertex -46.06015188147109 222.8948411307246 0
    vertex -45.71216980402447 222.5497113705408 1.053708413885262
    vertex -44.5634284575465 221.7094 0
  endloop
endfacet
facet normal -0.987499 -0.148966 -0.0515208
  outer loop
    vertex -35.26744488077451 229.1509583469756 6.1
    vertex -35.14104796654198 228.6781022154037 5.044560552793016
    vertex -34.98264396810747 227.2630123407873 6.1
  endloop
endfacet
facet normal 0.902055 0.429837 -0.0392151
  outer loop
    vertex -47.49291833326676 225.3591879837425 1.651957049786541
    vertex -46.71960900813892 223.730760345037 1.590979697412003
    vertex -47.14057576704156 224.4690507449841 0
  endloop
endfacet
facet normal -0.821311 -0.569132 0.0392151
  outer loop
    vertex -36.69380516015576 231.6190186117936 4.44804295021345
    vertex -35.6650667971107 230.1386533638805 4.509020302588055
    vertex -36.09650025632063 230.8708766201549 6.1
  endloop
endfacet
facet normal 0.619785 0.782534 -0.0592213
  outer loop
    vertex -44.56342845754629 221.7094 6.1
    vertex -45.56993262410636 222.422907619674 4.994434975533837
    vertex -46.06015188147094 222.8948411307245 6.1
  endloop
endfacet
facet normal -0.987077 -0.148903 0.0592215
  outer loop
    vertex -34.98264396810747 227.2630123407873 0
    vertex -35.10156082980691 228.4910166607131 1.105563756967722
    vertex -35.26744488077451 229.1509583469756 0
  endloop
endfacet
facet normal 0.587361 0.809325 -0
  outer loop
    vertex -44.56342845754629 221.7094 3.049999999999996
    vertex -45.6765478133182 222.5172363485934 3.809704708791944
    vertex -44.56342845754629 221.7094 4.574999999999998
  endloop
endfacet
facet normal -0.994211 -0.107446 -0
  outer loop
    vertex -34.98264396810747 227.2630123407873 3.05
    vertex -35.13041625110674 228.6303632740769 2.290280864092123
    vertex -34.98264396810747 227.2630123407873 1.525
  endloop
endfacet
facet normal 0.583879 0.811841 -0
  outer loop
    vertex -44.56342845754629 221.7094 1.524999999999996
    vertex -45.63561768076531 222.480521922664 2.287499999999996
    vertex -44.56342845754629 221.7094 3.049999999999996
  endloop
endfacet
facet normal -0.994663 -0.103179 -0
  outer loop
    vertex -34.98264396810747 227.2630123407873 4.574999999999999
    vertex -35.11891105795122 228.576652333413 3.8125
    vertex -34.98264396810747 227.2630123407873 3.05
  endloop
endfacet
facet normal 0.898523 0.435997 -0.0506328
  outer loop
    vertex -46.65939812901505 223.6414290509341 4.448042950213458
    vertex -47.18640989970077 224.565550383451 3.053325382505854
    vertex -47.4929183332667 225.3591879837423 4.448042950213424
  endloop
endfacet
facet normal 0.956205 0.28916 -0.0453819
  outer loop
    vertex -47.49291833326676 225.3591879837425 1.651957049786541
    vertex -47.70854208029608 226.2919237381313 3.051834719548219
    vertex -47.18640989970077 224.565550383451 3.053325382505854
  endloop
endfacet
facet normal -0.825126 -0.562698 0.0503726
  outer loop
    vertex -35.61747405540199 230.0420078207469 1.651957049786545
    vertex -36.1568447656769 230.9577413830685 3.046221084820573
    vertex -36.69101471155741 231.6160130206728 1.649639835367986
  endloop
endfacet
facet normal -0.72645 -0.685731 0.0452149
  outer loop
    vertex -36.69380516015576 231.6190186117936 4.44804295021345
    vertex -37.39309898203228 232.2673635279126 3.045587205552937
    vertex -36.1568447656769 230.9577413830685 3.046221084820573
  endloop
endfacet
facet normal 0.956175 0.289229 0.0455523
  outer loop
    vertex -47.18640989970077 224.565550383451 3.053325382505854
    vertex -47.70854208029608 226.2919237381313 3.051834719548219
    vertex -47.4929183332667 225.3591879837423 4.448042950213424
  endloop
endfacet
facet normal -0.726422 -0.685749 -0.0453793
  outer loop
    vertex -36.1568447656769 230.9577413830685 3.046221084820573
    vertex -37.39309898203228 232.2673635279126 3.045587205552937
    vertex -36.69101471155741 231.6160130206728 1.649639835367986
  endloop
endfacet
facet normal -0.498793 -0.865219 0.0510027
  outer loop
    vertex -38.18737676328307 232.8083047126802 4.454376704129054
    vertex -39.05035792383755 233.2229151762121 3.048165280451794
    vertex -37.39309898203228 232.2673635279126 3.045587205552937
  endloop
endfacet
facet normal -0.622285 -0.781096 0.0514854
  outer loop
    vertex -36.69101471155741 231.6160130206728 1.649639835367986
    vertex -37.39309898203228 232.2673635279126 3.045587205552937
    vertex -38.18744425611359 232.8083436023509 1.651957049786544
  endloop
endfacet
facet normal -0.62224 -0.781172 -0.0508684
  outer loop
    vertex -38.18737676328307 232.8083047126802 4.454376704129054
    vertex -37.39309898203228 232.2673635279126 3.045587205552937
    vertex -36.69380516015576 231.6190186117936 4.44804295021345
  endloop
endfacet
facet normal 0.99869 0.00255319 -0.051109
  outer loop
    vertex -47.78262237631728 227.2463878273145 1.651957049786184
    vertex -47.71350913038458 228.2011734661096 3.050154823301836
    vertex -47.70854208029608 226.2919237381313 3.051834719548219
  endloop
endfacet
facet normal 0.987131 0.151535 0.0510811
  outer loop
    vertex -47.78262237631728 227.2463878273145 1.651957049786184
    vertex -47.70854208029608 226.2919237381313 3.051834719548219
    vertex -47.49291833326676 225.3591879837425 1.651957049786541
  endloop
endfacet
facet normal 0.624123 -0.779654 0.0510811
  outer loop
    vertex -46.08278203301509 231.6068242808702 3.048165280451685
    vertex -44.59223734325568 232.8000251063681 3.048165280451782
    vertex -45.38225581376751 232.2593214869527 4.448042950213434
  endloop
endfacet
facet normal 0.900754 -0.431312 -0.051101
  outer loop
    vertex -47.50272651570927 229.1350672573269 4.448042950213446
    vertex -47.15501387185909 230.0270213303282 3.048711110495565
    vertex -46.67814156286546 230.8571332658415 4.448042950213448
  endloop
endfacet
facet normal 0.733438 -0.677835 -0.0510811
  outer loop
    vertex -46.67814156286546 230.8571332658415 4.448042950213448
    vertex -46.08278203301509 231.6068242808702 3.048165280451685
    vertex -45.38225581376751 232.2593214869527 4.448042950213434
  endloop
endfacet
facet normal 0.987902 -0.146404 0.0511423
  outer loop
    vertex -47.50272651570923 229.135067257327 1.651957049786532
    vertex -47.71350913038458 228.2011734661096 3.050154823301836
    vertex -47.78262237631728 227.2463878273145 1.651957049786184
  endloop
endfacet
facet normal 0.500844 -0.864029 -0.0510811
  outer loop
    vertex -45.38225581376751 232.2593214869527 4.448042950213434
    vertex -44.59223734325568 232.8000251063681 3.048165280451782
    vertex -43.73040346968275 233.2168367690656 4.448042950213435
  endloop
endfacet
facet normal -0.221146 -0.973902 0.0510811
  outer loop
    vertex -39.96545703773695 233.5041325290538 4.448042950213437
    vertex -40.91226604093424 233.6457033567796 3.048165280451793
    vertex -39.05035792383755 233.2229151762121 3.048165280451794
  endloop
endfacet
facet normal -0.0734006 -0.995994 -0.0510811
  outer loop
    vertex -41.86959986035691 233.6444599789807 4.448042950213433
    vertex -40.91226604093424 233.6457033567796 3.048165280451793
    vertex -39.96545703773695 233.5041325290538 4.448042950213437
  endloop
endfacet
facet normal -0.363794 -0.930084 -0.0509702
  outer loop
    vertex -39.96545703773695 233.5041325290538 4.448042950213437
    vertex -39.05035792383755 233.2229151762121 3.048165280451794
    vertex -38.18737676328307 232.8083047126802 4.454376704129054
  endloop
endfacet
facet normal 0.366359 -0.929071 0.0510811
  outer loop
    vertex -43.73040346968275 233.2168367690656 4.448042950213435
    vertex -44.59223734325568 232.8000251063681 3.048165280451782
    vertex -42.81603792770508 233.5004302165264 3.048165280451786
  endloop
endfacet
facet normal 0.223675 -0.973324 -0.0510811
  outer loop
    vertex -43.73040346968275 233.2168367690656 4.448042950213435
    vertex -42.81603792770508 233.5004302165264 3.048165280451786
    vertex -41.86959986035691 233.6444599789807 4.448042950213433
  endloop
endfacet
facet normal 0.0759875 -0.995799 0.0510811
  outer loop
    vertex -41.86959986035691 233.6444599789807 4.448042950213433
    vertex -42.81603792770508 233.5004302165264 3.048165280451786
    vertex -40.91226604093424 233.6457033567796 3.048165280451793
  endloop
endfacet
facet normal 0.826349 -0.560836 0.0510911
  outer loop
    vertex -46.67814156286546 230.8571332658415 4.448042950213448
    vertex -47.15501387185909 230.0270213303282 3.048711110495565
    vertex -46.08278203301509 231.6068242808702 3.048165280451685
  endloop
endfacet
facet normal 0.987124 0.151533 -0.051215
  outer loop
    vertex -47.4929183332667 225.3591879837423 4.448042950213424
    vertex -47.70854208029608 226.2919237381313 3.051834719548219
    vertex -47.78262237631728 227.2463878273143 4.44804295021345
  endloop
endfacet
facet normal -0.498901 -0.86513 -0.0514613
  outer loop
    vertex -37.39309898203228 232.2673635279126 3.045587205552937
    vertex -39.05035792383755 233.2229151762121 3.048165280451794
    vertex -38.18744425611359 232.8083436023509 1.651957049786544
  endloop
endfacet
facet normal 0.955025 -0.292085 0.0511299
  outer loop
    vertex -47.71350913038458 228.2011734661096 3.050154823301836
    vertex -47.15501387185909 230.0270213303282 3.048711110495565
    vertex -47.50272651570927 229.1350672573269 4.448042950213446
  endloop
endfacet
facet normal 0.955 -0.292158 -0.0511713
  outer loop
    vertex -47.50272651570923 229.135067257327 1.651957049786532
    vertex -47.15501387185909 230.0270213303282 3.048711110495565
    vertex -47.71350913038458 228.2011734661096 3.050154823301836
  endloop
endfacet
facet normal 0.903071 0.427188 0.0444093
  outer loop
    vertex -47.49291833326676 225.3591879837425 1.651957049786541
    vertex -47.18640989970077 224.565550383451 3.053325382505854
    vertex -46.71960900813892 223.730760345037 1.590979697412003
  endloop
endfacet
facet normal -0.819518 -0.57133 -0.0444003
  outer loop
    vertex -36.69380516015576 231.6190186117936 4.44804295021345
    vertex -36.1568447656769 230.9577413830685 3.046221084820573
    vertex -35.6650667971107 230.1386533638805 4.509020302588055
  endloop
endfacet
facet normal 0.998686 0.00264319 0.0511816
  outer loop
    vertex -47.70854208029608 226.2919237381313 3.051834719548219
    vertex -47.71350913038458 228.2011734661096 3.050154823301836
    vertex -47.78262237631728 227.2463878273143 4.44804295021345
  endloop
endfacet
facet normal 0.624119 -0.779649 -0.051215
  outer loop
    vertex -45.38225581376742 232.2593214869528 1.651957049786546
    vertex -44.59223734325568 232.8000251063681 3.048165280451782
    vertex -46.08278203301509 231.6068242808702 3.048165280451685
  endloop
endfacet
facet normal 0.987901 -0.146404 -0.0511536
  outer loop
    vertex -47.78262237631728 227.2463878273143 4.44804295021345
    vertex -47.71350913038458 228.2011734661096 3.050154823301836
    vertex -47.50272651570927 229.1350672573269 4.448042950213446
  endloop
endfacet
facet normal 0.733433 -0.67783 0.051215
  outer loop
    vertex -45.38225581376742 232.2593214869528 1.651957049786546
    vertex -46.08278203301509 231.6068242808702 3.048165280451685
    vertex -46.67814156286539 230.8571332658416 1.651957049786187
  endloop
endfacet
facet normal -0.221145 -0.973895 -0.051215
  outer loop
    vertex -39.05035792383755 233.2229151762121 3.048165280451794
    vertex -40.91226604093424 233.6457033567796 3.048165280451793
    vertex -39.96545703773686 233.5041325290537 1.651957049786556
  endloop
endfacet
facet normal -0.363941 -0.930013 0.051215
  outer loop
    vertex -38.18744425611359 232.8083436023509 1.651957049786544
    vertex -39.05035792383755 233.2229151762121 3.048165280451794
    vertex -39.96545703773686 233.5041325290537 1.651957049786556
  endloop
endfacet
facet normal 0.366356 -0.929064 -0.051215
  outer loop
    vertex -42.81603792770508 233.5004302165264 3.048165280451786
    vertex -44.59223734325568 232.8000251063681 3.048165280451782
    vertex -43.73040346968263 233.2168367690656 1.651957049786551
  endloop
endfacet
facet normal 0.075987 -0.995793 -0.051215
  outer loop
    vertex -40.91226604093424 233.6457033567796 3.048165280451793
    vertex -42.81603792770508 233.5004302165264 3.048165280451786
    vertex -41.86959986035681 233.6444599789807 1.651957049786548
  endloop
endfacet
facet normal 0.500841 -0.864023 0.051215
  outer loop
    vertex -43.73040346968263 233.2168367690656 1.651957049786551
    vertex -44.59223734325568 232.8000251063681 3.048165280451782
    vertex -45.38225581376742 232.2593214869528 1.651957049786546
  endloop
endfacet
facet normal -0.0734001 -0.995987 0.051215
  outer loop
    vertex -39.96545703773686 233.5041325290537 1.651957049786556
    vertex -40.91226604093424 233.6457033567796 3.048165280451793
    vertex -41.86959986035681 233.6444599789807 1.651957049786548
  endloop
endfacet
facet normal 0.223674 -0.973318 0.051215
  outer loop
    vertex -41.86959986035681 233.6444599789807 1.651957049786548
    vertex -42.81603792770508 233.5004302165264 3.048165280451786
    vertex -43.73040346968263 233.2168367690656 1.651957049786551
  endloop
endfacet
facet normal 0.90075 -0.43131 0.051195
  outer loop
    vertex -46.67814156286539 230.8571332658416 1.651957049786187
    vertex -47.15501387185909 230.0270213303282 3.048711110495565
    vertex -47.50272651570923 229.135067257327 1.651957049786532
  endloop
endfacet
facet normal 0.826328 -0.560857 -0.0512051
  outer loop
    vertex -46.08278203301509 231.6068242808702 3.048165280451685
    vertex -47.15501387185909 230.0270213303282 3.048711110495565
    vertex -46.67814156286539 230.8571332658416 1.651957049786187
  endloop
endfacet
facet normal 0.736374 0.675497 0.038166
  outer loop
    vertex -46.06015188147094 222.8948411307245 6.1
    vertex -45.56993262410636 222.422907619674 4.994434975533837
    vertex -46.65939812901505 223.6414290509341 4.448042950213458
  endloop
endfacet
facet normal -0.95214 -0.303269 -0.0381662
  outer loop
    vertex -35.26744488077451 229.1509583469756 0
    vertex -35.10156082980691 228.4910166607131 1.105563756967722
    vertex -35.61747405540199 230.0420078207469 1.651957049786545
  endloop
endfacet
facet normal 0.585655 0.810551 -0.00380237
  outer loop
    vertex -45.63561768076531 222.480521922664 2.287499999999996
    vertex -45.6765478133182 222.5172363485934 3.809704708791944
    vertex -44.56342845754629 221.7094 3.049999999999996
  endloop
endfacet
facet normal -0.994427 -0.105359 0.00379849
  outer loop
    vertex -35.11891105795122 228.576652333413 3.8125
    vertex -35.13041625110674 228.6303632740769 2.290280864092123
    vertex -34.98264396810747 227.2630123407873 3.05
  endloop
endfacet
facet normal 0.578323 0.815808 -0
  outer loop
    vertex -44.56342845754629 221.7094 4.574999999999998
    vertex -45.56993262410636 222.422907619674 4.994434975533837
    vertex -44.56342845754629 221.7094 6.1
  endloop
endfacet
facet normal -0.995344 -0.0963866 -0
  outer loop
    vertex -34.98264396810747 227.2630123407873 1.525
    vertex -35.10156082980691 228.4910166607131 1.105563756967722
    vertex -34.98264396810747 227.2630123407873 0
  endloop
endfacet
facet normal -0.94723 -0.320222 0.0145935
  outer loop
    vertex -35.61747405540199 230.0420078207469 1.651957049786545
    vertex -35.10156082980691 228.4910166607131 1.105563756967722
    vertex -35.13041625110674 228.6303632740769 2.290280864092123
  endloop
endfacet
facet normal 0.748646 0.662809 -0.0145983
  outer loop
    vertex -46.65939812901505 223.6414290509341 4.448042950213458
    vertex -45.56993262410636 222.422907619674 4.994434975533837
    vertex -45.6765478133182 222.5172363485934 3.809704708791944
  endloop
endfacet
facet normal 0.744699 0.666367 0.0371423
  outer loop
    vertex -46.71960900813892 223.730760345037 1.590979697412003
    vertex -46.41610385259362 223.3102561389367 3.049965447515046
    vertex -45.63561768076531 222.480521922664 2.287499999999996
  endloop
endfacet
facet normal -0.948355 -0.315027 -0.0371524
  outer loop
    vertex -35.6650667971107 230.1386533638805 4.509020302588055
    vertex -35.45094157800009 229.6661159080924 3.05003458963753
    vertex -35.11891105795122 228.576652333413 3.8125
  endloop
endfacet
facet normal 0.588007 0.808807 0.00887325
  outer loop
    vertex -44.56342845754629 221.7094 1.524999999999996
    vertex -45.71216980402447 222.5497113705408 1.053708413885262
    vertex -45.63561768076531 222.480521922664 2.287499999999996
  endloop
endfacet
facet normal -0.994077 -0.108309 -0.00894264
  outer loop
    vertex -34.98264396810747 227.2630123407873 4.574999999999999
    vertex -35.14104796654198 228.6781022154037 5.044560552793016
    vertex -35.11891105795122 228.576652333413 3.8125
  endloop
endfacet
facet normal -0.993793 -0.111244 -0
  outer loop
    vertex -34.98264396810747 227.2630123407873 6.1
    vertex -35.14104796654198 228.6781022154037 5.044560552793016
    vertex -34.98264396810747 227.2630123407873 4.574999999999999
  endloop
endfacet
facet normal 0.590404 0.807108 -5.24416e-14
  outer loop
    vertex -44.5634284575465 221.7094 0
    vertex -45.71216980402447 222.5497113705408 1.053708413885262
    vertex -44.56342845754629 221.7094 1.524999999999996
  endloop
endfacet
facet normal 0.851988 0.52289 -0.0265289
  outer loop
    vertex -47.18640989970077 224.565550383451 3.053325382505854
    vertex -46.41610385259362 223.3102561389367 3.049965447515046
    vertex -46.71960900813892 223.730760345037 1.590979697412003
  endloop
endfacet
facet normal -0.877226 -0.479346 0.0265066
  outer loop
    vertex -36.1568447656769 230.9577413830685 3.046221084820573
    vertex -35.45094157800009 229.6661159080924 3.05003458963753
    vertex -35.6650667971107 230.1386533638805 4.509020302588055
  endloop
endfacet
facet normal 0.744483 0.667035 -0.0284502
  outer loop
    vertex -45.6765478133182 222.5172363485934 3.809704708791944
    vertex -46.41610385259362 223.3102561389367 3.049965447515046
    vertex -46.65939812901505 223.6414290509341 4.448042950213458
  endloop
endfacet
facet normal -0.94883 -0.314503 0.0284617
  outer loop
    vertex -35.13041625110674 228.6303632740769 2.290280864092123
    vertex -35.45094157800009 229.6661159080924 3.05003458963753
    vertex -35.61747405540199 230.0420078207469 1.651957049786545
  endloop
endfacet
facet normal 0.581715 0.813298 0.012406
  outer loop
    vertex -45.6765478133182 222.5172363485934 3.809704708791944
    vertex -45.56993262410636 222.422907619674 4.994434975533837
    vertex -44.56342845754629 221.7094 4.574999999999998
  endloop
endfacet
facet normal -0.994852 -0.100575 -0.0124014
  outer loop
    vertex -35.13041625110674 228.6303632740769 2.290280864092123
    vertex -35.10156082980691 228.4910166607131 1.105563756967722
    vertex -34.98264396810747 227.2630123407873 1.525
  endloop
endfacet
facet normal 0.852094 0.522818 0.024438
  outer loop
    vertex -46.65939812901505 223.6414290509341 4.448042950213458
    vertex -46.41610385259362 223.3102561389367 3.049965447515046
    vertex -47.18640989970077 224.565550383451 3.053325382505854
  endloop
endfacet
facet normal -0.877209 -0.479487 -0.0244275
  outer loop
    vertex -35.61747405540199 230.0420078207469 1.651957049786545
    vertex -35.45094157800009 229.6661159080924 3.05003458963753
    vertex -36.1568447656769 230.9577413830685 3.046221084820573
  endloop
endfacet
facet normal 0.729826 0.683626 0.00313553
  outer loop
    vertex -45.63561768076531 222.480521922664 2.287499999999996
    vertex -46.41610385259362 223.3102561389367 3.049965447515046
    vertex -45.6765478133182 222.5172363485934 3.809704708791944
  endloop
endfacet
facet normal -0.955945 -0.29353 -0.00313192
  outer loop
    vertex -35.11891105795122 228.576652333413 3.8125
    vertex -35.45094157800009 229.6661159080924 3.05003458963753
    vertex -35.13041625110674 228.6303632740769 2.290280864092123
  endloop
endfacet
facet normal 0 0 -1
  outer loop
    vertex -44.56342845754629 221.7094 6.1
    vertex -46.06015188147094 222.8948411307245 6.1
    vertex -44.01895234062262 223.119825950001 6.1
  endloop
endfacet
facet normal -0 0 -1
  outer loop
    vertex -44.01895234062262 223.119825950001 6.1
    vertex -46.06015188147094 222.8948411307245 6.1
    vertex -45.17212289199389 224.5173325147922 6.1
  endloop
endfacet
facet normal 0 -0 -1
  outer loop
    vertex -37.55220743639881 224.186913201221 6.1
    vertex -36.86893114242553 222.725788902684 6.1
    vertex -38.99705560102835 223.0867200859088 6.1
  endloop
endfacet
facet normal 0 0 -1
  outer loop
    vertex -43.3199317441241 224.7240414312674 6.1
    vertex -41.56719245155255 225.116776488713 6.1
    vertex -42.05085941279813 223.3530650113145 6.1
  endloop
endfacet
facet normal 0 0 -1
  outer loop
    vertex -44.47899269365691 226.085306481399 6.1
    vertex -45.84500774075494 227.3508177753282 6.1
    vertex -43.78544464715127 227.7627769450257 6.1
  endloop
endfacet
facet normal -0 0 -1
  outer loop
    vertex -36.86893114242553 222.725788902684 6.1
    vertex -38.20185947866864 221.7094 6.1
    vertex -38.99705560102835 223.0867200859088 6.1
  endloop
endfacet
facet normal -0 0 -1
  outer loop
    vertex -43.78544464715127 227.7627769450257 6.1
    vertex -45.84500774075494 227.3508177753282 6.1
    vertex -44.90701602213477 228.5884285937989 6.1
  endloop
endfacet
facet normal 0 0 -1
  outer loop
    vertex -42.05085941279813 223.3530650113145 6.1
    vertex -41.56719245155255 225.116776488713 6.1
    vertex -40.43253385633363 224.1822759942773 6.1
  endloop
endfacet
facet normal 0 0 -1
  outer loop
    vertex -44.01895234062262 223.119825950001 6.1
    vertex -43.3199317441241 224.7240414312674 6.1
    vertex -42.05085941279813 223.3530650113145 6.1
  endloop
endfacet
facet normal 0 0 -1
  outer loop
    vertex -40.57400842589072 222.7807085635063 6.1
    vertex -42.05085941279813 223.3530650113145 6.1
    vertex -40.43253385633363 224.1822759942773 6.1
  endloop
endfacet
facet normal 0 0 -1
  outer loop
    vertex -46.06015188147094 222.8948411307245 6.1
    vertex -47.14057576704148 224.4690507449839 6.1
    vertex -45.17212289199389 224.5173325147922 6.1
  endloop
endfacet
facet normal 0 0 -1
  outer loop
    vertex -44.01895234062262 223.119825950001 6.1
    vertex -45.17212289199389 224.5173325147922 6.1
    vertex -43.3199317441241 224.7240414312674 6.1
  endloop
endfacet
facet normal 0 0 -1
  outer loop
    vertex -45.2491337527247 229.9292719664437 6.1
    vertex -46.08278203301503 231.6068242808703 6.1
    vertex -44.0576231730649 231.1092712746944 6.1
  endloop
endfacet
facet normal 0 0 -1
  outer loop
    vertex -46.08278203301503 231.6068242808703 6.1
    vertex -44.59223734325578 232.8000251063681 6.1
    vertex -44.0576231730649 231.1092712746944 6.1
  endloop
endfacet
facet normal 0 0 -1
  outer loop
    vertex -43.29291514899437 229.4412097086305 6.1
    vertex -45.2491337527247 229.9292719664437 6.1
    vertex -44.0576231730649 231.1092712746944 6.1
  endloop
endfacet
facet normal 0 0 -1
  outer loop
    vertex -45.2491337527247 229.9292719664437 6.1
    vertex -43.29291514899437 229.4412097086305 6.1
    vertex -44.90701602213477 228.5884285937989 6.1
  endloop
endfacet
facet normal 0 -0 -1
  outer loop
    vertex -39.03979353328053 224.5205738165959 6.1
    vertex -38.99705560102835 223.0867200859088 6.1
    vertex -40.43253385633363 224.1822759942773 6.1
  endloop
endfacet
facet normal 0 0 -1
  outer loop
    vertex -38.26840945620413 225.5253146627844 6.1
    vertex -37.58334799340336 226.8719021940177 6.1
    vertex -36.77462331308558 225.4742527162116 6.1
  endloop
endfacet
facet normal -0 0 -1
  outer loop
    vertex -38.99705560102835 223.0867200859088 6.1
    vertex -40.57400842589072 222.7807085635063 6.1
    vertex -40.43253385633363 224.1822759942773 6.1
  endloop
endfacet
facet normal 0 -0 -1
  outer loop
    vertex -35.26744488077451 229.1509583469756 6.1
    vertex -34.98264396810747 227.2630123407873 6.1
    vertex -36.60835027960937 227.9913305232201 6.1
  endloop
endfacet
facet normal 0 0 -1
  outer loop
    vertex -43.3199317441241 224.7240414312674 6.1
    vertex -42.65346792530827 226.4061998765386 6.1
    vertex -41.56719245155255 225.116776488713 6.1
  endloop
endfacet
facet normal 0 0 -1
  outer loop
    vertex -40.8706197766444 226.6797764054983 6.1
    vertex -39.19857283527863 226.9114520323958 6.1
    vertex -39.86104442630876 225.4926184873513 6.1
  endloop
endfacet
facet normal 0 -0 -1
  outer loop
    vertex -40.8706197766444 226.6797764054983 6.1
    vertex -39.86104442630876 225.4926184873513 6.1
    vertex -41.56719245155255 225.116776488713 6.1
  endloop
endfacet
facet normal 0 0 -1
  outer loop
    vertex -42.65346792530827 226.4061998765386 6.1
    vertex -40.8706197766444 226.6797764054983 6.1
    vertex -41.56719245155255 225.116776488713 6.1
  endloop
endfacet
facet normal 0 0 -1
  outer loop
    vertex -47.70854208029608 226.2919237381312 6.1
    vertex -47.71350165736631 228.2012238938777 6.1
    vertex -45.84500774075494 227.3508177753282 6.1
  endloop
endfacet
facet normal 0 0 -1
  outer loop
    vertex -42.81603792770519 233.5004302165264 6.1
    vertex -40.91226604093432 233.6457033567796 6.1
    vertex -41.69323139768306 232.1486207741819 6.1
  endloop
endfacet
facet normal 0 -0 -1
  outer loop
    vertex -37.39602392986864 232.2696939434771 6.1
    vertex -36.09650025632063 230.8708766201549 6.1
    vertex -37.95767343034544 230.4448647677042 6.1
  endloop
endfacet
facet normal 0 0 -1
  outer loop
    vertex -47.1550130944784 230.0270229538132 6.1
    vertex -46.08278203301503 231.6068242808703 6.1
    vertex -45.2491337527247 229.9292719664437 6.1
  endloop
endfacet
facet normal 0 0 -1
  outer loop
    vertex -42.65346792530827 226.4061998765386 6.1
    vertex -41.99084464258478 228.0788599985945 6.1
    vertex -40.8706197766444 226.6797764054983 6.1
  endloop
endfacet
facet normal 0 0 -1
  outer loop
    vertex -37.58334799340336 226.8719021940177 6.1
    vertex -36.19598854444655 226.6067488882014 6.1
    vertex -36.77462331308558 225.4742527162116 6.1
  endloop
endfacet
facet normal 0 0 -1
  outer loop
    vertex -40.8706197766444 226.6797764054983 6.1
    vertex -40.21738046952446 228.3371726819834 6.1
    vertex -39.19857283527863 226.9114520323958 6.1
  endloop
endfacet
facet normal -0 0 -1
  outer loop
    vertex -35.84563120252671 224.053418965639 6.1
    vertex -36.86893114242553 222.725788902684 6.1
    vertex -37.55220743639881 224.186913201221 6.1
  endloop
endfacet
facet normal -0 0 -1
  outer loop
    vertex -43.3199317441241 224.7240414312674 6.1
    vertex -45.17212289199389 224.5173325147922 6.1
    vertex -44.47899269365691 226.085306481399 6.1
  endloop
endfacet
facet normal 0 0 -1
  outer loop
    vertex -40.8706197766444 226.6797764054983 6.1
    vertex -41.99084464258478 228.0788599985945 6.1
    vertex -40.21738046952446 228.3371726819834 6.1
  endloop
endfacet
facet normal -0 0 -1
  outer loop
    vertex -45.17212289199389 224.5173325147922 6.1
    vertex -47.14057576704148 224.4690507449839 6.1
    vertex -46.12616542204817 225.6758507423482 6.1
  endloop
endfacet
facet normal 0 0 -1
  outer loop
    vertex -43.3199317441241 224.7240414312674 6.1
    vertex -44.47899269365691 226.085306481399 6.1
    vertex -42.65346792530827 226.4061998765386 6.1
  endloop
endfacet
facet normal 0 -0 -1
  outer loop
    vertex -45.84500774075494 227.3508177753282 6.1
    vertex -44.47899269365691 226.085306481399 6.1
    vertex -46.12616542204817 225.6758507423482 6.1
  endloop
endfacet
facet normal 0 0 -1
  outer loop
    vertex -42.65346792530827 226.4061998765386 6.1
    vertex -43.78544464715127 227.7627769450257 6.1
    vertex -41.99084464258478 228.0788599985945 6.1
  endloop
endfacet
facet normal 0 0 -1
  outer loop
    vertex -39.19857283527863 226.9114520323958 6.1
    vertex -40.21738046952446 228.3371726819834 6.1
    vertex -38.28617259276818 228.5817306727335 6.1
  endloop
endfacet
facet normal 0 0 -1
  outer loop
    vertex -39.79225172338806 221.7094 6.1
    vertex -41.38264396810747 221.7094 6.1
    vertex -40.57400842589072 222.7807085635063 6.1
  endloop
endfacet
facet normal 0 0 -1
  outer loop
    vertex -38.20185947866864 221.7094 6.1
    vertex -39.79225172338806 221.7094 6.1
    vertex -38.99705560102835 223.0867200859088 6.1
  endloop
endfacet
facet normal -0 0 -1
  outer loop
    vertex -40.21738046952446 228.3371726819834 6.1
    vertex -41.99084464258478 228.0788599985945 6.1
    vertex -41.34242700580916 229.5880738458982 6.1
  endloop
endfacet
facet normal -0 0 -1
  outer loop
    vertex -41.99084464258478 228.0788599985945 6.1
    vertex -43.78544464715127 227.7627769450257 6.1
    vertex -43.29291514899437 229.4412097086305 6.1
  endloop
endfacet
facet normal 0 0 -1
  outer loop
    vertex -41.99084464258478 228.0788599985945 6.1
    vertex -43.29291514899437 229.4412097086305 6.1
    vertex -41.34242700580916 229.5880738458982 6.1
  endloop
endfacet
facet normal -0 0 -1
  outer loop
    vertex -37.55220743639881 224.186913201221 6.1
    vertex -38.99705560102835 223.0867200859088 6.1
    vertex -39.03979353328053 224.5205738165959 6.1
  endloop
endfacet
facet normal 0 0 -1
  outer loop
    vertex -41.38264396810747 221.7094 6.1
    vertex -42.97303621282688 221.7094 6.1
    vertex -42.05085941279813 223.3530650113145 6.1
  endloop
endfacet
facet normal 0 0 -1
  outer loop
    vertex -43.29291514899437 229.4412097086305 6.1
    vertex -43.78544464715127 227.7627769450257 6.1
    vertex -44.90701602213477 228.5884285937989 6.1
  endloop
endfacet
facet normal -0 0 -1
  outer loop
    vertex -42.65346792530827 226.4061998765386 6.1
    vertex -44.47899269365691 226.085306481399 6.1
    vertex -43.78544464715127 227.7627769450257 6.1
  endloop
endfacet
facet normal 0 0 -1
  outer loop
    vertex -42.97303621282688 221.7094 6.1
    vertex -44.56342845754629 221.7094 6.1
    vertex -44.01895234062262 223.119825950001 6.1
  endloop
endfacet
facet normal 0 0 -1
  outer loop
    vertex -39.79225172338806 221.7094 6.1
    vertex -40.57400842589072 222.7807085635063 6.1
    vertex -38.99705560102835 223.0867200859088 6.1
  endloop
endfacet
facet normal -0 0 -1
  outer loop
    vertex -40.57400842589072 222.7807085635063 6.1
    vertex -41.38264396810747 221.7094 6.1
    vertex -42.05085941279813 223.3530650113145 6.1
  endloop
endfacet
facet normal 0 0 -1
  outer loop
    vertex -37.39602392986864 232.2696939434771 6.1
    vertex -37.95767343034544 230.4448647677042 6.1
    vertex -39.18922471212444 231.5643782002897 6.1
  endloop
endfacet
facet normal 0 0 -1
  outer loop
    vertex -42.97303621282688 221.7094 6.1
    vertex -44.01895234062262 223.119825950001 6.1
    vertex -42.05085941279813 223.3530650113145 6.1
  endloop
endfacet
facet normal 0 0 -1
  outer loop
    vertex -37.95767343034544 230.4448647677042 6.1
    vertex -38.28617259276818 228.5817306727335 6.1
    vertex -39.59598428426499 229.9251296734466 6.1
  endloop
endfacet
facet normal 0 -0 -1
  outer loop
    vertex -39.05035792383763 233.2229151762121 6.1
    vertex -37.39602392986864 232.2696939434771 6.1
    vertex -39.18922471212444 231.5643782002897 6.1
  endloop
endfacet
facet normal -0 0 -1
  outer loop
    vertex -38.28617259276818 228.5817306727335 6.1
    vertex -40.21738046952446 228.3371726819834 6.1
    vertex -39.59598428426499 229.9251296734466 6.1
  endloop
endfacet
facet normal 0 0 -1
  outer loop
    vertex -38.28617259276818 228.5817306727335 6.1
    vertex -37.95767343034544 230.4448647677042 6.1
    vertex -36.8032172769805 229.451928931042 6.1
  endloop
endfacet
facet normal 0 0 -1
  outer loop
    vertex -36.60835027960937 227.9913305232201 6.1
    vertex -38.28617259276818 228.5817306727335 6.1
    vertex -36.8032172769805 229.451928931042 6.1
  endloop
endfacet
facet normal 0 0 -1
  outer loop
    vertex -44.47899269365691 226.085306481399 6.1
    vertex -45.17212289199389 224.5173325147922 6.1
    vertex -46.12616542204817 225.6758507423482 6.1
  endloop
endfacet
facet normal 0 0 -1
  outer loop
    vertex -40.21738046952446 228.3371726819834 6.1
    vertex -41.34242700580916 229.5880738458982 6.1
    vertex -39.59598428426499 229.9251296734466 6.1
  endloop
endfacet
facet normal 0 0 -1
  outer loop
    vertex -38.28617259276818 228.5817306727335 6.1
    vertex -36.60835027960937 227.9913305232201 6.1
    vertex -37.58334799340336 226.8719021940177 6.1
  endloop
endfacet
facet normal 0 0 -1
  outer loop
    vertex -39.19857283527863 226.9114520323958 6.1
    vertex -38.28617259276818 228.5817306727335 6.1
    vertex -37.58334799340336 226.8719021940177 6.1
  endloop
endfacet
facet normal 0 0 -1
  outer loop
    vertex -39.86104442630876 225.4926184873513 6.1
    vertex -39.19857283527863 226.9114520323958 6.1
    vertex -38.26840945620413 225.5253146627844 6.1
  endloop
endfacet
facet normal 0 0 -1
  outer loop
    vertex -47.70854208029608 226.2919237381312 6.1
    vertex -45.84500774075494 227.3508177753282 6.1
    vertex -46.12616542204817 225.6758507423482 6.1
  endloop
endfacet
facet normal 0 0 -1
  outer loop
    vertex -37.55220743639881 224.186913201221 6.1
    vertex -38.26840945620413 225.5253146627844 6.1
    vertex -36.77462331308558 225.4742527162116 6.1
  endloop
endfacet
facet normal 0 0 -1
  outer loop
    vertex -47.14057576704148 224.4690507449839 6.1
    vertex -47.70854208029608 226.2919237381312 6.1
    vertex -46.12616542204817 225.6758507423482 6.1
  endloop
endfacet
facet normal 0 0 -1
  outer loop
    vertex -36.60835027960937 227.9913305232201 6.1
    vertex -34.98264396810747 227.2630123407873 6.1
    vertex -36.19598854444655 226.6067488882014 6.1
  endloop
endfacet
facet normal 0 0 -1
  outer loop
    vertex -45.84500774075494 227.3508177753282 6.1
    vertex -47.71350165736631 228.2012238938777 6.1
    vertex -46.17816414783166 228.8112524433096 6.1
  endloop
endfacet
facet normal 0 0 -1
  outer loop
    vertex -34.98264396810747 227.2630123407873 6.1
    vertex -35.20215524553395 225.6012183854061 6.1
    vertex -36.19598854444655 226.6067488882014 6.1
  endloop
endfacet
facet normal -0 0 -1
  outer loop
    vertex -37.95767343034544 230.4448647677042 6.1
    vertex -39.59598428426499 229.9251296734466 6.1
    vertex -39.18922471212444 231.5643782002897 6.1
  endloop
endfacet
facet normal 0 0 -1
  outer loop
    vertex -47.1550130944784 230.0270229538132 6.1
    vertex -45.2491337527247 229.9292719664437 6.1
    vertex -46.17816414783166 228.8112524433096 6.1
  endloop
endfacet
facet normal 0 0 -1
  outer loop
    vertex -37.95767343034544 230.4448647677042 6.1
    vertex -36.09650025632063 230.8708766201549 6.1
    vertex -36.8032172769805 229.451928931042 6.1
  endloop
endfacet
facet normal 0 -0 -1
  outer loop
    vertex -36.09650025632063 230.8708766201549 6.1
    vertex -35.26744488077451 229.1509583469756 6.1
    vertex -36.8032172769805 229.451928931042 6.1
  endloop
endfacet
facet normal 0 0 -1
  outer loop
    vertex -47.71350165736631 228.2012238938777 6.1
    vertex -47.1550130944784 230.0270229538132 6.1
    vertex -46.17816414783166 228.8112524433096 6.1
  endloop
endfacet
facet normal 0 0 -1
  outer loop
    vertex -35.20215524553395 225.6012183854061 6.1
    vertex -35.84563120252671 224.053418965639 6.1
    vertex -36.77462331308558 225.4742527162116 6.1
  endloop
endfacet
facet normal 0 0 -1
  outer loop
    vertex -44.59223734325578 232.8000251063681 6.1
    vertex -42.81603792770519 233.5004302165264 6.1
    vertex -43.10329471324621 232.0816828076877 6.1
  endloop
endfacet
facet normal 0 0 -1
  outer loop
    vertex -41.56719245155255 225.116776488713 6.1
    vertex -39.86104442630876 225.4926184873513 6.1
    vertex -40.43253385633363 224.1822759942773 6.1
  endloop
endfacet
facet normal 0 0 -1
  outer loop
    vertex -35.84563120252671 224.053418965639 6.1
    vertex -37.55220743639881 224.186913201221 6.1
    vertex -36.77462331308558 225.4742527162116 6.1
  endloop
endfacet
facet normal 0 0 -1
  outer loop
    vertex -41.69323139768306 232.1486207741819 6.1
    vertex -40.91226604093432 233.6457033567796 6.1
    vertex -40.30247563291977 232.3249163628801 6.1
  endloop
endfacet
facet normal 0 0 -1
  outer loop
    vertex -43.29291514899437 229.4412097086305 6.1
    vertex -44.0576231730649 231.1092712746944 6.1
    vertex -42.35734372452215 230.8500666666678 6.1
  endloop
endfacet
facet normal -0 0 -1
  outer loop
    vertex -35.26744488077451 229.1509583469756 6.1
    vertex -36.60835027960937 227.9913305232201 6.1
    vertex -36.8032172769805 229.451928931042 6.1
  endloop
endfacet
facet normal 0 0 -1
  outer loop
    vertex -40.91226604093432 233.6457033567796 6.1
    vertex -39.05035792383763 233.2229151762121 6.1
    vertex -40.30247563291977 232.3249163628801 6.1
  endloop
endfacet
facet normal 0 -0 -1
  outer loop
    vertex -42.81603792770519 233.5004302165264 6.1
    vertex -41.69323139768306 232.1486207741819 6.1
    vertex -43.10329471324621 232.0816828076877 6.1
  endloop
endfacet
facet normal 0 -0 -1
  outer loop
    vertex -39.86104442630876 225.4926184873513 6.1
    vertex -39.03979353328053 224.5205738165959 6.1
    vertex -40.43253385633363 224.1822759942773 6.1
  endloop
endfacet
facet normal 0 0 -1
  outer loop
    vertex -40.6672980900194 231.0429643069371 6.1
    vertex -41.34242700580916 229.5880738458982 6.1
    vertex -42.35734372452215 230.8500666666678 6.1
  endloop
endfacet
facet normal 0 0 -1
  outer loop
    vertex -44.0576231730649 231.1092712746944 6.1
    vertex -44.59223734325578 232.8000251063681 6.1
    vertex -43.10329471324621 232.0816828076877 6.1
  endloop
endfacet
facet normal 0 -0 -1
  outer loop
    vertex -41.69323139768306 232.1486207741819 6.1
    vertex -40.6672980900194 231.0429643069371 6.1
    vertex -42.35734372452215 230.8500666666678 6.1
  endloop
endfacet
facet normal -0 0 -1
  outer loop
    vertex -41.34242700580916 229.5880738458982 6.1
    vertex -43.29291514899437 229.4412097086305 6.1
    vertex -42.35734372452215 230.8500666666678 6.1
  endloop
endfacet
facet normal -0 0 -1
  outer loop
    vertex -39.59598428426499 229.9251296734466 6.1
    vertex -41.34242700580916 229.5880738458982 6.1
    vertex -40.6672980900194 231.0429643069371 6.1
  endloop
endfacet
facet normal 0 0 -1
  outer loop
    vertex -45.84500774075494 227.3508177753282 6.1
    vertex -46.17816414783166 228.8112524433096 6.1
    vertex -44.90701602213477 228.5884285937989 6.1
  endloop
endfacet
facet normal 0 -0 -1
  outer loop
    vertex -38.26840945620413 225.5253146627844 6.1
    vertex -37.55220743639881 224.186913201221 6.1
    vertex -39.03979353328053 224.5205738165959 6.1
  endloop
endfacet
facet normal 0 0 -1
  outer loop
    vertex -38.26840945620413 225.5253146627844 6.1
    vertex -39.19857283527863 226.9114520323958 6.1
    vertex -37.58334799340336 226.8719021940177 6.1
  endloop
endfacet
facet normal 0 0 -1
  outer loop
    vertex -42.35734372452215 230.8500666666678 6.1
    vertex -44.0576231730649 231.1092712746944 6.1
    vertex -43.10329471324621 232.0816828076877 6.1
  endloop
endfacet
facet normal 0 0 -1
  outer loop
    vertex -39.18922471212444 231.5643782002897 6.1
    vertex -39.59598428426499 229.9251296734466 6.1
    vertex -40.6672980900194 231.0429643069371 6.1
  endloop
endfacet
facet normal 0 0 -1
  outer loop
    vertex -39.86104442630876 225.4926184873513 6.1
    vertex -38.26840945620413 225.5253146627844 6.1
    vertex -39.03979353328053 224.5205738165959 6.1
  endloop
endfacet
facet normal 0 -0 -1
  outer loop
    vertex -36.19598854444655 226.6067488882014 6.1
    vertex -35.20215524553395 225.6012183854061 6.1
    vertex -36.77462331308558 225.4742527162116 6.1
  endloop
endfacet
facet normal 0 0 -1
  outer loop
    vertex -39.05035792383763 233.2229151762121 6.1
    vertex -39.18922471212444 231.5643782002897 6.1
    vertex -40.30247563291977 232.3249163628801 6.1
  endloop
endfacet
facet normal 0 -0 -1
  outer loop
    vertex -36.60835027960937 227.9913305232201 6.1
    vertex -36.19598854444655 226.6067488882014 6.1
    vertex -37.58334799340336 226.8719021940177 6.1
  endloop
endfacet
facet normal 0 0 -1
  outer loop
    vertex -41.69323139768306 232.1486207741819 6.1
    vertex -42.35734372452215 230.8500666666678 6.1
    vertex -43.10329471324621 232.0816828076877 6.1
  endloop
endfacet
facet normal 0 0 -1
  outer loop
    vertex -40.6672980900194 231.0429643069371 6.1
    vertex -41.69323139768306 232.1486207741819 6.1
    vertex -40.30247563291977 232.3249163628801 6.1
  endloop
endfacet
facet normal 0 0 -1
  outer loop
    vertex -46.17816414783166 228.8112524433096 6.1
    vertex -45.2491337527247 229.9292719664437 6.1
    vertex -44.90701602213477 228.5884285937989 6.1
  endloop
endfacet
facet normal -0 0 -1
  outer loop
    vertex -39.18922471212444 231.5643782002897 6.1
    vertex -40.6672980900194 231.0429643069371 6.1
    vertex -40.30247563291977 232.3249163628801 6.1
  endloop
endfacet
facet normal -0.869625 0.493234 0.0217462
  outer loop
    vertex -35.81308831739845 224.1102278804007 3.067427893009171
    vertex -35.51626637419398 224.7045725964061 1.456691012866629
    vertex -36.17579360442512 223.5416269414742 1.45959679241399
  endloop
endfacet
facet normal -0.908939 0.416703 -0.0137378
  outer loop
    vertex -35.81308831739845 224.1102278804007 3.067427893009171
    vertex -35.35832991499895 225.1025401263121 3.078461146319417
    vertex -35.51626637419398 224.7045725964061 1.456691012866629
  endloop
endfacet
facet normal -0.818999 0.573511 -0.0180638
  outer loop
    vertex -36.17579360442512 223.5416269414742 1.45959679241399
    vertex -36.51130128611454 223.112106358403 3.034327592213772
    vertex -35.81308831739845 224.1102278804007 3.067427893009171
  endloop
endfacet
facet normal -0.922724 0.38361 -0.0377402
  outer loop
    vertex -35.20215524553395 225.6012183854061 6.1
    vertex -35.50622124277724 224.727730117203 4.65566571655331
    vertex -35.84563120252671 224.053418965639 6.1
  endloop
endfacet
facet normal -0.791552 0.610106 0.0348772
  outer loop
    vertex -36.86893114242527 222.7257889026842 0
    vertex -36.17579360442512 223.5416269414742 1.45959679241399
    vertex -35.84563120252658 224.0534189656393 0
  endloop
endfacet
facet normal -0.7915 0.610066 -0.0367044
  outer loop
    vertex -35.84563120252671 224.053418965639 6.1
    vertex -36.2141038994738 223.4885993322616 4.657908376994239
    vertex -36.86893114242553 222.725788902684 6.1
  endloop
endfacet
facet normal -0.922744 0.383618 0.0371563
  outer loop
    vertex -35.84563120252658 224.0534189656393 0
    vertex -35.51626637419398 224.7045725964061 1.456691012866629
    vertex -35.20215524553392 225.6012183854062 0
  endloop
endfacet
facet normal -0.57749 0.816398 0
  outer loop
    vertex -38.20185947866864 221.7094 4.574999999999998
    vertex -37.20525344426881 222.4143621769435 3.816246861576025
    vertex -38.20185947866864 221.7094 3.049999999999996
  endloop
endfacet
facet normal -0.994663 0.103179 0
  outer loop
    vertex -34.98264396810747 227.2630123407873 1.525
    vertex -35.11891105795124 225.9493723481616 2.2875
    vertex -34.98264396810747 227.2630123407873 3.05
  endloop
endfacet
facet normal -0.868048 0.495847 -0.0250665
  outer loop
    vertex -35.50622124277724 224.727730117203 4.65566571655331
    vertex -35.81308831739845 224.1102278804007 3.067427893009171
    vertex -36.2141038994738 223.4885993322616 4.657908376994239
  endloop
endfacet
facet normal -0.86795 0.495887 0.0275498
  outer loop
    vertex -35.50622124277724 224.727730117203 4.65566571655331
    vertex -36.2141038994738 223.4885993322616 4.657908376994239
    vertex -35.84563120252671 224.053418965639 6.1
  endloop
endfacet
facet normal -0.869633 0.493125 -0.023803
  outer loop
    vertex -36.17579360442512 223.5416269414742 1.45959679241399
    vertex -35.51626637419398 224.7045725964061 1.456691012866629
    vertex -35.84563120252658 224.0534189656393 0
  endloop
endfacet
facet normal -0.994953 0.100343 0
  outer loop
    vertex -34.98264396810747 227.2630123407873 3.05
    vertex -35.11152248507809 225.9851096273199 3.8125
    vertex -34.98264396810747 227.2630123407873 4.574999999999999
  endloop
endfacet
facet normal -0.994804 0.10178 0.00243464
  outer loop
    vertex -35.11891105795124 225.9493723481616 2.2875
    vertex -35.11152248507809 225.9851096273199 3.8125
    vertex -34.98264396810747 227.2630123407873 3.05
  endloop
endfacet
facet normal -0.58016 0.814502 0
  outer loop
    vertex -38.20185947866864 221.7094 3.049999999999996
    vertex -37.17358656162052 222.441826205727 2.283530475545751
    vertex -38.20185947866864 221.7094 1.524999999999996
  endloop
endfacet
facet normal -0.578846 0.815433 0.00265204
  outer loop
    vertex -37.20525344426881 222.4143621769435 3.816246861576025
    vertex -37.17358656162052 222.441826205727 2.283530475545751
    vertex -38.20185947866864 221.7094 3.049999999999996
  endloop
endfacet
facet normal -0.956538 0.290792 0.0217949
  outer loop
    vertex -35.51626637419398 224.7045725964061 1.456691012866629
    vertex -35.35832991499895 225.1025401263121 3.078461146319417
    vertex -35.11891105795124 225.9493723481616 2.2875
  endloop
endfacet
facet normal -0.723917 0.689345 -0.0273392
  outer loop
    vertex -36.2141038994738 223.4885993322616 4.657908376994239
    vertex -36.51130128611454 223.112106358403 3.034327592213772
    vertex -37.20525344426881 222.4143621769435 3.816246861576025
  endloop
endfacet
facet normal -0.819561 0.572734 0.0172094
  outer loop
    vertex -35.81308831739845 224.1102278804007 3.067427893009171
    vertex -36.51130128611454 223.112106358403 3.034327592213772
    vertex -36.2141038994738 223.4885993322616 4.657908376994239
  endloop
endfacet
facet normal -0.605838 0.794518 -0.0412436
  outer loop
    vertex -36.86893114242553 222.725788902684 6.1
    vertex -37.23341418672878 222.390241853547 4.990001935459995
    vertex -38.20185947866864 221.7094 6.1
  endloop
endfacet
facet normal -0.990639 0.130856 0.0388824
  outer loop
    vertex -35.20215524553392 225.6012183854062 0
    vertex -35.09782797327737 226.0542576464313 1.133355647486731
    vertex -34.98264396810747 227.2630123407873 0
  endloop
endfacet
facet normal -0.990398 0.130825 -0.0446921
  outer loop
    vertex -34.98264396810747 227.2630123407873 6.1
    vertex -35.0825400413804 226.1366507148261 5.016612330916582
    vertex -35.20215524553395 225.6012183854061 6.1
  endloop
endfacet
facet normal -0.605881 0.794574 0.0395023
  outer loop
    vertex -38.20185947866816 221.7094000000001 0
    vertex -37.21204037497017 222.4085231123607 1.119117788909939
    vertex -36.86893114242527 222.7257889026842 0
  endloop
endfacet
facet normal -0.575122 0.818067 0
  outer loop
    vertex -38.20185947866864 221.7094 6.1
    vertex -37.23341418672878 222.390241853547 4.990001935459995
    vertex -38.20185947866864 221.7094 4.574999999999998
  endloop
endfacet
facet normal -0.99549 0.0948617 0
  outer loop
    vertex -34.98264396810747 227.2630123407873 0
    vertex -35.09782797327737 226.0542576464313 1.133355647486731
    vertex -34.98264396810747 227.2630123407873 1.525
  endloop
endfacet
facet normal -0.99609 0.0883424 0
  outer loop
    vertex -34.98264396810747 227.2630123407873 4.574999999999999
    vertex -35.0825400413804 226.1366507148261 5.016612330916582
    vertex -34.98264396810747 227.2630123407873 6.1
  endloop
endfacet
facet normal -0.576919 0.816802 -1.06672e-13
  outer loop
    vertex -38.20185947866864 221.7094 1.524999999999996
    vertex -37.21204037497017 222.4085231123607 1.119117788909939
    vertex -38.20185947866816 221.7094000000001 0
  endloop
endfacet
facet normal -0.727792 0.685056 0.0318912
  outer loop
    vertex -36.2141038994738 223.4885993322616 4.657908376994239
    vertex -37.23341418672878 222.390241853547 4.990001935459995
    vertex -36.86893114242553 222.725788902684 6.1
  endloop
endfacet
facet normal -0.956646 0.289919 -0.0278292
  outer loop
    vertex -35.51626637419398 224.7045725964061 1.456691012866629
    vertex -35.09782797327737 226.0542576464313 1.133355647486731
    vertex -35.20215524553392 225.6012183854062 0
  endloop
endfacet
facet normal -0.909055 0.41645 0.0137258
  outer loop
    vertex -35.50622124277724 224.727730117203 4.65566571655331
    vertex -35.35832991499895 225.1025401263121 3.078461146319417
    vertex -35.81308831739845 224.1102278804007 3.067427893009171
  endloop
endfacet
facet normal -0.733533 0.679644 -0.00363246
  outer loop
    vertex -37.20525344426881 222.4143621769435 3.816246861576025
    vertex -37.23341418672878 222.390241853547 4.990001935459995
    vertex -36.2141038994738 223.4885993322616 4.657908376994239
  endloop
endfacet
facet normal -0.954448 0.29822 0.0096662
  outer loop
    vertex -35.11891105795124 225.9493723481616 2.2875
    vertex -35.09782797327737 226.0542576464313 1.133355647486731
    vertex -35.51626637419398 224.7045725964061 1.456691012866629
  endloop
endfacet
facet normal -0.728397 0.684431 0.0314941
  outer loop
    vertex -37.17358656162052 222.441826205727 2.283530475545751
    vertex -36.51130128611454 223.112106358403 3.034327592213772
    vertex -36.17579360442512 223.5416269414742 1.45959679241399
  endloop
endfacet
facet normal -0.957962 0.28606 -0.0218463
  outer loop
    vertex -35.11152248507809 225.9851096273199 3.8125
    vertex -35.35832991499895 225.1025401263121 3.078461146319417
    vertex -35.50622124277724 224.727730117203 4.65566571655331
  endloop
endfacet
facet normal -0.959399 0.280168 0.032539
  outer loop
    vertex -35.20215524553395 225.6012183854061 6.1
    vertex -35.0825400413804 226.1366507148261 5.016612330916582
    vertex -35.50622124277724 224.727730117203 4.65566571655331
  endloop
endfacet
facet normal -0.732765 0.679731 -0.0319564
  outer loop
    vertex -36.86893114242527 222.7257889026842 0
    vertex -37.21204037497017 222.4085231123607 1.119117788909939
    vertex -36.17579360442512 223.5416269414742 1.45959679241399
  endloop
endfacet
facet normal -0.956582 0.291145 -0.013617
  outer loop
    vertex -35.50622124277724 224.727730117203 4.65566571655331
    vertex -35.0825400413804 226.1366507148261 5.016612330916582
    vertex -35.11152248507809 225.9851096273199 3.8125
  endloop
endfacet
facet normal -0.575974 0.817463 0.00297984
  outer loop
    vertex -38.20185947866864 221.7094 4.574999999999998
    vertex -37.23341418672878 222.390241853547 4.990001935459995
    vertex -37.20525344426881 222.4143621769435 3.816246861576025
  endloop
endfacet
facet normal -0.738698 0.674017 0.00511753
  outer loop
    vertex -36.17579360442512 223.5416269414742 1.45959679241399
    vertex -37.21204037497017 222.4085231123607 1.119117788909939
    vertex -37.17358656162052 222.441826205727 2.283530475545751
  endloop
endfacet
facet normal -0.995159 0.0978394 -0.00928749
  outer loop
    vertex -34.98264396810747 227.2630123407873 1.525
    vertex -35.09782797327737 226.0542576464313 1.133355647486731
    vertex -35.11891105795124 225.9493723481616 2.2875
  endloop
endfacet
facet normal -0.995582 0.0930988 0.0122464
  outer loop
    vertex -35.11152248507809 225.9851096273199 3.8125
    vertex -35.0825400413804 226.1366507148261 5.016612330916582
    vertex -34.98264396810747 227.2630123407873 4.574999999999999
  endloop
endfacet
facet normal -0.962688 0.270607 -0.0016773
  outer loop
    vertex -35.11891105795124 225.9493723481616 2.2875
    vertex -35.35832991499895 225.1025401263121 3.078461146319417
    vertex -35.11152248507809 225.9851096273199 3.8125
  endloop
endfacet
facet normal -0.578075 0.815973 -0.00424699
  outer loop
    vertex -37.17358656162052 222.441826205727 2.283530475545751
    vertex -37.21204037497017 222.4085231123607 1.119117788909939
    vertex -38.20185947866864 221.7094 1.524999999999996
  endloop
endfacet
facet normal -0.710181 0.704016 -0.00205787
  outer loop
    vertex -37.20525344426881 222.4143621769435 3.816246861576025
    vertex -36.51130128611454 223.112106358403 3.034327592213772
    vertex -37.17358656162052 222.441826205727 2.283530475545751
  endloop
endfacet
facet normal 0.758403 0.651701 0.0105095
  outer loop
    vertex 36.04567892807613 223.7307603450369 4.509020302588056
    vertex 37.05311813219051 222.5497113705408 5.046291586114779
    vertex 37.12967025544967 222.480521922664 3.812499999999997
  endloop
endfacet
facet normal -0.942427 -0.334243 0.0105891
  outer loop
    vertex 47.64637687826375 228.576652333413 3.8125
    vertex 47.62423996967299 228.6781022154037 5.044560552793016
    vertex 47.10022113910428 230.1386533638805 4.509020302588056
  endloop
endfacet
facet normal 0.752853 0.657345 0.0333207
  outer loop
    vertex 36.70513605474402 222.8948411307245 6.1
    vertex 37.05311813219051 222.5497113705408 5.046291586114779
    vertex 36.04567892807613 223.7307603450369 4.509020302588056
  endloop
endfacet
facet normal -0.944545 -0.326694 0.0332485
  outer loop
    vertex 47.10022113910428 230.1386533638805 4.509020302588056
    vertex 47.62423996967299 228.6781022154037 5.044560552793016
    vertex 47.49784305544046 229.1509583469756 6.1
  endloop
endfacet
facet normal 0.958473 0.281828 -0.0436114
  outer loop
    vertex 35.26752805684633 225.3747969420999 1.639972101175815
    vertex 35.04697753695954 226.3578433658303 3.145491109346805
    vertex 35.55746612571043 224.6121062495713 3.083416975226752
  endloop
endfacet
facet normal 0.98844 -0.144237 0.0467082
  outer loop
    vertex 35.05178627884866 228.2012238938777 6.1
    vertex 34.98265826521553 227.2494844888368 4.623876364743488
    vertex 35.25727804090357 229.1177069943217 4.581517099757195
  endloop
endfacet
facet normal 0.899474 0.434734 -0.0441967
  outer loop
    vertex 35.62471216917341 224.4690507449841 0
    vertex 35.26752805684633 225.3747969420999 1.639972101175815
    vertex 36.1058898071998 223.6414290509342 1.651957049786547
  endloop
endfacet
facet normal 0.823719 0.565342 0.0433023
  outer loop
    vertex 35.62471216917341 224.4690507449841 0
    vertex 36.1058898071998 223.6414290509342 1.651957049786547
    vertex 36.70513605474388 222.8948411307246 0
  endloop
endfacet
facet normal -0.899963 -0.433811 0.0433023
  outer loop
    vertex 47.49784305544047 229.1509583469756 0
    vertex 47.14781388081298 230.0420078207469 1.651957049786545
    vertex 46.66878767989435 230.8708766201549 0
  endloop
endfacet
facet normal -0.622611 -0.781321 -0.0435174
  outer loop
    vertex 45.36926400634636 232.2696939434771 0
    vertex 46.07427322465755 231.6160130206728 1.649639835367985
    vertex 44.57784368010138 232.8083436023509 1.651957049786544
  endloop
endfacet
facet normal -0.825342 -0.562983 -0.043148
  outer loop
    vertex 47.14781388081298 230.0420078207469 1.651957049786545
    vertex 46.07427322465755 231.6160130206728 1.649639835367985
    vertex 46.66878767989435 230.8708766201549 0
  endloop
endfacet
facet normal 0.987946 0.148421 -0.0439766
  outer loop
    vertex 35.05674585591886 226.2919237381314 0
    vertex 34.98264642925422 227.2686250648982 1.631703518237925
    vertex 35.26752805684633 225.3747969420999 1.639972101175815
  endloop
endfacet
facet normal 0.953822 0.29719 0.0436055
  outer loop
    vertex 35.05674585591886 226.2919237381314 0
    vertex 35.26752805684633 225.3747969420999 1.639972101175815
    vertex 35.62471216917341 224.4690507449841 0
  endloop
endfacet
facet normal -0.731942 -0.679986 0.0433622
  outer loop
    vertex 46.66878767989435 230.8708766201549 0
    vertex 46.07427322465755 231.6160130206728 1.649639835367985
    vertex 45.36926400634636 232.2696939434771 0
  endloop
endfacet
facet normal 0.999036 0.00259509 0.0438152
  outer loop
    vertex 35.05178627884868 228.2012238938779 0
    vertex 34.98264642925422 227.2686250648982 1.631703518237925
    vertex 35.05674585591886 226.2919237381314 0
  endloop
endfacet
facet normal 0.988022 -0.14824 -0.0428613
  outer loop
    vertex 35.26344677266344 229.1379591889059 1.639324350209846
    vertex 34.98264642925422 227.2686250648982 1.631703518237925
    vertex 35.05178627884868 228.2012238938779 0
  endloop
endfacet
facet normal 0.98788 -0.148577 0.0449158
  outer loop
    vertex 35.26344677266344 229.1379591889059 1.639324350209846
    vertex 35.04984782582912 228.1880491078101 3.195030401136121
    vertex 34.98264642925422 227.2686250648982 1.631703518237925
  endloop
endfacet
facet normal 0.826638 -0.56105 0.043504
  outer loop
    vertex 36.68250590320005 231.6068242808704 0
    vertex 36.08738430792855 230.8574838083722 1.64428515520158
    vertex 35.61027484173664 230.0270229538133 0
  endloop
endfacet
facet normal -0.498778 -0.865639 -0.0434687
  outer loop
    vertex 43.71493001237734 233.2229151762121 6.1
    vertex 44.57791117293191 232.8083047126802 4.454376704129053
    vertex 45.36926400634633 232.2696939434771 6.1
  endloop
endfacet
facet normal -0.364216 -0.930303 0.0433889
  outer loop
    vertex 42.79983089847802 233.5041325290538 4.448042950213437
    vertex 44.57791117293191 232.8083047126802 4.454376704129053
    vertex 43.71493001237734 233.2229151762121 6.1
  endloop
endfacet
facet normal 0.953736 0.297163 -0.0456187
  outer loop
    vertex 35.62471216917349 224.4690507449839 6.1
    vertex 35.29313336660762 225.2937839045157 4.540142140573625
    vertex 35.05674585591889 226.2919237381312 6.1
  endloop
endfacet
facet normal -0.731944 -0.679988 -0.0433023
  outer loop
    vertex 45.36926400634633 232.2696939434771 6.1
    vertex 46.07148277605921 231.6190186117936 4.44804295021345
    vertex 46.66878767989434 230.8708766201549 6.1
  endloop
endfacet
facet normal -0.221228 -0.97426 -0.0433023
  outer loop
    vertex 41.85302189528065 233.6457033567796 6.1
    vertex 42.79983089847802 233.5041325290538 4.448042950213437
    vertex 43.71493001237734 233.2229151762121 6.1
  endloop
endfacet
facet normal 0.955352 -0.29223 0.043635
  outer loop
    vertex 35.61027484173664 230.0270229538133 0
    vertex 35.26344677266344 229.1379591889059 1.639324350209846
    vertex 35.05178627884868 228.2012238938779 0
  endloop
endfacet
facet normal 0.366493 -0.929412 -0.0433023
  outer loop
    vertex 38.17305059295919 232.8000251063681 6.1
    vertex 39.03488446653223 233.2168367690656 4.448042950213435
    vertex 39.94925000850978 233.5004302165264 6.1
  endloop
endfacet
facet normal 0.901013 -0.43161 -0.0434518
  outer loop
    vertex 35.61027484173664 230.0270229538133 0
    vertex 36.08738430792855 230.8574838083722 1.64428515520158
    vertex 35.26344677266344 229.1379591889059 1.639324350209846
  endloop
endfacet
facet normal 0.733801 -0.677978 -0.0433838
  outer loop
    vertex 37.38303212244755 232.2593214869528 1.651957049786546
    vertex 36.08738430792855 230.8574838083722 1.64428515520158
    vertex 36.68250590320005 231.6068242808704 0
  endloop
endfacet
facet normal -0.0734276 -0.99636 -0.0433023
  outer loop
    vertex 41.85302189528073 233.6457033567796 0
    vertex 42.79983089847811 233.5041325290537 1.651957049786555
    vertex 40.89568807585815 233.6444599789807 1.651957049786548
  endloop
endfacet
facet normal -0.622215 -0.781643 0.0433818
  outer loop
    vertex 45.36926400634633 232.2696939434771 6.1
    vertex 44.57791117293191 232.8083047126802 4.454376704129053
    vertex 46.07148277605921 231.6190186117936 4.44804295021345
  endloop
endfacet
facet normal 0.223758 -0.973682 0.0433023
  outer loop
    vertex 39.03488446653223 233.2168367690656 4.448042950213435
    vertex 40.89568807585806 233.6444599789807 4.448042950213438
    vertex 39.94925000850978 233.5004302165264 6.1
  endloop
endfacet
facet normal -0.0734276 -0.99636 0.0433023
  outer loop
    vertex 41.85302189528065 233.6457033567796 6.1
    vertex 40.89568807585806 233.6444599789807 4.448042950213438
    vertex 42.79983089847802 233.5041325290538 4.448042950213437
  endloop
endfacet
facet normal 0.501029 -0.864347 0.0433023
  outer loop
    vertex 38.17305059295919 232.8000251063681 6.1
    vertex 37.38303212244745 232.2593214869527 4.448042950213444
    vertex 39.03488446653223 233.2168367690656 4.448042950213435
  endloop
endfacet
facet normal 0.0760155 -0.996166 -0.0433023
  outer loop
    vertex 39.94925000850978 233.5004302165264 6.1
    vertex 40.89568807585806 233.6444599789807 4.448042950213438
    vertex 41.85302189528065 233.6457033567796 6.1
  endloop
endfacet
facet normal 0.501029 -0.864347 -0.0433023
  outer loop
    vertex 38.17305059295929 232.8000251063681 0
    vertex 39.03488446653233 233.2168367690656 1.651957049786551
    vertex 37.38303212244755 232.2593214869528 1.651957049786546
  endloop
endfacet
facet normal 0.0760155 -0.996166 0.0433023
  outer loop
    vertex 41.85302189528073 233.6457033567796 0
    vertex 40.89568807585815 233.6444599789807 1.651957049786548
    vertex 39.94925000850988 233.5004302165264 0
  endloop
endfacet
facet normal 0.624353 -0.779941 -0.0433023
  outer loop
    vertex 36.68250590319994 231.6068242808703 6.1
    vertex 37.38303212244745 232.2593214869527 4.448042950213444
    vertex 38.17305059295919 232.8000251063681 6.1
  endloop
endfacet
facet normal 0.826645 -0.561055 -0.0433023
  outer loop
    vertex 35.61027484173657 230.0270229538132 6.1
    vertex 36.0871463733495 230.8571332658415 4.448042950213448
    vertex 36.68250590319994 231.6068242808703 6.1
  endloop
endfacet
facet normal 0.624353 -0.779941 0.0433023
  outer loop
    vertex 38.17305059295929 232.8000251063681 0
    vertex 37.38303212244755 232.2593214869528 1.651957049786546
    vertex 36.68250590320005 231.6068242808704 0
  endloop
endfacet
facet normal -0.498782 -0.865645 0.0433023
  outer loop
    vertex 45.36926400634636 232.2696939434771 0
    vertex 44.57784368010138 232.8083436023509 1.651957049786544
    vertex 43.71493001237739 233.2229151762121 0
  endloop
endfacet
facet normal -0.364078 -0.930361 -0.0433023
  outer loop
    vertex 44.57784368010138 232.8083436023509 1.651957049786544
    vertex 42.79983089847811 233.5041325290537 1.651957049786555
    vertex 43.71493001237739 233.2229151762121 0
  endloop
endfacet
facet normal -0.221228 -0.97426 0.0433023
  outer loop
    vertex 43.71493001237739 233.2229151762121 0
    vertex 42.79983089847811 233.5041325290537 1.651957049786555
    vertex 41.85302189528073 233.6457033567796 0
  endloop
endfacet
facet normal 0.366493 -0.929412 0.0433023
  outer loop
    vertex 39.94925000850988 233.5004302165264 0
    vertex 39.03488446653233 233.2168367690656 1.651957049786551
    vertex 38.17305059295929 232.8000251063681 0
  endloop
endfacet
facet normal 0.223758 -0.973682 -0.0433023
  outer loop
    vertex 40.89568807585815 233.6444599789807 1.651957049786548
    vertex 39.03488446653233 233.2168367690656 1.651957049786551
    vertex 39.94925000850988 233.5004302165264 0
  endloop
endfacet
facet normal 0.733708 -0.678084 0.0433023
  outer loop
    vertex 36.0871463733495 230.8571332658415 4.448042950213448
    vertex 37.38303212244745 232.2593214869527 4.448042950213444
    vertex 36.68250590319994 231.6068242808703 6.1
  endloop
endfacet
facet normal 0.82368 0.565315 -0.0443905
  outer loop
    vertex 36.70513605474402 222.8948411307245 6.1
    vertex 36.04567892807613 223.7307603450369 4.509020302588056
    vertex 35.62471216917349 224.4690507449839 6.1
  endloop
endfacet
facet normal -0.89992 -0.43379 -0.0443905
  outer loop
    vertex 46.66878767989434 230.8708766201549 6.1
    vertex 47.10022113910428 230.1386533638805 4.509020302588056
    vertex 47.49784305544046 229.1509583469756 6.1
  endloop
endfacet
facet normal 0.959312 0.278974 0.0435271
  outer loop
    vertex 35.55746612571043 224.6121062495713 3.083416975226752
    vertex 35.04697753695954 226.3578433658303 3.145491109346805
    vertex 35.29313336660762 225.2937839045157 4.540142140573625
  endloop
endfacet
facet normal 0.620046 0.782863 -0.0516502
  outer loop
    vertex 38.20185947866868 221.7094 6.1
    vertex 37.05311813219051 222.5497113705408 5.046291586114779
    vertex 36.70513605474402 222.8948411307245 6.1
  endloop
endfacet
facet normal -0.987499 -0.148966 -0.0515208
  outer loop
    vertex 47.49784305544046 229.1509583469756 6.1
    vertex 47.62423996967299 228.6781022154037 5.044560552793016
    vertex 47.7826439681075 227.2630123407873 6.1
  endloop
endfacet
facet normal 0.987984 -0.146355 -0.0496776
  outer loop
    vertex 35.25727804090357 229.1177069943217 4.581517099757195
    vertex 34.98265826521553 227.2494844888368 4.623876364743488
    vertex 35.04984782582912 228.1880491078101 3.195030401136121
  endloop
endfacet
facet normal -0.821311 -0.569132 0.0392151
  outer loop
    vertex 46.07148277605921 231.6190186117936 4.44804295021345
    vertex 47.10022113910428 230.1386533638805 4.509020302588056
    vertex 46.66878767989434 230.8708766201549 6.1
  endloop
endfacet
facet normal 0.900666 0.432897 0.037428
  outer loop
    vertex 35.62471216917349 224.4690507449839 6.1
    vertex 36.04567892807613 223.7307603450369 4.509020302588056
    vertex 35.29313336660762 225.2937839045157 4.540142140573625
  endloop
endfacet
facet normal 0.987726 0.148788 0.047544
  outer loop
    vertex 34.98264642925422 227.2686250648982 1.631703518237925
    vertex 35.04697753695954 226.3578433658303 3.145491109346805
    vertex 35.26752805684633 225.3747969420999 1.639972101175815
  endloop
endfacet
facet normal 0.955202 -0.292184 -0.0470836
  outer loop
    vertex 35.05178627884866 228.2012238938777 6.1
    vertex 35.25727804090357 229.1177069943217 4.581517099757195
    vertex 35.61027484173657 230.0270229538132 6.1
  endloop
endfacet
facet normal 0.986696 0.154472 0.0506829
  outer loop
    vertex 35.29313336660762 225.2937839045157 4.540142140573625
    vertex 34.98265826521553 227.2494844888368 4.623876364743488
    vertex 35.05674585591889 226.2919237381312 6.1
  endloop
endfacet
facet normal 0.954305 -0.294795 -0.0489749
  outer loop
    vertex 35.26344677266344 229.1379591889059 1.639324350209846
    vertex 35.61027484173665 230.0270229538134 3.045917226785137
    vertex 35.04984782582912 228.1880491078101 3.195030401136121
  endloop
endfacet
facet normal -0.987077 -0.148903 0.0592215
  outer loop
    vertex 47.7826439681075 227.2630123407873 0
    vertex 47.66372710640807 228.4910166607131 1.105563756967868
    vertex 47.49784305544047 229.1509583469756 0
  endloop
endfacet
facet normal 0.619784 0.782532 0.0592655
  outer loop
    vertex 36.70513605474388 222.8948411307246 0
    vertex 37.19566416696878 222.4226404392847 1.105035091027036
    vertex 38.20185947866847 221.7094 0
  endloop
endfacet
facet normal 0.587348 0.809335 -0
  outer loop
    vertex 38.20185947866868 221.7094 1.524999999999996
    vertex 37.08889068874762 222.5171001233115 2.289914442362902
    vertex 38.20185947866868 221.7094 3.049999999999996
  endloop
endfacet
facet normal -0.994211 -0.107446 -0
  outer loop
    vertex 47.7826439681075 227.2630123407873 3.05
    vertex 47.63487168510859 228.6303632740753 2.290280864092259
    vertex 47.7826439681075 227.2630123407873 1.525
  endloop
endfacet
facet normal 0.583879 0.811841 -0
  outer loop
    vertex 38.20185947866868 221.7094 3.049999999999996
    vertex 37.12967025544967 222.480521922664 3.812499999999997
    vertex 38.20185947866868 221.7094 4.574999999999998
  endloop
endfacet
facet normal -0.994663 -0.103179 -0
  outer loop
    vertex 47.7826439681075 227.2630123407873 4.574999999999999
    vertex 47.64637687826375 228.576652333413 3.8125
    vertex 47.7826439681075 227.2630123407873 3.05
  endloop
endfacet
facet normal 0.899003 0.435153 0.0493489
  outer loop
    vertex 35.26752805684633 225.3747969420999 1.639972101175815
    vertex 35.55746612571043 224.6121062495713 3.083416975226752
    vertex 36.1058898071998 223.6414290509342 1.651957049786547
  endloop
endfacet
facet normal -0.825126 -0.562698 0.0503726
  outer loop
    vertex 47.14781388081298 230.0420078207469 1.651957049786545
    vertex 46.60844317053797 230.9577413830687 3.046221084820959
    vertex 46.07427322465755 231.6160130206728 1.649639835367985
  endloop
endfacet
facet normal -0.72645 -0.685731 0.0452149
  outer loop
    vertex 46.07148277605921 231.6190186117936 4.44804295021345
    vertex 45.37218895418269 232.2673635279126 3.045587205552944
    vertex 46.60844317053797 230.9577413830687 3.046221084820959
  endloop
endfacet
facet normal -0.726422 -0.685749 -0.0453793
  outer loop
    vertex 46.60844317053797 230.9577413830687 3.046221084820959
    vertex 45.37218895418269 232.2673635279126 3.045587205552944
    vertex 46.07427322465755 231.6160130206728 1.649639835367985
  endloop
endfacet
facet normal 0.985898 0.158779 -0.0528695
  outer loop
    vertex 35.04697753695954 226.3578433658303 3.145491109346805
    vertex 34.98265826521553 227.2494844888368 4.623876364743488
    vertex 35.29313336660762 225.2937839045157 4.540142140573625
  endloop
endfacet
facet normal 0.956502 -0.287468 0.0496503
  outer loop
    vertex 35.04984782582912 228.1880491078101 3.195030401136121
    vertex 35.61027484173665 230.0270229538134 3.045917226785137
    vertex 35.25727804090357 229.1177069943217 4.581517099757195
  endloop
endfacet
facet normal 0.999088 -0.000410928 -0.0427053
  outer loop
    vertex 35.04984782582912 228.1880491078101 3.195030401136121
    vertex 35.04697753695954 226.3578433658303 3.145491109346805
    vertex 34.98264642925422 227.2686250648982 1.631703518237925
  endloop
endfacet
facet normal 0.902956 -0.427268 0.0459544
  outer loop
    vertex 35.61027484173657 230.0270229538132 6.1
    vertex 35.25727804090357 229.1177069943217 4.581517099757195
    vertex 36.0871463733495 230.8571332658415 4.448042950213448
  endloop
endfacet
facet normal -0.498793 -0.865219 0.0510027
  outer loop
    vertex 44.57791117293191 232.8083047126802 4.454376704129053
    vertex 43.71493001237741 233.2229151762121 3.0481652804518
    vertex 45.37218895418269 232.2673635279126 3.045587205552944
  endloop
endfacet
facet normal -0.622285 -0.781096 0.0514854
  outer loop
    vertex 46.07427322465755 231.6160130206728 1.649639835367985
    vertex 45.37218895418269 232.2673635279126 3.045587205552944
    vertex 44.57784368010138 232.8083436023509 1.651957049786544
  endloop
endfacet
facet normal -0.62224 -0.781172 -0.0508684
  outer loop
    vertex 44.57791117293191 232.8083047126802 4.454376704129053
    vertex 45.37218895418269 232.2673635279126 3.045587205552944
    vertex 46.07148277605921 231.6190186117936 4.44804295021345
  endloop
endfacet
facet normal -0.363794 -0.930084 -0.0509702
  outer loop
    vertex 42.79983089847802 233.5041325290538 4.448042950213437
    vertex 43.71493001237741 233.2229151762121 3.0481652804518
    vertex 44.57791117293191 232.8083047126802 4.454376704129053
  endloop
endfacet
facet normal -0.221146 -0.973902 0.0510811
  outer loop
    vertex 42.79983089847802 233.5041325290538 4.448042950213437
    vertex 41.85302189528072 233.6457033567796 3.048165280451793
    vertex 43.71493001237741 233.2229151762121 3.0481652804518
  endloop
endfacet
facet normal 0.733281 -0.678013 0.0509588
  outer loop
    vertex 37.38303212244755 232.2593214869528 1.651957049786546
    vertex 36.68254637754158 231.6068680749429 3.05074663795869
    vertex 36.08738430792855 230.8574838083722 1.64428515520158
  endloop
endfacet
facet normal -0.0734006 -0.995994 -0.0510811
  outer loop
    vertex 40.89568807585806 233.6444599789807 4.448042950213438
    vertex 41.85302189528072 233.6457033567796 3.048165280451793
    vertex 42.79983089847802 233.5041325290538 4.448042950213437
  endloop
endfacet
facet normal 0.223675 -0.973324 -0.0510811
  outer loop
    vertex 39.03488446653223 233.2168367690656 4.448042950213435
    vertex 39.94925000850988 233.5004302165264 3.048165280451789
    vertex 40.89568807585806 233.6444599789807 4.448042950213438
  endloop
endfacet
facet normal 0.366373 -0.929064 0.0510917
  outer loop
    vertex 39.03488446653223 233.2168367690656 4.448042950213435
    vertex 38.1730712897362 232.8000371034421 3.048820768160301
    vertex 39.94925000850988 233.5004302165264 3.048165280451789
  endloop
endfacet
facet normal 0.0759875 -0.995799 0.0510811
  outer loop
    vertex 40.89568807585806 233.6444599789807 4.448042950213438
    vertex 39.94925000850988 233.5004302165264 3.048165280451789
    vertex 41.85302189528072 233.6457033567796 3.048165280451793
  endloop
endfacet
facet normal 0.500844 -0.864028 -0.051105
  outer loop
    vertex 37.38303212244745 232.2593214869527 4.448042950213444
    vertex 38.1730712897362 232.8000371034421 3.048820768160301
    vertex 39.03488446653223 233.2168367690656 4.448042950213435
  endloop
endfacet
facet normal -0.498901 -0.86513 -0.0514613
  outer loop
    vertex 45.37218895418269 232.2673635279126 3.045587205552944
    vertex 43.71493001237741 233.2229151762121 3.0481652804518
    vertex 44.57784368010138 232.8083436023509 1.651957049786544
  endloop
endfacet
facet normal 0.826266 -0.560959 0.0510903
  outer loop
    vertex 36.0871463733495 230.8571332658415 4.448042950213448
    vertex 35.61027484173665 230.0270229538134 3.045917226785137
    vertex 36.68254637754158 231.6068680749429 3.05074663795869
  endloop
endfacet
facet normal 0.624076 -0.779688 -0.0511539
  outer loop
    vertex 37.38303212244755 232.2593214869528 1.651957049786546
    vertex 38.1730712897362 232.8000371034421 3.048820768160301
    vertex 36.68254637754158 231.6068680749429 3.05074663795869
  endloop
endfacet
facet normal 0.624157 -0.779624 0.0511382
  outer loop
    vertex 36.68254637754158 231.6068680749429 3.05074663795869
    vertex 38.1730712897362 232.8000371034421 3.048820768160301
    vertex 37.38303212244745 232.2593214869527 4.448042950213444
  endloop
endfacet
facet normal -0.819518 -0.57133 -0.0444003
  outer loop
    vertex 46.07148277605921 231.6190186117936 4.44804295021345
    vertex 46.60844317053797 230.9577413830687 3.046221084820959
    vertex 47.10022113910428 230.1386533638805 4.509020302588056
  endloop
endfacet
facet normal 0.826417 -0.56075 -0.0509329
  outer loop
    vertex 36.68254637754158 231.6068680749429 3.05074663795869
    vertex 35.61027484173665 230.0270229538134 3.045917226785137
    vertex 36.08738430792855 230.8574838083722 1.64428515520158
  endloop
endfacet
facet normal 0.899981 0.434105 -0.0398327
  outer loop
    vertex 36.04567892807613 223.7307603450369 4.509020302588056
    vertex 35.55746612571043 224.6121062495713 3.083416975226752
    vertex 35.29313336660762 225.2937839045157 4.540142140573625
  endloop
endfacet
facet normal 0.733434 -0.677831 -0.0511752
  outer loop
    vertex 36.0871463733495 230.8571332658415 4.448042950213448
    vertex 36.68254637754158 231.6068680749429 3.05074663795869
    vertex 37.38303212244745 232.2593214869527 4.448042950213444
  endloop
endfacet
facet normal -0.221145 -0.973895 -0.051215
  outer loop
    vertex 43.71493001237741 233.2229151762121 3.0481652804518
    vertex 41.85302189528072 233.6457033567796 3.048165280451793
    vertex 42.79983089847811 233.5041325290537 1.651957049786555
  endloop
endfacet
facet normal -0.363941 -0.930013 0.051215
  outer loop
    vertex 44.57784368010138 232.8083436023509 1.651957049786544
    vertex 43.71493001237741 233.2229151762121 3.0481652804518
    vertex 42.79983089847811 233.5041325290537 1.651957049786555
  endloop
endfacet
facet normal -0.0734001 -0.995987 0.051215
  outer loop
    vertex 42.79983089847811 233.5041325290537 1.651957049786555
    vertex 41.85302189528072 233.6457033567796 3.048165280451793
    vertex 40.89568807585815 233.6444599789807 1.651957049786548
  endloop
endfacet
facet normal 0.075987 -0.995793 -0.051215
  outer loop
    vertex 41.85302189528072 233.6457033567796 3.048165280451793
    vertex 39.94925000850988 233.5004302165264 3.048165280451789
    vertex 40.89568807585815 233.6444599789807 1.651957049786548
  endloop
endfacet
facet normal 0.366338 -0.929072 -0.0512017
  outer loop
    vertex 39.94925000850988 233.5004302165264 3.048165280451789
    vertex 38.1730712897362 232.8000371034421 3.048820768160301
    vertex 39.03488446653233 233.2168367690656 1.651957049786551
  endloop
endfacet
facet normal 0.223674 -0.973318 0.051215
  outer loop
    vertex 40.89568807585815 233.6444599789807 1.651957049786548
    vertex 39.94925000850988 233.5004302165264 3.048165280451789
    vertex 39.03488446653233 233.2168367690656 1.651957049786551
  endloop
endfacet
facet normal 0.500841 -0.864024 0.051191
  outer loop
    vertex 39.03488446653233 233.2168367690656 1.651957049786551
    vertex 38.1730712897362 232.8000371034421 3.048820768160301
    vertex 37.38303212244755 232.2593214869528 1.651957049786546
  endloop
endfacet
facet normal 0.736339 0.675534 -0.0381954
  outer loop
    vertex 36.1058898071998 223.6414290509342 1.651957049786547
    vertex 37.19566416696878 222.4226404392847 1.105035091027036
    vertex 36.70513605474388 222.8948411307246 0
  endloop
endfacet
facet normal 0.998822 0.00259453 -0.0484485
  outer loop
    vertex 35.05674585591889 226.2919237381312 6.1
    vertex 34.98265826521553 227.2494844888368 4.623876364743488
    vertex 35.05178627884866 228.2012238938777 6.1
  endloop
endfacet
facet normal 0.900595 -0.431681 0.0507896
  outer loop
    vertex 36.08738430792855 230.8574838083722 1.64428515520158
    vertex 35.61027484173665 230.0270229538134 3.045917226785137
    vertex 35.26344677266344 229.1379591889059 1.639324350209846
  endloop
endfacet
facet normal -0.95214 -0.303269 -0.0381662
  outer loop
    vertex 47.49784305544047 229.1509583469756 0
    vertex 47.66372710640807 228.4910166607131 1.105563756967868
    vertex 47.14781388081298 230.0420078207469 1.651957049786545
  endloop
endfacet
facet normal 0.585648 0.810557 0.00378713
  outer loop
    vertex 38.20185947866868 221.7094 3.049999999999996
    vertex 37.08889068874762 222.5171001233115 2.289914442362902
    vertex 37.12967025544967 222.480521922664 3.812499999999997
  endloop
endfacet
facet normal -0.994427 -0.105359 0.00379849
  outer loop
    vertex 47.64637687826375 228.576652333413 3.8125
    vertex 47.63487168510859 228.6303632740753 2.290280864092259
    vertex 47.7826439681075 227.2630123407873 3.05
  endloop
endfacet
facet normal -0.995344 -0.0963866 -0
  outer loop
    vertex 47.7826439681075 227.2630123407873 1.525
    vertex 47.66372710640807 228.4910166607131 1.105563756967868
    vertex 47.7826439681075 227.2630123407873 0
  endloop
endfacet
facet normal 0.578297 0.815826 -5.04244e-14
  outer loop
    vertex 38.20185947866847 221.7094 0
    vertex 37.19566416696878 222.4226404392847 1.105035091027036
    vertex 38.20185947866868 221.7094 1.524999999999996
  endloop
endfacet
facet normal 0.748632 0.662825 0.0146207
  outer loop
    vertex 37.08889068874762 222.5171001233115 2.289914442362902
    vertex 37.19566416696878 222.4226404392847 1.105035091027036
    vertex 36.1058898071998 223.6414290509342 1.651957049786547
  endloop
endfacet
facet normal -0.94723 -0.320222 0.0145935
  outer loop
    vertex 47.14781388081298 230.0420078207469 1.651957049786545
    vertex 47.66372710640807 228.4910166607131 1.105563756967868
    vertex 47.63487168510859 228.6303632740753 2.290280864092259
  endloop
endfacet
facet normal -0.948355 -0.315027 -0.0371524
  outer loop
    vertex 47.10022113910428 230.1386533638805 4.509020302588056
    vertex 47.31434635821465 229.666115908093 3.050034589639604
    vertex 47.64637687826375 228.576652333413 3.8125
  endloop
endfacet
facet normal 0.747287 0.663883 -0.028656
  outer loop
    vertex 37.12967025544967 222.480521922664 3.812499999999997
    vertex 36.25846775939149 223.4285869363716 3.057543470853127
    vertex 36.04567892807613 223.7307603450369 4.509020302588056
  endloop
endfacet
facet normal 0.998977 -0.00278862 0.0451438
  outer loop
    vertex 35.04984782582912 228.1880491078101 3.195030401136121
    vertex 34.98265826521553 227.2494844888368 4.623876364743488
    vertex 35.04697753695954 226.3578433658303 3.145491109346805
  endloop
endfacet
facet normal 0.899947 -0.433166 -0.0496268
  outer loop
    vertex 35.25727804090357 229.1177069943217 4.581517099757195
    vertex 35.61027484173665 230.0270229538134 3.045917226785137
    vertex 36.0871463733495 230.8571332658415 4.448042950213448
  endloop
endfacet
facet normal 0.588007 0.808807 -0.00887325
  outer loop
    vertex 37.12967025544967 222.480521922664 3.812499999999997
    vertex 37.05311813219051 222.5497113705408 5.046291586114779
    vertex 38.20185947866868 221.7094 4.574999999999998
  endloop
endfacet
facet normal -0.994077 -0.108309 -0.00894264
  outer loop
    vertex 47.7826439681075 227.2630123407873 4.574999999999999
    vertex 47.62423996967299 228.6781022154037 5.044560552793016
    vertex 47.64637687826375 228.576652333413 3.8125
  endloop
endfacet
facet normal -0.993793 -0.111244 -0
  outer loop
    vertex 47.7826439681075 227.2630123407873 6.1
    vertex 47.62423996967299 228.6781022154037 5.044560552793016
    vertex 47.7826439681075 227.2630123407873 4.574999999999999
  endloop
endfacet
facet normal 0.590404 0.807108 -0
  outer loop
    vertex 38.20185947866868 221.7094 4.574999999999998
    vertex 37.05311813219051 222.5497113705408 5.046291586114779
    vertex 38.20185947866868 221.7094 6.1
  endloop
endfacet
facet normal -0.877226 -0.479346 0.0265066
  outer loop
    vertex 46.60844317053797 230.9577413830687 3.046221084820959
    vertex 47.31434635821465 229.666115908093 3.050034589639604
    vertex 47.10022113910428 230.1386533638805 4.509020302588056
  endloop
endfacet
facet normal 0.860419 0.509189 0.0201343
  outer loop
    vertex 36.04567892807613 223.7307603450369 4.509020302588056
    vertex 36.25846775939149 223.4285869363716 3.057543470853127
    vertex 35.55746612571043 224.6121062495713 3.083416975226752
  endloop
endfacet
facet normal -0.94883 -0.314503 0.0284617
  outer loop
    vertex 47.63487168510859 228.6303632740753 2.290280864092259
    vertex 47.31434635821465 229.666115908093 3.050034589639604
    vertex 47.14781388081298 230.0420078207469 1.651957049786545
  endloop
endfacet
facet normal 0.747189 0.664325 0.0194878
  outer loop
    vertex 36.1058898071998 223.6414290509342 1.651957049786547
    vertex 36.25846775939149 223.4285869363716 3.057543470853127
    vertex 37.08889068874762 222.5171001233115 2.289914442362902
  endloop
endfacet
facet normal -0.994852 -0.100575 -0.0124014
  outer loop
    vertex 47.63487168510859 228.6303632740753 2.290280864092259
    vertex 47.66372710640807 228.4910166607131 1.105563756967868
    vertex 47.7826439681075 227.2630123407873 1.525
  endloop
endfacet
facet normal 0.581698 0.81331 -0.0124191
  outer loop
    vertex 38.20185947866868 221.7094 1.524999999999996
    vertex 37.19566416696878 222.4226404392847 1.105035091027036
    vertex 37.08889068874762 222.5171001233115 2.289914442362902
  endloop
endfacet
facet normal -0.877209 -0.479487 -0.0244275
  outer loop
    vertex 47.14781388081298 230.0420078207469 1.651957049786545
    vertex 47.31434635821465 229.666115908093 3.050034589639604
    vertex 46.60844317053797 230.9577413830687 3.046221084820959
  endloop
endfacet
facet normal 0.860133 0.509813 -0.0161696
  outer loop
    vertex 35.55746612571043 224.6121062495713 3.083416975226752
    vertex 36.25846775939149 223.4285869363716 3.057543470853127
    vertex 36.1058898071998 223.6414290509342 1.651957049786547
  endloop
endfacet
facet normal 0.737723 0.675094 -0.00354022
  outer loop
    vertex 37.08889068874762 222.5171001233115 2.289914442362902
    vertex 36.25846775939149 223.4285869363716 3.057543470853127
    vertex 37.12967025544967 222.480521922664 3.812499999999997
  endloop
endfacet
facet normal -0.955945 -0.29353 -0.00313192
  outer loop
    vertex 47.64637687826375 228.576652333413 3.8125
    vertex 47.31434635821465 229.666115908093 3.050034589639604
    vertex 47.63487168510859 228.6303632740753 2.290280864092259
  endloop
endfacet
facet normal 0 0 -1
  outer loop
    vertex 39.79225172338809 221.7094 6.1
    vertex 38.51372810934461 223.490222258943 6.1
    vertex 40.44198915751334 223.3584436583233 6.1
  endloop
endfacet
facet normal 0 0 -1
  outer loop
    vertex 39.79225172338809 221.7094 6.1
    vertex 38.20185947866868 221.7094 6.1
    vertex 38.51372810934461 223.490222258943 6.1
  endloop
endfacet
facet normal -0 0 -1
  outer loop
    vertex 42.17784009046721 223.0867200859088 6.1
    vertex 41.3826439681075 221.7094 6.1
    vertex 40.44198915751334 223.3584436583233 6.1
  endloop
endfacet
facet normal 0 -0 -1
  outer loop
    vertex 45.2284880309594 224.2599349296736 6.1
    vertex 45.89635679378944 222.725788902684 6.1
    vertex 43.76823233518662 223.0867200859088 6.1
  endloop
endfacet
facet normal 0 0 -1
  outer loop
    vertex 41.3826439681075 221.7094 6.1
    vertex 39.79225172338809 221.7094 6.1
    vertex 40.44198915751334 223.3584436583233 6.1
  endloop
endfacet
facet normal 0 0 -1
  outer loop
    vertex 36.68250590319994 231.6068242808703 6.1
    vertex 38.17305059295919 232.8000251063681 6.1
    vertex 38.62039790882515 230.789388726085 6.1
  endloop
endfacet
facet normal -0 0 -1
  outer loop
    vertex 45.89635679378944 222.725788902684 6.1
    vertex 44.56342845754632 221.7094 6.1
    vertex 43.76823233518662 223.0867200859088 6.1
  endloop
endfacet
facet normal -0 0 -1
  outer loop
    vertex 39.79045810356394 225.0755040503643 6.1
    vertex 38.51372810934461 223.490222258943 6.1
    vertex 37.95449959794969 225.5882615857769 6.1
  endloop
endfacet
facet normal 0 0 -1
  outer loop
    vertex 37.95449959794969 225.5882615857769 6.1
    vertex 36.60557851305306 227.1114836962087 6.1
    vertex 37.98780612444355 227.5725279808357 6.1
  endloop
endfacet
facet normal 0 0 -1
  outer loop
    vertex 40.44198915751334 223.3584436583233 6.1
    vertex 38.51372810934461 223.490222258943 6.1
    vertex 39.79045810356394 225.0755040503643 6.1
  endloop
endfacet
facet normal -0 0 -1
  outer loop
    vertex 41.00916456620325 231.9459469378316 6.1
    vertex 40.29207581514488 230.0869602931465 6.1
    vertex 39.50017900001703 232.0368683958368 6.1
  endloop
endfacet
facet normal 0 -0 -1
  outer loop
    vertex 36.60557851305306 227.1114836962087 6.1
    vertex 37.95449959794969 225.5882615857769 6.1
    vertex 36.49407649186179 225.6263059039946 6.1
  endloop
endfacet
facet normal 0 0 -1
  outer loop
    vertex 37.4607758111212 229.7063252012086 6.1
    vertex 39.07954734033945 228.8280838332635 6.1
    vertex 37.98780612444355 227.5725279808357 6.1
  endloop
endfacet
facet normal 0 -0 -1
  outer loop
    vertex 40.53982859590928 228.0777050434615 6.1
    vertex 40.99426190232912 226.3547752415353 6.1
    vertex 39.35379437402207 226.8725769024205 6.1
  endloop
endfacet
facet normal 0 0 -1
  outer loop
    vertex 36.54324431384061 228.5237167451888 6.1
    vertex 37.4607758111212 229.7063252012086 6.1
    vertex 37.98780612444355 227.5725279808357 6.1
  endloop
endfacet
facet normal 0 0 -1
  outer loop
    vertex 42.17784009046721 223.0867200859088 6.1
    vertex 40.44198915751334 223.3584436583233 6.1
    vertex 41.48560957564077 224.6958097896648 6.1
  endloop
endfacet
facet normal -0 0 -1
  outer loop
    vertex 39.35379437402207 226.8725769024205 6.1
    vertex 37.95449959794969 225.5882615857769 6.1
    vertex 37.98780612444355 227.5725279808357 6.1
  endloop
endfacet
facet normal 0 0 -1
  outer loop
    vertex 37.4607758111212 229.7063252012086 6.1
    vertex 36.68250590319994 231.6068242808703 6.1
    vertex 38.62039790882515 230.789388726085 6.1
  endloop
endfacet
facet normal 0 -0 -1
  outer loop
    vertex 39.50017900001703 232.0368683958368 6.1
    vertex 40.29207581514488 230.0869602931465 6.1
    vertex 38.62039790882515 230.789388726085 6.1
  endloop
endfacet
facet normal -0 0 -1
  outer loop
    vertex 40.99426190232912 226.3547752415353 6.1
    vertex 39.79045810356394 225.0755040503643 6.1
    vertex 39.35379437402207 226.8725769024205 6.1
  endloop
endfacet
facet normal 0 0 -1
  outer loop
    vertex 40.29207581514488 230.0869602931465 6.1
    vertex 41.00916456620325 231.9459469378316 6.1
    vertex 41.78384176298641 230.7470521681023 6.1
  endloop
endfacet
facet normal 0 0 -1
  outer loop
    vertex 43.49001172589242 228.8240140303991 6.1
    vertex 44.78627774027282 230.2663967275087 6.1
    vertex 44.92147905767103 228.3617215782986 6.1
  endloop
endfacet
facet normal 0 0 -1
  outer loop
    vertex 38.20185947866868 221.7094 6.1
    vertex 36.70513605474402 222.8948411307245 6.1
    vertex 38.51372810934461 223.490222258943 6.1
  endloop
endfacet
facet normal -0 0 -1
  outer loop
    vertex 40.53982859590928 228.0777050434615 6.1
    vertex 39.35379437402207 226.8725769024205 6.1
    vertex 39.07954734033945 228.8280838332635 6.1
  endloop
endfacet
facet normal 0 0 -1
  outer loop
    vertex 43.8553100797902 224.6263678573817 6.1
    vertex 42.85199770720605 225.7792683210749 6.1
    vertex 44.82786144461756 225.7841515033142 6.1
  endloop
endfacet
facet normal 0 0 -1
  outer loop
    vertex 42.85199770720605 225.7792683210749 6.1
    vertex 43.97821607416511 227.1637203960618 6.1
    vertex 44.82786144461756 225.7841515033142 6.1
  endloop
endfacet
facet normal 0 0 -1
  outer loop
    vertex 38.17305059295919 232.8000251063681 6.1
    vertex 39.50017900001703 232.0368683958368 6.1
    vertex 38.62039790882515 230.789388726085 6.1
  endloop
endfacet
facet normal 0 0 -1
  outer loop
    vertex 44.78627774027282 230.2663967275087 6.1
    vertex 46.00920813606721 229.2945984581724 6.1
    vertex 44.92147905767103 228.3617215782986 6.1
  endloop
endfacet
facet normal -0 0 -1
  outer loop
    vertex 45.2284880309594 224.2599349296736 6.1
    vertex 43.76823233518662 223.0867200859088 6.1
    vertex 43.8553100797902 224.6263678573817 6.1
  endloop
endfacet
facet normal 0 -0 -1
  outer loop
    vertex 47.49784305544046 229.1509583469756 6.1
    vertex 47.7826439681075 227.2630123407873 6.1
    vertex 46.30996570868637 227.9516300215357 6.1
  endloop
endfacet
facet normal 0 0 -1
  outer loop
    vertex 39.79045810356394 225.0755040503643 6.1
    vertex 37.95449959794969 225.5882615857769 6.1
    vertex 39.35379437402207 226.8725769024205 6.1
  endloop
endfacet
facet normal 0 0 -1
  outer loop
    vertex 35.05674585591889 226.2919237381312 6.1
    vertex 35.05178627884866 228.2012238938777 6.1
    vertex 36.60557851305306 227.1114836962087 6.1
  endloop
endfacet
facet normal 0 0 -1
  outer loop
    vertex 39.94925000850978 233.5004302165264 6.1
    vertex 41.85302189528065 233.6457033567796 6.1
    vertex 41.00916456620325 231.9459469378316 6.1
  endloop
endfacet
facet normal 0 0 -1
  outer loop
    vertex 39.07954734033945 228.8280838332635 6.1
    vertex 37.4607758111212 229.7063252012086 6.1
    vertex 38.62039790882515 230.789388726085 6.1
  endloop
endfacet
facet normal 0 -0 -1
  outer loop
    vertex 45.36926400634633 232.2696939434771 6.1
    vertex 46.66878767989434 230.8708766201549 6.1
    vertex 44.78627774027282 230.2663967275087 6.1
  endloop
endfacet
facet normal 0 0 -1
  outer loop
    vertex 35.61027484173657 230.0270229538132 6.1
    vertex 36.68250590319994 231.6068242808703 6.1
    vertex 37.4607758111212 229.7063252012086 6.1
  endloop
endfacet
facet normal -0 0 -1
  outer loop
    vertex 41.48560957564077 224.6958097896648 6.1
    vertex 40.44198915751334 223.3584436583233 6.1
    vertex 39.79045810356394 225.0755040503643 6.1
  endloop
endfacet
facet normal -0 0 -1
  outer loop
    vertex 40.29207581514488 230.0869602931465 6.1
    vertex 39.07954734033945 228.8280838332635 6.1
    vertex 38.62039790882515 230.789388726085 6.1
  endloop
endfacet
facet normal -0 0 -1
  outer loop
    vertex 46.91965673368826 224.053418965639 6.1
    vertex 45.89635679378944 222.725788902684 6.1
    vertex 45.2284880309594 224.2599349296736 6.1
  endloop
endfacet
facet normal 0 0 -1
  outer loop
    vertex 41.48560957564077 224.6958097896648 6.1
    vertex 40.99426190232912 226.3547752415353 6.1
    vertex 42.85199770720605 225.7792683210749 6.1
  endloop
endfacet
facet normal 0 -0 -1
  outer loop
    vertex 40.29207581514488 230.0869602931465 6.1
    vertex 40.53982859590928 228.0777050434615 6.1
    vertex 39.07954734033945 228.8280838332635 6.1
  endloop
endfacet
facet normal 0 0 -1
  outer loop
    vertex 42.97303621282691 221.7094 6.1
    vertex 41.3826439681075 221.7094 6.1
    vertex 42.17784009046721 223.0867200859088 6.1
  endloop
endfacet
facet normal 0 0 -1
  outer loop
    vertex 44.56342845754632 221.7094 6.1
    vertex 42.97303621282691 221.7094 6.1
    vertex 43.76823233518662 223.0867200859088 6.1
  endloop
endfacet
facet normal 0 0 -1
  outer loop
    vertex 41.48560957564077 224.6958097896648 6.1
    vertex 39.79045810356394 225.0755040503643 6.1
    vertex 40.99426190232912 226.3547752415353 6.1
  endloop
endfacet
facet normal -0 0 -1
  outer loop
    vertex 41.92004051984755 229.2550994130044 6.1
    vertex 40.53982859590928 228.0777050434615 6.1
    vertex 40.29207581514488 230.0869602931465 6.1
  endloop
endfacet
facet normal 0 0 -1
  outer loop
    vertex 42.85199770720605 225.7792683210749 6.1
    vertex 42.32386961069423 227.5895447968068 6.1
    vertex 43.97821607416511 227.1637203960618 6.1
  endloop
endfacet
facet normal 0 0 -1
  outer loop
    vertex 42.85199770720605 225.7792683210749 6.1
    vertex 40.99426190232912 226.3547752415353 6.1
    vertex 42.32386961069423 227.5895447968068 6.1
  endloop
endfacet
facet normal 0 0 -1
  outer loop
    vertex 42.32386961069423 227.5895447968068 6.1
    vertex 40.53982859590928 228.0777050434615 6.1
    vertex 41.92004051984755 229.2550994130044 6.1
  endloop
endfacet
facet normal -0 0 -1
  outer loop
    vertex 42.32386961069423 227.5895447968068 6.1
    vertex 40.99426190232912 226.3547752415353 6.1
    vertex 40.53982859590928 228.0777050434615 6.1
  endloop
endfacet
facet normal 0 0 -1
  outer loop
    vertex 42.97303621282691 221.7094 6.1
    vertex 42.17784009046721 223.0867200859088 6.1
    vertex 43.76823233518662 223.0867200859088 6.1
  endloop
endfacet
facet normal -0 0 -1
  outer loop
    vertex 44.78627774027282 230.2663967275087 6.1
    vertex 43.49001172589242 228.8240140303991 6.1
    vertex 43.14849991433275 230.4361922743255 6.1
  endloop
endfacet
facet normal 0 0 -1
  outer loop
    vertex 42.32386961069423 227.5895447968068 6.1
    vertex 41.92004051984755 229.2550994130044 6.1
    vertex 43.49001172589242 228.8240140303991 6.1
  endloop
endfacet
facet normal 0 0 -1
  outer loop
    vertex 43.97821607416511 227.1637203960618 6.1
    vertex 42.32386961069423 227.5895447968068 6.1
    vertex 43.49001172589242 228.8240140303991 6.1
  endloop
endfacet
facet normal 0 0 -1
  outer loop
    vertex 44.82786144461756 225.7841515033142 6.1
    vertex 46.3339735691617 226.4700098221774 6.1
    vertex 46.17462249382159 225.2337467212421 6.1
  endloop
endfacet
facet normal 0 0 -1
  outer loop
    vertex 41.92004051984755 229.2550994130044 6.1
    vertex 40.29207581514488 230.0869602931465 6.1
    vertex 41.78384176298641 230.7470521681023 6.1
  endloop
endfacet
facet normal 0 0 -1
  outer loop
    vertex 41.48560957564077 224.6958097896648 6.1
    vertex 42.85199770720605 225.7792683210749 6.1
    vertex 42.7162091854083 224.2387097433915 6.1
  endloop
endfacet
facet normal 0 -0 -1
  outer loop
    vertex 42.56045312690564 232.0431884269027 6.1
    vertex 43.14849991433275 230.4361922743255 6.1
    vertex 41.78384176298641 230.7470521681023 6.1
  endloop
endfacet
facet normal 0 0 -1
  outer loop
    vertex 43.49001172589242 228.8240140303991 6.1
    vertex 41.92004051984755 229.2550994130044 6.1
    vertex 43.14849991433275 230.4361922743255 6.1
  endloop
endfacet
facet normal 0 0 -1
  outer loop
    vertex 45.2284880309594 224.2599349296736 6.1
    vertex 43.8553100797902 224.6263678573817 6.1
    vertex 44.82786144461756 225.7841515033142 6.1
  endloop
endfacet
facet normal 0 0 -1
  outer loop
    vertex 46.30996570868637 227.9516300215357 6.1
    vertex 47.7826439681075 227.2630123407873 6.1
    vertex 46.3339735691617 226.4700098221774 6.1
  endloop
endfacet
facet normal -0 0 -1
  outer loop
    vertex 46.3339735691617 226.4700098221774 6.1
    vertex 44.82786144461756 225.7841515033142 6.1
    vertex 45.27429917086035 227.1462466642775 6.1
  endloop
endfacet
facet normal 0 0 -1
  outer loop
    vertex 43.14849991433275 230.4361922743255 6.1
    vertex 42.56045312690564 232.0431884269027 6.1
    vertex 43.91588496004697 231.6476773096852 6.1
  endloop
endfacet
facet normal 0 -0 -1
  outer loop
    vertex 37.95449959794969 225.5882615857769 6.1
    vertex 38.51372810934461 223.490222258943 6.1
    vertex 37.15149655657495 224.2596328189296 6.1
  endloop
endfacet
facet normal 0 0 -1
  outer loop
    vertex 43.76823233518662 223.0867200859088 6.1
    vertex 42.17784009046721 223.0867200859088 6.1
    vertex 42.7162091854083 224.2387097433915 6.1
  endloop
endfacet
facet normal 0 0 -1
  outer loop
    vertex 35.05674585591889 226.2919237381312 6.1
    vertex 36.60557851305306 227.1114836962087 6.1
    vertex 36.49407649186179 225.6263059039946 6.1
  endloop
endfacet
facet normal 0 0 -1
  outer loop
    vertex 47.7826439681075 227.2630123407873 6.1
    vertex 47.56313269068102 225.6012183854061 6.1
    vertex 46.3339735691617 226.4700098221774 6.1
  endloop
endfacet
facet normal 0 0 -1
  outer loop
    vertex 36.60557851305306 227.1114836962087 6.1
    vertex 36.54324431384061 228.5237167451888 6.1
    vertex 37.98780612444355 227.5725279808357 6.1
  endloop
endfacet
facet normal 0 0 -1
  outer loop
    vertex 42.17784009046721 223.0867200859088 6.1
    vertex 41.48560957564077 224.6958097896648 6.1
    vertex 42.7162091854083 224.2387097433915 6.1
  endloop
endfacet
facet normal 0 0 -1
  outer loop
    vertex 36.60557851305306 227.1114836962087 6.1
    vertex 35.05178627884866 228.2012238938777 6.1
    vertex 36.54324431384061 228.5237167451888 6.1
  endloop
endfacet
facet normal 0 0 -1
  outer loop
    vertex 41.00916456620325 231.9459469378316 6.1
    vertex 41.85302189528065 233.6457033567796 6.1
    vertex 42.56045312690564 232.0431884269027 6.1
  endloop
endfacet
facet normal 0 -0 -1
  outer loop
    vertex 39.94925000850978 233.5004302165264 6.1
    vertex 41.00916456620325 231.9459469378316 6.1
    vertex 39.50017900001703 232.0368683958368 6.1
  endloop
endfacet
facet normal 0 0 -1
  outer loop
    vertex 35.62471216917349 224.4690507449839 6.1
    vertex 35.05674585591889 226.2919237381312 6.1
    vertex 36.49407649186179 225.6263059039946 6.1
  endloop
endfacet
facet normal 0 0 -1
  outer loop
    vertex 44.78627774027282 230.2663967275087 6.1
    vertex 46.66878767989434 230.8708766201549 6.1
    vertex 46.00920813606721 229.2945984581724 6.1
  endloop
endfacet
facet normal 0 0 -1
  outer loop
    vertex 35.61027484173657 230.0270229538132 6.1
    vertex 37.4607758111212 229.7063252012086 6.1
    vertex 36.54324431384061 228.5237167451888 6.1
  endloop
endfacet
facet normal 0 0 -1
  outer loop
    vertex 45.36926400634633 232.2696939434771 6.1
    vertex 44.78627774027282 230.2663967275087 6.1
    vertex 43.91588496004697 231.6476773096852 6.1
  endloop
endfacet
facet normal 0 0 -1
  outer loop
    vertex 43.8553100797902 224.6263678573817 6.1
    vertex 43.76823233518662 223.0867200859088 6.1
    vertex 42.7162091854083 224.2387097433915 6.1
  endloop
endfacet
facet normal 0 -0 -1
  outer loop
    vertex 46.66878767989434 230.8708766201549 6.1
    vertex 47.49784305544046 229.1509583469756 6.1
    vertex 46.00920813606721 229.2945984581724 6.1
  endloop
endfacet
facet normal 0 -0 -1
  outer loop
    vertex 42.85199770720605 225.7792683210749 6.1
    vertex 43.8553100797902 224.6263678573817 6.1
    vertex 42.7162091854083 224.2387097433915 6.1
  endloop
endfacet
facet normal 0 0 -1
  outer loop
    vertex 35.05178627884866 228.2012238938777 6.1
    vertex 35.61027484173657 230.0270229538132 6.1
    vertex 36.54324431384061 228.5237167451888 6.1
  endloop
endfacet
facet normal 0 0 -1
  outer loop
    vertex 41.85302189528065 233.6457033567796 6.1
    vertex 43.71493001237734 233.2229151762121 6.1
    vertex 42.56045312690564 232.0431884269027 6.1
  endloop
endfacet
facet normal 0 0 -1
  outer loop
    vertex 38.17305059295919 232.8000251063681 6.1
    vertex 39.94925000850978 233.5004302165264 6.1
    vertex 39.50017900001703 232.0368683958368 6.1
  endloop
endfacet
facet normal 0 0 -1
  outer loop
    vertex 36.70513605474402 222.8948411307245 6.1
    vertex 35.62471216917349 224.4690507449839 6.1
    vertex 37.15149655657495 224.2596328189296 6.1
  endloop
endfacet
facet normal 0 0 -1
  outer loop
    vertex 47.56313269068102 225.6012183854061 6.1
    vertex 46.91965673368826 224.053418965639 6.1
    vertex 46.17462249382159 225.2337467212421 6.1
  endloop
endfacet
facet normal 0 0 -1
  outer loop
    vertex 43.71493001237734 233.2229151762121 6.1
    vertex 45.36926400634633 232.2696939434771 6.1
    vertex 43.91588496004697 231.6476773096852 6.1
  endloop
endfacet
facet normal 0 0 -1
  outer loop
    vertex 46.91965673368826 224.053418965639 6.1
    vertex 45.2284880309594 224.2599349296736 6.1
    vertex 46.17462249382159 225.2337467212421 6.1
  endloop
endfacet
facet normal -0 0 -1
  outer loop
    vertex 47.49784305544046 229.1509583469756 6.1
    vertex 46.30996570868637 227.9516300215357 6.1
    vertex 46.00920813606721 229.2945984581724 6.1
  endloop
endfacet
facet normal 0 0 -1
  outer loop
    vertex 45.2284880309594 224.2599349296736 6.1
    vertex 44.82786144461756 225.7841515033142 6.1
    vertex 46.17462249382159 225.2337467212421 6.1
  endloop
endfacet
facet normal 0 0 -1
  outer loop
    vertex 35.62471216917349 224.4690507449839 6.1
    vertex 36.49407649186179 225.6263059039946 6.1
    vertex 37.15149655657495 224.2596328189296 6.1
  endloop
endfacet
facet normal 0 -0 -1
  outer loop
    vertex 39.07954734033945 228.8280838332635 6.1
    vertex 39.35379437402207 226.8725769024205 6.1
    vertex 37.98780612444355 227.5725279808357 6.1
  endloop
endfacet
facet normal -0 0 -1
  outer loop
    vertex 38.51372810934461 223.490222258943 6.1
    vertex 36.70513605474402 222.8948411307245 6.1
    vertex 37.15149655657495 224.2596328189296 6.1
  endloop
endfacet
facet normal 0 0 -1
  outer loop
    vertex 36.49407649186179 225.6263059039946 6.1
    vertex 37.95449959794969 225.5882615857769 6.1
    vertex 37.15149655657495 224.2596328189296 6.1
  endloop
endfacet
facet normal 0 -0 -1
  outer loop
    vertex 46.00920813606721 229.2945984581724 6.1
    vertex 46.30996570868637 227.9516300215357 6.1
    vertex 44.92147905767103 228.3617215782986 6.1
  endloop
endfacet
facet normal 0 0 -1
  outer loop
    vertex 43.97821607416511 227.1637203960618 6.1
    vertex 43.49001172589242 228.8240140303991 6.1
    vertex 44.92147905767103 228.3617215782986 6.1
  endloop
endfacet
facet normal 0 0 -1
  outer loop
    vertex 44.78627774027282 230.2663967275087 6.1
    vertex 43.14849991433275 230.4361922743255 6.1
    vertex 43.91588496004697 231.6476773096852 6.1
  endloop
endfacet
facet normal 0 0 -1
  outer loop
    vertex 41.00916456620325 231.9459469378316 6.1
    vertex 42.56045312690564 232.0431884269027 6.1
    vertex 41.78384176298641 230.7470521681023 6.1
  endloop
endfacet
facet normal -0 0 -1
  outer loop
    vertex 43.14849991433275 230.4361922743255 6.1
    vertex 41.92004051984755 229.2550994130044 6.1
    vertex 41.78384176298641 230.7470521681023 6.1
  endloop
endfacet
facet normal 0 -0 -1
  outer loop
    vertex 46.3339735691617 226.4700098221774 6.1
    vertex 47.56313269068102 225.6012183854061 6.1
    vertex 46.17462249382159 225.2337467212421 6.1
  endloop
endfacet
facet normal 0 0 -1
  outer loop
    vertex 42.56045312690564 232.0431884269027 6.1
    vertex 43.71493001237734 233.2229151762121 6.1
    vertex 43.91588496004697 231.6476773096852 6.1
  endloop
endfacet
facet normal 0 0 -1
  outer loop
    vertex 44.82786144461756 225.7841515033142 6.1
    vertex 43.97821607416511 227.1637203960618 6.1
    vertex 45.27429917086035 227.1462466642775 6.1
  endloop
endfacet
facet normal 0 -0 -1
  outer loop
    vertex 46.30996570868637 227.9516300215357 6.1
    vertex 46.3339735691617 226.4700098221774 6.1
    vertex 45.27429917086035 227.1462466642775 6.1
  endloop
endfacet
facet normal 0 0 -1
  outer loop
    vertex 43.97821607416511 227.1637203960618 6.1
    vertex 44.92147905767103 228.3617215782986 6.1
    vertex 45.27429917086035 227.1462466642775 6.1
  endloop
endfacet
facet normal 0 0 -1
  outer loop
    vertex 44.92147905767103 228.3617215782986 6.1
    vertex 46.30996570868637 227.9516300215357 6.1
    vertex 45.27429917086035 227.1462466642775 6.1
  endloop
endfacet
facet normal -0.869625 0.493234 0.0217462
  outer loop
    vertex 46.95219961881656 224.1102278804008 3.067427893009175
    vertex 47.24902156202099 224.7045725964061 1.456691012866631
    vertex 46.58949433178984 223.5416269414742 1.459596792413992
  endloop
endfacet
facet normal -0.908939 0.416703 -0.0137378
  outer loop
    vertex 46.95219961881656 224.1102278804008 3.067427893009175
    vertex 47.40695802121602 225.1025401263122 3.078461146319449
    vertex 47.24902156202099 224.7045725964061 1.456691012866631
  endloop
endfacet
facet normal -0.818999 0.573511 -0.0180638
  outer loop
    vertex 46.58949433178984 223.5416269414742 1.459596792413992
    vertex 46.25398665010042 223.112106358403 3.034327592213746
    vertex 46.95219961881656 224.1102278804008 3.067427893009175
  endloop
endfacet
facet normal -0.922724 0.38361 -0.0377402
  outer loop
    vertex 47.56313269068102 225.6012183854061 6.1
    vertex 47.25906669343772 224.727730117203 4.65566571655331
    vertex 46.91965673368826 224.053418965639 6.1
  endloop
endfacet
facet normal -0.791552 0.610106 0.0348772
  outer loop
    vertex 45.8963567937897 222.7257889026842 0
    vertex 46.58949433178984 223.5416269414742 1.459596792413992
    vertex 46.91965673368838 224.0534189656393 0
  endloop
endfacet
facet normal -0.7915 0.610066 -0.0367044
  outer loop
    vertex 46.91965673368826 224.053418965639 6.1
    vertex 46.55118403674118 223.4885993322616 4.657908376994236
    vertex 45.89635679378944 222.725788902684 6.1
  endloop
endfacet
facet normal -0.922744 0.383618 0.0371563
  outer loop
    vertex 46.91965673368838 224.0534189656393 0
    vertex 47.24902156202099 224.7045725964061 1.456691012866631
    vertex 47.56313269068105 225.6012183854062 0
  endloop
endfacet
facet normal -0.57749 0.816398 0
  outer loop
    vertex 44.56342845754632 221.7094 4.574999999999998
    vertex 45.56003449194616 222.4143621769435 3.816246861576025
    vertex 44.56342845754632 221.7094 3.049999999999996
  endloop
endfacet
facet normal -0.994663 0.103179 0
  outer loop
    vertex 47.7826439681075 227.2630123407873 1.525
    vertex 47.64637687826373 225.9493723481616 2.2875
    vertex 47.7826439681075 227.2630123407873 3.05
  endloop
endfacet
facet normal -0.868048 0.495847 -0.0250665
  outer loop
    vertex 47.25906669343772 224.727730117203 4.65566571655331
    vertex 46.95219961881656 224.1102278804008 3.067427893009175
    vertex 46.55118403674118 223.4885993322616 4.657908376994236
  endloop
endfacet
facet normal -0.86795 0.495887 0.0275498
  outer loop
    vertex 47.25906669343772 224.727730117203 4.65566571655331
    vertex 46.55118403674118 223.4885993322616 4.657908376994236
    vertex 46.91965673368826 224.053418965639 6.1
  endloop
endfacet
facet normal -0.869633 0.493125 -0.023803
  outer loop
    vertex 46.58949433178984 223.5416269414742 1.459596792413992
    vertex 47.24902156202099 224.7045725964061 1.456691012866631
    vertex 46.91965673368838 224.0534189656393 0
  endloop
endfacet
facet normal -0.994953 0.100343 0
  outer loop
    vertex 47.7826439681075 227.2630123407873 3.05
    vertex 47.65376545113688 225.9851096273199 3.8125
    vertex 47.7826439681075 227.2630123407873 4.574999999999999
  endloop
endfacet
facet normal -0.994804 0.10178 0.00243464
  outer loop
    vertex 47.64637687826373 225.9493723481616 2.2875
    vertex 47.65376545113688 225.9851096273199 3.8125
    vertex 47.7826439681075 227.2630123407873 3.05
  endloop
endfacet
facet normal -0.58016 0.814502 0
  outer loop
    vertex 44.56342845754632 221.7094 3.049999999999996
    vertex 45.59170137459444 222.441826205727 2.283530475545752
    vertex 44.56342845754632 221.7094 1.524999999999996
  endloop
endfacet
facet normal -0.578846 0.815433 0.00265204
  outer loop
    vertex 45.56003449194616 222.4143621769435 3.816246861576025
    vertex 45.59170137459444 222.441826205727 2.283530475545752
    vertex 44.56342845754632 221.7094 3.049999999999996
  endloop
endfacet
facet normal -0.956538 0.290792 0.0217949
  outer loop
    vertex 47.24902156202099 224.7045725964061 1.456691012866631
    vertex 47.40695802121602 225.1025401263122 3.078461146319449
    vertex 47.64637687826373 225.9493723481616 2.2875
  endloop
endfacet
facet normal -0.723917 0.689345 -0.0273392
  outer loop
    vertex 46.55118403674118 223.4885993322616 4.657908376994236
    vertex 46.25398665010042 223.112106358403 3.034327592213746
    vertex 45.56003449194616 222.4143621769435 3.816246861576025
  endloop
endfacet
facet normal -0.819561 0.572734 0.0172094
  outer loop
    vertex 46.95219961881656 224.1102278804008 3.067427893009175
    vertex 46.25398665010042 223.112106358403 3.034327592213746
    vertex 46.55118403674118 223.4885993322616 4.657908376994236
  endloop
endfacet
facet normal -0.605838 0.794518 -0.0412436
  outer loop
    vertex 45.89635679378944 222.725788902684 6.1
    vertex 45.53187374948619 222.390241853547 4.990001935459994
    vertex 44.56342845754632 221.7094 6.1
  endloop
endfacet
facet normal -0.990639 0.130856 0.0388824
  outer loop
    vertex 47.56313269068105 225.6012183854062 0
    vertex 47.6674599629376 226.0542576464313 1.133355647486722
    vertex 47.7826439681075 227.2630123407873 0
  endloop
endfacet
facet normal -0.990398 0.130825 -0.0446921
  outer loop
    vertex 47.7826439681075 227.2630123407873 6.1
    vertex 47.68274789483457 226.136650714826 5.016612330916582
    vertex 47.56313269068102 225.6012183854061 6.1
  endloop
endfacet
facet normal -0.605881 0.794574 0.0395023
  outer loop
    vertex 44.56342845754681 221.7094000000001 0
    vertex 45.55324756124479 222.4085231123607 1.119117788909944
    vertex 45.8963567937897 222.7257889026842 0
  endloop
endfacet
facet normal -0.575122 0.818067 0
  outer loop
    vertex 44.56342845754632 221.7094 6.1
    vertex 45.53187374948619 222.390241853547 4.990001935459994
    vertex 44.56342845754632 221.7094 4.574999999999998
  endloop
endfacet
facet normal -0.99549 0.0948617 0
  outer loop
    vertex 47.7826439681075 227.2630123407873 0
    vertex 47.6674599629376 226.0542576464313 1.133355647486722
    vertex 47.7826439681075 227.2630123407873 1.525
  endloop
endfacet
facet normal -0.99609 0.0883424 0
  outer loop
    vertex 47.7826439681075 227.2630123407873 4.574999999999999
    vertex 47.68274789483457 226.136650714826 5.016612330916582
    vertex 47.7826439681075 227.2630123407873 6.1
  endloop
endfacet
facet normal -0.576919 0.816802 -1.06672e-13
  outer loop
    vertex 44.56342845754632 221.7094 1.524999999999996
    vertex 45.55324756124479 222.4085231123607 1.119117788909944
    vertex 44.56342845754681 221.7094000000001 0
  endloop
endfacet
facet normal -0.727792 0.685056 0.0318912
  outer loop
    vertex 46.55118403674118 223.4885993322616 4.657908376994236
    vertex 45.53187374948619 222.390241853547 4.990001935459994
    vertex 45.89635679378944 222.725788902684 6.1
  endloop
endfacet
facet normal -0.956646 0.289919 -0.0278292
  outer loop
    vertex 47.24902156202099 224.7045725964061 1.456691012866631
    vertex 47.6674599629376 226.0542576464313 1.133355647486722
    vertex 47.56313269068105 225.6012183854062 0
  endloop
endfacet
facet normal -0.909055 0.41645 0.0137258
  outer loop
    vertex 47.25906669343772 224.727730117203 4.65566571655331
    vertex 47.40695802121602 225.1025401263122 3.078461146319449
    vertex 46.95219961881656 224.1102278804008 3.067427893009175
  endloop
endfacet
facet normal -0.733533 0.679644 -0.00363246
  outer loop
    vertex 45.56003449194616 222.4143621769435 3.816246861576025
    vertex 45.53187374948619 222.390241853547 4.990001935459994
    vertex 46.55118403674118 223.4885993322616 4.657908376994236
  endloop
endfacet
facet normal -0.954448 0.29822 0.0096662
  outer loop
    vertex 47.64637687826373 225.9493723481616 2.2875
    vertex 47.6674599629376 226.0542576464313 1.133355647486722
    vertex 47.24902156202099 224.7045725964061 1.456691012866631
  endloop
endfacet
facet normal -0.728397 0.684431 0.0314941
  outer loop
    vertex 45.59170137459444 222.441826205727 2.283530475545752
    vertex 46.25398665010042 223.112106358403 3.034327592213746
    vertex 46.58949433178984 223.5416269414742 1.459596792413992
  endloop
endfacet
facet normal -0.957962 0.28606 -0.0218463
  outer loop
    vertex 47.65376545113688 225.9851096273199 3.8125
    vertex 47.40695802121602 225.1025401263122 3.078461146319449
    vertex 47.25906669343772 224.727730117203 4.65566571655331
  endloop
endfacet
facet normal -0.959399 0.280168 0.032539
  outer loop
    vertex 47.56313269068102 225.6012183854061 6.1
    vertex 47.68274789483457 226.136650714826 5.016612330916582
    vertex 47.25906669343772 224.727730117203 4.65566571655331
  endloop
endfacet
facet normal -0.732765 0.679731 -0.0319564
  outer loop
    vertex 45.8963567937897 222.7257889026842 0
    vertex 45.55324756124479 222.4085231123607 1.119117788909944
    vertex 46.58949433178984 223.5416269414742 1.459596792413992
  endloop
endfacet
facet normal -0.956582 0.291145 -0.013617
  outer loop
    vertex 47.25906669343772 224.727730117203 4.65566571655331
    vertex 47.68274789483457 226.136650714826 5.016612330916582
    vertex 47.65376545113688 225.9851096273199 3.8125
  endloop
endfacet
facet normal -0.575974 0.817463 0.00297984
  outer loop
    vertex 44.56342845754632 221.7094 4.574999999999998
    vertex 45.53187374948619 222.390241853547 4.990001935459994
    vertex 45.56003449194616 222.4143621769435 3.816246861576025
  endloop
endfacet
facet normal -0.738698 0.674017 0.00511753
  outer loop
    vertex 46.58949433178984 223.5416269414742 1.459596792413992
    vertex 45.55324756124479 222.4085231123607 1.119117788909944
    vertex 45.59170137459444 222.441826205727 2.283530475545752
  endloop
endfacet
facet normal -0.995159 0.0978394 -0.00928749
  outer loop
    vertex 47.7826439681075 227.2630123407873 1.525
    vertex 47.6674599629376 226.0542576464313 1.133355647486722
    vertex 47.64637687826373 225.9493723481616 2.2875
  endloop
endfacet
facet normal -0.995582 0.0930988 0.0122464
  outer loop
    vertex 47.65376545113688 225.9851096273199 3.8125
    vertex 47.68274789483457 226.136650714826 5.016612330916582
    vertex 47.7826439681075 227.2630123407873 4.574999999999999
  endloop
endfacet
facet normal -0.962688 0.270607 -0.0016773
  outer loop
    vertex 47.64637687826373 225.9493723481616 2.2875
    vertex 47.40695802121602 225.1025401263122 3.078461146319449
    vertex 47.65376545113688 225.9851096273199 3.8125
  endloop
endfacet
facet normal -0.578075 0.815973 -0.00424699
  outer loop
    vertex 45.59170137459444 222.441826205727 2.283530475545752
    vertex 45.55324756124479 222.4085231123607 1.119117788909944
    vertex 44.56342845754632 221.7094 1.524999999999996
  endloop
endfacet
facet normal -0.710181 0.704016 -0.00205787
  outer loop
    vertex 45.56003449194616 222.4143621769435 3.816246861576025
    vertex 46.25398665010042 223.112106358403 3.034327592213746
    vertex 45.59170137459444 222.441826205727 2.283530475545752
  endloop
endfacet
facet normal -0.754606 -0.656179 0
  outer loop
    vertex -48 221.7094 5.324999999999999
    vertex -48 221.7094 7.1
    vertex -49.16085844994618 223.0443872174381 5.768750000000001
  endloop
endfacet
facet normal -0.754606 -0.656179 -0
  outer loop
    vertex -50 224.0094 1.775
    vertex -50 224.0094 0
    vertex -48.83914155005382 222.6744127825619 1.33125
  endloop
endfacet
facet normal -0.754606 -0.656179 2.38047e-15
  outer loop
    vertex -49 222.8594 0
    vertex -48 221.7094 0
    vertex -48.83914155005382 222.6744127825619 1.33125
  endloop
endfacet
facet normal -0.754606 -0.656179 2.38047e-15
  outer loop
    vertex -49 222.8594 7.1
    vertex -50 224.0094 7.1
    vertex -49.16085844994618 223.0443872174381 5.768750000000001
  endloop
endfacet
facet normal -0.754606 -0.656179 0
  outer loop
    vertex -48 221.7094 0
    vertex -48 221.7094 1.775
    vertex -48.83914155005382 222.6744127825619 1.33125
  endloop
endfacet
facet normal -0.754606 -0.656179 -0
  outer loop
    vertex -50 224.0094 7.1
    vertex -50 224.0094 5.324999999999999
    vertex -49.16085844994618 223.0443872174381 5.768750000000001
  endloop
endfacet
facet normal -0.754606 -0.656179 0
  outer loop
    vertex -48 221.7094 1.775
    vertex -48 221.7094 3.55
    vertex -48.97319025834231 222.8285687970937 2.736458333333333
  endloop
endfacet
facet normal -0.754606 -0.656179 0
  outer loop
    vertex -48 221.7094 3.55
    vertex -48 221.7094 5.324999999999999
    vertex -49.02234145138141 222.8850926690886 4.375868055555555
  endloop
endfacet
facet normal -0.754606 -0.656179 -0
  outer loop
    vertex -50 224.0094 3.55
    vertex -50 224.0094 1.775
    vertex -48.97319025834231 222.8285687970937 2.736458333333333
  endloop
endfacet
facet normal -0.754606 -0.656179 -0
  outer loop
    vertex -50 224.0094 5.324999999999999
    vertex -50 224.0094 3.55
    vertex -49.02234145138141 222.8850926690886 4.375868055555555
  endloop
endfacet
facet normal -0.754606 -0.656179 -7.99857e-15
  outer loop
    vertex -48.97319025834231 222.8285687970937 2.736458333333333
    vertex -48 221.7094 3.55
    vertex -49.02234145138141 222.8850926690886 4.375868055555555
  endloop
endfacet
facet normal -0.754606 -0.656179 -8.15668e-15
  outer loop
    vertex -50 224.0094 3.55
    vertex -48.97319025834231 222.8285687970937 2.736458333333333
    vertex -49.02234145138141 222.8850926690886 4.375868055555555
  endloop
endfacet
facet normal -0.754606 -0.656179 9.2699e-16
  outer loop
    vertex -48.97319025834231 222.8285687970937 2.736458333333333
    vertex -50 224.0094 1.775
    vertex -48.83914155005382 222.6744127825619 1.33125
  endloop
endfacet
facet normal -0.754606 -0.656179 4.76546e-15
  outer loop
    vertex -49.02234145138141 222.8850926690886 4.375868055555555
    vertex -48 221.7094 5.324999999999999
    vertex -49.16085844994618 223.0443872174381 5.768750000000001
  endloop
endfacet
facet normal -0.754606 -0.656179 2.35257e-16
  outer loop
    vertex -48 221.7094 1.775
    vertex -48.97319025834231 222.8285687970937 2.736458333333333
    vertex -48.83914155005382 222.6744127825619 1.33125
  endloop
endfacet
facet normal -0.754606 -0.656179 3.73048e-15
  outer loop
    vertex -50 224.0094 5.324999999999999
    vertex -49.02234145138141 222.8850926690886 4.375868055555555
    vertex -49.16085844994618 223.0443872174381 5.768750000000001
  endloop
endfacet
facet normal -0.754606 -0.656179 2.40783e-15
  outer loop
    vertex -48 221.7094 7.1
    vertex -49 222.8594 7.1
    vertex -49.16085844994618 223.0443872174381 5.768750000000001
  endloop
endfacet
facet normal -0.754606 -0.656179 2.40783e-15
  outer loop
    vertex -50 224.0094 0
    vertex -49 222.8594 0
    vertex -48.83914155005382 222.6744127825619 1.33125
  endloop
endfacet
facet normal 0.688749 0.724999 0
  outer loop
    vertex 48.66666666666666 235.7760666666667 0
    vertex 47.33333333333334 237.0427333333333 0
    vertex 48 236.4094 1.59269164205336
  endloop
endfacet
facet normal 0.688749 0.724999 0
  outer loop
    vertex 47.33333333333334 237.0427333333333 7.1
    vertex 48.66666666666666 235.7760666666667 7.1
    vertex 48 236.4094 5.476034418800602
  endloop
endfacet
facet normal 0.688749 0.724999 0
  outer loop
    vertex 47.02526210200594 237.3354010030944 4.373757356360651
    vertex 48 236.4094 5.476034418800602
    vertex 48 236.4094 3.487600857387188
  endloop
endfacet
facet normal 0.688749 0.724999 0
  outer loop
    vertex 48 236.4094 5.476034418800602
    vertex 48.97473789799406 235.4833989969056 4.373757356360651
    vertex 48 236.4094 3.487600857387188
  endloop
endfacet
facet normal 0.688749 0.724999 0
  outer loop
    vertex 50 234.5094 5.324999999999999
    vertex 50 234.5094 3.55
    vertex 48.97473789799406 235.4833989969056 4.373757356360651
  endloop
endfacet
facet normal 0.688749 0.724999 -0
  outer loop
    vertex 46 238.3094 3.55
    vertex 46 238.3094 5.324999999999999
    vertex 47.02526210200594 237.3354010030944 4.373757356360651
  endloop
endfacet
facet normal 0.688749 0.724999 0
  outer loop
    vertex 50 234.5094 3.55
    vertex 50 234.5094 1.775
    vertex 48.96419436515301 235.4934153531046 2.665213476617358
  endloop
endfacet
facet normal 0.688749 0.724999 -0
  outer loop
    vertex 46 238.3094 1.775
    vertex 46 238.3094 3.55
    vertex 47.03580563484699 237.3253846468954 2.665213476617357
  endloop
endfacet
facet normal 0.688749 0.724999 2.85507e-15
  outer loop
    vertex 48.66666666666666 235.7760666666667 7.1
    vertex 50 234.5094 7.1
    vertex 49.06317751237029 235.3993813632482 5.810201106734342
  endloop
endfacet
facet normal 0.688749 0.724999 -2.80827e-15
  outer loop
    vertex 46 238.3094 7.1
    vertex 47.33333333333334 237.0427333333333 7.1
    vertex 46.93682248762971 237.4194186367518 5.810201106734342
  endloop
endfacet
facet normal 0.688749 0.724999 0
  outer loop
    vertex 50 234.5094 7.1
    vertex 50 234.5094 5.324999999999999
    vertex 49.06317751237029 235.3993813632482 5.810201106734342
  endloop
endfacet
facet normal 0.688749 0.724999 -0
  outer loop
    vertex 46 238.3094 5.324999999999999
    vertex 46 238.3094 7.1
    vertex 46.93682248762971 237.4194186367518 5.810201106734342
  endloop
endfacet
facet normal 0.688749 0.724999 -0
  outer loop
    vertex 48 236.4094 1.59269164205336
    vertex 47.03580563484699 237.3253846468954 2.665213476617357
    vertex 48 236.4094 3.487600857387188
  endloop
endfacet
facet normal 0.688749 0.724999 0
  outer loop
    vertex 48.96419436515301 235.4934153531046 2.665213476617358
    vertex 48 236.4094 1.59269164205336
    vertex 48 236.4094 3.487600857387188
  endloop
endfacet
facet normal 0.688749 0.724999 3.65787e-16
  outer loop
    vertex 50 234.5094 3.55
    vertex 48.96419436515301 235.4934153531046 2.665213476617358
    vertex 48.97473789799406 235.4833989969056 4.373757356360651
  endloop
endfacet
facet normal 0.688749 0.724999 -3.3078e-16
  outer loop
    vertex 47.03580563484699 237.3253846468954 2.665213476617357
    vertex 46 238.3094 3.55
    vertex 47.02526210200594 237.3354010030944 4.373757356360651
  endloop
endfacet
facet normal 0.688749 0.724999 5.00326e-16
  outer loop
    vertex 50 234.5094 0
    vertex 48.66666666666666 235.7760666666667 0
    vertex 49.12617220636393 235.3395364039543 1.206581023734143
  endloop
endfacet
facet normal 0.688749 0.724999 -5.00326e-16
  outer loop
    vertex 47.33333333333334 237.0427333333333 0
    vertex 46 238.3094 0
    vertex 46.87382779363607 237.4792635960457 1.206581023734143
  endloop
endfacet
facet normal 0.688749 0.724999 0
  outer loop
    vertex 50 234.5094 1.775
    vertex 50 234.5094 0
    vertex 49.12617220636393 235.3395364039543 1.206581023734143
  endloop
endfacet
facet normal 0.688749 0.724999 -0
  outer loop
    vertex 46 238.3094 0
    vertex 46 238.3094 1.775
    vertex 46.87382779363607 237.4792635960457 1.206581023734143
  endloop
endfacet
facet normal 0.688749 0.724999 -2.44542e-16
  outer loop
    vertex 47.03580563484699 237.3253846468954 2.665213476617357
    vertex 47.02526210200594 237.3354010030944 4.373757356360651
    vertex 48 236.4094 3.487600857387188
  endloop
endfacet
facet normal 0.688749 0.724999 2.44542e-16
  outer loop
    vertex 48.97473789799406 235.4833989969056 4.373757356360651
    vertex 48.96419436515301 235.4934153531046 2.665213476617358
    vertex 48 236.4094 3.487600857387188
  endloop
endfacet
facet normal 0.688749 0.724999 -2.61975e-15
  outer loop
    vertex 48 236.4094 1.59269164205336
    vertex 47.33333333333334 237.0427333333333 0
    vertex 46.87382779363607 237.4792635960457 1.206581023734143
  endloop
endfacet
facet normal 0.688749 0.724999 2.61975e-15
  outer loop
    vertex 48.66666666666666 235.7760666666667 0
    vertex 48 236.4094 1.59269164205336
    vertex 49.12617220636393 235.3395364039543 1.206581023734143
  endloop
endfacet
facet normal 0.688749 0.724999 4.54968e-16
  outer loop
    vertex 47.33333333333334 237.0427333333333 7.1
    vertex 48 236.4094 5.476034418800602
    vertex 46.93682248762971 237.4194186367518 5.810201106734342
  endloop
endfacet
facet normal 0.688749 0.724999 -4.28205e-16
  outer loop
    vertex 48 236.4094 5.476034418800602
    vertex 48.66666666666666 235.7760666666667 7.1
    vertex 49.06317751237029 235.3993813632482 5.810201106734342
  endloop
endfacet
facet normal 0.688749 0.724999 -1.03179e-14
  outer loop
    vertex 50 234.5094 5.324999999999999
    vertex 48.97473789799406 235.4833989969056 4.373757356360651
    vertex 49.06317751237029 235.3993813632482 5.810201106734342
  endloop
endfacet
facet normal 0.688749 0.724999 1.03179e-14
  outer loop
    vertex 47.02526210200594 237.3354010030944 4.373757356360651
    vertex 46 238.3094 5.324999999999999
    vertex 46.93682248762971 237.4194186367518 5.810201106734342
  endloop
endfacet
facet normal 0.688749 0.724999 6.52026e-15
  outer loop
    vertex 48 236.4094 1.59269164205336
    vertex 48.96419436515301 235.4934153531046 2.665213476617358
    vertex 49.12617220636393 235.3395364039543 1.206581023734143
  endloop
endfacet
facet normal 0.688749 0.724999 -6.55847e-15
  outer loop
    vertex 47.03580563484699 237.3253846468954 2.665213476617357
    vertex 48 236.4094 1.59269164205336
    vertex 46.87382779363607 237.4792635960457 1.206581023734143
  endloop
endfacet
facet normal 0.688749 0.724999 -9.93615e-15
  outer loop
    vertex 48.97473789799406 235.4833989969056 4.373757356360651
    vertex 48 236.4094 5.476034418800602
    vertex 49.06317751237029 235.3993813632482 5.810201106734342
  endloop
endfacet
facet normal 0.688749 0.724999 9.94287e-15
  outer loop
    vertex 48 236.4094 5.476034418800602
    vertex 47.02526210200594 237.3354010030944 4.373757356360651
    vertex 46.93682248762971 237.4194186367518 5.810201106734342
  endloop
endfacet
facet normal 0.688749 0.724999 -6.47856e-15
  outer loop
    vertex 46 238.3094 1.775
    vertex 47.03580563484699 237.3253846468954 2.665213476617357
    vertex 46.87382779363607 237.4792635960457 1.206581023734143
  endloop
endfacet
facet normal 0.688749 0.724999 6.47856e-15
  outer loop
    vertex 48.96419436515301 235.4934153531046 2.665213476617358
    vertex 50 234.5094 1.775
    vertex 49.12617220636393 235.3395364039543 1.206581023734143
  endloop
endfacet
facet normal -1 0 0
  outer loop
    vertex -50 226.9664037992366 3.562615854617245
    vertex -50 226.8265996955526 5.468016626932053
    vertex -50 228.4659566796624 4.129710900190908
  endloop
endfacet
facet normal -1 0 -0
  outer loop
    vertex -50 231.5520747451438 3.537533422614235
    vertex -50 231.692120027884 1.632004057138264
    vertex -50 230.0394325078627 2.968306268181917
  endloop
endfacet
facet normal -1 0 0
  outer loop
    vertex -50 227.5094 0
    vertex -50 225.7594 0
    vertex -50 226.8670890843324 1.640225695716402
  endloop
endfacet
facet normal -1 0 0
  outer loop
    vertex -50 231.0094 7.1
    vertex -50 232.7594 7.1
    vertex -50 231.651373662945 5.459777318187602
  endloop
endfacet
facet normal -1 0 0
  outer loop
    vertex -50 226.8265996955526 5.468016626932053
    vertex -50 228.6520797051461 5.711640219257029
    vertex -50 228.4659566796624 4.129710900190908
  endloop
endfacet
facet normal -1 -0 0
  outer loop
    vertex -50 231.692120027884 1.632004057138264
    vertex -50 229.8663729888134 1.388331047208555
    vertex -50 230.0394325078627 2.968306268181917
  endloop
endfacet
facet normal -1 0 0
  outer loop
    vertex -50 226.8670890843324 1.640225695716402
    vertex -50 225.7594 0
    vertex -50 225.3063903473987 1.303546821379017
  endloop
endfacet
facet normal -1 0 0
  outer loop
    vertex -50 231.651373662945 5.459777318187602
    vertex -50 232.7594 7.1
    vertex -50 233.2124096526013 5.796453178620985
  endloop
endfacet
facet normal -1 0 0
  outer loop
    vertex -50 226.9664037992366 3.562615854617245
    vertex -50 225.4892058350602 4.431990479733047
    vertex -50 226.8265996955526 5.468016626932053
  endloop
endfacet
facet normal -1 0 0
  outer loop
    vertex -50 231.5520747451438 3.537533422614235
    vertex -50 233.0295884105623 2.668019424772837
    vertex -50 231.692120027884 1.632004057138264
  endloop
endfacet
facet normal -1 0 0
  outer loop
    vertex -50 228.5965238628908 2.670810143937925
    vertex -50 228.4659566796624 4.129710900190908
    vertex -50 230.0394325078627 2.968306268181917
  endloop
endfacet
facet normal -1 0 0
  outer loop
    vertex -50 228.4659566796624 4.129710900190908
    vertex -50 229.9209390524096 4.429188020334383
    vertex -50 230.0394325078627 2.968306268181917
  endloop
endfacet
facet normal -1 0 0
  outer loop
    vertex -50 225.5033870499142 2.733259565384969
    vertex -50 225.4892058350602 4.431990479733047
    vertex -50 226.9664037992366 3.562615854617245
  endloop
endfacet
facet normal -1 0 -0
  outer loop
    vertex -50 233.0153452786063 4.366856911604247
    vertex -50 233.0295884105623 2.668019424772837
    vertex -50 231.5520747451438 3.537533422614235
  endloop
endfacet
facet normal -1 0 0
  outer loop
    vertex -50 225.5033870499142 2.733259565384969
    vertex -50 226.9664037992366 3.562615854617245
    vertex -50 226.8670890843324 1.640225695716402
  endloop
endfacet
facet normal -1 -0 0
  outer loop
    vertex -50 233.0153452786063 4.366856911604247
    vertex -50 231.5520747451438 3.537533422614235
    vertex -50 231.651373662945 5.459777318187602
  endloop
endfacet
facet normal -1 0 0
  outer loop
    vertex -50 226.8670890843324 1.640225695716402
    vertex -50 226.9664037992366 3.562615854617245
    vertex -50 228.5965238628908 2.670810143937925
  endloop
endfacet
facet normal -1 0 0
  outer loop
    vertex -50 225.5033870499142 2.733259565384969
    vertex -50 224.0094 3.55
    vertex -50 225.4892058350602 4.431990479733047
  endloop
endfacet
facet normal -1 0 0
  outer loop
    vertex -50 233.0153452786063 4.366856911604247
    vertex -50 234.5094 3.55
    vertex -50 233.0295884105623 2.668019424772837
  endloop
endfacet
facet normal -1 0 0
  outer loop
    vertex -50 231.651373662945 5.459777318187602
    vertex -50 231.5520747451438 3.537533422614235
    vertex -50 229.9209390524096 4.429188020334383
  endloop
endfacet
facet normal -1 0 0
  outer loop
    vertex -50 224.0094 1.775
    vertex -50 224.0094 3.55
    vertex -50 225.5033870499142 2.733259565384969
  endloop
endfacet
facet normal -1 0 -0
  outer loop
    vertex -50 234.5094 5.324999999999999
    vertex -50 234.5094 3.55
    vertex -50 233.0153452786063 4.366856911604247
  endloop
endfacet
facet normal -1 0 -0
  outer loop
    vertex -50 234.5094 3.55
    vertex -50 234.5094 1.775
    vertex -50 233.0295884105623 2.668019424772837
  endloop
endfacet
facet normal -1 0 0
  outer loop
    vertex -50 224.0094 3.55
    vertex -50 224.0094 5.324999999999999
    vertex -50 225.4892058350602 4.431990479733047
  endloop
endfacet
facet normal -1 0 0
  outer loop
    vertex -50 231.0094 0
    vertex -50 229.2594 0
    vertex -50 229.8663729888134 1.388331047208555
  endloop
endfacet
facet normal -1 0 0
  outer loop
    vertex -50 227.5094 7.1
    vertex -50 229.2594 7.1
    vertex -50 228.6520797051461 5.711640219257029
  endloop
endfacet
facet normal -1 0 -0
  outer loop
    vertex -50 228.5965238628908 2.670810143937925
    vertex -50 229.8663729888134 1.388331047208555
    vertex -50 228.4197571872073 1.139873377372577
  endloop
endfacet
facet normal -1 0 0
  outer loop
    vertex -50 229.9209390524096 4.429188020334383
    vertex -50 228.6520797051461 5.711640219257029
    vertex -50 230.0986384841001 5.960121111555804
  endloop
endfacet
facet normal -1 0 0
  outer loop
    vertex -50 232.7594 0
    vertex -50 231.0094 0
    vertex -50 231.692120027884 1.632004057138264
  endloop
endfacet
facet normal -1 0 0
  outer loop
    vertex -50 225.7594 7.1
    vertex -50 227.5094 7.1
    vertex -50 226.8265996955526 5.468016626932053
  endloop
endfacet
facet normal -1 0 0
  outer loop
    vertex -50 231.0094 0
    vertex -50 229.8663729888134 1.388331047208555
    vertex -50 231.692120027884 1.632004057138264
  endloop
endfacet
facet normal -1 0 -0
  outer loop
    vertex -50 227.5094 7.1
    vertex -50 228.6520797051461 5.711640219257029
    vertex -50 226.8265996955526 5.468016626932053
  endloop
endfacet
facet normal -1 0 0
  outer loop
    vertex -50 229.8663729888134 1.388331047208555
    vertex -50 228.5965238628908 2.670810143937925
    vertex -50 230.0394325078627 2.968306268181917
  endloop
endfacet
facet normal -1 0 -0
  outer loop
    vertex -50 228.6520797051461 5.711640219257029
    vertex -50 229.9209390524096 4.429188020334383
    vertex -50 228.4659566796624 4.129710900190908
  endloop
endfacet
facet normal -1 0 0
  outer loop
    vertex -50 224.0094 5.324999999999999
    vertex -50 224.0094 7.1
    vertex -50 225.3083530988134 5.794518071592453
  endloop
endfacet
facet normal -1 0 -0
  outer loop
    vertex -50 234.5094 1.775
    vertex -50 234.5094 0
    vertex -50 233.2104469011866 1.305481928407545
  endloop
endfacet
facet normal -1 0 0
  outer loop
    vertex -50 224.0094 7.1
    vertex -50 225.7594 7.1
    vertex -50 225.3083530988134 5.794518071592453
  endloop
endfacet
facet normal -1 0 0
  outer loop
    vertex -50 234.5094 0
    vertex -50 232.7594 0
    vertex -50 233.2104469011866 1.305481928407545
  endloop
endfacet
facet normal -1 0 -0
  outer loop
    vertex -50 234.5094 7.1
    vertex -50 234.5094 5.324999999999999
    vertex -50 233.2124096526013 5.796453178620985
  endloop
endfacet
facet normal -1 0 0
  outer loop
    vertex -50 224.0094 0
    vertex -50 224.0094 1.775
    vertex -50 225.3063903473987 1.303546821379017
  endloop
endfacet
facet normal -1 0 0
  outer loop
    vertex -50 225.7594 0
    vertex -50 224.0094 0
    vertex -50 225.3063903473987 1.303546821379017
  endloop
endfacet
facet normal -1 0 0
  outer loop
    vertex -50 232.7594 7.1
    vertex -50 234.5094 7.1
    vertex -50 233.2124096526013 5.796453178620985
  endloop
endfacet
facet normal -1 0 0
  outer loop
    vertex -50 233.0153452786063 4.366856911604247
    vertex -50 231.651373662945 5.459777318187602
    vertex -50 233.2124096526013 5.796453178620985
  endloop
endfacet
facet normal -1 0 -0
  outer loop
    vertex -50 225.5033870499142 2.733259565384969
    vertex -50 226.8670890843324 1.640225695716402
    vertex -50 225.3063903473987 1.303546821379017
  endloop
endfacet
facet normal -1 0 0
  outer loop
    vertex -50 229.8663729888134 1.388331047208555
    vertex -50 229.2594 0
    vertex -50 228.4197571872073 1.139873377372577
  endloop
endfacet
facet normal -1 0 0
  outer loop
    vertex -50 228.6520797051461 5.711640219257029
    vertex -50 229.2594 7.1
    vertex -50 230.0986384841001 5.960121111555804
  endloop
endfacet
facet normal -1 0 0
  outer loop
    vertex -50 227.5094 0
    vertex -50 226.8670890843324 1.640225695716402
    vertex -50 228.4197571872073 1.139873377372577
  endloop
endfacet
facet normal -1 0 -0
  outer loop
    vertex -50 231.0094 7.1
    vertex -50 231.651373662945 5.459777318187602
    vertex -50 230.0986384841001 5.960121111555804
  endloop
endfacet
facet normal -1 0 0
  outer loop
    vertex -50 229.2594 0
    vertex -50 227.5094 0
    vertex -50 228.4197571872073 1.139873377372577
  endloop
endfacet
facet normal -1 0 0
  outer loop
    vertex -50 229.2594 7.1
    vertex -50 231.0094 7.1
    vertex -50 230.0986384841001 5.960121111555804
  endloop
endfacet
facet normal -1 0 0
  outer loop
    vertex -50 226.8670890843324 1.640225695716402
    vertex -50 228.5965238628908 2.670810143937925
    vertex -50 228.4197571872073 1.139873377372577
  endloop
endfacet
facet normal -1 -0 0
  outer loop
    vertex -50 231.651373662945 5.459777318187602
    vertex -50 229.9209390524096 4.429188020334383
    vertex -50 230.0986384841001 5.960121111555804
  endloop
endfacet
facet normal -1 0 0
  outer loop
    vertex -50 228.5965238628908 2.670810143937925
    vertex -50 226.9664037992366 3.562615854617245
    vertex -50 228.4659566796624 4.129710900190908
  endloop
endfacet
facet normal -1 0 0
  outer loop
    vertex -50 229.9209390524096 4.429188020334383
    vertex -50 231.5520747451438 3.537533422614235
    vertex -50 230.0394325078627 2.968306268181917
  endloop
endfacet
facet normal -1 0 0
  outer loop
    vertex -50 232.7594 0
    vertex -50 231.692120027884 1.632004057138264
    vertex -50 233.2104469011866 1.305481928407545
  endloop
endfacet
facet normal -1 0 -0
  outer loop
    vertex -50 225.7594 7.1
    vertex -50 226.8265996955526 5.468016626932053
    vertex -50 225.3083530988134 5.794518071592453
  endloop
endfacet
facet normal -1 0 0
  outer loop
    vertex -50 233.0295884105623 2.668019424772837
    vertex -50 234.5094 1.775
    vertex -50 233.2104469011866 1.305481928407545
  endloop
endfacet
facet normal -1 0 0
  outer loop
    vertex -50 225.4892058350602 4.431990479733047
    vertex -50 224.0094 5.324999999999999
    vertex -50 225.3083530988134 5.794518071592453
  endloop
endfacet
facet normal -1 0 0
  outer loop
    vertex -50 224.0094 1.775
    vertex -50 225.5033870499142 2.733259565384969
    vertex -50 225.3063903473987 1.303546821379017
  endloop
endfacet
facet normal -1 -0 0
  outer loop
    vertex -50 234.5094 5.324999999999999
    vertex -50 233.0153452786063 4.366856911604247
    vertex -50 233.2124096526013 5.796453178620985
  endloop
endfacet
facet normal -1 -0 0
  outer loop
    vertex -50 226.8265996955526 5.468016626932053
    vertex -50 225.4892058350602 4.431990479733047
    vertex -50 225.3083530988134 5.794518071592453
  endloop
endfacet
facet normal -1 0 0
  outer loop
    vertex -50 231.692120027884 1.632004057138264
    vertex -50 233.0295884105623 2.668019424772837
    vertex -50 233.2104469011866 1.305481928407545
  endloop
endfacet
facet normal -0.688749 0.724999 0
  outer loop
    vertex -48.66666666666666 235.7760666666667 7.1
    vertex -47.33333333333334 237.0427333333333 7.1
    vertex -48 236.4094 5.50730835794664
  endloop
endfacet
facet normal -0.688749 0.724999 0
  outer loop
    vertex -47.33333333333334 237.0427333333333 0
    vertex -48.66666666666666 235.7760666666667 0
    vertex -48 236.4094 1.623965581199398
  endloop
endfacet
facet normal -0.688749 0.724999 0
  outer loop
    vertex -47.02526210200594 237.3354010030944 2.726242643639348
    vertex -48 236.4094 1.623965581199398
    vertex -48 236.4094 3.612399142612811
  endloop
endfacet
facet normal -0.688749 0.724999 0
  outer loop
    vertex -48 236.4094 1.623965581199398
    vertex -48.97473789799406 235.4833989969056 2.726242643639348
    vertex -48 236.4094 3.612399142612811
  endloop
endfacet
facet normal -0.688749 0.724999 0
  outer loop
    vertex -46 238.3094 3.55
    vertex -46 238.3094 1.775
    vertex -47.02526210200594 237.3354010030944 2.726242643639348
  endloop
endfacet
facet normal -0.688749 0.724999 0
  outer loop
    vertex -50 234.5094 1.775
    vertex -50 234.5094 3.55
    vertex -48.97473789799406 235.4833989969056 2.726242643639348
  endloop
endfacet
facet normal -0.688749 0.724999 0
  outer loop
    vertex -50 234.5094 3.55
    vertex -50 234.5094 5.324999999999999
    vertex -48.96419436515301 235.4934153531046 4.434786523382642
  endloop
endfacet
facet normal -0.688749 0.724999 0
  outer loop
    vertex -46 238.3094 5.324999999999999
    vertex -46 238.3094 3.55
    vertex -47.03580563484699 237.3253846468954 4.434786523382642
  endloop
endfacet
facet normal -0.688749 0.724999 -2.85507e-15
  outer loop
    vertex -48.66666666666666 235.7760666666667 0
    vertex -50 234.5094 0
    vertex -49.06317751237029 235.3993813632482 1.289798893265658
  endloop
endfacet
facet normal -0.688749 0.724999 2.80827e-15
  outer loop
    vertex -46 238.3094 0
    vertex -47.33333333333334 237.0427333333333 0
    vertex -46.93682248762971 237.4194186367518 1.289798893265658
  endloop
endfacet
facet normal -0.688749 0.724999 0
  outer loop
    vertex -50 234.5094 0
    vertex -50 234.5094 1.775
    vertex -49.06317751237029 235.3993813632482 1.289798893265658
  endloop
endfacet
facet normal -0.688749 0.724999 0
  outer loop
    vertex -46 238.3094 1.775
    vertex -46 238.3094 0
    vertex -46.93682248762971 237.4194186367518 1.289798893265658
  endloop
endfacet
facet normal -0.688749 0.724999 0
  outer loop
    vertex -48 236.4094 5.50730835794664
    vertex -47.03580563484699 237.3253846468954 4.434786523382642
    vertex -48 236.4094 3.612399142612811
  endloop
endfacet
facet normal -0.688749 0.724999 0
  outer loop
    vertex -48.96419436515301 235.4934153531046 4.434786523382642
    vertex -48 236.4094 5.50730835794664
    vertex -48 236.4094 3.612399142612811
  endloop
endfacet
facet normal -0.688749 0.724999 3.3078e-16
  outer loop
    vertex -47.03580563484699 237.3253846468954 4.434786523382642
    vertex -46 238.3094 3.55
    vertex -47.02526210200594 237.3354010030944 2.726242643639348
  endloop
endfacet
facet normal -0.688749 0.724999 -3.65787e-16
  outer loop
    vertex -50 234.5094 3.55
    vertex -48.96419436515301 235.4934153531046 4.434786523382642
    vertex -48.97473789799406 235.4833989969056 2.726242643639348
  endloop
endfacet
facet normal -0.688749 0.724999 5.00326e-16
  outer loop
    vertex -47.33333333333334 237.0427333333333 7.1
    vertex -46 238.3094 7.1
    vertex -46.87382779363607 237.4792635960457 5.893418976265856
  endloop
endfacet
facet normal -0.688749 0.724999 -5.00326e-16
  outer loop
    vertex -50 234.5094 7.1
    vertex -48.66666666666666 235.7760666666667 7.1
    vertex -49.12617220636393 235.3395364039543 5.893418976265856
  endloop
endfacet
facet normal -0.688749 0.724999 0
  outer loop
    vertex -46 238.3094 7.1
    vertex -46 238.3094 5.324999999999999
    vertex -46.87382779363607 237.4792635960457 5.893418976265856
  endloop
endfacet
facet normal -0.688749 0.724999 0
  outer loop
    vertex -50 234.5094 5.324999999999999
    vertex -50 234.5094 7.1
    vertex -49.12617220636393 235.3395364039543 5.893418976265856
  endloop
endfacet
facet normal -0.688749 0.724999 -2.44542e-16
  outer loop
    vertex -48.97473789799406 235.4833989969056 2.726242643639348
    vertex -48.96419436515301 235.4934153531046 4.434786523382642
    vertex -48 236.4094 3.612399142612811
  endloop
endfacet
facet normal -0.688749 0.724999 2.44542e-16
  outer loop
    vertex -47.03580563484699 237.3253846468954 4.434786523382642
    vertex -47.02526210200594 237.3354010030944 2.726242643639348
    vertex -48 236.4094 3.612399142612811
  endloop
endfacet
facet normal -0.688749 0.724999 2.61975e-15
  outer loop
    vertex -48 236.4094 5.50730835794664
    vertex -47.33333333333334 237.0427333333333 7.1
    vertex -46.87382779363607 237.4792635960457 5.893418976265856
  endloop
endfacet
facet normal -0.688749 0.724999 -2.61975e-15
  outer loop
    vertex -48.66666666666666 235.7760666666667 7.1
    vertex -48 236.4094 5.50730835794664
    vertex -49.12617220636393 235.3395364039543 5.893418976265856
  endloop
endfacet
facet normal -0.688749 0.724999 -4.54968e-16
  outer loop
    vertex -47.33333333333334 237.0427333333333 0
    vertex -48 236.4094 1.623965581199398
    vertex -46.93682248762971 237.4194186367518 1.289798893265658
  endloop
endfacet
facet normal -0.688749 0.724999 4.28205e-16
  outer loop
    vertex -48 236.4094 1.623965581199398
    vertex -48.66666666666666 235.7760666666667 0
    vertex -49.06317751237029 235.3993813632482 1.289798893265658
  endloop
endfacet
facet normal -0.688749 0.724999 1.03179e-14
  outer loop
    vertex -50 234.5094 1.775
    vertex -48.97473789799406 235.4833989969056 2.726242643639348
    vertex -49.06317751237029 235.3993813632482 1.289798893265658
  endloop
endfacet
facet normal -0.688749 0.724999 -1.03179e-14
  outer loop
    vertex -47.02526210200594 237.3354010030944 2.726242643639348
    vertex -46 238.3094 1.775
    vertex -46.93682248762971 237.4194186367518 1.289798893265658
  endloop
endfacet
facet normal -0.688749 0.724999 -6.52026e-15
  outer loop
    vertex -48 236.4094 5.50730835794664
    vertex -48.96419436515301 235.4934153531046 4.434786523382642
    vertex -49.12617220636393 235.3395364039543 5.893418976265856
  endloop
endfacet
facet normal -0.688749 0.724999 6.55847e-15
  outer loop
    vertex -47.03580563484699 237.3253846468954 4.434786523382642
    vertex -48 236.4094 5.50730835794664
    vertex -46.87382779363607 237.4792635960457 5.893418976265856
  endloop
endfacet
facet normal -0.688749 0.724999 9.93615e-15
  outer loop
    vertex -48.97473789799406 235.4833989969056 2.726242643639348
    vertex -48 236.4094 1.623965581199398
    vertex -49.06317751237029 235.3993813632482 1.289798893265658
  endloop
endfacet
facet normal -0.688749 0.724999 -9.94287e-15
  outer loop
    vertex -48 236.4094 1.623965581199398
    vertex -47.02526210200594 237.3354010030944 2.726242643639348
    vertex -46.93682248762971 237.4194186367518 1.289798893265658
  endloop
endfacet
facet normal -0.688749 0.724999 -6.47856e-15
  outer loop
    vertex -48.96419436515301 235.4934153531046 4.434786523382642
    vertex -50 234.5094 5.324999999999999
    vertex -49.12617220636393 235.3395364039543 5.893418976265856
  endloop
endfacet
facet normal -0.688749 0.724999 6.47856e-15
  outer loop
    vertex -46 238.3094 5.324999999999999
    vertex -47.03580563484699 237.3253846468954 4.434786523382642
    vertex -46.87382779363607 237.4792635960457 5.893418976265856
  endloop
endfacet
facet normal 0 1 -0
  outer loop
    vertex 41.89029713421866 238.3094 3.549084805720167
    vertex 40.97880902008492 238.3094 5.3156057637347
    vertex 42.97623707702679 238.3094 5.349394515363211
  endloop
endfacet
facet normal 0 1 0
  outer loop
    vertex 28.99112355272997 238.3094 1.798670686444906
    vertex 27.00262254860912 238.3094 1.78728138914082
    vertex 27.99237569378825 238.3094 3.570913479361535
  endloop
endfacet
facet normal -0 1 0
  outer loop
    vertex -42 238.3094 7.1
    vertex -40 238.3094 7.1
    vertex -41.01413452485859 238.3094 5.194764415747761
  endloop
endfacet
facet normal 0 1 0
  outer loop
    vertex 40.97880902008492 238.3094 5.3156057637347
    vertex 41.89029713421866 238.3094 3.549084805720167
    vertex 39.98817690676604 238.3094 3.509595669378814
  endloop
endfacet
facet normal -0 1 0
  outer loop
    vertex 6 238.3094 7.1
    vertex 8 238.3094 7.1
    vertex 6.953547544737454 238.3094 5.230098038876099
  endloop
endfacet
facet normal 0 1 0
  outer loop
    vertex -14.99231176113896 238.3094 5.340212368901892
    vertex -13.00452593302354 238.3094 5.32289648178479
    vertex -13.99824754111199 238.3094 3.505833425014003
  endloop
endfacet
facet normal 0 1 0
  outer loop
    vertex -30.99425790993041 238.3094 5.337036360716871
    vertex -29.00485029115544 238.3094 5.322311099983947
    vertex -29.99968003081017 238.3094 3.504899780030605
  endloop
endfacet
facet normal 0 1 0
  outer loop
    vertex -17.95009199095544 238.3094 3.608856301264624
    vertex -16.97889550093358 238.3094 1.790728361136226
    vertex -18.98013660275706 238.3094 1.781608727442862
  endloop
endfacet
facet normal 0 1 -0
  outer loop
    vertex 29.98466565928563 238.3094 3.572514783267812
    vertex 28.98364045428476 238.3094 5.345904772818746
    vertex 30.98636162569084 238.3094 5.338919470037458
  endloop
endfacet
facet normal 0 1 0
  outer loop
    vertex 16.99775596110895 238.3094 5.333914460602725
    vertex 18.99230576503453 238.3094 5.319449609300651
    vertex 17.98712656985663 238.3094 3.480883688873073
  endloop
endfacet
facet normal 0 1 0
  outer loop
    vertex -1.007636599385087 238.3094 1.780795973958182
    vertex -3.002244038891064 238.3094 1.766085539397269
    vertex -2.012841308416057 238.3094 3.619218326846382
  endloop
endfacet
facet normal 0 1 0
  outer loop
    vertex -14.98972198364773 238.3094 1.771017322429039
    vertex -16.97889550093358 238.3094 1.790728361136226
    vertex -15.98136110575551 238.3094 3.562304176496531
  endloop
endfacet
facet normal 0 1 0
  outer loop
    vertex -30.99262066282634 238.3094 1.769838636701135
    vertex -32.98461068325658 238.3094 1.789695836061028
    vertex -31.9819639201958 238.3094 3.581315172220547
  endloop
endfacet
facet normal 0 1 0
  outer loop
    vertex 38.99597101288109 238.3094 5.331623223164002
    vertex 40.97880902008492 238.3094 5.3156057637347
    vertex 39.98817690676604 238.3094 3.509595669378814
  endloop
endfacet
facet normal 0 1 0
  outer loop
    vertex -33.97361243611424 238.3094 3.587072196094809
    vertex -32.98461068325658 238.3094 1.789695836061028
    vertex -34.98950022003277 238.3094 1.777120033729908
  endloop
endfacet
facet normal 0 1 0
  outer loop
    vertex -7.999526714785794 238.3094 3.484755526216428
    vertex -6.997160288714788 238.3094 5.31232470929445
    vertex -5.993420513371404 238.3094 3.491920628907348
  endloop
endfacet
facet normal 0 1 0
  outer loop
    vertex 4 238.3094 0
    vertex 2 238.3094 0
    vertex 2.999748254954753 238.3094 1.845683684504366
  endloop
endfacet
facet normal 0 1 -0
  outer loop
    vertex 13.0028397112852 238.3094 1.788334404641287
    vertex 11.99590685405522 238.3094 3.614009759161355
    vertex 14.00516606746034 238.3094 3.60760680475077
  endloop
endfacet
facet normal 0 1 0
  outer loop
    vertex 38 238.3094 0
    vertex 36 238.3094 0
    vertex 36.99960977020304 238.3094 1.8204040984679
  endloop
endfacet
facet normal 0 1 0
  outer loop
    vertex 12 238.3094 0
    vertex 10 238.3094 0
    vertex 10.99862814127487 238.3094 1.825909512308491
  endloop
endfacet
facet normal -0 1 0
  outer loop
    vertex 22 238.3094 7.1
    vertex 24 238.3094 7.1
    vertex 22.99986469218607 238.3094 5.278126321676027
  endloop
endfacet
facet normal -0 1 0
  outer loop
    vertex -26 238.3094 7.1
    vertex -24 238.3094 7.1
    vertex -24.99985618528075 238.3094 5.278133518087007
  endloop
endfacet
facet normal 0 1 0
  outer loop
    vertex -18.9771128215443 238.3094 5.344721001397152
    vertex -19.96686887702268 238.3094 3.536332222536794
    vertex -20.98650569135515 238.3094 5.333628561998188
  endloop
endfacet
facet normal 0 1 0
  outer loop
    vertex 32.9826863564778 238.3094 1.778946400256499
    vertex 30.97711282154434 238.3094 1.755278998602903
    vertex 31.96490039294393 238.3094 3.568832743857728
  endloop
endfacet
facet normal -0 1 0
  outer loop
    vertex -10 238.3094 7.1
    vertex -8 238.3094 7.1
    vertex -9.000026601706878 238.3094 5.276505140678483
  endloop
endfacet
facet normal 0 1 0
  outer loop
    vertex 10 238.3094 7.1
    vertex 10.97651549689666 238.3094 5.354390408242621
    vertex 8.942192017193534 238.3094 5.299161116319153
  endloop
endfacet
facet normal 0 1 -0
  outer loop
    vertex -16.97889550093358 238.3094 1.790728361136226
    vertex -17.95009199095544 238.3094 3.608856301264624
    vertex -15.98136110575551 238.3094 3.562304176496531
  endloop
endfacet
facet normal 0 1 -0
  outer loop
    vertex -32.98461068325658 238.3094 1.789695836061028
    vertex -33.97361243611424 238.3094 3.587072196094809
    vertex -31.9819639201958 238.3094 3.581315172220547
  endloop
endfacet
facet normal 0 1 0
  outer loop
    vertex -40.02888630870591 238.3094 3.447431094036867
    vertex -39.00602005466585 238.3094 5.309807391839326
    vertex -38.00323269821656 238.3094 3.510737583962106
  endloop
endfacet
facet normal 0 1 0
  outer loop
    vertex -40 238.3094 7.1
    vertex -39.00602005466585 238.3094 5.309807391839326
    vertex -41.01413452485859 238.3094 5.194764415747761
  endloop
endfacet
facet normal 0 1 0
  outer loop
    vertex -20.98496324763067 238.3094 1.753735479719527
    vertex -22.99192804048607 238.3094 1.760082384993682
    vertex -21.97650128185236 238.3094 3.569051653394959
  endloop
endfacet
facet normal 0 1 0
  outer loop
    vertex 20.99305560597493 238.3094 1.759128521701738
    vertex 18.99172864056359 238.3094 1.74801229996797
    vertex 19.97376061329101 238.3094 3.588206645259595
  endloop
endfacet
facet normal -0 1 0
  outer loop
    vertex -6 238.3094 7.1
    vertex -4 238.3094 7.1
    vertex -4.974769211229528 238.3094 5.244957603357379
  endloop
endfacet
facet normal 0 1 0
  outer loop
    vertex 16 238.3094 0
    vertex 14 238.3094 0
    vertex 15.02516946800272 238.3094 1.85505048995417
  endloop
endfacet
facet normal 0 1 -0
  outer loop
    vertex 33.97727965911254 238.3094 3.533862625396016
    vertex 32.98496324763072 238.3094 5.346264520280476
    vertex 34.99345300320313 238.3094 5.345028044764275
  endloop
endfacet
facet normal 0 1 -0
  outer loop
    vertex -0.02589357322663943 238.3094 3.513266854293494
    vertex -1.008271359436414 238.3094 5.351987700032026
    vertex 0.9940538963155348 238.3094 5.342666522257879
  endloop
endfacet
facet normal 0 1 0
  outer loop
    vertex 25.99796887334376 238.3094 3.564590750263529
    vertex 27.00262254860912 238.3094 1.78728138914082
    vertex 25.00033216569619 238.3094 1.760332461810057
  endloop
endfacet
facet normal 0 1 0
  outer loop
    vertex -13.005565834119 238.3094 1.751544226610685
    vertex -12.033395004714 238.3094 3.61060640753578
    vertex -11.00684140956364 238.3094 1.7630654940675
  endloop
endfacet
facet normal 0 1 0
  outer loop
    vertex -29.00556583411898 238.3094 1.751544226610724
    vertex -28.0333950047139 238.3094 3.61060640753576
    vertex -27.00672657329682 238.3094 1.762045963191949
  endloop
endfacet
facet normal 0 1 -0
  outer loop
    vertex 27.00262254860912 238.3094 1.78728138914082
    vertex 25.99796887334376 238.3094 3.564590750263529
    vertex 27.99237569378825 238.3094 3.570913479361535
  endloop
endfacet
facet normal 0 1 0
  outer loop
    vertex -38.00323269821656 238.3094 3.510737583962106
    vertex -36.9966618328295 238.3094 1.7571007506423
    vertex -39.00836859135737 238.3094 1.742069695859715
  endloop
endfacet
facet normal -0 1 0
  outer loop
    vertex -19.96686887702268 238.3094 3.536332222536794
    vertex -17.95009199095544 238.3094 3.608856301264624
    vertex -18.98013660275706 238.3094 1.781608727442862
  endloop
endfacet
facet normal 0 1 0
  outer loop
    vertex 31.96490039294393 238.3094 3.568832743857728
    vertex 29.98466565928563 238.3094 3.572514783267812
    vertex 30.98636162569084 238.3094 5.338919470037458
  endloop
endfacet
facet normal 0 1 0
  outer loop
    vertex -34.98499001662745 238.3094 5.337109189096331
    vertex -35.98211636799633 238.3094 3.528851419581313
    vertex -36.99605985625102 238.3094 5.314417597413178
  endloop
endfacet
facet normal 0 1 0
  outer loop
    vertex -39.00602005466585 238.3094 5.309807391839326
    vertex -40.02888630870591 238.3094 3.447431094036867
    vertex -41.01413452485859 238.3094 5.194764415747761
  endloop
endfacet
facet normal 0 1 -0
  outer loop
    vertex -5.993420513371404 238.3094 3.491920628907348
    vertex -6.997160288714788 238.3094 5.31232470929445
    vertex -4.974769211229528 238.3094 5.244957603357379
  endloop
endfacet
facet normal 0 1 0
  outer loop
    vertex -11.00144883228838 238.3094 5.35200277728049
    vertex -10.00208761854886 238.3094 3.484191522689661
    vertex -12.033395004714 238.3094 3.61060640753578
  endloop
endfacet
facet normal 0 1 0
  outer loop
    vertex 35.99847511247553 238.3094 3.622091930478035
    vertex 34.99855116771163 238.3094 1.748333505339783
    vertex 33.97727965911254 238.3094 3.533862625396016
  endloop
endfacet
facet normal 0 1 0
  outer loop
    vertex 24.00140157222429 238.3094 3.478071823887113
    vertex 25.00144883228837 238.3094 5.351666494660217
    vertex 25.99796887334376 238.3094 3.564590750263529
  endloop
endfacet
facet normal 0 1 0
  outer loop
    vertex 13.0028397112852 238.3094 1.788334404641287
    vertex 14.00516606746034 238.3094 3.60760680475077
    vertex 15.02516946800272 238.3094 1.85505048995417
  endloop
endfacet
facet normal 0 1 0
  outer loop
    vertex 1.998488310556269 238.3094 3.622795386790626
    vertex 0.9985511677116321 238.3094 1.748333505339786
    vertex -0.02589357322663943 238.3094 3.513266854293494
  endloop
endfacet
facet normal 0 1 0
  outer loop
    vertex 9.991178653656881 238.3094 3.617728048744822
    vertex 8.998551167711632 238.3094 1.748333505339783
    vertex 7.959038692910923 238.3094 3.500749858224463
  endloop
endfacet
facet normal 0 1 0
  outer loop
    vertex 20.99855116771163 238.3094 5.351666494660219
    vertex 21.99746184213875 238.3094 3.484090474375153
    vertex 19.97376061329101 238.3094 3.588206645259595
  endloop
endfacet
facet normal 0 1 0
  outer loop
    vertex -27.00144883228835 238.3094 5.351666494660209
    vertex -26.00139860094799 238.3094 3.478074337436331
    vertex -28.0333950047139 238.3094 3.61060640753576
  endloop
endfacet
facet normal 0 1 0
  outer loop
    vertex -23.99739335541071 238.3094 3.484148410678115
    vertex -22.99855116771161 238.3094 5.351666494660229
    vertex -21.97650128185236 238.3094 3.569051653394959
  endloop
endfacet
facet normal -0 1 0
  outer loop
    vertex -35.98211636799633 238.3094 3.528851419581313
    vertex -33.97361243611424 238.3094 3.587072196094809
    vertex -34.98950022003277 238.3094 1.777120033729908
  endloop
endfacet
facet normal 0 1 0
  outer loop
    vertex -19.96686887702268 238.3094 3.536332222536794
    vertex -21.97650128185236 238.3094 3.569051653394959
    vertex -20.98650569135515 238.3094 5.333628561998188
  endloop
endfacet
facet normal 0 1 0
  outer loop
    vertex 33.97727965911254 238.3094 3.533862625396016
    vertex 32.9826863564778 238.3094 1.778946400256499
    vertex 31.96490039294393 238.3094 3.568832743857728
  endloop
endfacet
facet normal 0 1 0
  outer loop
    vertex 8 238.3094 7.1
    vertex 8.942192017193534 238.3094 5.299161116319153
    vertex 6.953547544737454 238.3094 5.230098038876099
  endloop
endfacet
facet normal 0 1 0
  outer loop
    vertex 31.96490039294393 238.3094 3.568832743857728
    vertex 30.97711282154434 238.3094 1.755278998602903
    vertex 29.98466565928563 238.3094 3.572514783267812
  endloop
endfacet
facet normal 0 1 0
  outer loop
    vertex -19.96686887702268 238.3094 3.536332222536794
    vertex -18.9771128215443 238.3094 5.344721001397152
    vertex -17.95009199095544 238.3094 3.608856301264624
  endloop
endfacet
facet normal 0 1 0
  outer loop
    vertex -41.01413452485859 238.3094 5.194764415747761
    vertex -41.90588870466972 238.3094 3.519521084958163
    vertex -42.98284662200165 238.3094 5.341068845567579
  endloop
endfacet
facet normal 0 1 0
  outer loop
    vertex -35.98211636799633 238.3094 3.528851419581313
    vertex -34.98499001662745 238.3094 5.337109189096331
    vertex -33.97361243611424 238.3094 3.587072196094809
  endloop
endfacet
facet normal 0 1 -0
  outer loop
    vertex -22.99192804048607 238.3094 1.760082384993682
    vertex -23.99739335541071 238.3094 3.484148410678115
    vertex -21.97650128185236 238.3094 3.569051653394959
  endloop
endfacet
facet normal 0 1 0
  outer loop
    vertex 21.99746184213875 238.3094 3.484090474375153
    vertex 20.99305560597493 238.3094 1.759128521701738
    vertex 19.97376061329101 238.3094 3.588206645259595
  endloop
endfacet
facet normal -0 1 0
  outer loop
    vertex -6.997160288714788 238.3094 5.31232470929445
    vertex -6 238.3094 7.1
    vertex -4.974769211229528 238.3094 5.244957603357379
  endloop
endfacet
facet normal 0 1 0
  outer loop
    vertex -28.0333950047139 238.3094 3.61060640753576
    vertex -26.00139860094799 238.3094 3.478074337436331
    vertex -27.00672657329682 238.3094 1.762045963191949
  endloop
endfacet
facet normal -0 1 0
  outer loop
    vertex 24.00140157222429 238.3094 3.478071823887113
    vertex 25.99796887334376 238.3094 3.564590750263529
    vertex 25.00033216569619 238.3094 1.760332461810057
  endloop
endfacet
facet normal 0 1 -0
  outer loop
    vertex 14 238.3094 0
    vertex 13.0028397112852 238.3094 1.788334404641287
    vertex 15.02516946800272 238.3094 1.85505048995417
  endloop
endfacet
facet normal 0 1 0
  outer loop
    vertex 1.998488310556269 238.3094 3.622795386790626
    vertex -0.02589357322663943 238.3094 3.513266854293494
    vertex 0.9940538963155348 238.3094 5.342666522257879
  endloop
endfacet
facet normal 0 1 0
  outer loop
    vertex 35.99847511247553 238.3094 3.622091930478035
    vertex 33.97727965911254 238.3094 3.533862625396016
    vertex 34.99345300320313 238.3094 5.345028044764275
  endloop
endfacet
facet normal 0 1 0
  outer loop
    vertex -12.033395004714 238.3094 3.61060640753578
    vertex -10.00208761854886 238.3094 3.484191522689661
    vertex -11.00684140956364 238.3094 1.7630654940675
  endloop
endfacet
facet normal 0 1 -0
  outer loop
    vertex 39 238.3094 1.732050807568877
    vertex 37.99969578951837 238.3094 3.619683998239575
    vertex 39.98817690676604 238.3094 3.509595669378814
  endloop
endfacet
facet normal 0 1 0
  outer loop
    vertex 29.98466565928563 238.3094 3.572514783267812
    vertex 28.99112355272997 238.3094 1.798670686444906
    vertex 27.99237569378825 238.3094 3.570913479361535
  endloop
endfacet
facet normal 0 1 0
  outer loop
    vertex 18.99230576503453 238.3094 5.319449609300651
    vertex 19.97376061329101 238.3094 3.588206645259595
    vertex 17.98712656985663 238.3094 3.480883688873073
  endloop
endfacet
facet normal 0 1 0
  outer loop
    vertex -0.02589357322663943 238.3094 3.513266854293494
    vertex -1.007636599385087 238.3094 1.780795973958182
    vertex -2.012841308416057 238.3094 3.619218326846382
  endloop
endfacet
facet normal 0 1 0
  outer loop
    vertex -2.012841308416057 238.3094 3.619218326846382
    vertex -3.997510029294347 238.3094 3.509391813404705
    vertex -2.999438087446975 238.3094 5.358428387259481
  endloop
endfacet
facet normal 0 1 0
  outer loop
    vertex 16.00236456764986 238.3094 3.5905686905893
    vertex 17.98712656985663 238.3094 3.480883688873073
    vertex 17.00054330323749 238.3094 1.74157761724947
  endloop
endfacet
facet normal -0 1 0
  outer loop
    vertex 37.99969578951837 238.3094 3.619683998239575
    vertex 38.99597101288109 238.3094 5.331623223164002
    vertex 39.98817690676604 238.3094 3.509595669378814
  endloop
endfacet
facet normal 0 1 -0
  outer loop
    vertex -10.00208761854886 238.3094 3.484191522689661
    vertex -11.00144883228838 238.3094 5.35200277728049
    vertex -9.000026601706878 238.3094 5.276505140678483
  endloop
endfacet
facet normal 0 1 0
  outer loop
    vertex -6.997160288714788 238.3094 5.31232470929445
    vertex -7.999526714785794 238.3094 3.484755526216428
    vertex -9.000026601706878 238.3094 5.276505140678483
  endloop
endfacet
facet normal 0 1 -0
  outer loop
    vertex -20.98496324763067 238.3094 1.753735479719527
    vertex -21.97650128185236 238.3094 3.569051653394959
    vertex -19.96686887702268 238.3094 3.536332222536794
  endloop
endfacet
facet normal 0 1 0
  outer loop
    vertex 32.98496324763072 238.3094 5.346264520280476
    vertex 33.97727965911254 238.3094 3.533862625396016
    vertex 31.96490039294393 238.3094 3.568832743857728
  endloop
endfacet
facet normal -0 1 0
  outer loop
    vertex -27.00144883228835 238.3094 5.351666494660209
    vertex -26 238.3094 7.1
    vertex -24.99985618528075 238.3094 5.278133518087007
  endloop
endfacet
facet normal 0 1 -0
  outer loop
    vertex -26.00139860094799 238.3094 3.478074337436331
    vertex -27.00144883228835 238.3094 5.351666494660209
    vertex -24.99985618528075 238.3094 5.278133518087007
  endloop
endfacet
facet normal 0 1 0
  outer loop
    vertex 24 238.3094 7.1
    vertex 25.00144883228837 238.3094 5.351666494660217
    vertex 22.99986469218607 238.3094 5.278126321676027
  endloop
endfacet
facet normal 0 1 0
  outer loop
    vertex 25.00144883228837 238.3094 5.351666494660217
    vertex 24.00140157222429 238.3094 3.478071823887113
    vertex 22.99986469218607 238.3094 5.278126321676027
  endloop
endfacet
facet normal 0 1 0
  outer loop
    vertex 34.99855116771163 238.3094 1.748333505339783
    vertex 35.99847511247553 238.3094 3.622091930478035
    vertex 36.99960977020304 238.3094 1.8204040984679
  endloop
endfacet
facet normal 0 1 0
  outer loop
    vertex 11.99590685405522 238.3094 3.614009759161355
    vertex 13.0028397112852 238.3094 1.788334404641287
    vertex 10.99862814127487 238.3094 1.825909512308491
  endloop
endfacet
facet normal 0 1 -0
  outer loop
    vertex 2 238.3094 0
    vertex 0.9985511677116321 238.3094 1.748333505339786
    vertex 2.999748254954753 238.3094 1.845683684504366
  endloop
endfacet
facet normal 0 1 0
  outer loop
    vertex 5 238.3094 1.732050807568877
    vertex 4 238.3094 0
    vertex 2.999748254954753 238.3094 1.845683684504366
  endloop
endfacet
facet normal 0 1 0
  outer loop
    vertex 0.9985511677116321 238.3094 1.748333505339786
    vertex 1.998488310556269 238.3094 3.622795386790626
    vertex 2.999748254954753 238.3094 1.845683684504366
  endloop
endfacet
facet normal 0 1 0
  outer loop
    vertex 4 238.3094 3.635898384862247
    vertex 5 238.3094 1.732050807568877
    vertex 2.999748254954753 238.3094 1.845683684504366
  endloop
endfacet
facet normal 0 1 -0
  outer loop
    vertex 36 238.3094 0
    vertex 34.99855116771163 238.3094 1.748333505339783
    vertex 36.99960977020304 238.3094 1.8204040984679
  endloop
endfacet
facet normal 0 1 0
  outer loop
    vertex 13.0028397112852 238.3094 1.788334404641287
    vertex 12 238.3094 0
    vertex 10.99862814127487 238.3094 1.825909512308491
  endloop
endfacet
facet normal 0 1 0
  outer loop
    vertex 39 238.3094 1.732050807568877
    vertex 38 238.3094 0
    vertex 36.99960977020304 238.3094 1.8204040984679
  endloop
endfacet
facet normal 0 1 -0
  outer loop
    vertex 10 238.3094 0
    vertex 8.998551167711632 238.3094 1.748333505339783
    vertex 10.99862814127487 238.3094 1.825909512308491
  endloop
endfacet
facet normal 0 1 0
  outer loop
    vertex 37.99969578951837 238.3094 3.619683998239575
    vertex 39 238.3094 1.732050807568877
    vertex 36.99960977020304 238.3094 1.8204040984679
  endloop
endfacet
facet normal 0 1 0
  outer loop
    vertex 8.998551167711632 238.3094 1.748333505339783
    vertex 9.991178653656881 238.3094 3.617728048744822
    vertex 10.99862814127487 238.3094 1.825909512308491
  endloop
endfacet
facet normal 0 1 -0
  outer loop
    vertex 21.99746184213875 238.3094 3.484090474375153
    vertex 20.99855116771163 238.3094 5.351666494660219
    vertex 22.99986469218607 238.3094 5.278126321676027
  endloop
endfacet
facet normal -0 1 0
  outer loop
    vertex 20.99855116771163 238.3094 5.351666494660219
    vertex 22 238.3094 7.1
    vertex 22.99986469218607 238.3094 5.278126321676027
  endloop
endfacet
facet normal 0 1 0
  outer loop
    vertex -22.99855116771161 238.3094 5.351666494660229
    vertex -23.99739335541071 238.3094 3.484148410678115
    vertex -24.99985618528075 238.3094 5.278133518087007
  endloop
endfacet
facet normal 0 1 0
  outer loop
    vertex -24 238.3094 7.1
    vertex -22.99855116771161 238.3094 5.351666494660229
    vertex -24.99985618528075 238.3094 5.278133518087007
  endloop
endfacet
facet normal -0 1 0
  outer loop
    vertex 16.00236456764986 238.3094 3.5905686905893
    vertex 16.99775596110895 238.3094 5.333914460602725
    vertex 17.98712656985663 238.3094 3.480883688873073
  endloop
endfacet
facet normal 0 1 -0
  outer loop
    vertex -3.002244038891064 238.3094 1.766085539397269
    vertex -3.997510029294347 238.3094 3.509391813404705
    vertex -2.012841308416057 238.3094 3.619218326846382
  endloop
endfacet
facet normal -0 1 0
  outer loop
    vertex -40.02888630870591 238.3094 3.447431094036867
    vertex -38.00323269821656 238.3094 3.510737583962106
    vertex -39.00836859135737 238.3094 1.742069695859715
  endloop
endfacet
facet normal 0 1 -0
  outer loop
    vertex -3.997510029294347 238.3094 3.509391813404705
    vertex -4.974769211229528 238.3094 5.244957603357379
    vertex -2.999438087446975 238.3094 5.358428387259481
  endloop
endfacet
facet normal -0 1 0
  outer loop
    vertex 15.02516946800272 238.3094 1.85505048995417
    vertex 16.00236456764986 238.3094 3.5905686905893
    vertex 17.00054330323749 238.3094 1.74157761724947
  endloop
endfacet
facet normal 0 1 -0
  outer loop
    vertex -36.9966618328295 238.3094 1.7571007506423
    vertex -38.00323269821656 238.3094 3.510737583962106
    vertex -35.98211636799633 238.3094 3.528851419581313
  endloop
endfacet
facet normal 0 1 0
  outer loop
    vertex -13.00452593302354 238.3094 5.32289648178479
    vertex -12.033395004714 238.3094 3.61060640753578
    vertex -13.99824754111199 238.3094 3.505833425014003
  endloop
endfacet
facet normal 0 1 0
  outer loop
    vertex -29.00485029115544 238.3094 5.322311099983947
    vertex -28.0333950047139 238.3094 3.61060640753576
    vertex -29.99968003081017 238.3094 3.504899780030605
  endloop
endfacet
facet normal -0 1 0
  outer loop
    vertex -11.00144883228838 238.3094 5.35200277728049
    vertex -10 238.3094 7.1
    vertex -9.000026601706878 238.3094 5.276505140678483
  endloop
endfacet
facet normal 0 1 0
  outer loop
    vertex -8 238.3094 7.1
    vertex -6.997160288714788 238.3094 5.31232470929445
    vertex -9.000026601706878 238.3094 5.276505140678483
  endloop
endfacet
facet normal -0 1 0
  outer loop
    vertex 8 238.3094 7.1
    vertex 10 238.3094 7.1
    vertex 8.942192017193534 238.3094 5.299161116319153
  endloop
endfacet
facet normal 0 1 0
  outer loop
    vertex 10.97651549689666 238.3094 5.354390408242621
    vertex 9.991178653656881 238.3094 3.617728048744822
    vertex 8.942192017193534 238.3094 5.299161116319153
  endloop
endfacet
facet normal 0 1 0
  outer loop
    vertex -35.98211636799633 238.3094 3.528851419581313
    vertex -38.00323269821656 238.3094 3.510737583962106
    vertex -36.99605985625102 238.3094 5.314417597413178
  endloop
endfacet
facet normal 0 1 0
  outer loop
    vertex -30.99425790993041 238.3094 5.337036360716871
    vertex -29.99968003081017 238.3094 3.504899780030605
    vertex -31.9819639201958 238.3094 3.581315172220547
  endloop
endfacet
facet normal -0 1 0
  outer loop
    vertex 4 238.3094 3.635898384862247
    vertex 5 238.3094 5.367949192431123
    vertex 5.979552409067736 238.3094 3.461112654279627
  endloop
endfacet
facet normal 0 1 -0
  outer loop
    vertex 5 238.3094 1.732050807568877
    vertex 4 238.3094 3.635898384862247
    vertex 5.979552409067736 238.3094 3.461112654279627
  endloop
endfacet
facet normal 0 1 0
  outer loop
    vertex -14.99231176113896 238.3094 5.340212368901892
    vertex -13.99824754111199 238.3094 3.505833425014003
    vertex -15.98136110575551 238.3094 3.562304176496531
  endloop
endfacet
facet normal -0 1 0
  outer loop
    vertex 5 238.3094 5.367949192431123
    vertex 6 238.3094 7.1
    vertex 6.953547544737454 238.3094 5.230098038876099
  endloop
endfacet
facet normal 0 1 0
  outer loop
    vertex 41.01336921738441 238.3094 1.735949125241294
    vertex 39 238.3094 1.732050807568877
    vertex 39.98817690676604 238.3094 3.509595669378814
  endloop
endfacet
facet normal 0 1 0
  outer loop
    vertex -29.99968003081017 238.3094 3.504899780030605
    vertex -30.99262066282634 238.3094 1.769838636701135
    vertex -31.9819639201958 238.3094 3.581315172220547
  endloop
endfacet
facet normal 0 1 0
  outer loop
    vertex -1.008271359436414 238.3094 5.351987700032026
    vertex -0.02589357322663943 238.3094 3.513266854293494
    vertex -2.012841308416057 238.3094 3.619218326846382
  endloop
endfacet
facet normal 0 1 0
  outer loop
    vertex 19.97376061329101 238.3094 3.588206645259595
    vertex 18.99172864056359 238.3094 1.74801229996797
    vertex 17.98712656985663 238.3094 3.480883688873073
  endloop
endfacet
facet normal 0 1 0
  outer loop
    vertex -13.99824754111199 238.3094 3.505833425014003
    vertex -14.98972198364773 238.3094 1.771017322429039
    vertex -15.98136110575551 238.3094 3.562304176496531
  endloop
endfacet
facet normal 0 1 -0
  outer loop
    vertex -42 238.3094 0
    vertex -43.07969340835744 238.3094 1.80170550810149
    vertex -41.0214307083923 238.3094 1.737148746517017
  endloop
endfacet
facet normal 0 1 0
  outer loop
    vertex 41.89029713421866 238.3094 3.549084805720167
    vertex 41.01336921738441 238.3094 1.735949125241294
    vertex 39.98817690676604 238.3094 3.509595669378814
  endloop
endfacet
facet normal 0 1 0
  outer loop
    vertex -28.0333950047139 238.3094 3.61060640753576
    vertex -29.00556583411898 238.3094 1.751544226610724
    vertex -29.99968003081017 238.3094 3.504899780030605
  endloop
endfacet
facet normal 0 1 -0
  outer loop
    vertex 16 238.3094 0
    vertex 15.02516946800272 238.3094 1.85505048995417
    vertex 17.00054330323749 238.3094 1.74157761724947
  endloop
endfacet
facet normal 0 1 0
  outer loop
    vertex -12.033395004714 238.3094 3.61060640753578
    vertex -13.005565834119 238.3094 1.751544226610685
    vertex -13.99824754111199 238.3094 3.505833425014003
  endloop
endfacet
facet normal 0 1 0
  outer loop
    vertex -4.974769211229528 238.3094 5.244957603357379
    vertex -4 238.3094 7.1
    vertex -2.999438087446975 238.3094 5.358428387259481
  endloop
endfacet
facet normal -0 1 0
  outer loop
    vertex -38 238.3094 7.1
    vertex -36 238.3094 7.1
    vertex -36.99605985625102 238.3094 5.314417597413178
  endloop
endfacet
facet normal 0 1 0
  outer loop
    vertex 44 238.3094 0
    vertex 42 238.3094 0
    vertex 43.08305292122085 238.3094 1.797677155193715
  endloop
endfacet
facet normal 0 1 0
  outer loop
    vertex 28.98364045428476 238.3094 5.345904772818746
    vertex 29.98466565928563 238.3094 3.572514783267812
    vertex 27.99237569378825 238.3094 3.570913479361535
  endloop
endfacet
facet normal 0 1 0
  outer loop
    vertex -42 238.3094 0
    vertex -44 238.3094 0
    vertex -43.07969340835744 238.3094 1.80170550810149
  endloop
endfacet
facet normal 0 1 -0
  outer loop
    vertex 40 238.3094 0
    vertex 39 238.3094 1.732050807568877
    vertex 41.01336921738441 238.3094 1.735949125241294
  endloop
endfacet
facet normal 0 1 0
  outer loop
    vertex -41.0214307083923 238.3094 1.737148746517017
    vertex -43.07969340835744 238.3094 1.80170550810149
    vertex -41.90588870466972 238.3094 3.519521084958163
  endloop
endfacet
facet normal 0 1 0
  outer loop
    vertex 9.991178653656881 238.3094 3.617728048744822
    vertex 7.959038692910923 238.3094 3.500749858224463
    vertex 8.942192017193534 238.3094 5.299161116319153
  endloop
endfacet
facet normal 0 1 0
  outer loop
    vertex -36.9966618328295 238.3094 1.7571007506423
    vertex -38 238.3094 0
    vertex -39.00836859135737 238.3094 1.742069695859715
  endloop
endfacet
facet normal 0 1 0
  outer loop
    vertex 43.08305292122085 238.3094 1.797677155193715
    vertex 42 238.3094 0
    vertex 41.01336921738441 238.3094 1.735949125241294
  endloop
endfacet
facet normal 0 1 0
  outer loop
    vertex -5.993420513371404 238.3094 3.491920628907348
    vertex -4.974769211229528 238.3094 5.244957603357379
    vertex -3.997510029294347 238.3094 3.509391813404705
  endloop
endfacet
facet normal 0 1 -0
  outer loop
    vertex 15.02516946800272 238.3094 1.85505048995417
    vertex 14.00516606746034 238.3094 3.60760680475077
    vertex 16.00236456764986 238.3094 3.5905686905893
  endloop
endfacet
facet normal 0 1 -0
  outer loop
    vertex -38.00323269821656 238.3094 3.510737583962106
    vertex -39.00602005466585 238.3094 5.309807391839326
    vertex -36.99605985625102 238.3094 5.314417597413178
  endloop
endfacet
facet normal 0 1 0
  outer loop
    vertex -42 238.3094 7.1
    vertex -41.01413452485859 238.3094 5.194764415747761
    vertex -42.98284662200165 238.3094 5.341068845567579
  endloop
endfacet
facet normal 0 1 -0
  outer loop
    vertex 5.979552409067736 238.3094 3.461112654279627
    vertex 5 238.3094 5.367949192431123
    vertex 6.953547544737454 238.3094 5.230098038876099
  endloop
endfacet
facet normal 0 1 0
  outer loop
    vertex -11.00144883228838 238.3094 5.35200277728049
    vertex -12.033395004714 238.3094 3.61060640753578
    vertex -13.00452593302354 238.3094 5.32289648178479
  endloop
endfacet
facet normal 0 1 0
  outer loop
    vertex 7.959038692910923 238.3094 3.500749858224463
    vertex 8.998551167711632 238.3094 1.748333505339783
    vertex 6.98952371161505 238.3094 1.740374470902125
  endloop
endfacet
facet normal 0 1 0
  outer loop
    vertex 33.97727965911254 238.3094 3.533862625396016
    vertex 34.99855116771163 238.3094 1.748333505339783
    vertex 32.9826863564778 238.3094 1.778946400256499
  endloop
endfacet
facet normal 0 1 0
  outer loop
    vertex 20.99855116771163 238.3094 5.351666494660219
    vertex 19.97376061329101 238.3094 3.588206645259595
    vertex 18.99230576503453 238.3094 5.319449609300651
  endloop
endfacet
facet normal 0 1 -0
  outer loop
    vertex 25.99796887334376 238.3094 3.564590750263529
    vertex 25.00144883228837 238.3094 5.351666494660217
    vertex 26.99423307447628 238.3094 5.356518494233399
  endloop
endfacet
facet normal 0 1 0
  outer loop
    vertex -0.02589357322663943 238.3094 3.513266854293494
    vertex 0.9985511677116321 238.3094 1.748333505339786
    vertex -1.007636599385087 238.3094 1.780795973958182
  endloop
endfacet
facet normal 0 1 0
  outer loop
    vertex -27.00144883228835 238.3094 5.351666494660209
    vertex -28.0333950047139 238.3094 3.61060640753576
    vertex -29.00485029115544 238.3094 5.322311099983947
  endloop
endfacet
facet normal 0 1 -0
  outer loop
    vertex -21.97650128185236 238.3094 3.569051653394959
    vertex -22.99855116771161 238.3094 5.351666494660229
    vertex -20.98650569135515 238.3094 5.333628561998188
  endloop
endfacet
facet normal 0 1 0
  outer loop
    vertex -36 238.3094 7.1
    vertex -34.98499001662745 238.3094 5.337109189096331
    vertex -36.99605985625102 238.3094 5.314417597413178
  endloop
endfacet
facet normal 0 1 0
  outer loop
    vertex -39.00602005466585 238.3094 5.309807391839326
    vertex -38 238.3094 7.1
    vertex -36.99605985625102 238.3094 5.314417597413178
  endloop
endfacet
facet normal 0 1 0
  outer loop
    vertex -38 238.3094 0
    vertex -40 238.3094 0
    vertex -39.00836859135737 238.3094 1.742069695859715
  endloop
endfacet
facet normal 0 1 0
  outer loop
    vertex 41.89029713421866 238.3094 3.549084805720167
    vertex 42.97623707702679 238.3094 5.349394515363211
    vertex 43.41856864859713 238.3094 3.55384583995018
  endloop
endfacet
facet normal 0 1 0
  outer loop
    vertex -36.9966618328295 238.3094 1.7571007506423
    vertex -35.98211636799633 238.3094 3.528851419581313
    vertex -34.98950022003277 238.3094 1.777120033729908
  endloop
endfacet
facet normal 0 1 0
  outer loop
    vertex -40 238.3094 0
    vertex -42 238.3094 0
    vertex -41.0214307083923 238.3094 1.737148746517017
  endloop
endfacet
facet normal 0 1 0
  outer loop
    vertex 43.08305292122085 238.3094 1.797677155193715
    vertex 41.01336921738441 238.3094 1.735949125241294
    vertex 41.89029713421866 238.3094 3.549084805720167
  endloop
endfacet
facet normal 0 1 -0
  outer loop
    vertex -33.97361243611424 238.3094 3.587072196094809
    vertex -34.98499001662745 238.3094 5.337109189096331
    vertex -32.9864013037091 238.3094 5.350742027742037
  endloop
endfacet
facet normal 0 1 0
  outer loop
    vertex -20.98496324763067 238.3094 1.753735479719527
    vertex -19.96686887702268 238.3094 3.536332222536794
    vertex -18.98013660275706 238.3094 1.781608727442862
  endloop
endfacet
facet normal 0 1 0
  outer loop
    vertex 32.98496324763072 238.3094 5.346264520280476
    vertex 31.96490039294393 238.3094 3.568832743857728
    vertex 30.98636162569084 238.3094 5.338919470037458
  endloop
endfacet
facet normal 0 1 -0
  outer loop
    vertex -40 238.3094 0
    vertex -41.0214307083923 238.3094 1.737148746517017
    vertex -39.00836859135737 238.3094 1.742069695859715
  endloop
endfacet
facet normal 0 1 0
  outer loop
    vertex -7.999526714785794 238.3094 3.484755526216428
    vertex -10.00208761854886 238.3094 3.484191522689661
    vertex -9.000026601706878 238.3094 5.276505140678483
  endloop
endfacet
facet normal -0 1 0
  outer loop
    vertex -30 238.3094 7.1
    vertex -28 238.3094 7.1
    vertex -29.00485029115544 238.3094 5.322311099983947
  endloop
endfacet
facet normal 0 1 0
  outer loop
    vertex 0 238.3094 0
    vertex -2 238.3094 0
    vertex -1.007636599385087 238.3094 1.780795973958182
  endloop
endfacet
facet normal -0 1 0
  outer loop
    vertex 26 238.3094 7.1
    vertex 28 238.3094 7.1
    vertex 26.99423307447628 238.3094 5.356518494233399
  endloop
endfacet
facet normal 0 1 0
  outer loop
    vertex 34 238.3094 0
    vertex 32 238.3094 0
    vertex 32.9826863564778 238.3094 1.778946400256499
  endloop
endfacet
facet normal 0 1 0
  outer loop
    vertex 8 238.3094 0
    vertex 6 238.3094 0
    vertex 6.98952371161505 238.3094 1.740374470902125
  endloop
endfacet
facet normal -0 1 0
  outer loop
    vertex -14 238.3094 7.1
    vertex -12 238.3094 7.1
    vertex -13.00452593302354 238.3094 5.32289648178479
  endloop
endfacet
facet normal -0 1 0
  outer loop
    vertex 18 238.3094 7.1
    vertex 20 238.3094 7.1
    vertex 18.99230576503453 238.3094 5.319449609300651
  endloop
endfacet
facet normal -0 1 0
  outer loop
    vertex -22 238.3094 7.1
    vertex -20 238.3094 7.1
    vertex -20.98650569135515 238.3094 5.333628561998188
  endloop
endfacet
facet normal 0 1 0
  outer loop
    vertex 29.98466565928563 238.3094 3.572514783267812
    vertex 30.97711282154434 238.3094 1.755278998602903
    vertex 28.99112355272997 238.3094 1.798670686444906
  endloop
endfacet
facet normal 0 1 -0
  outer loop
    vertex -17.95009199095544 238.3094 3.608856301264624
    vertex -18.9771128215443 238.3094 5.344721001397152
    vertex -16.97889785674542 238.3094 5.357177280233401
  endloop
endfacet
facet normal 0 1 0
  outer loop
    vertex 42 238.3094 0
    vertex 40 238.3094 0
    vertex 41.01336921738441 238.3094 1.735949125241294
  endloop
endfacet
facet normal 0 1 0
  outer loop
    vertex 16.99775596110895 238.3094 5.333914460602725
    vertex 16.00236456764986 238.3094 3.5905686905893
    vertex 15.0001633943296 238.3094 5.354863977719508
  endloop
endfacet
facet normal 0 1 0
  outer loop
    vertex 16.00236456764986 238.3094 3.5905686905893
    vertex 14.00516606746034 238.3094 3.60760680475077
    vertex 15.0001633943296 238.3094 5.354863977719508
  endloop
endfacet
facet normal -0 1 0
  outer loop
    vertex -5.993420513371404 238.3094 3.491920628907348
    vertex -3.997510029294347 238.3094 3.509391813404705
    vertex -4.999187450185332 238.3094 1.744806038981358
  endloop
endfacet
facet normal 0 1 0
  outer loop
    vertex -3.997510029294347 238.3094 3.509391813404705
    vertex -3.002244038891064 238.3094 1.766085539397269
    vertex -4.999187450185332 238.3094 1.744806038981358
  endloop
endfacet
facet normal 0 1 0
  outer loop
    vertex -28 238.3094 7.1
    vertex -27.00144883228835 238.3094 5.351666494660209
    vertex -29.00485029115544 238.3094 5.322311099983947
  endloop
endfacet
facet normal -0 1 0
  outer loop
    vertex -30.99425790993041 238.3094 5.337036360716871
    vertex -30 238.3094 7.1
    vertex -29.00485029115544 238.3094 5.322311099983947
  endloop
endfacet
facet normal 0 1 -0
  outer loop
    vertex -2 238.3094 0
    vertex -3.002244038891064 238.3094 1.766085539397269
    vertex -1.007636599385087 238.3094 1.780795973958182
  endloop
endfacet
facet normal 0 1 0
  outer loop
    vertex 0.9985511677116321 238.3094 1.748333505339786
    vertex 0 238.3094 0
    vertex -1.007636599385087 238.3094 1.780795973958182
  endloop
endfacet
facet normal 0 1 0
  outer loop
    vertex 28 238.3094 7.1
    vertex 28.98364045428476 238.3094 5.345904772818746
    vertex 26.99423307447628 238.3094 5.356518494233399
  endloop
endfacet
facet normal 0 1 0
  outer loop
    vertex 25.00144883228837 238.3094 5.351666494660217
    vertex 26 238.3094 7.1
    vertex 26.99423307447628 238.3094 5.356518494233399
  endloop
endfacet
facet normal 0 1 0
  outer loop
    vertex 34.99855116771163 238.3094 1.748333505339783
    vertex 34 238.3094 0
    vertex 32.9826863564778 238.3094 1.778946400256499
  endloop
endfacet
facet normal 0 1 -0
  outer loop
    vertex 32 238.3094 0
    vertex 30.97711282154434 238.3094 1.755278998602903
    vertex 32.9826863564778 238.3094 1.778946400256499
  endloop
endfacet
facet normal 0 1 0
  outer loop
    vertex 8.998551167711632 238.3094 1.748333505339783
    vertex 8 238.3094 0
    vertex 6.98952371161505 238.3094 1.740374470902125
  endloop
endfacet
facet normal 0 1 -0
  outer loop
    vertex 6 238.3094 0
    vertex 5 238.3094 1.732050807568877
    vertex 6.98952371161505 238.3094 1.740374470902125
  endloop
endfacet
facet normal 0 1 0
  outer loop
    vertex -12 238.3094 7.1
    vertex -11.00144883228838 238.3094 5.35200277728049
    vertex -13.00452593302354 238.3094 5.32289648178479
  endloop
endfacet
facet normal -0 1 0
  outer loop
    vertex -14.99231176113896 238.3094 5.340212368901892
    vertex -14 238.3094 7.1
    vertex -13.00452593302354 238.3094 5.32289648178479
  endloop
endfacet
facet normal -0 1 0
  outer loop
    vertex 16.99775596110895 238.3094 5.333914460602725
    vertex 18 238.3094 7.1
    vertex 18.99230576503453 238.3094 5.319449609300651
  endloop
endfacet
facet normal 0 1 0
  outer loop
    vertex 20 238.3094 7.1
    vertex 20.99855116771163 238.3094 5.351666494660219
    vertex 18.99230576503453 238.3094 5.319449609300651
  endloop
endfacet
facet normal 0 1 0
  outer loop
    vertex -20 238.3094 7.1
    vertex -18.9771128215443 238.3094 5.344721001397152
    vertex -20.98650569135515 238.3094 5.333628561998188
  endloop
endfacet
facet normal -0 1 0
  outer loop
    vertex -22.99855116771161 238.3094 5.351666494660229
    vertex -22 238.3094 7.1
    vertex -20.98650569135515 238.3094 5.333628561998188
  endloop
endfacet
facet normal 0 1 0
  outer loop
    vertex -16.97889785674542 238.3094 5.357177280233401
    vertex -14.99231176113896 238.3094 5.340212368901892
    vertex -15.98136110575551 238.3094 3.562304176496531
  endloop
endfacet
facet normal 0 1 0
  outer loop
    vertex -32.9864013037091 238.3094 5.350742027742037
    vertex -30.99425790993041 238.3094 5.337036360716871
    vertex -31.9819639201958 238.3094 3.581315172220547
  endloop
endfacet
facet normal 0 1 0
  outer loop
    vertex -26.00139860094799 238.3094 3.478074337436331
    vertex -25 238.3094 1.732050807568878
    vertex -27.00672657329682 238.3094 1.762045963191949
  endloop
endfacet
facet normal 0 1 0
  outer loop
    vertex -23.99739335541071 238.3094 3.484148410678115
    vertex -25 238.3094 1.732050807568878
    vertex -26.00139860094799 238.3094 3.478074337436331
  endloop
endfacet
facet normal 0 1 0
  outer loop
    vertex -22.99192804048607 238.3094 1.760082384993682
    vertex -25 238.3094 1.732050807568878
    vertex -23.99739335541071 238.3094 3.484148410678115
  endloop
endfacet
facet normal 0 1 0
  outer loop
    vertex -23.99739335541071 238.3094 3.484148410678115
    vertex -26.00139860094799 238.3094 3.478074337436331
    vertex -24.99985618528075 238.3094 5.278133518087007
  endloop
endfacet
facet normal -0 1 0
  outer loop
    vertex 10.97651549689666 238.3094 5.354390408242621
    vertex 12.99608591614945 238.3094 5.365689395066373
    vertex 11.99590685405522 238.3094 3.614009759161355
  endloop
endfacet
facet normal 0 1 0
  outer loop
    vertex -13.005565834119 238.3094 1.751544226610685
    vertex -14 238.3094 0
    vertex -14.98972198364773 238.3094 1.771017322429039
  endloop
endfacet
facet normal 0 1 -0
  outer loop
    vertex -24 238.3094 0
    vertex -25 238.3094 1.732050807568878
    vertex -22.99192804048607 238.3094 1.760082384993682
  endloop
endfacet
facet normal 0 1 0
  outer loop
    vertex -25 238.3094 1.732050807568878
    vertex -26 238.3094 0
    vertex -27.00672657329682 238.3094 1.762045963191949
  endloop
endfacet
facet normal 0 1 0
  outer loop
    vertex 10.97651549689666 238.3094 5.354390408242621
    vertex 12 238.3094 7.1
    vertex 12.99608591614945 238.3094 5.365689395066373
  endloop
endfacet
facet normal 0 1 -0
  outer loop
    vertex 22.99999999999999 238.3094 1.732050807568878
    vertex 21.99746184213875 238.3094 3.484090474375153
    vertex 24.00140157222429 238.3094 3.478071823887113
  endloop
endfacet
facet normal -0 1 0
  outer loop
    vertex 11.99590685405522 238.3094 3.614009759161355
    vertex 12.99608591614945 238.3094 5.365689395066373
    vertex 14.00516606746034 238.3094 3.60760680475077
  endloop
endfacet
facet normal 0 1 0
  outer loop
    vertex 24.00140157222429 238.3094 3.478071823887113
    vertex 21.99746184213875 238.3094 3.484090474375153
    vertex 22.99986469218607 238.3094 5.278126321676027
  endloop
endfacet
facet normal 0 1 0
  outer loop
    vertex 22.99999999999999 238.3094 1.732050807568878
    vertex 24.00140157222429 238.3094 3.478071823887113
    vertex 25.00033216569619 238.3094 1.760332461810057
  endloop
endfacet
facet normal 0 1 -0
  outer loop
    vertex -7 238.3094 1.732050807568865
    vertex -7.999526714785794 238.3094 3.484755526216428
    vertex -5.993420513371404 238.3094 3.491920628907348
  endloop
endfacet
facet normal 0 1 -0
  outer loop
    vertex 14.00516606746034 238.3094 3.60760680475077
    vertex 12.99608591614945 238.3094 5.365689395066373
    vertex 15.0001633943296 238.3094 5.354863977719508
  endloop
endfacet
facet normal 0 1 0
  outer loop
    vertex 26 238.3094 0
    vertex 24 238.3094 0
    vertex 25.00033216569619 238.3094 1.760332461810057
  endloop
endfacet
facet normal 0 1 0
  outer loop
    vertex 22 238.3094 0
    vertex 20 238.3094 0
    vertex 20.99305560597493 238.3094 1.759128521701738
  endloop
endfacet
facet normal 0 1 0
  outer loop
    vertex 20 238.3094 0
    vertex 18 238.3094 0
    vertex 18.99172864056359 238.3094 1.74801229996797
  endloop
endfacet
facet normal 0 1 0
  outer loop
    vertex -6 238.3094 0
    vertex -8 238.3094 0
    vertex -7 238.3094 1.732050807568865
  endloop
endfacet
facet normal 0 1 0
  outer loop
    vertex -8 238.3094 0
    vertex -10 238.3094 0
    vertex -9 238.3094 1.732050807568875
  endloop
endfacet
facet normal 0 1 0
  outer loop
    vertex -14 238.3094 0
    vertex -16 238.3094 0
    vertex -14.98972198364773 238.3094 1.771017322429039
  endloop
endfacet
facet normal 0 1 0
  outer loop
    vertex -24 238.3094 0
    vertex -26 238.3094 0
    vertex -25 238.3094 1.732050807568878
  endloop
endfacet
facet normal 0 1 0
  outer loop
    vertex -29.00556583411898 238.3094 1.751544226610724
    vertex -30 238.3094 0
    vertex -30.99262066282634 238.3094 1.769838636701135
  endloop
endfacet
facet normal 0 1 -0
  outer loop
    vertex -32 238.3094 0
    vertex -32.98461068325658 238.3094 1.789695836061028
    vertex -30.99262066282634 238.3094 1.769838636701135
  endloop
endfacet
facet normal 0 1 0
  outer loop
    vertex 35.99847511247553 238.3094 3.622091930478035
    vertex 37.99969578951837 238.3094 3.619683998239575
    vertex 36.99960977020304 238.3094 1.8204040984679
  endloop
endfacet
facet normal 0 1 0
  outer loop
    vertex 3 238.3094 5.367949192431124
    vertex 1.998488310556269 238.3094 3.622795386790626
    vertex 0.9940538963155348 238.3094 5.342666522257879
  endloop
endfacet
facet normal 0 1 0
  outer loop
    vertex 40 238.3094 0
    vertex 38 238.3094 0
    vertex 39 238.3094 1.732050807568877
  endloop
endfacet
facet normal 0 1 0
  outer loop
    vertex 36 238.3094 0
    vertex 34 238.3094 0
    vertex 34.99855116771163 238.3094 1.748333505339783
  endloop
endfacet
facet normal 0 1 0
  outer loop
    vertex 32 238.3094 0
    vertex 30 238.3094 0
    vertex 30.97711282154434 238.3094 1.755278998602903
  endloop
endfacet
facet normal 0 1 0
  outer loop
    vertex 28 238.3094 0
    vertex 26 238.3094 0
    vertex 27.00262254860912 238.3094 1.78728138914082
  endloop
endfacet
facet normal 0 1 0
  outer loop
    vertex 24 238.3094 0
    vertex 22 238.3094 0
    vertex 22.99999999999999 238.3094 1.732050807568878
  endloop
endfacet
facet normal 0 1 -0
  outer loop
    vertex 20 238.3094 0
    vertex 18.99172864056359 238.3094 1.74801229996797
    vertex 20.99305560597493 238.3094 1.759128521701738
  endloop
endfacet
facet normal 0 1 0
  outer loop
    vertex 14 238.3094 0
    vertex 12 238.3094 0
    vertex 13.0028397112852 238.3094 1.788334404641287
  endloop
endfacet
facet normal 0 1 0
  outer loop
    vertex 10 238.3094 0
    vertex 8 238.3094 0
    vertex 8.998551167711632 238.3094 1.748333505339783
  endloop
endfacet
facet normal 0 1 0
  outer loop
    vertex 6 238.3094 0
    vertex 4 238.3094 0
    vertex 5 238.3094 1.732050807568877
  endloop
endfacet
facet normal 0 1 0
  outer loop
    vertex 2 238.3094 0
    vertex 0 238.3094 0
    vertex 0.9985511677116321 238.3094 1.748333505339786
  endloop
endfacet
facet normal 0 1 0
  outer loop
    vertex -2 238.3094 0
    vertex -4 238.3094 0
    vertex -3.002244038891064 238.3094 1.766085539397269
  endloop
endfacet
facet normal 0 1 -0
  outer loop
    vertex -8 238.3094 0
    vertex -9 238.3094 1.732050807568875
    vertex -7 238.3094 1.732050807568865
  endloop
endfacet
facet normal 0 1 0
  outer loop
    vertex -12 238.3094 0
    vertex -14 238.3094 0
    vertex -13.005565834119 238.3094 1.751544226610685
  endloop
endfacet
facet normal 0 1 0
  outer loop
    vertex -16 238.3094 0
    vertex -18 238.3094 0
    vertex -16.97889550093358 238.3094 1.790728361136226
  endloop
endfacet
facet normal 0 1 0
  outer loop
    vertex -20 238.3094 0
    vertex -22 238.3094 0
    vertex -20.98496324763067 238.3094 1.753735479719527
  endloop
endfacet
facet normal 0 1 0
  outer loop
    vertex -28 238.3094 0
    vertex -30 238.3094 0
    vertex -29.00556583411898 238.3094 1.751544226610724
  endloop
endfacet
facet normal 0 1 0
  outer loop
    vertex -30 238.3094 0
    vertex -32 238.3094 0
    vertex -30.99262066282634 238.3094 1.769838636701135
  endloop
endfacet
facet normal 0 1 0
  outer loop
    vertex -32 238.3094 0
    vertex -34 238.3094 0
    vertex -32.98461068325658 238.3094 1.789695836061028
  endloop
endfacet
facet normal 0 1 0
  outer loop
    vertex -36 238.3094 0
    vertex -38 238.3094 0
    vertex -36.9966618328295 238.3094 1.7571007506423
  endloop
endfacet
facet normal 0 1 0
  outer loop
    vertex 40 238.3094 7.1
    vertex 40.97880902008492 238.3094 5.3156057637347
    vertex 38.99597101288109 238.3094 5.331623223164002
  endloop
endfacet
facet normal 0 1 0
  outer loop
    vertex 36 238.3094 7.1
    vertex 37 238.3094 5.367949192431123
    vertex 34.99345300320313 238.3094 5.345028044764275
  endloop
endfacet
facet normal 0 1 0
  outer loop
    vertex 37 238.3094 5.367949192431123
    vertex 37.99969578951837 238.3094 3.619683998239575
    vertex 35.99847511247553 238.3094 3.622091930478035
  endloop
endfacet
facet normal 0 1 0
  outer loop
    vertex 3 238.3094 5.367949192431124
    vertex 5 238.3094 5.367949192431123
    vertex 4 238.3094 3.635898384862247
  endloop
endfacet
facet normal 0 1 0
  outer loop
    vertex -7 238.3094 1.732050807568865
    vertex -9 238.3094 1.732050807568875
    vertex -7.999526714785794 238.3094 3.484755526216428
  endloop
endfacet
facet normal 0 1 0
  outer loop
    vertex 3 238.3094 5.367949192431124
    vertex 4 238.3094 3.635898384862247
    vertex 1.998488310556269 238.3094 3.622795386790626
  endloop
endfacet
facet normal -0 1 0
  outer loop
    vertex 1.998488310556269 238.3094 3.622795386790626
    vertex 4 238.3094 3.635898384862247
    vertex 2.999748254954753 238.3094 1.845683684504366
  endloop
endfacet
facet normal 0 1 0
  outer loop
    vertex 27.00262254860912 238.3094 1.78728138914082
    vertex 26 238.3094 0
    vertex 25.00033216569619 238.3094 1.760332461810057
  endloop
endfacet
facet normal 0 1 0
  outer loop
    vertex 22.99999999999999 238.3094 1.732050807568878
    vertex 22 238.3094 0
    vertex 20.99305560597493 238.3094 1.759128521701738
  endloop
endfacet
facet normal 0 1 -0
  outer loop
    vertex -12 238.3094 0
    vertex -13.005565834119 238.3094 1.751544226610685
    vertex -11.00684140956364 238.3094 1.7630654940675
  endloop
endfacet
facet normal -0 1 0
  outer loop
    vertex 40 238.3094 7.1
    vertex 42 238.3094 7.1
    vertex 40.97880902008492 238.3094 5.3156057637347
  endloop
endfacet
facet normal -0 1 0
  outer loop
    vertex 38 238.3094 7.1
    vertex 40 238.3094 7.1
    vertex 38.99597101288109 238.3094 5.331623223164002
  endloop
endfacet
facet normal -0 1 0
  outer loop
    vertex 36 238.3094 7.1
    vertex 38 238.3094 7.1
    vertex 37 238.3094 5.367949192431123
  endloop
endfacet
facet normal -0 1 0
  outer loop
    vertex 37 238.3094 5.367949192431123
    vertex 38 238.3094 7.1
    vertex 38.99597101288109 238.3094 5.331623223164002
  endloop
endfacet
facet normal -0 1 0
  outer loop
    vertex 34 238.3094 7.1
    vertex 36 238.3094 7.1
    vertex 34.99345300320313 238.3094 5.345028044764275
  endloop
endfacet
facet normal -0 1 0
  outer loop
    vertex 32 238.3094 7.1
    vertex 34 238.3094 7.1
    vertex 32.98496324763072 238.3094 5.346264520280476
  endloop
endfacet
facet normal -0 1 0
  outer loop
    vertex 32.98496324763072 238.3094 5.346264520280476
    vertex 34 238.3094 7.1
    vertex 34.99345300320313 238.3094 5.345028044764275
  endloop
endfacet
facet normal -0 1 0
  outer loop
    vertex 28 238.3094 7.1
    vertex 30 238.3094 7.1
    vertex 28.98364045428476 238.3094 5.345904772818746
  endloop
endfacet
facet normal -0 1 0
  outer loop
    vertex 24 238.3094 7.1
    vertex 26 238.3094 7.1
    vertex 25.00144883228837 238.3094 5.351666494660217
  endloop
endfacet
facet normal -0 1 0
  outer loop
    vertex 20 238.3094 7.1
    vertex 22 238.3094 7.1
    vertex 20.99855116771163 238.3094 5.351666494660219
  endloop
endfacet
facet normal -0 1 0
  outer loop
    vertex 16 238.3094 7.1
    vertex 18 238.3094 7.1
    vertex 16.99775596110895 238.3094 5.333914460602725
  endloop
endfacet
facet normal -0 1 0
  outer loop
    vertex 10 238.3094 7.1
    vertex 12 238.3094 7.1
    vertex 10.97651549689666 238.3094 5.354390408242621
  endloop
endfacet
facet normal -0 1 0
  outer loop
    vertex 4 238.3094 7.1
    vertex 6 238.3094 7.1
    vertex 5 238.3094 5.367949192431123
  endloop
endfacet
facet normal -0 1 0
  outer loop
    vertex -2 238.3094 7.1
    vertex 0 238.3094 7.1
    vertex -1.008271359436414 238.3094 5.351987700032026
  endloop
endfacet
facet normal -0 1 0
  outer loop
    vertex -1.008271359436414 238.3094 5.351987700032026
    vertex 0 238.3094 7.1
    vertex 0.9940538963155348 238.3094 5.342666522257879
  endloop
endfacet
facet normal -0 1 0
  outer loop
    vertex -8 238.3094 7.1
    vertex -6 238.3094 7.1
    vertex -6.997160288714788 238.3094 5.31232470929445
  endloop
endfacet
facet normal -0 1 0
  outer loop
    vertex -12 238.3094 7.1
    vertex -10 238.3094 7.1
    vertex -11.00144883228838 238.3094 5.35200277728049
  endloop
endfacet
facet normal -0 1 0
  outer loop
    vertex -16 238.3094 7.1
    vertex -14 238.3094 7.1
    vertex -14.99231176113896 238.3094 5.340212368901892
  endloop
endfacet
facet normal -0 1 0
  outer loop
    vertex -20 238.3094 7.1
    vertex -18 238.3094 7.1
    vertex -18.9771128215443 238.3094 5.344721001397152
  endloop
endfacet
facet normal -0 1 0
  outer loop
    vertex -24 238.3094 7.1
    vertex -22 238.3094 7.1
    vertex -22.99855116771161 238.3094 5.351666494660229
  endloop
endfacet
facet normal -0 1 0
  outer loop
    vertex -28 238.3094 7.1
    vertex -26 238.3094 7.1
    vertex -27.00144883228835 238.3094 5.351666494660209
  endloop
endfacet
facet normal -0 1 0
  outer loop
    vertex -32 238.3094 7.1
    vertex -30 238.3094 7.1
    vertex -30.99425790993041 238.3094 5.337036360716871
  endloop
endfacet
facet normal -0 1 0
  outer loop
    vertex -36 238.3094 7.1
    vertex -34 238.3094 7.1
    vertex -34.98499001662745 238.3094 5.337109189096331
  endloop
endfacet
facet normal -0 1 0
  outer loop
    vertex -40 238.3094 7.1
    vertex -38 238.3094 7.1
    vertex -39.00602005466585 238.3094 5.309807391839326
  endloop
endfacet
facet normal 0 1 0
  outer loop
    vertex 37 238.3094 5.367949192431123
    vertex 38.99597101288109 238.3094 5.331623223164002
    vertex 37.99969578951837 238.3094 3.619683998239575
  endloop
endfacet
facet normal 0 1 0
  outer loop
    vertex -7.999526714785794 238.3094 3.484755526216428
    vertex -9 238.3094 1.732050807568875
    vertex -10.00208761854886 238.3094 3.484191522689661
  endloop
endfacet
facet normal 0 1 0
  outer loop
    vertex 22.99999999999999 238.3094 1.732050807568878
    vertex 20.99305560597493 238.3094 1.759128521701738
    vertex 21.99746184213875 238.3094 3.484090474375153
  endloop
endfacet
facet normal 0 1 -0
  outer loop
    vertex 24 238.3094 0
    vertex 22.99999999999999 238.3094 1.732050807568878
    vertex 25.00033216569619 238.3094 1.760332461810057
  endloop
endfacet
facet normal -0 1 0
  outer loop
    vertex 0 238.3094 7.1
    vertex 2 238.3094 7.1
    vertex 0.9940538963155348 238.3094 5.342666522257879
  endloop
endfacet
facet normal 0 1 0
  outer loop
    vertex 37 238.3094 5.367949192431123
    vertex 35.99847511247553 238.3094 3.622091930478035
    vertex 34.99345300320313 238.3094 5.345028044764275
  endloop
endfacet
facet normal 0 1 0
  outer loop
    vertex 16 238.3094 7.1
    vertex 16.99775596110895 238.3094 5.333914460602725
    vertex 15.0001633943296 238.3094 5.354863977719508
  endloop
endfacet
facet normal 0 1 0
  outer loop
    vertex 4 238.3094 7.1
    vertex 5 238.3094 5.367949192431123
    vertex 3 238.3094 5.367949192431124
  endloop
endfacet
facet normal 0 1 0
  outer loop
    vertex 2 238.3094 7.1
    vertex 3 238.3094 5.367949192431124
    vertex 0.9940538963155348 238.3094 5.342666522257879
  endloop
endfacet
facet normal 0 1 0
  outer loop
    vertex 10.97651549689666 238.3094 5.354390408242621
    vertex 11.99590685405522 238.3094 3.614009759161355
    vertex 9.991178653656881 238.3094 3.617728048744822
  endloop
endfacet
facet normal 0 1 0
  outer loop
    vertex -10 238.3094 0
    vertex -12 238.3094 0
    vertex -11.00684140956364 238.3094 1.7630654940675
  endloop
endfacet
facet normal -0 1 0
  outer loop
    vertex 14 238.3094 7.1
    vertex 16 238.3094 7.1
    vertex 15.0001633943296 238.3094 5.354863977719508
  endloop
endfacet
facet normal -0 1 0
  outer loop
    vertex 12 238.3094 7.1
    vertex 14 238.3094 7.1
    vertex 12.99608591614945 238.3094 5.365689395066373
  endloop
endfacet
facet normal -0 1 0
  outer loop
    vertex 12.99608591614945 238.3094 5.365689395066373
    vertex 14 238.3094 7.1
    vertex 15.0001633943296 238.3094 5.354863977719508
  endloop
endfacet
facet normal -0 1 0
  outer loop
    vertex 2 238.3094 7.1
    vertex 4 238.3094 7.1
    vertex 3 238.3094 5.367949192431124
  endloop
endfacet
facet normal 0 1 -0
  outer loop
    vertex -6 238.3094 0
    vertex -7 238.3094 1.732050807568865
    vertex -4.999187450185332 238.3094 1.744806038981358
  endloop
endfacet
facet normal 0 1 -0
  outer loop
    vertex -16 238.3094 0
    vertex -16.97889550093358 238.3094 1.790728361136226
    vertex -14.98972198364773 238.3094 1.771017322429039
  endloop
endfacet
facet normal 0 1 0
  outer loop
    vertex 9.991178653656881 238.3094 3.617728048744822
    vertex 11.99590685405522 238.3094 3.614009759161355
    vertex 10.99862814127487 238.3094 1.825909512308491
  endloop
endfacet
facet normal 0 1 0
  outer loop
    vertex -7 238.3094 1.732050807568865
    vertex -5.993420513371404 238.3094 3.491920628907348
    vertex -4.999187450185332 238.3094 1.744806038981358
  endloop
endfacet
facet normal 0 1 0
  outer loop
    vertex -9 238.3094 1.732050807568875
    vertex -10 238.3094 0
    vertex -11.00684140956364 238.3094 1.7630654940675
  endloop
endfacet
facet normal 0 1 0
  outer loop
    vertex -26 238.3094 0
    vertex -28 238.3094 0
    vertex -27.00672657329682 238.3094 1.762045963191949
  endloop
endfacet
facet normal 0 1 0
  outer loop
    vertex -3.002244038891064 238.3094 1.766085539397269
    vertex -4 238.3094 0
    vertex -4.999187450185332 238.3094 1.744806038981358
  endloop
endfacet
facet normal 0 1 -0
  outer loop
    vertex -28 238.3094 0
    vertex -29.00556583411898 238.3094 1.751544226610724
    vertex -27.00672657329682 238.3094 1.762045963191949
  endloop
endfacet
facet normal 0 1 0
  outer loop
    vertex -20.98496324763067 238.3094 1.753735479719527
    vertex -22 238.3094 0
    vertex -22.99192804048607 238.3094 1.760082384993682
  endloop
endfacet
facet normal 0 1 0
  outer loop
    vertex -10.00208761854886 238.3094 3.484191522689661
    vertex -9 238.3094 1.732050807568875
    vertex -11.00684140956364 238.3094 1.7630654940675
  endloop
endfacet
facet normal 0 1 0
  outer loop
    vertex -4 238.3094 0
    vertex -6 238.3094 0
    vertex -4.999187450185332 238.3094 1.744806038981358
  endloop
endfacet
facet normal 0 1 0
  outer loop
    vertex -22 238.3094 0
    vertex -24 238.3094 0
    vertex -22.99192804048607 238.3094 1.760082384993682
  endloop
endfacet
facet normal 0 1 -0
  outer loop
    vertex -36 238.3094 0
    vertex -36.9966618328295 238.3094 1.7571007506423
    vertex -34.98950022003277 238.3094 1.777120033729908
  endloop
endfacet
facet normal 0 1 0
  outer loop
    vertex -32.98461068325658 238.3094 1.789695836061028
    vertex -34 238.3094 0
    vertex -34.98950022003277 238.3094 1.777120033729908
  endloop
endfacet
facet normal 0 1 0
  outer loop
    vertex -34 238.3094 0
    vertex -36 238.3094 0
    vertex -34.98950022003277 238.3094 1.777120033729908
  endloop
endfacet
facet normal 0 1 0
  outer loop
    vertex 7.959038692910923 238.3094 3.500749858224463
    vertex 6.98952371161505 238.3094 1.740374470902125
    vertex 5.979552409067736 238.3094 3.461112654279627
  endloop
endfacet
facet normal 0 1 0
  outer loop
    vertex 6.98952371161505 238.3094 1.740374470902125
    vertex 5 238.3094 1.732050807568877
    vertex 5.979552409067736 238.3094 3.461112654279627
  endloop
endfacet
facet normal 0 1 0
  outer loop
    vertex -1.008271359436414 238.3094 5.351987700032026
    vertex -2.012841308416057 238.3094 3.619218326846382
    vertex -2.999438087446975 238.3094 5.358428387259481
  endloop
endfacet
facet normal 0 1 0
  outer loop
    vertex 17.98712656985663 238.3094 3.480883688873073
    vertex 18.99172864056359 238.3094 1.74801229996797
    vertex 17.00054330323749 238.3094 1.74157761724947
  endloop
endfacet
facet normal -0 1 0
  outer loop
    vertex -33.97361243611424 238.3094 3.587072196094809
    vertex -32.9864013037091 238.3094 5.350742027742037
    vertex -31.9819639201958 238.3094 3.581315172220547
  endloop
endfacet
facet normal 0 1 0
  outer loop
    vertex -32 238.3094 7.1
    vertex -30.99425790993041 238.3094 5.337036360716871
    vertex -32.9864013037091 238.3094 5.350742027742037
  endloop
endfacet
facet normal 0 1 0
  outer loop
    vertex -34.98499001662745 238.3094 5.337109189096331
    vertex -34 238.3094 7.1
    vertex -32.9864013037091 238.3094 5.350742027742037
  endloop
endfacet
facet normal 0 1 0
  outer loop
    vertex 32 238.3094 7.1
    vertex 32.98496324763072 238.3094 5.346264520280476
    vertex 30.98636162569084 238.3094 5.338919470037458
  endloop
endfacet
facet normal -0 1 0
  outer loop
    vertex 28.98364045428476 238.3094 5.345904772818746
    vertex 30 238.3094 7.1
    vertex 30.98636162569084 238.3094 5.338919470037458
  endloop
endfacet
facet normal 0 1 -0
  outer loop
    vertex -20 238.3094 0
    vertex -20.98496324763067 238.3094 1.753735479719527
    vertex -18.98013660275706 238.3094 1.781608727442862
  endloop
endfacet
facet normal 0 1 0
  outer loop
    vertex -16.97889550093358 238.3094 1.790728361136226
    vertex -18 238.3094 0
    vertex -18.98013660275706 238.3094 1.781608727442862
  endloop
endfacet
facet normal 0 1 -0
  outer loop
    vertex -41.0214307083923 238.3094 1.737148746517017
    vertex -41.90588870466972 238.3094 3.519521084958163
    vertex -40.02888630870591 238.3094 3.447431094036867
  endloop
endfacet
facet normal 0 1 0
  outer loop
    vertex -40.02888630870591 238.3094 3.447431094036867
    vertex -41.90588870466972 238.3094 3.519521084958163
    vertex -41.01413452485859 238.3094 5.194764415747761
  endloop
endfacet
facet normal -0 1 0
  outer loop
    vertex -17.95009199095544 238.3094 3.608856301264624
    vertex -16.97889785674542 238.3094 5.357177280233401
    vertex -15.98136110575551 238.3094 3.562304176496531
  endloop
endfacet
facet normal 0 1 0
  outer loop
    vertex -41.0214307083923 238.3094 1.737148746517017
    vertex -40.02888630870591 238.3094 3.447431094036867
    vertex -39.00836859135737 238.3094 1.742069695859715
  endloop
endfacet
facet normal 0 1 0
  outer loop
    vertex 30.97711282154434 238.3094 1.755278998602903
    vertex 30 238.3094 0
    vertex 28.99112355272997 238.3094 1.798670686444906
  endloop
endfacet
facet normal 0 1 -0
  outer loop
    vertex 28 238.3094 0
    vertex 27.00262254860912 238.3094 1.78728138914082
    vertex 28.99112355272997 238.3094 1.798670686444906
  endloop
endfacet
facet normal 0 1 0
  outer loop
    vertex -16 238.3094 7.1
    vertex -14.99231176113896 238.3094 5.340212368901892
    vertex -16.97889785674542 238.3094 5.357177280233401
  endloop
endfacet
facet normal 0 1 0
  outer loop
    vertex -18.9771128215443 238.3094 5.344721001397152
    vertex -18 238.3094 7.1
    vertex -16.97889785674542 238.3094 5.357177280233401
  endloop
endfacet
facet normal 0 1 0
  outer loop
    vertex -42.98284662200165 238.3094 5.341068845567579
    vertex -41.90588870466972 238.3094 3.519521084958163
    vertex -43.43237729641426 238.3094 3.554842170687995
  endloop
endfacet
facet normal 0 1 0
  outer loop
    vertex 18.99172864056359 238.3094 1.74801229996797
    vertex 18 238.3094 0
    vertex 17.00054330323749 238.3094 1.74157761724947
  endloop
endfacet
facet normal 0 1 0
  outer loop
    vertex -2 238.3094 7.1
    vertex -1.008271359436414 238.3094 5.351987700032026
    vertex -2.999438087446975 238.3094 5.358428387259481
  endloop
endfacet
facet normal -0 1 0
  outer loop
    vertex -34 238.3094 7.1
    vertex -32 238.3094 7.1
    vertex -32.9864013037091 238.3094 5.350742027742037
  endloop
endfacet
facet normal -0 1 0
  outer loop
    vertex 30 238.3094 7.1
    vertex 32 238.3094 7.1
    vertex 30.98636162569084 238.3094 5.338919470037458
  endloop
endfacet
facet normal 0 1 0
  outer loop
    vertex -18 238.3094 0
    vertex -20 238.3094 0
    vertex -18.98013660275706 238.3094 1.781608727442862
  endloop
endfacet
facet normal -0 1 0
  outer loop
    vertex 42 238.3094 7.1
    vertex 44 238.3094 7.1
    vertex 42.97623707702679 238.3094 5.349394515363211
  endloop
endfacet
facet normal 0 1 0
  outer loop
    vertex 30 238.3094 0
    vertex 28 238.3094 0
    vertex 28.99112355272997 238.3094 1.798670686444906
  endloop
endfacet
facet normal -0 1 0
  outer loop
    vertex -18 238.3094 7.1
    vertex -16 238.3094 7.1
    vertex -16.97889785674542 238.3094 5.357177280233401
  endloop
endfacet
facet normal 0 1 0
  outer loop
    vertex -29.00556583411898 238.3094 1.751544226610724
    vertex -30.99262066282634 238.3094 1.769838636701135
    vertex -29.99968003081017 238.3094 3.504899780030605
  endloop
endfacet
facet normal 0 1 0
  outer loop
    vertex 18 238.3094 0
    vertex 16 238.3094 0
    vertex 17.00054330323749 238.3094 1.74157761724947
  endloop
endfacet
facet normal 0 1 0
  outer loop
    vertex -13.005565834119 238.3094 1.751544226610685
    vertex -14.98972198364773 238.3094 1.771017322429039
    vertex -13.99824754111199 238.3094 3.505833425014003
  endloop
endfacet
facet normal -0 1 0
  outer loop
    vertex -4 238.3094 7.1
    vertex -2 238.3094 7.1
    vertex -2.999438087446975 238.3094 5.358428387259481
  endloop
endfacet
facet normal -0 1 0
  outer loop
    vertex -44 238.3094 7.1
    vertex -42 238.3094 7.1
    vertex -42.98284662200165 238.3094 5.341068845567579
  endloop
endfacet
facet normal 0 1 0
  outer loop
    vertex 26.99423307447628 238.3094 5.356518494233399
    vertex 28.98364045428476 238.3094 5.345904772818746
    vertex 27.99237569378825 238.3094 3.570913479361535
  endloop
endfacet
facet normal 0 1 0
  outer loop
    vertex 46 238.3094 5.324999999999999
    vertex 46 238.3094 3.55
    vertex 44.57184236611761 238.3094 4.393044540276951
  endloop
endfacet
facet normal 0 1 0
  outer loop
    vertex 8.942192017193534 238.3094 5.299161116319153
    vertex 7.959038692910923 238.3094 3.500749858224463
    vertex 6.953547544737454 238.3094 5.230098038876099
  endloop
endfacet
facet normal 0 1 0
  outer loop
    vertex 25.99796887334376 238.3094 3.564590750263529
    vertex 26.99423307447628 238.3094 5.356518494233399
    vertex 27.99237569378825 238.3094 3.570913479361535
  endloop
endfacet
facet normal 0 1 0
  outer loop
    vertex 7.959038692910923 238.3094 3.500749858224463
    vertex 5.979552409067736 238.3094 3.461112654279627
    vertex 6.953547544737454 238.3094 5.230098038876099
  endloop
endfacet
facet normal 0 1 0
  outer loop
    vertex 46 238.3094 3.55
    vertex 46 238.3094 1.775
    vertex 44.62086533760345 238.3094 2.717175481290331
  endloop
endfacet
facet normal 0 1 0
  outer loop
    vertex -46 238.3094 1.775
    vertex -46 238.3094 3.55
    vertex -44.62057403650256 238.3094 2.717994269364894
  endloop
endfacet
facet normal 0 1 0
  outer loop
    vertex -46 238.3094 3.55
    vertex -46 238.3094 5.324999999999999
    vertex -44.57288371053991 238.3094 4.393921145447852
  endloop
endfacet
facet normal 0 1 0
  outer loop
    vertex 40.97880902008492 238.3094 5.3156057637347
    vertex 42 238.3094 7.1
    vertex 42.97623707702679 238.3094 5.349394515363211
  endloop
endfacet
facet normal 0 1 0
  outer loop
    vertex 44.57184236611761 238.3094 4.393044540276951
    vertex 46 238.3094 3.55
    vertex 44.62086533760345 238.3094 2.717175481290331
  endloop
endfacet
facet normal -0 1 0
  outer loop
    vertex -46 238.3094 3.55
    vertex -44.57288371053991 238.3094 4.393921145447852
    vertex -44.62057403650256 238.3094 2.717994269364894
  endloop
endfacet
facet normal -0 1 0
  outer loop
    vertex 44 238.3094 7.1
    vertex 46 238.3094 7.1
    vertex 44.70961588862888 238.3094 5.853487811128033
  endloop
endfacet
facet normal 0 1 0
  outer loop
    vertex 46 238.3094 0
    vertex 44 238.3094 0
    vertex 44.74078365176486 238.3094 1.257970527296809
  endloop
endfacet
facet normal 0 1 0
  outer loop
    vertex -44 238.3094 0
    vertex -46 238.3094 0
    vertex -44.74005348897201 238.3094 1.258939955493277
  endloop
endfacet
facet normal 0 1 0
  outer loop
    vertex 42.97623707702679 238.3094 5.349394515363211
    vertex 44.57184236611761 238.3094 4.393044540276951
    vertex 43.41856864859713 238.3094 3.55384583995018
  endloop
endfacet
facet normal -0 1 0
  outer loop
    vertex -46 238.3094 7.1
    vertex -44 238.3094 7.1
    vertex -44.71114606650832 238.3094 5.851997998203085
  endloop
endfacet
facet normal 0 1 0
  outer loop
    vertex 46 238.3094 7.1
    vertex 46 238.3094 5.324999999999999
    vertex 44.70961588862888 238.3094 5.853487811128033
  endloop
endfacet
facet normal 0 1 0
  outer loop
    vertex 46 238.3094 1.775
    vertex 46 238.3094 0
    vertex 44.74078365176486 238.3094 1.257970527296809
  endloop
endfacet
facet normal 0 1 0
  outer loop
    vertex -46 238.3094 0
    vertex -46 238.3094 1.775
    vertex -44.74005348897201 238.3094 1.258939955493277
  endloop
endfacet
facet normal 0 1 0
  outer loop
    vertex -46 238.3094 5.324999999999999
    vertex -46 238.3094 7.1
    vertex -44.71114606650832 238.3094 5.851997998203085
  endloop
endfacet
facet normal -0 1 0
  outer loop
    vertex -44.57288371053991 238.3094 4.393921145447852
    vertex -42.98284662200165 238.3094 5.341068845567579
    vertex -43.43237729641426 238.3094 3.554842170687995
  endloop
endfacet
facet normal 0 1 0
  outer loop
    vertex 42.97623707702679 238.3094 5.349394515363211
    vertex 44 238.3094 7.1
    vertex 44.70961588862888 238.3094 5.853487811128033
  endloop
endfacet
facet normal 0 1 -0
  outer loop
    vertex 44.57184236611761 238.3094 4.393044540276951
    vertex 42.97623707702679 238.3094 5.349394515363211
    vertex 44.70961588862888 238.3094 5.853487811128033
  endloop
endfacet
facet normal 0 1 0
  outer loop
    vertex -44 238.3094 7.1
    vertex -42.98284662200165 238.3094 5.341068845567579
    vertex -44.71114606650832 238.3094 5.851997998203085
  endloop
endfacet
facet normal 0 1 -0
  outer loop
    vertex 43.08305292122085 238.3094 1.797677155193715
    vertex 41.89029713421866 238.3094 3.549084805720167
    vertex 43.41856864859713 238.3094 3.55384583995018
  endloop
endfacet
facet normal 0 1 0
  outer loop
    vertex -41.90588870466972 238.3094 3.519521084958163
    vertex -43.07969340835744 238.3094 1.80170550810149
    vertex -43.43237729641426 238.3094 3.554842170687995
  endloop
endfacet
facet normal 0 1 -0
  outer loop
    vertex 44 238.3094 0
    vertex 43.08305292122085 238.3094 1.797677155193715
    vertex 44.74078365176486 238.3094 1.257970527296809
  endloop
endfacet
facet normal 0 1 0
  outer loop
    vertex -43.07969340835744 238.3094 1.80170550810149
    vertex -44 238.3094 0
    vertex -44.74005348897201 238.3094 1.258939955493277
  endloop
endfacet
facet normal 0 1 0
  outer loop
    vertex -42.98284662200165 238.3094 5.341068845567579
    vertex -44.57288371053991 238.3094 4.393921145447852
    vertex -44.71114606650832 238.3094 5.851997998203085
  endloop
endfacet
facet normal 0 1 0
  outer loop
    vertex 44.62086533760345 238.3094 2.717175481290331
    vertex 43.08305292122085 238.3094 1.797677155193715
    vertex 43.41856864859713 238.3094 3.55384583995018
  endloop
endfacet
facet normal 0 1 0
  outer loop
    vertex -43.07969340835744 238.3094 1.80170550810149
    vertex -44.62057403650256 238.3094 2.717994269364894
    vertex -43.43237729641426 238.3094 3.554842170687995
  endloop
endfacet
facet normal -0 1 0
  outer loop
    vertex 43.08305292122085 238.3094 1.797677155193715
    vertex 44.62086533760345 238.3094 2.717175481290331
    vertex 44.74078365176486 238.3094 1.257970527296809
  endloop
endfacet
facet normal 0 1 0
  outer loop
    vertex -44.62057403650256 238.3094 2.717994269364894
    vertex -43.07969340835744 238.3094 1.80170550810149
    vertex -44.74005348897201 238.3094 1.258939955493277
  endloop
endfacet
facet normal 0 1 0
  outer loop
    vertex 46 238.3094 5.324999999999999
    vertex 44.57184236611761 238.3094 4.393044540276951
    vertex 44.70961588862888 238.3094 5.853487811128033
  endloop
endfacet
facet normal 0 1 0
  outer loop
    vertex 44.62086533760345 238.3094 2.717175481290331
    vertex 46 238.3094 1.775
    vertex 44.74078365176486 238.3094 1.257970527296809
  endloop
endfacet
facet normal -0 1 0
  outer loop
    vertex -46 238.3094 1.775
    vertex -44.62057403650256 238.3094 2.717994269364894
    vertex -44.74005348897201 238.3094 1.258939955493277
  endloop
endfacet
facet normal 0 1 0
  outer loop
    vertex -44.57288371053991 238.3094 4.393921145447852
    vertex -46 238.3094 5.324999999999999
    vertex -44.71114606650832 238.3094 5.851997998203085
  endloop
endfacet
facet normal 0 1 0
  outer loop
    vertex 44.57184236611761 238.3094 4.393044540276951
    vertex 44.62086533760345 238.3094 2.717175481290331
    vertex 43.41856864859713 238.3094 3.55384583995018
  endloop
endfacet
facet normal 0 1 0
  outer loop
    vertex -44.62057403650256 238.3094 2.717994269364894
    vertex -44.57288371053991 238.3094 4.393921145447852
    vertex -43.43237729641426 238.3094 3.554842170687995
  endloop
endfacet
endsolid Created by Gmsh
