solid Created by Gmsh
facet normal -0.152825 -0.988253 0
  outer loop
    vertex 42.31552279338246 267.1696961309848 0
    vertex 42.31552279338246 267.1696961309848 0.5
    vertex 40.36246114126899 267.47172136624 0
  endloop
endfacet
facet normal -0.152825 -0.988253 0
  outer loop
    vertex 42.31552279338246 267.1696961309848 0.5
    vertex 40.36246114126899 267.47172136624 0.5
    vertex 40.36246114126899 267.47172136624 0
  endloop
endfacet
facet normal 0.152825 -0.988253 0
  outer loop
    vertex -40.36246114126889 267.47172136624 0
    vertex -42.31552279338243 267.1696961309848 0.5
    vertex -42.31552279338243 267.1696961309848 0
  endloop
endfacet
facet normal 0.152825 -0.988253 0
  outer loop
    vertex -40.36246114126889 267.47172136624 0.5
    vertex -42.31552279338243 267.1696961309848 0.5
    vertex -40.36246114126889 267.47172136624 0
  endloop
endfacet
facet normal -0.145601 -0.989343 0
  outer loop
    vertex 40.36246114126899 267.47172136624 0
    vertex 38.40724502862467 267.7594695418095 0.5
    vertex 38.40724502862467 267.7594695418095 0
  endloop
endfacet
facet normal -0.145601 -0.989343 0
  outer loop
    vertex 40.36246114126899 267.47172136624 0
    vertex 40.36246114126899 267.47172136624 0.5
    vertex 38.40724502862467 267.7594695418095 0.5
  endloop
endfacet
facet normal -0.138369 -0.990381 0
  outer loop
    vertex 36.44997882064008 268.0329252983202 0
    vertex 38.40724502862467 267.7594695418095 0
    vertex 38.40724502862467 267.7594695418095 0.5
  endloop
endfacet
facet normal -0.13113 -0.991365 0
  outer loop
    vertex 36.44997882064008 268.0329252983202 0
    vertex 36.44997882064008 268.0329252983202 0.5
    vertex 34.49076699193517 268.2920740392977 0
  endloop
endfacet
facet normal -0.138369 -0.990381 0
  outer loop
    vertex 36.44997882064008 268.0329252983202 0
    vertex 38.40724502862467 267.7594695418095 0.5
    vertex 36.44997882064008 268.0329252983202 0.5
  endloop
endfacet
facet normal -0.123883 -0.992297 0
  outer loop
    vertex 32.52971412098317 268.5369019319451 0
    vertex 34.49076699193517 268.2920740392977 0
    vertex 32.52971412098317 268.5369019319451 0.5
  endloop
endfacet
facet normal -0.13113 -0.991365 0
  outer loop
    vertex 36.44997882064008 268.0329252983202 0.5
    vertex 34.49076699193517 268.2920740392977 0.5
    vertex 34.49076699193517 268.2920740392977 0
  endloop
endfacet
facet normal -0.123883 -0.992297 0
  outer loop
    vertex 32.52971412098317 268.5369019319451 0.5
    vertex 34.49076699193517 268.2920740392977 0
    vertex 34.49076699193517 268.2920740392977 0.5
  endloop
endfacet
facet normal -0.11663 -0.993175 0
  outer loop
    vertex 30.56692488452793 268.7673959078809 0
    vertex 32.52971412098317 268.5369019319451 0
    vertex 30.56692488452793 268.7673959078809 0.5
  endloop
endfacet
facet normal -0.11663 -0.993175 0
  outer loop
    vertex 30.56692488452793 268.7673959078809 0.5
    vertex 32.52971412098317 268.5369019319451 0
    vertex 32.52971412098317 268.5369019319451 0.5
  endloop
endfacet
facet normal -0.109371 -0.994001 0
  outer loop
    vertex 30.56692488452793 268.7673959078809 0
    vertex 28.60250405199676 268.9835436638374 0.5
    vertex 28.60250405199676 268.9835436638374 0
  endloop
endfacet
facet normal -0.109371 -0.994001 -0
  outer loop
    vertex 30.56692488452793 268.7673959078809 0.5
    vertex 28.60250405199676 268.9835436638374 0.5
    vertex 30.56692488452793 268.7673959078809 0
  endloop
endfacet
facet normal -0.102106 -0.994774 0
  outer loop
    vertex 26.63655647990816 269.1853336623165 0
    vertex 28.60250405199676 268.9835436638374 0
    vertex 26.63655647990816 269.1853336623165 0.5
  endloop
endfacet
facet normal -0.102106 -0.994774 0
  outer loop
    vertex 26.63655647990816 269.1853336623165 0.5
    vertex 28.60250405199676 268.9835436638374 0
    vertex 28.60250405199676 268.9835436638374 0.5
  endloop
endfacet
facet normal -0.0948356 -0.995493 0
  outer loop
    vertex 26.63655647990816 269.1853336623165 0
    vertex 24.66918710627454 269.3727551322064 0.5
    vertex 24.66918710627454 269.3727551322064 0
  endloop
endfacet
facet normal -0.0948356 -0.995493 -0
  outer loop
    vertex 26.63655647990816 269.1853336623165 0.5
    vertex 24.66918710627454 269.3727551322064 0.5
    vertex 26.63655647990816 269.1853336623165 0
  endloop
endfacet
facet normal -0.0875601 -0.996159 0
  outer loop
    vertex 24.66918710627454 269.3727551322064 0
    vertex 22.70050094500095 269.545798069356 0.5
    vertex 22.70050094500095 269.545798069356 0
  endloop
endfacet
facet normal -0.0875601 -0.996159 0
  outer loop
    vertex 24.66918710627454 269.3727551322064 0
    vertex 24.66918710627454 269.3727551322064 0.5
    vertex 22.70050094500095 269.545798069356 0.5
  endloop
endfacet
facet normal -0.0802798 -0.996772 0
  outer loop
    vertex 20.73060308027992 269.704453237109 0
    vertex 22.70050094500095 269.545798069356 0
    vertex 22.70050094500095 269.545798069356 0.5
  endloop
endfacet
facet normal -0.0729953 -0.997332 -0
  outer loop
    vertex 20.73060308027992 269.704453237109 0.5
    vertex 18.75959866098185 269.848712166797 0
    vertex 20.73060308027992 269.704453237109 0
  endloop
endfacet
facet normal -0.0802798 -0.996772 0
  outer loop
    vertex 20.73060308027992 269.704453237109 0
    vertex 22.70050094500095 269.545798069356 0.5
    vertex 20.73060308027992 269.704453237109 0.5
  endloop
endfacet
facet normal -0.0657069 -0.997839 0
  outer loop
    vertex 18.75959866098185 269.848712166797 0
    vertex 16.78759289504269 269.9785671581919 0.5
    vertex 16.78759289504269 269.9785671581919 0
  endloop
endfacet
facet normal -0.0729953 -0.997332 0
  outer loop
    vertex 20.73060308027992 269.704453237109 0.5
    vertex 18.75959866098185 269.848712166797 0.5
    vertex 18.75959866098185 269.848712166797 0
  endloop
endfacet
facet normal -0.0657069 -0.997839 -0
  outer loop
    vertex 18.75959866098185 269.848712166797 0.5
    vertex 16.78759289504269 269.9785671581919 0.5
    vertex 18.75959866098185 269.848712166797 0
  endloop
endfacet
facet normal -0.058415 -0.998292 0
  outer loop
    vertex 16.78759289504269 269.9785671581919 0
    vertex 16.78759289504269 269.9785671581919 0.5
    vertex 14.8146910438482 270.0940112799159 0
  endloop
endfacet
facet normal -0.0511199 -0.998693 0
  outer loop
    vertex 12.84099841661511 270.1950383698126 0
    vertex 14.8146910438482 270.0940112799159 0
    vertex 12.84099841661511 270.1950383698126 0.5
  endloop
endfacet
facet normal -0.058415 -0.998292 0
  outer loop
    vertex 16.78759289504269 269.9785671581919 0.5
    vertex 14.8146910438482 270.0940112799159 0.5
    vertex 14.8146910438482 270.0940112799159 0
  endloop
endfacet
facet normal -0.0511199 -0.998693 0
  outer loop
    vertex 12.84099841661511 270.1950383698126 0.5
    vertex 14.8146910438482 270.0940112799159 0
    vertex 14.8146910438482 270.0940112799159 0.5
  endloop
endfacet
facet normal -0.0438221 -0.999039 0
  outer loop
    vertex 12.84099841661511 270.1950383698126 0
    vertex 10.86662036477004 270.2816430352752 0.5
    vertex 10.86662036477004 270.2816430352752 0
  endloop
endfacet
facet normal -0.0438221 -0.999039 -0
  outer loop
    vertex 12.84099841661511 270.1950383698126 0.5
    vertex 10.86662036477004 270.2816430352752 0.5
    vertex 12.84099841661511 270.1950383698126 0
  endloop
endfacet
facet normal -0.036522 -0.999333 0
  outer loop
    vertex 10.86662036477004 270.2816430352752 0
    vertex 8.891662276326233 270.353820653535 0.5
    vertex 8.891662276326233 270.353820653535 0
  endloop
endfacet
facet normal -0.036522 -0.999333 -0
  outer loop
    vertex 10.86662036477004 270.2816430352752 0.5
    vertex 8.891662276326233 270.353820653535 0.5
    vertex 10.86662036477004 270.2816430352752 0
  endloop
endfacet
facet normal -0.02922 -0.999573 -0
  outer loop
    vertex 8.891662276326233 270.353820653535 0.5
    vertex 6.916229570257833 270.4115673719072 0
    vertex 8.891662276326233 270.353820653535 0
  endloop
endfacet
facet normal -0.0219163 -0.99976 0
  outer loop
    vertex 6.916229570257833 270.4115673719072 0
    vertex 4.940427690873259 270.4548801079974 0.5
    vertex 4.940427690873259 270.4548801079974 0
  endloop
endfacet
facet normal -0.02922 -0.999573 0
  outer loop
    vertex 8.891662276326233 270.353820653535 0.5
    vertex 6.916229570257833 270.4115673719072 0.5
    vertex 6.916229570257833 270.4115673719072 0
  endloop
endfacet
facet normal -0.0219163 -0.99976 0
  outer loop
    vertex 6.916229570257833 270.4115673719072 0
    vertex 6.916229570257833 270.4115673719072 0.5
    vertex 4.940427690873259 270.4548801079974 0.5
  endloop
endfacet
facet normal -0.0146115 -0.999893 0
  outer loop
    vertex 4.940427690873259 270.4548801079974 0
    vertex 2.964362102186421 270.4837565498659 0.5
    vertex 2.964362102186421 270.4837565498659 0
  endloop
endfacet
facet normal -0.0146115 -0.999893 0
  outer loop
    vertex 4.940427690873259 270.4548801079974 0
    vertex 4.940427690873259 270.4548801079974 0.5
    vertex 2.964362102186421 270.4837565498659 0.5
  endloop
endfacet
facet normal -0.00730596 -0.999973 0
  outer loop
    vertex 2.964362102186421 270.4837565498659 0
    vertex 2.964362102186421 270.4837565498659 0.5
    vertex 0.9881382822874646 270.4981951561509 0
  endloop
endfacet
facet normal 0 -1 0
  outer loop
    vertex 0.9881382822874646 270.4981951561509 0
    vertex -0.9881382822872512 270.4981951561509 0.5
    vertex -0.9881382822872512 270.4981951561509 0
  endloop
endfacet
facet normal -0.00730596 -0.999973 0
  outer loop
    vertex 2.964362102186421 270.4837565498659 0.5
    vertex 0.9881382822874646 270.4981951561509 0.5
    vertex 0.9881382822874646 270.4981951561509 0
  endloop
endfacet
facet normal 0 -1 0
  outer loop
    vertex 0.9881382822874646 270.4981951561509 0
    vertex 0.9881382822874646 270.4981951561509 0.5
    vertex -0.9881382822872512 270.4981951561509 0.5
  endloop
endfacet
facet normal 0.00730596 -0.999973 0
  outer loop
    vertex -2.964362102186209 270.4837565498659 0
    vertex -0.9881382822872512 270.4981951561509 0
    vertex -2.964362102186209 270.4837565498659 0.5
  endloop
endfacet
facet normal 0.00730596 -0.999973 0
  outer loop
    vertex -2.964362102186209 270.4837565498659 0.5
    vertex -0.9881382822872512 270.4981951561509 0
    vertex -0.9881382822872512 270.4981951561509 0.5
  endloop
endfacet
facet normal 0.0146115 -0.999893 0
  outer loop
    vertex -4.940427690873046 270.4548801079974 0
    vertex -2.964362102186209 270.4837565498659 0
    vertex -2.964362102186209 270.4837565498659 0.5
  endloop
endfacet
facet normal 0.0219163 -0.99976 0
  outer loop
    vertex -6.916229570257621 270.4115673719072 0
    vertex -4.940427690873046 270.4548801079974 0
    vertex -4.940427690873046 270.4548801079974 0.5
  endloop
endfacet
facet normal 0.0146115 -0.999893 0
  outer loop
    vertex -4.940427690873046 270.4548801079974 0
    vertex -2.964362102186209 270.4837565498659 0.5
    vertex -4.940427690873046 270.4548801079974 0.5
  endloop
endfacet
facet normal 0.02922 -0.999573 0
  outer loop
    vertex -8.891662276326022 270.353820653535 0
    vertex -6.916229570257621 270.4115673719072 0
    vertex -8.891662276326022 270.353820653535 0.5
  endloop
endfacet
facet normal 0.0219163 -0.99976 0
  outer loop
    vertex -6.916229570257621 270.4115673719072 0
    vertex -4.940427690873046 270.4548801079974 0.5
    vertex -6.916229570257621 270.4115673719072 0.5
  endloop
endfacet
facet normal 0.02922 -0.999573 0
  outer loop
    vertex -8.891662276326022 270.353820653535 0.5
    vertex -6.916229570257621 270.4115673719072 0
    vertex -6.916229570257621 270.4115673719072 0.5
  endloop
endfacet
facet normal 0.036522 -0.999333 0
  outer loop
    vertex -10.86662036476982 270.2816430352753 0
    vertex -8.891662276326022 270.353820653535 0
    vertex -10.86662036476982 270.2816430352753 0.5
  endloop
endfacet
facet normal 0.036522 -0.999333 0
  outer loop
    vertex -10.86662036476982 270.2816430352753 0.5
    vertex -8.891662276326022 270.353820653535 0
    vertex -8.891662276326022 270.353820653535 0.5
  endloop
endfacet
facet normal 0.0438221 -0.999039 0
  outer loop
    vertex -10.86662036476982 270.2816430352753 0.5
    vertex -12.8409984166149 270.1950383698126 0
    vertex -10.86662036476982 270.2816430352753 0
  endloop
endfacet
facet normal 0.0511199 -0.998693 0
  outer loop
    vertex -14.81469104384799 270.0940112799159 0
    vertex -12.8409984166149 270.1950383698126 0
    vertex -12.8409984166149 270.1950383698126 0.5
  endloop
endfacet
facet normal 0.0438221 -0.999039 0
  outer loop
    vertex -10.86662036476982 270.2816430352753 0.5
    vertex -12.8409984166149 270.1950383698126 0.5
    vertex -12.8409984166149 270.1950383698126 0
  endloop
endfacet
facet normal 0.058415 -0.998292 0
  outer loop
    vertex -14.81469104384799 270.0940112799159 0
    vertex -14.81469104384799 270.0940112799159 0.5
    vertex -16.78759289504253 269.9785671581919 0
  endloop
endfacet
facet normal 0.0511199 -0.998693 0
  outer loop
    vertex -14.81469104384799 270.0940112799159 0
    vertex -12.8409984166149 270.1950383698126 0.5
    vertex -14.81469104384799 270.0940112799159 0.5
  endloop
endfacet
facet normal 0.0657069 -0.997839 0
  outer loop
    vertex -16.78759289504253 269.9785671581919 0
    vertex -18.75959866098164 269.848712166797 0.5
    vertex -18.75959866098164 269.848712166797 0
  endloop
endfacet
facet normal 0.058415 -0.998292 0
  outer loop
    vertex -14.81469104384799 270.0940112799159 0.5
    vertex -16.78759289504253 269.9785671581919 0.5
    vertex -16.78759289504253 269.9785671581919 0
  endloop
endfacet
facet normal 0.0657069 -0.997839 0
  outer loop
    vertex -16.78759289504253 269.9785671581919 0.5
    vertex -18.75959866098164 269.848712166797 0.5
    vertex -16.78759289504253 269.9785671581919 0
  endloop
endfacet
facet normal 0.0729953 -0.997332 0
  outer loop
    vertex -18.75959866098164 269.848712166797 0.5
    vertex -20.73060308027976 269.704453237109 0
    vertex -18.75959866098164 269.848712166797 0
  endloop
endfacet
facet normal 0.0802798 -0.996772 0
  outer loop
    vertex -20.73060308027976 269.704453237109 0
    vertex -22.7005009450008 269.545798069356 0.5
    vertex -22.7005009450008 269.545798069356 0
  endloop
endfacet
facet normal 0.0729953 -0.997332 0
  outer loop
    vertex -18.75959866098164 269.848712166797 0.5
    vertex -20.73060308027976 269.704453237109 0.5
    vertex -20.73060308027976 269.704453237109 0
  endloop
endfacet
facet normal 0.0802798 -0.996772 0
  outer loop
    vertex -20.73060308027976 269.704453237109 0.5
    vertex -22.7005009450008 269.545798069356 0.5
    vertex -20.73060308027976 269.704453237109 0
  endloop
endfacet
facet normal 0.0875601 -0.996159 0
  outer loop
    vertex -24.66918710627439 269.3727551322064 0
    vertex -22.7005009450008 269.545798069356 0
    vertex -24.66918710627439 269.3727551322064 0.5
  endloop
endfacet
facet normal 0.0875601 -0.996159 0
  outer loop
    vertex -24.66918710627439 269.3727551322064 0.5
    vertex -22.7005009450008 269.545798069356 0
    vertex -22.7005009450008 269.545798069356 0.5
  endloop
endfacet
facet normal 0.0948356 -0.995493 0
  outer loop
    vertex -26.63655647990801 269.1853336623165 0
    vertex -24.66918710627439 269.3727551322064 0
    vertex -26.63655647990801 269.1853336623165 0.5
  endloop
endfacet
facet normal 0.0948356 -0.995493 0
  outer loop
    vertex -26.63655647990801 269.1853336623165 0.5
    vertex -24.66918710627439 269.3727551322064 0
    vertex -24.66918710627439 269.3727551322064 0.5
  endloop
endfacet
facet normal 0.102106 -0.994774 0
  outer loop
    vertex -28.60250405199666 268.9835436638374 0
    vertex -26.63655647990801 269.1853336623165 0
    vertex -26.63655647990801 269.1853336623165 0.5
  endloop
endfacet
facet normal 0.109371 -0.994001 0
  outer loop
    vertex -30.56692488452778 268.767395907881 0
    vertex -28.60250405199666 268.9835436638374 0
    vertex -28.60250405199666 268.9835436638374 0.5
  endloop
endfacet
facet normal 0.102106 -0.994774 0
  outer loop
    vertex -28.60250405199666 268.9835436638374 0
    vertex -26.63655647990801 269.1853336623165 0.5
    vertex -28.60250405199666 268.9835436638374 0.5
  endloop
endfacet
facet normal 0.11663 -0.993175 0
  outer loop
    vertex -32.52971412098307 268.5369019319451 0
    vertex -30.56692488452778 268.767395907881 0
    vertex -32.52971412098307 268.5369019319451 0.5
  endloop
endfacet
facet normal 0.109371 -0.994001 0
  outer loop
    vertex -30.56692488452778 268.767395907881 0
    vertex -28.60250405199666 268.9835436638374 0.5
    vertex -30.56692488452778 268.767395907881 0.5
  endloop
endfacet
facet normal 0.11663 -0.993175 0
  outer loop
    vertex -32.52971412098307 268.5369019319451 0.5
    vertex -30.56692488452778 268.767395907881 0
    vertex -30.56692488452778 268.767395907881 0.5
  endloop
endfacet
facet normal 0.123883 -0.992297 0
  outer loop
    vertex -34.49076699193515 268.2920740392977 0
    vertex -32.52971412098307 268.5369019319451 0
    vertex -34.49076699193515 268.2920740392977 0.5
  endloop
endfacet
facet normal 0.123883 -0.992297 0
  outer loop
    vertex -34.49076699193515 268.2920740392977 0.5
    vertex -32.52971412098307 268.5369019319451 0
    vertex -32.52971412098307 268.5369019319451 0.5
  endloop
endfacet
facet normal 0.13113 -0.991365 0
  outer loop
    vertex -34.49076699193515 268.2920740392977 0.5
    vertex -36.44997882063998 268.0329252983202 0
    vertex -34.49076699193515 268.2920740392977 0
  endloop
endfacet
facet normal 0.138369 -0.990381 0
  outer loop
    vertex -38.40724502862464 267.7594695418095 0
    vertex -36.44997882063998 268.0329252983202 0
    vertex -36.44997882063998 268.0329252983202 0.5
  endloop
endfacet
facet normal 0.13113 -0.991365 0
  outer loop
    vertex -34.49076699193515 268.2920740392977 0.5
    vertex -36.44997882063998 268.0329252983202 0.5
    vertex -36.44997882063998 268.0329252983202 0
  endloop
endfacet
facet normal 0.145601 -0.989343 0
  outer loop
    vertex -40.36246114126889 267.47172136624 0
    vertex -38.40724502862464 267.7594695418095 0
    vertex -40.36246114126889 267.47172136624 0.5
  endloop
endfacet
facet normal 0.138369 -0.990381 0
  outer loop
    vertex -38.40724502862464 267.7594695418095 0
    vertex -36.44997882063998 268.0329252983202 0.5
    vertex -38.40724502862464 267.7594695418095 0.5
  endloop
endfacet
facet normal 0.145601 -0.989343 0
  outer loop
    vertex -40.36246114126889 267.47172136624 0.5
    vertex -38.40724502862464 267.7594695418095 0
    vertex -38.40724502862464 267.7594695418095 0.5
  endloop
endfacet
facet normal 0 0 1
  outer loop
    vertex -40.43530270551253 280.6015614623582 0.5
    vertex -41.38553975158177 279.5813263975127 0.5
    vertex -39.34222178838523 279.9344537244003 0.5
  endloop
endfacet
facet normal 0 0 1
  outer loop
    vertex 41.3855397515818 279.5813263975127 0.5
    vertex 40.43530270551256 280.6015614623582 0.5
    vertex 39.34222178838525 279.9344537244003 0.5
  endloop
endfacet
facet normal 0 0 1
  outer loop
    vertex 32.65743141458259 270.3857579524496 0.5
    vertex 30.90119138970218 269.4909089643522 0.5
    vertex 32.52971412098317 268.5369019319451 0.5
  endloop
endfacet
facet normal 0 0 1
  outer loop
    vertex -30.90119138970214 269.4909089643522 0.5
    vertex -32.65743141458255 270.3857579524496 0.5
    vertex -32.52971412098307 268.5369019319451 0.5
  endloop
endfacet
facet normal 0 -0 1
  outer loop
    vertex 38.40724502862467 267.7594695418095 0.5
    vertex 39.62929972670139 268.492863280291 0.5
    vertex 37.54939853829247 268.7607305361723 0.5
  endloop
endfacet
facet normal -0 0 1
  outer loop
    vertex -39.62929972670135 268.492863280291 0.5
    vertex -38.40724502862464 267.7594695418095 0.5
    vertex -37.54939853829237 268.7607305361724 0.5
  endloop
endfacet
facet normal 0 0 1
  outer loop
    vertex 35.25438432514001 275.4825650170117 0.5
    vertex 37.3406907634845 275.5364774094153 0.5
    vertex 36.56909922609311 277.6054096907662 0.5
  endloop
endfacet
facet normal -0 0 1
  outer loop
    vertex -37.34069076348447 275.5364774094153 0.5
    vertex -35.25438432513997 275.4825650170117 0.5
    vertex -36.56909922609309 277.6054096907662 0.5
  endloop
endfacet
facet normal 0 -0 1
  outer loop
    vertex -22.7005009450008 269.545798069356 0.5
    vertex -21.87765715738838 271.55898551603 0.5
    vertex -23.67125194098776 270.5285629195222 0.5
  endloop
endfacet
facet normal 0 0 1
  outer loop
    vertex 21.87765715738846 271.55898551603 0.5
    vertex 22.70050094500095 269.545798069356 0.5
    vertex 23.67125194098784 270.5285629195222 0.5
  endloop
endfacet
facet normal 0 -0 1
  outer loop
    vertex 3.703047089442596 282.0968070645621 0.5
    vertex 4.947757224969838 283.4568215768369 0.5
    vertex 2.968750796955641 283.4844555151227 0.5
  endloop
endfacet
facet normal 0 -0 1
  outer loop
    vertex -3.703047089442565 282.0968070645621 0.5
    vertex -2.968750796955732 283.4844555151227 0.5
    vertex -4.947757224969929 283.4568215768369 0.5
  endloop
endfacet
facet normal 0 0 1
  outer loop
    vertex -2.964362102186209 270.4837565498659 0.5
    vertex -3.703047089442561 271.9031929354378 0.5
    vertex -4.940427690873046 270.4548801079974 0.5
  endloop
endfacet
facet normal 0 0 1
  outer loop
    vertex 4.940427690873259 270.4548801079974 0.5
    vertex 3.7030470894426 271.9031929354379 0.5
    vertex 2.964362102186421 270.4837565498659 0.5
  endloop
endfacet
facet normal 0 0 1
  outer loop
    vertex 38.2355397515818 269.8866232554106 0.5
    vertex 37.3406907634845 271.642863280291 0.5
    vertex 35.99386290656981 270.0319395429298 0.5
  endloop
endfacet
facet normal 0 0 1
  outer loop
    vertex -37.34069076348447 271.642863280291 0.5
    vertex -38.23553975158176 269.8866232554106 0.5
    vertex -35.99386290656976 270.0319395429298 0.5
  endloop
endfacet
facet normal 0 0 1
  outer loop
    vertex -22.7005009450008 269.545798069356 0.5
    vertex -20.73060308027976 269.704453237109 0.5
    vertex -21.87765715738838 271.55898551603 0.5
  endloop
endfacet
facet normal -0 0 1
  outer loop
    vertex 20.73060308027992 269.704453237109 0.5
    vertex 22.70050094500095 269.545798069356 0.5
    vertex 21.87765715738846 271.55898551603 0.5
  endloop
endfacet
facet normal 0 0 1
  outer loop
    vertex 5.991656052659485 275.0531929354378 0.5
    vertex 5.096807064562187 273.2969529105574 0.5
    vertex 7.176312928241993 273.5453462234221 0.5
  endloop
endfacet
facet normal 0 0 1
  outer loop
    vertex -5.096807064562149 273.2969529105574 0.5
    vertex -5.991656052659449 275.0531929354378 0.5
    vertex -7.176312928241906 273.5453462234221 0.5
  endloop
endfacet
facet normal 0 0 1
  outer loop
    vertex -9.400252814733275 280.3234282164595 0.5
    vertex -8.505403826635977 278.5671881915791 0.5
    vertex -7.205627457173329 280.0739318185091 0.5
  endloop
endfacet
facet normal 0 -0 1
  outer loop
    vertex 8.505403826636011 278.5671881915791 0.5
    vertex 9.40025281473331 280.3234282164595 0.5
    vertex 7.205627457173343 280.0739318185091 0.5
  endloop
endfacet
facet normal 0 -0 1
  outer loop
    vertex -35.25438432513997 275.4825650170117 0.5
    vertex -34.94604037779944 277.4293720815739 0.5
    vertex -36.56909922609309 277.6054096907662 0.5
  endloop
endfacet
facet normal -0 0 1
  outer loop
    vertex 34.94604037779948 277.4293720815739 0.5
    vertex 35.25438432514001 275.4825650170117 0.5
    vertex 36.56909922609311 277.6054096907662 0.5
  endloop
endfacet
facet normal 0 0 1
  outer loop
    vertex 35.25438432514001 275.4825650170117 0.5
    vertex 34.94604037779948 273.5357579524496 0.5
    vertex 37.03234681614397 273.5896703448532 0.5
  endloop
endfacet
facet normal 0 0 1
  outer loop
    vertex -35.25438432513997 275.4825650170117 0.5
    vertex -37.34069076348447 275.5364774094153 0.5
    vertex -37.03234681614394 273.5896703448532 0.5
  endloop
endfacet
facet normal -0 0 1
  outer loop
    vertex 35.25438432514001 275.4825650170117 0.5
    vertex 37.03234681614397 273.5896703448532 0.5
    vertex 37.3406907634845 275.5364774094153 0.5
  endloop
endfacet
facet normal 0 0 1
  outer loop
    vertex -34.94604037779944 273.5357579524496 0.5
    vertex -35.25438432513997 275.4825650170117 0.5
    vertex -37.03234681614394 273.5896703448532 0.5
  endloop
endfacet
facet normal 0 0 1
  outer loop
    vertex -21.87765715738838 271.55898551603 0.5
    vertex -23.8575772605778 271.7795179275691 0.5
    vertex -23.67125194098776 270.5285629195222 0.5
  endloop
endfacet
facet normal 0 0 1
  outer loop
    vertex 23.85757726057784 271.7795179275691 0.5
    vertex 21.87765715738846 271.55898551603 0.5
    vertex 23.67125194098784 270.5285629195222 0.5
  endloop
endfacet
facet normal 0 0 1
  outer loop
    vertex 10.86662036477004 270.2816430352752 0.5
    vertex 10.7940127898529 271.5235740624548 0.5
    vertex 9.451614927274951 271.5749361749964 0.5
  endloop
endfacet
facet normal -0 0 1
  outer loop
    vertex -10.79401278985286 271.5235740624548 0.5
    vertex -10.86662036476982 270.2816430352753 0.5
    vertex -9.451614927274878 271.5749361749964 0.5
  endloop
endfacet
facet normal -0 0 1
  outer loop
    vertex 5.991656052659485 275.0531929354378 0.5
    vertex 7.176312928241993 273.5453462234221 0.5
    vertex 7.342744269806818 275.487248853303 0.5
  endloop
endfacet
facet normal 0 -0 1
  outer loop
    vertex -7.176312928241906 273.5453462234221 0.5
    vertex -5.991656052659449 275.0531929354378 0.5
    vertex -7.342744269806779 275.487248853303 0.5
  endloop
endfacet
facet normal 0 0 1
  outer loop
    vertex 8.505403826636011 278.5671881915791 0.5
    vertex 7.205627457173343 280.0739318185091 0.5
    vertex 7.154315609488678 278.133132273714 0.5
  endloop
endfacet
facet normal 0 0 1
  outer loop
    vertex -7.205627457173329 280.0739318185091 0.5
    vertex -8.505403826635977 278.5671881915791 0.5
    vertex -7.154315609488648 278.133132273714 0.5
  endloop
endfacet
facet normal 0 0 1
  outer loop
    vertex 32.65743141458259 280.5793720815739 0.5
    vertex 34.05119138970218 279.1856121064543 0.5
    vertex 33.8683494225564 280.4150716661186 0.5
  endloop
endfacet
facet normal 0 0 1
  outer loop
    vertex -34.05119138970214 279.1856121064543 0.5
    vertex -32.65743141458255 280.5793720815739 0.5
    vertex -33.86834942255641 280.4150716661186 0.5
  endloop
endfacet
facet normal 0 0 1
  outer loop
    vertex -19.59386694385761 272.9173340375744 0.5
    vertex -21.87765715738838 271.55898551603 0.5
    vertex -19.83236656224908 271.110611803993 0.5
  endloop
endfacet
facet normal 0 0 1
  outer loop
    vertex 21.87765715738846 271.55898551603 0.5
    vertex 19.59386694385765 272.9173340375744 0.5
    vertex 19.83236656224919 271.110611803993 0.5
  endloop
endfacet
facet normal 0 -0 1
  outer loop
    vertex 38.2355397515818 277.2927174342958 0.5
    vertex 39.62929972670138 278.6864774094153 0.5
    vertex 37.77782268706805 279.3414160698659 0.5
  endloop
endfacet
facet normal -0 0 1
  outer loop
    vertex -39.62929972670135 278.6864774094153 0.5
    vertex -38.23553975158176 277.2927174342958 0.5
    vertex -37.77782268706804 279.3414160698659 0.5
  endloop
endfacet
facet normal 0 0 1
  outer loop
    vertex 38.2355397515818 269.8866232554106 0.5
    vertex 35.99386290656981 270.0319395429298 0.5
    vertex 37.54939853829247 268.7607305361723 0.5
  endloop
endfacet
facet normal 0 0 1
  outer loop
    vertex -35.99386290656976 270.0319395429298 0.5
    vertex -38.23553975158176 269.8866232554106 0.5
    vertex -37.54939853829237 268.7607305361724 0.5
  endloop
endfacet
facet normal 0 0 1
  outer loop
    vertex -35.99386290656976 270.0319395429298 0.5
    vertex -34.05119138970214 271.7795179275691 0.5
    vertex -35.82619761712623 272.0944206366095 0.5
  endloop
endfacet
facet normal -0 0 1
  outer loop
    vertex 34.05119138970218 271.7795179275691 0.5
    vertex 35.99386290656981 270.0319395429298 0.5
    vertex 35.82619761712628 272.0944206366095 0.5
  endloop
endfacet
facet normal 0 0 1
  outer loop
    vertex -19.59386694385761 280.3234282164595 0.5
    vertex -19.8033466846193 281.8593609448254 0.5
    vertex -21.30784677968162 281.4560626122902 0.5
  endloop
endfacet
facet normal 0 0 1
  outer loop
    vertex 19.80334668461926 281.8593609448254 0.5
    vertex 19.59386694385765 280.3234282164595 0.5
    vertex 21.30784677968159 281.4560626122902 0.5
  endloop
endfacet
facet normal 0 0 1
  outer loop
    vertex 8.255304778318976 281.8109525383552 0.5
    vertex 6.926522506277133 283.4153723529654 0.5
    vertex 5.909738480178516 282.1279684859159 0.5
  endloop
endfacet
facet normal 0 0 1
  outer loop
    vertex -6.926522506277224 283.4153723529654 0.5
    vertex -8.255304778318974 281.8109525383552 0.5
    vertex -5.909738480178609 282.1279684859159 0.5
  endloop
endfacet
facet normal -0 0 1
  outer loop
    vertex 21.63965946090011 280.1364157371881 0.5
    vertex 23.85757726057784 279.1856121064543 0.5
    vertex 23.31078365579749 281.0917044397884 0.5
  endloop
endfacet
facet normal 0 0 1
  outer loop
    vertex -23.85757726057781 279.1856121064543 0.5
    vertex -21.63965946090008 280.1364157371881 0.5
    vertex -23.31078365579752 281.0917044397884 0.5
  endloop
endfacet
facet normal 0 0 1
  outer loop
    vertex 35.99386290656981 270.0319395429298 0.5
    vertex 34.05119138970218 271.7795179275691 0.5
    vertex 33.99576996449051 269.8095085712532 0.5
  endloop
endfacet
facet normal 0 0 1
  outer loop
    vertex -34.05119138970214 271.7795179275691 0.5
    vertex -35.99386290656976 270.0319395429298 0.5
    vertex -33.99576996449046 269.8095085712532 0.5
  endloop
endfacet
facet normal -0 0 1
  outer loop
    vertex -10.79401278985286 281.7171881915791 0.5
    vertex -9.400252814733275 280.3234282164595 0.5
    vertex -9.647492891573302 282.100543122498 0.5
  endloop
endfacet
facet normal 0 0 1
  outer loop
    vertex 9.40025281473331 280.3234282164595 0.5
    vertex 10.7940127898529 281.7171881915791 0.5
    vertex 9.647492891573279 282.100543122498 0.5
  endloop
endfacet
facet normal 0 0 1
  outer loop
    vertex -21.87765715738838 271.55898551603 0.5
    vertex -20.73060308027976 269.704453237109 0.5
    vertex -19.83236656224908 271.110611803993 0.5
  endloop
endfacet
facet normal 0 -0 1
  outer loop
    vertex 20.73060308027992 269.704453237109 0.5
    vertex 21.87765715738846 271.55898551603 0.5
    vertex 19.83236656224919 271.110611803993 0.5
  endloop
endfacet
facet normal -0 0 1
  outer loop
    vertex -22.9627282724805 277.4293720815739 0.5
    vertex -20.79705987929544 276.620381127017 0.5
    vertex -22.03030213841765 278.6354783558332 0.5
  endloop
endfacet
facet normal 0 0 1
  outer loop
    vertex 20.79705987929548 276.620381127017 0.5
    vertex 22.96272827248054 277.4293720815739 0.5
    vertex 22.03030213841769 278.6354783558332 0.5
  endloop
endfacet
facet normal 0 0 1
  outer loop
    vertex -20.48871593195491 274.6735740624548 0.5
    vertex -22.65438432513997 275.4825650170117 0.5
    vertex -21.39258281159212 273.3803040399301 0.5
  endloop
endfacet
facet normal 0 0 1
  outer loop
    vertex 22.65438432514001 275.4825650170117 0.5
    vertex 20.48871593195495 274.6735740624548 0.5
    vertex 21.39258281159217 273.3803040399302 0.5
  endloop
endfacet
facet normal 0 0 1
  outer loop
    vertex 23.85757726057784 279.1856121064543 0.5
    vertex 21.63965946090011 280.1364157371881 0.5
    vertex 22.03030213841769 278.6354783558332 0.5
  endloop
endfacet
facet normal 0 0 1
  outer loop
    vertex -21.63965946090008 280.1364157371881 0.5
    vertex -23.85757726057781 279.1856121064543 0.5
    vertex -22.03030213841765 278.6354783558332 0.5
  endloop
endfacet
facet normal -0 0 1
  outer loop
    vertex 19.59386694385765 272.9173340375744 0.5
    vertex 21.87765715738846 271.55898551603 0.5
    vertex 21.39258281159217 273.3803040399302 0.5
  endloop
endfacet
facet normal 0 0 1
  outer loop
    vertex -21.87765715738838 271.55898551603 0.5
    vertex -19.59386694385761 272.9173340375744 0.5
    vertex -21.39258281159212 273.3803040399301 0.5
  endloop
endfacet
facet normal 0 -0 1
  outer loop
    vertex 7.205627457173343 280.0739318185091 0.5
    vertex 8.255304778318976 281.8109525383552 0.5
    vertex 5.909738480178516 282.1279684859159 0.5
  endloop
endfacet
facet normal -0 0 1
  outer loop
    vertex -8.255304778318974 281.8109525383552 0.5
    vertex -7.205627457173329 280.0739318185091 0.5
    vertex -5.909738480178609 282.1279684859159 0.5
  endloop
endfacet
facet normal 0 -0 1
  outer loop
    vertex 22.65438432514001 275.4825650170117 0.5
    vertex 22.96272827248054 277.4293720815739 0.5
    vertex 20.79705987929548 276.620381127017 0.5
  endloop
endfacet
facet normal 0 0 1
  outer loop
    vertex -20.79705987929544 276.620381127017 0.5
    vertex -22.9627282724805 277.4293720815739 0.5
    vertex -22.65438432513997 275.4825650170117 0.5
  endloop
endfacet
facet normal 0 0 1
  outer loop
    vertex 20.48871593195495 274.6735740624548 0.5
    vertex 22.65438432514001 275.4825650170117 0.5
    vertex 20.79705987929548 276.620381127017 0.5
  endloop
endfacet
facet normal 0 0 1
  outer loop
    vertex -20.48871593195491 274.6735740624548 0.5
    vertex -20.79705987929544 276.620381127017 0.5
    vertex -22.65438432513997 275.4825650170117 0.5
  endloop
endfacet
facet normal 0 0 1
  outer loop
    vertex 39.62929972670139 268.492863280291 0.5
    vertex 38.2355397515818 269.8866232554106 0.5
    vertex 37.54939853829247 268.7607305361723 0.5
  endloop
endfacet
facet normal 0 0 1
  outer loop
    vertex -38.23553975158176 269.8866232554106 0.5
    vertex -39.62929972670135 268.492863280291 0.5
    vertex -37.54939853829237 268.7607305361724 0.5
  endloop
endfacet
facet normal 0 0 1
  outer loop
    vertex 34.54995885535931 281.3868339903148 0.5
    vertex 32.58468216472768 281.6211790477124 0.5
    vertex 33.8683494225564 280.4150716661186 0.5
  endloop
endfacet
facet normal 0 0 1
  outer loop
    vertex -32.58468216472771 281.6211790477124 0.5
    vertex -34.54995885535934 281.3868339903148 0.5
    vertex -33.86834942255641 280.4150716661186 0.5
  endloop
endfacet
facet normal 0 0 1
  outer loop
    vertex 3.7030470894426 271.9031929354379 0.5
    vertex 4.940427690873259 270.4548801079974 0.5
    vertex 5.958820696775412 271.8241837014331 0.5
  endloop
endfacet
facet normal 0 -0 1
  outer loop
    vertex -4.940427690873046 270.4548801079974 0.5
    vertex -3.703047089442561 271.9031929354378 0.5
    vertex -5.958820696775197 271.824183701433 0.5
  endloop
endfacet
facet normal -0 0 1
  outer loop
    vertex 37.77782268706805 279.3414160698659 0.5
    vertex 39.62929972670138 278.6864774094153 0.5
    vertex 39.34222178838525 279.9344537244003 0.5
  endloop
endfacet
facet normal 0 0 1
  outer loop
    vertex -39.62929972670135 278.6864774094153 0.5
    vertex -37.77782268706804 279.3414160698659 0.5
    vertex -39.34222178838523 279.9344537244003 0.5
  endloop
endfacet
facet normal -0 0 1
  outer loop
    vertex -37.34069076348447 271.642863280291 0.5
    vertex -35.99386290656976 270.0319395429298 0.5
    vertex -35.82619761712623 272.0944206366095 0.5
  endloop
endfacet
facet normal 0 -0 1
  outer loop
    vertex 35.99386290656981 270.0319395429298 0.5
    vertex 37.3406907634845 271.642863280291 0.5
    vertex 35.82619761712628 272.0944206366095 0.5
  endloop
endfacet
facet normal -0 0 1
  outer loop
    vertex -41.38553975158177 279.5813263975127 0.5
    vertex -39.62929972670135 278.6864774094153 0.5
    vertex -39.34222178838523 279.9344537244003 0.5
  endloop
endfacet
facet normal 0 -0 1
  outer loop
    vertex 39.62929972670138 278.6864774094153 0.5
    vertex 41.3855397515818 279.5813263975127 0.5
    vertex 39.34222178838525 279.9344537244003 0.5
  endloop
endfacet
facet normal 0 0 1
  outer loop
    vertex 5.096807064562187 273.2969529105574 0.5
    vertex 3.7030470894426 271.9031929354379 0.5
    vertex 5.958820696775412 271.8241837014331 0.5
  endloop
endfacet
facet normal 0 0 1
  outer loop
    vertex -3.703047089442561 271.9031929354378 0.5
    vertex -5.096807064562149 273.2969529105574 0.5
    vertex -5.958820696775197 271.824183701433 0.5
  endloop
endfacet
facet normal 0 0 1
  outer loop
    vertex -3.703047089442565 282.0968070645621 0.5
    vertex -4.947757224969929 283.4568215768369 0.5
    vertex -5.909738480178609 282.1279684859159 0.5
  endloop
endfacet
facet normal 0 0 1
  outer loop
    vertex 4.947757224969838 283.4568215768369 0.5
    vertex 3.703047089442596 282.0968070645621 0.5
    vertex 5.909738480178516 282.1279684859159 0.5
  endloop
endfacet
facet normal 0 0 1
  outer loop
    vertex 7.176312928241993 273.5453462234221 0.5
    vertex 8.505403826636012 274.6735740624548 0.5
    vertex 7.342744269806818 275.487248853303 0.5
  endloop
endfacet
facet normal -0 0 1
  outer loop
    vertex -8.505403826635977 274.6735740624548 0.5
    vertex -7.176312928241906 273.5453462234221 0.5
    vertex -7.342744269806779 275.487248853303 0.5
  endloop
endfacet
facet normal 0 0 1
  outer loop
    vertex -5.991656052659452 278.9468070645622 0.5
    vertex -7.205627457173329 280.0739318185091 0.5
    vertex -7.154315609488648 278.133132273714 0.5
  endloop
endfacet
facet normal 0 0 1
  outer loop
    vertex 7.205627457173343 280.0739318185091 0.5
    vertex 5.991656052659484 278.9468070645622 0.5
    vertex 7.154315609488678 278.133132273714 0.5
  endloop
endfacet
facet normal -0 0 1
  outer loop
    vertex -36.56909922609309 277.6054096907662 0.5
    vertex -34.94604037779944 277.4293720815739 0.5
    vertex -35.64177527377595 279.7090914563206 0.5
  endloop
endfacet
facet normal 0 0 1
  outer loop
    vertex 34.94604037779948 277.4293720815739 0.5
    vertex 36.56909922609311 277.6054096907662 0.5
    vertex 35.64177527377596 279.7090914563206 0.5
  endloop
endfacet
facet normal 0 0 1
  outer loop
    vertex -21.63965946090008 280.1364157371881 0.5
    vertex -19.59386694385761 280.3234282164595 0.5
    vertex -21.30784677968162 281.4560626122902 0.5
  endloop
endfacet
facet normal -0 0 1
  outer loop
    vertex 19.59386694385765 280.3234282164595 0.5
    vertex 21.63965946090011 280.1364157371881 0.5
    vertex 21.30784677968159 281.4560626122902 0.5
  endloop
endfacet
facet normal 0 -0 1
  outer loop
    vertex -5.096807064562153 280.7030470894426 0.5
    vertex -3.703047089442565 282.0968070645621 0.5
    vertex -5.909738480178609 282.1279684859159 0.5
  endloop
endfacet
facet normal -0 0 1
  outer loop
    vertex 3.703047089442596 282.0968070645621 0.5
    vertex 5.096807064562185 280.7030470894426 0.5
    vertex 5.909738480178516 282.1279684859159 0.5
  endloop
endfacet
facet normal 0 -0 1
  outer loop
    vertex -20.79705987929544 276.620381127017 0.5
    vertex -20.48871593195491 278.5671881915791 0.5
    vertex -22.03030213841765 278.6354783558332 0.5
  endloop
endfacet
facet normal -0 0 1
  outer loop
    vertex 20.48871593195495 278.5671881915791 0.5
    vertex 20.79705987929548 276.620381127017 0.5
    vertex 22.03030213841769 278.6354783558332 0.5
  endloop
endfacet
facet normal 0 0 1
  outer loop
    vertex -22.65438432513997 275.4825650170117 0.5
    vertex -22.9627282724805 273.5357579524496 0.5
    vertex -21.39258281159212 273.3803040399301 0.5
  endloop
endfacet
facet normal 0 0 1
  outer loop
    vertex 22.96272827248054 273.5357579524496 0.5
    vertex 22.65438432514001 275.4825650170117 0.5
    vertex 21.39258281159217 273.3803040399302 0.5
  endloop
endfacet
facet normal 0 0 1
  outer loop
    vertex -23.8575772605778 271.7795179275691 0.5
    vertex -25.25133723569739 270.3857579524496 0.5
    vertex -23.67125194098776 270.5285629195222 0.5
  endloop
endfacet
facet normal 0 0 1
  outer loop
    vertex 25.25133723569743 270.3857579524496 0.5
    vertex 23.85757726057784 271.7795179275691 0.5
    vertex 23.67125194098784 270.5285629195222 0.5
  endloop
endfacet
facet normal -0 0 1
  outer loop
    vertex 8.891662276326233 270.353820653535 0.5
    vertex 10.86662036477004 270.2816430352752 0.5
    vertex 9.451614927274951 271.5749361749964 0.5
  endloop
endfacet
facet normal 0 0 1
  outer loop
    vertex -10.86662036476982 270.2816430352753 0.5
    vertex -8.891662276326022 270.353820653535 0.5
    vertex -9.451614927274878 271.5749361749964 0.5
  endloop
endfacet
facet normal -0 0 1
  outer loop
    vertex 22.70050094500095 269.545798069356 0.5
    vertex 24.66918710627454 269.3727551322064 0.5
    vertex 23.67125194098784 270.5285629195222 0.5
  endloop
endfacet
facet normal 0 0 1
  outer loop
    vertex -24.66918710627439 269.3727551322064 0.5
    vertex -22.7005009450008 269.545798069356 0.5
    vertex -23.67125194098776 270.5285629195222 0.5
  endloop
endfacet
facet normal -0 0 1
  outer loop
    vertex 34.05119138970218 279.1856121064543 0.5
    vertex 34.94604037779948 277.4293720815739 0.5
    vertex 35.64177527377596 279.7090914563206 0.5
  endloop
endfacet
facet normal 0 -0 1
  outer loop
    vertex -34.94604037779944 277.4293720815739 0.5
    vertex -34.05119138970214 279.1856121064543 0.5
    vertex -35.64177527377595 279.7090914563206 0.5
  endloop
endfacet
facet normal 0 0 1
  outer loop
    vertex -5.096807064562149 273.2969529105574 0.5
    vertex -7.176312928241906 273.5453462234221 0.5
    vertex -5.958820696775197 271.824183701433 0.5
  endloop
endfacet
facet normal 0 0 1
  outer loop
    vertex 7.176312928241993 273.5453462234221 0.5
    vertex 5.096807064562187 273.2969529105574 0.5
    vertex 5.958820696775412 271.8241837014331 0.5
  endloop
endfacet
facet normal 0 -0 1
  outer loop
    vertex 37.3406907634845 275.5364774094153 0.5
    vertex 38.2355397515818 277.2927174342958 0.5
    vertex 36.56909922609311 277.6054096907662 0.5
  endloop
endfacet
facet normal -0 0 1
  outer loop
    vertex -38.23553975158176 277.2927174342958 0.5
    vertex -37.34069076348447 275.5364774094153 0.5
    vertex -36.56909922609309 277.6054096907662 0.5
  endloop
endfacet
facet normal 0 -0 1
  outer loop
    vertex -9.400252814733275 280.3234282164595 0.5
    vertex -8.255304778318974 281.8109525383552 0.5
    vertex -9.647492891573302 282.100543122498 0.5
  endloop
endfacet
facet normal -0 0 1
  outer loop
    vertex 8.255304778318976 281.8109525383552 0.5
    vertex 9.40025281473331 280.3234282164595 0.5
    vertex 9.647492891573279 282.100543122498 0.5
  endloop
endfacet
facet normal -0 0 1
  outer loop
    vertex -9.400252814733275 280.3234282164595 0.5
    vertex -7.205627457173329 280.0739318185091 0.5
    vertex -8.255304778318974 281.8109525383552 0.5
  endloop
endfacet
facet normal 0 0 1
  outer loop
    vertex 7.205627457173343 280.0739318185091 0.5
    vertex 9.40025281473331 280.3234282164595 0.5
    vertex 8.255304778318976 281.8109525383552 0.5
  endloop
endfacet
facet normal 0 0 1
  outer loop
    vertex -18.78865076340011 282.8767162607962 0.5
    vertex -20.76302888568366 282.7386542931339 0.5
    vertex -19.8033466846193 281.8593609448254 0.5
  endloop
endfacet
facet normal 0 0 1
  outer loop
    vertex 20.76302888568357 282.7386542931339 0.5
    vertex 18.78865076340002 282.8767162607962 0.5
    vertex 19.80334668461926 281.8593609448254 0.5
  endloop
endfacet
facet normal 0 0 1
  outer loop
    vertex 8.904950198649336 283.3601098636849 0.5
    vertex 6.926522506277133 283.4153723529654 0.5
    vertex 8.255304778318976 281.8109525383552 0.5
  endloop
endfacet
facet normal 0 0 1
  outer loop
    vertex -6.926522506277224 283.4153723529654 0.5
    vertex -8.904950198649431 283.3601098636849 0.5
    vertex -8.255304778318974 281.8109525383552 0.5
  endloop
endfacet
facet normal -0 0 1
  outer loop
    vertex 18.20010696873806 281.7171881915791 0.5
    vertex 19.59386694385765 280.3234282164595 0.5
    vertex 19.80334668461926 281.8593609448254 0.5
  endloop
endfacet
facet normal 0 -0 1
  outer loop
    vertex -19.59386694385761 280.3234282164595 0.5
    vertex -18.20010696873803 281.7171881915791 0.5
    vertex -19.8033466846193 281.8593609448254 0.5
  endloop
endfacet
facet normal 0 0 1
  outer loop
    vertex -9.400252814733275 272.9173340375744 0.5
    vertex -10.79401278985286 271.5235740624548 0.5
    vertex -9.451614927274878 271.5749361749964 0.5
  endloop
endfacet
facet normal 0 0 1
  outer loop
    vertex 10.7940127898529 271.5235740624548 0.5
    vertex 9.400252814733314 272.9173340375744 0.5
    vertex 9.451614927274951 271.5749361749964 0.5
  endloop
endfacet
facet normal 0 0 1
  outer loop
    vertex 40.43530270551256 280.6015614623582 0.5
    vertex 38.4753647851253 280.8770127736543 0.5
    vertex 39.34222178838525 279.9344537244003 0.5
  endloop
endfacet
facet normal 0 0 1
  outer loop
    vertex -38.47536478512533 280.8770127736543 0.5
    vertex -40.43530270551253 280.6015614623582 0.5
    vertex -39.34222178838523 279.9344537244003 0.5
  endloop
endfacet
facet normal 0 0 1
  outer loop
    vertex -36.51355162973908 281.1387745356061 0.5
    vertex -38.47536478512533 280.8770127736543 0.5
    vertex -37.77782268706804 279.3414160698659 0.5
  endloop
endfacet
facet normal 0 0 1
  outer loop
    vertex 38.4753647851253 280.8770127736543 0.5
    vertex 36.51355162973906 281.1387745356061 0.5
    vertex 37.77782268706805 279.3414160698659 0.5
  endloop
endfacet
facet normal -0 0 1
  outer loop
    vertex 34.49076699193517 268.2920740392977 0.5
    vertex 36.44997882064008 268.0329252983202 0.5
    vertex 35.99386290656981 270.0319395429298 0.5
  endloop
endfacet
facet normal 0 0 1
  outer loop
    vertex -36.44997882063998 268.0329252983202 0.5
    vertex -34.49076699193515 268.2920740392977 0.5
    vertex -35.99386290656976 270.0319395429298 0.5
  endloop
endfacet
facet normal 0 0 1
  outer loop
    vertex 9.400252814733314 272.9173340375744 0.5
    vertex 8.505403826636012 274.6735740624548 0.5
    vertex 7.176312928241993 273.5453462234221 0.5
  endloop
endfacet
facet normal 0 0 1
  outer loop
    vertex -8.505403826635977 274.6735740624548 0.5
    vertex -9.400252814733275 272.9173340375744 0.5
    vertex -7.176312928241906 273.5453462234221 0.5
  endloop
endfacet
facet normal 0 0 1
  outer loop
    vertex 5.096807064562185 280.7030470894426 0.5
    vertex 5.991656052659484 278.9468070645622 0.5
    vertex 7.205627457173343 280.0739318185091 0.5
  endloop
endfacet
facet normal 0 -0 1
  outer loop
    vertex -5.991656052659452 278.9468070645622 0.5
    vertex -5.096807064562153 280.7030470894426 0.5
    vertex -7.205627457173329 280.0739318185091 0.5
  endloop
endfacet
facet normal 0 0 1
  outer loop
    vertex 19.59386694385765 280.3234282164595 0.5
    vertex 20.48871593195495 278.5671881915791 0.5
    vertex 21.63965946090011 280.1364157371881 0.5
  endloop
endfacet
facet normal 0 -0 1
  outer loop
    vertex -20.48871593195491 278.5671881915791 0.5
    vertex -19.59386694385761 280.3234282164595 0.5
    vertex -21.63965946090008 280.1364157371881 0.5
  endloop
endfacet
facet normal 0 0 1
  outer loop
    vertex 23.85757726057784 271.7795179275691 0.5
    vertex 22.96272827248054 273.5357579524496 0.5
    vertex 21.87765715738846 271.55898551603 0.5
  endloop
endfacet
facet normal 0 0 1
  outer loop
    vertex -22.9627282724805 273.5357579524496 0.5
    vertex -23.8575772605778 271.7795179275691 0.5
    vertex -21.87765715738838 271.55898551603 0.5
  endloop
endfacet
facet normal 0 0 1
  outer loop
    vertex -8.904950198649431 283.3601098636849 0.5
    vertex -10.88294387631196 283.2910368024111 0.5
    vertex -9.647492891573302 282.100543122498 0.5
  endloop
endfacet
facet normal 0 0 1
  outer loop
    vertex 10.88294387631187 283.2910368024111 0.5
    vertex 8.904950198649336 283.3601098636849 0.5
    vertex 9.647492891573279 282.100543122498 0.5
  endloop
endfacet
facet normal 0 0 1
  outer loop
    vertex -34.94604037779944 273.5357579524496 0.5
    vertex -37.03234681614394 273.5896703448532 0.5
    vertex -35.82619761712623 272.0944206366095 0.5
  endloop
endfacet
facet normal 0 0 1
  outer loop
    vertex 37.03234681614397 273.5896703448532 0.5
    vertex 34.94604037779948 273.5357579524496 0.5
    vertex 35.82619761712628 272.0944206366095 0.5
  endloop
endfacet
facet normal 0 0 1
  outer loop
    vertex -37.77782268706804 279.3414160698659 0.5
    vertex -38.23553975158176 277.2927174342958 0.5
    vertex -36.56909922609309 277.6054096907662 0.5
  endloop
endfacet
facet normal 0 0 1
  outer loop
    vertex 38.2355397515818 277.2927174342958 0.5
    vertex 37.77782268706805 279.3414160698659 0.5
    vertex 36.56909922609311 277.6054096907662 0.5
  endloop
endfacet
facet normal 0 0 1
  outer loop
    vertex -32.52971412098307 268.5369019319451 0.5
    vertex -32.65743141458255 270.3857579524496 0.5
    vertex -33.99576996449046 269.8095085712532 0.5
  endloop
endfacet
facet normal 0 0 1
  outer loop
    vertex 32.65743141458259 270.3857579524496 0.5
    vertex 32.52971412098317 268.5369019319451 0.5
    vertex 33.99576996449051 269.8095085712532 0.5
  endloop
endfacet
facet normal 0 0 1
  outer loop
    vertex -34.49076699193515 268.2920740392977 0.5
    vertex -32.52971412098307 268.5369019319451 0.5
    vertex -33.99576996449046 269.8095085712532 0.5
  endloop
endfacet
facet normal -0 0 1
  outer loop
    vertex 32.52971412098317 268.5369019319451 0.5
    vertex 34.49076699193517 268.2920740392977 0.5
    vertex 33.99576996449051 269.8095085712532 0.5
  endloop
endfacet
facet normal 0 0 1
  outer loop
    vertex 38.4753647851253 280.8770127736543 0.5
    vertex 37.77782268706805 279.3414160698659 0.5
    vertex 39.34222178838525 279.9344537244003 0.5
  endloop
endfacet
facet normal 0 0 1
  outer loop
    vertex -37.77782268706804 279.3414160698659 0.5
    vertex -38.47536478512533 280.8770127736543 0.5
    vertex -39.34222178838523 279.9344537244003 0.5
  endloop
endfacet
facet normal 0 0 1
  outer loop
    vertex -38.40724502862464 267.7594695418095 0.5
    vertex -36.44997882063998 268.0329252983202 0.5
    vertex -37.54939853829237 268.7607305361724 0.5
  endloop
endfacet
facet normal -0 0 1
  outer loop
    vertex 36.44997882064008 268.0329252983202 0.5
    vertex 38.40724502862467 267.7594695418095 0.5
    vertex 37.54939853829247 268.7607305361723 0.5
  endloop
endfacet
facet normal 0 -0 1
  outer loop
    vertex -36.44997882063998 268.0329252983202 0.5
    vertex -35.99386290656976 270.0319395429298 0.5
    vertex -37.54939853829237 268.7607305361724 0.5
  endloop
endfacet
facet normal 0 0 1
  outer loop
    vertex 35.99386290656981 270.0319395429298 0.5
    vertex 36.44997882064008 268.0329252983202 0.5
    vertex 37.54939853829247 268.7607305361723 0.5
  endloop
endfacet
facet normal 0 0 1
  outer loop
    vertex -22.73639504723158 282.5868120423461 0.5
    vertex -24.70865306896117 282.4211969090098 0.5
    vertex -23.31078365579752 281.0917044397884 0.5
  endloop
endfacet
facet normal 0 0 1
  outer loop
    vertex 24.70865306896108 282.4211969090098 0.5
    vertex 22.73639504723149 282.5868120423461 0.5
    vertex 23.31078365579749 281.0917044397884 0.5
  endloop
endfacet
facet normal 0 0 1
  outer loop
    vertex -24.70865306896117 282.4211969090098 0.5
    vertex -25.25133723569739 280.5793720815739 0.5
    vertex -23.31078365579752 281.0917044397884 0.5
  endloop
endfacet
facet normal 0 0 1
  outer loop
    vertex 25.25133723569743 280.5793720815739 0.5
    vertex 24.70865306896108 282.4211969090098 0.5
    vertex 23.31078365579749 281.0917044397884 0.5
  endloop
endfacet
facet normal 0 0 1
  outer loop
    vertex 37.3406907634845 271.642863280291 0.5
    vertex 37.03234681614397 273.5896703448532 0.5
    vertex 35.82619761712628 272.0944206366095 0.5
  endloop
endfacet
facet normal 0 0 1
  outer loop
    vertex -37.03234681614394 273.5896703448532 0.5
    vertex -37.34069076348447 271.642863280291 0.5
    vertex -35.82619761712623 272.0944206366095 0.5
  endloop
endfacet
facet normal -0 0 1
  outer loop
    vertex -37.77782268706804 279.3414160698659 0.5
    vertex -36.56909922609309 277.6054096907662 0.5
    vertex -35.64177527377595 279.7090914563206 0.5
  endloop
endfacet
facet normal 0 -0 1
  outer loop
    vertex 36.56909922609311 277.6054096907662 0.5
    vertex 37.77782268706805 279.3414160698659 0.5
    vertex 35.64177527377596 279.7090914563206 0.5
  endloop
endfacet
facet normal 0 0 1
  outer loop
    vertex -32.65743141458255 270.3857579524496 0.5
    vertex -34.05119138970214 271.7795179275691 0.5
    vertex -33.99576996449046 269.8095085712532 0.5
  endloop
endfacet
facet normal 0 0 1
  outer loop
    vertex 34.05119138970218 271.7795179275691 0.5
    vertex 32.65743141458259 270.3857579524496 0.5
    vertex 33.99576996449051 269.8095085712532 0.5
  endloop
endfacet
facet normal 0 0 1
  outer loop
    vertex -18.20010696873802 271.5235740624548 0.5
    vertex -19.59386694385761 272.9173340375744 0.5
    vertex -19.83236656224908 271.110611803993 0.5
  endloop
endfacet
facet normal 0 0 1
  outer loop
    vertex 19.59386694385765 272.9173340375744 0.5
    vertex 18.20010696873806 271.5235740624548 0.5
    vertex 19.83236656224919 271.110611803993 0.5
  endloop
endfacet
facet normal 0 0 1
  outer loop
    vertex 36.51355162973906 281.1387745356061 0.5
    vertex 34.54995885535931 281.3868339903148 0.5
    vertex 35.64177527377596 279.7090914563206 0.5
  endloop
endfacet
facet normal 0 0 1
  outer loop
    vertex -34.54995885535934 281.3868339903148 0.5
    vertex -36.51355162973908 281.1387745356061 0.5
    vertex -35.64177527377595 279.7090914563206 0.5
  endloop
endfacet
facet normal 0 -0 1
  outer loop
    vertex 23.85757726057784 279.1856121064543 0.5
    vertex 25.25133723569743 280.5793720815739 0.5
    vertex 23.31078365579749 281.0917044397884 0.5
  endloop
endfacet
facet normal -0 0 1
  outer loop
    vertex -25.25133723569739 280.5793720815739 0.5
    vertex -23.85757726057781 279.1856121064543 0.5
    vertex -23.31078365579752 281.0917044397884 0.5
  endloop
endfacet
facet normal 0 0 1
  outer loop
    vertex -20.73060308027976 269.704453237109 0.5
    vertex -18.75959866098164 269.848712166797 0.5
    vertex -19.83236656224908 271.110611803993 0.5
  endloop
endfacet
facet normal -0 0 1
  outer loop
    vertex 18.75959866098185 269.848712166797 0.5
    vertex 20.73060308027992 269.704453237109 0.5
    vertex 19.83236656224919 271.110611803993 0.5
  endloop
endfacet
facet normal 0 -0 1
  outer loop
    vertex 24.66918710627454 269.3727551322064 0.5
    vertex 25.25133723569743 270.3857579524496 0.5
    vertex 23.67125194098784 270.5285629195222 0.5
  endloop
endfacet
facet normal -0 0 1
  outer loop
    vertex -25.25133723569739 270.3857579524496 0.5
    vertex -24.66918710627439 269.3727551322064 0.5
    vertex -23.67125194098776 270.5285629195222 0.5
  endloop
endfacet
facet normal 0 0 1
  outer loop
    vertex 18.78865076340002 282.8767162607962 0.5
    vertex 18.20010696873806 281.7171881915791 0.5
    vertex 19.80334668461926 281.8593609448254 0.5
  endloop
endfacet
facet normal 0 0 1
  outer loop
    vertex -18.20010696873803 281.7171881915791 0.5
    vertex -18.78865076340011 282.8767162607962 0.5
    vertex -19.8033466846193 281.8593609448254 0.5
  endloop
endfacet
facet normal 0 0 1
  outer loop
    vertex -7.176312928241906 273.5453462234221 0.5
    vertex -9.400252814733275 272.9173340375744 0.5
    vertex -7.965815535601482 271.7711980271447 0.5
  endloop
endfacet
facet normal 0 0 1
  outer loop
    vertex 9.400252814733314 272.9173340375744 0.5
    vertex 7.176312928241993 273.5453462234221 0.5
    vertex 7.965815535601623 271.7711980271447 0.5
  endloop
endfacet
facet normal 0 0 1
  outer loop
    vertex -34.54995885535934 281.3868339903148 0.5
    vertex -35.64177527377595 279.7090914563206 0.5
    vertex -33.86834942255641 280.4150716661186 0.5
  endloop
endfacet
facet normal 0 0 1
  outer loop
    vertex 35.64177527377596 279.7090914563206 0.5
    vertex 34.54995885535931 281.3868339903148 0.5
    vertex 33.8683494225564 280.4150716661186 0.5
  endloop
endfacet
facet normal 0 0 1
  outer loop
    vertex -7.205627457173329 280.0739318185091 0.5
    vertex -5.096807064562153 280.7030470894426 0.5
    vertex -5.909738480178609 282.1279684859159 0.5
  endloop
endfacet
facet normal -0 0 1
  outer loop
    vertex 5.096807064562185 280.7030470894426 0.5
    vertex 7.205627457173343 280.0739318185091 0.5
    vertex 5.909738480178516 282.1279684859159 0.5
  endloop
endfacet
facet normal 0 -0 1
  outer loop
    vertex 21.63965946090011 280.1364157371881 0.5
    vertex 23.31078365579749 281.0917044397884 0.5
    vertex 21.30784677968159 281.4560626122902 0.5
  endloop
endfacet
facet normal -0 0 1
  outer loop
    vertex -23.31078365579752 281.0917044397884 0.5
    vertex -21.63965946090008 280.1364157371881 0.5
    vertex -21.30784677968162 281.4560626122902 0.5
  endloop
endfacet
facet normal 0 0 1
  outer loop
    vertex 18.20010696873806 271.5235740624548 0.5
    vertex 18.75959866098185 269.848712166797 0.5
    vertex 19.83236656224919 271.110611803993 0.5
  endloop
endfacet
facet normal 0 -0 1
  outer loop
    vertex -18.75959866098164 269.848712166797 0.5
    vertex -18.20010696873802 271.5235740624548 0.5
    vertex -19.83236656224908 271.110611803993 0.5
  endloop
endfacet
facet normal 0 0 1
  outer loop
    vertex -19.8033466846193 281.8593609448254 0.5
    vertex -20.76302888568366 282.7386542931339 0.5
    vertex -21.30784677968162 281.4560626122902 0.5
  endloop
endfacet
facet normal 0 0 1
  outer loop
    vertex 20.76302888568357 282.7386542931339 0.5
    vertex 19.80334668461926 281.8593609448254 0.5
    vertex 21.30784677968159 281.4560626122902 0.5
  endloop
endfacet
facet normal 0 0 1
  outer loop
    vertex -5.958820696775197 271.824183701433 0.5
    vertex -7.176312928241906 273.5453462234221 0.5
    vertex -7.965815535601482 271.7711980271447 0.5
  endloop
endfacet
facet normal 0 0 1
  outer loop
    vertex 7.176312928241993 273.5453462234221 0.5
    vertex 5.958820696775412 271.8241837014331 0.5
    vertex 7.965815535601623 271.7711980271447 0.5
  endloop
endfacet
facet normal 0 0 1
  outer loop
    vertex -6.916229570257621 270.4115673719072 0.5
    vertex -4.940427690873046 270.4548801079974 0.5
    vertex -5.958820696775197 271.824183701433 0.5
  endloop
endfacet
facet normal -0 0 1
  outer loop
    vertex 4.940427690873259 270.4548801079974 0.5
    vertex 6.916229570257833 270.4115673719072 0.5
    vertex 5.958820696775412 271.8241837014331 0.5
  endloop
endfacet
facet normal 0 0 1
  outer loop
    vertex -23.85757726057781 279.1856121064543 0.5
    vertex -22.9627282724805 277.4293720815739 0.5
    vertex -22.03030213841765 278.6354783558332 0.5
  endloop
endfacet
facet normal 0 -0 1
  outer loop
    vertex 22.96272827248054 277.4293720815739 0.5
    vertex 23.85757726057784 279.1856121064543 0.5
    vertex 22.03030213841769 278.6354783558332 0.5
  endloop
endfacet
facet normal 0 0 1
  outer loop
    vertex -19.59386694385761 272.9173340375744 0.5
    vertex -20.48871593195491 274.6735740624548 0.5
    vertex -21.39258281159212 273.3803040399301 0.5
  endloop
endfacet
facet normal 0 0 1
  outer loop
    vertex 20.48871593195495 274.6735740624548 0.5
    vertex 19.59386694385765 272.9173340375744 0.5
    vertex 21.39258281159217 273.3803040399302 0.5
  endloop
endfacet
facet normal 0 0 1
  outer loop
    vertex 6.926522506277133 283.4153723529654 0.5
    vertex 4.947757224969838 283.4568215768369 0.5
    vertex 5.909738480178516 282.1279684859159 0.5
  endloop
endfacet
facet normal 0 0 1
  outer loop
    vertex -4.947757224969929 283.4568215768369 0.5
    vertex -6.926522506277224 283.4153723529654 0.5
    vertex -5.909738480178609 282.1279684859159 0.5
  endloop
endfacet
facet normal 0 0 1
  outer loop
    vertex -5.991656052659449 275.0531929354378 0.5
    vertex -6.299999999999983 277 0.5
    vertex -7.342744269806779 275.487248853303 0.5
  endloop
endfacet
facet normal 0 0 1
  outer loop
    vertex -8.505403826635977 278.5671881915791 0.5
    vertex -8.197059879295445 276.620381127017 0.5
    vertex -7.154315609488648 278.133132273714 0.5
  endloop
endfacet
facet normal 0 0 1
  outer loop
    vertex 6.300000000000017 277 0.5
    vertex 5.991656052659485 275.0531929354378 0.5
    vertex 7.342744269806818 275.487248853303 0.5
  endloop
endfacet
facet normal 0 -0 1
  outer loop
    vertex 8.19705987929548 276.620381127017 0.5
    vertex 8.505403826636011 278.5671881915791 0.5
    vertex 7.154315609488678 278.133132273714 0.5
  endloop
endfacet
facet normal 0 0 1
  outer loop
    vertex -34.05119138970214 271.7795179275691 0.5
    vertex -34.94604037779944 273.5357579524496 0.5
    vertex -35.82619761712623 272.0944206366095 0.5
  endloop
endfacet
facet normal 0 0 1
  outer loop
    vertex 34.94604037779948 273.5357579524496 0.5
    vertex 34.05119138970218 271.7795179275691 0.5
    vertex 35.82619761712628 272.0944206366095 0.5
  endloop
endfacet
facet normal 0 0 1
  outer loop
    vertex -36.51355162973908 281.1387745356061 0.5
    vertex -37.77782268706804 279.3414160698659 0.5
    vertex -35.64177527377595 279.7090914563206 0.5
  endloop
endfacet
facet normal 0 0 1
  outer loop
    vertex 37.77782268706805 279.3414160698659 0.5
    vertex 36.51355162973906 281.1387745356061 0.5
    vertex 35.64177527377596 279.7090914563206 0.5
  endloop
endfacet
facet normal -0 0 1
  outer loop
    vertex 6.300000000000017 277 0.5
    vertex 8.19705987929548 276.620381127017 0.5
    vertex 7.154315609488678 278.133132273714 0.5
  endloop
endfacet
facet normal 0 0 1
  outer loop
    vertex 8.19705987929548 276.620381127017 0.5
    vertex 6.300000000000017 277 0.5
    vertex 7.342744269806818 275.487248853303 0.5
  endloop
endfacet
facet normal 0 0 1
  outer loop
    vertex -6.299999999999983 277 0.5
    vertex -8.197059879295445 276.620381127017 0.5
    vertex -7.342744269806779 275.487248853303 0.5
  endloop
endfacet
facet normal 0 0 1
  outer loop
    vertex -8.197059879295445 276.620381127017 0.5
    vertex -6.299999999999983 277 0.5
    vertex -7.154315609488648 278.133132273714 0.5
  endloop
endfacet
facet normal 0 -0 1
  outer loop
    vertex -6.916229570257621 270.4115673719072 0.5
    vertex -5.958820696775197 271.824183701433 0.5
    vertex -7.965815535601482 271.7711980271447 0.5
  endloop
endfacet
facet normal 0 0 1
  outer loop
    vertex 5.958820696775412 271.8241837014331 0.5
    vertex 6.916229570257833 270.4115673719072 0.5
    vertex 7.965815535601623 271.7711980271447 0.5
  endloop
endfacet
facet normal 0 0 1
  outer loop
    vertex -7.965815535601482 271.7711980271447 0.5
    vertex -9.400252814733275 272.9173340375744 0.5
    vertex -9.451614927274878 271.5749361749964 0.5
  endloop
endfacet
facet normal 0 0 1
  outer loop
    vertex 9.400252814733314 272.9173340375744 0.5
    vertex 7.965815535601623 271.7711980271447 0.5
    vertex 9.451614927274951 271.5749361749964 0.5
  endloop
endfacet
facet normal 0 0 1
  outer loop
    vertex -35.99386290656976 270.0319395429298 0.5
    vertex -34.49076699193515 268.2920740392977 0.5
    vertex -33.99576996449046 269.8095085712532 0.5
  endloop
endfacet
facet normal 0 -0 1
  outer loop
    vertex 34.49076699193517 268.2920740392977 0.5
    vertex 35.99386290656981 270.0319395429298 0.5
    vertex 33.99576996449051 269.8095085712532 0.5
  endloop
endfacet
facet normal 0 0 1
  outer loop
    vertex -22.73639504723158 282.5868120423461 0.5
    vertex -23.31078365579752 281.0917044397884 0.5
    vertex -21.30784677968162 281.4560626122902 0.5
  endloop
endfacet
facet normal 0 0 1
  outer loop
    vertex 23.31078365579749 281.0917044397884 0.5
    vertex 22.73639504723149 282.5868120423461 0.5
    vertex 21.30784677968159 281.4560626122902 0.5
  endloop
endfacet
facet normal 0 0 1
  outer loop
    vertex 21.63965946090011 280.1364157371881 0.5
    vertex 20.48871593195495 278.5671881915791 0.5
    vertex 22.03030213841769 278.6354783558332 0.5
  endloop
endfacet
facet normal 0 0 1
  outer loop
    vertex -20.48871593195491 278.5671881915791 0.5
    vertex -21.63965946090008 280.1364157371881 0.5
    vertex -22.03030213841765 278.6354783558332 0.5
  endloop
endfacet
facet normal 0 -0 1
  outer loop
    vertex 21.87765715738846 271.55898551603 0.5
    vertex 22.96272827248054 273.5357579524496 0.5
    vertex 21.39258281159217 273.3803040399302 0.5
  endloop
endfacet
facet normal 0 0 1
  outer loop
    vertex -22.9627282724805 273.5357579524496 0.5
    vertex -21.87765715738838 271.55898551603 0.5
    vertex -21.39258281159212 273.3803040399301 0.5
  endloop
endfacet
facet normal 0 -0 1
  outer loop
    vertex 34.05119138970218 279.1856121064543 0.5
    vertex 35.64177527377596 279.7090914563206 0.5
    vertex 33.8683494225564 280.4150716661186 0.5
  endloop
endfacet
facet normal -0 0 1
  outer loop
    vertex -35.64177527377595 279.7090914563206 0.5
    vertex -34.05119138970214 279.1856121064543 0.5
    vertex -33.86834942255641 280.4150716661186 0.5
  endloop
endfacet
facet normal -0 0 1
  outer loop
    vertex 6.916229570257833 270.4115673719072 0.5
    vertex 8.891662276326233 270.353820653535 0.5
    vertex 7.965815535601623 271.7711980271447 0.5
  endloop
endfacet
facet normal 0 0 1
  outer loop
    vertex -8.891662276326022 270.353820653535 0.5
    vertex -6.916229570257621 270.4115673719072 0.5
    vertex -7.965815535601482 271.7711980271447 0.5
  endloop
endfacet
facet normal 0 0 1
  outer loop
    vertex 5.991656052659484 278.9468070645622 0.5
    vertex 6.300000000000017 277 0.5
    vertex 7.154315609488678 278.133132273714 0.5
  endloop
endfacet
facet normal 0 0 1
  outer loop
    vertex -8.197059879295445 276.620381127017 0.5
    vertex -8.505403826635977 274.6735740624548 0.5
    vertex -7.342744269806779 275.487248853303 0.5
  endloop
endfacet
facet normal 0 -0 1
  outer loop
    vertex -6.299999999999983 277 0.5
    vertex -5.991656052659452 278.9468070645622 0.5
    vertex -7.154315609488648 278.133132273714 0.5
  endloop
endfacet
facet normal 0 0 1
  outer loop
    vertex 8.505403826636012 274.6735740624548 0.5
    vertex 8.19705987929548 276.620381127017 0.5
    vertex 7.342744269806818 275.487248853303 0.5
  endloop
endfacet
facet normal 0 0 1
  outer loop
    vertex -20.76302888568366 282.7386542931339 0.5
    vertex -22.73639504723158 282.5868120423461 0.5
    vertex -21.30784677968162 281.4560626122902 0.5
  endloop
endfacet
facet normal 0 0 1
  outer loop
    vertex 22.73639504723149 282.5868120423461 0.5
    vertex 20.76302888568357 282.7386542931339 0.5
    vertex 21.30784677968159 281.4560626122902 0.5
  endloop
endfacet
facet normal 0 0 1
  outer loop
    vertex -10.88294387631196 283.2910368024111 0.5
    vertex -10.79401278985286 281.7171881915791 0.5
    vertex -9.647492891573302 282.100543122498 0.5
  endloop
endfacet
facet normal 0 -0 1
  outer loop
    vertex 10.7940127898529 281.7171881915791 0.5
    vertex 10.88294387631187 283.2910368024111 0.5
    vertex 9.647492891573279 282.100543122498 0.5
  endloop
endfacet
facet normal 0 0 1
  outer loop
    vertex -8.255304778318974 281.8109525383552 0.5
    vertex -8.904950198649431 283.3601098636849 0.5
    vertex -9.647492891573302 282.100543122498 0.5
  endloop
endfacet
facet normal 0 0 1
  outer loop
    vertex 8.904950198649336 283.3601098636849 0.5
    vertex 8.255304778318976 281.8109525383552 0.5
    vertex 9.647492891573279 282.100543122498 0.5
  endloop
endfacet
facet normal 0 -0 1
  outer loop
    vertex -8.891662276326022 270.353820653535 0.5
    vertex -7.965815535601482 271.7711980271447 0.5
    vertex -9.451614927274878 271.5749361749964 0.5
  endloop
endfacet
facet normal 0 0 1
  outer loop
    vertex 7.965815535601623 271.7711980271447 0.5
    vertex 8.891662276326233 270.353820653535 0.5
    vertex 9.451614927274951 271.5749361749964 0.5
  endloop
endfacet
facet normal -0 0 1
  outer loop
    vertex 40.36246114126899 267.47172136624 0.5
    vertex 42.31552279338246 267.1696961309848 0.5
    vertex 41.3855397515818 267.5980142921937 0.5
  endloop
endfacet
facet normal -0 0 1
  outer loop
    vertex 42.31552279338246 267.1696961309848 0.5
    vertex 44.16542706103107 267.1432777640698 0.5
    vertex 43.33234681614397 267.2896703448532 0.5
  endloop
endfacet
facet normal 0 -0 1
  outer loop
    vertex 42.31552279338246 267.1696961309848 0.5
    vertex 43.33234681614397 267.2896703448532 0.5
    vertex 41.3855397515818 267.5980142921937 0.5
  endloop
endfacet
facet normal 0 0 1
  outer loop
    vertex -40.36246114126889 267.47172136624 0.5
    vertex -41.38553975158176 267.5980142921937 0.5
    vertex -42.31552279338243 267.1696961309848 0.5
  endloop
endfacet
facet normal 0 0 1
  outer loop
    vertex -43.33234681614393 267.2896703448532 0.5
    vertex -44.16542706103103 267.1432777640698 0.5
    vertex -42.31552279338243 267.1696961309848 0.5
  endloop
endfacet
facet normal 0 0 1
  outer loop
    vertex -41.38553975158176 267.5980142921937 0.5
    vertex -43.33234681614393 267.2896703448532 0.5
    vertex -42.31552279338243 267.1696961309848 0.5
  endloop
endfacet
facet normal 0 0 1
  outer loop
    vertex -46.11669807151521 279.4631180620557 0.5
    vertex -45.2791538807061 279.5813263975127 0.5
    vertex -44.34917083890544 280.0096445587216 0.5
  endloop
endfacet
facet normal -0 0 1
  outer loop
    vertex -44.34917083890544 280.0096445587216 0.5
    vertex -43.33234681614393 279.8896703448532 0.5
    vertex -42.39326986629163 280.3124340268262 0.5
  endloop
endfacet
facet normal 0 0 1
  outer loop
    vertex -45.2791538807061 279.5813263975127 0.5
    vertex -43.33234681614393 279.8896703448532 0.5
    vertex -44.34917083890544 280.0096445587216 0.5
  endloop
endfacet
facet normal 0 0 1
  outer loop
    vertex 44.34917083890547 280.0096445587216 0.5
    vertex 42.39326986629167 280.3124340268262 0.5
    vertex 43.33234681614397 279.8896703448532 0.5
  endloop
endfacet
facet normal 0 0 1
  outer loop
    vertex 46.11669807151524 279.4631180620557 0.5
    vertex 44.34917083890547 280.0096445587216 0.5
    vertex 45.27915388070613 279.5813263975127 0.5
  endloop
endfacet
facet normal 0 0 1
  outer loop
    vertex 44.34917083890547 280.0096445587216 0.5
    vertex 43.33234681614397 279.8896703448532 0.5
    vertex 45.27915388070613 279.5813263975127 0.5
  endloop
endfacet
facet normal 0 0 1
  outer loop
    vertex 49.59456473506572 275.3316883516301 0.5
    vertex 49.63234681614396 273.5896703448532 0.5
    vertex 49.83168409570528 273.4968537164696 0.5
  endloop
endfacet
facet normal 0 0 1
  outer loop
    vertex 49.32400286880343 275.5364774094153 0.5
    vertex 49.63234681614396 273.5896703448532 0.5
    vertex 49.59456473506572 275.3316883516301 0.5
  endloop
endfacet
facet normal 0 0 1
  outer loop
    vertex 49.83168409570528 273.4968537164696 0.5
    vertex 49.63234681614396 273.5896703448532 0.5
    vertex 49.54226580300189 271.6695385325389 0.5
  endloop
endfacet
facet normal 0 0 1
  outer loop
    vertex 28.95438432514001 269.1825650170117 0.5
    vertex 28.60250405199676 268.9835436638374 0.5
    vertex 30.56692488452793 268.7673959078809 0.5
  endloop
endfacet
facet normal 0 0 1
  outer loop
    vertex 27.00757726057784 269.4909089643522 0.5
    vertex 26.63655647990816 269.1853336623165 0.5
    vertex 28.60250405199676 268.9835436638374 0.5
  endloop
endfacet
facet normal 0 0 1
  outer loop
    vertex 28.95438432514001 269.1825650170117 0.5
    vertex 27.00757726057784 269.4909089643522 0.5
    vertex 28.60250405199676 268.9835436638374 0.5
  endloop
endfacet
facet normal 0 0 1
  outer loop
    vertex 14.8146910438482 270.0940112799159 0.5
    vertex 14.49705987929548 270.320381127017 0.5
    vertex 12.84099841661511 270.1950383698126 0.5
  endloop
endfacet
facet normal 0 0 1
  outer loop
    vertex 16.44386694385765 270.6287250743575 0.5
    vertex 14.49705987929548 270.320381127017 0.5
    vertex 14.8146910438482 270.0940112799159 0.5
  endloop
endfacet
facet normal 0 0 1
  outer loop
    vertex 14.49705987929548 270.320381127017 0.5
    vertex 12.55025281473331 270.6287250743575 0.5
    vertex 12.84099841661511 270.1950383698126 0.5
  endloop
endfacet
facet normal 0 0 1
  outer loop
    vertex 2.964362102186421 270.4837565498659 0.5
    vertex 1.94680706456219 271.0083439473405 0.5
    vertex 0.9881382822874646 270.4981951561509 0.5
  endloop
endfacet
facet normal 0 0 1
  outer loop
    vertex 3.7030470894426 271.9031929354379 0.5
    vertex 1.94680706456219 271.0083439473405 0.5
    vertex 2.964362102186421 270.4837565498659 0.5
  endloop
endfacet
facet normal 0 0 1
  outer loop
    vertex 0.9881382822874646 270.4981951561509 0.5
    vertex 2.154375220272798e-14 270.7 0.5
    vertex -0.9881382822872512 270.4981951561509 0.5
  endloop
endfacet
facet normal 0 0 1
  outer loop
    vertex 1.94680706456219 271.0083439473405 0.5
    vertex 2.154375220272798e-14 270.7 0.5
    vertex 0.9881382822874646 270.4981951561509 0.5
  endloop
endfacet
facet normal 0 0 1
  outer loop
    vertex -0.9881382822872512 270.4981951561509 0.5
    vertex -1.946807064562149 271.0083439473405 0.5
    vertex -2.964362102186209 270.4837565498659 0.5
  endloop
endfacet
facet normal 0 0 1
  outer loop
    vertex 2.154375220272798e-14 270.7 0.5
    vertex -1.946807064562149 271.0083439473405 0.5
    vertex -0.9881382822872512 270.4981951561509 0.5
  endloop
endfacet
facet normal 0 0 1
  outer loop
    vertex -14.49705987929544 270.320381127017 0.5
    vertex -14.81469104384799 270.0940112799159 0.5
    vertex -12.8409984166149 270.1950383698126 0.5
  endloop
endfacet
facet normal 0 0 1
  outer loop
    vertex -12.55025281473327 270.6287250743575 0.5
    vertex -14.49705987929544 270.320381127017 0.5
    vertex -12.8409984166149 270.1950383698126 0.5
  endloop
endfacet
facet normal 0 0 1
  outer loop
    vertex -14.49705987929544 270.320381127017 0.5
    vertex -16.44386694385761 270.6287250743575 0.5
    vertex -14.81469104384799 270.0940112799159 0.5
  endloop
endfacet
facet normal 0 0 1
  outer loop
    vertex -27.0075772605778 269.4909089643522 0.5
    vertex -28.60250405199666 268.9835436638374 0.5
    vertex -26.63655647990801 269.1853336623165 0.5
  endloop
endfacet
facet normal 0 0 1
  outer loop
    vertex -28.95438432513997 269.1825650170117 0.5
    vertex -30.56692488452778 268.767395907881 0.5
    vertex -28.60250405199666 268.9835436638374 0.5
  endloop
endfacet
facet normal 0 0 1
  outer loop
    vertex -27.0075772605778 269.4909089643522 0.5
    vertex -28.95438432513997 269.1825650170117 0.5
    vertex -28.60250405199666 268.9835436638374 0.5
  endloop
endfacet
facet normal 0 0 1
  outer loop
    vertex -45.2791538807061 267.5980142921937 0.5
    vertex -45.94784012175787 267.6391077858771 0.5
    vertex -44.16542706103103 267.1432777640698 0.5
  endloop
endfacet
facet normal 0 0 1
  outer loop
    vertex -43.33234681614393 267.2896703448532 0.5
    vertex -45.2791538807061 267.5980142921937 0.5
    vertex -44.16542706103103 267.1432777640698 0.5
  endloop
endfacet
facet normal 0 0 1
  outer loop
    vertex -47.03539390558651 268.492863280291 0.5
    vertex -47.51836146980148 268.6170169968543 0.5
    vertex -45.94784012175787 267.6391077858771 0.5
  endloop
endfacet
facet normal 0 0 1
  outer loop
    vertex -45.2791538807061 267.5980142921937 0.5
    vertex -47.03539390558651 268.492863280291 0.5
    vertex -45.94784012175787 267.6391077858771 0.5
  endloop
endfacet
facet normal 0 0 1
  outer loop
    vertex -48.4291538807061 269.8866232554106 0.5
    vertex -48.74975680579349 269.9977810085783 0.5
    vertex -47.51836146980148 268.6170169968543 0.5
  endloop
endfacet
facet normal 0 0 1
  outer loop
    vertex -47.03539390558651 268.492863280291 0.5
    vertex -48.4291538807061 269.8866232554106 0.5
    vertex -47.51836146980148 268.6170169968543 0.5
  endloop
endfacet
facet normal 0 0 1
  outer loop
    vertex -49.3240028688034 271.642863280291 0.5
    vertex -49.54226580300185 271.6695385325389 0.5
    vertex -48.74975680579349 269.9977810085783 0.5
  endloop
endfacet
facet normal 0 0 1
  outer loop
    vertex -48.4291538807061 269.8866232554106 0.5
    vertex -49.3240028688034 271.642863280291 0.5
    vertex -48.74975680579349 269.9977810085783 0.5
  endloop
endfacet
facet normal 0 0 1
  outer loop
    vertex -49.63234681614393 273.5896703448532 0.5
    vertex -49.83168409570524 273.4968537164696 0.5
    vertex -49.54226580300185 271.6695385325389 0.5
  endloop
endfacet
facet normal 0 -0 1
  outer loop
    vertex -49.63234681614393 273.5896703448532 0.5
    vertex -49.59456473506569 275.3316883516301 0.5
    vertex -49.83168409570524 273.4968537164696 0.5
  endloop
endfacet
facet normal 0 -0 1
  outer loop
    vertex -49.3240028688034 275.5364774094153 0.5
    vertex -48.85011772147907 277.0253950480616 0.5
    vertex -49.59456473506569 275.3316883516301 0.5
  endloop
endfacet
facet normal 0 0 1
  outer loop
    vertex -49.63234681614393 273.5896703448532 0.5
    vertex -49.3240028688034 275.5364774094153 0.5
    vertex -49.59456473506569 275.3316883516301 0.5
  endloop
endfacet
facet normal 0 0 1
  outer loop
    vertex -47.65865372458932 278.4407597620807 0.5
    vertex -48.85011772147907 277.0253950480616 0.5
    vertex -48.4291538807061 277.2927174342958 0.5
  endloop
endfacet
facet normal -0 0 1
  outer loop
    vertex -48.85011772147907 277.0253950480616 0.5
    vertex -49.3240028688034 275.5364774094153 0.5
    vertex -48.4291538807061 277.2927174342958 0.5
  endloop
endfacet
facet normal 0 -0 1
  outer loop
    vertex -47.03539390558652 278.6864774094153 0.5
    vertex -46.11669807151521 279.4631180620557 0.5
    vertex -47.65865372458932 278.4407597620807 0.5
  endloop
endfacet
facet normal 0 0 1
  outer loop
    vertex -47.03539390558652 278.6864774094153 0.5
    vertex -47.65865372458932 278.4407597620807 0.5
    vertex -48.4291538807061 277.2927174342958 0.5
  endloop
endfacet
facet normal -0 0 1
  outer loop
    vertex -46.11669807151521 279.4631180620557 0.5
    vertex -47.03539390558652 278.6864774094153 0.5
    vertex -45.2791538807061 279.5813263975127 0.5
  endloop
endfacet
facet normal 0 -0 1
  outer loop
    vertex 30.90119138970218 281.4742210696712 0.5
    vertex 32.58468216472768 281.6211790477124 0.5
    vertex 30.61781734265747 281.8417982861514 0.5
  endloop
endfacet
facet normal 0 -0 1
  outer loop
    vertex 28.95438432514001 281.7825650170117 0.5
    vertex 30.61781734265747 281.8417982861514 0.5
    vertex 28.64946025136528 282.0486809529614 0.5
  endloop
endfacet
facet normal -0 0 1
  outer loop
    vertex 28.95438432514001 281.7825650170117 0.5
    vertex 30.90119138970218 281.4742210696712 0.5
    vertex 30.61781734265747 281.8417982861514 0.5
  endloop
endfacet
facet normal 0 0 1
  outer loop
    vertex 27.00757726057784 281.4742210696712 0.5
    vertex 28.95438432514001 281.7825650170117 0.5
    vertex 28.64946025136528 282.0486809529614 0.5
  endloop
endfacet
facet normal 0 -0 1
  outer loop
    vertex 16.44386694385765 282.6120371796765 0.5
    vertex 16.8133569087851 283.0009912163875 0.5
    vertex 14.83724359487455 283.1114731029217 0.5
  endloop
endfacet
facet normal 0 -0 1
  outer loop
    vertex 14.49705987929548 282.920381127017 0.5
    vertex 14.83724359487455 283.1114731029217 0.5
    vertex 12.86040713464342 283.2081565356676 0.5
  endloop
endfacet
facet normal -0 0 1
  outer loop
    vertex 14.49705987929548 282.920381127017 0.5
    vertex 16.44386694385765 282.6120371796765 0.5
    vertex 14.83724359487455 283.1114731029217 0.5
  endloop
endfacet
facet normal 0 -0 1
  outer loop
    vertex 1.946807064562184 282.9916560526595 0.5
    vertex 2.968750796955641 283.4844555151227 0.5
    vertex 0.989599676215884 283.4982728209836 0.5
  endloop
endfacet
facet normal 0 -0 1
  outer loop
    vertex 1.58041051638287e-14 283.3 0.5
    vertex 0.989599676215884 283.4982728209836 0.5
    vertex -0.989599676215975 283.4982728209836 0.5
  endloop
endfacet
facet normal -0 0 1
  outer loop
    vertex 1.58041051638287e-14 283.3 0.5
    vertex 1.946807064562184 282.9916560526595 0.5
    vertex 0.989599676215884 283.4982728209836 0.5
  endloop
endfacet
facet normal 0 -0 1
  outer loop
    vertex -1.946807064562153 282.9916560526595 0.5
    vertex -0.989599676215975 283.4982728209836 0.5
    vertex -2.968750796955732 283.4844555151227 0.5
  endloop
endfacet
facet normal 0 0 1
  outer loop
    vertex -1.946807064562153 282.9916560526595 0.5
    vertex 1.58041051638287e-14 283.3 0.5
    vertex -0.989599676215975 283.4982728209836 0.5
  endloop
endfacet
facet normal 0 0 1
  outer loop
    vertex -3.703047089442565 282.0968070645621 0.5
    vertex -1.946807064562153 282.9916560526595 0.5
    vertex -2.968750796955732 283.4844555151227 0.5
  endloop
endfacet
facet normal 0 -0 1
  outer loop
    vertex -14.49705987929545 282.920381127017 0.5
    vertex -12.86040713464351 283.2081565356676 0.5
    vertex -14.83724359487464 283.1114731029217 0.5
  endloop
endfacet
facet normal 0 -0 1
  outer loop
    vertex -16.44386694385761 282.6120371796765 0.5
    vertex -14.83724359487464 283.1114731029217 0.5
    vertex -16.81335690878519 283.0009912163874 0.5
  endloop
endfacet
facet normal 0 0 1
  outer loop
    vertex -16.44386694385761 282.6120371796765 0.5
    vertex -14.49705987929545 282.920381127017 0.5
    vertex -14.83724359487464 283.1114731029217 0.5
  endloop
endfacet
facet normal 0 -0 1
  outer loop
    vertex -28.95438432513997 281.7825650170117 0.5
    vertex -28.64946025136531 282.0486809529614 0.5
    vertex -30.6178173426575 281.8417982861514 0.5
  endloop
endfacet
facet normal -0 0 1
  outer loop
    vertex -28.95438432513997 281.7825650170117 0.5
    vertex -27.0075772605778 281.4742210696712 0.5
    vertex -28.64946025136531 282.0486809529614 0.5
  endloop
endfacet
facet normal 0 -0 1
  outer loop
    vertex -30.90119138970214 281.4742210696712 0.5
    vertex -30.6178173426575 281.8417982861514 0.5
    vertex -32.58468216472771 281.6211790477124 0.5
  endloop
endfacet
facet normal 0 0 1
  outer loop
    vertex -30.90119138970214 281.4742210696712 0.5
    vertex -28.95438432513997 281.7825650170117 0.5
    vertex -30.6178173426575 281.8417982861514 0.5
  endloop
endfacet
facet normal 0 -0 1
  outer loop
    vertex -41.38553975158177 279.5813263975127 0.5
    vertex -40.43530270551253 280.6015614623582 0.5
    vertex -42.39326986629163 280.3124340268262 0.5
  endloop
endfacet
facet normal 0 0 1
  outer loop
    vertex 46.11669807151524 279.4631180620557 0.5
    vertex 47.03539390558655 278.6864774094153 0.5
    vertex 47.65865372458935 278.4407597620808 0.5
  endloop
endfacet
facet normal 0 0 1
  outer loop
    vertex 47.03539390558655 278.6864774094153 0.5
    vertex 46.11669807151524 279.4631180620557 0.5
    vertex 45.27915388070613 279.5813263975127 0.5
  endloop
endfacet
facet normal 0 0 1
  outer loop
    vertex 47.65865372458935 278.4407597620808 0.5
    vertex 48.42915388070614 277.2927174342958 0.5
    vertex 48.85011772147911 277.0253950480616 0.5
  endloop
endfacet
facet normal 0 0 1
  outer loop
    vertex 47.03539390558655 278.6864774094153 0.5
    vertex 48.42915388070614 277.2927174342958 0.5
    vertex 47.65865372458935 278.4407597620808 0.5
  endloop
endfacet
facet normal 0 0 1
  outer loop
    vertex 48.85011772147911 277.0253950480616 0.5
    vertex 49.32400286880343 275.5364774094153 0.5
    vertex 49.59456473506572 275.3316883516301 0.5
  endloop
endfacet
facet normal 0 0 1
  outer loop
    vertex 48.42915388070614 277.2927174342958 0.5
    vertex 49.32400286880343 275.5364774094153 0.5
    vertex 48.85011772147911 277.0253950480616 0.5
  endloop
endfacet
facet normal 0 0 1
  outer loop
    vertex 48.74975680579352 269.9977810085783 0.5
    vertex 49.54226580300189 271.6695385325389 0.5
    vertex 49.32400286880343 271.642863280291 0.5
  endloop
endfacet
facet normal 0 0 1
  outer loop
    vertex 47.51836146980152 268.6170169968543 0.5
    vertex 48.74975680579352 269.9977810085783 0.5
    vertex 48.42915388070614 269.8866232554106 0.5
  endloop
endfacet
facet normal 0 -0 1
  outer loop
    vertex 48.74975680579352 269.9977810085783 0.5
    vertex 49.32400286880343 271.642863280291 0.5
    vertex 48.42915388070614 269.8866232554106 0.5
  endloop
endfacet
facet normal 0 0 1
  outer loop
    vertex 45.94784012175791 267.6391077858771 0.5
    vertex 47.51836146980152 268.6170169968543 0.5
    vertex 47.03539390558655 268.492863280291 0.5
  endloop
endfacet
facet normal 0 -0 1
  outer loop
    vertex 47.51836146980152 268.6170169968543 0.5
    vertex 48.42915388070614 269.8866232554106 0.5
    vertex 47.03539390558655 268.492863280291 0.5
  endloop
endfacet
facet normal 0 0 1
  outer loop
    vertex 44.16542706103107 267.1432777640698 0.5
    vertex 45.94784012175791 267.6391077858771 0.5
    vertex 45.27915388070614 267.5980142921937 0.5
  endloop
endfacet
facet normal 0 -0 1
  outer loop
    vertex 45.94784012175791 267.6391077858771 0.5
    vertex 47.03539390558655 268.492863280291 0.5
    vertex 45.27915388070614 267.5980142921937 0.5
  endloop
endfacet
facet normal 0 -0 1
  outer loop
    vertex 44.16542706103107 267.1432777640698 0.5
    vertex 45.27915388070614 267.5980142921937 0.5
    vertex 43.33234681614397 267.2896703448532 0.5
  endloop
endfacet
facet normal 0 -0 1
  outer loop
    vertex 49.54226580300189 271.6695385325389 0.5
    vertex 49.63234681614396 273.5896703448532 0.5
    vertex 49.32400286880343 271.642863280291 0.5
  endloop
endfacet
facet normal -0 0 1
  outer loop
    vertex 38.40724502862467 267.7594695418095 0.5
    vertex 40.36246114126899 267.47172136624 0.5
    vertex 39.62929972670139 268.492863280291 0.5
  endloop
endfacet
facet normal 0 -0 1
  outer loop
    vertex 40.36246114126899 267.47172136624 0.5
    vertex 41.3855397515818 267.5980142921937 0.5
    vertex 39.62929972670139 268.492863280291 0.5
  endloop
endfacet
facet normal 0 0 1
  outer loop
    vertex 30.90119138970218 269.4909089643522 0.5
    vertex 30.56692488452793 268.7673959078809 0.5
    vertex 32.52971412098317 268.5369019319451 0.5
  endloop
endfacet
facet normal 0 0 1
  outer loop
    vertex 30.90119138970218 269.4909089643522 0.5
    vertex 28.95438432514001 269.1825650170117 0.5
    vertex 30.56692488452793 268.7673959078809 0.5
  endloop
endfacet
facet normal 0 0 1
  outer loop
    vertex 25.25133723569743 270.3857579524496 0.5
    vertex 24.66918710627454 269.3727551322064 0.5
    vertex 26.63655647990816 269.1853336623165 0.5
  endloop
endfacet
facet normal 0 0 1
  outer loop
    vertex 27.00757726057784 269.4909089643522 0.5
    vertex 25.25133723569743 270.3857579524496 0.5
    vertex 26.63655647990816 269.1853336623165 0.5
  endloop
endfacet
facet normal 0 0 1
  outer loop
    vertex 18.75959866098185 269.848712166797 0.5
    vertex 18.20010696873806 271.5235740624548 0.5
    vertex 16.78759289504269 269.9785671581919 0.5
  endloop
endfacet
facet normal 0 0 1
  outer loop
    vertex 16.78759289504269 269.9785671581919 0.5
    vertex 16.44386694385765 270.6287250743575 0.5
    vertex 14.8146910438482 270.0940112799159 0.5
  endloop
endfacet
facet normal 0 0 1
  outer loop
    vertex 18.20010696873806 271.5235740624548 0.5
    vertex 16.44386694385765 270.6287250743575 0.5
    vertex 16.78759289504269 269.9785671581919 0.5
  endloop
endfacet
facet normal 0 0 1
  outer loop
    vertex 12.84099841661511 270.1950383698126 0.5
    vertex 12.55025281473331 270.6287250743575 0.5
    vertex 10.86662036477004 270.2816430352752 0.5
  endloop
endfacet
facet normal 0 0 1
  outer loop
    vertex 12.55025281473331 270.6287250743575 0.5
    vertex 10.7940127898529 271.5235740624548 0.5
    vertex 10.86662036477004 270.2816430352752 0.5
  endloop
endfacet
facet normal 0 0 1
  outer loop
    vertex -1.946807064562149 271.0083439473405 0.5
    vertex -3.703047089442561 271.9031929354378 0.5
    vertex -2.964362102186209 270.4837565498659 0.5
  endloop
endfacet
facet normal 0 0 1
  outer loop
    vertex -12.55025281473327 270.6287250743575 0.5
    vertex -12.8409984166149 270.1950383698126 0.5
    vertex -10.86662036476982 270.2816430352753 0.5
  endloop
endfacet
facet normal 0 0 1
  outer loop
    vertex -10.79401278985286 271.5235740624548 0.5
    vertex -12.55025281473327 270.6287250743575 0.5
    vertex -10.86662036476982 270.2816430352753 0.5
  endloop
endfacet
facet normal 0 0 1
  outer loop
    vertex -16.44386694385761 270.6287250743575 0.5
    vertex -16.78759289504253 269.9785671581919 0.5
    vertex -14.81469104384799 270.0940112799159 0.5
  endloop
endfacet
facet normal 0 0 1
  outer loop
    vertex -18.20010696873802 271.5235740624548 0.5
    vertex -18.75959866098164 269.848712166797 0.5
    vertex -16.78759289504253 269.9785671581919 0.5
  endloop
endfacet
facet normal 0 0 1
  outer loop
    vertex -16.44386694385761 270.6287250743575 0.5
    vertex -18.20010696873802 271.5235740624548 0.5
    vertex -16.78759289504253 269.9785671581919 0.5
  endloop
endfacet
facet normal 0 0 1
  outer loop
    vertex -25.25133723569739 270.3857579524496 0.5
    vertex -26.63655647990801 269.1853336623165 0.5
    vertex -24.66918710627439 269.3727551322064 0.5
  endloop
endfacet
facet normal 0 0 1
  outer loop
    vertex -25.25133723569739 270.3857579524496 0.5
    vertex -27.0075772605778 269.4909089643522 0.5
    vertex -26.63655647990801 269.1853336623165 0.5
  endloop
endfacet
facet normal 0 0 1
  outer loop
    vertex -30.90119138970214 269.4909089643522 0.5
    vertex -32.52971412098307 268.5369019319451 0.5
    vertex -30.56692488452778 268.767395907881 0.5
  endloop
endfacet
facet normal 0 0 1
  outer loop
    vertex -28.95438432513997 269.1825650170117 0.5
    vertex -30.90119138970214 269.4909089643522 0.5
    vertex -30.56692488452778 268.767395907881 0.5
  endloop
endfacet
facet normal 0 0 1
  outer loop
    vertex -39.62929972670135 268.492863280291 0.5
    vertex -40.36246114126889 267.47172136624 0.5
    vertex -38.40724502862464 267.7594695418095 0.5
  endloop
endfacet
facet normal 0 0 1
  outer loop
    vertex -39.62929972670135 268.492863280291 0.5
    vertex -41.38553975158176 267.5980142921937 0.5
    vertex -40.36246114126889 267.47172136624 0.5
  endloop
endfacet
facet normal 0 0 1
  outer loop
    vertex -49.3240028688034 271.642863280291 0.5
    vertex -49.63234681614393 273.5896703448532 0.5
    vertex -49.54226580300185 271.6695385325389 0.5
  endloop
endfacet
facet normal 0 0 1
  outer loop
    vertex 42.39326986629167 280.3124340268262 0.5
    vertex 40.43530270551256 280.6015614623582 0.5
    vertex 41.3855397515818 279.5813263975127 0.5
  endloop
endfacet
facet normal 0 0 1
  outer loop
    vertex 42.39326986629167 280.3124340268262 0.5
    vertex 41.3855397515818 279.5813263975127 0.5
    vertex 43.33234681614397 279.8896703448532 0.5
  endloop
endfacet
facet normal -0 0 1
  outer loop
    vertex 30.90119138970218 281.4742210696712 0.5
    vertex 32.65743141458259 280.5793720815739 0.5
    vertex 32.58468216472768 281.6211790477124 0.5
  endloop
endfacet
facet normal 0 0 1
  outer loop
    vertex 32.58468216472768 281.6211790477124 0.5
    vertex 32.65743141458259 280.5793720815739 0.5
    vertex 33.8683494225564 280.4150716661186 0.5
  endloop
endfacet
facet normal 0 -0 1
  outer loop
    vertex 27.00757726057784 281.4742210696712 0.5
    vertex 28.64946025136528 282.0486809529614 0.5
    vertex 26.6797068257988 282.2418169649732 0.5
  endloop
endfacet
facet normal 0 -0 1
  outer loop
    vertex 25.25133723569743 280.5793720815739 0.5
    vertex 26.6797068257988 282.2418169649732 0.5
    vertex 24.70865306896108 282.4211969090098 0.5
  endloop
endfacet
facet normal 0 0 1
  outer loop
    vertex 25.25133723569743 280.5793720815739 0.5
    vertex 27.00757726057784 281.4742210696712 0.5
    vertex 26.6797068257988 282.2418169649732 0.5
  endloop
endfacet
facet normal 0 -0 1
  outer loop
    vertex 18.20010696873806 281.7171881915791 0.5
    vertex 18.78865076340002 282.8767162607962 0.5
    vertex 16.8133569087851 283.0009912163875 0.5
  endloop
endfacet
facet normal -0 0 1
  outer loop
    vertex 16.44386694385765 282.6120371796765 0.5
    vertex 18.20010696873806 281.7171881915791 0.5
    vertex 16.8133569087851 283.0009912163875 0.5
  endloop
endfacet
facet normal 0 -0 1
  outer loop
    vertex 12.55025281473331 282.6120371796765 0.5
    vertex 12.86040713464342 283.2081565356676 0.5
    vertex 10.88294387631187 283.2910368024111 0.5
  endloop
endfacet
facet normal 0 0 1
  outer loop
    vertex 12.55025281473331 282.6120371796765 0.5
    vertex 14.49705987929548 282.920381127017 0.5
    vertex 12.86040713464342 283.2081565356676 0.5
  endloop
endfacet
facet normal 0 0 1
  outer loop
    vertex 10.7940127898529 281.7171881915791 0.5
    vertex 12.55025281473331 282.6120371796765 0.5
    vertex 10.88294387631187 283.2910368024111 0.5
  endloop
endfacet
facet normal -0 0 1
  outer loop
    vertex 1.946807064562184 282.9916560526595 0.5
    vertex 3.703047089442596 282.0968070645621 0.5
    vertex 2.968750796955641 283.4844555151227 0.5
  endloop
endfacet
facet normal 0 -0 1
  outer loop
    vertex -12.55025281473328 282.6120371796765 0.5
    vertex -10.88294387631196 283.2910368024111 0.5
    vertex -12.86040713464351 283.2081565356676 0.5
  endloop
endfacet
facet normal -0 0 1
  outer loop
    vertex -12.55025281473328 282.6120371796765 0.5
    vertex -10.79401278985286 281.7171881915791 0.5
    vertex -10.88294387631196 283.2910368024111 0.5
  endloop
endfacet
facet normal -0 0 1
  outer loop
    vertex -14.49705987929545 282.920381127017 0.5
    vertex -12.55025281473328 282.6120371796765 0.5
    vertex -12.86040713464351 283.2081565356676 0.5
  endloop
endfacet
facet normal 0 -0 1
  outer loop
    vertex -18.20010696873803 281.7171881915791 0.5
    vertex -16.81335690878519 283.0009912163874 0.5
    vertex -18.78865076340011 282.8767162607962 0.5
  endloop
endfacet
facet normal 0 0 1
  outer loop
    vertex -18.20010696873803 281.7171881915791 0.5
    vertex -16.44386694385761 282.6120371796765 0.5
    vertex -16.81335690878519 283.0009912163874 0.5
  endloop
endfacet
facet normal 0 -0 1
  outer loop
    vertex -25.25133723569739 280.5793720815739 0.5
    vertex -24.70865306896117 282.4211969090098 0.5
    vertex -26.67970682579883 282.2418169649732 0.5
  endloop
endfacet
facet normal 0 -0 1
  outer loop
    vertex -27.0075772605778 281.4742210696712 0.5
    vertex -26.67970682579883 282.2418169649732 0.5
    vertex -28.64946025136531 282.0486809529614 0.5
  endloop
endfacet
facet normal -0 0 1
  outer loop
    vertex -27.0075772605778 281.4742210696712 0.5
    vertex -25.25133723569739 280.5793720815739 0.5
    vertex -26.67970682579883 282.2418169649732 0.5
  endloop
endfacet
facet normal 0 0 1
  outer loop
    vertex -32.65743141458255 280.5793720815739 0.5
    vertex -30.90119138970214 281.4742210696712 0.5
    vertex -32.58468216472771 281.6211790477124 0.5
  endloop
endfacet
facet normal 0 -0 1
  outer loop
    vertex -32.65743141458255 280.5793720815739 0.5
    vertex -32.58468216472771 281.6211790477124 0.5
    vertex -33.86834942255641 280.4150716661186 0.5
  endloop
endfacet
facet normal -0 0 1
  outer loop
    vertex -43.33234681614393 279.8896703448532 0.5
    vertex -41.38553975158177 279.5813263975127 0.5
    vertex -42.39326986629163 280.3124340268262 0.5
  endloop
endfacet
facet normal -0.87431 -0.485367 -2.39903e-15
  outer loop
    vertex -34.05119138970213 271.7795179275691 3.910474578666606
    vertex -34.05119138970214 271.7795179275691 6.5
    vertex -34.7926277815459 273.1150951980418 4.950332571885873
  endloop
endfacet
facet normal -0.731788 -0.681532 -2.00796e-15
  outer loop
    vertex -34.05119138970214 271.7795179275691 6.5
    vertex -34.05119138970213 271.7795179275691 3.910474578666606
    vertex -33.01009836893099 270.6616539418106 4.950332571884168
  endloop
endfacet
facet normal 0.89338 0.446125 -0.0533333
  outer loop
    vertex -23.38577778210635 278.4288544068855 4.964781126556143
    vertex -22.94291207875536 277.3672934937286 3.503369684602406
    vertex -23.8321668176003 279.1503828703755 3.52285329372623
  endloop
endfacet
facet normal 0.896617 -0.437973 0.0652478
  outer loop
    vertex -23.34104322275326 272.6224248686526 2.205237289333278
    vertex -22.916323779707 273.684837326374 3.500256973346907
    vertex -23.82493062262807 271.8248738444567 3.501158412270728
  endloop
endfacet
facet normal 0.896588 -0.438022 -0.0653235
  outer loop
    vertex -22.916323779707 273.684837326374 3.500256973346907
    vertex -23.34104322275327 272.6224248686526 4.794762710666721
    vertex -23.82493062262807 271.8248738444567 3.501158412270728
  endloop
endfacet
facet normal 0.893521 0.444954 0.0602981
  outer loop
    vertex -22.94291207875536 277.3672934937286 3.503369684602406
    vertex -23.34104322275325 278.3427051653708 2.205237289333279
    vertex -23.8321668176003 279.1503828703755 3.52285329372623
  endloop
endfacet
facet normal 0.161895 0.984802 0.0628889
  outer loop
    vertex -26.88471117925279 281.4328971984276 3.649946554966027
    vertex -27.93704482814938 281.6998811862171 2.178163477605277
    vertex -28.95438432513998 281.7825650170117 3.502325328238571
  endloop
endfacet
facet normal 0.592809 0.803495 -0.0545325
  outer loop
    vertex -25.25133723569739 280.5793720815739 6.5
    vertex -24.46119667484546 279.8985886513734 5.058591590327264
    vertex -26.02845761677738 281.0618976739959 5.161770052114274
  endloop
endfacet
facet normal 0.597418 0.800203 0.0526011
  outer loop
    vertex -24.46119667484546 279.8985886513734 5.058591590327264
    vertex -25.27307824524915 280.5950972219136 3.683807117724086
    vertex -26.02845761677738 281.0618976739959 5.161770052114274
  endloop
endfacet
facet normal 0.171118 0.982652 -0.0715124
  outer loop
    vertex -27.96884719538653 281.7050015627611 4.794762710666712
    vertex -26.88471117925279 281.4328971984276 3.649946554966027
    vertex -28.95438432513998 281.7825650170117 3.502325328238571
  endloop
endfacet
facet normal -0.998967 -4.29972e-16 -0.0454385
  outer loop
    vertex -35.17682087088934 274.4970278872582 4.794762710666715
    vertex -35.25438432513997 275.4825650170117 6.5
    vertex -35.17682087088934 276.4681021467652 4.794762710666697
  endloop
endfacet
facet normal -0.986668 -0.156273 -0.0454385
  outer loop
    vertex -35.25438432513997 275.4825650170117 0.5
    vertex -34.94604037779944 273.5357579524496 0.5
    vertex -35.17682087088936 274.4970278872584 2.205237289333344
  endloop
endfacet
facet normal -0.808211 -0.587047 0.0465947
  outer loop
    vertex -34.05119138970214 271.7795179275691 0.5
    vertex -33.40507202484648 271.023711016298 2.184891762144558
    vertex -34.57005711507811 272.6270056818992 2.177479911654402
  endloop
endfacet
facet normal -0.986668 0.156273 0.0454385
  outer loop
    vertex -35.25438432513997 275.4825650170117 6.5
    vertex -34.94604037779944 277.4293720815739 6.5
    vertex -35.17682087088934 276.4681021467652 4.794762710666697
  endloop
endfacet
facet normal 1.09715e-15 -0.998967 0.0454385
  outer loop
    vertex -28.95438432513997 269.1825650170117 0.5
    vertex -27.96884719538653 269.2601284712624 2.205237289333288
    vertex -29.93992145489357 269.2601284712624 2.205237289333336
  endloop
endfacet
facet normal -0.890056 -0.453506 -0.0461875
  outer loop
    vertex -34.94604037779944 273.5357579524496 0.5
    vertex -34.05119138970214 271.7795179275691 0.5
    vertex -34.57005711507811 272.6270056818992 2.177479911654402
  endloop
endfacet
facet normal -0.949995 -0.30892 0.0455745
  outer loop
    vertex -35.17682087088936 274.4970278872584 2.205237289333344
    vertex -34.94604037779944 273.5357579524496 0.5
    vertex -34.57005711507811 272.6270056818992 2.177479911654402
  endloop
endfacet
facet normal -0.808057 -0.58736 -0.0453012
  outer loop
    vertex -34.57005711507811 272.6270056818992 2.177479911654402
    vertex -33.40507202484648 271.023711016298 2.184891762144558
    vertex -34.05119138970213 271.7795179275691 3.910474578666606
  endloop
endfacet
facet normal 3.48072e-16 -0.998967 -0.0454385
  outer loop
    vertex -27.96884719538653 269.2601284712624 4.794762710666711
    vertex -28.95438432513997 269.1825650170117 6.5
    vertex -29.93992145489353 269.2601284712624 4.794762710666696
  endloop
endfacet
facet normal -0.808181 0.587178 -0.0454385
  outer loop
    vertex -34.56772542752669 278.3427051653709 4.794762710666721
    vertex -34.05119138970214 279.1856121064543 6.5
    vertex -33.40915704661521 279.937337738487 4.794762710666732
  endloop
endfacet
facet normal 0.453522 -0.890086 0.0454385
  outer loop
    vertex -25.25133723569739 270.3857579524496 6.5
    vertex -27.0075772605778 269.4909089643522 6.5
    vertex -26.09424417678083 269.869223914625 4.794762710666719
  endloop
endfacet
facet normal -0.453522 0.890086 0.0454385
  outer loop
    vertex -32.65743141458255 280.5793720815739 6.5
    vertex -30.90119138970214 281.4742210696712 6.5
    vertex -31.81452447349911 281.0959061193984 4.79476271066672
  endloop
endfacet
facet normal -0.156273 -0.986668 -0.0454385
  outer loop
    vertex -30.90119138970214 269.4909089643522 0.5
    vertex -28.95438432513997 269.1825650170117 0.5
    vertex -29.93992145489357 269.2601284712624 2.205237289333336
  endloop
endfacet
facet normal -0.308698 0.950074 0.0454385
  outer loop
    vertex -29.93992145489342 281.7050015627611 2.205237289333286
    vertex -30.90119138970214 281.4742210696712 0.5
    vertex -31.81452447349912 281.0959061193984 2.205237289333278
  endloop
endfacet
facet normal 0.453508 0.89006 -0.0460721
  outer loop
    vertex -25.25133723569739 280.5793720815739 0.5
    vertex -27.0075772605778 281.4742210696712 0.5
    vertex -26.07318930748215 281.0851282937828 2.180773364731087
  endloop
endfacet
facet normal -0.453515 -0.890073 -0.0457701
  outer loop
    vertex -32.65743141458255 270.3857579524496 0.5
    vertex -30.90119138970214 269.4909089643522 0.5
    vertex -31.81372626737549 269.8688172797712 2.192853845243041
  endloop
endfacet
facet normal 0.00319274 0.998877 0.0472796
  outer loop
    vertex -28.95438432513997 281.7825650170117 0.5
    vertex -29.93992145489342 281.7050015627611 2.205237289333286
    vertex -27.93704482814938 281.6998811862171 2.178163477605277
  endloop
endfacet
facet normal -0.890086 0.453522 0.0454385
  outer loop
    vertex -34.94604037779944 277.4293720815739 6.5
    vertex -34.05119138970214 279.1856121064543 6.5
    vertex -34.56772542752669 278.3427051653709 4.794762710666721
  endloop
endfacet
facet normal 0.589004 0.806545 -0.0505888
  outer loop
    vertex -24.49553032442616 279.9332527167182 2.184891762144562
    vertex -26.07318930748215 281.0851282937828 2.180773364731087
    vertex -25.27307824524915 280.5950972219136 3.683807117724086
  endloop
endfacet
facet normal 0.453522 -0.890086 -0.0454385
  outer loop
    vertex -27.0075772605778 269.4909089643522 0.5
    vertex -25.25133723569739 270.3857579524496 0.5
    vertex -26.0942441767809 269.869223914625 2.205237289333295
  endloop
endfacet
facet normal -0.808181 0.587178 0.0454385
  outer loop
    vertex -33.40915704661524 279.937337738487 2.205237289333269
    vertex -34.05119138970214 279.1856121064543 0.5
    vertex -34.56772542752667 278.3427051653709 2.205237289333275
  endloop
endfacet
facet normal -0.156273 -0.986668 0.0454385
  outer loop
    vertex -28.95438432513997 269.1825650170117 6.5
    vertex -30.90119138970214 269.4909089643522 6.5
    vertex -29.93992145489353 269.2601284712624 4.794762710666696
  endloop
endfacet
facet normal 0.588993 0.806872 0.0452081
  outer loop
    vertex -24.49553032442616 279.9332527167182 2.184891762144562
    vertex -25.25133723569739 280.5793720815739 0.5
    vertex -26.07318930748215 281.0851282937828 2.180773364731087
  endloop
endfacet
facet normal -0.156273 0.986668 0.0454385
  outer loop
    vertex -30.90119138970214 281.4742210696712 6.5
    vertex -28.95438432513997 281.7825650170117 6.5
    vertex -29.93992145489344 281.7050015627611 4.794762710666706
  endloop
endfacet
facet normal 0.156268 0.986637 -0.046121
  outer loop
    vertex -27.0075772605778 281.4742210696712 0.5
    vertex -28.95438432513997 281.7825650170117 0.5
    vertex -27.93704482814938 281.6998811862171 2.178163477605277
  endloop
endfacet
facet normal 1.23739e-16 0.998967 -0.0454385
  outer loop
    vertex -28.95438432513997 281.7825650170117 6.5
    vertex -27.96884719538653 281.7050015627611 4.794762710666712
    vertex -29.93992145489344 281.7050015627611 4.794762710666706
  endloop
endfacet
facet normal 0.308698 -0.950074 -0.0454385
  outer loop
    vertex -27.0075772605778 269.4909089643522 6.5
    vertex -27.96884719538653 269.2601284712624 4.794762710666711
    vertex -26.09424417678083 269.869223914625 4.794762710666719
  endloop
endfacet
facet normal -0.706376 0.706376 0.0454385
  outer loop
    vertex -34.05119138970214 279.1856121064543 6.5
    vertex -32.65743141458255 280.5793720815739 6.5
    vertex -33.40915704661521 279.937337738487 4.794762710666732
  endloop
endfacet
facet normal 0.156273 -0.986668 0.0454385
  outer loop
    vertex -27.0075772605778 269.4909089643522 6.5
    vertex -28.95438432513997 269.1825650170117 6.5
    vertex -27.96884719538653 269.2601284712624 4.794762710666711
  endloop
endfacet
facet normal 0.706359 0.706359 -0.0459844
  outer loop
    vertex -23.85757726057781 279.1856121064543 0.5
    vertex -25.25133723569739 280.5793720815739 0.5
    vertex -24.49553032442616 279.9332527167182 2.184891762144562
  endloop
endfacet
facet normal -0.587178 0.808181 0.0454385
  outer loop
    vertex -32.65743141458255 280.5793720815739 0.5
    vertex -33.40915704661524 279.937337738487 2.205237289333269
    vertex -31.81452447349912 281.0959061193984 2.205237289333278
  endloop
endfacet
facet normal -0.950074 0.308698 -0.0454385
  outer loop
    vertex -34.94604037779944 277.4293720815739 6.5
    vertex -34.56772542752669 278.3427051653709 4.794762710666721
    vertex -35.17682087088934 276.4681021467652 4.794762710666697
  endloop
endfacet
facet normal -0.586894 -0.808376 0.0456527
  outer loop
    vertex -33.40507202484648 271.023711016298 2.184891762144558
    vertex -32.65743141458255 270.3857579524496 0.5
    vertex -31.81372626737549 269.8688172797712 2.192853845243041
  endloop
endfacet
facet normal -0.453522 0.890086 -0.0454385
  outer loop
    vertex -30.90119138970214 281.4742210696712 0.5
    vertex -32.65743141458255 280.5793720815739 0.5
    vertex -31.81452447349912 281.0959061193984 2.205237289333278
  endloop
endfacet
facet normal 0.706376 -0.706376 0.0454385
  outer loop
    vertex -23.85757726057781 271.7795179275691 6.5
    vertex -25.25133723569739 270.3857579524496 6.5
    vertex -24.49961160366473 271.0277922955365 4.794762710666728
  endloop
endfacet
facet normal -0.453522 -0.890086 0.0454385
  outer loop
    vertex -30.90119138970214 269.4909089643522 6.5
    vertex -32.65743141458255 270.3857579524496 6.5
    vertex -31.81452447349912 269.869223914625 4.794762710666722
  endloop
endfacet
facet normal -0.156273 0.986668 -0.0454385
  outer loop
    vertex -28.95438432513997 281.7825650170117 0.5
    vertex -30.90119138970214 281.4742210696712 0.5
    vertex -29.93992145489342 281.7050015627611 2.205237289333286
  endloop
endfacet
facet normal 0.156273 -0.986668 -0.0454385
  outer loop
    vertex -28.95438432513997 269.1825650170117 0.5
    vertex -27.0075772605778 269.4909089643522 0.5
    vertex -27.96884719538653 269.2601284712624 2.205237289333288
  endloop
endfacet
facet normal 0.156273 0.986668 0.0454385
  outer loop
    vertex -28.95438432513997 281.7825650170117 6.5
    vertex -27.0075772605778 281.4742210696712 6.5
    vertex -27.96884719538653 281.7050015627611 4.794762710666712
  endloop
endfacet
facet normal -0.706359 -0.706359 -0.0459844
  outer loop
    vertex -34.05119138970214 271.7795179275691 0.5
    vertex -32.65743141458255 270.3857579524496 0.5
    vertex -33.40507202484648 271.023711016298 2.184891762144558
  endloop
endfacet
facet normal 0.312846 0.948704 0.0457019
  outer loop
    vertex -26.07318930748215 281.0851282937828 2.180773364731087
    vertex -27.0075772605778 281.4742210696712 0.5
    vertex -27.93704482814938 281.6998811862171 2.178163477605277
  endloop
endfacet
facet normal -0.706376 0.706376 -0.0454385
  outer loop
    vertex -32.65743141458255 280.5793720815739 0.5
    vertex -34.05119138970214 279.1856121064543 0.5
    vertex -33.40915704661524 279.937337738487 2.205237289333269
  endloop
endfacet
facet normal -0.587178 0.808181 -0.0454385
  outer loop
    vertex -32.65743141458255 280.5793720815739 6.5
    vertex -31.81452447349911 281.0959061193984 4.79476271066672
    vertex -33.40915704661521 279.937337738487 4.794762710666732
  endloop
endfacet
facet normal -0.890086 0.453522 -0.0454385
  outer loop
    vertex -34.05119138970214 279.1856121064543 0.5
    vertex -34.94604037779944 277.4293720815739 0.5
    vertex -34.56772542752667 278.3427051653709 2.205237289333275
  endloop
endfacet
facet normal -0.308698 0.950074 -0.0454385
  outer loop
    vertex -31.81452447349911 281.0959061193984 4.79476271066672
    vertex -30.90119138970214 281.4742210696712 6.5
    vertex -29.93992145489344 281.7050015627611 4.794762710666706
  endloop
endfacet
facet normal -0.950074 0.308698 0.0454385
  outer loop
    vertex -34.94604037779944 277.4293720815739 0.5
    vertex -35.17682087088933 276.4681021467653 2.205237289333284
    vertex -34.56772542752667 278.3427051653709 2.205237289333275
  endloop
endfacet
facet normal 0.587178 -0.808181 -0.0454385
  outer loop
    vertex -24.49961160366473 271.0277922955365 4.794762710666728
    vertex -25.25133723569739 270.3857579524496 6.5
    vertex -26.09424417678083 269.869223914625 4.794762710666719
  endloop
endfacet
facet normal -0.308698 -0.950074 -0.0454385
  outer loop
    vertex -30.90119138970214 269.4909089643522 6.5
    vertex -31.81452447349912 269.869223914625 4.794762710666722
    vertex -29.93992145489353 269.2601284712624 4.794762710666696
  endloop
endfacet
facet normal -0.998967 1.57866e-14 0.0454385
  outer loop
    vertex -35.17682087088933 276.4681021467653 2.205237289333284
    vertex -35.25438432513997 275.4825650170117 0.5
    vertex -35.17682087088936 274.4970278872584 2.205237289333344
  endloop
endfacet
facet normal -0.308901 -0.950002 0.0455627
  outer loop
    vertex -31.81372626737549 269.8688172797712 2.192853845243041
    vertex -30.90119138970214 269.4909089643522 0.5
    vertex -29.93992145489357 269.2601284712624 2.205237289333336
  endloop
endfacet
facet normal 0.308698 -0.950074 0.0454385
  outer loop
    vertex -27.96884719538653 269.2601284712624 2.205237289333288
    vertex -27.0075772605778 269.4909089643522 0.5
    vertex -26.0942441767809 269.869223914625 2.205237289333295
  endloop
endfacet
facet normal -0.986668 0.156273 -0.0454385
  outer loop
    vertex -34.94604037779944 277.4293720815739 0.5
    vertex -35.25438432513997 275.4825650170117 0.5
    vertex -35.17682087088933 276.4681021467653 2.205237289333284
  endloop
endfacet
facet normal -0.986668 -0.156273 0.0454385
  outer loop
    vertex -34.94604037779944 273.5357579524496 6.5
    vertex -35.25438432513997 275.4825650170117 6.5
    vertex -35.17682087088934 274.4970278872582 4.794762710666715
  endloop
endfacet
facet normal 0.808174 0.587188 0.0454457
  outer loop
    vertex -23.85757726057781 279.1856121064543 0.5
    vertex -24.49553032442616 279.9332527167182 2.184891762144562
    vertex -23.34104322275325 278.3427051653708 2.205237289333279
  endloop
endfacet
facet normal 0.890086 0.453522 -0.0454385
  outer loop
    vertex -22.9627282724805 277.4293720815739 0.5
    vertex -23.85757726057781 279.1856121064543 0.5
    vertex -23.34104322275325 278.3427051653708 2.205237289333279
  endloop
endfacet
facet normal 0.890086 -0.453522 0.0454385
  outer loop
    vertex -22.9627282724805 273.5357579524496 6.5
    vertex -23.85757726057781 271.7795179275691 6.5
    vertex -23.34104322275327 272.6224248686526 4.794762710666721
  endloop
endfacet
facet normal 0.808181 -0.587178 -0.0454385
  outer loop
    vertex -23.85757726057781 271.7795179275691 6.5
    vertex -24.49961160366473 271.0277922955365 4.794762710666728
    vertex -23.34104322275327 272.6224248686526 4.794762710666721
  endloop
endfacet
facet normal 0.706376 -0.706376 -0.0454385
  outer loop
    vertex -25.25133723569739 270.3857579524496 0.5
    vertex -23.8575772605778 271.7795179275691 0.5
    vertex -24.49961160366483 271.0277922955364 2.205237289333359
  endloop
endfacet
facet normal 0.587178 -0.808181 0.0454385
  outer loop
    vertex -26.0942441767809 269.869223914625 2.205237289333295
    vertex -25.25133723569739 270.3857579524496 0.5
    vertex -24.49961160366483 271.0277922955364 2.205237289333359
  endloop
endfacet
facet normal 0.890086 -0.453522 -0.0454385
  outer loop
    vertex -23.8575772605778 271.7795179275691 0.5
    vertex -22.9627282724805 273.5357579524496 0.5
    vertex -23.34104322275326 272.6224248686526 2.205237289333278
  endloop
endfacet
facet normal 0.889893 0.453423 0.0499731
  outer loop
    vertex -23.8575772605778 279.1856121064543 6.5
    vertex -22.9627282724805 277.4293720815739 6.5
    vertex -23.38577778210635 278.4288544068855 4.964781126556143
  endloop
endfacet
facet normal 0.808181 -0.587178 0.0454385
  outer loop
    vertex -23.8575772605778 271.7795179275691 0.5
    vertex -23.34104322275326 272.6224248686526 2.205237289333278
    vertex -24.49961160366483 271.0277922955364 2.205237289333359
  endloop
endfacet
facet normal 0.988484 0.151324 0
  outer loop
    vertex -22.65438432513997 275.4825650170117 4.5
    vertex -22.65438432513997 275.4825650170117 2.5
    vertex -22.94291207875536 277.3672934937286 3.503369684602406
  endloop
endfacet
facet normal 0.989551 -0.144183 0
  outer loop
    vertex -22.65438432513997 275.4825650170117 2.5
    vertex -22.65438432513997 275.4825650170117 4.5
    vertex -22.916323779707 273.684837326374 3.500256973346907
  endloop
endfacet
facet normal -0.706673 -0.706673 0.0350088
  outer loop
    vertex -32.65743141458255 270.3857579524496 6.5
    vertex -34.05119138970214 271.7795179275691 6.5
    vertex -33.01009836893099 270.6616539418106 4.950332571884168
  endloop
endfacet
facet normal 0.312878 0.948387 -0.0516703
  outer loop
    vertex -26.07318930748215 281.0851282937828 2.180773364731087
    vertex -27.93704482814938 281.6998811862171 2.178163477605277
    vertex -26.88471117925279 281.4328971984276 3.649946554966027
  endloop
endfacet
facet normal -0.89046 -0.453712 0.0350088
  outer loop
    vertex -34.05119138970214 271.7795179275691 6.5
    vertex -34.94604037779944 273.5357579524496 6.5
    vertex -34.7926277815459 273.1150951980418 4.950332571885873
  endloop
endfacet
facet normal 0.706091 0.706091 0.0535699
  outer loop
    vertex -25.25133723569739 280.5793720815739 6.5
    vertex -23.8575772605778 279.1856121064543 6.5
    vertex -24.46119667484546 279.8985886513734 5.058591590327264
  endloop
endfacet
facet normal -0.894706 -0.443748 0.0508723
  outer loop
    vertex -34.57005711507811 272.6270056818992 2.177479911654402
    vertex -34.05119138970213 271.7795179275691 3.910474578666606
    vertex -34.94604037779948 273.5357579524497 3.491800523434053
  endloop
endfacet
facet normal 0.3234 0.944694 -0.0544543
  outer loop
    vertex -27.96884719538653 281.7050015627611 4.794762710666712
    vertex -27.0075772605778 281.4742210696712 6.5
    vertex -26.02845761677738 281.0618976739959 5.161770052114274
  endloop
endfacet
facet normal -0.698462 -0.713819 0.0511246
  outer loop
    vertex -34.05119138970213 271.7795179275691 3.910474578666606
    vertex -33.40507202484648 271.023711016298 2.184891762144558
    vertex -32.6574314145826 270.3857579524496 3.491800523432933
  endloop
endfacet
facet normal 0.710077 0.701689 0.0585157
  outer loop
    vertex -24.49553032442616 279.9332527167182 2.184891762144562
    vertex -25.27307824524915 280.5950972219136 3.683807117724086
    vertex -23.8321668176003 279.1503828703755 3.52285329372623
  endloop
endfacet
facet normal 0.993467 0.114123 0
  outer loop
    vertex -22.65438432513997 275.4825650170117 2.5
    vertex -22.65438432513997 275.4825650170117 0.5
    vertex -22.8184875870364 276.9111206579757 1.948755233266937
  endloop
endfacet
facet normal 0.993467 -0.114123 0
  outer loop
    vertex -22.65438432513997 275.4825650170117 4.5
    vertex -22.65438432513997 275.4825650170117 6.5
    vertex -22.8184875870364 274.0540093760478 5.051244766733022
  endloop
endfacet
facet normal 0.986803 0.156294 -0.042338
  outer loop
    vertex -22.65438432513997 275.4825650170117 0.5
    vertex -22.9627282724805 277.4293720815739 0.5
    vertex -22.8184875870364 276.9111206579757 1.948755233266937
  endloop
endfacet
facet normal 0.986803 -0.156294 0.042338
  outer loop
    vertex -22.65438432513997 275.4825650170117 6.5
    vertex -22.9627282724805 273.5357579524496 6.5
    vertex -22.8184875870364 274.0540093760478 5.051244766733022
  endloop
endfacet
facet normal 0.993467 -0.114123 0
  outer loop
    vertex -22.65438432513997 275.4825650170117 0.5
    vertex -22.65438432513997 275.4825650170117 2.5
    vertex -22.8184875870364 274.0540093760478 1.948755233266964
  endloop
endfacet
facet normal 0.993467 0.114123 0
  outer loop
    vertex -22.65438432513997 275.4825650170117 6.5
    vertex -22.65438432513997 275.4825650170117 4.5
    vertex -22.8184875870364 276.9111206579757 5.051244766733035
  endloop
endfacet
facet normal 0.986803 0.156294 0.042338
  outer loop
    vertex -22.9627282724805 277.4293720815739 6.5
    vertex -22.65438432513997 275.4825650170117 6.5
    vertex -22.8184875870364 276.9111206579757 5.051244766733035
  endloop
endfacet
facet normal 0.986803 -0.156294 -0.042338
  outer loop
    vertex -22.9627282724805 273.5357579524496 0.5
    vertex -22.65438432513997 275.4825650170117 0.5
    vertex -22.8184875870364 274.0540093760478 1.948755233266964
  endloop
endfacet
facet normal -0.886436 -0.461141 -0.0397621
  outer loop
    vertex -34.05119138970213 271.7795179275691 3.910474578666606
    vertex -34.7926277815459 273.1150951980418 4.950332571885873
    vertex -34.94604037779948 273.5357579524497 3.491800523434053
  endloop
endfacet
facet normal 0.303519 0.950843 0.0614312
  outer loop
    vertex -26.88471117925279 281.4328971984276 3.649946554966027
    vertex -27.96884719538653 281.7050015627611 4.794762710666712
    vertex -26.02845761677738 281.0618976739959 5.161770052114274
  endloop
endfacet
facet normal -0.712494 -0.70055 -0.0397621
  outer loop
    vertex -33.01009836893099 270.6616539418106 4.950332571884168
    vertex -34.05119138970213 271.7795179275691 3.910474578666606
    vertex -32.6574314145826 270.3857579524496 3.491800523432933
  endloop
endfacet
facet normal 0.703725 0.708199 -0.0567902
  outer loop
    vertex -25.27307824524915 280.5950972219136 3.683807117724086
    vertex -24.46119667484546 279.8985886513734 5.058591590327264
    vertex -23.8321668176003 279.1503828703755 3.52285329372623
  endloop
endfacet
facet normal -0.554321 -0.832013 -0.0219779
  outer loop
    vertex -31.81452447349912 269.869223914625 4.794762710666722
    vertex -32.65743141458255 270.3857579524496 6.5
    vertex -33.01009836893099 270.6616539418106 4.950332571884168
  endloop
endfacet
facet normal -0.962586 -0.270084 -0.0219779
  outer loop
    vertex -34.94604037779944 273.5357579524496 6.5
    vertex -35.17682087088934 274.4970278872582 4.794762710666715
    vertex -34.7926277815459 273.1150951980418 4.950332571885873
  endloop
endfacet
facet normal 0.460062 0.886785 0.0442115
  outer loop
    vertex -25.27307824524915 280.5950972219136 3.683807117724086
    vertex -26.07318930748215 281.0851282937828 2.180773364731087
    vertex -26.88471117925279 281.4328971984276 3.649946554966027
  endloop
endfacet
facet normal 0.804884 0.591772 -0.0443483
  outer loop
    vertex -23.8575772605778 279.1856121064543 6.5
    vertex -23.38577778210635 278.4288544068855 4.964781126556143
    vertex -24.46119667484546 279.8985886513734 5.058591590327264
  endloop
endfacet
facet normal -0.453026 -0.889505 -0.0595571
  outer loop
    vertex -30.90119138970227 269.4909089643523 3.497674671761414
    vertex -31.81452447349912 269.869223914625 4.794762710666722
    vertex -32.6574314145826 270.3857579524496 3.491800523432933
  endloop
endfacet
facet normal -0.453077 0.889461 0.0598356
  outer loop
    vertex -31.81452447349912 281.0959061193984 2.205237289333278
    vertex -32.65715459220409 280.5795731933193 3.500150167719377
    vertex -30.9002210697146 281.4745362588872 3.499999999999996
  endloop
endfacet
facet normal 0.156269 -0.985903 -0.0597958
  outer loop
    vertex -27.96884719538653 269.2601284712624 4.794762710666711
    vertex -28.95403799304241 269.1825650265312 3.498933579071092
    vertex -27.00695837155281 269.491110088925 3.50016423842248
  endloop
endfacet
facet normal -0.985938 0.156034 -0.0598289
  outer loop
    vertex -35.17682087088934 276.4681021467652 4.794762710666697
    vertex -34.94616049021025 277.4290023747748 3.499682257385656
    vertex -35.25438424253163 275.4815447890422 3.499999999999968
  endloop
endfacet
facet normal -0.985962 -0.155992 -0.0595492
  outer loop
    vertex -35.17682087088934 274.4970278872582 4.794762710666715
    vertex -35.25438424253163 275.4815447890422 3.499999999999968
    vertex -34.94604037779948 273.5357579524497 3.491800523434053
  endloop
endfacet
facet normal -4.57698e-16 -0.998213 0.0597493
  outer loop
    vertex -27.96884719538653 269.2601284712624 4.794762710666711
    vertex -29.93992145489353 269.2601284712624 4.794762710666696
    vertex -28.95403799304241 269.1825650265312 3.498933579071092
  endloop
endfacet
facet normal -0.15609 -0.985934 -0.0597412
  outer loop
    vertex -28.95403799304241 269.1825650265312 3.498933579071092
    vertex -29.93992145489353 269.2601284712624 4.794762710666696
    vertex -30.90119138970227 269.4909089643523 3.497674671761414
  endloop
endfacet
facet normal -0.949355 0.308464 0.0597837
  outer loop
    vertex -35.17682087088934 276.4681021467652 4.794762710666697
    vertex -34.56772542752669 278.3427051653709 4.794762710666721
    vertex -34.94616049021025 277.4290023747748 3.499682257385656
  endloop
endfacet
facet normal -0.586734 0.80757 -0.0597914
  outer loop
    vertex -31.81452447349912 281.0959061193984 2.205237289333278
    vertex -33.40915704661524 279.937337738487 2.205237289333269
    vertex -32.65715459220409 280.5795731933193 3.500150167719377
  endloop
endfacet
facet normal -0.80757 0.586734 0.0597876
  outer loop
    vertex -34.56772542752669 278.3427051653709 4.794762710666721
    vertex -33.40915704661521 279.937337738487 4.794762710666732
    vertex -34.05123586776447 279.1855508868803 3.499765951765946
  endloop
endfacet
facet normal 0.00172719 0.998136 -0.060999
  outer loop
    vertex -27.93704482814938 281.6998811862171 2.178163477605277
    vertex -29.93992145489342 281.7050015627611 2.205237289333286
    vertex -28.95438432513998 281.7825650170117 3.502325328238571
  endloop
endfacet
facet normal -0.308466 -0.949361 0.0596915
  outer loop
    vertex -29.93992145489353 269.2601284712624 4.794762710666696
    vertex -31.81452447349912 269.869223914625 4.794762710666722
    vertex -30.90119138970227 269.4909089643523 3.497674671761414
  endloop
endfacet
facet normal -0.889427 0.453147 -0.0598044
  outer loop
    vertex -34.56772542752669 278.3427051653709 4.794762710666721
    vertex -34.05123586776447 279.1855508868803 3.499765951765946
    vertex -34.94616049021025 277.4290023747748 3.499682257385656
  endloop
endfacet
facet normal 0.586737 -0.807574 -0.0596915
  outer loop
    vertex -26.0942441767809 269.869223914625 2.205237289333295
    vertex -24.49961160366483 271.0277922955364 2.205237289333359
    vertex -25.25133723569741 270.3857579524495 3.502325328238658
  endloop
endfacet
facet normal 0.708848 -0.702536 0.0630693
  outer loop
    vertex -25.25133723569741 270.3857579524495 3.502325328238658
    vertex -24.49961160366483 271.0277922955364 2.205237289333359
    vertex -23.82493062262807 271.8248738444567 3.501158412270728
  endloop
endfacet
facet normal -0.453085 0.889457 -0.0598425
  outer loop
    vertex -32.65715459220409 280.5795731933193 3.500150167719377
    vertex -31.81452447349911 281.0959061193984 4.79476271066672
    vertex -30.9002210697146 281.4745362588872 3.499999999999996
  endloop
endfacet
facet normal -0.985934 0.156053 0.0598436
  outer loop
    vertex -34.94616049021025 277.4290023747748 3.499682257385656
    vertex -35.17682087088933 276.4681021467653 2.205237289333284
    vertex -35.25438424253163 275.4815447890422 3.499999999999968
  endloop
endfacet
facet normal 0.156195 -0.985912 0.0598374
  outer loop
    vertex -28.95403799304241 269.1825650265312 3.498933579071092
    vertex -27.96884719538653 269.2601284712624 2.205237289333288
    vertex -27.00695837155281 269.491110088925 3.50016423842248
  endloop
endfacet
facet normal -0.705834 0.705847 0.0598254
  outer loop
    vertex -33.40915704661524 279.937337738487 2.205237289333269
    vertex -34.05123586776447 279.1855508868803 3.499765951765946
    vertex -32.65715459220409 280.5795731933193 3.500150167719377
  endloop
endfacet
facet normal -0.705817 0.705864 -0.0598215
  outer loop
    vertex -34.05123586776447 279.1855508868803 3.499765951765946
    vertex -33.40915704661521 279.937337738487 4.794762710666732
    vertex -32.65715459220409 280.5795731933193 3.500150167719377
  endloop
endfacet
facet normal -0.99821 5.65855e-16 0.0597983
  outer loop
    vertex -35.17682087088934 274.4970278872582 4.794762710666715
    vertex -35.17682087088934 276.4681021467652 4.794762710666697
    vertex -35.25438424253163 275.4815447890422 3.499999999999968
  endloop
endfacet
facet normal 0.308464 -0.949354 0.0598059
  outer loop
    vertex -26.09424417678083 269.869223914625 4.794762710666719
    vertex -27.96884719538653 269.2601284712624 4.794762710666711
    vertex -27.00695837155281 269.491110088925 3.50016423842248
  endloop
endfacet
facet normal -0.308464 0.949355 -0.0597983
  outer loop
    vertex -29.93992145489342 281.7050015627611 2.205237289333286
    vertex -31.81452447349912 281.0959061193984 2.205237289333278
    vertex -30.9002210697146 281.4745362588872 3.499999999999996
  endloop
endfacet
facet normal -0.308464 0.949355 0.0597983
  outer loop
    vertex -31.81452447349911 281.0959061193984 4.79476271066672
    vertex -29.93992145489344 281.7050015627611 4.794762710666706
    vertex -30.9002210697146 281.4745362588872 3.499999999999996
  endloop
endfacet
facet normal 0.308464 -0.949355 -0.0597908
  outer loop
    vertex -27.96884719538653 269.2601284712624 2.205237289333288
    vertex -26.0942441767809 269.869223914625 2.205237289333295
    vertex -27.00695837155281 269.491110088925 3.50016423842248
  endloop
endfacet
facet normal -0.99821 1.25748e-14 -0.0597983
  outer loop
    vertex -35.17682087088933 276.4681021467653 2.205237289333284
    vertex -35.17682087088936 274.4970278872584 2.205237289333344
    vertex -35.25438424253163 275.4815447890422 3.499999999999968
  endloop
endfacet
facet normal 0.807581 -0.586742 -0.0595548
  outer loop
    vertex -24.49961160366483 271.0277922955364 2.205237289333359
    vertex -23.34104322275326 272.6224248686526 2.205237289333278
    vertex -23.82493062262807 271.8248738444567 3.501158412270728
  endloop
endfacet
facet normal -0.156145 0.985929 0.0596837
  outer loop
    vertex -29.93992145489342 281.7050015627611 2.205237289333286
    vertex -30.9002210697146 281.4745362588872 3.499999999999996
    vertex -28.95438432513998 281.7825650170117 3.502325328238571
  endloop
endfacet
facet normal 0.453168 -0.889424 0.0597021
  outer loop
    vertex -27.00695837155281 269.491110088925 3.50016423842248
    vertex -26.0942441767809 269.869223914625 2.205237289333295
    vertex -25.25133723569741 270.3857579524495 3.502325328238658
  endloop
endfacet
facet normal -1.44277e-15 -0.998208 -0.0598474
  outer loop
    vertex -29.93992145489357 269.2601284712624 2.205237289333336
    vertex -27.96884719538653 269.2601284712624 2.205237289333288
    vertex -28.95403799304241 269.1825650265312 3.498933579071092
  endloop
endfacet
facet normal -0.156164 -0.985913 0.0598973
  outer loop
    vertex -29.93992145489357 269.2601284712624 2.205237289333336
    vertex -28.95403799304241 269.1825650265312 3.498933579071092
    vertex -30.90119138970227 269.4909089643523 3.497674671761414
  endloop
endfacet
facet normal -0.586733 0.807569 0.0598052
  outer loop
    vertex -33.40915704661521 279.937337738487 4.794762710666732
    vertex -31.81452447349911 281.0959061193984 4.79476271066672
    vertex -32.65715459220409 280.5795731933193 3.500150167719377
  endloop
endfacet
facet normal -1.61963e-16 0.998204 0.0599055
  outer loop
    vertex -29.93992145489344 281.7050015627611 4.794762710666706
    vertex -27.96884719538653 281.7050015627611 4.794762710666712
    vertex -28.95438432513998 281.7825650170117 3.502325328238571
  endloop
endfacet
facet normal -0.807569 0.586733 -0.0598091
  outer loop
    vertex -33.40915704661524 279.937337738487 2.205237289333269
    vertex -34.56772542752667 278.3427051653709 2.205237289333275
    vertex -34.05123586776447 279.1855508868803 3.499765951765946
  endloop
endfacet
facet normal -0.308045 -0.949505 -0.0595671
  outer loop
    vertex -31.81372626737549 269.8688172797712 2.192853845243041
    vertex -29.93992145489357 269.2601284712624 2.205237289333336
    vertex -30.90119138970227 269.4909089643523 3.497674671761414
  endloop
endfacet
facet normal -0.949354 0.308464 -0.059813
  outer loop
    vertex -34.56772542752667 278.3427051653709 2.205237289333275
    vertex -35.17682087088933 276.4681021467653 2.205237289333284
    vertex -34.94616049021025 277.4290023747748 3.499682257385656
  endloop
endfacet
facet normal -0.889428 0.453142 0.0598298
  outer loop
    vertex -34.05123586776447 279.1855508868803 3.499765951765946
    vertex -34.56772542752667 278.3427051653709 2.205237289333275
    vertex -34.94616049021025 277.4290023747748 3.499682257385656
  endloop
endfacet
facet normal 0.58673 -0.807564 0.0599055
  outer loop
    vertex -24.49961160366473 271.0277922955365 4.794762710666728
    vertex -26.09424417678083 269.869223914625 4.794762710666719
    vertex -25.25133723569741 270.3857579524495 3.502325328238658
  endloop
endfacet
facet normal -0.156005 0.985945 -0.0597905
  outer loop
    vertex -30.9002210697146 281.4745362588872 3.499999999999996
    vertex -29.93992145489344 281.7050015627611 4.794762710666706
    vertex -28.95438432513998 281.7825650170117 3.502325328238571
  endloop
endfacet
facet normal 0.708789 -0.70258 -0.0632401
  outer loop
    vertex -24.49961160366473 271.0277922955365 4.794762710666728
    vertex -25.25133723569741 270.3857579524495 3.502325328238658
    vertex -23.82493062262807 271.8248738444567 3.501158412270728
  endloop
endfacet
facet normal 0.807576 -0.586738 0.0596611
  outer loop
    vertex -23.34104322275327 272.6224248686526 4.794762710666721
    vertex -24.49961160366473 271.0277922955365 4.794762710666728
    vertex -23.82493062262807 271.8248738444567 3.501158412270728
  endloop
endfacet
facet normal 0.453282 -0.889358 -0.0598165
  outer loop
    vertex -26.09424417678083 269.869223914625 4.794762710666719
    vertex -27.00695837155281 269.491110088925 3.50016423842248
    vertex -25.25133723569741 270.3857579524495 3.502325328238658
  endloop
endfacet
facet normal -0.453345 -0.889349 0.0594722
  outer loop
    vertex -31.81372626737549 269.8688172797712 2.192853845243041
    vertex -30.90119138970227 269.4909089643523 3.497674671761414
    vertex -32.6574314145826 270.3857579524496 3.491800523432933
  endloop
endfacet
facet normal -0.985862 -0.156479 0.059926
  outer loop
    vertex -35.25438424253163 275.4815447890422 3.499999999999968
    vertex -35.17682087088936 274.4970278872584 2.205237289333344
    vertex -34.94604037779948 273.5357579524497 3.491800523434053
  endloop
endfacet
facet normal -0.94977 -0.307292 -0.0592289
  outer loop
    vertex -35.17682087088936 274.4970278872584 2.205237289333344
    vertex -34.57005711507811 272.6270056818992 2.177479911654402
    vertex -34.94604037779948 273.5357579524497 3.491800523434053
  endloop
endfacet
facet normal 0.453238 0.88953 0.057539
  outer loop
    vertex -27.0075772605778 281.4742210696712 6.5
    vertex -25.25133723569739 280.5793720815739 6.5
    vertex -26.02845761677738 281.0618976739959 5.161770052114274
  endloop
endfacet
facet normal -0.586135 -0.808052 -0.0591327
  outer loop
    vertex -33.40507202484648 271.023711016298 2.184891762144558
    vertex -31.81372626737549 269.8688172797712 2.192853845243041
    vertex -32.6574314145826 270.3857579524496 3.491800523432933
  endloop
endfacet
facet normal 0.808281 0.585944 -0.0578986
  outer loop
    vertex -23.34104322275325 278.3427051653708 2.205237289333279
    vertex -24.49553032442616 279.9332527167182 2.184891762144562
    vertex -23.8321668176003 279.1503828703755 3.52285329372623
  endloop
endfacet
facet normal 0.940595 -0.338423 -0.0274142
  outer loop
    vertex -22.9627282724805 273.5357579524496 6.5
    vertex -23.34104322275327 272.6224248686526 4.794762710666721
    vertex -22.8184875870364 274.0540093760478 5.051244766733022
  endloop
endfacet
facet normal 0.940595 0.338423 0.0274142
  outer loop
    vertex -22.9627282724805 277.4293720815739 0.5
    vertex -23.34104322275325 278.3427051653708 2.205237289333279
    vertex -22.8184875870364 276.9111206579757 1.948755233266937
  endloop
endfacet
facet normal 0.940595 -0.338423 0.0274142
  outer loop
    vertex -23.34104322275326 272.6224248686526 2.205237289333278
    vertex -22.9627282724805 273.5357579524496 0.5
    vertex -22.8184875870364 274.0540093760478 1.948755233266964
  endloop
endfacet
facet normal 0.93683 0.348377 -0.0313497
  outer loop
    vertex -23.38577778210635 278.4288544068855 4.964781126556143
    vertex -22.9627282724805 277.4293720815739 6.5
    vertex -22.8184875870364 276.9111206579757 5.051244766733035
  endloop
endfacet
facet normal 0.937767 -0.34648 0.0233163
  outer loop
    vertex -23.34104322275327 272.6224248686526 4.794762710666721
    vertex -22.916323779707 273.684837326374 3.500256973346907
    vertex -22.8184875870364 274.0540093760478 5.051244766733022
  endloop
endfacet
facet normal 0.937483 0.346999 -0.0267883
  outer loop
    vertex -23.34104322275325 278.3427051653708 2.205237289333279
    vertex -22.94291207875536 277.3672934937286 3.503369684602406
    vertex -22.8184875870364 276.9111206579757 1.948755233266937
  endloop
endfacet
facet normal 0.935799 0.351392 0.0283351
  outer loop
    vertex -22.94291207875536 277.3672934937286 3.503369684602406
    vertex -23.38577778210635 278.4288544068855 4.964781126556143
    vertex -22.8184875870364 276.9111206579757 5.051244766733035
  endloop
endfacet
facet normal 0.937768 -0.346479 -0.0233082
  outer loop
    vertex -22.916323779707 273.684837326374 3.500256973346907
    vertex -23.34104322275326 272.6224248686526 2.205237289333278
    vertex -22.8184875870364 274.0540093760478 1.948755233266964
  endloop
endfacet
facet normal 0.990694 0.129714 0.0412287
  outer loop
    vertex -22.94291207875536 277.3672934937286 3.503369684602406
    vertex -22.65438432513997 275.4825650170117 2.5
    vertex -22.8184875870364 276.9111206579757 1.948755233266937
  endloop
endfacet
facet normal 0.991447 -0.126413 -0.0324511
  outer loop
    vertex -22.916323779707 273.684837326374 3.500256973346907
    vertex -22.65438432513997 275.4825650170117 4.5
    vertex -22.8184875870364 274.0540093760478 5.051244766733022
  endloop
endfacet
facet normal 0.991448 -0.126409 0.0324412
  outer loop
    vertex -22.65438432513997 275.4825650170117 2.5
    vertex -22.916323779707 273.684837326374 3.500256973346907
    vertex -22.8184875870364 274.0540093760478 1.948755233266964
  endloop
endfacet
facet normal 0.990679 0.129774 -0.0413893
  outer loop
    vertex -22.65438432513997 275.4825650170117 4.5
    vertex -22.94291207875536 277.3672934937286 3.503369684602406
    vertex -22.8184875870364 276.9111206579757 5.051244766733035
  endloop
endfacet
facet normal -0.550044 -0.834764 0.0249058
  outer loop
    vertex -31.81452447349912 269.869223914625 4.794762710666722
    vertex -33.01009836893099 270.6616539418106 4.950332571884168
    vertex -32.6574314145826 270.3857579524496 3.491800523432933
  endloop
endfacet
facet normal 0.461526 0.886037 -0.0439627
  outer loop
    vertex -25.27307824524915 280.5950972219136 3.683807117724086
    vertex -26.88471117925279 281.4328971984276 3.649946554966027
    vertex -26.02845761677738 281.0618976739959 5.161770052114274
  endloop
endfacet
facet normal -0.963881 -0.265166 0.0249058
  outer loop
    vertex -34.7926277815459 273.1150951980418 4.950332571885873
    vertex -35.17682087088934 274.4970278872582 4.794762710666715
    vertex -34.94604037779948 273.5357579524497 3.491800523434053
  endloop
endfacet
facet normal 0.807583 0.588091 0.0442658
  outer loop
    vertex -24.46119667484546 279.8985886513734 5.058591590327264
    vertex -23.38577778210635 278.4288544068855 4.964781126556143
    vertex -23.8321668176003 279.1503828703755 3.52285329372623
  endloop
endfacet
facet normal 0 0 1
  outer loop
    vertex -26.72591128997141 275.1579649629063 6.5
    vertex -27.28181088716671 273.3299258605686 6.5
    vertex -25.15642042466681 273.5705818958863 6.5
  endloop
endfacet
facet normal 0 0 1
  outer loop
    vertex -27.04161298833116 271.4157597503358 6.5
    vertex -28.91093467154894 270.8881648248984 6.5
    vertex -27.0075772605778 269.4909089643522 6.5
  endloop
endfacet
facet normal 0 -0 1
  outer loop
    vertex -26.36268033863941 277.2595296675822 6.5
    vertex -25.42325403159884 278.8210887945083 6.5
    vertex -26.90441920438065 279.5058480989331 6.5
  endloop
endfacet
facet normal 0 0 1
  outer loop
    vertex -26.90441920438065 279.5058480989331 6.5
    vertex -27.94788121657083 278.4086288261873 6.5
    vertex -26.36268033863941 277.2595296675822 6.5
  endloop
endfacet
facet normal 0 0 1
  outer loop
    vertex -24.74025611869897 277.5750820179978 6.5
    vertex -24.56231997536961 275.5992207982089 6.5
    vertex -22.9627282724805 277.4293720815739 6.5
  endloop
endfacet
facet normal 0 0 1
  outer loop
    vertex -27.0075772605778 269.4909089643522 6.5
    vertex -28.91093467154894 270.8881648248984 6.5
    vertex -28.95438432513997 269.1825650170117 6.5
  endloop
endfacet
facet normal 0 0 1
  outer loop
    vertex -22.9627282724805 277.4293720815739 6.5
    vertex -24.56231997536961 275.5992207982089 6.5
    vertex -22.65438432513997 275.4825650170117 6.5
  endloop
endfacet
facet normal 0 -0 1
  outer loop
    vertex -25.15642042466681 273.5705818958863 6.5
    vertex -24.56231997536961 275.5992207982089 6.5
    vertex -26.72591128997141 275.1579649629063 6.5
  endloop
endfacet
facet normal 0 0 1
  outer loop
    vertex -22.9627282724805 273.5357579524496 6.5
    vertex -24.56231997536961 275.5992207982089 6.5
    vertex -25.15642042466681 273.5705818958863 6.5
  endloop
endfacet
facet normal 0 0 1
  outer loop
    vertex -22.65438432513997 275.4825650170117 6.5
    vertex -24.56231997536961 275.5992207982089 6.5
    vertex -22.9627282724805 273.5357579524496 6.5
  endloop
endfacet
facet normal -0 0 1
  outer loop
    vertex -27.28181088716671 273.3299258605686 6.5
    vertex -25.71775175928797 272.0963086773619 6.5
    vertex -25.15642042466681 273.5705818958863 6.5
  endloop
endfacet
facet normal 0 -0 1
  outer loop
    vertex -28.95438432513997 269.1825650170117 6.5
    vertex -28.91093467154894 270.8881648248984 6.5
    vertex -30.90119138970214 269.4909089643522 6.5
  endloop
endfacet
facet normal 0 -0 1
  outer loop
    vertex -30.90119138970214 269.4909089643522 6.5
    vertex -28.91093467154894 270.8881648248984 6.5
    vertex -30.95370164134137 271.5018419225917 6.5
  endloop
endfacet
facet normal -0 0 1
  outer loop
    vertex -30.95370164134137 271.5018419225917 6.5
    vertex -28.91093467154894 270.8881648248984 6.5
    vertex -29.37308142471048 272.9904277690787 6.5
  endloop
endfacet
facet normal 0 -0 1
  outer loop
    vertex -27.04161298833116 271.4157597503358 6.5
    vertex -25.71775175928797 272.0963086773619 6.5
    vertex -27.28181088716671 273.3299258605686 6.5
  endloop
endfacet
facet normal 0 0 1
  outer loop
    vertex -29.37308142471048 272.9904277690787 6.5
    vertex -31.39930459339874 273.1488472795132 6.5
    vertex -30.95370164134137 271.5018419225917 6.5
  endloop
endfacet
facet normal 0 0 1
  outer loop
    vertex -28.17167408758753 276.7000481642727 6.5
    vertex -29.62279502124295 278.1484955636811 6.5
    vertex -29.94813664022519 276.3890286440672 6.5
  endloop
endfacet
facet normal 0 0 1
  outer loop
    vertex -24.74025611869897 277.5750820179978 6.5
    vertex -25.42325403159884 278.8210887945083 6.5
    vertex -26.36268033863941 277.2595296675822 6.5
  endloop
endfacet
facet normal 0 0 1
  outer loop
    vertex -27.94788121657083 278.4086288261873 6.5
    vertex -27.99335762778793 280.4356688820756 6.5
    vertex -29.40042585509958 279.9535647358372 6.5
  endloop
endfacet
facet normal 0 0 1
  outer loop
    vertex -24.74025611869897 277.5750820179978 6.5
    vertex -26.36268033863941 277.2595296675822 6.5
    vertex -24.56231997536961 275.5992207982089 6.5
  endloop
endfacet
facet normal 0 0 1
  outer loop
    vertex -29.62279502124295 278.1484955636811 6.5
    vertex -27.94788121657083 278.4086288261873 6.5
    vertex -29.40042585509958 279.9535647358372 6.5
  endloop
endfacet
facet normal 0 0 1
  outer loop
    vertex -24.56231997536961 275.5992207982089 6.5
    vertex -26.36268033863941 277.2595296675822 6.5
    vertex -26.72591128997141 275.1579649629063 6.5
  endloop
endfacet
facet normal 0 0 1
  outer loop
    vertex -27.04161298833116 271.4157597503358 6.5
    vertex -28.15185999293932 272.1560695512204 6.5
    vertex -28.91093467154894 270.8881648248984 6.5
  endloop
endfacet
facet normal 0 -0 1
  outer loop
    vertex -29.94813664022519 276.3890286440672 6.5
    vertex -29.62279502124295 278.1484955636811 6.5
    vertex -31.29795376003671 277.8095602107086 6.5
  endloop
endfacet
facet normal -0 0 1
  outer loop
    vertex -28.62077508173943 274.9287629442034 6.5
    vertex -27.28181088716671 273.3299258605686 6.5
    vertex -26.72591128997141 275.1579649629063 6.5
  endloop
endfacet
facet normal -0 0 1
  outer loop
    vertex -32.65743141458255 280.5793720815739 6.5
    vertex -31.02799439794558 279.5628013468465 6.5
    vertex -30.90119138970214 281.4742210696712 6.5
  endloop
endfacet
facet normal 0 0 1
  outer loop
    vertex -25.25133723569739 270.3857579524496 6.5
    vertex -27.04161298833116 271.4157597503358 6.5
    vertex -27.0075772605778 269.4909089643522 6.5
  endloop
endfacet
facet normal 0 0 1
  outer loop
    vertex -34.94604037779944 277.4293720815739 6.5
    vertex -33.03462065497473 277.5561750898173 6.5
    vertex -34.05119138970214 279.1856121064543 6.5
  endloop
endfacet
facet normal 0 0 1
  outer loop
    vertex -22.9627282724805 273.5357579524496 6.5
    vertex -25.15642042466681 273.5705818958863 6.5
    vertex -23.85757726057781 271.7795179275691 6.5
  endloop
endfacet
facet normal 0 -0 1
  outer loop
    vertex -34.05119138970214 271.7795179275691 6.5
    vertex -33.12100507595088 273.2282415741404 6.5
    vertex -34.94604037779944 273.5357579524496 6.5
  endloop
endfacet
facet normal 0 0 1
  outer loop
    vertex -23.8575772605778 279.1856121064543 6.5
    vertex -24.74025611869897 277.5750820179978 6.5
    vertex -22.9627282724805 277.4293720815739 6.5
  endloop
endfacet
facet normal 0 0 1
  outer loop
    vertex -30.90119138970214 269.4909089643522 6.5
    vertex -30.95370164134137 271.5018419225917 6.5
    vertex -32.65743141458255 270.3857579524496 6.5
  endloop
endfacet
facet normal 0 0 1
  outer loop
    vertex -27.0075772605778 281.4742210696712 6.5
    vertex -26.90441920438065 279.5058480989331 6.5
    vertex -25.25133723569739 280.5793720815739 6.5
  endloop
endfacet
facet normal 0 0 1
  outer loop
    vertex -29.37308142471048 272.9904277690787 6.5
    vertex -27.28181088716671 273.3299258605686 6.5
    vertex -28.62077508173943 274.9287629442034 6.5
  endloop
endfacet
facet normal 0 0 1
  outer loop
    vertex -28.62077508173943 274.9287629442034 6.5
    vertex -26.72591128997141 275.1579649629063 6.5
    vertex -28.17167408758753 276.7000481642727 6.5
  endloop
endfacet
facet normal -0 0 1
  outer loop
    vertex -30.48893772008928 274.6636571868329 6.5
    vertex -29.37308142471048 272.9904277690787 6.5
    vertex -28.62077508173943 274.9287629442034 6.5
  endloop
endfacet
facet normal 0 -0 1
  outer loop
    vertex -28.62077508173943 274.9287629442034 6.5
    vertex -28.17167408758753 276.7000481642727 6.5
    vertex -29.94813664022519 276.3890286440672 6.5
  endloop
endfacet
facet normal 0 0 1
  outer loop
    vertex -30.48893772008928 274.6636571868329 6.5
    vertex -28.62077508173943 274.9287629442034 6.5
    vertex -29.94813664022519 276.3890286440672 6.5
  endloop
endfacet
facet normal -0 0 1
  outer loop
    vertex -31.77371110022066 276.0764470072929 6.5
    vertex -30.48893772008928 274.6636571868329 6.5
    vertex -29.94813664022519 276.3890286440672 6.5
  endloop
endfacet
facet normal 0 0 1
  outer loop
    vertex -31.77371110022066 276.0764470072929 6.5
    vertex -29.94813664022519 276.3890286440672 6.5
    vertex -31.29795376003671 277.8095602107086 6.5
  endloop
endfacet
facet normal 0 0 1
  outer loop
    vertex -31.02799439794558 279.5628013468465 6.5
    vertex -29.40042585509958 279.9535647358372 6.5
    vertex -30.90119138970214 281.4742210696712 6.5
  endloop
endfacet
facet normal 0 0 1
  outer loop
    vertex -35.25438432513997 275.4825650170117 6.5
    vertex -33.48924454087499 275.9329939996159 6.5
    vertex -34.94604037779944 277.4293720815739 6.5
  endloop
endfacet
facet normal -0 0 1
  outer loop
    vertex -30.90119138970214 281.4742210696712 6.5
    vertex -29.40042585509958 279.9535647358372 6.5
    vertex -28.95438432513997 281.7825650170117 6.5
  endloop
endfacet
facet normal -0 0 1
  outer loop
    vertex -34.94604037779944 277.4293720815739 6.5
    vertex -33.48924454087499 275.9329939996159 6.5
    vertex -33.03462065497473 277.5561750898173 6.5
  endloop
endfacet
facet normal 0 0 1
  outer loop
    vertex -30.48893772008928 274.6636571868329 6.5
    vertex -31.39930459339874 273.1488472795132 6.5
    vertex -29.37308142471048 272.9904277690787 6.5
  endloop
endfacet
facet normal 0 -0 1
  outer loop
    vertex -28.17167408758753 276.7000481642727 6.5
    vertex -27.94788121657083 278.4086288261873 6.5
    vertex -29.62279502124295 278.1484955636811 6.5
  endloop
endfacet
facet normal 0 0 1
  outer loop
    vertex -33.48924454087499 275.9329939996159 6.5
    vertex -33.84151856011528 274.5428289193534 6.5
    vertex -32.26497922063398 274.577167252937 6.5
  endloop
endfacet
facet normal -0 0 1
  outer loop
    vertex -33.03462065497473 277.5561750898173 6.5
    vertex -31.77371110022066 276.0764470072929 6.5
    vertex -31.29795376003671 277.8095602107086 6.5
  endloop
endfacet
facet normal 0 0 1
  outer loop
    vertex -31.29795376003671 277.8095602107086 6.5
    vertex -29.62279502124295 278.1484955636811 6.5
    vertex -31.02799439794558 279.5628013468465 6.5
  endloop
endfacet
facet normal 0 0 1
  outer loop
    vertex -26.90441920438065 279.5058480989331 6.5
    vertex -27.99335762778793 280.4356688820756 6.5
    vertex -27.94788121657083 278.4086288261873 6.5
  endloop
endfacet
facet normal -0 0 1
  outer loop
    vertex -33.48924454087499 275.9329939996159 6.5
    vertex -32.26497922063398 274.577167252937 6.5
    vertex -31.77371110022066 276.0764470072929 6.5
  endloop
endfacet
facet normal 0 0 1
  outer loop
    vertex -26.36268033863941 277.2595296675822 6.5
    vertex -27.94788121657083 278.4086288261873 6.5
    vertex -28.17167408758753 276.7000481642727 6.5
  endloop
endfacet
facet normal 0 0 1
  outer loop
    vertex -33.03462065497473 277.5561750898173 6.5
    vertex -33.48924454087499 275.9329939996159 6.5
    vertex -31.77371110022066 276.0764470072929 6.5
  endloop
endfacet
facet normal 0 -0 1
  outer loop
    vertex -29.62279502124295 278.1484955636811 6.5
    vertex -29.40042585509958 279.9535647358372 6.5
    vertex -31.02799439794558 279.5628013468465 6.5
  endloop
endfacet
facet normal 0 -0 1
  outer loop
    vertex -26.72591128997141 275.1579649629063 6.5
    vertex -26.36268033863941 277.2595296675822 6.5
    vertex -28.17167408758753 276.7000481642727 6.5
  endloop
endfacet
facet normal 0 -0 1
  outer loop
    vertex -33.03462065497473 277.5561750898173 6.5
    vertex -32.47169938255847 278.9998800744302 6.5
    vertex -34.05119138970214 279.1856121064543 6.5
  endloop
endfacet
facet normal 0 0 1
  outer loop
    vertex -25.15642042466681 273.5705818958863 6.5
    vertex -25.71775175928797 272.0963086773619 6.5
    vertex -23.85757726057781 271.7795179275691 6.5
  endloop
endfacet
facet normal -0 0 1
  outer loop
    vertex -26.90441920438065 279.5058480989331 6.5
    vertex -25.42325403159884 278.8210887945083 6.5
    vertex -25.25133723569739 280.5793720815739 6.5
  endloop
endfacet
facet normal 0 0 1
  outer loop
    vertex -30.95370164134137 271.5018419225917 6.5
    vertex -32.43987910138915 271.9770487420955 6.5
    vertex -32.65743141458255 270.3857579524496 6.5
  endloop
endfacet
facet normal 0 0 1
  outer loop
    vertex -32.65743141458255 280.5793720815739 6.5
    vertex -32.47169938255847 278.9998800744302 6.5
    vertex -31.02799439794558 279.5628013468465 6.5
  endloop
endfacet
facet normal 0 0 1
  outer loop
    vertex -34.05119138970214 271.7795179275691 6.5
    vertex -32.43987910138915 271.9770487420955 6.5
    vertex -33.12100507595088 273.2282415741404 6.5
  endloop
endfacet
facet normal 0 0 1
  outer loop
    vertex -23.85757726057781 271.7795179275691 6.5
    vertex -25.71775175928797 272.0963086773619 6.5
    vertex -25.25133723569739 270.3857579524496 6.5
  endloop
endfacet
facet normal -0 0 1
  outer loop
    vertex -34.05119138970214 279.1856121064543 6.5
    vertex -32.47169938255847 278.9998800744302 6.5
    vertex -32.65743141458255 280.5793720815739 6.5
  endloop
endfacet
facet normal 0 0 1
  outer loop
    vertex -25.25133723569739 280.5793720815739 6.5
    vertex -25.42325403159884 278.8210887945083 6.5
    vertex -23.8575772605778 279.1856121064543 6.5
  endloop
endfacet
facet normal 0 -0 1
  outer loop
    vertex -32.65743141458255 270.3857579524496 6.5
    vertex -32.43987910138915 271.9770487420955 6.5
    vertex -34.05119138970214 271.7795179275691 6.5
  endloop
endfacet
facet normal 0 0 1
  outer loop
    vertex -25.25133723569739 270.3857579524496 6.5
    vertex -25.71775175928797 272.0963086773619 6.5
    vertex -27.04161298833116 271.4157597503358 6.5
  endloop
endfacet
facet normal 0 0 1
  outer loop
    vertex -23.8575772605778 279.1856121064543 6.5
    vertex -25.42325403159884 278.8210887945083 6.5
    vertex -24.74025611869897 277.5750820179978 6.5
  endloop
endfacet
facet normal 0 0 1
  outer loop
    vertex -27.28181088716671 273.3299258605686 6.5
    vertex -28.15185999293932 272.1560695512204 6.5
    vertex -27.04161298833116 271.4157597503358 6.5
  endloop
endfacet
facet normal 0 0 1
  outer loop
    vertex -28.95438432513997 281.7825650170117 6.5
    vertex -27.99335762778793 280.4356688820756 6.5
    vertex -27.0075772605778 281.4742210696712 6.5
  endloop
endfacet
facet normal 0 -0 1
  outer loop
    vertex -34.94604037779944 273.5357579524496 6.5
    vertex -33.84151856011528 274.5428289193534 6.5
    vertex -35.25438432513997 275.4825650170117 6.5
  endloop
endfacet
facet normal -0 0 1
  outer loop
    vertex -29.37308142471048 272.9904277690787 6.5
    vertex -28.15185999293932 272.1560695512204 6.5
    vertex -27.28181088716671 273.3299258605686 6.5
  endloop
endfacet
facet normal 0 0 1
  outer loop
    vertex -31.77371110022066 276.0764470072929 6.5
    vertex -32.26497922063398 274.577167252937 6.5
    vertex -30.48893772008928 274.6636571868329 6.5
  endloop
endfacet
facet normal 0 0 1
  outer loop
    vertex -33.12100507595088 273.2282415741404 6.5
    vertex -33.84151856011528 274.5428289193534 6.5
    vertex -34.94604037779944 273.5357579524496 6.5
  endloop
endfacet
facet normal 0 0 1
  outer loop
    vertex -27.0075772605778 281.4742210696712 6.5
    vertex -27.99335762778793 280.4356688820756 6.5
    vertex -26.90441920438065 279.5058480989331 6.5
  endloop
endfacet
facet normal -0 0 1
  outer loop
    vertex -32.47169938255847 278.9998800744302 6.5
    vertex -31.29795376003671 277.8095602107086 6.5
    vertex -31.02799439794558 279.5628013468465 6.5
  endloop
endfacet
facet normal 0 0 1
  outer loop
    vertex -33.03462065497473 277.5561750898173 6.5
    vertex -31.29795376003671 277.8095602107086 6.5
    vertex -32.47169938255847 278.9998800744302 6.5
  endloop
endfacet
facet normal 0 -0 1
  outer loop
    vertex -28.91093467154894 270.8881648248984 6.5
    vertex -28.15185999293932 272.1560695512204 6.5
    vertex -29.37308142471048 272.9904277690787 6.5
  endloop
endfacet
facet normal 0 0 1
  outer loop
    vertex -32.26497922063398 274.577167252937 6.5
    vertex -33.84151856011528 274.5428289193534 6.5
    vertex -33.12100507595088 273.2282415741404 6.5
  endloop
endfacet
facet normal 0 -0 1
  outer loop
    vertex -32.43987910138915 271.9770487420955 6.5
    vertex -31.39930459339874 273.1488472795132 6.5
    vertex -33.12100507595088 273.2282415741404 6.5
  endloop
endfacet
facet normal 0 0 1
  outer loop
    vertex -29.40042585509958 279.9535647358372 6.5
    vertex -27.99335762778793 280.4356688820756 6.5
    vertex -28.95438432513997 281.7825650170117 6.5
  endloop
endfacet
facet normal -0 0 1
  outer loop
    vertex -35.25438432513997 275.4825650170117 6.5
    vertex -33.84151856011528 274.5428289193534 6.5
    vertex -33.48924454087499 275.9329939996159 6.5
  endloop
endfacet
facet normal 0 0 1
  outer loop
    vertex -31.39930459339874 273.1488472795132 6.5
    vertex -32.26497922063398 274.577167252937 6.5
    vertex -33.12100507595088 273.2282415741404 6.5
  endloop
endfacet
facet normal 0 0 1
  outer loop
    vertex -30.95370164134137 271.5018419225917 6.5
    vertex -31.39930459339874 273.1488472795132 6.5
    vertex -32.43987910138915 271.9770487420955 6.5
  endloop
endfacet
facet normal 0 0 1
  outer loop
    vertex -30.48893772008928 274.6636571868329 6.5
    vertex -32.26497922063398 274.577167252937 6.5
    vertex -31.39930459339874 273.1488472795132 6.5
  endloop
endfacet
facet normal 0.891572 0.448342 -0.0639356
  outer loop
    vertex -8.883718776908738 279.4805212753761 4.794762710666721
    vertex -8.484797893138404 278.5025888227325 3.5
    vertex -9.400852556521592 280.3242535496722 3.499999999999999
  endloop
endfacet
facet normal 0.891572 0.448342 0.0639356
  outer loop
    vertex -8.484797893138404 278.5025888227325 3.5
    vertex -8.883718776908731 279.4805212753761 2.205237289333279
    vertex -9.400852556521592 280.3242535496722 3.499999999999999
  endloop
endfacet
facet normal 0.89446 -0.441776 0.0691028
  outer loop
    vertex -8.883718776908788 273.7602409786577 2.205237289333291
    vertex -8.458968058841561 274.8227584836994 3.5
    vertex -9.399653206610349 272.9181594678959 3.499999999999996
  endloop
endfacet
facet normal 0.89446 -0.441776 -0.0691028
  outer loop
    vertex -8.458968058841561 274.8227584836994 3.5
    vertex -8.883718776908726 273.7602409786578 4.794762710666722
    vertex -9.399653206610349 272.9181594678959 3.499999999999996
  endloop
endfacet
facet normal -0.998967 3.17115e-15 -0.0454385
  outer loop
    vertex -20.71949642504481 275.6348439972635 4.794762710666715
    vertex -20.79705987929544 276.620381127017 6.5
    vertex -20.7194964250448 277.6059182567705 4.794762710666697
  endloop
endfacet
facet normal -0.950074 0.308698 -0.0454385
  outer loop
    vertex -20.7194964250448 277.6059182567705 4.794762710666697
    vertex -20.48871593195491 278.5671881915791 6.5
    vertex -20.11040098168212 279.4805212753762 4.794762710666718
  endloop
endfacet
facet normal -0.986668 0.156273 0.0454385
  outer loop
    vertex -20.79705987929544 276.620381127017 6.5
    vertex -20.48871593195491 278.5671881915791 6.5
    vertex -20.7194964250448 277.6059182567705 4.794762710666697
  endloop
endfacet
facet normal -0.587178 0.808181 -0.0454385
  outer loop
    vertex -18.95183260077069 281.0751538484922 4.794762710666728
    vertex -18.20010696873802 281.7171881915791 6.5
    vertex -17.35720002765456 282.2337222294037 4.794762710666733
  endloop
endfacet
facet normal -0.950074 0.308698 0.0454385
  outer loop
    vertex -20.48871593195491 278.5671881915791 0.5
    vertex -20.71949642504481 277.6059182567705 2.205237289333283
    vertex -20.11040098168211 279.4805212753762 2.205237289333294
  endloop
endfacet
facet normal 4.45459e-16 -0.998967 0.0454385
  outer loop
    vertex -14.49705987929544 270.320381127017 0.5
    vertex -13.51152274954199 270.3979445812676 2.205237289333288
    vertex -15.48259700904899 270.3979445812676 2.205237289333307
  endloop
endfacet
facet normal 0.453522 0.890086 -0.0454385
  outer loop
    vertex -10.79401278985286 281.7171881915791 0.5
    vertex -12.55025281473328 282.6120371796765 0.5
    vertex -11.63691973093631 282.2337222294037 2.20523728933328
  endloop
endfacet
facet normal 0.453522 -0.890086 0.0454385
  outer loop
    vertex -10.79401278985286 271.5235740624548 6.5
    vertex -12.55025281473328 270.6287250743575 6.5
    vertex -11.63691973093631 271.0070400246303 4.794762710666721
  endloop
endfacet
facet normal -0.453522 -0.890086 -0.0454385
  outer loop
    vertex -18.20010696873802 271.5235740624548 0.5
    vertex -16.44386694385761 270.6287250743575 0.5
    vertex -17.3572000276546 271.0070400246303 2.205237289333279
  endloop
endfacet
facet normal -0.998967 5.32346e-16 0.0454385
  outer loop
    vertex -20.71949642504481 277.6059182567705 2.205237289333283
    vertex -20.79705987929544 276.620381127017 0.5
    vertex -20.71949642504481 275.6348439972635 2.205237289333307
  endloop
endfacet
facet normal -0.587178 0.808181 0.0454385
  outer loop
    vertex -17.3572000276546 282.2337222294037 2.205237289333278
    vertex -18.20010696873803 281.7171881915791 0.5
    vertex -18.95183260077067 281.0751538484922 2.205237289333283
  endloop
endfacet
facet normal 0.308698 -0.950074 -0.0454385
  outer loop
    vertex -11.63691973093631 271.0070400246303 4.794762710666721
    vertex -12.55025281473328 270.6287250743575 6.5
    vertex -13.51152274954201 270.3979445812676 4.794762710666708
  endloop
endfacet
facet normal -0.587178 -0.808181 0.0454385
  outer loop
    vertex -18.20010696873802 271.5235740624548 0.5
    vertex -17.3572000276546 271.0070400246303 2.205237289333279
    vertex -18.95183260077073 272.1656084055418 2.205237289333274
  endloop
endfacet
facet normal -0.308698 -0.950074 -0.0454385
  outer loop
    vertex -15.48259700904889 270.3979445812676 4.794762710666714
    vertex -16.44386694385761 270.6287250743575 6.5
    vertex -17.35720002765465 271.0070400246303 4.794762710666727
  endloop
endfacet
facet normal 0.587178 -0.808181 0.0454385
  outer loop
    vertex -10.79401278985286 271.5235740624548 0.5
    vertex -10.04228715782019 272.1656084055417 2.205237289333273
    vertex -11.63691973093632 271.0070400246302 2.205237289333269
  endloop
endfacet
facet normal -0.890086 0.453522 0.0454385
  outer loop
    vertex -20.48871593195491 278.5671881915791 6.5
    vertex -19.59386694385761 280.3234282164595 6.5
    vertex -20.11040098168212 279.4805212753762 4.794762710666718
  endloop
endfacet
facet normal -0.890086 -0.453522 -0.0454385
  outer loop
    vertex -20.48871593195491 274.6735740624548 0.5
    vertex -19.59386694385761 272.9173340375744 0.5
    vertex -20.11040098168216 273.7602409786578 2.205237289333277
  endloop
endfacet
facet normal -0.986668 -0.156273 0.0454385
  outer loop
    vertex -20.48871593195491 274.6735740624548 6.5
    vertex -20.79705987929544 276.620381127017 6.5
    vertex -20.71949642504481 275.6348439972635 4.794762710666715
  endloop
endfacet
facet normal -0.986668 0.156273 -0.0454385
  outer loop
    vertex -20.48871593195491 278.5671881915791 0.5
    vertex -20.79705987929544 276.620381127017 0.5
    vertex -20.71949642504481 277.6059182567705 2.205237289333283
  endloop
endfacet
facet normal -0.308698 0.950074 0.0454385
  outer loop
    vertex -16.44386694385761 282.6120371796765 0.5
    vertex -17.3572000276546 282.2337222294037 2.205237289333278
    vertex -15.48259700904889 282.8428176727663 2.205237289333288
  endloop
endfacet
facet normal -0.453522 0.890086 0.0454385
  outer loop
    vertex -18.20010696873802 281.7171881915791 6.5
    vertex -16.44386694385761 282.6120371796765 6.5
    vertex -17.35720002765456 282.2337222294037 4.794762710666733
  endloop
endfacet
facet normal -0.156273 -0.986668 -0.0454385
  outer loop
    vertex -16.44386694385761 270.6287250743575 0.5
    vertex -14.49705987929544 270.320381127017 0.5
    vertex -15.48259700904899 270.3979445812676 2.205237289333307
  endloop
endfacet
facet normal -0.890086 0.453522 -0.0454385
  outer loop
    vertex -19.59386694385761 280.3234282164595 0.5
    vertex -20.48871593195491 278.5671881915791 0.5
    vertex -20.11040098168211 279.4805212753762 2.205237289333294
  endloop
endfacet
facet normal -0.950074 -0.308698 0.0454385
  outer loop
    vertex -20.48871593195491 274.6735740624548 0.5
    vertex -20.11040098168216 273.7602409786578 2.205237289333277
    vertex -20.71949642504481 275.6348439972635 2.205237289333307
  endloop
endfacet
facet normal 0.453522 -0.890086 -0.0454385
  outer loop
    vertex -12.55025281473327 270.6287250743575 0.5
    vertex -10.79401278985286 271.5235740624548 0.5
    vertex -11.63691973093632 271.0070400246302 2.205237289333269
  endloop
endfacet
facet normal -0.453522 -0.890086 0.0454385
  outer loop
    vertex -16.44386694385761 270.6287250743575 6.5
    vertex -18.20010696873803 271.5235740624548 6.5
    vertex -17.35720002765465 271.0070400246303 4.794762710666727
  endloop
endfacet
facet normal -0.706376 -0.706376 -0.0454385
  outer loop
    vertex -19.59386694385761 272.9173340375744 0.5
    vertex -18.20010696873802 271.5235740624548 0.5
    vertex -18.95183260077073 272.1656084055418 2.205237289333274
  endloop
endfacet
facet normal 0.156273 -0.986668 0.0454385
  outer loop
    vertex -12.55025281473328 270.6287250743575 6.5
    vertex -14.49705987929545 270.320381127017 6.5
    vertex -13.51152274954201 270.3979445812676 4.794762710666708
  endloop
endfacet
facet normal 0.587178 0.808181 -0.0454385
  outer loop
    vertex -10.79401278985286 281.7171881915791 6.5
    vertex -10.04228715782019 281.0751538484922 4.794762710666727
    vertex -11.63691973093631 282.2337222294037 4.794762710666719
  endloop
endfacet
facet normal 0.453522 0.890086 0.0454385
  outer loop
    vertex -12.55025281473327 282.6120371796765 6.5
    vertex -10.79401278985286 281.7171881915791 6.5
    vertex -11.63691973093631 282.2337222294037 4.794762710666719
  endloop
endfacet
facet normal -0.706376 0.706376 0.0454385
  outer loop
    vertex -19.59386694385761 280.3234282164595 6.5
    vertex -18.20010696873802 281.7171881915791 6.5
    vertex -18.95183260077069 281.0751538484922 4.794762710666728
  endloop
endfacet
facet normal 2.22729e-16 0.998967 0.0454385
  outer loop
    vertex -14.49705987929545 282.920381127017 0.5
    vertex -15.48259700904889 282.8428176727663 2.205237289333288
    vertex -13.51152274954197 282.8428176727663 2.205237289333279
  endloop
endfacet
facet normal -0.453522 0.890086 -0.0454385
  outer loop
    vertex -16.44386694385761 282.6120371796765 0.5
    vertex -18.20010696873803 281.7171881915791 0.5
    vertex -17.3572000276546 282.2337222294037 2.205237289333278
  endloop
endfacet
facet normal -0.950074 -0.308698 -0.0454385
  outer loop
    vertex -20.48871593195491 274.6735740624548 6.5
    vertex -20.71949642504481 275.6348439972635 4.794762710666715
    vertex -20.11040098168215 273.7602409786578 4.794762710666721
  endloop
endfacet
facet normal -0.986668 -0.156273 -0.0454385
  outer loop
    vertex -20.79705987929544 276.620381127017 0.5
    vertex -20.48871593195491 274.6735740624548 0.5
    vertex -20.71949642504481 275.6348439972635 2.205237289333307
  endloop
endfacet
facet normal -0.156273 0.986668 -0.0454385
  outer loop
    vertex -14.49705987929545 282.920381127017 0.5
    vertex -16.44386694385761 282.6120371796765 0.5
    vertex -15.48259700904889 282.8428176727663 2.205237289333288
  endloop
endfacet
facet normal 0.156273 0.986668 0.0454385
  outer loop
    vertex -14.49705987929544 282.920381127017 6.5
    vertex -12.55025281473327 282.6120371796765 6.5
    vertex -13.51152274954199 282.8428176727663 4.794762710666712
  endloop
endfacet
facet normal 0.156273 -0.986668 -0.0454385
  outer loop
    vertex -14.49705987929544 270.320381127017 0.5
    vertex -12.55025281473327 270.6287250743575 0.5
    vertex -13.51152274954199 270.3979445812676 2.205237289333288
  endloop
endfacet
facet normal -0.156273 0.986668 0.0454385
  outer loop
    vertex -16.44386694385761 282.6120371796765 6.5
    vertex -14.49705987929544 282.920381127017 6.5
    vertex -15.48259700904888 282.8428176727663 4.794762710666719
  endloop
endfacet
facet normal 0.706376 0.706376 0.0454385
  outer loop
    vertex -10.79401278985286 281.7171881915791 6.5
    vertex -9.400252814733275 280.3234282164595 6.5
    vertex -10.04228715782019 281.0751538484922 4.794762710666727
  endloop
endfacet
facet normal -0.156273 -0.986668 0.0454385
  outer loop
    vertex -14.49705987929545 270.320381127017 6.5
    vertex -16.44386694385761 270.6287250743575 6.5
    vertex -15.48259700904889 270.3979445812676 4.794762710666714
  endloop
endfacet
facet normal -0.706376 0.706376 -0.0454385
  outer loop
    vertex -18.20010696873803 281.7171881915791 0.5
    vertex -19.59386694385761 280.3234282164595 0.5
    vertex -18.95183260077067 281.0751538484922 2.205237289333283
  endloop
endfacet
facet normal 0.156273 0.986668 -0.0454385
  outer loop
    vertex -12.55025281473328 282.6120371796765 0.5
    vertex -14.49705987929545 282.920381127017 0.5
    vertex -13.51152274954197 282.8428176727663 2.205237289333279
  endloop
endfacet
facet normal 0.308698 0.950074 -0.0454385
  outer loop
    vertex -13.51152274954199 282.8428176727663 4.794762710666712
    vertex -12.55025281473327 282.6120371796765 6.5
    vertex -11.63691973093631 282.2337222294037 4.794762710666719
  endloop
endfacet
facet normal -0.706376 -0.706376 0.0454385
  outer loop
    vertex -18.20010696873803 271.5235740624548 6.5
    vertex -19.59386694385761 272.9173340375744 6.5
    vertex -18.9518326007707 272.1656084055417 4.794762710666727
  endloop
endfacet
facet normal 0.706376 -0.706376 -0.0454385
  outer loop
    vertex -10.79401278985286 271.5235740624548 0.5
    vertex -9.400252814733275 272.9173340375744 0.5
    vertex -10.04228715782019 272.1656084055417 2.205237289333273
  endloop
endfacet
facet normal -0.890086 -0.453522 0.0454385
  outer loop
    vertex -19.59386694385761 272.9173340375744 6.5
    vertex -20.48871593195491 274.6735740624548 6.5
    vertex -20.11040098168215 273.7602409786578 4.794762710666721
  endloop
endfacet
facet normal -1.40237e-16 -0.998967 -0.0454385
  outer loop
    vertex -14.49705987929545 270.320381127017 6.5
    vertex -15.48259700904889 270.3979445812676 4.794762710666714
    vertex -13.51152274954201 270.3979445812676 4.794762710666708
  endloop
endfacet
facet normal -1.56735e-16 0.998967 -0.0454385
  outer loop
    vertex -14.49705987929544 282.920381127017 6.5
    vertex -13.51152274954199 282.8428176727663 4.794762710666712
    vertex -15.48259700904888 282.8428176727663 4.794762710666719
  endloop
endfacet
facet normal -0.308698 0.950074 -0.0454385
  outer loop
    vertex -17.35720002765456 282.2337222294037 4.794762710666733
    vertex -16.44386694385761 282.6120371796765 6.5
    vertex -15.48259700904888 282.8428176727663 4.794762710666719
  endloop
endfacet
facet normal -0.308698 -0.950074 0.0454385
  outer loop
    vertex -17.3572000276546 271.0070400246303 2.205237289333279
    vertex -16.44386694385761 270.6287250743575 0.5
    vertex -15.48259700904899 270.3979445812676 2.205237289333307
  endloop
endfacet
facet normal 0.308698 0.950074 0.0454385
  outer loop
    vertex -11.63691973093631 282.2337222294037 2.20523728933328
    vertex -12.55025281473328 282.6120371796765 0.5
    vertex -13.51152274954197 282.8428176727663 2.205237289333279
  endloop
endfacet
facet normal -0.587178 -0.808181 -0.0454385
  outer loop
    vertex -18.20010696873803 271.5235740624548 6.5
    vertex -18.9518326007707 272.1656084055417 4.794762710666727
    vertex -17.35720002765465 271.0070400246303 4.794762710666727
  endloop
endfacet
facet normal -0.808181 0.587178 -0.0454385
  outer loop
    vertex -19.59386694385761 280.3234282164595 6.5
    vertex -18.95183260077069 281.0751538484922 4.794762710666728
    vertex -20.11040098168212 279.4805212753762 4.794762710666718
  endloop
endfacet
facet normal 0.308698 -0.950074 0.0454385
  outer loop
    vertex -13.51152274954199 270.3979445812676 2.205237289333288
    vertex -12.55025281473327 270.6287250743575 0.5
    vertex -11.63691973093632 271.0070400246302 2.205237289333269
  endloop
endfacet
facet normal -0.808181 -0.587178 -0.0454385
  outer loop
    vertex -18.9518326007707 272.1656084055417 4.794762710666727
    vertex -19.59386694385761 272.9173340375744 6.5
    vertex -20.11040098168215 273.7602409786578 4.794762710666721
  endloop
endfacet
facet normal -0.808181 0.587178 0.0454385
  outer loop
    vertex -18.95183260077067 281.0751538484922 2.205237289333283
    vertex -19.59386694385761 280.3234282164595 0.5
    vertex -20.11040098168211 279.4805212753762 2.205237289333294
  endloop
endfacet
facet normal -0.808181 -0.587178 0.0454385
  outer loop
    vertex -20.11040098168216 273.7602409786578 2.205237289333277
    vertex -19.59386694385761 272.9173340375744 0.5
    vertex -18.95183260077073 272.1656084055418 2.205237289333274
  endloop
endfacet
facet normal 0.890086 -0.453522 -0.0454385
  outer loop
    vertex -9.400252814733275 272.9173340375744 0.5
    vertex -8.505403826635977 274.6735740624548 0.5
    vertex -8.883718776908788 273.7602409786577 2.205237289333291
  endloop
endfacet
facet normal 0.890086 0.453522 0.0454385
  outer loop
    vertex -9.400252814733275 280.3234282164595 6.5
    vertex -8.505403826635977 278.5671881915791 6.5
    vertex -8.883718776908738 279.4805212753761 4.794762710666721
  endloop
endfacet
facet normal 0.808181 -0.587178 0.0454385
  outer loop
    vertex -10.04228715782019 272.1656084055417 2.205237289333273
    vertex -9.400252814733275 272.9173340375744 0.5
    vertex -8.883718776908788 273.7602409786577 2.205237289333291
  endloop
endfacet
facet normal 0.808181 0.587178 -0.0454385
  outer loop
    vertex -10.04228715782019 281.0751538484922 4.794762710666727
    vertex -9.400252814733275 280.3234282164595 6.5
    vertex -8.883718776908738 279.4805212753761 4.794762710666721
  endloop
endfacet
facet normal 0.587178 -0.808181 -0.0454385
  outer loop
    vertex -10.79401278985286 271.5235740624548 6.5
    vertex -11.63691973093631 271.0070400246303 4.794762710666721
    vertex -10.04228715782018 272.1656084055417 4.794762710666725
  endloop
endfacet
facet normal 0.706376 0.706376 -0.0454385
  outer loop
    vertex -9.400252814733275 280.3234282164595 0.5
    vertex -10.79401278985286 281.7171881915791 0.5
    vertex -10.04228715782023 281.0751538484923 2.205237289333287
  endloop
endfacet
facet normal 0.706376 -0.706376 0.0454385
  outer loop
    vertex -9.400252814733275 272.9173340375744 6.5
    vertex -10.79401278985286 271.5235740624548 6.5
    vertex -10.04228715782018 272.1656084055417 4.794762710666725
  endloop
endfacet
facet normal 0.587178 0.808181 0.0454385
  outer loop
    vertex -10.79401278985286 281.7171881915791 0.5
    vertex -11.63691973093631 282.2337222294037 2.20523728933328
    vertex -10.04228715782023 281.0751538484923 2.205237289333287
  endloop
endfacet
facet normal 0.890086 0.453522 -0.0454385
  outer loop
    vertex -8.505403826635977 278.5671881915791 0.5
    vertex -9.400252814733275 280.3234282164595 0.5
    vertex -8.883718776908731 279.4805212753761 2.205237289333279
  endloop
endfacet
facet normal 0.890086 -0.453522 0.0454385
  outer loop
    vertex -8.505403826635977 274.6735740624548 6.5
    vertex -9.400252814733275 272.9173340375744 6.5
    vertex -8.883718776908726 273.7602409786578 4.794762710666722
  endloop
endfacet
facet normal 0.808181 0.587178 0.0454385
  outer loop
    vertex -8.883718776908731 279.4805212753761 2.205237289333279
    vertex -9.400252814733275 280.3234282164595 0.5
    vertex -10.04228715782023 281.0751538484923 2.205237289333287
  endloop
endfacet
facet normal 0.808181 -0.587178 -0.0454385
  outer loop
    vertex -8.883718776908726 273.7602409786578 4.794762710666722
    vertex -9.400252814733275 272.9173340375744 6.5
    vertex -10.04228715782018 272.1656084055417 4.794762710666725
  endloop
endfacet
facet normal 0.989552 -0.144175 0
  outer loop
    vertex -8.197059879295445 276.620381127017 2.5
    vertex -8.197059879295445 276.620381127017 4.5
    vertex -8.458968058841561 274.8227584836994 3.5
  endloop
endfacet
facet normal 0.988516 0.151117 0
  outer loop
    vertex -8.197059879295445 276.620381127017 4.5
    vertex -8.197059879295445 276.620381127017 2.5
    vertex -8.484797893138404 278.5025888227325 3.5
  endloop
endfacet
facet normal 0.993467 -0.114123 0
  outer loop
    vertex -8.197059879295445 276.620381127017 0.5
    vertex -8.197059879295445 276.620381127017 2.5
    vertex -8.361163141191906 275.1918254860529 1.948755233267038
  endloop
endfacet
facet normal 0.993467 0.114123 0
  outer loop
    vertex -8.197059879295445 276.620381127017 6.5
    vertex -8.197059879295445 276.620381127017 4.5
    vertex -8.36116314119187 278.0489367679809 5.051244766733032
  endloop
endfacet
facet normal 0.986803 -0.156294 -0.042338
  outer loop
    vertex -8.505403826635977 274.6735740624548 0.5
    vertex -8.197059879295445 276.620381127017 0.5
    vertex -8.361163141191906 275.1918254860529 1.948755233267038
  endloop
endfacet
facet normal 0.986803 0.156294 0.042338
  outer loop
    vertex -8.505403826635977 278.5671881915791 6.5
    vertex -8.197059879295445 276.620381127017 6.5
    vertex -8.36116314119187 278.0489367679809 5.051244766733032
  endloop
endfacet
facet normal 0.993467 -0.114123 0
  outer loop
    vertex -8.197059879295445 276.620381127017 4.5
    vertex -8.197059879295445 276.620381127017 6.5
    vertex -8.361163141191881 275.1918254860529 5.051244766733036
  endloop
endfacet
facet normal 0.993467 0.114123 0
  outer loop
    vertex -8.197059879295445 276.620381127017 2.5
    vertex -8.197059879295445 276.620381127017 0.5
    vertex -8.361163141191877 278.0489367679809 1.948755233266965
  endloop
endfacet
facet normal 0.986803 -0.156294 0.042338
  outer loop
    vertex -8.197059879295445 276.620381127017 6.5
    vertex -8.505403826635977 274.6735740624548 6.5
    vertex -8.361163141191881 275.1918254860529 5.051244766733036
  endloop
endfacet
facet normal 0.986803 0.156294 -0.042338
  outer loop
    vertex -8.197059879295445 276.620381127017 0.5
    vertex -8.505403826635977 278.5671881915791 0.5
    vertex -8.361163141191877 278.0489367679809 1.948755233266965
  endloop
endfacet
facet normal -0.705903 -0.705783 0.0597638
  outer loop
    vertex -18.95183260077073 272.1656084055418 2.205237289333274
    vertex -18.20069793919169 271.5240034799731 3.500233954857539
    vertex -19.59404210755567 272.9175751417135 3.500137514746278
  endloop
endfacet
facet normal -0.15623 -0.985909 0.0597947
  outer loop
    vertex -15.48259700904899 270.3979445812676 2.205237289333307
    vertex -14.49744860813217 270.3203811390098 3.500317742614339
    vertex -16.44434674065449 270.6288809910261 3.500141075750445
  endloop
endfacet
facet normal -0.705869 0.705814 0.0598046
  outer loop
    vertex -18.20044837958651 281.7169401246066 3.499401550330832
    vertex -18.95183260077067 281.0751538484922 2.205237289333283
    vertex -19.59396785981619 280.3232893135784 3.499672006018818
  endloop
endfacet
facet normal -0.985927 0.156132 -0.0597606
  outer loop
    vertex -20.79705987884099 276.6204567982419 3.499765951765945
    vertex -20.7194964250448 277.6059182567705 4.794762710666697
    vertex -20.48882153904452 278.5668631363767 3.499682257379403
  endloop
endfacet
facet normal -5.79187e-16 -0.998211 -0.0597837
  outer loop
    vertex -15.48259700904899 270.3979445812676 2.205237289333307
    vertex -13.51152274954199 270.3979445812676 2.205237289333288
    vertex -14.49744860813217 270.3203811390098 3.500317742614339
  endloop
endfacet
facet normal -0.949355 -0.308464 -0.0597914
  outer loop
    vertex -20.71949642504481 275.6348439972635 2.205237289333307
    vertex -20.11040098168216 273.7602409786578 2.205237289333277
    vertex -20.48883592651026 274.6739434064559 3.500150167722352
  endloop
endfacet
facet normal -0.998211 4.16416e-15 0.0597876
  outer loop
    vertex -20.71949642504481 275.6348439972635 4.794762710666715
    vertex -20.7194964250448 277.6059182567705 4.794762710666697
    vertex -20.79705987884099 276.6204567982419 3.499765951765945
  endloop
endfacet
facet normal -0.156159 0.985924 -0.059735
  outer loop
    vertex -16.44396249039257 282.6120061338831 3.49842086515882
    vertex -15.48259700904888 282.8428176727663 4.794762710666719
    vertex -14.49711445895561 282.9203811267806 3.498704857157063
  endloop
endfacet
facet normal 0.308464 0.949355 0.0597876
  outer loop
    vertex -13.51152274954199 282.8428176727663 4.794762710666712
    vertex -11.63691973093631 282.2337222294037 4.794762710666719
    vertex -12.55032478248524 282.6120605629387 3.499765951765949
  endloop
endfacet
facet normal 0.156121 -0.985926 0.0598044
  outer loop
    vertex -13.51152274954199 270.3979445812676 2.205237289333288
    vertex -12.55032478248525 270.6287016910952 3.500234048234049
    vertex -14.49744860813217 270.3203811390098 3.500317742614339
  endloop
endfacet
facet normal 0.308464 -0.949355 -0.0597876
  outer loop
    vertex -13.51152274954199 270.3979445812676 2.205237289333288
    vertex -11.63691973093632 271.0070400246302 2.205237289333269
    vertex -12.55032478248525 270.6287016910952 3.500234048234049
  endloop
endfacet
facet normal -0.308465 0.949359 0.0597258
  outer loop
    vertex -17.35720002765456 282.2337222294037 4.794762710666733
    vertex -15.48259700904888 282.8428176727663 4.794762710666719
    vertex -16.44396249039257 282.6120061338831 3.49842086515882
  endloop
endfacet
facet normal 0.156176 0.98592 -0.0597619
  outer loop
    vertex -13.51152274954199 282.8428176727663 4.794762710666712
    vertex -12.55032478248524 282.6120605629387 3.499765951765949
    vertex -14.49711445895561 282.9203811267806 3.498704857157063
  endloop
endfacet
facet normal 2.15349e-16 0.998214 0.0597388
  outer loop
    vertex -15.48259700904888 282.8428176727663 4.794762710666719
    vertex -13.51152274954199 282.8428176727663 4.794762710666712
    vertex -14.49711445895561 282.9203811267806 3.498704857157063
  endloop
endfacet
facet normal -0.586734 -0.80757 -0.0597875
  outer loop
    vertex -18.95183260077073 272.1656084055418 2.205237289333274
    vertex -17.3572000276546 271.0070400246303 2.205237289333279
    vertex -18.20069793919169 271.5240034799731 3.500233954857539
  endloop
endfacet
facet normal -0.586732 0.807568 -0.0598259
  outer loop
    vertex -17.3572000276546 282.2337222294037 2.205237289333278
    vertex -18.95183260077067 281.0751538484922 2.205237289333283
    vertex -18.20044837958651 281.7169401246066 3.499401550330832
  endloop
endfacet
facet normal -0.949355 0.308464 0.0597837
  outer loop
    vertex -20.7194964250448 277.6059182567705 4.794762710666697
    vertex -20.11040098168212 279.4805212753762 4.794762710666718
    vertex -20.48882153904452 278.5668631363767 3.499682257379403
  endloop
endfacet
facet normal 0.705919 -0.70576 -0.0598356
  outer loop
    vertex -10.04228715782018 272.1656084055417 4.794762710666725
    vertex -10.79373597839807 271.5237751892342 3.499849832280615
    vertex -9.399653206610349 272.9181594678959 3.499999999999996
  endloop
endfacet
facet normal 0.586734 -0.80757 0.0597914
  outer loop
    vertex -10.04228715782018 272.1656084055417 4.794762710666725
    vertex -11.63691973093631 271.0070400246303 4.794762710666721
    vertex -10.79373597839807 271.5237751892342 3.499849832280615
  endloop
endfacet
facet normal 0.586734 0.80757 -0.0597914
  outer loop
    vertex -10.04228715782023 281.0751538484923 2.205237289333287
    vertex -11.63691973093631 282.2337222294037 2.20523728933328
    vertex -10.79432697651603 281.7174164467567 3.500150167722344
  endloop
endfacet
facet normal -0.705898 -0.705787 -0.0597809
  outer loop
    vertex -18.20069793919169 271.5240034799731 3.500233954857539
    vertex -18.9518326007707 272.1656084055417 4.794762710666727
    vertex -19.59404210755567 272.9175751417135 3.500137514746278
  endloop
endfacet
facet normal -0.156219 -0.98591 -0.0598158
  outer loop
    vertex -14.49744860813217 270.3203811390098 3.500317742614339
    vertex -15.48259700904889 270.3979445812676 4.794762710666714
    vertex -16.44434674065449 270.6288809910261 3.500141075750445
  endloop
endfacet
facet normal -0.705882 0.705804 -0.059762
  outer loop
    vertex -18.95183260077069 281.0751538484922 4.794762710666728
    vertex -18.20044837958651 281.7169401246066 3.499401550330832
    vertex -19.59396785981619 280.3232893135784 3.499672006018818
  endloop
endfacet
facet normal 0.705913 -0.705766 0.0598425
  outer loop
    vertex -10.79373597839807 271.5237751892342 3.499849832280615
    vertex -10.04228715782019 272.1656084055417 2.205237289333273
    vertex -9.399653206610349 272.9181594678959 3.499999999999996
  endloop
endfacet
facet normal -0.985929 -0.156107 0.0597815
  outer loop
    vertex -20.79705987884099 276.6204567982419 3.499765951765945
    vertex -20.71949642504481 275.6348439972635 2.205237289333307
    vertex -20.48883592651026 274.6739434064559 3.500150167722352
  endloop
endfacet
facet normal -0.985926 -0.15613 -0.0597776
  outer loop
    vertex -20.71949642504481 275.6348439972635 4.794762710666715
    vertex -20.79705987884099 276.6204567982419 3.499765951765945
    vertex -20.48883592651026 274.6739434064559 3.500150167722352
  endloop
endfacet
facet normal 0.453207 -0.889396 0.0598215
  outer loop
    vertex -12.55032478248525 270.6287016910952 3.500234048234049
    vertex -11.63691973093632 271.0070400246302 2.205237289333269
    vertex -10.79373597839807 271.5237751892342 3.499849832280615
  endloop
endfacet
facet normal 0.453186 -0.889406 -0.0598254
  outer loop
    vertex -11.63691973093631 271.0070400246303 4.794762710666721
    vertex -12.55032478248525 270.6287016910952 3.500234048234049
    vertex -10.79373597839807 271.5237751892342 3.499849832280615
  endloop
endfacet
facet normal -0.453187 0.889403 0.0598678
  outer loop
    vertex -17.3572000276546 282.2337222294037 2.205237289333278
    vertex -18.20044837958651 281.7169401246066 3.499401550330832
    vertex -16.44396249039257 282.6120061338831 3.49842086515882
  endloop
endfacet
facet normal -0.453242 0.889381 -0.0597676
  outer loop
    vertex -18.20044837958651 281.7169401246066 3.499401550330832
    vertex -17.35720002765456 282.2337222294037 4.794762710666733
    vertex -16.44396249039257 282.6120061338831 3.49842086515882
  endloop
endfacet
facet normal -0.308464 -0.949354 0.0598048
  outer loop
    vertex -15.48259700904889 270.3979445812676 4.794762710666714
    vertex -17.35720002765465 271.0070400246303 4.794762710666727
    vertex -16.44434674065449 270.6288809910261 3.500141075750445
  endloop
endfacet
facet normal -0.80757 -0.586734 -0.059792
  outer loop
    vertex -20.11040098168216 273.7602409786578 2.205237289333277
    vertex -18.95183260077073 272.1656084055418 2.205237289333274
    vertex -19.59404210755567 272.9175751417135 3.500137514746278
  endloop
endfacet
facet normal -0.80757 0.586734 0.0597832
  outer loop
    vertex -20.11040098168212 279.4805212753762 4.794762710666718
    vertex -18.95183260077069 281.0751538484922 4.794762710666728
    vertex -19.59396785981619 280.3232893135784 3.499672006018818
  endloop
endfacet
facet normal -0.308464 -0.949355 -0.0597918
  outer loop
    vertex -17.3572000276546 271.0070400246303 2.205237289333279
    vertex -15.48259700904899 270.3979445812676 2.205237289333307
    vertex -16.44434674065449 270.6288809910261 3.500141075750445
  endloop
endfacet
facet normal -0.807569 -0.586733 0.0598047
  outer loop
    vertex -18.9518326007707 272.1656084055417 4.794762710666727
    vertex -20.11040098168215 273.7602409786578 4.794762710666721
    vertex -19.59404210755567 272.9175751417135 3.500137514746278
  endloop
endfacet
facet normal -0.807569 0.586733 -0.0598134
  outer loop
    vertex -18.95183260077067 281.0751538484922 2.205237289333283
    vertex -20.11040098168211 279.4805212753762 2.205237289333294
    vertex -19.59396785981619 280.3232893135784 3.499672006018818
  endloop
endfacet
facet normal 0.453135 0.889435 0.0597815
  outer loop
    vertex -11.63691973093631 282.2337222294037 2.20523728933328
    vertex -12.55032478248524 282.6120605629387 3.499765951765949
    vertex -10.79432697651603 281.7174164467567 3.500150167722344
  endloop
endfacet
facet normal 0.453156 0.889425 -0.0597776
  outer loop
    vertex -12.55032478248524 282.6120605629387 3.499765951765949
    vertex -11.63691973093631 282.2337222294037 4.794762710666719
    vertex -10.79432697651603 281.7174164467567 3.500150167722344
  endloop
endfacet
facet normal -0.889431 0.453142 -0.0597937
  outer loop
    vertex -20.48882153904452 278.5668631363767 3.499682257379403
    vertex -20.11040098168212 279.4805212753762 4.794762710666718
    vertex -19.59396785981619 280.3232893135784 3.499672006018818
  endloop
endfacet
facet normal -0.453263 -0.889369 0.0598033
  outer loop
    vertex -18.20069793919169 271.5240034799731 3.500233954857539
    vertex -17.3572000276546 271.0070400246303 2.205237289333279
    vertex -16.44434674065449 270.6288809910261 3.500141075750445
  endloop
endfacet
facet normal -0.889437 -0.45313 0.0597971
  outer loop
    vertex -20.48883592651026 274.6739434064559 3.500150167722352
    vertex -20.11040098168216 273.7602409786578 2.205237289333277
    vertex -19.59404210755567 272.9175751417135 3.500137514746278
  endloop
endfacet
facet normal 0.807569 -0.586733 -0.0597983
  outer loop
    vertex -10.04228715782019 272.1656084055417 2.205237289333273
    vertex -8.883718776908788 273.7602409786577 2.205237289333291
    vertex -9.399653206610349 272.9181594678959 3.499999999999996
  endloop
endfacet
facet normal 0.807569 0.586733 0.0597983
  outer loop
    vertex -10.04228715782019 281.0751538484922 4.794762710666727
    vertex -8.883718776908738 279.4805212753761 4.794762710666721
    vertex -9.400852556521592 280.3242535496722 3.499999999999999
  endloop
endfacet
facet normal 0.705767 0.705919 0.0597569
  outer loop
    vertex -10.04228715782023 281.0751538484923 2.205237289333287
    vertex -10.79432697651603 281.7174164467567 3.500150167722344
    vertex -9.400852556521592 280.3242535496722 3.499999999999999
  endloop
endfacet
facet normal -0.586734 0.807571 0.0597708
  outer loop
    vertex -18.95183260077069 281.0751538484922 4.794762710666728
    vertex -17.35720002765456 282.2337222294037 4.794762710666733
    vertex -18.20044837958651 281.7169401246066 3.499401550330832
  endloop
endfacet
facet normal -0.949354 0.308464 -0.059813
  outer loop
    vertex -20.11040098168211 279.4805212753762 2.205237289333294
    vertex -20.71949642504481 277.6059182567705 2.205237289333283
    vertex -20.48882153904452 278.5668631363767 3.499682257379403
  endloop
endfacet
facet normal -0.99821 -7.00709e-16 -0.0598091
  outer loop
    vertex -20.71949642504481 277.6059182567705 2.205237289333283
    vertex -20.71949642504481 275.6348439972635 2.205237289333307
    vertex -20.79705987884099 276.6204567982419 3.499765951765945
  endloop
endfacet
facet normal -0.985924 0.156136 0.0597859
  outer loop
    vertex -20.71949642504481 277.6059182567705 2.205237289333283
    vertex -20.79705987884099 276.6204567982419 3.499765951765945
    vertex -20.48882153904452 278.5668631363767 3.499682257379403
  endloop
endfacet
facet normal 0.308464 -0.949354 0.0598091
  outer loop
    vertex -11.63691973093631 271.0070400246303 4.794762710666721
    vertex -13.51152274954201 270.3979445812676 4.794762710666708
    vertex -12.55032478248525 270.6287016910952 3.500234048234049
  endloop
endfacet
facet normal -0.156175 0.985913 0.0598673
  outer loop
    vertex -15.48259700904889 282.8428176727663 2.205237289333288
    vertex -16.44396249039257 282.6120061338831 3.49842086515882
    vertex -14.49711445895561 282.9203811267806 3.498704857157063
  endloop
endfacet
facet normal 0.156115 -0.985925 -0.0598298
  outer loop
    vertex -12.55032478248525 270.6287016910952 3.500234048234049
    vertex -13.51152274954201 270.3979445812676 4.794762710666708
    vertex -14.49744860813217 270.3203811390098 3.500317742614339
  endloop
endfacet
facet normal 0.308464 0.949354 -0.0598091
  outer loop
    vertex -11.63691973093631 282.2337222294037 2.20523728933328
    vertex -13.51152274954197 282.8428176727663 2.205237289333279
    vertex -12.55032478248524 282.6120605629387 3.499765951765949
  endloop
endfacet
facet normal -2.96696e-16 0.998207 -0.059858
  outer loop
    vertex -13.51152274954197 282.8428176727663 2.205237289333279
    vertex -15.48259700904889 282.8428176727663 2.205237289333288
    vertex -14.49711445895561 282.9203811267806 3.498704857157063
  endloop
endfacet
facet normal -0.308463 0.94935 -0.0598711
  outer loop
    vertex -15.48259700904889 282.8428176727663 2.205237289333288
    vertex -17.3572000276546 282.2337222294037 2.205237289333278
    vertex -16.44396249039257 282.6120061338831 3.49842086515882
  endloop
endfacet
facet normal 0.586733 -0.807569 -0.0598052
  outer loop
    vertex -11.63691973093632 271.0070400246302 2.205237289333269
    vertex -10.04228715782019 272.1656084055417 2.205237289333273
    vertex -10.79373597839807 271.5237751892342 3.499849832280615
  endloop
endfacet
facet normal 1.88665e-16 -0.99821 0.059813
  outer loop
    vertex -13.51152274954201 270.3979445812676 4.794762710666708
    vertex -15.48259700904889 270.3979445812676 4.794762710666714
    vertex -14.49744860813217 270.3203811390098 3.500317742614339
  endloop
endfacet
facet normal 0.156112 0.985925 0.0598323
  outer loop
    vertex -12.55032478248524 282.6120605629387 3.499765951765949
    vertex -13.51152274954197 282.8428176727663 2.205237289333279
    vertex -14.49711445895561 282.9203811267806 3.498704857157063
  endloop
endfacet
facet normal -0.586733 -0.807569 0.0598091
  outer loop
    vertex -17.35720002765465 271.0070400246303 4.794762710666727
    vertex -18.9518326007707 272.1656084055417 4.794762710666727
    vertex -18.20069793919169 271.5240034799731 3.500233954857539
  endloop
endfacet
facet normal -0.949354 -0.308464 0.0598052
  outer loop
    vertex -20.11040098168215 273.7602409786578 4.794762710666721
    vertex -20.71949642504481 275.6348439972635 4.794762710666715
    vertex -20.48883592651026 274.6739434064559 3.500150167722352
  endloop
endfacet
facet normal 0.807569 -0.586733 0.0597983
  outer loop
    vertex -8.883718776908726 273.7602409786578 4.794762710666722
    vertex -10.04228715782018 272.1656084055417 4.794762710666725
    vertex -9.399653206610349 272.9181594678959 3.499999999999996
  endloop
endfacet
facet normal 0.586733 0.807569 0.0598052
  outer loop
    vertex -11.63691973093631 282.2337222294037 4.794762710666719
    vertex -10.04228715782019 281.0751538484922 4.794762710666727
    vertex -10.79432697651603 281.7174164467567 3.500150167722344
  endloop
endfacet
facet normal 0.807569 0.586733 -0.0597983
  outer loop
    vertex -8.883718776908731 279.4805212753761 2.205237289333279
    vertex -10.04228715782023 281.0751538484923 2.205237289333287
    vertex -9.400852556521592 280.3242535496722 3.499999999999999
  endloop
endfacet
facet normal -0.889429 0.453141 0.0598234
  outer loop
    vertex -20.11040098168211 279.4805212753762 2.205237289333294
    vertex -20.48882153904452 278.5668631363767 3.499682257379403
    vertex -19.59396785981619 280.3232893135784 3.499672006018818
  endloop
endfacet
facet normal -0.453267 -0.889365 -0.0598205
  outer loop
    vertex -17.35720002765465 271.0070400246303 4.794762710666727
    vertex -18.20069793919169 271.5240034799731 3.500233954857539
    vertex -16.44434674065449 270.6288809910261 3.500141075750445
  endloop
endfacet
facet normal -0.889436 -0.453129 -0.0598104
  outer loop
    vertex -20.11040098168215 273.7602409786578 4.794762710666721
    vertex -20.48883592651026 274.6739434064559 3.500150167722352
    vertex -19.59404210755567 272.9175751417135 3.500137514746278
  endloop
endfacet
facet normal 0.705761 0.705925 -0.0597638
  outer loop
    vertex -10.79432697651603 281.7174164467567 3.500150167722344
    vertex -10.04228715782019 281.0751538484922 4.794762710666727
    vertex -9.400852556521592 280.3242535496722 3.499999999999999
  endloop
endfacet
facet normal 0.940595 -0.338423 0.0274142
  outer loop
    vertex -8.883718776908788 273.7602409786577 2.205237289333291
    vertex -8.505403826635977 274.6735740624548 0.5
    vertex -8.361163141191906 275.1918254860529 1.948755233267038
  endloop
endfacet
facet normal 0.940595 0.338423 -0.0274142
  outer loop
    vertex -8.883718776908738 279.4805212753761 4.794762710666721
    vertex -8.505403826635977 278.5671881915791 6.5
    vertex -8.36116314119187 278.0489367679809 5.051244766733032
  endloop
endfacet
facet normal 0.940595 0.338423 0.0274142
  outer loop
    vertex -8.505403826635977 278.5671881915791 0.5
    vertex -8.883718776908731 279.4805212753761 2.205237289333279
    vertex -8.361163141191877 278.0489367679809 1.948755233266965
  endloop
endfacet
facet normal 0.940595 -0.338423 -0.0274142
  outer loop
    vertex -8.505403826635977 274.6735740624548 6.5
    vertex -8.883718776908726 273.7602409786578 4.794762710666722
    vertex -8.361163141191881 275.1918254860529 5.051244766733036
  endloop
endfacet
facet normal 0.937486 0.346994 0.0267584
  outer loop
    vertex -8.484797893138404 278.5025888227325 3.5
    vertex -8.883718776908738 279.4805212753761 4.794762710666721
    vertex -8.36116314119187 278.0489367679809 5.051244766733032
  endloop
endfacet
facet normal 0.937768 -0.346479 -0.0233075
  outer loop
    vertex -8.458968058841561 274.8227584836994 3.5
    vertex -8.883718776908788 273.7602409786577 2.205237289333291
    vertex -8.361163141191906 275.1918254860529 1.948755233267038
  endloop
endfacet
facet normal 0.937768 -0.346479 0.0233075
  outer loop
    vertex -8.883718776908726 273.7602409786578 4.794762710666722
    vertex -8.458968058841561 274.8227584836994 3.5
    vertex -8.361163141191881 275.1918254860529 5.051244766733036
  endloop
endfacet
facet normal 0.937486 0.346994 -0.0267584
  outer loop
    vertex -8.883718776908731 279.4805212753761 2.205237289333279
    vertex -8.484797893138404 278.5025888227325 3.5
    vertex -8.361163141191877 278.0489367679809 1.948755233266965
  endloop
endfacet
facet normal 0.991448 -0.126407 0.0324357
  outer loop
    vertex -8.197059879295445 276.620381127017 2.5
    vertex -8.458968058841561 274.8227584836994 3.5
    vertex -8.361163141191906 275.1918254860529 1.948755233267038
  endloop
endfacet
facet normal 0.990711 0.129645 -0.0410461
  outer loop
    vertex -8.197059879295445 276.620381127017 4.5
    vertex -8.484797893138404 278.5025888227325 3.5
    vertex -8.36116314119187 278.0489367679809 5.051244766733032
  endloop
endfacet
facet normal 0.990711 0.129645 0.0410461
  outer loop
    vertex -8.484797893138404 278.5025888227325 3.5
    vertex -8.197059879295445 276.620381127017 2.5
    vertex -8.361163141191877 278.0489367679809 1.948755233266965
  endloop
endfacet
facet normal 0.991448 -0.126407 -0.0324357
  outer loop
    vertex -8.458968058841561 274.8227584836994 3.5
    vertex -8.197059879295445 276.620381127017 4.5
    vertex -8.361163141191881 275.1918254860529 5.051244766733036
  endloop
endfacet
facet normal 0 0 1
  outer loop
    vertex -14.81643797860319 274.369223325751 6.5
    vertex -16.83947114632028 274.8523055368336 6.5
    vertex -16.40904300042089 272.8224172265438 6.5
  endloop
endfacet
facet normal 0 0 1
  outer loop
    vertex -12.41436106848408 272.3911342335178 6.5
    vertex -14.38087310170816 272.2244592820267 6.5
    vertex -12.55025281473328 270.6287250743575 6.5
  endloop
endfacet
facet normal -0 0 1
  outer loop
    vertex -12.95885697134992 273.8620719014615 6.5
    vertex -11.15236207674159 273.2307408545979 6.5
    vertex -11.54587631678886 275.0063411179691 6.5
  endloop
endfacet
facet normal 0 0 1
  outer loop
    vertex -12.55025281473328 270.6287250743575 6.5
    vertex -14.38087310170816 272.2244592820267 6.5
    vertex -14.49705987929545 270.320381127017 6.5
  endloop
endfacet
facet normal -0 0 1
  outer loop
    vertex -16.40904300042089 272.8224172265438 6.5
    vertex -14.38087310170816 272.2244592820267 6.5
    vertex -14.81643797860319 274.369223325751 6.5
  endloop
endfacet
facet normal 0 -0 1
  outer loop
    vertex -14.49705987929545 270.320381127017 6.5
    vertex -14.38087310170816 272.2244592820267 6.5
    vertex -16.44386694385761 270.6287250743575 6.5
  endloop
endfacet
facet normal 0 0 1
  outer loop
    vertex -16.44386694385761 270.6287250743575 6.5
    vertex -14.38087310170816 272.2244592820267 6.5
    vertex -16.40904300042089 272.8224172265438 6.5
  endloop
endfacet
facet normal 0 0 1
  outer loop
    vertex -11.54587631678886 275.0063411179691 6.5
    vertex -11.15236207674159 273.2307408545979 6.5
    vertex -10.10303688678034 274.2972917719851 6.5
  endloop
endfacet
facet normal 0 0 1
  outer loop
    vertex -16.83947114632028 274.8523055368336 6.5
    vertex -18.00329321616526 273.1743172643323 6.5
    vertex -16.40904300042089 272.8224172265438 6.5
  endloop
endfacet
facet normal -0 0 1
  outer loop
    vertex -18.68518361106414 274.5694276835746 6.5
    vertex -18.00329321616526 273.1743172643323 6.5
    vertex -16.83947114632028 274.8523055368336 6.5
  endloop
endfacet
facet normal 0 0 1
  outer loop
    vertex -16.86643239925821 276.923307236763 6.5
    vertex -17.28210871988933 278.8455949705938 6.5
    vertex -18.84781210093135 277.3728613676712 6.5
  endloop
endfacet
facet normal 0 -0 1
  outer loop
    vertex -12.41436106848408 272.3911342335178 6.5
    vertex -11.15236207674159 273.2307408545979 6.5
    vertex -12.95885697134992 273.8620719014615 6.5
  endloop
endfacet
facet normal 0 0 1
  outer loop
    vertex -12.41436106848408 272.3911342335178 6.5
    vertex -12.95885697134992 273.8620719014615 6.5
    vertex -14.38087310170816 272.2244592820267 6.5
  endloop
endfacet
facet normal 0 -0 1
  outer loop
    vertex -14.38087310170816 272.2244592820267 6.5
    vertex -12.95885697134992 273.8620719014615 6.5
    vertex -14.81643797860319 274.369223325751 6.5
  endloop
endfacet
facet normal 0 0 1
  outer loop
    vertex -11.52839428562471 277.090907981277 6.5
    vertex -9.692631604336478 277.3813758698108 6.5
    vertex -10.47377679737407 278.6703462477763 6.5
  endloop
endfacet
facet normal 0 -0 1
  outer loop
    vertex -10.03721622714356 275.914011286236 6.5
    vertex -9.692631604336478 277.3813758698108 6.5
    vertex -11.52839428562471 277.090907981277 6.5
  endloop
endfacet
facet normal 0 -0 1
  outer loop
    vertex -13.23274925286296 275.7065222665375 6.5
    vertex -11.52839428562471 277.090907981277 6.5
    vertex -13.60963060414536 277.6072558493663 6.5
  endloop
endfacet
facet normal 0 0 1
  outer loop
    vertex -15.06635770248923 276.2818119099589 6.5
    vertex -16.83947114632028 274.8523055368336 6.5
    vertex -14.81643797860319 274.369223325751 6.5
  endloop
endfacet
facet normal -0 0 1
  outer loop
    vertex -18.20010696873802 281.7171881915791 6.5
    vertex -16.6899056878611 280.7086712215325 6.5
    vertex -16.44386694385761 282.6120371796765 6.5
  endloop
endfacet
facet normal 0 0 1
  outer loop
    vertex -10.79401278985286 271.5235740624548 6.5
    vertex -12.41436106848408 272.3911342335178 6.5
    vertex -12.55025281473328 270.6287250743575 6.5
  endloop
endfacet
facet normal 0 0 1
  outer loop
    vertex -9.400252814733275 280.3234282164595 6.5
    vertex -10.47377679737407 278.6703462477763 6.5
    vertex -8.505403826635977 278.5671881915791 6.5
  endloop
endfacet
facet normal 0 -0 1
  outer loop
    vertex -19.59386694385761 272.9173340375744 6.5
    vertex -18.68518361106414 274.5694276835746 6.5
    vertex -20.48871593195491 274.6735740624548 6.5
  endloop
endfacet
facet normal 0 -0 1
  outer loop
    vertex -16.44386694385761 270.6287250743575 6.5
    vertex -16.40904300042089 272.8224172265438 6.5
    vertex -18.20010696873803 271.5235740624548 6.5
  endloop
endfacet
facet normal 0 0 1
  outer loop
    vertex -12.55025281473327 282.6120371796765 6.5
    vertex -12.42344980648983 280.7006174568517 6.5
    vertex -10.79401278985286 281.7171881915791 6.5
  endloop
endfacet
facet normal 0 0 1
  outer loop
    vertex -8.197059879295445 276.620381127017 6.5
    vertex -10.03721622714356 275.914011286236 6.5
    vertex -8.505403826635977 274.6735740624548 6.5
  endloop
endfacet
facet normal 0 0 1
  outer loop
    vertex -20.79705987929544 276.620381127017 6.5
    vertex -18.84781210093135 277.3728613676712 6.5
    vertex -20.48871593195491 278.5671881915791 6.5
  endloop
endfacet
facet normal 0 0 1
  outer loop
    vertex -16.86643239925821 276.923307236763 6.5
    vertex -16.83947114632028 274.8523055368336 6.5
    vertex -15.06635770248923 276.2818119099589 6.5
  endloop
endfacet
facet normal 0 0 1
  outer loop
    vertex -15.06635770248923 276.2818119099589 6.5
    vertex -14.81643797860319 274.369223325751 6.5
    vertex -13.23274925286296 275.7065222665375 6.5
  endloop
endfacet
facet normal 0 0 1
  outer loop
    vertex -15.38990785988148 278.132052272757 6.5
    vertex -16.86643239925821 276.923307236763 6.5
    vertex -15.06635770248923 276.2818119099589 6.5
  endloop
endfacet
facet normal -0 0 1
  outer loop
    vertex -15.06635770248923 276.2818119099589 6.5
    vertex -13.23274925286296 275.7065222665375 6.5
    vertex -13.60963060414536 277.6072558493663 6.5
  endloop
endfacet
facet normal 0 0 1
  outer loop
    vertex -15.38990785988148 278.132052272757 6.5
    vertex -15.06635770248923 276.2818119099589 6.5
    vertex -13.60963060414536 277.6072558493663 6.5
  endloop
endfacet
facet normal 0 0 1
  outer loop
    vertex -15.38990785988148 278.132052272757 6.5
    vertex -17.28210871988933 278.8455949705938 6.5
    vertex -16.86643239925821 276.923307236763 6.5
  endloop
endfacet
facet normal 0 0 1
  outer loop
    vertex -13.90660919378934 279.4377872549752 6.5
    vertex -15.38990785988148 278.132052272757 6.5
    vertex -13.60963060414536 277.6072558493663 6.5
  endloop
endfacet
facet normal -0 0 1
  outer loop
    vertex -13.60963060414536 277.6072558493663 6.5
    vertex -11.52839428562471 277.090907981277 6.5
    vertex -12.1988876457092 278.9478171260851 6.5
  endloop
endfacet
facet normal 0 0 1
  outer loop
    vertex -13.90660919378934 279.4377872549752 6.5
    vertex -13.60963060414536 277.6072558493663 6.5
    vertex -12.1988876457092 278.9478171260851 6.5
  endloop
endfacet
facet normal 0 0 1
  outer loop
    vertex -12.1988876457092 278.9478171260851 6.5
    vertex -11.52839428562471 277.090907981277 6.5
    vertex -10.47377679737407 278.6703462477763 6.5
  endloop
endfacet
facet normal 0 0 1
  outer loop
    vertex -14.49705987929544 282.920381127017 6.5
    vertex -14.04720278082042 281.1549212348982 6.5
    vertex -12.55025281473327 282.6120371796765 6.5
  endloop
endfacet
facet normal 0 0 1
  outer loop
    vertex -12.55025281473327 282.6120371796765 6.5
    vertex -14.04720278082042 281.1549212348982 6.5
    vertex -12.42344980648983 280.7006174568517 6.5
  endloop
endfacet
facet normal 0 0 1
  outer loop
    vertex -17.28210871988933 278.8455949705938 6.5
    vertex -18.88618378805482 278.9824078385347 6.5
    vertex -18.84781210093135 277.3728613676712 6.5
  endloop
endfacet
facet normal 0 0 1
  outer loop
    vertex -15.38990785988148 278.132052272757 6.5
    vertex -15.45154461134527 279.7607606469708 6.5
    vertex -17.28210871988933 278.8455949705938 6.5
  endloop
endfacet
facet normal 0 0 1
  outer loop
    vertex -17.28210871988933 278.8455949705938 6.5
    vertex -15.45154461134527 279.7607606469708 6.5
    vertex -16.6899056878611 280.7086712215325 6.5
  endloop
endfacet
facet normal 0 0 1
  outer loop
    vertex -14.04720278082042 281.1549212348982 6.5
    vertex -15.45808657664748 281.5734849920809 6.5
    vertex -15.45154461134527 279.7607606469708 6.5
  endloop
endfacet
facet normal 0 0 1
  outer loop
    vertex -12.42344980648983 280.7006174568517 6.5
    vertex -13.90660919378934 279.4377872549752 6.5
    vertex -12.1988876457092 278.9478171260851 6.5
  endloop
endfacet
facet normal 0 0 1
  outer loop
    vertex -10.03721622714356 275.914011286236 6.5
    vertex -10.10303688678034 274.2972917719851 6.5
    vertex -8.505403826635977 274.6735740624548 6.5
  endloop
endfacet
facet normal 0 0 1
  outer loop
    vertex -8.505403826635977 274.6735740624548 6.5
    vertex -10.10303688678034 274.2972917719851 6.5
    vertex -9.400252814733275 272.9173340375744 6.5
  endloop
endfacet
facet normal 0 0 1
  outer loop
    vertex -14.04720278082042 281.1549212348982 6.5
    vertex -15.45154461134527 279.7607606469708 6.5
    vertex -13.90660919378934 279.4377872549752 6.5
  endloop
endfacet
facet normal 0 0 1
  outer loop
    vertex -11.52839428562471 277.090907981277 6.5
    vertex -11.54587631678886 275.0063411179691 6.5
    vertex -10.03721622714356 275.914011286236 6.5
  endloop
endfacet
facet normal 0 0 1
  outer loop
    vertex -18.84781210093135 277.3728613676712 6.5
    vertex -18.04322517016588 275.9157248978065 6.5
    vertex -16.86643239925821 276.923307236763 6.5
  endloop
endfacet
facet normal 0 0 1
  outer loop
    vertex -12.42344980648983 280.7006174568517 6.5
    vertex -14.04720278082042 281.1549212348982 6.5
    vertex -13.90660919378934 279.4377872549752 6.5
  endloop
endfacet
facet normal -0 0 1
  outer loop
    vertex -13.23274925286296 275.7065222665375 6.5
    vertex -11.54587631678886 275.0063411179691 6.5
    vertex -11.52839428562471 277.090907981277 6.5
  endloop
endfacet
facet normal 0 0 1
  outer loop
    vertex -13.23274925286296 275.7065222665375 6.5
    vertex -12.95885697134992 273.8620719014615 6.5
    vertex -11.54587631678886 275.0063411179691 6.5
  endloop
endfacet
facet normal 0 0 1
  outer loop
    vertex -16.83947114632028 274.8523055368336 6.5
    vertex -18.04322517016588 275.9157248978065 6.5
    vertex -18.68518361106414 274.5694276835746 6.5
  endloop
endfacet
facet normal -0 0 1
  outer loop
    vertex -14.81643797860319 274.369223325751 6.5
    vertex -12.95885697134992 273.8620719014615 6.5
    vertex -13.23274925286296 275.7065222665375 6.5
  endloop
endfacet
facet normal 0 0 1
  outer loop
    vertex -20.48871593195491 278.5671881915791 6.5
    vertex -18.88618378805482 278.9824078385347 6.5
    vertex -19.59386694385761 280.3234282164595 6.5
  endloop
endfacet
facet normal 0 0 1
  outer loop
    vertex -18.84781210093135 277.3728613676712 6.5
    vertex -18.88618378805482 278.9824078385347 6.5
    vertex -20.48871593195491 278.5671881915791 6.5
  endloop
endfacet
facet normal 0 0 1
  outer loop
    vertex -16.86643239925821 276.923307236763 6.5
    vertex -18.04322517016588 275.9157248978065 6.5
    vertex -16.83947114632028 274.8523055368336 6.5
  endloop
endfacet
facet normal 0 0 1
  outer loop
    vertex -18.68518361106414 274.5694276835746 6.5
    vertex -19.38526747390547 275.8328421005916 6.5
    vertex -20.48871593195491 274.6735740624548 6.5
  endloop
endfacet
facet normal 0 0 1
  outer loop
    vertex -10.47377679737407 278.6703462477763 6.5
    vertex -9.692631604336478 277.3813758698108 6.5
    vertex -8.505403826635977 278.5671881915791 6.5
  endloop
endfacet
facet normal -0 0 1
  outer loop
    vertex -12.42344980648983 280.7006174568517 6.5
    vertex -10.95770791737684 280.1597330889356 6.5
    vertex -10.79401278985286 281.7171881915791 6.5
  endloop
endfacet
facet normal 0 0 1
  outer loop
    vertex -9.400252814733275 280.3234282164595 6.5
    vertex -10.95770791737684 280.1597330889356 6.5
    vertex -10.47377679737407 278.6703462477763 6.5
  endloop
endfacet
facet normal 0 0 1
  outer loop
    vertex -19.59386694385761 272.9173340375744 6.5
    vertex -18.00329321616526 273.1743172643323 6.5
    vertex -18.68518361106414 274.5694276835746 6.5
  endloop
endfacet
facet normal -0 0 1
  outer loop
    vertex -20.79705987929544 276.620381127017 6.5
    vertex -19.38526747390547 275.8328421005916 6.5
    vertex -18.84781210093135 277.3728613676712 6.5
  endloop
endfacet
facet normal 0 0 1
  outer loop
    vertex -8.197059879295445 276.620381127017 6.5
    vertex -9.692631604336478 277.3813758698108 6.5
    vertex -10.03721622714356 275.914011286236 6.5
  endloop
endfacet
facet normal 0 0 1
  outer loop
    vertex -16.40904300042089 272.8224172265438 6.5
    vertex -18.00329321616526 273.1743172643323 6.5
    vertex -18.20010696873803 271.5235740624548 6.5
  endloop
endfacet
facet normal 0 0 1
  outer loop
    vertex -10.79401278985286 281.7171881915791 6.5
    vertex -10.95770791737684 280.1597330889356 6.5
    vertex -9.400252814733275 280.3234282164595 6.5
  endloop
endfacet
facet normal 0 -0 1
  outer loop
    vertex -18.20010696873803 271.5235740624548 6.5
    vertex -18.00329321616526 273.1743172643323 6.5
    vertex -19.59386694385761 272.9173340375744 6.5
  endloop
endfacet
facet normal 0 -0 1
  outer loop
    vertex -20.48871593195491 274.6735740624548 6.5
    vertex -19.38526747390547 275.8328421005916 6.5
    vertex -20.79705987929544 276.620381127017 6.5
  endloop
endfacet
facet normal 0 0 1
  outer loop
    vertex -8.505403826635977 278.5671881915791 6.5
    vertex -9.692631604336478 277.3813758698108 6.5
    vertex -8.197059879295445 276.620381127017 6.5
  endloop
endfacet
facet normal 0 0 1
  outer loop
    vertex -18.20010696873802 281.7171881915791 6.5
    vertex -18.09161969944974 280.1645409538543 6.5
    vertex -16.6899056878611 280.7086712215325 6.5
  endloop
endfacet
facet normal 0 0 1
  outer loop
    vertex -16.6899056878611 280.7086712215325 6.5
    vertex -18.09161969944974 280.1645409538543 6.5
    vertex -17.28210871988933 278.8455949705938 6.5
  endloop
endfacet
facet normal 0 0 1
  outer loop
    vertex -9.400252814733275 272.9173340375744 6.5
    vertex -11.15236207674159 273.2307408545979 6.5
    vertex -10.79401278985286 271.5235740624548 6.5
  endloop
endfacet
facet normal -0 0 1
  outer loop
    vertex -16.44386694385761 282.6120371796765 6.5
    vertex -15.45808657664748 281.5734849920809 6.5
    vertex -14.49705987929544 282.920381127017 6.5
  endloop
endfacet
facet normal -0 0 1
  outer loop
    vertex -19.59386694385761 280.3234282164595 6.5
    vertex -18.09161969944974 280.1645409538543 6.5
    vertex -18.20010696873802 281.7171881915791 6.5
  endloop
endfacet
facet normal 0 0 1
  outer loop
    vertex -10.79401278985286 271.5235740624548 6.5
    vertex -11.15236207674159 273.2307408545979 6.5
    vertex -12.41436106848408 272.3911342335178 6.5
  endloop
endfacet
facet normal 0 0 1
  outer loop
    vertex -13.90660919378934 279.4377872549752 6.5
    vertex -15.45154461134527 279.7607606469708 6.5
    vertex -15.38990785988148 278.132052272757 6.5
  endloop
endfacet
facet normal 0 0 1
  outer loop
    vertex -16.6899056878611 280.7086712215325 6.5
    vertex -15.45808657664748 281.5734849920809 6.5
    vertex -16.44386694385761 282.6120371796765 6.5
  endloop
endfacet
facet normal 0 0 1
  outer loop
    vertex -10.95770791737684 280.1597330889356 6.5
    vertex -12.1988876457092 278.9478171260851 6.5
    vertex -10.47377679737407 278.6703462477763 6.5
  endloop
endfacet
facet normal 0 0 1
  outer loop
    vertex -12.42344980648983 280.7006174568517 6.5
    vertex -12.1988876457092 278.9478171260851 6.5
    vertex -10.95770791737684 280.1597330889356 6.5
  endloop
endfacet
facet normal -0 0 1
  outer loop
    vertex -11.54587631678886 275.0063411179691 6.5
    vertex -10.10303688678034 274.2972917719851 6.5
    vertex -10.03721622714356 275.914011286236 6.5
  endloop
endfacet
facet normal 0 0 1
  outer loop
    vertex -15.45154461134527 279.7607606469708 6.5
    vertex -15.45808657664748 281.5734849920809 6.5
    vertex -16.6899056878611 280.7086712215325 6.5
  endloop
endfacet
facet normal 0 0 1
  outer loop
    vertex -14.49705987929544 282.920381127017 6.5
    vertex -15.45808657664748 281.5734849920809 6.5
    vertex -14.04720278082042 281.1549212348982 6.5
  endloop
endfacet
facet normal 0 0 1
  outer loop
    vertex -10.10303688678034 274.2972917719851 6.5
    vertex -11.15236207674159 273.2307408545979 6.5
    vertex -9.400252814733275 272.9173340375744 6.5
  endloop
endfacet
facet normal 0 0 1
  outer loop
    vertex -19.38526747390547 275.8328421005916 6.5
    vertex -18.04322517016588 275.9157248978065 6.5
    vertex -18.84781210093135 277.3728613676712 6.5
  endloop
endfacet
facet normal 0 0 1
  outer loop
    vertex -17.28210871988933 278.8455949705938 6.5
    vertex -18.09161969944974 280.1645409538543 6.5
    vertex -18.88618378805482 278.9824078385347 6.5
  endloop
endfacet
facet normal 0 -0 1
  outer loop
    vertex -18.88618378805482 278.9824078385347 6.5
    vertex -18.09161969944974 280.1645409538543 6.5
    vertex -19.59386694385761 280.3234282164595 6.5
  endloop
endfacet
facet normal 0 -0 1
  outer loop
    vertex -18.68518361106414 274.5694276835746 6.5
    vertex -18.04322517016588 275.9157248978065 6.5
    vertex -19.38526747390547 275.8328421005916 6.5
  endloop
endfacet
facet normal 0.89446 -0.441776 0.0691028
  outer loop
    vertex 5.61334110238668 274.1398598516407 2.205237289333292
    vertex 6.038091820453897 275.2023773566825 3.5
    vertex 5.097406672685107 273.2977783408789 3.499999999999996
  endloop
endfacet
facet normal 0.891663 0.448179 -0.0638237
  outer loop
    vertex 5.613341102386723 279.8601401483592 4.794762710666721
    vertex 6.012356295782978 278.8819064197135 3.500000000000001
    vertex 5.097406672686704 280.7022216591189 3.500000000000004
  endloop
endfacet
facet normal 0.89446 -0.441776 -0.0691028
  outer loop
    vertex 6.038091820453897 275.2023773566825 3.5
    vertex 5.613341102386734 274.1398598516408 4.794762710666722
    vertex 5.097406672685107 273.2977783408789 3.499999999999996
  endloop
endfacet
facet normal 0.891663 0.448179 0.0638237
  outer loop
    vertex 6.012356295782978 278.8819064197135 3.500000000000001
    vertex 5.61334110238673 279.8601401483592 2.205237289333279
    vertex 5.097406672686704 280.7022216591189 3.500000000000004
  endloop
endfacet
facet normal -0.808181 -0.587178 -0.0454385
  outer loop
    vertex -4.454772721475234 272.5452272785247 4.794762710666725
    vertex -5.096807064562153 273.2969529105574 6.5
    vertex -5.613341102386718 274.1398598516409 4.794762710666715
  endloop
endfacet
facet normal -0.986668 -0.156273 -0.0454385
  outer loop
    vertex -6.299999999999983 277 0.5
    vertex -5.991656052659449 275.0531929354378 0.5
    vertex -6.222436545749344 276.0144628702465 2.205237289333301
  endloop
endfacet
facet normal -0.986668 0.156273 0.0454385
  outer loop
    vertex -6.299999999999983 277 6.5
    vertex -5.991656052659449 278.9468070645622 6.5
    vertex -6.222436545749356 277.9855371297534 4.794762710666714
  endloop
endfacet
facet normal -0.950074 0.308698 -0.0454385
  outer loop
    vertex -6.222436545749356 277.9855371297534 4.794762710666714
    vertex -5.991656052659449 278.9468070645622 6.5
    vertex -5.613341102386703 279.8601401483592 4.794762710666696
  endloop
endfacet
facet normal -0.808181 0.587178 -0.0454385
  outer loop
    vertex -5.613341102386703 279.8601401483592 4.794762710666696
    vertex -5.096807064562149 280.7030470894426 6.5
    vertex -4.454772721475216 281.4547727214753 4.794762710666721
  endloop
endfacet
facet normal 0.587178 -0.808181 0.0454385
  outer loop
    vertex 3.7030470894426 271.9031929354379 0.5
    vertex 4.454772721475265 272.5452272785247 2.205237289333274
    vertex 2.860140148359086 271.3866588976132 2.20523728933329
  endloop
endfacet
facet normal -0.998967 -5.03314e-15 0.0454385
  outer loop
    vertex -6.222436545749354 277.9855371297534 2.205237289333285
    vertex -6.299999999999983 277 0.5
    vertex -6.222436545749344 276.0144628702465 2.205237289333301
  endloop
endfacet
facet normal 0.308698 -0.950074 -0.0454385
  outer loop
    vertex 2.860140148359165 271.3866588976133 4.794762710666722
    vertex 1.946807064562184 271.0083439473405 6.5
    vertex 0.9855371297534372 270.7775634542506 4.794762710666705
  endloop
endfacet
facet normal -0.587178 -0.808181 0.0454385
  outer loop
    vertex -3.703047089442561 271.9031929354378 0.5
    vertex -2.860140148359124 271.3866588976133 2.205237289333284
    vertex -4.454772721475279 272.5452272785248 2.205237289333279
  endloop
endfacet
facet normal -0.587178 0.808181 0.0454385
  outer loop
    vertex -3.703047089442565 282.0968070645621 0.5
    vertex -4.454772721475238 281.4547727214753 2.205237289333274
    vertex -2.860140148359102 282.6133411023868 2.205237289333287
  endloop
endfacet
facet normal -0.950074 0.308698 0.0454385
  outer loop
    vertex -5.991656052659452 278.9468070645622 0.5
    vertex -6.222436545749354 277.9855371297534 2.205237289333285
    vertex -5.613341102386694 279.8601401483592 2.205237289333284
  endloop
endfacet
facet normal 2.72225e-16 -0.998967 0.0454385
  outer loop
    vertex 2.154375220272798e-14 270.7 0.5
    vertex 0.9855371297534702 270.7775634542506 2.205237289333287
    vertex -0.9855371297534884 270.7775634542506 2.205237289333298
  endloop
endfacet
facet normal 0.453522 -0.890086 0.0454385
  outer loop
    vertex 3.703047089442596 271.9031929354379 6.5
    vertex 1.946807064562184 271.0083439473405 6.5
    vertex 2.860140148359165 271.3866588976133 4.794762710666722
  endloop
endfacet
facet normal 0.453522 0.890086 -0.0454385
  outer loop
    vertex 3.703047089442596 282.0968070645621 0.5
    vertex 1.946807064562184 282.9916560526595 0.5
    vertex 2.860140148359168 282.6133411023867 2.205237289333278
  endloop
endfacet
facet normal -2.39228e-16 0.998967 0.0454385
  outer loop
    vertex 1.58041051638287e-14 283.3 0.5
    vertex -0.9855371297534301 283.2224365457494 2.205237289333288
    vertex 0.985537129753505 283.2224365457494 2.205237289333299
  endloop
endfacet
facet normal -0.308698 0.950074 -0.0454385
  outer loop
    vertex -2.860140148359122 282.6133411023867 4.794762710666715
    vertex -1.946807064562149 282.9916560526595 6.5
    vertex -0.9855371297534191 283.2224365457494 4.794762710666708
  endloop
endfacet
facet normal -0.808181 0.587178 0.0454385
  outer loop
    vertex -4.454772721475238 281.4547727214753 2.205237289333274
    vertex -5.096807064562153 280.7030470894426 0.5
    vertex -5.613341102386694 279.8601401483592 2.205237289333284
  endloop
endfacet
facet normal -0.890086 0.453522 0.0454385
  outer loop
    vertex -5.991656052659449 278.9468070645622 6.5
    vertex -5.096807064562149 280.7030470894426 6.5
    vertex -5.613341102386703 279.8601401483592 4.794762710666696
  endloop
endfacet
facet normal -0.453522 0.890086 -0.0454385
  outer loop
    vertex -1.946807064562153 282.9916560526595 0.5
    vertex -3.703047089442565 282.0968070645621 0.5
    vertex -2.860140148359102 282.6133411023868 2.205237289333287
  endloop
endfacet
facet normal 0.453522 -0.890086 -0.0454385
  outer loop
    vertex 1.94680706456219 271.0083439473405 0.5
    vertex 3.7030470894426 271.9031929354379 0.5
    vertex 2.860140148359086 271.3866588976132 2.20523728933329
  endloop
endfacet
facet normal -0.890086 -0.453522 -0.0454385
  outer loop
    vertex -5.991656052659449 275.0531929354378 0.5
    vertex -5.096807064562149 273.2969529105574 0.5
    vertex -5.613341102386696 274.1398598516408 2.205237289333285
  endloop
endfacet
facet normal 0.587178 0.808181 -0.0454385
  outer loop
    vertex 3.7030470894426 282.0968070645621 6.5
    vertex 4.45477272147527 281.4547727214753 4.794762710666726
    vertex 2.860140148359156 282.6133411023867 4.794762710666719
  endloop
endfacet
facet normal 0.156273 0.986668 -0.0454385
  outer loop
    vertex 1.946807064562184 282.9916560526595 0.5
    vertex 1.58041051638287e-14 283.3 0.5
    vertex 0.985537129753505 283.2224365457494 2.205237289333299
  endloop
endfacet
facet normal -0.587178 -0.808181 -0.0454385
  outer loop
    vertex -3.703047089442565 271.9031929354379 6.5
    vertex -4.454772721475234 272.5452272785247 4.794762710666725
    vertex -2.860140148359119 271.3866588976133 4.794762710666718
  endloop
endfacet
facet normal -0.156273 -0.986668 -0.0454385
  outer loop
    vertex -1.946807064562149 271.0083439473405 0.5
    vertex 2.154375220272798e-14 270.7 0.5
    vertex -0.9855371297534884 270.7775634542506 2.205237289333298
  endloop
endfacet
facet normal 0.156273 -0.986668 0.0454385
  outer loop
    vertex 1.946807064562184 271.0083439473405 6.5
    vertex 1.58041051638287e-14 270.7 6.5
    vertex 0.9855371297534372 270.7775634542506 4.794762710666705
  endloop
endfacet
facet normal 0.308698 0.950074 0.0454385
  outer loop
    vertex 2.860140148359168 282.6133411023867 2.205237289333278
    vertex 1.946807064562184 282.9916560526595 0.5
    vertex 0.985537129753505 283.2224365457494 2.205237289333299
  endloop
endfacet
facet normal 0.453522 0.890086 0.0454385
  outer loop
    vertex 1.94680706456219 282.9916560526595 6.5
    vertex 3.7030470894426 282.0968070645621 6.5
    vertex 2.860140148359156 282.6133411023867 4.794762710666719
  endloop
endfacet
facet normal -0.156273 0.986668 0.0454385
  outer loop
    vertex -1.946807064562149 282.9916560526595 6.5
    vertex 2.154375220272798e-14 283.3 6.5
    vertex -0.9855371297534191 283.2224365457494 4.794762710666708
  endloop
endfacet
facet normal -0.453522 -0.890086 0.0454385
  outer loop
    vertex -1.946807064562153 271.0083439473405 6.5
    vertex -3.703047089442565 271.9031929354379 6.5
    vertex -2.860140148359119 271.3866588976133 4.794762710666718
  endloop
endfacet
facet normal -0.950074 -0.308698 0.0454385
  outer loop
    vertex -5.991656052659449 275.0531929354378 0.5
    vertex -5.613341102386696 274.1398598516408 2.205237289333285
    vertex -6.222436545749344 276.0144628702465 2.205237289333301
  endloop
endfacet
facet normal -0.950074 -0.308698 -0.0454385
  outer loop
    vertex -5.613341102386718 274.1398598516409 4.794762710666715
    vertex -5.991656052659452 275.0531929354378 6.5
    vertex -6.22243654574936 276.0144628702466 4.794762710666738
  endloop
endfacet
facet normal -0.156273 0.986668 -0.0454385
  outer loop
    vertex 1.58041051638287e-14 283.3 0.5
    vertex -1.946807064562153 282.9916560526595 0.5
    vertex -0.9855371297534301 283.2224365457494 2.205237289333288
  endloop
endfacet
facet normal 0.156273 -0.986668 -0.0454385
  outer loop
    vertex 2.154375220272798e-14 270.7 0.5
    vertex 1.94680706456219 271.0083439473405 0.5
    vertex 0.9855371297534702 270.7775634542506 2.205237289333287
  endloop
endfacet
facet normal -0.156273 -0.986668 0.0454385
  outer loop
    vertex 1.58041051638287e-14 270.7 6.5
    vertex -1.946807064562153 271.0083439473405 6.5
    vertex -0.9855371297534331 270.7775634542506 4.794762710666713
  endloop
endfacet
facet normal 0.706376 0.706376 0.0454385
  outer loop
    vertex 3.7030470894426 282.0968070645621 6.5
    vertex 5.096807064562187 280.7030470894426 6.5
    vertex 4.45477272147527 281.4547727214753 4.794762710666726
  endloop
endfacet
facet normal 0.156273 0.986668 0.0454385
  outer loop
    vertex 2.154375220272798e-14 283.3 6.5
    vertex 1.94680706456219 282.9916560526595 6.5
    vertex 0.9855371297534704 283.2224365457494 4.794762710666714
  endloop
endfacet
facet normal 0.706376 -0.706376 -0.0454385
  outer loop
    vertex 3.7030470894426 271.9031929354379 0.5
    vertex 5.096807064562187 273.2969529105574 0.5
    vertex 4.454772721475265 272.5452272785247 2.205237289333274
  endloop
endfacet
facet normal -0.890086 0.453522 -0.0454385
  outer loop
    vertex -5.096807064562153 280.7030470894426 0.5
    vertex -5.991656052659452 278.9468070645622 0.5
    vertex -5.613341102386694 279.8601401483592 2.205237289333284
  endloop
endfacet
facet normal -0.706376 0.706376 -0.0454385
  outer loop
    vertex -3.703047089442565 282.0968070645621 0.5
    vertex -5.096807064562153 280.7030470894426 0.5
    vertex -4.454772721475238 281.4547727214753 2.205237289333274
  endloop
endfacet
facet normal -0.706376 -0.706376 0.0454385
  outer loop
    vertex -3.703047089442565 271.9031929354379 6.5
    vertex -5.096807064562153 273.2969529105574 6.5
    vertex -4.454772721475234 272.5452272785247 4.794762710666725
  endloop
endfacet
facet normal -0.890086 -0.453522 0.0454385
  outer loop
    vertex -5.096807064562153 273.2969529105574 6.5
    vertex -5.991656052659452 275.0531929354378 6.5
    vertex -5.613341102386718 274.1398598516409 4.794762710666715
  endloop
endfacet
facet normal -0.453522 -0.890086 -0.0454385
  outer loop
    vertex -3.703047089442561 271.9031929354378 0.5
    vertex -1.946807064562149 271.0083439473405 0.5
    vertex -2.860140148359124 271.3866588976133 2.205237289333284
  endloop
endfacet
facet normal 1.40237e-16 0.998967 -0.0454385
  outer loop
    vertex 2.154375220272798e-14 283.3 6.5
    vertex 0.9855371297534704 283.2224365457494 4.794762710666714
    vertex -0.9855371297534191 283.2224365457494 4.794762710666708
  endloop
endfacet
facet normal -0.453522 0.890086 0.0454385
  outer loop
    vertex -3.703047089442561 282.0968070645622 6.5
    vertex -1.946807064562149 282.9916560526595 6.5
    vertex -2.860140148359122 282.6133411023867 4.794762710666715
  endloop
endfacet
facet normal 0.308698 0.950074 -0.0454385
  outer loop
    vertex 0.9855371297534704 283.2224365457494 4.794762710666714
    vertex 1.94680706456219 282.9916560526595 6.5
    vertex 2.860140148359156 282.6133411023867 4.794762710666719
  endloop
endfacet
facet normal -0.308698 -0.950074 -0.0454385
  outer loop
    vertex -0.9855371297534331 270.7775634542506 4.794762710666713
    vertex -1.946807064562153 271.0083439473405 6.5
    vertex -2.860140148359119 271.3866588976133 4.794762710666718
  endloop
endfacet
facet normal -0.308698 -0.950074 0.0454385
  outer loop
    vertex -2.860140148359124 271.3866588976133 2.205237289333284
    vertex -1.946807064562149 271.0083439473405 0.5
    vertex -0.9855371297534884 270.7775634542506 2.205237289333298
  endloop
endfacet
facet normal -0.706376 0.706376 0.0454385
  outer loop
    vertex -5.096807064562149 280.7030470894426 6.5
    vertex -3.703047089442561 282.0968070645622 6.5
    vertex -4.454772721475216 281.4547727214753 4.794762710666721
  endloop
endfacet
facet normal -0.587178 0.808181 -0.0454385
  outer loop
    vertex -3.703047089442561 282.0968070645622 6.5
    vertex -2.860140148359122 282.6133411023867 4.794762710666715
    vertex -4.454772721475216 281.4547727214753 4.794762710666721
  endloop
endfacet
facet normal -0.706376 -0.706376 -0.0454385
  outer loop
    vertex -5.096807064562149 273.2969529105574 0.5
    vertex -3.703047089442561 271.9031929354378 0.5
    vertex -4.454772721475279 272.5452272785248 2.205237289333279
  endloop
endfacet
facet normal -2.06231e-16 -0.998967 -0.0454385
  outer loop
    vertex 1.58041051638287e-14 270.7 6.5
    vertex -0.9855371297534331 270.7775634542506 4.794762710666713
    vertex 0.9855371297534372 270.7775634542506 4.794762710666705
  endloop
endfacet
facet normal -0.308698 0.950074 0.0454385
  outer loop
    vertex -0.9855371297534301 283.2224365457494 2.205237289333288
    vertex -1.946807064562153 282.9916560526595 0.5
    vertex -2.860140148359102 282.6133411023868 2.205237289333287
  endloop
endfacet
facet normal 0.308698 -0.950074 0.0454385
  outer loop
    vertex 0.9855371297534702 270.7775634542506 2.205237289333287
    vertex 1.94680706456219 271.0083439473405 0.5
    vertex 2.860140148359086 271.3866588976132 2.20523728933329
  endloop
endfacet
facet normal -0.998967 1.69934e-15 -0.0454385
  outer loop
    vertex -6.299999999999983 277 6.5
    vertex -6.222436545749356 277.9855371297534 4.794762710666714
    vertex -6.22243654574936 276.0144628702466 4.794762710666738
  endloop
endfacet
facet normal -0.986668 0.156273 -0.0454385
  outer loop
    vertex -5.991656052659452 278.9468070645622 0.5
    vertex -6.299999999999983 277 0.5
    vertex -6.222436545749354 277.9855371297534 2.205237289333285
  endloop
endfacet
facet normal -0.986668 -0.156273 0.0454385
  outer loop
    vertex -5.991656052659452 275.0531929354378 6.5
    vertex -6.299999999999983 277 6.5
    vertex -6.22243654574936 276.0144628702466 4.794762710666738
  endloop
endfacet
facet normal -0.808181 -0.587178 0.0454385
  outer loop
    vertex -5.613341102386696 274.1398598516408 2.205237289333285
    vertex -5.096807064562149 273.2969529105574 0.5
    vertex -4.454772721475279 272.5452272785248 2.205237289333279
  endloop
endfacet
facet normal 0.890086 -0.453522 -0.0454385
  outer loop
    vertex 5.096807064562187 273.2969529105574 0.5
    vertex 5.991656052659485 275.0531929354378 0.5
    vertex 5.61334110238668 274.1398598516407 2.205237289333292
  endloop
endfacet
facet normal 0.890086 0.453522 0.0454385
  outer loop
    vertex 5.096807064562187 280.7030470894426 6.5
    vertex 5.991656052659485 278.9468070645622 6.5
    vertex 5.613341102386723 279.8601401483592 4.794762710666721
  endloop
endfacet
facet normal 0.808181 -0.587178 0.0454385
  outer loop
    vertex 4.454772721475265 272.5452272785247 2.205237289333274
    vertex 5.096807064562187 273.2969529105574 0.5
    vertex 5.61334110238668 274.1398598516407 2.205237289333292
  endloop
endfacet
facet normal 0.808181 0.587178 -0.0454385
  outer loop
    vertex 4.45477272147527 281.4547727214753 4.794762710666726
    vertex 5.096807064562187 280.7030470894426 6.5
    vertex 5.613341102386723 279.8601401483592 4.794762710666721
  endloop
endfacet
facet normal 0.706376 0.706376 -0.0454385
  outer loop
    vertex 5.096807064562185 280.7030470894426 0.5
    vertex 3.703047089442596 282.0968070645621 0.5
    vertex 4.45477272147527 281.4547727214753 2.205237289333281
  endloop
endfacet
facet normal 0.587178 -0.808181 -0.0454385
  outer loop
    vertex 3.703047089442596 271.9031929354379 6.5
    vertex 2.860140148359165 271.3866588976133 4.794762710666722
    vertex 4.454772721475281 272.5452272785247 4.794762710666726
  endloop
endfacet
facet normal 0.587178 0.808181 0.0454385
  outer loop
    vertex 3.703047089442596 282.0968070645621 0.5
    vertex 2.860140148359168 282.6133411023867 2.205237289333278
    vertex 4.45477272147527 281.4547727214753 2.205237289333281
  endloop
endfacet
facet normal 0.706376 -0.706376 0.0454385
  outer loop
    vertex 5.096807064562185 273.2969529105574 6.5
    vertex 3.703047089442596 271.9031929354379 6.5
    vertex 4.454772721475281 272.5452272785247 4.794762710666726
  endloop
endfacet
facet normal 0.890086 0.453522 -0.0454385
  outer loop
    vertex 5.991656052659484 278.9468070645622 0.5
    vertex 5.096807064562185 280.7030470894426 0.5
    vertex 5.61334110238673 279.8601401483592 2.205237289333279
  endloop
endfacet
facet normal 0.890086 -0.453522 0.0454385
  outer loop
    vertex 5.991656052659484 275.0531929354378 6.5
    vertex 5.096807064562185 273.2969529105574 6.5
    vertex 5.613341102386734 274.1398598516408 4.794762710666722
  endloop
endfacet
facet normal 0.808181 0.587178 0.0454385
  outer loop
    vertex 5.61334110238673 279.8601401483592 2.205237289333279
    vertex 5.096807064562185 280.7030470894426 0.5
    vertex 4.45477272147527 281.4547727214753 2.205237289333281
  endloop
endfacet
facet normal 0.808181 -0.587178 -0.0454385
  outer loop
    vertex 5.613341102386734 274.1398598516408 4.794762710666722
    vertex 5.096807064562185 273.2969529105574 6.5
    vertex 4.454772721475281 272.5452272785247 4.794762710666726
  endloop
endfacet
facet normal 0.989552 -0.144175 0
  outer loop
    vertex 6.300000000000017 277 2.5
    vertex 6.300000000000017 277 4.5
    vertex 6.038091820453897 275.2023773566825 3.5
  endloop
endfacet
facet normal 0.98852 0.151092 0
  outer loop
    vertex 6.300000000000017 277 4.5
    vertex 6.300000000000017 277 2.5
    vertex 6.012356295782978 278.8819064197135 3.500000000000001
  endloop
endfacet
facet normal 0.993467 -0.114123 0
  outer loop
    vertex 6.300000000000017 277 0.5
    vertex 6.300000000000017 277 2.5
    vertex 6.135896738103565 275.5714443590359 1.948755233267038
  endloop
endfacet
facet normal 0.993467 0.114123 0
  outer loop
    vertex 6.300000000000017 277 6.5
    vertex 6.300000000000017 277 4.5
    vertex 6.135896738103574 278.428555640964 5.051244766733033
  endloop
endfacet
facet normal 0.986803 -0.156294 -0.042338
  outer loop
    vertex 5.991656052659485 275.0531929354378 0.5
    vertex 6.300000000000017 277 0.5
    vertex 6.135896738103565 275.5714443590359 1.948755233267038
  endloop
endfacet
facet normal 0.986803 0.156294 0.042338
  outer loop
    vertex 5.991656052659485 278.9468070645622 6.5
    vertex 6.300000000000017 277 6.5
    vertex 6.135896738103574 278.428555640964 5.051244766733033
  endloop
endfacet
facet normal 0.993467 -0.114123 0
  outer loop
    vertex 6.300000000000017 277 4.5
    vertex 6.300000000000017 277 6.5
    vertex 6.135896738103568 275.571444359036 5.051244766733036
  endloop
endfacet
facet normal 0.993467 0.114123 0
  outer loop
    vertex 6.300000000000017 277 2.5
    vertex 6.300000000000017 277 0.5
    vertex 6.135896738103572 278.428555640964 1.948755233266964
  endloop
endfacet
facet normal 0.986803 0.156294 -0.042338
  outer loop
    vertex 6.300000000000017 277 0.5
    vertex 5.991656052659484 278.9468070645622 0.5
    vertex 6.135896738103572 278.428555640964 1.948755233266964
  endloop
endfacet
facet normal 0.986803 -0.156294 0.042338
  outer loop
    vertex 6.300000000000017 277 6.5
    vertex 5.991656052659484 275.0531929354378 6.5
    vertex 6.135896738103568 275.571444359036 5.051244766733036
  endloop
endfacet
facet normal 0.453179 0.889412 0.0597868
  outer loop
    vertex 3.703047089442083 282.0968070645625 3.500233954852906
    vertex 2.860140148359168 282.6133411023867 2.205237289333278
    vertex 1.946904685218853 282.9916243329062 3.499999999996746
  endloop
endfacet
facet normal -0.453184 0.88941 -0.0597829
  outer loop
    vertex -3.703047089442085 282.0968070645625 3.499766045147096
    vertex -2.860140148359122 282.6133411023867 4.794762710666715
    vertex -1.946904685219234 282.991624332906 3.499832489708307
  endloop
endfacet
facet normal -0.156242 -0.985909 -0.0597669
  outer loop
    vertex -0.0007305104243222753 270.7000000423528 3.499766045142501
    vertex -0.9855371297534331 270.7775634542506 4.794762710666713
    vertex -1.947039168714538 271.0084193675215 3.500136674250635
  endloop
endfacet
facet normal -0.985915 -0.15621 0.0597534
  outer loop
    vertex -6.299999980990012 276.9995105864386 3.500615730422807
    vertex -6.222436545749344 276.0144628702465 2.205237289333301
    vertex -5.991591946932712 275.0529956493498 3.50060220431094
  endloop
endfacet
facet normal 0.453146 -0.889427 -0.0598145
  outer loop
    vertex 3.703047089442578 271.9031929354378 3.499766045147101
    vertex 2.860140148359165 271.3866588976133 4.794762710666722
    vertex 1.946421904936557 271.0082188150782 3.499880349792846
  endloop
endfacet
facet normal -0.705868 0.705813 -0.0598167
  outer loop
    vertex -4.454772721475216 281.4547727214753 4.794762710666721
    vertex -3.703047089442085 282.0968070645625 3.499766045147096
    vertex -5.096991449764699 280.7027932916955 3.500212870660532
  endloop
endfacet
facet normal -0.586734 -0.807571 -0.05977
  outer loop
    vertex -4.454772721475279 272.5452272785248 2.205237289333279
    vertex -2.860140148359124 271.3866588976133 2.205237289333284
    vertex -3.703242134196458 271.9033346494485 3.500615730434947
  endloop
endfacet
facet normal -0.998212 -5.8824e-15 -0.05977
  outer loop
    vertex -6.222436545749354 277.9855371297534 2.205237289333285
    vertex -6.222436545749344 276.0144628702465 2.205237289333301
    vertex -6.299999980990012 276.9995105864386 3.500615730422807
  endloop
endfacet
facet normal -0.949357 0.308465 -0.0597493
  outer loop
    vertex -5.613341102386694 279.8601401483592 2.205237289333284
    vertex -6.222436545749354 277.9855371297534 2.205237289333285
    vertex -5.991774756993825 278.9464416922814 3.501066420949918
  endloop
endfacet
facet normal -0.705827 -0.705862 0.0597221
  outer loop
    vertex -5.096581244834912 273.2966421162954 3.501066420949955
    vertex -4.454772721475279 272.5452272785248 2.205237289333279
    vertex -3.703242134196458 271.9033346494485 3.500615730434947
  endloop
endfacet
facet normal -0.807572 -0.586735 -0.0597493
  outer loop
    vertex -5.613341102386696 274.1398598516408 2.205237289333285
    vertex -4.454772721475279 272.5452272785248 2.205237289333279
    vertex -5.096581244834912 273.2966421162954 3.501066420949955
  endloop
endfacet
facet normal -1.88585e-16 0.998211 0.0597876
  outer loop
    vertex -0.9855371297534191 283.2224365457494 4.794762710666708
    vertex 0.9855371297534704 283.2224365457494 4.794762710666714
    vertex -9.758584086600201e-13 283.3 3.499766045137873
  endloop
endfacet
facet normal 2.69406e-16 -0.998211 0.0597875
  outer loop
    vertex 0.9855371297534372 270.7775634542506 4.794762710666705
    vertex -0.9855371297534331 270.7775634542506 4.794762710666713
    vertex -0.0007305104243222753 270.7000000423528 3.499766045142501
  endloop
endfacet
facet normal -0.586734 0.80757 0.0597876
  outer loop
    vertex -4.454772721475216 281.4547727214753 4.794762710666721
    vertex -2.860140148359122 282.6133411023867 4.794762710666715
    vertex -3.703047089442085 282.0968070645625 3.499766045147096
  endloop
endfacet
facet normal -0.985936 0.156073 0.059766
  outer loop
    vertex -5.991774756993825 278.9464416922814 3.501066420949918
    vertex -6.222436545749354 277.9855371297534 2.205237289333285
    vertex -6.299999980990012 276.9995105864386 3.500615730422807
  endloop
endfacet
facet normal 0.705901 0.705777 0.0598542
  outer loop
    vertex 4.45477272147527 281.4547727214753 2.205237289333281
    vertex 3.703047089442083 282.0968070645625 3.500233954852906
    vertex 5.097406672686704 280.7022216591189 3.500000000000004
  endloop
endfacet
facet normal 0.705901 -0.705777 -0.0598542
  outer loop
    vertex 4.454772721475281 272.5452272785247 4.794762710666726
    vertex 3.703047089442578 271.9031929354378 3.499766045147101
    vertex 5.097406672685107 273.2977783408789 3.499999999999996
  endloop
endfacet
facet normal 0.586734 -0.80757 0.0597876
  outer loop
    vertex 4.454772721475281 272.5452272785247 4.794762710666726
    vertex 2.860140148359165 271.3866588976133 4.794762710666722
    vertex 3.703047089442578 271.9031929354378 3.499766045147101
  endloop
endfacet
facet normal 0.586734 0.80757 -0.0597876
  outer loop
    vertex 4.45477272147527 281.4547727214753 2.205237289333281
    vertex 2.860140148359168 282.6133411023867 2.205237289333278
    vertex 3.703047089442083 282.0968070645625 3.500233954852906
  endloop
endfacet
facet normal 0.453192 0.889405 -0.0597975
  outer loop
    vertex 2.860140148359156 282.6133411023867 4.794762710666719
    vertex 3.703047089442083 282.0968070645625 3.500233954852906
    vertex 1.946904685218853 282.9916243329062 3.499999999996746
  endloop
endfacet
facet normal -0.453187 0.889407 0.0598014
  outer loop
    vertex -2.860140148359102 282.6133411023868 2.205237289333287
    vertex -3.703047089442085 282.0968070645625 3.499766045147096
    vertex -1.946904685219234 282.991624332906 3.499832489708307
  endloop
endfacet
facet normal -0.15622 -0.985912 0.0597713
  outer loop
    vertex -0.9855371297534884 270.7775634542506 2.205237289333298
    vertex -0.0007305104243222753 270.7000000423528 3.499766045142501
    vertex -1.947039168714538 271.0084193675215 3.500136674250635
  endloop
endfacet
facet normal 0.453152 -0.889423 0.0598308
  outer loop
    vertex 2.860140148359086 271.3866588976132 2.20523728933329
    vertex 3.703047089442578 271.9031929354378 3.499766045147101
    vertex 1.946421904936557 271.0082188150782 3.499880349792846
  endloop
endfacet
facet normal -0.705849 0.705833 0.0598177
  outer loop
    vertex -3.703047089442085 282.0968070645625 3.499766045147096
    vertex -4.454772721475238 281.4547727214753 2.205237289333274
    vertex -5.096991449764699 280.7027932916955 3.500212870660532
  endloop
endfacet
facet normal -0.985912 -0.156209 -0.0598094
  outer loop
    vertex -6.22243654574936 276.0144628702466 4.794762710666738
    vertex -6.299999980990012 276.9995105864386 3.500615730422807
    vertex -5.991591946932712 275.0529956493498 3.50060220431094
  endloop
endfacet
facet normal 0.705891 0.705786 -0.059865
  outer loop
    vertex 3.703047089442083 282.0968070645625 3.500233954852906
    vertex 4.45477272147527 281.4547727214753 4.794762710666726
    vertex 5.097406672686704 280.7022216591189 3.500000000000004
  endloop
endfacet
facet normal 0.705891 -0.705786 0.059865
  outer loop
    vertex 3.703047089442578 271.9031929354378 3.499766045147101
    vertex 4.454772721475265 272.5452272785247 2.205237289333274
    vertex 5.097406672685107 273.2977783408789 3.499999999999996
  endloop
endfacet
facet normal -0.807569 0.586733 0.0598081
  outer loop
    vertex -5.613341102386703 279.8601401483592 4.794762710666696
    vertex -4.454772721475216 281.4547727214753 4.794762710666721
    vertex -5.096991449764699 280.7027932916955 3.500212870660532
  endloop
endfacet
facet normal 0.308464 -0.949355 0.0597928
  outer loop
    vertex 2.860140148359165 271.3866588976133 4.794762710666722
    vertex 0.9855371297534372 270.7775634542506 4.794762710666705
    vertex 1.946421904936557 271.0082188150782 3.499880349792846
  endloop
endfacet
facet normal 0.308464 0.949355 0.0597983
  outer loop
    vertex 0.9855371297534704 283.2224365457494 4.794762710666714
    vertex 2.860140148359156 282.6133411023867 4.794762710666719
    vertex 1.946904685218853 282.9916243329062 3.499999999996746
  endloop
endfacet
facet normal -0.308464 0.949355 0.0597906
  outer loop
    vertex -2.860140148359122 282.6133411023867 4.794762710666715
    vertex -0.9855371297534191 283.2224365457494 4.794762710666708
    vertex -1.946904685219234 282.991624332906 3.499832489708307
  endloop
endfacet
facet normal -0.949353 -0.308463 0.0598261
  outer loop
    vertex -5.613341102386718 274.1398598516409 4.794762710666715
    vertex -6.22243654574936 276.0144628702466 4.794762710666738
    vertex -5.991591946932712 275.0529956493498 3.50060220431094
  endloop
endfacet
facet normal -0.308464 -0.949354 0.0598046
  outer loop
    vertex -0.9855371297534331 270.7775634542506 4.794762710666713
    vertex -2.860140148359119 271.3866588976133 4.794762710666718
    vertex -1.947039168714538 271.0084193675215 3.500136674250635
  endloop
endfacet
facet normal 0.308464 0.949355 -0.0597983
  outer loop
    vertex 2.860140148359168 282.6133411023867 2.205237289333278
    vertex 0.985537129753505 283.2224365457494 2.205237289333299
    vertex 1.946904685218853 282.9916243329062 3.499999999996746
  endloop
endfacet
facet normal 0.308464 -0.949354 -0.0598038
  outer loop
    vertex 0.9855371297534702 270.7775634542506 2.205237289333287
    vertex 2.860140148359086 271.3866588976132 2.20523728933329
    vertex 1.946421904936557 271.0082188150782 3.499880349792846
  endloop
endfacet
facet normal -0.308464 -0.949355 -0.059792
  outer loop
    vertex -2.860140148359124 271.3866588976133 2.205237289333284
    vertex -0.9855371297534884 270.7775634542506 2.205237289333298
    vertex -1.947039168714538 271.0084193675215 3.500136674250635
  endloop
endfacet
facet normal -0.80757 0.586734 -0.0597885
  outer loop
    vertex -4.454772721475238 281.4547727214753 2.205237289333274
    vertex -5.613341102386694 279.8601401483592 2.205237289333284
    vertex -5.096991449764699 280.7027932916955 3.500212870660532
  endloop
endfacet
facet normal -0.308464 0.949354 -0.059806
  outer loop
    vertex -0.9855371297534301 283.2224365457494 2.205237289333288
    vertex -2.860140148359102 282.6133411023868 2.205237289333287
    vertex -1.946904685219234 282.991624332906 3.499832489708307
  endloop
endfacet
facet normal -0.949356 -0.308465 -0.0597706
  outer loop
    vertex -6.222436545749344 276.0144628702465 2.205237289333301
    vertex -5.613341102386696 274.1398598516408 2.205237289333285
    vertex -5.991591946932712 275.0529956493498 3.50060220431094
  endloop
endfacet
facet normal -0.889399 -0.453208 0.0597706
  outer loop
    vertex -5.613341102386696 274.1398598516408 2.205237289333285
    vertex -5.096581244834912 273.2966421162954 3.501066420949955
    vertex -5.991591946932712 275.0529956493498 3.50060220431094
  endloop
endfacet
facet normal 0.156069 -0.985934 -0.0598097
  outer loop
    vertex 0.9855371297534372 270.7775634542506 4.794762710666705
    vertex -0.0007305104243222753 270.7000000423528 3.499766045142501
    vertex 1.946421904936557 271.0082188150782 3.499880349792846
  endloop
endfacet
facet normal -0.889427 0.453153 0.0597731
  outer loop
    vertex -5.613341102386694 279.8601401483592 2.205237289333284
    vertex -5.991774756993825 278.9464416922814 3.501066420949918
    vertex -5.096991449764699 280.7027932916955 3.500212870660532
  endloop
endfacet
facet normal -0.4532 -0.889402 0.0597808
  outer loop
    vertex -3.703242134196458 271.9033346494485 3.500615730434947
    vertex -2.860140148359124 271.3866588976133 2.205237289333284
    vertex -1.947039168714538 271.0084193675215 3.500136674250635
  endloop
endfacet
facet normal -0.156165 0.985919 -0.0597953
  outer loop
    vertex -0.9855371297534191 283.2224365457494 4.794762710666708
    vertex -9.758584086600201e-13 283.3 3.499766045137873
    vertex -1.946904685219234 282.991624332906 3.499832489708307
  endloop
endfacet
facet normal 0.15617 0.985918 -0.0597991
  outer loop
    vertex -9.758584086600201e-13 283.3 3.499766045137873
    vertex 0.9855371297534704 283.2224365457494 4.794762710666714
    vertex 1.946904685218853 282.9916243329062 3.499999999996746
  endloop
endfacet
facet normal 0.807569 0.586733 0.0597983
  outer loop
    vertex 4.45477272147527 281.4547727214753 4.794762710666726
    vertex 5.613341102386723 279.8601401483592 4.794762710666721
    vertex 5.097406672686704 280.7022216591189 3.500000000000004
  endloop
endfacet
facet normal 0.807569 -0.586733 -0.0597983
  outer loop
    vertex 4.454772721475265 272.5452272785247 2.205237289333274
    vertex 5.61334110238668 274.1398598516407 2.205237289333292
    vertex 5.097406672685107 273.2977783408789 3.499999999999996
  endloop
endfacet
facet normal -0.586733 0.807569 -0.0598091
  outer loop
    vertex -2.860140148359102 282.6133411023868 2.205237289333287
    vertex -4.454772721475238 281.4547727214753 2.205237289333274
    vertex -3.703047089442085 282.0968070645625 3.499766045147096
  endloop
endfacet
facet normal 0.586733 -0.807569 -0.0598091
  outer loop
    vertex 2.860140148359086 271.3866588976132 2.20523728933329
    vertex 4.454772721475265 272.5452272785247 2.205237289333274
    vertex 3.703047089442578 271.9031929354378 3.499766045147101
  endloop
endfacet
facet normal -0.807567 -0.586732 0.0598474
  outer loop
    vertex -4.454772721475234 272.5452272785247 4.794762710666725
    vertex -5.613341102386718 274.1398598516409 4.794762710666715
    vertex -5.096581244834912 273.2966421162954 3.501066420949955
  endloop
endfacet
facet normal -3.50354e-16 -0.99821 -0.0598091
  outer loop
    vertex -0.9855371297534884 270.7775634542506 2.205237289333298
    vertex 0.9855371297534702 270.7775634542506 2.205237289333287
    vertex -0.0007305104243222753 270.7000000423528 3.499766045142501
  endloop
endfacet
facet normal 3.09929e-16 0.99821 -0.0598091
  outer loop
    vertex 0.985537129753505 283.2224365457494 2.205237289333299
    vertex -0.9855371297534301 283.2224365457494 2.205237289333288
    vertex -9.758584086600201e-13 283.3 3.499766045137873
  endloop
endfacet
facet normal -0.705843 -0.70584 -0.0597995
  outer loop
    vertex -4.454772721475234 272.5452272785247 4.794762710666725
    vertex -5.096581244834912 273.2966421162954 3.501066420949955
    vertex -3.703242134196458 271.9033346494485 3.500615730434947
  endloop
endfacet
facet normal -0.985927 0.156099 -0.0598434
  outer loop
    vertex -6.222436545749356 277.9855371297534 4.794762710666714
    vertex -5.991774756993825 278.9464416922814 3.501066420949918
    vertex -6.299999980990012 276.9995105864386 3.500615730422807
  endloop
endfacet
facet normal 0.586733 0.807569 0.0598091
  outer loop
    vertex 2.860140148359156 282.6133411023867 4.794762710666719
    vertex 4.45477272147527 281.4547727214753 4.794762710666726
    vertex 3.703047089442083 282.0968070645625 3.500233954852906
  endloop
endfacet
facet normal -0.949352 0.308463 0.0598474
  outer loop
    vertex -6.222436545749356 277.9855371297534 4.794762710666714
    vertex -5.613341102386703 279.8601401483592 4.794762710666696
    vertex -5.991774756993825 278.9464416922814 3.501066420949918
  endloop
endfacet
facet normal -0.586732 -0.807568 0.0598267
  outer loop
    vertex -2.860140148359119 271.3866588976133 4.794762710666718
    vertex -4.454772721475234 272.5452272785247 4.794762710666725
    vertex -3.703242134196458 271.9033346494485 3.500615730434947
  endloop
endfacet
facet normal -0.998209 2.97687e-15 0.0598267
  outer loop
    vertex -6.22243654574936 276.0144628702466 4.794762710666738
    vertex -6.222436545749356 277.9855371297534 4.794762710666714
    vertex -6.299999980990012 276.9995105864386 3.500615730422807
  endloop
endfacet
facet normal 0.807569 0.586733 -0.0597983
  outer loop
    vertex 5.61334110238673 279.8601401483592 2.205237289333279
    vertex 4.45477272147527 281.4547727214753 2.205237289333281
    vertex 5.097406672686704 280.7022216591189 3.500000000000004
  endloop
endfacet
facet normal 0.807569 -0.586733 0.0597983
  outer loop
    vertex 5.613341102386734 274.1398598516408 4.794762710666722
    vertex 4.454772721475281 272.5452272785247 4.794762710666726
    vertex 5.097406672685107 273.2977783408789 3.499999999999996
  endloop
endfacet
facet normal 0.156062 -0.985934 0.059826
  outer loop
    vertex -0.0007305104243222753 270.7000000423528 3.499766045142501
    vertex 0.9855371297534702 270.7775634542506 2.205237289333287
    vertex 1.946421904936557 271.0082188150782 3.499880349792846
  endloop
endfacet
facet normal -0.889382 -0.453231 -0.0598474
  outer loop
    vertex -5.096581244834912 273.2966421162954 3.501066420949955
    vertex -5.613341102386718 274.1398598516409 4.794762710666715
    vertex -5.991591946932712 275.0529956493498 3.50060220431094
  endloop
endfacet
facet normal -0.889447 0.453105 -0.059832
  outer loop
    vertex -5.991774756993825 278.9464416922814 3.501066420949918
    vertex -5.613341102386703 279.8601401483592 4.794762710666696
    vertex -5.096991449764699 280.7027932916955 3.500212870660532
  endloop
endfacet
facet normal -0.453225 -0.889387 -0.0598155
  outer loop
    vertex -2.860140148359119 271.3866588976133 4.794762710666718
    vertex -3.703242134196458 271.9033346494485 3.500615730434947
    vertex -1.947039168714538 271.0084193675215 3.500136674250635
  endloop
endfacet
facet normal -0.15616 0.985919 0.0598137
  outer loop
    vertex -9.758584086600201e-13 283.3 3.499766045137873
    vertex -0.9855371297534301 283.2224365457494 2.205237289333288
    vertex -1.946904685219234 282.991624332906 3.499832489708307
  endloop
endfacet
facet normal 0.156155 0.98592 0.0598099
  outer loop
    vertex 0.985537129753505 283.2224365457494 2.205237289333299
    vertex -9.758584086600201e-13 283.3 3.499766045137873
    vertex 1.946904685218853 282.9916243329062 3.499999999996746
  endloop
endfacet
facet normal 0.940595 -0.338423 0.0274142
  outer loop
    vertex 5.61334110238668 274.1398598516407 2.205237289333292
    vertex 5.991656052659485 275.0531929354378 0.5
    vertex 6.135896738103565 275.5714443590359 1.948755233267038
  endloop
endfacet
facet normal 0.940595 0.338423 -0.0274142
  outer loop
    vertex 5.613341102386723 279.8601401483592 4.794762710666721
    vertex 5.991656052659485 278.9468070645622 6.5
    vertex 6.135896738103574 278.428555640964 5.051244766733033
  endloop
endfacet
facet normal 0.940595 0.338423 0.0274142
  outer loop
    vertex 5.991656052659484 278.9468070645622 0.5
    vertex 5.61334110238673 279.8601401483592 2.205237289333279
    vertex 6.135896738103572 278.428555640964 1.948755233266964
  endloop
endfacet
facet normal 0.940595 -0.338423 -0.0274142
  outer loop
    vertex 5.991656052659484 275.0531929354378 6.5
    vertex 5.613341102386734 274.1398598516408 4.794762710666722
    vertex 6.135896738103568 275.571444359036 5.051244766733036
  endloop
endfacet
facet normal 0.937768 -0.346479 -0.0233075
  outer loop
    vertex 6.038091820453897 275.2023773566825 3.5
    vertex 5.61334110238668 274.1398598516407 2.205237289333292
    vertex 6.135896738103565 275.5714443590359 1.948755233267038
  endloop
endfacet
facet normal 0.937486 0.346992 0.0267474
  outer loop
    vertex 6.012356295782978 278.8819064197135 3.500000000000001
    vertex 5.613341102386723 279.8601401483592 4.794762710666721
    vertex 6.135896738103574 278.428555640964 5.051244766733033
  endloop
endfacet
facet normal 0.937486 0.346992 -0.0267474
  outer loop
    vertex 5.61334110238673 279.8601401483592 2.205237289333279
    vertex 6.012356295782978 278.8819064197135 3.500000000000001
    vertex 6.135896738103572 278.428555640964 1.948755233266964
  endloop
endfacet
facet normal 0.937768 -0.346479 0.0233075
  outer loop
    vertex 5.613341102386734 274.1398598516408 4.794762710666722
    vertex 6.038091820453897 275.2023773566825 3.5
    vertex 6.135896738103568 275.571444359036 5.051244766733036
  endloop
endfacet
facet normal 0.991448 -0.126407 0.0324357
  outer loop
    vertex 6.300000000000017 277 2.5
    vertex 6.038091820453897 275.2023773566825 3.5
    vertex 6.135896738103565 275.5714443590359 1.948755233267038
  endloop
endfacet
facet normal 0.990713 0.129633 -0.0410147
  outer loop
    vertex 6.300000000000017 277 4.5
    vertex 6.012356295782978 278.8819064197135 3.500000000000001
    vertex 6.135896738103574 278.428555640964 5.051244766733033
  endloop
endfacet
facet normal 0.990713 0.129633 0.0410147
  outer loop
    vertex 6.012356295782978 278.8819064197135 3.500000000000001
    vertex 6.300000000000017 277 2.5
    vertex 6.135896738103572 278.428555640964 1.948755233266964
  endloop
endfacet
facet normal 0.991448 -0.126407 -0.0324357
  outer loop
    vertex 6.038091820453897 275.2023773566825 3.5
    vertex 6.300000000000017 277 4.5
    vertex 6.135896738103568 275.571444359036 5.051244766733036
  endloop
endfacet
facet normal 0 -0 1
  outer loop
    vertex -4.02328308192135 279.0499651207593 6.5
    vertex -2.747971975359035 280.6749231226751 6.5
    vertex -5.096807064562149 280.7030470894426 6.5
  endloop
endfacet
facet normal -0 0 1
  outer loop
    vertex -5.096807064562149 280.7030470894426 6.5
    vertex -2.747971975359035 280.6749231226751 6.5
    vertex -3.703047089442561 282.0968070645622 6.5
  endloop
endfacet
facet normal 0 0 1
  outer loop
    vertex -1.208334810032931 274.0897541208931 6.5
    vertex -0.7781209210018276 272.3041225218895 6.5
    vertex 0.4289570678351328 273.6636725518056 6.5
  endloop
endfacet
facet normal 0 0 1
  outer loop
    vertex 0.4289570678351328 273.6636725518056 6.5
    vertex -0.7781209210018276 272.3041225218895 6.5
    vertex 0.7033392835434483 272.079670887 6.5
  endloop
endfacet
facet normal 0 0 1
  outer loop
    vertex -1.946807064562149 282.9916560526595 6.5
    vertex -2.747971975359035 280.6749231226751 6.5
    vertex -0.722328642405114 281.3956418664028 6.5
  endloop
endfacet
facet normal -0 0 1
  outer loop
    vertex -3.703047089442561 282.0968070645622 6.5
    vertex -2.747971975359035 280.6749231226751 6.5
    vertex -1.946807064562149 282.9916560526595 6.5
  endloop
endfacet
facet normal 0 0 1
  outer loop
    vertex -0.722328642405114 281.3956418664028 6.5
    vertex -2.747971975359035 280.6749231226751 6.5
    vertex -1.126796585635481 279.2627365134665 6.5
  endloop
endfacet
facet normal 0 0 1
  outer loop
    vertex -1.126796585635481 279.2627365134665 6.5
    vertex 0.6055779636535493 280.325541789369 6.5
    vertex -0.722328642405114 281.3956418664028 6.5
  endloop
endfacet
facet normal -0 0 1
  outer loop
    vertex -2.331691408144243 272.8940972341718 6.5
    vertex -0.7781209210018276 272.3041225218895 6.5
    vertex -1.208334810032931 274.0897541208931 6.5
  endloop
endfacet
facet normal -0 0 1
  outer loop
    vertex 2.125662593783849 274.8748221708371 6.5
    vertex 3.439638410615228 273.5604308414735 6.5
    vertex 4.023283081921391 274.9500348792407 6.5
  endloop
endfacet
facet normal 0 0 1
  outer loop
    vertex -4.02328308192135 279.0499651207593 6.5
    vertex -2.611914604198791 279.1794093167073 6.5
    vertex -2.747971975359035 280.6749231226751 6.5
  endloop
endfacet
facet normal 0 0 1
  outer loop
    vertex 2.049965120759335 272.9767169180786 6.5
    vertex 3.439638410615228 273.5604308414735 6.5
    vertex 2.125662593783849 274.8748221708371 6.5
  endloop
endfacet
facet normal 0 0 1
  outer loop
    vertex -4.02328308192135 279.0499651207593 6.5
    vertex -4.582328092958228 277.5029028636076 6.5
    vertex -2.5496067738793 277.7300125099283 6.5
  endloop
endfacet
facet normal -0 0 1
  outer loop
    vertex 0.004239413955327417 275.43967884312 6.5
    vertex 2.125662593783849 274.8748221708371 6.5
    vertex 1.320016262085505 276.8621250427549 6.5
  endloop
endfacet
facet normal 0 0 1
  outer loop
    vertex -0.59876879713539 277.2541986679541 6.5
    vertex -2.5496067738793 277.7300125099283 6.5
    vertex -1.791953255965592 275.9186977806647 6.5
  endloop
endfacet
facet normal 0 0 1
  outer loop
    vertex 3.703047089442596 271.9031929354379 6.5
    vertex 2.049965120759335 272.9767169180786 6.5
    vertex 1.946807064562184 271.0083439473405 6.5
  endloop
endfacet
facet normal -0 0 1
  outer loop
    vertex -1.946807064562149 282.9916560526595 6.5
    vertex -0.722328642405114 281.3956418664028 6.5
    vertex 2.154375220272798e-14 283.3 6.5
  endloop
endfacet
facet normal 0 0 1
  outer loop
    vertex 5.991656052659484 275.0531929354378 6.5
    vertex 4.023283081921391 274.9500348792407 6.5
    vertex 5.096807064562185 273.2969529105574 6.5
  endloop
endfacet
facet normal 0 0 1
  outer loop
    vertex -5.991656052659449 278.9468070645622 6.5
    vertex -4.02328308192135 279.0499651207593 6.5
    vertex -5.096807064562149 280.7030470894426 6.5
  endloop
endfacet
facet normal 0 -0 1
  outer loop
    vertex -5.096807064562153 273.2969529105574 6.5
    vertex -4.200577195448792 274.8481265217117 6.5
    vertex -5.991656052659452 275.0531929354378 6.5
  endloop
endfacet
facet normal 0 0 1
  outer loop
    vertex -1.946807064562153 271.0083439473405 6.5
    vertex -2.331691408144243 272.8940972341718 6.5
    vertex -3.703047089442565 271.9031929354379 6.5
  endloop
endfacet
facet normal 0 0 1
  outer loop
    vertex 1.94680706456219 282.9916560526595 6.5
    vertex 2.045808922904398 281.2728642053232 6.5
    vertex 3.7030470894426 282.0968070645621 6.5
  endloop
endfacet
facet normal 0 0 1
  outer loop
    vertex 5.991656052659485 278.9468070645622 6.5
    vertex 4.519817951702655 277.720716951938 6.5
    vertex 6.300000000000017 277 6.5
  endloop
endfacet
facet normal 0 0 1
  outer loop
    vertex -1.126796585635481 279.2627365134665 6.5
    vertex -2.5496067738793 277.7300125099283 6.5
    vertex -0.59876879713539 277.2541986679541 6.5
  endloop
endfacet
facet normal 0 0 1
  outer loop
    vertex -0.59876879713539 277.2541986679541 6.5
    vertex -1.791953255965592 275.9186977806647 6.5
    vertex 0.004239413955327417 275.43967884312 6.5
  endloop
endfacet
facet normal 0 0 1
  outer loop
    vertex -0.59876879713539 277.2541986679541 6.5
    vertex 0.004239413955327417 275.43967884312 6.5
    vertex 1.320016262085505 276.8621250427549 6.5
  endloop
endfacet
facet normal 0 0 1
  outer loop
    vertex 0.7567506785162083 278.5666654762495 6.5
    vertex -1.126796585635481 279.2627365134665 6.5
    vertex -0.59876879713539 277.2541986679541 6.5
  endloop
endfacet
facet normal 0 0 1
  outer loop
    vertex 0.7567506785162083 278.5666654762495 6.5
    vertex -0.59876879713539 277.2541986679541 6.5
    vertex 1.320016262085505 276.8621250427549 6.5
  endloop
endfacet
facet normal 0 0 1
  outer loop
    vertex 2.626387642720804 278.1783451328175 6.5
    vertex 0.7567506785162083 278.5666654762495 6.5
    vertex 1.320016262085505 276.8621250427549 6.5
  endloop
endfacet
facet normal 0 0 1
  outer loop
    vertex 1.320016262085505 276.8621250427549 6.5
    vertex 2.125662593783849 274.8748221708371 6.5
    vertex 3.233767022696186 276.5087721629349 6.5
  endloop
endfacet
facet normal 0 0 1
  outer loop
    vertex 2.626387642720804 278.1783451328175 6.5
    vertex 1.320016262085505 276.8621250427549 6.5
    vertex 3.233767022696186 276.5087721629349 6.5
  endloop
endfacet
facet normal 0 0 1
  outer loop
    vertex 3.233767022696186 276.5087721629349 6.5
    vertex 2.125662593783849 274.8748221708371 6.5
    vertex 4.023283081921391 274.9500348792407 6.5
  endloop
endfacet
facet normal 0 0 1
  outer loop
    vertex 5.991656052659485 278.9468070645622 6.5
    vertex 3.932939377073469 279.3013937636348 6.5
    vertex 4.519817951702655 277.720716951938 6.5
  endloop
endfacet
facet normal 0 0 1
  outer loop
    vertex 5.096807064562187 280.7030470894426 6.5
    vertex 3.932939377073469 279.3013937636348 6.5
    vertex 5.991656052659485 278.9468070645622 6.5
  endloop
endfacet
facet normal 0 0 1
  outer loop
    vertex 0.7567506785162083 278.5666654762495 6.5
    vertex 0.6055779636535493 280.325541789369 6.5
    vertex -1.126796585635481 279.2627365134665 6.5
  endloop
endfacet
facet normal 0 0 1
  outer loop
    vertex -2.5496067738793 277.7300125099283 6.5
    vertex -4.582328092958228 277.5029028636076 6.5
    vertex -3.435841938370293 276.2465686116666 6.5
  endloop
endfacet
facet normal 0 0 1
  outer loop
    vertex -6.299999999999983 277 6.5
    vertex -4.582328092958228 277.5029028636076 6.5
    vertex -5.991656052659449 278.9468070645622 6.5
  endloop
endfacet
facet normal -0 0 1
  outer loop
    vertex -5.991656052659449 278.9468070645622 6.5
    vertex -4.582328092958228 277.5029028636076 6.5
    vertex -4.02328308192135 279.0499651207593 6.5
  endloop
endfacet
facet normal 0 0 1
  outer loop
    vertex 3.932939377073469 279.3013937636348 6.5
    vertex 3.401186610590045 280.6329640779781 6.5
    vertex 2.14516805619152 279.6789397525574 6.5
  endloop
endfacet
facet normal 0 0 1
  outer loop
    vertex 4.519817951702655 277.720716951938 6.5
    vertex 2.626387642720804 278.1783451328175 6.5
    vertex 3.233767022696186 276.5087721629349 6.5
  endloop
endfacet
facet normal 0 0 1
  outer loop
    vertex 1.946807064562184 271.0083439473405 6.5
    vertex 0.7033392835434483 272.079670887 6.5
    vertex 1.58041051638287e-14 270.7 6.5
  endloop
endfacet
facet normal 0 0 1
  outer loop
    vertex 2.049965120759335 272.9767169180786 6.5
    vertex 0.7033392835434483 272.079670887 6.5
    vertex 1.946807064562184 271.0083439473405 6.5
  endloop
endfacet
facet normal 0 0 1
  outer loop
    vertex 3.932939377073469 279.3013937636348 6.5
    vertex 2.14516805619152 279.6789397525574 6.5
    vertex 2.626387642720804 278.1783451328175 6.5
  endloop
endfacet
facet normal 0 0 1
  outer loop
    vertex 2.125662593783849 274.8748221708371 6.5
    vertex 0.4289570678351328 273.6636725518056 6.5
    vertex 2.049965120759335 272.9767169180786 6.5
  endloop
endfacet
facet normal 0 0 1
  outer loop
    vertex 4.519817951702655 277.720716951938 6.5
    vertex 3.932939377073469 279.3013937636348 6.5
    vertex 2.626387642720804 278.1783451328175 6.5
  endloop
endfacet
facet normal 0 0 1
  outer loop
    vertex 0.004239413955327417 275.43967884312 6.5
    vertex 0.4289570678351328 273.6636725518056 6.5
    vertex 2.125662593783849 274.8748221708371 6.5
  endloop
endfacet
facet normal 0 0 1
  outer loop
    vertex 0.004239413955327417 275.43967884312 6.5
    vertex -1.208334810032931 274.0897541208931 6.5
    vertex 0.4289570678351328 273.6636725518056 6.5
  endloop
endfacet
facet normal 0 0 1
  outer loop
    vertex -1.791953255965592 275.9186977806647 6.5
    vertex -1.208334810032931 274.0897541208931 6.5
    vertex 0.004239413955327417 275.43967884312 6.5
  endloop
endfacet
facet normal 0 0 1
  outer loop
    vertex -2.5496067738793 277.7300125099283 6.5
    vertex -3.435841938370293 276.2465686116666 6.5
    vertex -1.791953255965592 275.9186977806647 6.5
  endloop
endfacet
facet normal 0 0 1
  outer loop
    vertex -0.722328642405114 281.3956418664028 6.5
    vertex 0.7593337397236722 281.8847446668869 6.5
    vertex 2.154375220272798e-14 283.3 6.5
  endloop
endfacet
facet normal 0 0 1
  outer loop
    vertex 1.94680706456219 282.9916560526595 6.5
    vertex 0.7593337397236722 281.8847446668869 6.5
    vertex 2.045808922904398 281.2728642053232 6.5
  endloop
endfacet
facet normal 0 0 1
  outer loop
    vertex -2.331691408144243 272.8940972341718 6.5
    vertex -3.580193503410532 273.4909175679804 6.5
    vertex -3.703047089442565 271.9031929354379 6.5
  endloop
endfacet
facet normal 0 0 1
  outer loop
    vertex 4.519817951702655 277.720716951938 6.5
    vertex 4.943774772154665 276.2169829996217 6.5
    vertex 6.300000000000017 277 6.5
  endloop
endfacet
facet normal 0 0 1
  outer loop
    vertex 5.096807064562185 273.2969529105574 6.5
    vertex 3.439638410615228 273.5604308414735 6.5
    vertex 3.703047089442596 271.9031929354379 6.5
  endloop
endfacet
facet normal 0 0 1
  outer loop
    vertex 3.703047089442596 271.9031929354379 6.5
    vertex 3.439638410615228 273.5604308414735 6.5
    vertex 2.049965120759335 272.9767169180786 6.5
  endloop
endfacet
facet normal 0 0 1
  outer loop
    vertex 5.991656052659484 275.0531929354378 6.5
    vertex 4.943774772154665 276.2169829996217 6.5
    vertex 4.023283081921391 274.9500348792407 6.5
  endloop
endfacet
facet normal 0 0 1
  outer loop
    vertex 2.154375220272798e-14 283.3 6.5
    vertex 0.7593337397236722 281.8847446668869 6.5
    vertex 1.94680706456219 282.9916560526595 6.5
  endloop
endfacet
facet normal 0 -0 1
  outer loop
    vertex -3.703047089442565 271.9031929354379 6.5
    vertex -3.580193503410532 273.4909175679804 6.5
    vertex -5.096807064562153 273.2969529105574 6.5
  endloop
endfacet
facet normal 0 0 1
  outer loop
    vertex 6.300000000000017 277 6.5
    vertex 4.943774772154665 276.2169829996217 6.5
    vertex 5.991656052659484 275.0531929354378 6.5
  endloop
endfacet
facet normal 0 0 1
  outer loop
    vertex 4.023283081921391 274.9500348792407 6.5
    vertex 3.439638410615228 273.5604308414735 6.5
    vertex 5.096807064562185 273.2969529105574 6.5
  endloop
endfacet
facet normal 0 0 1
  outer loop
    vertex -5.096807064562153 273.2969529105574 6.5
    vertex -3.580193503410532 273.4909175679804 6.5
    vertex -4.200577195448792 274.8481265217117 6.5
  endloop
endfacet
facet normal 0 0 1
  outer loop
    vertex -2.5496067738793 277.7300125099283 6.5
    vertex -2.611914604198791 279.1794093167073 6.5
    vertex -4.02328308192135 279.0499651207593 6.5
  endloop
endfacet
facet normal 0 0 1
  outer loop
    vertex 1.58041051638287e-14 270.7 6.5
    vertex -0.7781209210018276 272.3041225218895 6.5
    vertex -1.946807064562153 271.0083439473405 6.5
  endloop
endfacet
facet normal 0 -0 1
  outer loop
    vertex -5.991656052659452 275.0531929354378 6.5
    vertex -4.916246024566258 276.1119799775496 6.5
    vertex -6.299999999999983 277 6.5
  endloop
endfacet
facet normal 0 0 1
  outer loop
    vertex 3.7030470894426 282.0968070645621 6.5
    vertex 3.401186610590045 280.6329640779781 6.5
    vertex 5.096807064562187 280.7030470894426 6.5
  endloop
endfacet
facet normal 0 0 1
  outer loop
    vertex -3.435841938370293 276.2465686116666 6.5
    vertex -2.689730044621713 274.5758925049496 6.5
    vertex -1.791953255965592 275.9186977806647 6.5
  endloop
endfacet
facet normal -0 0 1
  outer loop
    vertex -4.200577195448792 274.8481265217117 6.5
    vertex -2.689730044621713 274.5758925049496 6.5
    vertex -3.435841938370293 276.2465686116666 6.5
  endloop
endfacet
facet normal 0 0 1
  outer loop
    vertex -1.126796585635481 279.2627365134665 6.5
    vertex -2.611914604198791 279.1794093167073 6.5
    vertex -2.5496067738793 277.7300125099283 6.5
  endloop
endfacet
facet normal 0 -0 1
  outer loop
    vertex -1.946807064562153 271.0083439473405 6.5
    vertex -0.7781209210018276 272.3041225218895 6.5
    vertex -2.331691408144243 272.8940972341718 6.5
  endloop
endfacet
facet normal 0 0 1
  outer loop
    vertex -4.200577195448792 274.8481265217117 6.5
    vertex -4.916246024566258 276.1119799775496 6.5
    vertex -5.991656052659452 275.0531929354378 6.5
  endloop
endfacet
facet normal 0 0 1
  outer loop
    vertex 2.626387642720804 278.1783451328175 6.5
    vertex 2.14516805619152 279.6789397525574 6.5
    vertex 0.7567506785162083 278.5666654762495 6.5
  endloop
endfacet
facet normal -0 0 1
  outer loop
    vertex 2.045808922904398 281.2728642053232 6.5
    vertex 3.401186610590045 280.6329640779781 6.5
    vertex 3.7030470894426 282.0968070645621 6.5
  endloop
endfacet
facet normal 0 0 1
  outer loop
    vertex 4.943774772154665 276.2169829996217 6.5
    vertex 3.233767022696186 276.5087721629349 6.5
    vertex 4.023283081921391 274.9500348792407 6.5
  endloop
endfacet
facet normal 0 0 1
  outer loop
    vertex 4.519817951702655 277.720716951938 6.5
    vertex 3.233767022696186 276.5087721629349 6.5
    vertex 4.943774772154665 276.2169829996217 6.5
  endloop
endfacet
facet normal 0 0 1
  outer loop
    vertex -2.747971975359035 280.6749231226751 6.5
    vertex -2.611914604198791 279.1794093167073 6.5
    vertex -1.126796585635481 279.2627365134665 6.5
  endloop
endfacet
facet normal 0 0 1
  outer loop
    vertex 0.4289570678351328 273.6636725518056 6.5
    vertex 0.7033392835434483 272.079670887 6.5
    vertex 2.049965120759335 272.9767169180786 6.5
  endloop
endfacet
facet normal 0 -0 1
  outer loop
    vertex 2.14516805619152 279.6789397525574 6.5
    vertex 3.401186610590045 280.6329640779781 6.5
    vertex 2.045808922904398 281.2728642053232 6.5
  endloop
endfacet
facet normal 0 0 1
  outer loop
    vertex 0.7593337397236722 281.8847446668869 6.5
    vertex 0.6055779636535493 280.325541789369 6.5
    vertex 2.045808922904398 281.2728642053232 6.5
  endloop
endfacet
facet normal 0 0 1
  outer loop
    vertex 5.096807064562187 280.7030470894426 6.5
    vertex 3.401186610590045 280.6329640779781 6.5
    vertex 3.932939377073469 279.3013937636348 6.5
  endloop
endfacet
facet normal -0 0 1
  outer loop
    vertex 0.6055779636535493 280.325541789369 6.5
    vertex 2.14516805619152 279.6789397525574 6.5
    vertex 2.045808922904398 281.2728642053232 6.5
  endloop
endfacet
facet normal -0 0 1
  outer loop
    vertex -0.722328642405114 281.3956418664028 6.5
    vertex 0.6055779636535493 280.325541789369 6.5
    vertex 0.7593337397236722 281.8847446668869 6.5
  endloop
endfacet
facet normal -0 0 1
  outer loop
    vertex -6.299999999999983 277 6.5
    vertex -4.916246024566258 276.1119799775496 6.5
    vertex -4.582328092958228 277.5029028636076 6.5
  endloop
endfacet
facet normal 0 0 1
  outer loop
    vertex 0.7033392835434483 272.079670887 6.5
    vertex -0.7781209210018276 272.3041225218895 6.5
    vertex 1.58041051638287e-14 270.7 6.5
  endloop
endfacet
facet normal 0 0 1
  outer loop
    vertex -1.208334810032931 274.0897541208931 6.5
    vertex -2.689730044621713 274.5758925049496 6.5
    vertex -2.331691408144243 272.8940972341718 6.5
  endloop
endfacet
facet normal 0 0 1
  outer loop
    vertex -4.582328092958228 277.5029028636076 6.5
    vertex -4.916246024566258 276.1119799775496 6.5
    vertex -3.435841938370293 276.2465686116666 6.5
  endloop
endfacet
facet normal 0 -0 1
  outer loop
    vertex 0.7567506785162083 278.5666654762495 6.5
    vertex 2.14516805619152 279.6789397525574 6.5
    vertex 0.6055779636535493 280.325541789369 6.5
  endloop
endfacet
facet normal 0 0 1
  outer loop
    vertex -2.331691408144243 272.8940972341718 6.5
    vertex -2.689730044621713 274.5758925049496 6.5
    vertex -3.580193503410532 273.4909175679804 6.5
  endloop
endfacet
facet normal 0 0 1
  outer loop
    vertex -3.435841938370293 276.2465686116666 6.5
    vertex -4.916246024566258 276.1119799775496 6.5
    vertex -4.200577195448792 274.8481265217117 6.5
  endloop
endfacet
facet normal 0 0 1
  outer loop
    vertex -1.791953255965592 275.9186977806647 6.5
    vertex -2.689730044621713 274.5758925049496 6.5
    vertex -1.208334810032931 274.0897541208931 6.5
  endloop
endfacet
facet normal 0 -0 1
  outer loop
    vertex -3.580193503410532 273.4909175679804 6.5
    vertex -2.689730044621713 274.5758925049496 6.5
    vertex -4.200577195448792 274.8481265217117 6.5
  endloop
endfacet
facet normal 0.89446 -0.441776 0.0691028
  outer loop
    vertex 20.11040098168214 273.7602409786577 2.205237289333291
    vertex 20.53515169974937 274.8227584836994 3.500000000000002
    vertex 19.59446655198055 272.9181594678958 3.50000000000002
  endloop
endfacet
facet normal 0.891663 0.448179 -0.0638237
  outer loop
    vertex 20.11040098168219 279.4805212753761 4.794762710666721
    vertex 20.50941617507844 278.5022875467305 3.5
    vertex 19.59446655198216 280.3226027861359 3.500000000000001
  endloop
endfacet
facet normal 0.89446 -0.441776 -0.0691028
  outer loop
    vertex 20.53515169974937 274.8227584836994 3.500000000000002
    vertex 20.11040098168219 273.7602409786578 4.794762710666722
    vertex 19.59446655198055 272.9181594678958 3.50000000000002
  endloop
endfacet
facet normal 0.891663 0.448179 0.0638237
  outer loop
    vertex 20.50941617507844 278.5022875467305 3.5
    vertex 20.1104009816822 279.4805212753761 2.205237289333278
    vertex 19.59446655198216 280.3226027861359 3.500000000000001
  endloop
endfacet
facet normal 0.44788 -0.891871 0.0630113
  outer loop
    vertex 16.32003485211371 270.5898950563525 3.650314394181831
    vertex 17.3277311783356 270.9921220714306 2.180862485315757
    vertex 18.20010696873802 271.5235740624548 3.502325328238567
  endloop
endfacet
facet normal -0.984745 -0.161971 0.063581
  outer loop
    vertex 8.27868331155226 275.6095434240488 2.186784995049602
    vertex 8.547680227122276 274.5479714777663 3.648698503295237
    vertex 8.19705987929548 276.620381127017 3.497674671761439
  endloop
endfacet
facet normal -0.0104403 -0.998365 -0.056197
  outer loop
    vertex 14.49705987929548 270.320381127017 6.5
    vertex 13.42137180468199 270.4128941019694 5.056306745461812
    vertex 15.40549929717049 270.3862221762 5.161534825006695
  endloop
endfacet
facet normal -0.801551 -0.59528 -0.0561936
  outer loop
    vertex 10.10740126601383 272.1014324374607 5.056326257127112
    vertex 9.40025281473331 272.9173340375744 6.5
    vertex 8.919597571574204 273.6908906924962 5.161528638863818
  endloop
endfacet
facet normal -0.016294 -0.998399 0.0541691
  outer loop
    vertex 13.42137180468199 270.4128941019694 5.056306745461812
    vertex 14.52315482184299 270.3204351705842 3.683596113276702
    vertex 15.40549929717049 270.3862221762 5.161534825006695
  endloop
endfacet
facet normal -0.798138 -0.600035 0.0541731
  outer loop
    vertex 9.385175831063943 272.9381750657765 3.683675753625572
    vertex 10.10740126601383 272.1014324374607 5.056326257127112
    vertex 8.919597571574204 273.6908906924962 5.161528638863818
  endloop
endfacet
facet normal -0.982594 -0.171451 -0.0715127
  outer loop
    vertex 8.547680227122276 274.5479714777663 3.648698503295237
    vertex 8.274623333546113 275.6348439972635 4.794762710666714
    vertex 8.19705987929548 276.620381127017 3.497674671761439
  endloop
endfacet
facet normal 0.439128 -0.895573 -0.0715316
  outer loop
    vertex 17.35720002765462 271.0070400246303 4.794762710666721
    vertex 16.32003485211371 270.5898950563525 3.650314394181831
    vertex 18.20010696873802 271.5235740624548 3.502325328238567
  endloop
endfacet
facet normal -0.950074 0.308698 -0.0454385
  outer loop
    vertex 8.274623333546121 277.6059182567705 4.794762710666697
    vertex 8.505403826636012 278.5671881915791 6.5
    vertex 8.8837187769088 279.4805212753762 4.794762710666717
  endloop
endfacet
facet normal -0.986668 0.156273 0.0454385
  outer loop
    vertex 8.19705987929548 276.620381127017 6.5
    vertex 8.505403826636012 278.5671881915791 6.5
    vertex 8.274623333546121 277.6059182567705 4.794762710666697
  endloop
endfacet
facet normal -0.00324895 -0.998952 0.0456442
  outer loop
    vertex 14.49705987929548 270.320381127017 0.5
    vertex 15.459882157066 270.3943893777911 2.18825202614055
    vertex 13.4965243428816 270.4003386319553 2.178703557253628
  endloop
endfacet
facet normal -0.950074 0.308698 0.0454385
  outer loop
    vertex 8.505403826636011 278.5671881915791 0.5
    vertex 8.274623333546115 277.6059182567705 2.205237289333283
    vertex 8.883718776908825 279.4805212753762 2.205237289333335
  endloop
endfacet
facet normal -0.948455 -0.313486 0.0464664
  outer loop
    vertex 8.27868331155226 275.6095434240488 2.186784995049602
    vertex 8.505403826636012 274.6735740624548 0.5
    vertex 8.899389132840993 273.7296922447109 2.173980248121295
  endloop
endfacet
facet normal -0.0027775 -0.998688 -0.0511313
  outer loop
    vertex 13.4965243428816 270.4003386319553 2.178703557253628
    vertex 15.459882157066 270.3943893777911 2.18825202614055
    vertex 14.52315482184299 270.3204351705842 3.683596113276702
  endloop
endfacet
facet normal 0.453522 -0.890086 0.0454385
  outer loop
    vertex 18.20010696873806 271.5235740624548 6.5
    vertex 16.44386694385765 270.6287250743575 6.5
    vertex 17.35720002765462 271.0070400246303 4.794762710666721
  endloop
endfacet
facet normal 0.453522 0.890086 -0.0454385
  outer loop
    vertex 18.20010696873806 281.7171881915791 0.5
    vertex 16.44386694385765 282.6120371796765 0.5
    vertex 17.35720002765462 282.2337222294037 2.205237289333279
  endloop
endfacet
facet normal -0.156268 -0.986636 -0.0461443
  outer loop
    vertex 12.55025281473331 270.6287250743575 0.5
    vertex 14.49705987929548 270.320381127017 0.5
    vertex 13.4965243428816 270.4003386319553 2.178703557253628
  endloop
endfacet
facet normal -0.890086 0.453522 -0.0454385
  outer loop
    vertex 9.40025281473331 280.3234282164595 0.5
    vertex 8.505403826636011 278.5671881915791 0.5
    vertex 8.883718776908825 279.4805212753762 2.205237289333335
  endloop
endfacet
facet normal -0.453522 -0.890086 -0.0454385
  outer loop
    vertex 10.7940127898529 271.5235740624548 0.5
    vertex 12.55025281473331 270.6287250743575 0.5
    vertex 11.63691973093628 271.0070400246303 2.205237289333276
  endloop
endfacet
facet normal -0.453522 0.890086 0.0454385
  outer loop
    vertex 10.7940127898529 281.7171881915791 6.5
    vertex 12.55025281473331 282.6120371796765 6.5
    vertex 11.63691973093633 282.2337222294037 4.794762710666728
  endloop
endfacet
facet normal 0.584541 -0.809985 0.0472801
  outer loop
    vertex 18.20010696873806 271.5235740624548 0.5
    vertex 18.95183260077073 272.1656084055417 2.205237289333273
    vertex 17.3277311783356 270.9921220714306 2.180862485315757
  endloop
endfacet
facet normal -0.890086 0.453522 0.0454385
  outer loop
    vertex 8.505403826636012 278.5671881915791 6.5
    vertex 9.400252814733314 280.3234282164595 6.5
    vertex 8.8837187769088 279.4805212753762 4.794762710666717
  endloop
endfacet
facet normal -1.23739e-16 0.998967 0.0454385
  outer loop
    vertex 14.49705987929548 282.920381127017 0.5
    vertex 13.51152274954203 282.8428176727663 2.205237289333288
    vertex 15.48259700904897 282.8428176727663 2.205237289333294
  endloop
endfacet
facet normal -0.890054 -0.453505 -0.0462294
  outer loop
    vertex 8.505403826636012 274.6735740624548 0.5
    vertex 9.400252814733314 272.9173340375744 0.5
    vertex 8.899389132840993 273.7296922447109 2.173980248121295
  endloop
endfacet
facet normal -0.308698 0.950074 0.0454385
  outer loop
    vertex 12.55025281473331 282.6120371796765 0.5
    vertex 11.63691973093633 282.2337222294037 2.205237289333278
    vertex 13.51152274954203 282.8428176727663 2.205237289333288
  endloop
endfacet
facet normal -0.587178 0.808181 -0.0454385
  outer loop
    vertex 10.04228715782023 281.0751538484922 4.794762710666725
    vertex 10.7940127898529 281.7171881915791 6.5
    vertex 11.63691973093633 282.2337222294037 4.794762710666728
  endloop
endfacet
facet normal 2.72225e-16 0.998967 -0.0454385
  outer loop
    vertex 14.49705987929548 282.920381127017 6.5
    vertex 15.48259700904893 282.8428176727663 4.794762710666712
    vertex 13.511522749542 282.8428176727663 4.7947627106667
  endloop
endfacet
facet normal -0.998967 3.19163e-15 -0.0454385
  outer loop
    vertex 8.274623333546113 275.6348439972635 4.794762710666714
    vertex 8.19705987929548 276.620381127017 6.5
    vertex 8.274623333546121 277.6059182567705 4.794762710666697
  endloop
endfacet
facet normal -0.156273 0.986668 0.0454385
  outer loop
    vertex 12.55025281473331 282.6120371796765 6.5
    vertex 14.49705987929548 282.920381127017 6.5
    vertex 13.511522749542 282.8428176727663 4.7947627106667
  endloop
endfacet
facet normal -0.308698 0.950074 -0.0454385
  outer loop
    vertex 11.63691973093633 282.2337222294037 4.794762710666728
    vertex 12.55025281473331 282.6120371796765 6.5
    vertex 13.511522749542 282.8428176727663 4.7947627106667
  endloop
endfacet
facet normal 0.587178 0.808181 -0.0454385
  outer loop
    vertex 18.20010696873806 281.7171881915791 6.5
    vertex 18.95183260077073 281.0751538484922 4.794762710666727
    vertex 17.35720002765462 282.2337222294037 4.794762710666719
  endloop
endfacet
facet normal -0.453417 -0.88988 0.0502595
  outer loop
    vertex 12.55025281473331 270.6287250743575 6.5
    vertex 10.7940127898529 271.5235740624548 6.5
    vertex 11.63691973093406 271.0070400246314 4.958691702236569
  endloop
endfacet
facet normal 0.453509 -0.890062 -0.0460446
  outer loop
    vertex 16.44386694385765 270.6287250743575 0.5
    vertex 18.20010696873806 271.5235740624548 0.5
    vertex 17.3277311783356 270.9921220714306 2.180862485315757
  endloop
endfacet
facet normal -0.453522 0.890086 -0.0454385
  outer loop
    vertex 12.55025281473331 282.6120371796765 0.5
    vertex 10.7940127898529 281.7171881915791 0.5
    vertex 11.63691973093633 282.2337222294037 2.205237289333278
  endloop
endfacet
facet normal 0.156273 0.986668 -0.0454385
  outer loop
    vertex 16.44386694385765 282.6120371796765 0.5
    vertex 14.49705987929548 282.920381127017 0.5
    vertex 15.48259700904897 282.8428176727663 2.205237289333294
  endloop
endfacet
facet normal -0.706376 0.706376 -0.0454385
  outer loop
    vertex 10.7940127898529 281.7171881915791 0.5
    vertex 9.40025281473331 280.3234282164595 0.5
    vertex 10.04228715782028 281.0751538484923 2.205237289333282
  endloop
endfacet
facet normal -0.706359 -0.706359 -0.0459844
  outer loop
    vertex 9.400252814733314 272.9173340375744 0.5
    vertex 10.7940127898529 271.5235740624548 0.5
    vertex 10.04637217958901 272.1615271263032 2.184891762144518
  endloop
endfacet
facet normal -0.706376 0.706376 0.0454385
  outer loop
    vertex 9.400252814733314 280.3234282164595 6.5
    vertex 10.7940127898529 281.7171881915791 6.5
    vertex 10.04228715782023 281.0751538484922 4.794762710666725
  endloop
endfacet
facet normal 0.453522 0.890086 0.0454385
  outer loop
    vertex 16.44386694385765 282.6120371796765 6.5
    vertex 18.20010696873806 281.7171881915791 6.5
    vertex 17.35720002765462 282.2337222294037 4.794762710666719
  endloop
endfacet
facet normal -0.587188 -0.808174 0.0454457
  outer loop
    vertex 10.04637217958901 272.1615271263032 2.184891762144518
    vertex 10.7940127898529 271.5235740624548 0.5
    vertex 11.63691973093628 271.0070400246303 2.205237289333276
  endloop
endfacet
facet normal -0.156273 0.986668 -0.0454385
  outer loop
    vertex 14.49705987929548 282.920381127017 0.5
    vertex 12.55025281473331 282.6120371796765 0.5
    vertex 13.51152274954203 282.8428176727663 2.205237289333288
  endloop
endfacet
facet normal 0.156273 0.986668 0.0454385
  outer loop
    vertex 14.49705987929548 282.920381127017 6.5
    vertex 16.44386694385765 282.6120371796765 6.5
    vertex 15.48259700904893 282.8428176727663 4.794762710666712
  endloop
endfacet
facet normal 0.15627 -0.986649 -0.0458699
  outer loop
    vertex 14.49705987929548 270.320381127017 0.5
    vertex 16.44386694385765 270.6287250743575 0.5
    vertex 15.459882157066 270.3943893777911 2.18825202614055
  endloop
endfacet
facet normal -0.80648 -0.589562 0.0448026
  outer loop
    vertex 9.400252814733314 272.9173340375744 0.5
    vertex 10.04637217958901 272.1615271263032 2.184891762144518
    vertex 8.899389132840993 273.7296922447109 2.173980248121295
  endloop
endfacet
facet normal -0.986647 -0.15627 -0.0459037
  outer loop
    vertex 8.19705987929548 276.620381127017 0.5
    vertex 8.505403826636012 274.6735740624548 0.5
    vertex 8.27868331155226 275.6095434240488 2.186784995049602
  endloop
endfacet
facet normal 0.308698 0.950074 -0.0454385
  outer loop
    vertex 15.48259700904893 282.8428176727663 4.794762710666712
    vertex 16.44386694385765 282.6120371796765 6.5
    vertex 17.35720002765462 282.2337222294037 4.794762710666719
  endloop
endfacet
facet normal 0.706376 -0.706376 -0.0454385
  outer loop
    vertex 18.20010696873806 271.5235740624548 0.5
    vertex 19.59386694385765 272.9173340375744 0.5
    vertex 18.95183260077073 272.1656084055417 2.205237289333273
  endloop
endfacet
facet normal 0.706376 0.706376 0.0454385
  outer loop
    vertex 18.20010696873806 281.7171881915791 6.5
    vertex 19.59386694385765 280.3234282164595 6.5
    vertex 18.95183260077073 281.0751538484922 4.794762710666727
  endloop
endfacet
facet normal 0.308698 0.950074 0.0454385
  outer loop
    vertex 17.35720002765462 282.2337222294037 2.205237289333279
    vertex 16.44386694385765 282.6120371796765 0.5
    vertex 15.48259700904897 282.8428176727663 2.205237289333294
  endloop
endfacet
facet normal -0.805971 -0.589848 -0.0499075
  outer loop
    vertex 8.899389132840993 273.7296922447109 2.173980248121295
    vertex 10.04637217958901 272.1615271263032 2.184891762144518
    vertex 9.385175831063943 272.9381750657765 3.683675753625572
  endloop
endfacet
facet normal -0.808181 0.587178 -0.0454385
  outer loop
    vertex 9.400252814733314 280.3234282164595 6.5
    vertex 10.04228715782023 281.0751538484922 4.794762710666725
    vertex 8.8837187769088 279.4805212753762 4.794762710666717
  endloop
endfacet
facet normal -0.808181 0.587178 0.0454385
  outer loop
    vertex 10.04228715782028 281.0751538484923 2.205237289333282
    vertex 9.40025281473331 280.3234282164595 0.5
    vertex 8.883718776908825 279.4805212753762 2.205237289333335
  endloop
endfacet
facet normal 0.304633 -0.951382 0.0454976
  outer loop
    vertex 15.459882157066 270.3943893777911 2.18825202614055
    vertex 16.44386694385765 270.6287250743575 0.5
    vertex 17.3277311783356 270.9921220714306 2.180862485315757
  endloop
endfacet
facet normal -0.309266 -0.949906 0.0450967
  outer loop
    vertex 11.63691973093628 271.0070400246303 2.205237289333276
    vertex 12.55025281473331 270.6287250743575 0.5
    vertex 13.4965243428816 270.4003386319553 2.178703557253628
  endloop
endfacet
facet normal -0.998898 -0.00246455 0.0468597
  outer loop
    vertex 8.274623333546115 277.6059182567705 2.205237289333283
    vertex 8.19705987929548 276.620381127017 0.5
    vertex 8.27868331155226 275.6095434240488 2.186784995049602
  endloop
endfacet
facet normal -0.986668 -0.156273 0.0454385
  outer loop
    vertex 8.505403826636011 274.6735740624548 6.5
    vertex 8.19705987929548 276.620381127017 6.5
    vertex 8.274623333546113 275.6348439972635 4.794762710666714
  endloop
endfacet
facet normal -0.986668 0.156273 -0.0454385
  outer loop
    vertex 8.505403826636011 278.5671881915791 0.5
    vertex 8.19705987929548 276.620381127017 0.5
    vertex 8.274623333546115 277.6059182567705 2.205237289333283
  endloop
endfacet
facet normal -0.587178 0.808181 0.0454385
  outer loop
    vertex 11.63691973093633 282.2337222294037 2.205237289333278
    vertex 10.7940127898529 281.7171881915791 0.5
    vertex 10.04228715782028 281.0751538484923 2.205237289333282
  endloop
endfacet
facet normal 0.890086 -0.453522 -0.0454385
  outer loop
    vertex 19.59386694385765 272.9173340375744 0.5
    vertex 20.48871593195495 274.6735740624548 0.5
    vertex 20.11040098168214 273.7602409786577 2.205237289333291
  endloop
endfacet
facet normal 0.890086 0.453522 0.0454385
  outer loop
    vertex 19.59386694385765 280.3234282164595 6.5
    vertex 20.48871593195495 278.5671881915791 6.5
    vertex 20.11040098168219 279.4805212753761 4.794762710666721
  endloop
endfacet
facet normal 0.808181 -0.587178 0.0454385
  outer loop
    vertex 18.95183260077073 272.1656084055417 2.205237289333273
    vertex 19.59386694385765 272.9173340375744 0.5
    vertex 20.11040098168214 273.7602409786577 2.205237289333291
  endloop
endfacet
facet normal 0.808181 0.587178 -0.0454385
  outer loop
    vertex 18.95183260077073 281.0751538484922 4.794762710666727
    vertex 19.59386694385765 280.3234282164595 6.5
    vertex 20.11040098168219 279.4805212753761 4.794762710666721
  endloop
endfacet
facet normal 0.706376 -0.706376 0.0454385
  outer loop
    vertex 19.59386694385765 272.9173340375744 6.5
    vertex 18.20010696873806 271.5235740624548 6.5
    vertex 18.95183260077067 272.1656084055417 4.794762710666706
  endloop
endfacet
facet normal 0.706376 0.706376 -0.0454385
  outer loop
    vertex 19.59386694385765 280.3234282164595 0.5
    vertex 18.20010696873806 281.7171881915791 0.5
    vertex 18.95183260077071 281.0751538484922 2.205237289333284
  endloop
endfacet
facet normal 0.587178 0.808181 0.0454385
  outer loop
    vertex 18.20010696873806 281.7171881915791 0.5
    vertex 17.35720002765462 282.2337222294037 2.205237289333279
    vertex 18.95183260077071 281.0751538484922 2.205237289333284
  endloop
endfacet
facet normal 0.587178 -0.808181 -0.0454385
  outer loop
    vertex 18.20010696873806 271.5235740624548 6.5
    vertex 17.35720002765462 271.0070400246303 4.794762710666721
    vertex 18.95183260077067 272.1656084055417 4.794762710666706
  endloop
endfacet
facet normal 0.890086 0.453522 -0.0454385
  outer loop
    vertex 20.48871593195495 278.5671881915791 0.5
    vertex 19.59386694385765 280.3234282164595 0.5
    vertex 20.1104009816822 279.4805212753761 2.205237289333278
  endloop
endfacet
facet normal 0.890086 -0.453522 0.0454385
  outer loop
    vertex 20.48871593195495 274.6735740624548 6.5
    vertex 19.59386694385765 272.9173340375744 6.5
    vertex 20.11040098168219 273.7602409786578 4.794762710666722
  endloop
endfacet
facet normal 0.808181 -0.587178 -0.0454385
  outer loop
    vertex 20.11040098168219 273.7602409786578 4.794762710666722
    vertex 19.59386694385765 272.9173340375744 6.5
    vertex 18.95183260077067 272.1656084055417 4.794762710666706
  endloop
endfacet
facet normal 0.808181 0.587178 0.0454385
  outer loop
    vertex 20.1104009816822 279.4805212753761 2.205237289333278
    vertex 19.59386694385765 280.3234282164595 0.5
    vertex 18.95183260077071 281.0751538484922 2.205237289333284
  endloop
endfacet
facet normal 0.98852 0.151092 0
  outer loop
    vertex 20.79705987929548 276.620381127017 4.5
    vertex 20.79705987929548 276.620381127017 2.5
    vertex 20.50941617507844 278.5022875467305 3.5
  endloop
endfacet
facet normal 0.989552 -0.144175 0
  outer loop
    vertex 20.79705987929548 276.620381127017 2.5
    vertex 20.79705987929548 276.620381127017 4.5
    vertex 20.53515169974937 274.8227584836994 3.500000000000002
  endloop
endfacet
facet normal -0.948366 -0.312781 -0.0526245
  outer loop
    vertex 8.27868331155226 275.6095434240488 2.186784995049602
    vertex 8.899389132840993 273.7296922447109 2.173980248121295
    vertex 8.547680227122276 274.5479714777663 3.648698503295237
  endloop
endfacet
facet normal -0.706106 -0.706106 0.0531915
  outer loop
    vertex 10.7940127898529 271.5235740624548 6.5
    vertex 9.40025281473331 272.9173340375744 6.5
    vertex 10.10740126601383 272.1014324374607 5.056326257127112
  endloop
endfacet
facet normal 0.304191 -0.951204 -0.0517659
  outer loop
    vertex 15.459882157066 270.3943893777911 2.18825202614055
    vertex 17.3277311783356 270.9921220714306 2.180862485315757
    vertex 16.32003485211371 270.5898950563525 3.650314394181831
  endloop
endfacet
facet normal -0.156213 -0.98629 0.0531912
  outer loop
    vertex 14.49705987929548 270.320381127017 6.5
    vertex 12.55025281473331 270.6287250743575 6.5
    vertex 13.42137180468199 270.4128941019694 5.056306745461812
  endloop
endfacet
facet normal -0.163924 -0.984674 0.0595459
  outer loop
    vertex 13.4965243428816 270.4003386319553 2.178703557253628
    vertex 14.52315482184299 270.3204351705842 3.683596113276702
    vertex 12.47702064631282 270.6530164241343 3.550495693515266
  endloop
endfacet
facet normal 0.293333 -0.954448 -0.0546382
  outer loop
    vertex 17.35720002765462 271.0070400246303 4.794762710666721
    vertex 16.44386694385765 270.6287250743575 6.5
    vertex 15.40549929717049 270.3862221762 5.161534825006695
  endloop
endfacet
facet normal -0.701944 -0.709853 0.0581692
  outer loop
    vertex 9.385175831063943 272.9381750657765 3.683675753625572
    vertex 10.04637217958901 272.1615271263032 2.184891762144518
    vertex 10.84702576379153 271.4854759715485 3.596582511464309
  endloop
endfacet
facet normal -0.944578 -0.323706 -0.0546427
  outer loop
    vertex 8.505403826636011 274.6735740624548 6.5
    vertex 8.274623333546113 275.6348439972635 4.794762710666714
    vertex 8.919597571574204 273.6908906924962 5.161528638863818
  endloop
endfacet
facet normal 0.993467 -0.114123 0
  outer loop
    vertex 20.79705987929548 276.620381127017 0.5
    vertex 20.79705987929548 276.620381127017 2.5
    vertex 20.63295661739902 275.1918254860529 1.94875523326704
  endloop
endfacet
facet normal 0.993467 0.114123 0
  outer loop
    vertex 20.79705987929548 276.620381127017 6.5
    vertex 20.79705987929548 276.620381127017 4.5
    vertex 20.63295661739905 278.0489367679809 5.051244766733032
  endloop
endfacet
facet normal 0.986803 -0.156294 -0.042338
  outer loop
    vertex 20.48871593195495 274.6735740624548 0.5
    vertex 20.79705987929548 276.620381127017 0.5
    vertex 20.63295661739902 275.1918254860529 1.94875523326704
  endloop
endfacet
facet normal 0.986803 0.156294 0.042338
  outer loop
    vertex 20.48871593195495 278.5671881915791 6.5
    vertex 20.79705987929548 276.620381127017 6.5
    vertex 20.63295661739905 278.0489367679809 5.051244766733032
  endloop
endfacet
facet normal 0.993467 0.114123 0
  outer loop
    vertex 20.79705987929548 276.620381127017 2.5
    vertex 20.79705987929548 276.620381127017 0.5
    vertex 20.63295661739905 278.0489367679809 1.948755233266962
  endloop
endfacet
facet normal 0.993467 -0.114123 0
  outer loop
    vertex 20.79705987929548 276.620381127017 4.5
    vertex 20.79705987929548 276.620381127017 6.5
    vertex 20.63295661739905 275.191825486053 5.05124476673303
  endloop
endfacet
facet normal 0.986803 -0.156294 0.042338
  outer loop
    vertex 20.79705987929548 276.620381127017 6.5
    vertex 20.48871593195495 274.6735740624548 6.5
    vertex 20.63295661739905 275.191825486053 5.05124476673303
  endloop
endfacet
facet normal 0.986803 0.156294 -0.042338
  outer loop
    vertex 20.79705987929548 276.620381127017 0.5
    vertex 20.48871593195495 278.5671881915791 0.5
    vertex 20.63295661739905 278.0489367679809 1.948755233266962
  endloop
endfacet
facet normal -0.156406 -0.985921 -0.0591303
  outer loop
    vertex 14.52315482184299 270.3204351705842 3.683596113276702
    vertex 13.42137180468199 270.4128941019694 5.056306745461812
    vertex 12.47702064631282 270.6530164241343 3.550495693515266
  endloop
endfacet
facet normal 0.313062 -0.947725 0.0617253
  outer loop
    vertex 16.32003485211371 270.5898950563525 3.650314394181831
    vertex 17.35720002765462 271.0070400246303 4.794762710666721
    vertex 15.40549929717049 270.3862221762 5.161534825006695
  endloop
endfacet
facet normal -0.705417 -0.7063 -0.0593896
  outer loop
    vertex 10.10740126601383 272.1014324374607 5.056326257127112
    vertex 9.385175831063943 272.9381750657765 3.683675753625572
    vertex 10.84702576379153 271.4854759715485 3.596582511464309
  endloop
endfacet
facet normal -0.950737 -0.303817 0.0616064
  outer loop
    vertex 8.274623333546113 275.6348439972635 4.794762710666714
    vertex 8.547680227122276 274.5479714777663 3.648698503295237
    vertex 8.919597571574204 273.6908906924962 5.161528638863818
  endloop
endfacet
facet normal -0.886659 -0.460329 0.043962
  outer loop
    vertex 8.899389132840993 273.7296922447109 2.173980248121295
    vertex 9.385175831063943 272.9381750657765 3.683675753625572
    vertex 8.547680227122276 274.5479714777663 3.648698503295237
  endloop
endfacet
facet normal -0.583242 -0.810926 -0.0471988
  outer loop
    vertex 11.63691973093406 271.0070400246314 4.958691702236569
    vertex 10.7940127898529 271.5235740624548 6.5
    vertex 10.10740126601383 272.1014324374607 5.056326257127112
  endloop
endfacet
facet normal 0.14896 -0.987843 0.044458
  outer loop
    vertex 14.52315482184299 270.3204351705842 3.683596113276702
    vertex 15.459882157066 270.3943893777911 2.18825202614055
    vertex 16.32003485211371 270.5898950563525 3.650314394181831
  endloop
endfacet
facet normal -0.313229 -0.948504 -0.0472006
  outer loop
    vertex 12.55025281473331 270.6287250743575 6.5
    vertex 11.63691973093406 271.0070400246314 4.958691702236569
    vertex 13.42137180468199 270.4128941019694 5.056306745461812
  endloop
endfacet
facet normal -0.455382 -0.888992 -0.048177
  outer loop
    vertex 12.47702064631282 270.6530164241343 3.550495693515266
    vertex 11.63691973093406 271.0070400246314 4.958691702236569
    vertex 10.84702576379153 271.4854759715485 3.596582511464309
  endloop
endfacet
facet normal -0.705881 0.705803 0.0597787
  outer loop
    vertex 10.79369830866717 281.7169596927994 3.500317742614328
    vertex 10.04228715782028 281.0751538484923 2.205237289333282
    vertex 9.400166960984659 280.3233100460313 3.499899507934998
  endloop
endfacet
facet normal -0.998217 4.13637e-15 0.0596915
  outer loop
    vertex 8.274623333546113 275.6348439972635 4.794762710666714
    vertex 8.274623333546121 277.6059182567705 4.794762710666697
    vertex 8.19705987929548 276.620381127017 3.497674671761439
  endloop
endfacet
facet normal -0.949353 0.308463 -0.0598259
  outer loop
    vertex 8.883718776908825 279.4805212753762 2.205237289333335
    vertex 8.274623333546115 277.6059182567705 2.205237289333283
    vertex 8.505308497725277 278.5668947749145 3.499401550319025
  endloop
endfacet
facet normal -0.308464 0.949355 -0.0597876
  outer loop
    vertex 13.51152274954203 282.8428176727663 2.205237289333288
    vertex 11.63691973093633 282.2337222294037 2.205237289333278
    vertex 12.55018084726223 282.6120137955497 3.500234048234057
  endloop
endfacet
facet normal -3.4985e-16 0.998215 0.0597229
  outer loop
    vertex 13.511522749542 282.8428176727663 4.7947627106667
    vertex 15.48259700904893 282.8428176727663 4.794762710666712
    vertex 14.49705775095765 282.9203811270166 3.498359718676308
  endloop
endfacet
facet normal 0.15614 0.985928 -0.0597114
  outer loop
    vertex 14.49705775095765 282.9203811270166 3.498359718676308
    vertex 15.48259700904893 282.8428176727663 4.794762710666712
    vertex 16.44386716175436 282.6120371088775 3.497849521254086
  endloop
endfacet
facet normal 0.308466 0.94936 0.0596995
  outer loop
    vertex 15.48259700904893 282.8428176727663 4.794762710666712
    vertex 17.35720002765462 282.2337222294037 4.794762710666719
    vertex 16.44386716175436 282.6120371088775 3.497849521254086
  endloop
endfacet
facet normal -0.453208 0.889396 0.0598044
  outer loop
    vertex 12.55018084726223 282.6120137955497 3.500234048234057
    vertex 11.63691973093633 282.2337222294037 2.205237289333278
    vertex 10.79369830866717 281.7169596927994 3.500317742614328
  endloop
endfacet
facet normal -0.586734 0.80757 -0.0597837
  outer loop
    vertex 11.63691973093633 282.2337222294037 2.205237289333278
    vertex 10.04228715782028 281.0751538484923 2.205237289333282
    vertex 10.79369830866717 281.7169596927994 3.500317742614328
  endloop
endfacet
facet normal 0.705939 0.705743 -0.0598157
  outer loop
    vertex 18.20038730460814 281.7169845038678 3.498996175311658
    vertex 18.95183260077073 281.0751538484922 4.794762710666727
    vertex 19.59446655198216 280.3226027861359 3.500000000000001
  endloop
endfacet
facet normal 0.705948 -0.705734 0.0598061
  outer loop
    vertex 18.20010696873802 271.5235740624548 3.502325328238567
    vertex 18.95183260077073 272.1656084055417 2.205237289333273
    vertex 19.59446655198055 272.9181594678958 3.50000000000002
  endloop
endfacet
facet normal 0.586735 0.807571 0.0597522
  outer loop
    vertex 17.35720002765462 282.2337222294037 4.794762710666719
    vertex 18.95183260077073 281.0751538484922 4.794762710666727
    vertex 18.20038730460814 281.7169845038678 3.498996175311658
  endloop
endfacet
facet normal 0.58517 -0.808605 -0.0611095
  outer loop
    vertex 17.3277311783356 270.9921220714306 2.180862485315757
    vertex 18.95183260077073 272.1656084055417 2.205237289333273
    vertex 18.20010696873802 271.5235740624548 3.502325328238567
  endloop
endfacet
facet normal 0.453235 0.889387 -0.0597466
  outer loop
    vertex 16.44386716175436 282.6120371088775 3.497849521254086
    vertex 17.35720002765462 282.2337222294037 4.794762710666719
    vertex 18.20038730460814 281.7169845038678 3.498996175311658
  endloop
endfacet
facet normal -0.705863 0.705821 -0.0597888
  outer loop
    vertex 10.04228715782023 281.0751538484922 4.794762710666725
    vertex 10.79369830866717 281.7169596927994 3.500317742614328
    vertex 9.400166960984659 280.3233100460313 3.499899507934998
  endloop
endfacet
facet normal -0.156104 0.985927 0.0598351
  outer loop
    vertex 13.51152274954203 282.8428176727663 2.205237289333288
    vertex 12.55018084726223 282.6120137955497 3.500234048234057
    vertex 14.49705775095765 282.9203811270166 3.498359718676308
  endloop
endfacet
facet normal -0.156217 0.985913 -0.0597704
  outer loop
    vertex 12.55018084726223 282.6120137955497 3.500234048234057
    vertex 13.511522749542 282.8428176727663 4.7947627106667
    vertex 14.49705775095765 282.9203811270166 3.498359718676308
  endloop
endfacet
facet normal -0.98593 0.156078 0.0598471
  outer loop
    vertex 8.274623333546115 277.6059182567705 2.205237289333283
    vertex 8.19705987929548 276.620381127017 3.497674671761439
    vertex 8.505308497725277 278.5668947749145 3.499401550319025
  endloop
endfacet
facet normal -0.985922 0.156183 -0.0597126
  outer loop
    vertex 8.19705987929548 276.620381127017 3.497674671761439
    vertex 8.274623333546121 277.6059182567705 4.794762710666697
    vertex 8.505308497725277 278.5668947749145 3.499401550319025
  endloop
endfacet
facet normal -0.807569 0.586734 0.0597937
  outer loop
    vertex 8.8837187769088 279.4805212753762 4.794762710666717
    vertex 10.04228715782023 281.0751538484922 4.794762710666725
    vertex 9.400166960984659 280.3233100460313 3.499899507934998
  endloop
endfacet
facet normal -0.807569 0.586733 -0.059803
  outer loop
    vertex 10.04228715782028 281.0751538484923 2.205237289333282
    vertex 8.883718776908825 279.4805212753762 2.205237289333335
    vertex 9.400166960984659 280.3233100460313 3.499899507934998
  endloop
endfacet
facet normal -0.889434 0.453132 0.0598242
  outer loop
    vertex 8.883718776908825 279.4805212753762 2.205237289333335
    vertex 8.505308497725277 278.5668947749145 3.499401550319025
    vertex 9.400166960984659 280.3233100460313 3.499899507934998
  endloop
endfacet
facet normal 0.705894 0.705784 0.0598619
  outer loop
    vertex 18.95183260077071 281.0751538484922 2.205237289333284
    vertex 18.20038730460814 281.7169845038678 3.498996175311658
    vertex 19.59446655198216 280.3226027861359 3.500000000000001
  endloop
endfacet
facet normal 0.705844 -0.705829 -0.0599133
  outer loop
    vertex 18.95183260077067 272.1656084055417 4.794762710666706
    vertex 18.20010696873802 271.5235740624548 3.502325328238567
    vertex 19.59446655198055 272.9181594678958 3.50000000000002
  endloop
endfacet
facet normal 0.807569 0.586733 0.0597983
  outer loop
    vertex 18.95183260077073 281.0751538484922 4.794762710666727
    vertex 20.11040098168219 279.4805212753761 4.794762710666721
    vertex 19.59446655198216 280.3226027861359 3.500000000000001
  endloop
endfacet
facet normal 0.807569 -0.586733 -0.0597983
  outer loop
    vertex 18.95183260077073 272.1656084055417 2.205237289333273
    vertex 20.11040098168214 273.7602409786577 2.205237289333291
    vertex 19.59446655198055 272.9181594678958 3.50000000000002
  endloop
endfacet
facet normal -0.586733 0.807569 0.059813
  outer loop
    vertex 10.04228715782023 281.0751538484922 4.794762710666725
    vertex 11.63691973093633 282.2337222294037 4.794762710666728
    vertex 10.79369830866717 281.7169596927994 3.500317742614328
  endloop
endfacet
facet normal 1.61877e-16 0.998206 -0.0598739
  outer loop
    vertex 15.48259700904897 282.8428176727663 2.205237289333294
    vertex 13.51152274954203 282.8428176727663 2.205237289333288
    vertex 14.49705775095765 282.9203811270166 3.498359718676308
  endloop
endfacet
facet normal -0.308464 0.949354 0.0598091
  outer loop
    vertex 11.63691973093633 282.2337222294037 4.794762710666728
    vertex 13.511522749542 282.8428176727663 4.7947627106667
    vertex 12.55018084726223 282.6120137955497 3.500234048234057
  endloop
endfacet
facet normal 0.156169 0.985913 0.0598858
  outer loop
    vertex 15.48259700904897 282.8428176727663 2.205237289333294
    vertex 14.49705775095765 282.9203811270166 3.498359718676308
    vertex 16.44386716175436 282.6120371088775 3.497849521254086
  endloop
endfacet
facet normal 0.308462 0.949349 -0.0598975
  outer loop
    vertex 17.35720002765462 282.2337222294037 2.205237289333279
    vertex 15.48259700904897 282.8428176727663 2.205237289333294
    vertex 16.44386716175436 282.6120371088775 3.497849521254086
  endloop
endfacet
facet normal -0.949356 0.308465 0.0597708
  outer loop
    vertex 8.274623333546121 277.6059182567705 4.794762710666697
    vertex 8.8837187769088 279.4805212753762 4.794762710666717
    vertex 8.505308497725277 278.5668947749145 3.499401550319025
  endloop
endfacet
facet normal -0.998136 -0.00146589 -0.0610192
  outer loop
    vertex 8.274623333546115 277.6059182567705 2.205237289333283
    vertex 8.27868331155226 275.6095434240488 2.186784995049602
    vertex 8.19705987929548 276.620381127017 3.497674671761439
  endloop
endfacet
facet normal -0.453212 0.889393 -0.0598298
  outer loop
    vertex 11.63691973093633 282.2337222294037 4.794762710666728
    vertex 12.55018084726223 282.6120137955497 3.500234048234057
    vertex 10.79369830866717 281.7169596927994 3.500317742614328
  endloop
endfacet
facet normal 0.807569 -0.586733 0.0597983
  outer loop
    vertex 20.11040098168219 273.7602409786578 4.794762710666722
    vertex 18.95183260077067 272.1656084055417 4.794762710666706
    vertex 19.59446655198055 272.9181594678958 3.50000000000002
  endloop
endfacet
facet normal 0.807569 0.586733 -0.0597983
  outer loop
    vertex 20.1104009816822 279.4805212753761 2.205237289333278
    vertex 18.95183260077071 281.0751538484922 2.205237289333284
    vertex 19.59446655198216 280.3226027861359 3.500000000000001
  endloop
endfacet
facet normal 0.453169 0.88941 0.0598918
  outer loop
    vertex 17.35720002765462 282.2337222294037 2.205237289333279
    vertex 16.44386716175436 282.6120371088775 3.497849521254086
    vertex 18.20038730460814 281.7169845038678 3.498996175311658
  endloop
endfacet
facet normal -0.889422 0.45316 -0.059792
  outer loop
    vertex 8.505308497725277 278.5668947749145 3.499401550319025
    vertex 8.8837187769088 279.4805212753762 4.794762710666717
    vertex 9.400166960984659 280.3233100460313 3.499899507934998
  endloop
endfacet
facet normal 0.586732 0.807567 -0.0598446
  outer loop
    vertex 18.95183260077071 281.0751538484922 2.205237289333284
    vertex 17.35720002765462 282.2337222294037 2.205237289333279
    vertex 18.20038730460814 281.7169845038678 3.498996175311658
  endloop
endfacet
facet normal 0.58673 -0.807564 0.0599055
  outer loop
    vertex 18.95183260077067 272.1656084055417 4.794762710666706
    vertex 17.35720002765462 271.0070400246303 4.794762710666721
    vertex 18.20010696873802 271.5235740624548 3.502325328238567
  endloop
endfacet
facet normal 0.156176 -0.986055 0.0574937
  outer loop
    vertex 16.44386694385765 270.6287250743575 6.5
    vertex 14.49705987929548 270.320381127017 6.5
    vertex 15.40549929717049 270.3862221762 5.161534825006695
  endloop
endfacet
facet normal -0.310399 -0.948962 -0.0558914
  outer loop
    vertex 11.63691973093628 271.0070400246303 2.205237289333276
    vertex 13.4965243428816 270.4003386319553 2.178703557253628
    vertex 12.47702064631282 270.6530164241343 3.550495693515266
  endloop
endfacet
facet normal -0.453194 -0.890076 0.0487794
  outer loop
    vertex 11.63691973093628 271.0070400246303 2.205237289333276
    vertex 12.47702064631282 270.6530164241343 3.550495693515266
    vertex 10.84702576379153 271.4854759715485 3.596582511464309
  endloop
endfacet
facet normal -0.586075 -0.808405 -0.0547432
  outer loop
    vertex 10.04637217958901 272.1615271263032 2.184891762144518
    vertex 11.63691973093628 271.0070400246303 2.205237289333276
    vertex 10.84702576379153 271.4854759715485 3.596582511464309
  endloop
endfacet
facet normal -0.889533 -0.45324 0.0574925
  outer loop
    vertex 9.40025281473331 272.9173340375744 6.5
    vertex 8.505403826636011 274.6735740624548 6.5
    vertex 8.919597571574204 273.6908906924962 5.161528638863818
  endloop
endfacet
facet normal 0.940595 -0.338423 0.0274142
  outer loop
    vertex 20.11040098168214 273.7602409786577 2.205237289333291
    vertex 20.48871593195495 274.6735740624548 0.5
    vertex 20.63295661739902 275.1918254860529 1.94875523326704
  endloop
endfacet
facet normal 0.940595 0.338423 -0.0274142
  outer loop
    vertex 20.11040098168219 279.4805212753761 4.794762710666721
    vertex 20.48871593195495 278.5671881915791 6.5
    vertex 20.63295661739905 278.0489367679809 5.051244766733032
  endloop
endfacet
facet normal 0.940595 -0.338423 -0.0274142
  outer loop
    vertex 20.48871593195495 274.6735740624548 6.5
    vertex 20.11040098168219 273.7602409786578 4.794762710666722
    vertex 20.63295661739905 275.191825486053 5.05124476673303
  endloop
endfacet
facet normal 0.940595 0.338423 0.0274142
  outer loop
    vertex 20.48871593195495 278.5671881915791 0.5
    vertex 20.1104009816822 279.4805212753761 2.205237289333278
    vertex 20.63295661739905 278.0489367679809 1.948755233266962
  endloop
endfacet
facet normal 0.937486 0.346992 0.0267474
  outer loop
    vertex 20.50941617507844 278.5022875467305 3.5
    vertex 20.11040098168219 279.4805212753761 4.794762710666721
    vertex 20.63295661739905 278.0489367679809 5.051244766733032
  endloop
endfacet
facet normal 0.937768 -0.346479 -0.0233075
  outer loop
    vertex 20.53515169974937 274.8227584836994 3.500000000000002
    vertex 20.11040098168214 273.7602409786577 2.205237289333291
    vertex 20.63295661739902 275.1918254860529 1.94875523326704
  endloop
endfacet
facet normal 0.937768 -0.346479 0.0233075
  outer loop
    vertex 20.11040098168219 273.7602409786578 4.794762710666722
    vertex 20.53515169974937 274.8227584836994 3.500000000000002
    vertex 20.63295661739905 275.191825486053 5.05124476673303
  endloop
endfacet
facet normal 0.937486 0.346992 -0.0267474
  outer loop
    vertex 20.1104009816822 279.4805212753761 2.205237289333278
    vertex 20.50941617507844 278.5022875467305 3.5
    vertex 20.63295661739905 278.0489367679809 1.948755233266962
  endloop
endfacet
facet normal 0.991448 -0.126407 0.0324357
  outer loop
    vertex 20.79705987929548 276.620381127017 2.5
    vertex 20.53515169974937 274.8227584836994 3.500000000000002
    vertex 20.63295661739902 275.1918254860529 1.94875523326704
  endloop
endfacet
facet normal 0.990713 0.129633 -0.0410147
  outer loop
    vertex 20.79705987929548 276.620381127017 4.5
    vertex 20.50941617507844 278.5022875467305 3.5
    vertex 20.63295661739905 278.0489367679809 5.051244766733032
  endloop
endfacet
facet normal 0.991448 -0.126407 -0.0324357
  outer loop
    vertex 20.53515169974937 274.8227584836994 3.500000000000002
    vertex 20.79705987929548 276.620381127017 4.5
    vertex 20.63295661739905 275.191825486053 5.05124476673303
  endloop
endfacet
facet normal 0.990713 0.129633 0.0410147
  outer loop
    vertex 20.50941617507844 278.5022875467305 3.5
    vertex 20.79705987929548 276.620381127017 2.5
    vertex 20.63295661739905 278.0489367679809 1.948755233266962
  endloop
endfacet
facet normal -0.885882 -0.461833 -0.0438601
  outer loop
    vertex 8.547680227122276 274.5479714777663 3.648698503295237
    vertex 9.385175831063943 272.9381750657765 3.683675753625572
    vertex 8.919597571574204 273.6908906924962 5.161528638863818
  endloop
endfacet
facet normal -0.579061 -0.813751 0.049973
  outer loop
    vertex 11.63691973093406 271.0070400246314 4.958691702236569
    vertex 10.10740126601383 272.1014324374607 5.056326257127112
    vertex 10.84702576379153 271.4854759715485 3.596582511464309
  endloop
endfacet
facet normal 0.147361 -0.988104 -0.0439929
  outer loop
    vertex 14.52315482184299 270.3204351705842 3.683596113276702
    vertex 16.32003485211371 270.5898950563525 3.650314394181831
    vertex 15.40549929717049 270.3862221762 5.161534825006695
  endloop
endfacet
facet normal -0.317918 -0.946883 0.048385
  outer loop
    vertex 13.42137180468199 270.4128941019694 5.056306745461812
    vertex 11.63691973093406 271.0070400246314 4.958691702236569
    vertex 12.47702064631282 270.6530164241343 3.550495693515266
  endloop
endfacet
facet normal 0 0 1
  outer loop
    vertex 14.17971626057937 274.3698440201196 6.5
    vertex 12.34456079661124 274.9465714194242 6.5
    vertex 12.58507675817003 272.8224172265438 6.5
  endloop
endfacet
facet normal 0 0 1
  outer loop
    vertex 10.4302546126196 274.7076097902082 6.5
    vertex 9.902549764235873 276.5768898256953 6.5
    vertex 8.505403826636011 274.6735740624548 6.5
  endloop
endfacet
facet normal 0 0 1
  outer loop
    vertex 16.57975869010684 272.3911342335178 6.5
    vertex 14.61345425694314 272.2245226181867 6.5
    vertex 16.44386694385765 270.6287250743575 6.5
  endloop
endfacet
facet normal 0 -0 1
  outer loop
    vertex 8.505403826636011 274.6735740624548 6.5
    vertex 9.902549764235873 276.5768898256953 6.5
    vertex 8.19705987929548 276.620381127017 6.5
  endloop
endfacet
facet normal -0 0 1
  outer loop
    vertex 16.03560163629361 273.8621752800337 6.5
    vertex 17.8418118324826 273.2307573752731 6.5
    vertex 17.44834012202445 275.0063706138856 6.5
  endloop
endfacet
facet normal 0 0 1
  outer loop
    vertex 16.44386694385765 270.6287250743575 6.5
    vertex 14.61345425694314 272.2245226181867 6.5
    vertex 14.49705987929548 270.320381127017 6.5
  endloop
endfacet
facet normal -0 0 1
  outer loop
    vertex 12.58507675817003 272.8224172265438 6.5
    vertex 14.61345425694314 272.2245226181867 6.5
    vertex 14.17971626057937 274.3698440201196 6.5
  endloop
endfacet
facet normal 0 -0 1
  outer loop
    vertex 14.49705987929548 270.320381127017 6.5
    vertex 14.61345425694314 272.2245226181867 6.5
    vertex 12.55025281473331 270.6287250743575 6.5
  endloop
endfacet
facet normal 0 0 1
  outer loop
    vertex 12.55025281473331 270.6287250743575 6.5
    vertex 14.61345425694314 272.2245226181867 6.5
    vertex 12.58507675817003 272.8224172265438 6.5
  endloop
endfacet
facet normal 0 0 1
  outer loop
    vertex 17.44834012202445 275.0063706138856 6.5
    vertex 17.8418118324826 273.2307573752731 6.5
    vertex 18.89110220785506 274.2972976711684 6.5
  endloop
endfacet
facet normal 0 0 1
  outer loop
    vertex 12.34456079661124 274.9465714194242 6.5
    vertex 11.11083155439742 273.3835013072411 6.5
    vertex 12.58507675817003 272.8224172265438 6.5
  endloop
endfacet
facet normal -0 0 1
  outer loop
    vertex 8.505403826636012 278.5671881915791 6.5
    vertex 9.902549764235873 276.5768898256953 6.5
    vertex 10.51633678487542 278.6196984432183 6.5
  endloop
endfacet
facet normal -0 0 1
  outer loop
    vertex 8.19705987929548 276.620381127017 6.5
    vertex 9.902549764235873 276.5768898256953 6.5
    vertex 8.505403826636012 278.5671881915791 6.5
  endloop
endfacet
facet normal 0 0 1
  outer loop
    vertex 10.51633678487542 278.6196984432183 6.5
    vertex 9.902549764235873 276.5768898256953 6.5
    vertex 12.00415317073835 277.0387866924734 6.5
  endloop
endfacet
facet normal -0 0 1
  outer loop
    vertex 10.4302546126196 274.7076097902082 6.5
    vertex 11.11083155439742 273.3835013072411 6.5
    vertex 12.34456079661124 274.9465714194242 6.5
  endloop
endfacet
facet normal 0 -0 1
  outer loop
    vertex 12.00415317073835 277.0387866924734 6.5
    vertex 12.16258985234069 279.0650084107051 6.5
    vertex 10.51633678487542 278.6196984432183 6.5
  endloop
endfacet
facet normal 0 -0 1
  outer loop
    vertex 16.57975869010684 272.3911342335178 6.5
    vertex 17.8418118324826 273.2307573752731 6.5
    vertex 16.03560163629361 273.8621752800337 6.5
  endloop
endfacet
facet normal 0 0 1
  outer loop
    vertex 16.57975869010684 272.3911342335178 6.5
    vertex 16.03560163629361 273.8621752800337 6.5
    vertex 14.61345425694314 272.2245226181867 6.5
  endloop
endfacet
facet normal 0 -0 1
  outer loop
    vertex 14.61345425694314 272.2245226181867 6.5
    vertex 16.03560163629361 273.8621752800337 6.5
    vertex 14.17971626057937 274.3698440201196 6.5
  endloop
endfacet
facet normal 0 0 1
  outer loop
    vertex 17.465797983133 277.0909301032144 6.5
    vertex 19.3014985128497 277.3813790300876 6.5
    vertex 18.52034296121685 278.6703462477763 6.5
  endloop
endfacet
facet normal 0 -0 1
  outer loop
    vertex 10.4302546126196 274.7076097902082 6.5
    vertex 11.17037958605127 275.8174644319503 6.5
    vertex 9.902549764235873 276.5768898256953 6.5
  endloop
endfacet
facet normal 0 -0 1
  outer loop
    vertex 18.95690353144737 275.914011286236 6.5
    vertex 19.3014985128497 277.3813790300876 6.5
    vertex 17.465797983133 277.0909301032144 6.5
  endloop
endfacet
facet normal 0 -0 1
  outer loop
    vertex 15.76187807689546 275.706677120099 6.5
    vertex 17.465797983133 277.0909301032144 6.5
    vertex 15.38448915444556 277.6072558493663 6.5
  endloop
endfacet
facet normal 0 0 1
  outer loop
    vertex 13.939461368484 276.2853812226088 6.5
    vertex 12.34456079661124 274.9465714194242 6.5
    vertex 14.17971626057937 274.3698440201196 6.5
  endloop
endfacet
facet normal -0 0 1
  outer loop
    vertex 10.7940127898529 281.7171881915791 6.5
    vertex 12.24273643642418 280.7870018778279 6.5
    vertex 12.55025281473331 282.6120371796765 6.5
  endloop
endfacet
facet normal 0 0 1
  outer loop
    vertex 18.20010696873806 271.5235740624548 6.5
    vertex 16.57975869010684 272.3911342335178 6.5
    vertex 16.44386694385765 270.6287250743575 6.5
  endloop
endfacet
facet normal 0 0 1
  outer loop
    vertex 8.505403826636012 278.5671881915791 6.5
    vertex 10.51633678487542 278.6196984432183 6.5
    vertex 9.400252814733314 280.3234282164595 6.5
  endloop
endfacet
facet normal 0 0 1
  outer loop
    vertex 19.59386694385765 280.3234282164595 6.5
    vertex 18.52034296121685 278.6703462477763 6.5
    vertex 20.48871593195495 278.5671881915791 6.5
  endloop
endfacet
facet normal 0 -0 1
  outer loop
    vertex 9.40025281473331 272.9173340375744 6.5
    vertex 10.4302546126196 274.7076097902082 6.5
    vertex 8.505403826636011 274.6735740624548 6.5
  endloop
endfacet
facet normal 0 -0 1
  outer loop
    vertex 12.55025281473331 270.6287250743575 6.5
    vertex 12.58507675817003 272.8224172265438 6.5
    vertex 10.7940127898529 271.5235740624548 6.5
  endloop
endfacet
facet normal 0 0 1
  outer loop
    vertex 16.44386694385765 282.6120371796765 6.5
    vertex 16.57066995210109 280.7006174568517 6.5
    vertex 18.20010696873806 281.7171881915791 6.5
  endloop
endfacet
facet normal 0 0 1
  outer loop
    vertex 20.79705987929548 276.620381127017 6.5
    vertex 18.95690353144737 275.914011286236 6.5
    vertex 20.48871593195495 274.6735740624548 6.5
  endloop
endfacet
facet normal 0 0 1
  outer loop
    vertex 13.939461368484 276.2853812226088 6.5
    vertex 14.17971626057937 274.3698440201196 6.5
    vertex 15.76187807689546 275.706677120099 6.5
  endloop
endfacet
facet normal 0 0 1
  outer loop
    vertex 12.00415317073835 277.0387866924734 6.5
    vertex 12.34456079661124 274.9465714194242 6.5
    vertex 13.939461368484 276.2853812226088 6.5
  endloop
endfacet
facet normal -0 0 1
  outer loop
    vertex 13.939461368484 276.2853812226088 6.5
    vertex 15.76187807689546 275.706677120099 6.5
    vertex 15.38448915444556 277.6072558493663 6.5
  endloop
endfacet
facet normal 0 0 1
  outer loop
    vertex 13.67440777300327 278.1534681486565 6.5
    vertex 12.00415317073835 277.0387866924734 6.5
    vertex 13.939461368484 276.2853812226088 6.5
  endloop
endfacet
facet normal 0 0 1
  outer loop
    vertex 13.67440777300327 278.1534681486565 6.5
    vertex 13.939461368484 276.2853812226088 6.5
    vertex 15.38448915444556 277.6072558493663 6.5
  endloop
endfacet
facet normal 0 0 1
  outer loop
    vertex 15.08751056480158 279.4377872549752 6.5
    vertex 13.67440777300327 278.1534681486565 6.5
    vertex 15.38448915444556 277.6072558493663 6.5
  endloop
endfacet
facet normal -0 0 1
  outer loop
    vertex 15.38448915444556 277.6072558493663 6.5
    vertex 17.465797983133 277.0909301032144 6.5
    vertex 16.79523211288173 278.9478171260851 6.5
  endloop
endfacet
facet normal 0 0 1
  outer loop
    vertex 15.08751056480158 279.4377872549752 6.5
    vertex 15.38448915444556 277.6072558493663 6.5
    vertex 16.79523211288173 278.9478171260851 6.5
  endloop
endfacet
facet normal 0 0 1
  outer loop
    vertex 16.79523211288173 278.9478171260851 6.5
    vertex 17.465797983133 277.0909301032144 6.5
    vertex 18.52034296121685 278.6703462477763 6.5
  endloop
endfacet
facet normal 0 0 1
  outer loop
    vertex 14.49705987929548 282.920381127017 6.5
    vertex 14.9469169777705 281.1549212348982 6.5
    vertex 16.44386694385765 282.6120371796765 6.5
  endloop
endfacet
facet normal 0 0 1
  outer loop
    vertex 16.44386694385765 282.6120371796765 6.5
    vertex 14.9469169777705 281.1549212348982 6.5
    vertex 16.57066995210109 280.7006174568517 6.5
  endloop
endfacet
facet normal 0 0 1
  outer loop
    vertex 13.67440777300327 278.1534681486565 6.5
    vertex 12.16258985234069 279.0650084107051 6.5
    vertex 12.00415317073835 277.0387866924734 6.5
  endloop
endfacet
facet normal 0 0 1
  outer loop
    vertex 14.9469169777705 281.1549212348982 6.5
    vertex 13.55709753025693 281.5074016031687 6.5
    vertex 13.59065023968818 279.9304998185995 6.5
  endloop
endfacet
facet normal 0 0 1
  outer loop
    vertex 16.57066995210109 280.7006174568517 6.5
    vertex 15.08751056480158 279.4377872549752 6.5
    vertex 16.79523211288173 278.9478171260851 6.5
  endloop
endfacet
facet normal 0 0 1
  outer loop
    vertex 18.95690353144737 275.914011286236 6.5
    vertex 18.89110220785506 274.2972976711684 6.5
    vertex 20.48871593195495 274.6735740624548 6.5
  endloop
endfacet
facet normal 0 0 1
  outer loop
    vertex 20.48871593195495 274.6735740624548 6.5
    vertex 18.89110220785506 274.2972976711684 6.5
    vertex 19.59386694385765 272.9173340375744 6.5
  endloop
endfacet
facet normal 0 0 1
  outer loop
    vertex 14.9469169777705 281.1549212348982 6.5
    vertex 13.59065023968818 279.9304998185995 6.5
    vertex 15.08751056480158 279.4377872549752 6.5
  endloop
endfacet
facet normal 0 0 1
  outer loop
    vertex 17.465797983133 277.0909301032144 6.5
    vertex 17.44834012202445 275.0063706138856 6.5
    vertex 18.95690353144737 275.914011286236 6.5
  endloop
endfacet
facet normal 0 0 1
  outer loop
    vertex 16.57066995210109 280.7006174568517 6.5
    vertex 14.9469169777705 281.1549212348982 6.5
    vertex 15.08751056480158 279.4377872549752 6.5
  endloop
endfacet
facet normal -0 0 1
  outer loop
    vertex 15.76187807689546 275.706677120099 6.5
    vertex 17.44834012202445 275.0063706138856 6.5
    vertex 17.465797983133 277.0909301032144 6.5
  endloop
endfacet
facet normal 0 0 1
  outer loop
    vertex 15.76187807689546 275.706677120099 6.5
    vertex 16.03560163629361 273.8621752800337 6.5
    vertex 17.44834012202445 275.0063706138856 6.5
  endloop
endfacet
facet normal -0 0 1
  outer loop
    vertex 14.17971626057937 274.3698440201196 6.5
    vertex 16.03560163629361 273.8621752800337 6.5
    vertex 15.76187807689546 275.706677120099 6.5
  endloop
endfacet
facet normal 0 -0 1
  outer loop
    vertex 10.51633678487542 278.6196984432183 6.5
    vertex 10.9915436043792 280.1058759032662 6.5
    vertex 9.400252814733314 280.3234282164595 6.5
  endloop
endfacet
facet normal 0 0 1
  outer loop
    vertex 18.52034296121685 278.6703462477763 6.5
    vertex 19.3014985128497 277.3813790300876 6.5
    vertex 20.48871593195495 278.5671881915791 6.5
  endloop
endfacet
facet normal 0 0 1
  outer loop
    vertex 12.58507675817003 272.8224172265438 6.5
    vertex 11.11083155439742 273.3835013072411 6.5
    vertex 10.7940127898529 271.5235740624548 6.5
  endloop
endfacet
facet normal 0 0 1
  outer loop
    vertex 10.7940127898529 281.7171881915791 6.5
    vertex 10.9915436043792 280.1058759032662 6.5
    vertex 12.24273643642418 280.7870018778279 6.5
  endloop
endfacet
facet normal 0 0 1
  outer loop
    vertex 19.59386694385765 280.3234282164595 6.5
    vertex 18.03641184121409 280.1597330889356 6.5
    vertex 18.52034296121685 278.6703462477763 6.5
  endloop
endfacet
facet normal -0 0 1
  outer loop
    vertex 9.400252814733314 280.3234282164595 6.5
    vertex 10.9915436043792 280.1058759032662 6.5
    vertex 10.7940127898529 281.7171881915791 6.5
  endloop
endfacet
facet normal 0 0 1
  outer loop
    vertex 20.79705987929548 276.620381127017 6.5
    vertex 19.3014985128497 277.3813790300876 6.5
    vertex 18.95690353144737 275.914011286236 6.5
  endloop
endfacet
facet normal -0 0 1
  outer loop
    vertex 16.57066995210109 280.7006174568517 6.5
    vertex 18.03641184121409 280.1597330889356 6.5
    vertex 18.20010696873806 281.7171881915791 6.5
  endloop
endfacet
facet normal 0 0 1
  outer loop
    vertex 18.20010696873806 281.7171881915791 6.5
    vertex 18.03641184121409 280.1597330889356 6.5
    vertex 19.59386694385765 280.3234282164595 6.5
  endloop
endfacet
facet normal 0 -0 1
  outer loop
    vertex 10.7940127898529 271.5235740624548 6.5
    vertex 11.11083155439742 273.3835013072411 6.5
    vertex 9.40025281473331 272.9173340375744 6.5
  endloop
endfacet
facet normal 0 0 1
  outer loop
    vertex 9.40025281473331 272.9173340375744 6.5
    vertex 11.11083155439742 273.3835013072411 6.5
    vertex 10.4302546126196 274.7076097902082 6.5
  endloop
endfacet
facet normal 0 0 1
  outer loop
    vertex 20.48871593195495 278.5671881915791 6.5
    vertex 19.3014985128497 277.3813790300876 6.5
    vertex 20.79705987929548 276.620381127017 6.5
  endloop
endfacet
facet normal 0 0 1
  outer loop
    vertex 12.34456079661124 274.9465714194242 6.5
    vertex 11.17037958605127 275.8174644319503 6.5
    vertex 10.4302546126196 274.7076097902082 6.5
  endloop
endfacet
facet normal 0 0 1
  outer loop
    vertex 19.59386694385765 272.9173340375744 6.5
    vertex 17.8418118324826 273.2307573752731 6.5
    vertex 18.20010696873806 271.5235740624548 6.5
  endloop
endfacet
facet normal -0 0 1
  outer loop
    vertex 12.55025281473331 282.6120371796765 6.5
    vertex 13.55709753025693 281.5074016031687 6.5
    vertex 14.49705987929548 282.920381127017 6.5
  endloop
endfacet
facet normal 0 0 1
  outer loop
    vertex 12.00415317073835 277.0387866924734 6.5
    vertex 11.17037958605127 275.8174644319503 6.5
    vertex 12.34456079661124 274.9465714194242 6.5
  endloop
endfacet
facet normal 0 0 1
  outer loop
    vertex 18.20010696873806 271.5235740624548 6.5
    vertex 17.8418118324826 273.2307573752731 6.5
    vertex 16.57975869010684 272.3911342335178 6.5
  endloop
endfacet
facet normal 0 0 1
  outer loop
    vertex 15.08751056480158 279.4377872549752 6.5
    vertex 13.59065023968818 279.9304998185995 6.5
    vertex 13.67440777300327 278.1534681486565 6.5
  endloop
endfacet
facet normal 0 0 1
  outer loop
    vertex 12.24273643642418 280.7870018778279 6.5
    vertex 13.55709753025693 281.5074016031687 6.5
    vertex 12.55025281473331 282.6120371796765 6.5
  endloop
endfacet
facet normal 0 0 1
  outer loop
    vertex 16.57066995210109 280.7006174568517 6.5
    vertex 16.79523211288173 278.9478171260851 6.5
    vertex 18.03641184121409 280.1597330889356 6.5
  endloop
endfacet
facet normal 0 0 1
  outer loop
    vertex 18.03641184121409 280.1597330889356 6.5
    vertex 16.79523211288173 278.9478171260851 6.5
    vertex 18.52034296121685 278.6703462477763 6.5
  endloop
endfacet
facet normal -0 0 1
  outer loop
    vertex 9.902549764235873 276.5768898256953 6.5
    vertex 11.17037958605127 275.8174644319503 6.5
    vertex 12.00415317073835 277.0387866924734 6.5
  endloop
endfacet
facet normal -0 0 1
  outer loop
    vertex 17.44834012202445 275.0063706138856 6.5
    vertex 18.89110220785506 274.2972976711684 6.5
    vertex 18.95690353144737 275.914011286236 6.5
  endloop
endfacet
facet normal 0 0 1
  outer loop
    vertex 13.59065023968818 279.9304998185995 6.5
    vertex 13.55709753025693 281.5074016031687 6.5
    vertex 12.24273643642418 280.7870018778279 6.5
  endloop
endfacet
facet normal -0 0 1
  outer loop
    vertex 10.9915436043792 280.1058759032662 6.5
    vertex 12.16258985234069 279.0650084107051 6.5
    vertex 12.24273643642418 280.7870018778279 6.5
  endloop
endfacet
facet normal 0 0 1
  outer loop
    vertex 14.49705987929548 282.920381127017 6.5
    vertex 13.55709753025693 281.5074016031687 6.5
    vertex 14.9469169777705 281.1549212348982 6.5
  endloop
endfacet
facet normal 0 0 1
  outer loop
    vertex 12.16258985234069 279.0650084107051 6.5
    vertex 13.59065023968818 279.9304998185995 6.5
    vertex 12.24273643642418 280.7870018778279 6.5
  endloop
endfacet
facet normal 0 0 1
  outer loop
    vertex 10.51633678487542 278.6196984432183 6.5
    vertex 12.16258985234069 279.0650084107051 6.5
    vertex 10.9915436043792 280.1058759032662 6.5
  endloop
endfacet
facet normal 0 0 1
  outer loop
    vertex 18.89110220785506 274.2972976711684 6.5
    vertex 17.8418118324826 273.2307573752731 6.5
    vertex 19.59386694385765 272.9173340375744 6.5
  endloop
endfacet
facet normal 0 0 1
  outer loop
    vertex 13.67440777300327 278.1534681486565 6.5
    vertex 13.59065023968818 279.9304998185995 6.5
    vertex 12.16258985234069 279.0650084107051 6.5
  endloop
endfacet
facet normal 0.892573 0.446578 -0.0622972
  outer loop
    vertex 34.56772542752672 278.3427051653709 4.794762710666723
    vertex 34.96669478253383 277.3646178759699 3.499640237314324
    vertex 34.06547303763427 279.1658749650088 3.499553464934594
  endloop
endfacet
facet normal 0.892569 0.446581 0.062336
  outer loop
    vertex 34.96669478253383 277.3646178759699 3.499640237314324
    vertex 34.56772542752671 278.3427051653709 2.20523728933328
    vertex 34.06547303763427 279.1658749650088 3.499553464934594
  endloop
endfacet
facet normal 0.89446 -0.441776 0.0691028
  outer loop
    vertex 34.56772542752667 272.6224248686524 2.205237289333287
    vertex 34.99247614559388 273.6849423736942 3.5
    vertex 34.05179099782512 271.7803433578906 3.499999999999997
  endloop
endfacet
facet normal 0.89446 -0.441776 -0.0691028
  outer loop
    vertex 34.99247614559388 273.6849423736942 3.5
    vertex 34.56772542752672 272.6224248686526 4.794762710666722
    vertex 34.05179099782512 271.7803433578906 3.499999999999997
  endloop
endfacet
facet normal 0.447803 -0.89189 0.0632819
  outer loop
    vertex 30.77493246063108 269.451345862781 3.649321665115325
    vertex 31.78513889532589 269.8543478425086 2.180649584771416
    vertex 32.65743141458257 270.3857579524495 3.497674671761406
  endloop
endfacet
facet normal 0.00232175 -0.998737 -0.0501837
  outer loop
    vertex 28.95438432514001 269.1825650170117 6.5
    vertex 27.99923431151581 269.2553916252172 5.006442915626801
    vertex 29.88885577682901 269.2522549841178 5.156290524878337
  endloop
endfacet
facet normal -0.00567972 -0.998697 0.0507179
  outer loop
    vertex 27.99923431151581 269.2553916252172 5.006442915626801
    vertex 28.98056406055514 269.1826194123693 3.683366266594075
    vertex 29.88885577682901 269.2522549841178 5.156290524878337
  endloop
endfacet
facet normal 0.438842 -0.895714 -0.0715165
  outer loop
    vertex 31.81452447349915 269.869223914625 4.794762710666721
    vertex 30.77493246063108 269.451345862781 3.649321665115325
    vertex 32.65743141458257 270.3857579524495 3.497674671761406
  endloop
endfacet
facet normal -0.950074 -0.308698 -0.0454385
  outer loop
    vertex 23.34104322275329 272.6224248686526 4.794762710666721
    vertex 22.96272827248054 273.5357579524496 6.5
    vertex 22.73194777939063 274.4970278872583 4.794762710666694
  endloop
endfacet
facet normal -0.00330557 -0.998951 0.0456764
  outer loop
    vertex 28.95438432514001 269.1825650170117 0.5
    vertex 29.91720660291049 269.2565732677858 2.188252026140557
    vertex 27.95424550887578 269.2624587198331 2.174909562372102
  endloop
endfacet
facet normal -0.986668 -0.156273 -0.0454385
  outer loop
    vertex 22.65438432514001 275.4825650170117 0.5
    vertex 22.96272827248054 273.5357579524496 0.5
    vertex 22.73194777939064 274.4970278872582 2.205237289333286
  endloop
endfacet
facet normal -0.986668 0.156273 0.0454385
  outer loop
    vertex 22.65438432514001 275.4825650170117 6.5
    vertex 22.96272827248054 277.4293720815739 6.5
    vertex 22.73194777939064 276.4681021467652 4.794762710666716
  endloop
endfacet
facet normal -0.00264729 -0.998692 -0.0510574
  outer loop
    vertex 27.95424550887578 269.2624587198331 2.174909562372102
    vertex 29.91720660291049 269.2565732677858 2.188252026140557
    vertex 28.98056406055514 269.1826194123693 3.683366266594075
  endloop
endfacet
facet normal -0.950074 0.308698 -0.0454385
  outer loop
    vertex 22.73194777939064 276.4681021467652 4.794762710666716
    vertex 22.96272827248054 277.4293720815739 6.5
    vertex 23.34104322275333 278.3427051653709 4.794762710666716
  endloop
endfacet
facet normal 0.584543 -0.809984 0.0472787
  outer loop
    vertex 32.65743141458259 270.3857579524496 0.5
    vertex 33.40915704661526 271.0277922955365 2.205237289333273
    vertex 31.78513889532589 269.8543478425086 2.180649584771416
  endloop
endfacet
facet normal -0.998967 1.38587e-15 0.0454385
  outer loop
    vertex 22.65438432514001 275.4825650170117 0.5
    vertex 22.73194777939064 274.4970278872582 2.205237289333286
    vertex 22.73194777939065 276.4681021467652 2.205237289333304
  endloop
endfacet
facet normal -0.808181 0.587178 0.0454385
  outer loop
    vertex 23.85757726057784 279.1856121064543 0.5
    vertex 23.34104322275329 278.3427051653709 2.205237289333278
    vertex 24.49961160366479 279.937337738487 2.205237289333288
  endloop
endfacet
facet normal 0.453522 -0.890086 0.0454385
  outer loop
    vertex 32.65743141458259 270.3857579524496 6.5
    vertex 30.90119138970218 269.4909089643522 6.5
    vertex 31.81452447349915 269.869223914625 4.794762710666721
  endloop
endfacet
facet normal -0.453522 0.890086 0.0454385
  outer loop
    vertex 25.25133723569743 280.5793720815739 6.5
    vertex 27.00757726057784 281.4742210696712 6.5
    vertex 26.09424417678087 281.0959061193984 4.794762710666727
  endloop
endfacet
facet normal -0.156267 -0.986631 -0.0462491
  outer loop
    vertex 27.00757726057784 269.4909089643522 0.5
    vertex 28.95438432514001 269.1825650170117 0.5
    vertex 27.95424550887578 269.2624587198331 2.174909562372102
  endloop
endfacet
facet normal 0.453522 0.890086 -0.0454385
  outer loop
    vertex 32.65743141458259 280.5793720815739 0.5
    vertex 30.90119138970218 281.4742210696712 0.5
    vertex 31.81452447349916 281.0959061193984 2.205237289333269
  endloop
endfacet
facet normal -0.453516 -0.890075 -0.0457169
  outer loop
    vertex 25.25133723569743 270.3857579524496 0.5
    vertex 27.00757726057784 269.4909089643522 0.5
    vertex 26.09429190937577 269.8691995939088 2.194831253968487
  endloop
endfacet
facet normal -2.45698e-16 0.998967 -0.0454385
  outer loop
    vertex 27.96884719538657 281.7050015627611 4.794762710666712
    vertex 28.95438432514001 281.7825650170117 6.5
    vertex 29.93992145489351 281.7050015627611 4.794762710666701
  endloop
endfacet
facet normal 0.587178 0.808181 0.0454385
  outer loop
    vertex 33.40915704661526 279.937337738487 2.205237289333273
    vertex 32.65743141458259 280.5793720815739 0.5
    vertex 31.81452447349916 281.0959061193984 2.205237289333269
  endloop
endfacet
facet normal -0.890086 0.453522 0.0454385
  outer loop
    vertex 22.96272827248054 277.4293720815739 6.5
    vertex 23.85757726057784 279.1856121064543 6.5
    vertex 23.34104322275333 278.3427051653709 4.794762710666716
  endloop
endfacet
facet normal 0.453509 -0.890061 -0.0460507
  outer loop
    vertex 30.90119138970218 269.4909089643522 0.5
    vertex 32.65743141458259 270.3857579524496 0.5
    vertex 31.78513889532589 269.8543478425086 2.180649584771416
  endloop
endfacet
facet normal -0.587178 0.808181 -0.0454385
  outer loop
    vertex 24.49961160366476 279.937337738487 4.794762710666725
    vertex 25.25133723569743 280.5793720815739 6.5
    vertex 26.09424417678087 281.0959061193984 4.794762710666727
  endloop
endfacet
facet normal -0.890086 -0.453522 -0.0454385
  outer loop
    vertex 22.96272827248054 273.5357579524496 0.5
    vertex 23.85757726057784 271.7795179275691 0.5
    vertex 23.3410432227533 272.6224248686526 2.205237289333279
  endloop
endfacet
facet normal -0.308698 0.950074 -0.0454385
  outer loop
    vertex 27.00757726057784 281.4742210696712 6.5
    vertex 27.96884719538657 281.7050015627611 4.794762710666712
    vertex 26.09424417678087 281.0959061193984 4.794762710666727
  endloop
endfacet
facet normal 0.156273 0.986668 0.0454385
  outer loop
    vertex 28.95438432514001 281.7825650170117 6.5
    vertex 30.90119138970218 281.4742210696712 6.5
    vertex 29.93992145489351 281.7050015627611 4.794762710666701
  endloop
endfacet
facet normal -0.156273 0.986668 -0.0454385
  outer loop
    vertex 28.95438432514001 281.7825650170117 0.5
    vertex 27.00757726057784 281.4742210696712 0.5
    vertex 27.96884719538654 281.7050015627611 2.205237289333295
  endloop
endfacet
facet normal -0.950074 0.308698 0.0454385
  outer loop
    vertex 23.34104322275329 278.3427051653709 2.205237289333278
    vertex 22.96272827248054 277.4293720815739 0.5
    vertex 22.73194777939065 276.4681021467652 2.205237289333304
  endloop
endfacet
facet normal -0.998967 5.9147e-15 -0.0454385
  outer loop
    vertex 22.65438432514001 275.4825650170117 6.5
    vertex 22.73194777939064 276.4681021467652 4.794762710666716
    vertex 22.73194777939063 274.4970278872583 4.794762710666694
  endloop
endfacet
facet normal 1.94511e-16 0.998967 0.0454385
  outer loop
    vertex 29.93992145489346 281.7050015627611 2.205237289333286
    vertex 28.95438432514001 281.7825650170117 0.5
    vertex 27.96884719538654 281.7050015627611 2.205237289333295
  endloop
endfacet
facet normal 0.706376 -0.706376 -0.0454385
  outer loop
    vertex 32.65743141458259 270.3857579524496 0.5
    vertex 34.05119138970218 271.7795179275691 0.5
    vertex 33.40915704661526 271.0277922955365 2.205237289333273
  endloop
endfacet
facet normal -0.706376 0.706376 -0.0454385
  outer loop
    vertex 25.25133723569743 280.5793720815739 0.5
    vertex 23.85757726057784 279.1856121064543 0.5
    vertex 24.49961160366479 279.937337738487 2.205237289333288
  endloop
endfacet
facet normal -0.156273 0.986668 0.0454385
  outer loop
    vertex 27.00757726057784 281.4742210696712 6.5
    vertex 28.95438432514001 281.7825650170117 6.5
    vertex 27.96884719538657 281.7050015627611 4.794762710666712
  endloop
endfacet
facet normal 0.308698 0.950074 0.0454385
  outer loop
    vertex 30.90119138970218 281.4742210696712 0.5
    vertex 29.93992145489346 281.7050015627611 2.205237289333286
    vertex 31.81452447349916 281.0959061193984 2.205237289333269
  endloop
endfacet
facet normal -0.453522 0.890086 -0.0454385
  outer loop
    vertex 27.00757726057784 281.4742210696712 0.5
    vertex 25.25133723569743 280.5793720815739 0.5
    vertex 26.09424417678087 281.0959061193984 2.205237289333279
  endloop
endfacet
facet normal -0.706376 0.706376 0.0454385
  outer loop
    vertex 23.85757726057784 279.1856121064543 6.5
    vertex 25.25133723569743 280.5793720815739 6.5
    vertex 24.49961160366476 279.937337738487 4.794762710666725
  endloop
endfacet
facet normal -0.586976 -0.80832 0.0455797
  outer loop
    vertex 24.49961160366475 271.0277922955365 2.205237289333275
    vertex 25.25133723569743 270.3857579524496 0.5
    vertex 26.09429190937577 269.8691995939088 2.194831253968487
  endloop
endfacet
facet normal -0.453522 -0.890086 0.0454385
  outer loop
    vertex 27.00757726057784 269.4909089643522 6.5
    vertex 25.25133723569743 270.3857579524496 6.5
    vertex 26.09424417678086 269.869223914625 4.794762710666722
  endloop
endfacet
facet normal -0.308698 0.950074 0.0454385
  outer loop
    vertex 27.00757726057784 281.4742210696712 0.5
    vertex 26.09424417678087 281.0959061193984 2.205237289333279
    vertex 27.96884719538654 281.7050015627611 2.205237289333295
  endloop
endfacet
facet normal -0.706376 -0.706376 -0.0454385
  outer loop
    vertex 23.85757726057784 271.7795179275691 0.5
    vertex 25.25133723569743 270.3857579524496 0.5
    vertex 24.49961160366475 271.0277922955365 2.205237289333275
  endloop
endfacet
facet normal 0.453522 0.890086 0.0454385
  outer loop
    vertex 30.90119138970218 281.4742210696712 6.5
    vertex 32.65743141458259 280.5793720815739 6.5
    vertex 31.81452447349916 281.0959061193984 4.794762710666722
  endloop
endfacet
facet normal 0.156273 0.986668 -0.0454385
  outer loop
    vertex 30.90119138970218 281.4742210696712 0.5
    vertex 28.95438432514001 281.7825650170117 0.5
    vertex 29.93992145489346 281.7050015627611 2.205237289333286
  endloop
endfacet
facet normal 0.15627 -0.986649 -0.0458699
  outer loop
    vertex 28.95438432514001 269.1825650170117 0.5
    vertex 30.90119138970218 269.4909089643522 0.5
    vertex 29.91720660291049 269.2565732677858 2.188252026140557
  endloop
endfacet
facet normal -0.890086 0.453522 -0.0454385
  outer loop
    vertex 23.85757726057784 279.1856121064543 0.5
    vertex 22.96272827248054 277.4293720815739 0.5
    vertex 23.34104322275329 278.3427051653709 2.205237289333278
  endloop
endfacet
facet normal 0.706376 0.706376 -0.0454385
  outer loop
    vertex 34.05119138970218 279.1856121064543 0.5
    vertex 32.65743141458259 280.5793720815739 0.5
    vertex 33.40915704661526 279.937337738487 2.205237289333273
  endloop
endfacet
facet normal -0.890086 -0.453522 0.0454385
  outer loop
    vertex 23.85757726057784 271.7795179275691 6.5
    vertex 22.96272827248054 273.5357579524496 6.5
    vertex 23.34104322275329 272.6224248686526 4.794762710666721
  endloop
endfacet
facet normal -0.706376 -0.706376 0.0454385
  outer loop
    vertex 25.25133723569743 270.3857579524496 6.5
    vertex 23.85757726057784 271.7795179275691 6.5
    vertex 24.49961160366474 271.0277922955365 4.794762710666726
  endloop
endfacet
facet normal -0.808181 -0.587178 0.0454385
  outer loop
    vertex 23.85757726057784 271.7795179275691 0.5
    vertex 24.49961160366475 271.0277922955365 2.205237289333275
    vertex 23.3410432227533 272.6224248686526 2.205237289333279
  endloop
endfacet
facet normal 0.308698 0.950074 -0.0454385
  outer loop
    vertex 30.90119138970218 281.4742210696712 6.5
    vertex 31.81452447349916 281.0959061193984 4.794762710666722
    vertex 29.93992145489351 281.7050015627611 4.794762710666701
  endloop
endfacet
facet normal -0.808181 -0.587178 -0.0454385
  outer loop
    vertex 23.85757726057784 271.7795179275691 6.5
    vertex 23.34104322275329 272.6224248686526 4.794762710666721
    vertex 24.49961160366474 271.0277922955365 4.794762710666726
  endloop
endfacet
facet normal -0.309372 -0.949861 0.0453018
  outer loop
    vertex 26.09429190937577 269.8691995939088 2.194831253968487
    vertex 27.00757726057784 269.4909089643522 0.5
    vertex 27.95424550887578 269.2624587198331 2.174909562372102
  endloop
endfacet
facet normal -0.950074 -0.308698 0.0454385
  outer loop
    vertex 22.73194777939064 274.4970278872582 2.205237289333286
    vertex 22.96272827248054 273.5357579524496 0.5
    vertex 23.3410432227533 272.6224248686526 2.205237289333279
  endloop
endfacet
facet normal -0.587178 -0.808181 -0.0454385
  outer loop
    vertex 26.09424417678086 269.869223914625 4.794762710666722
    vertex 25.25133723569743 270.3857579524496 6.5
    vertex 24.49961160366474 271.0277922955365 4.794762710666726
  endloop
endfacet
facet normal -0.808181 0.587178 -0.0454385
  outer loop
    vertex 23.85757726057784 279.1856121064543 6.5
    vertex 24.49961160366476 279.937337738487 4.794762710666725
    vertex 23.34104322275333 278.3427051653709 4.794762710666716
  endloop
endfacet
facet normal 0.304645 -0.951378 0.045505
  outer loop
    vertex 29.91720660291049 269.2565732677858 2.188252026140557
    vertex 30.90119138970218 269.4909089643522 0.5
    vertex 31.78513889532589 269.8543478425086 2.180649584771416
  endloop
endfacet
facet normal -0.986668 -0.156273 0.0454385
  outer loop
    vertex 22.96272827248054 273.5357579524496 6.5
    vertex 22.65438432514001 275.4825650170117 6.5
    vertex 22.73194777939063 274.4970278872583 4.794762710666694
  endloop
endfacet
facet normal -0.986668 0.156273 -0.0454385
  outer loop
    vertex 22.96272827248054 277.4293720815739 0.5
    vertex 22.65438432514001 275.4825650170117 0.5
    vertex 22.73194777939065 276.4681021467652 2.205237289333304
  endloop
endfacet
facet normal -0.587178 0.808181 0.0454385
  outer loop
    vertex 26.09424417678087 281.0959061193984 2.205237289333279
    vertex 25.25133723569743 280.5793720815739 0.5
    vertex 24.49961160366479 279.937337738487 2.205237289333288
  endloop
endfacet
facet normal 0.890086 0.453522 -0.0454385
  outer loop
    vertex 34.94604037779948 277.4293720815739 0.5
    vertex 34.05119138970218 279.1856121064543 0.5
    vertex 34.56772542752671 278.3427051653709 2.20523728933328
  endloop
endfacet
facet normal 0.890086 -0.453522 -0.0454385
  outer loop
    vertex 34.05119138970218 271.7795179275691 0.5
    vertex 34.94604037779948 273.5357579524496 0.5
    vertex 34.56772542752667 272.6224248686524 2.205237289333287
  endloop
endfacet
facet normal 0.808181 0.587178 0.0454385
  outer loop
    vertex 34.05119138970218 279.1856121064543 0.5
    vertex 33.40915704661526 279.937337738487 2.205237289333273
    vertex 34.56772542752671 278.3427051653709 2.20523728933328
  endloop
endfacet
facet normal 0.808181 -0.587178 0.0454385
  outer loop
    vertex 33.40915704661526 271.0277922955365 2.205237289333273
    vertex 34.05119138970218 271.7795179275691 0.5
    vertex 34.56772542752667 272.6224248686524 2.205237289333287
  endloop
endfacet
facet normal 0.587178 -0.808181 -0.0454385
  outer loop
    vertex 32.65743141458259 270.3857579524496 6.5
    vertex 31.81452447349915 269.869223914625 4.794762710666721
    vertex 33.40915704661528 271.0277922955365 4.794762710666728
  endloop
endfacet
facet normal 0.706376 -0.706376 0.0454385
  outer loop
    vertex 34.05119138970218 271.7795179275691 6.5
    vertex 32.65743141458259 270.3857579524496 6.5
    vertex 33.40915704661528 271.0277922955365 4.794762710666728
  endloop
endfacet
facet normal 0.706376 0.706376 0.0454385
  outer loop
    vertex 32.65743141458259 280.5793720815739 6.5
    vertex 34.05119138970218 279.1856121064543 6.5
    vertex 33.40915704661528 279.937337738487 4.794762710666729
  endloop
endfacet
facet normal 0.587178 0.808181 -0.0454385
  outer loop
    vertex 31.81452447349916 281.0959061193984 4.794762710666722
    vertex 32.65743141458259 280.5793720815739 6.5
    vertex 33.40915704661528 279.937337738487 4.794762710666729
  endloop
endfacet
facet normal 0.890086 -0.453522 0.0454385
  outer loop
    vertex 34.94604037779948 273.5357579524496 6.5
    vertex 34.05119138970218 271.7795179275691 6.5
    vertex 34.56772542752672 272.6224248686526 4.794762710666722
  endloop
endfacet
facet normal 0.890086 0.453522 0.0454385
  outer loop
    vertex 34.05119138970218 279.1856121064543 6.5
    vertex 34.94604037779948 277.4293720815739 6.5
    vertex 34.56772542752672 278.3427051653709 4.794762710666723
  endloop
endfacet
facet normal 0.808181 0.587178 -0.0454385
  outer loop
    vertex 34.05119138970218 279.1856121064543 6.5
    vertex 34.56772542752672 278.3427051653709 4.794762710666723
    vertex 33.40915704661528 279.937337738487 4.794762710666729
  endloop
endfacet
facet normal 0.808181 -0.587178 -0.0454385
  outer loop
    vertex 34.56772542752672 272.6224248686526 4.794762710666722
    vertex 34.05119138970218 271.7795179275691 6.5
    vertex 33.40915704661528 271.0277922955365 4.794762710666728
  endloop
endfacet
facet normal 0.989552 -0.144175 0
  outer loop
    vertex 35.25438432514001 275.4825650170117 2.5
    vertex 35.25438432514001 275.4825650170117 4.5
    vertex 34.99247614559388 273.6849423736942 3.5
  endloop
endfacet
facet normal 0.988518 0.151104 0
  outer loop
    vertex 35.25438432514001 275.4825650170117 4.5
    vertex 35.25438432514001 275.4825650170117 2.5
    vertex 34.96669478253383 277.3646178759699 3.499640237314324
  endloop
endfacet
facet normal -0.156224 -0.986362 0.0518121
  outer loop
    vertex 28.95438432514001 269.1825650170117 6.5
    vertex 27.00757726057784 269.4909089643522 6.5
    vertex 27.99923431151581 269.2553916252172 5.006442915626801
  endloop
endfacet
facet normal 0.304193 -0.951203 -0.0517741
  outer loop
    vertex 29.91720660291049 269.2565732677858 2.188252026140557
    vertex 31.78513889532589 269.8543478425086 2.180649584771416
    vertex 30.77493246063108 269.451345862781 3.649321665115325
  endloop
endfacet
facet normal -0.159474 -0.985593 0.0563372
  outer loop
    vertex 27.95424550887578 269.2624587198331 2.174909562372102
    vertex 28.98056406055514 269.1826194123693 3.683366266594075
    vertex 27.00757726057772 269.4909089643523 3.491800523433995
  endloop
endfacet
facet normal 0.295594 -0.953826 -0.0532895
  outer loop
    vertex 31.81452447349915 269.869223914625 4.794762710666721
    vertex 30.90119138970218 269.4909089643522 6.5
    vertex 29.88885577682901 269.2522549841178 5.156290524878337
  endloop
endfacet
facet normal 0.993467 -0.114123 0
  outer loop
    vertex 35.25438432514001 275.4825650170117 0.5
    vertex 35.25438432514001 275.4825650170117 2.5
    vertex 35.09028106324356 274.0540093760476 1.94875523326704
  endloop
endfacet
facet normal 0.993467 0.114123 0
  outer loop
    vertex 35.25438432514001 275.4825650170117 2.5
    vertex 35.25438432514001 275.4825650170117 0.5
    vertex 35.09028106324358 276.9111206579757 1.94875523326697
  endloop
endfacet
facet normal 0.986803 -0.156294 -0.042338
  outer loop
    vertex 34.94604037779948 273.5357579524496 0.5
    vertex 35.25438432514001 275.4825650170117 0.5
    vertex 35.09028106324356 274.0540093760476 1.94875523326704
  endloop
endfacet
facet normal 0.986803 0.156294 -0.042338
  outer loop
    vertex 35.25438432514001 275.4825650170117 0.5
    vertex 34.94604037779948 277.4293720815739 0.5
    vertex 35.09028106324358 276.9111206579757 1.94875523326697
  endloop
endfacet
facet normal 0.993467 0.114123 0
  outer loop
    vertex 35.25438432514001 275.4825650170117 6.5
    vertex 35.25438432514001 275.4825650170117 4.5
    vertex 35.09028106324358 276.9111206579757 5.051244766733037
  endloop
endfacet
facet normal 0.993467 -0.114123 0
  outer loop
    vertex 35.25438432514001 275.4825650170117 4.5
    vertex 35.25438432514001 275.4825650170117 6.5
    vertex 35.09028106324358 274.0540093760478 5.051244766733034
  endloop
endfacet
facet normal 0.986803 0.156294 0.042338
  outer loop
    vertex 34.94604037779948 277.4293720815739 6.5
    vertex 35.25438432514001 275.4825650170117 6.5
    vertex 35.09028106324358 276.9111206579757 5.051244766733037
  endloop
endfacet
facet normal 0.986803 -0.156294 0.042338
  outer loop
    vertex 35.25438432514001 275.4825650170117 6.5
    vertex 34.94604037779948 273.5357579524496 6.5
    vertex 35.09028106324358 274.0540093760478 5.051244766733034
  endloop
endfacet
facet normal -0.148822 -0.987273 -0.0560792
  outer loop
    vertex 28.98056406055514 269.1826194123693 3.683366266594075
    vertex 27.99923431151581 269.2553916252172 5.006442915626801
    vertex 27.00757726057772 269.4909089643523 3.491800523433995
  endloop
endfacet
facet normal 0.314751 -0.947281 0.0599205
  outer loop
    vertex 30.77493246063108 269.451345862781 3.649321665115325
    vertex 31.81452447349915 269.869223914625 4.794762710666721
    vertex 29.88885577682901 269.2522549841178 5.156290524878337
  endloop
endfacet
facet normal 0.148786 -0.987874 0.0443462
  outer loop
    vertex 28.98056406055514 269.1826194123693 3.683366266594075
    vertex 29.91720660291049 269.2565732677858 2.188252026140557
    vertex 30.77493246063108 269.451345862781 3.649321665115325
  endloop
endfacet
facet normal -0.301287 -0.952228 -0.0498856
  outer loop
    vertex 27.00757726057784 269.4909089643522 6.5
    vertex 26.09424417678086 269.869223914625 4.794762710666722
    vertex 27.99923431151581 269.2553916252172 5.006442915626801
  endloop
endfacet
facet normal -0.453426 -0.889297 -0.0596293
  outer loop
    vertex 26.09424417678086 269.869223914625 4.794762710666722
    vertex 25.25120204898509 270.3858561740846 3.500396642366294
    vertex 27.00757726057772 269.4909089643523 3.491800523433995
  endloop
endfacet
facet normal -0.15601 0.985943 -0.0598103
  outer loop
    vertex 27.00827203036592 281.4744467695273 3.499766045142493
    vertex 27.96884719538657 281.7050015627611 4.794762710666712
    vertex 28.9554045531115 281.7825649344034 3.499999999999992
  endloop
endfacet
facet normal -0.705773 0.705912 0.0597743
  outer loop
    vertex 24.49961160366479 279.937337738487 2.205237289333288
    vertex 23.85800667809653 279.1862030769084 3.500233954857526
    vertex 25.25167735202861 280.5796191732153 3.500000000000025
  endloop
endfacet
facet normal -0.985918 0.156174 -0.0598025
  outer loop
    vertex 22.65438432514001 275.4825650170121 3.499766045147096
    vertex 22.73194777939064 276.4681021467652 4.794762710666716
    vertex 22.96277736977146 277.429523181015 3.50000000000163
  endloop
endfacet
facet normal -0.985915 -0.156187 -0.0598129
  outer loop
    vertex 22.73194777939063 274.4970278872583 4.794762710666694
    vertex 22.65438432514001 275.4825650170121 3.499766045147096
    vertex 22.96281984329192 273.5354761490202 3.500093205583781
  endloop
endfacet
facet normal -0.998211 4.72409e-15 0.0597876
  outer loop
    vertex 22.73194777939063 274.4970278872583 4.794762710666694
    vertex 22.73194777939064 276.4681021467652 4.794762710666716
    vertex 22.65438432514001 275.4825650170121 3.499766045147096
  endloop
endfacet
facet normal -0.80757 0.586734 -0.0597875
  outer loop
    vertex 24.49961160366479 279.937337738487 2.205237289333288
    vertex 23.34104322275329 278.3427051653709 2.205237289333278
    vertex 23.85800667809653 279.1862030769084 3.500233954857526
  endloop
endfacet
facet normal 0.308464 0.949355 -0.0597914
  outer loop
    vertex 31.81452447349916 281.0959061193984 2.205237289333269
    vertex 29.93992145489346 281.7050015627611 2.205237289333286
    vertex 30.90156072630632 281.4741010523487 3.500150167722333
  endloop
endfacet
facet normal -0.308464 0.949355 0.0597875
  outer loop
    vertex 26.09424417678087 281.0959061193984 4.794762710666727
    vertex 27.96884719538657 281.7050015627611 4.794762710666712
    vertex 27.00827203036592 281.4744467695273 3.499766045142493
  endloop
endfacet
facet normal -0.807568 -0.586732 0.0598259
  outer loop
    vertex 24.49961160366474 271.0277922955365 4.794762710666726
    vertex 23.34104322275329 272.6224248686526 4.794762710666721
    vertex 23.85775860671814 271.779268338872 3.500598449680975
  endloop
endfacet
facet normal -0.586993 -0.807399 -0.059545
  outer loop
    vertex 24.49961160366475 271.0277922955365 2.205237289333275
    vertex 26.09429190937577 269.8691995939088 2.194831253968487
    vertex 25.25120204898509 270.3858561740846 3.500396642366294
  endloop
endfacet
facet normal 0.705948 -0.705734 -0.0598061
  outer loop
    vertex 33.40915704661528 271.0277922955365 4.794762710666728
    vertex 32.65743141458257 270.3857579524495 3.497674671761406
    vertex 34.05179099782512 271.7803433578906 3.499999999999997
  endloop
endfacet
facet normal 0.586734 0.80757 0.0597876
  outer loop
    vertex 31.81452447349916 281.0959061193984 4.794762710666722
    vertex 33.40915704661528 279.937337738487 4.794762710666729
    vertex 32.6574926336224 280.5793276027762 3.499765951765943
  endloop
endfacet
facet normal 0.586737 -0.807574 0.0596915
  outer loop
    vertex 33.40915704661528 271.0277922955365 4.794762710666728
    vertex 31.81452447349915 269.869223914625 4.794762710666721
    vertex 32.65743141458257 270.3857579524495 3.497674671761406
  endloop
endfacet
facet normal 0.707142 0.704414 -0.0612412
  outer loop
    vertex 32.6574926336224 280.5793276027762 3.499765951765943
    vertex 33.40915704661528 279.937337738487 4.794762710666729
    vertex 34.06547303763427 279.1658749650088 3.499553464934594
  endloop
endfacet
facet normal -0.156024 0.98594 0.0598211
  outer loop
    vertex 27.96884719538654 281.7050015627611 2.205237289333295
    vertex 27.00827203036592 281.4744467695273 3.499766045142493
    vertex 28.9554045531115 281.7825649344034 3.499999999999992
  endloop
endfacet
facet normal -0.705783 0.705901 -0.0597851
  outer loop
    vertex 23.85800667809653 279.1862030769084 3.500233954857526
    vertex 24.49961160366476 279.937337738487 4.794762710666725
    vertex 25.25167735202861 280.5796191732153 3.500000000000025
  endloop
endfacet
facet normal -0.985919 0.15616 0.0598133
  outer loop
    vertex 22.73194777939065 276.4681021467652 2.205237289333304
    vertex 22.65438432514001 275.4825650170121 3.499766045147096
    vertex 22.96277736977146 277.429523181015 3.50000000000163
  endloop
endfacet
facet normal -0.985917 -0.156168 0.0598194
  outer loop
    vertex 22.65438432514001 275.4825650170121 3.499766045147096
    vertex 22.73194777939064 274.4970278872582 2.205237289333286
    vertex 22.96281984329192 273.5354761490202 3.500093205583781
  endloop
endfacet
facet normal 0.705844 -0.705829 0.0599133
  outer loop
    vertex 32.65743141458257 270.3857579524495 3.497674671761406
    vertex 33.40915704661526 271.0277922955365 2.205237289333273
    vertex 34.05179099782512 271.7803433578906 3.499999999999997
  endloop
endfacet
facet normal -0.705831 -0.705856 0.0597469
  outer loop
    vertex 23.85775860671814 271.779268338872 3.500598449680975
    vertex 24.49961160366475 271.0277922955365 2.205237289333275
    vertex 25.25120204898509 270.3858561740846 3.500396642366294
  endloop
endfacet
facet normal 0.453222 0.889391 0.0597815
  outer loop
    vertex 32.6574926336224 280.5793276027762 3.499765951765943
    vertex 31.81452447349916 281.0959061193984 2.205237289333269
    vertex 30.90156072630632 281.4741010523487 3.500150167722333
  endloop
endfacet
facet normal -0.705838 -0.705845 -0.0597927
  outer loop
    vertex 24.49961160366474 271.0277922955365 4.794762710666726
    vertex 23.85775860671814 271.779268338872 3.500598449680975
    vertex 25.25120204898509 270.3858561740846 3.500396642366294
  endloop
endfacet
facet normal 0.453201 0.889402 -0.0597776
  outer loop
    vertex 31.81452447349916 281.0959061193984 4.794762710666722
    vertex 32.6574926336224 280.5793276027762 3.499765951765943
    vertex 30.90156072630632 281.4741010523487 3.500150167722333
  endloop
endfacet
facet normal -0.949355 0.308464 0.0597983
  outer loop
    vertex 22.73194777939064 276.4681021467652 4.794762710666716
    vertex 23.34104322275333 278.3427051653709 4.794762710666716
    vertex 22.96277736977146 277.429523181015 3.50000000000163
  endloop
endfacet
facet normal -0.949354 -0.308464 0.0598026
  outer loop
    vertex 23.34104322275329 272.6224248686526 4.794762710666721
    vertex 22.73194777939063 274.4970278872583 4.794762710666694
    vertex 22.96281984329192 273.5354761490202 3.500093205583781
  endloop
endfacet
facet normal 3.23346e-16 0.99821 0.0597983
  outer loop
    vertex 27.96884719538657 281.7050015627611 4.794762710666712
    vertex 29.93992145489351 281.7050015627611 4.794762710666701
    vertex 28.9554045531115 281.7825649344034 3.499999999999992
  endloop
endfacet
facet normal -0.586733 0.807569 0.0597983
  outer loop
    vertex 24.49961160366476 279.937337738487 4.794762710666725
    vertex 26.09424417678087 281.0959061193984 4.794762710666727
    vertex 25.25167735202861 280.5796191732153 3.500000000000025
  endloop
endfacet
facet normal -2.55982e-16 0.99821 -0.0597983
  outer loop
    vertex 29.93992145489346 281.7050015627611 2.205237289333286
    vertex 27.96884719538654 281.7050015627611 2.205237289333295
    vertex 28.9554045531115 281.7825649344034 3.499999999999992
  endloop
endfacet
facet normal -0.949355 -0.308464 -0.059794
  outer loop
    vertex 22.73194777939064 274.4970278872582 2.205237289333286
    vertex 23.3410432227533 272.6224248686526 2.205237289333279
    vertex 22.96281984329192 273.5354761490202 3.500093205583781
  endloop
endfacet
facet normal -0.949355 0.308464 -0.0597983
  outer loop
    vertex 23.34104322275329 278.3427051653709 2.205237289333278
    vertex 22.73194777939065 276.4681021467652 2.205237289333304
    vertex 22.96277736977146 277.429523181015 3.50000000000163
  endloop
endfacet
facet normal -0.586733 0.807569 -0.0597983
  outer loop
    vertex 26.09424417678087 281.0959061193984 2.205237289333279
    vertex 24.49961160366479 279.937337738487 2.205237289333288
    vertex 25.25167735202861 280.5796191732153 3.500000000000025
  endloop
endfacet
facet normal 0.807572 0.586735 0.0597416
  outer loop
    vertex 33.40915704661528 279.937337738487 4.794762710666729
    vertex 34.56772542752672 278.3427051653709 4.794762710666723
    vertex 34.06547303763427 279.1658749650088 3.499553464934594
  endloop
endfacet
facet normal -0.889382 -0.453234 -0.059815
  outer loop
    vertex 23.85775860671814 271.779268338872 3.500598449680975
    vertex 23.34104322275329 272.6224248686526 4.794762710666721
    vertex 22.96281984329192 273.5354761490202 3.500093205583781
  endloop
endfacet
facet normal -0.889382 0.453234 0.0598273
  outer loop
    vertex 23.85800667809653 279.1862030769084 3.500233954857526
    vertex 23.34104322275329 278.3427051653709 2.205237289333278
    vertex 22.96277736977146 277.429523181015 3.50000000000163
  endloop
endfacet
facet normal -0.453103 0.88945 -0.0598116
  outer loop
    vertex 26.09424417678087 281.0959061193984 4.794762710666727
    vertex 27.00827203036592 281.4744467695273 3.499766045142493
    vertex 25.25167735202861 280.5796191732153 3.500000000000025
  endloop
endfacet
facet normal 0.156261 0.985907 0.0597569
  outer loop
    vertex 29.93992145489346 281.7050015627611 2.205237289333286
    vertex 28.9554045531115 281.7825649344034 3.499999999999992
    vertex 30.90156072630632 281.4741010523487 3.500150167722333
  endloop
endfacet
facet normal 0.807569 -0.586733 -0.0597983
  outer loop
    vertex 33.40915704661526 271.0277922955365 2.205237289333273
    vertex 34.56772542752667 272.6224248686524 2.205237289333287
    vertex 34.05179099782512 271.7803433578906 3.499999999999997
  endloop
endfacet
facet normal 0.585176 -0.808585 -0.0613161
  outer loop
    vertex 31.78513889532589 269.8543478425086 2.180649584771416
    vertex 33.40915704661526 271.0277922955365 2.205237289333273
    vertex 32.65743141458257 270.3857579524495 3.497674671761406
  endloop
endfacet
facet normal -0.807569 0.586733 0.0598091
  outer loop
    vertex 23.34104322275333 278.3427051653709 4.794762710666716
    vertex 24.49961160366476 279.937337738487 4.794762710666725
    vertex 23.85800667809653 279.1862030769084 3.500233954857526
  endloop
endfacet
facet normal -0.807571 -0.586734 -0.0597708
  outer loop
    vertex 23.3410432227533 272.6224248686526 2.205237289333279
    vertex 24.49961160366475 271.0277922955365 2.205237289333275
    vertex 23.85775860671814 271.779268338872 3.500598449680975
  endloop
endfacet
facet normal 0.586733 0.807569 -0.0598091
  outer loop
    vertex 33.40915704661526 279.937337738487 2.205237289333273
    vertex 31.81452447349916 281.0959061193984 2.205237289333269
    vertex 32.6574926336224 280.5793276027762 3.499765951765943
  endloop
endfacet
facet normal -0.99821 2.33821e-15 -0.0598091
  outer loop
    vertex 22.73194777939065 276.4681021467652 2.205237289333304
    vertex 22.73194777939064 274.4970278872582 2.205237289333286
    vertex 22.65438432514001 275.4825650170121 3.499766045147096
  endloop
endfacet
facet normal -0.308464 0.949354 -0.0598091
  outer loop
    vertex 27.96884719538654 281.7050015627611 2.205237289333295
    vertex 26.09424417678087 281.0959061193984 2.205237289333279
    vertex 27.00827203036592 281.4744467695273 3.499766045142493
  endloop
endfacet
facet normal -0.586733 -0.807568 0.0598166
  outer loop
    vertex 26.09424417678086 269.869223914625 4.794762710666722
    vertex 24.49961160366474 271.0277922955365 4.794762710666726
    vertex 25.25120204898509 270.3858561740846 3.500396642366294
  endloop
endfacet
facet normal 0.308464 0.949354 0.0598052
  outer loop
    vertex 29.93992145489351 281.7050015627611 4.794762710666701
    vertex 31.81452447349916 281.0959061193984 4.794762710666722
    vertex 30.90156072630632 281.4741010523487 3.500150167722333
  endloop
endfacet
facet normal 0.807569 -0.586733 0.0597983
  outer loop
    vertex 34.56772542752672 272.6224248686526 4.794762710666722
    vertex 33.40915704661528 271.0277922955365 4.794762710666728
    vertex 34.05179099782512 271.7803433578906 3.499999999999997
  endloop
endfacet
facet normal 0.70715 0.704403 0.0612732
  outer loop
    vertex 33.40915704661526 279.937337738487 2.205237289333273
    vertex 32.6574926336224 280.5793276027762 3.499765951765943
    vertex 34.06547303763427 279.1658749650088 3.499553464934594
  endloop
endfacet
facet normal -0.452966 -0.889539 0.0595105
  outer loop
    vertex 25.25120204898509 270.3858561740846 3.500396642366294
    vertex 26.09429190937577 269.8691995939088 2.194831253968487
    vertex 27.00757726057772 269.4909089643523 3.491800523433995
  endloop
endfacet
facet normal -0.889398 -0.453208 0.0597832
  outer loop
    vertex 23.3410432227533 272.6224248686526 2.205237289333279
    vertex 23.85775860671814 271.779268338872 3.500598449680975
    vertex 22.96281984329192 273.5354761490202 3.500093205583781
  endloop
endfacet
facet normal -0.889375 0.453246 -0.0598381
  outer loop
    vertex 23.34104322275333 278.3427051653709 4.794762710666716
    vertex 23.85800667809653 279.1862030769084 3.500233954857526
    vertex 22.96277736977146 277.429523181015 3.50000000000163
  endloop
endfacet
facet normal -0.45309 0.889455 0.0598223
  outer loop
    vertex 27.00827203036592 281.4744467695273 3.499766045142493
    vertex 26.09424417678087 281.0959061193984 2.205237289333279
    vertex 25.25167735202861 280.5796191732153 3.500000000000025
  endloop
endfacet
facet normal 0.15627 0.985905 -0.0597638
  outer loop
    vertex 28.9554045531115 281.7825649344034 3.499999999999992
    vertex 29.93992145489351 281.7050015627611 4.794762710666701
    vertex 30.90156072630632 281.4741010523487 3.500150167722333
  endloop
endfacet
facet normal 0.80757 0.586734 -0.0597827
  outer loop
    vertex 34.56772542752671 278.3427051653709 2.20523728933328
    vertex 33.40915704661526 279.937337738487 2.205237289333273
    vertex 34.06547303763427 279.1658749650088 3.499553464934594
  endloop
endfacet
facet normal 0.156176 -0.986056 0.0574706
  outer loop
    vertex 30.90119138970218 269.4909089643522 6.5
    vertex 28.95438432514001 269.1825650170117 6.5
    vertex 29.88885577682901 269.2522549841178 5.156290524878337
  endloop
endfacet
facet normal -0.310165 -0.94889 -0.0583567
  outer loop
    vertex 26.09429190937577 269.8691995939088 2.194831253968487
    vertex 27.95424550887578 269.2624587198331 2.174909562372102
    vertex 27.00757726057772 269.4909089643523 3.491800523433995
  endloop
endfacet
facet normal 0.940595 -0.338423 0.0274142
  outer loop
    vertex 34.56772542752667 272.6224248686524 2.205237289333287
    vertex 34.94604037779948 273.5357579524496 0.5
    vertex 35.09028106324356 274.0540093760476 1.94875523326704
  endloop
endfacet
facet normal 0.940595 0.338423 0.0274142
  outer loop
    vertex 34.94604037779948 277.4293720815739 0.5
    vertex 34.56772542752671 278.3427051653709 2.20523728933328
    vertex 35.09028106324358 276.9111206579757 1.94875523326697
  endloop
endfacet
facet normal 0.940595 0.338423 -0.0274142
  outer loop
    vertex 34.56772542752672 278.3427051653709 4.794762710666723
    vertex 34.94604037779948 277.4293720815739 6.5
    vertex 35.09028106324358 276.9111206579757 5.051244766733037
  endloop
endfacet
facet normal 0.940595 -0.338423 -0.0274142
  outer loop
    vertex 34.94604037779948 273.5357579524496 6.5
    vertex 34.56772542752672 272.6224248686526 4.794762710666722
    vertex 35.09028106324358 274.0540093760478 5.051244766733034
  endloop
endfacet
facet normal 0.937768 -0.346479 -0.0233075
  outer loop
    vertex 34.99247614559388 273.6849423736942 3.5
    vertex 34.56772542752667 272.6224248686524 2.205237289333287
    vertex 35.09028106324356 274.0540093760476 1.94875523326704
  endloop
endfacet
facet normal 0.937485 0.346994 -0.0267593
  outer loop
    vertex 34.56772542752671 278.3427051653709 2.20523728933328
    vertex 34.96669478253383 277.3646178759699 3.499640237314324
    vertex 35.09028106324358 276.9111206579757 1.94875523326697
  endloop
endfacet
facet normal 0.937768 -0.346479 0.0233075
  outer loop
    vertex 34.56772542752672 272.6224248686526 4.794762710666722
    vertex 34.99247614559388 273.6849423736942 3.5
    vertex 35.09028106324358 274.0540093760478 5.051244766733034
  endloop
endfacet
facet normal 0.937487 0.346992 0.0267462
  outer loop
    vertex 34.96669478253383 277.3646178759699 3.499640237314324
    vertex 34.56772542752672 278.3427051653709 4.794762710666723
    vertex 35.09028106324358 276.9111206579757 5.051244766733037
  endloop
endfacet
facet normal 0.991448 -0.126407 0.0324357
  outer loop
    vertex 35.25438432514001 275.4825650170117 2.5
    vertex 34.99247614559388 273.6849423736942 3.5
    vertex 35.09028106324356 274.0540093760476 1.94875523326704
  endloop
endfacet
facet normal 0.990711 0.129642 0.0410384
  outer loop
    vertex 34.96669478253383 277.3646178759699 3.499640237314324
    vertex 35.25438432514001 275.4825650170117 2.5
    vertex 35.09028106324358 276.9111206579757 1.94875523326697
  endloop
endfacet
facet normal 0.991448 -0.126407 -0.0324357
  outer loop
    vertex 34.99247614559388 273.6849423736942 3.5
    vertex 35.25438432514001 275.4825650170117 4.5
    vertex 35.09028106324358 274.0540093760478 5.051244766733034
  endloop
endfacet
facet normal 0.990713 0.129636 -0.0410214
  outer loop
    vertex 35.25438432514001 275.4825650170117 4.5
    vertex 34.96669478253383 277.3646178759699 3.499640237314324
    vertex 35.09028106324358 276.9111206579757 5.051244766733037
  endloop
endfacet
facet normal 0.147149 -0.988134 -0.0440244
  outer loop
    vertex 28.98056406055514 269.1826194123693 3.683366266594075
    vertex 30.77493246063108 269.451345862781 3.649321665115325
    vertex 29.88885577682901 269.2522549841178 5.156290524878337
  endloop
endfacet
facet normal -0.311907 -0.948417 0.0567367
  outer loop
    vertex 27.99923431151581 269.2553916252172 5.006442915626801
    vertex 26.09424417678086 269.869223914625 4.794762710666722
    vertex 27.00757726057772 269.4909089643523 3.491800523433995
  endloop
endfacet
facet normal 0 -0 1
  outer loop
    vertex 30.86613707426358 271.6843313663445 6.5
    vertex 31.10608410644158 273.8088916336253 6.5
    vertex 29.27867081735398 273.2537248218567 6.5
  endloop
endfacet
facet normal 0 0 1
  outer loop
    vertex 34.94604037779948 273.5357579524496 6.5
    vertex 33.54872809962019 275.4390493021486 6.5
    vertex 33.020959219814 273.5695239300088 6.5
  endloop
endfacet
facet normal 0 0 1
  outer loop
    vertex 24.93110124321863 273.4325998962524 6.5
    vertex 25.61585223211931 271.9514249865484 6.5
    vertex 27.17737809694873 272.8908123459003 6.5
  endloop
endfacet
facet normal 0 0 1
  outer loop
    vertex 27.17737809694873 272.8908123459003 6.5
    vertex 26.02831672246199 274.4760574665052 6.5
    vertex 24.93110124321863 273.4325998962524 6.5
  endloop
endfacet
facet normal 0 -0 1
  outer loop
    vertex 27.00757726057784 269.4909089643522 6.5
    vertex 28.8376730404843 271.0904356764066 6.5
    vertex 26.8618673241539 271.2684368105707 6.5
  endloop
endfacet
facet normal 0 0 1
  outer loop
    vertex 35.25438432514001 275.4825650170117 6.5
    vertex 33.54872809962019 275.4390493021486 6.5
    vertex 34.94604037779948 273.5357579524496 6.5
  endloop
endfacet
facet normal 0 0 1
  outer loop
    vertex 28.95438432514001 269.1825650170117 6.5
    vertex 28.8376730404843 271.0904356764066 6.5
    vertex 27.00757726057784 269.4909089643522 6.5
  endloop
endfacet
facet normal 0 0 1
  outer loop
    vertex 29.27867081735398 273.2537248218567 6.5
    vertex 28.8376730404843 271.0904356764066 6.5
    vertex 30.86613707426358 271.6843313663445 6.5
  endloop
endfacet
facet normal 0 0 1
  outer loop
    vertex 30.90119138970218 269.4909089643522 6.5
    vertex 28.8376730404843 271.0904356764066 6.5
    vertex 28.95438432514001 269.1825650170117 6.5
  endloop
endfacet
facet normal 0 0 1
  outer loop
    vertex 30.86613707426358 271.6843313663445 6.5
    vertex 28.8376730404843 271.0904356764066 6.5
    vertex 30.90119138970218 269.4909089643522 6.5
  endloop
endfacet
facet normal 0 0 1
  outer loop
    vertex 30.86613707426358 271.6843313663445 6.5
    vertex 32.34036064096079 272.2456045619995 6.5
    vertex 31.10608410644158 273.8088916336253 6.5
  endloop
endfacet
facet normal 0 0 1
  outer loop
    vertex 32.93510741956007 277.4818823332131 6.5
    vertex 33.54872809962019 275.4390493021486 6.5
    vertex 34.94604037779948 277.4293720815739 6.5
  endloop
endfacet
facet normal 0 0 1
  outer loop
    vertex 34.94604037779948 277.4293720815739 6.5
    vertex 33.54872809962019 275.4390493021486 6.5
    vertex 35.25438432514001 275.4825650170117 6.5
  endloop
endfacet
facet normal -0 0 1
  outer loop
    vertex 31.44635702164308 275.9010694378721 6.5
    vertex 33.54872809962019 275.4390493021486 6.5
    vertex 32.93510741956007 277.4818823332131 6.5
  endloop
endfacet
facet normal 0 0 1
  outer loop
    vertex 31.10608410644158 273.8088916336253 6.5
    vertex 32.34036064096079 272.2456045619995 6.5
    vertex 33.020959219814 273.5695239300088 6.5
  endloop
endfacet
facet normal 0 0 1
  outer loop
    vertex 32.93510741956007 277.4818823332131 6.5
    vertex 31.28807463740021 277.9274531721521 6.5
    vertex 31.44635702164308 275.9010694378721 6.5
  endloop
endfacet
facet normal 0 0 1
  outer loop
    vertex 28.04792069808455 276.4763173320969 6.5
    vertex 26.28844737924832 276.1509682200538 6.5
    vertex 27.73686278254536 274.6998098210936 6.5
  endloop
endfacet
facet normal 0 0 1
  outer loop
    vertex 27.17737809694873 272.8908123459003 6.5
    vertex 25.61585223211931 271.9514249865484 6.5
    vertex 26.8618673241539 271.2684368105707 6.5
  endloop
endfacet
facet normal 0 0 1
  outer loop
    vertex 24.48338353977746 275.9286052981278 6.5
    vertex 24.00128046007612 274.5215383196597 6.5
    vertex 26.02831672246199 274.4760574665052 6.5
  endloop
endfacet
facet normal 0 0 1
  outer loop
    vertex 28.8376730404843 271.0904356764066 6.5
    vertex 27.17737809694873 272.8908123459003 6.5
    vertex 26.8618673241539 271.2684368105707 6.5
  endloop
endfacet
facet normal -0 0 1
  outer loop
    vertex 24.48338353977746 275.9286052981278 6.5
    vertex 26.02831672246199 274.4760574665052 6.5
    vertex 26.28844737924832 276.1509682200538 6.5
  endloop
endfacet
facet normal 0 0 1
  outer loop
    vertex 29.27867081735398 273.2537248218567 6.5
    vertex 27.17737809694873 272.8908123459003 6.5
    vertex 28.8376730404843 271.0904356764066 6.5
  endloop
endfacet
facet normal 0 0 1
  outer loop
    vertex 33.54872809962019 275.4390493021486 6.5
    vertex 32.28053211187972 274.6796335759137 6.5
    vertex 33.020959219814 273.5695239300088 6.5
  endloop
endfacet
facet normal 0 0 1
  outer loop
    vertex 26.62738913144314 277.8261344519084 6.5
    vertex 26.28844737924832 276.1509682200538 6.5
    vertex 28.04792069808455 276.4763173320969 6.5
  endloop
endfacet
facet normal -0 0 1
  outer loop
    vertex 29.50795602594648 275.1486860234171 6.5
    vertex 31.10608410644158 273.8088916336253 6.5
    vertex 31.44635702164308 275.9010694378721 6.5
  endloop
endfacet
facet normal -0 0 1
  outer loop
    vertex 25.25133723569743 280.5793720815739 6.5
    vertex 26.8807742523344 279.5628013468465 6.5
    vertex 27.00757726057784 281.4742210696712 6.5
  endloop
endfacet
facet normal 0 0 1
  outer loop
    vertex 32.65743141458259 270.3857579524496 6.5
    vertex 30.86613707426358 271.6843313663445 6.5
    vertex 30.90119138970218 269.4909089643522 6.5
  endloop
endfacet
facet normal 0 0 1
  outer loop
    vertex 22.96272827248054 277.4293720815739 6.5
    vertex 24.87414799530525 277.5561750898173 6.5
    vertex 23.85757726057784 279.1856121064543 6.5
  endloop
endfacet
facet normal 0 0 1
  outer loop
    vertex 34.94604037779948 273.5357579524496 6.5
    vertex 33.020959219814 273.5695239300088 6.5
    vertex 34.05119138970218 271.7795179275691 6.5
  endloop
endfacet
facet normal 0 0 1
  outer loop
    vertex 34.05119138970218 279.1856121064543 6.5
    vertex 32.93510741956007 277.4818823332131 6.5
    vertex 34.94604037779948 277.4293720815739 6.5
  endloop
endfacet
facet normal 0 -0 1
  outer loop
    vertex 23.85757726057784 271.7795179275691 6.5
    vertex 24.93110124321863 273.4325998962524 6.5
    vertex 22.96272827248054 273.5357579524496 6.5
  endloop
endfacet
facet normal 0 0 1
  outer loop
    vertex 27.00757726057784 269.4909089643522 6.5
    vertex 26.8618673241539 271.2684368105707 6.5
    vertex 25.25133723569743 270.3857579524496 6.5
  endloop
endfacet
facet normal 0 0 1
  outer loop
    vertex 30.90119138970218 281.4742210696712 6.5
    vertex 31.20870776801131 279.6491857678226 6.5
    vertex 32.65743141458259 280.5793720815739 6.5
  endloop
endfacet
facet normal 0 0 1
  outer loop
    vertex 29.27867081735398 273.2537248218567 6.5
    vertex 31.10608410644158 273.8088916336253 6.5
    vertex 29.50795602594648 275.1486860234171 6.5
  endloop
endfacet
facet normal -0 0 1
  outer loop
    vertex 27.73686278254536 274.6998098210936 6.5
    vertex 29.27867081735398 273.2537248218567 6.5
    vertex 29.50795602594648 275.1486860234171 6.5
  endloop
endfacet
facet normal 0 0 1
  outer loop
    vertex 29.50795602594648 275.1486860234171 6.5
    vertex 31.44635702164308 275.9010694378721 6.5
    vertex 29.7732921553188 277.017118411961 6.5
  endloop
endfacet
facet normal 0 0 1
  outer loop
    vertex 28.04792069808455 276.4763173320969 6.5
    vertex 27.73686278254536 274.6998098210936 6.5
    vertex 29.50795602594648 275.1486860234171 6.5
  endloop
endfacet
facet normal -0 0 1
  outer loop
    vertex 28.04792069808455 276.4763173320969 6.5
    vertex 29.50795602594648 275.1486860234171 6.5
    vertex 29.7732921553188 277.017118411961 6.5
  endloop
endfacet
facet normal 0 0 1
  outer loop
    vertex 28.04792069808455 276.4763173320969 6.5
    vertex 29.7732921553188 277.017118411961 6.5
    vertex 28.36050233485883 278.3018917920924 6.5
  endloop
endfacet
facet normal -0 0 1
  outer loop
    vertex 26.62738913144314 277.8261344519084 6.5
    vertex 28.04792069808455 276.4763173320969 6.5
    vertex 28.36050233485883 278.3018917920924 6.5
  endloop
endfacet
facet normal 0 0 1
  outer loop
    vertex 26.8807742523344 279.5628013468465 6.5
    vertex 28.50395534253581 280.0174252327467 6.5
    vertex 27.00757726057784 281.4742210696712 6.5
  endloop
endfacet
facet normal 0 0 1
  outer loop
    vertex 22.65438432514001 275.4825650170117 6.5
    vertex 24.48338353977746 275.9286052981278 6.5
    vertex 22.96272827248054 277.4293720815739 6.5
  endloop
endfacet
facet normal -0 0 1
  outer loop
    vertex 27.00757726057784 281.4742210696712 6.5
    vertex 28.50395534253581 280.0174252327467 6.5
    vertex 28.95438432514001 281.7825650170117 6.5
  endloop
endfacet
facet normal -0 0 1
  outer loop
    vertex 22.96272827248054 277.4293720815739 6.5
    vertex 24.48338353977746 275.9286052981278 6.5
    vertex 24.87414799530525 277.5561750898173 6.5
  endloop
endfacet
facet normal 0 0 1
  outer loop
    vertex 31.44635702164308 275.9010694378721 6.5
    vertex 31.28807463740021 277.9274531721521 6.5
    vertex 29.7732921553188 277.017118411961 6.5
  endloop
endfacet
facet normal 0 0 1
  outer loop
    vertex 26.28844737924832 276.1509682200538 6.5
    vertex 26.02831672246199 274.4760574665052 6.5
    vertex 27.73686278254536 274.6998098210936 6.5
  endloop
endfacet
facet normal 0 -0 1
  outer loop
    vertex 29.85977882430538 278.7931560895154 6.5
    vertex 29.89411995638268 280.3696987058456 6.5
    vertex 28.50395534253581 280.0174252327467 6.5
  endloop
endfacet
facet normal -0 0 1
  outer loop
    vertex 24.87414799530525 277.5561750898173 6.5
    vertex 26.28844737924832 276.1509682200538 6.5
    vertex 26.62738913144314 277.8261344519084 6.5
  endloop
endfacet
facet normal 0 0 1
  outer loop
    vertex 26.62738913144314 277.8261344519084 6.5
    vertex 28.36050233485883 278.3018917920924 6.5
    vertex 26.8807742523344 279.5628013468465 6.5
  endloop
endfacet
facet normal 0 0 1
  outer loop
    vertex 26.02831672246199 274.4760574665052 6.5
    vertex 24.00128046007612 274.5215383196597 6.5
    vertex 24.93110124321863 273.4325998962524 6.5
  endloop
endfacet
facet normal 0 0 1
  outer loop
    vertex 28.36050233485883 278.3018917920924 6.5
    vertex 29.85977882430538 278.7931560895154 6.5
    vertex 28.50395534253581 280.0174252327467 6.5
  endloop
endfacet
facet normal 0 0 1
  outer loop
    vertex 27.73686278254536 274.6998098210936 6.5
    vertex 26.02831672246199 274.4760574665052 6.5
    vertex 27.17737809694873 272.8908123459003 6.5
  endloop
endfacet
facet normal 0 -0 1
  outer loop
    vertex 28.36050233485883 278.3018917920924 6.5
    vertex 28.50395534253581 280.0174252327467 6.5
    vertex 26.8807742523344 279.5628013468465 6.5
  endloop
endfacet
facet normal 0 0 1
  outer loop
    vertex 24.87414799530525 277.5561750898173 6.5
    vertex 24.48338353977746 275.9286052981278 6.5
    vertex 26.28844737924832 276.1509682200538 6.5
  endloop
endfacet
facet normal 0 0 1
  outer loop
    vertex 27.73686278254536 274.6998098210936 6.5
    vertex 27.17737809694873 272.8908123459003 6.5
    vertex 29.27867081735398 273.2537248218567 6.5
  endloop
endfacet
facet normal 0 -0 1
  outer loop
    vertex 24.87414799530525 277.5561750898173 6.5
    vertex 25.43706926772152 278.9998800744302 6.5
    vertex 23.85757726057784 279.1856121064543 6.5
  endloop
endfacet
facet normal 0 0 1
  outer loop
    vertex 33.020959219814 273.5695239300088 6.5
    vertex 32.34036064096079 272.2456045619995 6.5
    vertex 34.05119138970218 271.7795179275691 6.5
  endloop
endfacet
facet normal -0 0 1
  outer loop
    vertex 31.20870776801131 279.6491857678226 6.5
    vertex 32.45990060005629 278.9680597932609 6.5
    vertex 32.65743141458259 280.5793720815739 6.5
  endloop
endfacet
facet normal 0 0 1
  outer loop
    vertex 34.05119138970218 279.1856121064543 6.5
    vertex 32.45990060005629 278.9680597932609 6.5
    vertex 32.93510741956007 277.4818823332131 6.5
  endloop
endfacet
facet normal -0 0 1
  outer loop
    vertex 23.85757726057784 279.1856121064543 6.5
    vertex 25.43706926772152 278.9998800744302 6.5
    vertex 25.25133723569743 280.5793720815739 6.5
  endloop
endfacet
facet normal 0 0 1
  outer loop
    vertex 25.25133723569743 280.5793720815739 6.5
    vertex 25.43706926772152 278.9998800744302 6.5
    vertex 26.8807742523344 279.5628013468465 6.5
  endloop
endfacet
facet normal 0 0 1
  outer loop
    vertex 34.05119138970218 271.7795179275691 6.5
    vertex 32.34036064096079 272.2456045619995 6.5
    vertex 32.65743141458259 270.3857579524496 6.5
  endloop
endfacet
facet normal 0 0 1
  outer loop
    vertex 32.65743141458259 280.5793720815739 6.5
    vertex 32.45990060005629 278.9680597932609 6.5
    vertex 34.05119138970218 279.1856121064543 6.5
  endloop
endfacet
facet normal 0 0 1
  outer loop
    vertex 26.8618673241539 271.2684368105707 6.5
    vertex 25.61585223211931 271.9514249865484 6.5
    vertex 25.25133723569743 270.3857579524496 6.5
  endloop
endfacet
facet normal 0 -0 1
  outer loop
    vertex 25.25133723569743 270.3857579524496 6.5
    vertex 25.61585223211931 271.9514249865484 6.5
    vertex 23.85757726057784 271.7795179275691 6.5
  endloop
endfacet
facet normal 0 0 1
  outer loop
    vertex 23.85757726057784 271.7795179275691 6.5
    vertex 25.61585223211931 271.9514249865484 6.5
    vertex 24.93110124321863 273.4325998962524 6.5
  endloop
endfacet
facet normal 0 0 1
  outer loop
    vertex 32.65743141458259 270.3857579524496 6.5
    vertex 32.34036064096079 272.2456045619995 6.5
    vertex 30.86613707426358 271.6843313663445 6.5
  endloop
endfacet
facet normal 0 0 1
  outer loop
    vertex 33.020959219814 273.5695239300088 6.5
    vertex 32.28053211187972 274.6796335759137 6.5
    vertex 31.10608410644158 273.8088916336253 6.5
  endloop
endfacet
facet normal 0 0 1
  outer loop
    vertex 28.95438432514001 281.7825650170117 6.5
    vertex 29.89411995638268 280.3696987058456 6.5
    vertex 30.90119138970218 281.4742210696712 6.5
  endloop
endfacet
facet normal 0 -0 1
  outer loop
    vertex 22.96272827248054 273.5357579524496 6.5
    vertex 24.00128046007612 274.5215383196597 6.5
    vertex 22.65438432514001 275.4825650170117 6.5
  endloop
endfacet
facet normal 0 0 1
  outer loop
    vertex 31.10608410644158 273.8088916336253 6.5
    vertex 32.28053211187972 274.6796335759137 6.5
    vertex 31.44635702164308 275.9010694378721 6.5
  endloop
endfacet
facet normal 0 -0 1
  outer loop
    vertex 29.7732921553188 277.017118411961 6.5
    vertex 29.85977882430538 278.7931560895154 6.5
    vertex 28.36050233485883 278.3018917920924 6.5
  endloop
endfacet
facet normal 0 0 1
  outer loop
    vertex 24.93110124321863 273.4325998962524 6.5
    vertex 24.00128046007612 274.5215383196597 6.5
    vertex 22.96272827248054 273.5357579524496 6.5
  endloop
endfacet
facet normal 0 0 1
  outer loop
    vertex 30.90119138970218 281.4742210696712 6.5
    vertex 29.89411995638268 280.3696987058456 6.5
    vertex 31.20870776801131 279.6491857678226 6.5
  endloop
endfacet
facet normal 0 0 1
  outer loop
    vertex 24.87414799530525 277.5561750898173 6.5
    vertex 26.62738913144314 277.8261344519084 6.5
    vertex 25.43706926772152 278.9998800744302 6.5
  endloop
endfacet
facet normal -0 0 1
  outer loop
    vertex 25.43706926772152 278.9998800744302 6.5
    vertex 26.62738913144314 277.8261344519084 6.5
    vertex 26.8807742523344 279.5628013468465 6.5
  endloop
endfacet
facet normal 0 0 1
  outer loop
    vertex 31.44635702164308 275.9010694378721 6.5
    vertex 32.28053211187972 274.6796335759137 6.5
    vertex 33.54872809962019 275.4390493021486 6.5
  endloop
endfacet
facet normal 0 0 1
  outer loop
    vertex 31.20870776801131 279.6491857678226 6.5
    vertex 29.89411995638268 280.3696987058456 6.5
    vertex 29.85977882430538 278.7931560895154 6.5
  endloop
endfacet
facet normal 0 0 1
  outer loop
    vertex 31.20870776801131 279.6491857678226 6.5
    vertex 31.28807463740021 277.9274531721521 6.5
    vertex 32.45990060005629 278.9680597932609 6.5
  endloop
endfacet
facet normal 0 0 1
  outer loop
    vertex 28.50395534253581 280.0174252327467 6.5
    vertex 29.89411995638268 280.3696987058456 6.5
    vertex 28.95438432514001 281.7825650170117 6.5
  endloop
endfacet
facet normal -0 0 1
  outer loop
    vertex 22.65438432514001 275.4825650170117 6.5
    vertex 24.00128046007612 274.5215383196597 6.5
    vertex 24.48338353977746 275.9286052981278 6.5
  endloop
endfacet
facet normal 0 0 1
  outer loop
    vertex 31.20870776801131 279.6491857678226 6.5
    vertex 29.85977882430538 278.7931560895154 6.5
    vertex 31.28807463740021 277.9274531721521 6.5
  endloop
endfacet
facet normal 0 0 1
  outer loop
    vertex 32.45990060005629 278.9680597932609 6.5
    vertex 31.28807463740021 277.9274531721521 6.5
    vertex 32.93510741956007 277.4818823332131 6.5
  endloop
endfacet
facet normal 0 0 1
  outer loop
    vertex 31.28807463740021 277.9274531721521 6.5
    vertex 29.85977882430538 278.7931560895154 6.5
    vertex 29.7732921553188 277.017118411961 6.5
  endloop
endfacet
facet normal -0.981505 -0.191435 3.55225e-15
  outer loop
    vertex -49.32400286880345 271.6428632802912 3.910474578666598
    vertex -49.3240028688034 271.642863280291 6.5
    vertex -49.61643470680781 273.1421891917175 4.950332571885905
  endloop
endfacet
facet normal -0.906577 -0.42204 -1.28676e-14
  outer loop
    vertex -49.3240028688034 271.642863280291 6.5
    vertex -49.32400286880345 271.6428632802912 3.910474578666598
    vertex -48.67930353632875 270.2579960161604 4.950332571884
  endloop
endfacet
facet normal 0.891663 0.448179 -0.0638237
  outer loop
    vertex -37.7190057137572 276.4498104932123 4.794762710666718
    vertex -37.31999052036097 275.4715767645667 3.5
    vertex -38.23494014345724 277.2918920039721 3.500000000000003
  endloop
endfacet
facet normal 0.891663 0.448179 0.0638237
  outer loop
    vertex -37.31999052036097 275.4715767645667 3.5
    vertex -37.7190057137572 276.4498104932123 2.205237289333279
    vertex -38.23494014345724 277.2918920039721 3.500000000000003
  endloop
endfacet
facet normal 0.988426 -0.151705 0
  outer loop
    vertex -37.03234681614394 273.5896703448532 2.5
    vertex -37.03234681614394 273.5896703448532 4.5
    vertex -37.32232728041089 271.700314586901 3.499999999999996
  endloop
endfacet
facet normal -0.808315 -0.586984 0.0455745
  outer loop
    vertex -48.4291538807061 269.8866232554106 0.5
    vertex -47.78711953761913 269.1348976233779 2.205237289333291
    vertex -48.9433524943218 270.7249512871696 2.177479911654345
  endloop
endfacet
facet normal -0.950074 0.308698 -0.0454385
  outer loop
    vertex -49.55478336189331 274.5752074746066 4.794762710666718
    vertex -49.3240028688034 275.5364774094153 6.5
    vertex -48.94568791853064 276.4498104932123 4.794762710666697
  endloop
endfacet
facet normal 0.308698 0.950074 -0.0454385
  outer loop
    vertex -42.34680968639048 279.8121068906025 4.794762710666714
    vertex -41.38553975158176 279.5813263975127 6.5
    vertex -40.47220666778475 279.2030114472399 4.794762710666731
  endloop
endfacet
facet normal -0.890056 -0.453506 -0.0461875
  outer loop
    vertex -49.3240028688034 271.642863280291 0.5
    vertex -48.4291538807061 269.8866232554106 0.5
    vertex -48.9433524943218 270.7249512871696 2.177479911654345
  endloop
endfacet
facet normal -0.587178 0.808181 0.0454385
  outer loop
    vertex -46.19248696450306 279.2030114472399 2.205237289333285
    vertex -47.03539390558652 278.6864774094153 0.5
    vertex -47.78711953761917 278.0444430663284 2.205237289333299
  endloop
endfacet
facet normal -0.453522 0.890086 0.0454385
  outer loop
    vertex -47.03539390558651 278.6864774094154 6.5
    vertex -45.2791538807061 279.5813263975127 6.5
    vertex -46.19248696450307 279.2030114472399 4.794762710666713
  endloop
endfacet
facet normal -0.998957 0.000340836 0.0456509
  outer loop
    vertex -49.63234681614393 273.5896703448532 0.5
    vertex -49.55568407060512 272.6098369828801 2.184891762144602
    vertex -49.55464683712647 274.5760690719816 2.192908879598116
  endloop
endfacet
facet normal -0.706376 0.706376 0.0454385
  outer loop
    vertex -48.4291538807061 277.2927174342958 6.5
    vertex -47.03539390558651 278.6864774094154 6.5
    vertex -47.78711953761915 278.0444430663285 4.794762710666729
  endloop
endfacet
facet normal -0.308698 -0.950074 0.0454385
  outer loop
    vertex -45.2791538807061 267.5980142921937 0.5
    vertex -44.31788394589736 267.3672337991038 2.205237289333287
    vertex -46.19248696450309 267.9763292424665 2.205237289333293
  endloop
endfacet
facet normal -4.04212e-16 0.998967 0.0454385
  outer loop
    vertex -43.33234681614393 279.8896703448532 0.5
    vertex -44.31788394589739 279.8121068906025 2.205237289333287
    vertex -42.34680968639045 279.8121068906025 2.205237289333305
  endloop
endfacet
facet normal -0.308698 0.950074 -0.0454385
  outer loop
    vertex -46.19248696450307 279.2030114472399 4.794762710666713
    vertex -45.2791538807061 279.5813263975127 6.5
    vertex -44.31788394589736 279.8121068906025 4.794762710666717
  endloop
endfacet
facet normal -0.890086 0.453522 0.0454385
  outer loop
    vertex -49.3240028688034 275.5364774094153 6.5
    vertex -48.4291538807061 277.2927174342958 6.5
    vertex -48.94568791853064 276.4498104932123 4.794762710666697
  endloop
endfacet
facet normal -0.308698 0.950074 0.0454385
  outer loop
    vertex -44.31788394589739 279.8121068906025 2.205237289333287
    vertex -45.2791538807061 279.5813263975127 0.5
    vertex -46.19248696450306 279.2030114472399 2.205237289333285
  endloop
endfacet
facet normal 0.453522 0.890086 -0.0454385
  outer loop
    vertex -39.62929972670135 278.6864774094153 0.5
    vertex -41.38553975158177 279.5813263975127 0.5
    vertex -40.47220666778477 279.2030114472399 2.205237289333276
  endloop
endfacet
facet normal -0.986653 0.156271 -0.0457686
  outer loop
    vertex -49.3240028688034 275.5364774094153 0.5
    vertex -49.63234681614393 273.5896703448532 0.5
    vertex -49.55464683712647 274.5760690719816 2.192908879598116
  endloop
endfacet
facet normal 0.308698 -0.950074 0.0454385
  outer loop
    vertex -41.38553975158176 267.5980142921937 0.5
    vertex -40.47220666778479 267.9763292424665 2.205237289333279
    vertex -42.34680968639049 267.3672337991038 2.20523728933329
  endloop
endfacet
facet normal 0.308698 0.950074 0.0454385
  outer loop
    vertex -40.47220666778477 279.2030114472399 2.205237289333276
    vertex -41.38553975158177 279.5813263975127 0.5
    vertex -42.34680968639045 279.8121068906025 2.205237289333305
  endloop
endfacet
facet normal -2.04749e-17 -0.998967 -0.0454385
  outer loop
    vertex -42.34680968639049 267.3672337991038 4.794762710666718
    vertex -43.33234681614393 267.2896703448532 6.5
    vertex -44.31788394589742 267.3672337991038 4.794762710666719
  endloop
endfacet
facet normal 0.156273 0.986668 -0.0454385
  outer loop
    vertex -41.38553975158177 279.5813263975127 0.5
    vertex -43.33234681614393 279.8896703448532 0.5
    vertex -42.34680968639045 279.8121068906025 2.205237289333305
  endloop
endfacet
facet normal -0.808181 0.587178 0.0454385
  outer loop
    vertex -48.4291538807061 277.2927174342958 0.5
    vertex -48.94568791853065 276.4498104932123 2.205237289333279
    vertex -47.78711953761917 278.0444430663284 2.205237289333299
  endloop
endfacet
facet normal 0.453522 -0.890086 -0.0454385
  outer loop
    vertex -41.38553975158176 267.5980142921937 0.5
    vertex -39.62929972670135 268.492863280291 0.5
    vertex -40.47220666778479 267.9763292424665 2.205237289333279
  endloop
endfacet
facet normal -0.156273 -0.986668 -0.0454385
  outer loop
    vertex -45.2791538807061 267.5980142921937 0.5
    vertex -43.33234681614393 267.2896703448532 0.5
    vertex -44.31788394589736 267.3672337991038 2.205237289333287
  endloop
endfacet
facet normal -0.156273 0.986668 -0.0454385
  outer loop
    vertex -43.33234681614393 279.8896703448532 0.5
    vertex -45.2791538807061 279.5813263975127 0.5
    vertex -44.31788394589739 279.8121068906025 2.205237289333287
  endloop
endfacet
facet normal -0.453522 -0.890086 0.0454385
  outer loop
    vertex -45.2791538807061 267.5980142921937 6.5
    vertex -47.03539390558652 268.492863280291 6.5
    vertex -46.19248696450308 267.9763292424665 4.794762710666718
  endloop
endfacet
facet normal -0.587178 -0.808181 -0.0454385
  outer loop
    vertex -47.03539390558652 268.492863280291 6.5
    vertex -47.78711953761919 269.1348976233779 4.794762710666728
    vertex -46.19248696450308 267.9763292424665 4.794762710666718
  endloop
endfacet
facet normal 0.453522 0.890086 0.0454385
  outer loop
    vertex -41.38553975158176 279.5813263975127 6.5
    vertex -39.62929972670135 278.6864774094153 6.5
    vertex -40.47220666778475 279.2030114472399 4.794762710666731
  endloop
endfacet
facet normal -0.950148 -0.308491 -0.0453012
  outer loop
    vertex -49.55568407060512 272.6098369828801 2.184891762144602
    vertex -48.9433524943218 270.7249512871696 2.177479911654345
    vertex -49.32400286880345 271.6428632802912 3.910474578666598
  endloop
endfacet
facet normal -0.890086 0.453522 -0.0454385
  outer loop
    vertex -48.4291538807061 277.2927174342958 0.5
    vertex -49.3240028688034 275.5364774094153 0.5
    vertex -48.94568791853065 276.4498104932123 2.205237289333279
  endloop
endfacet
facet normal 0.156273 -0.986668 -0.0454385
  outer loop
    vertex -43.33234681614393 267.2896703448532 0.5
    vertex -41.38553975158176 267.5980142921937 0.5
    vertex -42.34680968639049 267.3672337991038 2.20523728933329
  endloop
endfacet
facet normal -0.706376 0.706376 -0.0454385
  outer loop
    vertex -47.03539390558652 278.6864774094153 0.5
    vertex -48.4291538807061 277.2927174342958 0.5
    vertex -47.78711953761917 278.0444430663284 2.205237289333299
  endloop
endfacet
facet normal -0.453522 -0.890086 -0.0454385
  outer loop
    vertex -47.03539390558651 268.492863280291 0.5
    vertex -45.2791538807061 267.5980142921937 0.5
    vertex -46.19248696450309 267.9763292424665 2.205237289333293
  endloop
endfacet
facet normal -0.453522 0.890086 -0.0454385
  outer loop
    vertex -45.2791538807061 279.5813263975127 0.5
    vertex -47.03539390558652 278.6864774094153 0.5
    vertex -46.19248696450306 279.2030114472399 2.205237289333285
  endloop
endfacet
facet normal 0.156273 0.986668 0.0454385
  outer loop
    vertex -43.33234681614393 279.8896703448532 6.5
    vertex -41.38553975158176 279.5813263975127 6.5
    vertex -42.34680968639048 279.8121068906025 4.794762710666714
  endloop
endfacet
facet normal 0.156273 -0.986668 0.0454385
  outer loop
    vertex -41.38553975158177 267.5980142921937 6.5
    vertex -43.33234681614393 267.2896703448532 6.5
    vertex -42.34680968639049 267.3672337991038 4.794762710666718
  endloop
endfacet
facet normal -0.156273 0.986668 0.0454385
  outer loop
    vertex -45.2791538807061 279.5813263975127 6.5
    vertex -43.33234681614393 279.8896703448532 6.5
    vertex -44.31788394589736 279.8121068906025 4.794762710666717
  endloop
endfacet
facet normal 0.706376 0.706376 0.0454385
  outer loop
    vertex -39.62929972670135 278.6864774094153 6.5
    vertex -38.23553975158176 277.2927174342958 6.5
    vertex -38.87757409466868 278.0444430663284 4.794762710666728
  endloop
endfacet
facet normal -0.706376 -0.706376 0.0454385
  outer loop
    vertex -47.03539390558652 268.492863280291 6.5
    vertex -48.4291538807061 269.8866232554106 6.5
    vertex -47.78711953761919 269.1348976233779 4.794762710666728
  endloop
endfacet
facet normal -0.156273 -0.986668 0.0454385
  outer loop
    vertex -43.33234681614393 267.2896703448532 6.5
    vertex -45.2791538807061 267.5980142921937 6.5
    vertex -44.31788394589742 267.3672337991038 4.794762710666719
  endloop
endfacet
facet normal -6.14246e-17 -0.998967 0.0454385
  outer loop
    vertex -44.31788394589736 267.3672337991038 2.205237289333287
    vertex -43.33234681614393 267.2896703448532 0.5
    vertex -42.34680968639049 267.3672337991038 2.20523728933329
  endloop
endfacet
facet normal -0.587178 -0.808181 0.0454385
  outer loop
    vertex -47.78711953761913 269.1348976233779 2.205237289333291
    vertex -47.03539390558651 268.492863280291 0.5
    vertex -46.19248696450309 267.9763292424665 2.205237289333293
  endloop
endfacet
facet normal -5.77446e-17 0.998967 -0.0454385
  outer loop
    vertex -43.33234681614393 279.8896703448532 6.5
    vertex -42.34680968639048 279.8121068906025 4.794762710666714
    vertex -44.31788394589736 279.8121068906025 4.794762710666717
  endloop
endfacet
facet normal -0.706376 -0.706376 -0.0454385
  outer loop
    vertex -48.4291538807061 269.8866232554106 0.5
    vertex -47.03539390558651 268.492863280291 0.5
    vertex -47.78711953761913 269.1348976233779 2.205237289333291
  endloop
endfacet
facet normal -0.308698 -0.950074 -0.0454385
  outer loop
    vertex -45.2791538807061 267.5980142921937 6.5
    vertex -46.19248696450308 267.9763292424665 4.794762710666718
    vertex -44.31788394589742 267.3672337991038 4.794762710666719
  endloop
endfacet
facet normal -0.986644 -0.156269 -0.0459844
  outer loop
    vertex -49.63234681614393 273.5896703448532 0.5
    vertex -49.3240028688034 271.642863280291 0.5
    vertex -49.55568407060512 272.6098369828801 2.184891762144602
  endloop
endfacet
facet normal -0.986668 0.156273 0.0454385
  outer loop
    vertex -49.63234681614393 273.5896703448532 6.5
    vertex -49.3240028688034 275.5364774094153 6.5
    vertex -49.55478336189331 274.5752074746066 4.794762710666718
  endloop
endfacet
facet normal 0.587178 0.808181 -0.0454385
  outer loop
    vertex -39.62929972670135 278.6864774094153 6.5
    vertex -38.87757409466868 278.0444430663284 4.794762710666728
    vertex -40.47220666778475 279.2030114472399 4.794762710666731
  endloop
endfacet
facet normal -0.808181 0.587178 -0.0454385
  outer loop
    vertex -48.94568791853064 276.4498104932123 4.794762710666697
    vertex -48.4291538807061 277.2927174342958 6.5
    vertex -47.78711953761915 278.0444430663285 4.794762710666729
  endloop
endfacet
facet normal -0.949985 -0.308799 0.0465947
  outer loop
    vertex -49.55568407060512 272.6098369828801 2.184891762144602
    vertex -49.3240028688034 271.642863280291 0.5
    vertex -48.9433524943218 270.7249512871696 2.177479911654345
  endloop
endfacet
facet normal -0.587178 0.808181 -0.0454385
  outer loop
    vertex -47.03539390558651 278.6864774094154 6.5
    vertex -46.19248696450307 279.2030114472399 4.794762710666713
    vertex -47.78711953761915 278.0444430663285 4.794762710666729
  endloop
endfacet
facet normal -0.950136 0.308491 0.045563
  outer loop
    vertex -48.94568791853065 276.4498104932123 2.205237289333279
    vertex -49.3240028688034 275.5364774094153 0.5
    vertex -49.55464683712647 274.5760690719816 2.192908879598116
  endloop
endfacet
facet normal 0.706341 -0.706341 -0.0465249
  outer loop
    vertex -39.62929972670135 268.492863280291 0.5
    vertex -38.23553975158176 269.8866232554106 0.5
    vertex -38.89855110244641 269.1140189320198 2.16384045833495
  endloop
endfacet
facet normal 0.58607 -0.80903 0.0446338
  outer loop
    vertex -40.47220666778479 267.9763292424665 2.205237289333279
    vertex -39.62929972670135 268.492863280291 0.5
    vertex -38.89855110244641 269.1140189320198 2.16384045833495
  endloop
endfacet
facet normal 0.453506 -0.890055 0.0461909
  outer loop
    vertex -39.62929972670135 268.492863280291 6.5
    vertex -41.38553975158177 267.5980142921937 6.5
    vertex -40.47984023835865 267.9724462774252 4.822725641924144
  endloop
endfacet
facet normal 0.308668 -0.950085 -0.0454201
  outer loop
    vertex -41.38553975158177 267.5980142921937 6.5
    vertex -42.34680968639049 267.3672337991038 4.794762710666718
    vertex -40.47984023835865 267.9724462774252 4.822725641924144
  endloop
endfacet
facet normal 0.808181 0.587178 -0.0454385
  outer loop
    vertex -38.87757409466868 278.0444430663284 4.794762710666728
    vertex -38.23553975158176 277.2927174342958 6.5
    vertex -37.7190057137572 276.4498104932123 4.794762710666718
  endloop
endfacet
facet normal 0.890086 0.453522 0.0454385
  outer loop
    vertex -38.23553975158176 277.2927174342958 6.5
    vertex -37.34069076348447 275.5364774094153 6.5
    vertex -37.7190057137572 276.4498104932123 4.794762710666718
  endloop
endfacet
facet normal 0.706341 -0.706341 0.0465249
  outer loop
    vertex -38.23553975158176 269.8866232554106 6.5
    vertex -39.62929972670135 268.492863280291 6.5
    vertex -38.89855110244638 269.1140189320198 4.83615954166507
  endloop
endfacet
facet normal 0.706376 0.706376 -0.0454385
  outer loop
    vertex -38.23553975158176 277.2927174342958 0.5
    vertex -39.62929972670135 278.6864774094153 0.5
    vertex -38.87757409466868 278.0444430663284 2.205237289333278
  endloop
endfacet
facet normal 0.587178 0.808181 0.0454385
  outer loop
    vertex -39.62929972670135 278.6864774094153 0.5
    vertex -40.47220666778477 279.2030114472399 2.205237289333276
    vertex -38.87757409466868 278.0444430663284 2.205237289333278
  endloop
endfacet
facet normal 0.584983 -0.809775 -0.0453896
  outer loop
    vertex -38.89855110244638 269.1140189320198 4.83615954166507
    vertex -39.62929972670135 268.492863280291 6.5
    vertex -40.47984023835865 267.9724462774252 4.822725641924144
  endloop
endfacet
facet normal 0.890086 0.453522 -0.0454385
  outer loop
    vertex -37.34069076348447 275.5364774094153 0.5
    vertex -38.23553975158176 277.2927174342958 0.5
    vertex -37.7190057137572 276.4498104932123 2.205237289333279
  endloop
endfacet
facet normal 0.808181 0.587178 0.0454385
  outer loop
    vertex -37.7190057137572 276.4498104932123 2.205237289333279
    vertex -38.23553975158176 277.2927174342958 0.5
    vertex -38.87757409466868 278.0444430663284 2.205237289333278
  endloop
endfacet
facet normal 0.891216 -0.449473 0.0608914
  outer loop
    vertex -37.75926333555037 270.6518581455567 2.155839561597045
    vertex -37.32232728041089 271.700314586901 3.499999999999996
    vertex -38.24042073840115 269.8799144473846 3.499999999999975
  endloop
endfacet
facet normal 0.891216 -0.449473 -0.0608914
  outer loop
    vertex -37.32232728041089 271.700314586901 3.499999999999996
    vertex -37.75926333555032 270.6518581455568 4.84416043840301
    vertex -38.24042073840115 269.8799144473846 3.499999999999975
  endloop
endfacet
facet normal 0.890046 -0.453501 -0.0464254
  outer loop
    vertex -38.23553975158176 269.8866232554106 0.5
    vertex -37.34069076348447 271.642863280291 0.5
    vertex -37.75926333555037 270.6518581455567 2.155839561597045
  endloop
endfacet
facet normal 0.890046 -0.453501 0.0464254
  outer loop
    vertex -37.34069076348447 271.642863280291 6.5
    vertex -38.23553975158176 269.8866232554106 6.5
    vertex -37.75926333555032 270.6518581455568 4.84416043840301
  endloop
endfacet
facet normal 0.802857 -0.594558 0.0438415
  outer loop
    vertex -38.89855110244641 269.1140189320198 2.16384045833495
    vertex -38.23553975158176 269.8866232554106 0.5
    vertex -37.75926333555037 270.6518581455567 2.155839561597045
  endloop
endfacet
facet normal 0.802857 -0.594558 -0.0438415
  outer loop
    vertex -38.23553975158176 269.8866232554106 6.5
    vertex -38.89855110244638 269.1140189320198 4.83615954166507
    vertex -37.75926333555032 270.6518581455568 4.84416043840301
  endloop
endfacet
facet normal 0.98852 0.151092 0
  outer loop
    vertex -37.03234681614394 273.5896703448532 4.5
    vertex -37.03234681614394 273.5896703448532 2.5
    vertex -37.31999052036097 275.4715767645667 3.5
  endloop
endfacet
facet normal -0.89046 -0.453712 0.0350088
  outer loop
    vertex -48.4291538807061 269.8866232554106 6.5
    vertex -49.3240028688034 271.642863280291 6.5
    vertex -48.67930353632875 270.2579960161604 4.950332571884
  endloop
endfacet
facet normal -0.987083 -0.156339 0.0350088
  outer loop
    vertex -49.3240028688034 271.642863280291 6.5
    vertex -49.63234681614393 273.5896703448532 6.5
    vertex -49.61643470680781 273.1421891917175 4.950332571885905
  endloop
endfacet
facet normal 0.993251 -0.115987 0
  outer loop
    vertex -37.03234681614394 273.5896703448532 0.5
    vertex -37.03234681614394 273.5896703448532 2.5
    vertex -37.20185548616892 272.1380932531694 1.969303586074658
  endloop
endfacet
facet normal 0.993251 -0.115987 0
  outer loop
    vertex -37.03234681614394 273.5896703448532 4.5
    vertex -37.03234681614394 273.5896703448532 6.5
    vertex -37.20185548616892 272.1380932531694 5.03069641392534
  endloop
endfacet
facet normal 0.986875 -0.156306 -0.0405674
  outer loop
    vertex -37.34069076348447 271.642863280291 0.5
    vertex -37.03234681614394 273.5896703448532 0.5
    vertex -37.20185548616892 272.1380932531694 1.969303586074658
  endloop
endfacet
facet normal 0.986875 -0.156306 0.0405674
  outer loop
    vertex -37.03234681614394 273.5896703448532 6.5
    vertex -37.34069076348447 271.642863280291 6.5
    vertex -37.20185548616892 272.1380932531694 5.03069641392534
  endloop
endfacet
facet normal -0.884895 -0.463004 0.0508723
  outer loop
    vertex -49.32400286880345 271.6428632802912 3.910474578666598
    vertex -48.9433524943218 270.7249512871696 2.177479911654345
    vertex -48.42915388070606 269.8866232554105 3.491800523432901
  endloop
endfacet
facet normal -0.988037 -0.145495 0.0511246
  outer loop
    vertex -49.55568407060512 272.6098369828801 2.184891762144602
    vertex -49.32400286880345 271.6428632802912 3.910474578666598
    vertex -49.63234681614393 273.5896703448533 3.491800523433985
  endloop
endfacet
facet normal 0.993467 0.114123 0
  outer loop
    vertex -37.03234681614394 273.5896703448532 6.5
    vertex -37.03234681614394 273.5896703448532 4.5
    vertex -37.19645007804036 275.0182259858171 5.051244766733068
  endloop
endfacet
facet normal 0.986803 0.156294 0.042338
  outer loop
    vertex -37.34069076348447 275.5364774094153 6.5
    vertex -37.03234681614394 273.5896703448532 6.5
    vertex -37.19645007804036 275.0182259858171 5.051244766733068
  endloop
endfacet
facet normal 0.993467 0.114123 0
  outer loop
    vertex -37.03234681614394 273.5896703448532 2.5
    vertex -37.03234681614394 273.5896703448532 0.5
    vertex -37.19645007804036 275.0182259858171 1.948755233266931
  endloop
endfacet
facet normal 0.986803 0.156294 -0.042338
  outer loop
    vertex -37.03234681614394 273.5896703448532 0.5
    vertex -37.34069076348447 275.5364774094153 0.5
    vertex -37.19645007804036 275.0182259858171 1.948755233266931
  endloop
endfacet
facet normal -0.985551 -0.164647 -0.0397621
  outer loop
    vertex -49.32400286880345 271.6428632802912 3.910474578666598
    vertex -49.61643470680781 273.1421891917175 4.950332571885905
    vertex -49.63234681614393 273.5896703448533 3.491800523433985
  endloop
endfacet
facet normal -0.894104 -0.44609 -0.0397621
  outer loop
    vertex -48.67930353632875 270.2579960161604 4.950332571884
    vertex -49.32400286880345 271.6428632802912 3.910474578666598
    vertex -48.42915388070606 269.8866232554105 3.491800523432901
  endloop
endfacet
facet normal -0.784296 -0.619997 -0.0219779
  outer loop
    vertex -47.78711953761919 269.1348976233779 4.794762710666728
    vertex -48.4291538807061 269.8866232554106 6.5
    vertex -48.67930353632875 270.2579960161604 4.950332571884
  endloop
endfacet
facet normal -0.998934 0.0405902 -0.0219779
  outer loop
    vertex -49.63234681614393 273.5896703448532 6.5
    vertex -49.55478336189331 274.5752074746066 4.794762710666718
    vertex -49.61643470680781 273.1421891917175 4.950332571885905
  endloop
endfacet
facet normal -0.985887 0.156429 -0.059632
  outer loop
    vertex -49.55478336189331 274.5752074746066 4.794762710666718
    vertex -49.32393346867192 275.5366909881049 3.500362584712068
    vertex -49.63234681614393 273.5896703448533 3.491800523433985
  endloop
endfacet
facet normal -0.453262 -0.889366 0.059848
  outer loop
    vertex -46.19248696450309 267.9763292424665 2.205237289333293
    vertex -45.27955523862867 267.5981447161502 3.499401550330833
    vertex -47.0362192387964 268.4934630220773 3.50000000000001
  endloop
endfacet
facet normal -0.453252 0.889372 0.0598388
  outer loop
    vertex -45.27955523862855 279.5811959735562 3.499401550330827
    vertex -46.19248696450306 279.2030114472399 2.205237289333285
    vertex -47.03601088236651 278.6860290924858 3.49972753749547
  endloop
endfacet
facet normal 0.45234 -0.889883 0.0591329
  outer loop
    vertex -41.38654259005248 267.5976885430013 3.50137870941679
    vertex -40.47220666778479 267.9763292424665 2.205237289333279
    vertex -39.63805150556432 268.486516206653 3.502065588118126
  endloop
endfacet
facet normal -0.705734 -0.70597 -0.0595492
  outer loop
    vertex -47.0362192387964 268.4934630220773 3.50000000000001
    vertex -47.78711953761919 269.1348976233779 4.794762710666728
    vertex -48.42915388070606 269.8866232554105 3.491800523432901
  endloop
endfacet
facet normal 0.156143 0.985923 -0.0597872
  outer loop
    vertex -42.34680968639048 279.8121068906025 4.794762710666714
    vertex -41.38561171933372 279.5813497807749 3.49976595176595
    vertex -43.33252986047648 279.8896703421941 3.499468015971807
  endloop
endfacet
facet normal 0.308464 0.949355 0.0597876
  outer loop
    vertex -42.34680968639048 279.8121068906025 4.794762710666714
    vertex -40.47220666778475 279.2030114472399 4.794762710666731
    vertex -41.38561171933372 279.5813497807749 3.49976595176595
  endloop
endfacet
facet normal -0.807568 0.586733 0.0598214
  outer loop
    vertex -48.94568791853064 276.4498104932123 4.794762710666697
    vertex -47.78711953761915 278.0444430663285 4.794762710666729
    vertex -48.42927856012852 277.2925458217174 3.500500905252433
  endloop
endfacet
facet normal -0.308463 0.949353 -0.0598259
  outer loop
    vertex -44.31788394589739 279.8121068906025 2.205237289333287
    vertex -46.19248696450306 279.2030114472399 2.205237289333285
    vertex -45.27955523862855 279.5811959735562 3.499401550330827
  endloop
endfacet
facet normal 2.69535e-17 -0.998209 0.059816
  outer loop
    vertex -42.34680968639049 267.3672337991038 4.794762710666718
    vertex -44.31788394589742 267.3672337991038 4.794762710666719
    vertex -43.33256314251054 267.2896703485673 3.500384197799829
  endloop
endfacet
facet normal -0.308463 -0.949353 -0.0598259
  outer loop
    vertex -46.19248696450309 267.9763292424665 2.205237289333293
    vertex -44.31788394589736 267.3672337991038 2.205237289333287
    vertex -45.27955523862867 267.5981447161502 3.499401550330833
  endloop
endfacet
facet normal -0.949238 0.30889 -0.0594473
  outer loop
    vertex -48.94568791853065 276.4498104932123 2.205237289333279
    vertex -49.55464683712647 274.5760690719816 2.192908879598116
    vertex -49.32393346867192 275.5366909881049 3.500362584712068
  endloop
endfacet
facet normal 8.08034e-17 0.998212 0.0597739
  outer loop
    vertex -44.31788394589736 279.8121068906025 4.794762710666717
    vertex -42.34680968639048 279.8121068906025 4.794762710666714
    vertex -43.33252986047648 279.8896703421941 3.499468015971807
  endloop
endfacet
facet normal 0.308465 -0.949358 -0.0597349
  outer loop
    vertex -42.34680968639049 267.3672337991038 2.20523728933329
    vertex -40.47220666778479 267.9763292424665 2.205237289333279
    vertex -41.38654259005248 267.5976885430013 3.50137870941679
  endloop
endfacet
facet normal 0.705919 0.70576 0.0598356
  outer loop
    vertex -38.87757409466868 278.0444430663284 2.205237289333278
    vertex -39.62902291524575 278.6862762826353 3.500150167719382
    vertex -38.23494014345724 277.2918920039721 3.500000000000003
  endloop
endfacet
facet normal 0.586734 0.80757 -0.0597914
  outer loop
    vertex -38.87757409466868 278.0444430663284 2.205237289333278
    vertex -40.47220666778477 279.2030114472399 2.205237289333276
    vertex -39.62902291524575 278.6862762826353 3.500150167719382
  endloop
endfacet
facet normal -0.453295 -0.889351 -0.0598205
  outer loop
    vertex -45.27955523862867 267.5981447161502 3.499401550330833
    vertex -46.19248696450308 267.9763292424665 4.794762710666718
    vertex -47.0362192387964 268.4934630220773 3.50000000000001
  endloop
endfacet
facet normal -0.45327 0.889365 -0.0597987
  outer loop
    vertex -46.19248696450307 279.2030114472399 4.794762710666713
    vertex -45.27955523862855 279.5811959735562 3.499401550330827
    vertex -47.03601088236651 278.6860290924858 3.49972753749547
  endloop
endfacet
facet normal -0.889416 0.453176 0.0597522
  outer loop
    vertex -48.42927856012852 277.2925458217174 3.500500905252433
    vertex -48.94568791853065 276.4498104932123 2.205237289333279
    vertex -49.32393346867192 275.5366909881049 3.500362584712068
  endloop
endfacet
facet normal -0.156175 -0.985917 -0.0598058
  outer loop
    vertex -44.31788394589742 267.3672337991038 4.794762710666719
    vertex -45.27955523862867 267.5981447161502 3.499401550330833
    vertex -43.33256314251054 267.2896703485673 3.500384197799829
  endloop
endfacet
facet normal -0.156234 -0.985907 0.0598156
  outer loop
    vertex -45.27955523862867 267.5981447161502 3.499401550330833
    vertex -44.31788394589736 267.3672337991038 2.205237289333287
    vertex -43.33256314251054 267.2896703485673 3.500384197799829
  endloop
endfacet
facet normal -0.1562 0.985914 -0.0597867
  outer loop
    vertex -45.27955523862855 279.5811959735562 3.499401550330827
    vertex -44.31788394589736 279.8121068906025 4.794762710666717
    vertex -43.33252986047648 279.8896703421941 3.499468015971807
  endloop
endfacet
facet normal -0.156203 0.985911 0.0598387
  outer loop
    vertex -44.31788394589739 279.8121068906025 2.205237289333287
    vertex -45.27955523862855 279.5811959735562 3.499401550330827
    vertex -43.33252986047648 279.8896703421941 3.499468015971807
  endloop
endfacet
facet normal -0.88941 0.453183 -0.059792
  outer loop
    vertex -48.94568791853064 276.4498104932123 4.794762710666697
    vertex -48.42927856012852 277.2925458217174 3.500500905252433
    vertex -49.32393346867192 275.5366909881049 3.500362584712068
  endloop
endfacet
facet normal -0.586733 -0.807569 -0.0597983
  outer loop
    vertex -47.78711953761913 269.1348976233779 2.205237289333291
    vertex -46.19248696450309 267.9763292424665 2.205237289333293
    vertex -47.0362192387964 268.4934630220773 3.50000000000001
  endloop
endfacet
facet normal -0.586733 -0.807569 0.0597983
  outer loop
    vertex -46.19248696450308 267.9763292424665 4.794762710666718
    vertex -47.78711953761919 269.1348976233779 4.794762710666728
    vertex -47.0362192387964 268.4934630220773 3.50000000000001
  endloop
endfacet
facet normal -0.586733 0.807569 -0.0598108
  outer loop
    vertex -46.19248696450306 279.2030114472399 2.205237289333285
    vertex -47.78711953761917 278.0444430663284 2.205237289333299
    vertex -47.03601088236651 278.6860290924858 3.49972753749547
  endloop
endfacet
facet normal -0.586734 0.80757 0.0597858
  outer loop
    vertex -47.78711953761915 278.0444430663285 4.794762710666729
    vertex -46.19248696450307 279.2030114472399 4.794762710666713
    vertex -47.03601088236651 278.6860290924858 3.49972753749547
  endloop
endfacet
facet normal 0.452405 -0.889922 -0.0580408
  outer loop
    vertex -40.47984023835865 267.9724462774252 4.822725641924144
    vertex -41.38654259005248 267.5976885430013 3.50137870941679
    vertex -39.63805150556432 268.486516206653 3.502065588118126
  endloop
endfacet
facet normal 0.156026 -0.985947 0.0597074
  outer loop
    vertex -43.33256314251054 267.2896703485673 3.500384197799829
    vertex -42.34680968639049 267.3672337991038 2.20523728933329
    vertex -41.38654259005248 267.5976885430013 3.50137870941679
  endloop
endfacet
facet normal 0.156085 -0.985932 -0.0597885
  outer loop
    vertex -42.34680968639049 267.3672337991038 4.794762710666718
    vertex -43.33256314251054 267.2896703485673 3.500384197799829
    vertex -41.38654259005248 267.5976885430013 3.50137870941679
  endloop
endfacet
facet normal 0.705913 0.705766 -0.0598425
  outer loop
    vertex -39.62902291524575 278.6862762826353 3.500150167719382
    vertex -38.87757409466868 278.0444430663284 4.794762710666728
    vertex -38.23494014345724 277.2918920039721 3.500000000000003
  endloop
endfacet
facet normal 0.453207 0.889396 -0.0598215
  outer loop
    vertex -41.38561171933372 279.5813497807749 3.49976595176595
    vertex -40.47220666778475 279.2030114472399 4.794762710666731
    vertex -39.62902291524575 278.6862762826353 3.500150167719382
  endloop
endfacet
facet normal 0.453186 0.889406 0.0598254
  outer loop
    vertex -40.47220666778477 279.2030114472399 2.205237289333276
    vertex -41.38561171933372 279.5813497807749 3.49976595176595
    vertex -39.62902291524575 278.6862762826353 3.500150167719382
  endloop
endfacet
facet normal 0.583944 -0.809788 -0.0570288
  outer loop
    vertex -40.47220666778479 267.9763292424665 2.205237289333279
    vertex -38.89855110244641 269.1140189320198 2.16384045833495
    vertex -39.63805150556432 268.486516206653 3.502065588118126
  endloop
endfacet
facet normal -0.705914 0.705771 -0.0597705
  outer loop
    vertex -47.78711953761915 278.0444430663285 4.794762710666729
    vertex -47.03601088236651 278.6860290924858 3.49972753749547
    vertex -48.42927856012852 277.2925458217174 3.500500905252433
  endloop
endfacet
facet normal 0.807569 0.586733 0.0597983
  outer loop
    vertex -38.87757409466868 278.0444430663284 4.794762710666728
    vertex -37.7190057137572 276.4498104932123 4.794762710666718
    vertex -38.23494014345724 277.2918920039721 3.500000000000003
  endloop
endfacet
facet normal 0.584058 -0.809701 0.0571009
  outer loop
    vertex -38.89855110244638 269.1140189320198 4.83615954166507
    vertex -40.47984023835865 267.9724462774252 4.822725641924144
    vertex -39.63805150556432 268.486516206653 3.502065588118126
  endloop
endfacet
facet normal 0.156125 0.985924 0.0598224
  outer loop
    vertex -41.38561171933372 279.5813497807749 3.49976595176595
    vertex -42.34680968639045 279.8121068906025 2.205237289333305
    vertex -43.33252986047648 279.8896703421941 3.499468015971807
  endloop
endfacet
facet normal -0.80757 0.586734 -0.0597753
  outer loop
    vertex -47.78711953761917 278.0444430663284 2.205237289333299
    vertex -48.94568791853065 276.4498104932123 2.205237289333279
    vertex -48.42927856012852 277.2925458217174 3.500500905252433
  endloop
endfacet
facet normal -0.308465 0.949356 0.0597708
  outer loop
    vertex -46.19248696450307 279.2030114472399 4.794762710666713
    vertex -44.31788394589736 279.8121068906025 4.794762710666717
    vertex -45.27955523862855 279.5811959735562 3.499401550330827
  endloop
endfacet
facet normal 0.308464 0.949354 -0.0598091
  outer loop
    vertex -40.47220666778477 279.2030114472399 2.205237289333276
    vertex -42.34680968639045 279.8121068906025 2.205237289333305
    vertex -41.38561171933372 279.5813497807749 3.49976595176595
  endloop
endfacet
facet normal 5.39131e-16 0.998209 -0.0598228
  outer loop
    vertex -42.34680968639045 279.8121068906025 2.205237289333305
    vertex -44.31788394589739 279.8121068906025 2.205237289333287
    vertex -43.33252986047648 279.8896703421941 3.499468015971807
  endloop
endfacet
facet normal 8.08126e-17 -0.998212 -0.0597807
  outer loop
    vertex -44.31788394589736 267.3672337991038 2.205237289333287
    vertex -42.34680968639049 267.3672337991038 2.20523728933329
    vertex -43.33256314251054 267.2896703485673 3.500384197799829
  endloop
endfacet
facet normal -0.308465 -0.949356 0.0597708
  outer loop
    vertex -44.31788394589742 267.3672337991038 4.794762710666719
    vertex -46.19248696450308 267.9763292424665 4.794762710666718
    vertex -45.27955523862867 267.5981447161502 3.499401550330833
  endloop
endfacet
facet normal -0.949354 0.308464 0.059815
  outer loop
    vertex -49.55478336189331 274.5752074746066 4.794762710666718
    vertex -48.94568791853064 276.4498104932123 4.794762710666697
    vertex -49.32393346867192 275.5366909881049 3.500362584712068
  endloop
endfacet
facet normal 0.807569 0.586733 -0.0597983
  outer loop
    vertex -37.7190057137572 276.4498104932123 2.205237289333279
    vertex -38.87757409466868 278.0444430663284 2.205237289333278
    vertex -38.23494014345724 277.2918920039721 3.500000000000003
  endloop
endfacet
facet normal 0.586733 0.807569 0.0598052
  outer loop
    vertex -40.47220666778475 279.2030114472399 4.794762710666731
    vertex -38.87757409466868 278.0444430663284 4.794762710666728
    vertex -39.62902291524575 278.6862762826353 3.500150167719382
  endloop
endfacet
facet normal 0.307043 -0.949883 0.0587126
  outer loop
    vertex -40.47984023835865 267.9724462774252 4.822725641924144
    vertex -42.34680968639049 267.3672337991038 4.794762710666718
    vertex -41.38654259005248 267.5976885430013 3.50137870941679
  endloop
endfacet
facet normal -0.98598 0.155921 0.059427
  outer loop
    vertex -49.32393346867192 275.5366909881049 3.500362584712068
    vertex -49.55464683712647 274.5760690719816 2.192908879598116
    vertex -49.63234681614393 273.5896703448533 3.491800523433985
  endloop
endfacet
facet normal -0.705881 0.705805 0.05976
  outer loop
    vertex -47.03601088236651 278.6860290924858 3.49972753749547
    vertex -47.78711953761917 278.0444430663284 2.205237289333299
    vertex -48.42927856012852 277.2925458217174 3.500500905252433
  endloop
endfacet
facet normal -0.706069 -0.705602 0.059926
  outer loop
    vertex -47.78711953761913 269.1348976233779 2.205237289333291
    vertex -47.0362192387964 268.4934630220773 3.50000000000001
    vertex -48.42915388070606 269.8866232554105 3.491800523432901
  endloop
endfacet
facet normal -0.99825 0.000767707 -0.0591325
  outer loop
    vertex -49.55464683712647 274.5760690719816 2.192908879598116
    vertex -49.55568407060512 272.6098369828801 2.184891762144602
    vertex -49.63234681614393 273.5896703448533 3.491800523433985
  endloop
endfacet
facet normal -0.806865 -0.587759 -0.0592289
  outer loop
    vertex -48.9433524943218 270.7249512871696 2.177479911654345
    vertex -47.78711953761913 269.1348976233779 2.205237289333291
    vertex -48.42915388070606 269.8866232554105 3.491800523432901
  endloop
endfacet
facet normal 0.704887 -0.706942 0.0580292
  outer loop
    vertex -39.63805150556432 268.486516206653 3.502065588118126
    vertex -38.89855110244641 269.1140189320198 2.16384045833495
    vertex -38.24042073840115 269.8799144473846 3.499999999999975
  endloop
endfacet
facet normal 0.704797 -0.707024 -0.0581205
  outer loop
    vertex -38.89855110244638 269.1140189320198 4.83615954166507
    vertex -39.63805150556432 268.486516206653 3.502065588118126
    vertex -38.24042073840115 269.8799144473846 3.499999999999975
  endloop
endfacet
facet normal 0.937108 -0.347858 0.0286979
  outer loop
    vertex -37.75926333555037 270.6518581455567 2.155839561597045
    vertex -37.34069076348447 271.642863280291 0.5
    vertex -37.20185548616892 272.1380932531694 1.969303586074658
  endloop
endfacet
facet normal 0.937108 -0.347858 -0.0286979
  outer loop
    vertex -37.34069076348447 271.642863280291 6.5
    vertex -37.75926333555032 270.6518581455568 4.84416043840301
    vertex -37.20185548616892 272.1380932531694 5.03069641392534
  endloop
endfacet
facet normal 0.990611 -0.130534 -0.0406322
  outer loop
    vertex -37.32232728041089 271.700314586901 3.499999999999996
    vertex -37.03234681614394 273.5896703448532 4.5
    vertex -37.20185548616892 272.1380932531694 5.03069641392534
  endloop
endfacet
facet normal 0.990611 -0.130534 0.0406322
  outer loop
    vertex -37.03234681614394 273.5896703448532 2.5
    vertex -37.32232728041089 271.700314586901 3.499999999999996
    vertex -37.20185548616892 272.1380932531694 1.969303586074658
  endloop
endfacet
facet normal 0.940595 0.338423 -0.0274142
  outer loop
    vertex -37.7190057137572 276.4498104932123 4.794762710666718
    vertex -37.34069076348447 275.5364774094153 6.5
    vertex -37.19645007804036 275.0182259858171 5.051244766733068
  endloop
endfacet
facet normal 0.940595 0.338423 0.0274142
  outer loop
    vertex -37.34069076348447 275.5364774094153 0.5
    vertex -37.7190057137572 276.4498104932123 2.205237289333279
    vertex -37.19645007804036 275.0182259858171 1.948755233266931
  endloop
endfacet
facet normal 0.802199 -0.594581 -0.0543083
  outer loop
    vertex -38.89855110244641 269.1140189320198 2.16384045833495
    vertex -37.75926333555037 270.6518581455567 2.155839561597045
    vertex -38.24042073840115 269.8799144473846 3.499999999999975
  endloop
endfacet
facet normal 0.802199 -0.594581 0.0543083
  outer loop
    vertex -37.75926333555032 270.6518581455568 4.84416043840301
    vertex -38.89855110244638 269.1140189320198 4.83615954166507
    vertex -38.24042073840115 269.8799144473846 3.499999999999975
  endloop
endfacet
facet normal 0.934808 -0.354072 -0.0276915
  outer loop
    vertex -37.32232728041089 271.700314586901 3.499999999999996
    vertex -37.75926333555037 270.6518581455567 2.155839561597045
    vertex -37.20185548616892 272.1380932531694 1.969303586074658
  endloop
endfacet
facet normal 0.934808 -0.354072 0.0276915
  outer loop
    vertex -37.75926333555032 270.6518581455568 4.84416043840301
    vertex -37.32232728041089 271.700314586901 3.499999999999996
    vertex -37.20185548616892 272.1380932531694 5.03069641392534
  endloop
endfacet
facet normal 0.937486 0.346992 0.0267474
  outer loop
    vertex -37.31999052036097 275.4715767645667 3.5
    vertex -37.7190057137572 276.4498104932123 4.794762710666718
    vertex -37.19645007804036 275.0182259858171 5.051244766733068
  endloop
endfacet
facet normal 0.937486 0.346992 -0.0267474
  outer loop
    vertex -37.7190057137572 276.4498104932123 2.205237289333279
    vertex -37.31999052036097 275.4715767645667 3.5
    vertex -37.19645007804036 275.0182259858171 1.948755233266931
  endloop
endfacet
facet normal 0.990713 0.129633 -0.0410147
  outer loop
    vertex -37.03234681614394 273.5896703448532 4.5
    vertex -37.31999052036097 275.4715767645667 3.5
    vertex -37.19645007804036 275.0182259858171 5.051244766733068
  endloop
endfacet
facet normal 0.990713 0.129633 0.0410147
  outer loop
    vertex -37.31999052036097 275.4715767645667 3.5
    vertex -37.03234681614394 273.5896703448532 2.5
    vertex -37.19645007804036 275.0182259858171 1.948755233266931
  endloop
endfacet
facet normal -0.781079 -0.623935 0.0249058
  outer loop
    vertex -47.78711953761919 269.1348976233779 4.794762710666728
    vertex -48.67930353632875 270.2579960161604 4.950332571884
    vertex -48.42915388070606 269.8866232554105 3.491800523432901
  endloop
endfacet
facet normal -0.998646 0.0456676 0.0249058
  outer loop
    vertex -49.61643470680781 273.1421891917175 4.950332571885905
    vertex -49.55478336189331 274.5752074746066 4.794762710666718
    vertex -49.63234681614393 273.5896703448533 3.491800523433985
  endloop
endfacet
facet normal 0 -0 1
  outer loop
    vertex -47.27136920503057 275.7504938228668 6.5
    vertex -45.87937277559212 277.3635426702743 6.5
    vertex -48.4291538807061 277.2927174342958 6.5
  endloop
endfacet
facet normal 0 0 1
  outer loop
    vertex -48.4291538807061 277.2927174342958 6.5
    vertex -45.87937277559212 277.3635426702743 6.5
    vertex -47.03539390558651 278.6864774094154 6.5
  endloop
endfacet
facet normal 0 0 1
  outer loop
    vertex -45.18997645989708 275.5710659991528 6.5
    vertex -42.80243454159282 276.3030958680569 6.5
    vertex -44.15295506191526 277.8377066586375 6.5
  endloop
endfacet
facet normal 0 0 1
  outer loop
    vertex -41.28238169538461 277.6129534267745 6.5
    vertex -42.59113157332368 278.244950539167 6.5
    vertex -42.80243454159282 276.3030958680569 6.5
  endloop
endfacet
facet normal 0 0 1
  outer loop
    vertex -44.15295506191526 277.8377066586375 6.5
    vertex -45.87937277559212 277.3635426702743 6.5
    vertex -45.18997645989708 275.5710659991528 6.5
  endloop
endfacet
facet normal 0 0 1
  outer loop
    vertex -45.18997645989708 275.5710659991528 6.5
    vertex -45.87937277559212 277.3635426702743 6.5
    vertex -47.27136920503057 275.7504938228668 6.5
  endloop
endfacet
facet normal 0 -0 1
  outer loop
    vertex -42.80243454159282 276.3030958680569 6.5
    vertex -42.59113157332368 278.244950539167 6.5
    vertex -44.15295506191526 277.8377066586375 6.5
  endloop
endfacet
facet normal 0 -0 1
  outer loop
    vertex -45.38231193690325 269.5663872629318 6.5
    vertex -44.3010450851933 270.5455235792141 6.5
    vertex -45.93722647293822 271.4965544904844 6.5
  endloop
endfacet
facet normal 0 0 1
  outer loop
    vertex -45.93722647293822 271.4965544904844 6.5
    vertex -46.84860219349055 270.0369784306677 6.5
    vertex -45.38231193690325 269.5663872629318 6.5
  endloop
endfacet
facet normal 0 0 1
  outer loop
    vertex -47.27136920503057 275.7504938228668 6.5
    vertex -46.87566073390042 274.32305521571 6.5
    vertex -45.18997645989708 275.5710659991528 6.5
  endloop
endfacet
facet normal -0 0 1
  outer loop
    vertex -47.63333837737821 272.9921040873776 6.5
    vertex -45.93722647293822 271.4965544904844 6.5
    vertex -45.57272849460857 273.5672351990065 6.5
  endloop
endfacet
facet normal 0 0 1
  outer loop
    vertex -45.57272849460857 273.5672351990065 6.5
    vertex -46.87566073390042 274.32305521571 6.5
    vertex -47.63333837737821 272.9921040873776 6.5
  endloop
endfacet
facet normal -0 0 1
  outer loop
    vertex -42.80243454159282 276.3030958680569 6.5
    vertex -40.85924348452023 275.9683761258494 6.5
    vertex -41.28238169538461 277.6129534267745 6.5
  endloop
endfacet
facet normal -0 0 1
  outer loop
    vertex -44.15760644912602 272.3343136889858 6.5
    vertex -42.6710276859459 270.9174275467494 6.5
    vertex -42.33859450105873 272.6832067177977 6.5
  endloop
endfacet
facet normal 0 0 1
  outer loop
    vertex -45.2791538807061 279.5813263975127 6.5
    vertex -45.87937277559212 277.3635426702743 6.5
    vertex -44.15295506191526 277.8377066586375 6.5
  endloop
endfacet
facet normal -0 0 1
  outer loop
    vertex -47.03539390558651 278.6864774094154 6.5
    vertex -45.87937277559212 277.3635426702743 6.5
    vertex -45.2791538807061 279.5813263975127 6.5
  endloop
endfacet
facet normal 0 0 1
  outer loop
    vertex -44.3010450851933 270.5455235792141 6.5
    vertex -44.29337351349597 268.6365664797893 6.5
    vertex -42.88748721383514 269.1176185841219 6.5
  endloop
endfacet
facet normal 0 0 1
  outer loop
    vertex -45.18997645989708 275.5710659991528 6.5
    vertex -46.87566073390042 274.32305521571 6.5
    vertex -45.57272849460857 273.5672351990065 6.5
  endloop
endfacet
facet normal 0 0 1
  outer loop
    vertex -42.6710276859459 270.9174275467494 6.5
    vertex -44.3010450851933 270.5455235792141 6.5
    vertex -42.88748721383514 269.1176185841219 6.5
  endloop
endfacet
facet normal 0 0 1
  outer loop
    vertex -42.33859450105873 272.6832067177977 6.5
    vertex -42.6710276859459 270.9174275467494 6.5
    vertex -40.9887773812472 271.2626751511563 6.5
  endloop
endfacet
facet normal 0 -0 1
  outer loop
    vertex -43.66622580973858 274.1432420456596 6.5
    vertex -42.80243454159282 276.3030958680569 6.5
    vertex -45.18997645989708 275.5710659991528 6.5
  endloop
endfacet
facet normal 0 -0 1
  outer loop
    vertex -49.3240028688034 271.642863280291 6.5
    vertex -47.63333837737821 272.9921040873776 6.5
    vertex -49.63234681614393 273.5896703448532 6.5
  endloop
endfacet
facet normal 0 0 1
  outer loop
    vertex -39.62929972670135 268.492863280291 6.5
    vertex -41.25873674333832 269.5094340150184 6.5
    vertex -41.38553975158177 267.5980142921937 6.5
  endloop
endfacet
facet normal -0 0 1
  outer loop
    vertex -45.2791538807061 279.5813263975127 6.5
    vertex -44.15295506191526 277.8377066586375 6.5
    vertex -43.33234681614393 279.8896703448532 6.5
  endloop
endfacet
facet normal 0 0 1
  outer loop
    vertex -49.3240028688034 275.5364774094153 6.5
    vertex -47.27136920503057 275.7504938228668 6.5
    vertex -48.4291538807061 277.2927174342958 6.5
  endloop
endfacet
facet normal 0 0 1
  outer loop
    vertex -37.34069076348447 271.642863280291 6.5
    vertex -39.25211048630918 271.5160602720476 6.5
    vertex -38.23553975158176 269.8866232554106 6.5
  endloop
endfacet
facet normal 0 0 1
  outer loop
    vertex -38.23553975158176 277.2927174342958 6.5
    vertex -39.16572606533303 275.8439937877245 6.5
    vertex -37.34069076348447 275.5364774094153 6.5
  endloop
endfacet
facet normal 0 0 1
  outer loop
    vertex -41.38553975158176 279.5813263975127 6.5
    vertex -41.28238169538461 277.6129534267745 6.5
    vertex -39.62929972670135 278.6864774094153 6.5
  endloop
endfacet
facet normal 0 0 1
  outer loop
    vertex -45.2791538807061 267.5980142921937 6.5
    vertex -45.38231193690325 269.5663872629318 6.5
    vertex -47.03539390558652 268.492863280291 6.5
  endloop
endfacet
facet normal 0 0 1
  outer loop
    vertex -43.66622580973858 274.1432420456596 6.5
    vertex -45.18997645989708 275.5710659991528 6.5
    vertex -45.57272849460857 273.5672351990065 6.5
  endloop
endfacet
facet normal 0 0 1
  outer loop
    vertex -43.66622580973858 274.1432420456596 6.5
    vertex -45.57272849460857 273.5672351990065 6.5
    vertex -44.15760644912602 272.3343136889858 6.5
  endloop
endfacet
facet normal 0 0 1
  outer loop
    vertex -41.79779342119464 274.4085781750319 6.5
    vertex -42.80243454159282 276.3030958680569 6.5
    vertex -43.66622580973858 274.1432420456596 6.5
  endloop
endfacet
facet normal 0 0 1
  outer loop
    vertex -43.66622580973858 274.1432420456596 6.5
    vertex -44.15760644912602 272.3343136889858 6.5
    vertex -42.33859450105873 272.6832067177977 6.5
  endloop
endfacet
facet normal 0 0 1
  outer loop
    vertex -41.79779342119464 274.4085781750319 6.5
    vertex -43.66622580973858 274.1432420456596 6.5
    vertex -42.33859450105873 272.6832067177977 6.5
  endloop
endfacet
facet normal 0 0 1
  outer loop
    vertex -40.51302004106326 272.995788354572 6.5
    vertex -41.79779342119464 274.4085781750319 6.5
    vertex -42.33859450105873 272.6832067177977 6.5
  endloop
endfacet
facet normal 0 0 1
  outer loop
    vertex -40.51302004106326 272.995788354572 6.5
    vertex -42.33859450105873 272.6832067177977 6.5
    vertex -40.9887773812472 271.2626751511563 6.5
  endloop
endfacet
facet normal 0 0 1
  outer loop
    vertex -41.25873674333832 269.5094340150184 6.5
    vertex -42.88748721383514 269.1176185841219 6.5
    vertex -41.38553975158177 267.5980142921937 6.5
  endloop
endfacet
facet normal 0 0 1
  outer loop
    vertex -41.38553975158177 267.5980142921937 6.5
    vertex -42.88748721383514 269.1176185841219 6.5
    vertex -43.33234681614393 267.2896703448532 6.5
  endloop
endfacet
facet normal 0 0 1
  outer loop
    vertex -37.34069076348447 271.642863280291 6.5
    vertex -38.79748660040892 273.139241362249 6.5
    vertex -39.25211048630918 271.5160602720476 6.5
  endloop
endfacet
facet normal 0 0 1
  outer loop
    vertex -37.03234681614394 273.5896703448532 6.5
    vertex -38.79748660040892 273.139241362249 6.5
    vertex -37.34069076348447 271.642863280291 6.5
  endloop
endfacet
facet normal 0 0 1
  outer loop
    vertex -45.57272849460857 273.5672351990065 6.5
    vertex -45.93722647293822 271.4965544904844 6.5
    vertex -44.15760644912602 272.3343136889858 6.5
  endloop
endfacet
facet normal 0 -0 1
  outer loop
    vertex -41.79779342119464 274.4085781750319 6.5
    vertex -40.85924348452023 275.9683761258494 6.5
    vertex -42.80243454159282 276.3030958680569 6.5
  endloop
endfacet
facet normal -0 0 1
  outer loop
    vertex -45.93722647293822 271.4965544904844 6.5
    vertex -44.3010450851933 270.5455235792141 6.5
    vertex -44.15760644912602 272.3343136889858 6.5
  endloop
endfacet
facet normal 0 0 1
  outer loop
    vertex -44.15760644912602 272.3343136889858 6.5
    vertex -44.3010450851933 270.5455235792141 6.5
    vertex -42.6710276859459 270.9174275467494 6.5
  endloop
endfacet
facet normal 0 -0 1
  outer loop
    vertex -38.79748660040892 273.139241362249 6.5
    vertex -38.45100046786074 274.5187657424361 6.5
    vertex -39.91875209393336 274.4844458079387 6.5
  endloop
endfacet
facet normal 0 0 1
  outer loop
    vertex -39.25211048630918 271.5160602720476 6.5
    vertex -40.51302004106326 272.995788354572 6.5
    vertex -40.9887773812472 271.2626751511563 6.5
  endloop
endfacet
facet normal 0 0 1
  outer loop
    vertex -40.9887773812472 271.2626751511563 6.5
    vertex -42.6710276859459 270.9174275467494 6.5
    vertex -41.25873674333832 269.5094340150184 6.5
  endloop
endfacet
facet normal -0 0 1
  outer loop
    vertex -45.38231193690325 269.5663872629318 6.5
    vertex -44.29337351349597 268.6365664797893 6.5
    vertex -44.3010450851933 270.5455235792141 6.5
  endloop
endfacet
facet normal 0 0 1
  outer loop
    vertex -38.79748660040892 273.139241362249 6.5
    vertex -39.91875209393336 274.4844458079387 6.5
    vertex -40.51302004106326 272.995788354572 6.5
  endloop
endfacet
facet normal -0 0 1
  outer loop
    vertex -47.63052888450758 271.2005188603121 6.5
    vertex -46.84860219349055 270.0369784306677 6.5
    vertex -45.93722647293822 271.4965544904844 6.5
  endloop
endfacet
facet normal -0 0 1
  outer loop
    vertex -49.3240028688034 271.642863280291 6.5
    vertex -47.63052888450758 271.2005188603121 6.5
    vertex -47.63333837737821 272.9921040873776 6.5
  endloop
endfacet
facet normal 0 -0 1
  outer loop
    vertex -48.4291538807061 269.8866232554106 6.5
    vertex -47.63052888450758 271.2005188603121 6.5
    vertex -49.3240028688034 271.642863280291 6.5
  endloop
endfacet
facet normal 0 -0 1
  outer loop
    vertex -39.25211048630918 271.5160602720476 6.5
    vertex -38.79748660040892 273.139241362249 6.5
    vertex -40.51302004106326 272.995788354572 6.5
  endloop
endfacet
facet normal 0 0 1
  outer loop
    vertex -42.6710276859459 270.9174275467494 6.5
    vertex -42.88748721383514 269.1176185841219 6.5
    vertex -41.25873674333832 269.5094340150184 6.5
  endloop
endfacet
facet normal 0 0 1
  outer loop
    vertex -39.25211048630918 271.5160602720476 6.5
    vertex -39.81503175872544 270.0723552874347 6.5
    vertex -38.23553975158176 269.8866232554106 6.5
  endloop
endfacet
facet normal 0 0 1
  outer loop
    vertex -41.38553975158176 279.5813263975127 6.5
    vertex -42.59113157332368 278.244950539167 6.5
    vertex -41.28238169538461 277.6129534267745 6.5
  endloop
endfacet
facet normal 0 0 1
  outer loop
    vertex -47.63333837737821 272.9921040873776 6.5
    vertex -48.27612158829858 274.3726873452314 6.5
    vertex -49.63234681614393 273.5896703448532 6.5
  endloop
endfacet
facet normal -0 0 1
  outer loop
    vertex -41.28238169538461 277.6129534267745 6.5
    vertex -39.83961663924362 277.1012666179839 6.5
    vertex -39.62929972670135 278.6864774094153 6.5
  endloop
endfacet
facet normal 0 0 1
  outer loop
    vertex -38.23553975158176 277.2927174342958 6.5
    vertex -39.83961663924362 277.1012666179839 6.5
    vertex -39.16572606533303 275.8439937877245 6.5
  endloop
endfacet
facet normal -0 0 1
  outer loop
    vertex -49.3240028688034 275.5364774094153 6.5
    vertex -48.27612158829858 274.3726873452314 6.5
    vertex -47.27136920503057 275.7504938228668 6.5
  endloop
endfacet
facet normal 0 0 1
  outer loop
    vertex -38.23553975158176 269.8866232554106 6.5
    vertex -39.81503175872544 270.0723552874347 6.5
    vertex -39.62929972670135 268.492863280291 6.5
  endloop
endfacet
facet normal 0 0 1
  outer loop
    vertex -39.62929972670135 268.492863280291 6.5
    vertex -39.81503175872544 270.0723552874347 6.5
    vertex -41.25873674333832 269.5094340150184 6.5
  endloop
endfacet
facet normal 0 0 1
  outer loop
    vertex -43.33234681614393 279.8896703448532 6.5
    vertex -42.59113157332368 278.244950539167 6.5
    vertex -41.38553975158176 279.5813263975127 6.5
  endloop
endfacet
facet normal 0 0 1
  outer loop
    vertex -39.62929972670135 278.6864774094153 6.5
    vertex -39.83961663924362 277.1012666179839 6.5
    vertex -38.23553975158176 277.2927174342958 6.5
  endloop
endfacet
facet normal 0 0 1
  outer loop
    vertex -44.15295506191526 277.8377066586375 6.5
    vertex -42.59113157332368 278.244950539167 6.5
    vertex -43.33234681614393 279.8896703448532 6.5
  endloop
endfacet
facet normal 0 0 1
  outer loop
    vertex -49.63234681614393 273.5896703448532 6.5
    vertex -48.27612158829858 274.3726873452314 6.5
    vertex -49.3240028688034 275.5364774094153 6.5
  endloop
endfacet
facet normal 0 -0 1
  outer loop
    vertex -47.03539390558652 268.492863280291 6.5
    vertex -46.84860219349055 270.0369784306677 6.5
    vertex -48.4291538807061 269.8866232554106 6.5
  endloop
endfacet
facet normal 0 0 1
  outer loop
    vertex -43.33234681614393 267.2896703448532 6.5
    vertex -44.29337351349597 268.6365664797893 6.5
    vertex -45.2791538807061 267.5980142921937 6.5
  endloop
endfacet
facet normal 0 0 1
  outer loop
    vertex -37.34069076348447 275.5364774094153 6.5
    vertex -38.45100046786074 274.5187657424361 6.5
    vertex -37.03234681614394 273.5896703448532 6.5
  endloop
endfacet
facet normal 0 0 1
  outer loop
    vertex -47.63333837737821 272.9921040873776 6.5
    vertex -47.63052888450758 271.2005188603121 6.5
    vertex -45.93722647293822 271.4965544904844 6.5
  endloop
endfacet
facet normal 0 0 1
  outer loop
    vertex -45.38231193690325 269.5663872629318 6.5
    vertex -46.84860219349055 270.0369784306677 6.5
    vertex -47.03539390558652 268.492863280291 6.5
  endloop
endfacet
facet normal 0 -0 1
  outer loop
    vertex -40.51302004106326 272.995788354572 6.5
    vertex -39.91875209393336 274.4844458079387 6.5
    vertex -41.79779342119464 274.4085781750319 6.5
  endloop
endfacet
facet normal 0 -0 1
  outer loop
    vertex -45.2791538807061 267.5980142921937 6.5
    vertex -44.29337351349597 268.6365664797893 6.5
    vertex -45.38231193690325 269.5663872629318 6.5
  endloop
endfacet
facet normal 0 0 1
  outer loop
    vertex -39.16572606533303 275.8439937877245 6.5
    vertex -38.45100046786074 274.5187657424361 6.5
    vertex -37.34069076348447 275.5364774094153 6.5
  endloop
endfacet
facet normal 0 0 1
  outer loop
    vertex -39.25211048630918 271.5160602720476 6.5
    vertex -40.9887773812472 271.2626751511563 6.5
    vertex -39.81503175872544 270.0723552874347 6.5
  endloop
endfacet
facet normal 0 0 1
  outer loop
    vertex -39.81503175872544 270.0723552874347 6.5
    vertex -40.9887773812472 271.2626751511563 6.5
    vertex -41.25873674333832 269.5094340150184 6.5
  endloop
endfacet
facet normal 0 0 1
  outer loop
    vertex -39.91875209393336 274.4844458079387 6.5
    vertex -38.45100046786074 274.5187657424361 6.5
    vertex -39.16572606533303 275.8439937877245 6.5
  endloop
endfacet
facet normal 0 0 1
  outer loop
    vertex -39.83961663924362 277.1012666179839 6.5
    vertex -40.85924348452023 275.9683761258494 6.5
    vertex -39.16572606533303 275.8439937877245 6.5
  endloop
endfacet
facet normal 0 0 1
  outer loop
    vertex -42.88748721383514 269.1176185841219 6.5
    vertex -44.29337351349597 268.6365664797893 6.5
    vertex -43.33234681614393 267.2896703448532 6.5
  endloop
endfacet
facet normal 0 0 1
  outer loop
    vertex -37.03234681614394 273.5896703448532 6.5
    vertex -38.45100046786074 274.5187657424361 6.5
    vertex -38.79748660040892 273.139241362249 6.5
  endloop
endfacet
facet normal 0 0 1
  outer loop
    vertex -40.85924348452023 275.9683761258494 6.5
    vertex -39.91875209393336 274.4844458079387 6.5
    vertex -39.16572606533303 275.8439937877245 6.5
  endloop
endfacet
facet normal 0 0 1
  outer loop
    vertex -41.28238169538461 277.6129534267745 6.5
    vertex -40.85924348452023 275.9683761258494 6.5
    vertex -39.83961663924362 277.1012666179839 6.5
  endloop
endfacet
facet normal 0 0 1
  outer loop
    vertex -41.79779342119464 274.4085781750319 6.5
    vertex -39.91875209393336 274.4844458079387 6.5
    vertex -40.85924348452023 275.9683761258494 6.5
  endloop
endfacet
facet normal 0 0 1
  outer loop
    vertex -48.4291538807061 269.8866232554106 6.5
    vertex -46.84860219349055 270.0369784306677 6.5
    vertex -47.63052888450758 271.2005188603121 6.5
  endloop
endfacet
facet normal 0 -0 1
  outer loop
    vertex -47.63333837737821 272.9921040873776 6.5
    vertex -46.87566073390042 274.32305521571 6.5
    vertex -48.27612158829858 274.3726873452314 6.5
  endloop
endfacet
facet normal -0 0 1
  outer loop
    vertex -48.27612158829858 274.3726873452314 6.5
    vertex -46.87566073390042 274.32305521571 6.5
    vertex -47.27136920503057 275.7504938228668 6.5
  endloop
endfacet
facet normal 0.891663 0.448179 -0.0638237
  outer loop
    vertex 48.9456879185307 276.4498104932123 4.794762710666718
    vertex 49.34470311192693 275.4715767645667 3.5
    vertex 48.42975348883066 277.2918920039721 3.500000000000003
  endloop
endfacet
facet normal 0.891663 0.448179 0.0638237
  outer loop
    vertex 49.34470311192693 275.4715767645667 3.5
    vertex 48.9456879185307 276.4498104932123 2.205237289333279
    vertex 48.42975348883066 277.2918920039721 3.500000000000003
  endloop
endfacet
facet normal 0.988426 -0.151705 0
  outer loop
    vertex 49.63234681614396 273.5896703448532 2.5
    vertex 49.63234681614396 273.5896703448532 4.5
    vertex 49.342366351877 271.700314586901 3.499999999999996
  endloop
endfacet
facet normal -0.808181 -0.587178 -0.0454385
  outer loop
    vertex 38.87757409466871 269.1348976233779 4.794762710666728
    vertex 38.2355397515818 269.8866232554106 6.5
    vertex 37.71900571375722 270.7295301964941 4.794762710666718
  endloop
endfacet
facet normal -0.706376 0.706376 0.0454385
  outer loop
    vertex 38.2355397515818 277.2927174342958 6.5
    vertex 39.62929972670139 278.6864774094154 6.5
    vertex 38.87757409466873 278.0444430663284 4.794762710666689
  endloop
endfacet
facet normal 0.308698 0.950074 -0.0454385
  outer loop
    vertex 44.31788394589742 279.8121068906025 4.794762710666714
    vertex 45.27915388070614 279.5813263975127 6.5
    vertex 46.19248696450317 279.2030114472399 4.794762710666729
  endloop
endfacet
facet normal -0.890086 -0.453522 -0.0454385
  outer loop
    vertex 37.3406907634845 271.642863280291 0.5
    vertex 38.2355397515818 269.8866232554106 0.5
    vertex 37.71900571375726 270.729530196494 2.205237289333335
  endloop
endfacet
facet normal -0.808181 -0.587178 0.0454385
  outer loop
    vertex 38.2355397515818 269.8866232554106 0.5
    vertex 38.87757409466876 269.1348976233779 2.205237289333291
    vertex 37.71900571375726 270.729530196494 2.205237289333335
  endloop
endfacet
facet normal -0.453522 0.890086 0.0454385
  outer loop
    vertex 39.62929972670139 278.6864774094154 6.5
    vertex 41.3855397515818 279.5813263975127 6.5
    vertex 40.47220666778482 279.2030114472399 4.794762710666714
  endloop
endfacet
facet normal -0.453522 -0.890086 -0.0454385
  outer loop
    vertex 39.62929972670139 268.492863280291 0.5
    vertex 41.3855397515818 267.5980142921937 0.5
    vertex 40.47220666778479 267.9763292424665 2.205237289333284
  endloop
endfacet
facet normal -0.808181 0.587178 -0.0454385
  outer loop
    vertex 37.71900571375723 276.4498104932123 4.794762710666716
    vertex 38.2355397515818 277.2927174342958 6.5
    vertex 38.87757409466873 278.0444430663284 4.794762710666689
  endloop
endfacet
facet normal -0.308698 0.950074 -0.0454385
  outer loop
    vertex 40.47220666778482 279.2030114472399 4.794762710666714
    vertex 41.3855397515818 279.5813263975127 6.5
    vertex 42.34680968639054 279.8121068906025 4.794762710666705
  endloop
endfacet
facet normal -0.308698 -0.950074 0.0454385
  outer loop
    vertex 41.3855397515818 267.5980142921937 0.5
    vertex 42.34680968639052 267.3672337991038 2.205237289333287
    vertex 40.47220666778479 267.9763292424665 2.205237289333284
  endloop
endfacet
facet normal -0.308698 0.950074 0.0454385
  outer loop
    vertex 42.34680968639052 279.8121068906025 2.205237289333287
    vertex 41.3855397515818 279.5813263975127 0.5
    vertex 40.47220666778481 279.2030114472399 2.20523728933327
  endloop
endfacet
facet normal -4.2896e-16 0.998967 0.0454385
  outer loop
    vertex 43.33234681614397 279.8896703448532 0.5
    vertex 42.34680968639052 279.8121068906025 2.205237289333287
    vertex 44.31788394589746 279.8121068906025 2.205237289333306
  endloop
endfacet
facet normal 0.453522 0.890086 -0.0454385
  outer loop
    vertex 47.03539390558655 278.6864774094153 0.5
    vertex 45.27915388070613 279.5813263975127 0.5
    vertex 46.19248696450313 279.2030114472399 2.205237289333276
  endloop
endfacet
facet normal -0.808181 0.587178 0.0454385
  outer loop
    vertex 38.87757409466872 278.0444430663284 2.205237289333272
    vertex 38.2355397515818 277.2927174342958 0.5
    vertex 37.71900571375724 276.4498104932123 2.205237289333304
  endloop
endfacet
facet normal 0.308698 0.950074 0.0454385
  outer loop
    vertex 46.19248696450313 279.2030114472399 2.205237289333276
    vertex 45.27915388070613 279.5813263975127 0.5
    vertex 44.31788394589746 279.8121068906025 2.205237289333306
  endloop
endfacet
facet normal 0.156273 0.986668 -0.0454385
  outer loop
    vertex 45.27915388070613 279.5813263975127 0.5
    vertex 43.33234681614397 279.8896703448532 0.5
    vertex 44.31788394589746 279.8121068906025 2.205237289333306
  endloop
endfacet
facet normal -0.890086 0.453522 0.0454385
  outer loop
    vertex 37.3406907634845 275.5364774094153 6.5
    vertex 38.2355397515818 277.2927174342958 6.5
    vertex 37.71900571375723 276.4498104932123 4.794762710666716
  endloop
endfacet
facet normal 0.453522 -0.890086 -0.0454385
  outer loop
    vertex 45.27915388070614 267.5980142921937 0.5
    vertex 47.03539390558655 268.492863280291 0.5
    vertex 46.19248696450311 267.9763292424665 2.205237289333279
  endloop
endfacet
facet normal 0.308698 -0.950074 0.0454385
  outer loop
    vertex 45.27915388070614 267.5980142921937 0.5
    vertex 46.19248696450311 267.9763292424665 2.205237289333279
    vertex 44.31788394589741 267.3672337991038 2.205237289333286
  endloop
endfacet
facet normal -0.890086 0.453522 -0.0454385
  outer loop
    vertex 38.2355397515818 277.2927174342958 0.5
    vertex 37.3406907634845 275.5364774094153 0.5
    vertex 37.71900571375724 276.4498104932123 2.205237289333304
  endloop
endfacet
facet normal -0.453522 -0.890086 0.0454385
  outer loop
    vertex 41.3855397515818 267.5980142921937 6.5
    vertex 39.62929972670138 268.492863280291 6.5
    vertex 40.47220666778482 267.9763292424665 4.794762710666718
  endloop
endfacet
facet normal -4.09497e-17 -0.998967 -0.0454385
  outer loop
    vertex 44.31788394589741 267.3672337991038 4.794762710666717
    vertex 43.33234681614397 267.2896703448532 6.5
    vertex 42.34680968639049 267.3672337991038 4.794762710666719
  endloop
endfacet
facet normal -0.950074 0.308698 0.0454385
  outer loop
    vertex 37.3406907634845 275.5364774094153 0.5
    vertex 37.10991027039459 274.5752074746066 2.205237289333285
    vertex 37.71900571375724 276.4498104932123 2.205237289333304
  endloop
endfacet
facet normal -0.587178 -0.808181 -0.0454385
  outer loop
    vertex 39.62929972670138 268.492863280291 6.5
    vertex 38.87757409466871 269.1348976233779 4.794762710666728
    vertex 40.47220666778482 267.9763292424665 4.794762710666718
  endloop
endfacet
facet normal 0.453522 0.890086 0.0454385
  outer loop
    vertex 45.27915388070614 279.5813263975127 6.5
    vertex 47.03539390558655 278.6864774094153 6.5
    vertex 46.19248696450317 279.2030114472399 4.794762710666729
  endloop
endfacet
facet normal -0.156273 0.986668 0.0454385
  outer loop
    vertex 41.3855397515818 279.5813263975127 6.5
    vertex 43.33234681614397 279.8896703448532 6.5
    vertex 42.34680968639054 279.8121068906025 4.794762710666705
  endloop
endfacet
facet normal -0.453522 0.890086 -0.0454385
  outer loop
    vertex 41.3855397515818 279.5813263975127 0.5
    vertex 39.62929972670138 278.6864774094153 0.5
    vertex 40.47220666778481 279.2030114472399 2.20523728933327
  endloop
endfacet
facet normal -0.587178 0.808181 -0.0454385
  outer loop
    vertex 39.62929972670139 278.6864774094154 6.5
    vertex 40.47220666778482 279.2030114472399 4.794762710666714
    vertex 38.87757409466873 278.0444430663284 4.794762710666689
  endloop
endfacet
facet normal 0.156273 -0.986668 -0.0454385
  outer loop
    vertex 43.33234681614397 267.2896703448532 0.5
    vertex 45.27915388070614 267.5980142921937 0.5
    vertex 44.31788394589741 267.3672337991038 2.205237289333286
  endloop
endfacet
facet normal -0.998967 -7.18508e-15 0.0454385
  outer loop
    vertex 37.03234681614397 273.5896703448532 0.5
    vertex 37.10991027039461 272.6041332150997 2.205237289333285
    vertex 37.10991027039459 274.5752074746066 2.205237289333285
  endloop
endfacet
facet normal 0.156273 0.986668 0.0454385
  outer loop
    vertex 43.33234681614397 279.8896703448532 6.5
    vertex 45.27915388070614 279.5813263975127 6.5
    vertex 44.31788394589742 279.8121068906025 4.794762710666714
  endloop
endfacet
facet normal 0.156273 -0.986668 0.0454385
  outer loop
    vertex 45.27915388070613 267.5980142921937 6.5
    vertex 43.33234681614397 267.2896703448532 6.5
    vertex 44.31788394589741 267.3672337991038 4.794762710666717
  endloop
endfacet
facet normal -0.156273 -0.986668 -0.0454385
  outer loop
    vertex 41.3855397515818 267.5980142921937 0.5
    vertex 43.33234681614397 267.2896703448532 0.5
    vertex 42.34680968639052 267.3672337991038 2.205237289333287
  endloop
endfacet
facet normal -0.890086 -0.453522 0.0454385
  outer loop
    vertex 38.2355397515818 269.8866232554106 6.5
    vertex 37.3406907634845 271.642863280291 6.5
    vertex 37.71900571375722 270.7295301964941 4.794762710666718
  endloop
endfacet
facet normal 3.07123e-17 -0.998967 0.0454385
  outer loop
    vertex 42.34680968639052 267.3672337991038 2.205237289333287
    vertex 43.33234681614397 267.2896703448532 0.5
    vertex 44.31788394589741 267.3672337991038 2.205237289333286
  endloop
endfacet
facet normal 2.06231e-16 0.998967 -0.0454385
  outer loop
    vertex 43.33234681614397 279.8896703448532 6.5
    vertex 44.31788394589742 279.8121068906025 4.794762710666714
    vertex 42.34680968639054 279.8121068906025 4.794762710666705
  endloop
endfacet
facet normal -0.156273 0.986668 -0.0454385
  outer loop
    vertex 43.33234681614397 279.8896703448532 0.5
    vertex 41.3855397515818 279.5813263975127 0.5
    vertex 42.34680968639052 279.8121068906025 2.205237289333287
  endloop
endfacet
facet normal -0.950074 -0.308698 -0.0454385
  outer loop
    vertex 37.3406907634845 271.642863280291 6.5
    vertex 37.10991027039459 272.6041332150998 4.794762710666714
    vertex 37.71900571375722 270.7295301964941 4.794762710666718
  endloop
endfacet
facet normal 0.706376 0.706376 0.0454385
  outer loop
    vertex 47.03539390558655 278.6864774094153 6.5
    vertex 48.42915388070614 277.2927174342958 6.5
    vertex 47.78711953761922 278.0444430663284 4.794762710666728
  endloop
endfacet
facet normal -0.706376 0.706376 -0.0454385
  outer loop
    vertex 39.62929972670138 278.6864774094153 0.5
    vertex 38.2355397515818 277.2927174342958 0.5
    vertex 38.87757409466872 278.0444430663284 2.205237289333272
  endloop
endfacet
facet normal -0.706376 -0.706376 0.0454385
  outer loop
    vertex 39.62929972670138 268.492863280291 6.5
    vertex 38.2355397515818 269.8866232554106 6.5
    vertex 38.87757409466871 269.1348976233779 4.794762710666728
  endloop
endfacet
facet normal -0.156273 -0.986668 0.0454385
  outer loop
    vertex 43.33234681614397 267.2896703448532 6.5
    vertex 41.3855397515818 267.5980142921937 6.5
    vertex 42.34680968639049 267.3672337991038 4.794762710666719
  endloop
endfacet
facet normal -0.587178 0.808181 0.0454385
  outer loop
    vertex 39.62929972670138 278.6864774094153 0.5
    vertex 38.87757409466872 278.0444430663284 2.205237289333272
    vertex 40.47220666778481 279.2030114472399 2.20523728933327
  endloop
endfacet
facet normal -0.706376 -0.706376 -0.0454385
  outer loop
    vertex 38.2355397515818 269.8866232554106 0.5
    vertex 39.62929972670139 268.492863280291 0.5
    vertex 38.87757409466876 269.1348976233779 2.205237289333291
  endloop
endfacet
facet normal -0.308698 -0.950074 -0.0454385
  outer loop
    vertex 41.3855397515818 267.5980142921937 6.5
    vertex 40.47220666778482 267.9763292424665 4.794762710666718
    vertex 42.34680968639049 267.3672337991038 4.794762710666719
  endloop
endfacet
facet normal -0.986668 -0.156273 -0.0454385
  outer loop
    vertex 37.03234681614397 273.5896703448532 0.5
    vertex 37.3406907634845 271.642863280291 0.5
    vertex 37.10991027039461 272.6041332150997 2.205237289333285
  endloop
endfacet
facet normal -0.587178 -0.808181 0.0454385
  outer loop
    vertex 38.87757409466876 269.1348976233779 2.205237289333291
    vertex 39.62929972670139 268.492863280291 0.5
    vertex 40.47220666778479 267.9763292424665 2.205237289333284
  endloop
endfacet
facet normal -0.950074 -0.308698 0.0454385
  outer loop
    vertex 37.10991027039461 272.6041332150997 2.205237289333285
    vertex 37.3406907634845 271.642863280291 0.5
    vertex 37.71900571375726 270.729530196494 2.205237289333335
  endloop
endfacet
facet normal -0.986668 0.156273 0.0454385
  outer loop
    vertex 37.03234681614397 273.5896703448532 6.5
    vertex 37.3406907634845 275.5364774094153 6.5
    vertex 37.10991027039461 274.5752074746067 4.794762710666733
  endloop
endfacet
facet normal 0.587178 0.808181 -0.0454385
  outer loop
    vertex 47.03539390558655 278.6864774094153 6.5
    vertex 47.78711953761922 278.0444430663284 4.794762710666728
    vertex 46.19248696450317 279.2030114472399 4.794762710666729
  endloop
endfacet
facet normal -0.950074 0.308698 -0.0454385
  outer loop
    vertex 37.3406907634845 275.5364774094153 6.5
    vertex 37.71900571375723 276.4498104932123 4.794762710666716
    vertex 37.10991027039461 274.5752074746067 4.794762710666733
  endloop
endfacet
facet normal -0.998967 7.63223e-15 -0.0454385
  outer loop
    vertex 37.10991027039459 272.6041332150998 4.794762710666714
    vertex 37.03234681614397 273.5896703448532 6.5
    vertex 37.10991027039461 274.5752074746067 4.794762710666733
  endloop
endfacet
facet normal -0.986668 -0.156273 0.0454385
  outer loop
    vertex 37.3406907634845 271.642863280291 6.5
    vertex 37.03234681614397 273.5896703448532 6.5
    vertex 37.10991027039459 272.6041332150998 4.794762710666714
  endloop
endfacet
facet normal -0.986668 0.156273 -0.0454385
  outer loop
    vertex 37.3406907634845 275.5364774094153 0.5
    vertex 37.03234681614397 273.5896703448532 0.5
    vertex 37.10991027039459 274.5752074746066 2.205237289333285
  endloop
endfacet
facet normal 0.706341 -0.706341 -0.0465249
  outer loop
    vertex 47.03539390558655 268.492863280291 0.5
    vertex 48.42915388070614 269.8866232554106 0.5
    vertex 47.76614252984148 269.1140189320198 2.163840458334949
  endloop
endfacet
facet normal 0.58607 -0.80903 0.0446338
  outer loop
    vertex 46.19248696450311 267.9763292424665 2.205237289333279
    vertex 47.03539390558655 268.492863280291 0.5
    vertex 47.76614252984148 269.1140189320198 2.163840458334949
  endloop
endfacet
facet normal 0.453511 -0.890064 0.045972
  outer loop
    vertex 47.03539390558655 268.492863280291 6.5
    vertex 45.27915388070613 267.5980142921937 6.5
    vertex 46.18706391810267 267.9735693603814 4.814659232582068
  endloop
endfacet
facet normal 0.308677 -0.950082 -0.0454255
  outer loop
    vertex 45.27915388070613 267.5980142921937 6.5
    vertex 44.31788394589741 267.3672337991038 4.794762710666717
    vertex 46.18706391810267 267.9735693603814 4.814659232582068
  endloop
endfacet
facet normal 0.808181 0.587178 -0.0454385
  outer loop
    vertex 47.78711953761922 278.0444430663284 4.794762710666728
    vertex 48.42915388070614 277.2927174342958 6.5
    vertex 48.9456879185307 276.4498104932123 4.794762710666718
  endloop
endfacet
facet normal 0.890086 0.453522 0.0454385
  outer loop
    vertex 48.42915388070614 277.2927174342958 6.5
    vertex 49.32400286880343 275.5364774094153 6.5
    vertex 48.9456879185307 276.4498104932123 4.794762710666718
  endloop
endfacet
facet normal 0.706341 -0.706341 0.0465249
  outer loop
    vertex 48.42915388070614 269.8866232554106 6.5
    vertex 47.03539390558655 268.492863280291 6.5
    vertex 47.76614252984152 269.1140189320198 4.83615954166507
  endloop
endfacet
facet normal 0.706376 0.706376 -0.0454385
  outer loop
    vertex 48.42915388070614 277.2927174342958 0.5
    vertex 47.03539390558655 278.6864774094153 0.5
    vertex 47.78711953761922 278.0444430663284 2.205237289333278
  endloop
endfacet
facet normal 0.587178 0.808181 0.0454385
  outer loop
    vertex 47.03539390558655 278.6864774094153 0.5
    vertex 46.19248696450313 279.2030114472399 2.205237289333276
    vertex 47.78711953761922 278.0444430663284 2.205237289333278
  endloop
endfacet
facet normal 0.585298 -0.809559 -0.0451702
  outer loop
    vertex 47.76614252984152 269.1140189320198 4.83615954166507
    vertex 47.03539390558655 268.492863280291 6.5
    vertex 46.18706391810267 267.9735693603814 4.814659232582068
  endloop
endfacet
facet normal 0.890086 0.453522 -0.0454385
  outer loop
    vertex 49.32400286880343 275.5364774094153 0.5
    vertex 48.42915388070614 277.2927174342958 0.5
    vertex 48.9456879185307 276.4498104932123 2.205237289333279
  endloop
endfacet
facet normal 0.808181 0.587178 0.0454385
  outer loop
    vertex 48.9456879185307 276.4498104932123 2.205237289333279
    vertex 48.42915388070614 277.2927174342958 0.5
    vertex 47.78711953761922 278.0444430663284 2.205237289333278
  endloop
endfacet
facet normal 0.891216 -0.449473 0.0608914
  outer loop
    vertex 48.90543029673752 270.6518581455567 2.155839561597044
    vertex 49.342366351877 271.700314586901 3.499999999999996
    vertex 48.42427289388672 269.8799144473845 3.499999999999975
  endloop
endfacet
facet normal 0.891216 -0.449473 -0.0608914
  outer loop
    vertex 49.342366351877 271.700314586901 3.499999999999996
    vertex 48.90543029673758 270.6518581455568 4.84416043840301
    vertex 48.42427289388672 269.8799144473845 3.499999999999975
  endloop
endfacet
facet normal 0.890046 -0.453501 -0.0464254
  outer loop
    vertex 48.42915388070614 269.8866232554106 0.5
    vertex 49.32400286880343 271.642863280291 0.5
    vertex 48.90543029673752 270.6518581455567 2.155839561597044
  endloop
endfacet
facet normal 0.890046 -0.453501 0.0464254
  outer loop
    vertex 49.32400286880343 271.642863280291 6.5
    vertex 48.42915388070614 269.8866232554106 6.5
    vertex 48.90543029673758 270.6518581455568 4.84416043840301
  endloop
endfacet
facet normal 0.802857 -0.594558 0.0438415
  outer loop
    vertex 47.76614252984148 269.1140189320198 2.163840458334949
    vertex 48.42915388070614 269.8866232554106 0.5
    vertex 48.90543029673752 270.6518581455567 2.155839561597044
  endloop
endfacet
facet normal 0.802857 -0.594558 -0.0438415
  outer loop
    vertex 48.42915388070614 269.8866232554106 6.5
    vertex 47.76614252984152 269.1140189320198 4.83615954166507
    vertex 48.90543029673758 270.6518581455568 4.84416043840301
  endloop
endfacet
facet normal 0.98852 0.151092 0
  outer loop
    vertex 49.63234681614396 273.5896703448532 4.5
    vertex 49.63234681614396 273.5896703448532 2.5
    vertex 49.34470311192693 275.4715767645667 3.5
  endloop
endfacet
facet normal 0.993251 -0.115987 0
  outer loop
    vertex 49.63234681614396 273.5896703448532 0.5
    vertex 49.63234681614396 273.5896703448532 2.5
    vertex 49.46283814611897 272.1380932531694 1.969303586074658
  endloop
endfacet
facet normal 0.993251 -0.115987 0
  outer loop
    vertex 49.63234681614396 273.5896703448532 4.5
    vertex 49.63234681614396 273.5896703448532 6.5
    vertex 49.46283814611897 272.1380932531694 5.03069641392534
  endloop
endfacet
facet normal 0.986875 -0.156306 -0.0405674
  outer loop
    vertex 49.32400286880343 271.642863280291 0.5
    vertex 49.63234681614396 273.5896703448532 0.5
    vertex 49.46283814611897 272.1380932531694 1.969303586074658
  endloop
endfacet
facet normal 0.986875 -0.156306 0.0405674
  outer loop
    vertex 49.63234681614396 273.5896703448532 6.5
    vertex 49.32400286880343 271.642863280291 6.5
    vertex 49.46283814611897 272.1380932531694 5.03069641392534
  endloop
endfacet
facet normal 0.993467 0.114123 0
  outer loop
    vertex 49.63234681614396 273.5896703448532 6.5
    vertex 49.63234681614396 273.5896703448532 4.5
    vertex 49.46824355424754 275.0182259858171 5.051244766733067
  endloop
endfacet
facet normal 0.986803 0.156294 0.042338
  outer loop
    vertex 49.32400286880343 275.5364774094153 6.5
    vertex 49.63234681614396 273.5896703448532 6.5
    vertex 49.46824355424754 275.0182259858171 5.051244766733067
  endloop
endfacet
facet normal 0.993467 0.114123 0
  outer loop
    vertex 49.63234681614396 273.5896703448532 2.5
    vertex 49.63234681614396 273.5896703448532 0.5
    vertex 49.46824355424754 275.0182259858171 1.948755233266932
  endloop
endfacet
facet normal 0.986803 0.156294 -0.042338
  outer loop
    vertex 49.63234681614396 273.5896703448532 0.5
    vertex 49.32400286880343 275.5364774094153 0.5
    vertex 49.46824355424754 275.0182259858171 1.948755233266932
  endloop
endfacet
facet normal -0.45322 -0.88939 0.0598115
  outer loop
    vertex 40.47220666778479 267.9763292424665 2.205237289333284
    vertex 41.38513839365923 267.5981447161502 3.499401550330829
    vertex 39.62915148493576 268.492970987532 3.499403982153094
  endloop
endfacet
facet normal -0.889438 -0.453136 -0.0597407
  outer loop
    vertex 38.23531395080697 269.8869340634425 3.498933579050085
    vertex 37.71900571375722 270.7295301964941 4.794762710666718
    vertex 37.34065965042297 271.642959039052 3.499300483074724
  endloop
endfacet
facet normal -0.70583 0.70586 0.0597074
  outer loop
    vertex 38.87757409466872 278.0444430663284 2.205237289333272
    vertex 38.23553975158179 277.2927174342958 3.502325328238587
    vertex 39.62930144856309 278.6864786604207 3.501640281323681
  endloop
endfacet
facet normal -0.586736 0.807573 -0.0597229
  outer loop
    vertex 40.47220666778481 279.2030114472399 2.20523728933327
    vertex 38.87757409466872 278.0444430663284 2.205237289333272
    vertex 39.62930144856309 278.6864786604207 3.501640281323681
  endloop
endfacet
facet normal -0.308464 0.949355 0.0597876
  outer loop
    vertex 40.47220666778482 279.2030114472399 4.794762710666714
    vertex 42.34680968639054 279.8121068906025 4.794762710666705
    vertex 41.38561171933377 279.5813497807749 3.499765951765938
  endloop
endfacet
facet normal -0.156145 0.985923 -0.0597858
  outer loop
    vertex 41.38561171933377 279.5813497807749 3.499765951765938
    vertex 42.34680968639054 279.8121068906025 4.794762710666705
    vertex 43.33239338186551 279.8896703446811 3.499766044196863
  endloop
endfacet
facet normal -0.889426 0.453162 0.0597074
  outer loop
    vertex 38.23553975158179 277.2927174342958 3.502325328238587
    vertex 37.71900571375724 276.4498104932123 2.205237289333304
    vertex 37.34069010579228 275.5364753852456 3.50164028132369
  endloop
endfacet
facet normal 5.38256e-17 -0.998215 0.0597258
  outer loop
    vertex 44.31788394589741 267.3672337991038 4.794762710666717
    vertex 42.34680968639049 267.3672337991038 4.794762710666719
    vertex 43.33224635231149 267.2896703456542 3.498420865158827
  endloop
endfacet
facet normal -0.308463 -0.949353 -0.0598259
  outer loop
    vertex 40.47220666778479 267.9763292424665 2.205237289333284
    vertex 42.34680968639052 267.3672337991038 2.205237289333287
    vertex 41.38513839365923 267.5981447161502 3.499401550330829
  endloop
endfacet
facet normal 0.308464 0.949355 -0.0597876
  outer loop
    vertex 46.19248696450313 279.2030114472399 2.205237289333276
    vertex 44.31788394589746 279.8121068906025 2.205237289333306
    vertex 45.27922584817725 279.5813030133859 3.500234048234057
  endloop
endfacet
facet normal -2.69407e-16 0.998211 0.0597876
  outer loop
    vertex 42.34680968639054 279.8121068906025 4.794762710666705
    vertex 44.31788394589742 279.8121068906025 4.794762710666714
    vertex 43.33239338186551 279.8896703446811 3.499766044196863
  endloop
endfacet
facet normal -0.807572 -0.586735 0.0597493
  outer loop
    vertex 38.87757409466871 269.1348976233779 4.794762710666728
    vertex 37.71900571375722 270.7295301964941 4.794762710666718
    vertex 38.23531395080697 269.8869340634425 3.498933579050085
  endloop
endfacet
facet normal -0.807574 0.586737 -0.0596915
  outer loop
    vertex 38.87757409466872 278.0444430663284 2.205237289333272
    vertex 37.71900571375724 276.4498104932123 2.205237289333304
    vertex 38.23553975158179 277.2927174342958 3.502325328238587
  endloop
endfacet
facet normal -0.985925 -0.156139 -0.0597663
  outer loop
    vertex 37.10991027039459 272.6041332150998 4.794762710666714
    vertex 37.03234681659842 273.5895946736283 3.499765951765943
    vertex 37.34065965042297 271.642959039052 3.499300483074724
  endloop
endfacet
facet normal -0.998211 6.63105e-15 0.0597876
  outer loop
    vertex 37.10991027039459 272.6041332150998 4.794762710666714
    vertex 37.10991027039461 274.5752074746067 4.794762710666733
    vertex 37.03234681659842 273.5895946736283 3.499765951765943
  endloop
endfacet
facet normal -0.949356 -0.308465 0.0597662
  outer loop
    vertex 37.71900571375722 270.7295301964941 4.794762710666718
    vertex 37.10991027039459 272.6041332150998 4.794762710666714
    vertex 37.34065965042297 271.642959039052 3.499300483074724
  endloop
endfacet
facet normal -0.949359 0.308465 -0.0597229
  outer loop
    vertex 37.71900571375724 276.4498104932123 2.205237289333304
    vertex 37.10991027039459 274.5752074746066 2.205237289333285
    vertex 37.34069010579228 275.5364753852456 3.50164028132369
  endloop
endfacet
facet normal 0.452456 -0.889877 -0.0583317
  outer loop
    vertex 46.18706391810267 267.9735693603814 4.814659232582068
    vertex 45.27854656152203 267.5978169962564 3.499919036820776
    vertex 47.02682824479588 268.4866509471489 3.501087589578665
  endloop
endfacet
facet normal 0.156142 -0.985927 -0.0597279
  outer loop
    vertex 44.31788394589741 267.3672337991038 4.794762710666717
    vertex 43.33224635231149 267.2896703456542 3.498420865158827
    vertex 45.27854656152203 267.5978169962564 3.499919036820776
  endloop
endfacet
facet normal 0.453208 0.889396 0.0598044
  outer loop
    vertex 46.19248696450313 279.2030114472399 2.205237289333276
    vertex 45.27922584817725 279.5813030133859 3.500234048234057
    vertex 47.03570838677312 278.6862489106351 3.500317742614332
  endloop
endfacet
facet normal 0.307453 -0.949734 0.0589766
  outer loop
    vertex 46.18706391810267 267.9735693603814 4.814659232582068
    vertex 44.31788394589741 267.3672337991038 4.794762710666717
    vertex 45.27854656152203 267.5978169962564 3.499919036820776
  endloop
endfacet
facet normal 0.705926 0.705754 0.0598289
  outer loop
    vertex 47.78711953761922 278.0444430663284 2.205237289333278
    vertex 47.03570838677312 278.6862489106351 3.500317742614332
    vertex 48.42975348883066 277.2918920039721 3.500000000000003
  endloop
endfacet
facet normal 0.586734 0.80757 -0.0597837
  outer loop
    vertex 47.78711953761922 278.0444430663284 2.205237289333278
    vertex 46.19248696450313 279.2030114472399 2.205237289333276
    vertex 47.03570838677312 278.6862489106351 3.500317742614332
  endloop
endfacet
facet normal -0.453222 -0.889392 -0.0597565
  outer loop
    vertex 41.38513839365923 267.5981447161502 3.499401550330829
    vertex 40.47220666778482 267.9763292424665 4.794762710666718
    vertex 39.62915148493576 268.492970987532 3.499403982153094
  endloop
endfacet
facet normal 0.452371 -0.889864 0.0591774
  outer loop
    vertex 45.27854656152203 267.5978169962564 3.499919036820776
    vertex 46.19248696450311 267.9763292424665 2.205237289333279
    vertex 47.02682824479588 268.4866509471489 3.501087589578665
  endloop
endfacet
facet normal -0.156225 -0.985912 -0.0597676
  outer loop
    vertex 42.34680968639049 267.3672337991038 4.794762710666719
    vertex 41.38513839365923 267.5981447161502 3.499401550330829
    vertex 43.33224635231149 267.2896703456542 3.498420865158827
  endloop
endfacet
facet normal 0.15615 0.985921 0.0598001
  outer loop
    vertex 45.27922584817725 279.5813030133859 3.500234048234057
    vertex 44.31788394589746 279.8121068906025 2.205237289333306
    vertex 43.33239338186551 279.8896703446811 3.499766044196863
  endloop
endfacet
facet normal 0.156178 0.985917 -0.0598001
  outer loop
    vertex 44.31788394589742 279.8121068906025 4.794762710666714
    vertex 45.27922584817725 279.5813030133859 3.500234048234057
    vertex 43.33239338186551 279.8896703446811 3.499766044196863
  endloop
endfacet
facet normal -0.156165 -0.985915 0.0598678
  outer loop
    vertex 41.38513839365923 267.5981447161502 3.499401550330829
    vertex 42.34680968639052 267.3672337991038 2.205237289333287
    vertex 43.33224635231149 267.2896703456542 3.498420865158827
  endloop
endfacet
facet normal -0.985932 0.156093 0.0597704
  outer loop
    vertex 37.10991027039459 274.5752074746066 2.205237289333285
    vertex 37.03234681659842 273.5895946736283 3.499765951765943
    vertex 37.34069010579228 275.5364753852456 3.50164028132369
  endloop
endfacet
facet normal -0.985911 0.156204 -0.0598351
  outer loop
    vertex 37.03234681659842 273.5895946736283 3.499765951765943
    vertex 37.10991027039461 274.5752074746067 4.794762710666733
    vertex 37.34069010579228 275.5364753852456 3.50164028132369
  endloop
endfacet
facet normal -0.453222 0.889387 -0.0598351
  outer loop
    vertex 40.47220666778482 279.2030114472399 4.794762710666714
    vertex 41.38561171933377 279.5813497807749 3.499765951765938
    vertex 39.62930144856309 278.6864786604207 3.501640281323681
  endloop
endfacet
facet normal -0.453123 0.889442 0.0597704
  outer loop
    vertex 41.38561171933377 279.5813497807749 3.499765951765938
    vertex 40.47220666778481 279.2030114472399 2.20523728933327
    vertex 39.62930144856309 278.6864786604207 3.501640281323681
  endloop
endfacet
facet normal -0.586734 -0.807571 0.0597709
  outer loop
    vertex 40.47220666778482 267.9763292424665 4.794762710666718
    vertex 38.87757409466871 269.1348976233779 4.794762710666728
    vertex 39.62915148493576 268.492970987532 3.499403982153094
  endloop
endfacet
facet normal -0.586732 -0.807568 -0.0598258
  outer loop
    vertex 38.87757409466876 269.1348976233779 2.205237289333291
    vertex 40.47220666778479 267.9763292424665 2.205237289333284
    vertex 39.62915148493576 268.492970987532 3.499403982153094
  endloop
endfacet
facet normal 0.705912 0.705767 -0.0598436
  outer loop
    vertex 47.03570838677312 278.6862489106351 3.500317742614332
    vertex 47.78711953761922 278.0444430663284 4.794762710666728
    vertex 48.42975348883066 277.2918920039721 3.500000000000003
  endloop
endfacet
facet normal 0.583942 -0.809787 -0.0570707
  outer loop
    vertex 46.19248696450311 267.9763292424665 2.205237289333279
    vertex 47.76614252984148 269.1140189320198 2.163840458334949
    vertex 47.02682824479588 268.4866509471489 3.501087589578665
  endloop
endfacet
facet normal -0.705864 -0.705821 -0.0597722
  outer loop
    vertex 38.87757409466871 269.1348976233779 4.794762710666728
    vertex 38.23531395080697 269.8869340634425 3.498933579050085
    vertex 39.62915148493576 268.492970987532 3.499403982153094
  endloop
endfacet
facet normal 0.807569 0.586733 0.0597983
  outer loop
    vertex 47.78711953761922 278.0444430663284 4.794762710666728
    vertex 48.9456879185307 276.4498104932123 4.794762710666718
    vertex 48.42975348883066 277.2918920039721 3.500000000000003
  endloop
endfacet
facet normal 0.584026 -0.809725 0.0570881
  outer loop
    vertex 47.76614252984152 269.1140189320198 4.83615954166507
    vertex 46.18706391810267 267.9735693603814 4.814659232582068
    vertex 47.02682824479588 268.4866509471489 3.501087589578665
  endloop
endfacet
facet normal -0.889423 -0.453153 0.0598219
  outer loop
    vertex 37.71900571375726 270.729530196494 2.205237289333335
    vertex 38.23531395080697 269.8869340634425 3.498933579050085
    vertex 37.34065965042297 271.642959039052 3.499300483074724
  endloop
endfacet
facet normal 0.308464 0.949354 0.0598091
  outer loop
    vertex 44.31788394589742 279.8121068906025 4.794762710666714
    vertex 46.19248696450317 279.2030114472399 4.794762710666729
    vertex 45.27922584817725 279.5813030133859 3.500234048234057
  endloop
endfacet
facet normal -0.156145 0.985922 0.0598074
  outer loop
    vertex 42.34680968639052 279.8121068906025 2.205237289333287
    vertex 41.38561171933377 279.5813497807749 3.499765951765938
    vertex 43.33239338186551 279.8896703446811 3.499766044196863
  endloop
endfacet
facet normal -0.586731 0.807566 0.0598739
  outer loop
    vertex 38.87757409466873 278.0444430663284 4.794762710666689
    vertex 40.47220666778482 279.2030114472399 4.794762710666714
    vertex 39.62930144856309 278.6864786604207 3.501640281323681
  endloop
endfacet
facet normal 5.65957e-16 0.99821 -0.0598091
  outer loop
    vertex 44.31788394589746 279.8121068906025 2.205237289333306
    vertex 42.34680968639052 279.8121068906025 2.205237289333287
    vertex 43.33239338186551 279.8896703446811 3.499766044196863
  endloop
endfacet
facet normal -0.807567 -0.586732 -0.0598474
  outer loop
    vertex 37.71900571375726 270.729530196494 2.205237289333335
    vertex 38.87757409466876 269.1348976233779 2.205237289333291
    vertex 38.23531395080697 269.8869340634425 3.498933579050085
  endloop
endfacet
facet normal -0.94935 0.308463 0.0598739
  outer loop
    vertex 37.10991027039461 274.5752074746067 4.794762710666733
    vertex 37.71900571375723 276.4498104932123 4.794762710666716
    vertex 37.34069010579228 275.5364753852456 3.50164028132369
  endloop
endfacet
facet normal -0.308464 0.949354 -0.0598091
  outer loop
    vertex 42.34680968639052 279.8121068906025 2.205237289333287
    vertex 40.47220666778481 279.2030114472399 2.20523728933327
    vertex 41.38561171933377 279.5813497807749 3.499765951765938
  endloop
endfacet
facet normal -0.889398 0.453194 -0.0598898
  outer loop
    vertex 37.71900571375723 276.4498104932123 4.794762710666716
    vertex 38.23553975158179 277.2927174342958 3.502325328238587
    vertex 37.34069010579228 275.5364753852456 3.50164028132369
  endloop
endfacet
facet normal -0.705852 0.705823 -0.0598898
  outer loop
    vertex 38.23553975158179 277.2927174342958 3.502325328238587
    vertex 38.87757409466873 278.0444430663284 4.794762710666689
    vertex 39.62930144856309 278.6864786604207 3.501640281323681
  endloop
endfacet
facet normal -0.308465 -0.949356 0.0597708
  outer loop
    vertex 42.34680968639049 267.3672337991038 4.794762710666719
    vertex 40.47220666778482 267.9763292424665 4.794762710666718
    vertex 41.38513839365923 267.5981447161502 3.499401550330829
  endloop
endfacet
facet normal -4.04674e-17 -0.998206 -0.0598711
  outer loop
    vertex 42.34680968639052 267.3672337991038 2.205237289333287
    vertex 44.31788394589741 267.3672337991038 2.205237289333286
    vertex 43.33224635231149 267.2896703456542 3.498420865158827
  endloop
endfacet
facet normal -0.99821 -7.21027e-15 -0.0598091
  outer loop
    vertex 37.10991027039459 274.5752074746066 2.205237289333285
    vertex 37.10991027039461 272.6041332150997 2.205237289333285
    vertex 37.03234681659842 273.5895946736283 3.499765951765943
  endloop
endfacet
facet normal -0.807564 0.58673 0.0599055
  outer loop
    vertex 37.71900571375723 276.4498104932123 4.794762710666716
    vertex 38.87757409466873 278.0444430663284 4.794762710666689
    vertex 38.23553975158179 277.2927174342958 3.502325328238587
  endloop
endfacet
facet normal -0.985918 -0.156166 0.0598092
  outer loop
    vertex 37.03234681659842 273.5895946736283 3.499765951765943
    vertex 37.10991027039461 272.6041332150997 2.205237289333285
    vertex 37.34065965042297 271.642959039052 3.499300483074724
  endloop
endfacet
facet normal -0.949353 -0.308463 -0.0598305
  outer loop
    vertex 37.10991027039461 272.6041332150997 2.205237289333285
    vertex 37.71900571375726 270.729530196494 2.205237289333335
    vertex 37.34065965042297 271.642959039052 3.499300483074724
  endloop
endfacet
facet normal 0.156052 -0.985937 0.0598042
  outer loop
    vertex 43.33224635231149 267.2896703456542 3.498420865158827
    vertex 44.31788394589741 267.3672337991038 2.205237289333286
    vertex 45.27854656152203 267.5978169962564 3.499919036820776
  endloop
endfacet
facet normal 0.308464 -0.949354 -0.059802
  outer loop
    vertex 44.31788394589741 267.3672337991038 2.205237289333286
    vertex 46.19248696450311 267.9763292424665 2.205237289333279
    vertex 45.27854656152203 267.5978169962564 3.499919036820776
  endloop
endfacet
facet normal 0.807569 0.586733 -0.0597983
  outer loop
    vertex 48.9456879185307 276.4498104932123 2.205237289333279
    vertex 47.78711953761922 278.0444430663284 2.205237289333278
    vertex 48.42975348883066 277.2918920039721 3.500000000000003
  endloop
endfacet
facet normal 0.453212 0.889393 -0.0598298
  outer loop
    vertex 45.27922584817725 279.5813030133859 3.500234048234057
    vertex 46.19248696450317 279.2030114472399 4.794762710666729
    vertex 47.03570838677312 278.6862489106351 3.500317742614332
  endloop
endfacet
facet normal 0.586733 0.807569 0.059813
  outer loop
    vertex 46.19248696450317 279.2030114472399 4.794762710666729
    vertex 47.78711953761922 278.0444430663284 4.794762710666728
    vertex 47.03570838677312 278.6862489106351 3.500317742614332
  endloop
endfacet
facet normal -0.705881 -0.705797 0.0598487
  outer loop
    vertex 38.23531395080697 269.8869340634425 3.498933579050085
    vertex 38.87757409466876 269.1348976233779 2.205237289333291
    vertex 39.62915148493576 268.492970987532 3.499403982153094
  endloop
endfacet
facet normal 0.704879 -0.706949 0.0580371
  outer loop
    vertex 47.02682824479588 268.4866509471489 3.501087589578665
    vertex 47.76614252984148 269.1140189320198 2.163840458334949
    vertex 48.42427289388672 269.8799144473845 3.499999999999975
  endloop
endfacet
facet normal 0.704832 -0.706992 -0.0580852
  outer loop
    vertex 47.76614252984152 269.1140189320198 4.83615954166507
    vertex 47.02682824479588 268.4866509471489 3.501087589578665
    vertex 48.42427289388672 269.8799144473845 3.499999999999975
  endloop
endfacet
facet normal 0.937108 -0.347858 0.0286979
  outer loop
    vertex 48.90543029673752 270.6518581455567 2.155839561597044
    vertex 49.32400286880343 271.642863280291 0.5
    vertex 49.46283814611897 272.1380932531694 1.969303586074658
  endloop
endfacet
facet normal 0.937108 -0.347858 -0.0286979
  outer loop
    vertex 49.32400286880343 271.642863280291 6.5
    vertex 48.90543029673758 270.6518581455568 4.84416043840301
    vertex 49.46283814611897 272.1380932531694 5.03069641392534
  endloop
endfacet
facet normal 0.990611 -0.130534 -0.0406322
  outer loop
    vertex 49.342366351877 271.700314586901 3.499999999999996
    vertex 49.63234681614396 273.5896703448532 4.5
    vertex 49.46283814611897 272.1380932531694 5.03069641392534
  endloop
endfacet
facet normal 0.990611 -0.130534 0.0406322
  outer loop
    vertex 49.63234681614396 273.5896703448532 2.5
    vertex 49.342366351877 271.700314586901 3.499999999999996
    vertex 49.46283814611897 272.1380932531694 1.969303586074658
  endloop
endfacet
facet normal 0.940595 0.338423 -0.0274142
  outer loop
    vertex 48.9456879185307 276.4498104932123 4.794762710666718
    vertex 49.32400286880343 275.5364774094153 6.5
    vertex 49.46824355424754 275.0182259858171 5.051244766733067
  endloop
endfacet
facet normal 0.940595 0.338423 0.0274142
  outer loop
    vertex 49.32400286880343 275.5364774094153 0.5
    vertex 48.9456879185307 276.4498104932123 2.205237289333279
    vertex 49.46824355424754 275.0182259858171 1.948755233266932
  endloop
endfacet
facet normal 0.802199 -0.594581 -0.0543083
  outer loop
    vertex 47.76614252984148 269.1140189320198 2.163840458334949
    vertex 48.90543029673752 270.6518581455567 2.155839561597044
    vertex 48.42427289388672 269.8799144473845 3.499999999999975
  endloop
endfacet
facet normal 0.802199 -0.594581 0.0543083
  outer loop
    vertex 48.90543029673758 270.6518581455568 4.84416043840301
    vertex 47.76614252984152 269.1140189320198 4.83615954166507
    vertex 48.42427289388672 269.8799144473845 3.499999999999975
  endloop
endfacet
facet normal 0.934808 -0.354072 -0.0276915
  outer loop
    vertex 49.342366351877 271.700314586901 3.499999999999996
    vertex 48.90543029673752 270.6518581455567 2.155839561597044
    vertex 49.46283814611897 272.1380932531694 1.969303586074658
  endloop
endfacet
facet normal 0.934808 -0.354072 0.0276915
  outer loop
    vertex 48.90543029673758 270.6518581455568 4.84416043840301
    vertex 49.342366351877 271.700314586901 3.499999999999996
    vertex 49.46283814611897 272.1380932531694 5.03069641392534
  endloop
endfacet
facet normal 0.937486 0.346992 0.0267474
  outer loop
    vertex 49.34470311192693 275.4715767645667 3.5
    vertex 48.9456879185307 276.4498104932123 4.794762710666718
    vertex 49.46824355424754 275.0182259858171 5.051244766733067
  endloop
endfacet
facet normal 0.937486 0.346992 -0.0267474
  outer loop
    vertex 48.9456879185307 276.4498104932123 2.205237289333279
    vertex 49.34470311192693 275.4715767645667 3.5
    vertex 49.46824355424754 275.0182259858171 1.948755233266932
  endloop
endfacet
facet normal 0.990713 0.129633 -0.0410147
  outer loop
    vertex 49.63234681614396 273.5896703448532 4.5
    vertex 49.34470311192693 275.4715767645667 3.5
    vertex 49.46824355424754 275.0182259858171 5.051244766733067
  endloop
endfacet
facet normal 0.990713 0.129633 0.0410147
  outer loop
    vertex 49.34470311192693 275.4715767645667 3.5
    vertex 49.63234681614396 273.5896703448532 2.5
    vertex 49.46824355424754 275.0182259858171 1.948755233266932
  endloop
endfacet
facet normal 0 -0 1
  outer loop
    vertex 39.39332442725733 275.7504938228668 6.5
    vertex 40.78532085669578 277.3635426702743 6.5
    vertex 38.2355397515818 277.2927174342958 6.5
  endloop
endfacet
facet normal 0 0 1
  outer loop
    vertex 38.2355397515818 277.2927174342958 6.5
    vertex 40.78532085669578 277.3635426702743 6.5
    vertex 39.62929972670139 278.6864774094154 6.5
  endloop
endfacet
facet normal 0 0 1
  outer loop
    vertex 41.47471717239082 275.5710659991528 6.5
    vertex 43.86225909069508 276.3030958680569 6.5
    vertex 42.51173857037264 277.8377066586375 6.5
  endloop
endfacet
facet normal 0 0 1
  outer loop
    vertex 45.38231193690329 277.6129534267745 6.5
    vertex 44.07356205896422 278.244950539167 6.5
    vertex 43.86225909069508 276.3030958680569 6.5
  endloop
endfacet
facet normal 0 0 1
  outer loop
    vertex 42.51173857037264 277.8377066586375 6.5
    vertex 40.78532085669578 277.3635426702743 6.5
    vertex 41.47471717239082 275.5710659991528 6.5
  endloop
endfacet
facet normal 0 0 1
  outer loop
    vertex 41.47471717239082 275.5710659991528 6.5
    vertex 40.78532085669578 277.3635426702743 6.5
    vertex 39.39332442725733 275.7504938228668 6.5
  endloop
endfacet
facet normal 0 -0 1
  outer loop
    vertex 43.86225909069508 276.3030958680569 6.5
    vertex 44.07356205896422 278.244950539167 6.5
    vertex 42.51173857037264 277.8377066586375 6.5
  endloop
endfacet
facet normal 0 -0 1
  outer loop
    vertex 41.28238169538465 269.5663872629318 6.5
    vertex 42.3636485470946 270.5455235792141 6.5
    vertex 40.72746715934968 271.4965544904844 6.5
  endloop
endfacet
facet normal 0 0 1
  outer loop
    vertex 40.72746715934968 271.4965544904844 6.5
    vertex 39.81609143879735 270.0369784306677 6.5
    vertex 41.28238169538465 269.5663872629318 6.5
  endloop
endfacet
facet normal 0 0 1
  outer loop
    vertex 39.39332442725733 275.7504938228668 6.5
    vertex 39.78903289838748 274.32305521571 6.5
    vertex 41.47471717239082 275.5710659991528 6.5
  endloop
endfacet
facet normal -0 0 1
  outer loop
    vertex 39.0313552549097 272.9921040873776 6.5
    vertex 40.72746715934968 271.4965544904844 6.5
    vertex 41.09196513767933 273.5672351990065 6.5
  endloop
endfacet
facet normal 0 0 1
  outer loop
    vertex 41.09196513767933 273.5672351990065 6.5
    vertex 39.78903289838748 274.32305521571 6.5
    vertex 39.0313552549097 272.9921040873776 6.5
  endloop
endfacet
facet normal -0 0 1
  outer loop
    vertex 43.86225909069508 276.3030958680569 6.5
    vertex 45.80545014776767 275.9683761258494 6.5
    vertex 45.38231193690329 277.6129534267745 6.5
  endloop
endfacet
facet normal -0 0 1
  outer loop
    vertex 42.50708718316188 272.3343136889858 6.5
    vertex 43.99366594634201 270.9174275467494 6.5
    vertex 44.32609913122918 272.6832067177977 6.5
  endloop
endfacet
facet normal 0 0 1
  outer loop
    vertex 41.3855397515818 279.5813263975127 6.5
    vertex 40.78532085669578 277.3635426702743 6.5
    vertex 42.51173857037264 277.8377066586375 6.5
  endloop
endfacet
facet normal -0 0 1
  outer loop
    vertex 39.62929972670139 278.6864774094154 6.5
    vertex 40.78532085669578 277.3635426702743 6.5
    vertex 41.3855397515818 279.5813263975127 6.5
  endloop
endfacet
facet normal 0 0 1
  outer loop
    vertex 42.3636485470946 270.5455235792141 6.5
    vertex 42.37132011879193 268.6365664797893 6.5
    vertex 43.77720641845276 269.1176185841219 6.5
  endloop
endfacet
facet normal 0 0 1
  outer loop
    vertex 41.47471717239082 275.5710659991528 6.5
    vertex 39.78903289838748 274.32305521571 6.5
    vertex 41.09196513767933 273.5672351990065 6.5
  endloop
endfacet
facet normal 0 0 1
  outer loop
    vertex 43.99366594634201 270.9174275467494 6.5
    vertex 42.3636485470946 270.5455235792141 6.5
    vertex 43.77720641845276 269.1176185841219 6.5
  endloop
endfacet
facet normal 0 0 1
  outer loop
    vertex 44.32609913122918 272.6832067177977 6.5
    vertex 43.99366594634201 270.9174275467494 6.5
    vertex 45.6759162510407 271.2626751511563 6.5
  endloop
endfacet
facet normal 0 -0 1
  outer loop
    vertex 42.99846782254932 274.1432420456596 6.5
    vertex 43.86225909069508 276.3030958680569 6.5
    vertex 41.47471717239082 275.5710659991528 6.5
  endloop
endfacet
facet normal 0 -0 1
  outer loop
    vertex 37.3406907634845 271.642863280291 6.5
    vertex 39.0313552549097 272.9921040873776 6.5
    vertex 37.03234681614397 273.5896703448532 6.5
  endloop
endfacet
facet normal 0 0 1
  outer loop
    vertex 47.03539390558655 268.492863280291 6.5
    vertex 45.40595688894958 269.5094340150184 6.5
    vertex 45.27915388070613 267.5980142921937 6.5
  endloop
endfacet
facet normal -0 0 1
  outer loop
    vertex 41.3855397515818 279.5813263975127 6.5
    vertex 42.51173857037264 277.8377066586375 6.5
    vertex 43.33234681614397 279.8896703448532 6.5
  endloop
endfacet
facet normal 0 0 1
  outer loop
    vertex 49.32400286880343 271.642863280291 6.5
    vertex 47.41258314597872 271.5160602720476 6.5
    vertex 48.42915388070614 269.8866232554106 6.5
  endloop
endfacet
facet normal 0 0 1
  outer loop
    vertex 37.3406907634845 275.5364774094153 6.5
    vertex 39.39332442725733 275.7504938228668 6.5
    vertex 38.2355397515818 277.2927174342958 6.5
  endloop
endfacet
facet normal 0 0 1
  outer loop
    vertex 48.42915388070614 277.2927174342958 6.5
    vertex 47.49896756695487 275.8439937877245 6.5
    vertex 49.32400286880343 275.5364774094153 6.5
  endloop
endfacet
facet normal 0 0 1
  outer loop
    vertex 45.27915388070614 279.5813263975127 6.5
    vertex 45.38231193690329 277.6129534267745 6.5
    vertex 47.03539390558655 278.6864774094153 6.5
  endloop
endfacet
facet normal 0 0 1
  outer loop
    vertex 41.3855397515818 267.5980142921937 6.5
    vertex 41.28238169538465 269.5663872629318 6.5
    vertex 39.62929972670138 268.492863280291 6.5
  endloop
endfacet
facet normal 0 0 1
  outer loop
    vertex 42.99846782254932 274.1432420456596 6.5
    vertex 41.47471717239082 275.5710659991528 6.5
    vertex 41.09196513767933 273.5672351990065 6.5
  endloop
endfacet
facet normal 0 0 1
  outer loop
    vertex 42.99846782254932 274.1432420456596 6.5
    vertex 41.09196513767933 273.5672351990065 6.5
    vertex 42.50708718316188 272.3343136889858 6.5
  endloop
endfacet
facet normal 0 0 1
  outer loop
    vertex 44.86690021109326 274.4085781750319 6.5
    vertex 43.86225909069508 276.3030958680569 6.5
    vertex 42.99846782254932 274.1432420456596 6.5
  endloop
endfacet
facet normal 0 0 1
  outer loop
    vertex 42.99846782254932 274.1432420456596 6.5
    vertex 42.50708718316188 272.3343136889858 6.5
    vertex 44.32609913122918 272.6832067177977 6.5
  endloop
endfacet
facet normal 0 0 1
  outer loop
    vertex 44.86690021109326 274.4085781750319 6.5
    vertex 42.99846782254932 274.1432420456596 6.5
    vertex 44.32609913122918 272.6832067177977 6.5
  endloop
endfacet
facet normal 0 0 1
  outer loop
    vertex 46.15167359122464 272.995788354572 6.5
    vertex 44.86690021109326 274.4085781750319 6.5
    vertex 44.32609913122918 272.6832067177977 6.5
  endloop
endfacet
facet normal 0 0 1
  outer loop
    vertex 46.15167359122464 272.995788354572 6.5
    vertex 44.32609913122918 272.6832067177977 6.5
    vertex 45.6759162510407 271.2626751511563 6.5
  endloop
endfacet
facet normal 0 0 1
  outer loop
    vertex 45.40595688894958 269.5094340150184 6.5
    vertex 43.77720641845276 269.1176185841219 6.5
    vertex 45.27915388070613 267.5980142921937 6.5
  endloop
endfacet
facet normal 0 0 1
  outer loop
    vertex 45.27915388070613 267.5980142921937 6.5
    vertex 43.77720641845276 269.1176185841219 6.5
    vertex 43.33234681614397 267.2896703448532 6.5
  endloop
endfacet
facet normal 0 0 1
  outer loop
    vertex 49.32400286880343 271.642863280291 6.5
    vertex 47.86720703187898 273.139241362249 6.5
    vertex 47.41258314597872 271.5160602720476 6.5
  endloop
endfacet
facet normal 0 0 1
  outer loop
    vertex 49.63234681614396 273.5896703448532 6.5
    vertex 47.86720703187898 273.139241362249 6.5
    vertex 49.32400286880343 271.642863280291 6.5
  endloop
endfacet
facet normal 0 0 1
  outer loop
    vertex 41.09196513767933 273.5672351990065 6.5
    vertex 40.72746715934968 271.4965544904844 6.5
    vertex 42.50708718316188 272.3343136889858 6.5
  endloop
endfacet
facet normal 0 -0 1
  outer loop
    vertex 44.86690021109326 274.4085781750319 6.5
    vertex 45.80545014776767 275.9683761258494 6.5
    vertex 43.86225909069508 276.3030958680569 6.5
  endloop
endfacet
facet normal -0 0 1
  outer loop
    vertex 40.72746715934968 271.4965544904844 6.5
    vertex 42.3636485470946 270.5455235792141 6.5
    vertex 42.50708718316188 272.3343136889858 6.5
  endloop
endfacet
facet normal 0 0 1
  outer loop
    vertex 42.50708718316188 272.3343136889858 6.5
    vertex 42.3636485470946 270.5455235792141 6.5
    vertex 43.99366594634201 270.9174275467494 6.5
  endloop
endfacet
facet normal 0 -0 1
  outer loop
    vertex 47.86720703187898 273.139241362249 6.5
    vertex 48.21369316442716 274.5187657424361 6.5
    vertex 46.74594153835454 274.4844458079387 6.5
  endloop
endfacet
facet normal 0 0 1
  outer loop
    vertex 47.41258314597872 271.5160602720476 6.5
    vertex 46.15167359122464 272.995788354572 6.5
    vertex 45.6759162510407 271.2626751511563 6.5
  endloop
endfacet
facet normal 0 0 1
  outer loop
    vertex 45.6759162510407 271.2626751511563 6.5
    vertex 43.99366594634201 270.9174275467494 6.5
    vertex 45.40595688894958 269.5094340150184 6.5
  endloop
endfacet
facet normal -0 0 1
  outer loop
    vertex 41.28238169538465 269.5663872629318 6.5
    vertex 42.37132011879193 268.6365664797893 6.5
    vertex 42.3636485470946 270.5455235792141 6.5
  endloop
endfacet
facet normal 0 0 1
  outer loop
    vertex 47.86720703187898 273.139241362249 6.5
    vertex 46.74594153835454 274.4844458079387 6.5
    vertex 46.15167359122464 272.995788354572 6.5
  endloop
endfacet
facet normal -0 0 1
  outer loop
    vertex 39.03416474778032 271.2005188603121 6.5
    vertex 39.81609143879735 270.0369784306677 6.5
    vertex 40.72746715934968 271.4965544904844 6.5
  endloop
endfacet
facet normal -0 0 1
  outer loop
    vertex 37.3406907634845 271.642863280291 6.5
    vertex 39.03416474778032 271.2005188603121 6.5
    vertex 39.0313552549097 272.9921040873776 6.5
  endloop
endfacet
facet normal 0 -0 1
  outer loop
    vertex 38.2355397515818 269.8866232554106 6.5
    vertex 39.03416474778032 271.2005188603121 6.5
    vertex 37.3406907634845 271.642863280291 6.5
  endloop
endfacet
facet normal 0 -0 1
  outer loop
    vertex 47.41258314597872 271.5160602720476 6.5
    vertex 47.86720703187898 273.139241362249 6.5
    vertex 46.15167359122464 272.995788354572 6.5
  endloop
endfacet
facet normal 0 0 1
  outer loop
    vertex 43.99366594634201 270.9174275467494 6.5
    vertex 43.77720641845276 269.1176185841219 6.5
    vertex 45.40595688894958 269.5094340150184 6.5
  endloop
endfacet
facet normal 0 0 1
  outer loop
    vertex 47.41258314597872 271.5160602720476 6.5
    vertex 46.84966187356246 270.0723552874347 6.5
    vertex 48.42915388070614 269.8866232554106 6.5
  endloop
endfacet
facet normal 0 0 1
  outer loop
    vertex 45.27915388070614 279.5813263975127 6.5
    vertex 44.07356205896422 278.244950539167 6.5
    vertex 45.38231193690329 277.6129534267745 6.5
  endloop
endfacet
facet normal -0 0 1
  outer loop
    vertex 45.38231193690329 277.6129534267745 6.5
    vertex 46.82507699304428 277.1012666179839 6.5
    vertex 47.03539390558655 278.6864774094153 6.5
  endloop
endfacet
facet normal 0 0 1
  outer loop
    vertex 39.0313552549097 272.9921040873776 6.5
    vertex 38.38857204398932 274.3726873452314 6.5
    vertex 37.03234681614397 273.5896703448532 6.5
  endloop
endfacet
facet normal 0 0 1
  outer loop
    vertex 48.42915388070614 277.2927174342958 6.5
    vertex 46.82507699304428 277.1012666179839 6.5
    vertex 47.49896756695487 275.8439937877245 6.5
  endloop
endfacet
facet normal -0 0 1
  outer loop
    vertex 37.3406907634845 275.5364774094153 6.5
    vertex 38.38857204398932 274.3726873452314 6.5
    vertex 39.39332442725733 275.7504938228668 6.5
  endloop
endfacet
facet normal 0 0 1
  outer loop
    vertex 48.42915388070614 269.8866232554106 6.5
    vertex 46.84966187356246 270.0723552874347 6.5
    vertex 47.03539390558655 268.492863280291 6.5
  endloop
endfacet
facet normal 0 0 1
  outer loop
    vertex 43.33234681614397 279.8896703448532 6.5
    vertex 44.07356205896422 278.244950539167 6.5
    vertex 45.27915388070614 279.5813263975127 6.5
  endloop
endfacet
facet normal 0 0 1
  outer loop
    vertex 47.03539390558655 278.6864774094153 6.5
    vertex 46.82507699304428 277.1012666179839 6.5
    vertex 48.42915388070614 277.2927174342958 6.5
  endloop
endfacet
facet normal 0 0 1
  outer loop
    vertex 37.03234681614397 273.5896703448532 6.5
    vertex 38.38857204398932 274.3726873452314 6.5
    vertex 37.3406907634845 275.5364774094153 6.5
  endloop
endfacet
facet normal 0 0 1
  outer loop
    vertex 42.51173857037264 277.8377066586375 6.5
    vertex 44.07356205896422 278.244950539167 6.5
    vertex 43.33234681614397 279.8896703448532 6.5
  endloop
endfacet
facet normal 0 0 1
  outer loop
    vertex 47.03539390558655 268.492863280291 6.5
    vertex 46.84966187356246 270.0723552874347 6.5
    vertex 45.40595688894958 269.5094340150184 6.5
  endloop
endfacet
facet normal 0 -0 1
  outer loop
    vertex 39.62929972670138 268.492863280291 6.5
    vertex 39.81609143879735 270.0369784306677 6.5
    vertex 38.2355397515818 269.8866232554106 6.5
  endloop
endfacet
facet normal 0 0 1
  outer loop
    vertex 43.33234681614397 267.2896703448532 6.5
    vertex 42.37132011879193 268.6365664797893 6.5
    vertex 41.3855397515818 267.5980142921937 6.5
  endloop
endfacet
facet normal 0 0 1
  outer loop
    vertex 49.32400286880343 275.5364774094153 6.5
    vertex 48.21369316442716 274.5187657424361 6.5
    vertex 49.63234681614396 273.5896703448532 6.5
  endloop
endfacet
facet normal 0 0 1
  outer loop
    vertex 39.0313552549097 272.9921040873776 6.5
    vertex 39.03416474778032 271.2005188603121 6.5
    vertex 40.72746715934968 271.4965544904844 6.5
  endloop
endfacet
facet normal 0 0 1
  outer loop
    vertex 41.28238169538465 269.5663872629318 6.5
    vertex 39.81609143879735 270.0369784306677 6.5
    vertex 39.62929972670138 268.492863280291 6.5
  endloop
endfacet
facet normal 0 -0 1
  outer loop
    vertex 46.15167359122464 272.995788354572 6.5
    vertex 46.74594153835454 274.4844458079387 6.5
    vertex 44.86690021109326 274.4085781750319 6.5
  endloop
endfacet
facet normal 0 -0 1
  outer loop
    vertex 41.3855397515818 267.5980142921937 6.5
    vertex 42.37132011879193 268.6365664797893 6.5
    vertex 41.28238169538465 269.5663872629318 6.5
  endloop
endfacet
facet normal 0 0 1
  outer loop
    vertex 47.49896756695487 275.8439937877245 6.5
    vertex 48.21369316442716 274.5187657424361 6.5
    vertex 49.32400286880343 275.5364774094153 6.5
  endloop
endfacet
facet normal 0 0 1
  outer loop
    vertex 47.41258314597872 271.5160602720476 6.5
    vertex 45.6759162510407 271.2626751511563 6.5
    vertex 46.84966187356246 270.0723552874347 6.5
  endloop
endfacet
facet normal 0 0 1
  outer loop
    vertex 46.84966187356246 270.0723552874347 6.5
    vertex 45.6759162510407 271.2626751511563 6.5
    vertex 45.40595688894958 269.5094340150184 6.5
  endloop
endfacet
facet normal 0 0 1
  outer loop
    vertex 46.74594153835454 274.4844458079387 6.5
    vertex 48.21369316442716 274.5187657424361 6.5
    vertex 47.49896756695487 275.8439937877245 6.5
  endloop
endfacet
facet normal 0 0 1
  outer loop
    vertex 46.82507699304428 277.1012666179839 6.5
    vertex 45.80545014776767 275.9683761258494 6.5
    vertex 47.49896756695487 275.8439937877245 6.5
  endloop
endfacet
facet normal 0 0 1
  outer loop
    vertex 43.77720641845276 269.1176185841219 6.5
    vertex 42.37132011879193 268.6365664797893 6.5
    vertex 43.33234681614397 267.2896703448532 6.5
  endloop
endfacet
facet normal 0 0 1
  outer loop
    vertex 49.63234681614396 273.5896703448532 6.5
    vertex 48.21369316442716 274.5187657424361 6.5
    vertex 47.86720703187898 273.139241362249 6.5
  endloop
endfacet
facet normal 0 0 1
  outer loop
    vertex 45.80545014776767 275.9683761258494 6.5
    vertex 46.74594153835454 274.4844458079387 6.5
    vertex 47.49896756695487 275.8439937877245 6.5
  endloop
endfacet
facet normal 0 0 1
  outer loop
    vertex 45.38231193690329 277.6129534267745 6.5
    vertex 45.80545014776767 275.9683761258494 6.5
    vertex 46.82507699304428 277.1012666179839 6.5
  endloop
endfacet
facet normal 0 0 1
  outer loop
    vertex 44.86690021109326 274.4085781750319 6.5
    vertex 46.74594153835454 274.4844458079387 6.5
    vertex 45.80545014776767 275.9683761258494 6.5
  endloop
endfacet
facet normal 0 0 1
  outer loop
    vertex 38.2355397515818 269.8866232554106 6.5
    vertex 39.81609143879735 270.0369784306677 6.5
    vertex 39.03416474778032 271.2005188603121 6.5
  endloop
endfacet
facet normal 0 -0 1
  outer loop
    vertex 39.0313552549097 272.9921040873776 6.5
    vertex 39.78903289838748 274.32305521571 6.5
    vertex 38.38857204398932 274.3726873452314 6.5
  endloop
endfacet
facet normal -0 0 1
  outer loop
    vertex 38.38857204398932 274.3726873452314 6.5
    vertex 39.78903289838748 274.32305521571 6.5
    vertex 39.39332442725733 275.7504938228668 6.5
  endloop
endfacet
facet normal 0.152986 0.988228 -0
  outer loop
    vertex 44.34917083890547 280.0096445587216 0
    vertex 42.39326986629167 280.3124340268262 0
    vertex 44.34917083890547 280.0096445587216 0.5
  endloop
endfacet
facet normal -0.152986 0.988228 0
  outer loop
    vertex -42.39326986629163 280.3124340268262 0
    vertex -44.34917083890544 280.0096445587216 0
    vertex -44.34917083890544 280.0096445587216 0.5
  endloop
endfacet
facet normal -0.152986 0.988228 0
  outer loop
    vertex -42.39326986629163 280.3124340268262 0.5
    vertex -42.39326986629163 280.3124340268262 0
    vertex -44.34917083890544 280.0096445587216 0.5
  endloop
endfacet
facet normal 0.152986 0.988228 0
  outer loop
    vertex 44.34917083890547 280.0096445587216 0.5
    vertex 42.39326986629167 280.3124340268262 0
    vertex 42.39326986629167 280.3124340268262 0.5
  endloop
endfacet
facet normal 0.146083 0.989272 0
  outer loop
    vertex 42.39326986629167 280.3124340268262 0.5
    vertex 42.39326986629167 280.3124340268262 0
    vertex 40.43530270551256 280.6015614623582 0.5
  endloop
endfacet
facet normal 0.139173 0.990268 0
  outer loop
    vertex 40.43530270551256 280.6015614623582 0.5
    vertex 40.43530270551256 280.6015614623582 0
    vertex 38.4753647851253 280.8770127736543 0.5
  endloop
endfacet
facet normal 0.146083 0.989272 0
  outer loop
    vertex 42.39326986629167 280.3124340268262 0
    vertex 40.43530270551256 280.6015614623582 0
    vertex 40.43530270551256 280.6015614623582 0.5
  endloop
endfacet
facet normal 0.132256 0.991216 0
  outer loop
    vertex 38.4753647851253 280.8770127736543 0.5
    vertex 38.4753647851253 280.8770127736543 0
    vertex 36.51355162973906 281.1387745356061 0.5
  endloop
endfacet
facet normal 0.139173 0.990268 0
  outer loop
    vertex 40.43530270551256 280.6015614623582 0
    vertex 38.4753647851253 280.8770127736543 0
    vertex 38.4753647851253 280.8770127736543 0.5
  endloop
endfacet
facet normal 0.125333 0.992115 0
  outer loop
    vertex 34.54995885535931 281.3868339903148 0.5
    vertex 36.51355162973906 281.1387745356061 0.5
    vertex 36.51355162973906 281.1387745356061 0
  endloop
endfacet
facet normal 0.132256 0.991216 0
  outer loop
    vertex 38.4753647851253 280.8770127736543 0
    vertex 36.51355162973906 281.1387745356061 0
    vertex 36.51355162973906 281.1387745356061 0.5
  endloop
endfacet
facet normal 0.118404 0.992966 0
  outer loop
    vertex 34.54995885535931 281.3868339903148 0.5
    vertex 32.58468216472768 281.6211790477124 0
    vertex 32.58468216472768 281.6211790477124 0.5
  endloop
endfacet
facet normal 0.125333 0.992115 -0
  outer loop
    vertex 34.54995885535931 281.3868339903148 0
    vertex 34.54995885535931 281.3868339903148 0.5
    vertex 36.51355162973906 281.1387745356061 0
  endloop
endfacet
facet normal 0.118404 0.992966 -0
  outer loop
    vertex 34.54995885535931 281.3868339903148 0
    vertex 32.58468216472768 281.6211790477124 0
    vertex 34.54995885535931 281.3868339903148 0.5
  endloop
endfacet
facet normal 0.111469 0.993768 0
  outer loop
    vertex 32.58468216472768 281.6211790477124 0.5
    vertex 32.58468216472768 281.6211790477124 0
    vertex 30.61781734265747 281.8417982861514 0.5
  endloop
endfacet
facet normal 0.104528 0.994522 0
  outer loop
    vertex 28.64946025136528 282.0486809529614 0.5
    vertex 30.61781734265747 281.8417982861514 0.5
    vertex 30.61781734265747 281.8417982861514 0
  endloop
endfacet
facet normal 0.111469 0.993768 0
  outer loop
    vertex 32.58468216472768 281.6211790477124 0
    vertex 30.61781734265747 281.8417982861514 0
    vertex 30.61781734265747 281.8417982861514 0.5
  endloop
endfacet
facet normal 0.0975829 0.995227 -0
  outer loop
    vertex 26.6797068257988 282.2418169649732 0
    vertex 26.6797068257988 282.2418169649732 0.5
    vertex 28.64946025136528 282.0486809529614 0.5
  endloop
endfacet
facet normal 0.104528 0.994522 -0
  outer loop
    vertex 28.64946025136528 282.0486809529614 0
    vertex 28.64946025136528 282.0486809529614 0.5
    vertex 30.61781734265747 281.8417982861514 0
  endloop
endfacet
facet normal 0.0975829 0.995227 0
  outer loop
    vertex 26.6797068257988 282.2418169649732 0
    vertex 28.64946025136528 282.0486809529614 0.5
    vertex 28.64946025136528 282.0486809529614 0
  endloop
endfacet
facet normal 0.0906326 0.995884 0
  outer loop
    vertex 26.6797068257988 282.2418169649732 0.5
    vertex 26.6797068257988 282.2418169649732 0
    vertex 24.70865306896108 282.4211969090098 0.5
  endloop
endfacet
facet normal 0.0836778 0.996493 0
  outer loop
    vertex 22.73639504723149 282.5868120423461 0.5
    vertex 24.70865306896108 282.4211969090098 0.5
    vertex 24.70865306896108 282.4211969090098 0
  endloop
endfacet
facet normal 0.0906326 0.995884 0
  outer loop
    vertex 26.6797068257988 282.2418169649732 0
    vertex 24.70865306896108 282.4211969090098 0
    vertex 24.70865306896108 282.4211969090098 0.5
  endloop
endfacet
facet normal 0.076719 0.997053 0
  outer loop
    vertex 22.73639504723149 282.5868120423461 0.5
    vertex 22.73639504723149 282.5868120423461 0
    vertex 20.76302888568357 282.7386542931339 0.5
  endloop
endfacet
facet normal 0.0836778 0.996493 -0
  outer loop
    vertex 22.73639504723149 282.5868120423461 0
    vertex 22.73639504723149 282.5868120423461 0.5
    vertex 24.70865306896108 282.4211969090098 0
  endloop
endfacet
facet normal 0.0697565 0.997564 0
  outer loop
    vertex 20.76302888568357 282.7386542931339 0.5
    vertex 18.78865076340002 282.8767162607962 0
    vertex 18.78865076340002 282.8767162607962 0.5
  endloop
endfacet
facet normal 0.076719 0.997053 0
  outer loop
    vertex 22.73639504723149 282.5868120423461 0
    vertex 20.76302888568357 282.7386542931339 0
    vertex 20.76302888568357 282.7386542931339 0.5
  endloop
endfacet
facet normal 0.0697565 0.997564 -0
  outer loop
    vertex 20.76302888568357 282.7386542931339 0
    vertex 18.78865076340002 282.8767162607962 0
    vertex 20.76302888568357 282.7386542931339 0.5
  endloop
endfacet
facet normal 0.0627905 0.998027 -0
  outer loop
    vertex 18.78865076340002 282.8767162607962 0
    vertex 16.8133569087851 283.0009912163875 0.5
    vertex 18.78865076340002 282.8767162607962 0.5
  endloop
endfacet
facet normal 0.0558215 0.998441 -0
  outer loop
    vertex 16.8133569087851 283.0009912163875 0
    vertex 14.83724359487455 283.1114731029217 0.5
    vertex 16.8133569087851 283.0009912163875 0.5
  endloop
endfacet
facet normal 0.0627905 0.998027 0
  outer loop
    vertex 18.78865076340002 282.8767162607962 0
    vertex 16.8133569087851 283.0009912163875 0
    vertex 16.8133569087851 283.0009912163875 0.5
  endloop
endfacet
facet normal 0.0488498 0.998806 0
  outer loop
    vertex 14.83724359487455 283.1114731029217 0.5
    vertex 12.86040713464342 283.2081565356676 0
    vertex 12.86040713464342 283.2081565356676 0.5
  endloop
endfacet
facet normal 0.0558215 0.998441 0
  outer loop
    vertex 16.8133569087851 283.0009912163875 0
    vertex 14.83724359487455 283.1114731029217 0
    vertex 14.83724359487455 283.1114731029217 0.5
  endloop
endfacet
facet normal 0.0488498 0.998806 -0
  outer loop
    vertex 14.83724359487455 283.1114731029217 0
    vertex 12.86040713464342 283.2081565356676 0
    vertex 14.83724359487455 283.1114731029217 0.5
  endloop
endfacet
facet normal 0.0418757 0.999123 0
  outer loop
    vertex 12.86040713464342 283.2081565356676 0.5
    vertex 10.88294387631187 283.2910368024111 0
    vertex 10.88294387631187 283.2910368024111 0.5
  endloop
endfacet
facet normal 0.0418757 0.999123 -0
  outer loop
    vertex 12.86040713464342 283.2081565356676 0
    vertex 10.88294387631187 283.2910368024111 0
    vertex 12.86040713464342 283.2081565356676 0.5
  endloop
endfacet
facet normal 0.0348995 0.999391 0
  outer loop
    vertex 10.88294387631187 283.2910368024111 0.5
    vertex 10.88294387631187 283.2910368024111 0
    vertex 8.904950198649336 283.3601098636849 0.5
  endloop
endfacet
facet normal 0.0279216 0.99961 0
  outer loop
    vertex 6.926522506277133 283.4153723529654 0.5
    vertex 8.904950198649336 283.3601098636849 0.5
    vertex 8.904950198649336 283.3601098636849 0
  endloop
endfacet
facet normal 0.0348995 0.999391 0
  outer loop
    vertex 10.88294387631187 283.2910368024111 0
    vertex 8.904950198649336 283.3601098636849 0
    vertex 8.904950198649336 283.3601098636849 0.5
  endloop
endfacet
facet normal 0.0209424 0.999781 0
  outer loop
    vertex 6.926522506277133 283.4153723529654 0.5
    vertex 4.947757224969838 283.4568215768369 0
    vertex 4.947757224969838 283.4568215768369 0.5
  endloop
endfacet
facet normal 0.0279216 0.99961 -0
  outer loop
    vertex 6.926522506277133 283.4153723529654 0
    vertex 6.926522506277133 283.4153723529654 0.5
    vertex 8.904950198649336 283.3601098636849 0
  endloop
endfacet
facet normal 0.0209424 0.999781 0
  outer loop
    vertex 6.926522506277133 283.4153723529654 0.5
    vertex 6.926522506277133 283.4153723529654 0
    vertex 4.947757224969838 283.4568215768369 0
  endloop
endfacet
facet normal 0.0139622 0.999903 -0
  outer loop
    vertex 4.947757224969838 283.4568215768369 0
    vertex 2.968750796955641 283.4844555151227 0.5
    vertex 4.947757224969838 283.4568215768369 0.5
  endloop
endfacet
facet normal 0.00698126 0.999976 0
  outer loop
    vertex 0.989599676215884 283.4982728209836 0.5
    vertex 2.968750796955641 283.4844555151227 0.5
    vertex 2.968750796955641 283.4844555151227 0
  endloop
endfacet
facet normal 0.0139622 0.999903 0
  outer loop
    vertex 4.947757224969838 283.4568215768369 0
    vertex 2.968750796955641 283.4844555151227 0
    vertex 2.968750796955641 283.4844555151227 0.5
  endloop
endfacet
facet normal 0 1 0
  outer loop
    vertex 0.989599676215884 283.4982728209836 0.5
    vertex -0.989599676215975 283.4982728209836 0
    vertex -0.989599676215975 283.4982728209836 0.5
  endloop
endfacet
facet normal 0.00698126 0.999976 -0
  outer loop
    vertex 0.989599676215884 283.4982728209836 0
    vertex 0.989599676215884 283.4982728209836 0.5
    vertex 2.968750796955641 283.4844555151227 0
  endloop
endfacet
facet normal 0 1 0
  outer loop
    vertex 0.989599676215884 283.4982728209836 0.5
    vertex 0.989599676215884 283.4982728209836 0
    vertex -0.989599676215975 283.4982728209836 0
  endloop
endfacet
facet normal -0.00698126 0.999976 0
  outer loop
    vertex -0.989599676215975 283.4982728209836 0.5
    vertex -0.989599676215975 283.4982728209836 0
    vertex -2.968750796955732 283.4844555151227 0.5
  endloop
endfacet
facet normal -0.0139622 0.999903 0
  outer loop
    vertex -4.947757224969929 283.4568215768369 0.5
    vertex -2.968750796955732 283.4844555151227 0.5
    vertex -2.968750796955732 283.4844555151227 0
  endloop
endfacet
facet normal -0.00698126 0.999976 0
  outer loop
    vertex -0.989599676215975 283.4982728209836 0
    vertex -2.968750796955732 283.4844555151227 0
    vertex -2.968750796955732 283.4844555151227 0.5
  endloop
endfacet
facet normal -0.0209424 0.999781 0
  outer loop
    vertex -6.926522506277224 283.4153723529654 0.5
    vertex -4.947757224969929 283.4568215768369 0.5
    vertex -4.947757224969929 283.4568215768369 0
  endloop
endfacet
facet normal -0.0139622 0.999903 0
  outer loop
    vertex -4.947757224969929 283.4568215768369 0
    vertex -4.947757224969929 283.4568215768369 0.5
    vertex -2.968750796955732 283.4844555151227 0
  endloop
endfacet
facet normal -0.0279216 0.99961 0
  outer loop
    vertex -6.926522506277224 283.4153723529654 0.5
    vertex -8.904950198649431 283.3601098636849 0
    vertex -8.904950198649431 283.3601098636849 0.5
  endloop
endfacet
facet normal -0.0209424 0.999781 0
  outer loop
    vertex -6.926522506277224 283.4153723529654 0
    vertex -6.926522506277224 283.4153723529654 0.5
    vertex -4.947757224969929 283.4568215768369 0
  endloop
endfacet
facet normal -0.0279216 0.99961 0
  outer loop
    vertex -6.926522506277224 283.4153723529654 0
    vertex -8.904950198649431 283.3601098636849 0
    vertex -6.926522506277224 283.4153723529654 0.5
  endloop
endfacet
facet normal -0.0348995 0.999391 0
  outer loop
    vertex -8.904950198649431 283.3601098636849 0.5
    vertex -8.904950198649431 283.3601098636849 0
    vertex -10.88294387631196 283.2910368024111 0.5
  endloop
endfacet
facet normal -0.0418757 0.999123 0
  outer loop
    vertex -12.86040713464351 283.2081565356676 0.5
    vertex -10.88294387631196 283.2910368024111 0.5
    vertex -10.88294387631196 283.2910368024111 0
  endloop
endfacet
facet normal -0.0348995 0.999391 0
  outer loop
    vertex -8.904950198649431 283.3601098636849 0
    vertex -10.88294387631196 283.2910368024111 0
    vertex -10.88294387631196 283.2910368024111 0.5
  endloop
endfacet
facet normal -0.0488498 0.998806 0
  outer loop
    vertex -12.86040713464351 283.2081565356676 0.5
    vertex -14.83724359487464 283.1114731029217 0
    vertex -14.83724359487464 283.1114731029217 0.5
  endloop
endfacet
facet normal -0.0418757 0.999123 0
  outer loop
    vertex -12.86040713464351 283.2081565356676 0
    vertex -12.86040713464351 283.2081565356676 0.5
    vertex -10.88294387631196 283.2910368024111 0
  endloop
endfacet
facet normal -0.0488498 0.998806 0
  outer loop
    vertex -12.86040713464351 283.2081565356676 0.5
    vertex -12.86040713464351 283.2081565356676 0
    vertex -14.83724359487464 283.1114731029217 0
  endloop
endfacet
facet normal -0.0558215 0.998441 0
  outer loop
    vertex -14.83724359487464 283.1114731029217 0.5
    vertex -14.83724359487464 283.1114731029217 0
    vertex -16.81335690878519 283.0009912163874 0.5
  endloop
endfacet
facet normal -0.0627905 0.998027 0
  outer loop
    vertex -18.78865076340011 282.8767162607962 0
    vertex -18.78865076340011 282.8767162607962 0.5
    vertex -16.81335690878519 283.0009912163874 0.5
  endloop
endfacet
facet normal -0.0558215 0.998441 0
  outer loop
    vertex -14.83724359487464 283.1114731029217 0
    vertex -16.81335690878519 283.0009912163874 0
    vertex -16.81335690878519 283.0009912163874 0.5
  endloop
endfacet
facet normal -0.0627905 0.998027 0
  outer loop
    vertex -18.78865076340011 282.8767162607962 0
    vertex -16.81335690878519 283.0009912163874 0.5
    vertex -16.81335690878519 283.0009912163874 0
  endloop
endfacet
facet normal -0.0697565 0.997564 0
  outer loop
    vertex -20.76302888568366 282.7386542931339 0.5
    vertex -18.78865076340011 282.8767162607962 0.5
    vertex -18.78865076340011 282.8767162607962 0
  endloop
endfacet
facet normal -0.076719 0.997053 0
  outer loop
    vertex -22.73639504723158 282.5868120423461 0
    vertex -22.73639504723158 282.5868120423461 0.5
    vertex -20.76302888568366 282.7386542931339 0.5
  endloop
endfacet
facet normal -0.0697565 0.997564 0
  outer loop
    vertex -20.76302888568366 282.7386542931339 0
    vertex -20.76302888568366 282.7386542931339 0.5
    vertex -18.78865076340011 282.8767162607962 0
  endloop
endfacet
facet normal -0.076719 0.997053 0
  outer loop
    vertex -22.73639504723158 282.5868120423461 0
    vertex -20.76302888568366 282.7386542931339 0.5
    vertex -20.76302888568366 282.7386542931339 0
  endloop
endfacet
facet normal -0.0836778 0.996493 0
  outer loop
    vertex -22.73639504723158 282.5868120423461 0.5
    vertex -24.70865306896117 282.4211969090098 0
    vertex -24.70865306896117 282.4211969090098 0.5
  endloop
endfacet
facet normal -0.0836778 0.996493 0
  outer loop
    vertex -22.73639504723158 282.5868120423461 0.5
    vertex -22.73639504723158 282.5868120423461 0
    vertex -24.70865306896117 282.4211969090098 0
  endloop
endfacet
facet normal -0.0906326 0.995884 0
  outer loop
    vertex -26.67970682579883 282.2418169649732 0.5
    vertex -24.70865306896117 282.4211969090098 0.5
    vertex -24.70865306896117 282.4211969090098 0
  endloop
endfacet
facet normal -0.0975829 0.995227 0
  outer loop
    vertex -28.64946025136531 282.0486809529614 0
    vertex -28.64946025136531 282.0486809529614 0.5
    vertex -26.67970682579883 282.2418169649732 0.5
  endloop
endfacet
facet normal -0.0906326 0.995884 0
  outer loop
    vertex -26.67970682579883 282.2418169649732 0
    vertex -26.67970682579883 282.2418169649732 0.5
    vertex -24.70865306896117 282.4211969090098 0
  endloop
endfacet
facet normal -0.0975829 0.995227 0
  outer loop
    vertex -28.64946025136531 282.0486809529614 0
    vertex -26.67970682579883 282.2418169649732 0.5
    vertex -26.67970682579883 282.2418169649732 0
  endloop
endfacet
facet normal -0.104528 0.994522 0
  outer loop
    vertex -28.64946025136531 282.0486809529614 0.5
    vertex -30.6178173426575 281.8417982861514 0
    vertex -30.6178173426575 281.8417982861514 0.5
  endloop
endfacet
facet normal -0.104528 0.994522 0
  outer loop
    vertex -28.64946025136531 282.0486809529614 0
    vertex -30.6178173426575 281.8417982861514 0
    vertex -28.64946025136531 282.0486809529614 0.5
  endloop
endfacet
facet normal -0.111469 0.993768 0
  outer loop
    vertex -30.6178173426575 281.8417982861514 0.5
    vertex -30.6178173426575 281.8417982861514 0
    vertex -32.58468216472771 281.6211790477124 0.5
  endloop
endfacet
facet normal -0.118404 0.992966 0
  outer loop
    vertex -34.54995885535934 281.3868339903148 0.5
    vertex -32.58468216472771 281.6211790477124 0.5
    vertex -32.58468216472771 281.6211790477124 0
  endloop
endfacet
facet normal -0.111469 0.993768 0
  outer loop
    vertex -30.6178173426575 281.8417982861514 0
    vertex -32.58468216472771 281.6211790477124 0
    vertex -32.58468216472771 281.6211790477124 0.5
  endloop
endfacet
facet normal -0.125333 0.992115 0
  outer loop
    vertex -34.54995885535934 281.3868339903148 0.5
    vertex -36.51355162973908 281.1387745356061 0
    vertex -36.51355162973908 281.1387745356061 0.5
  endloop
endfacet
facet normal -0.118404 0.992966 0
  outer loop
    vertex -34.54995885535934 281.3868339903148 0
    vertex -34.54995885535934 281.3868339903148 0.5
    vertex -32.58468216472771 281.6211790477124 0
  endloop
endfacet
facet normal -0.125333 0.992115 0
  outer loop
    vertex -34.54995885535934 281.3868339903148 0.5
    vertex -34.54995885535934 281.3868339903148 0
    vertex -36.51355162973908 281.1387745356061 0
  endloop
endfacet
facet normal -0.132256 0.991216 0
  outer loop
    vertex -38.47536478512533 280.8770127736543 0
    vertex -38.47536478512533 280.8770127736543 0.5
    vertex -36.51355162973908 281.1387745356061 0.5
  endloop
endfacet
facet normal -0.132256 0.991216 0
  outer loop
    vertex -38.47536478512533 280.8770127736543 0
    vertex -36.51355162973908 281.1387745356061 0.5
    vertex -36.51355162973908 281.1387745356061 0
  endloop
endfacet
facet normal -0.139173 0.990268 0
  outer loop
    vertex -38.47536478512533 280.8770127736543 0.5
    vertex -38.47536478512533 280.8770127736543 0
    vertex -40.43530270551253 280.6015614623582 0.5
  endloop
endfacet
facet normal -0.146083 0.989272 0
  outer loop
    vertex -42.39326986629163 280.3124340268262 0.5
    vertex -40.43530270551253 280.6015614623582 0.5
    vertex -40.43530270551253 280.6015614623582 0
  endloop
endfacet
facet normal -0.139173 0.990268 0
  outer loop
    vertex -38.47536478512533 280.8770127736543 0
    vertex -40.43530270551253 280.6015614623582 0
    vertex -40.43530270551253 280.6015614623582 0.5
  endloop
endfacet
facet normal -0.146083 0.989272 0
  outer loop
    vertex -42.39326986629163 280.3124340268262 0
    vertex -42.39326986629163 280.3124340268262 0.5
    vertex -40.43530270551253 280.6015614623582 0
  endloop
endfacet
facet normal 0 0 -1
  outer loop
    vertex 12.84099841661511 270.1950383698126 0
    vertex 14.14904516854927 272.1492979405775 0
    vertex 14.8146910438482 270.0940112799159 0
  endloop
endfacet
facet normal 0 -0 -1
  outer loop
    vertex -14.48145011436959 273.75999027338 0
    vertex -13.9378402526311 271.8687669407154 0
    vertex -15.79270721120383 271.7964442184591 0
  endloop
endfacet
facet normal 0 0 -1
  outer loop
    vertex -21.7293115598385 271.262197198821 0
    vertex -23.11884496622248 272.9330100153028 0
    vertex -20.70246040906309 273.0589228403426 0
  endloop
endfacet
facet normal 0 0 -1
  outer loop
    vertex -28.66149928437757 274.8334158415054 0
    vertex -28.92223443956019 272.7895540188374 0
    vertex -30.54355881132637 274.3603213973185 0
  endloop
endfacet
facet normal 0 0 -1
  outer loop
    vertex 25.791929816851 271.1077129941172 0
    vertex 27.06850380827724 272.9068881210579 0
    vertex 27.74914680184323 270.8035552928039 0
  endloop
endfacet
facet normal 0 0 -1
  outer loop
    vertex 19.73224117986713 271.6481404400959 0
    vertex 18.08489235830134 273.2791785604444 0
    vertex 19.88719151373977 273.6212820520299 0
  endloop
endfacet
facet normal 0 0 -1
  outer loop
    vertex -3.026935383535268 274.2476077461512 0
    vertex -0.9929761958900378 273.8877448565294 0
    vertex -2.015995829207467 272.2457973595476 0
  endloop
endfacet
facet normal 0 0 -1
  outer loop
    vertex 17.53180993496615 271.4880848750909 0
    vertex 18.08489235830134 273.2791785604444 0
    vertex 19.73224117986713 271.6481404400959 0
  endloop
endfacet
facet normal 0 0 -1
  outer loop
    vertex 44.51189966701784 271.4316002859975 0
    vertex 46.48231115078084 271.8358555311687 0
    vertex 45.77755022363024 269.7555785115039 0
  endloop
endfacet
facet normal 0 0 -1
  outer loop
    vertex -15.79270721120383 271.7964442184591 0
    vertex -16.49118549770146 273.6253583244211 0
    vertex -14.48145011436959 273.75999027338 0
  endloop
endfacet
facet normal -0 0 -1
  outer loop
    vertex -20.70246040906309 273.0589228403426 0
    vertex -23.11884496622248 272.9330100153028 0
    vertex -21.6898947363819 274.5932741876534 0
  endloop
endfacet
facet normal 0 0 -1
  outer loop
    vertex 37.6831878990068 269.5162366116937 0
    vertex 35.66094012676648 269.6032226725836 0
    vertex 37.28876028349154 271.4429844764722 0
  endloop
endfacet
facet normal 0 0 -1
  outer loop
    vertex -29.36741297519404 280.0999571315957 0
    vertex -27.41743666329945 278.5344891987831 0
    vertex -29.30313883607058 278.1969551847874 0
  endloop
endfacet
facet normal 0 -0 -1
  outer loop
    vertex -27.49732284579429 280.4393924532353 0
    vertex -27.41743666329945 278.5344891987831 0
    vertex -29.36741297519404 280.0999571315957 0
  endloop
endfacet
facet normal 0 -0 -1
  outer loop
    vertex -30.54355881132637 274.3603213973185 0
    vertex -28.92223443956019 272.7895540188374 0
    vertex -31.12736664257106 272.3527713885958 0
  endloop
endfacet
facet normal -0 0 -1
  outer loop
    vertex 37.28876028349154 271.4429844764722 0
    vertex 35.66094012676648 269.6032226725836 0
    vertex 35.13363135995283 271.4837072482406 0
  endloop
endfacet
facet normal 0 -0 -1
  outer loop
    vertex -3.026935383535268 274.2476077461512 0
    vertex -2.015995829207467 272.2457973595476 0
    vertex -4.008438882189664 272.2132848950095 0
  endloop
endfacet
facet normal 0 -0 -1
  outer loop
    vertex 3.758987037604347 274.0637028262735 0
    vertex 3.910727138775305 272.1659893568116 0
    vertex 2.050793096819006 273.7105411232732 0
  endloop
endfacet
facet normal -0 0 -1
  outer loop
    vertex 3.910727138775305 272.1659893568116 0
    vertex 1.837416824390638 272.010107773196 0
    vertex 2.050793096819006 273.7105411232732 0
  endloop
endfacet
facet normal -0 0 -1
  outer loop
    vertex -14.45641678685344 279.349254788195 0
    vertex -16.40045866747589 279.0035871978359 0
    vertex -15.93862104560069 281.1408290076569 0
  endloop
endfacet
facet normal 0 0 -1
  outer loop
    vertex -3.95174231835779 281.8427126390995 0
    vertex -2.004685544855395 281.8299906699943 0
    vertex -3.378304763041513 279.8488681596364 0
  endloop
endfacet
facet normal 0 0 -1
  outer loop
    vertex 11.91216459094585 272.0955967475743 0
    vertex 14.14904516854927 272.1492979405775 0
    vertex 12.84099841661511 270.1950383698126 0
  endloop
endfacet
facet normal -0 0 -1
  outer loop
    vertex -17.66852657451028 271.6555449136814 0
    vertex -19.70977012263887 271.4675022197782 0
    vertex -18.66812045115993 273.275182961918 0
  endloop
endfacet
facet normal 0 0 -1
  outer loop
    vertex -18.66812045115993 273.275182961918 0
    vertex -19.70977012263887 271.4675022197782 0
    vertex -20.70246040906309 273.0589228403426 0
  endloop
endfacet
facet normal 0 0 -1
  outer loop
    vertex 43.26335390408164 268.7585510378802 0
    vertex 41.4376792804234 268.9610110807176 0
    vertex 42.67905645090915 270.7322405728709 0
  endloop
endfacet
facet normal 0 0 -1
  outer loop
    vertex 31.44929734117681 280.0577223993664 0
    vertex 33.39449906191834 279.7846082918569 0
    vertex 32.10908299263055 277.998570207984 0
  endloop
endfacet
facet normal 0 0 -1
  outer loop
    vertex -31.12736664257106 272.3527713885958 0
    vertex -28.92223443956019 272.7895540188374 0
    vertex -29.80810989436336 270.6544269954146 0
  endloop
endfacet
facet normal 0 0 -1
  outer loop
    vertex -3.378304763041513 279.8488681596364 0
    vertex -2.004685544855395 281.8299906699943 0
    vertex -1.21350862869149 280.0139769722915 0
  endloop
endfacet
facet normal 0 0 -1
  outer loop
    vertex 45.77755022363024 269.7555785115039 0
    vertex 44.28117992761576 269.8474842954716 0
    vertex 44.51189966701784 271.4316002859975 0
  endloop
endfacet
facet normal 0 -0 -1
  outer loop
    vertex 4.947757224969838 283.4568215768369 0
    vertex 5.937329805395041 281.4784791008116 0
    vertex 3.86633045418801 281.829705009205 0
  endloop
endfacet
facet normal 0 0 -1
  outer loop
    vertex 15.68820915107045 281.3123130796646 0
    vertex 13.47319744447527 281.3297244910061 0
    vertex 14.83724359487455 283.1114731029217 0
  endloop
endfacet
facet normal 0 0 -1
  outer loop
    vertex -25.39434795140923 279.0478953986904 0
    vertex -25.57182556746791 280.9892561303902 0
    vertex -23.57909714537604 280.7959789260426 0
  endloop
endfacet
facet normal 0 -0 -1
  outer loop
    vertex -23.57909714537604 280.7959789260426 0
    vertex -23.34585459737334 278.9429645976697 0
    vertex -25.39434795140923 279.0478953986904 0
  endloop
endfacet
facet normal 0 0 -1
  outer loop
    vertex 33.798179807454 270.009971060247 0
    vertex 33.08276652348368 271.9540606614638 0
    vertex 35.13363135995283 271.4837072482406 0
  endloop
endfacet
facet normal 0 0 -1
  outer loop
    vertex -16.40045866747589 279.0035871978359 0
    vertex -17.91908774167533 280.2175271271529 0
    vertex -15.93862104560069 281.1408290076569 0
  endloop
endfacet
facet normal 0 0 -1
  outer loop
    vertex -17.66852657451028 271.6555449136814 0
    vertex -16.49118549770146 273.6253583244211 0
    vertex -15.79270721120383 271.7964442184591 0
  endloop
endfacet
facet normal 0 0 -1
  outer loop
    vertex 24.86624159145714 272.8801801239356 0
    vertex 27.06850380827724 272.9068881210579 0
    vertex 25.791929816851 271.1077129941172 0
  endloop
endfacet
facet normal -0 0 -1
  outer loop
    vertex -25.39434795140923 279.0478953986904 0
    vertex -27.41743666329945 278.5344891987831 0
    vertex -27.49732284579429 280.4393924532353 0
  endloop
endfacet
facet normal 0 -0 -1
  outer loop
    vertex -11.80787072078064 276.3592545354032 0
    vertex -10.34969669575067 275.0222487637172 0
    vertex -12.58824032615254 274.5156364157515 0
  endloop
endfacet
facet normal 0 0 -1
  outer loop
    vertex -17.66852657451028 271.6555449136814 0
    vertex -18.66812045115993 273.275182961918 0
    vertex -16.49118549770146 273.6253583244211 0
  endloop
endfacet
facet normal 0 0 -1
  outer loop
    vertex -27.49732284579429 280.4393924532353 0
    vertex -25.57182556746791 280.9892561303902 0
    vertex -25.39434795140923 279.0478953986904 0
  endloop
endfacet
facet normal -0 0 -1
  outer loop
    vertex -29.80810989436336 270.6544269954146 0
    vertex -31.8333265613132 270.4344792768145 0
    vertex -31.12736664257106 272.3527713885958 0
  endloop
endfacet
facet normal 0 0 -1
  outer loop
    vertex 42.67905645090915 270.7322405728709 0
    vertex 44.28117992761576 269.8474842954716 0
    vertex 43.26335390408164 268.7585510378802 0
  endloop
endfacet
facet normal -0 0 -1
  outer loop
    vertex 14.83724359487455 283.1114731029217 0
    vertex 13.47319744447527 281.3297244910061 0
    vertex 12.86040713464342 283.2081565356676 0
  endloop
endfacet
facet normal 0 0 -1
  outer loop
    vertex 27.06850380827724 272.9068881210579 0
    vertex 28.68385666551989 272.0661076318219 0
    vertex 27.74914680184323 270.8035552928039 0
  endloop
endfacet
facet normal 0 0 -1
  outer loop
    vertex 14.14904516854927 272.1492979405775 0
    vertex 15.88105381378393 271.3382573875208 0
    vertex 14.8146910438482 270.0940112799159 0
  endloop
endfacet
facet normal 0 0 -1
  outer loop
    vertex 33.08276652348368 271.9540606614638 0
    vertex 34.3623025218961 273.0662139019871 0
    vertex 35.13363135995283 271.4837072482406 0
  endloop
endfacet
facet normal -0 0 -1
  outer loop
    vertex -23.11884496622248 272.9330100153028 0
    vertex -24.97296058905242 272.2249697625759 0
    vertex -25.38189931482565 273.835080832989 0
  endloop
endfacet
facet normal 0 0 -1
  outer loop
    vertex -25.38189931482565 273.835080832989 0
    vertex -23.56656504064171 274.6087831201025 0
    vertex -23.11884496622248 272.9330100153028 0
  endloop
endfacet
facet normal 0 0 -1
  outer loop
    vertex -4.678803009498488 275.8968074598917 0
    vertex -5.204547137757163 273.8830436049557 0
    vertex -6.579088917382369 275.5358890092892 0
  endloop
endfacet
facet normal 0 0 -1
  outer loop
    vertex -12.58824032615254 274.5156364157515 0
    vertex -10.34969669575067 275.0222487637172 0
    vertex -11.12249058280933 273.3192392622451 0
  endloop
endfacet
facet normal -0 0 -1
  outer loop
    vertex -39.17510949137037 279.1813069776545 0
    vertex -41.35847255816297 278.8943406060723 0
    vertex -40.43530270551253 280.6015614623582 0
  endloop
endfacet
facet normal 0 0 -1
  outer loop
    vertex -43.02007148001707 270.2923599734509 0
    vertex -43.10652061761227 268.5300931554146 0
    vertex -44.62723219655039 268.9348077656001 0
  endloop
endfacet
facet normal 0 0 -1
  outer loop
    vertex -44.62723219655039 268.9348077656001 0
    vertex -44.93637480333899 270.4691931398306 0
    vertex -43.02007148001707 270.2923599734509 0
  endloop
endfacet
facet normal 0 0 -1
  outer loop
    vertex -15.93862104560069 281.1408290076569 0
    vertex -13.73462954783559 281.3308928794676 0
    vertex -14.45641678685344 279.349254788195 0
  endloop
endfacet
facet normal 0 0 -1
  outer loop
    vertex 8.891662276326233 270.353820653535 0
    vertex 7.881095832498142 271.9093422819769 0
    vertex 9.823445652381153 271.9718032944893 0
  endloop
endfacet
facet normal 0 0 -1
  outer loop
    vertex -32.52971412098307 268.5369019319451 0
    vertex -31.8333265613132 270.4344792768145 0
    vertex -30.56692488452778 268.767395907881 0
  endloop
endfacet
facet normal 0 -0 -1
  outer loop
    vertex 46.48231115078084 271.8358555311687 0
    vertex 47.29692005942392 270.3692045453409 0
    vertex 45.77755022363024 269.7555785115039 0
  endloop
endfacet
facet normal 0 0 -1
  outer loop
    vertex -12.86040713464351 283.2081565356676 0
    vertex -13.73462954783559 281.3308928794676 0
    vertex -14.83724359487464 283.1114731029217 0
  endloop
endfacet
facet normal 0 0 -1
  outer loop
    vertex 32.10908299263055 277.998570207984 0
    vertex 33.39449906191834 279.7846082918569 0
    vertex 34.31774626093415 277.984105920006 0
  endloop
endfacet
facet normal -0 0 -1
  outer loop
    vertex 6.926522506277133 283.4153723529654 0
    vertex 5.937329805395041 281.4784791008116 0
    vertex 4.947757224969838 283.4568215768369 0
  endloop
endfacet
facet normal 0 -0 -1
  outer loop
    vertex -28.66149928437757 274.8334158415054 0
    vertex -27.38593010302305 273.8984713079743 0
    vertex -28.92223443956019 272.7895540188374 0
  endloop
endfacet
facet normal 0 0 -1
  outer loop
    vertex 11.91216459094585 272.0955967475743 0
    vertex 12.74138900297288 273.9441818219095 0
    vertex 14.14904516854927 272.1492979405775 0
  endloop
endfacet
facet normal 0 0 -1
  outer loop
    vertex -3.026935383535268 274.2476077461512 0
    vertex -1.577094961244714 275.3322895411966 0
    vertex -0.9929761958900378 273.8877448565294 0
  endloop
endfacet
facet normal 0 0 -1
  outer loop
    vertex 41.4376792804234 268.9610110807176 0
    vertex 40.52198115088452 270.6950207842323 0
    vertex 42.67905645090915 270.7322405728709 0
  endloop
endfacet
facet normal 0 0 -1
  outer loop
    vertex -34.54995885535934 281.3868339903148 0
    vertex -33.07411842636456 280.1816964410585 0
    vertex -34.37377923738073 278.9589606829027 0
  endloop
endfacet
facet normal 0 0 -1
  outer loop
    vertex 32.10908299263055 277.998570207984 0
    vertex 30.47732163330488 278.8342895117747 0
    vertex 31.44929734117681 280.0577223993664 0
  endloop
endfacet
facet normal 0 -0 -1
  outer loop
    vertex 8.063565959000352 281.7919469723585 0
    vertex 9.587278177452143 280.0456467721219 0
    vertex 7.583656672947433 279.9119614842326 0
  endloop
endfacet
facet normal 0 0 -1
  outer loop
    vertex -40.13001201837611 277.5252969562557 0
    vertex -41.35847255816297 278.8943406060723 0
    vertex -39.17510949137037 279.1813069776545 0
  endloop
endfacet
facet normal 0 0 -1
  outer loop
    vertex 32.78687729913889 274.0545274500799 0
    vertex 34.3623025218961 273.0662139019871 0
    vertex 33.08276652348368 271.9540606614638 0
  endloop
endfacet
facet normal -0 0 -1
  outer loop
    vertex -33.80382437875576 270.2191834493706 0
    vertex -35.75739402654407 269.9042245069971 0
    vertex -35.10722116827672 271.7936587510623 0
  endloop
endfacet
facet normal 0 0 -1
  outer loop
    vertex 30.2414360869485 272.1035445414227 0
    vertex 31.68923700132457 272.58302926955 0
    vertex 31.63699302727122 270.6266460363347 0
  endloop
endfacet
facet normal 0 0 -1
  outer loop
    vertex 14.77030058870837 279.5528514196139 0
    vertex 13.47319744447527 281.3297244910061 0
    vertex 15.68820915107045 281.3123130796646 0
  endloop
endfacet
facet normal 0 0 -1
  outer loop
    vertex -34.37377923738073 278.9589606829027 0
    vertex -35.78418417797781 279.8761106158987 0
    vertex -34.54995885535934 281.3868339903148 0
  endloop
endfacet
facet normal 0 -0 -1
  outer loop
    vertex -6.579088917382369 275.5358890092892 0
    vertex -5.204547137757163 273.8830436049557 0
    vertex -7.215977854743785 273.7347496411818 0
  endloop
endfacet
facet normal 0 0 -1
  outer loop
    vertex -35.10722116827672 271.7936587510623 0
    vertex -33.14745956330609 272.0940365901199 0
    vertex -33.80382437875576 270.2191834493706 0
  endloop
endfacet
facet normal 0 0 -1
  outer loop
    vertex 39.31897072793014 277.3035795942493 0
    vertex 39.14326061265778 279.2052223150579 0
    vertex 40.94858788603013 278.8622401166858 0
  endloop
endfacet
facet normal 0 0 -1
  outer loop
    vertex 33.08276652348368 271.9540606614638 0
    vertex 31.68923700132457 272.58302926955 0
    vertex 32.78687729913889 274.0545274500799 0
  endloop
endfacet
facet normal 0 0 -1
  outer loop
    vertex -38.08414716419038 277.9199858363721 0
    vertex -36.15990887106781 278.3511530321026 0
    vertex -36.94902199154896 276.5918749175591 0
  endloop
endfacet
facet normal 0 0 -1
  outer loop
    vertex 21.93275221108901 279.2544903088873 0
    vertex 21.57549252570396 281.111119152533 0
    vertex 23.71793073013182 280.8057159172495 0
  endloop
endfacet
facet normal -0 0 -1
  outer loop
    vertex 9.823445652381153 271.9718032944893 0
    vertex 7.881095832498142 271.9093422819769 0
    vertex 8.781413204918806 273.46842332826 0
  endloop
endfacet
facet normal 0 0 -1
  outer loop
    vertex -30.56692488452778 268.767395907881 0
    vertex -31.8333265613132 270.4344792768145 0
    vertex -29.80810989436336 270.6544269954146 0
  endloop
endfacet
facet normal 0 0 -1
  outer loop
    vertex -33.80382437875576 270.2191834493706 0
    vertex -31.8333265613132 270.4344792768145 0
    vertex -32.52971412098307 268.5369019319451 0
  endloop
endfacet
facet normal 0 0 -1
  outer loop
    vertex 10.78095050942893 273.6585542307543 0
    vertex 12.74138900297288 273.9441818219095 0
    vertex 11.91216459094585 272.0955967475743 0
  endloop
endfacet
facet normal 0 -0 -1
  outer loop
    vertex 23.71793073013182 280.8057159172495 0
    vertex 23.86160034122991 279.0738051676382 0
    vertex 21.93275221108901 279.2544903088873 0
  endloop
endfacet
facet normal -0 0 -1
  outer loop
    vertex 5.937329805395041 281.4784791008116 0
    vertex 4.49529668638165 280.4497772759016 0
    vertex 3.86633045418801 281.829705009205 0
  endloop
endfacet
facet normal 0 0 -1
  outer loop
    vertex -1.21350862869149 280.0139769722915 0
    vertex -2.004685544855395 281.8299906699943 0
    vertex -0.1554514144439639 281.797418024621 0
  endloop
endfacet
facet normal 0 0 -1
  outer loop
    vertex -4.008438882189664 272.2132848950095 0
    vertex -5.204547137757163 273.8830436049557 0
    vertex -3.026935383535268 274.2476077461512 0
  endloop
endfacet
facet normal 0 -0 -1
  outer loop
    vertex -6.926522506277224 283.4153723529654 0
    vertex -5.746340976190544 281.9574448937752 0
    vertex -7.704746525535103 281.8757166602166 0
  endloop
endfacet
facet normal -0 0 -1
  outer loop
    vertex 31.63699302727122 270.6266460363347 0
    vertex 29.62848355211817 270.5050698158364 0
    vertex 30.2414360869485 272.1035445414227 0
  endloop
endfacet
facet normal -0 0 -1
  outer loop
    vertex -21.45789472816239 279.6803365026434 0
    vertex -23.34585459737334 278.9429645976697 0
    vertex -23.57909714537604 280.7959789260426 0
  endloop
endfacet
facet normal 0 -0 -1
  outer loop
    vertex -12.86040713464351 283.2081565356676 0
    vertex -11.73162083005165 281.5205237692511 0
    vertex -13.73462954783559 281.3308928794676 0
  endloop
endfacet
facet normal 0 0 -1
  outer loop
    vertex -21.45789472816239 279.6803365026434 0
    vertex -21.6388677495849 281.3943888146795 0
    vertex -19.65792294147084 281.1701623092318 0
  endloop
endfacet
facet normal 0 0 -1
  outer loop
    vertex -32.53701132072044 274.0635992876635 0
    vertex -33.14745956330609 272.0940365901199 0
    vertex -34.47600730819942 273.7005273872129 0
  endloop
endfacet
facet normal 0 -0 -1
  outer loop
    vertex -14.83724359487464 283.1114731029217 0
    vertex -13.73462954783559 281.3308928794676 0
    vertex -15.93862104560069 281.1408290076569 0
  endloop
endfacet
facet normal 0 0 -1
  outer loop
    vertex -9.235012349731655 278.5367244372699 0
    vertex -10.53240029684426 279.968834401964 0
    vertex -8.50989992863984 280.3104656976916 0
  endloop
endfacet
facet normal 0 -0 -1
  outer loop
    vertex -37.32372229634206 279.5448308385675 0
    vertex -36.15990887106781 278.3511530321026 0
    vertex -38.08414716419038 277.9199858363721 0
  endloop
endfacet
facet normal 0 -0 -1
  outer loop
    vertex 40.94858788603013 278.8622401166858 0
    vertex 41.52603213963217 277.2686646780571 0
    vertex 39.31897072793014 277.3035795942493 0
  endloop
endfacet
facet normal 0 0 -1
  outer loop
    vertex 10.13962206440561 281.8846742105041 0
    vertex 9.587278177452143 280.0456467721219 0
    vertex 8.063565959000352 281.7919469723585 0
  endloop
endfacet
facet normal 0 0 -1
  outer loop
    vertex -44.93637480333899 270.4691931398306 0
    vertex -45.99361820369239 269.2067888667898 0
    vertex -46.9382824270132 270.373818645787 0
  endloop
endfacet
facet normal 0 -0 -1
  outer loop
    vertex 27.42646438633897 280.4635540248025 0
    vertex 28.92475793699775 278.8147340831082 0
    vertex 26.95896999563861 278.4526273170881 0
  endloop
endfacet
facet normal 0 -0 -1
  outer loop
    vertex -19.65792294147084 281.1701623092318 0
    vertex -19.50831736997735 279.5294160715953 0
    vertex -21.45789472816239 279.6803365026434 0
  endloop
endfacet
facet normal 0 0 -1
  outer loop
    vertex -23.57909714537604 280.7959789260426 0
    vertex -21.6388677495849 281.3943888146795 0
    vertex -21.45789472816239 279.6803365026434 0
  endloop
endfacet
facet normal 0 0 -1
  outer loop
    vertex -35.75739402654407 269.9042245069971 0
    vertex -37.05460431183635 271.4698271208071 0
    vertex -35.10722116827672 271.7936587510623 0
  endloop
endfacet
facet normal 0 0 -1
  outer loop
    vertex 16.12213002651332 272.9813256838278 0
    vertex 18.08489235830134 273.2791785604444 0
    vertex 17.53180993496615 271.4880848750909 0
  endloop
endfacet
facet normal 0 0 -1
  outer loop
    vertex -18.28407005921369 278.4931997971967 0
    vertex -17.91908774167533 280.2175271271529 0
    vertex -16.40045866747589 279.0035871978359 0
  endloop
endfacet
facet normal 0 -0 -1
  outer loop
    vertex -0.1554514144439639 281.797418024621 0
    vertex 0.6928036698452266 280.1856236725802 0
    vertex -1.21350862869149 280.0139769722915 0
  endloop
endfacet
facet normal 0 -0 -1
  outer loop
    vertex -20.70246040906309 273.0589228403426 0
    vertex -19.70977012263887 271.4675022197782 0
    vertex -21.7293115598385 271.262197198821 0
  endloop
endfacet
facet normal 0 0 -1
  outer loop
    vertex 46.48231115078084 271.8358555311687 0
    vertex 46.67795467721234 273.7958643490211 0
    vertex 48.10447357934859 272.8338397183053 0
  endloop
endfacet
facet normal 0 0 -1
  outer loop
    vertex 25.791929816851 271.1077129941172 0
    vertex 23.82944899652775 271.1470132183603 0
    vertex 24.86624159145714 272.8801801239356 0
  endloop
endfacet
facet normal 0 -0 -1
  outer loop
    vertex -45.91957782716202 271.7947914444518 0
    vertex -44.93637480333899 270.4691931398306 0
    vertex -46.9382824270132 270.373818645787 0
  endloop
endfacet
facet normal 0 0 -1
  outer loop
    vertex -37.71545365002282 269.6086624519398 0
    vertex -37.05460431183635 271.4698271208071 0
    vertex -35.75739402654407 269.9042245069971 0
  endloop
endfacet
facet normal 0 0 -1
  outer loop
    vertex -38.40724502862464 267.7594695418095 0
    vertex -37.71545365002282 269.6086624519398 0
    vertex -36.44997882063998 268.0329252983202 0
  endloop
endfacet
facet normal 0 -0 -1
  outer loop
    vertex -34.47600730819942 273.7005273872129 0
    vertex -33.14745956330609 272.0940365901199 0
    vertex -35.10722116827672 271.7936587510623 0
  endloop
endfacet
facet normal -0 0 -1
  outer loop
    vertex -31.12736664257106 272.3527713885958 0
    vertex -33.14745956330609 272.0940365901199 0
    vertex -32.53701132072044 274.0635992876635 0
  endloop
endfacet
facet normal 0 0 -1
  outer loop
    vertex -7.704746525535103 281.8757166602166 0
    vertex -5.746340976190544 281.9574448937752 0
    vertex -6.566478792557159 280.5089074414614 0
  endloop
endfacet
facet normal 0 0 -1
  outer loop
    vertex 31.63699302727122 270.6266460363347 0
    vertex 31.68923700132457 272.58302926955 0
    vertex 33.08276652348368 271.9540606614638 0
  endloop
endfacet
facet normal 0 0 -1
  outer loop
    vertex -37.71545365002282 269.6086624519398 0
    vertex -35.75739402654407 269.9042245069971 0
    vertex -36.44997882063998 268.0329252983202 0
  endloop
endfacet
facet normal -0 0 -1
  outer loop
    vertex 17.53180993496615 271.4880848750909 0
    vertex 15.88105381378393 271.3382573875208 0
    vertex 16.12213002651332 272.9813256838278 0
  endloop
endfacet
facet normal 0 0 -1
  outer loop
    vertex 44.51189966701784 271.4316002859975 0
    vertex 44.28117992761576 269.8474842954716 0
    vertex 42.67905645090915 270.7322405728709 0
  endloop
endfacet
facet normal 0 0 -1
  outer loop
    vertex -42.39326986629163 280.3124340268262 0
    vertex -43.11754961383619 278.5224260088485 0
    vertex -44.34917083890544 280.0096445587216 0
  endloop
endfacet
facet normal 0 0 -1
  outer loop
    vertex -0.1102018083949613 272.1060726868883 0
    vertex 0.5044741925835067 273.4679839587651 0
    vertex 1.837416824390638 272.010107773196 0
  endloop
endfacet
facet normal 0 0 -1
  outer loop
    vertex -33.80382437875576 270.2191834493706 0
    vertex -33.14745956330609 272.0940365901199 0
    vertex -31.8333265613132 270.4344792768145 0
  endloop
endfacet
facet normal 0 0 -1
  outer loop
    vertex -41.53058910360107 268.9593996706497 0
    vertex -43.02007148001707 270.2923599734509 0
    vertex -40.91069179915584 270.7947221889848 0
  endloop
endfacet
facet normal 0 0 -1
  outer loop
    vertex -42.31552279338243 267.1696961309848 0
    vertex -41.53058910360107 268.9593996706497 0
    vertex -40.36246114126889 267.47172136624 0
  endloop
endfacet
facet normal -0 0 -1
  outer loop
    vertex -3.026935383535268 274.2476077461512 0
    vertex -5.204547137757163 273.8830436049557 0
    vertex -4.678803009498488 275.8968074598917 0
  endloop
endfacet
facet normal -0 0 -1
  outer loop
    vertex -8.50989992863984 280.3104656976916 0
    vertex -10.53240029684426 279.968834401964 0
    vertex -9.783525302194253 281.7060339392229 0
  endloop
endfacet
facet normal 0 -0 -1
  outer loop
    vertex 48.10447357934859 272.8338397183053 0
    vertex 48.12193945192274 271.4084288020331 0
    vertex 46.48231115078084 271.8358555311687 0
  endloop
endfacet
facet normal 0 0 -1
  outer loop
    vertex 1.837416824390638 272.010107773196 0
    vertex 0.5044741925835067 273.4679839587651 0
    vertex 2.050793096819006 273.7105411232732 0
  endloop
endfacet
facet normal 0 0 -1
  outer loop
    vertex 26.95896999563861 278.4526273170881 0
    vertex 25.45217858140808 279.7014656838955 0
    vertex 27.42646438633897 280.4635540248025 0
  endloop
endfacet
facet normal 0 0 -1
  outer loop
    vertex -34.49076699193515 268.2920740392977 0
    vertex -35.75739402654407 269.9042245069971 0
    vertex -33.80382437875576 270.2191834493706 0
  endloop
endfacet
facet normal 0 0 -1
  outer loop
    vertex -42.16798474110555 272.2881948081756 0
    vertex -41.52063978090533 274.105123208989 0
    vertex -40.26126318333609 272.6371756631038 0
  endloop
endfacet
facet normal 0 0 -1
  outer loop
    vertex -42.16798474110555 272.2881948081756 0
    vertex -43.41248605417764 273.7470801612756 0
    vertex -41.52063978090533 274.105123208989 0
  endloop
endfacet
facet normal 0 0 -1
  outer loop
    vertex 41.87840033930037 274.3252759191688 0
    vertex 42.54668286070264 275.9986682223164 0
    vertex 43.76938463107228 274.6685897270646 0
  endloop
endfacet
facet normal 0 0 -1
  outer loop
    vertex -46.9382824270132 270.373818645787 0
    vertex -47.91528422102842 271.6748045386361 0
    vertex -45.91957782716202 271.7947914444518 0
  endloop
endfacet
facet normal 0 0 -1
  outer loop
    vertex 1.785113525704352 281.8378997997263 0
    vertex 0.6928036698452266 280.1856236725802 0
    vertex -0.1554514144439639 281.797418024621 0
  endloop
endfacet
facet normal 0 0 -1
  outer loop
    vertex -41.53058910360107 268.9593996706497 0
    vertex -40.91069179915584 270.7947221889848 0
    vertex -39.6600195039366 269.3019933342208 0
  endloop
endfacet
facet normal 0 0 -1
  outer loop
    vertex -36.44997882063998 268.0329252983202 0
    vertex -35.75739402654407 269.9042245069971 0
    vertex -34.49076699193515 268.2920740392977 0
  endloop
endfacet
facet normal 0 0 -1
  outer loop
    vertex 40.36246114126899 267.47172136624 0
    vertex 41.4376792804234 268.9610110807176 0
    vertex 42.31552279338246 267.1696961309848 0
  endloop
endfacet
facet normal 0 0 -1
  outer loop
    vertex -44.61238545925399 275.0979790968756 0
    vertex -42.76442102378782 275.4867032856616 0
    vertex -43.41248605417764 273.7470801612756 0
  endloop
endfacet
facet normal 0 0 -1
  outer loop
    vertex -39.6600195039366 269.3019933342208 0
    vertex -37.71545365002282 269.6086624519398 0
    vertex -38.40724502862464 267.7594695418095 0
  endloop
endfacet
facet normal 0 0 -1
  outer loop
    vertex -43.41248605417764 273.7470801612756 0
    vertex -42.76442102378782 275.4867032856616 0
    vertex -41.52063978090533 274.105123208989 0
  endloop
endfacet
facet normal 0 0 -1
  outer loop
    vertex -22.7005009450008 269.545798069356 0
    vertex -23.81057460719352 271.0470290758185 0
    vertex -21.7293115598385 271.262197198821 0
  endloop
endfacet
facet normal 0 0 -1
  outer loop
    vertex -12.8409984166149 270.1950383698126 0
    vertex -13.9378402526311 271.8687669407154 0
    vertex -11.93230763022926 271.8511040032324 0
  endloop
endfacet
facet normal 0 0 -1
  outer loop
    vertex -6.916229570257621 270.4115673719072 0
    vertex -7.962387211617394 272.0324826790498 0
    vertex -5.996660296863978 272.1339635215076 0
  endloop
endfacet
facet normal 0 0 -1
  outer loop
    vertex -0.9881382822872512 270.4981951561509 0
    vertex -2.015995829207467 272.2457973595476 0
    vertex -0.1102018083949613 272.1060726868883 0
  endloop
endfacet
facet normal -0 0 -1
  outer loop
    vertex -42.16798474110555 272.2881948081756 0
    vertex -44.04164631005677 272.02332980889 0
    vertex -43.41248605417764 273.7470801612756 0
  endloop
endfacet
facet normal 0 -0 -1
  outer loop
    vertex 43.76938463107228 274.6685897270646 0
    vertex 44.97693178712911 273.2441436111366 0
    vertex 43.14726108483182 272.8662592503227 0
  endloop
endfacet
facet normal 0 0 -1
  outer loop
    vertex -23.81057460719352 271.0470290758185 0
    vertex -23.11884496622248 272.9330100153028 0
    vertex -21.7293115598385 271.262197198821 0
  endloop
endfacet
facet normal 0 0 -1
  outer loop
    vertex -7.962387211617394 272.0324826790498 0
    vertex -7.215977854743785 273.7347496411818 0
    vertex -5.996660296863978 272.1339635215076 0
  endloop
endfacet
facet normal 0 0 -1
  outer loop
    vertex -2.015995829207467 272.2457973595476 0
    vertex -0.9929761958900378 273.8877448565294 0
    vertex -0.1102018083949613 272.1060726868883 0
  endloop
endfacet
facet normal 0 0 -1
  outer loop
    vertex 41.87840033930037 274.3252759191688 0
    vertex 43.76938463107228 274.6685897270646 0
    vertex 43.14726108483182 272.8662592503227 0
  endloop
endfacet
facet normal 0 0 -1
  outer loop
    vertex -44.04164631005677 272.02332980889 0
    vertex -45.21268680940243 273.4043070105214 0
    vertex -43.41248605417764 273.7470801612756 0
  endloop
endfacet
facet normal 0 0 -1
  outer loop
    vertex -31.8333265613132 270.4344792768145 0
    vertex -33.14745956330609 272.0940365901199 0
    vertex -31.12736664257106 272.3527713885958 0
  endloop
endfacet
facet normal 0 -0 -1
  outer loop
    vertex 38.0230825857272 273.5863575945677 0
    vertex 39.35214167785758 272.144166875678 0
    vertex 37.28876028349154 271.4429844764722 0
  endloop
endfacet
facet normal 0 0 -1
  outer loop
    vertex 43.76938463107228 274.6685897270646 0
    vertex 45.41496152205358 275.0106840668691 0
    vertex 44.97693178712911 273.2441436111366 0
  endloop
endfacet
facet normal 0 -0 -1
  outer loop
    vertex 44.97693178712911 273.2441436111366 0
    vertex 46.48231115078084 271.8358555311687 0
    vertex 44.51189966701784 271.4316002859975 0
  endloop
endfacet
facet normal 0 0 -1
  outer loop
    vertex 27.42646438633897 280.4635540248025 0
    vertex 29.51070462385417 280.4646093593758 0
    vertex 28.92475793699775 278.8147340831082 0
  endloop
endfacet
facet normal 0 -0 -1
  outer loop
    vertex 41.87840033930037 274.3252759191688 0
    vertex 43.14726108483182 272.8662592503227 0
    vertex 41.26852982923083 272.5059061579299 0
  endloop
endfacet
facet normal 0 0 -1
  outer loop
    vertex 40.61104125050716 275.7333331655998 0
    vertex 42.54668286070264 275.9986682223164 0
    vertex 41.87840033930037 274.3252759191688 0
  endloop
endfacet
facet normal 0 -0 -1
  outer loop
    vertex 40.61104125050716 275.7333331655998 0
    vertex 41.87840033930037 274.3252759191688 0
    vertex 39.95623645762517 273.95935876031 0
  endloop
endfacet
facet normal 0 0 -1
  outer loop
    vertex -40.91069179915584 270.7947221889848 0
    vertex -42.16798474110555 272.2881948081756 0
    vertex -40.26126318333609 272.6371756631038 0
  endloop
endfacet
facet normal 0 0 -1
  outer loop
    vertex 49.83168409570528 273.4968537164696 0
    vertex 48.19673404536824 274.4645800323158 0
    vertex 49.59456473506573 275.3316883516301 0
  endloop
endfacet
facet normal 0 0 -1
  outer loop
    vertex 48.10447357934859 272.8338397183053 0
    vertex 48.19673404536824 274.4645800323158 0
    vertex 49.83168409570528 273.4968537164696 0
  endloop
endfacet
facet normal -0 0 -1
  outer loop
    vertex -39.61733553217458 274.4803694687104 0
    vertex -41.52063978090533 274.105123208989 0
    vertex -40.87570826867038 275.8973662351747 0
  endloop
endfacet
facet normal 0 0 -1
  outer loop
    vertex 20.73060308027992 269.704453237109 0
    vertex 19.73224117986713 271.6481404400959 0
    vertex 21.876978869092 271.2206412711571 0
  endloop
endfacet
facet normal 0 0 -1
  outer loop
    vertex 24.66918710627454 269.3727551322064 0
    vertex 23.82944899652775 271.1470132183603 0
    vertex 25.791929816851 271.1077129941172 0
  endloop
endfacet
facet normal 0 0 -1
  outer loop
    vertex -40.26126318333609 272.6371756631038 0
    vertex -41.52063978090533 274.105123208989 0
    vertex -39.61733553217458 274.4803694687104 0
  endloop
endfacet
facet normal 0 0 -1
  outer loop
    vertex 44.97693178712911 273.2441436111366 0
    vertex 44.51189966701784 271.4316002859975 0
    vertex 43.14726108483182 272.8662592503227 0
  endloop
endfacet
facet normal 0 0 -1
  outer loop
    vertex 42.31552279338246 267.1696961309848 0
    vertex 41.4376792804234 268.9610110807176 0
    vertex 43.26335390408164 268.7585510378802 0
  endloop
endfacet
facet normal -0 0 -1
  outer loop
    vertex -9.783525302194253 281.7060339392229 0
    vertex -11.73162083005165 281.5205237692511 0
    vertex -10.88294387631196 283.2910368024111 0
  endloop
endfacet
facet normal -0 0 -1
  outer loop
    vertex -40.91069179915584 270.7947221889848 0
    vertex -43.02007148001707 270.2923599734509 0
    vertex -42.16798474110555 272.2881948081756 0
  endloop
endfacet
facet normal 0 0 -1
  outer loop
    vertex 35.35622675668153 279.6592381857577 0
    vertex 33.39449906191834 279.7846082918569 0
    vertex 34.54995885535931 281.3868339903148 0
  endloop
endfacet
facet normal -0 0 -1
  outer loop
    vertex 44.34917083890547 280.0096445587216 0
    vertex 42.85074238707679 278.6182848808318 0
    vertex 42.39326986629167 280.3124340268262 0
  endloop
endfacet
facet normal 0 0 -1
  outer loop
    vertex -24.66918710627439 269.3727551322064 0
    vertex -23.81057460719352 271.0470290758185 0
    vertex -22.7005009450008 269.545798069356 0
  endloop
endfacet
facet normal 0 0 -1
  outer loop
    vertex -14.81469104384799 270.0940112799159 0
    vertex -13.9378402526311 271.8687669407154 0
    vertex -12.8409984166149 270.1950383698126 0
  endloop
endfacet
facet normal 0 0 -1
  outer loop
    vertex -8.891662276326022 270.353820653535 0
    vertex -7.962387211617394 272.0324826790498 0
    vertex -6.916229570257621 270.4115673719072 0
  endloop
endfacet
facet normal 0 0 -1
  outer loop
    vertex -2.964362102186209 270.4837565498659 0
    vertex -2.015995829207467 272.2457973595476 0
    vertex -0.9881382822872512 270.4981951561509 0
  endloop
endfacet
facet normal 0 0 -1
  outer loop
    vertex -39.61733553217458 274.4803694687104 0
    vertex -40.87570826867038 275.8973662351747 0
    vertex -38.96220068382029 276.25943564836 0
  endloop
endfacet
facet normal 0 0 -1
  outer loop
    vertex 38.66538328137776 275.445290716904 0
    vertex 40.61104125050716 275.7333331655998 0
    vertex 39.95623645762517 273.95935876031 0
  endloop
endfacet
facet normal -0 0 -1
  outer loop
    vertex -45.91957782716202 271.7947914444518 0
    vertex -47.91528422102842 271.6748045386361 0
    vertex -47.02929342560933 273.0983464374032 0
  endloop
endfacet
facet normal 0 -0 -1
  outer loop
    vertex 38.66538328137776 275.445290716904 0
    vertex 39.95623645762517 273.95935876031 0
    vertex 38.0230825857272 273.5863575945677 0
  endloop
endfacet
facet normal 0 0 -1
  outer loop
    vertex -41.52063978090533 274.105123208989 0
    vertex -42.76442102378782 275.4867032856616 0
    vertex -40.87570826867038 275.8973662351747 0
  endloop
endfacet
facet normal 0 0 -1
  outer loop
    vertex -40.91069179915584 270.7947221889848 0
    vertex -40.26126318333609 272.6371756631038 0
    vertex -38.99065313391522 271.1529924638008 0
  endloop
endfacet
facet normal 0 0 -1
  outer loop
    vertex -40.36246114126889 267.47172136624 0
    vertex -41.53058910360107 268.9593996706497 0
    vertex -39.6600195039366 269.3019933342208 0
  endloop
endfacet
facet normal 0 0 -1
  outer loop
    vertex 41.87840033930037 274.3252759191688 0
    vertex 41.26852982923083 272.5059061579299 0
    vertex 39.95623645762517 273.95935876031 0
  endloop
endfacet
facet normal 0 0 -1
  outer loop
    vertex -42.16798474110555 272.2881948081756 0
    vertex -43.02007148001707 270.2923599734509 0
    vertex -44.04164631005677 272.02332980889 0
  endloop
endfacet
facet normal 0 0 -1
  outer loop
    vertex -29.80810989436336 270.6544269954146 0
    vertex -28.92223443956019 272.7895540188374 0
    vertex -27.80415742627468 270.7830474838151 0
  endloop
endfacet
facet normal 0 0 -1
  outer loop
    vertex -25.82405357746734 270.891309046474 0
    vertex -23.81057460719352 271.0470290758185 0
    vertex -24.66918710627439 269.3727551322064 0
  endloop
endfacet
facet normal 0 0 -1
  outer loop
    vertex -15.79270721120383 271.7964442184591 0
    vertex -13.9378402526311 271.8687669407154 0
    vertex -14.81469104384799 270.0940112799159 0
  endloop
endfacet
facet normal 0 0 -1
  outer loop
    vertex -4.008438882189664 272.2132848950095 0
    vertex -2.015995829207467 272.2457973595476 0
    vertex -2.964362102186209 270.4837565498659 0
  endloop
endfacet
facet normal 0 0 -1
  outer loop
    vertex -9.950288281276281 271.9649407374766 0
    vertex -7.962387211617394 272.0324826790498 0
    vertex -8.891662276326022 270.353820653535 0
  endloop
endfacet
facet normal 0 0 -1
  outer loop
    vertex 31.63699302727122 270.6266460363347 0
    vertex 33.08276652348368 271.9540606614638 0
    vertex 33.798179807454 270.009971060247 0
  endloop
endfacet
facet normal 0 0 -1
  outer loop
    vertex 23.71793073013182 280.8057159172495 0
    vertex 25.59897116299197 281.2497327184499 0
    vertex 25.45217858140808 279.7014656838955 0
  endloop
endfacet
facet normal -0 0 -1
  outer loop
    vertex -14.48145011436959 273.75999027338 0
    vertex -16.49118549770146 273.6253583244211 0
    vertex -15.71673966697615 275.5621693692914 0
  endloop
endfacet
facet normal 0 0 -1
  outer loop
    vertex -15.71673966697615 275.5621693692914 0
    vertex -16.49118549770146 273.6253583244211 0
    vertex -17.6667697308423 275.2153775884374 0
  endloop
endfacet
facet normal 0 0 -1
  outer loop
    vertex -45.21268680940243 273.4043070105214 0
    vertex -44.61238545925399 275.0979790968756 0
    vertex -43.41248605417764 273.7470801612756 0
  endloop
endfacet
facet normal 0 0 -1
  outer loop
    vertex 39.95623645762517 273.95935876031 0
    vertex 39.35214167785758 272.144166875678 0
    vertex 38.0230825857272 273.5863575945677 0
  endloop
endfacet
facet normal 0 0 -1
  outer loop
    vertex -10.88294387631196 283.2910368024111 0
    vertex -11.73162083005165 281.5205237692511 0
    vertex -12.86040713464351 283.2081565356676 0
  endloop
endfacet
facet normal 0 0 -1
  outer loop
    vertex -26.63655647990801 269.1853336623165 0
    vertex -25.82405357746734 270.891309046474 0
    vertex -24.66918710627439 269.3727551322064 0
  endloop
endfacet
facet normal 0 0 -1
  outer loop
    vertex -16.78759289504253 269.9785671581919 0
    vertex -15.79270721120383 271.7964442184591 0
    vertex -14.81469104384799 270.0940112799159 0
  endloop
endfacet
facet normal 0 0 -1
  outer loop
    vertex -4.940427690873046 270.4548801079974 0
    vertex -4.008438882189664 272.2132848950095 0
    vertex -2.964362102186209 270.4837565498659 0
  endloop
endfacet
facet normal 0 0 -1
  outer loop
    vertex -10.86662036476982 270.2816430352753 0
    vertex -9.950288281276281 271.9649407374766 0
    vertex -8.891662276326022 270.353820653535 0
  endloop
endfacet
facet normal 0 0 -1
  outer loop
    vertex 18.75959866098185 269.848712166797 0
    vertex 19.73224117986713 271.6481404400959 0
    vertex 20.73060308027992 269.704453237109 0
  endloop
endfacet
facet normal 0 0 -1
  outer loop
    vertex 22.70050094500095 269.545798069356 0
    vertex 23.82944899652775 271.1470132183603 0
    vertex 24.66918710627454 269.3727551322064 0
  endloop
endfacet
facet normal 0 0 -1
  outer loop
    vertex -28.60250405199666 268.9835436638374 0
    vertex -29.80810989436336 270.6544269954146 0
    vertex -27.80415742627468 270.7830474838151 0
  endloop
endfacet
facet normal 0 0 -1
  outer loop
    vertex 26.63655647990816 269.1853336623165 0
    vertex 25.791929816851 271.1077129941172 0
    vertex 27.74914680184323 270.8035552928039 0
  endloop
endfacet
facet normal 0 0 -1
  outer loop
    vertex 38.40724502862467 267.7594695418095 0
    vertex 37.6831878990068 269.5162366116937 0
    vertex 39.57484298632827 269.1923059886172 0
  endloop
endfacet
facet normal 0 0 -1
  outer loop
    vertex 32.52971412098317 268.5369019319451 0
    vertex 31.63699302727122 270.6266460363347 0
    vertex 33.798179807454 270.009971060247 0
  endloop
endfacet
facet normal 0 0 -1
  outer loop
    vertex 43.14726108483182 272.8662592503227 0
    vertex 42.67905645090915 270.7322405728709 0
    vertex 41.26852982923083 272.5059061579299 0
  endloop
endfacet
facet normal 0 0 -1
  outer loop
    vertex -8.486653374259028 275.2741546358459 0
    vertex -6.579088917382369 275.5358890092892 0
    vertex -7.215977854743785 273.7347496411818 0
  endloop
endfacet
facet normal 0 0 -1
  outer loop
    vertex -40.91069179915584 270.7947221889848 0
    vertex -38.99065313391522 271.1529924638008 0
    vertex -39.6600195039366 269.3019933342208 0
  endloop
endfacet
facet normal 0 0 -1
  outer loop
    vertex -40.26126318333609 272.6371756631038 0
    vertex -39.61733553217458 274.4803694687104 0
    vertex -38.34225342925275 272.9979729424201 0
  endloop
endfacet
facet normal 0 -0 -1
  outer loop
    vertex 11.47652181474542 275.5054349101243 0
    vertex 12.74138900297288 273.9441818219095 0
    vertex 10.78095050942893 273.6585542307543 0
  endloop
endfacet
facet normal 0 0 -1
  outer loop
    vertex -40.87570826867038 275.8973662351747 0
    vertex -40.13001201837611 277.5252969562557 0
    vertex -38.96220068382029 276.25943564836 0
  endloop
endfacet
facet normal 0 0 -1
  outer loop
    vertex 8.781413204918806 273.46842332826 0
    vertex 7.577669683372702 274.87401738838 0
    vertex 9.533609511123233 275.1359520177767 0
  endloop
endfacet
facet normal 0 -0 -1
  outer loop
    vertex 20.53726392063538 275.4958447135832 0
    vertex 21.81108716584334 274.0913125046175 0
    vertex 19.88719151373977 273.6212820520299 0
  endloop
endfacet
facet normal 0 -0 -1
  outer loop
    vertex 4.355740177890276 275.8953574219399 0
    vertex 5.652313131889331 274.5985338015621 0
    vertex 3.758987037604347 274.0637028262735 0
  endloop
endfacet
facet normal 0 0 -1
  outer loop
    vertex 13.41906944372526 275.8765876888224 0
    vertex 12.74138900297288 273.9441818219095 0
    vertex 11.47652181474542 275.5054349101243 0
  endloop
endfacet
facet normal 0 -0 -1
  outer loop
    vertex 25.71492762340322 274.7357296198527 0
    vertex 27.06850380827724 272.9068881210579 0
    vertex 24.86624159145714 272.8801801239356 0
  endloop
endfacet
facet normal -0 0 -1
  outer loop
    vertex 9.533609511123233 275.1359520177767 0
    vertex 7.577669683372702 274.87401738838 0
    vertex 8.241438172661042 276.6352076041327 0
  endloop
endfacet
facet normal 0 0 -1
  outer loop
    vertex -2.778102013686269 276.3697094678083 0
    vertex -3.026935383535268 274.2476077461512 0
    vertex -4.678803009498488 275.8968074598917 0
  endloop
endfacet
facet normal 0 0 -1
  outer loop
    vertex 4.355740177890276 275.8953574219399 0
    vertex 3.758987037604347 274.0637028262735 0
    vertex 2.418132056393959 275.5308664970919 0
  endloop
endfacet
facet normal 0 0 -1
  outer loop
    vertex 11.47652181474542 275.5054349101243 0
    vertex 10.78095050942893 273.6585542307543 0
    vertex 9.533609511123233 275.1359520177767 0
  endloop
endfacet
facet normal 0 0 -1
  outer loop
    vertex 16.64721988041356 274.7803082260803 0
    vertex 16.12213002651332 272.9813256838278 0
    vertex 14.71058249044256 274.3796194136041 0
  endloop
endfacet
facet normal 0 0 -1
  outer loop
    vertex 37.28876028349154 271.4429844764722 0
    vertex 35.13363135995283 271.4837072482406 0
    vertex 36.10332296436202 273.2375618416211 0
  endloop
endfacet
facet normal 0 0 -1
  outer loop
    vertex -19.62810095500362 274.8631309882854 0
    vertex -20.70246040906309 273.0589228403426 0
    vertex -21.6898947363819 274.5932741876534 0
  endloop
endfacet
facet normal 0 0 -1
  outer loop
    vertex 25.71492762340322 274.7357296198527 0
    vertex 24.86624159145714 272.8801801239356 0
    vertex 23.76503580599516 274.4030693974748 0
  endloop
endfacet
facet normal -0 0 -1
  outer loop
    vertex 16.12213002651332 272.9813256838278 0
    vertex 14.14904516854927 272.1492979405775 0
    vertex 14.71058249044256 274.3796194136041 0
  endloop
endfacet
facet normal 0 0 -1
  outer loop
    vertex 30.81178525121297 274.0117868662163 0
    vertex 30.2414360869485 272.1035445414227 0
    vertex 29.01443343732795 273.6564376716548 0
  endloop
endfacet
facet normal 0 0 -1
  outer loop
    vertex 22.48129828889653 275.8596908853567 0
    vertex 21.81108716584334 274.0913125046175 0
    vertex 20.53726392063538 275.4958447135832 0
  endloop
endfacet
facet normal 0 0 -1
  outer loop
    vertex 27.65899072153827 275.0984935132192 0
    vertex 27.06850380827724 272.9068881210579 0
    vertex 25.71492762340322 274.7357296198527 0
  endloop
endfacet
facet normal -0 0 -1
  outer loop
    vertex 10.78095050942893 273.6585542307543 0
    vertex 8.781413204918806 273.46842332826 0
    vertex 9.533609511123233 275.1359520177767 0
  endloop
endfacet
facet normal 0 0 -1
  outer loop
    vertex 6.298657282182123 276.2651280925795 0
    vertex 5.652313131889331 274.5985338015621 0
    vertex 4.355740177890276 275.8953574219399 0
  endloop
endfacet
facet normal -0 0 -1
  outer loop
    vertex 29.01443343732795 273.6564376716548 0
    vertex 27.06850380827724 272.9068881210579 0
    vertex 27.65899072153827 275.0984935132192 0
  endloop
endfacet
facet normal 0 0 -1
  outer loop
    vertex 38.0230825857272 273.5863575945677 0
    vertex 37.28876028349154 271.4429844764722 0
    vertex 36.10332296436202 273.2375618416211 0
  endloop
endfacet
facet normal -0 0 -1
  outer loop
    vertex 3.758987037604347 274.0637028262735 0
    vertex 2.050793096819006 273.7105411232732 0
    vertex 2.418132056393959 275.5308664970919 0
  endloop
endfacet
facet normal -0 0 -1
  outer loop
    vertex 23.76503580599516 274.4030693974748 0
    vertex 21.81108716584334 274.0913125046175 0
    vertex 22.48129828889653 275.8596908853567 0
  endloop
endfacet
facet normal -0 0 -1
  outer loop
    vertex 7.577669683372702 274.87401738838 0
    vertex 5.652313131889331 274.5985338015621 0
    vertex 6.298657282182123 276.2651280925795 0
  endloop
endfacet
facet normal 0 0 -1
  outer loop
    vertex -13.8012398391234 275.9395565881718 0
    vertex -14.48145011436959 273.75999027338 0
    vertex -15.71673966697615 275.5621693692914 0
  endloop
endfacet
facet normal 0 0 -1
  outer loop
    vertex -7.937526628201634 277.0707471059412 0
    vertex -8.486653374259028 275.2741546358459 0
    vertex -9.829049536908807 276.7263863521733 0
  endloop
endfacet
facet normal 0 0 -1
  outer loop
    vertex -4.061311827062517 277.7714618472348 0
    vertex -4.678803009498488 275.8968074598917 0
    vertex -5.999397291096378 277.4363942196022 0
  endloop
endfacet
facet normal 0 0 -1
  outer loop
    vertex 3.066388930457661 277.38553558149 0
    vertex 2.418132056393959 275.5308664970919 0
    vertex 1.123539830052854 277.0410782840713 0
  endloop
endfacet
facet normal 0 0 -1
  outer loop
    vertex 8.241438172661042 276.6352076041327 0
    vertex 7.577669683372702 274.87401738838 0
    vertex 6.298657282182123 276.2651280925795 0
  endloop
endfacet
facet normal 0 0 -1
  outer loop
    vertex 10.18635070942406 276.9943144216001 0
    vertex 9.533609511123233 275.1359520177767 0
    vertex 8.241438172661042 276.6352076041327 0
  endloop
endfacet
facet normal 0 0 -1
  outer loop
    vertex 15.36163476420334 276.2468375621081 0
    vertex 14.71058249044256 274.3796194136041 0
    vertex 13.41906944372526 275.8765876888224 0
  endloop
endfacet
facet normal 0 0 -1
  outer loop
    vertex 20.53726392063538 275.4958447135832 0
    vertex 19.88719151373977 273.6212820520299 0
    vertex 18.58876161430814 275.155930085542 0
  endloop
endfacet
facet normal 0 0 -1
  outer loop
    vertex 24.42629924773947 276.2206480874569 0
    vertex 23.76503580599516 274.4030693974748 0
    vertex 22.48129828889653 275.8596908853567 0
  endloop
endfacet
facet normal 0 0 -1
  outer loop
    vertex -20.89284289074469 276.3219091482064 0
    vertex -21.6898947363819 274.5932741876534 0
    vertex -22.84898972081191 276.0222951511294 0
  endloop
endfacet
facet normal 0 0 -1
  outer loop
    vertex 29.60187954642485 275.4679925030883 0
    vertex 29.01443343732795 273.6564376716548 0
    vertex 27.65899072153827 275.0984935132192 0
  endloop
endfacet
facet normal 0 0 -1
  outer loop
    vertex 36.72248972775798 275.0673320343377 0
    vertex 36.10332296436202 273.2375618416211 0
    vertex 34.77890169029946 274.7089110326978 0
  endloop
endfacet
facet normal 0 -0 -1
  outer loop
    vertex -4.061311827062517 277.7714618472348 0
    vertex -2.778102013686269 276.3697094678083 0
    vertex -4.678803009498488 275.8968074598917 0
  endloop
endfacet
facet normal 0 -0 -1
  outer loop
    vertex 3.066388930457661 277.38553558149 0
    vertex 4.355740177890276 275.8953574219399 0
    vertex 2.418132056393959 275.5308664970919 0
  endloop
endfacet
facet normal 0 -0 -1
  outer loop
    vertex -20.89284289074469 276.3219091482064 0
    vertex -19.62810095500362 274.8631309882854 0
    vertex -21.6898947363819 274.5932741876534 0
  endloop
endfacet
facet normal 0 -0 -1
  outer loop
    vertex 10.18635070942406 276.9943144216001 0
    vertex 11.47652181474542 275.5054349101243 0
    vertex 9.533609511123233 275.1359520177767 0
  endloop
endfacet
facet normal 0 -0 -1
  outer loop
    vertex 15.36163476420334 276.2468375621081 0
    vertex 16.64721988041356 274.7803082260803 0
    vertex 14.71058249044256 274.3796194136041 0
  endloop
endfacet
facet normal 0 0 -1
  outer loop
    vertex -22.73639504723158 282.5868120423461 0
    vertex -23.57909714537604 280.7959789260426 0
    vertex -24.70865306896117 282.4211969090098 0
  endloop
endfacet
facet normal -0 0 -1
  outer loop
    vertex 24.70865306896108 282.4211969090098 0
    vertex 23.71793073013182 280.8057159172495 0
    vertex 22.73639504723149 282.5868120423461 0
  endloop
endfacet
facet normal 0 0 -1
  outer loop
    vertex -2.968750796955732 283.4844555151227 0
    vertex -3.95174231835779 281.8427126390995 0
    vertex -4.947757224969929 283.4568215768369 0
  endloop
endfacet
facet normal -0 0 -1
  outer loop
    vertex 4.947757224969838 283.4568215768369 0
    vertex 3.86633045418801 281.829705009205 0
    vertex 2.968750796955641 283.4844555151227 0
  endloop
endfacet
facet normal 0 0 -1
  outer loop
    vertex -36.51355162973908 281.1387745356061 0
    vertex -37.32372229634206 279.5448308385675 0
    vertex -38.47536478512533 280.8770127736543 0
  endloop
endfacet
facet normal -0 0 -1
  outer loop
    vertex 38.4753647851253 280.8770127736543 0
    vertex 37.3067529074868 279.5068357010068 0
    vertex 36.51355162973906 281.1387745356061 0
  endloop
endfacet
facet normal -0 0 -1
  outer loop
    vertex 10.88294387631187 283.2910368024111 0
    vertex 10.13962206440561 281.8846742105041 0
    vertex 8.904950198649336 283.3601098636849 0
  endloop
endfacet
facet normal 0 0 -1
  outer loop
    vertex -8.904950198649431 283.3601098636849 0
    vertex -9.783525302194253 281.7060339392229 0
    vertex -10.88294387631196 283.2910368024111 0
  endloop
endfacet
facet normal 0 0 -1
  outer loop
    vertex -30.6178173426575 281.8417982861514 0
    vertex -31.44358499739532 280.2350405719006 0
    vertex -32.58468216472771 281.6211790477124 0
  endloop
endfacet
facet normal -0 0 -1
  outer loop
    vertex 32.58468216472768 281.6211790477124 0
    vertex 31.44929734117681 280.0577223993664 0
    vertex 30.61781734265747 281.8417982861514 0
  endloop
endfacet
facet normal 0 0 -1
  outer loop
    vertex -14.83724359487464 283.1114731029217 0
    vertex -15.93862104560069 281.1408290076569 0
    vertex -16.81335690878519 283.0009912163874 0
  endloop
endfacet
facet normal -0 0 -1
  outer loop
    vertex 16.8133569087851 283.0009912163875 0
    vertex 15.68820915107045 281.3123130796646 0
    vertex 14.83724359487455 283.1114731029217 0
  endloop
endfacet
facet normal -0 0 -1
  outer loop
    vertex 42.39326986629167 280.3124340268262 0
    vertex 40.94858788603013 278.8622401166858 0
    vertex 40.43530270551256 280.6015614623582 0
  endloop
endfacet
facet normal 0 -0 -1
  outer loop
    vertex 24.42629924773947 276.2206480874569 0
    vertex 25.71492762340322 274.7357296198527 0
    vertex 23.76503580599516 274.4030693974748 0
  endloop
endfacet
facet normal -0 0 -1
  outer loop
    vertex 28.64946025136528 282.0486809529614 0
    vertex 27.42646438633897 280.4635540248025 0
    vertex 26.6797068257988 282.2418169649732 0
  endloop
endfacet
facet normal 0 0 -1
  outer loop
    vertex -26.67970682579883 282.2418169649732 0
    vertex -27.49732284579429 280.4393924532353 0
    vertex -28.64946025136531 282.0486809529614 0
  endloop
endfacet
facet normal 0 0 -1
  outer loop
    vertex -18.78865076340011 282.8767162607962 0
    vertex -19.65792294147084 281.1701623092318 0
    vertex -20.76302888568366 282.7386542931339 0
  endloop
endfacet
facet normal -0 0 -1
  outer loop
    vertex 20.76302888568357 282.7386542931339 0
    vertex 19.66939594609682 281.2129945680229 0
    vertex 18.78865076340002 282.8767162607962 0
  endloop
endfacet
facet normal -0 0 -1
  outer loop
    vertex 0.989599676215884 283.4982728209836 0
    vertex -0.1554514144439639 281.797418024621 0
    vertex -0.989599676215975 283.4982728209836 0
  endloop
endfacet
facet normal 0 0 -1
  outer loop
    vertex -24.79319646496658 275.660255413438 0
    vertex -25.38189931482565 273.835080832989 0
    vertex -26.73860866446402 275.3060352833197 0
  endloop
endfacet
facet normal 0 -0 -1
  outer loop
    vertex 29.60187954642485 275.4679925030883 0
    vertex 30.81178525121297 274.0117868662163 0
    vertex 29.01443343732795 273.6564376716548 0
  endloop
endfacet
facet normal 0 -0 -1
  outer loop
    vertex 36.72248972775798 275.0673320343377 0
    vertex 38.0230825857272 273.5863575945677 0
    vertex 36.10332296436202 273.2375618416211 0
  endloop
endfacet
facet normal -0 0 -1
  outer loop
    vertex 14.71058249044256 274.3796194136041 0
    vertex 12.74138900297288 273.9441818219095 0
    vertex 13.41906944372526 275.8765876888224 0
  endloop
endfacet
facet normal 0 -0 -1
  outer loop
    vertex -18.95384421371825 276.6938905116725 0
    vertex -17.6667697308423 275.2153775884374 0
    vertex -19.62810095500362 274.8631309882854 0
  endloop
endfacet
facet normal 0 -0 -1
  outer loop
    vertex -15.06431049975104 277.4273637574282 0
    vertex -13.8012398391234 275.9395565881718 0
    vertex -15.71673966697615 275.5621693692914 0
  endloop
endfacet
facet normal 0 -0 -1
  outer loop
    vertex -13.12582561014885 277.7981955047208 0
    vertex -11.80787072078064 276.3592545354032 0
    vertex -13.8012398391234 275.9395565881718 0
  endloop
endfacet
facet normal 0 -0 -1
  outer loop
    vertex -2.116939098330127 278.1632946786643 0
    vertex -0.8377403427973179 276.7642481449902 0
    vertex -2.778102013686269 276.3697094678083 0
  endloop
endfacet
facet normal 0 -0 -1
  outer loop
    vertex -11.19342821914466 278.1612008264174 0
    vertex -9.829049536908807 276.7263863521733 0
    vertex -11.80787072078064 276.3592545354032 0
  endloop
endfacet
facet normal 0 -0 -1
  outer loop
    vertex -17.00865877149943 277.0614330368859 0
    vertex -15.71673966697615 275.5621693692914 0
    vertex -17.6667697308423 275.2153775884374 0
  endloop
endfacet
facet normal 0 0 -1
  outer loop
    vertex 14.14904516854927 272.1492979405775 0
    vertex 12.74138900297288 273.9441818219095 0
    vertex 14.71058249044256 274.3796194136041 0
  endloop
endfacet
facet normal 0 -0 -1
  outer loop
    vertex -9.235012349731655 278.5367244372699 0
    vertex -7.937526628201634 277.0707471059412 0
    vertex -9.829049536908807 276.7263863521733 0
  endloop
endfacet
facet normal 0 -0 -1
  outer loop
    vertex -7.269865885082176 278.9049742604917 0
    vertex -5.999397291096378 277.4363942196022 0
    vertex -7.937526628201634 277.0707471059412 0
  endloop
endfacet
facet normal 0 -0 -1
  outer loop
    vertex -5.376072866570589 279.1998549701042 0
    vertex -4.061311827062517 277.7714618472348 0
    vertex -5.999397291096378 277.4363942196022 0
  endloop
endfacet
facet normal 0 -0 -1
  outer loop
    vertex 5.007152947511733 277.7616539306865 0
    vertex 6.298657282182123 276.2651280925795 0
    vertex 4.355740177890276 275.8953574219399 0
  endloop
endfacet
facet normal 0 -0 -1
  outer loop
    vertex -0.1656746678810753 278.4964377669413 0
    vertex 1.123539830052854 277.0410782840713 0
    vertex -0.8377403427973179 276.7642481449902 0
  endloop
endfacet
facet normal 0 -0 -1
  outer loop
    vertex 1.784380167718296 278.8280370823412 0
    vertex 3.066388930457661 277.38553558149 0
    vertex 1.123539830052854 277.0410782840713 0
  endloop
endfacet
facet normal 0 -0 -1
  outer loop
    vertex 12.12754728942139 277.3728414726673 0
    vertex 13.41906944372526 275.8765876888224 0
    vertex 11.47652181474542 275.5054349101243 0
  endloop
endfacet
facet normal 0 -0 -1
  outer loop
    vertex 6.94967261745945 278.132615684711 0
    vertex 8.241438172661042 276.6352076041327 0
    vertex 6.298657282182123 276.2651280925795 0
  endloop
endfacet
facet normal 0 -0 -1
  outer loop
    vertex 8.904869006482897 278.4378321173557 0
    vertex 10.18635070942406 276.9943144216001 0
    vertex 8.241438172661042 276.6352076041327 0
  endloop
endfacet
facet normal 0 -0 -1
  outer loop
    vertex 17.30335330419496 276.6217977198899 0
    vertex 18.58876161430814 275.155930085542 0
    vertex 16.64721988041356 274.7803082260803 0
  endloop
endfacet
facet normal 0 -0 -1
  outer loop
    vertex 14.07013445126919 277.7443165116713 0
    vertex 15.36163476420334 276.2468375621081 0
    vertex 13.41906944372526 275.8765876888224 0
  endloop
endfacet
facet normal 0 -0 -1
  outer loop
    vertex -22.17696410292376 277.7770310768944 0
    vertex -20.89284289074469 276.3219091482064 0
    vertex -22.84898972081191 276.0222951511294 0
  endloop
endfacet
facet normal -0 0 -1
  outer loop
    vertex 48.85011772147912 277.0253950480616 0
    vertex 47.27250916019288 276.895603421742 0
    vertex 47.65865372458936 278.4407597620808 0
  endloop
endfacet
facet normal 0 0 -1
  outer loop
    vertex -45.94784012175788 267.6391077858771 0
    vertex -44.62723219655039 268.9348077656001 0
    vertex -44.16542706103103 267.1432777640698 0
  endloop
endfacet
facet normal 0 -0 -1
  outer loop
    vertex 19.24578826292667 276.9932707546079 0
    vertex 20.53726392063538 275.4958447135832 0
    vertex 18.58876161430814 275.155930085542 0
  endloop
endfacet
facet normal 0 -0 -1
  outer loop
    vertex 26.3701099832931 276.5835725138308 0
    vertex 27.65899072153827 275.0984935132192 0
    vertex 25.71492762340322 274.7357296198527 0
  endloop
endfacet
facet normal 0 -0 -1
  outer loop
    vertex 21.18954569508955 277.3582840333254 0
    vertex 22.48129828889653 275.8596908853567 0
    vertex 20.53726392063538 275.4958447135832 0
  endloop
endfacet
facet normal 0 -0 -1
  outer loop
    vertex 31.53116847521934 275.8445267834272 0
    vertex 32.78687729913889 274.0545274500799 0
    vertex 30.81178525121297 274.0117868662163 0
  endloop
endfacet
facet normal 0 -0 -1
  outer loop
    vertex 23.1577940648321 277.6438328434023 0
    vertex 24.42629924773947 276.2206480874569 0
    vertex 22.48129828889653 275.8596908853567 0
  endloop
endfacet
facet normal 0 0 -1
  outer loop
    vertex -30.56692488452778 268.767395907881 0
    vertex -29.80810989436336 270.6544269954146 0
    vertex -28.60250405199666 268.9835436638374 0
  endloop
endfacet
facet normal 0 -0 -1
  outer loop
    vertex 28.31092887709311 276.9641804150063 0
    vertex 29.60187954642485 275.4679925030883 0
    vertex 27.65899072153827 275.0984935132192 0
  endloop
endfacet
facet normal 0 -0 -1
  outer loop
    vertex 33.47721150569425 276.160612891262 0
    vertex 34.77890169029946 274.7089110326978 0
    vertex 32.78687729913889 274.0545274500799 0
  endloop
endfacet
facet normal 0 -0 -1
  outer loop
    vertex 35.43391273526829 276.5116086168158 0
    vertex 36.72248972775798 275.0673320343377 0
    vertex 34.77890169029946 274.7089110326978 0
  endloop
endfacet
facet normal 0 -0 -1
  outer loop
    vertex -24.12096905899529 277.4135810840777 0
    vertex -22.84898972081191 276.0222951511294 0
    vertex -24.79319646496658 275.660255413438 0
  endloop
endfacet
facet normal 0 0 -1
  outer loop
    vertex -20.89284289074469 276.3219091482064 0
    vertex -18.95384421371825 276.6938905116725 0
    vertex -19.62810095500362 274.8631309882854 0
  endloop
endfacet
facet normal 0 -0 -1
  outer loop
    vertex -26.06984120709756 277.0771395976145 0
    vertex -24.79319646496658 275.660255413438 0
    vertex -26.73860866446402 275.3060352833197 0
  endloop
endfacet
facet normal 0 0 -1
  outer loop
    vertex -4.061311827062517 277.7714618472348 0
    vertex -2.116939098330127 278.1632946786643 0
    vertex -2.778102013686269 276.3697094678083 0
  endloop
endfacet
facet normal 0 0 -1
  outer loop
    vertex 3.066388930457661 277.38553558149 0
    vertex 5.007152947511733 277.7616539306865 0
    vertex 4.355740177890276 275.8953574219399 0
  endloop
endfacet
facet normal 0 0 -1
  outer loop
    vertex 10.18635070942406 276.9943144216001 0
    vertex 12.12754728942139 277.3728414726673 0
    vertex 11.47652181474542 275.5054349101243 0
  endloop
endfacet
facet normal 0 0 -1
  outer loop
    vertex 15.36163476420334 276.2468375621081 0
    vertex 17.30335330419496 276.6217977198899 0
    vertex 16.64721988041356 274.7803082260803 0
  endloop
endfacet
facet normal 0 0 -1
  outer loop
    vertex 24.42629924773947 276.2206480874569 0
    vertex 26.3701099832931 276.5835725138308 0
    vertex 25.71492762340322 274.7357296198527 0
  endloop
endfacet
facet normal 0 0 -1
  outer loop
    vertex -15.06431049975104 277.4273637574282 0
    vertex -13.12582561014885 277.7981955047208 0
    vertex -13.8012398391234 275.9395565881718 0
  endloop
endfacet
facet normal 0 0 -1
  outer loop
    vertex -13.12582561014885 277.7981955047208 0
    vertex -11.19342821914466 278.1612008264174 0
    vertex -11.80787072078064 276.3592545354032 0
  endloop
endfacet
facet normal 0 0 -1
  outer loop
    vertex -18.95384421371825 276.6938905116725 0
    vertex -17.00865877149943 277.0614330368859 0
    vertex -17.6667697308423 275.2153775884374 0
  endloop
endfacet
facet normal 0 0 -1
  outer loop
    vertex -17.00865877149943 277.0614330368859 0
    vertex -15.06431049975104 277.4273637574282 0
    vertex -15.71673966697615 275.5621693692914 0
  endloop
endfacet
facet normal 0 0 -1
  outer loop
    vertex -11.19342821914466 278.1612008264174 0
    vertex -9.235012349731655 278.5367244372699 0
    vertex -9.829049536908807 276.7263863521733 0
  endloop
endfacet
facet normal 0 0 -1
  outer loop
    vertex 29.60187954642485 275.4679925030883 0
    vertex 31.53116847521934 275.8445267834272 0
    vertex 30.81178525121297 274.0117868662163 0
  endloop
endfacet
facet normal 0 0 -1
  outer loop
    vertex -9.235012349731655 278.5367244372699 0
    vertex -7.269865885082176 278.9049742604917 0
    vertex -7.937526628201634 277.0707471059412 0
  endloop
endfacet
facet normal 0 0 -1
  outer loop
    vertex -7.269865885082176 278.9049742604917 0
    vertex -5.376072866570589 279.1998549701042 0
    vertex -5.999397291096378 277.4363942196022 0
  endloop
endfacet
facet normal 0 0 -1
  outer loop
    vertex -2.116939098330127 278.1632946786643 0
    vertex -0.1656746678810753 278.4964377669413 0
    vertex -0.8377403427973179 276.7642481449902 0
  endloop
endfacet
facet normal 0 0 -1
  outer loop
    vertex 36.72248972775798 275.0673320343377 0
    vertex 38.66538328137776 275.445290716904 0
    vertex 38.0230825857272 273.5863575945677 0
  endloop
endfacet
facet normal 0 0 -1
  outer loop
    vertex -0.1656746678810753 278.4964377669413 0
    vertex 1.784380167718296 278.8280370823412 0
    vertex 1.123539830052854 277.0410782840713 0
  endloop
endfacet
facet normal 0 0 -1
  outer loop
    vertex 1.784380167718296 278.8280370823412 0
    vertex 3.724988627288639 279.2081365657626 0
    vertex 3.066388930457661 277.38553558149 0
  endloop
endfacet
facet normal 0 0 -1
  outer loop
    vertex 5.007152947511733 277.7616539306865 0
    vertex 6.94967261745945 278.132615684711 0
    vertex 6.298657282182123 276.2651280925795 0
  endloop
endfacet
facet normal 0 0 -1
  outer loop
    vertex 6.94967261745945 278.132615684711 0
    vertex 8.904869006482897 278.4378321173557 0
    vertex 8.241438172661042 276.6352076041327 0
  endloop
endfacet
facet normal 0 0 -1
  outer loop
    vertex 12.12754728942139 277.3728414726673 0
    vertex 14.07013445126919 277.7443165116713 0
    vertex 13.41906944372526 275.8765876888224 0
  endloop
endfacet
facet normal 0 0 -1
  outer loop
    vertex 3.066388930457661 277.38553558149 0
    vertex 3.724988627288639 279.2081365657626 0
    vertex 5.007152947511733 277.7616539306865 0
  endloop
endfacet
facet normal 0 0 -1
  outer loop
    vertex 17.30335330419496 276.6217977198899 0
    vertex 19.24578826292667 276.9932707546079 0
    vertex 18.58876161430814 275.155930085542 0
  endloop
endfacet
facet normal 0 0 -1
  outer loop
    vertex 19.24578826292667 276.9932707546079 0
    vertex 21.18954569508955 277.3582840333254 0
    vertex 20.53726392063538 275.4958447135832 0
  endloop
endfacet
facet normal 0 0 -1
  outer loop
    vertex 16.78759289504269 269.9785671581919 0
    vertex 17.53180993496615 271.4880848750909 0
    vertex 18.75959866098185 269.848712166797 0
  endloop
endfacet
facet normal 0 0 -1
  outer loop
    vertex -18.75959866098164 269.848712166797 0
    vertex -17.66852657451028 271.6555449136814 0
    vertex -16.78759289504253 269.9785671581919 0
  endloop
endfacet
facet normal 0 0 -1
  outer loop
    vertex -28.60250405199666 268.9835436638374 0
    vertex -27.80415742627468 270.7830474838151 0
    vertex -26.63655647990801 269.1853336623165 0
  endloop
endfacet
facet normal 0 0 -1
  outer loop
    vertex 26.63655647990816 269.1853336623165 0
    vertex 27.74914680184323 270.8035552928039 0
    vertex 28.60250405199676 268.9835436638374 0
  endloop
endfacet
facet normal 0 0 -1
  outer loop
    vertex -12.8409984166149 270.1950383698126 0
    vertex -11.93230763022926 271.8511040032324 0
    vertex -10.86662036476982 270.2816430352753 0
  endloop
endfacet
facet normal 0 0 -1
  outer loop
    vertex 10.86662036477004 270.2816430352752 0
    vertex 11.91216459094585 272.0955967475743 0
    vertex 12.84099841661511 270.1950383698126 0
  endloop
endfacet
facet normal 0 0 -1
  outer loop
    vertex 32.52971412098317 268.5369019319451 0
    vertex 33.798179807454 270.009971060247 0
    vertex 34.49076699193517 268.2920740392977 0
  endloop
endfacet
facet normal 0 0 -1
  outer loop
    vertex -34.49076699193515 268.2920740392977 0
    vertex -33.80382437875576 270.2191834493706 0
    vertex -32.52971412098307 268.5369019319451 0
  endloop
endfacet
facet normal 0 0 -1
  outer loop
    vertex 4.940427690873259 270.4548801079974 0
    vertex 5.910647873916511 271.9090001637985 0
    vertex 6.916229570257833 270.4115673719072 0
  endloop
endfacet
facet normal 0 0 -1
  outer loop
    vertex -6.916229570257621 270.4115673719072 0
    vertex -5.996660296863978 272.1339635215076 0
    vertex -4.940427690873046 270.4548801079974 0
  endloop
endfacet
facet normal 0 0 -1
  outer loop
    vertex -40.36246114126889 267.47172136624 0
    vertex -39.6600195039366 269.3019933342208 0
    vertex -38.40724502862464 267.7594695418095 0
  endloop
endfacet
facet normal 0 0 -1
  outer loop
    vertex 38.40724502862467 267.7594695418095 0
    vertex 39.57484298632827 269.1923059886172 0
    vertex 40.36246114126899 267.47172136624 0
  endloop
endfacet
facet normal 0 0 -1
  outer loop
    vertex -0.9881382822872512 270.4981951561509 0
    vertex -0.1102018083949613 272.1060726868883 0
    vertex 0.9881382822874646 270.4981951561509 0
  endloop
endfacet
facet normal 0 0 -1
  outer loop
    vertex 20.73060308027992 269.704453237109 0
    vertex 21.876978869092 271.2206412711571 0
    vertex 22.70050094500095 269.545798069356 0
  endloop
endfacet
facet normal 0 0 -1
  outer loop
    vertex -22.7005009450008 269.545798069356 0
    vertex -21.7293115598385 271.262197198821 0
    vertex -20.73060308027976 269.704453237109 0
  endloop
endfacet
facet normal 0 0 -1
  outer loop
    vertex 24.66918710627454 269.3727551322064 0
    vertex 25.791929816851 271.1077129941172 0
    vertex 26.63655647990816 269.1853336623165 0
  endloop
endfacet
facet normal 0 0 -1
  outer loop
    vertex 36.44997882064008 268.0329252983202 0
    vertex 37.6831878990068 269.5162366116937 0
    vertex 38.40724502862467 267.7594695418095 0
  endloop
endfacet
facet normal 0 0 -1
  outer loop
    vertex 30.56692488452793 268.7673959078809 0
    vertex 31.63699302727122 270.6266460363347 0
    vertex 32.52971412098317 268.5369019319451 0
  endloop
endfacet
facet normal 0 0 -1
  outer loop
    vertex 21.18954569508955 277.3582840333254 0
    vertex 23.1577940648321 277.6438328434023 0
    vertex 22.48129828889653 275.8596908853567 0
  endloop
endfacet
facet normal 0 0 -1
  outer loop
    vertex 26.3701099832931 276.5835725138308 0
    vertex 28.31092887709311 276.9641804150063 0
    vertex 27.65899072153827 275.0984935132192 0
  endloop
endfacet
facet normal 0 0 -1
  outer loop
    vertex 31.53116847521934 275.8445267834272 0
    vertex 33.47721150569425 276.160612891262 0
    vertex 32.78687729913889 274.0545274500799 0
  endloop
endfacet
facet normal 0 0 -1
  outer loop
    vertex 33.47721150569425 276.160612891262 0
    vertex 35.43391273526829 276.5116086168158 0
    vertex 34.77890169029946 274.7089110326978 0
  endloop
endfacet
facet normal 0 0 -1
  outer loop
    vertex -24.12096905899529 277.4135810840777 0
    vertex -22.17696410292376 277.7770310768944 0
    vertex -22.84898972081191 276.0222951511294 0
  endloop
endfacet
facet normal 0 0 -1
  outer loop
    vertex -27.80415742627468 270.7830474838151 0
    vertex -25.82405357746734 270.891309046474 0
    vertex -26.63655647990801 269.1853336623165 0
  endloop
endfacet
facet normal 0 0 -1
  outer loop
    vertex -17.66852657451028 271.6555449136814 0
    vertex -15.79270721120383 271.7964442184591 0
    vertex -16.78759289504253 269.9785671581919 0
  endloop
endfacet
facet normal 0 0 -1
  outer loop
    vertex -5.996660296863978 272.1339635215076 0
    vertex -4.008438882189664 272.2132848950095 0
    vertex -4.940427690873046 270.4548801079974 0
  endloop
endfacet
facet normal 0 0 -1
  outer loop
    vertex -11.93230763022926 271.8511040032324 0
    vertex -9.950288281276281 271.9649407374766 0
    vertex -10.86662036476982 270.2816430352753 0
  endloop
endfacet
facet normal 0 0 -1
  outer loop
    vertex 17.53180993496615 271.4880848750909 0
    vertex 19.73224117986713 271.6481404400959 0
    vertex 18.75959866098185 269.848712166797 0
  endloop
endfacet
facet normal 0 0 -1
  outer loop
    vertex 21.876978869092 271.2206412711571 0
    vertex 23.82944899652775 271.1470132183603 0
    vertex 22.70050094500095 269.545798069356 0
  endloop
endfacet
facet normal 0 0 -1
  outer loop
    vertex -20.89284289074469 276.3219091482064 0
    vertex -20.2226113793645 278.0858546217519 0
    vertex -18.95384421371825 276.6938905116725 0
  endloop
endfacet
facet normal 0 0 -1
  outer loop
    vertex -4.061311827062517 277.7714618472348 0
    vertex -3.378304763041513 279.8488681596364 0
    vertex -2.116939098330127 278.1632946786643 0
  endloop
endfacet
facet normal 0 0 -1
  outer loop
    vertex 28.31092887709311 276.9641804150063 0
    vertex 30.17373688812766 277.2717628922426 0
    vertex 29.60187954642485 275.4679925030883 0
  endloop
endfacet
facet normal 0 0 -1
  outer loop
    vertex 10.18635070942406 276.9943144216001 0
    vertex 10.86110201128319 278.7909220563625 0
    vertex 12.12754728942139 277.3728414726673 0
  endloop
endfacet
facet normal 0 0 -1
  outer loop
    vertex 15.36163476420334 276.2468375621081 0
    vertex 16.01421775508572 278.0580039533548 0
    vertex 17.30335330419496 276.6217977198899 0
  endloop
endfacet
facet normal 0 0 -1
  outer loop
    vertex -26.06984120709756 277.0771395976145 0
    vertex -24.12096905899529 277.4135810840777 0
    vertex -24.79319646496658 275.660255413438 0
  endloop
endfacet
facet normal 0 -0 -1
  outer loop
    vertex -28.00774012525135 276.6884387348508 0
    vertex -26.73860866446402 275.3060352833197 0
    vertex -28.66149928437757 274.8334158415054 0
  endloop
endfacet
facet normal 0 0 -1
  outer loop
    vertex 36.72248972775798 275.0673320343377 0
    vertex 37.39345257041331 276.8170984274059 0
    vertex 38.66538328137776 275.445290716904 0
  endloop
endfacet
facet normal 0 0 -1
  outer loop
    vertex 35.43391273526829 276.5116086168158 0
    vertex 37.39345257041331 276.8170984274059 0
    vertex 36.72248972775798 275.0673320343377 0
  endloop
endfacet
facet normal 0 0 -1
  outer loop
    vertex -5.376072866570589 279.1998549701042 0
    vertex -3.378304763041513 279.8488681596364 0
    vertex -4.061311827062517 277.7714618472348 0
  endloop
endfacet
facet normal 0 0 -1
  outer loop
    vertex 12.78772235181114 279.2389751726202 0
    vertex 14.77030058870837 279.5528514196139 0
    vertex 14.07013445126919 277.7443165116713 0
  endloop
endfacet
facet normal 0 0 -1
  outer loop
    vertex 8.904869006482897 278.4378321173557 0
    vertex 10.86110201128319 278.7909220563625 0
    vertex 10.18635070942406 276.9943144216001 0
  endloop
endfacet
facet normal 0 0 -1
  outer loop
    vertex -22.17696410292376 277.7770310768944 0
    vertex -20.2226113793645 278.0858546217519 0
    vertex -20.89284289074469 276.3219091482064 0
  endloop
endfacet
facet normal 0 0 -1
  outer loop
    vertex 14.07013445126919 277.7443165116713 0
    vertex 16.01421775508572 278.0580039533548 0
    vertex 15.36163476420334 276.2468375621081 0
  endloop
endfacet
facet normal 0 0 -1
  outer loop
    vertex -30.54355881132637 274.3603213973185 0
    vertex -31.12736664257106 272.3527713885958 0
    vertex -32.53701132072044 274.0635992876635 0
  endloop
endfacet
facet normal 0 0 -1
  outer loop
    vertex 26.95896999563861 278.4526273170881 0
    vertex 28.92475793699775 278.8147340831082 0
    vertex 28.31092887709311 276.9641804150063 0
  endloop
endfacet
facet normal 0 0 -1
  outer loop
    vertex 29.60187954642485 275.4679925030883 0
    vertex 30.17373688812766 277.2717628922426 0
    vertex 31.53116847521934 275.8445267834272 0
  endloop
endfacet
facet normal 0 0 -1
  outer loop
    vertex -13.12582561014885 277.7981955047208 0
    vertex -12.49217858760659 279.646852567375 0
    vertex -11.19342821914466 278.1612008264174 0
  endloop
endfacet
facet normal 0 0 -1
  outer loop
    vertex -7.269865885082176 278.9049742604917 0
    vertex -6.566478792557159 280.5089074414614 0
    vertex -5.376072866570589 279.1998549701042 0
  endloop
endfacet
facet normal 0 0 -1
  outer loop
    vertex -2.116939098330127 278.1632946786643 0
    vertex -1.21350862869149 280.0139769722915 0
    vertex -0.1656746678810753 278.4964377669413 0
  endloop
endfacet
facet normal 0 0 -1
  outer loop
    vertex 6.94967261745945 278.132615684711 0
    vertex 7.583656672947433 279.9119614842326 0
    vertex 8.904869006482897 278.4378321173557 0
  endloop
endfacet
facet normal 0 0 -1
  outer loop
    vertex 12.12754728942139 277.3728414726673 0
    vertex 12.78772235181114 279.2389751726202 0
    vertex 14.07013445126919 277.7443165116713 0
  endloop
endfacet
facet normal 0 0 -1
  outer loop
    vertex 17.30335330419496 276.6217977198899 0
    vertex 17.94640282138685 278.385747506643 0
    vertex 19.24578826292667 276.9932707546079 0
  endloop
endfacet
facet normal 0 0 -1
  outer loop
    vertex -18.95384421371825 276.6938905116725 0
    vertex -18.28407005921369 278.4931997971967 0
    vertex -17.00865877149943 277.0614330368859 0
  endloop
endfacet
facet normal 0 0 -1
  outer loop
    vertex 21.18954569508955 277.3582840333254 0
    vertex 21.93275221108901 279.2544903088873 0
    vertex 23.1577940648321 277.6438328434023 0
  endloop
endfacet
facet normal 0 0 -1
  outer loop
    vertex 26.3701099832931 276.5835725138308 0
    vertex 26.95896999563861 278.4526273170881 0
    vertex 28.31092887709311 276.9641804150063 0
  endloop
endfacet
facet normal 0 0 -1
  outer loop
    vertex 33.47721150569425 276.160612891262 0
    vertex 34.31774626093415 277.984105920006 0
    vertex 35.43391273526829 276.5116086168158 0
  endloop
endfacet
facet normal 0 0 -1
  outer loop
    vertex -28.00774012525135 276.6884387348508 0
    vertex -26.06984120709756 277.0771395976145 0
    vertex -26.73860866446402 275.3060352833197 0
  endloop
endfacet
facet normal 0 0 -1
  outer loop
    vertex -48.7497568057935 269.9977810085783 0
    vertex -46.9382824270132 270.373818645787 0
    vertex -47.5183614698015 268.6170169968543 0
  endloop
endfacet
facet normal 0 0 -1
  outer loop
    vertex -11.93230763022926 271.8511040032324 0
    vertex -11.12249058280933 273.3192392622451 0
    vertex -9.950288281276281 271.9649407374766 0
  endloop
endfacet
facet normal 0 -0 -1
  outer loop
    vertex 28.92475793699775 278.8147340831082 0
    vertex 30.17373688812766 277.2717628922426 0
    vertex 28.31092887709311 276.9641804150063 0
  endloop
endfacet
facet normal 0 0 -1
  outer loop
    vertex -2.116939098330127 278.1632946786643 0
    vertex -3.378304763041513 279.8488681596364 0
    vertex -1.21350862869149 280.0139769722915 0
  endloop
endfacet
facet normal 0 0 -1
  outer loop
    vertex -18.95384421371825 276.6938905116725 0
    vertex -20.2226113793645 278.0858546217519 0
    vertex -18.28407005921369 278.4931997971967 0
  endloop
endfacet
facet normal 0 0 -1
  outer loop
    vertex 12.78772235181114 279.2389751726202 0
    vertex 13.47319744447527 281.3297244910061 0
    vertex 14.77030058870837 279.5528514196139 0
  endloop
endfacet
facet normal 0 0 -1
  outer loop
    vertex 12.12754728942139 277.3728414726673 0
    vertex 10.86110201128319 278.7909220563625 0
    vertex 12.78772235181114 279.2389751726202 0
  endloop
endfacet
facet normal 0 0 -1
  outer loop
    vertex 17.30335330419496 276.6217977198899 0
    vertex 16.01421775508572 278.0580039533548 0
    vertex 17.94640282138685 278.385747506643 0
  endloop
endfacet
facet normal 0 0 -1
  outer loop
    vertex -26.06984120709756 277.0771395976145 0
    vertex -25.39434795140923 279.0478953986904 0
    vertex -24.12096905899529 277.4135810840777 0
  endloop
endfacet
facet normal 0 0 -1
  outer loop
    vertex -15.06431049975104 277.4273637574282 0
    vertex -14.45641678685344 279.349254788195 0
    vertex -13.12582561014885 277.7981955047208 0
  endloop
endfacet
facet normal 0 -0 -1
  outer loop
    vertex 14.77030058870837 279.5528514196139 0
    vertex 16.01421775508572 278.0580039533548 0
    vertex 14.07013445126919 277.7443165116713 0
  endloop
endfacet
facet normal 0 0 -1
  outer loop
    vertex -22.17696410292376 277.7770310768944 0
    vertex -21.45789472816239 279.6803365026434 0
    vertex -20.2226113793645 278.0858546217519 0
  endloop
endfacet
facet normal 0 0 -1
  outer loop
    vertex -38.96220068382029 276.25943564836 0
    vertex -36.94902199154896 276.5918749175591 0
    vertex -37.69593167608944 274.8474329666166 0
  endloop
endfacet
facet normal 0 0 -1
  outer loop
    vertex 49.5422658030019 271.6695385325389 0
    vertex 48.10447357934859 272.8338397183053 0
    vertex 49.83168409570528 273.4968537164696 0
  endloop
endfacet
facet normal 0 0 -1
  outer loop
    vertex -17.00865877149943 277.0614330368859 0
    vertex -16.40045866747589 279.0035871978359 0
    vertex -15.06431049975104 277.4273637574282 0
  endloop
endfacet
facet normal 0 -0 -1
  outer loop
    vertex -29.9427083620353 276.3114656281819 0
    vertex -28.66149928437757 274.8334158415054 0
    vertex -30.54355881132637 274.3603213973185 0
  endloop
endfacet
facet normal 0 0 -1
  outer loop
    vertex 19.24578826292667 276.9932707546079 0
    vertex 19.92208577109986 278.6658029086467 0
    vertex 21.18954569508955 277.3582840333254 0
  endloop
endfacet
facet normal 0 0 -1
  outer loop
    vertex 3.724988627288639 279.2081365657626 0
    vertex 5.678179134000879 279.4937690341815 0
    vertex 5.007152947511733 277.7616539306865 0
  endloop
endfacet
facet normal 0 0 -1
  outer loop
    vertex 5.007152947511733 277.7616539306865 0
    vertex 5.678179134000879 279.4937690341815 0
    vertex 6.94967261745945 278.132615684711 0
  endloop
endfacet
facet normal 0 0 -1
  outer loop
    vertex -13.12582561014885 277.7981955047208 0
    vertex -14.45641678685344 279.349254788195 0
    vertex -12.49217858760659 279.646852567375 0
  endloop
endfacet
facet normal 0 0 -1
  outer loop
    vertex -29.9427083620353 276.3114656281819 0
    vertex -28.00774012525135 276.6884387348508 0
    vertex -28.66149928437757 274.8334158415054 0
  endloop
endfacet
facet normal 0 0 -1
  outer loop
    vertex 31.53116847521934 275.8445267834272 0
    vertex 32.10908299263055 277.998570207984 0
    vertex 33.47721150569425 276.160612891262 0
  endloop
endfacet
facet normal 0 0 -1
  outer loop
    vertex 5.678179134000879 279.4937690341815 0
    vertex 5.937329805395041 281.4784791008116 0
    vertex 7.583656672947433 279.9119614842326 0
  endloop
endfacet
facet normal 0 0 -1
  outer loop
    vertex -18.28407005921369 278.4931997971967 0
    vertex -16.40045866747589 279.0035871978359 0
    vertex -17.00865877149943 277.0614330368859 0
  endloop
endfacet
facet normal 0 0 -1
  outer loop
    vertex 21.18954569508955 277.3582840333254 0
    vertex 19.92208577109986 278.6658029086467 0
    vertex 21.93275221108901 279.2544903088873 0
  endloop
endfacet
facet normal 0 0 -1
  outer loop
    vertex 17.94640282138685 278.385747506643 0
    vertex 19.92208577109986 278.6658029086467 0
    vertex 19.24578826292667 276.9932707546079 0
  endloop
endfacet
facet normal 0 0 -1
  outer loop
    vertex 6.94967261745945 278.132615684711 0
    vertex 5.678179134000879 279.4937690341815 0
    vertex 7.583656672947433 279.9119614842326 0
  endloop
endfacet
facet normal 0 0 -1
  outer loop
    vertex 33.47721150569425 276.160612891262 0
    vertex 32.10908299263055 277.998570207984 0
    vertex 34.31774626093415 277.984105920006 0
  endloop
endfacet
facet normal 0 0 -1
  outer loop
    vertex 30.17373688812766 277.2717628922426 0
    vertex 32.10908299263055 277.998570207984 0
    vertex 31.53116847521934 275.8445267834272 0
  endloop
endfacet
facet normal 0 0 -1
  outer loop
    vertex -15.06431049975104 277.4273637574282 0
    vertex -16.40045866747589 279.0035871978359 0
    vertex -14.45641678685344 279.349254788195 0
  endloop
endfacet
facet normal 0 0 -1
  outer loop
    vertex -29.9427083620353 276.3114656281819 0
    vertex -29.30313883607058 278.1969551847874 0
    vertex -28.00774012525135 276.6884387348508 0
  endloop
endfacet
facet normal 0 0 -1
  outer loop
    vertex -31.89235683064242 275.9532780286557 0
    vertex -29.9427083620353 276.3114656281819 0
    vertex -30.54355881132637 274.3603213973185 0
  endloop
endfacet
facet normal 0 -0 -1
  outer loop
    vertex -31.89235683064242 275.9532780286557 0
    vertex -30.54355881132637 274.3603213973185 0
    vertex -32.53701132072044 274.0635992876635 0
  endloop
endfacet
facet normal 0 0 -1
  outer loop
    vertex -33.83156485109742 275.5843814728428 0
    vertex -33.16478310086845 277.349547731534 0
    vertex -31.89235683064242 275.9532780286557 0
  endloop
endfacet
facet normal 0 0 -1
  outer loop
    vertex -29.9427083620353 276.3114656281819 0
    vertex -31.23219320355041 277.7621712468912 0
    vertex -29.30313883607058 278.1969551847874 0
  endloop
endfacet
facet normal 0 0 -1
  outer loop
    vertex -33.83156485109742 275.5843814728428 0
    vertex -31.89235683064242 275.9532780286557 0
    vertex -32.53701132072044 274.0635992876635 0
  endloop
endfacet
facet normal 0 0 -1
  outer loop
    vertex -31.89235683064242 275.9532780286557 0
    vertex -31.23219320355041 277.7621712468912 0
    vertex -29.9427083620353 276.3114656281819 0
  endloop
endfacet
facet normal 0 0 -1
  outer loop
    vertex -35.04275427264979 277.0369183295855 0
    vertex -34.37377923738073 278.9589606829027 0
    vertex -33.16478310086845 277.349547731534 0
  endloop
endfacet
facet normal 0 0 -1
  outer loop
    vertex -33.16478310086845 277.349547731534 0
    vertex -31.23219320355041 277.7621712468912 0
    vertex -31.89235683064242 275.9532780286557 0
  endloop
endfacet
facet normal 0 0 -1
  outer loop
    vertex -33.83156485109742 275.5843814728428 0
    vertex -35.04275427264979 277.0369183295855 0
    vertex -33.16478310086845 277.349547731534 0
  endloop
endfacet
facet normal 0 -0 -1
  outer loop
    vertex -49.5945647350657 275.3316883516301 0
    vertex -48.14482723367832 274.2121445469223 0
    vertex -49.83168409570525 273.4968537164696 0
  endloop
endfacet
facet normal 0 -0 -1
  outer loop
    vertex -33.83156485109742 275.5843814728428 0
    vertex -32.53701132072044 274.0635992876635 0
    vertex -34.47600730819942 273.7005273872129 0
  endloop
endfacet
facet normal 0 0 -1
  outer loop
    vertex -35.76689804249452 275.2180449268185 0
    vertex -35.04275427264979 277.0369183295855 0
    vertex -33.83156485109742 275.5843814728428 0
  endloop
endfacet
facet normal 0 0 -1
  outer loop
    vertex -34.47600730819942 273.7005273872129 0
    vertex -35.10722116827672 271.7936587510623 0
    vertex -36.41465046300651 273.3614516086226 0
  endloop
endfacet
facet normal 0 0 -1
  outer loop
    vertex 44.73490950701471 278.063826684617 0
    vertex 42.85074238707679 278.6182848808318 0
    vertex 44.34917083890547 280.0096445587216 0
  endloop
endfacet
facet normal 0 0 -1
  outer loop
    vertex -37.69593167608944 274.8474329666166 0
    vertex -36.94902199154896 276.5918749175591 0
    vertex -35.76689804249452 275.2180449268185 0
  endloop
endfacet
facet normal 0 0 -1
  outer loop
    vertex -14.45641678685344 279.349254788195 0
    vertex -13.73462954783559 281.3308928794676 0
    vertex -12.49217858760659 279.646852567375 0
  endloop
endfacet
facet normal 0 0 -1
  outer loop
    vertex 45.9478401217579 267.6391077858771 0
    vertex 45.77755022363024 269.7555785115039 0
    vertex 47.51836146980152 268.6170169968543 0
  endloop
endfacet
facet normal 0 0 -1
  outer loop
    vertex -39.61733553217458 274.4803694687104 0
    vertex -38.96220068382029 276.25943564836 0
    vertex -37.69593167608944 274.8474329666166 0
  endloop
endfacet
facet normal 0 0 -1
  outer loop
    vertex -35.76689804249452 275.2180449268185 0
    vertex -33.83156485109742 275.5843814728428 0
    vertex -34.47600730819942 273.7005273872129 0
  endloop
endfacet
facet normal 0 0 -1
  outer loop
    vertex -40.26126318333609 272.6371756631038 0
    vertex -38.34225342925275 272.9979729424201 0
    vertex -38.99065313391522 271.1529924638008 0
  endloop
endfacet
facet normal 0 0 -1
  outer loop
    vertex 42.54668286070264 275.9986682223164 0
    vertex 44.33283548492691 276.3449583917171 0
    vertex 43.76938463107228 274.6685897270646 0
  endloop
endfacet
facet normal 0 -0 -1
  outer loop
    vertex -38.99065313391522 271.1529924638008 0
    vertex -37.71545365002282 269.6086624519398 0
    vertex -39.6600195039366 269.3019933342208 0
  endloop
endfacet
facet normal 0 -0 -1
  outer loop
    vertex -35.76689804249452 275.2180449268185 0
    vertex -34.47600730819942 273.7005273872129 0
    vertex -36.41465046300651 273.3614516086226 0
  endloop
endfacet
facet normal 0 0 -1
  outer loop
    vertex 38.66538328137776 275.445290716904 0
    vertex 39.31897072793014 277.3035795942493 0
    vertex 40.61104125050716 275.7333331655998 0
  endloop
endfacet
facet normal -0 0 -1
  outer loop
    vertex 44.51189966701784 271.4316002859975 0
    vertex 42.67905645090915 270.7322405728709 0
    vertex 43.14726108483182 272.8662592503227 0
  endloop
endfacet
facet normal 0 0 -1
  outer loop
    vertex 38.66538328137776 275.445290716904 0
    vertex 37.39345257041331 276.8170984274059 0
    vertex 39.31897072793014 277.3035795942493 0
  endloop
endfacet
facet normal 0 0 -1
  outer loop
    vertex -13.73462954783559 281.3308928794676 0
    vertex -11.73162083005165 281.5205237692511 0
    vertex -12.49217858760659 279.646852567375 0
  endloop
endfacet
facet normal 0 0 -1
  outer loop
    vertex -27.80415742627468 270.7830474838151 0
    vertex -26.72943047955311 272.4184198422951 0
    vertex -25.82405357746734 270.891309046474 0
  endloop
endfacet
facet normal 0 -0 -1
  outer loop
    vertex 1.785113525704352 281.8378997997263 0
    vertex 2.663603691430297 280.3635032539498 0
    vertex 0.6928036698452266 280.1856236725802 0
  endloop
endfacet
facet normal -0 0 -1
  outer loop
    vertex 41.26852982923083 272.5059061579299 0
    vertex 39.35214167785758 272.144166875678 0
    vertex 39.95623645762517 273.95935876031 0
  endloop
endfacet
facet normal 0 0 -1
  outer loop
    vertex -37.69593167608944 274.8474329666166 0
    vertex -35.76689804249452 275.2180449268185 0
    vertex -36.41465046300651 273.3614516086226 0
  endloop
endfacet
facet normal 0 0 -1
  outer loop
    vertex -35.76689804249452 275.2180449268185 0
    vertex -36.94902199154896 276.5918749175591 0
    vertex -35.04275427264979 277.0369183295855 0
  endloop
endfacet
facet normal 0 0 -1
  outer loop
    vertex -38.99065313391522 271.1529924638008 0
    vertex -37.05460431183635 271.4698271208071 0
    vertex -37.71545365002282 269.6086624519398 0
  endloop
endfacet
facet normal 0 0 -1
  outer loop
    vertex -39.61733553217458 274.4803694687104 0
    vertex -37.69593167608944 274.8474329666166 0
    vertex -38.34225342925275 272.9979729424201 0
  endloop
endfacet
facet normal 0 -0 -1
  outer loop
    vertex -38.34225342925275 272.9979729424201 0
    vertex -37.05460431183635 271.4698271208071 0
    vertex -38.99065313391522 271.1529924638008 0
  endloop
endfacet
facet normal 0 0 -1
  outer loop
    vertex -36.41465046300651 273.3614516086226 0
    vertex -37.05460431183635 271.4698271208071 0
    vertex -38.34225342925275 272.9979729424201 0
  endloop
endfacet
facet normal 0 -0 -1
  outer loop
    vertex -37.69593167608944 274.8474329666166 0
    vertex -36.41465046300651 273.3614516086226 0
    vertex -38.34225342925275 272.9979729424201 0
  endloop
endfacet
facet normal 0 0 -1
  outer loop
    vertex 3.86633045418801 281.829705009205 0
    vertex 1.785113525704352 281.8378997997263 0
    vertex 2.968750796955641 283.4844555151227 0
  endloop
endfacet
facet normal 0 -0 -1
  outer loop
    vertex -30.6178173426575 281.8417982861514 0
    vertex -29.36741297519404 280.0999571315957 0
    vertex -31.44358499739532 280.2350405719006 0
  endloop
endfacet
facet normal 0 -0 -1
  outer loop
    vertex 16.8133569087851 283.0009912163875 0
    vertex 17.69627777870334 281.3557441979887 0
    vertex 15.68820915107045 281.3123130796646 0
  endloop
endfacet
facet normal -0 0 -1
  outer loop
    vertex -27.49732284579429 280.4393924532353 0
    vertex -29.36741297519404 280.0999571315957 0
    vertex -28.64946025136531 282.0486809529614 0
  endloop
endfacet
facet normal 0 0 -1
  outer loop
    vertex 19.66939594609682 281.2129945680229 0
    vertex 17.69627777870334 281.3557441979887 0
    vertex 18.78865076340002 282.8767162607962 0
  endloop
endfacet
facet normal 0 -0 -1
  outer loop
    vertex 0.989599676215884 283.4982728209836 0
    vertex 1.785113525704352 281.8378997997263 0
    vertex -0.1554514144439639 281.797418024621 0
  endloop
endfacet
facet normal 0 -0 -1
  outer loop
    vertex -46.11669807151521 279.4631180620557 0
    vertex -45.96670068238173 277.690178039691 0
    vertex -47.65865372458932 278.4407597620808 0
  endloop
endfacet
facet normal -0 0 -1
  outer loop
    vertex 2.968750796955641 283.4844555151227 0
    vertex 1.785113525704352 281.8378997997263 0
    vertex 0.989599676215884 283.4982728209836 0
  endloop
endfacet
facet normal 0 0 -1
  outer loop
    vertex -28.64946025136531 282.0486809529614 0
    vertex -29.36741297519404 280.0999571315957 0
    vertex -30.6178173426575 281.8417982861514 0
  endloop
endfacet
facet normal -0 0 -1
  outer loop
    vertex 18.78865076340002 282.8767162607962 0
    vertex 17.69627777870334 281.3557441979887 0
    vertex 16.8133569087851 283.0009912163875 0
  endloop
endfacet
facet normal -0 0 -1
  outer loop
    vertex -35.10722116827672 271.7936587510623 0
    vertex -37.05460431183635 271.4698271208071 0
    vertex -36.41465046300651 273.3614516086226 0
  endloop
endfacet
facet normal 0 0 -1
  outer loop
    vertex 2.050793096819006 273.7105411232732 0
    vertex 0.4283382057442911 275.1475990474517 0
    vertex 2.418132056393959 275.5308664970919 0
  endloop
endfacet
facet normal 0 0 -1
  outer loop
    vertex 1.123539830052854 277.0410782840713 0
    vertex 0.4283382057442911 275.1475990474517 0
    vertex -0.8377403427973179 276.7642481449902 0
  endloop
endfacet
facet normal -0 0 -1
  outer loop
    vertex -7.215977854743785 273.7347496411818 0
    vertex -9.117079113098765 273.5473270792345 0
    vertex -8.486653374259028 275.2741546358459 0
  endloop
endfacet
facet normal 0 0 -1
  outer loop
    vertex 34.31774626093415 277.984105920006 0
    vertex 33.39449906191834 279.7846082918569 0
    vertex 35.35622675668153 279.6592381857577 0
  endloop
endfacet
facet normal 0 -0 -1
  outer loop
    vertex 35.13363135995283 271.4837072482406 0
    vertex 35.66094012676648 269.6032226725836 0
    vertex 33.798179807454 270.009971060247 0
  endloop
endfacet
facet normal 0 0 -1
  outer loop
    vertex 16.12213002651332 272.9813256838278 0
    vertex 15.88105381378393 271.3382573875208 0
    vertex 14.14904516854927 272.1492979405775 0
  endloop
endfacet
facet normal -0 0 -1
  outer loop
    vertex 46.11669807151524 279.4631180620558 0
    vertex 44.73490950701471 278.063826684617 0
    vertex 44.34917083890547 280.0096445587216 0
  endloop
endfacet
facet normal 0 0 -1
  outer loop
    vertex 42.31552279338246 267.1696961309848 0
    vertex 43.26335390408164 268.7585510378802 0
    vertex 44.16542706103106 267.1432777640698 0
  endloop
endfacet
facet normal 0 0 -1
  outer loop
    vertex 4.940427690873259 270.4548801079974 0
    vertex 3.910727138775305 272.1659893568116 0
    vertex 5.910647873916511 271.9090001637985 0
  endloop
endfacet
facet normal 0 0 -1
  outer loop
    vertex 23.82944899652775 271.1470132183603 0
    vertex 22.87108282324931 272.7327719889257 0
    vertex 24.86624159145714 272.8801801239356 0
  endloop
endfacet
facet normal -0 0 -1
  outer loop
    vertex -44.15110325423962 276.9374420073218 0
    vertex -45.8536206569108 276.1564232100725 0
    vertex -45.96670068238173 277.690178039691 0
  endloop
endfacet
facet normal 0 0 -1
  outer loop
    vertex -28.92223443956019 272.7895540188374 0
    vertex -26.72943047955311 272.4184198422951 0
    vertex -27.80415742627468 270.7830474838151 0
  endloop
endfacet
facet normal 0 0 -1
  outer loop
    vertex -26.06984120709756 277.0771395976145 0
    vertex -27.41743666329945 278.5344891987831 0
    vertex -25.39434795140923 279.0478953986904 0
  endloop
endfacet
facet normal 0 0 -1
  outer loop
    vertex -29.30313883607058 278.1969551847874 0
    vertex -27.41743666329945 278.5344891987831 0
    vertex -28.00774012525135 276.6884387348508 0
  endloop
endfacet
facet normal 0 -0 -1
  outer loop
    vertex 42.85074238707679 278.6182848808318 0
    vertex 43.30827354612923 277.2613338330136 0
    vertex 41.52603213963217 277.2686646780571 0
  endloop
endfacet
facet normal 0 0 -1
  outer loop
    vertex 10.86110201128319 278.7909220563625 0
    vertex 11.45092776269014 280.5647213165245 0
    vertex 12.78772235181114 279.2389751726202 0
  endloop
endfacet
facet normal -0 0 -1
  outer loop
    vertex 36.51355162973906 281.1387745356061 0
    vertex 35.35622675668153 279.6592381857577 0
    vertex 34.54995885535931 281.3868339903148 0
  endloop
endfacet
facet normal -0 0 -1
  outer loop
    vertex 34.54995885535931 281.3868339903148 0
    vertex 33.39449906191834 279.7846082918569 0
    vertex 32.58468216472768 281.6211790477124 0
  endloop
endfacet
facet normal -0 0 -1
  outer loop
    vertex 26.95896999563861 278.4526273170881 0
    vertex 25.04734611868852 277.9635210847563 0
    vertex 25.45217858140808 279.7014656838955 0
  endloop
endfacet
facet normal -0 0 -1
  outer loop
    vertex 2.418132056393959 275.5308664970919 0
    vertex 0.4283382057442911 275.1475990474517 0
    vertex 1.123539830052854 277.0410782840713 0
  endloop
endfacet
facet normal 0 0 -1
  outer loop
    vertex -18.28407005921369 278.4931997971967 0
    vertex -19.50831736997735 279.5294160715953 0
    vertex -17.91908774167533 280.2175271271529 0
  endloop
endfacet
facet normal 0 0 -1
  outer loop
    vertex 23.1577940648321 277.6438328434023 0
    vertex 25.04734611868852 277.9635210847563 0
    vertex 24.42629924773947 276.2206480874569 0
  endloop
endfacet
facet normal 0 0 -1
  outer loop
    vertex 26.3701099832931 276.5835725138308 0
    vertex 25.04734611868852 277.9635210847563 0
    vertex 26.95896999563861 278.4526273170881 0
  endloop
endfacet
facet normal 0 0 -1
  outer loop
    vertex -44.61238545925399 275.0979790968756 0
    vertex -44.15110325423962 276.9374420073218 0
    vertex -42.76442102378782 275.4867032856616 0
  endloop
endfacet
facet normal -0 0 -1
  outer loop
    vertex 25.45217858140808 279.7014656838955 0
    vertex 23.86160034122991 279.0738051676382 0
    vertex 23.71793073013182 280.8057159172495 0
  endloop
endfacet
facet normal 0 -0 -1
  outer loop
    vertex -2.968750796955732 283.4844555151227 0
    vertex -2.004685544855395 281.8299906699943 0
    vertex -3.95174231835779 281.8427126390995 0
  endloop
endfacet
facet normal 0 0 -1
  outer loop
    vertex -0.1554514144439639 281.797418024621 0
    vertex -2.004685544855395 281.8299906699943 0
    vertex -0.989599676215975 283.4982728209836 0
  endloop
endfacet
facet normal 0 0 -1
  outer loop
    vertex 37.3067529074868 279.5068357010068 0
    vertex 35.35622675668153 279.6592381857577 0
    vertex 36.51355162973906 281.1387745356061 0
  endloop
endfacet
facet normal 0 0 -1
  outer loop
    vertex -14.48145011436959 273.75999027338 0
    vertex -12.97745351648426 273.0245371218402 0
    vertex -13.9378402526311 271.8687669407154 0
  endloop
endfacet
facet normal 0 -0 -1
  outer loop
    vertex 32.58468216472768 281.6211790477124 0
    vertex 33.39449906191834 279.7846082918569 0
    vertex 31.44929734117681 280.0577223993664 0
  endloop
endfacet
facet normal -0 0 -1
  outer loop
    vertex -17.91908774167533 280.2175271271529 0
    vertex -19.50831736997735 279.5294160715953 0
    vertex -19.65792294147084 281.1701623092318 0
  endloop
endfacet
facet normal 0 -0 -1
  outer loop
    vertex -48.85011772147908 277.0253950480616 0
    vertex -47.6789806720442 275.7395874286442 0
    vertex -49.5945647350657 275.3316883516301 0
  endloop
endfacet
facet normal 0 0 -1
  outer loop
    vertex 43.76938463107228 274.6685897270646 0
    vertex 44.33283548492691 276.3449583917171 0
    vertex 45.41496152205358 275.0106840668691 0
  endloop
endfacet
facet normal -0 0 -1
  outer loop
    vertex -16.49118549770146 273.6253583244211 0
    vertex -18.66812045115993 273.275182961918 0
    vertex -17.6667697308423 275.2153775884374 0
  endloop
endfacet
facet normal 0 0 -1
  outer loop
    vertex -28.00774012525135 276.6884387348508 0
    vertex -27.41743666329945 278.5344891987831 0
    vertex -26.06984120709756 277.0771395976145 0
  endloop
endfacet
facet normal 0 -0 -1
  outer loop
    vertex -19.62810095500362 274.8631309882854 0
    vertex -18.66812045115993 273.275182961918 0
    vertex -20.70246040906309 273.0589228403426 0
  endloop
endfacet
facet normal 0 0 -1
  outer loop
    vertex -49.5945647350657 275.3316883516301 0
    vertex -47.6789806720442 275.7395874286442 0
    vertex -48.14482723367832 274.2121445469223 0
  endloop
endfacet
facet normal 0 0 -1
  outer loop
    vertex -9.783525302194253 281.7060339392229 0
    vertex -10.53240029684426 279.968834401964 0
    vertex -11.73162083005165 281.5205237692511 0
  endloop
endfacet
facet normal 0 0 -1
  outer loop
    vertex 2.964362102186421 270.4837565498659 0
    vertex 3.910727138775305 272.1659893568116 0
    vertex 4.940427690873259 270.4548801079974 0
  endloop
endfacet
facet normal 0 0 -1
  outer loop
    vertex 12.78772235181114 279.2389751726202 0
    vertex 11.45092776269014 280.5647213165245 0
    vertex 13.47319744447527 281.3297244910061 0
  endloop
endfacet
facet normal -0 0 -1
  outer loop
    vertex -4.678803009498488 275.8968074598917 0
    vertex -6.579088917382369 275.5358890092892 0
    vertex -5.999397291096378 277.4363942196022 0
  endloop
endfacet
facet normal 0 -0 -1
  outer loop
    vertex -7.937526628201634 277.0707471059412 0
    vertex -6.579088917382369 275.5358890092892 0
    vertex -8.486653374259028 275.2741546358459 0
  endloop
endfacet
facet normal 0 0 -1
  outer loop
    vertex -9.235012349731655 278.5367244372699 0
    vertex -8.50989992863984 280.3104656976916 0
    vertex -7.269865885082176 278.9049742604917 0
  endloop
endfacet
facet normal 0 0 -1
  outer loop
    vertex -5.996660296863978 272.1339635215076 0
    vertex -5.204547137757163 273.8830436049557 0
    vertex -4.008438882189664 272.2132848950095 0
  endloop
endfacet
facet normal 0 0 -1
  outer loop
    vertex 41.26852982923083 272.5059061579299 0
    vertex 40.52198115088452 270.6950207842323 0
    vertex 39.35214167785758 272.144166875678 0
  endloop
endfacet
facet normal 0 0 -1
  outer loop
    vertex 23.71793073013182 280.8057159172495 0
    vertex 21.57549252570396 281.111119152533 0
    vertex 22.73639504723149 282.5868120423461 0
  endloop
endfacet
facet normal 0 -0 -1
  outer loop
    vertex 20.76302888568357 282.7386542931339 0
    vertex 21.57549252570396 281.111119152533 0
    vertex 19.66939594609682 281.2129945680229 0
  endloop
endfacet
facet normal 0 0 -1
  outer loop
    vertex -11.19342821914466 278.1612008264174 0
    vertex -10.53240029684426 279.968834401964 0
    vertex -9.235012349731655 278.5367244372699 0
  endloop
endfacet
facet normal -0 0 -1
  outer loop
    vertex -41.53058910360107 268.9593996706497 0
    vertex -43.10652061761227 268.5300931554146 0
    vertex -43.02007148001707 270.2923599734509 0
  endloop
endfacet
facet normal 0 -0 -1
  outer loop
    vertex 38.4753647851253 280.8770127736543 0
    vertex 39.14326061265778 279.2052223150579 0
    vertex 37.3067529074868 279.5068357010068 0
  endloop
endfacet
facet normal 0 0 -1
  outer loop
    vertex 40.94858788603013 278.8622401166858 0
    vertex 39.14326061265778 279.2052223150579 0
    vertex 40.43530270551256 280.6015614623582 0
  endloop
endfacet
facet normal 0 -0 -1
  outer loop
    vertex -11.73162083005165 281.5205237692511 0
    vertex -10.53240029684426 279.968834401964 0
    vertex -12.49217858760659 279.646852567375 0
  endloop
endfacet
facet normal 0 0 -1
  outer loop
    vertex 44.97693178712911 273.2441436111366 0
    vertex 46.67795467721234 273.7958643490211 0
    vertex 46.48231115078084 271.8358555311687 0
  endloop
endfacet
facet normal 0 0 -1
  outer loop
    vertex 8.891662276326233 270.353820653535 0
    vertex 9.823445652381153 271.9718032944893 0
    vertex 10.86662036477004 270.2816430352752 0
  endloop
endfacet
facet normal 0 0 -1
  outer loop
    vertex -7.962387211617394 272.0324826790498 0
    vertex -9.117079113098765 273.5473270792345 0
    vertex -7.215977854743785 273.7347496411818 0
  endloop
endfacet
facet normal 0 0 -1
  outer loop
    vertex -23.57909714537604 280.7959789260426 0
    vertex -25.57182556746791 280.9892561303902 0
    vertex -24.70865306896117 282.4211969090098 0
  endloop
endfacet
facet normal 0 -0 -1
  outer loop
    vertex -26.67970682579883 282.2418169649732 0
    vertex -25.57182556746791 280.9892561303902 0
    vertex -27.49732284579429 280.4393924532353 0
  endloop
endfacet
facet normal 0 0 -1
  outer loop
    vertex -23.11884496622248 272.9330100153028 0
    vertex -23.56656504064171 274.6087831201025 0
    vertex -21.6898947363819 274.5932741876534 0
  endloop
endfacet
facet normal 0 0 -1
  outer loop
    vertex -11.80787072078064 276.3592545354032 0
    vertex -12.58824032615254 274.5156364157515 0
    vertex -13.8012398391234 275.9395565881718 0
  endloop
endfacet
facet normal 0 0 -1
  outer loop
    vertex -0.989599676215975 283.4982728209836 0
    vertex -2.004685544855395 281.8299906699943 0
    vertex -2.968750796955732 283.4844555151227 0
  endloop
endfacet
facet normal 0 0 -1
  outer loop
    vertex 27.74914680184323 270.8035552928039 0
    vertex 29.62848355211817 270.5050698158364 0
    vertex 28.60250405199676 268.9835436638374 0
  endloop
endfacet
facet normal 0 0 -1
  outer loop
    vertex 30.56692488452793 268.7673959078809 0
    vertex 29.62848355211817 270.5050698158364 0
    vertex 31.63699302727122 270.6266460363347 0
  endloop
endfacet
facet normal -0 0 -1
  outer loop
    vertex 19.88719151373977 273.6212820520299 0
    vertex 18.08489235830134 273.2791785604444 0
    vertex 18.58876161430814 275.155930085542 0
  endloop
endfacet
facet normal 0 -0 -1
  outer loop
    vertex 6.926522506277133 283.4153723529654 0
    vertex 8.063565959000352 281.7919469723585 0
    vertex 5.937329805395041 281.4784791008116 0
  endloop
endfacet
facet normal 0 -0 -1
  outer loop
    vertex 16.64721988041356 274.7803082260803 0
    vertex 18.08489235830134 273.2791785604444 0
    vertex 16.12213002651332 272.9813256838278 0
  endloop
endfacet
facet normal 0 0 -1
  outer loop
    vertex 24.42629924773947 276.2206480874569 0
    vertex 25.04734611868852 277.9635210847563 0
    vertex 26.3701099832931 276.5835725138308 0
  endloop
endfacet
facet normal 0 0 -1
  outer loop
    vertex -38.47536478512533 280.8770127736543 0
    vertex -39.17510949137037 279.1813069776545 0
    vertex -40.43530270551253 280.6015614623582 0
  endloop
endfacet
facet normal 0 0 -1
  outer loop
    vertex -45.21268680940243 273.4043070105214 0
    vertex -46.40460071130382 274.6082411548043 0
    vertex -44.61238545925399 275.0979790968756 0
  endloop
endfacet
facet normal 0 0 -1
  outer loop
    vertex -40.87570826867038 275.8973662351747 0
    vertex -42.1127321299218 277.1473887198204 0
    vertex -40.13001201837611 277.5252969562557 0
  endloop
endfacet
facet normal 0 0 -1
  outer loop
    vertex 21.93275221108901 279.2544903088873 0
    vertex 23.86160034122991 279.0738051676382 0
    vertex 23.1577940648321 277.6438328434023 0
  endloop
endfacet
facet normal -0 0 -1
  outer loop
    vertex 42.85074238707679 278.6182848808318 0
    vertex 41.52603213963217 277.2686646780571 0
    vertex 40.94858788603013 278.8622401166858 0
  endloop
endfacet
facet normal 0 0 -1
  outer loop
    vertex -18.75959866098164 269.848712166797 0
    vertex -19.70977012263887 271.4675022197782 0
    vertex -17.66852657451028 271.6555449136814 0
  endloop
endfacet
facet normal 0 0 -1
  outer loop
    vertex -21.7293115598385 271.262197198821 0
    vertex -19.70977012263887 271.4675022197782 0
    vertex -20.73060308027976 269.704453237109 0
  endloop
endfacet
facet normal 0 0 -1
  outer loop
    vertex 33.798179807454 270.009971060247 0
    vertex 35.66094012676648 269.6032226725836 0
    vertex 34.49076699193517 268.2920740392977 0
  endloop
endfacet
facet normal 0 0 -1
  outer loop
    vertex 36.44997882064008 268.0329252983202 0
    vertex 35.66094012676648 269.6032226725836 0
    vertex 37.6831878990068 269.5162366116937 0
  endloop
endfacet
facet normal 0 0 -1
  outer loop
    vertex 6.916229570257833 270.4115673719072 0
    vertex 7.881095832498142 271.9093422819769 0
    vertex 8.891662276326233 270.353820653535 0
  endloop
endfacet
facet normal 0 0 -1
  outer loop
    vertex -28.92223443956019 272.7895540188374 0
    vertex -27.38593010302305 273.8984713079743 0
    vertex -26.72943047955311 272.4184198422951 0
  endloop
endfacet
facet normal 0 0 -1
  outer loop
    vertex -0.1102018083949613 272.1060726868883 0
    vertex 1.837416824390638 272.010107773196 0
    vertex 0.9881382822874646 270.4981951561509 0
  endloop
endfacet
facet normal 0 0 -1
  outer loop
    vertex -17.91908774167533 280.2175271271529 0
    vertex -17.78197041712334 281.8120313178333 0
    vertex -15.93862104560069 281.1408290076569 0
  endloop
endfacet
facet normal 0 0 -1
  outer loop
    vertex -19.65792294147084 281.1701623092318 0
    vertex -17.78197041712334 281.8120313178333 0
    vertex -17.91908774167533 280.2175271271529 0
  endloop
endfacet
facet normal 0 0 -1
  outer loop
    vertex 13.47319744447527 281.3297244910061 0
    vertex 11.80255999708475 282.124125983971 0
    vertex 12.86040713464342 283.2081565356676 0
  endloop
endfacet
facet normal -0 0 -1
  outer loop
    vertex 8.904950198649336 283.3601098636849 0
    vertex 8.063565959000352 281.7919469723585 0
    vertex 6.926522506277133 283.4153723529654 0
  endloop
endfacet
facet normal 0 0 -1
  outer loop
    vertex -45.96670068238173 277.690178039691 0
    vertex -44.68752335038508 278.4758571651657 0
    vertex -44.15110325423962 276.9374420073218 0
  endloop
endfacet
facet normal 0 0 -1
  outer loop
    vertex 35.13363135995283 271.4837072482406 0
    vertex 34.3623025218961 273.0662139019871 0
    vertex 36.10332296436202 273.2375618416211 0
  endloop
endfacet
facet normal 0 0 -1
  outer loop
    vertex 34.77890169029946 274.7089110326978 0
    vertex 34.3623025218961 273.0662139019871 0
    vertex 32.78687729913889 274.0545274500799 0
  endloop
endfacet
facet normal -0 0 -1
  outer loop
    vertex 24.86624159145714 272.8801801239356 0
    vertex 22.87108282324931 272.7327719889257 0
    vertex 23.76503580599516 274.4030693974748 0
  endloop
endfacet
facet normal 0 0 -1
  outer loop
    vertex -11.12249058280933 273.3192392622451 0
    vertex -9.117079113098765 273.5473270792345 0
    vertex -9.950288281276281 271.9649407374766 0
  endloop
endfacet
facet normal 0 0 -1
  outer loop
    vertex 10.86110201128319 278.7909220563625 0
    vertex 9.587278177452143 280.0456467721219 0
    vertex 11.45092776269014 280.5647213165245 0
  endloop
endfacet
facet normal 0 0 -1
  outer loop
    vertex -22.17696410292376 277.7770310768944 0
    vertex -23.34585459737334 278.9429645976697 0
    vertex -21.45789472816239 279.6803365026434 0
  endloop
endfacet
facet normal 0 0 -1
  outer loop
    vertex -25.39434795140923 279.0478953986904 0
    vertex -23.34585459737334 278.9429645976697 0
    vertex -24.12096905899529 277.4135810840777 0
  endloop
endfacet
facet normal 0 0 -1
  outer loop
    vertex 47.51836146980152 268.6170169968543 0
    vertex 47.29692005942392 270.3692045453409 0
    vertex 48.74975680579352 269.9977810085783 0
  endloop
endfacet
facet normal 0 0 -1
  outer loop
    vertex -1.21350862869149 280.0139769722915 0
    vertex 0.6928036698452266 280.1856236725802 0
    vertex -0.1656746678810753 278.4964377669413 0
  endloop
endfacet
facet normal 0 0 -1
  outer loop
    vertex -49.54226580300186 271.6695385325389 0
    vertex -47.91528422102842 271.6748045386361 0
    vertex -48.7497568057935 269.9977810085783 0
  endloop
endfacet
facet normal 0 0 -1
  outer loop
    vertex -48.7497568057935 269.9977810085783 0
    vertex -47.91528422102842 271.6748045386361 0
    vertex -46.9382824270132 270.373818645787 0
  endloop
endfacet
facet normal 0 0 -1
  outer loop
    vertex -43.02007148001707 270.2923599734509 0
    vertex -44.93637480333899 270.4691931398306 0
    vertex -44.04164631005677 272.02332980889 0
  endloop
endfacet
facet normal 0 0 -1
  outer loop
    vertex 45.77755022363024 269.7555785115039 0
    vertex 47.29692005942392 270.3692045453409 0
    vertex 47.51836146980152 268.6170169968543 0
  endloop
endfacet
facet normal 0 -0 -1
  outer loop
    vertex -43.11754961383619 278.5224260088485 0
    vertex -42.1127321299218 277.1473887198204 0
    vertex -44.15110325423962 276.9374420073218 0
  endloop
endfacet
facet normal 0 0 -1
  outer loop
    vertex -46.40460071130382 274.6082411548043 0
    vertex -47.02929342560933 273.0983464374032 0
    vertex -48.14482723367832 274.2121445469223 0
  endloop
endfacet
facet normal 0 0 -1
  outer loop
    vertex 31.44929734117681 280.0577223993664 0
    vertex 29.51070462385417 280.4646093593758 0
    vertex 30.61781734265747 281.8417982861514 0
  endloop
endfacet
facet normal 0 -0 -1
  outer loop
    vertex 28.64946025136528 282.0486809529614 0
    vertex 29.51070462385417 280.4646093593758 0
    vertex 27.42646438633897 280.4635540248025 0
  endloop
endfacet
facet normal 0 0 -1
  outer loop
    vertex -44.15110325423962 276.9374420073218 0
    vertex -42.1127321299218 277.1473887198204 0
    vertex -42.76442102378782 275.4867032856616 0
  endloop
endfacet
facet normal 0 0 -1
  outer loop
    vertex -26.72943047955311 272.4184198422951 0
    vertex -24.97296058905242 272.2249697625759 0
    vertex -25.82405357746734 270.891309046474 0
  endloop
endfacet
facet normal 0 -0 -1
  outer loop
    vertex 15.68820915107045 281.3123130796646 0
    vertex 16.78333023284512 279.7666062033539 0
    vertex 14.77030058870837 279.5528514196139 0
  endloop
endfacet
facet normal 0 0 -1
  outer loop
    vertex -23.81057460719352 271.0470290758185 0
    vertex -24.97296058905242 272.2249697625759 0
    vertex -23.11884496622248 272.9330100153028 0
  endloop
endfacet
facet normal 0 0 -1
  outer loop
    vertex -17.6667697308423 275.2153775884374 0
    vertex -18.66812045115993 273.275182961918 0
    vertex -19.62810095500362 274.8631309882854 0
  endloop
endfacet
facet normal -0 0 -1
  outer loop
    vertex 22.73639504723149 282.5868120423461 0
    vertex 21.57549252570396 281.111119152533 0
    vertex 20.76302888568357 282.7386542931339 0
  endloop
endfacet
facet normal 0 -0 -1
  outer loop
    vertex -8.904950198649431 283.3601098636849 0
    vertex -7.704746525535103 281.8757166602166 0
    vertex -9.783525302194253 281.7060339392229 0
  endloop
endfacet
facet normal -0 0 -1
  outer loop
    vertex 40.43530270551256 280.6015614623582 0
    vertex 39.14326061265778 279.2052223150579 0
    vertex 38.4753647851253 280.8770127736543 0
  endloop
endfacet
facet normal 0 0 -1
  outer loop
    vertex -32.58468216472771 281.6211790477124 0
    vertex -33.07411842636456 280.1816964410585 0
    vertex -34.54995885535934 281.3868339903148 0
  endloop
endfacet
facet normal -0 0 -1
  outer loop
    vertex -44.04164631005677 272.02332980889 0
    vertex -45.91957782716202 271.7947914444518 0
    vertex -45.21268680940243 273.4043070105214 0
  endloop
endfacet
facet normal -0 0 -1
  outer loop
    vertex -45.21268680940243 273.4043070105214 0
    vertex -47.02929342560933 273.0983464374032 0
    vertex -46.40460071130382 274.6082411548043 0
  endloop
endfacet
facet normal 0 0 -1
  outer loop
    vertex -5.999397291096378 277.4363942196022 0
    vertex -6.579088917382369 275.5358890092892 0
    vertex -7.937526628201634 277.0707471059412 0
  endloop
endfacet
facet normal -0 0 -1
  outer loop
    vertex 11.91216459094585 272.0955967475743 0
    vertex 9.823445652381153 271.9718032944893 0
    vertex 10.78095050942893 273.6585542307543 0
  endloop
endfacet
facet normal 0 0 -1
  outer loop
    vertex 39.57484298632827 269.1923059886172 0
    vertex 41.4376792804234 268.9610110807176 0
    vertex 40.36246114126899 267.47172136624 0
  endloop
endfacet
facet normal 0 0 -1
  outer loop
    vertex -7.269865885082176 278.9049742604917 0
    vertex -8.50989992863984 280.3104656976916 0
    vertex -6.566478792557159 280.5089074414614 0
  endloop
endfacet
facet normal 0 0 -1
  outer loop
    vertex -40.43530270551253 280.6015614623582 0
    vertex -41.35847255816297 278.8943406060723 0
    vertex -42.39326986629163 280.3124340268262 0
  endloop
endfacet
facet normal 0 0 -1
  outer loop
    vertex 14.77030058870837 279.5528514196139 0
    vertex 16.78333023284512 279.7666062033539 0
    vertex 16.01421775508572 278.0580039533548 0
  endloop
endfacet
facet normal -0 0 -1
  outer loop
    vertex 11.45092776269014 280.5647213165245 0
    vertex 9.587278177452143 280.0456467721219 0
    vertex 10.13962206440561 281.8846742105041 0
  endloop
endfacet
facet normal 0 -0 -1
  outer loop
    vertex -25.38189931482565 273.835080832989 0
    vertex -24.97296058905242 272.2249697625759 0
    vertex -26.72943047955311 272.4184198422951 0
  endloop
endfacet
facet normal 0 0 -1
  outer loop
    vertex 2.964362102186421 270.4837565498659 0
    vertex 1.837416824390638 272.010107773196 0
    vertex 3.910727138775305 272.1659893568116 0
  endloop
endfacet
facet normal 0 0 -1
  outer loop
    vertex 7.583656672947433 279.9119614842326 0
    vertex 9.587278177452143 280.0456467721219 0
    vertex 8.904869006482897 278.4378321173557 0
  endloop
endfacet
facet normal 0 0 -1
  outer loop
    vertex -12.49217858760659 279.646852567375 0
    vertex -10.53240029684426 279.968834401964 0
    vertex -11.19342821914466 278.1612008264174 0
  endloop
endfacet
facet normal 0 0 -1
  outer loop
    vertex 0.4283382057442911 275.1475990474517 0
    vertex -1.577094961244714 275.3322895411966 0
    vertex -0.8377403427973179 276.7642481449902 0
  endloop
endfacet
facet normal -0 0 -1
  outer loop
    vertex 42.67905645090915 270.7322405728709 0
    vertex 40.52198115088452 270.6950207842323 0
    vertex 41.26852982923083 272.5059061579299 0
  endloop
endfacet
facet normal 0 0 -1
  outer loop
    vertex 16.78759289504269 269.9785671581919 0
    vertex 15.88105381378393 271.3382573875208 0
    vertex 17.53180993496615 271.4880848750909 0
  endloop
endfacet
facet normal 0 0 -1
  outer loop
    vertex -21.6898947363819 274.5932741876534 0
    vertex -23.56656504064171 274.6087831201025 0
    vertex -22.84898972081191 276.0222951511294 0
  endloop
endfacet
facet normal 0 -0 -1
  outer loop
    vertex -24.79319646496658 275.660255413438 0
    vertex -23.56656504064171 274.6087831201025 0
    vertex -25.38189931482565 273.835080832989 0
  endloop
endfacet
facet normal 0 0 -1
  outer loop
    vertex 37.28876028349154 271.4429844764722 0
    vertex 38.88418279951375 270.5981429473387 0
    vertex 37.6831878990068 269.5162366116937 0
  endloop
endfacet
facet normal 0 -0 -1
  outer loop
    vertex -22.73639504723158 282.5868120423461 0
    vertex -21.6388677495849 281.3943888146795 0
    vertex -23.57909714537604 280.7959789260426 0
  endloop
endfacet
facet normal 0 0 -1
  outer loop
    vertex -19.65792294147084 281.1701623092318 0
    vertex -21.6388677495849 281.3943888146795 0
    vertex -20.76302888568366 282.7386542931339 0
  endloop
endfacet
facet normal 0 0 -1
  outer loop
    vertex -7.215977854743785 273.7347496411818 0
    vertex -5.204547137757163 273.8830436049557 0
    vertex -5.996660296863978 272.1339635215076 0
  endloop
endfacet
facet normal 0 0 -1
  outer loop
    vertex -9.829049536908807 276.7263863521733 0
    vertex -10.34969669575067 275.0222487637172 0
    vertex -11.80787072078064 276.3592545354032 0
  endloop
endfacet
facet normal 0 0 -1
  outer loop
    vertex -3.378304763041513 279.8488681596364 0
    vertex -4.914420650936177 280.6591775599464 0
    vertex -3.95174231835779 281.8427126390995 0
  endloop
endfacet
facet normal 0 -0 -1
  outer loop
    vertex 42.39326986629167 280.3124340268262 0
    vertex 42.85074238707679 278.6182848808318 0
    vertex 40.94858788603013 278.8622401166858 0
  endloop
endfacet
facet normal 0 0 -1
  outer loop
    vertex -11.93230763022926 271.8511040032324 0
    vertex -12.97745351648426 273.0245371218402 0
    vertex -11.12249058280933 273.3192392622451 0
  endloop
endfacet
facet normal 0 0 -1
  outer loop
    vertex -24.70865306896117 282.4211969090098 0
    vertex -25.57182556746791 280.9892561303902 0
    vertex -26.67970682579883 282.2418169649732 0
  endloop
endfacet
facet normal 0 0 -1
  outer loop
    vertex -11.12249058280933 273.3192392622451 0
    vertex -10.34969669575067 275.0222487637172 0
    vertex -9.117079113098765 273.5473270792345 0
  endloop
endfacet
facet normal 0 0 -1
  outer loop
    vertex -4.947757224969929 283.4568215768369 0
    vertex -5.746340976190544 281.9574448937752 0
    vertex -6.926522506277224 283.4153723529654 0
  endloop
endfacet
facet normal -0 0 -1
  outer loop
    vertex 3.86633045418801 281.829705009205 0
    vertex 2.663603691430297 280.3635032539498 0
    vertex 1.785113525704352 281.8378997997263 0
  endloop
endfacet
facet normal 0 0 -1
  outer loop
    vertex 29.01443343732795 273.6564376716548 0
    vertex 28.68385666551989 272.0661076318219 0
    vertex 27.06850380827724 272.9068881210579 0
  endloop
endfacet
facet normal 0 0 -1
  outer loop
    vertex 39.31897072793014 277.3035795942493 0
    vertex 41.52603213963217 277.2686646780571 0
    vertex 40.61104125050716 275.7333331655998 0
  endloop
endfacet
facet normal 0 0 -1
  outer loop
    vertex -21.45789472816239 279.6803365026434 0
    vertex -19.50831736997735 279.5294160715953 0
    vertex -20.2226113793645 278.0858546217519 0
  endloop
endfacet
facet normal 0 0 -1
  outer loop
    vertex -0.9929761958900378 273.8877448565294 0
    vertex -1.577094961244714 275.3322895411966 0
    vertex 0.4283382057442911 275.1475990474517 0
  endloop
endfacet
facet normal 0 0 -1
  outer loop
    vertex 34.31774626093415 277.984105920006 0
    vertex 36.32716963936785 278.1072541657256 0
    vertex 35.43391273526829 276.5116086168158 0
  endloop
endfacet
facet normal 0 -0 -1
  outer loop
    vertex -2.778102013686269 276.3697094678083 0
    vertex -1.577094961244714 275.3322895411966 0
    vertex -3.026935383535268 274.2476077461512 0
  endloop
endfacet
facet normal 0 0 -1
  outer loop
    vertex -36.94902199154896 276.5918749175591 0
    vertex -36.15990887106781 278.3511530321026 0
    vertex -35.04275427264979 277.0369183295855 0
  endloop
endfacet
facet normal 0 0 -1
  outer loop
    vertex -40.13001201837611 277.5252969562557 0
    vertex -38.08414716419038 277.9199858363721 0
    vertex -38.96220068382029 276.25943564836 0
  endloop
endfacet
facet normal 0 0 -1
  outer loop
    vertex 25.45217858140808 279.7014656838955 0
    vertex 25.59897116299197 281.2497327184499 0
    vertex 27.42646438633897 280.4635540248025 0
  endloop
endfacet
facet normal 0 0 -1
  outer loop
    vertex 32.78687729913889 274.0545274500799 0
    vertex 31.68923700132457 272.58302926955 0
    vertex 30.81178525121297 274.0117868662163 0
  endloop
endfacet
facet normal 0 0 -1
  outer loop
    vertex 30.17373688812766 277.2717628922426 0
    vertex 30.47732163330488 278.8342895117747 0
    vertex 32.10908299263055 277.998570207984 0
  endloop
endfacet
facet normal 0 0 -1
  outer loop
    vertex -25.38189931482565 273.835080832989 0
    vertex -27.38593010302305 273.8984713079743 0
    vertex -26.73860866446402 275.3060352833197 0
  endloop
endfacet
facet normal 0 0 -1
  outer loop
    vertex 5.678179134000879 279.4937690341815 0
    vertex 4.49529668638165 280.4497772759016 0
    vertex 5.937329805395041 281.4784791008116 0
  endloop
endfacet
facet normal 0 0 -1
  outer loop
    vertex 10.78095050942893 273.6585542307543 0
    vertex 9.823445652381153 271.9718032944893 0
    vertex 8.781413204918806 273.46842332826 0
  endloop
endfacet
facet normal 0 0 -1
  outer loop
    vertex -34.37377923738073 278.9589606829027 0
    vertex -32.37235634821285 278.7817859776019 0
    vertex -33.16478310086845 277.349547731534 0
  endloop
endfacet
facet normal 0 0 -1
  outer loop
    vertex -15.93862104560069 281.1408290076569 0
    vertex -17.78197041712334 281.8120313178333 0
    vertex -16.81335690878519 283.0009912163874 0
  endloop
endfacet
facet normal 0 -0 -1
  outer loop
    vertex -18.78865076340011 282.8767162607962 0
    vertex -17.78197041712334 281.8120313178333 0
    vertex -19.65792294147084 281.1701623092318 0
  endloop
endfacet
facet normal 0 0 -1
  outer loop
    vertex 16.01421775508572 278.0580039533548 0
    vertex 16.78333023284512 279.7666062033539 0
    vertex 17.94640282138685 278.385747506643 0
  endloop
endfacet
facet normal 0 -0 -1
  outer loop
    vertex 24.70865306896108 282.4211969090098 0
    vertex 25.59897116299197 281.2497327184499 0
    vertex 23.71793073013182 280.8057159172495 0
  endloop
endfacet
facet normal 0 0 -1
  outer loop
    vertex 27.42646438633897 280.4635540248025 0
    vertex 25.59897116299197 281.2497327184499 0
    vertex 26.6797068257988 282.2418169649732 0
  endloop
endfacet
facet normal 0 -0 -1
  outer loop
    vertex 10.88294387631187 283.2910368024111 0
    vertex 11.80255999708475 282.124125983971 0
    vertex 10.13962206440561 281.8846742105041 0
  endloop
endfacet
facet normal 0 0 -1
  outer loop
    vertex 27.74914680184323 270.8035552928039 0
    vertex 28.68385666551989 272.0661076318219 0
    vertex 29.62848355211817 270.5050698158364 0
  endloop
endfacet
facet normal 0 0 -1
  outer loop
    vertex -42.1127321299218 277.1473887198204 0
    vertex -41.35847255816297 278.8943406060723 0
    vertex -40.13001201837611 277.5252969562557 0
  endloop
endfacet
facet normal 0 0 -1
  outer loop
    vertex -26.72943047955311 272.4184198422951 0
    vertex -27.38593010302305 273.8984713079743 0
    vertex -25.38189931482565 273.835080832989 0
  endloop
endfacet
facet normal 0 -0 -1
  outer loop
    vertex -13.8012398391234 275.9395565881718 0
    vertex -12.58824032615254 274.5156364157515 0
    vertex -14.48145011436959 273.75999027338 0
  endloop
endfacet
facet normal 0 0 -1
  outer loop
    vertex 10.86662036477004 270.2816430352752 0
    vertex 9.823445652381153 271.9718032944893 0
    vertex 11.91216459094585 272.0955967475743 0
  endloop
endfacet
facet normal 0 0 -1
  outer loop
    vertex 18.58876161430814 275.155930085542 0
    vertex 18.08489235830134 273.2791785604444 0
    vertex 16.64721988041356 274.7803082260803 0
  endloop
endfacet
facet normal 0 0 -1
  outer loop
    vertex 21.876978869092 271.2206412711571 0
    vertex 22.87108282324931 272.7327719889257 0
    vertex 23.82944899652775 271.1470132183603 0
  endloop
endfacet
facet normal 0 0 -1
  outer loop
    vertex 39.57484298632827 269.1923059886172 0
    vertex 40.52198115088452 270.6950207842323 0
    vertex 41.4376792804234 268.9610110807176 0
  endloop
endfacet
facet normal -0 0 -1
  outer loop
    vertex -37.32372229634206 279.5448308385675 0
    vertex -39.17510949137037 279.1813069776545 0
    vertex -38.47536478512533 280.8770127736543 0
  endloop
endfacet
facet normal 0 0 -1
  outer loop
    vertex 5.937329805395041 281.4784791008116 0
    vertex 8.063565959000352 281.7919469723585 0
    vertex 7.583656672947433 279.9119614842326 0
  endloop
endfacet
facet normal 0 -0 -1
  outer loop
    vertex 35.35622675668153 279.6592381857577 0
    vertex 36.32716963936785 278.1072541657256 0
    vertex 34.31774626093415 277.984105920006 0
  endloop
endfacet
facet normal 0 0 -1
  outer loop
    vertex -9.783525302194253 281.7060339392229 0
    vertex -7.704746525535103 281.8757166602166 0
    vertex -8.50989992863984 280.3104656976916 0
  endloop
endfacet
facet normal 0 0 -1
  outer loop
    vertex 28.60250405199676 268.9835436638374 0
    vertex 29.62848355211817 270.5050698158364 0
    vertex 30.56692488452793 268.7673959078809 0
  endloop
endfacet
facet normal 0 0 -1
  outer loop
    vertex 10.13962206440561 281.8846742105041 0
    vertex 11.80255999708475 282.124125983971 0
    vertex 11.45092776269014 280.5647213165245 0
  endloop
endfacet
facet normal 0 -0 -1
  outer loop
    vertex 3.86633045418801 281.829705009205 0
    vertex 4.49529668638165 280.4497772759016 0
    vertex 2.663603691430297 280.3635032539498 0
  endloop
endfacet
facet normal -0 0 -1
  outer loop
    vertex 40.52198115088452 270.6950207842323 0
    vertex 38.88418279951375 270.5981429473387 0
    vertex 39.35214167785758 272.144166875678 0
  endloop
endfacet
facet normal 0 -0 -1
  outer loop
    vertex 45.41496152205358 275.0106840668691 0
    vertex 46.67795467721234 273.7958643490211 0
    vertex 44.97693178712911 273.2441436111366 0
  endloop
endfacet
facet normal 0 0 -1
  outer loop
    vertex -44.61238545925399 275.0979790968756 0
    vertex -45.8536206569108 276.1564232100725 0
    vertex -44.15110325423962 276.9374420073218 0
  endloop
endfacet
facet normal 0 -0 -1
  outer loop
    vertex 19.88719151373977 273.6212820520299 0
    vertex 21.07770451058048 272.654415418009 0
    vertex 19.73224117986713 271.6481404400959 0
  endloop
endfacet
facet normal 0 0 -1
  outer loop
    vertex 17.69627777870334 281.3557441979887 0
    vertex 16.78333023284512 279.7666062033539 0
    vertex 15.68820915107045 281.3123130796646 0
  endloop
endfacet
facet normal -0 0 -1
  outer loop
    vertex 10.13962206440561 281.8846742105041 0
    vertex 8.063565959000352 281.7919469723585 0
    vertex 8.904950198649336 283.3601098636849 0
  endloop
endfacet
facet normal 0 0 -1
  outer loop
    vertex -47.6789806720442 275.7395874286442 0
    vertex -47.28336311062752 277.1184937352569 0
    vertex -45.8536206569108 276.1564232100725 0
  endloop
endfacet
facet normal -0 0 -1
  outer loop
    vertex -11.12249058280933 273.3192392622451 0
    vertex -12.97745351648426 273.0245371218402 0
    vertex -12.58824032615254 274.5156364157515 0
  endloop
endfacet
facet normal 0 0 -1
  outer loop
    vertex -44.16542706103103 267.1432777640698 0
    vertex -43.10652061761227 268.5300931554146 0
    vertex -42.31552279338243 267.1696961309848 0
  endloop
endfacet
facet normal 0 0 -1
  outer loop
    vertex -44.62723219655039 268.9348077656001 0
    vertex -43.10652061761227 268.5300931554146 0
    vertex -44.16542706103103 267.1432777640698 0
  endloop
endfacet
facet normal -0 0 -1
  outer loop
    vertex 31.44929734117681 280.0577223993664 0
    vertex 30.47732163330488 278.8342895117747 0
    vertex 29.51070462385417 280.4646093593758 0
  endloop
endfacet
facet normal 0 0 -1
  outer loop
    vertex -20.73060308027976 269.704453237109 0
    vertex -19.70977012263887 271.4675022197782 0
    vertex -18.75959866098164 269.848712166797 0
  endloop
endfacet
facet normal -0 0 -1
  outer loop
    vertex 8.781413204918806 273.46842332826 0
    vertex 6.793797986615618 273.318479194051 0
    vertex 7.577669683372702 274.87401738838 0
  endloop
endfacet
facet normal 0 0 -1
  outer loop
    vertex -42.76442102378782 275.4867032856616 0
    vertex -42.1127321299218 277.1473887198204 0
    vertex -40.87570826867038 275.8973662351747 0
  endloop
endfacet
facet normal 0 0 -1
  outer loop
    vertex 34.49076699193517 268.2920740392977 0
    vertex 35.66094012676648 269.6032226725836 0
    vertex 36.44997882064008 268.0329252983202 0
  endloop
endfacet
facet normal 0 0 -1
  outer loop
    vertex -44.34917083890544 280.0096445587216 0
    vertex -44.68752335038508 278.4758571651657 0
    vertex -46.11669807151521 279.4631180620557 0
  endloop
endfacet
facet normal -0 0 -1
  outer loop
    vertex 36.10332296436202 273.2375618416211 0
    vertex 34.3623025218961 273.0662139019871 0
    vertex 34.77890169029946 274.7089110326978 0
  endloop
endfacet
facet normal 0 0 -1
  outer loop
    vertex -47.6789806720442 275.7395874286442 0
    vertex -45.8536206569108 276.1564232100725 0
    vertex -46.40460071130382 274.6082411548043 0
  endloop
endfacet
facet normal 0 -0 -1
  outer loop
    vertex -39.17510949137037 279.1813069776545 0
    vertex -38.08414716419038 277.9199858363721 0
    vertex -40.13001201837611 277.5252969562557 0
  endloop
endfacet
facet normal 0 0 -1
  outer loop
    vertex -24.12096905899529 277.4135810840777 0
    vertex -23.34585459737334 278.9429645976697 0
    vertex -22.17696410292376 277.7770310768944 0
  endloop
endfacet
facet normal 0 0 -1
  outer loop
    vertex 23.76503580599516 274.4030693974748 0
    vertex 22.87108282324931 272.7327719889257 0
    vertex 21.81108716584334 274.0913125046175 0
  endloop
endfacet
facet normal 0 0 -1
  outer loop
    vertex 5.910647873916511 271.9090001637985 0
    vertex 7.881095832498142 271.9093422819769 0
    vertex 6.916229570257833 270.4115673719072 0
  endloop
endfacet
facet normal -0 0 -1
  outer loop
    vertex 30.61781734265747 281.8417982861514 0
    vertex 29.51070462385417 280.4646093593758 0
    vertex 28.64946025136528 282.0486809529614 0
  endloop
endfacet
facet normal 0 0 -1
  outer loop
    vertex -0.1656746678810753 278.4964377669413 0
    vertex 0.6928036698452266 280.1856236725802 0
    vertex 1.784380167718296 278.8280370823412 0
  endloop
endfacet
facet normal 0 0 -1
  outer loop
    vertex 0.9881382822874646 270.4981951561509 0
    vertex 1.837416824390638 272.010107773196 0
    vertex 2.964362102186421 270.4837565498659 0
  endloop
endfacet
facet normal 0 0 -1
  outer loop
    vertex -46.11669807151521 279.4631180620557 0
    vertex -44.68752335038508 278.4758571651657 0
    vertex -45.96670068238173 277.690178039691 0
  endloop
endfacet
facet normal 0 0 -1
  outer loop
    vertex -44.62723219655039 268.9348077656001 0
    vertex -45.99361820369239 269.2067888667898 0
    vertex -44.93637480333899 270.4691931398306 0
  endloop
endfacet
facet normal 0 0 -1
  outer loop
    vertex 21.876978869092 271.2206412711571 0
    vertex 21.07770451058048 272.654415418009 0
    vertex 22.87108282324931 272.7327719889257 0
  endloop
endfacet
facet normal 0 0 -1
  outer loop
    vertex 39.35214167785758 272.144166875678 0
    vertex 38.88418279951375 270.5981429473387 0
    vertex 37.28876028349154 271.4429844764722 0
  endloop
endfacet
facet normal 0 0 -1
  outer loop
    vertex -9.950288281276281 271.9649407374766 0
    vertex -9.117079113098765 273.5473270792345 0
    vertex -7.962387211617394 272.0324826790498 0
  endloop
endfacet
facet normal 0 0 -1
  outer loop
    vertex -45.91957782716202 271.7947914444518 0
    vertex -47.02929342560933 273.0983464374032 0
    vertex -45.21268680940243 273.4043070105214 0
  endloop
endfacet
facet normal 0 0 -1
  outer loop
    vertex 46.48231115078084 271.8358555311687 0
    vertex 48.12193945192274 271.4084288020331 0
    vertex 47.29692005942392 270.3692045453409 0
  endloop
endfacet
facet normal 0 0 -1
  outer loop
    vertex 45.41496152205358 275.0106840668691 0
    vertex 45.73173011030833 276.7185374912904 0
    vertex 46.93179203832666 275.4234204129213 0
  endloop
endfacet
facet normal 0 0 -1
  outer loop
    vertex -6.926522506277224 283.4153723529654 0
    vertex -7.704746525535103 281.8757166602166 0
    vertex -8.904950198649431 283.3601098636849 0
  endloop
endfacet
facet normal 0 -0 -1
  outer loop
    vertex -33.07411842636456 280.1816964410585 0
    vertex -32.37235634821285 278.7817859776019 0
    vertex -34.37377923738073 278.9589606829027 0
  endloop
endfacet
facet normal 0 0 -1
  outer loop
    vertex 16.78333023284512 279.7666062033539 0
    vertex 18.72070485823827 279.9165343001278 0
    vertex 17.94640282138685 278.385747506643 0
  endloop
endfacet
facet normal -0 0 -1
  outer loop
    vertex -43.11754961383619 278.5224260088485 0
    vertex -44.68752335038508 278.4758571651657 0
    vertex -44.34917083890544 280.0096445587216 0
  endloop
endfacet
facet normal -0 0 -1
  outer loop
    vertex -31.44358499739532 280.2350405719006 0
    vertex -33.07411842636456 280.1816964410585 0
    vertex -32.58468216472771 281.6211790477124 0
  endloop
endfacet
facet normal 0 0 -1
  outer loop
    vertex -48.14482723367832 274.2121445469223 0
    vertex -47.6789806720442 275.7395874286442 0
    vertex -46.40460071130382 274.6082411548043 0
  endloop
endfacet
facet normal 0 0 -1
  outer loop
    vertex 29.62848355211817 270.5050698158364 0
    vertex 28.68385666551989 272.0661076318219 0
    vertex 30.2414360869485 272.1035445414227 0
  endloop
endfacet
facet normal 0 0 -1
  outer loop
    vertex -42.31552279338243 267.1696961309848 0
    vertex -43.10652061761227 268.5300931554146 0
    vertex -41.53058910360107 268.9593996706497 0
  endloop
endfacet
facet normal 0 0 -1
  outer loop
    vertex -34.54995885535934 281.3868339903148 0
    vertex -35.78418417797781 279.8761106158987 0
    vertex -36.51355162973908 281.1387745356061 0
  endloop
endfacet
facet normal 0 0 -1
  outer loop
    vertex 35.43391273526829 276.5116086168158 0
    vertex 36.32716963936785 278.1072541657256 0
    vertex 37.39345257041331 276.8170984274059 0
  endloop
endfacet
facet normal 0 0 -1
  outer loop
    vertex -9.117079113098765 273.5473270792345 0
    vertex -10.34969669575067 275.0222487637172 0
    vertex -8.486653374259028 275.2741546358459 0
  endloop
endfacet
facet normal 0 0 -1
  outer loop
    vertex 11.45092776269014 280.5647213165245 0
    vertex 11.80255999708475 282.124125983971 0
    vertex 13.47319744447527 281.3297244910061 0
  endloop
endfacet
facet normal 0 0 -1
  outer loop
    vertex 39.57484298632827 269.1923059886172 0
    vertex 38.88418279951375 270.5981429473387 0
    vertex 40.52198115088452 270.6950207842323 0
  endloop
endfacet
facet normal 0 0 -1
  outer loop
    vertex 0.6928036698452266 280.1856236725802 0
    vertex 2.663603691430297 280.3635032539498 0
    vertex 1.784380167718296 278.8280370823412 0
  endloop
endfacet
facet normal 0 0 -1
  outer loop
    vertex -43.11754961383619 278.5224260088485 0
    vertex -41.35847255816297 278.8943406060723 0
    vertex -42.1127321299218 277.1473887198204 0
  endloop
endfacet
facet normal 0 -0 -1
  outer loop
    vertex -42.39326986629163 280.3124340268262 0
    vertex -41.35847255816297 278.8943406060723 0
    vertex -43.11754961383619 278.5224260088485 0
  endloop
endfacet
facet normal 0 0 -1
  outer loop
    vertex 46.67795467721234 273.7958643490211 0
    vertex 48.19673404536824 274.4645800323158 0
    vertex 48.10447357934859 272.8338397183053 0
  endloop
endfacet
facet normal 0 0 -1
  outer loop
    vertex 25.04734611868852 277.9635210847563 0
    vertex 23.86160034122991 279.0738051676382 0
    vertex 25.45217858140808 279.7014656838955 0
  endloop
endfacet
facet normal 0 0 -1
  outer loop
    vertex 18.72070485823827 279.9165343001278 0
    vertex 20.63345233399107 280.0680477855582 0
    vertex 19.92208577109986 278.6658029086467 0
  endloop
endfacet
facet normal 0 -0 -1
  outer loop
    vertex 17.69627777870334 281.3557441979887 0
    vertex 18.72070485823827 279.9165343001278 0
    vertex 16.78333023284512 279.7666062033539 0
  endloop
endfacet
facet normal 0 0 -1
  outer loop
    vertex 36.32716963936785 278.1072541657256 0
    vertex 38.0612657767598 278.1731512254778 0
    vertex 37.39345257041331 276.8170984274059 0
  endloop
endfacet
facet normal -0 0 -1
  outer loop
    vertex 22.87108282324931 272.7327719889257 0
    vertex 21.07770451058048 272.654415418009 0
    vertex 21.81108716584334 274.0913125046175 0
  endloop
endfacet
facet normal 0 0 -1
  outer loop
    vertex 41.52603213963217 277.2686646780571 0
    vertex 43.30827354612923 277.2613338330136 0
    vertex 42.54668286070264 275.9986682223164 0
  endloop
endfacet
facet normal 0 0 -1
  outer loop
    vertex -29.30313883607058 278.1969551847874 0
    vertex -30.53528147179934 278.9976109416102 0
    vertex -29.36741297519404 280.0999571315957 0
  endloop
endfacet
facet normal 0 0 -1
  outer loop
    vertex -44.15110325423962 276.9374420073218 0
    vertex -44.68752335038508 278.4758571651657 0
    vertex -43.11754961383619 278.5224260088485 0
  endloop
endfacet
facet normal 0 0 -1
  outer loop
    vertex -20.76302888568366 282.7386542931339 0
    vertex -21.6388677495849 281.3943888146795 0
    vertex -22.73639504723158 282.5868120423461 0
  endloop
endfacet
facet normal 0 -0 -1
  outer loop
    vertex 37.3067529074868 279.5068357010068 0
    vertex 38.0612657767598 278.1731512254778 0
    vertex 36.32716963936785 278.1072541657256 0
  endloop
endfacet
facet normal 0 0 -1
  outer loop
    vertex 23.1577940648321 277.6438328434023 0
    vertex 23.86160034122991 279.0738051676382 0
    vertex 25.04734611868852 277.9635210847563 0
  endloop
endfacet
facet normal 0 0 -1
  outer loop
    vertex 8.904869006482897 278.4378321173557 0
    vertex 9.587278177452143 280.0456467721219 0
    vertex 10.86110201128319 278.7909220563625 0
  endloop
endfacet
facet normal 0 0 -1
  outer loop
    vertex 19.73224117986713 271.6481404400959 0
    vertex 21.07770451058048 272.654415418009 0
    vertex 21.876978869092 271.2206412711571 0
  endloop
endfacet
facet normal 0 0 -1
  outer loop
    vertex 17.94640282138685 278.385747506643 0
    vertex 18.72070485823827 279.9165343001278 0
    vertex 19.92208577109986 278.6658029086467 0
  endloop
endfacet
facet normal 0 -0 -1
  outer loop
    vertex 19.66939594609682 281.2129945680229 0
    vertex 20.63345233399107 280.0680477855582 0
    vertex 18.72070485823827 279.9165343001278 0
  endloop
endfacet
facet normal 0 0 -1
  outer loop
    vertex -5.376072866570589 279.1998549701042 0
    vertex -4.914420650936177 280.6591775599464 0
    vertex -3.378304763041513 279.8488681596364 0
  endloop
endfacet
facet normal 0 0 -1
  outer loop
    vertex -22.84898972081191 276.0222951511294 0
    vertex -23.56656504064171 274.6087831201025 0
    vertex -24.79319646496658 275.660255413438 0
  endloop
endfacet
facet normal -0 0 -1
  outer loop
    vertex 37.3067529074868 279.5068357010068 0
    vertex 36.32716963936785 278.1072541657256 0
    vertex 35.35622675668153 279.6592381857577 0
  endloop
endfacet
facet normal 0 0 -1
  outer loop
    vertex 7.577669683372702 274.87401738838 0
    vertex 6.793797986615618 273.318479194051 0
    vertex 5.652313131889331 274.5985338015621 0
  endloop
endfacet
facet normal 0 0 -1
  outer loop
    vertex -38.96220068382029 276.25943564836 0
    vertex -38.08414716419038 277.9199858363721 0
    vertex -36.94902199154896 276.5918749175591 0
  endloop
endfacet
facet normal 0 0 -1
  outer loop
    vertex -8.50989992863984 280.3104656976916 0
    vertex -7.704746525535103 281.8757166602166 0
    vertex -6.566478792557159 280.5089074414614 0
  endloop
endfacet
facet normal 0 0 -1
  outer loop
    vertex -6.566478792557159 280.5089074414614 0
    vertex -4.914420650936177 280.6591775599464 0
    vertex -5.376072866570589 279.1998549701042 0
  endloop
endfacet
facet normal 0 -0 -1
  outer loop
    vertex -36.51355162973908 281.1387745356061 0
    vertex -35.78418417797781 279.8761106158987 0
    vertex -37.32372229634206 279.5448308385675 0
  endloop
endfacet
facet normal -0 0 -1
  outer loop
    vertex 6.793797986615618 273.318479194051 0
    vertex 5.04916949071557 273.1732720735686 0
    vertex 5.652313131889331 274.5985338015621 0
  endloop
endfacet
facet normal 0 0 -1
  outer loop
    vertex 46.93179203832666 275.4234204129213 0
    vertex 45.73173011030833 276.7185374912904 0
    vertex 47.27250916019288 276.895603421742 0
  endloop
endfacet
facet normal 0 0 -1
  outer loop
    vertex -3.95174231835779 281.8427126390995 0
    vertex -5.746340976190544 281.9574448937752 0
    vertex -4.947757224969929 283.4568215768369 0
  endloop
endfacet
facet normal -0 0 -1
  outer loop
    vertex -8.486653374259028 275.2741546358459 0
    vertex -10.34969669575067 275.0222487637172 0
    vertex -9.829049536908807 276.7263863521733 0
  endloop
endfacet
facet normal 0 0 -1
  outer loop
    vertex -37.32372229634206 279.5448308385675 0
    vertex -38.08414716419038 277.9199858363721 0
    vertex -39.17510949137037 279.1813069776545 0
  endloop
endfacet
facet normal 0 -0 -1
  outer loop
    vertex 29.51070462385417 280.4646093593758 0
    vertex 30.47732163330488 278.8342895117747 0
    vertex 28.92475793699775 278.8147340831082 0
  endloop
endfacet
facet normal 0 0 -1
  outer loop
    vertex 7.881095832498142 271.9093422819769 0
    vertex 6.793797986615618 273.318479194051 0
    vertex 8.781413204918806 273.46842332826 0
  endloop
endfacet
facet normal 0 0 -1
  outer loop
    vertex -47.5183614698015 268.6170169968543 0
    vertex -45.99361820369239 269.2067888667898 0
    vertex -45.94784012175788 267.6391077858771 0
  endloop
endfacet
facet normal 0 0 -1
  outer loop
    vertex -45.94784012175788 267.6391077858771 0
    vertex -45.99361820369239 269.2067888667898 0
    vertex -44.62723219655039 268.9348077656001 0
  endloop
endfacet
facet normal 0 -0 -1
  outer loop
    vertex -46.9382824270132 270.373818645787 0
    vertex -45.99361820369239 269.2067888667898 0
    vertex -47.5183614698015 268.6170169968543 0
  endloop
endfacet
facet normal 0 0 -1
  outer loop
    vertex 40.61104125050716 275.7333331655998 0
    vertex 41.52603213963217 277.2686646780571 0
    vertex 42.54668286070264 275.9986682223164 0
  endloop
endfacet
facet normal 0 0 -1
  outer loop
    vertex 14.8146910438482 270.0940112799159 0
    vertex 15.88105381378393 271.3382573875208 0
    vertex 16.78759289504269 269.9785671581919 0
  endloop
endfacet
facet normal 0 0 -1
  outer loop
    vertex 44.33283548492691 276.3449583917171 0
    vertex 45.73173011030833 276.7185374912904 0
    vertex 45.41496152205358 275.0106840668691 0
  endloop
endfacet
facet normal 0 0 -1
  outer loop
    vertex 47.27250916019288 276.895603421742 0
    vertex 46.25905921111233 277.9540918946609 0
    vertex 47.65865372458936 278.4407597620808 0
  endloop
endfacet
facet normal -0 0 -1
  outer loop
    vertex 47.65865372458936 278.4407597620808 0
    vertex 46.25905921111233 277.9540918946609 0
    vertex 46.11669807151524 279.4631180620558 0
  endloop
endfacet
facet normal 0 0 -1
  outer loop
    vertex 1.784380167718296 278.8280370823412 0
    vertex 2.663603691430297 280.3635032539498 0
    vertex 3.724988627288639 279.2081365657626 0
  endloop
endfacet
facet normal 0 0 -1
  outer loop
    vertex 37.6831878990068 269.5162366116937 0
    vertex 38.88418279951375 270.5981429473387 0
    vertex 39.57484298632827 269.1923059886172 0
  endloop
endfacet
facet normal 0 -0 -1
  outer loop
    vertex 44.73490950701471 278.063826684617 0
    vertex 45.73173011030833 276.7185374912904 0
    vertex 44.33283548492691 276.3449583917171 0
  endloop
endfacet
facet normal 0 0 -1
  outer loop
    vertex -49.83168409570525 273.4968537164696 0
    vertex -48.53484865145021 272.8623958603645 0
    vertex -49.54226580300186 271.6695385325389 0
  endloop
endfacet
facet normal 0 0 -1
  outer loop
    vertex -35.04275427264979 277.0369183295855 0
    vertex -36.15990887106781 278.3511530321026 0
    vertex -34.37377923738073 278.9589606829027 0
  endloop
endfacet
facet normal 0 0 -1
  outer loop
    vertex 48.74975680579352 269.9977810085783 0
    vertex 48.12193945192274 271.4084288020331 0
    vertex 49.5422658030019 271.6695385325389 0
  endloop
endfacet
facet normal 0 0 -1
  outer loop
    vertex 45.9478401217579 267.6391077858771 0
    vertex 44.68707024762332 268.6287998789605 0
    vertex 45.77755022363024 269.7555785115039 0
  endloop
endfacet
facet normal 0 0 -1
  outer loop
    vertex -13.9378402526311 271.8687669407154 0
    vertex -12.97745351648426 273.0245371218402 0
    vertex -11.93230763022926 271.8511040032324 0
  endloop
endfacet
facet normal 0 -0 -1
  outer loop
    vertex -47.65865372458932 278.4407597620808 0
    vertex -47.28336311062752 277.1184937352569 0
    vertex -48.85011772147908 277.0253950480616 0
  endloop
endfacet
facet normal 0 0 -1
  outer loop
    vertex 5.910647873916511 271.9090001637985 0
    vertex 5.04916949071557 273.1732720735686 0
    vertex 6.793797986615618 273.318479194051 0
  endloop
endfacet
facet normal -0 0 -1
  outer loop
    vertex 19.66939594609682 281.2129945680229 0
    vertex 18.72070485823827 279.9165343001278 0
    vertex 17.69627777870334 281.3557441979887 0
  endloop
endfacet
facet normal 0 -0 -1
  outer loop
    vertex 46.11669807151524 279.4631180620558 0
    vertex 46.25905921111233 277.9540918946609 0
    vertex 44.73490950701471 278.063826684617 0
  endloop
endfacet
facet normal -0 0 -1
  outer loop
    vertex 30.2414360869485 272.1035445414227 0
    vertex 28.68385666551989 272.0661076318219 0
    vertex 29.01443343732795 273.6564376716548 0
  endloop
endfacet
facet normal 0 0 -1
  outer loop
    vertex -20.2226113793645 278.0858546217519 0
    vertex -19.50831736997735 279.5294160715953 0
    vertex -18.28407005921369 278.4931997971967 0
  endloop
endfacet
facet normal 0 0 -1
  outer loop
    vertex 43.26335390408164 268.7585510378802 0
    vertex 44.68707024762332 268.6287998789605 0
    vertex 44.16542706103106 267.1432777640698 0
  endloop
endfacet
facet normal 0 0 -1
  outer loop
    vertex -44.04164631005677 272.02332980889 0
    vertex -44.93637480333899 270.4691931398306 0
    vertex -45.91957782716202 271.7947914444518 0
  endloop
endfacet
facet normal 0 0 -1
  outer loop
    vertex 44.33283548492691 276.3449583917171 0
    vertex 43.30827354612923 277.2613338330136 0
    vertex 44.73490950701471 278.063826684617 0
  endloop
endfacet
facet normal 0 0 -1
  outer loop
    vertex 44.16542706103106 267.1432777640698 0
    vertex 44.68707024762332 268.6287998789605 0
    vertex 45.9478401217579 267.6391077858771 0
  endloop
endfacet
facet normal 0 -0 -1
  outer loop
    vertex -31.44358499739532 280.2350405719006 0
    vertex -30.53528147179934 278.9976109416102 0
    vertex -32.37235634821285 278.7817859776019 0
  endloop
endfacet
facet normal 0 0 -1
  outer loop
    vertex -25.82405357746734 270.891309046474 0
    vertex -24.97296058905242 272.2249697625759 0
    vertex -23.81057460719352 271.0470290758185 0
  endloop
endfacet
facet normal 0 0 -1
  outer loop
    vertex 21.81108716584334 274.0913125046175 0
    vertex 21.07770451058048 272.654415418009 0
    vertex 19.88719151373977 273.6212820520299 0
  endloop
endfacet
facet normal 0 0 -1
  outer loop
    vertex 2.663603691430297 280.3635032539498 0
    vertex 4.49529668638165 280.4497772759016 0
    vertex 3.724988627288639 279.2081365657626 0
  endloop
endfacet
facet normal 0 0 -1
  outer loop
    vertex -0.8377403427973179 276.7642481449902 0
    vertex -1.577094961244714 275.3322895411966 0
    vertex -2.778102013686269 276.3697094678083 0
  endloop
endfacet
facet normal -0 0 -1
  outer loop
    vertex 2.050793096819006 273.7105411232732 0
    vertex 0.5044741925835067 273.4679839587651 0
    vertex 0.4283382057442911 275.1475990474517 0
  endloop
endfacet
facet normal 0 0 -1
  outer loop
    vertex 28.92475793699775 278.8147340831082 0
    vertex 30.47732163330488 278.8342895117747 0
    vertex 30.17373688812766 277.2717628922426 0
  endloop
endfacet
facet normal 0 0 -1
  outer loop
    vertex 49.59456473506573 275.3316883516301 0
    vertex 48.16914354008652 275.8281374533341 0
    vertex 48.85011772147912 277.0253950480616 0
  endloop
endfacet
facet normal 0 -0 -1
  outer loop
    vertex 30.81178525121297 274.0117868662163 0
    vertex 31.68923700132457 272.58302926955 0
    vertex 30.2414360869485 272.1035445414227 0
  endloop
endfacet
facet normal 0 0 -1
  outer loop
    vertex 3.910727138775305 272.1659893568116 0
    vertex 5.04916949071557 273.1732720735686 0
    vertex 5.910647873916511 271.9090001637985 0
  endloop
endfacet
facet normal -0 0 -1
  outer loop
    vertex -29.36741297519404 280.0999571315957 0
    vertex -30.53528147179934 278.9976109416102 0
    vertex -31.44358499739532 280.2350405719006 0
  endloop
endfacet
facet normal 0 0 -1
  outer loop
    vertex 48.85011772147912 277.0253950480616 0
    vertex 48.16914354008652 275.8281374533341 0
    vertex 47.27250916019288 276.895603421742 0
  endloop
endfacet
facet normal 0 0 -1
  outer loop
    vertex 5.652313131889331 274.5985338015621 0
    vertex 5.04916949071557 273.1732720735686 0
    vertex 3.758987037604347 274.0637028262735 0
  endloop
endfacet
facet normal -0 0 -1
  outer loop
    vertex 49.5422658030019 271.6695385325389 0
    vertex 48.12193945192274 271.4084288020331 0
    vertex 48.10447357934859 272.8338397183053 0
  endloop
endfacet
facet normal 0 0 -1
  outer loop
    vertex -48.14482723367832 274.2121445469223 0
    vertex -48.53484865145021 272.8623958603645 0
    vertex -49.83168409570525 273.4968537164696 0
  endloop
endfacet
facet normal -0 0 -1
  outer loop
    vertex 12.86040713464342 283.2081565356676 0
    vertex 11.80255999708475 282.124125983971 0
    vertex 10.88294387631187 283.2910368024111 0
  endloop
endfacet
facet normal 0 0 -1
  outer loop
    vertex -0.9929761958900378 273.8877448565294 0
    vertex 0.5044741925835067 273.4679839587651 0
    vertex -0.1102018083949613 272.1060726868883 0
  endloop
endfacet
facet normal -0 0 -1
  outer loop
    vertex 44.73490950701471 278.063826684617 0
    vertex 43.30827354612923 277.2613338330136 0
    vertex 42.85074238707679 278.6182848808318 0
  endloop
endfacet
facet normal 0 0 -1
  outer loop
    vertex -33.16478310086845 277.349547731534 0
    vertex -32.37235634821285 278.7817859776019 0
    vertex -31.23219320355041 277.7621712468912 0
  endloop
endfacet
facet normal 0 0 -1
  outer loop
    vertex -26.73860866446402 275.3060352833197 0
    vertex -27.38593010302305 273.8984713079743 0
    vertex -28.66149928437757 274.8334158415054 0
  endloop
endfacet
facet normal 0 0 -1
  outer loop
    vertex 42.54668286070264 275.9986682223164 0
    vertex 43.30827354612923 277.2613338330136 0
    vertex 44.33283548492691 276.3449583917171 0
  endloop
endfacet
facet normal 0 0 -1
  outer loop
    vertex 37.39345257041331 276.8170984274059 0
    vertex 38.0612657767598 278.1731512254778 0
    vertex 39.31897072793014 277.3035795942493 0
  endloop
endfacet
facet normal 0 0 -1
  outer loop
    vertex 19.92208577109986 278.6658029086467 0
    vertex 20.63345233399107 280.0680477855582 0
    vertex 21.93275221108901 279.2544903088873 0
  endloop
endfacet
facet normal 0 0 -1
  outer loop
    vertex -12.58824032615254 274.5156364157515 0
    vertex -12.97745351648426 273.0245371218402 0
    vertex -14.48145011436959 273.75999027338 0
  endloop
endfacet
facet normal -0 0 -1
  outer loop
    vertex 26.6797068257988 282.2418169649732 0
    vertex 25.59897116299197 281.2497327184499 0
    vertex 24.70865306896108 282.4211969090098 0
  endloop
endfacet
facet normal 0 0 -1
  outer loop
    vertex -32.37235634821285 278.7817859776019 0
    vertex -30.53528147179934 278.9976109416102 0
    vertex -31.23219320355041 277.7621712468912 0
  endloop
endfacet
facet normal 0 -0 -1
  outer loop
    vertex 0.4283382057442911 275.1475990474517 0
    vertex 0.5044741925835067 273.4679839587651 0
    vertex -0.9929761958900378 273.8877448565294 0
  endloop
endfacet
facet normal -0 0 -1
  outer loop
    vertex 39.14326061265778 279.2052223150579 0
    vertex 38.0612657767598 278.1731512254778 0
    vertex 37.3067529074868 279.5068357010068 0
  endloop
endfacet
facet normal 0 0 -1
  outer loop
    vertex 3.724988627288639 279.2081365657626 0
    vertex 4.49529668638165 280.4497772759016 0
    vertex 5.678179134000879 279.4937690341815 0
  endloop
endfacet
facet normal 0 0 -1
  outer loop
    vertex -16.81335690878519 283.0009912163874 0
    vertex -17.78197041712334 281.8120313178333 0
    vertex -18.78865076340011 282.8767162607962 0
  endloop
endfacet
facet normal 0 0 -1
  outer loop
    vertex -31.23219320355041 277.7621712468912 0
    vertex -30.53528147179934 278.9976109416102 0
    vertex -29.30313883607058 278.1969551847874 0
  endloop
endfacet
facet normal -0 0 -1
  outer loop
    vertex -45.96670068238173 277.690178039691 0
    vertex -47.28336311062752 277.1184937352569 0
    vertex -47.65865372458932 278.4407597620808 0
  endloop
endfacet
facet normal -0 0 -1
  outer loop
    vertex 21.57549252570396 281.111119152533 0
    vertex 20.63345233399107 280.0680477855582 0
    vertex 19.66939594609682 281.2129945680229 0
  endloop
endfacet
facet normal 0 0 -1
  outer loop
    vertex -46.40460071130382 274.6082411548043 0
    vertex -45.8536206569108 276.1564232100725 0
    vertex -44.61238545925399 275.0979790968756 0
  endloop
endfacet
facet normal 0 0 -1
  outer loop
    vertex 46.67795467721234 273.7958643490211 0
    vertex 46.93179203832666 275.4234204129213 0
    vertex 48.19673404536824 274.4645800323158 0
  endloop
endfacet
facet normal -0 0 -1
  outer loop
    vertex -47.02929342560933 273.0983464374032 0
    vertex -48.53484865145021 272.8623958603645 0
    vertex -48.14482723367832 274.2121445469223 0
  endloop
endfacet
facet normal 0 0 -1
  outer loop
    vertex 45.41496152205358 275.0106840668691 0
    vertex 46.93179203832666 275.4234204129213 0
    vertex 46.67795467721234 273.7958643490211 0
  endloop
endfacet
facet normal 0 0 -1
  outer loop
    vertex 3.758987037604347 274.0637028262735 0
    vertex 5.04916949071557 273.1732720735686 0
    vertex 3.910727138775305 272.1659893568116 0
  endloop
endfacet
facet normal 0 0 -1
  outer loop
    vertex -45.8536206569108 276.1564232100725 0
    vertex -47.28336311062752 277.1184937352569 0
    vertex -45.96670068238173 277.690178039691 0
  endloop
endfacet
facet normal 0 0 -1
  outer loop
    vertex -47.91528422102842 271.6748045386361 0
    vertex -48.53484865145021 272.8623958603645 0
    vertex -47.02929342560933 273.0983464374032 0
  endloop
endfacet
facet normal 0 0 -1
  outer loop
    vertex -48.85011772147908 277.0253950480616 0
    vertex -47.28336311062752 277.1184937352569 0
    vertex -47.6789806720442 275.7395874286442 0
  endloop
endfacet
facet normal 0 0 -1
  outer loop
    vertex 39.31897072793014 277.3035795942493 0
    vertex 38.0612657767598 278.1731512254778 0
    vertex 39.14326061265778 279.2052223150579 0
  endloop
endfacet
facet normal 0 0 -1
  outer loop
    vertex 21.93275221108901 279.2544903088873 0
    vertex 20.63345233399107 280.0680477855582 0
    vertex 21.57549252570396 281.111119152533 0
  endloop
endfacet
facet normal 0 0 -1
  outer loop
    vertex -49.54226580300186 271.6695385325389 0
    vertex -48.53484865145021 272.8623958603645 0
    vertex -47.91528422102842 271.6748045386361 0
  endloop
endfacet
facet normal 0 0 -1
  outer loop
    vertex 47.29692005942392 270.3692045453409 0
    vertex 48.12193945192274 271.4084288020331 0
    vertex 48.74975680579352 269.9977810085783 0
  endloop
endfacet
facet normal -0 0 -1
  outer loop
    vertex 46.25905921111233 277.9540918946609 0
    vertex 45.73173011030833 276.7185374912904 0
    vertex 44.73490950701471 278.063826684617 0
  endloop
endfacet
facet normal 0 0 -1
  outer loop
    vertex 5.910647873916511 271.9090001637985 0
    vertex 6.793797986615618 273.318479194051 0
    vertex 7.881095832498142 271.9093422819769 0
  endloop
endfacet
facet normal 0 0 -1
  outer loop
    vertex 48.19673404536824 274.4645800323158 0
    vertex 48.16914354008652 275.8281374533341 0
    vertex 49.59456473506573 275.3316883516301 0
  endloop
endfacet
facet normal 0 -0 -1
  outer loop
    vertex -5.746340976190544 281.9574448937752 0
    vertex -4.914420650936177 280.6591775599464 0
    vertex -6.566478792557159 280.5089074414614 0
  endloop
endfacet
facet normal 0 0 -1
  outer loop
    vertex -31.44358499739532 280.2350405719006 0
    vertex -32.37235634821285 278.7817859776019 0
    vertex -33.07411842636456 280.1816964410585 0
  endloop
endfacet
facet normal 0 0 -1
  outer loop
    vertex -37.32372229634206 279.5448308385675 0
    vertex -35.78418417797781 279.8761106158987 0
    vertex -36.15990887106781 278.3511530321026 0
  endloop
endfacet
facet normal -0 0 -1
  outer loop
    vertex 45.77755022363024 269.7555785115039 0
    vertex 44.68707024762332 268.6287998789605 0
    vertex 44.28117992761576 269.8474842954716 0
  endloop
endfacet
facet normal 0 -0 -1
  outer loop
    vertex 44.28117992761576 269.8474842954716 0
    vertex 44.68707024762332 268.6287998789605 0
    vertex 43.26335390408164 268.7585510378802 0
  endloop
endfacet
facet normal 0 0 -1
  outer loop
    vertex -36.15990887106781 278.3511530321026 0
    vertex -35.78418417797781 279.8761106158987 0
    vertex -34.37377923738073 278.9589606829027 0
  endloop
endfacet
facet normal -0 0 -1
  outer loop
    vertex -3.95174231835779 281.8427126390995 0
    vertex -4.914420650936177 280.6591775599464 0
    vertex -5.746340976190544 281.9574448937752 0
  endloop
endfacet
facet normal 0 -0 -1
  outer loop
    vertex 47.27250916019288 276.895603421742 0
    vertex 48.16914354008652 275.8281374533341 0
    vertex 46.93179203832666 275.4234204129213 0
  endloop
endfacet
facet normal -0 0 -1
  outer loop
    vertex 47.27250916019288 276.895603421742 0
    vertex 45.73173011030833 276.7185374912904 0
    vertex 46.25905921111233 277.9540918946609 0
  endloop
endfacet
facet normal 0 0 -1
  outer loop
    vertex 46.93179203832666 275.4234204129213 0
    vertex 48.16914354008652 275.8281374533341 0
    vertex 48.19673404536824 274.4645800323158 0
  endloop
endfacet
facet normal 0.0142795 -0.999898 0
  outer loop
    vertex -42.31552279338243 267.1696961309848 0.5
    vertex -44.16542706103103 267.1432777640698 0.5
    vertex -42.31552279338243 267.1696961309848 0
  endloop
endfacet
facet normal 0.0142795 -0.999898 0
  outer loop
    vertex -42.31552279338243 267.1696961309848 0
    vertex -44.16542706103103 267.1432777640698 0.5
    vertex -44.16542706103103 267.1432777640698 0
  endloop
endfacet
facet normal -0.295405 0.955372 0
  outer loop
    vertex -46.11669807151521 279.4631180620557 0.5
    vertex -44.34917083890544 280.0096445587216 0.5
    vertex -44.34917083890544 280.0096445587216 0
  endloop
endfacet
facet normal -0.295405 0.955372 0
  outer loop
    vertex -46.11669807151521 279.4631180620557 0
    vertex -46.11669807151521 279.4631180620557 0.5
    vertex -44.34917083890544 280.0096445587216 0
  endloop
endfacet
facet normal -0.268003 -0.963418 -0
  outer loop
    vertex -44.16542706103103 267.1432777640698 0.5
    vertex -45.94784012175787 267.6391077858771 0.5
    vertex -44.16542706103103 267.1432777640698 0
  endloop
endfacet
facet normal -0.528573 -0.848888 1.51223e-14
  outer loop
    vertex -45.94784012175787 267.6391077858771 0.5
    vertex -47.51836146980148 268.6170169968543 0.5
    vertex -47.5183614698015 268.6170169968543 0
  endloop
endfacet
facet normal -0.528573 -0.848888 7.51147e-15
  outer loop
    vertex -45.94784012175788 267.6391077858771 0
    vertex -45.94784012175787 267.6391077858771 0.5
    vertex -47.5183614698015 268.6170169968543 0
  endloop
endfacet
facet normal -0.268003 -0.963418 3.84058e-15
  outer loop
    vertex -44.16542706103103 267.1432777640698 0
    vertex -45.94784012175787 267.6391077858771 0.5
    vertex -45.94784012175788 267.6391077858771 0
  endloop
endfacet
facet normal -0.746321 -0.665586 1.08016e-14
  outer loop
    vertex -47.51836146980148 268.6170169968543 0.5
    vertex -48.74975680579349 269.9977810085783 0.5
    vertex -48.7497568057935 269.9977810085783 0
  endloop
endfacet
facet normal -0.746321 -0.665586 2.12117e-14
  outer loop
    vertex -47.51836146980148 268.6170169968543 0.5
    vertex -48.7497568057935 269.9977810085783 0
    vertex -47.5183614698015 268.6170169968543 0
  endloop
endfacet
facet normal -0.903607 -0.428362 1.2841e-14
  outer loop
    vertex -48.74975680579349 269.9977810085783 0.5
    vertex -49.54226580300185 271.6695385325389 0.5
    vertex -48.7497568057935 269.9977810085783 0
  endloop
endfacet
facet normal -0.987688 -0.156434 1.40359e-14
  outer loop
    vertex -49.54226580300186 271.6695385325389 0
    vertex -49.54226580300185 271.6695385325389 0.5
    vertex -49.83168409570524 273.4968537164696 0.5
  endloop
endfacet
facet normal -0.903607 -0.428362 1.27219e-14
  outer loop
    vertex -48.7497568057935 269.9977810085783 0
    vertex -49.54226580300185 271.6695385325389 0.5
    vertex -49.54226580300186 271.6695385325389 0
  endloop
endfacet
facet normal -0.991753 0.128166 1.40937e-14
  outer loop
    vertex -49.83168409570524 273.4968537164696 0.5
    vertex -49.59456473506569 275.3316883516301 0.5
    vertex -49.83168409570525 273.4968537164696 0
  endloop
endfacet
facet normal -0.987688 -0.156434 1.40421e-14
  outer loop
    vertex -49.54226580300186 271.6695385325389 0
    vertex -49.83168409570524 273.4968537164696 0.5
    vertex -49.83168409570525 273.4968537164696 0
  endloop
endfacet
facet normal -0.915471 0.402384 1.2962e-14
  outer loop
    vertex -49.59456473506569 275.3316883516301 0.5
    vertex -48.85011772147907 277.0253950480616 0.5
    vertex -48.85011772147908 277.0253950480616 0
  endloop
endfacet
facet normal -0.915471 0.402384 1.30096e-14
  outer loop
    vertex -49.5945647350657 275.3316883516301 0
    vertex -49.59456473506569 275.3316883516301 0.5
    vertex -48.85011772147908 277.0253950480616 0
  endloop
endfacet
facet normal -0.991753 0.128166 1.40421e-14
  outer loop
    vertex -49.83168409570525 273.4968537164696 0
    vertex -49.59456473506569 275.3316883516301 0.5
    vertex -49.5945647350657 275.3316883516301 0
  endloop
endfacet
facet normal -0.765024 0.644002 1.08716e-14
  outer loop
    vertex -48.85011772147907 277.0253950480616 0.5
    vertex -47.65865372458932 278.4407597620807 0.5
    vertex -48.85011772147908 277.0253950480616 0
  endloop
endfacet
facet normal -0.552598 0.833448 0
  outer loop
    vertex -47.65865372458932 278.4407597620807 0.5
    vertex -46.11669807151521 279.4631180620557 0.5
    vertex -46.11669807151521 279.4631180620557 0
  endloop
endfacet
facet normal -0.552598 0.833448 9.4752e-14
  outer loop
    vertex -47.65865372458932 278.4407597620807 0.5
    vertex -46.11669807151521 279.4631180620557 0
    vertex -47.65865372458932 278.4407597620808 0
  endloop
endfacet
facet normal -0.765024 0.644002 7.3211e-14
  outer loop
    vertex -48.85011772147908 277.0253950480616 0
    vertex -47.65865372458932 278.4407597620807 0.5
    vertex -47.65865372458932 278.4407597620808 0
  endloop
endfacet
facet normal 0.295405 0.955372 -0
  outer loop
    vertex 44.34917083890547 280.0096445587216 0
    vertex 44.34917083890547 280.0096445587216 0.5
    vertex 46.11669807151524 279.4631180620557 0.5
  endloop
endfacet
facet normal 0.295405 0.955372 1.12817e-13
  outer loop
    vertex 44.34917083890547 280.0096445587216 0
    vertex 46.11669807151524 279.4631180620557 0.5
    vertex 46.11669807151524 279.4631180620558 0
  endloop
endfacet
facet normal -0.0142795 -0.999898 0
  outer loop
    vertex 44.16542706103106 267.1432777640698 0
    vertex 42.31552279338246 267.1696961309848 0.5
    vertex 42.31552279338246 267.1696961309848 0
  endloop
endfacet
facet normal -0.0142795 -0.999898 2.02924e-16
  outer loop
    vertex 44.16542706103106 267.1432777640698 0
    vertex 44.16542706103107 267.1432777640698 0.5
    vertex 42.31552279338246 267.1696961309848 0.5
  endloop
endfacet
facet normal 0.552598 0.833448 1.02605e-13
  outer loop
    vertex 46.11669807151524 279.4631180620557 0.5
    vertex 47.65865372458935 278.4407597620808 0.5
    vertex 46.11669807151524 279.4631180620558 0
  endloop
endfacet
facet normal 0.765024 0.644002 2.17433e-14
  outer loop
    vertex 47.65865372458935 278.4407597620808 0.5
    vertex 48.85011772147911 277.0253950480616 0.5
    vertex 47.65865372458936 278.4407597620808 0
  endloop
endfacet
facet normal 0.552598 0.833448 1.58424e-14
  outer loop
    vertex 46.11669807151524 279.4631180620558 0
    vertex 47.65865372458935 278.4407597620808 0.5
    vertex 47.65865372458936 278.4407597620808 0
  endloop
endfacet
facet normal 0.915471 0.402384 1.30096e-14
  outer loop
    vertex 48.85011772147911 277.0253950480616 0.5
    vertex 49.59456473506572 275.3316883516301 0.5
    vertex 48.85011772147912 277.0253950480616 0
  endloop
endfacet
facet normal 0.765024 0.644002 1.08016e-14
  outer loop
    vertex 47.65865372458936 278.4407597620808 0
    vertex 48.85011772147911 277.0253950480616 0.5
    vertex 48.85011772147912 277.0253950480616 0
  endloop
endfacet
facet normal 0.991753 0.128166 1.40421e-14
  outer loop
    vertex 49.59456473506572 275.3316883516301 0.5
    vertex 49.83168409570528 273.4968537164696 0.5
    vertex 49.83168409570528 273.4968537164696 0
  endloop
endfacet
facet normal 0.991753 0.128166 1.40937e-14
  outer loop
    vertex 49.59456473506573 275.3316883516301 0
    vertex 49.59456473506572 275.3316883516301 0.5
    vertex 49.83168409570528 273.4968537164696 0
  endloop
endfacet
facet normal 0.915471 0.402384 1.2962e-14
  outer loop
    vertex 48.85011772147912 277.0253950480616 0
    vertex 49.59456473506572 275.3316883516301 0.5
    vertex 49.59456473506573 275.3316883516301 0
  endloop
endfacet
facet normal 0.987688 -0.156434 1.40359e-14
  outer loop
    vertex 49.83168409570528 273.4968537164696 0.5
    vertex 49.54226580300189 271.6695385325389 0.5
    vertex 49.83168409570528 273.4968537164696 0
  endloop
endfacet
facet normal 0.903607 -0.428362 0
  outer loop
    vertex 49.54226580300189 271.6695385325389 0.5
    vertex 48.74975680579352 269.9977810085783 0.5
    vertex 48.74975680579352 269.9977810085783 0
  endloop
endfacet
facet normal 0.903607 -0.428362 1.2841e-14
  outer loop
    vertex 49.5422658030019 271.6695385325389 0
    vertex 49.54226580300189 271.6695385325389 0.5
    vertex 48.74975680579352 269.9977810085783 0
  endloop
endfacet
facet normal 0.987688 -0.156434 1.40421e-14
  outer loop
    vertex 49.83168409570528 273.4968537164696 0
    vertex 49.54226580300189 271.6695385325389 0.5
    vertex 49.5422658030019 271.6695385325389 0
  endloop
endfacet
facet normal 0.746321 -0.665586 0
  outer loop
    vertex 48.74975680579352 269.9977810085783 0.5
    vertex 47.51836146980152 268.6170169968543 0.5
    vertex 47.51836146980152 268.6170169968543 0
  endloop
endfacet
facet normal 0.746321 -0.665586 0
  outer loop
    vertex 48.74975680579352 269.9977810085783 0.5
    vertex 47.51836146980152 268.6170169968543 0
    vertex 48.74975680579352 269.9977810085783 0
  endloop
endfacet
facet normal 0.528573 -0.848888 0
  outer loop
    vertex 47.51836146980152 268.6170169968543 0
    vertex 47.51836146980152 268.6170169968543 0.5
    vertex 45.94784012175791 267.6391077858771 0.5
  endloop
endfacet
facet normal 0.268003 -0.963418 -3.84058e-15
  outer loop
    vertex 45.94784012175791 267.6391077858771 0.5
    vertex 44.16542706103107 267.1432777640698 0.5
    vertex 44.16542706103106 267.1432777640698 0
  endloop
endfacet
facet normal 0.268003 -0.963418 -3.80855e-15
  outer loop
    vertex 45.94784012175791 267.6391077858771 0.5
    vertex 44.16542706103106 267.1432777640698 0
    vertex 45.9478401217579 267.6391077858771 0
  endloop
endfacet
facet normal 0.528573 -0.848888 -7.68116e-15
  outer loop
    vertex 47.51836146980152 268.6170169968543 0
    vertex 45.94784012175791 267.6391077858771 0.5
    vertex 45.9478401217579 267.6391077858771 0
  endloop
endfacet
endsolid Created by Gmsh
