solid Created by Gmsh
facet normal -0.154459 -0.987999 0
  outer loop
    vertex 35.65848426391671 221.65 0
    vertex 35.65848426391671 221.65 0.5
    vertex 33.69291304259492 221.9572878071458 0.5
  endloop
endfacet
facet normal -0.154459 -0.987999 0
  outer loop
    vertex 35.65848426391671 221.65 0
    vertex 33.69291304259492 221.9572878071458 0.5
    vertex 33.69291304259492 221.9572878071458 0
  endloop
endfacet
facet normal 0.154459 -0.987999 0
  outer loop
    vertex -33.69291304259494 221.9572878071457 0.5
    vertex -35.65848426391674 221.65 0.5
    vertex -35.65848426391674 221.65 0
  endloop
endfacet
facet normal 0.154459 -0.987999 0
  outer loop
    vertex -33.69291304259494 221.9572878071457 0
    vertex -33.69291304259494 221.9572878071457 0.5
    vertex -35.65848426391674 221.65 0
  endloop
endfacet
facet normal -0.145698 -0.989329 -0
  outer loop
    vertex 33.69291304259492 221.9572878071458 0.5
    vertex 31.72469594061735 222.2471454653026 0
    vertex 33.69291304259492 221.9572878071458 0
  endloop
endfacet
facet normal -0.136925 -0.990581 0
  outer loop
    vertex 31.72469594061735 222.2471454653026 0
    vertex 31.72469594061735 222.2471454653026 0.5
    vertex 29.75398752068251 222.5195502121534 0
  endloop
endfacet
facet normal -0.145698 -0.989329 0
  outer loop
    vertex 33.69291304259492 221.9572878071458 0.5
    vertex 31.72469594061735 222.2471454653026 0.5
    vertex 31.72469594061735 222.2471454653026 0
  endloop
endfacet
facet normal -0.128141 -0.991756 0
  outer loop
    vertex 29.75398752068251 222.5195502121534 0
    vertex 27.78094254113013 222.7744806559459 0.5
    vertex 27.78094254113013 222.7744806559459 0
  endloop
endfacet
facet normal -0.136925 -0.990581 0
  outer loop
    vertex 31.72469594061735 222.2471454653026 0.5
    vertex 29.75398752068251 222.5195502121534 0.5
    vertex 29.75398752068251 222.5195502121534 0
  endloop
endfacet
facet normal -0.128141 -0.991756 0
  outer loop
    vertex 29.75398752068251 222.5195502121534 0
    vertex 29.75398752068251 222.5195502121534 0.5
    vertex 27.78094254113013 222.7744806559459 0.5
  endloop
endfacet
facet normal -0.119348 -0.992853 0
  outer loop
    vertex 27.78094254113013 222.7744806559459 0
    vertex 27.78094254113013 222.7744806559459 0.5
    vertex 25.80571594378849 223.0119167771725 0
  endloop
endfacet
facet normal -0.110545 -0.993871 -0
  outer loop
    vertex 25.80571594378849 223.0119167771725 0.5
    vertex 23.82846284180666 223.2318399301422 0
    vertex 25.80571594378849 223.0119167771725 0
  endloop
endfacet
facet normal -0.119348 -0.992853 0
  outer loop
    vertex 27.78094254113013 222.7744806559459 0.5
    vertex 25.80571594378849 223.0119167771725 0.5
    vertex 25.80571594378849 223.0119167771725 0
  endloop
endfacet
facet normal -0.101733 -0.994812 -0
  outer loop
    vertex 23.82846284180666 223.2318399301422 0.5
    vertex 21.84933850747366 223.4342328444454 0
    vertex 23.82846284180666 223.2318399301422 0
  endloop
endfacet
facet normal -0.110545 -0.993871 0
  outer loop
    vertex 25.80571594378849 223.0119167771725 0.5
    vertex 23.82846284180666 223.2318399301422 0.5
    vertex 23.82846284180666 223.2318399301422 0
  endloop
endfacet
facet normal -0.0929137 -0.995674 0
  outer loop
    vertex 21.84933850747366 223.4342328444454 0
    vertex 19.86849836002525 223.6190796263093 0.5
    vertex 19.86849836002525 223.6190796263093 0
  endloop
endfacet
facet normal -0.101733 -0.994812 0
  outer loop
    vertex 23.82846284180666 223.2318399301422 0.5
    vertex 21.84933850747366 223.4342328444454 0.5
    vertex 21.84933850747366 223.4342328444454 0
  endloop
endfacet
facet normal -0.0929137 -0.995674 -0
  outer loop
    vertex 21.84933850747366 223.4342328444454 0.5
    vertex 19.86849836002525 223.6190796263093 0.5
    vertex 21.84933850747366 223.4342328444454 0
  endloop
endfacet
facet normal -0.0840868 -0.996458 0
  outer loop
    vertex 19.86849836002525 223.6190796263093 0
    vertex 19.86849836002525 223.6190796263093 0.5
    vertex 17.88609795343854 223.786365759847 0
  endloop
endfacet
facet normal -0.0752533 -0.997164 0
  outer loop
    vertex 17.88609795343854 223.786365759847 0
    vertex 15.90229296421691 223.9360781081963 0.5
    vertex 15.90229296421691 223.9360781081963 0
  endloop
endfacet
facet normal -0.0840868 -0.996458 0
  outer loop
    vertex 19.86849836002525 223.6190796263093 0.5
    vertex 17.88609795343854 223.786365759847 0.5
    vertex 17.88609795343854 223.786365759847 0
  endloop
endfacet
facet normal -0.0752533 -0.997164 0
  outer loop
    vertex 17.88609795343854 223.786365759847 0
    vertex 17.88609795343854 223.786365759847 0.5
    vertex 15.90229296421691 223.9360781081963 0.5
  endloop
endfacet
facet normal -0.0664139 -0.997792 -0
  outer loop
    vertex 15.90229296421691 223.9360781081963 0.5
    vertex 13.91723917916447 224.0682049145526 0
    vertex 15.90229296421691 223.9360781081963 0
  endloop
endfacet
facet normal -0.0575692 -0.998342 -0
  outer loop
    vertex 13.91723917916447 224.0682049145526 0.5
    vertex 11.93109248315243 224.1827358030909 0
    vertex 13.91723917916447 224.0682049145526 0
  endloop
endfacet
facet normal -0.0664139 -0.997792 0
  outer loop
    vertex 15.90229296421691 223.9360781081963 0.5
    vertex 13.91723917916447 224.0682049145526 0.5
    vertex 13.91723917916447 224.0682049145526 0
  endloop
endfacet
facet normal -0.0487201 -0.998812 0
  outer loop
    vertex 11.93109248315243 224.1827358030909 0
    vertex 9.944008846877475 224.2796617797816 0.5
    vertex 9.944008846877475 224.2796617797816 0
  endloop
endfacet
facet normal -0.0575692 -0.998342 0
  outer loop
    vertex 13.91723917916447 224.0682049145526 0.5
    vertex 11.93109248315243 224.1827358030909 0.5
    vertex 11.93109248315243 224.1827358030909 0
  endloop
endfacet
facet normal -0.0487201 -0.998812 -0
  outer loop
    vertex 11.93109248315243 224.1827358030909 0.5
    vertex 9.944008846877475 224.2796617797816 0.5
    vertex 11.93109248315243 224.1827358030909 0
  endloop
endfacet
facet normal -0.0398671 -0.999205 -0
  outer loop
    vertex 9.944008846877475 224.2796617797816 0.5
    vertex 7.956144314613706 224.3589752330961 0
    vertex 9.944008846877475 224.2796617797816 0
  endloop
endfacet
facet normal -0.031011 -0.999519 0
  outer loop
    vertex 7.956144314613706 224.3589752330961 0
    vertex 5.967654991958278 224.4206699346051 0.5
    vertex 5.967654991958278 224.4206699346051 0
  endloop
endfacet
facet normal -0.0398671 -0.999205 0
  outer loop
    vertex 9.944008846877475 224.2796617797816 0.5
    vertex 7.956144314613706 224.3589752330961 0.5
    vertex 7.956144314613706 224.3589752330961 0
  endloop
endfacet
facet normal -0.031011 -0.999519 -0
  outer loop
    vertex 7.956144314613706 224.3589752330961 0.5
    vertex 5.967654991958278 224.4206699346051 0.5
    vertex 7.956144314613706 224.3589752330961 0
  endloop
endfacet
facet normal -0.0221524 -0.999755 -0
  outer loop
    vertex 5.967654991958278 224.4206699346051 0.5
    vertex 3.978697033572691 224.4647410394671 0
    vertex 5.967654991958278 224.4206699346051 0
  endloop
endfacet
facet normal -0.0132922 -0.999912 -0
  outer loop
    vertex 3.978697033572691 224.4647410394671 0.5
    vertex 1.989426630920232 224.4911850868096 0
    vertex 3.978697033572691 224.4647410394671 0
  endloop
endfacet
facet normal -0.0221524 -0.999755 0
  outer loop
    vertex 5.967654991958278 224.4206699346051 0.5
    vertex 3.978697033572691 224.4647410394671 0.5
    vertex 3.978697033572691 224.4647410394671 0
  endloop
endfacet
facet normal -0.00443084 -0.99999 0
  outer loop
    vertex 1.989426630920232 224.4911850868096 0
    vertex 1.374620632165618e-14 224.5 0.5
    vertex 1.374620632165618e-14 224.5 0
  endloop
endfacet
facet normal -0.0132922 -0.999912 0
  outer loop
    vertex 3.978697033572691 224.4647410394671 0.5
    vertex 1.989426630920232 224.4911850868096 0.5
    vertex 1.989426630920232 224.4911850868096 0
  endloop
endfacet
facet normal -0.00443084 -0.99999 0
  outer loop
    vertex 1.989426630920232 224.4911850868096 0
    vertex 1.989426630920232 224.4911850868096 0.5
    vertex 1.374620632165618e-14 224.5 0.5
  endloop
endfacet
facet normal 0.00443084 -0.99999 0
  outer loop
    vertex 1.374620632165618e-14 224.5 0.5
    vertex -1.989426630920154 224.4911850868096 0
    vertex 1.374620632165618e-14 224.5 0
  endloop
endfacet
facet normal 0.0132922 -0.999912 0
  outer loop
    vertex -1.989426630920154 224.4911850868096 0
    vertex -1.989426630920154 224.4911850868096 0.5
    vertex -3.978697033572663 224.4647410394671 0
  endloop
endfacet
facet normal 0.00443084 -0.99999 0
  outer loop
    vertex 1.374620632165618e-14 224.5 0.5
    vertex -1.989426630920154 224.4911850868096 0.5
    vertex -1.989426630920154 224.4911850868096 0
  endloop
endfacet
facet normal 0.0221524 -0.999755 0
  outer loop
    vertex -3.978697033572663 224.4647410394671 0
    vertex -5.9676549919582 224.4206699346051 0.5
    vertex -5.9676549919582 224.4206699346051 0
  endloop
endfacet
facet normal 0.0132922 -0.999912 0
  outer loop
    vertex -1.989426630920154 224.4911850868096 0.5
    vertex -3.978697033572663 224.4647410394671 0.5
    vertex -3.978697033572663 224.4647410394671 0
  endloop
endfacet
facet normal 0.0221524 -0.999755 0
  outer loop
    vertex -3.978697033572663 224.4647410394671 0.5
    vertex -5.9676549919582 224.4206699346051 0.5
    vertex -3.978697033572663 224.4647410394671 0
  endloop
endfacet
facet normal 0.031011 -0.999519 0
  outer loop
    vertex -5.9676549919582 224.4206699346051 0
    vertex -5.9676549919582 224.4206699346051 0.5
    vertex -7.95614431461368 224.3589752330961 0
  endloop
endfacet
facet normal 0.0398671 -0.999205 0
  outer loop
    vertex -7.95614431461368 224.3589752330961 0.5
    vertex -9.944008846877448 224.2796617797816 0
    vertex -7.95614431461368 224.3589752330961 0
  endloop
endfacet
facet normal 0.031011 -0.999519 0
  outer loop
    vertex -5.9676549919582 224.4206699346051 0.5
    vertex -7.95614431461368 224.3589752330961 0.5
    vertex -7.95614431461368 224.3589752330961 0
  endloop
endfacet
facet normal 0.0487201 -0.998812 0
  outer loop
    vertex -9.944008846877448 224.2796617797816 0
    vertex -9.944008846877448 224.2796617797816 0.5
    vertex -11.9310924831524 224.1827358030909 0
  endloop
endfacet
facet normal 0.0398671 -0.999205 0
  outer loop
    vertex -7.95614431461368 224.3589752330961 0.5
    vertex -9.944008846877448 224.2796617797816 0.5
    vertex -9.944008846877448 224.2796617797816 0
  endloop
endfacet
facet normal 0.0575692 -0.998342 0
  outer loop
    vertex -11.9310924831524 224.1827358030909 0
    vertex -11.9310924831524 224.1827358030909 0.5
    vertex -13.91723917916444 224.0682049145526 0
  endloop
endfacet
facet normal 0.0487201 -0.998812 0
  outer loop
    vertex -9.944008846877448 224.2796617797816 0.5
    vertex -11.9310924831524 224.1827358030909 0.5
    vertex -11.9310924831524 224.1827358030909 0
  endloop
endfacet
facet normal 0.0664139 -0.997792 0
  outer loop
    vertex -13.91723917916444 224.0682049145526 0
    vertex -15.90229296421693 223.9360781081963 0.5
    vertex -15.90229296421693 223.9360781081963 0
  endloop
endfacet
facet normal 0.0575692 -0.998342 0
  outer loop
    vertex -11.9310924831524 224.1827358030909 0.5
    vertex -13.91723917916444 224.0682049145526 0.5
    vertex -13.91723917916444 224.0682049145526 0
  endloop
endfacet
facet normal 0.0664139 -0.997792 0
  outer loop
    vertex -13.91723917916444 224.0682049145526 0
    vertex -13.91723917916444 224.0682049145526 0.5
    vertex -15.90229296421693 223.9360781081963 0.5
  endloop
endfacet
facet normal 0.0752533 -0.997164 0
  outer loop
    vertex -15.90229296421693 223.9360781081963 0.5
    vertex -17.88609795343856 223.786365759847 0
    vertex -15.90229296421693 223.9360781081963 0
  endloop
endfacet
facet normal 0.0840868 -0.996458 0
  outer loop
    vertex -17.88609795343856 223.786365759847 0
    vertex -19.86849836002527 223.6190796263093 0.5
    vertex -19.86849836002527 223.6190796263093 0
  endloop
endfacet
facet normal 0.0752533 -0.997164 0
  outer loop
    vertex -15.90229296421693 223.9360781081963 0.5
    vertex -17.88609795343856 223.786365759847 0.5
    vertex -17.88609795343856 223.786365759847 0
  endloop
endfacet
facet normal 0.0840868 -0.996458 0
  outer loop
    vertex -17.88609795343856 223.786365759847 0.5
    vertex -19.86849836002527 223.6190796263093 0.5
    vertex -17.88609795343856 223.786365759847 0
  endloop
endfacet
facet normal 0.0929137 -0.995674 0
  outer loop
    vertex -19.86849836002527 223.6190796263093 0
    vertex -21.84933850747374 223.4342328444454 0.5
    vertex -21.84933850747374 223.4342328444454 0
  endloop
endfacet
facet normal 0.0929137 -0.995674 0
  outer loop
    vertex -19.86849836002527 223.6190796263093 0
    vertex -19.86849836002527 223.6190796263093 0.5
    vertex -21.84933850747374 223.4342328444454 0.5
  endloop
endfacet
facet normal 0.101733 -0.994812 0
  outer loop
    vertex -21.84933850747374 223.4342328444454 0
    vertex -21.84933850747374 223.4342328444454 0.5
    vertex -23.82846284180668 223.2318399301422 0
  endloop
endfacet
facet normal 0.110545 -0.993871 0
  outer loop
    vertex -23.82846284180668 223.2318399301422 0
    vertex -25.80571594378856 223.0119167771725 0.5
    vertex -25.80571594378856 223.0119167771725 0
  endloop
endfacet
facet normal 0.101733 -0.994812 0
  outer loop
    vertex -21.84933850747374 223.4342328444454 0.5
    vertex -23.82846284180668 223.2318399301422 0.5
    vertex -23.82846284180668 223.2318399301422 0
  endloop
endfacet
facet normal 0.110545 -0.993871 0
  outer loop
    vertex -23.82846284180668 223.2318399301422 0.5
    vertex -25.80571594378856 223.0119167771725 0.5
    vertex -23.82846284180668 223.2318399301422 0
  endloop
endfacet
facet normal 0.119348 -0.992853 0
  outer loop
    vertex -25.80571594378856 223.0119167771725 0
    vertex -25.80571594378856 223.0119167771725 0.5
    vertex -27.7809425411302 222.7744806559459 0
  endloop
endfacet
facet normal 0.128141 -0.991756 0
  outer loop
    vertex -27.7809425411302 222.7744806559459 0
    vertex -29.75398752068254 222.5195502121534 0.5
    vertex -29.75398752068254 222.5195502121534 0
  endloop
endfacet
facet normal 0.119348 -0.992853 0
  outer loop
    vertex -25.80571594378856 223.0119167771725 0.5
    vertex -27.7809425411302 222.7744806559459 0.5
    vertex -27.7809425411302 222.7744806559459 0
  endloop
endfacet
facet normal 0.128141 -0.991756 0
  outer loop
    vertex -27.7809425411302 222.7744806559459 0.5
    vertex -29.75398752068254 222.5195502121534 0.5
    vertex -27.7809425411302 222.7744806559459 0
  endloop
endfacet
facet normal 0.136925 -0.990581 0
  outer loop
    vertex -29.75398752068254 222.5195502121534 0
    vertex -29.75398752068254 222.5195502121534 0.5
    vertex -31.72469594061742 222.2471454653026 0
  endloop
endfacet
facet normal 0.145698 -0.989329 0
  outer loop
    vertex -31.72469594061742 222.2471454653026 0
    vertex -33.69291304259494 221.9572878071457 0.5
    vertex -33.69291304259494 221.9572878071457 0
  endloop
endfacet
facet normal 0.136925 -0.990581 0
  outer loop
    vertex -29.75398752068254 222.5195502121534 0.5
    vertex -31.72469594061742 222.2471454653026 0.5
    vertex -31.72469594061742 222.2471454653026 0
  endloop
endfacet
facet normal 0.145698 -0.989329 0
  outer loop
    vertex -31.72469594061742 222.2471454653026 0
    vertex -31.72469594061742 222.2471454653026 0.5
    vertex -33.69291304259494 221.9572878071457 0.5
  endloop
endfacet
facet normal -0 0 -1
  outer loop
    vertex -38.84357226315065 231.4563248308117 0
    vertex -40.02797646801285 229.9988518251729 0
    vertex -40.9868236470766 232.0654155894009 0
  endloop
endfacet
facet normal 0 0 -1
  outer loop
    vertex -29.71541025655254 226.8552540242742 0
    vertex -27.76840028924273 226.5328959831981 0
    vertex -29.13035563886386 224.7301983560205 0
  endloop
endfacet
facet normal 0 0 -1
  outer loop
    vertex -43.45151738047498 225.3243020879989 0
    vertex -41.47039424617174 225.1144458062489 0
    vertex -41.95986882994276 223.2091883180553 0
  endloop
endfacet
facet normal 0 0 -1
  outer loop
    vertex -41.95986882994276 223.2091883180553 0
    vertex -43.99739250325165 223.3159128484869 0
    vertex -43.45151738047498 225.3243020879989 0
  endloop
endfacet
facet normal 0 0 -1
  outer loop
    vertex 35.55899124775033 230.0333113870813 0
    vertex 34.60482608094293 231.7122712538087 0
    vertex 36.6103965181719 231.5924090054194 0
  endloop
endfacet
facet normal 0 0 -1
  outer loop
    vertex -28.03163003582021 232.148230887927 0
    vertex -29.52713367863399 233.939300363397 0
    vertex -27.58975830862469 234.1550068645175 0
  endloop
endfacet
facet normal 0 -0 -1
  outer loop
    vertex 17.72451281169312 235.0340160599614 0
    vertex 18.29295210094889 233.0346009729054 0
    vertex 16.27325939256334 232.9329303858245 0
  endloop
endfacet
facet normal 0 0 -1
  outer loop
    vertex 16.27325939256334 232.9329303858245 0
    vertex 15.62994484914414 235.0491532541868 0
    vertex 17.72451281169312 235.0340160599614 0
  endloop
endfacet
facet normal 0 0 -1
  outer loop
    vertex 36.6103965181719 231.5924090054194 0
    vertex 34.60482608094293 231.7122712538087 0
    vertex 35.55008095590703 233.2476152874202 0
  endloop
endfacet
facet normal 0 0 -1
  outer loop
    vertex -46.19086501819177 222.8891112978365 0
    vertex -43.99739250325165 223.3159128484869 0
    vertex -44.6604622153825 221.65 0
  endloop
endfacet
facet normal 0 0 -1
  outer loop
    vertex -0.629638292686428 233.7209122449307 0
    vertex -1.950107675789452 235.5409601143922 0
    vertex 1.460834909068238e-14 235.774812062804 0
  endloop
endfacet
facet normal -0 0 -1
  outer loop
    vertex -1.002347254215141 226.2184865447469 0
    vertex -3.022373795881874 226.2092713635664 0
    vertex -2.455071521052021 228.1023121578077 0
  endloop
endfacet
facet normal -0 0 -1
  outer loop
    vertex -10.31296862524396 229.5117805917871 0
    vertex -11.78276777343665 227.6179289498134 0
    vertex -12.32683306156227 229.6749400731254 0
  endloop
endfacet
facet normal 0 -0 -1
  outer loop
    vertex -20.60950604802768 227.2143900671459 0
    vertex -19.00929088613176 225.2668836602504 0
    vertex -21.03504335499284 225.2494087571023 0
  endloop
endfacet
facet normal 0 0 -1
  outer loop
    vertex 17.00249482462317 231.1138517785695 0
    vertex 18.29295210094889 233.0346009729054 0
    vertex 18.97624600866747 230.8418859398593 0
  endloop
endfacet
facet normal 0 0 -1
  outer loop
    vertex 47.82787964147163 226.4210283060251 0
    vertex 45.86003116440289 227.0775910193621 0
    vertex 47.78425305789285 228.3896893404538 0
  endloop
endfacet
facet normal 0 0 -1
  outer loop
    vertex -29.13035563886386 224.7301983560205 0
    vertex -30.87894354075241 225.7039755360488 0
    vertex -29.71541025655254 226.8552540242742 0
  endloop
endfacet
facet normal 0 -0 -1
  outer loop
    vertex -40.9868236470766 232.0654155894009 0
    vertex -40.02797646801285 229.9988518251729 0
    vertex -41.84927861317916 230.1987695722461 0
  endloop
endfacet
facet normal 0 0 -1
  outer loop
    vertex 13.11851538498415 226.2696888418801 0
    vertex 13.16668258910964 228.3442090854918 0
    vertex 14.54654046378597 227.7640710863064 0
  endloop
endfacet
facet normal 0 0 -1
  outer loop
    vertex 46.1908650181918 222.8891112978365 0
    vertex 43.8496095279809 223.1461789859507 0
    vertex 45.16399176784396 224.4414721035974 0
  endloop
endfacet
facet normal 0 -0 -1
  outer loop
    vertex -41.47039424617174 225.1144458062489 0
    vertex -40.15947323964965 223.2009733933915 0
    vertex -41.95986882994276 223.2091883180553 0
  endloop
endfacet
facet normal 0 0 -1
  outer loop
    vertex -30.09826414632078 232.0678325904034 0
    vertex -29.52713367863399 233.939300363397 0
    vertex -28.03163003582021 232.148230887927 0
  endloop
endfacet
facet normal -0 0 -1
  outer loop
    vertex -18.3022064682829 227.1741020738008 0
    vertex -19.00929088613176 225.2668836602504 0
    vertex -20.60950604802768 227.2143900671459 0
  endloop
endfacet
facet normal 0 0 -1
  outer loop
    vertex 44.66046221538254 221.65 0
    vertex 43.8496095279809 223.1461789859507 0
    vertex 46.1908650181918 222.8891112978365 0
  endloop
endfacet
facet normal 0 0 -1
  outer loop
    vertex 12.34188171620398 233.4797327166841 0
    vertex 11.5860456275414 235.287569867013 0
    vertex 13.6230646515754 235.171980863915 0
  endloop
endfacet
facet normal -0 0 -1
  outer loop
    vertex -6.093987894900547 227.7918812036837 0
    vertex -7.998099033600827 227.3078484441055 0
    vertex -8.142498689498618 229.1412154457463 0
  endloop
endfacet
facet normal 0 0 -1
  outer loop
    vertex -8.142498689498618 229.1412154457463 0
    vertex -6.196583676598765 229.4557429449274 0
    vertex -6.093987894900547 227.7918812036837 0
  endloop
endfacet
facet normal 0 0 -1
  outer loop
    vertex 8.870494074693486 228.6469993460526 0
    vertex 10.25652704775424 227.5643520893809 0
    vertex 8.929462216927972 226.3561225422927 0
  endloop
endfacet
facet normal 0 0 -1
  outer loop
    vertex -2.455071521052021 228.1023121578077 0
    vertex -0.2731192412867512 228.0279362301669 0
    vertex -1.002347254215141 226.2184865447469 0
  endloop
endfacet
facet normal 0 -0 -1
  outer loop
    vertex -13.94388047574965 235.2684882130436 0
    vertex -13.75535349742827 233.3334843986973 0
    vertex -15.8427192978378 233.7592349600321 0
  endloop
endfacet
facet normal 0 0 -1
  outer loop
    vertex 8.929462216927972 226.3561225422927 0
    vertex 7.486549452222299 227.5884088879566 0
    vertex 8.870494074693486 228.6469993460526 0
  endloop
endfacet
facet normal -0 0 -1
  outer loop
    vertex -39.63005597154966 224.9142762758237 0
    vertex -40.15947323964965 223.2009733933915 0
    vertex -41.47039424617174 225.1144458062489 0
  endloop
endfacet
facet normal 0 0 -1
  outer loop
    vertex -18.3022064682829 227.1741020738008 0
    vertex -16.26023684160264 227.2793538534999 0
    vertex -17.10752829757071 225.5299681077333 0
  endloop
endfacet
facet normal 0 0 -1
  outer loop
    vertex 3.672911070012619 227.6705156119351 0
    vertex 5.891557129445024 227.7578556269117 0
    vertex 4.916137336473749 226.0677062057827 0
  endloop
endfacet
facet normal 0 0 -1
  outer loop
    vertex -29.13035563886386 224.7301983560205 0
    vertex -27.76840028924273 226.5328959831981 0
    vertex -26.88145019691654 224.6842513623588 0
  endloop
endfacet
facet normal 0 0 -1
  outer loop
    vertex -9.72401559339327 227.6007391925216 0
    vertex -11.78276777343665 227.6179289498134 0
    vertex -10.31296862524396 229.5117805917871 0
  endloop
endfacet
facet normal -0 0 -1
  outer loop
    vertex 16.89795102383215 236.8980988762809 0
    vertex 15.62994484914414 235.0491532541868 0
    vertex 14.91274838821191 237.0313480017145 0
  endloop
endfacet
facet normal 0 -0 -1
  outer loop
    vertex 14.54654046378597 227.7640710863064 0
    vertex 15.13659675783889 225.8145568229501 0
    vertex 13.11851538498415 226.2696888418801 0
  endloop
endfacet
facet normal 0 -0 -1
  outer loop
    vertex -45.31468668105833 224.6525854453109 0
    vertex -43.99739250325165 223.3159128484869 0
    vertex -46.19086501819177 222.8891112978365 0
  endloop
endfacet
facet normal 0 -0 -1
  outer loop
    vertex -35.44326271402796 232.9377449590263 0
    vertex -35.04704106643123 230.9408692744638 0
    vertex -36.88629359313979 231.2204224756435 0
  endloop
endfacet
facet normal 0 0 -1
  outer loop
    vertex -15.8427192978378 233.7592349600321 0
    vertex -15.88031920538858 235.6216403396759 0
    vertex -13.94388047574965 235.2684882130436 0
  endloop
endfacet
facet normal -0 0 -1
  outer loop
    vertex 20.86465918080149 236.5817321715035 0
    vertex 19.89226423622117 234.5692221757503 0
    vertex 18.88196770306919 236.7482234266189 0
  endloop
endfacet
facet normal 0 0 -1
  outer loop
    vertex 3.672911070012619 227.6705156119351 0
    vertex 4.823681312646619 229.3496238697915 0
    vertex 5.891557129445024 227.7578556269117 0
  endloop
endfacet
facet normal -0 0 -1
  outer loop
    vertex 47.78425305789285 228.3896893404538 0
    vertex 45.86003116440289 227.0775910193621 0
    vertex 45.85332128017117 228.7757359918537 0
  endloop
endfacet
facet normal 0 0 -1
  outer loop
    vertex 20.33530577633445 227.0537652850153 0
    vertex 18.28773362776301 227.2244081959863 0
    vertex 19.67031089789114 228.9026786246171 0
  endloop
endfacet
facet normal 0 0 -1
  outer loop
    vertex 11.73041313486335 227.8461600820009 0
    vertex 13.16668258910964 228.3442090854918 0
    vertex 13.11851538498415 226.2696888418801 0
  endloop
endfacet
facet normal -0 0 -1
  outer loop
    vertex -44.34567337549758 227.4889321789571 0
    vertex -46.30877681790011 227.212730675524 0
    vertex -45.85332128017114 228.7757359918537 0
  endloop
endfacet
facet normal -0 0 -1
  outer loop
    vertex 17.68169288577543 229.1356593611854 0
    vertex 16.37624258967372 227.4241502891079 0
    vertex 15.73728210444143 229.3967982250198 0
  endloop
endfacet
facet normal 0 0 -1
  outer loop
    vertex 13.6230646515754 235.171980863915 0
    vertex 11.5860456275414 235.287569867013 0
    vertex 12.92649912456466 237.1479614510372 0
  endloop
endfacet
facet normal 0 0 -1
  outer loop
    vertex -40.9868236470766 232.0654155894009 0
    vertex -39.40008038816727 232.947263129137 0
    vertex -38.84357226315065 231.4563248308117 0
  endloop
endfacet
facet normal 0 0 -1
  outer loop
    vertex -10.69945457048678 234.7058886177366 0
    vertex -12.235797390732 235.7329905161477 0
    vertex -10.93934263470239 237.2479310399157 0
  endloop
endfacet
facet normal 0 0 -1
  outer loop
    vertex -32.95982858705148 223.8067426466997 0
    vertex -32.72653503496994 225.5707432059861 0
    vertex -31.21503350794234 224.1145308639571 0
  endloop
endfacet
facet normal 0 -0 -1
  outer loop
    vertex -0.2731192412867512 228.0279362301669 0
    vertex 1.001728311421738 226.0787981269809 0
    vertex -1.002347254215141 226.2184865447469 0
  endloop
endfacet
facet normal 0 -0 -1
  outer loop
    vertex 13.6230646515754 235.171980863915 0
    vertex 14.34813282698889 233.2265453374247 0
    vertex 12.34188171620398 233.4797327166841 0
  endloop
endfacet
facet normal 0 0 -1
  outer loop
    vertex -10.93934263470239 237.2479310399157 0
    vertex -9.432572585450504 235.8329354073226 0
    vertex -10.69945457048678 234.7058886177366 0
  endloop
endfacet
facet normal 0 0 -1
  outer loop
    vertex 18.97624600866747 230.8418859398593 0
    vertex 18.29295210094889 233.0346009729054 0
    vertex 20.18848767013583 232.3317378054921 0
  endloop
endfacet
facet normal 0 0 -1
  outer loop
    vertex 16.27325939256334 232.9329303858245 0
    vertex 18.29295210094889 233.0346009729054 0
    vertex 17.00249482462317 231.1138517785695 0
  endloop
endfacet
facet normal 0 0 -1
  outer loop
    vertex 19.04571213117717 225.4102169596519 0
    vertex 18.28773362776301 227.2244081959863 0
    vertex 20.33530577633445 227.0537652850153 0
  endloop
endfacet
facet normal 0 0 -1
  outer loop
    vertex -18.3022064682829 227.1741020738008 0
    vertex -17.30003697252624 228.8427225128601 0
    vertex -16.26023684160264 227.2793538534999 0
  endloop
endfacet
facet normal -0 0 -1
  outer loop
    vertex 1.649158020762231 227.8441549251738 0
    vertex 1.001728311421738 226.0787981269809 0
    vertex -0.2731192412867512 228.0279362301669 0
  endloop
endfacet
facet normal 0 0 -1
  outer loop
    vertex -44.6604622153825 221.65 0
    vertex -43.99739250325165 223.3159128484869 0
    vertex -42.86006662508935 221.65 0
  endloop
endfacet
facet normal 0 -0 -1
  outer loop
    vertex -21.52470285339762 234.7018374865382 0
    vertex -20.89308969907334 232.6393725315826 0
    vertex -22.86818920128487 232.9021342718746 0
  endloop
endfacet
facet normal 0 -0 -1
  outer loop
    vertex -39.63005597154966 224.9142762758237 0
    vertex -38.46293129824465 223.2273547892704 0
    vertex -40.15947323964965 223.2009733933915 0
  endloop
endfacet
facet normal 0 0 -1
  outer loop
    vertex -2.751434893980712 233.6902147337193 0
    vertex -1.950107675789452 235.5409601143922 0
    vertex -0.629638292686428 233.7209122449307 0
  endloop
endfacet
facet normal 0 0 -1
  outer loop
    vertex 33.69291304259492 221.9572878071458 0
    vertex 34.81723877764328 223.5214852831117 0
    vertex 35.65848426391671 221.65 0
  endloop
endfacet
facet normal 0 0 -1
  outer loop
    vertex -36.88629359313979 231.2204224756435 0
    vertex -37.57397367851519 232.9397260901201 0
    vertex -35.44326271402796 232.9377449590263 0
  endloop
endfacet
facet normal 0 0 -1
  outer loop
    vertex 13.08408843412299 231.6142309664089 0
    vertex 14.34813282698889 233.2265453374247 0
    vertex 15.03009996672326 231.3409864619948 0
  endloop
endfacet
facet normal -0 0 -1
  outer loop
    vertex 12.92649912456466 237.1479614510372 0
    vertex 11.5860456275414 235.287569867013 0
    vertex 10.93934263470242 237.2479310399157 0
  endloop
endfacet
facet normal -0 0 -1
  outer loop
    vertex 41.43535923013438 232.3622660738382 0
    vertex 40.4209480907949 230.9835164620224 0
    vertex 39.53409649340463 232.6456593839932 0
  endloop
endfacet
facet normal 0 0 -1
  outer loop
    vertex -3.950260057513474 235.7417176672991 0
    vertex -1.950107675789452 235.5409601143922 0
    vertex -2.751434893980712 233.6902147337193 0
  endloop
endfacet
facet normal 0 0 -1
  outer loop
    vertex -32.72653503496994 225.5707432059861 0
    vertex -30.87894354075241 225.7039755360488 0
    vertex -31.21503350794234 224.1145308639571 0
  endloop
endfacet
facet normal 0 0 -1
  outer loop
    vertex 39.6646152892327 224.7314038009801 0
    vertex 41.46018006188574 224.6116581106066 0
    vertex 40.35505714930471 223.1808916154799 0
  endloop
endfacet
facet normal 0 -0 -1
  outer loop
    vertex 1.460834909068238e-14 235.774812062804 0
    vertex 1.043331898880876 234.594624961194 0
    vertex -0.629638292686428 233.7209122449307 0
  endloop
endfacet
facet normal 0 0 -1
  outer loop
    vertex -2.751434893980712 233.6902147337193 0
    vertex -4.857974199264233 233.8634850489538 0
    vertex -3.950260057513474 235.7417176672991 0
  endloop
endfacet
facet normal 0 -0 -1
  outer loop
    vertex 39.53409649340463 232.6456593839932 0
    vertex 40.4209480907949 230.9835164620224 0
    vertex 38.50456038010713 231.322424481989 0
  endloop
endfacet
facet normal -0 0 -1
  outer loop
    vertex -37.61393496617092 224.7466419356044 0
    vertex -38.46293129824465 223.2273547892704 0
    vertex -39.63005597154966 224.9142762758237 0
  endloop
endfacet
facet normal 0 0 -1
  outer loop
    vertex 35.95794902368394 225.1025155239014 0
    vertex 37.8177363066752 224.8753626351471 0
    vertex 36.59303712138584 223.2463258476762 0
  endloop
endfacet
facet normal 0 0 -1
  outer loop
    vertex 17.72451281169312 235.0340160599614 0
    vertex 15.62994484914414 235.0491532541868 0
    vertex 16.89795102383215 236.8980988762809 0
  endloop
endfacet
facet normal 0 0 -1
  outer loop
    vertex -17.80429684131138 235.1510316473082 0
    vertex -15.88031920538858 235.6216403396759 0
    vertex -15.8427192978378 233.7592349600321 0
  endloop
endfacet
facet normal 0 -0 -1
  outer loop
    vertex 1.649158020762231 227.8441549251738 0
    vertex 2.868009733860543 226.1028501660249 0
    vertex 1.001728311421738 226.0787981269809 0
  endloop
endfacet
facet normal 0 0 -1
  outer loop
    vertex 8.425855177663736 233.9163926424229 0
    vertex 9.717864907994986 235.6127817354979 0
    vertex 10.36468933883908 233.6554496825293 0
  endloop
endfacet
facet normal 0 0 -1
  outer loop
    vertex -0.9948347644083979 237.4979164198952 0
    vertex -1.950107675789452 235.5409601143922 0
    vertex -2.984434472296255 237.4812479984063 0
  endloop
endfacet
facet normal 0 0 -1
  outer loop
    vertex -44.34567337549758 227.4889321789571 0
    vertex -44.99615801347446 226.0064401774621 0
    vertex -46.30877681790011 227.212730675524 0
  endloop
endfacet
facet normal 0 0 -1
  outer loop
    vertex 40.35505714930471 223.1808916154799 0
    vertex 41.46018006188574 224.6116581106066 0
    vertex 42.09371407933887 223.1256286136192 0
  endloop
endfacet
facet normal 0 0 -1
  outer loop
    vertex -45.85332128017114 228.7757359918537 0
    vertex -44.4048073904442 229.3411252951151 0
    vertex -44.34567337549758 227.4889321789571 0
  endloop
endfacet
facet normal -0 0 -1
  outer loop
    vertex -15.8427192978378 233.7592349600321 0
    vertex -17.81068539928759 233.4349690757826 0
    vertex -17.80429684131138 235.1510316473082 0
  endloop
endfacet
facet normal 0 -0 -1
  outer loop
    vertex 14.91274838821191 237.0313480017145 0
    vertex 15.62994484914414 235.0491532541868 0
    vertex 13.6230646515754 235.171980863915 0
  endloop
endfacet
facet normal -0 0 -1
  outer loop
    vertex 21.96880543585243 234.9369645618505 0
    vertex 19.89226423622117 234.5692221757503 0
    vertex 20.86465918080149 236.5817321715035 0
  endloop
endfacet
facet normal -0 0 -1
  outer loop
    vertex 3.672911070012619 227.6705156119351 0
    vertex 2.868009733860543 226.1028501660249 0
    vertex 1.649158020762231 227.8441549251738 0
  endloop
endfacet
facet normal 0 0 -1
  outer loop
    vertex 35.65848426391671 221.65 0
    vertex 34.81723877764328 223.5214852831117 0
    vertex 36.59303712138584 223.2463258476762 0
  endloop
endfacet
facet normal 0 0 -1
  outer loop
    vertex -21.52470285339762 234.7018374865382 0
    vertex -19.46007003862406 233.9771005163133 0
    vertex -20.89308969907334 232.6393725315826 0
  endloop
endfacet
facet normal 0 0 -1
  outer loop
    vertex 43.8496095279809 223.1461789859507 0
    vertex 43.27738271717791 224.5303564591746 0
    vertex 45.16399176784396 224.4414721035974 0
  endloop
endfacet
facet normal 0 -0 -1
  outer loop
    vertex 18.88196770306919 236.7482234266189 0
    vertex 19.89226423622117 234.5692221757503 0
    vertex 17.72451281169312 235.0340160599614 0
  endloop
endfacet
facet normal 0 0 -1
  outer loop
    vertex 44.04890631308236 227.6731453465859 0
    vertex 44.55470071732522 229.3924909262548 0
    vertex 45.85332128017117 228.7757359918537 0
  endloop
endfacet
facet normal 0 0 -1
  outer loop
    vertex -4.97382472229727 237.4479123252758 0
    vertex -5.890959817520026 235.6105637248941 0
    vertex -6.962865892154256 237.3979117401159 0
  endloop
endfacet
facet normal 0 -0 -1
  outer loop
    vertex 45.85332128017117 228.7757359918537 0
    vertex 45.86003116440289 227.0775910193621 0
    vertex 44.04890631308236 227.6731453465859 0
  endloop
endfacet
facet normal 0 0 -1
  outer loop
    vertex 18.28773362776301 227.2244081959863 0
    vertex 16.37624258967372 227.4241502891079 0
    vertex 17.68169288577543 229.1356593611854 0
  endloop
endfacet
facet normal 0 0 -1
  outer loop
    vertex 6.446448103439799 234.0703244243509 0
    vertex 4.537277442704665 234.2354069043745 0
    vertex 5.718678795611797 235.7641105762717 0
  endloop
endfacet
facet normal -0 0 -1
  outer loop
    vertex 19.67031089789114 228.9026786246171 0
    vertex 18.28773362776301 227.2244081959863 0
    vertex 17.68169288577543 229.1356593611854 0
  endloop
endfacet
facet normal 0 0 -1
  outer loop
    vertex 18.29295210094889 233.0346009729054 0
    vertex 19.89226423622117 234.5692221757503 0
    vertex 20.18848767013583 232.3317378054921 0
  endloop
endfacet
facet normal 0 0 -1
  outer loop
    vertex -42.86006662508935 221.65 0
    vertex -43.99739250325165 223.3159128484869 0
    vertex -41.95986882994276 223.2091883180553 0
  endloop
endfacet
facet normal -0 0 -1
  outer loop
    vertex 5.718678795611797 235.7641105762717 0
    vertex 4.537277442704665 234.2354069043745 0
    vertex 3.839057127072577 235.8569886272658 0
  endloop
endfacet
facet normal -0 0 -1
  outer loop
    vertex 31.60322323291232 233.7749234697963 0
    vertex 30.75792617976541 232.3143115011912 0
    vertex 29.6750848023353 234.2056349951081 0
  endloop
endfacet
facet normal 0 -0 -1
  outer loop
    vertex 29.6750848023353 234.2056349951081 0
    vertex 30.75792617976541 232.3143115011912 0
    vertex 28.96809413506853 232.6571657925728 0
  endloop
endfacet
facet normal 0 0 -1
  outer loop
    vertex 13.91723917916447 224.0682049145526 0
    vertex 15.13659675783889 225.8145568229501 0
    vertex 15.90229296421691 223.9360781081963 0
  endloop
endfacet
facet normal 0 0 -1
  outer loop
    vertex 15.03009996672326 231.3409864619948 0
    vertex 14.34813282698889 233.2265453374247 0
    vertex 16.27325939256334 232.9329303858245 0
  endloop
endfacet
facet normal 0 0 -1
  outer loop
    vertex 12.34188171620398 233.4797327166841 0
    vertex 14.34813282698889 233.2265453374247 0
    vertex 13.08408843412299 231.6142309664089 0
  endloop
endfacet
facet normal 0 -0 -1
  outer loop
    vertex -27.58975830862469 234.1550068645175 0
    vertex -26.44150634075528 233.0807213436241 0
    vertex -28.03163003582021 232.148230887927 0
  endloop
endfacet
facet normal 0 0 -1
  outer loop
    vertex -31.21503350794234 224.1145308639571 0
    vertex -30.87894354075241 225.7039755360488 0
    vertex -29.13035563886386 224.7301983560205 0
  endloop
endfacet
facet normal 0 0 -1
  outer loop
    vertex 27.53029195895963 234.2585328924761 0
    vertex 27.18672821429845 232.5779206785651 0
    vertex 25.3384115860499 233.3713097861296 0
  endloop
endfacet
facet normal 0 -0 -1
  outer loop
    vertex 37.8177363066752 224.8753626351471 0
    vertex 38.3937225611778 223.1798325452031 0
    vertex 36.59303712138584 223.2463258476762 0
  endloop
endfacet
facet normal 0 0 -1
  outer loop
    vertex -9.72401559339327 227.6007391925216 0
    vertex -10.31296862524396 229.5117805917871 0
    vertex -8.142498689498618 229.1412154457463 0
  endloop
endfacet
facet normal 0 0 -1
  outer loop
    vertex 25.3384115860499 233.3713097861296 0
    vertex 25.64316318691516 234.9891090712066 0
    vertex 27.53029195895963 234.2585328924761 0
  endloop
endfacet
facet normal 0 0 -1
  outer loop
    vertex -13.48764436871372 228.1389956036213 0
    vertex -11.78276777343665 227.6179289498134 0
    vertex -13.12498620510444 226.105333092629 0
  endloop
endfacet
facet normal -0 0 -1
  outer loop
    vertex 34.60482608094293 231.7122712538087 0
    vertex 33.67868485916953 230.1865242225063 0
    vertex 32.6225883846526 231.9101447590027 0
  endloop
endfacet
facet normal 0 0 -1
  outer loop
    vertex 25.3384115860499 233.3713097861296 0
    vertex 23.95455407114272 234.8887990737408 0
    vertex 25.64316318691516 234.9891090712066 0
  endloop
endfacet
facet normal 0 0 -1
  outer loop
    vertex 33.67868485916953 230.1865242225063 0
    vertex 31.76673726714155 230.4715572550921 0
    vertex 32.6225883846526 231.9101447590027 0
  endloop
endfacet
facet normal 0 0 -1
  outer loop
    vertex 23.10554788705649 233.4378240774293 0
    vertex 23.95455407114272 234.8887990737408 0
    vertex 25.3384115860499 233.3713097861296 0
  endloop
endfacet
facet normal -0 0 -1
  outer loop
    vertex 1.460834909068238e-14 235.774812062804 0
    vertex -1.950107675789452 235.5409601143922 0
    vertex -0.9948347644083979 237.4979164198952 0
  endloop
endfacet
facet normal 0 -0 -1
  outer loop
    vertex -2.984434472296255 237.4812479984063 0
    vertex -1.950107675789452 235.5409601143922 0
    vertex -3.950260057513474 235.7417176672991 0
  endloop
endfacet
facet normal 0 -0 -1
  outer loop
    vertex 20.33530577633445 227.0537652850153 0
    vertex 21.09705391367778 225.2427885082406 0
    vertex 19.04571213117717 225.4102169596519 0
  endloop
endfacet
facet normal 0 -0 -1
  outer loop
    vertex -8.142498689498618 229.1412154457463 0
    vertex -7.998099033600827 227.3078484441055 0
    vertex -9.72401559339327 227.6007391925216 0
  endloop
endfacet
facet normal 0 0 -1
  outer loop
    vertex 20.33530577633445 227.0537652850153 0
    vertex 22.43578029426408 226.8773730677169 0
    vertex 21.09705391367778 225.2427885082406 0
  endloop
endfacet
facet normal 0 0 -1
  outer loop
    vertex 7.720764668845685 235.7152646664402 0
    vertex 9.717864907994986 235.6127817354979 0
    vertex 8.425855177663736 233.9163926424229 0
  endloop
endfacet
facet normal 0 0 -1
  outer loop
    vertex 45.16399176784396 224.4414721035974 0
    vertex 43.27738271717791 224.5303564591746 0
    vertex 44.41226886710846 225.8683090063366 0
  endloop
endfacet
facet normal 0 0 -1
  outer loop
    vertex -13.12498620510444 226.105333092629 0
    vertex -14.67636055624265 227.1722667903696 0
    vertex -13.48764436871372 228.1389956036213 0
  endloop
endfacet
facet normal 0 0 -1
  outer loop
    vertex 21.09705391367778 225.2427885082406 0
    vertex 22.43578029426408 226.8773730677169 0
    vertex 23.01417807997265 225.0470083380741 0
  endloop
endfacet
facet normal 0 -0 -1
  outer loop
    vertex 12.00837008025405 229.7825690078868 0
    vertex 13.16668258910964 228.3442090854918 0
    vertex 11.73041313486335 227.8461600820009 0
  endloop
endfacet
facet normal 0 0 -1
  outer loop
    vertex -26.88145019691654 224.6842513623588 0
    vertex -27.76840028924273 226.5328959831981 0
    vertex -25.83760415261474 226.3645323030606 0
  endloop
endfacet
facet normal 0 0 -1
  outer loop
    vertex -22.86818920128487 232.9021342718746 0
    vertex -23.75434599062574 234.6509295258461 0
    vertex -21.52470285339762 234.7018374865382 0
  endloop
endfacet
facet normal 0 -0 -1
  outer loop
    vertex -6.962865892154256 237.3979117401159 0
    vertex -5.890959817520026 235.6105637248941 0
    vertex -7.838721493187128 235.6584424265982 0
  endloop
endfacet
facet normal -0 0 -1
  outer loop
    vertex -3.950260057513474 235.7417176672991 0
    vertex -5.890959817520026 235.6105637248941 0
    vertex -4.97382472229727 237.4479123252758 0
  endloop
endfacet
facet normal 0 0 -1
  outer loop
    vertex -31.42213312601984 233.6952707691242 0
    vertex -29.52713367863399 233.939300363397 0
    vertex -30.09826414632078 232.0678325904034 0
  endloop
endfacet
facet normal 0 0 -1
  outer loop
    vertex 13.11851538498415 226.2696888418801 0
    vertex 15.13659675783889 225.8145568229501 0
    vertex 13.91723917916447 224.0682049145526 0
  endloop
endfacet
facet normal 0 0 -1
  outer loop
    vertex 15.90229296421691 223.9360781081963 0
    vertex 15.13659675783889 225.8145568229501 0
    vertex 17.0238501557585 225.5792474508419 0
  endloop
endfacet
facet normal 0 0 -1
  outer loop
    vertex -35.65848426391674 221.65 0
    vertex -34.76694272856167 223.4164022480135 0
    vertex -33.69291304259494 221.9572878071457 0
  endloop
endfacet
facet normal 0 0 -1
  outer loop
    vertex -36.6559683133848 223.2022371308026 0
    vertex -34.76694272856167 223.4164022480135 0
    vertex -35.65848426391674 221.65 0
  endloop
endfacet
facet normal 0 0 -1
  outer loop
    vertex 11.73041313486335 227.8461600820009 0
    vertex 10.63602928744227 228.9280609186643 0
    vertex 12.00837008025405 229.7825690078868 0
  endloop
endfacet
facet normal 0 0 -1
  outer loop
    vertex 36.59303712138584 223.2463258476762 0
    vertex 34.81723877764328 223.5214852831117 0
    vertex 35.95794902368394 225.1025155239014 0
  endloop
endfacet
facet normal -0 0 -1
  outer loop
    vertex -17.10752829757071 225.5299681077333 0
    vertex -19.00929088613176 225.2668836602504 0
    vertex -18.3022064682829 227.1741020738008 0
  endloop
endfacet
facet normal 0 -0 -1
  outer loop
    vertex 15.73728210444143 229.3967982250198 0
    vertex 16.37624258967372 227.4241502891079 0
    vertex 14.54654046378597 227.7640710863064 0
  endloop
endfacet
facet normal 0 0 -1
  outer loop
    vertex 31.72469594061735 222.2471454653026 0
    vertex 30.98497045408471 224.0614118989838 0
    vertex 32.91454018403972 223.8145452798782 0
  endloop
endfacet
facet normal -0 0 -1
  outer loop
    vertex 39.6646152892327 224.7314038009801 0
    vertex 38.3937225611778 223.1798325452031 0
    vertex 37.8177363066752 224.8753626351471 0
  endloop
endfacet
facet normal 0 -0 -1
  outer loop
    vertex -12.32683306156227 229.6749400731254 0
    vertex -11.78276777343665 227.6179289498134 0
    vertex -13.48764436871372 228.1389956036213 0
  endloop
endfacet
facet normal 0 0 -1
  outer loop
    vertex -29.75398752068254 222.5195502121534 0
    vertex -31.21503350794234 224.1145308639571 0
    vertex -29.13035563886386 224.7301983560205 0
  endloop
endfacet
facet normal 0 0 -1
  outer loop
    vertex 30.98497045408471 224.0614118989838 0
    vertex 32.18933292272056 225.5970181708227 0
    vertex 32.91454018403972 223.8145452798782 0
  endloop
endfacet
facet normal 0 0 -1
  outer loop
    vertex 22.43578029426408 226.8773730677169 0
    vertex 24.36021588114862 226.6127596211399 0
    vertex 23.01417807997265 225.0470083380741 0
  endloop
endfacet
facet normal 0 0 -1
  outer loop
    vertex 29.02433010578826 224.3172274318945 0
    vertex 27.05041674327126 224.5615151988556 0
    vertex 28.28863506679934 226.095183128384 0
  endloop
endfacet
facet normal 0 0 -1
  outer loop
    vertex -43.45151738047498 225.3243020879989 0
    vertex -43.99739250325165 223.3159128484869 0
    vertex -45.31468668105833 224.6525854453109 0
  endloop
endfacet
facet normal 0 0 -1
  outer loop
    vertex 37.49830343555394 233.1040580998429 0
    vertex 39.53409649340463 232.6456593839932 0
    vertex 38.50456038010713 231.322424481989 0
  endloop
endfacet
facet normal 0 0 -1
  outer loop
    vertex 29.91182925648215 230.8664427355752 0
    vertex 30.75792617976541 232.3143115011912 0
    vertex 31.76673726714155 230.4715572550921 0
  endloop
endfacet
facet normal 0 0 -1
  outer loop
    vertex 36.6103965181719 231.5924090054194 0
    vertex 37.49830343555394 233.1040580998429 0
    vertex 38.50456038010713 231.322424481989 0
  endloop
endfacet
facet normal 0 0 -1
  outer loop
    vertex 23.01417807997265 225.0470083380741 0
    vertex 24.36021588114862 226.6127596211399 0
    vertex 25.06831955537293 224.8035404325936 0
  endloop
endfacet
facet normal 0 0 -1
  outer loop
    vertex -38.5299945483146 226.4222336071864 0
    vertex -36.60114718182333 226.2528690675463 0
    vertex -37.61393496617092 224.7466419356044 0
  endloop
endfacet
facet normal 0 0 -1
  outer loop
    vertex 17.72451281169312 235.0340160599614 0
    vertex 19.89226423622117 234.5692221757503 0
    vertex 18.29295210094889 233.0346009729054 0
  endloop
endfacet
facet normal -0 0 -1
  outer loop
    vertex 28.28863506679934 226.095183128384 0
    vertex 27.05041674327126 224.5615151988556 0
    vertex 26.33455724674842 226.3667427671429 0
  endloop
endfacet
facet normal 0 -0 -1
  outer loop
    vertex -37.36801174220455 227.9214227776756 0
    vertex -36.60114718182333 226.2528690675463 0
    vertex -38.5299945483146 226.4222336071864 0
  endloop
endfacet
facet normal 0 0 -1
  outer loop
    vertex 32.91454018403972 223.8145452798782 0
    vertex 34.81723877764328 223.5214852831117 0
    vertex 33.69291304259492 221.9572878071458 0
  endloop
endfacet
facet normal 0 0 -1
  outer loop
    vertex -41.84927861317916 230.1987695722461 0
    vertex -42.90891826713011 231.6823704381939 0
    vertex -40.9868236470766 232.0654155894009 0
  endloop
endfacet
facet normal 0 0 -1
  outer loop
    vertex 31.72469594061735 222.2471454653026 0
    vertex 32.91454018403972 223.8145452798782 0
    vertex 33.69291304259492 221.9572878071458 0
  endloop
endfacet
facet normal 0 0 -1
  outer loop
    vertex -33.69291304259494 221.9572878071457 0
    vertex -32.95982858705148 223.8067426466997 0
    vertex -31.72469594061742 222.2471454653026 0
  endloop
endfacet
facet normal -0 0 -1
  outer loop
    vertex -30.09826414632078 232.0678325904034 0
    vertex -32.20623258973414 232.0470966419714 0
    vertex -31.42213312601984 233.6952707691242 0
  endloop
endfacet
facet normal 0 -0 -1
  outer loop
    vertex 37.13967678409844 226.6178574980337 0
    vertex 37.8177363066752 224.8753626351471 0
    vertex 35.95794902368394 225.1025155239014 0
  endloop
endfacet
facet normal 0 0 -1
  outer loop
    vertex -37.61393496617092 224.7466419356044 0
    vertex -35.74145158352653 224.7246918706313 0
    vertex -36.6559683133848 223.2022371308026 0
  endloop
endfacet
facet normal 0 0 -1
  outer loop
    vertex 19.89226423622117 234.5692221757503 0
    vertex 21.45112655798642 233.4425439875851 0
    vertex 20.18848767013583 232.3317378054921 0
  endloop
endfacet
facet normal 0 0 -1
  outer loop
    vertex 9.944008846877475 224.2796617797816 0
    vertex 8.929462216927972 226.3561225422927 0
    vertex 11.03433521091331 225.9414030097267 0
  endloop
endfacet
facet normal 0 0 -1
  outer loop
    vertex 32.18933292272056 225.5970181708227 0
    vertex 34.08650903023857 225.3582372400688 0
    vertex 32.91454018403972 223.8145452798782 0
  endloop
endfacet
facet normal 0 0 -1
  outer loop
    vertex -32.95982858705148 223.8067426466997 0
    vertex -31.21503350794234 224.1145308639571 0
    vertex -31.72469594061742 222.2471454653026 0
  endloop
endfacet
facet normal 0 0 -1
  outer loop
    vertex -39.63005597154966 224.9142762758237 0
    vertex -41.47039424617174 225.1144458062489 0
    vertex -40.40769548705575 226.6656855691903 0
  endloop
endfacet
facet normal 0 0 -1
  outer loop
    vertex 14.34813282698889 233.2265453374247 0
    vertex 15.62994484914414 235.0491532541868 0
    vertex 16.27325939256334 232.9329303858245 0
  endloop
endfacet
facet normal 0 0 -1
  outer loop
    vertex 29.02433010578826 224.3172274318945 0
    vertex 30.98497045408471 224.0614118989838 0
    vertex 29.75398752068251 222.5195502121534 0
  endloop
endfacet
facet normal 0 0 -1
  outer loop
    vertex -31.64721871955079 227.2102878069111 0
    vertex -33.57400457827402 227.4296647464651 0
    vertex -32.40425250490006 228.9384209120384 0
  endloop
endfacet
facet normal 0 0 -1
  outer loop
    vertex 46.1908650181918 222.8891112978365 0
    vertex 45.16399176784396 224.4414721035974 0
    vertex 47.27998926025504 224.5296410697769 0
  endloop
endfacet
facet normal 0 0 -1
  outer loop
    vertex -47.27998926025501 224.5296410697769 0
    vertex -45.31468668105833 224.6525854453109 0
    vertex -46.19086501819177 222.8891112978365 0
  endloop
endfacet
facet normal -0 0 -1
  outer loop
    vertex -35.47551517038263 227.6712815577984 0
    vertex -36.60114718182333 226.2528690675463 0
    vertex -37.36801174220455 227.9214227776756 0
  endloop
endfacet
facet normal -0 0 -1
  outer loop
    vertex 40.89969718504621 226.181600449114 0
    vertex 39.6646152892327 224.7314038009801 0
    vertex 39.02114922188562 226.370903336483 0
  endloop
endfacet
facet normal 0 -0 -1
  outer loop
    vertex 35.25723030878078 226.8665631311236 0
    vertex 35.95794902368394 225.1025155239014 0
    vertex 34.08650903023857 225.3582372400688 0
  endloop
endfacet
facet normal -0 0 -1
  outer loop
    vertex -38.5299945483146 226.4222336071864 0
    vertex -39.63005597154966 224.9142762758237 0
    vertex -40.40769548705575 226.6656855691903 0
  endloop
endfacet
facet normal 0 -0 -1
  outer loop
    vertex -38.5299945483146 226.4222336071864 0
    vertex -37.61393496617092 224.7466419356044 0
    vertex -39.63005597154966 224.9142762758237 0
  endloop
endfacet
facet normal 0 0 -1
  outer loop
    vertex -1.989426630920154 224.4911850868096 0
    vertex -3.022373795881874 226.2092713635664 0
    vertex -1.002347254215141 226.2184865447469 0
  endloop
endfacet
facet normal 0 0 -1
  outer loop
    vertex -7.95614431461368 224.3589752330961 0
    vertex -9.013361676478912 225.9679914507609 0
    vertex -7.016631313732789 226.0374149278149 0
  endloop
endfacet
facet normal 0 0 -1
  outer loop
    vertex -13.91723917916444 224.0682049145526 0
    vertex -15.14605593159738 225.7004391088703 0
    vertex -13.12498620510444 226.105333092629 0
  endloop
endfacet
facet normal -0 0 -1
  outer loop
    vertex 42.54709065985079 233.6578590083852 0
    vertex 41.43535923013438 232.3622660738382 0
    vertex 40.58813300427821 234.0060970556687 0
  endloop
endfacet
facet normal 0 0 -1
  outer loop
    vertex -40.58813300427818 234.0060970556687 0
    vertex -40.9868236470766 232.0654155894009 0
    vertex -42.54709065985075 233.6578590083852 0
  endloop
endfacet
facet normal 0 0 -1
  outer loop
    vertex 29.75398752068251 222.5195502121534 0
    vertex 30.98497045408471 224.0614118989838 0
    vertex 31.72469594061735 222.2471454653026 0
  endloop
endfacet
facet normal -0 0 -1
  outer loop
    vertex -37.36801174220455 227.9214227776756 0
    vertex -38.5299945483146 226.4222336071864 0
    vertex -39.25359081050302 228.1706438938034 0
  endloop
endfacet
facet normal 0 0 -1
  outer loop
    vertex -30.45878506960184 228.680982975761 0
    vertex -32.40425250490006 228.9384209120384 0
    vertex -31.21710830220583 230.442528311338 0
  endloop
endfacet
facet normal 0 -0 -1
  outer loop
    vertex 7.720764668845685 235.7152646664402 0
    vertex 8.425855177663736 233.9163926424229 0
    vertex 6.446448103439799 234.0703244243509 0
  endloop
endfacet
facet normal 0 0 -1
  outer loop
    vertex -34.74444845628308 226.053163918345 0
    vertex -36.60114718182333 226.2528690675463 0
    vertex -35.47551517038263 227.6712815577984 0
  endloop
endfacet
facet normal 0 0 -1
  outer loop
    vertex -44.34567337549758 227.4889321789571 0
    vertex -44.4048073904442 229.3411252951151 0
    vertex -42.85410052881009 228.6678009313194 0
  endloop
endfacet
facet normal -0 0 -1
  outer loop
    vertex 39.02114922188562 226.370903336483 0
    vertex 37.8177363066752 224.8753626351471 0
    vertex 37.13967678409844 226.6178574980337 0
  endloop
endfacet
facet normal -0 0 -1
  outer loop
    vertex -30.45878506960184 228.680982975761 0
    vertex -31.64721871955079 227.2102878069111 0
    vertex -32.40425250490006 228.9384209120384 0
  endloop
endfacet
facet normal 0 0 -1
  outer loop
    vertex -38.84357226315065 231.4563248308117 0
    vertex -37.57397367851519 232.9397260901201 0
    vertex -36.88629359313979 231.2204224756435 0
  endloop
endfacet
facet normal 0 0 -1
  outer loop
    vertex 7.956144314613706 224.3589752330961 0
    vertex 8.929462216927972 226.3561225422927 0
    vertex 9.944008846877475 224.2796617797816 0
  endloop
endfacet
facet normal -0 0 -1
  outer loop
    vertex -33.57400457827402 227.4296647464651 0
    vertex -34.74444845628308 226.053163918345 0
    vertex -35.47551517038263 227.6712815577984 0
  endloop
endfacet
facet normal 0 0 -1
  outer loop
    vertex -33.57400457827402 227.4296647464651 0
    vertex -35.47551517038263 227.6712815577984 0
    vertex -34.31099770466052 229.186753448174 0
  endloop
endfacet
facet normal 0 0 -1
  outer loop
    vertex 13.6230646515754 235.171980863915 0
    vertex 15.62994484914414 235.0491532541868 0
    vertex 14.34813282698889 233.2265453374247 0
  endloop
endfacet
facet normal 0 -0 -1
  outer loop
    vertex -30.45878506960184 228.680982975761 0
    vertex -29.71541025655254 226.8552540242742 0
    vertex -31.64721871955079 227.2102878069111 0
  endloop
endfacet
facet normal 0 0 -1
  outer loop
    vertex -28.50288233811983 228.4127114571635 0
    vertex -30.45878506960184 228.680982975761 0
    vertex -29.25484423782834 230.2395075725718 0
  endloop
endfacet
facet normal 0 0 -1
  outer loop
    vertex 39.6646152892327 224.7314038009801 0
    vertex 37.8177363066752 224.8753626351471 0
    vertex 39.02114922188562 226.370903336483 0
  endloop
endfacet
facet normal 0 0 -1
  outer loop
    vertex -31.72469594061742 222.2471454653026 0
    vertex -31.21503350794234 224.1145308639571 0
    vertex -29.75398752068254 222.5195502121534 0
  endloop
endfacet
facet normal 0 0 -1
  outer loop
    vertex -38.5299945483146 226.4222336071864 0
    vertex -40.40769548705575 226.6656855691903 0
    vertex -39.25359081050302 228.1706438938034 0
  endloop
endfacet
facet normal 0 -0 -1
  outer loop
    vertex -28.50288233811983 228.4127114571635 0
    vertex -27.76840028924273 226.5328959831981 0
    vertex -29.71541025655254 226.8552540242742 0
  endloop
endfacet
facet normal 0 0 -1
  outer loop
    vertex -33.57400457827402 227.4296647464651 0
    vertex -34.31099770466052 229.186753448174 0
    vertex -32.40425250490006 228.9384209120384 0
  endloop
endfacet
facet normal 0 0 -1
  outer loop
    vertex 29.02433010578826 224.3172274318945 0
    vertex 30.25890728298232 225.855962558401 0
    vertex 30.98497045408471 224.0614118989838 0
  endloop
endfacet
facet normal 0 0 -1
  outer loop
    vertex 35.25723030878078 226.8665631311236 0
    vertex 37.13967678409844 226.6178574980337 0
    vertex 35.95794902368394 225.1025155239014 0
  endloop
endfacet
facet normal 0 0 -1
  outer loop
    vertex -34.69471928357274 234.9521790787097 0
    vertex -35.44326271402796 232.9377449590263 0
    vertex -36.66180953468935 234.6532798015876 0
  endloop
endfacet
facet normal -0 0 -1
  outer loop
    vertex 36.66180953468938 234.6532798015876 0
    vertex 35.55008095590703 233.2476152874202 0
    vertex 34.69471928357277 234.9521790787097 0
  endloop
endfacet
facet normal 0 -0 -1
  outer loop
    vertex 39.6646152892327 224.7314038009801 0
    vertex 40.35505714930471 223.1808916154799 0
    vertex 38.3937225611778 223.1798325452031 0
  endloop
endfacet
facet normal 0 -0 -1
  outer loop
    vertex 38.29682975835566 228.1182807051578 0
    vertex 39.02114922188562 226.370903336483 0
    vertex 37.13967678409844 226.6178574980337 0
  endloop
endfacet
facet normal 0 0 -1
  outer loop
    vertex 6.906746652781655 226.0565002741353 0
    vertex 8.929462216927972 226.3561225422927 0
    vertex 7.956144314613706 224.3589752330961 0
  endloop
endfacet
facet normal 0 0 -1
  outer loop
    vertex -7.016631313732789 226.0374149278149 0
    vertex -6.093987894900547 227.7918812036837 0
    vertex -5.013955348425759 226.0539052106743 0
  endloop
endfacet
facet normal 0 -0 -1
  outer loop
    vertex 40.17284166129398 227.8658166735413 0
    vertex 40.89969718504621 226.181600449114 0
    vertex 39.02114922188562 226.370903336483 0
  endloop
endfacet
facet normal -0 0 -1
  outer loop
    vertex -40.40769548705575 226.6656855691903 0
    vertex -41.47039424617174 225.1144458062489 0
    vertex -42.29049246357733 226.9010300116322 0
  endloop
endfacet
facet normal 0 0 -1
  outer loop
    vertex -26.54269915238886 228.150428396311 0
    vertex -28.50288233811983 228.4127114571635 0
    vertex -27.29203015218928 229.9818534745073 0
  endloop
endfacet
facet normal -0 0 -1
  outer loop
    vertex -28.50288233811983 228.4127114571635 0
    vertex -29.71541025655254 226.8552540242742 0
    vertex -30.45878506960184 228.680982975761 0
  endloop
endfacet
facet normal 0 0 -1
  outer loop
    vertex 23.82846284180666 223.2318399301422 0
    vertex 25.06831955537293 224.8035404325936 0
    vertex 25.80571594378849 223.0119167771725 0
  endloop
endfacet
facet normal 0 0 -1
  outer loop
    vertex -30.45878506960184 228.680982975761 0
    vertex -31.21710830220583 230.442528311338 0
    vertex -29.25484423782834 230.2395075725718 0
  endloop
endfacet
facet normal 0 0 -1
  outer loop
    vertex -28.50288233811983 228.4127114571635 0
    vertex -29.25484423782834 230.2395075725718 0
    vertex -27.29203015218928 229.9818534745073 0
  endloop
endfacet
facet normal 0 0 -1
  outer loop
    vertex -35.47551517038263 227.6712815577984 0
    vertex -37.36801174220455 227.9214227776756 0
    vertex -36.20672502528352 229.4323268821065 0
  endloop
endfacet
facet normal 0 -0 -1
  outer loop
    vertex -47.15311337619022 230.2549486386354 0
    vertex -45.85332128017114 228.7757359918537 0
    vertex -47.78425305789282 228.3896893404538 0
  endloop
endfacet
facet normal 0 0 -1
  outer loop
    vertex 47.78425305789285 228.3896893404538 0
    vertex 45.85332128017117 228.7757359918537 0
    vertex 47.15311337619026 230.2549486386354 0
  endloop
endfacet
facet normal 0 -0 -1
  outer loop
    vertex -42.29049246357733 226.9010300116322 0
    vertex -41.47039424617174 225.1144458062489 0
    vertex -43.45151738047498 225.3243020879989 0
  endloop
endfacet
facet normal -0 0 -1
  outer loop
    vertex -26.54269915238886 228.150428396311 0
    vertex -27.76840028924273 226.5328959831981 0
    vertex -28.50288233811983 228.4127114571635 0
  endloop
endfacet
facet normal -0 0 -1
  outer loop
    vertex -42.29049246357733 226.9010300116322 0
    vertex -43.45151738047498 225.3243020879989 0
    vertex -44.34567337549758 227.4889321789571 0
  endloop
endfacet
facet normal 0 0 -1
  outer loop
    vertex 17.88609795343854 223.786365759847 0
    vertex 19.04571213117717 225.4102169596519 0
    vertex 19.86849836002525 223.6190796263093 0
  endloop
endfacet
facet normal 0 -0 -1
  outer loop
    vertex -25.83760415261474 226.3645323030606 0
    vertex -24.91343602212955 224.7615340048814 0
    vertex -26.88145019691654 224.6842513623588 0
  endloop
endfacet
facet normal -0 0 -1
  outer loop
    vertex 35.95794902368394 225.1025155239014 0
    vertex 34.81723877764328 223.5214852831117 0
    vertex 34.08650903023857 225.3582372400688 0
  endloop
endfacet
facet normal 0 -0 -1
  outer loop
    vertex -34.69471928357274 234.9521790787097 0
    vertex -33.37810727545769 233.4698985899081 0
    vertex -35.44326271402796 232.9377449590263 0
  endloop
endfacet
facet normal 0 0 -1
  outer loop
    vertex 35.55008095590703 233.2476152874202 0
    vertex 33.504533183421 233.4425745002036 0
    vertex 34.69471928357277 234.9521790787097 0
  endloop
endfacet
facet normal 0 0 -1
  outer loop
    vertex 11.93109248315243 224.1827358030909 0
    vertex 13.11851538498415 226.2696888418801 0
    vertex 13.91723917916447 224.0682049145526 0
  endloop
endfacet
facet normal 0 0 -1
  outer loop
    vertex -27.7809425411302 222.7744806559459 0
    vertex -26.88145019691654 224.6842513623588 0
    vertex -25.80571594378856 223.0119167771725 0
  endloop
endfacet
facet normal 0 0 -1
  outer loop
    vertex 5.967654991958278 224.4206699346051 0
    vertex 6.906746652781655 226.0565002741353 0
    vertex 7.956144314613706 224.3589752330961 0
  endloop
endfacet
facet normal 0 0 -1
  outer loop
    vertex -21.84933850747374 223.4342328444454 0
    vertex -21.03504335499284 225.2494087571023 0
    vertex -19.86849836002527 223.6190796263093 0
  endloop
endfacet
facet normal 0 0 -1
  outer loop
    vertex -3.978697033572663 224.4647410394671 0
    vertex -3.022373795881874 226.2092713635664 0
    vertex -1.989426630920154 224.4911850868096 0
  endloop
endfacet
facet normal 0 0 -1
  outer loop
    vertex -9.944008846877448 224.2796617797816 0
    vertex -9.013361676478912 225.9679914507609 0
    vertex -7.95614431461368 224.3589752330961 0
  endloop
endfacet
facet normal 0 0 -1
  outer loop
    vertex -15.90229296421693 223.9360781081963 0
    vertex -15.14605593159738 225.7004391088703 0
    vertex -13.91723917916444 224.0682049145526 0
  endloop
endfacet
facet normal 0 0 -1
  outer loop
    vertex -5.9676549919582 224.4206699346051 0
    vertex -7.016631313732789 226.0374149278149 0
    vertex -5.013955348425759 226.0539052106743 0
  endloop
endfacet
facet normal 0 0 -1
  outer loop
    vertex -11.9310924831524 224.1827358030909 0
    vertex -13.12498620510444 226.105333092629 0
    vertex -10.98299283312324 225.9294106521107 0
  endloop
endfacet
facet normal -0 0 -1
  outer loop
    vertex 0.7728549458713272 229.7116277678715 0
    vertex -0.2731192412867512 228.0279362301669 0
    vertex -1.199135708711164 229.9730934199066 0
  endloop
endfacet
facet normal 0 0 -1
  outer loop
    vertex 19.04571213117717 225.4102169596519 0
    vertex 21.09705391367778 225.2427885082406 0
    vertex 19.86849836002525 223.6190796263093 0
  endloop
endfacet
facet normal 0 0 -1
  outer loop
    vertex -30.75337202483862 235.5004885538497 0
    vertex -31.42213312601984 233.6952707691242 0
    vertex -32.72519403760154 235.2345886029547 0
  endloop
endfacet
facet normal -0 0 -1
  outer loop
    vertex 32.72519403760152 235.2345886029547 0
    vertex 31.60322323291232 233.7749234697963 0
    vertex 30.75337202483865 235.5004885538497 0
  endloop
endfacet
facet normal 0 0 -1
  outer loop
    vertex -3.022373795881874 226.2092713635664 0
    vertex -4.133333184267581 227.3353428536161 0
    vertex -2.455071521052021 228.1023121578077 0
  endloop
endfacet
facet normal -0 0 -1
  outer loop
    vertex 45.99238397539955 231.845620448096 0
    vertex 44.18350620912265 230.9291145859482 0
    vertex 44.40859177973264 233.0157195157895 0
  endloop
endfacet
facet normal 0 0 -1
  outer loop
    vertex -44.4085917797326 233.0157195157895 0
    vertex -44.42214464033454 231.1040571688339 0
    vertex -45.99238397539951 231.845620448096 0
  endloop
endfacet
facet normal 0 0 -1
  outer loop
    vertex -24.10696319758058 231.2941138710597 0
    vertex -26.08249440011745 231.5561621997448 0
    vertex -24.80193346687118 233.0270921920255 0
  endloop
endfacet
facet normal -0 0 -1
  outer loop
    vertex 33.504533183421 233.4425745002036 0
    vertex 32.6225883846526 231.9101447590027 0
    vertex 31.60322323291232 233.7749234697963 0
  endloop
endfacet
facet normal 0 0 -1
  outer loop
    vertex -37.36801174220455 227.9214227776756 0
    vertex -39.25359081050302 228.1706438938034 0
    vertex -38.09920146966199 229.6847986273781 0
  endloop
endfacet
facet normal 0 0 -1
  outer loop
    vertex 1.649158020762231 227.8441549251738 0
    vertex -0.2731192412867512 228.0279362301669 0
    vertex 0.7728549458713272 229.7116277678715 0
  endloop
endfacet
facet normal 0 -0 -1
  outer loop
    vertex -1.199135708711164 229.9730934199066 0
    vertex -0.2731192412867512 228.0279362301669 0
    vertex -2.455071521052021 228.1023121578077 0
  endloop
endfacet
facet normal 0 0 -1
  outer loop
    vertex 33.36526542143787 227.1198679894912 0
    vertex 35.25723030878078 226.8665631311236 0
    vertex 34.08650903023857 225.3582372400688 0
  endloop
endfacet
facet normal 0 0 -1
  outer loop
    vertex -25.32099794397672 229.7181093853828 0
    vertex -26.08249440011745 231.5561621997448 0
    vertex -24.10696319758058 231.2941138710597 0
  endloop
endfacet
facet normal 0 0 -1
  outer loop
    vertex -25.83760415261474 226.3645323030606 0
    vertex -27.76840028924273 226.5328959831981 0
    vertex -26.54269915238886 228.150428396311 0
  endloop
endfacet
facet normal 0 0 -1
  outer loop
    vertex 31.76673726714155 230.4715572550921 0
    vertex 30.75792617976541 232.3143115011912 0
    vertex 32.6225883846526 231.9101447590027 0
  endloop
endfacet
facet normal 0 -0 -1
  outer loop
    vertex -33.57400457827402 227.4296647464651 0
    vertex -32.72653503496994 225.5707432059861 0
    vertex -34.74444845628308 226.053163918345 0
  endloop
endfacet
facet normal 0 0 -1
  outer loop
    vertex 32.18933292272056 225.5970181708227 0
    vertex 33.36526542143787 227.1198679894912 0
    vertex 34.08650903023857 225.3582372400688 0
  endloop
endfacet
facet normal 0 0 -1
  outer loop
    vertex 23.01417807997265 225.0470083380741 0
    vertex 25.06831955537293 224.8035404325936 0
    vertex 23.82846284180666 223.2318399301422 0
  endloop
endfacet
facet normal -0 0 -1
  outer loop
    vertex -31.42213312601984 233.6952707691242 0
    vertex -33.37810727545769 233.4698985899081 0
    vertex -32.72519403760154 235.2345886029547 0
  endloop
endfacet
facet normal 0 -0 -1
  outer loop
    vertex 32.72519403760152 235.2345886029547 0
    vertex 33.504533183421 233.4425745002036 0
    vertex 31.60322323291232 233.7749234697963 0
  endloop
endfacet
facet normal 0 0 -1
  outer loop
    vertex 43.10732673739935 229.2582696753888 0
    vertex 42.33187393766872 230.762652744208 0
    vertex 44.18350620912265 230.9291145859482 0
  endloop
endfacet
facet normal 0 0 -1
  outer loop
    vertex -26.54269915238886 228.150428396311 0
    vertex -27.29203015218928 229.9818534745073 0
    vertex -25.32099794397672 229.7181093853828 0
  endloop
endfacet
facet normal 0 -0 -1
  outer loop
    vertex 26.33455724674842 226.3667427671429 0
    vertex 27.05041674327126 224.5615151988556 0
    vertex 25.06831955537293 224.8035404325936 0
  endloop
endfacet
facet normal 0 0 -1
  outer loop
    vertex 17.0238501557585 225.5792474508419 0
    vertex 18.28773362776301 227.2244081959863 0
    vertex 19.04571213117717 225.4102169596519 0
  endloop
endfacet
facet normal 0 0 -1
  outer loop
    vertex -35.47551517038263 227.6712815577984 0
    vertex -36.20672502528352 229.4323268821065 0
    vertex -34.31099770466052 229.186753448174 0
  endloop
endfacet
facet normal 0 0 -1
  outer loop
    vertex 17.0238501557585 225.5792474508419 0
    vertex 19.04571213117717 225.4102169596519 0
    vertex 17.88609795343854 223.786365759847 0
  endloop
endfacet
facet normal 0 0 -1
  outer loop
    vertex -24.61473050205399 227.9194487193066 0
    vertex -26.54269915238886 228.150428396311 0
    vertex -25.32099794397672 229.7181093853828 0
  endloop
endfacet
facet normal -0 0 -1
  outer loop
    vertex -24.61473050205399 227.9194487193066 0
    vertex -25.83760415261474 226.3645323030606 0
    vertex -26.54269915238886 228.150428396311 0
  endloop
endfacet
facet normal 0 0 -1
  outer loop
    vertex -20.60950604802768 227.2143900671459 0
    vertex -22.70064671494261 227.7139774788496 0
    vertex -21.37792835540846 229.1916255900877 0
  endloop
endfacet
facet normal -0 0 -1
  outer loop
    vertex -12.32683306156227 229.6749400731254 0
    vertex -13.48764436871372 228.1389956036213 0
    vertex -14.24559795118865 230.0387949191164 0
  endloop
endfacet
facet normal -0 0 -1
  outer loop
    vertex -19.4178578994812 228.9373786949133 0
    vertex -20.60950604802768 227.2143900671459 0
    vertex -21.37792835540846 229.1916255900877 0
  endloop
endfacet
facet normal -0 0 -1
  outer loop
    vertex 2.737893465372188 229.4516756477652 0
    vertex 1.649158020762231 227.8441549251738 0
    vertex 0.7728549458713272 229.7116277678715 0
  endloop
endfacet
facet normal 0 -0 -1
  outer loop
    vertex -19.4178578994812 228.9373786949133 0
    vertex -18.3022064682829 227.1741020738008 0
    vertex -20.60950604802768 227.2143900671459 0
  endloop
endfacet
facet normal -0 0 -1
  outer loop
    vertex -21.37792835540846 229.1916255900877 0
    vertex -22.70064671494261 227.7139774788496 0
    vertex -23.34844813303962 229.4549389701355 0
  endloop
endfacet
facet normal 0 -0 -1
  outer loop
    vertex -23.34844813303962 229.4549389701355 0
    vertex -22.70064671494261 227.7139774788496 0
    vertex -24.61473050205399 227.9194487193066 0
  endloop
endfacet
facet normal -0 0 -1
  outer loop
    vertex -1.199135708711164 229.9730934199066 0
    vertex -2.455071521052021 228.1023121578077 0
    vertex -3.160108582020602 230.242348078392 0
  endloop
endfacet
facet normal -0 0 -1
  outer loop
    vertex -7.100687626830544 230.8561985279229 0
    vertex -8.142498689498618 229.1412154457463 0
    vertex -9.082502082229194 231.0618102668558 0
  endloop
endfacet
facet normal -0 0 -1
  outer loop
    vertex -11.0568657887319 231.3106628231799 0
    vertex -12.32683306156227 229.6749400731254 0
    vertex -13.03409409674023 231.5367436695928 0
  endloop
endfacet
facet normal -0 0 -1
  outer loop
    vertex -18.19522769421816 230.5106506033497 0
    vertex -19.4178578994812 228.9373786949133 0
    vertex -20.16483436025886 230.7556846864348 0
  endloop
endfacet
facet normal 0 -0 -1
  outer loop
    vertex 2.737893465372188 229.4516756477652 0
    vertex 3.672911070012619 227.6705156119351 0
    vertex 1.649158020762231 227.8441549251738 0
  endloop
endfacet
facet normal -0 0 -1
  outer loop
    vertex -23.34844813303962 229.4549389701355 0
    vertex -24.61473050205399 227.9194487193066 0
    vertex -25.32099794397672 229.7181093853828 0
  endloop
endfacet
facet normal -0 0 -1
  outer loop
    vertex 3.958965913381934 231.0245160519555 0
    vertex 2.737893465372188 229.4516756477652 0
    vertex 1.995399335283192 231.2689853713835 0
  endloop
endfacet
facet normal 0 0 -1
  outer loop
    vertex -12.32683306156227 229.6749400731254 0
    vertex -14.24559795118865 230.0387949191164 0
    vertex -13.03409409674023 231.5367436695928 0
  endloop
endfacet
facet normal 0 0 -1
  outer loop
    vertex -19.4178578994812 228.9373786949133 0
    vertex -21.37792835540846 229.1916255900877 0
    vertex -20.16483436025886 230.7556846864348 0
  endloop
endfacet
facet normal 0 0 -1
  outer loop
    vertex 11.03433521091331 225.9414030097267 0
    vertex 13.11851538498415 226.2696888418801 0
    vertex 11.93109248315243 224.1827358030909 0
  endloop
endfacet
facet normal 0 0 -1
  outer loop
    vertex 2.737893465372188 229.4516756477652 0
    vertex 0.7728549458713272 229.7116277678715 0
    vertex 1.995399335283192 231.2689853713835 0
  endloop
endfacet
facet normal 0 0 -1
  outer loop
    vertex 11.03433521091331 225.9414030097267 0
    vertex 11.73041313486335 227.8461600820009 0
    vertex 13.11851538498415 226.2696888418801 0
  endloop
endfacet
facet normal -0 0 -1
  outer loop
    vertex 0.9948347644084272 237.4979164198952 0
    vertex 1.460834909068238e-14 235.774812062804 0
    vertex -0.9948347644083979 237.4979164198952 0
  endloop
endfacet
facet normal 0 0 -1
  outer loop
    vertex -20.86465918080146 236.5817321715035 0
    vertex -21.52470285339762 234.7018374865382 0
    vertex -22.84588630491466 236.3986367958642 0
  endloop
endfacet
facet normal -0 0 -1
  outer loop
    vertex 22.84588630491469 236.3986367958642 0
    vertex 21.96880543585243 234.9369645618505 0
    vertex 20.86465918080149 236.5817321715035 0
  endloop
endfacet
facet normal -0 0 -1
  outer loop
    vertex 14.91274838821191 237.0313480017145 0
    vertex 13.6230646515754 235.171980863915 0
    vertex 12.92649912456466 237.1479614510372 0
  endloop
endfacet
facet normal 0 0 -1
  outer loop
    vertex -12.92649912456463 237.1479614510372 0
    vertex -13.94388047574965 235.2684882130436 0
    vertex -14.91274838821193 237.0313480017145 0
  endloop
endfacet
facet normal -0 0 -1
  outer loop
    vertex 28.77939163454202 235.7498602696206 0
    vertex 27.53029195895963 234.2585328924761 0
    vertex 26.80339140745188 235.982686248502 0
  endloop
endfacet
facet normal 0 0 -1
  outer loop
    vertex -26.8033914074519 235.982686248502 0
    vertex -27.58975830862469 234.1550068645175 0
    vertex -28.779391634542 235.7498602696206 0
  endloop
endfacet
facet normal -0 0 -1
  outer loop
    vertex 8.951418384109436 237.3312497521399 0
    vertex 7.720764668845685 235.7152646664402 0
    vertex 6.962865892154232 237.3979117401159 0
  endloop
endfacet
facet normal 0 0 -1
  outer loop
    vertex -6.962865892154256 237.3979117401159 0
    vertex -7.838721493187128 235.6584424265982 0
    vertex -8.951418384109461 237.3312497521399 0
  endloop
endfacet
facet normal -0 0 -1
  outer loop
    vertex 4.973824722297246 237.4479123252758 0
    vertex 3.839057127072577 235.8569886272658 0
    vertex 2.984434472296231 237.4812479984063 0
  endloop
endfacet
facet normal 0 0 -1
  outer loop
    vertex -2.984434472296255 237.4812479984063 0
    vertex -3.950260057513474 235.7417176672991 0
    vertex -4.97382472229727 237.4479123252758 0
  endloop
endfacet
facet normal -0 0 -1
  outer loop
    vertex 18.88196770306919 236.7482234266189 0
    vertex 17.72451281169312 235.0340160599614 0
    vertex 16.89795102383215 236.8980988762809 0
  endloop
endfacet
facet normal 0 0 -1
  outer loop
    vertex -16.89795102383212 236.8980988762809 0
    vertex -17.80429684131138 235.1510316473082 0
    vertex -18.88196770306917 236.7482234266189 0
  endloop
endfacet
facet normal 0 0 -1
  outer loop
    vertex 0.7728549458713272 229.7116277678715 0
    vertex -1.199135708711164 229.9730934199066 0
    vertex 0.01627006886743268 231.5479866933266 0
  endloop
endfacet
facet normal 0 0 -1
  outer loop
    vertex -1.199135708711164 229.9730934199066 0
    vertex -3.160108582020602 230.242348078392 0
    vertex -1.956955008759746 231.8135941584028 0
  endloop
endfacet
facet normal 0 0 -1
  outer loop
    vertex -3.160108582020602 230.242348078392 0
    vertex -5.119071986834012 230.5890713408581 0
    vertex -3.927624118212092 232.0763028165675 0
  endloop
endfacet
facet normal 0 0 -1
  outer loop
    vertex -5.119071986834012 230.5890713408581 0
    vertex -7.100687626830544 230.8561985279229 0
    vertex -5.903525577574346 232.3065791249951 0
  endloop
endfacet
facet normal 0 0 -1
  outer loop
    vertex -14.24559795118865 230.0387949191164 0
    vertex -16.22107606885093 230.3325145098808 0
    vertex -15.0042488610652 231.8237978582642 0
  endloop
endfacet
facet normal 0 0 -1
  outer loop
    vertex -7.100687626830544 230.8561985279229 0
    vertex -9.082502082229194 231.0618102668558 0
    vertex -7.876372153355719 232.5804051145296 0
  endloop
endfacet
facet normal 0 0 -1
  outer loop
    vertex -9.082502082229194 231.0618102668558 0
    vertex -11.0568657887319 231.3106628231799 0
    vertex -9.85241889456031 232.8147222885706 0
  endloop
endfacet
facet normal 0 0 -1
  outer loop
    vertex -11.0568657887319 231.3106628231799 0
    vertex -13.03409409674023 231.5367436695928 0
    vertex -11.83413672122175 233.0114385454301 0
  endloop
endfacet
facet normal 0 0 -1
  outer loop
    vertex -21.37792835540846 229.1916255900877 0
    vertex -23.34844813303962 229.4549389701355 0
    vertex -22.13476612816989 231.029421561173 0
  endloop
endfacet
facet normal 0 0 -1
  outer loop
    vertex -16.22107606885093 230.3325145098808 0
    vertex -18.19522769421816 230.5106506033497 0
    vertex -16.98614151112819 232.0244138658803 0
  endloop
endfacet
facet normal 0 0 -1
  outer loop
    vertex -18.19522769421816 230.5106506033497 0
    vertex -20.16483436025886 230.7556846864348 0
    vertex -18.96019930753652 232.2630643893789 0
  endloop
endfacet
facet normal 0 0 -1
  outer loop
    vertex -23.34844813303962 229.4549389701355 0
    vertex -25.32099794397672 229.7181093853828 0
    vertex -24.10696319758058 231.2941138710597 0
  endloop
endfacet
facet normal 0 0 -1
  outer loop
    vertex 3.958965913381934 231.0245160519555 0
    vertex 1.995399335283192 231.2689853713835 0
    vertex 3.251909972434414 232.7509935499444 0
  endloop
endfacet
facet normal -0 0 -1
  outer loop
    vertex 9.921215792778474 230.3057542367973 0
    vertex 8.870494074693486 228.6469993460526 0
    vertex 7.921840860747287 230.5783054647356 0
  endloop
endfacet
facet normal 0 0 -1
  outer loop
    vertex 5.935494754348318 230.8501740150274 0
    vertex 3.958965913381934 231.0245160519555 0
    vertex 5.166514327928482 232.5570761391324 0
  endloop
endfacet
facet normal 0 0 -1
  outer loop
    vertex -29.13035563886386 224.7301983560205 0
    vertex -26.88145019691654 224.6842513623588 0
    vertex -27.7809425411302 222.7744806559459 0
  endloop
endfacet
facet normal 0 0 -1
  outer loop
    vertex 0.7728549458713272 229.7116277678715 0
    vertex 0.01627006886743268 231.5479866933266 0
    vertex 1.995399335283192 231.2689853713835 0
  endloop
endfacet
facet normal 0 0 -1
  outer loop
    vertex -14.24559795118865 230.0387949191164 0
    vertex -15.0042488610652 231.8237978582642 0
    vertex -13.03409409674023 231.5367436695928 0
  endloop
endfacet
facet normal 0 0 -1
  outer loop
    vertex -21.37792835540846 229.1916255900877 0
    vertex -22.13476612816989 231.029421561173 0
    vertex -20.16483436025886 230.7556846864348 0
  endloop
endfacet
facet normal 0 0 -1
  outer loop
    vertex -5.119071986834012 230.5890713408581 0
    vertex -5.903525577574346 232.3065791249951 0
    vertex -3.927624118212092 232.0763028165675 0
  endloop
endfacet
facet normal 0 0 -1
  outer loop
    vertex -3.160108582020602 230.242348078392 0
    vertex -3.927624118212092 232.0763028165675 0
    vertex -1.956955008759746 231.8135941584028 0
  endloop
endfacet
facet normal 0 0 -1
  outer loop
    vertex -1.199135708711164 229.9730934199066 0
    vertex -1.956955008759746 231.8135941584028 0
    vertex 0.01627006886743268 231.5479866933266 0
  endloop
endfacet
facet normal 0 0 -1
  outer loop
    vertex -7.100687626830544 230.8561985279229 0
    vertex -7.876372153355719 232.5804051145296 0
    vertex -5.903525577574346 232.3065791249951 0
  endloop
endfacet
facet normal 0 0 -1
  outer loop
    vertex -9.082502082229194 231.0618102668558 0
    vertex -9.85241889456031 232.8147222885706 0
    vertex -7.876372153355719 232.5804051145296 0
  endloop
endfacet
facet normal 0 0 -1
  outer loop
    vertex -11.0568657887319 231.3106628231799 0
    vertex -11.83413672122175 233.0114385454301 0
    vertex -9.85241889456031 232.8147222885706 0
  endloop
endfacet
facet normal 0 0 -1
  outer loop
    vertex -16.22107606885093 230.3325145098808 0
    vertex -16.98614151112819 232.0244138658803 0
    vertex -15.0042488610652 231.8237978582642 0
  endloop
endfacet
facet normal 0 0 -1
  outer loop
    vertex -18.19522769421816 230.5106506033497 0
    vertex -18.96019930753652 232.2630643893789 0
    vertex -16.98614151112819 232.0244138658803 0
  endloop
endfacet
facet normal 0 0 -1
  outer loop
    vertex -23.34844813303962 229.4549389701355 0
    vertex -24.10696319758058 231.2941138710597 0
    vertex -22.13476612816989 231.029421561173 0
  endloop
endfacet
facet normal 0 0 -1
  outer loop
    vertex 3.978697033572691 224.4647410394671 0
    vertex 4.916137336473749 226.0677062057827 0
    vertex 5.967654991958278 224.4206699346051 0
  endloop
endfacet
facet normal 0 0 -1
  outer loop
    vertex -5.9676549919582 224.4206699346051 0
    vertex -5.013955348425759 226.0539052106743 0
    vertex -3.978697033572663 224.4647410394671 0
  endloop
endfacet
facet normal 0 0 -1
  outer loop
    vertex 27.78094254113013 222.7744806559459 0
    vertex 29.02433010578826 224.3172274318945 0
    vertex 29.75398752068251 222.5195502121534 0
  endloop
endfacet
facet normal 0 0 -1
  outer loop
    vertex -29.75398752068254 222.5195502121534 0
    vertex -29.13035563886386 224.7301983560205 0
    vertex -27.7809425411302 222.7744806559459 0
  endloop
endfacet
facet normal 0 0 -1
  outer loop
    vertex -11.9310924831524 224.1827358030909 0
    vertex -10.98299283312324 225.9294106521107 0
    vertex -9.944008846877448 224.2796617797816 0
  endloop
endfacet
facet normal 0 0 -1
  outer loop
    vertex 9.944008846877475 224.2796617797816 0
    vertex 11.03433521091331 225.9414030097267 0
    vertex 11.93109248315243 224.1827358030909 0
  endloop
endfacet
facet normal 0 0 -1
  outer loop
    vertex 21.84933850747366 223.4342328444454 0
    vertex 23.01417807997265 225.0470083380741 0
    vertex 23.82846284180666 223.2318399301422 0
  endloop
endfacet
facet normal 0 0 -1
  outer loop
    vertex -23.82846284180668 223.2318399301422 0
    vertex -23.00845674646193 224.9943877665525 0
    vertex -21.84933850747374 223.4342328444454 0
  endloop
endfacet
facet normal 0 0 -1
  outer loop
    vertex -17.88609795343856 223.786365759847 0
    vertex -17.10752829757071 225.5299681077333 0
    vertex -15.90229296421693 223.9360781081963 0
  endloop
endfacet
facet normal 0 0 -1
  outer loop
    vertex 15.90229296421691 223.9360781081963 0
    vertex 17.0238501557585 225.5792474508419 0
    vertex 17.88609795343854 223.786365759847 0
  endloop
endfacet
facet normal 0 0 -1
  outer loop
    vertex -1.989426630920154 224.4911850868096 0
    vertex -1.002347254215141 226.2184865447469 0
    vertex 1.374620632165618e-14 224.5 0
  endloop
endfacet
facet normal 0 0 -1
  outer loop
    vertex -7.95614431461368 224.3589752330961 0
    vertex -7.016631313732789 226.0374149278149 0
    vertex -5.9676549919582 224.4206699346051 0
  endloop
endfacet
facet normal 0 0 -1
  outer loop
    vertex -13.91723917916444 224.0682049145526 0
    vertex -13.12498620510444 226.105333092629 0
    vertex -11.9310924831524 224.1827358030909 0
  endloop
endfacet
facet normal 0 0 -1
  outer loop
    vertex 7.921840860747287 230.5783054647356 0
    vertex 5.935494754348318 230.8501740150274 0
    vertex 7.147447420538088 232.330571591865 0
  endloop
endfacet
facet normal 0 0 -1
  outer loop
    vertex 4.916137336473749 226.0677062057827 0
    vertex 6.906746652781655 226.0565002741353 0
    vertex 5.967654991958278 224.4206699346051 0
  endloop
endfacet
facet normal 0 0 -1
  outer loop
    vertex 3.958965913381934 231.0245160519555 0
    vertex 3.251909972434414 232.7509935499444 0
    vertex 5.166514327928482 232.5570761391324 0
  endloop
endfacet
facet normal 0 0 -1
  outer loop
    vertex -23.00845674646193 224.9943877665525 0
    vertex -21.03504335499284 225.2494087571023 0
    vertex -21.84933850747374 223.4342328444454 0
  endloop
endfacet
facet normal 0 0 -1
  outer loop
    vertex -5.013955348425759 226.0539052106743 0
    vertex -3.022373795881874 226.2092713635664 0
    vertex -3.978697033572663 224.4647410394671 0
  endloop
endfacet
facet normal 0 0 -1
  outer loop
    vertex -10.98299283312324 225.9294106521107 0
    vertex -9.013361676478912 225.9679914507609 0
    vertex -9.944008846877448 224.2796617797816 0
  endloop
endfacet
facet normal 0 0 -1
  outer loop
    vertex -17.10752829757071 225.5299681077333 0
    vertex -15.14605593159738 225.7004391088703 0
    vertex -15.90229296421693 223.9360781081963 0
  endloop
endfacet
facet normal 0 0 -1
  outer loop
    vertex 0.01627006886743268 231.5479866933266 0
    vertex 1.404582262786119 233.0547298335817 0
    vertex 1.995399335283192 231.2689853713835 0
  endloop
endfacet
facet normal 0 0 -1
  outer loop
    vertex -22.13476612816989 231.029421561173 0
    vertex -20.89308969907334 232.6393725315826 0
    vertex -20.16483436025886 230.7556846864348 0
  endloop
endfacet
facet normal 0 0 -1
  outer loop
    vertex 4.916137336473749 226.0677062057827 0
    vertex 5.891557129445024 227.7578556269117 0
    vertex 6.906746652781655 226.0565002741353 0
  endloop
endfacet
facet normal 0 0 -1
  outer loop
    vertex 5.935494754348318 230.8501740150274 0
    vertex 5.166514327928482 232.5570761391324 0
    vertex 7.147447420538088 232.330571591865 0
  endloop
endfacet
facet normal 0 0 -1
  outer loop
    vertex -20.16483436025886 230.7556846864348 0
    vertex -20.89308969907334 232.6393725315826 0
    vertex -18.96019930753652 232.2630643893789 0
  endloop
endfacet
facet normal 0 0 -1
  outer loop
    vertex -24.10696319758058 231.2941138710597 0
    vertex -24.80193346687118 233.0270921920255 0
    vertex -22.86818920128487 232.9021342718746 0
  endloop
endfacet
facet normal 0 0 -1
  outer loop
    vertex 1.995399335283192 231.2689853713835 0
    vertex 1.404582262786119 233.0547298335817 0
    vertex 3.251909972434414 232.7509935499444 0
  endloop
endfacet
facet normal 0 0 -1
  outer loop
    vertex -11.83413672122175 233.0114385454301 0
    vertex -10.69945457048678 234.7058886177366 0
    vertex -9.85241889456031 232.8147222885706 0
  endloop
endfacet
facet normal 0 0 -1
  outer loop
    vertex -16.98614151112819 232.0244138658803 0
    vertex -15.8427192978378 233.7592349600321 0
    vertex -15.0042488610652 231.8237978582642 0
  endloop
endfacet
facet normal 0 0 -1
  outer loop
    vertex -24.10696319758058 231.2941138710597 0
    vertex -22.86818920128487 232.9021342718746 0
    vertex -22.13476612816989 231.029421561173 0
  endloop
endfacet
facet normal 0 0 -1
  outer loop
    vertex -1.956955008759746 231.8135941584028 0
    vertex -0.629638292686428 233.7209122449307 0
    vertex 0.01627006886743268 231.5479866933266 0
  endloop
endfacet
facet normal 0 0 -1
  outer loop
    vertex -17.10752829757071 225.5299681077333 0
    vertex -16.26023684160264 227.2793538534999 0
    vertex -15.14605593159738 225.7004391088703 0
  endloop
endfacet
facet normal 0 0 -1
  outer loop
    vertex -10.98299283312324 225.9294106521107 0
    vertex -9.72401559339327 227.6007391925216 0
    vertex -9.013361676478912 225.9679914507609 0
  endloop
endfacet
facet normal 0 0 -1
  outer loop
    vertex 9.921215792778474 230.3057542367973 0
    vertex 7.921840860747287 230.5783054647356 0
    vertex 9.127424117124848 232.0639988491785 0
  endloop
endfacet
facet normal 0 0 -1
  outer loop
    vertex -0.629638292686428 233.7209122449307 0
    vertex 1.404582262786119 233.0547298335817 0
    vertex 0.01627006886743268 231.5479866933266 0
  endloop
endfacet
facet normal 0 0 -1
  outer loop
    vertex -22.86818920128487 232.9021342718746 0
    vertex -20.89308969907334 232.6393725315826 0
    vertex -22.13476612816989 231.029421561173 0
  endloop
endfacet
facet normal 0 0 -1
  outer loop
    vertex -20.89308969907334 232.6393725315826 0
    vertex -19.46007003862406 233.9771005163133 0
    vertex -18.96019930753652 232.2630643893789 0
  endloop
endfacet
facet normal 0 0 -1
  outer loop
    vertex 5.166514327928482 232.5570761391324 0
    vertex 6.446448103439799 234.0703244243509 0
    vertex 7.147447420538088 232.330571591865 0
  endloop
endfacet
facet normal 0 0 -1
  outer loop
    vertex 7.921840860747287 230.5783054647356 0
    vertex 7.147447420538088 232.330571591865 0
    vertex 9.127424117124848 232.0639988491785 0
  endloop
endfacet
facet normal 0 0 -1
  outer loop
    vertex 11.11980320167494 231.7904269594976 0
    vertex 12.34188171620398 233.4797327166841 0
    vertex 13.08408843412299 231.6142309664089 0
  endloop
endfacet
facet normal 0 0 -1
  outer loop
    vertex -3.927624118212092 232.0763028165675 0
    vertex -2.751434893980712 233.6902147337193 0
    vertex -1.956955008759746 231.8135941584028 0
  endloop
endfacet
facet normal 0 0 -1
  outer loop
    vertex 12.00837008025405 229.7825690078868 0
    vertex 9.921215792778474 230.3057542367973 0
    vertex 11.11980320167494 231.7904269594976 0
  endloop
endfacet
facet normal 0 0 -1
  outer loop
    vertex 9.921215792778474 230.3057542367973 0
    vertex 9.127424117124848 232.0639988491785 0
    vertex 11.11980320167494 231.7904269594976 0
  endloop
endfacet
facet normal 0 0 -1
  outer loop
    vertex -1.956955008759746 231.8135941584028 0
    vertex -2.751434893980712 233.6902147337193 0
    vertex -0.629638292686428 233.7209122449307 0
  endloop
endfacet
facet normal 0 0 -1
  outer loop
    vertex 9.127424117124848 232.0639988491785 0
    vertex 10.36468933883908 233.6554496825293 0
    vertex 11.11980320167494 231.7904269594976 0
  endloop
endfacet
facet normal 0 0 -1
  outer loop
    vertex 10.36468933883908 233.6554496825293 0
    vertex 12.34188171620398 233.4797327166841 0
    vertex 11.11980320167494 231.7904269594976 0
  endloop
endfacet
facet normal 0 0 -1
  outer loop
    vertex 10.36468933883908 233.6554496825293 0
    vertex 11.5860456275414 235.287569867013 0
    vertex 12.34188171620398 233.4797327166841 0
  endloop
endfacet
facet normal 0 0 -1
  outer loop
    vertex 12.00837008025405 229.7825690078868 0
    vertex 11.11980320167494 231.7904269594976 0
    vertex 13.08408843412299 231.6142309664089 0
  endloop
endfacet
facet normal -0 0 -1
  outer loop
    vertex 15.73728210444143 229.3967982250198 0
    vertex 14.54654046378597 227.7640710863064 0
    vertex 13.92080500664071 229.7554915769532 0
  endloop
endfacet
facet normal 0 0 -1
  outer loop
    vertex 13.92080500664071 229.7554915769532 0
    vertex 12.00837008025405 229.7825690078868 0
    vertex 13.08408843412299 231.6142309664089 0
  endloop
endfacet
facet normal 0 0 -1
  outer loop
    vertex 13.92080500664071 229.7554915769532 0
    vertex 13.08408843412299 231.6142309664089 0
    vertex 15.03009996672326 231.3409864619948 0
  endloop
endfacet
facet normal 0 0 -1
  outer loop
    vertex 15.73728210444143 229.3967982250198 0
    vertex 13.92080500664071 229.7554915769532 0
    vertex 15.03009996672326 231.3409864619948 0
  endloop
endfacet
facet normal 0 0 -1
  outer loop
    vertex 15.03009996672326 231.3409864619948 0
    vertex 16.27325939256334 232.9329303858245 0
    vertex 17.00249482462317 231.1138517785695 0
  endloop
endfacet
facet normal 0 0 -1
  outer loop
    vertex 11.5860456275414 235.287569867013 0
    vertex 9.717864907994986 235.6127817354979 0
    vertex 10.93934263470242 237.2479310399157 0
  endloop
endfacet
facet normal 0 0 -1
  outer loop
    vertex 15.73728210444143 229.3967982250198 0
    vertex 15.03009996672326 231.3409864619948 0
    vertex 17.00249482462317 231.1138517785695 0
  endloop
endfacet
facet normal 0 0 -1
  outer loop
    vertex -27.29203015218928 229.9818534745073 0
    vertex -26.08249440011745 231.5561621997448 0
    vertex -25.32099794397672 229.7181093853828 0
  endloop
endfacet
facet normal 0 0 -1
  outer loop
    vertex 17.68169288577543 229.1356593611854 0
    vertex 15.73728210444143 229.3967982250198 0
    vertex 17.00249482462317 231.1138517785695 0
  endloop
endfacet
facet normal 0 0 -1
  outer loop
    vertex 24.87910813060899 229.9699090588593 0
    vertex 26.07694584934346 231.4543600122765 0
    vertex 26.83923647633524 229.7030072465118 0
  endloop
endfacet
facet normal 0 0 -1
  outer loop
    vertex 17.68169288577543 229.1356593611854 0
    vertex 17.00249482462317 231.1138517785695 0
    vertex 18.97624600866747 230.8418859398593 0
  endloop
endfacet
facet normal -0 0 -1
  outer loop
    vertex 21.70404589457295 228.6751007954647 0
    vertex 20.33530577633445 227.0537652850153 0
    vertex 19.67031089789114 228.9026786246171 0
  endloop
endfacet
facet normal 0 0 -1
  outer loop
    vertex 18.97624600866747 230.8418859398593 0
    vertex 20.18848767013583 232.3317378054921 0
    vertex 20.94536160496193 230.4974318542756 0
  endloop
endfacet
facet normal 0 0 -1
  outer loop
    vertex 19.67031089789114 228.9026786246171 0
    vertex 17.68169288577543 229.1356593611854 0
    vertex 18.97624600866747 230.8418859398593 0
  endloop
endfacet
facet normal 0 0 -1
  outer loop
    vertex 19.67031089789114 228.9026786246171 0
    vertex 18.97624600866747 230.8418859398593 0
    vertex 20.94536160496193 230.4974318542756 0
  endloop
endfacet
facet normal 0 0 -1
  outer loop
    vertex 21.70404589457295 228.6751007954647 0
    vertex 19.67031089789114 228.9026786246171 0
    vertex 20.94536160496193 230.4974318542756 0
  endloop
endfacet
facet normal 0 0 -1
  outer loop
    vertex 24.12539809771324 231.8018271544136 0
    vertex 26.07694584934346 231.4543600122765 0
    vertex 24.87910813060899 229.9699090588593 0
  endloop
endfacet
facet normal 0 0 -1
  outer loop
    vertex -32.40425250490006 228.9384209120384 0
    vertex -33.15801977402655 230.6228192295832 0
    vertex -31.21710830220583 230.442528311338 0
  endloop
endfacet
facet normal 0 0 -1
  outer loop
    vertex -29.25484423782834 230.2395075725718 0
    vertex -28.03163003582021 232.148230887927 0
    vertex -27.29203015218928 229.9818534745073 0
  endloop
endfacet
facet normal 0 0 -1
  outer loop
    vertex 22.91390535308226 230.2357267808897 0
    vertex 24.12539809771324 231.8018271544136 0
    vertex 24.87910813060899 229.9699090588593 0
  endloop
endfacet
facet normal 0 0 -1
  outer loop
    vertex 21.70404589457295 228.6751007954647 0
    vertex 20.94536160496193 230.4974318542756 0
    vertex 22.91390535308226 230.2357267808897 0
  endloop
endfacet
facet normal 0 0 -1
  outer loop
    vertex 20.18848767013583 232.3317378054921 0
    vertex 22.10052756066617 231.9369713174034 0
    vertex 20.94536160496193 230.4974318542756 0
  endloop
endfacet
facet normal 0 0 -1
  outer loop
    vertex 22.91390535308226 230.2357267808897 0
    vertex 22.10052756066617 231.9369713174034 0
    vertex 24.12539809771324 231.8018271544136 0
  endloop
endfacet
facet normal 0 0 -1
  outer loop
    vertex 24.12539809771324 231.8018271544136 0
    vertex 22.10052756066617 231.9369713174034 0
    vertex 23.10554788705649 233.4378240774293 0
  endloop
endfacet
facet normal 0 0 -1
  outer loop
    vertex 38.29682975835566 228.1182807051578 0
    vertex 40.17284166129398 227.8658166735413 0
    vertex 39.02114922188562 226.370903336483 0
  endloop
endfacet
facet normal 0 0 -1
  outer loop
    vertex 20.94536160496193 230.4974318542756 0
    vertex 22.10052756066617 231.9369713174034 0
    vertex 22.91390535308226 230.2357267808897 0
  endloop
endfacet
facet normal 0 0 -1
  outer loop
    vertex 23.67328846576522 228.427364451243 0
    vertex 21.70404589457295 228.6751007954647 0
    vertex 22.91390535308226 230.2357267808897 0
  endloop
endfacet
facet normal 0 0 -1
  outer loop
    vertex 24.12539809771324 231.8018271544136 0
    vertex 23.10554788705649 233.4378240774293 0
    vertex 25.3384115860499 233.3713097861296 0
  endloop
endfacet
facet normal 0 0 -1
  outer loop
    vertex 24.12539809771324 231.8018271544136 0
    vertex 25.3384115860499 233.3713097861296 0
    vertex 26.07694584934346 231.4543600122765 0
  endloop
endfacet
facet normal 0 0 -1
  outer loop
    vertex 23.67328846576522 228.427364451243 0
    vertex 22.91390535308226 230.2357267808897 0
    vertex 24.87910813060899 229.9699090588593 0
  endloop
endfacet
facet normal 0 0 -1
  outer loop
    vertex -13.03409409674023 231.5367436695928 0
    vertex -13.75535349742827 233.3334843986973 0
    vertex -11.83413672122175 233.0114385454301 0
  endloop
endfacet
facet normal 0 0 -1
  outer loop
    vertex -15.8427192978378 233.7592349600321 0
    vertex -13.75535349742827 233.3334843986973 0
    vertex -15.0042488610652 231.8237978582642 0
  endloop
endfacet
facet normal 0 0 -1
  outer loop
    vertex -28.03163003582021 232.148230887927 0
    vertex -26.08249440011745 231.5561621997448 0
    vertex -27.29203015218928 229.9818534745073 0
  endloop
endfacet
facet normal -0 0 -1
  outer loop
    vertex 27.59211047192589 227.8930148654746 0
    vertex 26.33455724674842 226.3667427671429 0
    vertex 25.63517164476845 228.1545286700689 0
  endloop
endfacet
facet normal 0 0 -1
  outer loop
    vertex 25.63517164476845 228.1545286700689 0
    vertex 23.67328846576522 228.427364451243 0
    vertex 24.87910813060899 229.9699090588593 0
  endloop
endfacet
facet normal 0 0 -1
  outer loop
    vertex -31.21710830220583 230.442528311338 0
    vertex -30.09826414632078 232.0678325904034 0
    vertex -29.25484423782834 230.2395075725718 0
  endloop
endfacet
facet normal 0 0 -1
  outer loop
    vertex 26.83923647633524 229.7030072465118 0
    vertex 28.01989754207075 231.1482349093706 0
    vertex 28.79308479439553 229.4329005020274 0
  endloop
endfacet
facet normal 0 0 -1
  outer loop
    vertex 36.41637403970277 228.3728311713139 0
    vertex 38.29682975835566 228.1182807051578 0
    vertex 37.13967678409844 226.6178574980337 0
  endloop
endfacet
facet normal 0 0 -1
  outer loop
    vertex -32.72519403760154 235.2345886029547 0
    vertex -33.37810727545769 233.4698985899081 0
    vertex -34.69471928357274 234.9521790787097 0
  endloop
endfacet
facet normal -0 0 -1
  outer loop
    vertex 34.69471928357277 234.9521790787097 0
    vertex 33.504533183421 233.4425745002036 0
    vertex 32.72519403760152 235.2345886029547 0
  endloop
endfacet
facet normal 0 0 -1
  outer loop
    vertex -3.927624118212092 232.0763028165675 0
    vertex -4.857974199264233 233.8634850489538 0
    vertex -2.751434893980712 233.6902147337193 0
  endloop
endfacet
facet normal 0 0 -1
  outer loop
    vertex -29.25484423782834 230.2395075725718 0
    vertex -30.09826414632078 232.0678325904034 0
    vertex -28.03163003582021 232.148230887927 0
  endloop
endfacet
facet normal 0 -0 -1
  outer loop
    vertex 42.04775197831695 227.6247194815088 0
    vertex 42.68453199890958 225.9888919349372 0
    vertex 40.89969718504621 226.181600449114 0
  endloop
endfacet
facet normal 0 0 -1
  outer loop
    vertex 25.63517164476845 228.1545286700689 0
    vertex 24.87910813060899 229.9699090588593 0
    vertex 26.83923647633524 229.7030072465118 0
  endloop
endfacet
facet normal 0 0 -1
  outer loop
    vertex 28.01989754207075 231.1482349093706 0
    vertex 28.96809413506853 232.6571657925728 0
    vertex 29.91182925648215 230.8664427355752 0
  endloop
endfacet
facet normal 0 0 -1
  outer loop
    vertex -37.36801174220455 227.9214227776756 0
    vertex -38.09920146966199 229.6847986273781 0
    vertex -36.20672502528352 229.4323268821065 0
  endloop
endfacet
facet normal 0 0 -1
  outer loop
    vertex 10.36468933883908 233.6554496825293 0
    vertex 9.717864907994986 235.6127817354979 0
    vertex 11.5860456275414 235.287569867013 0
  endloop
endfacet
facet normal 0 0 -1
  outer loop
    vertex -15.0042488610652 231.8237978582642 0
    vertex -13.75535349742827 233.3334843986973 0
    vertex -13.03409409674023 231.5367436695928 0
  endloop
endfacet
facet normal 0 0 -1
  outer loop
    vertex 27.59211047192589 227.8930148654746 0
    vertex 25.63517164476845 228.1545286700689 0
    vertex 26.83923647633524 229.7030072465118 0
  endloop
endfacet
facet normal 0 0 -1
  outer loop
    vertex 28.79308479439553 229.4329005020274 0
    vertex 28.01989754207075 231.1482349093706 0
    vertex 29.91182925648215 230.8664427355752 0
  endloop
endfacet
facet normal 0 0 -1
  outer loop
    vertex 26.07694584934346 231.4543600122765 0
    vertex 28.01989754207075 231.1482349093706 0
    vertex 26.83923647633524 229.7030072465118 0
  endloop
endfacet
facet normal 0 0 -1
  outer loop
    vertex -36.6559683133848 223.2022371308026 0
    vertex -38.46293129824465 223.2273547892704 0
    vertex -37.61393496617092 224.7466419356044 0
  endloop
endfacet
facet normal 0 0 -1
  outer loop
    vertex -4.857974199264233 233.8634850489538 0
    vertex -5.890959817520026 235.6105637248941 0
    vertex -3.950260057513474 235.7417176672991 0
  endloop
endfacet
facet normal 0 0 -1
  outer loop
    vertex 40.17284166129398 227.8658166735413 0
    vertex 42.04775197831695 227.6247194815088 0
    vertex 40.89969718504621 226.181600449114 0
  endloop
endfacet
facet normal 0 0 -1
  outer loop
    vertex 27.59211047192589 227.8930148654746 0
    vertex 26.83923647633524 229.7030072465118 0
    vertex 28.79308479439553 229.4329005020274 0
  endloop
endfacet
facet normal 0 0 -1
  outer loop
    vertex 21.84933850747366 223.4342328444454 0
    vertex 21.09705391367778 225.2427885082406 0
    vertex 23.01417807997265 225.0470083380741 0
  endloop
endfacet
facet normal 0 0 -1
  outer loop
    vertex -40.40769548705575 226.6656855691903 0
    vertex -42.29049246357733 226.9010300116322 0
    vertex -41.13539200450572 228.4171584373971 0
  endloop
endfacet
facet normal 0 0 -1
  outer loop
    vertex -5.903525577574346 232.3065791249951 0
    vertex -4.857974199264233 233.8634850489538 0
    vertex -3.927624118212092 232.0763028165675 0
  endloop
endfacet
facet normal 0 0 -1
  outer loop
    vertex -40.40769548705575 226.6656855691903 0
    vertex -41.13539200450572 228.4171584373971 0
    vertex -39.25359081050302 228.1706438938034 0
  endloop
endfacet
facet normal 0 0 -1
  outer loop
    vertex 35.25723030878078 226.8665631311236 0
    vertex 36.41637403970277 228.3728311713139 0
    vertex 37.13967678409844 226.6178574980337 0
  endloop
endfacet
facet normal 0 0 -1
  outer loop
    vertex 28.79308479439553 229.4329005020274 0
    vertex 29.91182925648215 230.8664427355752 0
    vertex 30.71593114523787 229.1025770471542 0
  endloop
endfacet
facet normal 0 0 -1
  outer loop
    vertex 31.46000659426882 227.3804676107737 0
    vertex 32.64734388097555 228.9008597756132 0
    vertex 33.36526542143787 227.1198679894912 0
  endloop
endfacet
facet normal 0 0 -1
  outer loop
    vertex -42.86006662508935 221.65 0
    vertex -41.95986882994276 223.2091883180553 0
    vertex -41.0596710347962 221.65 0
  endloop
endfacet
facet normal 0 0 -1
  outer loop
    vertex 41.05967103479621 221.65 0
    vertex 42.09371407933887 223.1256286136192 0
    vertex 42.86006662508937 221.65 0
  endloop
endfacet
facet normal 0 0 -1
  outer loop
    vertex 36.6103965181719 231.5924090054194 0
    vertex 38.50456038010713 231.322424481989 0
    vertex 37.57887369464515 229.884343783055 0
  endloop
endfacet
facet normal 0 0 -1
  outer loop
    vertex -37.4588798542099 221.65 0
    vertex -36.6559683133848 223.2022371308026 0
    vertex -35.65848426391674 221.65 0
  endloop
endfacet
facet normal 0 0 -1
  outer loop
    vertex 35.65848426391671 221.65 0
    vertex 36.59303712138584 223.2463258476762 0
    vertex 37.45887985420988 221.65 0
  endloop
endfacet
facet normal 0 0 -1
  outer loop
    vertex 25.06831955537293 224.8035404325936 0
    vertex 27.05041674327126 224.5615151988556 0
    vertex 25.80571594378849 223.0119167771725 0
  endloop
endfacet
facet normal 0 0 -1
  outer loop
    vertex 31.46000659426882 227.3804676107737 0
    vertex 30.71593114523787 229.1025770471542 0
    vertex 32.64734388097555 228.9008597756132 0
  endloop
endfacet
facet normal -0 0 -1
  outer loop
    vertex 47.82787964147163 226.4210283060251 0
    vertex 46.36693943128068 225.7037134028212 0
    vertex 45.86003116440289 227.0775910193621 0
  endloop
endfacet
facet normal 0 0 -1
  outer loop
    vertex 29.53505958606844 227.6350926236204 0
    vertex 27.59211047192589 227.8930148654746 0
    vertex 28.79308479439553 229.4329005020274 0
  endloop
endfacet
facet normal 0 -0 -1
  outer loop
    vertex 0.9948347644084272 237.4979164198952 0
    vertex 1.954917143658895 235.8640343403643 0
    vertex 1.460834909068238e-14 235.774812062804 0
  endloop
endfacet
facet normal 0 0 -1
  outer loop
    vertex 3.839057127072577 235.8569886272658 0
    vertex 1.954917143658895 235.8640343403643 0
    vertex 2.984434472296231 237.4812479984063 0
  endloop
endfacet
facet normal -0 0 -1
  outer loop
    vertex 2.984434472296231 237.4812479984063 0
    vertex 1.954917143658895 235.8640343403643 0
    vertex 0.9948347644084272 237.4979164198952 0
  endloop
endfacet
facet normal 0 -0 -1
  outer loop
    vertex -36.60114718182333 226.2528690675463 0
    vertex -35.74145158352653 224.7246918706313 0
    vertex -37.61393496617092 224.7466419356044 0
  endloop
endfacet
facet normal 0 0 -1
  outer loop
    vertex -42.29049246357733 226.9010300116322 0
    vertex -44.34567337549758 227.4889321789571 0
    vertex -42.85410052881009 228.6678009313194 0
  endloop
endfacet
facet normal 0 0 -1
  outer loop
    vertex 31.46000659426882 227.3804676107737 0
    vertex 29.53505958606844 227.6350926236204 0
    vertex 30.71593114523787 229.1025770471542 0
  endloop
endfacet
facet normal 0 0 -1
  outer loop
    vertex -34.31099770466052 229.186753448174 0
    vertex -33.15801977402655 230.6228192295832 0
    vertex -32.40425250490006 228.9384209120384 0
  endloop
endfacet
facet normal 0 -0 -1
  outer loop
    vertex -30.75337202483862 235.5004885538497 0
    vertex -29.52713367863399 233.939300363397 0
    vertex -31.42213312601984 233.6952707691242 0
  endloop
endfacet
facet normal 0 0 -1
  outer loop
    vertex 32.18933292272056 225.5970181708227 0
    vertex 31.46000659426882 227.3804676107737 0
    vertex 33.36526542143787 227.1198679894912 0
  endloop
endfacet
facet normal 0 0 -1
  outer loop
    vertex -38.09920146966199 229.6847986273781 0
    vertex -38.84357226315065 231.4563248308117 0
    vertex -36.88629359313979 231.2204224756435 0
  endloop
endfacet
facet normal 0 0 -1
  outer loop
    vertex 36.41637403970277 228.3728311713139 0
    vertex 37.57887369464515 229.884343783055 0
    vertex 38.29682975835566 228.1182807051578 0
  endloop
endfacet
facet normal 0 0 -1
  outer loop
    vertex 36.41637403970277 228.3728311713139 0
    vertex 35.55899124775033 230.0333113870813 0
    vertex 37.57887369464515 229.884343783055 0
  endloop
endfacet
facet normal 0 0 -1
  outer loop
    vertex 29.53505958606844 227.6350926236204 0
    vertex 28.79308479439553 229.4329005020274 0
    vertex 30.71593114523787 229.1025770471542 0
  endloop
endfacet
facet normal 0 0 -1
  outer loop
    vertex 6.446448103439799 234.0703244243509 0
    vertex 5.718678795611797 235.7641105762717 0
    vertex 7.720764668845685 235.7152646664402 0
  endloop
endfacet
facet normal 0 0 -1
  outer loop
    vertex -42.85410052881009 228.6678009313194 0
    vertex -41.84927861317916 230.1987695722461 0
    vertex -41.13539200450572 228.4171584373971 0
  endloop
endfacet
facet normal 0 -0 -1
  outer loop
    vertex 38.50456038010713 231.322424481989 0
    vertex 39.40354288206083 229.5343086535859 0
    vertex 37.57887369464515 229.884343783055 0
  endloop
endfacet
facet normal 0 0 -1
  outer loop
    vertex -41.13539200450572 228.4171584373971 0
    vertex -40.02797646801285 229.9988518251729 0
    vertex -39.25359081050302 228.1706438938034 0
  endloop
endfacet
facet normal 0 0 -1
  outer loop
    vertex 42.04775197831695 227.6247194815088 0
    vertex 44.04890631308236 227.6731453465859 0
    vertex 42.68453199890958 225.9888919349372 0
  endloop
endfacet
facet normal 0 0 -1
  outer loop
    vertex -38.09920146966199 229.6847986273781 0
    vertex -36.88629359313979 231.2204224756435 0
    vertex -36.20672502528352 229.4323268821065 0
  endloop
endfacet
facet normal 0 0 -1
  outer loop
    vertex 30.98497045408471 224.0614118989838 0
    vertex 30.25890728298232 225.855962558401 0
    vertex 32.18933292272056 225.5970181708227 0
  endloop
endfacet
facet normal 0 0 -1
  outer loop
    vertex -41.0596710347962 221.65 0
    vertex -40.15947323964965 223.2009733933915 0
    vertex -39.25927544450305 221.65 0
  endloop
endfacet
facet normal 0 0 -1
  outer loop
    vertex -39.25359081050302 228.1706438938034 0
    vertex -40.02797646801285 229.9988518251729 0
    vertex -38.09920146966199 229.6847986273781 0
  endloop
endfacet
facet normal 0 0 -1
  outer loop
    vertex -42.29049246357733 226.9010300116322 0
    vertex -42.85410052881009 228.6678009313194 0
    vertex -41.13539200450572 228.4171584373971 0
  endloop
endfacet
facet normal 0 0 -1
  outer loop
    vertex 35.55899124775033 230.0333113870813 0
    vertex 36.6103965181719 231.5924090054194 0
    vertex 37.57887369464515 229.884343783055 0
  endloop
endfacet
facet normal -0 0 -1
  outer loop
    vertex -27.58975830862469 234.1550068645175 0
    vertex -29.52713367863399 233.939300363397 0
    vertex -28.779391634542 235.7498602696206 0
  endloop
endfacet
facet normal 0 0 -1
  outer loop
    vertex 40.17284166129398 227.8658166735413 0
    vertex 41.31625562139374 229.2737874345201 0
    vertex 42.04775197831695 227.6247194815088 0
  endloop
endfacet
facet normal 0 0 -1
  outer loop
    vertex 25.06831955537293 224.8035404325936 0
    vertex 24.36021588114862 226.6127596211399 0
    vertex 26.33455724674842 226.3667427671429 0
  endloop
endfacet
facet normal 0 0 -1
  outer loop
    vertex 33.36526542143787 227.1198679894912 0
    vertex 34.52823343243393 228.6044733967425 0
    vertex 35.25723030878078 226.8665631311236 0
  endloop
endfacet
facet normal 0 0 -1
  outer loop
    vertex 8.929462216927972 226.3561225422927 0
    vertex 10.25652704775424 227.5643520893809 0
    vertex 11.03433521091331 225.9414030097267 0
  endloop
endfacet
facet normal -0 0 -1
  outer loop
    vertex 35.55008095590703 233.2476152874202 0
    vertex 34.60482608094293 231.7122712538087 0
    vertex 33.504533183421 233.4425745002036 0
  endloop
endfacet
facet normal 0 0 -1
  outer loop
    vertex 32.64734388097555 228.9008597756132 0
    vertex 34.52823343243393 228.6044733967425 0
    vertex 33.36526542143787 227.1198679894912 0
  endloop
endfacet
facet normal 0 0 -1
  outer loop
    vertex 42.86006662508937 221.65 0
    vertex 43.8496095279809 223.1461789859507 0
    vertex 44.66046221538254 221.65 0
  endloop
endfacet
facet normal 0 -0 -1
  outer loop
    vertex 33.504533183421 233.4425745002036 0
    vertex 34.60482608094293 231.7122712538087 0
    vertex 32.6225883846526 231.9101447590027 0
  endloop
endfacet
facet normal 0 0 -1
  outer loop
    vertex -41.84927861317916 230.1987695722461 0
    vertex -40.02797646801285 229.9988518251729 0
    vertex -41.13539200450572 228.4171584373971 0
  endloop
endfacet
facet normal 0 0 -1
  outer loop
    vertex 2.737893465372188 229.4516756477652 0
    vertex 4.823681312646619 229.3496238697915 0
    vertex 3.672911070012619 227.6705156119351 0
  endloop
endfacet
facet normal -0 0 -1
  outer loop
    vertex 5.935494754348318 230.8501740150274 0
    vertex 4.823681312646619 229.3496238697915 0
    vertex 3.958965913381934 231.0245160519555 0
  endloop
endfacet
facet normal 0 0 -1
  outer loop
    vertex 35.25723030878078 226.8665631311236 0
    vertex 34.52823343243393 228.6044733967425 0
    vertex 36.41637403970277 228.3728311713139 0
  endloop
endfacet
facet normal 0 0 -1
  outer loop
    vertex -17.80429684131138 235.1510316473082 0
    vertex -17.81068539928759 233.4349690757826 0
    vertex -19.46007003862406 233.9771005163133 0
  endloop
endfacet
facet normal 0 0 -1
  outer loop
    vertex 32.18933292272056 225.5970181708227 0
    vertex 30.25890728298232 225.855962558401 0
    vertex 31.46000659426882 227.3804676107737 0
  endloop
endfacet
facet normal -0 0 -1
  outer loop
    vertex -31.64721871955079 227.2102878069111 0
    vertex -32.72653503496994 225.5707432059861 0
    vertex -33.57400457827402 227.4296647464651 0
  endloop
endfacet
facet normal 0 0 -1
  outer loop
    vertex -41.95986882994276 223.2091883180553 0
    vertex -40.15947323964965 223.2009733933915 0
    vertex -41.0596710347962 221.65 0
  endloop
endfacet
facet normal 0 0 -1
  outer loop
    vertex 36.41637403970277 228.3728311713139 0
    vertex 34.52823343243393 228.6044733967425 0
    vertex 35.55899124775033 230.0333113870813 0
  endloop
endfacet
facet normal -0 0 -1
  outer loop
    vertex -3.160108582020602 230.242348078392 0
    vertex -4.52667218493011 228.9003482064257 0
    vertex -5.119071986834012 230.5890713408581 0
  endloop
endfacet
facet normal 0 0 -1
  outer loop
    vertex -41.84927861317916 230.1987695722461 0
    vertex -43.28784988797962 230.1988246811417 0
    vertex -42.90891826713011 231.6823704381939 0
  endloop
endfacet
facet normal 0 0 -1
  outer loop
    vertex -38.09920146966199 229.6847986273781 0
    vertex -40.02797646801285 229.9988518251729 0
    vertex -38.84357226315065 231.4563248308117 0
  endloop
endfacet
facet normal 0 0 -1
  outer loop
    vertex 4.916137336473749 226.0677062057827 0
    vertex 2.868009733860543 226.1028501660249 0
    vertex 3.672911070012619 227.6705156119351 0
  endloop
endfacet
facet normal 0 -0 -1
  outer loop
    vertex 21.70404589457295 228.6751007954647 0
    vertex 22.43578029426408 226.8773730677169 0
    vertex 20.33530577633445 227.0537652850153 0
  endloop
endfacet
facet normal 0 0 -1
  outer loop
    vertex 27.78094254113013 222.7744806559459 0
    vertex 27.05041674327126 224.5615151988556 0
    vertex 29.02433010578826 224.3172274318945 0
  endloop
endfacet
facet normal -0 0 -1
  outer loop
    vertex -5.890959817520026 235.6105637248941 0
    vertex -6.799413589134819 233.9875015332591 0
    vertex -7.838721493187128 235.6584424265982 0
  endloop
endfacet
facet normal 0 0 -1
  outer loop
    vertex -36.20672502528352 229.4323268821065 0
    vertex -35.04704106643123 230.9408692744638 0
    vertex -34.31099770466052 229.186753448174 0
  endloop
endfacet
facet normal 0 0 -1
  outer loop
    vertex 37.57887369464515 229.884343783055 0
    vertex 39.40354288206083 229.5343086535859 0
    vertex 38.29682975835566 228.1182807051578 0
  endloop
endfacet
facet normal 0 0 -1
  outer loop
    vertex 38.29682975835566 228.1182807051578 0
    vertex 39.40354288206083 229.5343086535859 0
    vertex 40.17284166129398 227.8658166735413 0
  endloop
endfacet
facet normal 0 0 -1
  outer loop
    vertex -28.779391634542 235.7498602696206 0
    vertex -29.52713367863399 233.939300363397 0
    vertex -30.75337202483862 235.5004885538497 0
  endloop
endfacet
facet normal 0 0 -1
  outer loop
    vertex -21.03504335499284 225.2494087571023 0
    vertex -19.00929088613176 225.2668836602504 0
    vertex -19.86849836002527 223.6190796263093 0
  endloop
endfacet
facet normal 0 0 -1
  outer loop
    vertex 19.86849836002525 223.6190796263093 0
    vertex 21.09705391367778 225.2427885082406 0
    vertex 21.84933850747366 223.4342328444454 0
  endloop
endfacet
facet normal 0 0 -1
  outer loop
    vertex 27.53029195895963 234.2585328924761 0
    vertex 29.6750848023353 234.2056349951081 0
    vertex 28.96809413506853 232.6571657925728 0
  endloop
endfacet
facet normal 0 0 -1
  outer loop
    vertex 42.09371407933887 223.1256286136192 0
    vertex 43.8496095279809 223.1461789859507 0
    vertex 42.86006662508937 221.65 0
  endloop
endfacet
facet normal 0 -0 -1
  outer loop
    vertex 34.08650903023857 225.3582372400688 0
    vertex 34.81723877764328 223.5214852831117 0
    vertex 32.91454018403972 223.8145452798782 0
  endloop
endfacet
facet normal 0 0 -1
  outer loop
    vertex 40.17284166129398 227.8658166735413 0
    vertex 39.40354288206083 229.5343086535859 0
    vertex 41.31625562139374 229.2737874345201 0
  endloop
endfacet
facet normal 0 0 -1
  outer loop
    vertex -19.4178578994812 228.9373786949133 0
    vertex -17.30003697252624 228.8427225128601 0
    vertex -18.3022064682829 227.1741020738008 0
  endloop
endfacet
facet normal -0 0 -1
  outer loop
    vertex -16.22107606885093 230.3325145098808 0
    vertex -17.30003697252624 228.8427225128601 0
    vertex -18.19522769421816 230.5106506033497 0
  endloop
endfacet
facet normal 0 0 -1
  outer loop
    vertex -36.88629359313979 231.2204224756435 0
    vertex -35.04704106643123 230.9408692744638 0
    vertex -36.20672502528352 229.4323268821065 0
  endloop
endfacet
facet normal -0 0 -1
  outer loop
    vertex -21.52470285339762 234.7018374865382 0
    vertex -23.75434599062574 234.6509295258461 0
    vertex -22.84588630491466 236.3986367958642 0
  endloop
endfacet
facet normal 0 0 -1
  outer loop
    vertex 29.02433010578826 224.3172274318945 0
    vertex 28.28863506679934 226.095183128384 0
    vertex 30.25890728298232 225.855962558401 0
  endloop
endfacet
facet normal 0 0 -1
  outer loop
    vertex -34.31099770466052 229.186753448174 0
    vertex -35.04704106643123 230.9408692744638 0
    vertex -33.15801977402655 230.6228192295832 0
  endloop
endfacet
facet normal 0 -0 -1
  outer loop
    vertex 27.59211047192589 227.8930148654746 0
    vertex 28.28863506679934 226.095183128384 0
    vertex 26.33455724674842 226.3667427671429 0
  endloop
endfacet
facet normal -0 0 -1
  outer loop
    vertex 28.96809413506853 232.6571657925728 0
    vertex 27.18672821429845 232.5779206785651 0
    vertex 27.53029195895963 234.2585328924761 0
  endloop
endfacet
facet normal 0 0 -1
  outer loop
    vertex 36.59303712138584 223.2463258476762 0
    vertex 38.3937225611778 223.1798325452031 0
    vertex 37.45887985420988 221.65 0
  endloop
endfacet
facet normal 0 0 -1
  outer loop
    vertex -26.88145019691654 224.6842513623588 0
    vertex -24.91343602212955 224.7615340048814 0
    vertex -25.80571594378856 223.0119167771725 0
  endloop
endfacet
facet normal 0 0 -1
  outer loop
    vertex -6.799413589134819 233.9875015332591 0
    vertex -8.733925844766764 234.2211652002227 0
    vertex -7.838721493187128 235.6584424265982 0
  endloop
endfacet
facet normal 0 0 -1
  outer loop
    vertex 6.446448103439799 234.0703244243509 0
    vertex 8.425855177663736 233.9163926424229 0
    vertex 7.147447420538088 232.330571591865 0
  endloop
endfacet
facet normal 0 0 -1
  outer loop
    vertex 9.127424117124848 232.0639988491785 0
    vertex 8.425855177663736 233.9163926424229 0
    vertex 10.36468933883908 233.6554496825293 0
  endloop
endfacet
facet normal 0 0 -1
  outer loop
    vertex 26.33455724674842 226.3667427671429 0
    vertex 24.36021588114862 226.6127596211399 0
    vertex 25.63517164476845 228.1545286700689 0
  endloop
endfacet
facet normal 0 0 -1
  outer loop
    vertex -1.002347254215141 226.2184865447469 0
    vertex 1.001728311421738 226.0787981269809 0
    vertex 1.374620632165618e-14 224.5 0
  endloop
endfacet
facet normal 0 0 -1
  outer loop
    vertex 41.31625562139374 229.2737874345201 0
    vertex 43.10732673739935 229.2582696753888 0
    vertex 42.04775197831695 227.6247194815088 0
  endloop
endfacet
facet normal 0 0 -1
  outer loop
    vertex 42.04775197831695 227.6247194815088 0
    vertex 43.10732673739935 229.2582696753888 0
    vertex 44.04890631308236 227.6731453465859 0
  endloop
endfacet
facet normal -0 0 -1
  outer loop
    vertex 31.46000659426882 227.3804676107737 0
    vertex 30.25890728298232 225.855962558401 0
    vertex 29.53505958606844 227.6350926236204 0
  endloop
endfacet
facet normal 0 0 -1
  outer loop
    vertex 37.45887985420988 221.65 0
    vertex 38.3937225611778 223.1798325452031 0
    vertex 39.25927544450305 221.65 0
  endloop
endfacet
facet normal 0 0 -1
  outer loop
    vertex -38.84357226315065 231.4563248308117 0
    vertex -39.40008038816727 232.947263129137 0
    vertex -37.57397367851519 232.9397260901201 0
  endloop
endfacet
facet normal 0 0 -1
  outer loop
    vertex -17.88609795343856 223.786365759847 0
    vertex -19.00929088613176 225.2668836602504 0
    vertex -17.10752829757071 225.5299681077333 0
  endloop
endfacet
facet normal 0 0 -1
  outer loop
    vertex -22.84588630491466 236.3986367958642 0
    vertex -23.75434599062574 234.6509295258461 0
    vertex -24.82551002606766 236.1989501499649 0
  endloop
endfacet
facet normal 0 0 -1
  outer loop
    vertex -35.44326271402796 232.9377449590263 0
    vertex -37.57397367851519 232.9397260901201 0
    vertex -36.66180953468935 234.6532798015876 0
  endloop
endfacet
facet normal 0 0 -1
  outer loop
    vertex -19.46007003862406 233.9771005163133 0
    vertex -19.75721035247828 235.554180463751 0
    vertex -17.80429684131138 235.1510316473082 0
  endloop
endfacet
facet normal 0 -0 -1
  outer loop
    vertex -11.0568657887319 231.3106628231799 0
    vertex -10.31296862524396 229.5117805917871 0
    vertex -12.32683306156227 229.6749400731254 0
  endloop
endfacet
facet normal 0 0 -1
  outer loop
    vertex -8.142498689498618 229.1412154457463 0
    vertex -10.31296862524396 229.5117805917871 0
    vertex -9.082502082229194 231.0618102668558 0
  endloop
endfacet
facet normal 0 0 -1
  outer loop
    vertex -33.69291304259494 221.9572878071457 0
    vertex -34.76694272856167 223.4164022480135 0
    vertex -32.95982858705148 223.8067426466997 0
  endloop
endfacet
facet normal 0 -0 -1
  outer loop
    vertex 3.958965913381934 231.0245160519555 0
    vertex 4.823681312646619 229.3496238697915 0
    vertex 2.737893465372188 229.4516756477652 0
  endloop
endfacet
facet normal 0 0 -1
  outer loop
    vertex -24.80193346687118 233.0270921920255 0
    vertex -23.75434599062574 234.6509295258461 0
    vertex -22.86818920128487 232.9021342718746 0
  endloop
endfacet
facet normal 0 0 -1
  outer loop
    vertex -35.44326271402796 232.9377449590263 0
    vertex -33.93324692352695 231.9892947558695 0
    vertex -35.04704106643123 230.9408692744638 0
  endloop
endfacet
facet normal 0 0 -1
  outer loop
    vertex -23.82846284180668 223.2318399301422 0
    vertex -24.91343602212955 224.7615340048814 0
    vertex -23.00845674646193 224.9943877665525 0
  endloop
endfacet
facet normal 0 0 -1
  outer loop
    vertex -2.455071521052021 228.1023121578077 0
    vertex -4.52667218493011 228.9003482064257 0
    vertex -3.160108582020602 230.242348078392 0
  endloop
endfacet
facet normal -0 0 -1
  outer loop
    vertex 23.67328846576522 228.427364451243 0
    vertex 22.43578029426408 226.8773730677169 0
    vertex 21.70404589457295 228.6751007954647 0
  endloop
endfacet
facet normal 0 0 -1
  outer loop
    vertex 35.55899124775033 230.0333113870813 0
    vertex 33.67868485916953 230.1865242225063 0
    vertex 34.60482608094293 231.7122712538087 0
  endloop
endfacet
facet normal 0 0 -1
  outer loop
    vertex 35.55008095590703 233.2476152874202 0
    vertex 37.49830343555394 233.1040580998429 0
    vertex 36.6103965181719 231.5924090054194 0
  endloop
endfacet
facet normal 0 -0 -1
  outer loop
    vertex 44.18350620912265 230.9291145859482 0
    vertex 44.55470071732522 229.3924909262548 0
    vertex 43.10732673739935 229.2582696753888 0
  endloop
endfacet
facet normal -0 0 -1
  outer loop
    vertex 10.93934263470242 237.2479310399157 0
    vertex 9.717864907994986 235.6127817354979 0
    vertex 8.951418384109436 237.3312497521399 0
  endloop
endfacet
facet normal 0 0 -1
  outer loop
    vertex 30.25890728298232 225.855962558401 0
    vertex 28.28863506679934 226.095183128384 0
    vertex 29.53505958606844 227.6350926236204 0
  endloop
endfacet
facet normal 0 -0 -1
  outer loop
    vertex 23.67328846576522 228.427364451243 0
    vertex 24.36021588114862 226.6127596211399 0
    vertex 22.43578029426408 226.8773730677169 0
  endloop
endfacet
facet normal 0 0 -1
  outer loop
    vertex -9.72401559339327 227.6007391925216 0
    vertex -7.998099033600827 227.3078484441055 0
    vertex -9.013361676478912 225.9679914507609 0
  endloop
endfacet
facet normal 0 -0 -1
  outer loop
    vertex -16.22107606885093 230.3325145098808 0
    vertex -15.36287943419506 228.6372122932274 0
    vertex -17.30003697252624 228.8427225128601 0
  endloop
endfacet
facet normal 0 0 -1
  outer loop
    vertex -13.12498620510444 226.105333092629 0
    vertex -11.78276777343665 227.6179289498134 0
    vertex -10.98299283312324 225.9294106521107 0
  endloop
endfacet
facet normal 0 0 -1
  outer loop
    vertex -37.4588798542099 221.65 0
    vertex -38.46293129824465 223.2273547892704 0
    vertex -36.6559683133848 223.2022371308026 0
  endloop
endfacet
facet normal 0 -0 -1
  outer loop
    vertex -18.19522769421816 230.5106506033497 0
    vertex -17.30003697252624 228.8427225128601 0
    vertex -19.4178578994812 228.9373786949133 0
  endloop
endfacet
facet normal -0 0 -1
  outer loop
    vertex 29.53505958606844 227.6350926236204 0
    vertex 28.28863506679934 226.095183128384 0
    vertex 27.59211047192589 227.8930148654746 0
  endloop
endfacet
facet normal 0 -0 -1
  outer loop
    vertex 40.89969718504621 226.181600449114 0
    vertex 41.46018006188574 224.6116581106066 0
    vertex 39.6646152892327 224.7314038009801 0
  endloop
endfacet
facet normal 0 0 -1
  outer loop
    vertex -7.016631313732789 226.0374149278149 0
    vertex -7.998099033600827 227.3078484441055 0
    vertex -6.093987894900547 227.7918812036837 0
  endloop
endfacet
facet normal 0 0 -1
  outer loop
    vertex 25.80571594378849 223.0119167771725 0
    vertex 27.05041674327126 224.5615151988556 0
    vertex 27.78094254113013 222.7744806559459 0
  endloop
endfacet
facet normal 0 0 -1
  outer loop
    vertex -40.15947323964965 223.2009733933915 0
    vertex -38.46293129824465 223.2273547892704 0
    vertex -39.25927544450305 221.65 0
  endloop
endfacet
facet normal 0 0 -1
  outer loop
    vertex -13.94388047574965 235.2684882130436 0
    vertex -15.88031920538858 235.6216403396759 0
    vertex -14.91274838821193 237.0313480017145 0
  endloop
endfacet
facet normal 0 -0 -1
  outer loop
    vertex -16.89795102383212 236.8980988762809 0
    vertex -15.88031920538858 235.6216403396759 0
    vertex -17.80429684131138 235.1510316473082 0
  endloop
endfacet
facet normal -0 0 -1
  outer loop
    vertex 25.63517164476845 228.1545286700689 0
    vertex 24.36021588114862 226.6127596211399 0
    vertex 23.67328846576522 228.427364451243 0
  endloop
endfacet
facet normal 0 0 -1
  outer loop
    vertex 3.978697033572691 224.4647410394671 0
    vertex 2.868009733860543 226.1028501660249 0
    vertex 4.916137336473749 226.0677062057827 0
  endloop
endfacet
facet normal 0 0 -1
  outer loop
    vertex 7.720764668845685 235.7152646664402 0
    vertex 5.718678795611797 235.7641105762717 0
    vertex 6.962865892154232 237.3979117401159 0
  endloop
endfacet
facet normal 0 -0 -1
  outer loop
    vertex 4.973824722297246 237.4479123252758 0
    vertex 5.718678795611797 235.7641105762717 0
    vertex 3.839057127072577 235.8569886272658 0
  endloop
endfacet
facet normal 0 0 -1
  outer loop
    vertex -31.21710830220583 230.442528311338 0
    vertex -32.20623258973414 232.0470966419714 0
    vertex -30.09826414632078 232.0678325904034 0
  endloop
endfacet
facet normal 0 0 -1
  outer loop
    vertex -31.42213312601984 233.6952707691242 0
    vertex -32.20623258973414 232.0470966419714 0
    vertex -33.37810727545769 233.4698985899081 0
  endloop
endfacet
facet normal 0 0 -1
  outer loop
    vertex -15.14605593159738 225.7004391088703 0
    vertex -14.67636055624265 227.1722667903696 0
    vertex -13.12498620510444 226.105333092629 0
  endloop
endfacet
facet normal 0 -0 -1
  outer loop
    vertex 5.935494754348318 230.8501740150274 0
    vertex 6.834487187263361 229.1245666503906 0
    vertex 4.823681312646619 229.3496238697915 0
  endloop
endfacet
facet normal 0 0 -1
  outer loop
    vertex 7.147447420538088 232.330571591865 0
    vertex 8.425855177663736 233.9163926424229 0
    vertex 9.127424117124848 232.0639988491785 0
  endloop
endfacet
facet normal 0 0 -1
  outer loop
    vertex 41.05967103479621 221.65 0
    vertex 40.35505714930471 223.1808916154799 0
    vertex 42.09371407933887 223.1256286136192 0
  endloop
endfacet
facet normal 0 0 -1
  outer loop
    vertex -0.629638292686428 233.7209122449307 0
    vertex 1.043331898880876 234.594624961194 0
    vertex 1.404582262786119 233.0547298335817 0
  endloop
endfacet
facet normal 0 0 -1
  outer loop
    vertex -4.52667218493011 228.9003482064257 0
    vertex -6.196583676598765 229.4557429449274 0
    vertex -5.119071986834012 230.5890713408581 0
  endloop
endfacet
facet normal 0 0 -1
  outer loop
    vertex -4.857974199264233 233.8634850489538 0
    vertex -6.799413589134819 233.9875015332591 0
    vertex -5.890959817520026 235.6105637248941 0
  endloop
endfacet
facet normal 0 0 -1
  outer loop
    vertex -21.52470285339762 234.7018374865382 0
    vertex -19.75721035247828 235.554180463751 0
    vertex -19.46007003862406 233.9771005163133 0
  endloop
endfacet
facet normal 0 0 -1
  outer loop
    vertex -5.903525577574346 232.3065791249951 0
    vertex -6.799413589134819 233.9875015332591 0
    vertex -4.857974199264233 233.8634850489538 0
  endloop
endfacet
facet normal 0 0 -1
  outer loop
    vertex -10.93934263470239 237.2479310399157 0
    vertex -12.235797390732 235.7329905161477 0
    vertex -12.92649912456463 237.1479614510372 0
  endloop
endfacet
facet normal 0 0 -1
  outer loop
    vertex -10.69945457048678 234.7058886177366 0
    vertex -8.733925844766764 234.2211652002227 0
    vertex -9.85241889456031 232.8147222885706 0
  endloop
endfacet
facet normal 0 -0 -1
  outer loop
    vertex -26.8033914074519 235.982686248502 0
    vertex -25.70171549234283 234.5171145739056 0
    vertex -27.58975830862469 234.1550068645175 0
  endloop
endfacet
facet normal 0 -0 -1
  outer loop
    vertex 36.66180953468938 234.6532798015876 0
    vertex 37.49830343555394 233.1040580998429 0
    vertex 35.55008095590703 233.2476152874202 0
  endloop
endfacet
facet normal 0 0 -1
  outer loop
    vertex 41.43535923013438 232.3622660738382 0
    vertex 39.53409649340463 232.6456593839932 0
    vertex 40.58813300427821 234.0060970556687 0
  endloop
endfacet
facet normal 0 0 -1
  outer loop
    vertex 5.166514327928482 232.5570761391324 0
    vertex 4.537277442704665 234.2354069043745 0
    vertex 6.446448103439799 234.0703244243509 0
  endloop
endfacet
facet normal 0 0 -1
  outer loop
    vertex 14.54654046378597 227.7640710863064 0
    vertex 16.37624258967372 227.4241502891079 0
    vertex 15.13659675783889 225.8145568229501 0
  endloop
endfacet
facet normal 0 0 -1
  outer loop
    vertex 15.13659675783889 225.8145568229501 0
    vertex 16.37624258967372 227.4241502891079 0
    vertex 17.0238501557585 225.5792474508419 0
  endloop
endfacet
facet normal -0 0 -1
  outer loop
    vertex -9.082502082229194 231.0618102668558 0
    vertex -10.31296862524396 229.5117805917871 0
    vertex -11.0568657887319 231.3106628231799 0
  endloop
endfacet
facet normal 0 -0 -1
  outer loop
    vertex -40.58813300427818 234.0060970556687 0
    vertex -39.40008038816727 232.947263129137 0
    vertex -40.9868236470766 232.0654155894009 0
  endloop
endfacet
facet normal 0 0 -1
  outer loop
    vertex -17.30003697252624 228.8427225128601 0
    vertex -15.36287943419506 228.6372122932274 0
    vertex -16.26023684160264 227.2793538534999 0
  endloop
endfacet
facet normal 0 0 -1
  outer loop
    vertex 1.374620632165618e-14 224.5 0
    vertex 1.001728311421738 226.0787981269809 0
    vertex 1.989426630920232 224.4911850868096 0
  endloop
endfacet
facet normal 0 0 -1
  outer loop
    vertex 38.3937225611778 223.1798325452031 0
    vertex 40.35505714930471 223.1808916154799 0
    vertex 39.25927544450305 221.65 0
  endloop
endfacet
facet normal 0 0 -1
  outer loop
    vertex 11.03433521091331 225.9414030097267 0
    vertex 10.25652704775424 227.5643520893809 0
    vertex 11.73041313486335 227.8461600820009 0
  endloop
endfacet
facet normal -0 0 -1
  outer loop
    vertex -22.70064671494261 227.7139774788496 0
    vertex -23.93983787392775 226.3157771482232 0
    vertex -24.61473050205399 227.9194487193066 0
  endloop
endfacet
facet normal 0 0 -1
  outer loop
    vertex 4.823681312646619 229.3496238697915 0
    vertex 6.834487187263361 229.1245666503906 0
    vertex 5.891557129445024 227.7578556269117 0
  endloop
endfacet
facet normal 0 0 -1
  outer loop
    vertex 43.10732673739935 229.2582696753888 0
    vertex 44.55470071732522 229.3924909262548 0
    vertex 44.04890631308236 227.6731453465859 0
  endloop
endfacet
facet normal 0 0 -1
  outer loop
    vertex -13.48764436871372 228.1389956036213 0
    vertex -15.36287943419506 228.6372122932274 0
    vertex -14.24559795118865 230.0387949191164 0
  endloop
endfacet
facet normal 0 0 -1
  outer loop
    vertex 8.870494074693486 228.6469993460526 0
    vertex 6.834487187263361 229.1245666503906 0
    vertex 7.921840860747287 230.5783054647356 0
  endloop
endfacet
facet normal 0 0 -1
  outer loop
    vertex 23.10554788705649 233.4378240774293 0
    vertex 21.45112655798642 233.4425439875851 0
    vertex 21.96880543585243 234.9369645618505 0
  endloop
endfacet
facet normal 0 0 -1
  outer loop
    vertex 21.96880543585243 234.9369645618505 0
    vertex 23.95455407114272 234.8887990737408 0
    vertex 23.10554788705649 233.4378240774293 0
  endloop
endfacet
facet normal 0 0 -1
  outer loop
    vertex 6.906746652781655 226.0565002741353 0
    vertex 7.486549452222299 227.5884088879566 0
    vertex 8.929462216927972 226.3561225422927 0
  endloop
endfacet
facet normal 0 0 -1
  outer loop
    vertex -19.46007003862406 233.9771005163133 0
    vertex -17.81068539928759 233.4349690757826 0
    vertex -18.96019930753652 232.2630643893789 0
  endloop
endfacet
facet normal 0 0 -1
  outer loop
    vertex -16.98614151112819 232.0244138658803 0
    vertex -17.81068539928759 233.4349690757826 0
    vertex -15.8427192978378 233.7592349600321 0
  endloop
endfacet
facet normal 0 0 -1
  outer loop
    vertex -19.86849836002527 223.6190796263093 0
    vertex -19.00929088613176 225.2668836602504 0
    vertex -17.88609795343856 223.786365759847 0
  endloop
endfacet
facet normal 0 0 -1
  outer loop
    vertex -6.093987894900547 227.7918812036837 0
    vertex -6.196583676598765 229.4557429449274 0
    vertex -4.52667218493011 228.9003482064257 0
  endloop
endfacet
facet normal 0 0 -1
  outer loop
    vertex -6.093987894900547 227.7918812036837 0
    vertex -4.133333184267581 227.3353428536161 0
    vertex -5.013955348425759 226.0539052106743 0
  endloop
endfacet
facet normal 0 0 -1
  outer loop
    vertex -28.03163003582021 232.148230887927 0
    vertex -26.44150634075528 233.0807213436241 0
    vertex -26.08249440011745 231.5561621997448 0
  endloop
endfacet
facet normal 0 0 -1
  outer loop
    vertex 31.60322323291232 233.7749234697963 0
    vertex 29.6750848023353 234.2056349951081 0
    vertex 30.75337202483865 235.5004885538497 0
  endloop
endfacet
facet normal 0 0 -1
  outer loop
    vertex -39.25927544450305 221.65 0
    vertex -38.46293129824465 223.2273547892704 0
    vertex -37.4588798542099 221.65 0
  endloop
endfacet
facet normal -0 0 -1
  outer loop
    vertex -23.75434599062574 234.6509295258461 0
    vertex -25.70171549234283 234.5171145739056 0
    vertex -24.82551002606766 236.1989501499649 0
  endloop
endfacet
facet normal 0 -0 -1
  outer loop
    vertex -7.100687626830544 230.8561985279229 0
    vertex -6.196583676598765 229.4557429449274 0
    vertex -8.142498689498618 229.1412154457463 0
  endloop
endfacet
facet normal 0 -0 -1
  outer loop
    vertex 28.77939163454202 235.7498602696206 0
    vertex 29.6750848023353 234.2056349951081 0
    vertex 27.53029195895963 234.2585328924761 0
  endloop
endfacet
facet normal 0 0 -1
  outer loop
    vertex -11.83413672122175 233.0114385454301 0
    vertex -12.62397361727544 234.3248203891609 0
    vertex -10.69945457048678 234.7058886177366 0
  endloop
endfacet
facet normal 0 0 -1
  outer loop
    vertex 25.3384115860499 233.3713097861296 0
    vertex 27.18672821429845 232.5779206785651 0
    vertex 26.07694584934346 231.4543600122765 0
  endloop
endfacet
facet normal 0 0 -1
  outer loop
    vertex 29.91182925648215 230.8664427355752 0
    vertex 31.76673726714155 230.4715572550921 0
    vertex 30.71593114523787 229.1025770471542 0
  endloop
endfacet
facet normal 0 -0 -1
  outer loop
    vertex 8.951418384109436 237.3312497521399 0
    vertex 9.717864907994986 235.6127817354979 0
    vertex 7.720764668845685 235.7152646664402 0
  endloop
endfacet
facet normal -0 0 -1
  outer loop
    vertex 13.92080500664071 229.7554915769532 0
    vertex 13.16668258910964 228.3442090854918 0
    vertex 12.00837008025405 229.7825690078868 0
  endloop
endfacet
facet normal 0 0 -1
  outer loop
    vertex -24.80193346687118 233.0270921920255 0
    vertex -25.70171549234283 234.5171145739056 0
    vertex -23.75434599062574 234.6509295258461 0
  endloop
endfacet
facet normal 0 0 -1
  outer loop
    vertex 1.404582262786119 233.0547298335817 0
    vertex 2.730809912503536 234.4053815814301 0
    vertex 3.251909972434414 232.7509935499444 0
  endloop
endfacet
facet normal 0 0 -1
  outer loop
    vertex -8.951418384109461 237.3312497521399 0
    vertex -9.432572585450504 235.8329354073226 0
    vertex -10.93934263470239 237.2479310399157 0
  endloop
endfacet
facet normal 0 0 -1
  outer loop
    vertex -36.66180953468935 234.6532798015876 0
    vertex -37.57397367851519 232.9397260901201 0
    vertex -38.6263267337848 234.3379117493687 0
  endloop
endfacet
facet normal 0 -0 -1
  outer loop
    vertex 9.921215792778474 230.3057542367973 0
    vertex 10.63602928744227 228.9280609186643 0
    vertex 8.870494074693486 228.6469993460526 0
  endloop
endfacet
facet normal 0 0 -1
  outer loop
    vertex -21.03504335499284 225.2494087571023 0
    vertex -22.1667121858319 226.2410738619391 0
    vertex -20.60950604802768 227.2143900671459 0
  endloop
endfacet
facet normal 0 0 -1
  outer loop
    vertex 21.96880543585243 234.9369645618505 0
    vertex 21.45112655798642 233.4425439875851 0
    vertex 19.89226423622117 234.5692221757503 0
  endloop
endfacet
facet normal 0 0 -1
  outer loop
    vertex 28.01989754207075 231.1482349093706 0
    vertex 27.18672821429845 232.5779206785651 0
    vertex 28.96809413506853 232.6571657925728 0
  endloop
endfacet
facet normal 0 -0 -1
  outer loop
    vertex -31.64721871955079 227.2102878069111 0
    vertex -30.87894354075241 225.7039755360488 0
    vertex -32.72653503496994 225.5707432059861 0
  endloop
endfacet
facet normal 0 0 -1
  outer loop
    vertex 27.53029195895963 234.2585328924761 0
    vertex 25.64316318691516 234.9891090712066 0
    vertex 26.80339140745188 235.982686248502 0
  endloop
endfacet
facet normal 0 0 -1
  outer loop
    vertex 22.10052756066617 231.9369713174034 0
    vertex 21.45112655798642 233.4425439875851 0
    vertex 23.10554788705649 233.4378240774293 0
  endloop
endfacet
facet normal 0 -0 -1
  outer loop
    vertex 22.84588630491469 236.3986367958642 0
    vertex 23.95455407114272 234.8887990737408 0
    vertex 21.96880543585243 234.9369645618505 0
  endloop
endfacet
facet normal 0 -0 -1
  outer loop
    vertex -20.86465918080146 236.5817321715035 0
    vertex -19.75721035247828 235.554180463751 0
    vertex -21.52470285339762 234.7018374865382 0
  endloop
endfacet
facet normal 0 0 -1
  outer loop
    vertex -17.80429684131138 235.1510316473082 0
    vertex -19.75721035247828 235.554180463751 0
    vertex -18.88196770306917 236.7482234266189 0
  endloop
endfacet
facet normal 0 0 -1
  outer loop
    vertex 17.0238501557585 225.5792474508419 0
    vertex 16.37624258967372 227.4241502891079 0
    vertex 18.28773362776301 227.2244081959863 0
  endloop
endfacet
facet normal 0 0 -1
  outer loop
    vertex -25.80571594378856 223.0119167771725 0
    vertex -24.91343602212955 224.7615340048814 0
    vertex -23.82846284180668 223.2318399301422 0
  endloop
endfacet
facet normal 0 0 -1
  outer loop
    vertex 1.001728311421738 226.0787981269809 0
    vertex 2.868009733860543 226.1028501660249 0
    vertex 1.989426630920232 224.4911850868096 0
  endloop
endfacet
facet normal 0 -0 -1
  outer loop
    vertex -4.52667218493011 228.9003482064257 0
    vertex -4.133333184267581 227.3353428536161 0
    vertex -6.093987894900547 227.7918812036837 0
  endloop
endfacet
facet normal 0 0 -1
  outer loop
    vertex 39.25927544450305 221.65 0
    vertex 40.35505714930471 223.1808916154799 0
    vertex 41.05967103479621 221.65 0
  endloop
endfacet
facet normal -0 0 -1
  outer loop
    vertex 8.870494074693486 228.6469993460526 0
    vertex 7.486549452222299 227.5884088879566 0
    vertex 6.834487187263361 229.1245666503906 0
  endloop
endfacet
facet normal -0 0 -1
  outer loop
    vertex -32.20623258973414 232.0470966419714 0
    vertex -33.93324692352695 231.9892947558695 0
    vertex -33.37810727545769 233.4698985899081 0
  endloop
endfacet
facet normal 0 0 -1
  outer loop
    vertex -14.91274838821193 237.0313480017145 0
    vertex -15.88031920538858 235.6216403396759 0
    vertex -16.89795102383212 236.8980988762809 0
  endloop
endfacet
facet normal -0 0 -1
  outer loop
    vertex 6.962865892154232 237.3979117401159 0
    vertex 5.718678795611797 235.7641105762717 0
    vertex 4.973824722297246 237.4479123252758 0
  endloop
endfacet
facet normal 0 -0 -1
  outer loop
    vertex 45.86003116440289 227.0775910193621 0
    vertex 46.36693943128068 225.7037134028212 0
    vertex 44.41226886710846 225.8683090063366 0
  endloop
endfacet
facet normal 0 0 -1
  outer loop
    vertex 34.52823343243393 228.6044733967425 0
    vertex 33.67868485916953 230.1865242225063 0
    vertex 35.55899124775033 230.0333113870813 0
  endloop
endfacet
facet normal 0 0 -1
  outer loop
    vertex 38.50456038010713 231.322424481989 0
    vertex 40.4209480907949 230.9835164620224 0
    vertex 39.40354288206083 229.5343086535859 0
  endloop
endfacet
facet normal 0 -0 -1
  outer loop
    vertex -22.70064671494261 227.7139774788496 0
    vertex -22.1667121858319 226.2410738619391 0
    vertex -23.93983787392775 226.3157771482232 0
  endloop
endfacet
facet normal 0 0 -1
  outer loop
    vertex 8.870494074693486 228.6469993460526 0
    vertex 10.63602928744227 228.9280609186643 0
    vertex 10.25652704775424 227.5643520893809 0
  endloop
endfacet
facet normal 0 -0 -1
  outer loop
    vertex -46.30877681790011 227.212730675524 0
    vertex -44.99615801347446 226.0064401774621 0
    vertex -46.39933481022122 225.7975676674023 0
  endloop
endfacet
facet normal 0 0 -1
  outer loop
    vertex -10.69945457048678 234.7058886177366 0
    vertex -9.432572585450504 235.8329354073226 0
    vertex -8.733925844766764 234.2211652002227 0
  endloop
endfacet
facet normal 0 0 -1
  outer loop
    vertex -24.91343602212955 224.7615340048814 0
    vertex -23.93983787392775 226.3157771482232 0
    vertex -23.00845674646193 224.9943877665525 0
  endloop
endfacet
facet normal 0 0 -1
  outer loop
    vertex -36.6559683133848 223.2022371308026 0
    vertex -35.74145158352653 224.7246918706313 0
    vertex -34.76694272856167 223.4164022480135 0
  endloop
endfacet
facet normal 0 0 -1
  outer loop
    vertex 41.31625562139374 229.2737874345201 0
    vertex 42.33187393766872 230.762652744208 0
    vertex 43.10732673739935 229.2582696753888 0
  endloop
endfacet
facet normal 0 0 -1
  outer loop
    vertex 42.33187393766872 230.762652744208 0
    vertex 40.4209480907949 230.9835164620224 0
    vertex 41.43535923013438 232.3622660738382 0
  endloop
endfacet
facet normal -0 0 -1
  outer loop
    vertex -34.74444845628308 226.053163918345 0
    vertex -35.74145158352653 224.7246918706313 0
    vertex -36.60114718182333 226.2528690675463 0
  endloop
endfacet
facet normal 0 0 -1
  outer loop
    vertex 1.989426630920232 224.4911850868096 0
    vertex 2.868009733860543 226.1028501660249 0
    vertex 3.978697033572691 224.4647410394671 0
  endloop
endfacet
facet normal 0 0 -1
  outer loop
    vertex -10.98299283312324 225.9294106521107 0
    vertex -11.78276777343665 227.6179289498134 0
    vertex -9.72401559339327 227.6007391925216 0
  endloop
endfacet
facet normal 0 0 -1
  outer loop
    vertex -37.57397367851519 232.9397260901201 0
    vertex -39.40008038816727 232.947263129137 0
    vertex -38.6263267337848 234.3379117493687 0
  endloop
endfacet
facet normal 0 0 -1
  outer loop
    vertex -9.013361676478912 225.9679914507609 0
    vertex -7.998099033600827 227.3078484441055 0
    vertex -7.016631313732789 226.0374149278149 0
  endloop
endfacet
facet normal 0 0 -1
  outer loop
    vertex -7.876372153355719 232.5804051145296 0
    vertex -6.799413589134819 233.9875015332591 0
    vertex -5.903525577574346 232.3065791249951 0
  endloop
endfacet
facet normal -0 0 -1
  outer loop
    vertex -10.69945457048678 234.7058886177366 0
    vertex -12.62397361727544 234.3248203891609 0
    vertex -12.235797390732 235.7329905161477 0
  endloop
endfacet
facet normal 0 0 -1
  outer loop
    vertex 44.41226886710846 225.8683090063366 0
    vertex 46.36693943128068 225.7037134028212 0
    vertex 45.16399176784396 224.4414721035974 0
  endloop
endfacet
facet normal 0 0 -1
  outer loop
    vertex -33.15801977402655 230.6228192295832 0
    vertex -32.20623258973414 232.0470966419714 0
    vertex -31.21710830220583 230.442528311338 0
  endloop
endfacet
facet normal 0 -0 -1
  outer loop
    vertex -12.92649912456463 237.1479614510372 0
    vertex -12.235797390732 235.7329905161477 0
    vertex -13.94388047574965 235.2684882130436 0
  endloop
endfacet
facet normal 0 -0 -1
  outer loop
    vertex -44.4085917797326 233.0157195157895 0
    vertex -42.90891826713011 231.6823704381939 0
    vertex -44.42214464033454 231.1040571688339 0
  endloop
endfacet
facet normal 0 -0 -1
  outer loop
    vertex 42.54709065985079 233.6578590083852 0
    vertex 42.98128436330183 232.1455223856338 0
    vertex 41.43535923013438 232.3622660738382 0
  endloop
endfacet
facet normal 0 0 -1
  outer loop
    vertex -42.54709065985075 233.6578590083852 0
    vertex -42.90891826713011 231.6823704381939 0
    vertex -44.4085917797326 233.0157195157895 0
  endloop
endfacet
facet normal 0 0 -1
  outer loop
    vertex -45.31468668105833 224.6525854453109 0
    vertex -44.99615801347446 226.0064401774621 0
    vertex -43.45151738047498 225.3243020879989 0
  endloop
endfacet
facet normal 0 0 -1
  outer loop
    vertex -24.82551002606766 236.1989501499649 0
    vertex -25.70171549234283 234.5171145739056 0
    vertex -26.8033914074519 235.982686248502 0
  endloop
endfacet
facet normal 0 0 -1
  outer loop
    vertex -7.876372153355719 232.5804051145296 0
    vertex -8.733925844766764 234.2211652002227 0
    vertex -6.799413589134819 233.9875015332591 0
  endloop
endfacet
facet normal -0 0 -1
  outer loop
    vertex -2.455071521052021 228.1023121578077 0
    vertex -4.133333184267581 227.3353428536161 0
    vertex -4.52667218493011 228.9003482064257 0
  endloop
endfacet
facet normal 0 0 -1
  outer loop
    vertex 1.404582262786119 233.0547298335817 0
    vertex 1.043331898880876 234.594624961194 0
    vertex 2.730809912503536 234.4053815814301 0
  endloop
endfacet
facet normal 0 0 -1
  outer loop
    vertex -33.37810727545769 233.4698985899081 0
    vertex -33.93324692352695 231.9892947558695 0
    vertex -35.44326271402796 232.9377449590263 0
  endloop
endfacet
facet normal 0 0 -1
  outer loop
    vertex -9.85241889456031 232.8147222885706 0
    vertex -8.733925844766764 234.2211652002227 0
    vertex -7.876372153355719 232.5804051145296 0
  endloop
endfacet
facet normal -0 0 -1
  outer loop
    vertex -13.48764436871372 228.1389956036213 0
    vertex -14.67636055624265 227.1722667903696 0
    vertex -15.36287943419506 228.6372122932274 0
  endloop
endfacet
facet normal -0 0 -1
  outer loop
    vertex -20.60950604802768 227.2143900671459 0
    vertex -22.1667121858319 226.2410738619391 0
    vertex -22.70064671494261 227.7139774788496 0
  endloop
endfacet
facet normal 0 0 -1
  outer loop
    vertex 41.31625562139374 229.2737874345201 0
    vertex 40.4209480907949 230.9835164620224 0
    vertex 42.33187393766872 230.762652744208 0
  endloop
endfacet
facet normal 0 0 -1
  outer loop
    vertex 3.251909972434414 232.7509935499444 0
    vertex 4.537277442704665 234.2354069043745 0
    vertex 5.166514327928482 232.5570761391324 0
  endloop
endfacet
facet normal -0 0 -1
  outer loop
    vertex -29.71541025655254 226.8552540242742 0
    vertex -30.87894354075241 225.7039755360488 0
    vertex -31.64721871955079 227.2102878069111 0
  endloop
endfacet
facet normal 0 0 -1
  outer loop
    vertex -25.70171549234283 234.5171145739056 0
    vertex -26.44150634075528 233.0807213436241 0
    vertex -27.58975830862469 234.1550068645175 0
  endloop
endfacet
facet normal 0 0 -1
  outer loop
    vertex -42.90891826713011 231.6823704381939 0
    vertex -43.28784988797962 230.1988246811417 0
    vertex -44.42214464033454 231.1040571688339 0
  endloop
endfacet
facet normal -0 0 -1
  outer loop
    vertex -40.9868236470766 232.0654155894009 0
    vertex -42.90891826713011 231.6823704381939 0
    vertex -42.54709065985075 233.6578590083852 0
  endloop
endfacet
facet normal -0 0 -1
  outer loop
    vertex 42.68453199890958 225.9888919349372 0
    vertex 41.46018006188574 224.6116581106066 0
    vertex 40.89969718504621 226.181600449114 0
  endloop
endfacet
facet normal 0 0 -1
  outer loop
    vertex 10.25652704775424 227.5643520893809 0
    vertex 10.63602928744227 228.9280609186643 0
    vertex 11.73041313486335 227.8461600820009 0
  endloop
endfacet
facet normal -0 0 -1
  outer loop
    vertex 3.839057127072577 235.8569886272658 0
    vertex 2.730809912503536 234.4053815814301 0
    vertex 1.954917143658895 235.8640343403643 0
  endloop
endfacet
facet normal 0 0 -1
  outer loop
    vertex 41.43535923013438 232.3622660738382 0
    vertex 42.98128436330183 232.1455223856338 0
    vertex 42.33187393766872 230.762652744208 0
  endloop
endfacet
facet normal 0 -0 -1
  outer loop
    vertex -24.61473050205399 227.9194487193066 0
    vertex -23.93983787392775 226.3157771482232 0
    vertex -25.83760415261474 226.3645323030606 0
  endloop
endfacet
facet normal -0 0 -1
  outer loop
    vertex 38.62632673378483 234.3379117493687 0
    vertex 37.49830343555394 233.1040580998429 0
    vertex 36.66180953468938 234.6532798015876 0
  endloop
endfacet
facet normal 0 -0 -1
  outer loop
    vertex 38.62632673378483 234.3379117493687 0
    vertex 39.53409649340463 232.6456593839932 0
    vertex 37.49830343555394 233.1040580998429 0
  endloop
endfacet
facet normal 0 0 -1
  outer loop
    vertex -47.27998926025501 224.5296410697769 0
    vertex -46.39933481022122 225.7975676674023 0
    vertex -45.31468668105833 224.6525854453109 0
  endloop
endfacet
facet normal -0 0 -1
  outer loop
    vertex 40.58813300427821 234.0060970556687 0
    vertex 39.53409649340463 232.6456593839932 0
    vertex 38.62632673378483 234.3379117493687 0
  endloop
endfacet
facet normal 0 0 -1
  outer loop
    vertex -25.83760415261474 226.3645323030606 0
    vertex -23.93983787392775 226.3157771482232 0
    vertex -24.91343602212955 224.7615340048814 0
  endloop
endfacet
facet normal -0 0 -1
  outer loop
    vertex -14.24559795118865 230.0387949191164 0
    vertex -15.36287943419506 228.6372122932274 0
    vertex -16.22107606885093 230.3325145098808 0
  endloop
endfacet
facet normal -0 0 -1
  outer loop
    vertex 7.921840860747287 230.5783054647356 0
    vertex 6.834487187263361 229.1245666503906 0
    vertex 5.935494754348318 230.8501740150274 0
  endloop
endfacet
facet normal 0 0 -1
  outer loop
    vertex 42.09371407933887 223.1256286136192 0
    vertex 43.27738271717791 224.5303564591746 0
    vertex 43.8496095279809 223.1461789859507 0
  endloop
endfacet
facet normal 0 0 -1
  outer loop
    vertex -33.15801977402655 230.6228192295832 0
    vertex -33.93324692352695 231.9892947558695 0
    vertex -32.20623258973414 232.0470966419714 0
  endloop
endfacet
facet normal 0 0 -1
  outer loop
    vertex 32.64734388097555 228.9008597756132 0
    vertex 31.76673726714155 230.4715572550921 0
    vertex 33.67868485916953 230.1865242225063 0
  endloop
endfacet
facet normal 0 0 -1
  outer loop
    vertex 32.64734388097555 228.9008597756132 0
    vertex 33.67868485916953 230.1865242225063 0
    vertex 34.52823343243393 228.6044733967425 0
  endloop
endfacet
facet normal 0 0 -1
  outer loop
    vertex -18.96019930753652 232.2630643893789 0
    vertex -17.81068539928759 233.4349690757826 0
    vertex -16.98614151112819 232.0244138658803 0
  endloop
endfacet
facet normal 0 0 -1
  outer loop
    vertex 44.18350620912265 230.9291145859482 0
    vertex 42.98128436330183 232.1455223856338 0
    vertex 44.40859177973264 233.0157195157895 0
  endloop
endfacet
facet normal -0 0 -1
  outer loop
    vertex -32.72653503496994 225.5707432059861 0
    vertex -34.06626785493548 224.6768369234762 0
    vertex -34.74444845628308 226.053163918345 0
  endloop
endfacet
facet normal 0 0 -1
  outer loop
    vertex 30.71593114523787 229.1025770471542 0
    vertex 31.76673726714155 230.4715572550921 0
    vertex 32.64734388097555 228.9008597756132 0
  endloop
endfacet
facet normal 0 0 -1
  outer loop
    vertex -45.85332128017114 228.7757359918537 0
    vertex -46.30877681790011 227.212730675524 0
    vertex -47.78425305789282 228.3896893404538 0
  endloop
endfacet
facet normal -0 0 -1
  outer loop
    vertex 44.40859177973264 233.0157195157895 0
    vertex 42.98128436330183 232.1455223856338 0
    vertex 42.54709065985079 233.6578590083852 0
  endloop
endfacet
facet normal 0 0 -1
  outer loop
    vertex -47.8278796414716 226.4210283060252 0
    vertex -46.39933481022122 225.7975676674023 0
    vertex -47.27998926025501 224.5296410697769 0
  endloop
endfacet
facet normal 0 0 -1
  outer loop
    vertex -47.15311337619022 230.2549486386354 0
    vertex -45.57348370696059 230.2926080600203 0
    vertex -45.85332128017114 228.7757359918537 0
  endloop
endfacet
facet normal 0 0 -1
  outer loop
    vertex 45.85332128017117 228.7757359918537 0
    vertex 45.58044304685055 230.3261890314973 0
    vertex 47.15311337619026 230.2549486386354 0
  endloop
endfacet
facet normal 0 0 -1
  outer loop
    vertex -43.45151738047498 225.3243020879989 0
    vertex -44.99615801347446 226.0064401774621 0
    vertex -44.34567337549758 227.4889321789571 0
  endloop
endfacet
facet normal 0 -0 -1
  outer loop
    vertex 44.04890631308236 227.6731453465859 0
    vertex 44.41226886710846 225.8683090063366 0
    vertex 42.68453199890958 225.9888919349372 0
  endloop
endfacet
facet normal 0 0 -1
  outer loop
    vertex -38.6263267337848 234.3379117493687 0
    vertex -39.40008038816727 232.947263129137 0
    vertex -40.58813300427818 234.0060970556687 0
  endloop
endfacet
facet normal -0 0 -1
  outer loop
    vertex 30.75337202483865 235.5004885538497 0
    vertex 29.6750848023353 234.2056349951081 0
    vertex 28.77939163454202 235.7498602696206 0
  endloop
endfacet
facet normal 0 0 -1
  outer loop
    vertex 45.99238397539955 231.845620448096 0
    vertex 45.58044304685055 230.3261890314973 0
    vertex 44.18350620912265 230.9291145859482 0
  endloop
endfacet
facet normal -0 0 -1
  outer loop
    vertex -44.42214464033454 231.1040571688339 0
    vertex -45.57348370696059 230.2926080600203 0
    vertex -45.99238397539951 231.845620448096 0
  endloop
endfacet
facet normal 0 -0 -1
  outer loop
    vertex -47.78425305789282 228.3896893404538 0
    vertex -46.30877681790011 227.212730675524 0
    vertex -47.8278796414716 226.4210283060252 0
  endloop
endfacet
facet normal 0 0 -1
  outer loop
    vertex 47.15311337619026 230.2549486386354 0
    vertex 45.58044304685055 230.3261890314973 0
    vertex 45.99238397539955 231.845620448096 0
  endloop
endfacet
facet normal 0 -0 -1
  outer loop
    vertex -45.99238397539951 231.845620448096 0
    vertex -45.57348370696059 230.2926080600203 0
    vertex -47.15311337619022 230.2549486386354 0
  endloop
endfacet
facet normal 0 0 -1
  outer loop
    vertex 44.04890631308236 227.6731453465859 0
    vertex 45.86003116440289 227.0775910193621 0
    vertex 44.41226886710846 225.8683090063366 0
  endloop
endfacet
facet normal 0 0 -1
  outer loop
    vertex 28.96809413506853 232.6571657925728 0
    vertex 30.75792617976541 232.3143115011912 0
    vertex 29.91182925648215 230.8664427355752 0
  endloop
endfacet
facet normal 0 0 -1
  outer loop
    vertex -7.838721493187128 235.6584424265982 0
    vertex -9.432572585450504 235.8329354073226 0
    vertex -8.951418384109461 237.3312497521399 0
  endloop
endfacet
facet normal 0 0 -1
  outer loop
    vertex 47.27998926025504 224.5296410697769 0
    vertex 46.36693943128068 225.7037134028212 0
    vertex 47.82787964147163 226.4210283060251 0
  endloop
endfacet
facet normal 0 0 -1
  outer loop
    vertex -35.74145158352653 224.7246918706313 0
    vertex -34.06626785493548 224.6768369234762 0
    vertex -34.76694272856167 223.4164022480135 0
  endloop
endfacet
facet normal 0 0 -1
  outer loop
    vertex -26.08249440011745 231.5561621997448 0
    vertex -26.44150634075528 233.0807213436241 0
    vertex -24.80193346687118 233.0270921920255 0
  endloop
endfacet
facet normal -0 0 -1
  outer loop
    vertex -5.119071986834012 230.5890713408581 0
    vertex -6.196583676598765 229.4557429449274 0
    vertex -7.100687626830544 230.8561985279229 0
  endloop
endfacet
facet normal 0 0 -1
  outer loop
    vertex 39.40354288206083 229.5343086535859 0
    vertex 40.4209480907949 230.9835164620224 0
    vertex 41.31625562139374 229.2737874345201 0
  endloop
endfacet
facet normal 0 0 -1
  outer loop
    vertex 45.16399176784396 224.4414721035974 0
    vertex 46.36693943128068 225.7037134028212 0
    vertex 47.27998926025504 224.5296410697769 0
  endloop
endfacet
facet normal 0 0 -1
  outer loop
    vertex 26.07694584934346 231.4543600122765 0
    vertex 27.18672821429845 232.5779206785651 0
    vertex 28.01989754207075 231.1482349093706 0
  endloop
endfacet
facet normal -0 0 -1
  outer loop
    vertex 26.80339140745188 235.982686248502 0
    vertex 25.64316318691516 234.9891090712066 0
    vertex 24.8255100260677 236.1989501499649 0
  endloop
endfacet
facet normal 0 0 -1
  outer loop
    vertex -23.93983787392775 226.3157771482232 0
    vertex -22.1667121858319 226.2410738619391 0
    vertex -23.00845674646193 224.9943877665525 0
  endloop
endfacet
facet normal 0 0 -1
  outer loop
    vertex 32.6225883846526 231.9101447590027 0
    vertex 30.75792617976541 232.3143115011912 0
    vertex 31.60322323291232 233.7749234697963 0
  endloop
endfacet
facet normal -0 0 -1
  outer loop
    vertex 44.41226886710846 225.8683090063366 0
    vertex 43.27738271717791 224.5303564591746 0
    vertex 42.68453199890958 225.9888919349372 0
  endloop
endfacet
facet normal 0 0 -1
  outer loop
    vertex 5.891557129445024 227.7578556269117 0
    vertex 7.486549452222299 227.5884088879566 0
    vertex 6.906746652781655 226.0565002741353 0
  endloop
endfacet
facet normal 0 -0 -1
  outer loop
    vertex 6.834487187263361 229.1245666503906 0
    vertex 7.486549452222299 227.5884088879566 0
    vertex 5.891557129445024 227.7578556269117 0
  endloop
endfacet
facet normal 0 0 -1
  outer loop
    vertex -8.733925844766764 234.2211652002227 0
    vertex -9.432572585450504 235.8329354073226 0
    vertex -7.838721493187128 235.6584424265982 0
  endloop
endfacet
facet normal -0 0 -1
  outer loop
    vertex 24.8255100260677 236.1989501499649 0
    vertex 23.95455407114272 234.8887990737408 0
    vertex 22.84588630491469 236.3986367958642 0
  endloop
endfacet
facet normal -0 0 -1
  outer loop
    vertex 25.64316318691516 234.9891090712066 0
    vertex 23.95455407114272 234.8887990737408 0
    vertex 24.8255100260677 236.1989501499649 0
  endloop
endfacet
facet normal 0 0 -1
  outer loop
    vertex -32.95982858705148 223.8067426466997 0
    vertex -34.06626785493548 224.6768369234762 0
    vertex -32.72653503496994 225.5707432059861 0
  endloop
endfacet
facet normal 0 -0 -1
  outer loop
    vertex -34.74444845628308 226.053163918345 0
    vertex -34.06626785493548 224.6768369234762 0
    vertex -35.74145158352653 224.7246918706313 0
  endloop
endfacet
facet normal 0 0 -1
  outer loop
    vertex -16.26023684160264 227.2793538534999 0
    vertex -14.67636055624265 227.1722667903696 0
    vertex -15.14605593159738 225.7004391088703 0
  endloop
endfacet
facet normal 0 0 -1
  outer loop
    vertex 20.18848767013583 232.3317378054921 0
    vertex 21.45112655798642 233.4425439875851 0
    vertex 22.10052756066617 231.9369713174034 0
  endloop
endfacet
facet normal 0 0 -1
  outer loop
    vertex -13.94388047574965 235.2684882130436 0
    vertex -12.62397361727544 234.3248203891609 0
    vertex -13.75535349742827 233.3334843986973 0
  endloop
endfacet
facet normal 0 0 -1
  outer loop
    vertex 1.954917143658895 235.8640343403643 0
    vertex 1.043331898880876 234.594624961194 0
    vertex 1.460834909068238e-14 235.774812062804 0
  endloop
endfacet
facet normal -0 0 -1
  outer loop
    vertex 12.00837008025405 229.7825690078868 0
    vertex 10.63602928744227 228.9280609186643 0
    vertex 9.921215792778474 230.3057542367973 0
  endloop
endfacet
facet normal 0 0 -1
  outer loop
    vertex -23.00845674646193 224.9943877665525 0
    vertex -22.1667121858319 226.2410738619391 0
    vertex -21.03504335499284 225.2494087571023 0
  endloop
endfacet
facet normal 0 0 -1
  outer loop
    vertex -5.013955348425759 226.0539052106743 0
    vertex -4.133333184267581 227.3353428536161 0
    vertex -3.022373795881874 226.2092713635664 0
  endloop
endfacet
facet normal 0 0 -1
  outer loop
    vertex -13.75535349742827 233.3334843986973 0
    vertex -12.62397361727544 234.3248203891609 0
    vertex -11.83413672122175 233.0114385454301 0
  endloop
endfacet
facet normal 0 0 -1
  outer loop
    vertex -18.88196770306917 236.7482234266189 0
    vertex -19.75721035247828 235.554180463751 0
    vertex -20.86465918080146 236.5817321715035 0
  endloop
endfacet
facet normal 0 0 -1
  outer loop
    vertex 14.54654046378597 227.7640710863064 0
    vertex 13.16668258910964 228.3442090854918 0
    vertex 13.92080500664071 229.7554915769532 0
  endloop
endfacet
facet normal 0 0 -1
  outer loop
    vertex -35.04704106643123 230.9408692744638 0
    vertex -33.93324692352695 231.9892947558695 0
    vertex -33.15801977402655 230.6228192295832 0
  endloop
endfacet
facet normal 0 0 -1
  outer loop
    vertex -42.85410052881009 228.6678009313194 0
    vertex -43.28784988797962 230.1988246811417 0
    vertex -41.84927861317916 230.1987695722461 0
  endloop
endfacet
facet normal 0 0 -1
  outer loop
    vertex -24.80193346687118 233.0270921920255 0
    vertex -26.44150634075528 233.0807213436241 0
    vertex -25.70171549234283 234.5171145739056 0
  endloop
endfacet
facet normal 0 0 -1
  outer loop
    vertex 4.537277442704665 234.2354069043745 0
    vertex 2.730809912503536 234.4053815814301 0
    vertex 3.839057127072577 235.8569886272658 0
  endloop
endfacet
facet normal 0 0 -1
  outer loop
    vertex -34.76694272856167 223.4164022480135 0
    vertex -34.06626785493548 224.6768369234762 0
    vertex -32.95982858705148 223.8067426466997 0
  endloop
endfacet
facet normal 0 0 -1
  outer loop
    vertex 41.46018006188574 224.6116581106066 0
    vertex 43.27738271717791 224.5303564591746 0
    vertex 42.09371407933887 223.1256286136192 0
  endloop
endfacet
facet normal 0 0 -1
  outer loop
    vertex 42.33187393766872 230.762652744208 0
    vertex 42.98128436330183 232.1455223856338 0
    vertex 44.18350620912265 230.9291145859482 0
  endloop
endfacet
facet normal 0 0 -1
  outer loop
    vertex 2.730809912503536 234.4053815814301 0
    vertex 1.043331898880876 234.594624961194 0
    vertex 1.954917143658895 235.8640343403643 0
  endloop
endfacet
facet normal 0 -0 -1
  outer loop
    vertex -44.42214464033454 231.1040571688339 0
    vertex -44.4048073904442 229.3411252951151 0
    vertex -45.57348370696059 230.2926080600203 0
  endloop
endfacet
facet normal 0 -0 -1
  outer loop
    vertex -15.36287943419506 228.6372122932274 0
    vertex -14.67636055624265 227.1722667903696 0
    vertex -16.26023684160264 227.2793538534999 0
  endloop
endfacet
facet normal 0 0 -1
  outer loop
    vertex 3.251909972434414 232.7509935499444 0
    vertex 2.730809912503536 234.4053815814301 0
    vertex 4.537277442704665 234.2354069043745 0
  endloop
endfacet
facet normal -0 0 -1
  outer loop
    vertex 45.58044304685055 230.3261890314973 0
    vertex 44.55470071732522 229.3924909262548 0
    vertex 44.18350620912265 230.9291145859482 0
  endloop
endfacet
facet normal 0 0 -1
  outer loop
    vertex -12.235797390732 235.7329905161477 0
    vertex -12.62397361727544 234.3248203891609 0
    vertex -13.94388047574965 235.2684882130436 0
  endloop
endfacet
facet normal 0 0 -1
  outer loop
    vertex -47.8278796414716 226.4210283060252 0
    vertex -46.30877681790011 227.212730675524 0
    vertex -46.39933481022122 225.7975676674023 0
  endloop
endfacet
facet normal 0 -0 -1
  outer loop
    vertex -45.57348370696059 230.2926080600203 0
    vertex -44.4048073904442 229.3411252951151 0
    vertex -45.85332128017114 228.7757359918537 0
  endloop
endfacet
facet normal 0 0 -1
  outer loop
    vertex -44.42214464033454 231.1040571688339 0
    vertex -43.28784988797962 230.1988246811417 0
    vertex -44.4048073904442 229.3411252951151 0
  endloop
endfacet
facet normal 0 -0 -1
  outer loop
    vertex 42.68453199890958 225.9888919349372 0
    vertex 43.27738271717791 224.5303564591746 0
    vertex 41.46018006188574 224.6116581106066 0
  endloop
endfacet
facet normal 0 0 -1
  outer loop
    vertex -46.39933481022122 225.7975676674023 0
    vertex -44.99615801347446 226.0064401774621 0
    vertex -45.31468668105833 224.6525854453109 0
  endloop
endfacet
facet normal 0 0 -1
  outer loop
    vertex 45.85332128017117 228.7757359918537 0
    vertex 44.55470071732522 229.3924909262548 0
    vertex 45.58044304685055 230.3261890314973 0
  endloop
endfacet
facet normal 0 0 -1
  outer loop
    vertex -44.4048073904442 229.3411252951151 0
    vertex -43.28784988797962 230.1988246811417 0
    vertex -42.85410052881009 228.6678009313194 0
  endloop
endfacet
facet normal 0 -1 0
  outer loop
    vertex -39.25927544450305 221.65 0
    vertex -38.52185868043395 221.65 0.5
    vertex -39.83427410797219 221.65 1.41058851346644
  endloop
endfacet
facet normal 0 -1 0
  outer loop
    vertex -41.74246209361925 221.65 1.534379865454434
    vertex -42.63538925901786 221.65 3.247823421479032
    vertex -43.14495529785768 221.65 1.556440657386693
  endloop
endfacet
facet normal 0 -1 0
  outer loop
    vertex -39.83427410797219 221.65 1.41058851346644
    vertex -38.52185868043395 221.65 2.5
    vertex -40.90667167532119 221.65 2.993549420257038
  endloop
endfacet
facet normal 0 -1 0
  outer loop
    vertex -44.24342925578098 221.65 2.5
    vertex -44.24342925578098 221.65 0.5
    vertex -43.14495529785768 221.65 1.556440657386693
  endloop
endfacet
facet normal 0 -1 0
  outer loop
    vertex -38.52185868043395 221.65 0.5
    vertex -38.52185868043395 221.65 2.5
    vertex -39.83427410797219 221.65 1.41058851346644
  endloop
endfacet
facet normal 0 -1 0
  outer loop
    vertex -41.74246209361925 221.65 1.534379865454434
    vertex -39.83427410797219 221.65 1.41058851346644
    vertex -40.90667167532119 221.65 2.993549420257038
  endloop
endfacet
facet normal 0 -1 0
  outer loop
    vertex -41.74246209361925 221.65 1.534379865454434
    vertex -41.0596710347962 221.65 0
    vertex -39.83427410797219 221.65 1.41058851346644
  endloop
endfacet
facet normal 0 -1 0
  outer loop
    vertex -42.63538925901786 221.65 3.247823421479032
    vertex -44.24342925578098 221.65 2.5
    vertex -43.14495529785768 221.65 1.556440657386693
  endloop
endfacet
facet normal 0 -1 0
  outer loop
    vertex -40.90667167532119 221.65 2.993549420257038
    vertex -38.52185868043395 221.65 2.5
    vertex -39.86839235881824 221.65 4.144245560889508
  endloop
endfacet
facet normal 0 -1 0
  outer loop
    vertex -41.74246209361925 221.65 1.534379865454434
    vertex -40.90667167532119 221.65 2.993549420257038
    vertex -42.63538925901786 221.65 3.247823421479032
  endloop
endfacet
facet normal 0 -1 0
  outer loop
    vertex -38.52185868043395 221.65 2.5
    vertex -38.52185868043395 221.65 4.5
    vertex -39.86839235881824 221.65 4.144245560889508
  endloop
endfacet
facet normal 0 -1 0
  outer loop
    vertex -44.24342925578098 221.65 0.5
    vertex -42.86006662508935 221.65 0
    vertex -43.14495529785768 221.65 1.556440657386693
  endloop
endfacet
facet normal 0 -1 0
  outer loop
    vertex -42.86006662508935 221.65 0
    vertex -41.0596710347962 221.65 0
    vertex -41.74246209361925 221.65 1.534379865454434
  endloop
endfacet
facet normal -0 -1 0
  outer loop
    vertex -40.4290488722163 221.65 6.5
    vertex -42.33623906399863 221.65 6.5
    vertex -41.24378613934178 221.65 4.900020248124885
  endloop
endfacet
facet normal 0 -1 0
  outer loop
    vertex -40.90667167532119 221.65 2.993549420257038
    vertex -41.24378613934178 221.65 4.900020248124885
    vertex -42.63538925901786 221.65 3.247823421479032
  endloop
endfacet
facet normal 0 -1 0
  outer loop
    vertex -44.24342925578098 221.65 4.5
    vertex -44.24342925578098 221.65 2.5
    vertex -42.63538925901786 221.65 3.247823421479032
  endloop
endfacet
facet normal 0 -1 0
  outer loop
    vertex -44.24342925578098 221.65 6.5
    vertex -44.24342925578098 221.65 4.5
    vertex -42.86416569986763 221.65 5.094084644047307
  endloop
endfacet
facet normal -0 -1 0
  outer loop
    vertex -42.33623906399863 221.65 6.5
    vertex -44.24342925578098 221.65 6.5
    vertex -42.86416569986763 221.65 5.094084644047307
  endloop
endfacet
facet normal 0 -1 -0
  outer loop
    vertex -40.4290488722163 221.65 6.5
    vertex -41.24378613934178 221.65 4.900020248124885
    vertex -39.64797889769921 221.65 5.363466544144913
  endloop
endfacet
facet normal 0 -1 0
  outer loop
    vertex -42.86006662508935 221.65 0
    vertex -41.74246209361925 221.65 1.534379865454434
    vertex -43.14495529785768 221.65 1.556440657386693
  endloop
endfacet
facet normal 0 -1 0
  outer loop
    vertex -41.24378613934178 221.65 4.900020248124885
    vertex -39.86839235881824 221.65 4.144245560889508
    vertex -39.64797889769921 221.65 5.363466544144913
  endloop
endfacet
facet normal 0 -1 0
  outer loop
    vertex -38.52185868043395 221.65 4.5
    vertex -38.52185868043396 221.65 6.5
    vertex -39.64797889769921 221.65 5.363466544144913
  endloop
endfacet
facet normal 0 -1 0
  outer loop
    vertex -41.24378613934178 221.65 4.900020248124885
    vertex -40.90667167532119 221.65 2.993549420257038
    vertex -39.86839235881824 221.65 4.144245560889508
  endloop
endfacet
facet normal 0 -1 0
  outer loop
    vertex -41.24378613934178 221.65 4.900020248124885
    vertex -42.33623906399863 221.65 6.5
    vertex -42.86416569986763 221.65 5.094084644047307
  endloop
endfacet
facet normal 0 -1 0
  outer loop
    vertex -42.63538925901786 221.65 3.247823421479032
    vertex -41.24378613934178 221.65 4.900020248124885
    vertex -42.86416569986763 221.65 5.094084644047307
  endloop
endfacet
facet normal -0 -1 0
  outer loop
    vertex -38.52185868043396 221.65 6.5
    vertex -40.4290488722163 221.65 6.5
    vertex -39.64797889769921 221.65 5.363466544144913
  endloop
endfacet
facet normal 0 -1 0
  outer loop
    vertex -44.24342925578098 221.65 4.5
    vertex -42.63538925901786 221.65 3.247823421479032
    vertex -42.86416569986763 221.65 5.094084644047307
  endloop
endfacet
facet normal 0 -1 -0
  outer loop
    vertex -44.66046221538249 221.65 0.5
    vertex -44.6604622153825 221.65 0
    vertex -44.24342925578098 221.65 0.5
  endloop
endfacet
facet normal 0 -1 0
  outer loop
    vertex -39.86839235881824 221.65 4.144245560889508
    vertex -38.52185868043395 221.65 4.5
    vertex -39.64797889769921 221.65 5.363466544144913
  endloop
endfacet
facet normal 0 -1 0
  outer loop
    vertex -44.6604622153825 221.65 0
    vertex -42.86006662508935 221.65 0
    vertex -44.24342925578098 221.65 0.5
  endloop
endfacet
facet normal 0 -1 0
  outer loop
    vertex -37.4588798542099 221.65 0
    vertex -38.52185868043395 221.65 0.5
    vertex -39.25927544450305 221.65 0
  endloop
endfacet
facet normal -0 -1 -0
  outer loop
    vertex -35.65848426391674 221.65 0.5
    vertex -37.09017147217534 221.65 0.5
    vertex -35.65848426391674 221.65 0
  endloop
endfacet
facet normal 0 -1 -0
  outer loop
    vertex -37.09017147217534 221.65 0.5
    vertex -37.4588798542099 221.65 0
    vertex -35.65848426391674 221.65 0
  endloop
endfacet
facet normal 0 -1 0
  outer loop
    vertex -38.52185868043395 221.65 0.5
    vertex -37.4588798542099 221.65 0
    vertex -37.09017147217534 221.65 0.5
  endloop
endfacet
facet normal 0 -1 0
  outer loop
    vertex -41.0596710347962 221.65 0
    vertex -39.25927544450305 221.65 0
    vertex -39.83427410797219 221.65 1.41058851346644
  endloop
endfacet
facet normal 0 0 1
  outer loop
    vertex -35.36950695460966 229.1424226889824 0.5
    vertex -35.08264396810747 227.2630123407873 0.5
    vertex -34.5217306819864 228.2829665679886 0.5
  endloop
endfacet
facet normal 0 -0 1
  outer loop
    vertex -21.84933850747374 223.4342328444454 0.5
    vertex -20.88151785865001 225.4627626221488 0.5
    vertex -22.70593903949313 224.371000316582 0.5
  endloop
endfacet
facet normal 0 0 1
  outer loop
    vertex 20.88151785865001 225.4627626221488 0.5
    vertex 21.84933850747366 223.4342328444454 0.5
    vertex 22.70593903949312 224.371000316582 0.5
  endloop
endfacet
facet normal -0 0 1
  outer loop
    vertex -37.10580050706741 222.6371491770352 0.5
    vertex -37.09017147217534 221.65 0.5
    vertex -35.99610384496767 222.7092302760342 0.5
  endloop
endfacet
facet normal 0 0 1
  outer loop
    vertex 33.66321392894402 227.3898120888112 0.5
    vertex 32.76836494084672 225.6335720639308 0.5
    vertex 35.19679107489422 226.0691848894675 0.5
  endloop
endfacet
facet normal 0 0 1
  outer loop
    vertex 23.96851078684197 234.4334262179356 0.5
    vertex 25.72475081172238 235.3282752060329 0.5
    vertex 24.8255100260677 236.1989501499649 0.5
  endloop
endfacet
facet normal -0 0 1
  outer loop
    vertex -25.72475081172235 235.3282752060329 0.5
    vertex -23.96851078684194 234.4334262179356 0.5
    vertex -24.82551002606766 236.1989501499649 0.5
  endloop
endfacet
facet normal 0 0 1
  outer loop
    vertex 22.84588630491469 236.3986367958642 0.5
    vertex 23.96851078684197 234.4334262179356 0.5
    vertex 24.8255100260677 236.1989501499649 0.5
  endloop
endfacet
facet normal 0 -0 1
  outer loop
    vertex -23.96851078684194 234.4334262179356 0.5
    vertex -22.84588630491466 236.3986367958642 0.5
    vertex -24.82551002606766 236.1989501499649 0.5
  endloop
endfacet
facet normal 0 0 1
  outer loop
    vertex 2.984434472296231 237.4812479984063 0.5
    vertex 3.703047089442594 236.0968070645622 0.5
    vertex 4.973824722297246 237.4479123252758 0.5
  endloop
endfacet
facet normal 0 0 1
  outer loop
    vertex -2.984434472296255 237.4812479984063 0.5
    vertex -4.97382472229727 237.4479123252758 0.5
    vertex -3.703047089442567 236.0968070645622 0.5
  endloop
endfacet
facet normal 0 0 1
  outer loop
    vertex -35.73087523205884 232.6494092158512 0.5
    vertex -36.66180953468935 234.6532798015876 0.5
    vertex -37.53956934263159 233.4068072691624 0.5
  endloop
endfacet
facet normal 0 0 1
  outer loop
    vertex -5.991656052659454 232.9468070645622 0.5
    vertex -7.869097454468918 232.5305868761843 0.5
    vertex -6.299999999999986 231 0.5
  endloop
endfacet
facet normal 0 0 1
  outer loop
    vertex -5.991656052659452 229.0531929354378 0.5
    vertex -7.560753507128385 230.5837798116221 0.5
    vertex -7.869097454468917 228.6369727470599 0.5
  endloop
endfacet
facet normal 0 -0 1
  outer loop
    vertex 6.300000000000014 231 0.5
    vertex 7.869097454468944 232.5305868761843 0.5
    vertex 5.991656052659481 232.9468070645622 0.5
  endloop
endfacet
facet normal 0 0 1
  outer loop
    vertex 7.560753507128413 230.5837798116221 0.5
    vertex 5.991656052659482 229.0531929354378 0.5
    vertex 7.869097454468947 228.6369727470599 0.5
  endloop
endfacet
facet normal 0 0 1
  outer loop
    vertex 8.951418384109436 237.3312497521399 0.5
    vertex 10.15770641768583 235.6805868761843 0.5
    vertex 10.93934263470242 237.2479310399157 0.5
  endloop
endfacet
facet normal -0 0 1
  outer loop
    vertex -10.93934263470239 237.2479310399157 0.5
    vertex -10.15770641768581 235.6805868761843 0.5
    vertex -8.951418384109461 237.3312497521399 0.5
  endloop
endfacet
facet normal 0 0 1
  outer loop
    vertex -21.84933850747374 223.4342328444454 0.5
    vertex -19.86849836002527 223.6190796263093 0.5
    vertex -20.88151785865001 225.4627626221488 0.5
  endloop
endfacet
facet normal -0 0 1
  outer loop
    vertex 19.86849836002525 223.6190796263093 0.5
    vertex 21.84933850747366 223.4342328444454 0.5
    vertex 20.88151785865001 225.4627626221488 0.5
  endloop
endfacet
facet normal 0 0 1
  outer loop
    vertex -31.72469594061742 222.2471454653026 0.5
    vertex -29.75398752068254 222.5195502121534 0.5
    vertex -30.84102592527898 223.1189807557248 0.5
  endloop
endfacet
facet normal 0 0 1
  outer loop
    vertex 22.57475081172238 225.6335720639308 0.5
    vertex 20.88151785865001 225.4627626221488 0.5
    vertex 22.70593903949312 224.371000316582 0.5
  endloop
endfacet
facet normal 0 0 1
  outer loop
    vertex -20.88151785865001 225.4627626221488 0.5
    vertex -22.57475081172235 225.6335720639308 0.5
    vertex -22.70593903949313 224.371000316582 0.5
  endloop
endfacet
facet normal 0 -0 1
  outer loop
    vertex -37.5100463227668 232.232216248588 0.5
    vertex -35.73087523205884 232.6494092158512 0.5
    vertex -37.53956934263159 233.4068072691624 0.5
  endloop
endfacet
facet normal 0 0 1
  outer loop
    vertex -29.61836494084669 223.3449631007139 0.5
    vertex -31.3746049657271 224.2398120888112 0.5
    vertex -30.84102592527898 223.1189807557248 0.5
  endloop
endfacet
facet normal 0 -0 1
  outer loop
    vertex -32.76836494084669 233.039666242816 0.5
    vertex -32.72519403760154 235.2345886029547 0.5
    vertex -34.19129028189032 233.4345029560698 0.5
  endloop
endfacet
facet normal 0 0 1
  outer loop
    vertex -33.66321392894399 231.2834262179356 0.5
    vertex -35.73087523205884 232.6494092158512 0.5
    vertex -34.94557334196655 230.59723688292 0.5
  endloop
endfacet
facet normal 0 0 1
  outer loop
    vertex 18.88196770306919 236.7482234266189 0.5
    vertex 17.56380059657099 235.6805868761843 0.5
    vertex 19.68459400422016 235.5326158538221 0.5
  endloop
endfacet
facet normal 0 0 1
  outer loop
    vertex -17.56380059657097 235.6805868761843 0.5
    vertex -18.88196770306917 236.7482234266189 0.5
    vertex -19.68459400422013 235.5326158538221 0.5
  endloop
endfacet
facet normal 0 0 1
  outer loop
    vertex -34.69471928357274 234.9521790787097 0.5
    vertex -36.66180953468935 234.6532798015876 0.5
    vertex -35.73087523205884 232.6494092158512 0.5
  endloop
endfacet
facet normal 0 0 1
  outer loop
    vertex 31.37460496572713 234.4334262179356 0.5
    vertex 32.76836494084672 233.039666242816 0.5
    vertex 33.57517568902002 234.1534207610186 0.5
  endloop
endfacet
facet normal 0 0 1
  outer loop
    vertex -32.72519403760154 235.2345886029547 0.5
    vertex -34.69471928357274 234.9521790787097 0.5
    vertex -34.19129028189032 233.4345029560698 0.5
  endloop
endfacet
facet normal 0 0 1
  outer loop
    vertex -34.69471928357274 234.9521790787097 0.5
    vertex -35.73087523205884 232.6494092158512 0.5
    vertex -34.19129028189032 233.4345029560698 0.5
  endloop
endfacet
facet normal 0 0 1
  outer loop
    vertex -21.37155787628452 229.3366191533734 0.5
    vertex -21.67990182362505 227.3898120888112 0.5
    vertex -19.85240955978785 228.6369727470599 0.5
  endloop
endfacet
facet normal -0 0 1
  outer loop
    vertex -21.67990182362505 231.2834262179356 0.5
    vertex -20.16075350712838 230.5837798116221 0.5
    vertex -19.85240955978785 232.5305868761843 0.5
  endloop
endfacet
facet normal 0 0 1
  outer loop
    vertex 21.67990182362508 231.2834262179356 0.5
    vertex 19.85240955978788 232.5305868761843 0.5
    vertex 20.16075350712841 230.5837798116221 0.5
  endloop
endfacet
facet normal 0 0 1
  outer loop
    vertex 21.37155787628455 229.3366191533734 0.5
    vertex 19.85240955978788 228.6369727470599 0.5
    vertex 21.67990182362508 227.3898120888112 0.5
  endloop
endfacet
facet normal 0 0 1
  outer loop
    vertex -22.57475081172235 225.6335720639308 0.5
    vertex -23.96851078684194 224.2398120888112 0.5
    vertex -22.70593903949313 224.371000316582 0.5
  endloop
endfacet
facet normal 0 0 1
  outer loop
    vertex 23.96851078684197 224.2398120888112 0.5
    vertex 22.57475081172238 225.6335720639308 0.5
    vertex 22.70593903949312 224.371000316582 0.5
  endloop
endfacet
facet normal 0 -0 1
  outer loop
    vertex 23.82846284180666 223.2318399301422 0.5
    vertex 23.96851078684197 224.2398120888112 0.5
    vertex 22.70593903949312 224.371000316582 0.5
  endloop
endfacet
facet normal -0 0 1
  outer loop
    vertex -23.96851078684194 224.2398120888112 0.5
    vertex -23.82846284180668 223.2318399301422 0.5
    vertex -22.70593903949313 224.371000316582 0.5
  endloop
endfacet
facet normal 0 0 1
  outer loop
    vertex 33.66321392894402 227.3898120888112 0.5
    vertex 35.12231497474193 227.9689024843836 0.5
    vertex 33.97155787628455 229.3366191533734 0.5
  endloop
endfacet
facet normal 0 0 1
  outer loop
    vertex 37.09017147217536 221.65 0.5
    vertex 36.97765232067862 222.7590087233285 0.5
    vertex 35.89854300139471 222.7035305199995 0.5
  endloop
endfacet
facet normal 0 0 1
  outer loop
    vertex 17.56380059657099 235.6805868761843 0.5
    vertex 18.95756057169058 234.2868269010647 0.5
    vertex 19.68459400422016 235.5326158538221 0.5
  endloop
endfacet
facet normal 0 -0 1
  outer loop
    vertex -18.95756057169055 234.2868269010647 0.5
    vertex -17.56380059657097 235.6805868761843 0.5
    vertex -19.68459400422013 235.5326158538221 0.5
  endloop
endfacet
facet normal 0 0 1
  outer loop
    vertex 35.19679107489422 226.0691848894675 0.5
    vertex 32.76836494084672 225.6335720639308 0.5
    vertex 34.35528846817185 224.5374440991572 0.5
  endloop
endfacet
facet normal 0 0 1
  outer loop
    vertex 35.12231497474193 227.9689024843836 0.5
    vertex 33.66321392894402 227.3898120888112 0.5
    vertex 35.19679107489422 226.0691848894675 0.5
  endloop
endfacet
facet normal -0 0 1
  outer loop
    vertex -35.73087523205884 232.6494092158512 0.5
    vertex -33.66321392894399 231.2834262179356 0.5
    vertex -34.19129028189032 233.4345029560698 0.5
  endloop
endfacet
facet normal -0 0 1
  outer loop
    vertex 7.956144314613706 224.3589752330961 0.5
    vertex 9.944008846877475 224.2796617797816 0.5
    vertex 8.754446643235045 225.3843136975721 0.5
  endloop
endfacet
facet normal 0 0 1
  outer loop
    vertex -9.944008846877448 224.2796617797816 0.5
    vertex -7.95614431461368 224.3589752330961 0.5
    vertex -8.754446643235013 225.3843136975721 0.5
  endloop
endfacet
facet normal -0 0 1
  outer loop
    vertex 21.84933850747366 223.4342328444454 0.5
    vertex 23.82846284180666 223.2318399301422 0.5
    vertex 22.70593903949312 224.371000316582 0.5
  endloop
endfacet
facet normal 0 0 1
  outer loop
    vertex -23.82846284180668 223.2318399301422 0.5
    vertex -21.84933850747374 223.4342328444454 0.5
    vertex -22.70593903949313 224.371000316582 0.5
  endloop
endfacet
facet normal 0 0 1
  outer loop
    vertex -20.8111681730917 234.2051166798263 0.5
    vertex -20.86465918080146 236.5817321715035 0.5
    vertex -22.40338292828749 234.8426028879494 0.5
  endloop
endfacet
facet normal 0 0 1
  outer loop
    vertex 20.86465918080149 236.5817321715035 0.5
    vertex 20.81116817309173 234.2051166798263 0.5
    vertex 22.40338292828752 234.8426028879494 0.5
  endloop
endfacet
facet normal 0 0 1
  outer loop
    vertex -37.09017147217534 221.65 0.5
    vertex -35.65848426391674 221.65 0.5
    vertex -35.99610384496767 222.7092302760342 0.5
  endloop
endfacet
facet normal 0 0 1
  outer loop
    vertex 4.973824722297246 237.4479123252758 0.5
    vertex 3.703047089442594 236.0968070645622 0.5
    vertex 5.935487367921779 236.115811449307 0.5
  endloop
endfacet
facet normal 0 0 1
  outer loop
    vertex -3.703047089442567 236.0968070645622 0.5
    vertex -4.97382472229727 237.4479123252758 0.5
    vertex -5.935487367921801 236.115811449307 0.5
  endloop
endfacet
facet normal 0 0 1
  outer loop
    vertex 36.97765232067862 222.7590087233285 0.5
    vertex 35.8345980433038 224.2781863129812 0.5
    vertex 35.89854300139471 222.7035305199995 0.5
  endloop
endfacet
facet normal 0 0 1
  outer loop
    vertex -35.73087523205884 232.6494092158512 0.5
    vertex -36.20397198617183 230.8506796196072 0.5
    vertex -34.94557334196655 230.59723688292 0.5
  endloop
endfacet
facet normal 0 -0 1
  outer loop
    vertex -5.096807064562156 234.7030470894426 0.5
    vertex -3.703047089442567 236.0968070645622 0.5
    vertex -5.935487367921801 236.115811449307 0.5
  endloop
endfacet
facet normal -0 0 1
  outer loop
    vertex 3.703047089442594 236.0968070645622 0.5
    vertex 5.096807064562182 234.7030470894426 0.5
    vertex 5.935487367921779 236.115811449307 0.5
  endloop
endfacet
facet normal 0 0 1
  outer loop
    vertex -34.31602929374132 224.6146367603068 0.5
    vertex -32.76836494084669 225.6335720639308 0.5
    vertex -34.22987579531573 226.0908289968682 0.5
  endloop
endfacet
facet normal 0 0 1
  outer loop
    vertex 33.97155787628455 229.3366191533734 0.5
    vertex 35.6179521036446 229.8043363476379 0.5
    vertex 35.15596481885789 231.2250004657707 0.5
  endloop
endfacet
facet normal 0 -0 1
  outer loop
    vertex 35.12231497474193 227.9689024843836 0.5
    vertex 35.6179521036446 229.8043363476379 0.5
    vertex 33.97155787628455 229.3366191533734 0.5
  endloop
endfacet
facet normal 0 0 1
  outer loop
    vertex -21.67990182362505 231.2834262179356 0.5
    vertex -21.37155787628452 229.3366191533734 0.5
    vertex -20.16075350712838 230.5837798116221 0.5
  endloop
endfacet
facet normal -0 0 1
  outer loop
    vertex -21.37155787628452 229.3366191533734 0.5
    vertex -19.85240955978785 228.6369727470599 0.5
    vertex -20.16075350712838 230.5837798116221 0.5
  endloop
endfacet
facet normal 0 -0 1
  outer loop
    vertex 21.37155787628455 229.3366191533734 0.5
    vertex 21.67990182362508 231.2834262179356 0.5
    vertex 20.16075350712841 230.5837798116221 0.5
  endloop
endfacet
facet normal 0 0 1
  outer loop
    vertex 19.85240955978788 228.6369727470599 0.5
    vertex 21.37155787628455 229.3366191533734 0.5
    vertex 20.16075350712841 230.5837798116221 0.5
  endloop
endfacet
facet normal 0 0 1
  outer loop
    vertex -8.763946442566215 226.8807327221795 0.5
    vertex -10.1577064176858 225.4869727470599 0.5
    vertex -8.754446643235013 225.3843136975721 0.5
  endloop
endfacet
facet normal 0 0 1
  outer loop
    vertex 10.15770641768584 225.4869727470599 0.5
    vertex 8.763946442566247 226.8807327221795 0.5
    vertex 8.754446643235045 225.3843136975721 0.5
  endloop
endfacet
facet normal 0 0 1
  outer loop
    vertex -36.66180953468935 234.6532798015876 0.5
    vertex -38.6263267337848 234.3379117493687 0.5
    vertex -37.53956934263159 233.4068072691624 0.5
  endloop
endfacet
facet normal 0 0 1
  outer loop
    vertex -6.950427194431927 225.9152260057436 0.5
    vertex -8.763946442566215 226.8807327221795 0.5
    vertex -8.754446643235013 225.3843136975721 0.5
  endloop
endfacet
facet normal 0 0 1
  outer loop
    vertex 8.763946442566247 226.8807327221795 0.5
    vertex 6.950427194431963 225.9152260057436 0.5
    vertex 8.754446643235045 225.3843136975721 0.5
  endloop
endfacet
facet normal 0 0 1
  outer loop
    vertex -32.76836494084669 225.6335720639308 0.5
    vertex -34.31602929374132 224.6146367603068 0.5
    vertex -32.76312150185359 223.5285249969282 0.5
  endloop
endfacet
facet normal -0 0 1
  outer loop
    vertex 19.85240955978788 232.5305868761843 0.5
    vertex 21.67990182362508 231.2834262179356 0.5
    vertex 21.22955759205677 232.7646990041905 0.5
  endloop
endfacet
facet normal 0 0 1
  outer loop
    vertex 21.67990182362508 227.3898120888112 0.5
    vertex 19.85240955978788 228.6369727470599 0.5
    vertex 20.28607271729246 227.3099161529181 0.5
  endloop
endfacet
facet normal 0 0 1
  outer loop
    vertex -19.85240955978785 228.6369727470599 0.5
    vertex -21.67990182362505 227.3898120888112 0.5
    vertex -20.28607271729243 227.3099161529181 0.5
  endloop
endfacet
facet normal 0 0 1
  outer loop
    vertex -21.67990182362505 231.2834262179356 0.5
    vertex -19.85240955978785 232.5305868761843 0.5
    vertex -21.22955759205674 232.7646990041905 0.5
  endloop
endfacet
facet normal -0 0 1
  outer loop
    vertex -39.16878888985821 233.1612193304165 0.5
    vertex -37.5100463227668 232.232216248588 0.5
    vertex -37.53956934263159 233.4068072691624 0.5
  endloop
endfacet
facet normal 0 0 1
  outer loop
    vertex -36.01082177669312 223.971580077497 0.5
    vertex -37.10580050706741 222.6371491770352 0.5
    vertex -35.99610384496767 222.7092302760342 0.5
  endloop
endfacet
facet normal 0 -0 1
  outer loop
    vertex 38.09121170481718 232.6348345322017 0.5
    vertex 38.62632673378483 234.3379117493687 0.5
    vertex 36.88908854713175 233.2492079734969 0.5
  endloop
endfacet
facet normal 0 -0 1
  outer loop
    vertex 20.81116817309173 234.2051166798263 0.5
    vertex 20.86465918080149 236.5817321715035 0.5
    vertex 19.68459400422016 235.5326158538221 0.5
  endloop
endfacet
facet normal 0 0 1
  outer loop
    vertex -20.86465918080146 236.5817321715035 0.5
    vertex -20.8111681730917 234.2051166798263 0.5
    vertex -19.68459400422013 235.5326158538221 0.5
  endloop
endfacet
facet normal 0 0 1
  outer loop
    vertex 33.66321392894402 231.2834262179356 0.5
    vertex 33.97155787628455 229.3366191533734 0.5
    vertex 35.15596481885789 231.2250004657707 0.5
  endloop
endfacet
facet normal 0 0 1
  outer loop
    vertex 35.65848426391671 221.65 0.5
    vertex 37.09017147217536 221.65 0.5
    vertex 35.89854300139471 222.7035305199995 0.5
  endloop
endfacet
facet normal -0 0 1
  outer loop
    vertex -35.31912684493916 225.5531117305047 0.5
    vertex -34.31602929374132 224.6146367603068 0.5
    vertex -34.22987579531573 226.0908289968682 0.5
  endloop
endfacet
facet normal 0 0 1
  outer loop
    vertex 38.62632673378483 234.3379117493687 0.5
    vertex 36.66180953468938 234.6532798015876 0.5
    vertex 36.88908854713175 233.2492079734969 0.5
  endloop
endfacet
facet normal 0 0 1
  outer loop
    vertex -31.3746049657271 224.2398120888112 0.5
    vertex -32.76836494084669 225.6335720639308 0.5
    vertex -32.76312150185359 223.5285249969282 0.5
  endloop
endfacet
facet normal 0 0 1
  outer loop
    vertex 10.15770641768583 235.6805868761843 0.5
    vertex 8.951418384109436 237.3312497521399 0.5
    vertex 7.997384084754032 235.871443627672 0.5
  endloop
endfacet
facet normal 0 0 1
  outer loop
    vertex -8.951418384109461 237.3312497521399 0.5
    vertex -10.15770641768581 235.6805868761843 0.5
    vertex -7.997384084754017 235.871443627672 0.5
  endloop
endfacet
facet normal -0 0 1
  outer loop
    vertex 5.991656052659481 232.9468070645622 0.5
    vertex 7.869097454468944 232.5305868761843 0.5
    vertex 6.940407019526409 234.4873655269138 0.5
  endloop
endfacet
facet normal 0 0 1
  outer loop
    vertex -7.869097454468918 232.5305868761843 0.5
    vertex -5.991656052659454 232.9468070645622 0.5
    vertex -6.940407019526385 234.4873655269138 0.5
  endloop
endfacet
facet normal 0 -0 1
  outer loop
    vertex 7.869097454468944 232.5305868761843 0.5
    vertex 8.763946442566244 234.2868269010647 0.5
    vertex 6.940407019526409 234.4873655269138 0.5
  endloop
endfacet
facet normal -0 0 1
  outer loop
    vertex -8.763946442566215 234.2868269010647 0.5
    vertex -7.869097454468918 232.5305868761843 0.5
    vertex -6.940407019526385 234.4873655269138 0.5
  endloop
endfacet
facet normal -0 0 1
  outer loop
    vertex -10.15770641768581 235.6805868761843 0.5
    vertex -8.763946442566215 234.2868269010647 0.5
    vertex -7.997384084754017 235.871443627672 0.5
  endloop
endfacet
facet normal 0 -0 1
  outer loop
    vertex 8.763946442566244 234.2868269010647 0.5
    vertex 10.15770641768583 235.6805868761843 0.5
    vertex 7.997384084754032 235.871443627672 0.5
  endloop
endfacet
facet normal 0 0 1
  outer loop
    vertex 22.84588630491469 236.3986367958642 0.5
    vertex 20.86465918080149 236.5817321715035 0.5
    vertex 22.40338292828752 234.8426028879494 0.5
  endloop
endfacet
facet normal 0 0 1
  outer loop
    vertex -20.86465918080146 236.5817321715035 0.5
    vertex -22.84588630491466 236.3986367958642 0.5
    vertex -22.40338292828749 234.8426028879494 0.5
  endloop
endfacet
facet normal 0 0 1
  outer loop
    vertex 31.37460496572713 224.2398120888112 0.5
    vertex 31.72469594061735 222.2471454653026 0.5
    vertex 33.13590620037545 223.645528482106 0.5
  endloop
endfacet
facet normal 0 0 1
  outer loop
    vertex -32.76836494084669 225.6335720639308 0.5
    vertex -33.66321392894399 227.3898120888112 0.5
    vertex -34.22987579531573 226.0908289968682 0.5
  endloop
endfacet
facet normal 0 0 1
  outer loop
    vertex -5.096807064562152 227.2969529105574 0.5
    vertex -6.950427194431927 225.9152260057436 0.5
    vertex -5.139326674793502 225.6001565651622 0.5
  endloop
endfacet
facet normal 0 0 1
  outer loop
    vertex 6.950427194431963 225.9152260057436 0.5
    vertex 5.096807064562184 227.2969529105574 0.5
    vertex 5.139326674793542 225.6001565651622 0.5
  endloop
endfacet
facet normal 0 -0 1
  outer loop
    vertex -7.95614431461368 224.3589752330961 0.5
    vertex -6.950427194431927 225.9152260057436 0.5
    vertex -8.754446643235013 225.3843136975721 0.5
  endloop
endfacet
facet normal 0 0 1
  outer loop
    vertex 6.950427194431963 225.9152260057436 0.5
    vertex 7.956144314613706 224.3589752330961 0.5
    vertex 8.754446643235045 225.3843136975721 0.5
  endloop
endfacet
facet normal 0 0 1
  outer loop
    vertex 8.763946442566247 226.8807327221795 0.5
    vertex 7.869097454468947 228.6369727470599 0.5
    vertex 6.728635087795119 227.5949810078706 0.5
  endloop
endfacet
facet normal 0 0 1
  outer loop
    vertex -7.869097454468917 228.6369727470599 0.5
    vertex -8.763946442566215 226.8807327221795 0.5
    vertex -6.728635087795092 227.5949810078706 0.5
  endloop
endfacet
facet normal -0 0 1
  outer loop
    vertex 31.72469594061735 222.2471454653026 0.5
    vertex 33.69291304259492 221.9572878071458 0.5
    vertex 33.13590620037545 223.645528482106 0.5
  endloop
endfacet
facet normal -0 0 1
  outer loop
    vertex 3.978697033572691 224.4647410394671 0.5
    vertex 5.967654991958278 224.4206699346051 0.5
    vertex 5.139326674793542 225.6001565651622 0.5
  endloop
endfacet
facet normal 0 0 1
  outer loop
    vertex -5.9676549919582 224.4206699346051 0.5
    vertex -3.978697033572663 224.4647410394671 0.5
    vertex -5.139326674793502 225.6001565651622 0.5
  endloop
endfacet
facet normal 0 0 1
  outer loop
    vertex 3.703047089442597 225.9031929354378 0.5
    vertex 3.978697033572691 224.4647410394671 0.5
    vertex 5.139326674793542 225.6001565651622 0.5
  endloop
endfacet
facet normal 0 -0 1
  outer loop
    vertex -3.978697033572663 224.4647410394671 0.5
    vertex -3.703047089442564 225.9031929354378 0.5
    vertex -5.139326674793502 225.6001565651622 0.5
  endloop
endfacet
facet normal 0 -0 1
  outer loop
    vertex -33.66321392894399 231.2834262179356 0.5
    vertex -32.76836494084669 233.039666242816 0.5
    vertex -34.19129028189032 233.4345029560698 0.5
  endloop
endfacet
facet normal -0 0 1
  outer loop
    vertex 5.096807064562184 227.2969529105574 0.5
    vertex 6.950427194431963 225.9152260057436 0.5
    vertex 6.728635087795119 227.5949810078706 0.5
  endloop
endfacet
facet normal 0 0 1
  outer loop
    vertex -6.950427194431927 225.9152260057436 0.5
    vertex -5.096807064562152 227.2969529105574 0.5
    vertex -6.728635087795092 227.5949810078706 0.5
  endloop
endfacet
facet normal 0 0 1
  outer loop
    vertex 36.66180953468938 234.6532798015876 0.5
    vertex 34.69471928357277 234.9521790787097 0.5
    vertex 35.37892419735754 233.1796919972298 0.5
  endloop
endfacet
facet normal -0 0 1
  outer loop
    vertex -8.763946442566215 226.8807327221795 0.5
    vertex -6.950427194431927 225.9152260057436 0.5
    vertex -6.728635087795092 227.5949810078706 0.5
  endloop
endfacet
facet normal 0 -0 1
  outer loop
    vertex 6.950427194431963 225.9152260057436 0.5
    vertex 8.763946442566247 226.8807327221795 0.5
    vertex 6.728635087795119 227.5949810078706 0.5
  endloop
endfacet
facet normal 0 0 1
  outer loop
    vertex 22.57475081172238 225.6335720639308 0.5
    vertex 21.67990182362508 227.3898120888112 0.5
    vertex 20.88151785865001 225.4627626221488 0.5
  endloop
endfacet
facet normal 0 0 1
  outer loop
    vertex -21.67990182362505 227.3898120888112 0.5
    vertex -22.57475081172235 225.6335720639308 0.5
    vertex -20.88151785865001 225.4627626221488 0.5
  endloop
endfacet
facet normal 0 0 1
  outer loop
    vertex 18.95756057169058 234.2868269010647 0.5
    vertex 19.85240955978788 232.5305868761843 0.5
    vertex 20.81116817309173 234.2051166798263 0.5
  endloop
endfacet
facet normal 0 -0 1
  outer loop
    vertex -19.85240955978785 232.5305868761843 0.5
    vertex -18.95756057169055 234.2868269010647 0.5
    vertex -20.8111681730917 234.2051166798263 0.5
  endloop
endfacet
facet normal 0 -0 1
  outer loop
    vertex 19.86849836002525 223.6190796263093 0.5
    vertex 20.88151785865001 225.4627626221488 0.5
    vertex 19.07978207369263 225.0552998219604 0.5
  endloop
endfacet
facet normal 0 0 1
  outer loop
    vertex -20.88151785865001 225.4627626221488 0.5
    vertex -19.86849836002527 223.6190796263093 0.5
    vertex -19.0797820736926 225.0552998219604 0.5
  endloop
endfacet
facet normal 0 -0 1
  outer loop
    vertex -33.97155787628452 229.3366191533734 0.5
    vertex -33.66321392894399 231.2834262179356 0.5
    vertex -34.94557334196655 230.59723688292 0.5
  endloop
endfacet
facet normal -0 0 1
  outer loop
    vertex 33.69291304259492 221.9572878071458 0.5
    vertex 35.65848426391671 221.65 0.5
    vertex 34.84078208143908 223.0607487473003 0.5
  endloop
endfacet
facet normal 0 0 1
  outer loop
    vertex -35.65848426391674 221.65 0.5
    vertex -33.69291304259494 221.9572878071457 0.5
    vertex -34.66625814971994 222.955163002184 0.5
  endloop
endfacet
facet normal -0 0 1
  outer loop
    vertex -37.5100463227668 232.232216248588 0.5
    vertex -36.20397198617183 230.8506796196072 0.5
    vertex -35.73087523205884 232.6494092158512 0.5
  endloop
endfacet
facet normal 0 0 1
  outer loop
    vertex 23.96851078684197 234.4334262179356 0.5
    vertex 22.84588630491469 236.3986367958642 0.5
    vertex 22.40338292828752 234.8426028879494 0.5
  endloop
endfacet
facet normal 0 0 1
  outer loop
    vertex -22.84588630491466 236.3986367958642 0.5
    vertex -23.96851078684194 234.4334262179356 0.5
    vertex -22.40338292828749 234.8426028879494 0.5
  endloop
endfacet
facet normal 0 0 1
  outer loop
    vertex -7.95614431461368 224.3589752330961 0.5
    vertex -5.9676549919582 224.4206699346051 0.5
    vertex -6.950427194431927 225.9152260057436 0.5
  endloop
endfacet
facet normal -0 0 1
  outer loop
    vertex 5.967654991958278 224.4206699346051 0.5
    vertex 7.956144314613706 224.3589752330961 0.5
    vertex 6.950427194431963 225.9152260057436 0.5
  endloop
endfacet
facet normal 0 0 1
  outer loop
    vertex 18.95756057169058 226.8807327221795 0.5
    vertex 17.563800596571 225.4869727470599 0.5
    vertex 19.07978207369263 225.0552998219604 0.5
  endloop
endfacet
facet normal 0 0 1
  outer loop
    vertex -17.56380059657096 225.4869727470599 0.5
    vertex -18.95756057169055 226.8807327221795 0.5
    vertex -19.0797820736926 225.0552998219604 0.5
  endloop
endfacet
facet normal 0 0 1
  outer loop
    vertex -36.20397198617183 230.8506796196072 0.5
    vertex -35.36950695460966 229.1424226889824 0.5
    vertex -34.94557334196655 230.59723688292 0.5
  endloop
endfacet
facet normal 0 -0 1
  outer loop
    vertex 6.940407019526409 234.4873655269138 0.5
    vertex 7.997384084754032 235.871443627672 0.5
    vertex 5.935487367921779 236.115811449307 0.5
  endloop
endfacet
facet normal -0 0 1
  outer loop
    vertex -7.997384084754017 235.871443627672 0.5
    vertex -6.940407019526385 234.4873655269138 0.5
    vertex -5.935487367921801 236.115811449307 0.5
  endloop
endfacet
facet normal 0 0 1
  outer loop
    vertex -31.3746049657271 224.2398120888112 0.5
    vertex -32.76312150185359 223.5285249969282 0.5
    vertex -30.84102592527898 223.1189807557248 0.5
  endloop
endfacet
facet normal 0 0 1
  outer loop
    vertex -3.703047089442564 225.9031929354378 0.5
    vertex -5.096807064562152 227.2969529105574 0.5
    vertex -5.139326674793502 225.6001565651622 0.5
  endloop
endfacet
facet normal 0 0 1
  outer loop
    vertex 5.096807064562184 227.2969529105574 0.5
    vertex 3.703047089442597 225.9031929354378 0.5
    vertex 5.139326674793542 225.6001565651622 0.5
  endloop
endfacet
facet normal -0 0 1
  outer loop
    vertex 17.88609795343854 223.786365759847 0.5
    vertex 19.86849836002525 223.6190796263093 0.5
    vertex 19.07978207369263 225.0552998219604 0.5
  endloop
endfacet
facet normal 0 0 1
  outer loop
    vertex -19.86849836002527 223.6190796263093 0.5
    vertex -17.88609795343856 223.786365759847 0.5
    vertex -19.0797820736926 225.0552998219604 0.5
  endloop
endfacet
facet normal 0 0 1
  outer loop
    vertex 32.76836494084672 225.6335720639308 0.5
    vertex 31.37460496572713 224.2398120888112 0.5
    vertex 33.13590620037545 223.645528482106 0.5
  endloop
endfacet
facet normal 0 0 1
  outer loop
    vertex -32.76312150185359 223.5285249969282 0.5
    vertex -31.72469594061742 222.2471454653026 0.5
    vertex -30.84102592527898 223.1189807557248 0.5
  endloop
endfacet
facet normal 0 0 1
  outer loop
    vertex -35.31912684493916 225.5531117305047 0.5
    vertex -36.01082177669312 223.971580077497 0.5
    vertex -34.31602929374132 224.6146367603068 0.5
  endloop
endfacet
facet normal 0 0 1
  outer loop
    vertex 36.63856597048529 231.4083378952495 0.5
    vertex 35.37892419735754 233.1796919972298 0.5
    vertex 35.15596481885789 231.2250004657707 0.5
  endloop
endfacet
facet normal 0 0 1
  outer loop
    vertex 35.37892419735754 233.1796919972298 0.5
    vertex 34.69471928357277 234.9521790787097 0.5
    vertex 33.57517568902002 234.1534207610186 0.5
  endloop
endfacet
facet normal 0 0 1
  outer loop
    vertex 7.997384084754032 235.871443627672 0.5
    vertex 6.962865892154232 237.3979117401159 0.5
    vertex 5.935487367921779 236.115811449307 0.5
  endloop
endfacet
facet normal 0 0 1
  outer loop
    vertex -6.962865892154256 237.3979117401159 0.5
    vertex -7.997384084754017 235.871443627672 0.5
    vertex -5.935487367921801 236.115811449307 0.5
  endloop
endfacet
facet normal 0 -0 1
  outer loop
    vertex -5.991656052659454 232.9468070645622 0.5
    vertex -5.096807064562156 234.7030470894426 0.5
    vertex -6.940407019526385 234.4873655269138 0.5
  endloop
endfacet
facet normal 0 0 1
  outer loop
    vertex 5.096807064562182 234.7030470894426 0.5
    vertex 5.991656052659481 232.9468070645622 0.5
    vertex 6.940407019526409 234.4873655269138 0.5
  endloop
endfacet
facet normal 0 0 1
  outer loop
    vertex 17.563800596571 225.4869727470599 0.5
    vertex 17.88609795343854 223.786365759847 0.5
    vertex 19.07978207369263 225.0552998219604 0.5
  endloop
endfacet
facet normal 0 -0 1
  outer loop
    vertex -17.88609795343856 223.786365759847 0.5
    vertex -17.56380059657096 225.4869727470599 0.5
    vertex -19.0797820736926 225.0552998219604 0.5
  endloop
endfacet
facet normal -0 0 1
  outer loop
    vertex 35.37892419735754 233.1796919972298 0.5
    vertex 36.63856597048529 231.4083378952495 0.5
    vertex 36.88908854713175 233.2492079734969 0.5
  endloop
endfacet
facet normal 0 -0 1
  outer loop
    vertex -29.75398752068254 222.5195502121534 0.5
    vertex -29.61836494084669 223.3449631007139 0.5
    vertex -30.84102592527898 223.1189807557248 0.5
  endloop
endfacet
facet normal 0 0 1
  outer loop
    vertex 20.88151785865001 225.4627626221488 0.5
    vertex 18.95756057169058 226.8807327221795 0.5
    vertex 19.07978207369263 225.0552998219604 0.5
  endloop
endfacet
facet normal 0 0 1
  outer loop
    vertex -18.95756057169055 226.8807327221795 0.5
    vertex -20.88151785865001 225.4627626221488 0.5
    vertex -19.0797820736926 225.0552998219604 0.5
  endloop
endfacet
facet normal 0 0 1
  outer loop
    vertex 35.37892419735754 233.1796919972298 0.5
    vertex 33.57517568902002 234.1534207610186 0.5
    vertex 34.10832871500524 232.5762411369541 0.5
  endloop
endfacet
facet normal 0 0 1
  outer loop
    vertex 8.951418384109436 237.3312497521399 0.5
    vertex 6.962865892154232 237.3979117401159 0.5
    vertex 7.997384084754032 235.871443627672 0.5
  endloop
endfacet
facet normal 0 0 1
  outer loop
    vertex -6.962865892154256 237.3979117401159 0.5
    vertex -8.951418384109461 237.3312497521399 0.5
    vertex -7.997384084754017 235.871443627672 0.5
  endloop
endfacet
facet normal 0 0 1
  outer loop
    vertex 36.63856597048529 231.4083378952495 0.5
    vertex 38.09121170481718 232.6348345322017 0.5
    vertex 36.88908854713175 233.2492079734969 0.5
  endloop
endfacet
facet normal 0 0 1
  outer loop
    vertex 34.69471928357277 234.9521790787097 0.5
    vertex 32.72519403760152 235.2345886029547 0.5
    vertex 33.57517568902002 234.1534207610186 0.5
  endloop
endfacet
facet normal 0 0 1
  outer loop
    vertex -35.08264396810747 227.2630123407873 0.5
    vertex -35.31912684493916 225.5531117305047 0.5
    vertex -34.22987579531573 226.0908289968682 0.5
  endloop
endfacet
facet normal 0 0 1
  outer loop
    vertex -22.57475081172235 233.039666242816 0.5
    vertex -20.8111681730917 234.2051166798263 0.5
    vertex -22.40338292828749 234.8426028879494 0.5
  endloop
endfacet
facet normal -0 0 1
  outer loop
    vertex 20.81116817309173 234.2051166798263 0.5
    vertex 22.57475081172238 233.039666242816 0.5
    vertex 22.40338292828752 234.8426028879494 0.5
  endloop
endfacet
facet normal 0 0 1
  outer loop
    vertex -35.36950695460966 229.1424226889824 0.5
    vertex -33.97155787628452 229.3366191533734 0.5
    vertex -34.94557334196655 230.59723688292 0.5
  endloop
endfacet
facet normal 0 0 1
  outer loop
    vertex 17.88609795343854 223.786365759847 0.5
    vertex 17.563800596571 225.4869727470599 0.5
    vertex 16.93638472265665 224.4202624740851 0.5
  endloop
endfacet
facet normal 0 0 1
  outer loop
    vertex -17.56380059657096 225.4869727470599 0.5
    vertex -17.88609795343856 223.786365759847 0.5
    vertex -16.93638472265667 224.4202624740851 0.5
  endloop
endfacet
facet normal 0 0 1
  outer loop
    vertex 20.86465918080149 236.5817321715035 0.5
    vertex 18.88196770306919 236.7482234266189 0.5
    vertex 19.68459400422016 235.5326158538221 0.5
  endloop
endfacet
facet normal 0 0 1
  outer loop
    vertex -18.88196770306917 236.7482234266189 0.5
    vertex -20.86465918080146 236.5817321715035 0.5
    vertex -19.68459400422013 235.5326158538221 0.5
  endloop
endfacet
facet normal 0 -0 1
  outer loop
    vertex 22.57475081172238 233.039666242816 0.5
    vertex 23.96851078684197 234.4334262179356 0.5
    vertex 22.40338292828752 234.8426028879494 0.5
  endloop
endfacet
facet normal -0 0 1
  outer loop
    vertex -23.96851078684194 234.4334262179356 0.5
    vertex -22.57475081172235 233.039666242816 0.5
    vertex -22.40338292828749 234.8426028879494 0.5
  endloop
endfacet
facet normal 0 0 1
  outer loop
    vertex 6.962865892154232 237.3979117401159 0.5
    vertex 4.973824722297246 237.4479123252758 0.5
    vertex 5.935487367921779 236.115811449307 0.5
  endloop
endfacet
facet normal 0 0 1
  outer loop
    vertex -4.97382472229727 237.4479123252758 0.5
    vertex -6.962865892154256 237.3979117401159 0.5
    vertex -5.935487367921801 236.115811449307 0.5
  endloop
endfacet
facet normal 0 0 1
  outer loop
    vertex 19.85240955978788 228.6369727470599 0.5
    vertex 18.95756057169058 226.8807327221795 0.5
    vertex 20.28607271729246 227.3099161529181 0.5
  endloop
endfacet
facet normal 0 -0 1
  outer loop
    vertex 21.67990182362508 231.2834262179356 0.5
    vertex 22.57475081172238 233.039666242816 0.5
    vertex 21.22955759205677 232.7646990041905 0.5
  endloop
endfacet
facet normal 0 0 1
  outer loop
    vertex -22.57475081172235 233.039666242816 0.5
    vertex -21.67990182362505 231.2834262179356 0.5
    vertex -21.22955759205674 232.7646990041905 0.5
  endloop
endfacet
facet normal 0 0 1
  outer loop
    vertex -18.95756057169055 226.8807327221795 0.5
    vertex -19.85240955978785 228.6369727470599 0.5
    vertex -20.28607271729243 227.3099161529181 0.5
  endloop
endfacet
facet normal 0 0 1
  outer loop
    vertex -35.08264396810747 227.2630123407873 0.5
    vertex -33.66321392894399 227.3898120888112 0.5
    vertex -34.5217306819864 228.2829665679886 0.5
  endloop
endfacet
facet normal 0 0 1
  outer loop
    vertex 15.80756057169059 224.5921237589626 0.5
    vertex 15.90229296421691 223.9360781081963 0.5
    vertex 16.93638472265665 224.4202624740851 0.5
  endloop
endfacet
facet normal 0 -0 1
  outer loop
    vertex -15.90229296421693 223.9360781081963 0.5
    vertex -15.80756057169055 224.5921237589626 0.5
    vertex -16.93638472265667 224.4202624740851 0.5
  endloop
endfacet
facet normal 0 -0 1
  outer loop
    vertex 5.967654991958278 224.4206699346051 0.5
    vertex 6.950427194431963 225.9152260057436 0.5
    vertex 5.139326674793542 225.6001565651622 0.5
  endloop
endfacet
facet normal 0 0 1
  outer loop
    vertex -6.950427194431927 225.9152260057436 0.5
    vertex -5.9676549919582 224.4206699346051 0.5
    vertex -5.139326674793502 225.6001565651622 0.5
  endloop
endfacet
facet normal -0 0 1
  outer loop
    vertex 5.096807064562182 234.7030470894426 0.5
    vertex 6.940407019526409 234.4873655269138 0.5
    vertex 5.935487367921779 236.115811449307 0.5
  endloop
endfacet
facet normal 0 0 1
  outer loop
    vertex -6.940407019526385 234.4873655269138 0.5
    vertex -5.096807064562156 234.7030470894426 0.5
    vertex -5.935487367921801 236.115811449307 0.5
  endloop
endfacet
facet normal 0 0 1
  outer loop
    vertex 33.13590620037545 223.645528482106 0.5
    vertex 33.69291304259492 221.9572878071458 0.5
    vertex 34.84078208143908 223.0607487473003 0.5
  endloop
endfacet
facet normal 0 -0 1
  outer loop
    vertex 35.6179521036446 229.8043363476379 0.5
    vertex 36.63856597048529 231.4083378952495 0.5
    vertex 35.15596481885789 231.2250004657707 0.5
  endloop
endfacet
facet normal -0 0 1
  outer loop
    vertex 18.95756057169058 234.2868269010647 0.5
    vertex 20.81116817309173 234.2051166798263 0.5
    vertex 19.68459400422016 235.5326158538221 0.5
  endloop
endfacet
facet normal 0 0 1
  outer loop
    vertex -20.8111681730917 234.2051166798263 0.5
    vertex -18.95756057169055 234.2868269010647 0.5
    vertex -19.68459400422013 235.5326158538221 0.5
  endloop
endfacet
facet normal 0 0 1
  outer loop
    vertex -10.1577064176858 225.4869727470599 0.5
    vertex -9.944008846877448 224.2796617797816 0.5
    vertex -8.754446643235013 225.3843136975721 0.5
  endloop
endfacet
facet normal 0 -0 1
  outer loop
    vertex 9.944008846877475 224.2796617797816 0.5
    vertex 10.15770641768584 225.4869727470599 0.5
    vertex 8.754446643235045 225.3843136975721 0.5
  endloop
endfacet
facet normal 0 0 1
  outer loop
    vertex -34.31602929374132 224.6146367603068 0.5
    vertex -36.01082177669312 223.971580077497 0.5
    vertex -34.66625814971994 222.955163002184 0.5
  endloop
endfacet
facet normal 0 0 1
  outer loop
    vertex -36.01082177669312 223.971580077497 0.5
    vertex -35.99610384496767 222.7092302760342 0.5
    vertex -34.66625814971994 222.955163002184 0.5
  endloop
endfacet
facet normal 0 0 1
  outer loop
    vertex 32.76836494084672 225.6335720639308 0.5
    vertex 33.13590620037545 223.645528482106 0.5
    vertex 34.35528846817185 224.5374440991572 0.5
  endloop
endfacet
facet normal 0 0 1
  outer loop
    vertex -33.69291304259494 221.9572878071457 0.5
    vertex -31.72469594061742 222.2471454653026 0.5
    vertex -32.76312150185359 223.5285249969282 0.5
  endloop
endfacet
facet normal 0 0 1
  outer loop
    vertex -33.97155787628452 229.3366191533734 0.5
    vertex -35.36950695460966 229.1424226889824 0.5
    vertex -34.5217306819864 228.2829665679886 0.5
  endloop
endfacet
facet normal 0 0 1
  outer loop
    vertex -5.096807064562152 227.2969529105574 0.5
    vertex -5.991656052659452 229.0531929354378 0.5
    vertex -6.728635087795092 227.5949810078706 0.5
  endloop
endfacet
facet normal 0 0 1
  outer loop
    vertex 5.991656052659482 229.0531929354378 0.5
    vertex 5.096807064562184 227.2969529105574 0.5
    vertex 6.728635087795119 227.5949810078706 0.5
  endloop
endfacet
facet normal 0 0 1
  outer loop
    vertex -8.763946442566215 234.2868269010647 0.5
    vertex -6.940407019526385 234.4873655269138 0.5
    vertex -7.997384084754017 235.871443627672 0.5
  endloop
endfacet
facet normal -0 0 1
  outer loop
    vertex 6.940407019526409 234.4873655269138 0.5
    vertex 8.763946442566244 234.2868269010647 0.5
    vertex 7.997384084754032 235.871443627672 0.5
  endloop
endfacet
facet normal 0 0 1
  outer loop
    vertex 7.869097454468947 228.6369727470599 0.5
    vertex 5.991656052659482 229.0531929354378 0.5
    vertex 6.728635087795119 227.5949810078706 0.5
  endloop
endfacet
facet normal 0 0 1
  outer loop
    vertex -5.991656052659452 229.0531929354378 0.5
    vertex -7.869097454468917 228.6369727470599 0.5
    vertex -6.728635087795092 227.5949810078706 0.5
  endloop
endfacet
facet normal -0 0 1
  outer loop
    vertex 33.13590620037545 223.645528482106 0.5
    vertex 34.84078208143908 223.0607487473003 0.5
    vertex 34.35528846817185 224.5374440991572 0.5
  endloop
endfacet
facet normal -0 0 1
  outer loop
    vertex -35.99610384496767 222.7092302760342 0.5
    vertex -35.65848426391674 221.65 0.5
    vertex -34.66625814971994 222.955163002184 0.5
  endloop
endfacet
facet normal -0 0 1
  outer loop
    vertex 18.95756057169058 226.8807327221795 0.5
    vertex 20.88151785865001 225.4627626221488 0.5
    vertex 20.28607271729246 227.3099161529181 0.5
  endloop
endfacet
facet normal 0 0 1
  outer loop
    vertex -20.88151785865001 225.4627626221488 0.5
    vertex -18.95756057169055 226.8807327221795 0.5
    vertex -20.28607271729243 227.3099161529181 0.5
  endloop
endfacet
facet normal 0 0 1
  outer loop
    vertex -20.8111681730917 234.2051166798263 0.5
    vertex -22.57475081172235 233.039666242816 0.5
    vertex -21.22955759205674 232.7646990041905 0.5
  endloop
endfacet
facet normal 0 0 1
  outer loop
    vertex 22.57475081172238 233.039666242816 0.5
    vertex 20.81116817309173 234.2051166798263 0.5
    vertex 21.22955759205677 232.7646990041905 0.5
  endloop
endfacet
facet normal 0 0 1
  outer loop
    vertex 36.66180953468938 234.6532798015876 0.5
    vertex 35.37892419735754 233.1796919972298 0.5
    vertex 36.88908854713175 233.2492079734969 0.5
  endloop
endfacet
facet normal 0 0 1
  outer loop
    vertex -33.66321392894399 227.3898120888112 0.5
    vertex -35.08264396810747 227.2630123407873 0.5
    vertex -34.22987579531573 226.0908289968682 0.5
  endloop
endfacet
facet normal 0 0 1
  outer loop
    vertex 35.8345980433038 224.2781863129812 0.5
    vertex 35.19679107489422 226.0691848894675 0.5
    vertex 34.35528846817185 224.5374440991572 0.5
  endloop
endfacet
facet normal 0 -0 1
  outer loop
    vertex 35.15596481885789 231.2250004657707 0.5
    vertex 35.37892419735754 233.1796919972298 0.5
    vertex 34.10832871500524 232.5762411369541 0.5
  endloop
endfacet
facet normal 0 -0 1
  outer loop
    vertex 20.88151785865001 225.4627626221488 0.5
    vertex 21.67990182362508 227.3898120888112 0.5
    vertex 20.28607271729246 227.3099161529181 0.5
  endloop
endfacet
facet normal 0 0 1
  outer loop
    vertex -21.67990182362505 227.3898120888112 0.5
    vertex -20.88151785865001 225.4627626221488 0.5
    vertex -20.28607271729243 227.3099161529181 0.5
  endloop
endfacet
facet normal 0 0 1
  outer loop
    vertex -19.85240955978785 232.5305868761843 0.5
    vertex -20.8111681730917 234.2051166798263 0.5
    vertex -21.22955759205674 232.7646990041905 0.5
  endloop
endfacet
facet normal 0 0 1
  outer loop
    vertex 20.81116817309173 234.2051166798263 0.5
    vertex 19.85240955978788 232.5305868761843 0.5
    vertex 21.22955759205677 232.7646990041905 0.5
  endloop
endfacet
facet normal 0 0 1
  outer loop
    vertex -38.6263267337848 234.3379117493687 0.5
    vertex -39.16878888985821 233.1612193304165 0.5
    vertex -37.53956934263159 233.4068072691624 0.5
  endloop
endfacet
facet normal 0 0 1
  outer loop
    vertex 32.76836494084672 233.039666242816 0.5
    vertex 33.66321392894402 231.2834262179356 0.5
    vertex 34.10832871500524 232.5762411369541 0.5
  endloop
endfacet
facet normal 0 -0 1
  outer loop
    vertex 34.84078208143908 223.0607487473003 0.5
    vertex 35.8345980433038 224.2781863129812 0.5
    vertex 34.35528846817185 224.5374440991572 0.5
  endloop
endfacet
facet normal 0 0 1
  outer loop
    vertex -32.76312150185359 223.5285249969282 0.5
    vertex -34.31602929374132 224.6146367603068 0.5
    vertex -34.66625814971994 222.955163002184 0.5
  endloop
endfacet
facet normal 0 0 1
  outer loop
    vertex 34.84078208143908 223.0607487473003 0.5
    vertex 35.65848426391671 221.65 0.5
    vertex 35.89854300139471 222.7035305199995 0.5
  endloop
endfacet
facet normal 0 -0 1
  outer loop
    vertex -33.69291304259494 221.9572878071457 0.5
    vertex -32.76312150185359 223.5285249969282 0.5
    vertex -34.66625814971994 222.955163002184 0.5
  endloop
endfacet
facet normal 0 0 1
  outer loop
    vertex 35.8345980433038 224.2781863129812 0.5
    vertex 34.84078208143908 223.0607487473003 0.5
    vertex 35.89854300139471 222.7035305199995 0.5
  endloop
endfacet
facet normal -0 0 1
  outer loop
    vertex 33.66321392894402 231.2834262179356 0.5
    vertex 35.15596481885789 231.2250004657707 0.5
    vertex 34.10832871500524 232.5762411369541 0.5
  endloop
endfacet
facet normal 0 0 1
  outer loop
    vertex 33.57517568902002 234.1534207610186 0.5
    vertex 32.76836494084672 233.039666242816 0.5
    vertex 34.10832871500524 232.5762411369541 0.5
  endloop
endfacet
facet normal 0 0 1
  outer loop
    vertex -44.24342925578098 221.65 0.5
    vertex -45.78763561553635 222.7590087233285 0.5
    vertex -44.66046221538249 221.65 0.5
  endloop
endfacet
facet normal 0 0 1
  outer loop
    vertex -44.66046221538249 221.65 0.5
    vertex -45.78763561553635 222.7590087233285 0.5
    vertex -46.19086501819175 222.8891112978365 0.5
  endloop
endfacet
facet normal 0 -0 1
  outer loop
    vertex 37.09017147217536 221.65 0.5
    vertex 38.52185868043399 221.65 0.5
    vertex 36.97765232067862 222.7590087233285 0.5
  endloop
endfacet
facet normal 0 0 1
  outer loop
    vertex 47.3957809816053 229.1424226889824 0.5
    vertex 47.6826439681075 227.2630123407873 0.5
    vertex 47.78425305789285 228.3896893404538 0.5
  endloop
endfacet
facet normal 0 0 1
  outer loop
    vertex 47.82787964147163 226.4210283060252 0.5
    vertex 47.6826439681075 227.2630123407873 0.5
    vertex 47.4461610912758 225.5531117305047 0.5
  endloop
endfacet
facet normal -0 0 1
  outer loop
    vertex 47.6826439681075 227.2630123407873 0.5
    vertex 47.82787964147163 226.4210283060252 0.5
    vertex 47.78425305789285 228.3896893404538 0.5
  endloop
endfacet
facet normal 0 0 1
  outer loop
    vertex 44.24342925578102 221.65 0.5
    vertex 44.66046221538253 221.65 0.5
    vertex 45.65948742914756 222.6371491770352 0.5
  endloop
endfacet
facet normal 0 0 1
  outer loop
    vertex 44.66046221538253 221.65 0.5
    vertex 46.19086501819179 222.8891112978365 0.5
    vertex 45.65948742914756 222.6371491770352 0.5
  endloop
endfacet
facet normal -0 0 1
  outer loop
    vertex 41.7361459778591 233.5530867703232 0.5
    vertex 43.59649904635676 233.1612193304165 0.5
    vertex 42.54709065985079 233.6578590083852 0.5
  endloop
endfacet
facet normal 0 0 1
  outer loop
    vertex 40.58813300427821 234.0060970556687 0.5
    vertex 41.7361459778591 233.5530867703232 0.5
    vertex 42.54709065985079 233.6578590083852 0.5
  endloop
endfacet
facet normal 0 0 1
  outer loop
    vertex 42.54709065985079 233.6578590083852 0.5
    vertex 43.59649904635676 233.1612193304165 0.5
    vertex 44.40859177973263 233.0157195157894 0.5
  endloop
endfacet
facet normal -0 0 1
  outer loop
    vertex -42.54709065985075 233.6578590083852 0.5
    vertex -41.02914195835586 233.5530867703232 0.5
    vertex -40.58813300427818 234.0060970556687 0.5
  endloop
endfacet
facet normal 0 -0 1
  outer loop
    vertex -42.92168761169537 233.3721321352529 0.5
    vertex -42.54709065985075 233.6578590083852 0.5
    vertex -44.4085917797326 233.0157195157894 0.5
  endloop
endfacet
facet normal 0 0 1
  outer loop
    vertex -42.54709065985075 233.6578590083852 0.5
    vertex -42.92168761169537 233.3721321352529 0.5
    vertex -41.02914195835586 233.5530867703232 0.5
  endloop
endfacet
facet normal 0 0 1
  outer loop
    vertex 27.78094254113013 222.7744806559459 0.5
    vertex 27.67155787628455 223.0366191533734 0.5
    vertex 25.80571594378849 223.0119167771725 0.5
  endloop
endfacet
facet normal -0 0 1
  outer loop
    vertex 15.90229296421691 223.9360781081963 0.5
    vertex 17.88609795343854 223.786365759847 0.5
    vertex 16.93638472265665 224.4202624740851 0.5
  endloop
endfacet
facet normal 0 0 1
  outer loop
    vertex -17.88609795343856 223.786365759847 0.5
    vertex -15.90229296421693 223.9360781081963 0.5
    vertex -16.93638472265667 224.4202624740851 0.5
  endloop
endfacet
facet normal 0 0 1
  outer loop
    vertex -27.67155787628452 223.0366191533734 0.5
    vertex -27.7809425411302 222.7744806559459 0.5
    vertex -25.80571594378856 223.0119167771725 0.5
  endloop
endfacet
facet normal 0 0 1
  outer loop
    vertex 43.59649904635676 233.1612193304165 0.5
    vertex 45.25524161344817 232.232216248588 0.5
    vertex 44.40859177973263 233.0157195157894 0.5
  endloop
endfacet
facet normal 0 0 1
  outer loop
    vertex 45.25524161344817 232.232216248588 0.5
    vertex 46.56131595004314 230.8506796196072 0.5
    vertex 45.99238397539954 231.845620448096 0.5
  endloop
endfacet
facet normal 0 0 1
  outer loop
    vertex 44.40859177973263 233.0157195157894 0.5
    vertex 45.25524161344817 232.232216248588 0.5
    vertex 45.99238397539954 231.845620448096 0.5
  endloop
endfacet
facet normal 0 0 1
  outer loop
    vertex 46.56131595004314 230.8506796196072 0.5
    vertex 47.3957809816053 229.1424226889824 0.5
    vertex 47.15311337619026 230.2549486386354 0.5
  endloop
endfacet
facet normal 0 0 1
  outer loop
    vertex 45.99238397539954 231.845620448096 0.5
    vertex 46.56131595004314 230.8506796196072 0.5
    vertex 47.15311337619026 230.2549486386354 0.5
  endloop
endfacet
facet normal 0 0 1
  outer loop
    vertex 47.15311337619026 230.2549486386354 0.5
    vertex 47.3957809816053 229.1424226889824 0.5
    vertex 47.78425305789285 228.3896893404538 0.5
  endloop
endfacet
facet normal 0 -0 1
  outer loop
    vertex 47.27998926025504 224.5296410697769 0.5
    vertex 47.4461610912758 225.5531117305047 0.5
    vertex 46.75446615952184 223.971580077497 0.5
  endloop
endfacet
facet normal -0 0 1
  outer loop
    vertex 47.4461610912758 225.5531117305047 0.5
    vertex 47.27998926025504 224.5296410697769 0.5
    vertex 47.82787964147163 226.4210283060252 0.5
  endloop
endfacet
facet normal 0 -0 1
  outer loop
    vertex 46.19086501819179 222.8891112978365 0.5
    vertex 46.75446615952184 223.971580077497 0.5
    vertex 45.65948742914756 222.6371491770352 0.5
  endloop
endfacet
facet normal -0 0 1
  outer loop
    vertex 46.75446615952184 223.971580077497 0.5
    vertex 46.19086501819179 222.8891112978365 0.5
    vertex 47.27998926025504 224.5296410697769 0.5
  endloop
endfacet
facet normal 0 0 1
  outer loop
    vertex 28.77939163454202 235.7498602696206 0.5
    vertex 29.61836494084672 235.3282752060329 0.5
    vertex 30.75337202483865 235.5004885538497 0.5
  endloop
endfacet
facet normal 0 -0 1
  outer loop
    vertex 27.67155787628455 235.6366191533734 0.5
    vertex 28.77939163454202 235.7498602696206 0.5
    vertex 26.80339140745188 235.982686248502 0.5
  endloop
endfacet
facet normal -0 0 1
  outer loop
    vertex 27.67155787628455 235.6366191533734 0.5
    vertex 29.61836494084672 235.3282752060329 0.5
    vertex 28.77939163454202 235.7498602696206 0.5
  endloop
endfacet
facet normal 0 -0 1
  outer loop
    vertex 25.72475081172238 235.3282752060329 0.5
    vertex 26.80339140745188 235.982686248502 0.5
    vertex 24.8255100260677 236.1989501499649 0.5
  endloop
endfacet
facet normal 0 0 1
  outer loop
    vertex 25.72475081172238 235.3282752060329 0.5
    vertex 27.67155787628455 235.6366191533734 0.5
    vertex 26.80339140745188 235.982686248502 0.5
  endloop
endfacet
facet normal 0 -0 1
  outer loop
    vertex 15.80756057169058 236.5754358642816 0.5
    vertex 16.89795102383215 236.8980988762809 0.5
    vertex 14.91274838821191 237.0313480017145 0.5
  endloop
endfacet
facet normal 0 -0 1
  outer loop
    vertex 13.86075350712841 236.8837798116221 0.5
    vertex 14.91274838821191 237.0313480017145 0.5
    vertex 12.92649912456466 237.1479614510372 0.5
  endloop
endfacet
facet normal -0 0 1
  outer loop
    vertex 13.86075350712841 236.8837798116221 0.5
    vertex 15.80756057169058 236.5754358642816 0.5
    vertex 14.91274838821191 237.0313480017145 0.5
  endloop
endfacet
facet normal 0 0 1
  outer loop
    vertex 11.91394644256624 236.5754358642816 0.5
    vertex 13.86075350712841 236.8837798116221 0.5
    vertex 12.92649912456466 237.1479614510372 0.5
  endloop
endfacet
facet normal 0 -0 1
  outer loop
    vertex 1.946807064562182 236.9916560526595 0.5
    vertex 2.984434472296231 237.4812479984063 0.5
    vertex 0.9948347644084272 237.4979164198952 0.5
  endloop
endfacet
facet normal 0 0 1
  outer loop
    vertex 2.984434472296231 237.4812479984063 0.5
    vertex 1.946807064562182 236.9916560526595 0.5
    vertex 3.703047089442594 236.0968070645622 0.5
  endloop
endfacet
facet normal 0 -0 1
  outer loop
    vertex 1.298741752578978e-14 237.3 0.5
    vertex 0.9948347644084272 237.4979164198952 0.5
    vertex -0.9948347644083979 237.4979164198952 0.5
  endloop
endfacet
facet normal -0 0 1
  outer loop
    vertex 1.298741752578978e-14 237.3 0.5
    vertex 1.946807064562182 236.9916560526595 0.5
    vertex 0.9948347644084272 237.4979164198952 0.5
  endloop
endfacet
facet normal -0 0 1
  outer loop
    vertex -2.984434472296255 237.4812479984063 0.5
    vertex -1.946807064562155 236.9916560526595 0.5
    vertex -0.9948347644083979 237.4979164198952 0.5
  endloop
endfacet
facet normal 0 0 1
  outer loop
    vertex -1.946807064562155 236.9916560526595 0.5
    vertex 1.298741752578978e-14 237.3 0.5
    vertex -0.9948347644083979 237.4979164198952 0.5
  endloop
endfacet
facet normal 0 0 1
  outer loop
    vertex -2.984434472296255 237.4812479984063 0.5
    vertex -3.703047089442567 236.0968070645622 0.5
    vertex -1.946807064562155 236.9916560526595 0.5
  endloop
endfacet
facet normal 0 0 1
  outer loop
    vertex -12.92649912456463 237.1479614510372 0.5
    vertex -14.91274838821193 237.0313480017145 0.5
    vertex -13.86075350712839 236.8837798116221 0.5
  endloop
endfacet
facet normal 0 0 1
  outer loop
    vertex -11.91394644256622 236.5754358642816 0.5
    vertex -12.92649912456463 237.1479614510372 0.5
    vertex -13.86075350712839 236.8837798116221 0.5
  endloop
endfacet
facet normal 0 0 1
  outer loop
    vertex -14.91274838821193 237.0313480017145 0.5
    vertex -16.89795102383212 236.8980988762809 0.5
    vertex -15.80756057169055 236.5754358642816 0.5
  endloop
endfacet
facet normal 0 0 1
  outer loop
    vertex -13.86075350712839 236.8837798116221 0.5
    vertex -14.91274838821193 237.0313480017145 0.5
    vertex -15.80756057169055 236.5754358642816 0.5
  endloop
endfacet
facet normal 0 -0 1
  outer loop
    vertex -25.72475081172235 235.3282752060329 0.5
    vertex -24.82551002606766 236.1989501499649 0.5
    vertex -26.8033914074519 235.982686248502 0.5
  endloop
endfacet
facet normal 0 -0 1
  outer loop
    vertex -27.67155787628452 235.6366191533734 0.5
    vertex -26.8033914074519 235.982686248502 0.5
    vertex -28.779391634542 235.7498602696206 0.5
  endloop
endfacet
facet normal -0 0 1
  outer loop
    vertex -27.67155787628452 235.6366191533734 0.5
    vertex -25.72475081172235 235.3282752060329 0.5
    vertex -26.8033914074519 235.982686248502 0.5
  endloop
endfacet
facet normal 0 -0 1
  outer loop
    vertex -29.61836494084669 235.3282752060329 0.5
    vertex -28.779391634542 235.7498602696206 0.5
    vertex -30.75337202483862 235.5004885538497 0.5
  endloop
endfacet
facet normal 0 0 1
  outer loop
    vertex -29.61836494084669 235.3282752060329 0.5
    vertex -27.67155787628452 235.6366191533734 0.5
    vertex -28.779391634542 235.7498602696206 0.5
  endloop
endfacet
facet normal 0 0 1
  outer loop
    vertex -46.19086501819175 222.8891112978365 0.5
    vertex -46.93068989291117 224.2781863129812 0.5
    vertex -47.27998926025499 224.5296410697769 0.5
  endloop
endfacet
facet normal 0 0 1
  outer loop
    vertex -45.78763561553635 222.7590087233285 0.5
    vertex -46.93068989291117 224.2781863129812 0.5
    vertex -46.19086501819175 222.8891112978365 0.5
  endloop
endfacet
facet normal 0 0 1
  outer loop
    vertex -47.27998926025499 224.5296410697769 0.5
    vertex -47.56849686132075 226.0691848894675 0.5
    vertex -47.82787964147159 226.4210283060251 0.5
  endloop
endfacet
facet normal 0 0 1
  outer loop
    vertex -46.93068989291117 224.2781863129812 0.5
    vertex -47.56849686132075 226.0691848894675 0.5
    vertex -47.27998926025499 224.5296410697769 0.5
  endloop
endfacet
facet normal 0 0 1
  outer loop
    vertex -47.82787964147159 226.4210283060251 0.5
    vertex -47.64297296147304 227.9689024843836 0.5
    vertex -47.78425305789281 228.3896893404538 0.5
  endloop
endfacet
facet normal 0 0 1
  outer loop
    vertex -47.56849686132075 226.0691848894675 0.5
    vertex -47.64297296147304 227.9689024843836 0.5
    vertex -47.82787964147159 226.4210283060251 0.5
  endloop
endfacet
facet normal 0 0 1
  outer loop
    vertex -47.78425305789281 228.3896893404538 0.5
    vertex -47.14733583257037 229.8043363476379 0.5
    vertex -47.15311337619023 230.2549486386354 0.5
  endloop
endfacet
facet normal 0 -0 1
  outer loop
    vertex -47.64297296147304 227.9689024843836 0.5
    vertex -47.14733583257037 229.8043363476379 0.5
    vertex -47.78425305789281 228.3896893404538 0.5
  endloop
endfacet
facet normal 0 0 1
  outer loop
    vertex -47.15311337619023 230.2549486386354 0.5
    vertex -46.12672196572968 231.4083378952495 0.5
    vertex -45.99238397539951 231.845620448096 0.5
  endloop
endfacet
facet normal 0 -0 1
  outer loop
    vertex -47.14733583257037 229.8043363476379 0.5
    vertex -46.12672196572968 231.4083378952495 0.5
    vertex -47.15311337619023 230.2549486386354 0.5
  endloop
endfacet
facet normal 0 0 1
  outer loop
    vertex -45.99238397539951 231.845620448096 0.5
    vertex -44.67407623139778 232.6348345322017 0.5
    vertex -44.4085917797326 233.0157195157894 0.5
  endloop
endfacet
facet normal 0 0 1
  outer loop
    vertex -46.12672196572968 231.4083378952495 0.5
    vertex -44.67407623139778 232.6348345322017 0.5
    vertex -45.99238397539951 231.845620448096 0.5
  endloop
endfacet
facet normal 0 0 1
  outer loop
    vertex -44.67407623139778 232.6348345322017 0.5
    vertex -42.92168761169537 233.3721321352529 0.5
    vertex -44.4085917797326 233.0157195157894 0.5
  endloop
endfacet
facet normal 0 0 1
  outer loop
    vertex -33.66321392894399 227.3898120888112 0.5
    vertex -33.97155787628452 229.3366191533734 0.5
    vertex -34.5217306819864 228.2829665679886 0.5
  endloop
endfacet
facet normal 0 0 1
  outer loop
    vertex 17.563800596571 225.4869727470599 0.5
    vertex 15.80756057169059 224.5921237589626 0.5
    vertex 16.93638472265665 224.4202624740851 0.5
  endloop
endfacet
facet normal 0 0 1
  outer loop
    vertex -15.80756057169055 224.5921237589626 0.5
    vertex -17.56380059657096 225.4869727470599 0.5
    vertex -16.93638472265667 224.4202624740851 0.5
  endloop
endfacet
facet normal 0 0 1
  outer loop
    vertex -38.52185868043395 221.65 0.5
    vertex -37.09017147217534 221.65 0.5
    vertex -37.10580050706741 222.6371491770352 0.5
  endloop
endfacet
facet normal 0 -0 1
  outer loop
    vertex 7.560753507128413 230.5837798116221 0.5
    vertex 7.869097454468944 232.5305868761843 0.5
    vertex 6.300000000000014 231 0.5
  endloop
endfacet
facet normal 0 0 1
  outer loop
    vertex 5.991656052659482 229.0531929354378 0.5
    vertex 7.560753507128413 230.5837798116221 0.5
    vertex 6.300000000000014 231 0.5
  endloop
endfacet
facet normal -0 0 1
  outer loop
    vertex -7.560753507128385 230.5837798116221 0.5
    vertex -5.991656052659452 229.0531929354378 0.5
    vertex -6.299999999999986 231 0.5
  endloop
endfacet
facet normal 0 0 1
  outer loop
    vertex -7.869097454468918 232.5305868761843 0.5
    vertex -7.560753507128385 230.5837798116221 0.5
    vertex -6.299999999999986 231 0.5
  endloop
endfacet
facet normal 0 0 1
  outer loop
    vertex 31.72469594061735 222.2471454653026 0.5
    vertex 31.37460496572713 224.2398120888112 0.5
    vertex 29.75398752068251 222.5195502121534 0.5
  endloop
endfacet
facet normal 0 0 1
  outer loop
    vertex 29.61836494084672 223.3449631007139 0.5
    vertex 27.78094254113013 222.7744806559459 0.5
    vertex 29.75398752068251 222.5195502121534 0.5
  endloop
endfacet
facet normal 0 0 1
  outer loop
    vertex 31.37460496572713 224.2398120888112 0.5
    vertex 29.61836494084672 223.3449631007139 0.5
    vertex 29.75398752068251 222.5195502121534 0.5
  endloop
endfacet
facet normal 0 0 1
  outer loop
    vertex 29.61836494084672 223.3449631007139 0.5
    vertex 27.67155787628455 223.0366191533734 0.5
    vertex 27.78094254113013 222.7744806559459 0.5
  endloop
endfacet
facet normal 0 0 1
  outer loop
    vertex 25.72475081172238 223.3449631007139 0.5
    vertex 23.82846284180666 223.2318399301422 0.5
    vertex 25.80571594378849 223.0119167771725 0.5
  endloop
endfacet
facet normal 0 0 1
  outer loop
    vertex 27.67155787628455 223.0366191533734 0.5
    vertex 25.72475081172238 223.3449631007139 0.5
    vertex 25.80571594378849 223.0119167771725 0.5
  endloop
endfacet
facet normal 0 0 1
  outer loop
    vertex 25.72475081172238 223.3449631007139 0.5
    vertex 23.96851078684197 224.2398120888112 0.5
    vertex 23.82846284180666 223.2318399301422 0.5
  endloop
endfacet
facet normal 0 0 1
  outer loop
    vertex 15.90229296421691 223.9360781081963 0.5
    vertex 15.80756057169059 224.5921237589626 0.5
    vertex 13.91723917916447 224.0682049145526 0.5
  endloop
endfacet
facet normal 0 0 1
  outer loop
    vertex 13.91723917916447 224.0682049145526 0.5
    vertex 13.86075350712842 224.2837798116221 0.5
    vertex 11.93109248315243 224.1827358030909 0.5
  endloop
endfacet
facet normal 0 0 1
  outer loop
    vertex 15.80756057169059 224.5921237589626 0.5
    vertex 13.86075350712842 224.2837798116221 0.5
    vertex 13.91723917916447 224.0682049145526 0.5
  endloop
endfacet
facet normal 0 0 1
  outer loop
    vertex 11.91394644256625 224.5921237589626 0.5
    vertex 9.944008846877475 224.2796617797816 0.5
    vertex 11.93109248315243 224.1827358030909 0.5
  endloop
endfacet
facet normal 0 0 1
  outer loop
    vertex 13.86075350712842 224.2837798116221 0.5
    vertex 11.91394644256625 224.5921237589626 0.5
    vertex 11.93109248315243 224.1827358030909 0.5
  endloop
endfacet
facet normal 0 0 1
  outer loop
    vertex 11.91394644256625 224.5921237589626 0.5
    vertex 10.15770641768584 225.4869727470599 0.5
    vertex 9.944008846877475 224.2796617797816 0.5
  endloop
endfacet
facet normal 0 0 1
  outer loop
    vertex 3.978697033572691 224.4647410394671 0.5
    vertex 1.946807064562187 225.0083439473405 0.5
    vertex 1.989426630920232 224.4911850868096 0.5
  endloop
endfacet
facet normal 0 0 1
  outer loop
    vertex 3.703047089442597 225.9031929354378 0.5
    vertex 1.946807064562187 225.0083439473405 0.5
    vertex 3.978697033572691 224.4647410394671 0.5
  endloop
endfacet
facet normal 0 0 1
  outer loop
    vertex 1.989426630920232 224.4911850868096 0.5
    vertex 1.872706456468907e-14 224.7 0.5
    vertex 1.374620632165618e-14 224.5 0.5
  endloop
endfacet
facet normal 0 0 1
  outer loop
    vertex 1.946807064562187 225.0083439473405 0.5
    vertex 1.872706456468907e-14 224.7 0.5
    vertex 1.989426630920232 224.4911850868096 0.5
  endloop
endfacet
facet normal 0 -0 1
  outer loop
    vertex 1.374620632165618e-14 224.5 0.5
    vertex 1.872706456468907e-14 224.7 0.5
    vertex -1.989426630920154 224.4911850868096 0.5
  endloop
endfacet
facet normal 0 0 1
  outer loop
    vertex -1.946807064562152 225.0083439473405 0.5
    vertex -3.978697033572663 224.4647410394671 0.5
    vertex -1.989426630920154 224.4911850868096 0.5
  endloop
endfacet
facet normal 0 0 1
  outer loop
    vertex 1.872706456468907e-14 224.7 0.5
    vertex -1.946807064562152 225.0083439473405 0.5
    vertex -1.989426630920154 224.4911850868096 0.5
  endloop
endfacet
facet normal 0 0 1
  outer loop
    vertex -1.946807064562152 225.0083439473405 0.5
    vertex -3.703047089442564 225.9031929354378 0.5
    vertex -3.978697033572663 224.4647410394671 0.5
  endloop
endfacet
facet normal 0 0 1
  outer loop
    vertex -11.9310924831524 224.1827358030909 0.5
    vertex -9.944008846877448 224.2796617797816 0.5
    vertex -11.91394644256621 224.5921237589626 0.5
  endloop
endfacet
facet normal 0 0 1
  outer loop
    vertex -9.944008846877448 224.2796617797816 0.5
    vertex -10.1577064176858 225.4869727470599 0.5
    vertex -11.91394644256621 224.5921237589626 0.5
  endloop
endfacet
facet normal 0 0 1
  outer loop
    vertex -11.9310924831524 224.1827358030909 0.5
    vertex -13.86075350712838 224.2837798116221 0.5
    vertex -13.91723917916444 224.0682049145526 0.5
  endloop
endfacet
facet normal 0 -0 1
  outer loop
    vertex -11.9310924831524 224.1827358030909 0.5
    vertex -11.91394644256621 224.5921237589626 0.5
    vertex -13.86075350712838 224.2837798116221 0.5
  endloop
endfacet
facet normal 0 0 1
  outer loop
    vertex -15.80756057169055 224.5921237589626 0.5
    vertex -15.90229296421693 223.9360781081963 0.5
    vertex -13.91723917916444 224.0682049145526 0.5
  endloop
endfacet
facet normal 0 0 1
  outer loop
    vertex -13.86075350712838 224.2837798116221 0.5
    vertex -15.80756057169055 224.5921237589626 0.5
    vertex -13.91723917916444 224.0682049145526 0.5
  endloop
endfacet
facet normal 0 0 1
  outer loop
    vertex -25.72475081172235 223.3449631007139 0.5
    vertex -25.80571594378856 223.0119167771725 0.5
    vertex -23.82846284180668 223.2318399301422 0.5
  endloop
endfacet
facet normal 0 0 1
  outer loop
    vertex -23.96851078684194 224.2398120888112 0.5
    vertex -25.72475081172235 223.3449631007139 0.5
    vertex -23.82846284180668 223.2318399301422 0.5
  endloop
endfacet
facet normal 0 0 1
  outer loop
    vertex -25.72475081172235 223.3449631007139 0.5
    vertex -27.67155787628452 223.0366191533734 0.5
    vertex -25.80571594378856 223.0119167771725 0.5
  endloop
endfacet
facet normal 0 0 1
  outer loop
    vertex -29.61836494084669 223.3449631007139 0.5
    vertex -29.75398752068254 222.5195502121534 0.5
    vertex -27.7809425411302 222.7744806559459 0.5
  endloop
endfacet
facet normal 0 0 1
  outer loop
    vertex -27.67155787628452 223.0366191533734 0.5
    vertex -29.61836494084669 223.3449631007139 0.5
    vertex -27.7809425411302 222.7744806559459 0.5
  endloop
endfacet
facet normal 0 0 1
  outer loop
    vertex 38.09121170481718 232.6348345322017 0.5
    vertex 39.8436003245196 233.3721321352529 0.5
    vertex 38.62632673378483 234.3379117493687 0.5
  endloop
endfacet
facet normal 0 0 1
  outer loop
    vertex 39.8436003245196 233.3721321352529 0.5
    vertex 41.7361459778591 233.5530867703232 0.5
    vertex 40.58813300427821 234.0060970556687 0.5
  endloop
endfacet
facet normal 0 -0 1
  outer loop
    vertex 39.8436003245196 233.3721321352529 0.5
    vertex 40.58813300427821 234.0060970556687 0.5
    vertex 38.62632673378483 234.3379117493687 0.5
  endloop
endfacet
facet normal 0 -0 1
  outer loop
    vertex 31.37460496572713 234.4334262179356 0.5
    vertex 32.72519403760152 235.2345886029547 0.5
    vertex 30.75337202483865 235.5004885538497 0.5
  endloop
endfacet
facet normal 0 0 1
  outer loop
    vertex 32.72519403760152 235.2345886029547 0.5
    vertex 31.37460496572713 234.4334262179356 0.5
    vertex 33.57517568902002 234.1534207610186 0.5
  endloop
endfacet
facet normal -0 0 1
  outer loop
    vertex 29.61836494084672 235.3282752060329 0.5
    vertex 31.37460496572713 234.4334262179356 0.5
    vertex 30.75337202483865 235.5004885538497 0.5
  endloop
endfacet
facet normal 0 -0 1
  outer loop
    vertex 17.56380059657099 235.6805868761843 0.5
    vertex 18.88196770306919 236.7482234266189 0.5
    vertex 16.89795102383215 236.8980988762809 0.5
  endloop
endfacet
facet normal -0 0 1
  outer loop
    vertex 15.80756057169058 236.5754358642816 0.5
    vertex 17.56380059657099 235.6805868761843 0.5
    vertex 16.89795102383215 236.8980988762809 0.5
  endloop
endfacet
facet normal 0 -0 1
  outer loop
    vertex 11.91394644256624 236.5754358642816 0.5
    vertex 12.92649912456466 237.1479614510372 0.5
    vertex 10.93934263470242 237.2479310399157 0.5
  endloop
endfacet
facet normal 0 0 1
  outer loop
    vertex 10.15770641768583 235.6805868761843 0.5
    vertex 11.91394644256624 236.5754358642816 0.5
    vertex 10.93934263470242 237.2479310399157 0.5
  endloop
endfacet
facet normal -0 0 1
  outer loop
    vertex -12.92649912456463 237.1479614510372 0.5
    vertex -11.91394644256622 236.5754358642816 0.5
    vertex -10.93934263470239 237.2479310399157 0.5
  endloop
endfacet
facet normal -0 0 1
  outer loop
    vertex -11.91394644256622 236.5754358642816 0.5
    vertex -10.15770641768581 235.6805868761843 0.5
    vertex -10.93934263470239 237.2479310399157 0.5
  endloop
endfacet
facet normal 0 0 1
  outer loop
    vertex -16.89795102383212 236.8980988762809 0.5
    vertex -18.88196770306917 236.7482234266189 0.5
    vertex -17.56380059657097 235.6805868761843 0.5
  endloop
endfacet
facet normal 0 0 1
  outer loop
    vertex -15.80756057169055 236.5754358642816 0.5
    vertex -16.89795102383212 236.8980988762809 0.5
    vertex -17.56380059657097 235.6805868761843 0.5
  endloop
endfacet
facet normal 0 -0 1
  outer loop
    vertex -31.3746049657271 234.4334262179356 0.5
    vertex -30.75337202483862 235.5004885538497 0.5
    vertex -32.72519403760154 235.2345886029547 0.5
  endloop
endfacet
facet normal 0 0 1
  outer loop
    vertex -31.3746049657271 234.4334262179356 0.5
    vertex -29.61836494084669 235.3282752060329 0.5
    vertex -30.75337202483862 235.5004885538497 0.5
  endloop
endfacet
facet normal 0 0 1
  outer loop
    vertex -32.76836494084669 233.039666242816 0.5
    vertex -31.3746049657271 234.4334262179356 0.5
    vertex -32.72519403760154 235.2345886029547 0.5
  endloop
endfacet
facet normal 0 -0 1
  outer loop
    vertex -39.16878888985821 233.1612193304165 0.5
    vertex -38.6263267337848 234.3379117493687 0.5
    vertex -40.58813300427818 234.0060970556687 0.5
  endloop
endfacet
facet normal -0 0 1
  outer loop
    vertex -41.02914195835586 233.5530867703232 0.5
    vertex -39.16878888985821 233.1612193304165 0.5
    vertex -40.58813300427818 234.0060970556687 0.5
  endloop
endfacet
facet normal 0 -1 0
  outer loop
    vertex 38.52185868043399 221.65 0.5
    vertex 39.25927544450305 221.65 0
    vertex 39.83427410797228 221.65 1.410588513466412
  endloop
endfacet
facet normal 0 -1 -0
  outer loop
    vertex 42.63538925901791 221.65 3.247823421479054
    vertex 41.74246209361925 221.65 1.534379865454424
    vertex 43.14495529785772 221.65 1.556440657386695
  endloop
endfacet
facet normal 0 -1 0
  outer loop
    vertex 38.52185868043399 221.65 2.5
    vertex 39.83427410797228 221.65 1.410588513466412
    vertex 40.90667167532101 221.65 2.993549420257032
  endloop
endfacet
facet normal 0 -1 0
  outer loop
    vertex 44.24342925578102 221.65 0.5
    vertex 44.24342925578102 221.65 2.5
    vertex 43.14495529785772 221.65 1.556440657386695
  endloop
endfacet
facet normal 0 -1 0
  outer loop
    vertex 38.52185868043399 221.65 2.5
    vertex 38.52185868043399 221.65 0.5
    vertex 39.83427410797228 221.65 1.410588513466412
  endloop
endfacet
facet normal 0 -1 0
  outer loop
    vertex 39.83427410797228 221.65 1.410588513466412
    vertex 41.74246209361925 221.65 1.534379865454424
    vertex 40.90667167532101 221.65 2.993549420257032
  endloop
endfacet
facet normal 0 -1 0
  outer loop
    vertex 41.05967103479621 221.65 0
    vertex 41.74246209361925 221.65 1.534379865454424
    vertex 39.83427410797228 221.65 1.410588513466412
  endloop
endfacet
facet normal -0 -1 0
  outer loop
    vertex 44.24342925578102 221.65 2.5
    vertex 42.63538925901791 221.65 3.247823421479054
    vertex 43.14495529785772 221.65 1.556440657386695
  endloop
endfacet
facet normal 0 -1 0
  outer loop
    vertex 38.52185868043399 221.65 2.5
    vertex 40.90667167532101 221.65 2.993549420257032
    vertex 39.86839235881818 221.65 4.144245560889487
  endloop
endfacet
facet normal 0 -1 0
  outer loop
    vertex 40.90667167532101 221.65 2.993549420257032
    vertex 41.74246209361925 221.65 1.534379865454424
    vertex 42.63538925901791 221.65 3.247823421479054
  endloop
endfacet
facet normal 0 -1 0
  outer loop
    vertex 38.52185868043399 221.65 4.5
    vertex 38.52185868043399 221.65 2.5
    vertex 39.86839235881818 221.65 4.144245560889487
  endloop
endfacet
facet normal 0 -1 0
  outer loop
    vertex 42.86006662508937 221.65 0
    vertex 44.24342925578102 221.65 0.5
    vertex 43.14495529785772 221.65 1.556440657386695
  endloop
endfacet
facet normal 0 -1 0
  outer loop
    vertex 41.05967103479621 221.65 0
    vertex 42.86006662508937 221.65 0
    vertex 41.74246209361925 221.65 1.534379865454424
  endloop
endfacet
facet normal -0 -1 0
  outer loop
    vertex 42.33623906399867 221.65 6.5
    vertex 40.42904887221633 221.65 6.5
    vertex 41.24378613934175 221.65 4.9000202481249
  endloop
endfacet
facet normal 0 -1 -0
  outer loop
    vertex 41.24378613934175 221.65 4.9000202481249
    vertex 40.90667167532101 221.65 2.993549420257032
    vertex 42.63538925901791 221.65 3.247823421479054
  endloop
endfacet
facet normal 0 -1 0
  outer loop
    vertex 44.24342925578102 221.65 2.5
    vertex 44.24342925578102 221.65 4.5
    vertex 42.63538925901791 221.65 3.247823421479054
  endloop
endfacet
facet normal 0 -1 0
  outer loop
    vertex 44.24342925578102 221.65 4.5
    vertex 44.24342925578101 221.65 6.5
    vertex 42.86416569986791 221.65 5.094084644047468
  endloop
endfacet
facet normal -0 -1 0
  outer loop
    vertex 44.24342925578101 221.65 6.5
    vertex 42.33623906399867 221.65 6.5
    vertex 42.86416569986791 221.65 5.094084644047468
  endloop
endfacet
facet normal 0 -1 0
  outer loop
    vertex 41.24378613934175 221.65 4.9000202481249
    vertex 40.42904887221633 221.65 6.5
    vertex 39.64797889769918 221.65 5.363466544144912
  endloop
endfacet
facet normal 0 -1 0
  outer loop
    vertex 41.74246209361925 221.65 1.534379865454424
    vertex 42.86006662508937 221.65 0
    vertex 43.14495529785772 221.65 1.556440657386695
  endloop
endfacet
facet normal 0 -1 0
  outer loop
    vertex 39.86839235881818 221.65 4.144245560889487
    vertex 41.24378613934175 221.65 4.9000202481249
    vertex 39.64797889769918 221.65 5.363466544144912
  endloop
endfacet
facet normal 0 -1 0
  outer loop
    vertex 38.52185868043399 221.65 6.5
    vertex 38.52185868043399 221.65 4.5
    vertex 39.64797889769918 221.65 5.363466544144912
  endloop
endfacet
facet normal 0 -1 0
  outer loop
    vertex 40.90667167532101 221.65 2.993549420257032
    vertex 41.24378613934175 221.65 4.9000202481249
    vertex 39.86839235881818 221.65 4.144245560889487
  endloop
endfacet
facet normal 0 -1 -0
  outer loop
    vertex 42.33623906399867 221.65 6.5
    vertex 41.24378613934175 221.65 4.9000202481249
    vertex 42.86416569986791 221.65 5.094084644047468
  endloop
endfacet
facet normal 0 -1 0
  outer loop
    vertex 41.24378613934175 221.65 4.9000202481249
    vertex 42.63538925901791 221.65 3.247823421479054
    vertex 42.86416569986791 221.65 5.094084644047468
  endloop
endfacet
facet normal -0 -1 0
  outer loop
    vertex 40.42904887221633 221.65 6.5
    vertex 38.52185868043399 221.65 6.5
    vertex 39.64797889769918 221.65 5.363466544144912
  endloop
endfacet
facet normal 0 -1 0
  outer loop
    vertex 42.63538925901791 221.65 3.247823421479054
    vertex 44.24342925578102 221.65 4.5
    vertex 42.86416569986791 221.65 5.094084644047468
  endloop
endfacet
facet normal 0 -1 0
  outer loop
    vertex 44.66046221538254 221.65 0
    vertex 44.66046221538253 221.65 0.5
    vertex 44.24342925578102 221.65 0.5
  endloop
endfacet
facet normal 0 -1 0
  outer loop
    vertex 38.52185868043399 221.65 4.5
    vertex 39.86839235881818 221.65 4.144245560889487
    vertex 39.64797889769918 221.65 5.363466544144912
  endloop
endfacet
facet normal 0 -1 0
  outer loop
    vertex 42.86006662508937 221.65 0
    vertex 44.66046221538254 221.65 0
    vertex 44.24342925578102 221.65 0.5
  endloop
endfacet
facet normal 0 -1 0
  outer loop
    vertex 37.45887985420988 221.65 0
    vertex 39.25927544450305 221.65 0
    vertex 38.52185868043399 221.65 0.5
  endloop
endfacet
facet normal 0 -1 0
  outer loop
    vertex 35.65848426391671 221.65 0.5
    vertex 35.65848426391671 221.65 0
    vertex 37.09017147217536 221.65 0.5
  endloop
endfacet
facet normal 0 -1 0
  outer loop
    vertex 35.65848426391671 221.65 0
    vertex 37.45887985420988 221.65 0
    vertex 37.09017147217536 221.65 0.5
  endloop
endfacet
facet normal 0 -1 0
  outer loop
    vertex 37.09017147217536 221.65 0.5
    vertex 37.45887985420988 221.65 0
    vertex 38.52185868043399 221.65 0.5
  endloop
endfacet
facet normal 0 -1 0
  outer loop
    vertex 39.25927544450305 221.65 0
    vertex 41.05967103479621 221.65 0
    vertex 39.83427410797228 221.65 1.410588513466412
  endloop
endfacet
facet normal 0.326101 0.945335 0
  outer loop
    vertex 42.54709065985079 233.6578590083852 0.5
    vertex 44.40859177973263 233.0157195157894 0.5
    vertex 42.54709065985079 233.6578590083852 0
  endloop
endfacet
facet normal 0.326101 0.945335 5.84107e-14
  outer loop
    vertex 42.54709065985079 233.6578590083852 0
    vertex 44.40859177973263 233.0157195157894 0.5
    vertex 44.40859177973264 233.0157195157895 0
  endloop
endfacet
facet normal 0.629264 -0.777192 8.79543e-15
  outer loop
    vertex 46.1908650181918 222.8891112978365 0
    vertex 44.66046221538253 221.65 0.5
    vertex 44.66046221538254 221.65 0
  endloop
endfacet
facet normal 0.629264 -0.777192 8.94238e-15
  outer loop
    vertex 46.19086501819179 222.8891112978365 0.5
    vertex 44.66046221538253 221.65 0.5
    vertex 46.1908650181918 222.8891112978365 0
  endloop
endfacet
facet normal 0.833118 -0.553095 1.17272e-14
  outer loop
    vertex 47.27998926025504 224.5296410697769 0
    vertex 46.19086501819179 222.8891112978365 0.5
    vertex 46.1908650181918 222.8891112978365 0
  endloop
endfacet
facet normal 0.960512 -0.278238 2.94657e-14
  outer loop
    vertex 47.82787964147163 226.4210283060251 0
    vertex 47.82787964147163 226.4210283060252 0.5
    vertex 47.27998926025504 224.5296410697769 0
  endloop
endfacet
facet normal 0.960512 -0.278238 0
  outer loop
    vertex 47.82787964147163 226.4210283060252 0.5
    vertex 47.27998926025504 224.5296410697769 0.5
    vertex 47.27998926025504 224.5296410697769 0
  endloop
endfacet
facet normal 0.833118 -0.553095 0
  outer loop
    vertex 47.27998926025504 224.5296410697769 0.5
    vertex 46.19086501819179 222.8891112978365 0.5
    vertex 47.27998926025504 224.5296410697769 0
  endloop
endfacet
facet normal 0.999755 0.0221551 1.29394e-14
  outer loop
    vertex 47.78425305789285 228.3896893404538 0
    vertex 47.82787964147163 226.4210283060252 0.5
    vertex 47.82787964147163 226.4210283060251 0
  endloop
endfacet
facet normal 0.947244 0.320515 1.34611e-14
  outer loop
    vertex 47.15311337619026 230.2549486386354 0.5
    vertex 47.78425305789285 228.3896893404538 0
    vertex 47.15311337619026 230.2549486386354 0
  endloop
endfacet
facet normal 0.947244 0.320515 1.35314e-14
  outer loop
    vertex 47.15311337619026 230.2549486386354 0.5
    vertex 47.78425305789285 228.3896893404538 0.5
    vertex 47.78425305789285 228.3896893404538 0
  endloop
endfacet
facet normal 0.999755 0.0221551 1.42074e-14
  outer loop
    vertex 47.78425305789285 228.3896893404538 0
    vertex 47.78425305789285 228.3896893404538 0.5
    vertex 47.82787964147163 226.4210283060252 0.5
  endloop
endfacet
facet normal 0.807798 0.589459 1.15017e-14
  outer loop
    vertex 45.99238397539955 231.845620448096 0
    vertex 47.15311337619026 230.2549486386354 0.5
    vertex 47.15311337619026 230.2549486386354 0
  endloop
endfacet
facet normal 0.594217 0.804305 8.56991e-15
  outer loop
    vertex 44.40859177973264 233.0157195157895 0
    vertex 45.99238397539954 231.845620448096 0.5
    vertex 45.99238397539955 231.845620448096 0
  endloop
endfacet
facet normal 0.807798 0.589459 1.14795e-14
  outer loop
    vertex 45.99238397539954 231.845620448096 0.5
    vertex 47.15311337619026 230.2549486386354 0.5
    vertex 45.99238397539955 231.845620448096 0
  endloop
endfacet
facet normal 0.594217 0.804305 5.41638e-14
  outer loop
    vertex 44.40859177973263 233.0157195157894 0.5
    vertex 45.99238397539954 231.845620448096 0.5
    vertex 44.40859177973264 233.0157195157895 0
  endloop
endfacet
facet normal 0.175023 0.984564 0
  outer loop
    vertex 42.54709065985079 233.6578590083852 0.5
    vertex 42.54709065985079 233.6578590083852 0
    vertex 40.58813300427821 234.0060970556687 0
  endloop
endfacet
facet normal -0.175023 0.984564 0
  outer loop
    vertex -40.58813300427818 234.0060970556687 0
    vertex -42.54709065985075 233.6578590083852 0
    vertex -42.54709065985075 233.6578590083852 0.5
  endloop
endfacet
facet normal 0.175023 0.984564 0
  outer loop
    vertex 42.54709065985079 233.6578590083852 0.5
    vertex 40.58813300427821 234.0060970556687 0
    vertex 40.58813300427821 234.0060970556687 0.5
  endloop
endfacet
facet normal -0.175023 0.984564 0
  outer loop
    vertex -40.58813300427818 234.0060970556687 0
    vertex -42.54709065985075 233.6578590083852 0.5
    vertex -40.58813300427818 234.0060970556687 0.5
  endloop
endfacet
facet normal 0.166769 0.985996 0
  outer loop
    vertex 40.58813300427821 234.0060970556687 0
    vertex 38.62632673378483 234.3379117493687 0
    vertex 38.62632673378483 234.3379117493687 0.5
  endloop
endfacet
facet normal 0.166769 0.985996 -0
  outer loop
    vertex 40.58813300427821 234.0060970556687 0
    vertex 38.62632673378483 234.3379117493687 0.5
    vertex 40.58813300427821 234.0060970556687 0.5
  endloop
endfacet
facet normal 0.158503 0.987359 0
  outer loop
    vertex 38.62632673378483 234.3379117493687 0.5
    vertex 38.62632673378483 234.3379117493687 0
    vertex 36.66180953468938 234.6532798015876 0
  endloop
endfacet
facet normal 0.150226 0.988652 0
  outer loop
    vertex 36.66180953468938 234.6532798015876 0
    vertex 34.69471928357277 234.9521790787097 0
    vertex 34.69471928357277 234.9521790787097 0.5
  endloop
endfacet
facet normal 0.158503 0.987359 0
  outer loop
    vertex 38.62632673378483 234.3379117493687 0.5
    vertex 36.66180953468938 234.6532798015876 0
    vertex 36.66180953468938 234.6532798015876 0.5
  endloop
endfacet
facet normal 0.150226 0.988652 -0
  outer loop
    vertex 36.66180953468938 234.6532798015876 0
    vertex 34.69471928357277 234.9521790787097 0.5
    vertex 36.66180953468938 234.6532798015876 0.5
  endloop
endfacet
facet normal 0.141938 0.989876 -0
  outer loop
    vertex 32.72519403760152 235.2345886029547 0
    vertex 32.72519403760152 235.2345886029547 0.5
    vertex 34.69471928357277 234.9521790787097 0
  endloop
endfacet
facet normal 0.141938 0.989876 0
  outer loop
    vertex 32.72519403760152 235.2345886029547 0.5
    vertex 34.69471928357277 234.9521790787097 0.5
    vertex 34.69471928357277 234.9521790787097 0
  endloop
endfacet
facet normal 0.13364 0.99103 0
  outer loop
    vertex 32.72519403760152 235.2345886029547 0
    vertex 30.75337202483865 235.5004885538497 0
    vertex 30.75337202483865 235.5004885538497 0.5
  endloop
endfacet
facet normal 0.13364 0.99103 0
  outer loop
    vertex 32.72519403760152 235.2345886029547 0.5
    vertex 32.72519403760152 235.2345886029547 0
    vertex 30.75337202483865 235.5004885538497 0.5
  endloop
endfacet
facet normal 0.125333 0.992115 -0
  outer loop
    vertex 30.75337202483865 235.5004885538497 0
    vertex 28.77939163454202 235.7498602696206 0
    vertex 30.75337202483865 235.5004885538497 0.5
  endloop
endfacet
facet normal 0.117017 0.99313 -0
  outer loop
    vertex 26.80339140745188 235.982686248502 0
    vertex 26.80339140745188 235.982686248502 0.5
    vertex 28.77939163454202 235.7498602696206 0
  endloop
endfacet
facet normal 0.125333 0.992115 0
  outer loop
    vertex 30.75337202483865 235.5004885538497 0.5
    vertex 28.77939163454202 235.7498602696206 0
    vertex 28.77939163454202 235.7498602696206 0.5
  endloop
endfacet
facet normal 0.117017 0.99313 0
  outer loop
    vertex 26.80339140745188 235.982686248502 0.5
    vertex 28.77939163454202 235.7498602696206 0.5
    vertex 28.77939163454202 235.7498602696206 0
  endloop
endfacet
facet normal 0.108693 0.994075 -0
  outer loop
    vertex 26.80339140745188 235.982686248502 0
    vertex 24.8255100260677 236.1989501499649 0
    vertex 26.80339140745188 235.982686248502 0.5
  endloop
endfacet
facet normal 0.100362 0.994951 0
  outer loop
    vertex 24.8255100260677 236.1989501499649 0
    vertex 22.84588630491469 236.3986367958642 0
    vertex 22.84588630491469 236.3986367958642 0.5
  endloop
endfacet
facet normal 0.108693 0.994075 0
  outer loop
    vertex 26.80339140745188 235.982686248502 0.5
    vertex 24.8255100260677 236.1989501499649 0
    vertex 24.8255100260677 236.1989501499649 0.5
  endloop
endfacet
facet normal 0.100362 0.994951 0
  outer loop
    vertex 24.8255100260677 236.1989501499649 0.5
    vertex 24.8255100260677 236.1989501499649 0
    vertex 22.84588630491469 236.3986367958642 0.5
  endloop
endfacet
facet normal 0.092023 0.995757 -0
  outer loop
    vertex 22.84588630491469 236.3986367958642 0
    vertex 20.86465918080149 236.5817321715035 0
    vertex 22.84588630491469 236.3986367958642 0.5
  endloop
endfacet
facet normal 0.0836778 0.996493 -0
  outer loop
    vertex 18.88196770306919 236.7482234266189 0
    vertex 18.88196770306919 236.7482234266189 0.5
    vertex 20.86465918080149 236.5817321715035 0
  endloop
endfacet
facet normal 0.092023 0.995757 0
  outer loop
    vertex 22.84588630491469 236.3986367958642 0.5
    vertex 20.86465918080149 236.5817321715035 0
    vertex 20.86465918080149 236.5817321715035 0.5
  endloop
endfacet
facet normal 0.0836778 0.996493 0
  outer loop
    vertex 18.88196770306919 236.7482234266189 0.5
    vertex 20.86465918080149 236.5817321715035 0.5
    vertex 20.86465918080149 236.5817321715035 0
  endloop
endfacet
facet normal 0.0753268 0.997159 0
  outer loop
    vertex 18.88196770306919 236.7482234266189 0
    vertex 16.89795102383215 236.8980988762809 0
    vertex 16.89795102383215 236.8980988762809 0.5
  endloop
endfacet
facet normal 0.0753268 0.997159 0
  outer loop
    vertex 18.88196770306919 236.7482234266189 0.5
    vertex 18.88196770306919 236.7482234266189 0
    vertex 16.89795102383215 236.8980988762809 0.5
  endloop
endfacet
facet normal 0.0669705 0.997755 0
  outer loop
    vertex 16.89795102383215 236.8980988762809 0
    vertex 14.91274838821191 237.0313480017145 0
    vertex 14.91274838821191 237.0313480017145 0.5
  endloop
endfacet
facet normal 0.0669705 0.997755 0
  outer loop
    vertex 16.89795102383215 236.8980988762809 0.5
    vertex 16.89795102383215 236.8980988762809 0
    vertex 14.91274838821191 237.0313480017145 0.5
  endloop
endfacet
facet normal 0.0586095 0.998281 -0
  outer loop
    vertex 12.92649912456466 237.1479614510372 0
    vertex 12.92649912456466 237.1479614510372 0.5
    vertex 14.91274838821191 237.0313480017145 0
  endloop
endfacet
facet normal 0.0586095 0.998281 0
  outer loop
    vertex 12.92649912456466 237.1479614510372 0.5
    vertex 14.91274838821191 237.0313480017145 0.5
    vertex 14.91274838821191 237.0313480017145 0
  endloop
endfacet
facet normal 0.0502443 0.998737 0
  outer loop
    vertex 12.92649912456466 237.1479614510372 0.5
    vertex 12.92649912456466 237.1479614510372 0
    vertex 10.93934263470242 237.2479310399157 0
  endloop
endfacet
facet normal 0.0418757 0.999123 -0
  outer loop
    vertex 8.951418384109436 237.3312497521399 0
    vertex 8.951418384109436 237.3312497521399 0.5
    vertex 10.93934263470242 237.2479310399157 0
  endloop
endfacet
facet normal 0.0502443 0.998737 0
  outer loop
    vertex 12.92649912456466 237.1479614510372 0.5
    vertex 10.93934263470242 237.2479310399157 0
    vertex 10.93934263470242 237.2479310399157 0.5
  endloop
endfacet
facet normal 0.0418757 0.999123 0
  outer loop
    vertex 8.951418384109436 237.3312497521399 0.5
    vertex 10.93934263470242 237.2479310399157 0.5
    vertex 10.93934263470242 237.2479310399157 0
  endloop
endfacet
facet normal 0.0335041 0.999439 0
  outer loop
    vertex 8.951418384109436 237.3312497521399 0
    vertex 6.962865892154232 237.3979117401159 0
    vertex 6.962865892154232 237.3979117401159 0.5
  endloop
endfacet
facet normal 0.0335041 0.999439 -0
  outer loop
    vertex 8.951418384109436 237.3312497521399 0
    vertex 6.962865892154232 237.3979117401159 0.5
    vertex 8.951418384109436 237.3312497521399 0.5
  endloop
endfacet
facet normal 0.0251301 0.999684 0
  outer loop
    vertex 4.973824722297246 237.4479123252758 0
    vertex 6.962865892154232 237.3979117401159 0.5
    vertex 6.962865892154232 237.3979117401159 0
  endloop
endfacet
facet normal 0.0167544 0.99986 -0
  outer loop
    vertex 2.984434472296231 237.4812479984063 0
    vertex 2.984434472296231 237.4812479984063 0.5
    vertex 4.973824722297246 237.4479123252758 0
  endloop
endfacet
facet normal 0.0251301 0.999684 -0
  outer loop
    vertex 4.973824722297246 237.4479123252758 0
    vertex 4.973824722297246 237.4479123252758 0.5
    vertex 6.962865892154232 237.3979117401159 0.5
  endloop
endfacet
facet normal 0.0167544 0.99986 0
  outer loop
    vertex 2.984434472296231 237.4812479984063 0.5
    vertex 4.973824722297246 237.4479123252758 0.5
    vertex 4.973824722297246 237.4479123252758 0
  endloop
endfacet
facet normal 0.00837748 0.999965 0
  outer loop
    vertex 2.984434472296231 237.4812479984063 0
    vertex 0.9948347644084272 237.4979164198952 0
    vertex 0.9948347644084272 237.4979164198952 0.5
  endloop
endfacet
facet normal 0.00837748 0.999965 0
  outer loop
    vertex 2.984434472296231 237.4812479984063 0.5
    vertex 2.984434472296231 237.4812479984063 0
    vertex 0.9948347644084272 237.4979164198952 0.5
  endloop
endfacet
facet normal 0 1 0
  outer loop
    vertex -0.9948347644083979 237.4979164198952 0
    vertex 0.9948347644084272 237.4979164198952 0.5
    vertex 0.9948347644084272 237.4979164198952 0
  endloop
endfacet
facet normal -0.00837748 0.999965 0
  outer loop
    vertex -0.9948347644083979 237.4979164198952 0.5
    vertex -0.9948347644083979 237.4979164198952 0
    vertex -2.984434472296255 237.4812479984063 0
  endloop
endfacet
facet normal 0 1 0
  outer loop
    vertex -0.9948347644083979 237.4979164198952 0
    vertex -0.9948347644083979 237.4979164198952 0.5
    vertex 0.9948347644084272 237.4979164198952 0.5
  endloop
endfacet
facet normal -0.0167544 0.99986 0
  outer loop
    vertex -2.984434472296255 237.4812479984063 0
    vertex -4.97382472229727 237.4479123252758 0
    vertex -2.984434472296255 237.4812479984063 0.5
  endloop
endfacet
facet normal -0.00837748 0.999965 0
  outer loop
    vertex -0.9948347644083979 237.4979164198952 0.5
    vertex -2.984434472296255 237.4812479984063 0
    vertex -2.984434472296255 237.4812479984063 0.5
  endloop
endfacet
facet normal -0.0251301 0.999684 0
  outer loop
    vertex -4.97382472229727 237.4479123252758 0
    vertex -6.962865892154256 237.3979117401159 0
    vertex -6.962865892154256 237.3979117401159 0.5
  endloop
endfacet
facet normal -0.0167544 0.99986 0
  outer loop
    vertex -2.984434472296255 237.4812479984063 0.5
    vertex -4.97382472229727 237.4479123252758 0
    vertex -4.97382472229727 237.4479123252758 0.5
  endloop
endfacet
facet normal -0.0251301 0.999684 0
  outer loop
    vertex -4.97382472229727 237.4479123252758 0
    vertex -6.962865892154256 237.3979117401159 0.5
    vertex -4.97382472229727 237.4479123252758 0.5
  endloop
endfacet
facet normal -0.0335041 0.999439 0
  outer loop
    vertex -8.951418384109461 237.3312497521399 0
    vertex -8.951418384109461 237.3312497521399 0.5
    vertex -6.962865892154256 237.3979117401159 0
  endloop
endfacet
facet normal -0.0335041 0.999439 0
  outer loop
    vertex -8.951418384109461 237.3312497521399 0.5
    vertex -6.962865892154256 237.3979117401159 0.5
    vertex -6.962865892154256 237.3979117401159 0
  endloop
endfacet
facet normal -0.0418757 0.999123 0
  outer loop
    vertex -8.951418384109461 237.3312497521399 0
    vertex -10.93934263470239 237.2479310399157 0
    vertex -10.93934263470239 237.2479310399157 0.5
  endloop
endfacet
facet normal -0.0418757 0.999123 0
  outer loop
    vertex -8.951418384109461 237.3312497521399 0
    vertex -10.93934263470239 237.2479310399157 0.5
    vertex -8.951418384109461 237.3312497521399 0.5
  endloop
endfacet
facet normal -0.0502443 0.998737 0
  outer loop
    vertex -12.92649912456463 237.1479614510372 0
    vertex -12.92649912456463 237.1479614510372 0.5
    vertex -10.93934263470239 237.2479310399157 0
  endloop
endfacet
facet normal -0.0502443 0.998737 0
  outer loop
    vertex -12.92649912456463 237.1479614510372 0.5
    vertex -10.93934263470239 237.2479310399157 0.5
    vertex -10.93934263470239 237.2479310399157 0
  endloop
endfacet
facet normal -0.0586095 0.998281 0
  outer loop
    vertex -12.92649912456463 237.1479614510372 0.5
    vertex -12.92649912456463 237.1479614510372 0
    vertex -14.91274838821193 237.0313480017145 0
  endloop
endfacet
facet normal -0.0669705 0.997755 0
  outer loop
    vertex -14.91274838821193 237.0313480017145 0
    vertex -16.89795102383212 236.8980988762809 0
    vertex -16.89795102383212 236.8980988762809 0.5
  endloop
endfacet
facet normal -0.0586095 0.998281 0
  outer loop
    vertex -12.92649912456463 237.1479614510372 0.5
    vertex -14.91274838821193 237.0313480017145 0
    vertex -14.91274838821193 237.0313480017145 0.5
  endloop
endfacet
facet normal -0.0669705 0.997755 0
  outer loop
    vertex -14.91274838821193 237.0313480017145 0
    vertex -16.89795102383212 236.8980988762809 0.5
    vertex -14.91274838821193 237.0313480017145 0.5
  endloop
endfacet
facet normal -0.0753268 0.997159 0
  outer loop
    vertex -16.89795102383212 236.8980988762809 0.5
    vertex -16.89795102383212 236.8980988762809 0
    vertex -18.88196770306917 236.7482234266189 0
  endloop
endfacet
facet normal -0.0836778 0.996493 0
  outer loop
    vertex -20.86465918080146 236.5817321715035 0
    vertex -20.86465918080146 236.5817321715035 0.5
    vertex -18.88196770306917 236.7482234266189 0
  endloop
endfacet
facet normal -0.0753268 0.997159 0
  outer loop
    vertex -16.89795102383212 236.8980988762809 0.5
    vertex -18.88196770306917 236.7482234266189 0
    vertex -18.88196770306917 236.7482234266189 0.5
  endloop
endfacet
facet normal -0.0836778 0.996493 0
  outer loop
    vertex -20.86465918080146 236.5817321715035 0.5
    vertex -18.88196770306917 236.7482234266189 0.5
    vertex -18.88196770306917 236.7482234266189 0
  endloop
endfacet
facet normal -0.092023 0.995757 0
  outer loop
    vertex -22.84588630491466 236.3986367958642 0
    vertex -20.86465918080146 236.5817321715035 0.5
    vertex -20.86465918080146 236.5817321715035 0
  endloop
endfacet
facet normal -0.100362 0.994951 0
  outer loop
    vertex -24.82551002606766 236.1989501499649 0
    vertex -24.82551002606766 236.1989501499649 0.5
    vertex -22.84588630491466 236.3986367958642 0
  endloop
endfacet
facet normal -0.092023 0.995757 0
  outer loop
    vertex -22.84588630491466 236.3986367958642 0
    vertex -22.84588630491466 236.3986367958642 0.5
    vertex -20.86465918080146 236.5817321715035 0.5
  endloop
endfacet
facet normal -0.100362 0.994951 0
  outer loop
    vertex -24.82551002606766 236.1989501499649 0.5
    vertex -22.84588630491466 236.3986367958642 0.5
    vertex -22.84588630491466 236.3986367958642 0
  endloop
endfacet
facet normal -0.108693 0.994075 0
  outer loop
    vertex -24.82551002606766 236.1989501499649 0.5
    vertex -24.82551002606766 236.1989501499649 0
    vertex -26.8033914074519 235.982686248502 0
  endloop
endfacet
facet normal -0.117017 0.99313 0
  outer loop
    vertex -26.8033914074519 235.982686248502 0
    vertex -28.779391634542 235.7498602696206 0
    vertex -28.779391634542 235.7498602696206 0.5
  endloop
endfacet
facet normal -0.108693 0.994075 0
  outer loop
    vertex -24.82551002606766 236.1989501499649 0.5
    vertex -26.8033914074519 235.982686248502 0
    vertex -26.8033914074519 235.982686248502 0.5
  endloop
endfacet
facet normal -0.117017 0.99313 0
  outer loop
    vertex -26.8033914074519 235.982686248502 0.5
    vertex -26.8033914074519 235.982686248502 0
    vertex -28.779391634542 235.7498602696206 0.5
  endloop
endfacet
facet normal -0.125333 0.992115 0
  outer loop
    vertex -30.75337202483862 235.5004885538497 0
    vertex -30.75337202483862 235.5004885538497 0.5
    vertex -28.779391634542 235.7498602696206 0
  endloop
endfacet
facet normal -0.125333 0.992115 0
  outer loop
    vertex -30.75337202483862 235.5004885538497 0.5
    vertex -28.779391634542 235.7498602696206 0.5
    vertex -28.779391634542 235.7498602696206 0
  endloop
endfacet
facet normal -0.13364 0.99103 0
  outer loop
    vertex -30.75337202483862 235.5004885538497 0
    vertex -32.72519403760154 235.2345886029547 0
    vertex -30.75337202483862 235.5004885538497 0.5
  endloop
endfacet
facet normal -0.141938 0.989876 0
  outer loop
    vertex -34.69471928357274 234.9521790787097 0
    vertex -32.72519403760154 235.2345886029547 0.5
    vertex -32.72519403760154 235.2345886029547 0
  endloop
endfacet
facet normal -0.13364 0.99103 0
  outer loop
    vertex -30.75337202483862 235.5004885538497 0.5
    vertex -32.72519403760154 235.2345886029547 0
    vertex -32.72519403760154 235.2345886029547 0.5
  endloop
endfacet
facet normal -0.150226 0.988652 0
  outer loop
    vertex -34.69471928357274 234.9521790787097 0
    vertex -36.66180953468935 234.6532798015876 0
    vertex -34.69471928357274 234.9521790787097 0.5
  endloop
endfacet
facet normal -0.141938 0.989876 0
  outer loop
    vertex -34.69471928357274 234.9521790787097 0
    vertex -34.69471928357274 234.9521790787097 0.5
    vertex -32.72519403760154 235.2345886029547 0.5
  endloop
endfacet
facet normal -0.158503 0.987359 0
  outer loop
    vertex -36.66180953468935 234.6532798015876 0.5
    vertex -36.66180953468935 234.6532798015876 0
    vertex -38.6263267337848 234.3379117493687 0
  endloop
endfacet
facet normal -0.150226 0.988652 0
  outer loop
    vertex -34.69471928357274 234.9521790787097 0.5
    vertex -36.66180953468935 234.6532798015876 0
    vertex -36.66180953468935 234.6532798015876 0.5
  endloop
endfacet
facet normal -0.166769 0.985996 0
  outer loop
    vertex -38.6263267337848 234.3379117493687 0.5
    vertex -38.6263267337848 234.3379117493687 0
    vertex -40.58813300427818 234.0060970556687 0
  endloop
endfacet
facet normal -0.158503 0.987359 0
  outer loop
    vertex -36.66180953468935 234.6532798015876 0.5
    vertex -38.6263267337848 234.3379117493687 0
    vertex -38.6263267337848 234.3379117493687 0.5
  endloop
endfacet
facet normal -0.166769 0.985996 0
  outer loop
    vertex -38.6263267337848 234.3379117493687 0.5
    vertex -40.58813300427818 234.0060970556687 0
    vertex -40.58813300427818 234.0060970556687 0.5
  endloop
endfacet
facet normal -0.326101 0.945335 0
  outer loop
    vertex -44.4085917797326 233.0157195157895 0
    vertex -42.54709065985075 233.6578590083852 0.5
    vertex -42.54709065985075 233.6578590083852 0
  endloop
endfacet
facet normal -0.629264 -0.777192 1.78848e-14
  outer loop
    vertex -44.66046221538249 221.65 0.5
    vertex -46.19086501819177 222.8891112978365 0
    vertex -44.6604622153825 221.65 0
  endloop
endfacet
facet normal -0.629264 -0.777192 2.66118e-14
  outer loop
    vertex -44.66046221538249 221.65 0.5
    vertex -46.19086501819175 222.8891112978365 0.5
    vertex -46.19086501819177 222.8891112978365 0
  endloop
endfacet
facet normal -0.326101 0.945335 4.91019e-14
  outer loop
    vertex -44.4085917797326 233.0157195157895 0
    vertex -44.4085917797326 233.0157195157894 0.5
    vertex -42.54709065985075 233.6578590083852 0.5
  endloop
endfacet
facet normal -0.594217 0.804305 -8.44433e-15
  outer loop
    vertex -45.99238397539951 231.845620448096 0
    vertex -45.99238397539951 231.845620448096 0.5
    vertex -44.4085917797326 233.0157195157895 0
  endloop
endfacet
facet normal -0.594217 0.804305 3.72115e-14
  outer loop
    vertex -45.99238397539951 231.845620448096 0.5
    vertex -44.4085917797326 233.0157195157894 0.5
    vertex -44.4085917797326 233.0157195157895 0
  endloop
endfacet
facet normal -0.807798 0.589459 2.20273e-14
  outer loop
    vertex -47.15311337619023 230.2549486386354 0.5
    vertex -45.99238397539951 231.845620448096 0
    vertex -47.15311337619022 230.2549486386354 0
  endloop
endfacet
facet normal -0.807798 0.589459 -1.15017e-14
  outer loop
    vertex -47.15311337619023 230.2549486386354 0.5
    vertex -45.99238397539951 231.845620448096 0.5
    vertex -45.99238397539951 231.845620448096 0
  endloop
endfacet
facet normal -0.947244 0.320515 4.736e-15
  outer loop
    vertex -47.78425305789282 228.3896893404538 0
    vertex -47.15311337619023 230.2549486386354 0.5
    vertex -47.15311337619022 230.2549486386354 0
  endloop
endfacet
facet normal -0.999755 0.0221551 1.54667e-14
  outer loop
    vertex -47.82787964147159 226.4210283060251 0.5
    vertex -47.78425305789282 228.3896893404538 0
    vertex -47.8278796414716 226.4210283060252 0
  endloop
endfacet
facet normal -0.999755 0.0221551 1.4208e-14
  outer loop
    vertex -47.82787964147159 226.4210283060251 0.5
    vertex -47.78425305789281 228.3896893404538 0.5
    vertex -47.78425305789282 228.3896893404538 0
  endloop
endfacet
facet normal -0.947244 0.320515 1.34611e-14
  outer loop
    vertex -47.78425305789282 228.3896893404538 0
    vertex -47.78425305789281 228.3896893404538 0.5
    vertex -47.15311337619023 230.2549486386354 0.5
  endloop
endfacet
facet normal -0.960512 -0.278238 -2.02972e-15
  outer loop
    vertex -47.27998926025501 224.5296410697769 0
    vertex -47.82787964147159 226.4210283060251 0.5
    vertex -47.8278796414716 226.4210283060252 0
  endloop
endfacet
facet normal -0.833118 -0.553095 3.5518e-14
  outer loop
    vertex -46.19086501819177 222.8891112978365 0
    vertex -46.19086501819175 222.8891112978365 0.5
    vertex -47.27998926025501 224.5296410697769 0
  endloop
endfacet
facet normal -0.833118 -0.553095 -7.66781e-15
  outer loop
    vertex -46.19086501819175 222.8891112978365 0.5
    vertex -47.27998926025499 224.5296410697769 0.5
    vertex -47.27998926025501 224.5296410697769 0
  endloop
endfacet
facet normal -0.960512 -0.278238 1.14834e-14
  outer loop
    vertex -47.27998926025501 224.5296410697769 0
    vertex -47.27998926025499 224.5296410697769 0.5
    vertex -47.82787964147159 226.4210283060251 0.5
  endloop
endfacet
facet normal 0.990507 -0.137464 0
  outer loop
    vertex -35.08264396810747 227.2630123407873 2.5
    vertex -35.08264396810747 227.2630123407873 4.5
    vertex -35.32073920620271 225.5474043851062 3.5
  endloop
endfacet
facet normal 0.759612 -0.649097 -0.0407675
  outer loop
    vertex -36.43060479997342 223.3684895102898 5.033079575822259
    vertex -37.24329275382065 222.5137206541479 3.5
    vertex -36.04607311624655 223.9147274749092 3.500817254708301
  endloop
endfacet
facet normal 0.759628 -0.649157 0.0394924
  outer loop
    vertex -37.24329275382065 222.5137206541479 3.5
    vertex -36.40712659477343 223.3985295982135 1.960589702818833
    vertex -36.04607311624655 223.9147274749092 3.500817254708301
  endloop
endfacet
facet normal 0.772451 -0.633842 0.0395399
  outer loop
    vertex -36.01082177669313 223.971580077497 6.5
    vertex -37.10580050706741 222.6371491770352 6.5
    vertex -36.43060479997342 223.3684895102898 5.033079575822259
  endloop
endfacet
facet normal 0.915467 -0.400386 -0.0401395
  outer loop
    vertex -36.01082177669312 223.971580077497 0.5
    vertex -35.31912684493916 225.5531117305047 0.5
    vertex -35.65273513917557 224.6442063510034 1.957567093539371
  endloop
endfacet
facet normal 0.915476 -0.40039 0.0398861
  outer loop
    vertex -35.31912684493917 225.5531117305047 6.5
    vertex -36.01082177669313 223.971580077497 6.5
    vertex -35.669463433548 224.6079100490609 5.052756107150106
  endloop
endfacet
facet normal 0.851991 -0.522758 -0.0288911
  outer loop
    vertex -36.01082177669313 223.971580077497 6.5
    vertex -36.43060479997342 223.3684895102898 5.033079575822259
    vertex -35.669463433548 224.6079100490609 5.052756107150106
  endloop
endfacet
facet normal 0.772465 -0.633853 -0.0390925
  outer loop
    vertex -37.10580050706741 222.6371491770352 0.5
    vertex -36.01082177669312 223.971580077497 0.5
    vertex -36.40712659477343 223.3985295982135 1.960589702818833
  endloop
endfacet
facet normal 0.559779 -0.828642 0
  outer loop
    vertex -38.52185868043395 221.65 4.5
    vertex -38.52185868043395 221.65 2.5
    vertex -37.24329275382065 222.5137206541479 3.5
  endloop
endfacet
facet normal 0.855044 -0.517751 0.0288654
  outer loop
    vertex -36.40712659477343 223.3985295982135 1.960589702818833
    vertex -36.01082177669312 223.971580077497 0.5
    vertex -35.65273513917557 224.6442063510034 1.957567093539371
  endloop
endfacet
facet normal 0.851637 -0.52343 0.0271259
  outer loop
    vertex -35.669463433548 224.6079100490609 5.052756107150106
    vertex -36.43060479997342 223.3684895102898 5.033079575822259
    vertex -36.04607311624655 223.9147274749092 3.500817254708301
  endloop
endfacet
facet normal 0.855032 -0.517879 -0.0268688
  outer loop
    vertex -36.40712659477343 223.3985295982135 1.960589702818833
    vertex -35.65273513917557 224.6442063510034 1.957567093539371
    vertex -36.04607311624655 223.9147274749092 3.500817254708301
  endloop
endfacet
facet normal 0.994291 -0.106705 0
  outer loop
    vertex -35.08264396810747 227.2630123407873 4.5
    vertex -35.08264396810747 227.2630123407873 6.5
    vertex -35.22610758425928 225.9262027977508 5.16635610110366
  endloop
endfacet
facet normal 0.545317 -0.83823 1.93735e-15
  outer loop
    vertex -38.52185868043396 221.65 6.5
    vertex -38.52185868043395 221.65 4.5
    vertex -37.41058012124373 222.372950092059 5.18189862046995
  endloop
endfacet
facet normal 0.994425 -0.105448 0
  outer loop
    vertex -35.08264396810747 227.2630123407873 0.5
    vertex -35.08264396810747 227.2630123407873 2.5
    vertex -35.22274785301849 225.9417705569674 1.818107712124417
  endloop
endfacet
facet normal 0.546315 -0.83758 0
  outer loop
    vertex -38.52185868043395 221.65 2.5
    vertex -38.52185868043395 221.65 0.5
    vertex -37.39893748504743 222.3824301360882 1.834163188399302
  endloop
endfacet
facet normal 0.913113 -0.40564 0.0409892
  outer loop
    vertex -35.65273513917557 224.6442063510034 1.957567093539371
    vertex -35.32073920620271 225.5474043851062 3.5
    vertex -36.04607311624655 223.9147274749092 3.500817254708301
  endloop
endfacet
facet normal 0.913121 -0.405684 -0.0403864
  outer loop
    vertex -35.32073920620271 225.5474043851062 3.5
    vertex -35.669463433548 224.6079100490609 5.052756107150106
    vertex -36.04607311624655 223.9147274749092 3.500817254708301
  endloop
endfacet
facet normal 0.990103 -0.136933 0.0307504
  outer loop
    vertex -35.08264396810747 227.2630123407873 6.5
    vertex -35.31912684493917 225.5531117305047 6.5
    vertex -35.22610758425928 225.9262027977508 5.16635610110366
  endloop
endfacet
facet normal 0.571596 -0.819951 -0.0309565
  outer loop
    vertex -38.52185868043395 221.65 0.5
    vertex -37.10580050706741 222.6371491770352 0.5
    vertex -37.39893748504743 222.3824301360882 1.834163188399302
  endloop
endfacet
facet normal 0.571574 -0.819919 0.0321809
  outer loop
    vertex -37.10580050706741 222.6371491770352 6.5
    vertex -38.52185868043396 221.65 6.5
    vertex -37.41058012124373 222.372950092059 5.18189862046995
  endloop
endfacet
facet normal 0.990063 -0.136928 -0.0320179
  outer loop
    vertex -35.31912684493916 225.5531117305047 0.5
    vertex -35.08264396810747 227.2630123407873 0.5
    vertex -35.22274785301849 225.9417705569674 1.818107712124417
  endloop
endfacet
facet normal 0.992276 -0.120478 0.0295631
  outer loop
    vertex -35.08264396810747 227.2630123407873 2.5
    vertex -35.32073920620271 225.5474043851062 3.5
    vertex -35.22274785301849 225.9417705569674 1.818107712124417
  endloop
endfacet
facet normal 0.992248 -0.120877 -0.0288713
  outer loop
    vertex -35.32073920620271 225.5474043851062 3.5
    vertex -35.08264396810747 227.2630123407873 4.5
    vertex -35.22610758425928 225.9262027977508 5.16635610110366
  endloop
endfacet
facet normal 0.713523 -0.700523 0.0123374
  outer loop
    vertex -37.24329275382065 222.5137206541479 3.5
    vertex -36.43060479997342 223.3684895102898 5.033079575822259
    vertex -37.41058012124373 222.372950092059 5.18189862046995
  endloop
endfacet
facet normal 0.948459 -0.316334 -0.0189135
  outer loop
    vertex -35.32073920620271 225.5474043851062 3.5
    vertex -35.65273513917557 224.6442063510034 1.957567093539371
    vertex -35.22274785301849 225.9417705569674 1.818107712124417
  endloop
endfacet
facet normal 0.716299 -0.697691 -0.0119387
  outer loop
    vertex -36.40712659477343 223.3985295982135 1.960589702818833
    vertex -37.24329275382065 222.5137206541479 3.5
    vertex -37.39893748504743 222.3824301360882 1.834163188399302
  endloop
endfacet
facet normal 0.947167 -0.320179 0.0189944
  outer loop
    vertex -35.669463433548 224.6079100490609 5.052756107150106
    vertex -35.32073920620271 225.5474043851062 3.5
    vertex -35.22610758425928 225.9262027977508 5.16635610110366
  endloop
endfacet
facet normal 0.551675 -0.833926 -0.0149259
  outer loop
    vertex -38.52185868043395 221.65 4.5
    vertex -37.24329275382065 222.5137206541479 3.5
    vertex -37.41058012124373 222.372950092059 5.18189862046995
  endloop
endfacet
facet normal 0.552119 -0.833646 0.0141162
  outer loop
    vertex -37.24329275382065 222.5137206541479 3.5
    vertex -38.52185868043395 221.65 2.5
    vertex -37.39893748504743 222.3824301360882 1.834163188399302
  endloop
endfacet
facet normal 0.710709 -0.703097 -0.0234064
  outer loop
    vertex -36.43060479997342 223.3684895102898 5.033079575822259
    vertex -37.10580050706741 222.6371491770352 6.5
    vertex -37.41058012124373 222.372950092059 5.18189862046995
  endloop
endfacet
facet normal 0.948178 -0.316941 -0.0225315
  outer loop
    vertex -35.31912684493917 225.5531117305047 6.5
    vertex -35.669463433548 224.6079100490609 5.052756107150106
    vertex -35.22610758425928 225.9262027977508 5.16635610110366
  endloop
endfacet
facet normal 0.949719 -0.312285 0.0226381
  outer loop
    vertex -35.65273513917557 224.6442063510034 1.957567093539371
    vertex -35.31912684493916 225.5531117305047 0.5
    vertex -35.22274785301849 225.9417705569674 1.818107712124417
  endloop
endfacet
facet normal 0.713966 -0.699794 0.0232647
  outer loop
    vertex -37.10580050706741 222.6371491770352 0.5
    vertex -36.40712659477343 223.3985295982135 1.960589702818833
    vertex -37.39893748504743 222.3824301360882 1.834163188399302
  endloop
endfacet
facet normal 0 0 1
  outer loop
    vertex -42.25104579306792 224.5837409449229 6.5
    vertex -44.1268298239461 225.5406520763116 6.5
    vertex -44.03131399517791 223.609542069696 6.5
  endloop
endfacet
facet normal 0 0 1
  outer loop
    vertex -43.46785317434693 227.4855871563742 6.5
    vertex -45.15320817640032 227.62417296538 6.5
    vertex -44.1268298239461 225.5406520763116 6.5
  endloop
endfacet
facet normal 0 0 1
  outer loop
    vertex -44.1268298239461 225.5406520763116 6.5
    vertex -45.15320817640032 227.62417296538 6.5
    vertex -45.87611560714749 225.7523979075007 6.5
  endloop
endfacet
facet normal -0 0 1
  outer loop
    vertex -44.03131399517791 223.609542069696 6.5
    vertex -42.75729259541373 222.9942121403271 6.5
    vertex -42.25104579306792 224.5837409449229 6.5
  endloop
endfacet
facet normal 0 0 1
  outer loop
    vertex -42.51106194609139 226.2655297424166 6.5
    vertex -44.1268298239461 225.5406520763116 6.5
    vertex -42.25104579306792 224.5837409449229 6.5
  endloop
endfacet
facet normal 0 0 1
  outer loop
    vertex -44.63434666151247 231.1142842518365 6.5
    vertex -44.10042945857279 229.1355106631236 6.5
    vertex -43.08626413588519 230.5562172996625 6.5
  endloop
endfacet
facet normal 0 0 1
  outer loop
    vertex -43.46785317434693 227.4855871563742 6.5
    vertex -44.1268298239461 225.5406520763116 6.5
    vertex -42.51106194609139 226.2655297424166 6.5
  endloop
endfacet
facet normal -0 0 1
  outer loop
    vertex -45.48791012173378 229.6188608516668 6.5
    vertex -44.10042945857279 229.1355106631236 6.5
    vertex -44.63434666151247 231.1142842518365 6.5
  endloop
endfacet
facet normal 0 0 1
  outer loop
    vertex -43.08626413588519 230.5562172996625 6.5
    vertex -44.10042945857279 229.1355106631236 6.5
    vertex -42.57828611358887 229.0486324387645 6.5
  endloop
endfacet
facet normal -0 0 1
  outer loop
    vertex -40.02428887823398 227.7166777498065 6.5
    vertex -39.15245349641096 226.2028096251549 6.5
    vertex -38.25921541201794 227.783667523884 6.5
  endloop
endfacet
facet normal 0 0 1
  outer loop
    vertex -40.90235214877507 226.1217197624274 6.5
    vertex -39.15245349641096 226.2028096251549 6.5
    vertex -40.02428887823398 227.7166777498065 6.5
  endloop
endfacet
facet normal 0 0 1
  outer loop
    vertex -36.20397198617183 230.8506796196072 6.5
    vertex -37.26613336850265 229.2738832383922 6.5
    vertex -35.36950695460966 229.1424226889824 6.5
  endloop
endfacet
facet normal 0 0 1
  outer loop
    vertex -40.4290488722163 221.65 6.5
    vertex -41.38264396810747 223.301675155932 6.5
    vertex -42.33623906399863 221.65 6.5
  endloop
endfacet
facet normal 0 0 1
  outer loop
    vertex -39.1687888898582 233.1612193304165 6.5
    vertex -39.12320721436611 231.2935874835448 6.5
    vertex -37.51004632276679 232.232216248588 6.5
  endloop
endfacet
facet normal 0 -0 1
  outer loop
    vertex -44.24342925578098 221.65 6.5
    vertex -44.03131399517791 223.609542069696 6.5
    vertex -45.78763561553635 222.7590087233285 6.5
  endloop
endfacet
facet normal -0 0 1
  outer loop
    vertex -47.14733583257037 229.8043363476379 6.5
    vertex -45.48791012173378 229.6188608516668 6.5
    vertex -46.12672196572967 231.4083378952495 6.5
  endloop
endfacet
facet normal 0 -0 1
  outer loop
    vertex -46.93068989291118 224.2781863129812 6.5
    vertex -45.87611560714749 225.7523979075007 6.5
    vertex -47.56849686132075 226.0691848894675 6.5
  endloop
endfacet
facet normal -0 0 1
  outer loop
    vertex -42.92168761169536 233.3721321352529 6.5
    vertex -41.87741080095467 231.868679899745 6.5
    vertex -41.02914195835584 233.5530867703232 6.5
  endloop
endfacet
facet normal -0 0 1
  outer loop
    vertex -41.89505263776696 227.6139731953518 6.5
    vertex -40.90235214877507 226.1217197624274 6.5
    vertex -40.02428887823398 227.7166777498065 6.5
  endloop
endfacet
facet normal 0 0 1
  outer loop
    vertex -41.89505263776696 227.6139731953518 6.5
    vertex -42.51106194609139 226.2655297424166 6.5
    vertex -40.90235214877507 226.1217197624274 6.5
  endloop
endfacet
facet normal 0 0 1
  outer loop
    vertex -41.89505263776696 227.6139731953518 6.5
    vertex -43.46785317434693 227.4855871563742 6.5
    vertex -42.51106194609139 226.2655297424166 6.5
  endloop
endfacet
facet normal 0 0 1
  outer loop
    vertex -41.89505263776696 227.6139731953518 6.5
    vertex -42.57828611358887 229.0486324387645 6.5
    vertex -43.46785317434693 227.4855871563742 6.5
  endloop
endfacet
facet normal 0 0 1
  outer loop
    vertex -41.04247124638991 229.1874837825049 6.5
    vertex -42.57828611358887 229.0486324387645 6.5
    vertex -41.89505263776696 227.6139731953518 6.5
  endloop
endfacet
facet normal 0 0 1
  outer loop
    vertex -41.04247124638991 229.1874837825049 6.5
    vertex -41.89505263776696 227.6139731953518 6.5
    vertex -40.02428887823398 227.7166777498065 6.5
  endloop
endfacet
facet normal 0 0 1
  outer loop
    vertex -38.52185868043396 221.65 6.5
    vertex -39.84814596100335 222.9389181003611 6.5
    vertex -40.4290488722163 221.65 6.5
  endloop
endfacet
facet normal 0 0 1
  outer loop
    vertex -39.12628017785931 229.5332625849644 6.5
    vertex -41.04247124638991 229.1874837825049 6.5
    vertex -40.02428887823398 227.7166777498065 6.5
  endloop
endfacet
facet normal 0 0 1
  outer loop
    vertex -39.12628017785931 229.5332625849644 6.5
    vertex -40.02428887823398 227.7166777498065 6.5
    vertex -38.25921541201794 227.783667523884 6.5
  endloop
endfacet
facet normal 0 0 1
  outer loop
    vertex -35.31912684493917 225.5531117305047 6.5
    vertex -36.86826651066249 225.23567161348 6.5
    vertex -36.01082177669313 223.971580077497 6.5
  endloop
endfacet
facet normal 0 0 1
  outer loop
    vertex -38.58636052938287 223.44189075245 6.5
    vertex -39.84814596100335 222.9389181003611 6.5
    vertex -38.52185868043396 221.65 6.5
  endloop
endfacet
facet normal 0 0 1
  outer loop
    vertex -37.10580050706741 222.6371491770352 6.5
    vertex -38.58636052938287 223.44189075245 6.5
    vertex -38.52185868043396 221.65 6.5
  endloop
endfacet
facet normal 0 0 1
  outer loop
    vertex -39.12320721436611 231.2935874835448 6.5
    vertex -40.5557168410138 230.7289107707383 6.5
    vertex -39.12628017785931 229.5332625849644 6.5
  endloop
endfacet
facet normal 0 0 1
  outer loop
    vertex -39.12628017785931 229.5332625849644 6.5
    vertex -37.80991911731883 230.6621448514018 6.5
    vertex -39.12320721436611 231.2935874835448 6.5
  endloop
endfacet
facet normal 0 0 1
  outer loop
    vertex -39.98317863381224 224.5507943860146 6.5
    vertex -42.25104579306792 224.5837409449229 6.5
    vertex -41.38264396810747 223.301675155932 6.5
  endloop
endfacet
facet normal 0 0 1
  outer loop
    vertex -37.26613336850265 229.2738832383922 6.5
    vertex -39.12628017785931 229.5332625849644 6.5
    vertex -38.25921541201794 227.783667523884 6.5
  endloop
endfacet
facet normal 0 0 1
  outer loop
    vertex -39.12628017785931 229.5332625849644 6.5
    vertex -40.5557168410138 230.7289107707383 6.5
    vertex -41.04247124638991 229.1874837825049 6.5
  endloop
endfacet
facet normal 0 0 1
  outer loop
    vertex -37.26613336850265 229.2738832383922 6.5
    vertex -37.80991911731883 230.6621448514018 6.5
    vertex -39.12628017785931 229.5332625849644 6.5
  endloop
endfacet
facet normal -0 0 1
  outer loop
    vertex -40.90235214877507 226.1217197624274 6.5
    vertex -39.98317863381224 224.5507943860146 6.5
    vertex -39.15245349641096 226.2028096251549 6.5
  endloop
endfacet
facet normal 0 0 1
  outer loop
    vertex -36.86826651066249 225.23567161348 6.5
    vertex -37.60541091657814 226.4944105346645 6.5
    vertex -38.40703323806419 224.890772410206 6.5
  endloop
endfacet
facet normal 0 0 1
  outer loop
    vertex -44.24342925578098 221.65 6.5
    vertex -42.75729259541373 222.9942121403271 6.5
    vertex -44.03131399517791 223.609542069696 6.5
  endloop
endfacet
facet normal 0 0 1
  outer loop
    vertex -42.33623906399863 221.65 6.5
    vertex -42.75729259541373 222.9942121403271 6.5
    vertex -44.24342925578098 221.65 6.5
  endloop
endfacet
facet normal 0 -0 1
  outer loop
    vertex -38.40703323806419 224.890772410206 6.5
    vertex -37.60541091657814 226.4944105346645 6.5
    vertex -39.15245349641096 226.2028096251549 6.5
  endloop
endfacet
facet normal -0 0 1
  outer loop
    vertex -38.25921541201794 227.783667523884 6.5
    vertex -37.60541091657814 226.4944105346645 6.5
    vertex -36.56301324148458 227.8311182587466 6.5
  endloop
endfacet
facet normal 0 0 1
  outer loop
    vertex -35.36950695460966 229.1424226889824 6.5
    vertex -36.56301324148458 227.8311182587466 6.5
    vertex -35.08264396810747 227.2630123407873 6.5
  endloop
endfacet
facet normal 0 0 1
  outer loop
    vertex -40.90235214877507 226.1217197624274 6.5
    vertex -42.25104579306792 224.5837409449229 6.5
    vertex -39.98317863381224 224.5507943860146 6.5
  endloop
endfacet
facet normal 0 0 1
  outer loop
    vertex -42.25104579306792 224.5837409449229 6.5
    vertex -42.75729259541373 222.9942121403271 6.5
    vertex -41.38264396810747 223.301675155932 6.5
  endloop
endfacet
facet normal 0 -0 1
  outer loop
    vertex -45.15320817640032 227.62417296538 6.5
    vertex -44.10042945857279 229.1355106631236 6.5
    vertex -45.48791012173378 229.6188608516668 6.5
  endloop
endfacet
facet normal -0 0 1
  outer loop
    vertex -46.3370933384518 228.4716035912198 6.5
    vertex -45.15320817640032 227.62417296538 6.5
    vertex -45.48791012173378 229.6188608516668 6.5
  endloop
endfacet
facet normal 0 -0 1
  outer loop
    vertex -45.87611560714749 225.7523979075007 6.5
    vertex -45.15320817640032 227.62417296538 6.5
    vertex -46.51787565008559 227.1903101918947 6.5
  endloop
endfacet
facet normal 0 0 1
  outer loop
    vertex -36.56301324148458 227.8311182587466 6.5
    vertex -37.60541091657814 226.4944105346645 6.5
    vertex -36.29732284607025 226.5404601669623 6.5
  endloop
endfacet
facet normal -0 0 1
  outer loop
    vertex -41.38264396810747 223.301675155932 6.5
    vertex -39.84814596100335 222.9389181003611 6.5
    vertex -39.98317863381224 224.5507943860146 6.5
  endloop
endfacet
facet normal 0 0 1
  outer loop
    vertex -37.26613336850265 229.2738832383922 6.5
    vertex -38.25921541201794 227.783667523884 6.5
    vertex -36.56301324148458 227.8311182587466 6.5
  endloop
endfacet
facet normal 0 0 1
  outer loop
    vertex -37.26613336850265 229.2738832383922 6.5
    vertex -36.56301324148458 227.8311182587466 6.5
    vertex -35.36950695460966 229.1424226889824 6.5
  endloop
endfacet
facet normal 0 0 1
  outer loop
    vertex -36.20397198617183 230.8506796196072 6.5
    vertex -37.80991911731883 230.6621448514018 6.5
    vertex -37.26613336850265 229.2738832383922 6.5
  endloop
endfacet
facet normal -0 0 1
  outer loop
    vertex -39.12320721436611 231.2935874835448 6.5
    vertex -37.80991911731883 230.6621448514018 6.5
    vertex -37.51004632276679 232.232216248588 6.5
  endloop
endfacet
facet normal 0 0 1
  outer loop
    vertex -42.51106194609139 226.2655297424166 6.5
    vertex -42.25104579306792 224.5837409449229 6.5
    vertex -40.90235214877507 226.1217197624274 6.5
  endloop
endfacet
facet normal 0 0 1
  outer loop
    vertex -39.1687888898582 233.1612193304165 6.5
    vertex -40.34469610995534 232.1748049574166 6.5
    vertex -39.12320721436611 231.2935874835448 6.5
  endloop
endfacet
facet normal 0 0 1
  outer loop
    vertex -37.51004632276679 232.232216248588 6.5
    vertex -37.80991911731883 230.6621448514018 6.5
    vertex -36.20397198617183 230.8506796196072 6.5
  endloop
endfacet
facet normal 0 0 1
  outer loop
    vertex -39.15245349641096 226.2028096251549 6.5
    vertex -37.60541091657814 226.4944105346645 6.5
    vertex -38.25921541201794 227.783667523884 6.5
  endloop
endfacet
facet normal 0 0 1
  outer loop
    vertex -44.03131399517791 223.609542069696 6.5
    vertex -45.41030593733187 224.2325330386311 6.5
    vertex -45.78763561553635 222.7590087233285 6.5
  endloop
endfacet
facet normal 0 0 1
  outer loop
    vertex -41.02914195835584 233.5530867703232 6.5
    vertex -40.34469610995534 232.1748049574166 6.5
    vertex -39.1687888898582 233.1612193304165 6.5
  endloop
endfacet
facet normal 0 0 1
  outer loop
    vertex -41.87741080095467 231.868679899745 6.5
    vertex -40.34469610995534 232.1748049574166 6.5
    vertex -41.02914195835584 233.5530867703232 6.5
  endloop
endfacet
facet normal 0 -0 1
  outer loop
    vertex -45.78763561553635 222.7590087233285 6.5
    vertex -45.41030593733187 224.2325330386311 6.5
    vertex -46.93068989291118 224.2781863129812 6.5
  endloop
endfacet
facet normal -0 0 1
  outer loop
    vertex -46.93068989291118 224.2781863129812 6.5
    vertex -45.41030593733187 224.2325330386311 6.5
    vertex -45.87611560714749 225.7523979075007 6.5
  endloop
endfacet
facet normal -0 0 1
  outer loop
    vertex -46.12672196572967 231.4083378952495 6.5
    vertex -44.63434666151247 231.1142842518365 6.5
    vertex -44.67407623139778 232.6348345322017 6.5
  endloop
endfacet
facet normal 0 0 1
  outer loop
    vertex -47.64297296147304 227.9689024843836 6.5
    vertex -46.3370933384518 228.4716035912198 6.5
    vertex -47.14733583257037 229.8043363476379 6.5
  endloop
endfacet
facet normal 0 -0 1
  outer loop
    vertex -45.48791012173378 229.6188608516668 6.5
    vertex -44.63434666151247 231.1142842518365 6.5
    vertex -46.12672196572967 231.4083378952495 6.5
  endloop
endfacet
facet normal 0 0 1
  outer loop
    vertex -47.14733583257037 229.8043363476379 6.5
    vertex -46.3370933384518 228.4716035912198 6.5
    vertex -45.48791012173378 229.6188608516668 6.5
  endloop
endfacet
facet normal 0 -0 1
  outer loop
    vertex -47.56849686132075 226.0691848894675 6.5
    vertex -46.51787565008559 227.1903101918947 6.5
    vertex -47.64297296147304 227.9689024843836 6.5
  endloop
endfacet
facet normal 0 0 1
  outer loop
    vertex -45.87611560714749 225.7523979075007 6.5
    vertex -46.51787565008559 227.1903101918947 6.5
    vertex -47.56849686132075 226.0691848894675 6.5
  endloop
endfacet
facet normal 0 0 1
  outer loop
    vertex -36.01082177669313 223.971580077497 6.5
    vertex -37.41618450451768 224.008299979121 6.5
    vertex -37.10580050706741 222.6371491770352 6.5
  endloop
endfacet
facet normal 0 0 1
  outer loop
    vertex -35.08264396810747 227.2630123407873 6.5
    vertex -36.29732284607025 226.5404601669623 6.5
    vertex -35.31912684493917 225.5531117305047 6.5
  endloop
endfacet
facet normal 0 0 1
  outer loop
    vertex -42.92168761169536 233.3721321352529 6.5
    vertex -43.43875708828909 231.9092296237397 6.5
    vertex -41.87741080095467 231.868679899745 6.5
  endloop
endfacet
facet normal 0 -0 1
  outer loop
    vertex -40.4290488722163 221.65 6.5
    vertex -39.84814596100335 222.9389181003611 6.5
    vertex -41.38264396810747 223.301675155932 6.5
  endloop
endfacet
facet normal 0 0 1
  outer loop
    vertex -36.86826651066249 225.23567161348 6.5
    vertex -37.41618450451768 224.008299979121 6.5
    vertex -36.01082177669313 223.971580077497 6.5
  endloop
endfacet
facet normal 0 0 1
  outer loop
    vertex -35.31912684493917 225.5531117305047 6.5
    vertex -36.29732284607025 226.5404601669623 6.5
    vertex -36.86826651066249 225.23567161348 6.5
  endloop
endfacet
facet normal 0 0 1
  outer loop
    vertex -37.10580050706741 222.6371491770352 6.5
    vertex -37.41618450451768 224.008299979121 6.5
    vertex -38.58636052938287 223.44189075245 6.5
  endloop
endfacet
facet normal 0 0 1
  outer loop
    vertex -41.38264396810747 223.301675155932 6.5
    vertex -42.75729259541373 222.9942121403271 6.5
    vertex -42.33623906399863 221.65 6.5
  endloop
endfacet
facet normal 0 0 1
  outer loop
    vertex -39.98317863381224 224.5507943860146 6.5
    vertex -39.84814596100335 222.9389181003611 6.5
    vertex -38.58636052938287 223.44189075245 6.5
  endloop
endfacet
facet normal 0 0 1
  outer loop
    vertex -41.04247124638991 229.1874837825049 6.5
    vertex -41.82023549655747 230.3156459162544 6.5
    vertex -42.57828611358887 229.0486324387645 6.5
  endloop
endfacet
facet normal -0 0 1
  outer loop
    vertex -44.67407623139778 232.6348345322017 6.5
    vertex -43.43875708828909 231.9092296237397 6.5
    vertex -42.92168761169536 233.3721321352529 6.5
  endloop
endfacet
facet normal 0 0 1
  outer loop
    vertex -42.57828611358887 229.0486324387645 6.5
    vertex -44.10042945857279 229.1355106631236 6.5
    vertex -43.46785317434693 227.4855871563742 6.5
  endloop
endfacet
facet normal 0 -0 1
  outer loop
    vertex -38.58636052938287 223.44189075245 6.5
    vertex -38.40703323806419 224.890772410206 6.5
    vertex -39.98317863381224 224.5507943860146 6.5
  endloop
endfacet
facet normal 0 0 1
  outer loop
    vertex -44.03131399517791 223.609542069696 6.5
    vertex -44.1268298239461 225.5406520763116 6.5
    vertex -45.41030593733187 224.2325330386311 6.5
  endloop
endfacet
facet normal 0 0 1
  outer loop
    vertex -39.98317863381224 224.5507943860146 6.5
    vertex -38.40703323806419 224.890772410206 6.5
    vertex -39.15245349641096 226.2028096251549 6.5
  endloop
endfacet
facet normal -0 0 1
  outer loop
    vertex -41.87741080095467 231.868679899745 6.5
    vertex -40.5557168410138 230.7289107707383 6.5
    vertex -40.34469610995534 232.1748049574166 6.5
  endloop
endfacet
facet normal 0 0 1
  outer loop
    vertex -36.56301324148458 227.8311182587466 6.5
    vertex -36.29732284607025 226.5404601669623 6.5
    vertex -35.08264396810747 227.2630123407873 6.5
  endloop
endfacet
facet normal 0 0 1
  outer loop
    vertex -36.86826651066249 225.23567161348 6.5
    vertex -38.40703323806419 224.890772410206 6.5
    vertex -37.41618450451768 224.008299979121 6.5
  endloop
endfacet
facet normal 0 -0 1
  outer loop
    vertex -45.41030593733187 224.2325330386311 6.5
    vertex -44.1268298239461 225.5406520763116 6.5
    vertex -45.87611560714749 225.7523979075007 6.5
  endloop
endfacet
facet normal 0 0 1
  outer loop
    vertex -41.87741080095467 231.868679899745 6.5
    vertex -41.82023549655747 230.3156459162544 6.5
    vertex -40.5557168410138 230.7289107707383 6.5
  endloop
endfacet
facet normal 0 0 1
  outer loop
    vertex -41.87741080095467 231.868679899745 6.5
    vertex -43.43875708828909 231.9092296237397 6.5
    vertex -43.08626413588519 230.5562172996625 6.5
  endloop
endfacet
facet normal -0 0 1
  outer loop
    vertex -47.64297296147304 227.9689024843836 6.5
    vertex -46.51787565008559 227.1903101918947 6.5
    vertex -46.3370933384518 228.4716035912198 6.5
  endloop
endfacet
facet normal 0 0 1
  outer loop
    vertex -43.08626413588519 230.5562172996625 6.5
    vertex -43.43875708828909 231.9092296237397 6.5
    vertex -44.63434666151247 231.1142842518365 6.5
  endloop
endfacet
facet normal 0 0 1
  outer loop
    vertex -40.34469610995534 232.1748049574166 6.5
    vertex -40.5557168410138 230.7289107707383 6.5
    vertex -39.12320721436611 231.2935874835448 6.5
  endloop
endfacet
facet normal 0 -0 1
  outer loop
    vertex -42.57828611358887 229.0486324387645 6.5
    vertex -41.82023549655747 230.3156459162544 6.5
    vertex -43.08626413588519 230.5562172996625 6.5
  endloop
endfacet
facet normal -0 0 1
  outer loop
    vertex -43.08626413588519 230.5562172996625 6.5
    vertex -41.82023549655747 230.3156459162544 6.5
    vertex -41.87741080095467 231.868679899745 6.5
  endloop
endfacet
facet normal 0 -0 1
  outer loop
    vertex -44.63434666151247 231.1142842518365 6.5
    vertex -43.43875708828909 231.9092296237397 6.5
    vertex -44.67407623139778 232.6348345322017 6.5
  endloop
endfacet
facet normal 0 0 1
  outer loop
    vertex -37.41618450451768 224.008299979121 6.5
    vertex -38.40703323806419 224.890772410206 6.5
    vertex -38.58636052938287 223.44189075245 6.5
  endloop
endfacet
facet normal 0 0 1
  outer loop
    vertex -46.51787565008559 227.1903101918947 6.5
    vertex -45.15320817640032 227.62417296538 6.5
    vertex -46.3370933384518 228.4716035912198 6.5
  endloop
endfacet
facet normal 0 0 1
  outer loop
    vertex -43.46785317434693 227.4855871563742 6.5
    vertex -44.10042945857279 229.1355106631236 6.5
    vertex -45.15320817640032 227.62417296538 6.5
  endloop
endfacet
facet normal 0 0 1
  outer loop
    vertex -36.29732284607025 226.5404601669623 6.5
    vertex -37.60541091657814 226.4944105346645 6.5
    vertex -36.86826651066249 225.23567161348 6.5
  endloop
endfacet
facet normal 0 0 1
  outer loop
    vertex -40.5557168410138 230.7289107707383 6.5
    vertex -41.82023549655747 230.3156459162544 6.5
    vertex -41.04247124638991 229.1874837825049 6.5
  endloop
endfacet
facet normal -0.781253 -0.620132 0.0712825
  outer loop
    vertex -46.41679874977581 223.4752312443925 2.14488682916559
    vertex -45.54810949404768 222.5366081100636 3.5
    vertex -46.93068989291117 224.2781863129812 3.498079041708062
  endloop
endfacet
facet normal 0.911677 0.406131 -0.0624666
  outer loop
    vertex -35.72193000405461 230.0282098775244 4.855113170834393
    vertex -35.28012527484985 228.8280253114816 3.5
    vertex -36.13769673461185 230.753073732489 3.49990765474004
  endloop
endfacet
facet normal -0.781183 -0.620233 -0.0711673
  outer loop
    vertex -45.54810949404768 222.5366081100636 3.5
    vertex -46.41679874977581 223.4752312443925 4.855113170834408
    vertex -46.93068989291117 224.2781863129812 3.498079041708062
  endloop
endfacet
facet normal 0.911675 0.406136 0.0624717
  outer loop
    vertex -35.28012527484985 228.8280253114816 3.5
    vertex -35.7219300040546 230.0282098775244 2.144886829165601
    vertex -36.13769673461185 230.753073732489 3.49990765474004
  endloop
endfacet
facet normal -0.38345 0.921912 -0.0551663
  outer loop
    vertex -43.80363935223165 233.0792638269293 4.874926682591577
    vertex -42.83863647089879 233.3924565106787 3.401302903551408
    vertex -44.67407623139776 232.6348345322017 3.498079041708064
  endloop
endfacet
facet normal -0.647305 0.760218 0.0553617
  outer loop
    vertex -45.46525446208585 232.0611673564634 2.124891488723821
    vertex -46.18383990603247 231.3420462418051 3.597831766816196
    vertex -44.67407623139776 232.6348345322017 3.498079041708064
  endloop
endfacet
facet normal -0.913453 0.404231 -0.0469228
  outer loop
    vertex -47.45914844153294 228.9261699955033 5.004867916661038
    vertex -47.14733583257037 229.8043363476379 6.5
    vertex -46.71745042963117 230.6141076868026 5.107384102268925
  endloop
endfacet
facet normal 0.054637 0.997403 0.0469254
  outer loop
    vertex -40.10514394311187 233.432128459498 1.995132083339533
    vertex -41.02914195835586 233.5530867703232 0.5
    vertex -41.94587180355213 233.5377851976627 1.892616927219193
  endloop
endfacet
facet normal -0.51989 0.853038 -0.0451774
  outer loop
    vertex -45.44693108744602 232.0766980608545 4.855113170834401
    vertex -44.67407623139778 232.6348345322017 6.5
    vertex -43.80363935223165 233.0792638269293 4.874926682591577
  endloop
endfacet
facet normal -0.998263 -0.0391357 -0.0440452
  outer loop
    vertex -47.64297296147304 227.9689024843836 0.5
    vertex -47.56849686132075 226.0691848894675 0.5
    vertex -47.67778713255586 227.0156815115349 2.136014648350689
  endloop
endfacet
facet normal 0.488177 0.871644 -0.0438081
  outer loop
    vertex -37.5100463227668 232.232216248588 0.5
    vertex -39.16878888985821 233.1612193304165 0.5
    vertex -38.30417220916026 232.7596487331062 2.1448868291656
  endloop
endfacet
facet normal -0.964476 0.260445 -0.0441964
  outer loop
    vertex -47.14733583257037 229.8043363476379 0.5
    vertex -47.64297296147304 227.9689024843836 0.5
    vertex -47.46573341180856 228.9019213742399 2.130383650331308
  endloop
endfacet
facet normal 0.35125 0.935248 -0.0439771
  outer loop
    vertex -40.08054934049712 233.4269842405244 4.869616349668667
    vertex -39.1687888898582 233.1612193304165 6.5
    vertex -38.30372075167215 232.7593958633679 4.863926631245376
  endloop
endfacet
facet normal 0.488172 0.871635 0.0440436
  outer loop
    vertex -39.1687888898582 233.1612193304165 6.5
    vertex -37.51004632276679 232.232216248588 6.5
    vertex -38.30372075167215 232.7593958633679 4.863926631245376
  endloop
endfacet
facet normal -0.644506 0.763344 0.0438081
  outer loop
    vertex -46.12672196572967 231.4083378952495 6.5
    vertex -44.67407623139778 232.6348345322017 6.5
    vertex -45.44693108744602 232.0766980608545 4.855113170834401
  endloop
endfacet
facet normal 0.0578245 0.997194 0.0475504
  outer loop
    vertex -41.96464106281547 233.5360721509399 4.873084417644928
    vertex -40.08054934049712 233.4269842405244 4.869616349668667
    vertex -41.05105589846434 233.5542800470664 3.380260536511058
  endloop
endfacet
facet normal -0.980965 -0.189154 0.0439018
  outer loop
    vertex -47.56849686132075 226.0691848894675 0.5
    vertex -47.31754197423268 225.1494878775054 2.144886829165596
    vertex -47.67778713255586 227.0156815115349 2.136014648350689
  endloop
endfacet
facet normal -0.992764 0.111739 0.0439788
  outer loop
    vertex -47.46573341180856 228.9019213742399 2.130383650331308
    vertex -47.64297296147304 227.9689024843836 0.5
    vertex -47.67778713255586 227.0156815115349 2.136014648350689
  endloop
endfacet
facet normal -0.941143 -0.335158 -0.0438081
  outer loop
    vertex -47.56849686132075 226.0691848894675 0.5
    vertex -46.93068989291117 224.2781863129812 0.5
    vertex -47.31754197423268 225.1494878775054 2.144886829165596
  endloop
endfacet
facet normal 0.205917 0.977571 0.0441964
  outer loop
    vertex -41.02914195835584 233.5530867703232 6.5
    vertex -39.1687888898582 233.1612193304165 6.5
    vertex -40.08054934049712 233.4269842405244 4.869616349668667
  endloop
endfacet
facet normal -0.387439 0.920854 -0.0438081
  outer loop
    vertex -42.92168761169537 233.3721321352529 0.5
    vertex -44.67407623139778 232.6348345322017 0.5
    vertex -43.82585421501603 233.0699671098036 2.144886829165598
  endloop
endfacet
facet normal 0.613977 0.788102 -0.0439019
  outer loop
    vertex -37.51004632276679 232.232216248588 6.5
    vertex -36.80459511180224 231.5909990169778 4.855113170834405
    vertex -38.30372075167215 232.7593958633679 4.863926631245376
  endloop
endfacet
facet normal -0.523939 0.850557 0.0451771
  outer loop
    vertex -43.82585421501603 233.0699671098036 2.144886829165598
    vertex -44.67407623139778 232.6348345322017 0.5
    vertex -45.46525446208585 232.0611673564634 2.124891488723821
  endloop
endfacet
facet normal -0.644491 0.763326 -0.0443181
  outer loop
    vertex -44.67407623139778 232.6348345322017 0.5
    vertex -46.12672196572968 231.4083378952495 0.5
    vertex -45.46525446208585 232.0611673564634 2.124891488723821
  endloop
endfacet
facet normal 0.725977 0.686322 0.0438081
  outer loop
    vertex -37.51004632276679 232.232216248588 6.5
    vertex -36.20397198617183 230.8506796196072 6.5
    vertex -36.80459511180224 231.5909990169778 4.855113170834405
  endloop
endfacet
facet normal -0.38743 0.920833 0.044313
  outer loop
    vertex -44.67407623139778 232.6348345322017 6.5
    vertex -42.92168761169536 233.3721321352529 6.5
    vertex -43.80363935223165 233.0792638269293 4.874926682591577
  endloop
endfacet
facet normal -0.998273 -0.0391361 0.0438081
  outer loop
    vertex -47.56849686132075 226.0691848894675 6.5
    vertex -47.64297296147304 227.9689024843836 6.5
    vertex -47.67780819341242 227.0162181422319 4.855113170834399
  endloop
endfacet
facet normal -0.914712 0.4013 -0.0475504
  outer loop
    vertex -46.70737307967494 230.6300971167361 2.126915582354911
    vertex -47.46573341180856 228.9019213742399 2.130383650331308
    vertex -47.13844802298877 229.8244025261773 3.619739463488753
  endloop
endfacet
facet normal -0.754441 0.654891 0.0440069
  outer loop
    vertex -46.12672196572968 231.4083378952495 0.5
    vertex -46.70737307967494 230.6300971167361 2.126915582354911
    vertex -45.46525446208585 232.0611673564634 2.124891488723821
  endloop
endfacet
facet normal -0.91481 0.401526 0.0435906
  outer loop
    vertex -47.14733583257037 229.8043363476379 0.5
    vertex -47.46573341180856 228.9019213742399 2.130383650331308
    vertex -46.70737307967494 230.6300971167361 2.126915582354911
  endloop
endfacet
facet normal 0.0576678 0.997384 -0.0435906
  outer loop
    vertex -41.02914195835584 233.5530867703232 6.5
    vertex -40.08054934049712 233.4269842405244 4.869616349668667
    vertex -41.96464106281547 233.5360721509399 4.873084417644928
  endloop
endfacet
facet normal -0.240882 0.969556 -0.0440015
  outer loop
    vertex -42.92168761169536 233.3721321352529 6.5
    vertex -41.96464106281547 233.5360721509399 4.873084417644928
    vertex -43.80363935223165 233.0792638269293 4.874926682591577
  endloop
endfacet
facet normal -0.095087 0.994484 0.0442758
  outer loop
    vertex -42.92168761169536 233.3721321352529 6.5
    vertex -41.02914195835584 233.5530867703232 6.5
    vertex -41.96464106281547 233.5360721509399 4.873084417644928
  endloop
endfacet
facet normal -0.842861 0.536306 -0.0442758
  outer loop
    vertex -46.12672196572968 231.4083378952495 0.5
    vertex -47.14733583257037 229.8043363476379 0.5
    vertex -46.70737307967494 230.6300971167361 2.126915582354911
  endloop
endfacet
facet normal -0.941144 -0.335158 0.0437859
  outer loop
    vertex -46.93068989291118 224.2781863129812 6.5
    vertex -47.56849686132075 226.0691848894675 6.5
    vertex -47.31803729779464 225.1508792905499 4.854279201880631
  endloop
endfacet
facet normal 0.897663 0.438499 0.0438081
  outer loop
    vertex -36.20397198617183 230.8506796196072 6.5
    vertex -35.36950695460966 229.1424226889824 6.5
    vertex -35.72193000405461 230.0282098775244 4.855113170834393
  endloop
endfacet
facet normal 0.821222 0.568924 -0.0438081
  outer loop
    vertex -36.80459511180224 231.5909990169778 4.855113170834405
    vertex -36.20397198617183 230.8506796196072 6.5
    vertex -35.72193000405461 230.0282098775244 4.855113170834393
  endloop
endfacet
facet normal -0.798305 -0.600658 -0.0438081
  outer loop
    vertex -46.93068989291117 224.2781863129812 0.5
    vertex -45.78763561553635 222.7590087233285 0.5
    vertex -46.41679874977581 223.4752312443925 2.14488682916559
  endloop
endfacet
facet normal -0.879797 -0.473327 0.0438081
  outer loop
    vertex -47.31754197423268 225.1494878775054 2.144886829165596
    vertex -46.93068989291117 224.2781863129812 0.5
    vertex -46.41679874977581 223.4752312443925 2.14488682916559
  endloop
endfacet
facet normal 0.614108 0.788005 0.0438081
  outer loop
    vertex -37.5100463227668 232.232216248588 0.5
    vertex -38.30417220916026 232.7596487331062 2.1448868291656
    vertex -36.80459511180223 231.5909990169778 2.144886829165602
  endloop
endfacet
facet normal 0.725977 0.686322 -0.0438081
  outer loop
    vertex -36.20397198617183 230.8506796196072 0.5
    vertex -37.5100463227668 232.232216248588 0.5
    vertex -36.80459511180223 231.5909990169778 2.144886829165602
  endloop
endfacet
facet normal -0.879841 -0.47324 -0.0438646
  outer loop
    vertex -46.41679874977581 223.4752312443925 4.855113170834408
    vertex -46.93068989291118 224.2781863129812 6.5
    vertex -47.31803729779464 225.1508792905499 4.854279201880631
  endloop
endfacet
facet normal -0.980968 -0.189181 -0.0437295
  outer loop
    vertex -47.56849686132075 226.0691848894675 6.5
    vertex -47.67780819341242 227.0162181422319 4.855113170834399
    vertex -47.31803729779464 225.1508792905499 4.854279201880631
  endloop
endfacet
facet normal -0.798305 -0.600658 0.0438081
  outer loop
    vertex -45.78763561553635 222.7590087233285 6.5
    vertex -46.93068989291118 224.2781863129812 6.5
    vertex -46.41679874977581 223.4752312443925 4.855113170834408
  endloop
endfacet
facet normal 0.897663 0.438499 -0.0438081
  outer loop
    vertex -35.36950695460966 229.1424226889824 0.5
    vertex -36.20397198617183 230.8506796196072 0.5
    vertex -35.7219300040546 230.0282098775244 2.144886829165601
  endloop
endfacet
facet normal 0.821222 0.568924 0.0438081
  outer loop
    vertex -35.7219300040546 230.0282098775244 2.144886829165601
    vertex -36.20397198617183 230.8506796196072 0.5
    vertex -36.80459511180223 231.5909990169778 2.144886829165602
  endloop
endfacet
facet normal -0.915549 0.399444 0.0470548
  outer loop
    vertex -47.13844802298877 229.8244025261773 3.619739463488753
    vertex -47.45914844153294 228.9261699955033 5.004867916661038
    vertex -46.71745042963117 230.6141076868026 5.107384102268925
  endloop
endfacet
facet normal 0.0598536 0.997097 -0.0470576
  outer loop
    vertex -41.05105589846434 233.5542800470664 3.380260536511058
    vertex -40.10514394311187 233.432128459498 1.995132083339533
    vertex -41.94587180355213 233.5377851976627 1.892616927219193
  endloop
endfacet
facet normal -0.651528 0.756246 -0.0600191
  outer loop
    vertex -46.18383990603247 231.3420462418051 3.597831766816196
    vertex -45.44693108744602 232.0766980608545 4.855113170834401
    vertex -44.67407623139776 232.6348345322017 3.498079041708064
  endloop
endfacet
facet normal -0.378154 0.923795 0.0600171
  outer loop
    vertex -42.83863647089879 233.3924565106787 3.401302903551408
    vertex -43.82585421501603 233.0699671098036 2.144886829165598
    vertex -44.67407623139776 232.6348345322017 3.498079041708064
  endloop
endfacet
facet normal -0.964299 0.260398 0.0481618
  outer loop
    vertex -47.64297296147304 227.9689024843836 6.5
    vertex -47.14733583257037 229.8043363476379 6.5
    vertex -47.45914844153294 228.9261699955033 5.004867916661038
  endloop
endfacet
facet normal 0.205879 0.977392 -0.0481618
  outer loop
    vertex -39.16878888985821 233.1612193304165 0.5
    vertex -41.02914195835586 233.5530867703232 0.5
    vertex -40.10514394311187 233.432128459498 1.995132083339533
  endloop
endfacet
facet normal -0.754353 0.654683 -0.0483865
  outer loop
    vertex -45.46525446208585 232.0611673564634 2.124891488723821
    vertex -46.70737307967494 230.6300971167361 2.126915582354911
    vertex -46.18383990603247 231.3420462418051 3.597831766816196
  endloop
endfacet
facet normal -0.240747 0.969382 0.048372
  outer loop
    vertex -43.80363935223165 233.0792638269293 4.874926682591577
    vertex -41.96464106281547 233.5360721509399 4.873084417644928
    vertex -42.83863647089879 233.3924565106787 3.401302903551408
  endloop
endfacet
facet normal -0.562061 -0.827096 0
  outer loop
    vertex -44.24342925578098 221.65 2.5
    vertex -44.24342925578098 221.65 4.5
    vertex -45.54810949404768 222.5366081100636 3.5
  endloop
endfacet
facet normal 0.207415 0.976888 -0.0516625
  outer loop
    vertex -41.05105589846434 233.5542800470664 3.380260536511058
    vertex -40.08054934049712 233.4269842405244 4.869616349668667
    vertex -39.1687888898582 233.1612193304165 3.504802660718
  endloop
endfacet
facet normal -0.234967 0.970759 0.0491704
  outer loop
    vertex -42.92168761169537 233.3721321352529 0.5
    vertex -43.82585421501603 233.0699671098036 2.144886829165598
    vertex -41.94587180355213 233.5377851976627 1.892616927219193
  endloop
endfacet
facet normal -0.964548 0.258801 0.0516625
  outer loop
    vertex -47.13844802298877 229.8244025261773 3.619739463488753
    vertex -47.46573341180856 228.9019213742399 2.130383650331308
    vertex -47.64297296147305 227.9689024843835 3.495197339281333
  endloop
endfacet
facet normal -0.758208 0.650156 -0.049173
  outer loop
    vertex -46.12672196572967 231.4083378952495 6.5
    vertex -45.44693108744602 232.0766980608545 4.855113170834401
    vertex -46.71745042963117 230.6141076868026 5.107384102268925
  endloop
endfacet
facet normal 0.992132 0.125192 0
  outer loop
    vertex -35.08264396810747 227.2630123407873 4.5
    vertex -35.08264396810747 227.2630123407873 2.5
    vertex -35.28012527484985 228.8280253114816 3.5
  endloop
endfacet
facet normal -0.552317 -0.833634 0
  outer loop
    vertex -44.24342925578098 221.65 0.5
    vertex -44.24342925578098 221.65 2.5
    vertex -45.43605246422292 222.4401626060746 1.921085089589935
  endloop
endfacet
facet normal 0.993326 0.115344 0
  outer loop
    vertex -35.08264396810747 227.2630123407873 6.5
    vertex -35.08264396810747 227.2630123407873 4.5
    vertex -35.25027699641279 228.7066450241484 5.072369442905523
  endloop
endfacet
facet normal 0.993326 0.115344 0
  outer loop
    vertex -35.08264396810747 227.2630123407873 2.5
    vertex -35.08264396810747 227.2630123407873 0.5
    vertex -35.25027699641279 228.7066450241484 1.927630557094474
  endloop
endfacet
facet normal -0.552317 -0.833634 0
  outer loop
    vertex -44.24342925578098 221.65 4.5
    vertex -44.24342925578098 221.65 6.5
    vertex -45.4360524642229 222.4401626060746 5.078914910410065
  endloop
endfacet
facet normal -0.582908 -0.811654 -0.0378949
  outer loop
    vertex -45.78763561553635 222.7590087233285 0.5
    vertex -44.24342925578098 221.65 0.5
    vertex -45.43605246422292 222.4401626060746 1.921085089589935
  endloop
endfacet
facet normal 0.987893 0.150787 0.0364779
  outer loop
    vertex -35.36950695460966 229.1424226889824 6.5
    vertex -35.08264396810747 227.2630123407873 6.5
    vertex -35.25027699641279 228.7066450241484 5.072369442905523
  endloop
endfacet
facet normal -0.582908 -0.811654 0.0378949
  outer loop
    vertex -44.24342925578098 221.65 6.5
    vertex -45.78763561553635 222.7590087233285 6.5
    vertex -45.4360524642229 222.4401626060746 5.078914910410065
  endloop
endfacet
facet normal 0.987893 0.150787 -0.0364779
  outer loop
    vertex -35.08264396810747 227.2630123407873 0.5
    vertex -35.36950695460966 229.1424226889824 0.5
    vertex -35.25027699641279 228.7066450241484 1.927630557094474
  endloop
endfacet
facet normal -0.962841 0.265223 -0.0509352
  outer loop
    vertex -47.45914844153294 228.9261699955033 5.004867916661038
    vertex -47.13844802298877 229.8244025261773 3.619739463488753
    vertex -47.64297296147305 227.9689024843835 3.495197339281333
  endloop
endfacet
facet normal -0.749275 0.660098 0.0534528
  outer loop
    vertex -45.44693108744602 232.0766980608545 4.855113170834401
    vertex -46.18383990603247 231.3420462418051 3.597831766816196
    vertex -46.71745042963117 230.6141076868026 5.107384102268925
  endloop
endfacet
facet normal 0.200918 0.978283 0.0509352
  outer loop
    vertex -40.10514394311187 233.432128459498 1.995132083339533
    vertex -41.05105589846434 233.5542800470664 3.380260536511058
    vertex -39.1687888898582 233.1612193304165 3.504802660718
  endloop
endfacet
facet normal -0.247887 0.96731 -0.0535082
  outer loop
    vertex -43.82585421501603 233.0699671098036 2.144886829165598
    vertex -42.83863647089879 233.3924565106787 3.401302903551408
    vertex -41.94587180355213 233.5377851976627 1.892616927219193
  endloop
endfacet
facet normal -0.0905789 0.994948 -0.0432975
  outer loop
    vertex -41.96464106281547 233.5360721509399 4.873084417644928
    vertex -41.05105589846434 233.5542800470664 3.380260536511058
    vertex -42.83863647089879 233.3924565106787 3.401302903551408
  endloop
endfacet
facet normal 0.345998 0.937062 0.0468976
  outer loop
    vertex -38.30417220916026 232.7596487331062 2.1448868291656
    vertex -39.16878888985821 233.1612193304165 0.5
    vertex -40.10514394311187 233.432128459498 1.995132083339533
  endloop
endfacet
facet normal -0.845399 0.532385 0.0432132
  outer loop
    vertex -46.70737307967494 230.6300971167361 2.126915582354911
    vertex -47.13844802298877 229.8244025261773 3.619739463488753
    vertex -46.18383990603247 231.3420462418051 3.597831766816196
  endloop
endfacet
facet normal -0.991995 0.117245 -0.0468976
  outer loop
    vertex -47.67780819341242 227.0162181422319 4.855113170834399
    vertex -47.64297296147304 227.9689024843836 6.5
    vertex -47.45914844153294 228.9261699955033 5.004867916661038
  endloop
endfacet
facet normal -0.997826 -0.0391728 -0.0530024
  outer loop
    vertex -47.56849686132074 226.0691848894674 3.497140956174405
    vertex -47.67780819341242 227.0162181422319 4.855113170834399
    vertex -47.64297296147305 227.9689024843835 3.495197339281333
  endloop
endfacet
facet normal -0.520533 0.852131 0.0540214
  outer loop
    vertex -45.44693108744602 232.0766980608545 4.855113170834401
    vertex -43.80363935223165 233.0792638269293 4.874926682591577
    vertex -44.67407623139776 232.6348345322017 3.498079041708064
  endloop
endfacet
facet normal 0.614062 0.787481 0.0529231
  outer loop
    vertex -38.30372075167215 232.7593958633679 4.863926631245376
    vertex -36.80459511180224 231.5909990169778 4.855113170834405
    vertex -37.50998578783307 232.2321690719394 3.499270890828599
  endloop
endfacet
facet normal 0.488098 0.871174 0.0530765
  outer loop
    vertex -37.50998578783307 232.2321690719394 3.499270890828599
    vertex -38.30417220916026 232.7596487331062 2.1448868291656
    vertex -39.1687888898582 233.1612193304165 3.504802660718
  endloop
endfacet
facet normal -0.98052 -0.189138 0.0529747
  outer loop
    vertex -47.31803729779464 225.1508792905499 4.854279201880631
    vertex -47.67780819341242 227.0162181422319 4.855113170834399
    vertex -47.56849686132074 226.0691848894674 3.497140956174405
  endloop
endfacet
facet normal 0.731786 0.678918 -0.0596628
  outer loop
    vertex -37.50998578783307 232.2321690719394 3.499270890828599
    vertex -36.80459511180224 231.5909990169778 4.855113170834405
    vertex -36.13769673461185 230.753073732489 3.49990765474004
  endloop
endfacet
facet normal -0.94071 -0.335032 -0.0530908
  outer loop
    vertex -47.31803729779464 225.1508792905499 4.854279201880631
    vertex -47.56849686132074 226.0691848894674 3.497140956174405
    vertex -46.93068989291117 224.2781863129812 3.498079041708062
  endloop
endfacet
facet normal -0.879463 -0.472988 0.0531748
  outer loop
    vertex -46.41679874977581 223.4752312443925 4.855113170834408
    vertex -47.31803729779464 225.1508792905499 4.854279201880631
    vertex -46.93068989291117 224.2781863129812 3.498079041708062
  endloop
endfacet
facet normal -0.522825 0.850717 -0.0541662
  outer loop
    vertex -43.82585421501603 233.0699671098036 2.144886829165598
    vertex -45.46525446208585 232.0611673564634 2.124891488723821
    vertex -44.67407623139776 232.6348345322017 3.498079041708064
  endloop
endfacet
facet normal 0.487833 0.871333 -0.0528922
  outer loop
    vertex -38.30372075167215 232.7593958633679 4.863926631245376
    vertex -37.50998578783307 232.2321690719394 3.499270890828599
    vertex -39.1687888898582 233.1612193304165 3.504802660718
  endloop
endfacet
facet normal 0.731759 0.678944 0.0597005
  outer loop
    vertex -36.80459511180223 231.5909990169778 2.144886829165602
    vertex -37.50998578783307 232.2321690719394 3.499270890828599
    vertex -36.13769673461185 230.753073732489 3.49990765474004
  endloop
endfacet
facet normal 0.820885 0.56869 -0.0523435
  outer loop
    vertex -35.7219300040546 230.0282098775244 2.144886829165601
    vertex -36.80459511180223 231.5909990169778 2.144886829165602
    vertex -36.13769673461185 230.753073732489 3.49990765474004
  endloop
endfacet
facet normal -0.980443 -0.189514 -0.0530604
  outer loop
    vertex -47.67778713255586 227.0156815115349 2.136014648350689
    vertex -47.31754197423268 225.1494878775054 2.144886829165596
    vertex -47.56849686132074 226.0691848894674 3.497140956174405
  endloop
endfacet
facet normal 0.820885 0.568691 0.0523364
  outer loop
    vertex -36.80459511180224 231.5909990169778 4.855113170834405
    vertex -35.72193000405461 230.0282098775244 4.855113170834393
    vertex -36.13769673461185 230.753073732489 3.49990765474004
  endloop
endfacet
facet normal 0.613828 0.787646 -0.0531803
  outer loop
    vertex -36.80459511180223 231.5909990169778 2.144886829165602
    vertex -38.30417220916026 232.7596487331062 2.1448868291656
    vertex -37.50998578783307 232.2321690719394 3.499270890828599
  endloop
endfacet
facet normal -0.879394 -0.47311 -0.053227
  outer loop
    vertex -47.31754197423268 225.1494878775054 2.144886829165596
    vertex -46.41679874977581 223.4752312443925 2.14488682916559
    vertex -46.93068989291117 224.2781863129812 3.498079041708062
  endloop
endfacet
facet normal -0.94072 -0.334979 0.0532454
  outer loop
    vertex -47.56849686132074 226.0691848894674 3.497140956174405
    vertex -47.31754197423268 225.1494878775054 2.144886829165596
    vertex -46.93068989291117 224.2781863129812 3.498079041708062
  endloop
endfacet
facet normal -0.997832 -0.0390646 0.0529553
  outer loop
    vertex -47.67778713255586 227.0156815115349 2.136014648350689
    vertex -47.56849686132074 226.0691848894674 3.497140956174405
    vertex -47.64297296147305 227.9689024843835 3.495197339281333
  endloop
endfacet
facet normal -0.0950533 0.994131 -0.0516484
  outer loop
    vertex -41.02914195835586 233.5530867703232 0.5
    vertex -42.92168761169537 233.3721321352529 0.5
    vertex -41.94587180355213 233.5377851976627 1.892616927219193
  endloop
endfacet
facet normal 0.351372 0.934751 0.0527131
  outer loop
    vertex -40.08054934049712 233.4269842405244 4.869616349668667
    vertex -38.30372075167215 232.7593958633679 4.863926631245376
    vertex -39.1687888898582 233.1612193304165 3.504802660718
  endloop
endfacet
facet normal -0.842563 0.536116 0.0516482
  outer loop
    vertex -47.14733583257037 229.8043363476379 6.5
    vertex -46.12672196572967 231.4083378952495 6.5
    vertex -46.71745042963117 230.6141076868026 5.107384102268925
  endloop
endfacet
facet normal -0.992376 0.111407 -0.0527131
  outer loop
    vertex -47.46573341180856 228.9019213742399 2.130383650331308
    vertex -47.67778713255586 227.0156815115349 2.136014648350689
    vertex -47.64297296147305 227.9689024843835 3.495197339281333
  endloop
endfacet
facet normal 0.942754 0.332707 -0.0228224
  outer loop
    vertex -35.72193000405461 230.0282098775244 4.855113170834393
    vertex -35.36950695460966 229.1424226889824 6.5
    vertex -35.25027699641279 228.7066450241484 5.072369442905523
  endloop
endfacet
facet normal -0.723092 -0.690334 0.0240076
  outer loop
    vertex -46.41679874977581 223.4752312443925 2.14488682916559
    vertex -45.78763561553635 222.7590087233285 0.5
    vertex -45.43605246422292 222.4401626060746 1.921085089589935
  endloop
endfacet
facet normal -0.0895748 0.995058 0.0428461
  outer loop
    vertex -42.83863647089879 233.3924565106787 3.401302903551408
    vertex -41.05105589846434 233.5542800470664 3.380260536511058
    vertex -41.94587180355213 233.5377851976627 1.892616927219193
  endloop
endfacet
facet normal 0.353091 0.934178 -0.0513632
  outer loop
    vertex -38.30417220916026 232.7596487331062 2.1448868291656
    vertex -40.10514394311187 233.432128459498 1.995132083339533
    vertex -39.1687888898582 233.1612193304165 3.504802660718
  endloop
endfacet
facet normal -0.845975 0.531507 -0.042739
  outer loop
    vertex -46.18383990603247 231.3420462418051 3.597831766816196
    vertex -47.13844802298877 229.8244025261773 3.619739463488753
    vertex -46.71745042963117 230.6141076868026 5.107384102268925
  endloop
endfacet
facet normal -0.992646 0.109615 0.0513632
  outer loop
    vertex -47.67780819341242 227.0162181422319 4.855113170834399
    vertex -47.45914844153294 228.9261699955033 5.004867916661038
    vertex -47.64297296147305 227.9689024843835 3.495197339281333
  endloop
endfacet
facet normal -0.723092 -0.690334 -0.0240076
  outer loop
    vertex -45.78763561553635 222.7590087233285 6.5
    vertex -46.41679874977581 223.4752312443925 4.855113170834408
    vertex -45.4360524642229 222.4401626060746 5.078914910410065
  endloop
endfacet
facet normal 0.942754 0.332707 0.0228224
  outer loop
    vertex -35.36950695460966 229.1424226889824 0.5
    vertex -35.7219300040546 230.0282098775244 2.144886829165601
    vertex -35.25027699641279 228.7066450241484 1.927630557094474
  endloop
endfacet
facet normal -0.726905 -0.68667 -0.00964495
  outer loop
    vertex -45.54810949404768 222.5366081100636 3.5
    vertex -46.41679874977581 223.4752312443925 2.14488682916559
    vertex -45.43605246422292 222.4401626060746 1.921085089589935
  endloop
endfacet
facet normal 0.94136 0.337305 0.00816867
  outer loop
    vertex -35.28012527484985 228.8280253114816 3.5
    vertex -35.72193000405461 230.0282098775244 4.855113170834393
    vertex -35.25027699641279 228.7066450241484 5.072369442905523
  endloop
endfacet
facet normal -0.726905 -0.68667 0.00964495
  outer loop
    vertex -46.41679874977581 223.4752312443925 4.855113170834408
    vertex -45.54810949404768 222.5366081100636 3.5
    vertex -45.4360524642229 222.4401626060746 5.078914910410065
  endloop
endfacet
facet normal 0.94136 0.337305 -0.00816867
  outer loop
    vertex -35.7219300040546 230.0282098775244 2.144886829165601
    vertex -35.28012527484985 228.8280253114816 3.5
    vertex -35.25027699641279 228.7066450241484 1.927630557094474
  endloop
endfacet
facet normal -0.556087 -0.831047 0.0112972
  outer loop
    vertex -44.24342925578098 221.65 2.5
    vertex -45.54810949404768 222.5366081100636 3.5
    vertex -45.43605246422292 222.4401626060746 1.921085089589935
  endloop
endfacet
facet normal -0.556087 -0.831047 -0.0112972
  outer loop
    vertex -45.54810949404768 222.5366081100636 3.5
    vertex -44.24342925578098 221.65 4.5
    vertex -45.4360524642229 222.4401626060746 5.078914910410065
  endloop
endfacet
facet normal 0.992834 0.119114 -0.00965189
  outer loop
    vertex -35.08264396810747 227.2630123407873 4.5
    vertex -35.28012527484985 228.8280253114816 3.5
    vertex -35.25027699641279 228.7066450241484 5.072369442905523
  endloop
endfacet
facet normal 0.992834 0.119114 0.00965189
  outer loop
    vertex -35.28012527484985 228.8280253114816 3.5
    vertex -35.08264396810747 227.2630123407873 2.5
    vertex -35.25027699641279 228.7066450241484 1.927630557094474
  endloop
endfacet
facet normal -0.779757 -0.622287 0.0688311
  outer loop
    vertex 36.34848918643916 223.4752312443925 2.14488682916559
    vertex 37.21717844216729 222.5366081100636 3.5
    vertex 35.84968450989314 224.2503126156643 3.501487516472635
  endloop
endfacet
facet normal 0.90727 0.414463 -0.0712825
  outer loop
    vertex 47.04335793216036 230.0282098775244 4.855113170834393
    vertex 47.48516266136512 228.8280253114816 3.5
    vertex 46.56131595004313 230.8506796196072 3.501920958291946
  endloop
endfacet
facet normal -0.779811 -0.62221 -0.0689187
  outer loop
    vertex 37.21717844216729 222.5366081100636 3.5
    vertex 36.34848918643916 223.4752312443925 4.855113170834408
    vertex 35.84968450989314 224.2503126156643 3.501487516472635
  endloop
endfacet
facet normal 0.907329 0.414355 0.0711673
  outer loop
    vertex 47.48516266136512 228.8280253114816 3.5
    vertex 47.04335793216036 230.0282098775244 2.144886829165599
    vertex 46.56131595004313 230.8506796196072 3.501920958291946
  endloop
endfacet
facet normal -0.914588 0.401656 -0.0469242
  outer loop
    vertex 35.6179521036446 229.8043363476379 6.5
    vertex 36.05592509054233 230.6269484280801 5.004879533723464
    vertex 35.31015734891314 228.9407805785679 5.107383683752751
  endloop
endfacet
facet normal -0.997924 -0.0338932 0.0547597
  outer loop
    vertex 35.13279628024573 228.0563621240033 3.597870453045031
    vertex 35.08657161774118 227.0405871647108 2.126777732745899
    vertex 35.19661812131612 226.0700814027909 3.531543814723334
  endloop
endfacet
facet normal -0.9132 0.405137 0.0439162
  outer loop
    vertex 35.6179521036446 229.8043363476379 0.5
    vertex 35.30499478191236 228.9219820118608 2.132241742072185
    vertex 36.07304108867786 230.6538997265247 2.125768892260421
  endloop
endfacet
facet normal -0.521948 0.851852 -0.0438081
  outer loop
    vertex 37.31835684876894 232.0766980608545 4.855113170834405
    vertex 38.09121170481718 232.6348345322017 6.5
    vertex 38.93943372119904 233.0699671098037 4.855113170834435
  endloop
endfacet
facet normal -0.998253 -0.0391353 -0.0442659
  outer loop
    vertex 35.12231497474193 227.9689024843836 0.5
    vertex 35.19679107489422 226.0691848894675 0.5
    vertex 35.08657161774118 227.0405871647108 2.126777732745899
  endloop
endfacet
facet normal -0.913159 0.404776 -0.0479354
  outer loop
    vertex 36.07304108867786 230.6538997265247 2.125768892260421
    vertex 35.30499478191236 228.9219820118608 2.132241742072185
    vertex 35.60933266150397 229.7846936364795 3.619571622108981
  endloop
endfacet
facet normal 0.488177 0.871644 -0.0438081
  outer loop
    vertex 45.25524161344817 232.232216248588 0.5
    vertex 43.59649904635676 233.1612193304165 0.5
    vertex 44.4611157270547 232.7596487331062 2.1448868291656
  endloop
endfacet
facet normal -0.964479 0.260446 -0.0441326
  outer loop
    vertex 35.6179521036446 229.8043363476379 0.5
    vertex 35.12231497474193 227.9689024843836 0.5
    vertex 35.30499478191236 228.9219820118608 2.132241742072185
  endloop
endfacet
facet normal -0.644506 0.763344 0.0438081
  outer loop
    vertex 36.6385659704853 231.4083378952495 6.5
    vertex 38.09121170481718 232.6348345322017 6.5
    vertex 37.31835684876894 232.0766980608545 4.855113170834405
  endloop
endfacet
facet normal -0.521948 0.851852 0.0438081
  outer loop
    vertex 38.09121170481718 232.6348345322017 0.5
    vertex 37.31835684876896 232.0766980608545 2.144886829165601
    vertex 38.93943372119896 233.0699671098036 2.144886829165602
  endloop
endfacet
facet normal 0.20592 0.977588 -0.0438081
  outer loop
    vertex 43.59649904635676 233.1612193304165 0.5
    vertex 41.7361459778591 233.5530867703232 0.5
    vertex 42.68118954949533 233.4277328837688 2.144886829165592
  endloop
endfacet
facet normal -0.84286 0.536305 -0.0443169
  outer loop
    vertex 36.63856597048529 231.4083378952495 0.5
    vertex 35.6179521036446 229.8043363476379 0.5
    vertex 36.07304108867786 230.6538997265247 2.125768892260421
  endloop
endfacet
facet normal -0.387439 0.920854 -0.0438081
  outer loop
    vertex 39.8436003245196 233.3721321352529 0.5
    vertex 38.09121170481718 232.6348345322017 0.5
    vertex 38.93943372119896 233.0699671098036 2.144886829165602
  endloop
endfacet
facet normal 0.0560576 0.997466 0.0438081
  outer loop
    vertex 41.7361459778591 233.5530867703232 0.5
    vertex 40.78300792317845 233.5344106389041 2.144886829165594
    vertex 42.68118954949533 233.4277328837688 2.144886829165592
  endloop
endfacet
facet normal 0.351068 0.935325 0.0438081
  outer loop
    vertex 44.4611157270547 232.7596487331062 2.1448868291656
    vertex 43.59649904635676 233.1612193304165 0.5
    vertex 42.68118954949533 233.4277328837688 2.144886829165592
  endloop
endfacet
facet normal -0.941143 -0.335158 -0.0438081
  outer loop
    vertex 35.19679107489422 226.0691848894675 0.5
    vertex 35.8345980433038 224.2781863129812 0.5
    vertex 35.44774596198229 225.1494878775054 2.144886829165596
  endloop
endfacet
facet normal 0.20592 0.977588 0.0438081
  outer loop
    vertex 41.73614597785912 233.5530867703232 6.5
    vertex 43.59649904635677 233.1612193304165 6.5
    vertex 42.68118954949534 233.4277328837688 4.8551131708344
  endloop
endfacet
facet normal -0.752056 0.657657 0.0435828
  outer loop
    vertex 37.31835684876896 232.0766980608545 2.144886829165601
    vertex 36.63856597048529 231.4083378952495 0.5
    vertex 36.07304108867786 230.6538997265247 2.125768892260421
  endloop
endfacet
facet normal -0.992387 0.115085 0.0438683
  outer loop
    vertex 35.30499478191236 228.9219820118608 2.132241742072185
    vertex 35.12231497474193 227.9689024843836 0.5
    vertex 35.08657161774118 227.0405871647108 2.126777732745899
  endloop
endfacet
facet normal -0.981323 -0.186987 0.0451682
  outer loop
    vertex 35.19679107489422 226.0691848894675 0.5
    vertex 35.44774596198229 225.1494878775054 2.144886829165596
    vertex 35.08657161774118 227.0405871647108 2.126777732745899
  endloop
endfacet
facet normal -0.387439 0.920854 0.0438081
  outer loop
    vertex 38.09121170481718 232.6348345322017 6.5
    vertex 39.84360032451961 233.3721321352529 6.5
    vertex 38.93943372119904 233.0699671098037 4.855113170834435
  endloop
endfacet
facet normal -0.0950889 0.994504 -0.0438081
  outer loop
    vertex 41.7361459778591 233.5530867703232 0.5
    vertex 39.8436003245196 233.3721321352529 0.5
    vertex 40.78300792317845 233.5344106389041 2.144886829165594
  endloop
endfacet
facet normal -0.244058 0.968771 0.0438081
  outer loop
    vertex 40.78300792317845 233.5344106389041 2.144886829165594
    vertex 39.8436003245196 233.3721321352529 0.5
    vertex 38.93943372119896 233.0699671098036 2.144886829165602
  endloop
endfacet
facet normal -0.644506 0.763344 -0.0438081
  outer loop
    vertex 38.09121170481718 232.6348345322017 0.5
    vertex 36.63856597048529 231.4083378952495 0.5
    vertex 37.31835684876896 232.0766980608545 2.144886829165601
  endloop
endfacet
facet normal 0.725977 0.686322 0.0438081
  outer loop
    vertex 45.25524161344818 232.232216248588 6.5
    vertex 46.56131595004314 230.8506796196072 6.5
    vertex 45.96069282441272 231.5909990169778 4.855113170834405
  endloop
endfacet
facet normal -0.998273 -0.0391361 0.0438081
  outer loop
    vertex 35.19679107489422 226.0691848894675 6.5
    vertex 35.12231497474193 227.9689024843836 6.5
    vertex 35.08747974280254 227.0162181422319 4.855113170834399
  endloop
endfacet
facet normal 0.351068 0.935325 -0.0438081
  outer loop
    vertex 42.68118954949534 233.4277328837688 4.8551131708344
    vertex 43.59649904635677 233.1612193304165 6.5
    vertex 44.46111572705471 232.7596487331062 4.855113170834787
  endloop
endfacet
facet normal 0.0560576 0.997466 -0.0438081
  outer loop
    vertex 41.73614597785912 233.5530867703232 6.5
    vertex 42.68118954949534 233.4277328837688 4.8551131708344
    vertex 40.78300792317846 233.5344106389041 4.855113170834781
  endloop
endfacet
facet normal 0.614108 0.788005 -0.0438081
  outer loop
    vertex 45.25524161344818 232.232216248588 6.5
    vertex 45.96069282441272 231.5909990169778 4.855113170834405
    vertex 44.46111572705471 232.7596487331062 4.855113170834787
  endloop
endfacet
facet normal -0.244058 0.968771 -0.0438081
  outer loop
    vertex 39.84360032451961 233.3721321352529 6.5
    vertex 40.78300792317846 233.5344106389041 4.855113170834781
    vertex 38.93943372119904 233.0699671098037 4.855113170834435
  endloop
endfacet
facet normal 0.488177 0.871644 0.0438081
  outer loop
    vertex 43.59649904635677 233.1612193304165 6.5
    vertex 45.25524161344818 232.232216248588 6.5
    vertex 44.46111572705471 232.7596487331062 4.855113170834787
  endloop
endfacet
facet normal -0.0950889 0.994504 0.0438081
  outer loop
    vertex 39.84360032451961 233.3721321352529 6.5
    vertex 41.73614597785912 233.5530867703232 6.5
    vertex 40.78300792317846 233.5344106389041 4.855113170834781
  endloop
endfacet
facet normal -0.941144 -0.335158 0.0437859
  outer loop
    vertex 35.83459804330379 224.2781863129812 6.5
    vertex 35.19679107489422 226.0691848894675 6.5
    vertex 35.44725063842033 225.15087929055 4.854279201880631
  endloop
endfacet
facet normal 0.897663 0.438499 0.0438081
  outer loop
    vertex 46.56131595004314 230.8506796196072 6.5
    vertex 47.39578098160531 229.1424226889824 6.5
    vertex 47.04335793216036 230.0282098775244 4.855113170834393
  endloop
endfacet
facet normal 0.821222 0.568924 -0.0438081
  outer loop
    vertex 45.96069282441272 231.5909990169778 4.855113170834405
    vertex 46.56131595004314 230.8506796196072 6.5
    vertex 47.04335793216036 230.0282098775244 4.855113170834393
  endloop
endfacet
facet normal -0.798305 -0.600658 -0.0438081
  outer loop
    vertex 35.8345980433038 224.2781863129812 0.5
    vertex 36.97765232067862 222.7590087233285 0.5
    vertex 36.34848918643916 223.4752312443925 2.14488682916559
  endloop
endfacet
facet normal -0.879797 -0.473327 0.0438081
  outer loop
    vertex 35.44774596198229 225.1494878775054 2.144886829165596
    vertex 35.8345980433038 224.2781863129812 0.5
    vertex 36.34848918643916 223.4752312443925 2.14488682916559
  endloop
endfacet
facet normal 0.614108 0.788005 0.0438081
  outer loop
    vertex 45.25524161344817 232.232216248588 0.5
    vertex 44.4611157270547 232.7596487331062 2.1448868291656
    vertex 45.96069282441273 231.5909990169778 2.144886829165603
  endloop
endfacet
facet normal 0.725977 0.686322 -0.0438081
  outer loop
    vertex 46.56131595004314 230.8506796196072 0.5
    vertex 45.25524161344817 232.232216248588 0.5
    vertex 45.96069282441273 231.5909990169778 2.144886829165603
  endloop
endfacet
facet normal -0.879841 -0.47324 -0.0438646
  outer loop
    vertex 36.34848918643916 223.4752312443925 4.855113170834408
    vertex 35.83459804330379 224.2781863129812 6.5
    vertex 35.44725063842033 225.15087929055 4.854279201880631
  endloop
endfacet
facet normal -0.980968 -0.189181 -0.0437295
  outer loop
    vertex 35.19679107489422 226.0691848894675 6.5
    vertex 35.08747974280254 227.0162181422319 4.855113170834399
    vertex 35.44725063842033 225.15087929055 4.854279201880631
  endloop
endfacet
facet normal 0.897663 0.438499 -0.0438081
  outer loop
    vertex 47.3957809816053 229.1424226889824 0.5
    vertex 46.56131595004314 230.8506796196072 0.5
    vertex 47.04335793216036 230.0282098775244 2.144886829165599
  endloop
endfacet
facet normal -0.798305 -0.600658 0.0438081
  outer loop
    vertex 36.97765232067862 222.7590087233285 6.5
    vertex 35.83459804330379 224.2781863129812 6.5
    vertex 36.34848918643916 223.4752312443925 4.855113170834408
  endloop
endfacet
facet normal 0.821222 0.568924 0.0438081
  outer loop
    vertex 47.04335793216036 230.0282098775244 2.144886829165599
    vertex 46.56131595004314 230.8506796196072 0.5
    vertex 45.96069282441273 231.5909990169778 2.144886829165603
  endloop
endfacet
facet normal -0.912469 0.406432 0.0470525
  outer loop
    vertex 36.05592509054233 230.6269484280801 5.004879533723464
    vertex 35.60933266150397 229.7846936364795 3.619571622108981
    vertex 35.31015734891314 228.9407805785679 5.107383683752751
  endloop
endfacet
facet normal -0.997698 -0.030027 -0.0608034
  outer loop
    vertex 35.08747974280254 227.0162181422319 4.855113170834399
    vertex 35.13279628024573 228.0563621240033 3.597870453045031
    vertex 35.19661812131612 226.0700814027909 3.531543814723334
  endloop
endfacet
facet normal -0.84271 0.53621 0.0481623
  outer loop
    vertex 35.6179521036446 229.8043363476379 6.5
    vertex 36.6385659704853 231.4083378952495 6.5
    vertex 36.05592509054233 230.6269484280801 5.004879533723464
  endloop
endfacet
facet normal -0.992145 0.115325 -0.0484557
  outer loop
    vertex 35.30499478191236 228.9219820118608 2.132241742072185
    vertex 35.08657161774118 227.0405871647108 2.126777732745899
    vertex 35.13279628024573 228.0563621240033 3.597870453045031
  endloop
endfacet
facet normal -0.562061 -0.827096 0
  outer loop
    vertex 38.52185868043399 221.65 2.5
    vertex 38.52185868043399 221.65 4.5
    vertex 37.21717844216729 222.5366081100636 3.5
  endloop
endfacet
facet normal -0.841694 0.537496 0.0514753
  outer loop
    vertex 36.07304108867786 230.6538997265247 2.125768892260421
    vertex 35.60933266150397 229.7846936364795 3.619571622108981
    vertex 36.63856597048532 231.4083378952495 3.495197339282582
  endloop
endfacet
facet normal -0.991415 0.121155 -0.0491746
  outer loop
    vertex 35.08747974280254 227.0162181422319 4.855113170834399
    vertex 35.12231497474193 227.9689024843836 6.5
    vertex 35.31015734891314 228.9407805785679 5.107383683752751
  endloop
endfacet
facet normal 0.992132 0.125192 0
  outer loop
    vertex 47.6826439681075 227.2630123407873 4.5
    vertex 47.6826439681075 227.2630123407873 2.5
    vertex 47.48516266136512 228.8280253114816 3.5
  endloop
endfacet
facet normal -0.552317 -0.833634 0
  outer loop
    vertex 38.52185868043399 221.65 0.5
    vertex 38.52185868043399 221.65 2.5
    vertex 37.32923547199206 222.4401626060746 1.921085089589934
  endloop
endfacet
facet normal 0.993533 0.113542 0
  outer loop
    vertex 47.6826439681075 227.2630123407873 6.5
    vertex 47.6826439681075 227.2630123407873 4.5
    vertex 47.52020689974617 228.6843923955844 5.078914910410059
  endloop
endfacet
facet normal -0.552317 -0.833634 0
  outer loop
    vertex 38.52185868043399 221.65 4.5
    vertex 38.52185868043399 221.65 6.5
    vertex 37.32923547199206 222.4401626060746 5.078914910410066
  endloop
endfacet
facet normal 0.993533 0.113542 0
  outer loop
    vertex 47.6826439681075 227.2630123407873 2.5
    vertex 47.6826439681075 227.2630123407873 0.5
    vertex 47.52020689974617 228.6843923955844 1.921085089589939
  endloop
endfacet
facet normal 0.987841 0.150779 0.0378949
  outer loop
    vertex 47.39578098160531 229.1424226889824 6.5
    vertex 47.6826439681075 227.2630123407873 6.5
    vertex 47.52020689974617 228.6843923955844 5.078914910410059
  endloop
endfacet
facet normal -0.582908 -0.811654 -0.0378949
  outer loop
    vertex 36.97765232067862 222.7590087233285 0.5
    vertex 38.52185868043399 221.65 0.5
    vertex 37.32923547199206 222.4401626060746 1.921085089589934
  endloop
endfacet
facet normal -0.582908 -0.811654 0.0378949
  outer loop
    vertex 38.52185868043399 221.65 6.5
    vertex 36.97765232067862 222.7590087233285 6.5
    vertex 37.32923547199206 222.4401626060746 5.078914910410066
  endloop
endfacet
facet normal 0.987841 0.150779 -0.0378949
  outer loop
    vertex 47.6826439681075 227.2630123407873 0.5
    vertex 47.3957809816053 229.1424226889824 0.5
    vertex 47.52020689974617 228.6843923955844 1.921085089589939
  endloop
endfacet
facet normal -0.845265 0.531917 -0.050906
  outer loop
    vertex 35.60933266150397 229.7846936364795 3.619571622108981
    vertex 36.05592509054233 230.6269484280801 5.004879533723464
    vertex 36.63856597048532 231.4083378952495 3.495197339282582
  endloop
endfacet
facet normal -0.992729 0.107856 0.053449
  outer loop
    vertex 35.13279628024573 228.0563621240033 3.597870453045031
    vertex 35.08747974280254 227.0162181422319 4.855113170834399
    vertex 35.31015734891314 228.9407805785679 5.107383683752751
  endloop
endfacet
facet normal -0.96326 0.265046 0.0433651
  outer loop
    vertex 35.60933266150397 229.7846936364795 3.619571622108981
    vertex 35.30499478191236 228.9219820118608 2.132241742072185
    vertex 35.13279628024573 228.0563621240033 3.597870453045031
  endloop
endfacet
facet normal -0.755711 0.653224 -0.046895
  outer loop
    vertex 36.6385659704853 231.4083378952495 6.5
    vertex 37.31835684876894 232.0766980608545 4.855113170834405
    vertex 36.05592509054233 230.6269484280801 5.004879533723464
  endloop
endfacet
facet normal -0.0950077 0.994059 -0.0531122
  outer loop
    vertex 40.78300792317846 233.5344106389041 4.855113170834781
    vertex 41.73609208849195 233.5530897986726 3.499829242784664
    vertex 39.84360282068687 233.3721327641008 3.498306844299644
  endloop
endfacet
facet normal 0.35091 0.934903 -0.053099
  outer loop
    vertex 44.4611157270547 232.7596487331062 2.1448868291656
    vertex 42.68118954949533 233.4277328837688 2.144886829165592
    vertex 43.59649738716841 233.1612199531822 3.501350138723882
  endloop
endfacet
facet normal 0.0560321 0.997014 0.0531451
  outer loop
    vertex 40.78300792317846 233.5344106389041 4.855113170834781
    vertex 42.68118954949534 233.4277328837688 4.8551131708344
    vertex 41.73609208849195 233.5530897986726 3.499829242784664
  endloop
endfacet
facet normal -0.243948 0.968334 0.0530856
  outer loop
    vertex 38.93943372119904 233.0699671098037 4.855113170834435
    vertex 40.78300792317846 233.5344106389041 4.855113170834781
    vertex 39.84360282068687 233.3721327641008 3.498306844299644
  endloop
endfacet
facet normal -0.521709 0.851461 -0.0532401
  outer loop
    vertex 38.93943372119896 233.0699671098036 2.144886829165602
    vertex 37.31835684876896 232.0766980608545 2.144886829165601
    vertex 38.09130661040962 232.6348926817687 3.49774513056131
  endloop
endfacet
facet normal 0.487947 0.871257 0.0530909
  outer loop
    vertex 44.4611157270547 232.7596487331062 2.1448868291656
    vertex 43.59649738716841 233.1612199531822 3.501350138723882
    vertex 45.25524172682799 232.2322161602289 3.501772556957683
  endloop
endfacet
facet normal -0.644157 0.763054 -0.0530203
  outer loop
    vertex 37.31835684876894 232.0766980608545 4.855113170834405
    vertex 38.09130661040962 232.6348926817687 3.49774513056131
    vertex 36.63856597048532 231.4083378952495 3.495197339282582
  endloop
endfacet
facet normal 0.613831 0.78765 -0.0530826
  outer loop
    vertex 45.96069282441273 231.5909990169778 2.144886829165603
    vertex 44.4611157270547 232.7596487331062 2.1448868291656
    vertex 45.25524172682799 232.2322161602289 3.501772556957683
  endloop
endfacet
facet normal 0.205781 0.977155 0.0531316
  outer loop
    vertex 42.68118954949533 233.4277328837688 2.144886829165592
    vertex 41.73609208849195 233.5530897986726 3.499829242784664
    vertex 43.59649738716841 233.1612199531822 3.501350138723882
  endloop
endfacet
facet normal 0.205864 0.977135 -0.0531778
  outer loop
    vertex 41.73609208849195 233.5530897986726 3.499829242784664
    vertex 42.68118954949534 233.4277328837688 4.8551131708344
    vertex 43.59649738716841 233.1612199531822 3.501350138723882
  endloop
endfacet
facet normal -0.387242 0.92045 -0.0530687
  outer loop
    vertex 38.09130661040962 232.6348926817687 3.49774513056131
    vertex 38.93943372119904 233.0699671098037 4.855113170834435
    vertex 39.84360282068687 233.3721327641008 3.498306844299644
  endloop
endfacet
facet normal -0.387268 0.92043 0.0532231
  outer loop
    vertex 38.93943372119896 233.0699671098036 2.144886829165602
    vertex 38.09130661040962 232.6348926817687 3.49774513056131
    vertex 39.84360282068687 233.3721327641008 3.498306844299644
  endloop
endfacet
facet normal 0.725647 0.686017 0.0530796
  outer loop
    vertex 45.96069282441273 231.5909990169778 2.144886829165603
    vertex 45.25524172682799 232.2322161602289 3.501772556957683
    vertex 46.56131595004313 230.8506796196072 3.501920958291946
  endloop
endfacet
facet normal -0.644256 0.762951 0.0532964
  outer loop
    vertex 38.09130661040962 232.6348926817687 3.49774513056131
    vertex 37.31835684876896 232.0766980608545 2.144886829165601
    vertex 36.63856597048532 231.4083378952495 3.495197339282582
  endloop
endfacet
facet normal -0.980448 -0.189125 0.0543481
  outer loop
    vertex 35.44725063842033 225.15087929055 4.854279201880631
    vertex 35.08747974280254 227.0162181422319 4.855113170834399
    vertex 35.19661812131612 226.0700814027909 3.531543814723334
  endloop
endfacet
facet normal -0.940057 -0.336442 -0.0556794
  outer loop
    vertex 35.44725063842033 225.15087929055 4.854279201880631
    vertex 35.19661812131612 226.0700814027909 3.531543814723334
    vertex 35.84968450989314 224.2503126156643 3.501487516472635
  endloop
endfacet
facet normal -0.879459 -0.472986 0.0532464
  outer loop
    vertex 36.34848918643916 223.4752312443925 4.855113170834408
    vertex 35.44725063842033 225.15087929055 4.854279201880631
    vertex 35.84968450989314 224.2503126156643 3.501487516472635
  endloop
endfacet
facet normal -0.521714 0.851469 0.0530637
  outer loop
    vertex 37.31835684876894 232.0766980608545 4.855113170834405
    vertex 38.93943372119904 233.0699671098037 4.855113170834435
    vertex 38.09130661040962 232.6348926817687 3.49774513056131
  endloop
endfacet
facet normal 0.0560321 0.997013 -0.0531585
  outer loop
    vertex 42.68118954949533 233.4277328837688 2.144886829165592
    vertex 40.78300792317845 233.5344106389041 2.144886829165594
    vertex 41.73609208849195 233.5530897986726 3.499829242784664
  endloop
endfacet
facet normal 0.613827 0.787645 0.0532212
  outer loop
    vertex 44.46111572705471 232.7596487331062 4.855113170834787
    vertex 45.96069282441272 231.5909990169778 4.855113170834405
    vertex 45.25524172682799 232.2322161602289 3.501772556957683
  endloop
endfacet
facet normal -0.243946 0.968327 -0.0532181
  outer loop
    vertex 40.78300792317845 233.5344106389041 2.144886829165594
    vertex 38.93943372119896 233.0699671098036 2.144886829165602
    vertex 39.84360282068687 233.3721327641008 3.498306844299644
  endloop
endfacet
facet normal 0.350908 0.934897 0.0532046
  outer loop
    vertex 42.68118954949534 233.4277328837688 4.8551131708344
    vertex 44.46111572705471 232.7596487331062 4.855113170834787
    vertex 43.59649738716841 233.1612199531822 3.501350138723882
  endloop
endfacet
facet normal -0.0950921 0.994047 0.0531851
  outer loop
    vertex 41.73609208849195 233.5530897986726 3.499829242784664
    vertex 40.78300792317845 233.5344106389041 2.144886829165594
    vertex 39.84360282068687 233.3721327641008 3.498306844299644
  endloop
endfacet
facet normal 0.487964 0.87124 -0.053213
  outer loop
    vertex 43.59649738716841 233.1612199531822 3.501350138723882
    vertex 44.46111572705471 232.7596487331062 4.855113170834787
    vertex 45.25524172682799 232.2322161602289 3.501772556957683
  endloop
endfacet
facet normal 0.725647 0.686005 -0.0532241
  outer loop
    vertex 45.25524172682799 232.2322161602289 3.501772556957683
    vertex 45.96069282441272 231.5909990169778 4.855113170834405
    vertex 46.56131595004313 230.8506796196072 3.501920958291946
  endloop
endfacet
facet normal 0.820853 0.568668 -0.0530768
  outer loop
    vertex 47.04335793216036 230.0282098775244 2.144886829165599
    vertex 45.96069282441273 231.5909990169778 2.144886829165603
    vertex 46.56131595004313 230.8506796196072 3.501920958291946
  endloop
endfacet
facet normal -0.980776 -0.187822 -0.0529278
  outer loop
    vertex 35.08657161774118 227.0405871647108 2.126777732745899
    vertex 35.44774596198229 225.1494878775054 2.144886829165596
    vertex 35.19661812131612 226.0700814027909 3.531543814723334
  endloop
endfacet
facet normal 0.820846 0.568664 0.053227
  outer loop
    vertex 45.96069282441272 231.5909990169778 4.855113170834405
    vertex 47.04335793216036 230.0282098775244 4.855113170834393
    vertex 46.56131595004313 230.8506796196072 3.501920958291946
  endloop
endfacet
facet normal -0.879403 -0.473115 -0.0530352
  outer loop
    vertex 35.44774596198229 225.1494878775054 2.144886829165596
    vertex 36.34848918643916 223.4752312443925 2.14488682916559
    vertex 35.84968450989314 224.2503126156643 3.501487516472635
  endloop
endfacet
facet normal -0.939551 -0.338077 0.0542914
  outer loop
    vertex 35.19661812131612 226.0700814027909 3.531543814723334
    vertex 35.44774596198229 225.1494878775054 2.144886829165596
    vertex 35.84968450989314 224.2503126156643 3.501487516472635
  endloop
endfacet
facet normal -0.964131 0.260352 0.051648
  outer loop
    vertex 35.12231497474193 227.9689024843836 6.5
    vertex 35.6179521036446 229.8043363476379 6.5
    vertex 35.31015734891314 228.9407805785679 5.107383683752751
  endloop
endfacet
facet normal -0.751098 0.658109 -0.0523851
  outer loop
    vertex 37.31835684876896 232.0766980608545 2.144886829165601
    vertex 36.07304108867786 230.6538997265247 2.125768892260421
    vertex 36.63856597048532 231.4083378952495 3.495197339282582
  endloop
endfacet
facet normal 0.943407 0.330767 -0.0240076
  outer loop
    vertex 47.04335793216036 230.0282098775244 4.855113170834393
    vertex 47.39578098160531 229.1424226889824 6.5
    vertex 47.52020689974617 228.6843923955844 5.078914910410059
  endloop
endfacet
facet normal -0.723092 -0.690334 0.0240076
  outer loop
    vertex 36.34848918643916 223.4752312443925 2.14488682916559
    vertex 36.97765232067862 222.7590087233285 0.5
    vertex 37.32923547199206 222.4401626060746 1.921085089589934
  endloop
endfacet
facet normal -0.963009 0.266058 -0.0427331
  outer loop
    vertex 35.60933266150397 229.7846936364795 3.619571622108981
    vertex 35.13279628024573 228.0563621240033 3.597870453045031
    vertex 35.31015734891314 228.9407805785679 5.107383683752751
  endloop
endfacet
facet normal -0.750518 0.658851 0.0513599
  outer loop
    vertex 36.05592509054233 230.6269484280801 5.004879533723464
    vertex 37.31835684876894 232.0766980608545 4.855113170834405
    vertex 36.63856597048532 231.4083378952495 3.495197339282582
  endloop
endfacet
facet normal -0.723092 -0.690334 -0.0240076
  outer loop
    vertex 36.97765232067862 222.7590087233285 6.5
    vertex 36.34848918643916 223.4752312443925 4.855113170834408
    vertex 37.32923547199206 222.4401626060746 5.078914910410066
  endloop
endfacet
facet normal 0.943407 0.330767 0.0240076
  outer loop
    vertex 47.3957809816053 229.1424226889824 0.5
    vertex 47.04335793216036 230.0282098775244 2.144886829165599
    vertex 47.52020689974617 228.6843923955844 1.921085089589939
  endloop
endfacet
facet normal -0.726905 -0.68667 -0.00964495
  outer loop
    vertex 37.21717844216729 222.5366081100636 3.5
    vertex 36.34848918643916 223.4752312443925 2.14488682916559
    vertex 37.32923547199206 222.4401626060746 1.921085089589934
  endloop
endfacet
facet normal 0.941874 0.335827 0.00964495
  outer loop
    vertex 47.48516266136512 228.8280253114816 3.5
    vertex 47.04335793216036 230.0282098775244 4.855113170834393
    vertex 47.52020689974617 228.6843923955844 5.078914910410059
  endloop
endfacet
facet normal -0.726905 -0.68667 0.00964495
  outer loop
    vertex 36.34848918643916 223.4752312443925 4.855113170834408
    vertex 37.21717844216729 222.5366081100636 3.5
    vertex 37.32923547199206 222.4401626060746 5.078914910410066
  endloop
endfacet
facet normal 0.941874 0.335827 -0.00964495
  outer loop
    vertex 47.04335793216036 230.0282098775244 2.144886829165599
    vertex 47.48516266136512 228.8280253114816 3.5
    vertex 47.52020689974617 228.6843923955844 1.921085089589939
  endloop
endfacet
facet normal -0.556087 -0.831047 0.0112972
  outer loop
    vertex 38.52185868043399 221.65 2.5
    vertex 37.21717844216729 222.5366081100636 3.5
    vertex 37.32923547199206 222.4401626060746 1.921085089589934
  endloop
endfacet
facet normal -0.556087 -0.831047 -0.0112972
  outer loop
    vertex 37.21717844216729 222.5366081100636 3.5
    vertex 38.52185868043399 221.65 4.5
    vertex 37.32923547199206 222.4401626060746 5.078914910410066
  endloop
endfacet
facet normal 0.99294 0.118076 -0.0112972
  outer loop
    vertex 47.6826439681075 227.2630123407873 4.5
    vertex 47.48516266136512 228.8280253114816 3.5
    vertex 47.52020689974617 228.6843923955844 5.078914910410059
  endloop
endfacet
facet normal 0.99294 0.118076 0.0112972
  outer loop
    vertex 47.48516266136512 228.8280253114816 3.5
    vertex 47.6826439681075 227.2630123407873 2.5
    vertex 47.52020689974617 228.6843923955844 1.921085089589939
  endloop
endfacet
facet normal 0.990507 -0.137464 0
  outer loop
    vertex 47.6826439681075 227.2630123407873 2.5
    vertex 47.6826439681075 227.2630123407873 4.5
    vertex 47.44454873001226 225.5474043851062 3.5
  endloop
endfacet
facet normal 0.759612 -0.649097 -0.0407675
  outer loop
    vertex 46.33468313624154 223.3684895102898 5.03307957582226
    vertex 45.52199518239432 222.5137206541479 3.5
    vertex 46.71921481996841 223.9147274749092 3.500817254708303
  endloop
endfacet
facet normal 0.759628 -0.649157 0.0394924
  outer loop
    vertex 45.52199518239432 222.5137206541479 3.5
    vertex 46.35816134144154 223.3985295982135 1.960589702818832
    vertex 46.71921481996841 223.9147274749092 3.500817254708303
  endloop
endfacet
facet normal 0.772451 -0.633842 0.0395399
  outer loop
    vertex 46.75446615952184 223.971580077497 6.5
    vertex 45.65948742914755 222.6371491770352 6.5
    vertex 46.33468313624154 223.3684895102898 5.03307957582226
  endloop
endfacet
facet normal 0.915467 -0.400386 -0.0401395
  outer loop
    vertex 46.75446615952184 223.971580077497 0.5
    vertex 47.4461610912758 225.5531117305047 0.5
    vertex 47.11255279703939 224.6442063510034 1.957567093539372
  endloop
endfacet
facet normal 0.915476 -0.40039 0.0398861
  outer loop
    vertex 47.4461610912758 225.5531117305047 6.5
    vertex 46.75446615952184 223.971580077497 6.5
    vertex 47.09582450266697 224.6079100490609 5.052756107150106
  endloop
endfacet
facet normal 0.851991 -0.522758 -0.0288911
  outer loop
    vertex 46.75446615952184 223.971580077497 6.5
    vertex 46.33468313624154 223.3684895102898 5.03307957582226
    vertex 47.09582450266697 224.6079100490609 5.052756107150106
  endloop
endfacet
facet normal 0.772465 -0.633853 -0.0390925
  outer loop
    vertex 45.65948742914756 222.6371491770352 0.5
    vertex 46.75446615952184 223.971580077497 0.5
    vertex 46.35816134144154 223.3985295982135 1.960589702818832
  endloop
endfacet
facet normal 0.559779 -0.828642 0
  outer loop
    vertex 44.24342925578102 221.65 4.5
    vertex 44.24342925578102 221.65 2.5
    vertex 45.52199518239432 222.5137206541479 3.5
  endloop
endfacet
facet normal 0.855044 -0.517751 0.0288654
  outer loop
    vertex 46.35816134144154 223.3985295982135 1.960589702818832
    vertex 46.75446615952184 223.971580077497 0.5
    vertex 47.11255279703939 224.6442063510034 1.957567093539372
  endloop
endfacet
facet normal 0.851637 -0.52343 0.0271259
  outer loop
    vertex 47.09582450266697 224.6079100490609 5.052756107150106
    vertex 46.33468313624154 223.3684895102898 5.03307957582226
    vertex 46.71921481996841 223.9147274749092 3.500817254708303
  endloop
endfacet
facet normal 0.855032 -0.517879 -0.0268688
  outer loop
    vertex 46.35816134144154 223.3985295982135 1.960589702818832
    vertex 47.11255279703939 224.6442063510034 1.957567093539372
    vertex 46.71921481996841 223.9147274749092 3.500817254708303
  endloop
endfacet
facet normal 0.993834 -0.110882 0
  outer loop
    vertex 47.6826439681075 227.2630123407873 4.5
    vertex 47.6826439681075 227.2630123407873 6.5
    vertex 47.52772841440589 225.8745105770644 5.160419634716993
  endloop
endfacet
facet normal 0.545317 -0.83823 1.93735e-15
  outer loop
    vertex 44.24342925578101 221.65 6.5
    vertex 44.24342925578102 221.65 4.5
    vertex 45.35470781497123 222.372950092059 5.181898620469951
  endloop
endfacet
facet normal 0.994008 -0.109305 0
  outer loop
    vertex 47.6826439681075 227.2630123407873 0.5
    vertex 47.6826439681075 227.2630123407873 2.5
    vertex 47.53210386016752 225.8940189018165 1.826068967431482
  endloop
endfacet
facet normal 0.546315 -0.83758 0
  outer loop
    vertex 44.24342925578102 221.65 2.5
    vertex 44.24342925578102 221.65 0.5
    vertex 45.36635045116755 222.3824301360883 1.834163188399296
  endloop
endfacet
facet normal 0.913113 -0.40564 0.0409892
  outer loop
    vertex 47.11255279703939 224.6442063510034 1.957567093539372
    vertex 47.44454873001226 225.5474043851062 3.5
    vertex 46.71921481996841 223.9147274749092 3.500817254708303
  endloop
endfacet
facet normal 0.913121 -0.405684 -0.0403864
  outer loop
    vertex 47.44454873001226 225.5474043851062 3.5
    vertex 47.09582450266697 224.6079100490609 5.052756107150106
    vertex 46.71921481996841 223.9147274749092 3.500817254708303
  endloop
endfacet
facet normal 0.990198 -0.136947 0.0274365
  outer loop
    vertex 47.6826439681075 227.2630123407873 6.5
    vertex 47.4461610912758 225.5531117305047 6.5
    vertex 47.52772841440589 225.8745105770644 5.160419634716993
  endloop
endfacet
facet normal 0.571596 -0.819951 -0.0309565
  outer loop
    vertex 44.24342925578102 221.65 0.5
    vertex 45.65948742914756 222.6371491770352 0.5
    vertex 45.36635045116755 222.3824301360883 1.834163188399296
  endloop
endfacet
facet normal 0.571574 -0.819919 0.0321809
  outer loop
    vertex 45.65948742914755 222.6371491770352 6.5
    vertex 44.24342925578101 221.65 6.5
    vertex 45.35470781497123 222.372950092059 5.181898620469951
  endloop
endfacet
facet normal 0.990156 -0.136941 -0.0289673
  outer loop
    vertex 47.4461610912758 225.5531117305047 0.5
    vertex 47.6826439681075 227.2630123407873 0.5
    vertex 47.53210386016752 225.8940189018165 1.826068967431482
  endloop
endfacet
facet normal 0.99215 -0.122192 0.0265927
  outer loop
    vertex 47.6826439681075 227.2630123407873 2.5
    vertex 47.44454873001226 225.5474043851062 3.5
    vertex 47.53210386016752 225.8940189018165 1.826068967431482
  endloop
endfacet
facet normal 0.992101 -0.12282 -0.0255041
  outer loop
    vertex 47.44454873001226 225.5474043851062 3.5
    vertex 47.6826439681075 227.2630123407873 4.5
    vertex 47.52772841440589 225.8745105770644 5.160419634716993
  endloop
endfacet
facet normal 0.713523 -0.700523 0.0123374
  outer loop
    vertex 45.52199518239432 222.5137206541479 3.5
    vertex 46.33468313624154 223.3684895102898 5.03307957582226
    vertex 45.35470781497123 222.372950092059 5.181898620469951
  endloop
endfacet
facet normal 0.947349 -0.31977 -0.0166623
  outer loop
    vertex 47.44454873001226 225.5474043851062 3.5
    vertex 47.11255279703939 224.6442063510034 1.957567093539372
    vertex 47.53210386016752 225.8940189018165 1.826068967431482
  endloop
endfacet
facet normal 0.716299 -0.697691 -0.0119387
  outer loop
    vertex 46.35816134144154 223.3985295982135 1.960589702818832
    vertex 45.52199518239432 222.5137206541479 3.5
    vertex 45.36635045116755 222.3824301360883 1.834163188399296
  endloop
endfacet
facet normal 0.94593 -0.323954 0.0164327
  outer loop
    vertex 47.09582450266697 224.6079100490609 5.052756107150106
    vertex 47.44454873001226 225.5474043851062 3.5
    vertex 47.52772841440589 225.8745105770644 5.160419634716993
  endloop
endfacet
facet normal 0.551675 -0.833926 -0.0149259
  outer loop
    vertex 44.24342925578102 221.65 4.5
    vertex 45.52199518239432 222.5137206541479 3.5
    vertex 45.35470781497123 222.372950092059 5.181898620469951
  endloop
endfacet
facet normal 0.552119 -0.833646 0.0141162
  outer loop
    vertex 45.52199518239432 222.5137206541479 3.5
    vertex 44.24342925578102 221.65 2.5
    vertex 45.36635045116755 222.3824301360883 1.834163188399296
  endloop
endfacet
facet normal 0.710709 -0.703097 -0.0234064
  outer loop
    vertex 46.33468313624154 223.3684895102898 5.03307957582226
    vertex 45.65948742914755 222.6371491770352 6.5
    vertex 45.35470781497123 222.372950092059 5.181898620469951
  endloop
endfacet
facet normal 0.94681 -0.321207 -0.0194141
  outer loop
    vertex 47.4461610912758 225.5531117305047 6.5
    vertex 47.09582450266697 224.6079100490609 5.052756107150106
    vertex 47.52772841440589 225.8745105770644 5.160419634716993
  endloop
endfacet
facet normal 0.948452 -0.316299 0.0198451
  outer loop
    vertex 47.11255279703939 224.6442063510034 1.957567093539372
    vertex 47.4461610912758 225.5531117305047 0.5
    vertex 47.53210386016752 225.8940189018165 1.826068967431482
  endloop
endfacet
facet normal 0.713966 -0.699794 0.0232647
  outer loop
    vertex 45.65948742914756 222.6371491770352 0.5
    vertex 46.35816134144154 223.3985295982135 1.960589702818832
    vertex 45.36635045116755 222.3824301360883 1.834163188399296
  endloop
endfacet
facet normal 0.485367 0.87431 -1.99771e-15
  outer loop
    vertex 31.37460496572714 234.4334262179356 3.089525421333427
    vertex 31.37460496572713 234.4334262179356 0.5
    vertex 30.03902769525444 235.1748626097793 2.04966742811414
  endloop
endfacet
facet normal 0.682317 0.731057 -2.80833e-15
  outer loop
    vertex 31.37460496572713 234.4334262179356 0.5
    vertex 31.37460496572714 234.4334262179356 3.089525421333427
    vertex 32.50116407948392 233.3819749995281 2.019224311542081
  endloop
endfacet
facet normal 0.892113 0.448406 0.0553735
  outer loop
    vertex 33.68303012266917 231.2213476300903 3.496630315397593
    vertex 33.24016441931816 232.2829085432472 2.03521887344386
    vertex 32.76836494084672 233.039666242816 3.508199476566044
  endloop
endfacet
facet normal 0.896617 -0.437973 0.0652482
  outer loop
    vertex 33.28489897867127 226.4764790050143 2.205237289333286
    vertex 33.70961842171751 227.5388914627356 3.50025697334691
    vertex 32.80117605467965 225.6791586486135 3.50043129550865
  endloop
endfacet
facet normal 0.89661 -0.437982 -0.0652837
  outer loop
    vertex 33.70961842171751 227.5388914627356 3.50025697334691
    vertex 33.28489897867127 226.4764790050142 4.794762710666712
    vertex 32.80117605467965 225.6791586486135 3.50043129550865
  endloop
endfacet
facet normal 0.891357 0.448784 -0.0638393
  outer loop
    vertex 33.28489897867127 232.1967593017325 4.794762710666713
    vertex 33.68303012266917 231.2213476300903 3.496630315397593
    vertex 32.76836494084672 233.039666242816 3.508199476566044
  endloop
endfacet
facet normal -0.162604 -0.984649 0.0634595
  outer loop
    vertex 25.58705364793759 223.391466327583 3.667028198160653
    vertex 26.65764885167806 223.1187426275954 2.178608623341397
    vertex 27.67155787628455 223.0366191533734 3.502325328238567
  endloop
endfacet
facet normal -0.886161 -0.458987 0.0636362
  outer loop
    vertex 22.07328902091632 226.4470887723228 2.180862485315882
    vertex 22.66230904652882 225.5159613354589 3.66730743881403
    vertex 21.67990182362507 227.3898120888113 3.502325328238571
  endloop
endfacet
facet normal -0.458281 0.88655 0.0633043
  outer loop
    vertex 24.78852781140939 234.9382383518754 2.186998347812203
    vertex 23.8642225836125 234.3560013832074 3.649632035543634
    vertex 25.7247508117224 235.3282752060329 3.502325328238569
  endloop
endfacet
facet normal -0.806631 0.58892 -0.0501887
  outer loop
    vertex 22.07222447467413 232.2240861155411 5.006477695047839
    vertex 22.57475081172238 233.039666242816 6.5
    vertex 23.18042713453941 233.7547346634695 5.156282829178232
  endloop
endfacet
facet normal -0.811301 0.582423 0.0507366
  outer loop
    vertex 22.58991290884084 233.0604457369906 3.683680946012852
    vertex 22.07222447467413 232.2240861155411 5.006477695047839
    vertex 23.18042713453941 233.7547346634695 5.156282829178232
  endloop
endfacet
facet normal -0.172969 -0.982222 -0.0729493
  outer loop
    vertex 26.68602074653109 223.114182607624 4.794762710666713
    vertex 25.58705364793759 223.391466327583 3.667028198160653
    vertex 27.67155787628455 223.0366191533734 3.502325328238567
  endloop
endfacet
facet normal -0.880639 -0.468125 -0.0730363
  outer loop
    vertex 22.66230904652882 225.5159613354589 3.66730743881403
    vertex 22.05821677389782 226.4764790050143 4.794762710666716
    vertex 21.67990182362507 227.3898120888113 3.502325328238571
  endloop
endfacet
facet normal -0.466407 0.881674 -0.0715197
  outer loop
    vertex 23.8642225836125 234.3560013832074 3.649632035543634
    vertex 24.81141772792541 234.9499602557601 4.794762710666713
    vertex 25.7247508117224 235.3282752060329 3.502325328238569
  endloop
endfacet
facet normal -0.00290556 -0.998885 0.047114
  outer loop
    vertex 27.67155787628455 223.0366191533734 0.5
    vertex 28.65709500603801 223.114182607624 2.205237289333287
    vertex 26.65764885167806 223.1187426275954 2.178608623341397
  endloop
endfacet
facet normal 0.706376 -0.706376 0.0454385
  outer loop
    vertex 32.76836494084672 225.6335720639308 6.5
    vertex 31.37460496572713 224.2398120888112 6.5
    vertex 32.1263305977598 224.8818464318981 4.794762710666712
  endloop
endfacet
facet normal -0.156268 -0.986637 -0.0461188
  outer loop
    vertex 25.72475081172238 223.3449631007139 0.5
    vertex 27.67155787628455 223.0366191533734 0.5
    vertex 26.65764885167806 223.1187426275954 2.178608623341397
  endloop
endfacet
facet normal -0.706362 -0.706362 -0.0458699
  outer loop
    vertex 22.57475081172238 225.6335720639308 0.5
    vertex 23.96851078684197 224.2398120888112 0.5
    vertex 23.23307215991571 224.8656187568637 2.188252026140685
  endloop
endfacet
facet normal -0.706351 0.706351 -0.0462272
  outer loop
    vertex 23.96851078684197 234.4334262179356 0.5
    vertex 22.57475081172238 233.039666242816 0.5
    vertex 23.19257031610427 233.7670446900177 2.174058800855926
  endloop
endfacet
facet normal -0.310866 0.949293 0.0469586
  outer loop
    vertex 25.72475081172238 235.3282752060329 0.5
    vertex 24.78852781140939 234.9382383518754 2.186998347812203
    vertex 26.68311772902211 235.558595212093 2.188353954332656
  endloop
endfacet
facet normal -0.810036 0.584252 -0.0499084
  outer loop
    vertex 23.19257031610427 233.7670446900177 2.174058800855926
    vertex 22.0555975878321 232.1916130305166 2.184891762144528
    vertex 22.58991290884084 233.0604457369906 3.683680946012852
  endloop
endfacet
facet normal -0.986653 0.156271 -0.0457686
  outer loop
    vertex 21.67990182362508 231.2834262179356 0.5
    vertex 21.37155787628455 229.3366191533734 0.5
    vertex 21.44898492507313 230.3212946668559 2.192908879598085
  endloop
endfacet
facet normal 0.706359 0.706359 0.0459844
  outer loop
    vertex 31.37460496572713 234.4334262179356 6.5
    vertex 32.76836494084672 233.039666242816 6.5
    vertex 32.13041187699837 233.7873068530799 4.815108237855427
  endloop
endfacet
facet normal -0.890062 -0.453509 -0.0460446
  outer loop
    vertex 21.67990182362508 227.3898120888112 0.5
    vertex 22.57475081172238 225.6335720639308 0.5
    vertex 22.07328902091632 226.4470887723228 2.180862485315882
  endloop
endfacet
facet normal -0.986668 -0.156273 0.0454385
  outer loop
    vertex 21.67990182362508 227.3898120888112 6.5
    vertex 21.37155787628455 229.3366191533734 6.5
    vertex 21.44912133053518 228.35108202362 4.794762710666719
  endloop
endfacet
facet normal 0.453522 -0.890086 0.0454385
  outer loop
    vertex 31.37460496572713 224.2398120888112 6.5
    vertex 29.61836494084672 223.3449631007139 6.5
    vertex 30.53169802464367 223.7232780509867 4.794762710666711
  endloop
endfacet
facet normal -0.453522 0.890086 0.0454385
  outer loop
    vertex 23.96851078684197 234.4334262179356 6.5
    vertex 25.72475081172238 235.3282752060329 6.5
    vertex 24.81141772792541 234.9499602557601 4.794762710666713
  endloop
endfacet
facet normal -0.809924 0.584822 0.0448013
  outer loop
    vertex 22.57475081172238 233.039666242816 0.5
    vertex 22.0555975878321 232.1916130305166 2.184891762144528
    vertex 23.19257031610427 233.7670446900177 2.174058800855926
  endloop
endfacet
facet normal 0.453504 0.890051 0.0462922
  outer loop
    vertex 29.61836494084672 235.3282752060329 6.5
    vertex 31.37460496572713 234.4334262179356 6.5
    vertex 30.52747719493554 234.9521088778192 4.826315110586906
  endloop
endfacet
facet normal 0.587178 -0.808181 -0.0454385
  outer loop
    vertex 32.1263305977598 224.8818464318981 4.794762710666712
    vertex 31.37460496572713 224.2398120888112 6.5
    vertex 30.53169802464367 223.7232780509867 4.794762710666711
  endloop
endfacet
facet normal -0.591241 0.805156 0.0464581
  outer loop
    vertex 24.78852781140939 234.9382383518754 2.186998347812203
    vertex 23.96851078684197 234.4334262179356 0.5
    vertex 23.19257031610427 233.7670446900177 2.174058800855926
  endloop
endfacet
facet normal 0.308808 0.950022 -0.0457822
  outer loop
    vertex 28.65714791787686 235.5590473184802 4.80516874603151
    vertex 29.61836494084672 235.3282752060329 6.5
    vertex 30.52747719493554 234.9521088778192 4.826315110586906
  endloop
endfacet
facet normal -0.950074 -0.308698 -0.0454385
  outer loop
    vertex 22.05821677389782 226.4764790050143 4.794762710666716
    vertex 21.67990182362508 227.3898120888112 6.5
    vertex 21.44912133053518 228.35108202362 4.794762710666719
  endloop
endfacet
facet normal -0.95017 0.308371 0.0456509
  outer loop
    vertex 22.0555975878321 232.1916130305166 2.184891762144528
    vertex 21.67990182362508 231.2834262179356 0.5
    vertex 21.44898492507313 230.3212946668559 2.192908879598085
  endloop
endfacet
facet normal -0.15627 0.986648 -0.0458915
  outer loop
    vertex 27.67155787628455 235.6366191533734 0.5
    vertex 25.72475081172238 235.3282752060329 0.5
    vertex 26.68311772902211 235.558595212093 2.188353954332656
  endloop
endfacet
facet normal -2.47477e-17 -0.998967 -0.0454385
  outer loop
    vertex 27.67155787628455 223.0366191533734 6.5
    vertex 26.68602074653109 223.114182607624 4.794762710666713
    vertex 28.65709500603801 223.114182607624 4.794762710666713
  endloop
endfacet
facet normal -0.308698 0.950074 -0.0454385
  outer loop
    vertex 24.81141772792541 234.9499602557601 4.794762710666713
    vertex 25.72475081172238 235.3282752060329 6.5
    vertex 26.68602074653112 235.5590556991228 4.794762710666715
  endloop
endfacet
facet normal 0.156271 0.986656 0.0457169
  outer loop
    vertex 27.67155787628455 235.6366191533734 6.5
    vertex 29.61836494084672 235.3282752060329 6.5
    vertex 28.65714791787686 235.5590473184802 4.80516874603151
  endloop
endfacet
facet normal 0.156273 -0.986668 -0.0454385
  outer loop
    vertex 27.67155787628455 223.0366191533734 0.5
    vertex 29.61836494084672 223.3449631007139 0.5
    vertex 28.65709500603801 223.114182607624 2.205237289333287
  endloop
endfacet
facet normal 0.453522 -0.890086 -0.0454385
  outer loop
    vertex 29.61836494084672 223.3449631007139 0.5
    vertex 31.37460496572713 224.2398120888112 0.5
    vertex 30.53169802464362 223.7232780509866 2.205237289333292
  endloop
endfacet
facet normal -0.156273 -0.986668 0.0454385
  outer loop
    vertex 27.67155787628455 223.0366191533734 6.5
    vertex 25.72475081172238 223.3449631007139 6.5
    vertex 26.68602074653109 223.114182607624 4.794762710666713
  endloop
endfacet
facet normal -0.453509 -0.890061 -0.0460561
  outer loop
    vertex 23.96851078684197 224.2398120888112 0.5
    vertex 25.72475081172238 223.3449631007139 0.5
    vertex 24.79939131744442 223.7294220587208 2.182007760084911
  endloop
endfacet
facet normal 0.586999 0.808244 -0.0466284
  outer loop
    vertex 31.37460496572713 234.4334262179356 6.5
    vertex 32.13041187699837 233.7873068530799 4.815108237855427
    vertex 30.52747719493554 234.9521088778192 4.826315110586906
  endloop
endfacet
facet normal -0.156273 0.986668 0.0454385
  outer loop
    vertex 25.72475081172238 235.3282752060329 6.5
    vertex 27.67155787628455 235.6366191533734 6.5
    vertex 26.68602074653112 235.5590556991228 4.794762710666715
  endloop
endfacet
facet normal -0.890064 0.45351 -0.0459844
  outer loop
    vertex 22.57475081172238 233.039666242816 0.5
    vertex 21.67990182362508 231.2834262179356 0.5
    vertex 22.0555975878321 232.1916130305166 2.184891762144528
  endloop
endfacet
facet normal -0.311807 -0.949061 0.0453871
  outer loop
    vertex 24.79939131744442 223.7294220587208 2.182007760084911
    vertex 25.72475081172238 223.3449631007139 0.5
    vertex 26.65764885167806 223.1187426275954 2.178608623341397
  endloop
endfacet
facet normal -0.453512 0.890068 -0.0458977
  outer loop
    vertex 25.72475081172238 235.3282752060329 0.5
    vertex 23.96851078684197 234.4334262179356 0.5
    vertex 24.78852781140939 234.9382383518754 2.186998347812203
  endloop
endfacet
facet normal -0.000624749 0.99895 0.0457988
  outer loop
    vertex 28.65709500603801 235.5590556991228 2.205237289333288
    vertex 27.67155787628455 235.6366191533734 0.5
    vertex 26.68311772902211 235.558595212093 2.188353954332656
  endloop
endfacet
facet normal -0.890086 -0.453522 0.0454385
  outer loop
    vertex 22.57475081172238 225.6335720639308 6.5
    vertex 21.67990182362508 227.3898120888112 6.5
    vertex 22.05821677389782 226.4764790050143 4.794762710666716
  endloop
endfacet
facet normal 0.156273 0.986668 -0.0454385
  outer loop
    vertex 29.61836494084672 235.3282752060329 0.5
    vertex 27.67155787628455 235.6366191533734 0.5
    vertex 28.65709500603801 235.5590556991228 2.205237289333288
  endloop
endfacet
facet normal 0.156273 -0.986668 0.0454385
  outer loop
    vertex 29.61836494084672 223.3449631007139 6.5
    vertex 27.67155787628455 223.0366191533734 6.5
    vertex 28.65709500603801 223.114182607624 4.794762710666713
  endloop
endfacet
facet normal -0.805662 -0.590626 0.0454976
  outer loop
    vertex 22.57475081172238 225.6335720639308 0.5
    vertex 23.23307215991571 224.8656187568637 2.188252026140685
    vertex 22.07328902091632 226.4470887723228 2.180862485315882
  endloop
endfacet
facet normal 0.000244873 0.998961 -0.0455797
  outer loop
    vertex 27.67155787628455 235.6366191533734 6.5
    vertex 28.65714791787686 235.5590473184802 4.80516874603151
    vertex 26.68602074653112 235.5590556991228 4.794762710666715
  endloop
endfacet
facet normal -0.986668 -0.156273 -0.0454385
  outer loop
    vertex 21.37155787628455 229.3366191533734 0.5
    vertex 21.67990182362508 227.3898120888112 0.5
    vertex 21.44912133053518 228.3510820236199 2.205237289333286
  endloop
endfacet
facet normal -0.998961 0.000215944 0.045563
  outer loop
    vertex 21.37155787628455 229.3366191533734 0.5
    vertex 21.44912133053518 228.3510820236199 2.205237289333286
    vertex 21.44898492507313 230.3212946668559 2.192908879598085
  endloop
endfacet
facet normal 0.308698 -0.950074 -0.0454385
  outer loop
    vertex 29.61836494084672 223.3449631007139 6.5
    vertex 28.65709500603801 223.114182607624 4.794762710666713
    vertex 30.53169802464367 223.7232780509867 4.794762710666711
  endloop
endfacet
facet normal 0.587457 0.80799 0.0452333
  outer loop
    vertex 30.52747719493554 234.9521088778192 4.826315110586906
    vertex 32.13041187699837 233.7873068530799 4.815108237855427
    vertex 31.37460496572714 234.4334262179356 3.089525421333427
  endloop
endfacet
facet normal -0.998967 1.74059e-15 -0.0454385
  outer loop
    vertex 21.37155787628455 229.3366191533734 6.5
    vertex 21.44912133053518 230.3221562831268 4.794762710666716
    vertex 21.44912133053518 228.35108202362 4.794762710666719
  endloop
endfacet
facet normal -0.986668 0.156273 0.0454385
  outer loop
    vertex 21.37155787628455 229.3366191533734 6.5
    vertex 21.67990182362508 231.2834262179356 6.5
    vertex 21.44912133053518 230.3221562831268 4.794762710666716
  endloop
endfacet
facet normal -0.586484 -0.808748 0.0443046
  outer loop
    vertex 23.23307215991571 224.8656187568637 2.188252026140685
    vertex 23.96851078684197 224.2398120888112 0.5
    vertex 24.79939131744442 223.7294220587208 2.182007760084911
  endloop
endfacet
facet normal -0.949001 -0.311707 0.0472801
  outer loop
    vertex 21.44912133053518 228.3510820236199 2.205237289333286
    vertex 21.67990182362508 227.3898120888112 0.5
    vertex 22.07328902091632 226.4470887723228 2.180862485315882
  endloop
endfacet
facet normal 0.308698 -0.950074 0.0454385
  outer loop
    vertex 28.65709500603801 223.114182607624 2.205237289333287
    vertex 29.61836494084672 223.3449631007139 0.5
    vertex 30.53169802464362 223.7232780509866 2.205237289333292
  endloop
endfacet
facet normal -0.586628 -0.808441 -0.0478491
  outer loop
    vertex 23.23307215991571 224.8656187568637 2.188252026140685
    vertex 24.79939131744442 223.7294220587208 2.182007760084911
    vertex 23.96916516409934 224.2393367200804 3.745216568047232
  endloop
endfacet
facet normal 0.808174 0.587188 -0.0454457
  outer loop
    vertex 32.13041187699837 233.7873068530799 4.815108237855427
    vertex 32.76836494084672 233.039666242816 6.5
    vertex 33.28489897867127 232.1967593017325 4.794762710666713
  endloop
endfacet
facet normal 0.890086 -0.453522 0.0454385
  outer loop
    vertex 33.66321392894402 227.3898120888112 6.5
    vertex 32.76836494084672 225.6335720639308 6.5
    vertex 33.28489897867127 226.4764790050142 4.794762710666712
  endloop
endfacet
facet normal 0.890086 0.453522 0.0454385
  outer loop
    vertex 32.76836494084672 233.039666242816 6.5
    vertex 33.66321392894402 231.2834262179356 6.5
    vertex 33.28489897867127 232.1967593017325 4.794762710666713
  endloop
endfacet
facet normal 0.808181 -0.587178 -0.0454385
  outer loop
    vertex 32.76836494084672 225.6335720639308 6.5
    vertex 32.1263305977598 224.8818464318981 4.794762710666712
    vertex 33.28489897867127 226.4764790050142 4.794762710666712
  endloop
endfacet
facet normal 0.706376 -0.706376 -0.0454385
  outer loop
    vertex 31.37460496572713 224.2398120888112 0.5
    vertex 32.76836494084672 225.6335720639308 0.5
    vertex 32.12633059775968 224.881846431898 2.205237289333345
  endloop
endfacet
facet normal 0.587178 -0.808181 0.0454385
  outer loop
    vertex 30.53169802464362 223.7232780509866 2.205237289333292
    vertex 31.37460496572713 224.2398120888112 0.5
    vertex 32.12633059775968 224.881846431898 2.205237289333345
  endloop
endfacet
facet normal 0.889893 0.453423 -0.0499731
  outer loop
    vertex 33.66321392894402 231.2834262179356 0.5
    vertex 32.76836494084672 233.039666242816 0.5
    vertex 33.24016441931816 232.2829085432472 2.03521887344386
  endloop
endfacet
facet normal 0.890086 -0.453522 -0.0454385
  outer loop
    vertex 32.76836494084672 225.6335720639308 0.5
    vertex 33.66321392894402 227.3898120888112 0.5
    vertex 33.28489897867127 226.4764790050143 2.205237289333286
  endloop
endfacet
facet normal 0.808181 -0.587178 0.0454385
  outer loop
    vertex 32.76836494084672 225.6335720639308 0.5
    vertex 33.28489897867127 226.4764790050143 2.205237289333286
    vertex 32.12633059775968 224.881846431898 2.205237289333345
  endloop
endfacet
facet normal 0.988484 0.151324 0
  outer loop
    vertex 33.97155787628455 229.3366191533734 4.5
    vertex 33.97155787628455 229.3366191533734 2.5
    vertex 33.68303012266917 231.2213476300903 3.496630315397593
  endloop
endfacet
facet normal 0.989551 -0.144183 0
  outer loop
    vertex 33.97155787628455 229.3366191533734 2.5
    vertex 33.97155787628455 229.3366191533734 4.5
    vertex 33.70961842171751 227.5388914627356 3.50025697334691
  endloop
endfacet
facet normal -0.590538 0.805293 -0.0526213
  outer loop
    vertex 24.78852781140939 234.9382383518754 2.186998347812203
    vertex 23.19257031610427 233.7670446900177 2.174058800855926
    vertex 23.8642225836125 234.3560013832074 3.649632035543634
  endloop
endfacet
facet normal -0.88981 0.453381 0.0518134
  outer loop
    vertex 21.67990182362508 231.2834262179356 6.5
    vertex 22.57475081172238 233.039666242816 6.5
    vertex 22.07222447467413 232.2240861155411 5.006477695047839
  endloop
endfacet
facet normal -0.805234 -0.590762 -0.0509783
  outer loop
    vertex 22.07328902091632 226.4470887723228 2.180862485315882
    vertex 23.23307215991571 224.8656187568637 2.188252026140685
    vertex 22.66230904652882 225.5159613354589 3.66730743881403
  endloop
endfacet
facet normal 0.453712 0.89046 -0.0350088
  outer loop
    vertex 31.37460496572713 234.4334262179356 0.5
    vertex 29.61836494084672 235.3282752060329 0.5
    vertex 30.03902769525444 235.1748626097793 2.04966742811414
  endloop
endfacet
facet normal -0.311889 -0.948776 -0.0504917
  outer loop
    vertex 24.79939131744442 223.7294220587208 2.182007760084911
    vertex 26.65764885167806 223.1187426275954 2.178608623341397
    vertex 25.58705364793759 223.391466327583 3.667028198160653
  endloop
endfacet
facet normal 0.706675 0.706675 -0.0349368
  outer loop
    vertex 32.76836494084672 233.039666242816 0.5
    vertex 31.37460496572713 234.4334262179356 0.5
    vertex 32.50116407948392 233.3819749995281 2.019224311542081
  endloop
endfacet
facet normal 0.443776 0.8947 -0.0507435
  outer loop
    vertex 30.52747719493554 234.9521088778192 4.826315110586906
    vertex 31.37460496572714 234.4334262179356 3.089525421333427
    vertex 29.61836494084673 235.3282752060329 3.508199476566054
  endloop
endfacet
facet normal -0.319044 -0.946325 -0.051778
  outer loop
    vertex 26.68602074653109 223.114182607624 4.794762710666713
    vertex 25.72475081172238 223.3449631007139 6.5
    vertex 24.81141772792541 223.7232780509867 5.213436765899331
  endloop
endfacet
facet normal -0.801418 -0.595859 -0.051778
  outer loop
    vertex 22.57475081172238 225.6335720639308 6.5
    vertex 22.05821677389782 226.4764790050143 4.794762710666716
    vertex 23.21678515480932 224.8818464318981 5.213436765900336
  endloop
endfacet
facet normal -0.891117 0.450219 0.0566941
  outer loop
    vertex 22.58991290884084 233.0604457369906 3.683680946012852
    vertex 22.0555975878321 232.1916130305166 2.184891762144528
    vertex 21.67990182362507 231.2834262179355 3.491800523432881
  endloop
endfacet
facet normal -0.597913 0.799788 -0.0532875
  outer loop
    vertex 23.96851078684197 234.4334262179356 6.5
    vertex 24.81141772792541 234.9499602557601 4.794762710666713
    vertex 23.18042713453941 233.7547346634695 5.156282829178232
  endloop
endfacet
facet normal 0.713819 0.698462 -0.0511246
  outer loop
    vertex 31.37460496572714 234.4334262179356 3.089525421333427
    vertex 32.13041187699837 233.7873068530799 4.815108237855427
    vertex 32.76836494084672 233.039666242816 3.508199476566044
  endloop
endfacet
facet normal 0.993467 0.114123 0
  outer loop
    vertex 33.97155787628455 229.3366191533734 6.5
    vertex 33.97155787628455 229.3366191533734 4.5
    vertex 33.80745461438811 230.7651747943374 5.051244766733048
  endloop
endfacet
facet normal 0.993467 -0.114123 0
  outer loop
    vertex 33.97155787628455 229.3366191533734 4.5
    vertex 33.97155787628455 229.3366191533734 6.5
    vertex 33.80745461438812 227.9080635124094 5.051244766733031
  endloop
endfacet
facet normal 0.986803 0.156294 0.042338
  outer loop
    vertex 33.66321392894402 231.2834262179356 6.5
    vertex 33.97155787628455 229.3366191533734 6.5
    vertex 33.80745461438811 230.7651747943374 5.051244766733048
  endloop
endfacet
facet normal 0.986803 -0.156294 0.042338
  outer loop
    vertex 33.97155787628455 229.3366191533734 6.5
    vertex 33.66321392894402 227.3898120888112 6.5
    vertex 33.80745461438812 227.9080635124094 5.051244766733031
  endloop
endfacet
facet normal 0.993467 -0.114123 0
  outer loop
    vertex 33.97155787628455 229.3366191533734 0.5
    vertex 33.97155787628455 229.3366191533734 2.5
    vertex 33.80745461438811 227.9080635124094 1.948755233266956
  endloop
endfacet
facet normal 0.993467 0.114123 0
  outer loop
    vertex 33.97155787628455 229.3366191533734 2.5
    vertex 33.97155787628455 229.3366191533734 0.5
    vertex 33.80745461438812 230.7651747943374 1.948755233266952
  endloop
endfacet
facet normal 0.986803 -0.156294 -0.042338
  outer loop
    vertex 33.66321392894402 227.3898120888112 0.5
    vertex 33.97155787628455 229.3366191533734 0.5
    vertex 33.80745461438811 227.9080635124094 1.948755233266956
  endloop
endfacet
facet normal 0.986803 0.156294 -0.042338
  outer loop
    vertex 33.97155787628455 229.3366191533734 0.5
    vertex 33.66321392894402 231.2834262179356 0.5
    vertex 33.80745461438812 230.7651747943374 1.948755233266952
  endloop
endfacet
facet normal 0.461141 0.886436 0.0397621
  outer loop
    vertex 31.37460496572714 234.4334262179356 3.089525421333427
    vertex 30.03902769525444 235.1748626097793 2.04966742811414
    vertex 29.61836494084673 235.3282752060329 3.508199476566054
  endloop
endfacet
facet normal -0.297332 -0.953166 0.0553864
  outer loop
    vertex 25.58705364793759 223.391466327583 3.667028198160653
    vertex 26.68602074653109 223.114182607624 4.794762710666713
    vertex 24.81141772792541 223.7232780509867 5.213436765899331
  endloop
endfacet
facet normal -0.814632 -0.577329 0.0553649
  outer loop
    vertex 22.05821677389782 226.4764790050143 4.794762710666716
    vertex 22.66230904652882 225.5159613354589 3.66730743881403
    vertex 23.21678515480932 224.8818464318981 5.213436765900336
  endloop
endfacet
facet normal -0.886209 0.459881 -0.056059
  outer loop
    vertex 22.07222447467413 232.2240861155411 5.006477695047839
    vertex 22.58991290884084 233.0604457369906 3.683680946012852
    vertex 21.67990182362507 231.2834262179355 3.491800523432881
  endloop
endfacet
facet normal -0.581347 0.811442 0.059981
  outer loop
    vertex 24.81141772792541 234.9499602557601 4.794762710666713
    vertex 23.8642225836125 234.3560013832074 3.649632035543634
    vertex 23.18042713453941 233.7547346634695 5.156282829178232
  endloop
endfacet
facet normal 0.70087 0.712278 0.0379763
  outer loop
    vertex 32.50116407948392 233.3819749995281 2.019224311542081
    vertex 31.37460496572714 234.4334262179356 3.089525421333427
    vertex 32.76836494084672 233.039666242816 3.508199476566044
  endloop
endfacet
facet normal -0.711656 0.701144 0.0440791
  outer loop
    vertex 23.19257031610427 233.7670446900177 2.174058800855926
    vertex 22.58991290884084 233.0604457369906 3.683680946012852
    vertex 23.8642225836125 234.3560013832074 3.649632035543634
  endloop
endfacet
facet normal -0.947461 0.315957 -0.049884
  outer loop
    vertex 21.44912133053518 230.3221562831268 4.794762710666716
    vertex 21.67990182362508 231.2834262179356 6.5
    vertex 22.07222447467413 232.2240861155411 5.006477695047839
  endloop
endfacet
facet normal -0.699449 -0.713343 0.0437425
  outer loop
    vertex 23.23307215991571 224.8656187568637 2.188252026140685
    vertex 23.96916516409934 224.2393367200804 3.745216568047232
    vertex 22.66230904652882 225.5159613354589 3.66730743881403
  endloop
endfacet
facet normal 0.270084 0.962586 0.0219779
  outer loop
    vertex 29.61836494084672 235.3282752060329 0.5
    vertex 28.65709500603801 235.5590556991228 2.205237289333288
    vertex 30.03902769525444 235.1748626097793 2.04966742811414
  endloop
endfacet
facet normal -0.462091 -0.885764 0.043516
  outer loop
    vertex 23.96916516409934 224.2393367200804 3.745216568047232
    vertex 24.79939131744442 223.7294220587208 2.182007760084911
    vertex 25.58705364793759 223.391466327583 3.667028198160653
  endloop
endfacet
facet normal 0.829548 0.558072 0.0201569
  outer loop
    vertex 33.24016441931816 232.2829085432472 2.03521887344386
    vertex 32.76836494084672 233.039666242816 0.5
    vertex 32.50116407948392 233.3819749995281 2.019224311542081
  endloop
endfacet
facet normal -0.586967 -0.80789 0.0527546
  outer loop
    vertex 23.96916516409934 224.2393367200804 3.745216568047232
    vertex 24.81141772792541 223.7232780509867 5.213436765899331
    vertex 23.21678515480932 224.8818464318981 5.213436765900336
  endloop
endfacet
facet normal -0.985975 0.155873 -0.0596393
  outer loop
    vertex 21.37155788150631 229.3363626495803 3.500600724197427
    vertex 21.44912133053518 230.3221562831268 4.794762710666716
    vertex 21.67990182362507 231.2834262179355 3.491800523432881
  endloop
endfacet
facet normal 0.15597 0.985964 0.0595662
  outer loop
    vertex 28.65709500603801 235.5590556991228 2.205237289333288
    vertex 27.67109386960455 235.6366191362859 3.503143707710353
    vertex 29.61836494084673 235.3282752060329 3.508199476566054
  endloop
endfacet
facet normal 0.156222 -0.985914 0.0597427
  outer loop
    vertex 27.67155787628455 223.0366191533734 3.502325328238567
    vertex 28.65709500603801 223.114182607624 2.205237289333287
    vertex 29.61863265843169 223.3450500940429 3.500832446428074
  endloop
endfacet
facet normal -0.00146666 -0.998149 -0.0608018
  outer loop
    vertex 26.65764885167806 223.1187426275954 2.178608623341397
    vertex 28.65709500603801 223.114182607624 2.205237289333287
    vertex 27.67155787628455 223.0366191533734 3.502325328238567
  endloop
endfacet
facet normal -0.948699 -0.31022 -0.0611095
  outer loop
    vertex 21.44912133053518 228.3510820236199 2.205237289333286
    vertex 22.07328902091632 226.4470887723228 2.180862485315882
    vertex 21.67990182362507 227.3898120888113 3.502325328238571
  endloop
endfacet
facet normal -0.310575 0.948638 -0.0602407
  outer loop
    vertex 26.68311772902211 235.558595212093 2.188353954332656
    vertex 24.78852781140939 234.9382383518754 2.186998347812203
    vertex 25.7247508117224 235.3282752060329 3.502325328238569
  endloop
endfacet
facet normal -0.998232 -0.000441029 -0.0594364
  outer loop
    vertex 21.44898492507313 230.3212946668559 2.192908879598085
    vertex 21.44912133053518 228.3510820236199 2.205237289333286
    vertex 21.37155788150631 229.3363626495803 3.500600724197427
  endloop
endfacet
facet normal -0.985931 -0.156124 0.0597157
  outer loop
    vertex 21.44912133053518 228.3510820236199 2.205237289333286
    vertex 21.67990182362507 227.3898120888113 3.502325328238571
    vertex 21.37155788150631 229.3363626495803 3.500600724197427
  endloop
endfacet
facet normal -0.000310963 0.998216 0.059707
  outer loop
    vertex 26.68602074653112 235.5590556991228 4.794762710666715
    vertex 28.65714791787686 235.5590473184802 4.80516874603151
    vertex 27.67109386960455 235.6366191362859 3.503143707710353
  endloop
endfacet
facet normal 0.156131 -0.985919 -0.059888
  outer loop
    vertex 28.65709500603801 223.114182607624 4.794762710666713
    vertex 27.67155787628455 223.0366191533734 3.502325328238567
    vertex 29.61863265843169 223.3450500940429 3.500832446428074
  endloop
endfacet
facet normal -0.156165 0.985913 -0.0598965
  outer loop
    vertex 25.7247508117224 235.3282752060329 3.502325328238569
    vertex 26.68602074653112 235.5590556991228 4.794762710666715
    vertex 27.67109386960455 235.6366191362859 3.503143707710353
  endloop
endfacet
facet normal -0.156224 0.985965 0.0588811
  outer loop
    vertex 26.68311772902211 235.558595212093 2.188353954332656
    vertex 25.7247508117224 235.3282752060329 3.502325328238569
    vertex 27.67109386960455 235.6366191362859 3.503143707710353
  endloop
endfacet
facet normal 0.308463 -0.949352 0.0598367
  outer loop
    vertex 30.53169802464367 223.7232780509867 4.794762710666711
    vertex 28.65709500603801 223.114182607624 4.794762710666713
    vertex 29.61863265843169 223.3450500940429 3.500832446428074
  endloop
endfacet
facet normal 0.308465 -0.949357 -0.05976
  outer loop
    vertex 28.65709500603801 223.114182607624 2.205237289333287
    vertex 30.53169802464362 223.7232780509866 2.205237289333292
    vertex 29.61863265843169 223.3450500940429 3.500832446428074
  endloop
endfacet
facet normal 0.586733 -0.807569 0.0598118
  outer loop
    vertex 32.1263305977598 224.8818464318981 4.794762710666712
    vertex 30.53169802464367 223.7232780509867 4.794762710666711
    vertex 31.3752115956911 224.240252886441 3.500294268792423
  endloop
endfacet
facet normal 0.453235 -0.889379 -0.0598524
  outer loop
    vertex 30.53169802464367 223.7232780509867 4.794762710666711
    vertex 29.61863265843169 223.3450500940429 3.500832446428074
    vertex 31.3752115956911 224.240252886441 3.500294268792423
  endloop
endfacet
facet normal 0.453265 -0.889367 0.0598005
  outer loop
    vertex 29.61863265843169 223.3450500940429 3.500832446428074
    vertex 30.53169802464362 223.7232780509866 2.205237289333292
    vertex 31.3752115956911 224.240252886441 3.500294268792423
  endloop
endfacet
facet normal 0.80758 -0.586741 -0.0595862
  outer loop
    vertex 32.12633059775968 224.881846431898 2.205237289333345
    vertex 33.28489897867127 226.4764790050143 2.205237289333286
    vertex 32.80117605467965 225.6791586486135 3.50043129550865
  endloop
endfacet
facet normal 0.586734 -0.80757 -0.0597848
  outer loop
    vertex 30.53169802464362 223.7232780509866 2.205237289333292
    vertex 32.12633059775968 224.881846431898 2.205237289333345
    vertex 31.3752115956911 224.240252886441 3.500294268792423
  endloop
endfacet
facet normal 0.708875 -0.702505 0.0631065
  outer loop
    vertex 31.3752115956911 224.240252886441 3.500294268792423
    vertex 32.12633059775968 224.881846431898 2.205237289333345
    vertex 32.80117605467965 225.6791586486135 3.50043129550865
  endloop
endfacet
facet normal -0.985906 -0.156226 -0.0598503
  outer loop
    vertex 21.67990182362507 227.3898120888113 3.502325328238571
    vertex 21.44912133053518 228.35108202362 4.794762710666719
    vertex 21.37155788150631 229.3363626495803 3.500600724197427
  endloop
endfacet
facet normal -0.949348 -0.308462 0.0599055
  outer loop
    vertex 22.05821677389782 226.4764790050143 4.794762710666716
    vertex 21.44912133053518 228.35108202362 4.794762710666719
    vertex 21.67990182362507 227.3898120888113 3.502325328238571
  endloop
endfacet
facet normal -0.308462 0.949348 0.0599055
  outer loop
    vertex 24.81141772792541 234.9499602557601 4.794762710666713
    vertex 26.68602074653112 235.5590556991228 4.794762710666715
    vertex 25.7247508117224 235.3282752060329 3.502325328238569
  endloop
endfacet
facet normal -0.998209 1.88007e-15 0.059826
  outer loop
    vertex 21.44912133053518 228.35108202362 4.794762710666719
    vertex 21.44912133053518 230.3221562831268 4.794762710666716
    vertex 21.37155788150631 229.3363626495803 3.500600724197427
  endloop
endfacet
facet normal 2.69938e-17 -0.998204 0.0599055
  outer loop
    vertex 28.65709500603801 223.114182607624 4.794762710666713
    vertex 26.68602074653109 223.114182607624 4.794762710666713
    vertex 27.67155787628455 223.0366191533734 3.502325328238567
  endloop
endfacet
facet normal 0.000275567 0.998232 -0.0594454
  outer loop
    vertex 28.65709500603801 235.5590556991228 2.205237289333288
    vertex 26.68311772902211 235.558595212093 2.188353954332656
    vertex 27.67109386960455 235.6366191362859 3.503143707710353
  endloop
endfacet
facet normal 0.156271 0.985914 -0.0596091
  outer loop
    vertex 27.67109386960455 235.6366191362859 3.503143707710353
    vertex 28.65714791787686 235.5590473184802 4.80516874603151
    vertex 29.61836494084673 235.3282752060329 3.508199476566054
  endloop
endfacet
facet normal -0.985905 0.1564 0.0594235
  outer loop
    vertex 21.44898492507313 230.3212946668559 2.192908879598085
    vertex 21.37155788150631 229.3363626495803 3.500600724197427
    vertex 21.67990182362507 231.2834262179355 3.491800523432881
  endloop
endfacet
facet normal 0.807578 -0.586739 0.0596258
  outer loop
    vertex 33.28489897867127 226.4764790050142 4.794762710666712
    vertex 32.1263305977598 224.8818464318981 4.794762710666712
    vertex 32.80117605467965 225.6791586486135 3.50043129550865
  endloop
endfacet
facet normal 0.708879 -0.702498 -0.0631415
  outer loop
    vertex 32.1263305977598 224.8818464318981 4.794762710666712
    vertex 31.3752115956911 224.240252886441 3.500294268792423
    vertex 32.80117605467965 225.6791586486135 3.50043129550865
  endloop
endfacet
facet normal -0.453168 -0.889392 0.0601781
  outer loop
    vertex 25.72475081172238 223.3449631007139 6.5
    vertex 23.96851078684197 224.2398120888112 6.5
    vertex 24.81141772792541 223.7232780509867 5.213436765899331
  endloop
endfacet
facet normal 0.307524 0.949714 0.0589298
  outer loop
    vertex 28.65714791787686 235.5590473184802 4.80516874603151
    vertex 30.52747719493554 234.9521088778192 4.826315110586906
    vertex 29.61836494084673 235.3282752060329 3.508199476566054
  endloop
endfacet
facet normal -0.58672 -0.807551 -0.0601781
  outer loop
    vertex 24.81141772792541 223.7232780509867 5.213436765899331
    vertex 23.96851078684197 224.2398120888112 6.5
    vertex 23.21678515480932 224.8818464318981 5.213436765900336
  endloop
endfacet
facet normal -0.705938 0.705938 0.0574705
  outer loop
    vertex 22.57475081172238 233.039666242816 6.5
    vertex 23.96851078684197 234.4334262179356 6.5
    vertex 23.18042713453941 233.7547346634695 5.156282829178232
  endloop
endfacet
facet normal -0.949629 0.307746 -0.0591325
  outer loop
    vertex 22.0555975878321 232.1916130305166 2.184891762144528
    vertex 21.44898492507313 230.3212946668559 2.192908879598085
    vertex 21.67990182362507 231.2834262179355 3.491800523432881
  endloop
endfacet
facet normal -0.705825 -0.705825 0.0601781
  outer loop
    vertex 23.96851078684197 224.2398120888112 6.5
    vertex 22.57475081172238 225.6335720639308 6.5
    vertex 23.21678515480932 224.8818464318981 5.213436765900336
  endloop
endfacet
facet normal 0.80822 0.585881 0.0593598
  outer loop
    vertex 32.13041187699837 233.7873068530799 4.815108237855427
    vertex 33.28489897867127 232.1967593017325 4.794762710666713
    vertex 32.76836494084672 233.039666242816 3.508199476566044
  endloop
endfacet
facet normal 0.940595 -0.338423 -0.0274142
  outer loop
    vertex 33.66321392894402 227.3898120888112 6.5
    vertex 33.28489897867127 226.4764790050142 4.794762710666712
    vertex 33.80745461438812 227.9080635124094 5.051244766733031
  endloop
endfacet
facet normal 0.940595 0.338423 -0.0274142
  outer loop
    vertex 33.28489897867127 232.1967593017325 4.794762710666713
    vertex 33.66321392894402 231.2834262179356 6.5
    vertex 33.80745461438811 230.7651747943374 5.051244766733048
  endloop
endfacet
facet normal 0.940595 -0.338423 0.0274142
  outer loop
    vertex 33.28489897867127 226.4764790050143 2.205237289333286
    vertex 33.66321392894402 227.3898120888112 0.5
    vertex 33.80745461438811 227.9080635124094 1.948755233266956
  endloop
endfacet
facet normal 0.93683 0.348377 0.0313497
  outer loop
    vertex 33.66321392894402 231.2834262179356 0.5
    vertex 33.24016441931816 232.2829085432472 2.03521887344386
    vertex 33.80745461438812 230.7651747943374 1.948755233266952
  endloop
endfacet
facet normal 0.937483 0.346999 0.0267883
  outer loop
    vertex 33.68303012266917 231.2213476300903 3.496630315397593
    vertex 33.28489897867127 232.1967593017325 4.794762710666713
    vertex 33.80745461438811 230.7651747943374 5.051244766733048
  endloop
endfacet
facet normal 0.937767 -0.34648 0.0233163
  outer loop
    vertex 33.28489897867127 226.4764790050142 4.794762710666712
    vertex 33.70961842171751 227.5388914627356 3.50025697334691
    vertex 33.80745461438812 227.9080635124094 5.051244766733031
  endloop
endfacet
facet normal 0.935799 0.351392 -0.0283351
  outer loop
    vertex 33.24016441931816 232.2829085432472 2.03521887344386
    vertex 33.68303012266917 231.2213476300903 3.496630315397593
    vertex 33.80745461438812 230.7651747943374 1.948755233266952
  endloop
endfacet
facet normal 0.937768 -0.346479 -0.0233082
  outer loop
    vertex 33.70961842171751 227.5388914627356 3.50025697334691
    vertex 33.28489897867127 226.4764790050143 2.205237289333286
    vertex 33.80745461438811 227.9080635124094 1.948755233266956
  endloop
endfacet
facet normal 0.990694 0.129714 -0.0412287
  outer loop
    vertex 33.97155787628455 229.3366191533734 4.5
    vertex 33.68303012266917 231.2213476300903 3.496630315397593
    vertex 33.80745461438811 230.7651747943374 5.051244766733048
  endloop
endfacet
facet normal 0.990679 0.129774 0.0413893
  outer loop
    vertex 33.68303012266917 231.2213476300903 3.496630315397593
    vertex 33.97155787628455 229.3366191533734 2.5
    vertex 33.80745461438812 230.7651747943374 1.948755233266952
  endloop
endfacet
facet normal 0.991447 -0.126413 -0.0324511
  outer loop
    vertex 33.70961842171751 227.5388914627356 3.50025697334691
    vertex 33.97155787628455 229.3366191533734 4.5
    vertex 33.80745461438812 227.9080635124094 5.051244766733031
  endloop
endfacet
facet normal 0.991448 -0.126409 0.0324412
  outer loop
    vertex 33.97155787628455 229.3366191533734 2.5
    vertex 33.70961842171751 227.5388914627356 3.50025697334691
    vertex 33.80745461438811 227.9080635124094 1.948755233266956
  endloop
endfacet
facet normal -0.712813 0.699962 -0.0441735
  outer loop
    vertex 23.8642225836125 234.3560013832074 3.649632035543634
    vertex 22.58991290884084 233.0604457369906 3.683680946012852
    vertex 23.18042713453941 233.7547346634695 5.156282829178232
  endloop
endfacet
facet normal -0.950621 0.305124 0.0567333
  outer loop
    vertex 21.44912133053518 230.3221562831268 4.794762710666716
    vertex 22.07222447467413 232.2240861155411 5.006477695047839
    vertex 21.67990182362507 231.2834262179355 3.491800523432881
  endloop
endfacet
facet normal -0.696779 -0.71595 -0.0437524
  outer loop
    vertex 22.66230904652882 225.5159613354589 3.66730743881403
    vertex 23.96916516409934 224.2393367200804 3.745216568047232
    vertex 23.21678515480932 224.8818464318981 5.213436765900336
  endloop
endfacet
facet normal -0.465394 -0.884022 -0.0437451
  outer loop
    vertex 23.96916516409934 224.2393367200804 3.745216568047232
    vertex 25.58705364793759 223.391466327583 3.667028198160653
    vertex 24.81141772792541 223.7232780509867 5.213436765899331
  endloop
endfacet
facet normal 0.265166 0.963881 -0.0249058
  outer loop
    vertex 30.03902769525444 235.1748626097793 2.04966742811414
    vertex 28.65709500603801 235.5590556991228 2.205237289333288
    vertex 29.61836494084673 235.3282752060329 3.508199476566054
  endloop
endfacet
facet normal 0.829814 0.557656 -0.0207097
  outer loop
    vertex 33.24016441931816 232.2829085432472 2.03521887344386
    vertex 32.50116407948392 233.3819749995281 2.019224311542081
    vertex 32.76836494084672 233.039666242816 3.508199476566044
  endloop
endfacet
facet normal 0.891572 0.448342 -0.0639356
  outer loop
    vertex -22.0582167738978 232.1967593017325 4.794762710666712
    vertex -21.65929589012748 231.218826849089 3.499999999999999
    vertex -22.57535055351066 233.0404915760286 3.499999999999999
  endloop
endfacet
facet normal 0.891572 0.448342 0.0639356
  outer loop
    vertex -21.65929589012748 231.218826849089 3.499999999999999
    vertex -22.0582167738978 232.1967593017325 2.205237289333286
    vertex -22.57535055351066 233.0404915760286 3.499999999999999
  endloop
endfacet
facet normal 0.89446 -0.441776 0.0691028
  outer loop
    vertex -22.05821677389784 226.4764790050142 2.205237289333305
    vertex -21.63346605583063 227.5389965100559 3.5
    vertex -22.57415120359939 225.6343974942523 3.499999999999998
  endloop
endfacet
facet normal 0.89446 -0.441776 -0.0691028
  outer loop
    vertex -21.63346605583063 227.5389965100559 3.5
    vertex -22.0582167738978 226.4764790050143 4.794762710666714
    vertex -22.57415120359939 225.6343974942523 3.499999999999998
  endloop
endfacet
facet normal -0.808181 -0.587178 0.0454385
  outer loop
    vertex -32.76836494084669 225.6335720639308 0.5
    vertex -32.12633059775975 224.8818464318981 2.205237289333289
    vertex -33.28489897867128 226.4764790050143 2.205237289333329
  endloop
endfacet
facet normal 0.587178 -0.808181 0.0454385
  outer loop
    vertex -23.96851078684194 224.2398120888112 0.5
    vertex -23.21678515480928 224.8818464318981 2.205237289333287
    vertex -24.81141772792544 223.7232780509866 2.205237289333292
  endloop
endfacet
facet normal -0.890086 -0.453522 -0.0454385
  outer loop
    vertex -33.66321392894399 227.3898120888112 0.5
    vertex -32.76836494084669 225.6335720639308 0.5
    vertex -33.28489897867128 226.4764790050143 2.205237289333329
  endloop
endfacet
facet normal -0.808181 0.587178 -0.0454385
  outer loop
    vertex -33.28489897867124 232.1967593017325 4.794762710666714
    vertex -32.76836494084669 233.039666242816 6.5
    vertex -32.12633059775974 233.7913918748487 4.794762710666709
  endloop
endfacet
facet normal -0.706376 0.706376 0.0454385
  outer loop
    vertex -32.76836494084669 233.039666242816 6.5
    vertex -31.3746049657271 234.4334262179356 6.5
    vertex -32.12633059775974 233.7913918748487 4.794762710666709
  endloop
endfacet
facet normal -0.706376 -0.706376 -0.0454385
  outer loop
    vertex -32.76836494084669 225.6335720639308 0.5
    vertex -31.3746049657271 224.2398120888112 0.5
    vertex -32.12633059775975 224.8818464318981 2.205237289333289
  endloop
endfacet
facet normal -0.808181 -0.587178 -0.0454385
  outer loop
    vertex -32.12633059775975 224.8818464318981 4.79476271066671
    vertex -32.76836494084669 225.6335720639308 6.5
    vertex -33.28489897867124 226.4764790050143 4.794762710666702
  endloop
endfacet
facet normal 0.706376 0.706376 0.0454385
  outer loop
    vertex -23.96851078684194 234.4334262179356 6.5
    vertex -22.57475081172235 233.039666242816 6.5
    vertex -23.21678515480927 233.7913918748486 4.794762710666713
  endloop
endfacet
facet normal -0.986668 -0.156273 0.0454385
  outer loop
    vertex -33.66321392894399 227.3898120888112 6.5
    vertex -33.97155787628452 229.3366191533734 6.5
    vertex -33.89399442203388 228.3510820236199 4.794762710666714
  endloop
endfacet
facet normal -0.706376 0.706376 -0.0454385
  outer loop
    vertex -31.3746049657271 234.4334262179356 0.5
    vertex -32.76836494084669 233.039666242816 0.5
    vertex -32.12633059775976 233.7913918748486 2.205237289333289
  endloop
endfacet
facet normal -0.706376 -0.706376 0.0454385
  outer loop
    vertex -31.3746049657271 224.2398120888112 6.5
    vertex -32.76836494084669 225.6335720639308 6.5
    vertex -32.12633059775975 224.8818464318981 4.79476271066671
  endloop
endfacet
facet normal 0.706376 -0.706376 -0.0454385
  outer loop
    vertex -23.96851078684194 224.2398120888112 0.5
    vertex -22.57475081172235 225.6335720639308 0.5
    vertex -23.21678515480928 224.8818464318981 2.205237289333287
  endloop
endfacet
facet normal -0.986668 0.156273 -0.0454385
  outer loop
    vertex -33.66321392894399 231.2834262179356 0.5
    vertex -33.97155787628452 229.3366191533734 0.5
    vertex -33.89399442203388 230.3221562831269 2.205237289333284
  endloop
endfacet
facet normal 0.308698 -0.950074 -0.0454385
  outer loop
    vertex -24.81141772792538 223.7232780509867 4.794762710666715
    vertex -25.72475081172235 223.3449631007139 6.5
    vertex -26.6860207465311 223.114182607624 4.794762710666714
  endloop
endfacet
facet normal 6.59939e-17 0.998967 0.0454385
  outer loop
    vertex -27.67155787628452 235.6366191533734 0.5
    vertex -28.65709500603798 235.5590556991228 2.205237289333288
    vertex -26.68602074653105 235.5590556991228 2.205237289333285
  endloop
endfacet
facet normal -0.308698 -0.950074 0.0454385
  outer loop
    vertex -29.61836494084669 223.3449631007139 0.5
    vertex -28.65709500603797 223.114182607624 2.205237289333289
    vertex -30.53169802464367 223.7232780509867 2.205237289333287
  endloop
endfacet
facet normal -0.890086 0.453522 0.0454385
  outer loop
    vertex -33.66321392894399 231.2834262179356 6.5
    vertex -32.76836494084669 233.039666242816 6.5
    vertex -33.28489897867124 232.1967593017325 4.794762710666714
  endloop
endfacet
facet normal -0.587178 0.808181 -0.0454385
  outer loop
    vertex -32.12633059775974 233.7913918748487 4.794762710666709
    vertex -31.3746049657271 234.4334262179356 6.5
    vertex -30.53169802464364 234.9499602557601 4.794762710666711
  endloop
endfacet
facet normal -0.453522 0.890086 0.0454385
  outer loop
    vertex -31.3746049657271 234.4334262179356 6.5
    vertex -29.61836494084669 235.3282752060329 6.5
    vertex -30.53169802464364 234.9499602557601 4.794762710666711
  endloop
endfacet
facet normal 0.453522 0.890086 -0.0454385
  outer loop
    vertex -23.96851078684194 234.4334262179356 0.5
    vertex -25.72475081172235 235.3282752060329 0.5
    vertex -24.81141772792538 234.9499602557601 2.205237289333285
  endloop
endfacet
facet normal 0.453522 -0.890086 0.0454385
  outer loop
    vertex -23.96851078684194 224.2398120888112 6.5
    vertex -25.72475081172235 223.3449631007139 6.5
    vertex -24.81141772792538 223.7232780509867 4.794762710666715
  endloop
endfacet
facet normal 0.587178 0.808181 -0.0454385
  outer loop
    vertex -23.96851078684194 234.4334262179356 6.5
    vertex -23.21678515480927 233.7913918748486 4.794762710666713
    vertex -24.81141772792537 234.9499602557601 4.794762710666715
  endloop
endfacet
facet normal -0.998967 7.7346e-15 0.0454385
  outer loop
    vertex -33.89399442203388 230.3221562831269 2.205237289333284
    vertex -33.97155787628452 229.3366191533734 0.5
    vertex -33.8939944220339 228.35108202362 2.205237289333307
  endloop
endfacet
facet normal 0 0.998967 -0.0454385
  outer loop
    vertex -28.65709500603797 235.5590556991228 4.794762710666713
    vertex -27.67155787628452 235.6366191533734 6.5
    vertex -26.68602074653106 235.5590556991228 4.794762710666713
  endloop
endfacet
facet normal -0.950074 0.308698 0.0454385
  outer loop
    vertex -33.66321392894399 231.2834262179356 0.5
    vertex -33.89399442203388 230.3221562831269 2.205237289333284
    vertex -33.28489897867122 232.1967593017326 2.205237289333297
  endloop
endfacet
facet normal -0.950074 -0.308698 -0.0454385
  outer loop
    vertex -33.66321392894399 227.3898120888112 6.5
    vertex -33.89399442203388 228.3510820236199 4.794762710666714
    vertex -33.28489897867124 226.4764790050143 4.794762710666702
  endloop
endfacet
facet normal 5.77446e-17 -0.998967 0.0454385
  outer loop
    vertex -27.67155787628452 223.0366191533734 0.5
    vertex -26.68602074653106 223.114182607624 2.205237289333287
    vertex -28.65709500603797 223.114182607624 2.205237289333289
  endloop
endfacet
facet normal 0.156273 0.986668 0.0454385
  outer loop
    vertex -27.67155787628452 235.6366191533734 6.5
    vertex -25.72475081172235 235.3282752060329 6.5
    vertex -26.68602074653106 235.5590556991228 4.794762710666713
  endloop
endfacet
facet normal 0.308698 0.950074 -0.0454385
  outer loop
    vertex -25.72475081172235 235.3282752060329 6.5
    vertex -24.81141772792537 234.9499602557601 4.794762710666715
    vertex -26.68602074653106 235.5590556991228 4.794762710666713
  endloop
endfacet
facet normal 0.156273 -0.986668 -0.0454385
  outer loop
    vertex -27.67155787628452 223.0366191533734 0.5
    vertex -25.72475081172235 223.3449631007139 0.5
    vertex -26.68602074653106 223.114182607624 2.205237289333287
  endloop
endfacet
facet normal -0.986668 -0.156273 -0.0454385
  outer loop
    vertex -33.97155787628452 229.3366191533734 0.5
    vertex -33.66321392894399 227.3898120888112 0.5
    vertex -33.8939944220339 228.35108202362 2.205237289333307
  endloop
endfacet
facet normal -0.890086 -0.453522 0.0454385
  outer loop
    vertex -32.76836494084669 225.6335720639308 6.5
    vertex -33.66321392894399 227.3898120888112 6.5
    vertex -33.28489897867124 226.4764790050143 4.794762710666702
  endloop
endfacet
facet normal -0.890086 0.453522 -0.0454385
  outer loop
    vertex -32.76836494084669 233.039666242816 0.5
    vertex -33.66321392894399 231.2834262179356 0.5
    vertex -33.28489897867122 232.1967593017326 2.205237289333297
  endloop
endfacet
facet normal -0.156273 0.986668 -0.0454385
  outer loop
    vertex -27.67155787628452 235.6366191533734 0.5
    vertex -29.61836494084669 235.3282752060329 0.5
    vertex -28.65709500603798 235.5590556991228 2.205237289333288
  endloop
endfacet
facet normal -0.587178 -0.808181 -0.0454385
  outer loop
    vertex -31.3746049657271 224.2398120888112 6.5
    vertex -32.12633059775975 224.8818464318981 4.79476271066671
    vertex -30.53169802464366 223.7232780509867 4.794762710666713
  endloop
endfacet
facet normal -0.587178 0.808181 0.0454385
  outer loop
    vertex -31.3746049657271 234.4334262179356 0.5
    vertex -32.12633059775976 233.7913918748486 2.205237289333289
    vertex -30.53169802464367 234.9499602557601 2.205237289333287
  endloop
endfacet
facet normal -0.156273 -0.986668 0.0454385
  outer loop
    vertex -27.67155787628452 223.0366191533734 6.5
    vertex -29.61836494084669 223.3449631007139 6.5
    vertex -28.65709500603798 223.114182607624 4.794762710666713
  endloop
endfacet
facet normal 0.453522 -0.890086 -0.0454385
  outer loop
    vertex -25.72475081172235 223.3449631007139 0.5
    vertex -23.96851078684194 224.2398120888112 0.5
    vertex -24.81141772792544 223.7232780509866 2.205237289333292
  endloop
endfacet
facet normal -0.950074 -0.308698 0.0454385
  outer loop
    vertex -33.8939944220339 228.35108202362 2.205237289333307
    vertex -33.66321392894399 227.3898120888112 0.5
    vertex -33.28489897867128 226.4764790050143 2.205237289333329
  endloop
endfacet
facet normal -0.950074 0.308698 -0.0454385
  outer loop
    vertex -33.66321392894399 231.2834262179356 6.5
    vertex -33.28489897867124 232.1967593017325 4.794762710666714
    vertex -33.89399442203389 230.3221562831268 4.794762710666715
  endloop
endfacet
facet normal -0.156273 -0.986668 -0.0454385
  outer loop
    vertex -29.61836494084669 223.3449631007139 0.5
    vertex -27.67155787628452 223.0366191533734 0.5
    vertex -28.65709500603797 223.114182607624 2.205237289333289
  endloop
endfacet
facet normal -0.587178 -0.808181 0.0454385
  outer loop
    vertex -32.12633059775975 224.8818464318981 2.205237289333289
    vertex -31.3746049657271 224.2398120888112 0.5
    vertex -30.53169802464367 223.7232780509867 2.205237289333287
  endloop
endfacet
facet normal 0.156273 -0.986668 0.0454385
  outer loop
    vertex -25.72475081172235 223.3449631007139 6.5
    vertex -27.67155787628452 223.0366191533734 6.5
    vertex -26.6860207465311 223.114182607624 4.794762710666714
  endloop
endfacet
facet normal -0.156273 0.986668 0.0454385
  outer loop
    vertex -29.61836494084669 235.3282752060329 6.5
    vertex -27.67155787628452 235.6366191533734 6.5
    vertex -28.65709500603797 235.5590556991228 4.794762710666713
  endloop
endfacet
facet normal -0.453522 -0.890086 0.0454385
  outer loop
    vertex -29.61836494084669 223.3449631007139 6.5
    vertex -31.3746049657271 224.2398120888112 6.5
    vertex -30.53169802464366 223.7232780509867 4.794762710666713
  endloop
endfacet
facet normal -0.453522 -0.890086 -0.0454385
  outer loop
    vertex -31.3746049657271 224.2398120888112 0.5
    vertex -29.61836494084669 223.3449631007139 0.5
    vertex -30.53169802464367 223.7232780509867 2.205237289333287
  endloop
endfacet
facet normal -0.453522 0.890086 -0.0454385
  outer loop
    vertex -29.61836494084669 235.3282752060329 0.5
    vertex -31.3746049657271 234.4334262179356 0.5
    vertex -30.53169802464367 234.9499602557601 2.205237289333287
  endloop
endfacet
facet normal 0.453522 0.890086 0.0454385
  outer loop
    vertex -25.72475081172235 235.3282752060329 6.5
    vertex -23.96851078684194 234.4334262179356 6.5
    vertex -24.81141772792537 234.9499602557601 4.794762710666715
  endloop
endfacet
facet normal -0.308698 -0.950074 -0.0454385
  outer loop
    vertex -28.65709500603798 223.114182607624 4.794762710666713
    vertex -29.61836494084669 223.3449631007139 6.5
    vertex -30.53169802464366 223.7232780509867 4.794762710666713
  endloop
endfacet
facet normal 0.156273 0.986668 -0.0454385
  outer loop
    vertex -25.72475081172235 235.3282752060329 0.5
    vertex -27.67155787628452 235.6366191533734 0.5
    vertex -26.68602074653105 235.5590556991228 2.205237289333285
  endloop
endfacet
facet normal -0.308698 0.950074 -0.0454385
  outer loop
    vertex -29.61836494084669 235.3282752060329 6.5
    vertex -28.65709500603797 235.5590556991228 4.794762710666713
    vertex -30.53169802464364 234.9499602557601 4.794762710666711
  endloop
endfacet
facet normal -0.986668 0.156273 0.0454385
  outer loop
    vertex -33.97155787628452 229.3366191533734 6.5
    vertex -33.66321392894399 231.2834262179356 6.5
    vertex -33.89399442203389 230.3221562831268 4.794762710666715
  endloop
endfacet
facet normal -0.808181 0.587178 0.0454385
  outer loop
    vertex -32.12633059775976 233.7913918748486 2.205237289333289
    vertex -32.76836494084669 233.039666242816 0.5
    vertex -33.28489897867122 232.1967593017326 2.205237289333297
  endloop
endfacet
facet normal -0.308698 0.950074 0.0454385
  outer loop
    vertex -28.65709500603798 235.5590556991228 2.205237289333288
    vertex -29.61836494084669 235.3282752060329 0.5
    vertex -30.53169802464367 234.9499602557601 2.205237289333287
  endloop
endfacet
facet normal 0.308698 0.950074 0.0454385
  outer loop
    vertex -24.81141772792538 234.9499602557601 2.205237289333285
    vertex -25.72475081172235 235.3282752060329 0.5
    vertex -26.68602074653105 235.5590556991228 2.205237289333285
  endloop
endfacet
facet normal 1.64985e-17 -0.998967 -0.0454385
  outer loop
    vertex -27.67155787628452 223.0366191533734 6.5
    vertex -28.65709500603798 223.114182607624 4.794762710666713
    vertex -26.6860207465311 223.114182607624 4.794762710666714
  endloop
endfacet
facet normal -0.998967 -3.58065e-15 -0.0454385
  outer loop
    vertex -33.89399442203388 228.3510820236199 4.794762710666714
    vertex -33.97155787628452 229.3366191533734 6.5
    vertex -33.89399442203389 230.3221562831268 4.794762710666715
  endloop
endfacet
facet normal 0.308698 -0.950074 0.0454385
  outer loop
    vertex -26.68602074653106 223.114182607624 2.205237289333287
    vertex -25.72475081172235 223.3449631007139 0.5
    vertex -24.81141772792544 223.7232780509866 2.205237289333292
  endloop
endfacet
facet normal 0.706377 0.706377 -0.0454292
  outer loop
    vertex -22.57475081172235 233.039666242816 0.5
    vertex -23.96851078684194 234.4334262179356 0.5
    vertex -23.21722215278088 233.7918288299564 2.205585649543237
  endloop
endfacet
facet normal 0.808181 0.587178 -0.0454385
  outer loop
    vertex -23.21678515480927 233.7913918748486 4.794762710666713
    vertex -22.57475081172235 233.039666242816 6.5
    vertex -22.0582167738978 232.1967593017325 4.794762710666712
  endloop
endfacet
facet normal 0.890086 -0.453522 -0.0454385
  outer loop
    vertex -22.57475081172235 225.6335720639308 0.5
    vertex -21.67990182362505 227.3898120888112 0.5
    vertex -22.05821677389784 226.4764790050142 2.205237289333305
  endloop
endfacet
facet normal 0.890086 0.453522 0.0454385
  outer loop
    vertex -22.57475081172235 233.039666242816 6.5
    vertex -21.67990182362505 231.2834262179356 6.5
    vertex -22.0582167738978 232.1967593017325 4.794762710666712
  endloop
endfacet
facet normal 0.808181 -0.587178 0.0454385
  outer loop
    vertex -23.21678515480928 224.8818464318981 2.205237289333287
    vertex -22.57475081172235 225.6335720639308 0.5
    vertex -22.05821677389784 226.4764790050142 2.205237289333305
  endloop
endfacet
facet normal 0.706376 -0.706376 0.0454385
  outer loop
    vertex -22.57475081172235 225.6335720639308 6.5
    vertex -23.96851078684194 224.2398120888112 6.5
    vertex -23.21678515480928 224.8818464318981 4.794762710666711
  endloop
endfacet
facet normal 0.587178 -0.808181 -0.0454385
  outer loop
    vertex -23.96851078684194 224.2398120888112 6.5
    vertex -24.81141772792538 223.7232780509867 4.794762710666715
    vertex -23.21678515480928 224.8818464318981 4.794762710666711
  endloop
endfacet
facet normal 0.808156 0.587211 0.0454621
  outer loop
    vertex -22.0582167738978 232.1967593017325 2.205237289333286
    vertex -22.57475081172235 233.039666242816 0.5
    vertex -23.21722215278088 233.7918288299564 2.205585649543237
  endloop
endfacet
facet normal 0.587133 0.808216 0.0454056
  outer loop
    vertex -23.96851078684194 234.4334262179356 0.5
    vertex -24.81141772792538 234.9499602557601 2.205237289333285
    vertex -23.21722215278088 233.7918288299564 2.205585649543237
  endloop
endfacet
facet normal 0.890086 0.453522 -0.0454385
  outer loop
    vertex -21.67990182362505 231.2834262179356 0.5
    vertex -22.57475081172235 233.039666242816 0.5
    vertex -22.0582167738978 232.1967593017325 2.205237289333286
  endloop
endfacet
facet normal 0.890086 -0.453522 0.0454385
  outer loop
    vertex -21.67990182362505 227.3898120888112 6.5
    vertex -22.57475081172235 225.6335720639308 6.5
    vertex -22.0582167738978 226.4764790050143 4.794762710666714
  endloop
endfacet
facet normal 0.808181 -0.587178 -0.0454385
  outer loop
    vertex -22.0582167738978 226.4764790050143 4.794762710666714
    vertex -22.57475081172235 225.6335720639308 6.5
    vertex -23.21678515480928 224.8818464318981 4.794762710666711
  endloop
endfacet
facet normal 0.988516 0.151117 0
  outer loop
    vertex -21.37155787628452 229.3366191533734 4.5
    vertex -21.37155787628452 229.3366191533734 2.5
    vertex -21.65929589012748 231.218826849089 3.499999999999999
  endloop
endfacet
facet normal 0.989552 -0.144175 0
  outer loop
    vertex -21.37155787628452 229.3366191533734 2.5
    vertex -21.37155787628452 229.3366191533734 4.5
    vertex -21.63346605583063 227.5389965100559 3.5
  endloop
endfacet
facet normal 0.993467 -0.114123 0
  outer loop
    vertex -21.37155787628452 229.3366191533734 0.5
    vertex -21.37155787628452 229.3366191533734 2.5
    vertex -21.53566113818097 227.9080635124093 1.948755233267006
  endloop
endfacet
facet normal 0.993467 0.114123 0
  outer loop
    vertex -21.37155787628452 229.3366191533734 6.5
    vertex -21.37155787628452 229.3366191533734 4.5
    vertex -21.53566113818096 230.7651747943374 5.051244766733047
  endloop
endfacet
facet normal 0.986803 -0.156294 -0.042338
  outer loop
    vertex -21.67990182362505 227.3898120888112 0.5
    vertex -21.37155787628452 229.3366191533734 0.5
    vertex -21.53566113818097 227.9080635124093 1.948755233267006
  endloop
endfacet
facet normal 0.986803 0.156294 0.042338
  outer loop
    vertex -21.67990182362505 231.2834262179356 6.5
    vertex -21.37155787628452 229.3366191533734 6.5
    vertex -21.53566113818096 230.7651747943374 5.051244766733047
  endloop
endfacet
facet normal 0.993467 0.114123 0
  outer loop
    vertex -21.37155787628452 229.3366191533734 2.5
    vertex -21.37155787628452 229.3366191533734 0.5
    vertex -21.53566113818096 230.7651747943374 1.948755233266952
  endloop
endfacet
facet normal 0.993467 -0.114123 0
  outer loop
    vertex -21.37155787628452 229.3366191533734 4.5
    vertex -21.37155787628452 229.3366191533734 6.5
    vertex -21.53566113818096 227.9080635124094 5.051244766733045
  endloop
endfacet
facet normal 0.986803 -0.156294 0.042338
  outer loop
    vertex -21.37155787628452 229.3366191533734 6.5
    vertex -21.67990182362505 227.3898120888112 6.5
    vertex -21.53566113818096 227.9080635124094 5.051244766733045
  endloop
endfacet
facet normal 0.986803 0.156294 -0.042338
  outer loop
    vertex -21.37155787628452 229.3366191533734 0.5
    vertex -21.67990182362505 231.2834262179356 0.5
    vertex -21.53566113818096 230.7651747943374 1.948755233266952
  endloop
endfacet
facet normal 0.156249 0.985903 0.059848
  outer loop
    vertex -26.68602074653105 235.5590556991228 2.205237289333285
    vertex -27.67113585899722 235.6366191392386 3.499401550330826
    vertex -25.7237805427891 235.3279598596862 3.500000000000004
  endloop
endfacet
facet normal 0.156221 -0.985912 0.0597731
  outer loop
    vertex -27.67120874440106 223.0366191630474 3.500746215039673
    vertex -26.68602074653106 223.114182607624 2.205237289333287
    vertex -25.72447917304816 223.3450513682771 3.500183387128309
  endloop
endfacet
facet normal -0.985935 0.156061 0.0598087
  outer loop
    vertex -33.66333404135481 231.2830565111364 3.500317742614327
    vertex -33.89399442203388 230.3221562831269 2.205237289333284
    vertex -33.97155783685351 229.3359142911217 3.500058036166774
  endloop
endfacet
facet normal -9.43527e-17 0.998209 -0.0598259
  outer loop
    vertex -26.68602074653105 235.5590556991228 2.205237289333285
    vertex -28.65709500603798 235.5590556991228 2.205237289333288
    vertex -27.67113585899722 235.6366191392386 3.499401550330826
  endloop
endfacet
facet normal -0.889427 0.453147 0.0598044
  outer loop
    vertex -32.76840941890904 233.0396050232419 3.500234048234055
    vertex -33.28489897867122 232.1967593017326 2.205237289333297
    vertex -33.66333404135481 231.2830565111364 3.500317742614327
  endloop
endfacet
facet normal -0.308463 -0.949351 0.0598643
  outer loop
    vertex -28.65709500603798 223.114182607624 4.794762710666713
    vertex -30.53169802464366 223.7232780509867 4.794762710666713
    vertex -29.6183649408467 223.3449631007139 3.50143090194568
  endloop
endfacet
facet normal -0.453153 0.889428 -0.0597455
  outer loop
    vertex -31.37460668758837 234.4334249669297 3.498359718676305
    vertex -30.53169802464364 234.9499602557601 4.794762710666711
    vertex -29.61823033767237 235.3283189395838 3.498964589001509
  endloop
endfacet
facet normal -0.80757 -0.586734 0.0597861
  outer loop
    vertex -32.12633059775975 224.8818464318981 4.79476271066671
    vertex -33.28489897867124 226.4764790050143 4.794762710666702
    vertex -32.7681340958077 225.6332543538173 3.499735197612899
  endloop
endfacet
facet normal -0.80757 0.586734 -0.0597876
  outer loop
    vertex -32.12633059775976 233.7913918748486 2.205237289333289
    vertex -33.28489897867122 232.1967593017326 2.205237289333297
    vertex -32.76840941890904 233.0396050232419 3.500234048234055
  endloop
endfacet
facet normal -0.949355 0.308464 -0.0597837
  outer loop
    vertex -33.28489897867122 232.1967593017326 2.205237289333297
    vertex -33.89399442203388 230.3221562831269 2.205237289333284
    vertex -33.66333404135481 231.2830565111364 3.500317742614327
  endloop
endfacet
facet normal -0.586736 0.807573 0.0597229
  outer loop
    vertex -32.12633059775974 233.7913918748487 4.794762710666709
    vertex -30.53169802464364 234.9499602557601 4.794762710666711
    vertex -31.37460668758837 234.4334249669297 3.498359718676305
  endloop
endfacet
facet normal -6.73251e-17 -0.998213 -0.059764
  outer loop
    vertex -28.65709500603797 223.114182607624 2.205237289333289
    vertex -26.68602074653106 223.114182607624 2.205237289333287
    vertex -27.67120874440106 223.0366191630474 3.500746215039673
  endloop
endfacet
facet normal -0.308465 0.949357 0.0597507
  outer loop
    vertex -30.53169802464364 234.9499602557601 4.794762710666711
    vertex -28.65709500603797 235.5590556991228 4.794762710666713
    vertex -29.61823033767237 235.3283189395838 3.498964589001509
  endloop
endfacet
facet normal -0.586733 -0.807569 -0.0598023
  outer loop
    vertex -32.12633059775975 224.8818464318981 2.205237289333289
    vertex -30.53169802464367 223.7232780509867 2.205237289333287
    vertex -31.37454601082886 224.2397692560914 3.499913831982863
  endloop
endfacet
facet normal 0.705944 -0.705738 -0.0598103
  outer loop
    vertex -23.21678515480928 224.8818464318981 4.794762710666711
    vertex -23.96791981638853 224.2402415063294 3.499766045142485
    vertex -22.57415120359939 225.6343974942523 3.499999999999998
  endloop
endfacet
facet normal 0.586734 -0.80757 0.0597875
  outer loop
    vertex -23.21678515480928 224.8818464318981 4.794762710666711
    vertex -24.81141772792538 223.7232780509867 4.794762710666715
    vertex -23.96791981638853 224.2402415063294 3.499766045142485
  endloop
endfacet
facet normal 0.156285 0.985899 -0.0598205
  outer loop
    vertex -27.67113585899722 235.6366191392386 3.499401550330826
    vertex -26.68602074653106 235.5590556991228 4.794762710666713
    vertex -25.7237805427891 235.3279598596862 3.500000000000004
  endloop
endfacet
facet normal 0.156187 -0.985915 -0.0598159
  outer loop
    vertex -26.6860207465311 223.114182607624 4.794762710666714
    vertex -27.67120874440106 223.0366191630474 3.500746215039673
    vertex -25.72447917304816 223.3450513682771 3.500183387128309
  endloop
endfacet
facet normal -0.985932 0.156076 -0.059826
  outer loop
    vertex -33.89399442203389 230.3221562831268 4.794762710666715
    vertex -33.66333404135481 231.2830565111364 3.500317742614327
    vertex -33.97155783685351 229.3359142911217 3.500058036166774
  endloop
endfacet
facet normal 0.586704 0.807594 -0.0597549
  outer loop
    vertex -23.21722215278088 233.7918288299564 2.205585649543237
    vertex -24.81141772792538 234.9499602557601 2.205237289333285
    vertex -23.9685534006861 234.4334571784334 3.500311585182754
  endloop
endfacet
facet normal 0.705933 -0.705747 0.0598211
  outer loop
    vertex -23.96791981638853 224.2402415063294 3.499766045142485
    vertex -23.21678515480928 224.8818464318981 2.205237289333287
    vertex -22.57415120359939 225.6343974942523 3.499999999999998
  endloop
endfacet
facet normal -0.156123 0.985923 0.0598528
  outer loop
    vertex -27.67113585899722 235.6366191392386 3.499401550330826
    vertex -28.65709500603798 235.5590556991228 2.205237289333288
    vertex -29.61823033767237 235.3283189395838 3.498964589001509
  endloop
endfacet
facet normal -0.156098 0.985931 -0.0597776
  outer loop
    vertex -28.65709500603797 235.5590556991228 4.794762710666713
    vertex -27.67113585899722 235.6366191392386 3.499401550330826
    vertex -29.61823033767237 235.3283189395838 3.498964589001509
  endloop
endfacet
facet normal -0.453131 -0.889434 -0.0598249
  outer loop
    vertex -29.6183649408467 223.3449631007139 3.50143090194568
    vertex -30.53169802464366 223.7232780509867 4.794762710666713
    vertex -31.37454601082886 224.2397692560914 3.499913831982863
  endloop
endfacet
facet normal -0.70582 -0.705864 0.0597872
  outer loop
    vertex -32.12633059775975 224.8818464318981 2.205237289333289
    vertex -31.37454601082886 224.2397692560914 3.499913831982863
    vertex -32.7681340958077 225.6332543538173 3.499735197612899
  endloop
endfacet
facet normal -0.705804 0.705876 0.0598351
  outer loop
    vertex -32.12633059775976 233.7913918748486 2.205237289333289
    vertex -32.76840941890904 233.0396050232419 3.500234048234055
    vertex -31.37460668758837 234.4334249669297 3.498359718676305
  endloop
endfacet
facet normal -0.156147 -0.985918 -0.0598695
  outer loop
    vertex -28.65709500603798 223.114182607624 4.794762710666713
    vertex -29.6183649408467 223.3449631007139 3.50143090194568
    vertex -27.67120874440106 223.0366191630474 3.500746215039673
  endloop
endfacet
facet normal -0.453215 -0.889396 0.059763
  outer loop
    vertex -30.53169802464367 223.7232780509867 2.205237289333287
    vertex -29.6183649408467 223.3449631007139 3.50143090194568
    vertex -31.37454601082886 224.2397692560914 3.499913831982863
  endloop
endfacet
facet normal -0.705887 0.705798 -0.0597704
  outer loop
    vertex -32.76840941890904 233.0396050232419 3.500234048234055
    vertex -32.12633059775974 233.7913918748487 4.794762710666709
    vertex -31.37460668758837 234.4334249669297 3.498359718676305
  endloop
endfacet
facet normal -0.705813 -0.705872 -0.059771
  outer loop
    vertex -31.37454601082886 224.2397692560914 3.499913831982863
    vertex -32.12633059775975 224.8818464318981 4.79476271066671
    vertex -32.7681340958077 225.6332543538173 3.499735197612899
  endloop
endfacet
facet normal -0.156107 -0.98593 0.0597692
  outer loop
    vertex -29.6183649408467 223.3449631007139 3.50143090194568
    vertex -28.65709500603797 223.114182607624 2.205237289333289
    vertex -27.67120874440106 223.0366191630474 3.500746215039673
  endloop
endfacet
facet normal 0.308464 -0.949354 0.0598068
  outer loop
    vertex -24.81141772792538 223.7232780509867 4.794762710666715
    vertex -26.6860207465311 223.114182607624 4.794762710666714
    vertex -25.72447917304816 223.3450513682771 3.500183387128309
  endloop
endfacet
facet normal -0.99821 -3.62535e-15 0.059801
  outer loop
    vertex -33.89399442203388 228.3510820236199 4.794762710666714
    vertex -33.89399442203389 230.3221562831268 4.794762710666715
    vertex -33.97155783685351 229.3359142911217 3.500058036166774
  endloop
endfacet
facet normal -0.998211 6.49625e-15 -0.0597956
  outer loop
    vertex -33.89399442203388 230.3221562831269 2.205237289333284
    vertex -33.8939944220339 228.35108202362 2.205237289333307
    vertex -33.97155783685351 229.3359142911217 3.500058036166774
  endloop
endfacet
facet normal 0.308464 0.949355 -0.0597983
  outer loop
    vertex -24.81141772792538 234.9499602557601 2.205237289333285
    vertex -26.68602074653105 235.5590556991228 2.205237289333285
    vertex -25.7237805427891 235.3279598596862 3.500000000000004
  endloop
endfacet
facet normal 0.308464 0.949355 0.0597983
  outer loop
    vertex -26.68602074653106 235.5590556991228 4.794762710666713
    vertex -24.81141772792537 234.9499602557601 4.794762710666715
    vertex -25.7237805427891 235.3279598596862 3.500000000000004
  endloop
endfacet
facet normal -0.949355 -0.308464 0.0597949
  outer loop
    vertex -33.28489897867124 226.4764790050143 4.794762710666702
    vertex -33.89399442203388 228.3510820236199 4.794762710666714
    vertex -33.66312429120842 227.3895362338355 3.499925978322913
  endloop
endfacet
facet normal -0.985909 -0.156237 0.0597738
  outer loop
    vertex -33.97155783685351 229.3359142911217 3.500058036166774
    vertex -33.8939944220339 228.35108202362 2.205237289333307
    vertex -33.66312429120842 227.3895362338355 3.499925978322913
  endloop
endfacet
facet normal -0.985911 -0.156229 -0.059773
  outer loop
    vertex -33.89399442203388 228.3510820236199 4.794762710666714
    vertex -33.97155783685351 229.3359142911217 3.500058036166774
    vertex -33.66312429120842 227.3895362338355 3.499925978322913
  endloop
endfacet
facet normal 0.308464 -0.949355 -0.0597899
  outer loop
    vertex -26.68602074653106 223.114182607624 2.205237289333287
    vertex -24.81141772792544 223.7232780509866 2.205237289333292
    vertex -25.72447917304816 223.3450513682771 3.500183387128309
  endloop
endfacet
facet normal -0.949354 -0.308464 -0.0598017
  outer loop
    vertex -33.8939944220339 228.35108202362 2.205237289333307
    vertex -33.28489897867128 226.4764790050143 2.205237289333329
    vertex -33.66312429120842 227.3895362338355 3.499925978322913
  endloop
endfacet
facet normal -0.88939 -0.453221 -0.0597967
  outer loop
    vertex -32.7681340958077 225.6332543538173 3.499735197612899
    vertex -33.28489897867124 226.4764790050143 4.794762710666702
    vertex -33.66312429120842 227.3895362338355 3.499925978322913
  endloop
endfacet
facet normal 0.453238 -0.88938 -0.0598239
  outer loop
    vertex -23.96791981638853 224.2402415063294 3.499766045142485
    vertex -24.81141772792538 223.7232780509867 4.794762710666715
    vertex -25.72447917304816 223.3450513682771 3.500183387128309
  endloop
endfacet
facet normal 0.45324 0.889385 0.0597267
  outer loop
    vertex -24.81141772792538 234.9499602557601 2.205237289333285
    vertex -25.7237805427891 235.3279598596862 3.500000000000004
    vertex -23.9685534006861 234.4334571784334 3.500311585182754
  endloop
endfacet
facet normal 0.807569 -0.586733 -0.0597983
  outer loop
    vertex -23.21678515480928 224.8818464318981 2.205237289333287
    vertex -22.05821677389784 226.4764790050142 2.205237289333305
    vertex -22.57415120359939 225.6343974942523 3.499999999999998
  endloop
endfacet
facet normal 0.807569 0.586733 0.0597983
  outer loop
    vertex -23.21678515480927 233.7913918748486 4.794762710666713
    vertex -22.0582167738978 232.1967593017325 4.794762710666712
    vertex -22.57535055351066 233.0404915760286 3.499999999999999
  endloop
endfacet
facet normal 0.807532 0.58678 -0.0598435
  outer loop
    vertex -22.0582167738978 232.1967593017325 2.205237289333286
    vertex -23.21722215278088 233.7918288299564 2.205585649543237
    vertex -22.57535055351066 233.0404915760286 3.499999999999999
  endloop
endfacet
facet normal -0.807569 -0.586733 -0.0598105
  outer loop
    vertex -33.28489897867128 226.4764790050143 2.205237289333329
    vertex -32.12633059775975 224.8818464318981 2.205237289333289
    vertex -32.7681340958077 225.6332543538173 3.499735197612899
  endloop
endfacet
facet normal 0.586733 -0.807569 -0.0598091
  outer loop
    vertex -24.81141772792544 223.7232780509866 2.205237289333292
    vertex -23.21678515480928 224.8818464318981 2.205237289333287
    vertex -23.96791981638853 224.2402415063294 3.499766045142485
  endloop
endfacet
facet normal -0.807569 0.586733 0.0598091
  outer loop
    vertex -33.28489897867124 232.1967593017325 4.794762710666714
    vertex -32.12633059775974 233.7913918748487 4.794762710666709
    vertex -32.76840941890904 233.0396050232419 3.500234048234055
  endloop
endfacet
facet normal -0.889428 0.453142 -0.0598298
  outer loop
    vertex -33.28489897867124 232.1967593017325 4.794762710666714
    vertex -32.76840941890904 233.0396050232419 3.500234048234055
    vertex -33.66333404135481 231.2830565111364 3.500317742614327
  endloop
endfacet
facet normal -0.308463 0.949352 -0.059846
  outer loop
    vertex -28.65709500603798 235.5590556991228 2.205237289333288
    vertex -30.53169802464367 234.9499602557601 2.205237289333287
    vertex -29.61823033767237 235.3283189395838 3.498964589001509
  endloop
endfacet
facet normal -0.308465 -0.949358 -0.0597326
  outer loop
    vertex -30.53169802464367 223.7232780509867 2.205237289333287
    vertex -28.65709500603797 223.114182607624 2.205237289333289
    vertex -29.6183649408467 223.3449631007139 3.50143090194568
  endloop
endfacet
facet normal -0 0.998212 0.0597708
  outer loop
    vertex -28.65709500603797 235.5590556991228 4.794762710666713
    vertex -26.68602074653106 235.5590556991228 4.794762710666713
    vertex -27.67113585899722 235.6366191392386 3.499401550330826
  endloop
endfacet
facet normal -0.453183 0.889405 0.0598686
  outer loop
    vertex -30.53169802464367 234.9499602557601 2.205237289333287
    vertex -31.37460668758837 234.4334249669297 3.498359718676305
    vertex -29.61823033767237 235.3283189395838 3.498964589001509
  endloop
endfacet
facet normal -0.949354 0.308464 0.059813
  outer loop
    vertex -33.89399442203389 230.3221562831268 4.794762710666715
    vertex -33.28489897867124 232.1967593017325 4.794762710666714
    vertex -33.66333404135481 231.2830565111364 3.500317742614327
  endloop
endfacet
facet normal -2.6961e-17 -0.998208 0.0598327
  outer loop
    vertex -26.6860207465311 223.114182607624 4.794762710666714
    vertex -28.65709500603798 223.114182607624 4.794762710666713
    vertex -27.67120874440106 223.0366191630474 3.500746215039673
  endloop
endfacet
facet normal -0.586734 -0.807569 0.0597944
  outer loop
    vertex -30.53169802464366 223.7232780509867 4.794762710666713
    vertex -32.12633059775975 224.8818464318981 4.79476271066671
    vertex -31.37454601082886 224.2397692560914 3.499913831982863
  endloop
endfacet
facet normal -0.586731 0.807566 -0.0598739
  outer loop
    vertex -30.53169802464367 234.9499602557601 2.205237289333287
    vertex -32.12633059775976 233.7913918748486 2.205237289333289
    vertex -31.37460668758837 234.4334249669297 3.498359718676305
  endloop
endfacet
facet normal 0.70579 0.705897 0.0597491
  outer loop
    vertex -23.21722215278088 233.7918288299564 2.205585649543237
    vertex -23.9685534006861 234.4334571784334 3.500311585182754
    vertex -22.57535055351066 233.0404915760286 3.499999999999999
  endloop
endfacet
facet normal 0.807569 -0.586733 0.0597983
  outer loop
    vertex -22.0582167738978 226.4764790050143 4.794762710666714
    vertex -23.21678515480928 224.8818464318981 4.794762710666711
    vertex -22.57415120359939 225.6343974942523 3.499999999999998
  endloop
endfacet
facet normal -0.889384 -0.453231 0.0598123
  outer loop
    vertex -33.28489897867128 226.4764790050143 2.205237289333329
    vertex -32.7681340958077 225.6332543538173 3.499735197612899
    vertex -33.66312429120842 227.3895362338355 3.499925978322913
  endloop
endfacet
facet normal 0.45326 -0.889368 0.0598262
  outer loop
    vertex -24.81141772792544 223.7232780509866 2.205237289333292
    vertex -23.96791981638853 224.2402415063294 3.499766045142485
    vertex -25.72447917304816 223.3450513682771 3.500183387128309
  endloop
endfacet
facet normal 0.586733 0.807569 0.0598127
  outer loop
    vertex -24.81141772792537 234.9499602557601 4.794762710666715
    vertex -23.21678515480927 233.7913918748486 4.794762710666713
    vertex -23.9685534006861 234.4334571784334 3.500311585182754
  endloop
endfacet
facet normal 0.453256 0.889376 -0.059741
  outer loop
    vertex -25.7237805427891 235.3279598596862 3.500000000000004
    vertex -24.81141772792537 234.9499602557601 4.794762710666715
    vertex -23.9685534006861 234.4334571784334 3.500311585182754
  endloop
endfacet
facet normal 0.705777 0.70591 -0.0597474
  outer loop
    vertex -23.9685534006861 234.4334571784334 3.500311585182754
    vertex -23.21678515480927 233.7913918748486 4.794762710666713
    vertex -22.57535055351066 233.0404915760286 3.499999999999999
  endloop
endfacet
facet normal 0.940595 -0.338423 0.0274142
  outer loop
    vertex -22.05821677389784 226.4764790050142 2.205237289333305
    vertex -21.67990182362505 227.3898120888112 0.5
    vertex -21.53566113818097 227.9080635124093 1.948755233267006
  endloop
endfacet
facet normal 0.940595 0.338423 -0.0274142
  outer loop
    vertex -22.0582167738978 232.1967593017325 4.794762710666712
    vertex -21.67990182362505 231.2834262179356 6.5
    vertex -21.53566113818096 230.7651747943374 5.051244766733047
  endloop
endfacet
facet normal 0.940595 -0.338423 -0.0274142
  outer loop
    vertex -21.67990182362505 227.3898120888112 6.5
    vertex -22.0582167738978 226.4764790050143 4.794762710666714
    vertex -21.53566113818096 227.9080635124094 5.051244766733045
  endloop
endfacet
facet normal 0.940595 0.338423 0.0274142
  outer loop
    vertex -21.67990182362505 231.2834262179356 0.5
    vertex -22.0582167738978 232.1967593017325 2.205237289333286
    vertex -21.53566113818096 230.7651747943374 1.948755233266952
  endloop
endfacet
facet normal 0.937486 0.346994 0.0267584
  outer loop
    vertex -21.65929589012748 231.218826849089 3.499999999999999
    vertex -22.0582167738978 232.1967593017325 4.794762710666712
    vertex -21.53566113818096 230.7651747943374 5.051244766733047
  endloop
endfacet
facet normal 0.937768 -0.346479 -0.0233075
  outer loop
    vertex -21.63346605583063 227.5389965100559 3.5
    vertex -22.05821677389784 226.4764790050142 2.205237289333305
    vertex -21.53566113818097 227.9080635124093 1.948755233267006
  endloop
endfacet
facet normal 0.937486 0.346994 -0.0267584
  outer loop
    vertex -22.0582167738978 232.1967593017325 2.205237289333286
    vertex -21.65929589012748 231.218826849089 3.499999999999999
    vertex -21.53566113818096 230.7651747943374 1.948755233266952
  endloop
endfacet
facet normal 0.937768 -0.346479 0.0233075
  outer loop
    vertex -22.0582167738978 226.4764790050143 4.794762710666714
    vertex -21.63346605583063 227.5389965100559 3.5
    vertex -21.53566113818096 227.9080635124094 5.051244766733045
  endloop
endfacet
facet normal 0.990711 0.129645 -0.0410461
  outer loop
    vertex -21.37155787628452 229.3366191533734 4.5
    vertex -21.65929589012748 231.218826849089 3.499999999999999
    vertex -21.53566113818096 230.7651747943374 5.051244766733047
  endloop
endfacet
facet normal 0.990711 0.129645 0.0410461
  outer loop
    vertex -21.65929589012748 231.218826849089 3.499999999999999
    vertex -21.37155787628452 229.3366191533734 2.5
    vertex -21.53566113818096 230.7651747943374 1.948755233266952
  endloop
endfacet
facet normal 0.991448 -0.126407 0.0324357
  outer loop
    vertex -21.37155787628452 229.3366191533734 2.5
    vertex -21.63346605583063 227.5389965100559 3.5
    vertex -21.53566113818097 227.9080635124093 1.948755233267006
  endloop
endfacet
facet normal 0.991448 -0.126407 -0.0324357
  outer loop
    vertex -21.63346605583063 227.5389965100559 3.5
    vertex -21.37155787628452 229.3366191533734 4.5
    vertex -21.53566113818096 227.9080635124094 5.051244766733045
  endloop
endfacet
facet normal 0.821708 0.569726 -0.0144543
  outer loop
    vertex 19.31361762280504 233.7391360412682 4.718456258795043
    vertex 19.47409460951513 233.4439199599812 2.205237289333285
    vertex 18.5909217849022 234.7449705142867 3.279769134207682
  endloop
endfacet
facet normal 0.929285 0.369016 0.0159912
  outer loop
    vertex 19.47409460951513 233.4439199599812 2.205237289333285
    vertex 19.31361762280504 233.7391360412682 4.718456258795043
    vertex 19.95800479338982 232.1691904058164 3.5
  endloop
endfacet
facet normal 0.89446 -0.441776 0.0691028
  outer loop
    vertex 19.47409460951508 227.7236396632629 2.205237289333297
    vertex 19.8988453275823 228.7861571683046 3.499999999999999
    vertex 18.95816017981354 226.881558152501 3.499999999999989
  endloop
endfacet
facet normal 0.89446 -0.441776 -0.0691028
  outer loop
    vertex 19.8988453275823 228.7861571683046 3.499999999999999
    vertex 19.47409460951513 227.723639663263 4.794762710666714
    vertex 18.95816017981354 226.881558152501 3.499999999999989
  endloop
endfacet
facet normal 0.447797 -0.891893 0.0632869
  outer loop
    vertex 15.68119837615004 224.5525294869504 3.649386258864132
    vertex 16.6915080773143 224.955562637119 2.180649584771422
    vertex 17.56380059657098 225.4869727470599 3.497674671761404
  endloop
endfacet
facet normal 0.00232059 -0.998737 -0.0501837
  outer loop
    vertex 13.86075350712841 224.2837798116221 6.5
    vertex 12.9056008119397 224.3566068311378 5.006457184841415
    vertex 14.79521552382414 224.3534683636002 5.156297027991343
  endloop
endfacet
facet normal 0.593535 0.803 0.0539252
  outer loop
    vertex 17.56380059657099 235.6805868761843 0.5
    vertex 16.74825918590058 236.1830932476657 1.993542815158607
    vertex 18.31552622860368 235.0385525330973 1.786563234100678
  endloop
endfacet
facet normal -0.00568114 -0.998696 0.050726
  outer loop
    vertex 12.9056008119397 224.3566068311378 5.006457184841415
    vertex 13.88684844967589 224.2838338551893 3.683596113276707
    vertex 14.79521552382414 224.3534683636002 5.156297027991343
  endloop
endfacet
facet normal 0.584404 0.809758 -0.0525833
  outer loop
    vertex 16.74825918590058 236.1830932476657 1.993542815158607
    vertex 17.58488008254744 235.665204931631 3.316403886723324
    vertex 18.31552622860368 235.0385525330973 1.786563234100678
  endloop
endfacet
facet normal 0.438832 -0.895718 -0.0715249
  outer loop
    vertex 16.72089365548756 224.9704387092354 4.794762710666715
    vertex 15.68119837615004 224.5525294869504 3.649386258864132
    vertex 17.56380059657098 225.4869727470599 3.497674671761404
  endloop
endfacet
facet normal -0.00324895 -0.998952 0.0456442
  outer loop
    vertex 13.86075350712842 224.2837798116221 0.5
    vertex 14.8235757848989 224.3577880623962 2.188252026140566
    vertex 12.86021797071451 224.3637373165604 2.178703557253652
  endloop
endfacet
facet normal -0.0027775 -0.998688 -0.0511313
  outer loop
    vertex 12.86021797071451 224.3637373165604 2.178703557253652
    vertex 14.8235757848989 224.3577880623962 2.188252026140566
    vertex 13.88684844967589 224.2838338551893 3.683596113276707
  endloop
endfacet
facet normal 0.584543 -0.809984 0.0472787
  outer loop
    vertex 17.563800596571 225.4869727470599 0.5
    vertex 18.31552622860367 226.1290070901468 2.205237289333287
    vertex 16.6915080773143 224.955562637119 2.180649584771422
  endloop
endfacet
facet normal -0.587178 -0.808181 -0.0454385
  outer loop
    vertex 11.00061335876927 224.9704387092354 4.794762710666716
    vertex 10.15770641768583 225.4869727470599 6.5
    vertex 9.405980785653103 226.1290070901469 4.794762710666702
  endloop
endfacet
facet normal -0.156268 -0.986636 -0.0461443
  outer loop
    vertex 11.91394644256625 224.5921237589626 0.5
    vertex 13.86075350712842 224.2837798116221 0.5
    vertex 12.86021797071451 224.3637373165604 2.178703557253652
  endloop
endfacet
facet normal -0.950074 -0.308698 -0.0454385
  outer loop
    vertex 8.247412404741688 227.723639663263 4.794762710666715
    vertex 7.869097454468944 228.6369727470599 6.5
    vertex 7.638316961379038 229.5982426818687 4.794762710666711
  endloop
endfacet
facet normal -0.950074 0.308698 0.0454385
  outer loop
    vertex 7.869097454468944 232.5305868761843 0.5
    vertex 7.638316961379043 231.5693169413755 2.205237289333285
    vertex 8.247412404741716 233.4439199599813 2.205237289333284
  endloop
endfacet
facet normal 0.308139 0.950272 -0.0450967
  outer loop
    vertex 14.84629063688187 236.8062163573715 4.794762710666711
    vertex 15.80756057169059 236.5754358642816 6.5
    vertex 16.70735250192332 236.2039999285599 4.821296442746379
  endloop
endfacet
facet normal -0.950074 0.308698 -0.0454385
  outer loop
    vertex 7.638316961379044 231.5693169413755 4.794762710666714
    vertex 7.869097454468947 232.5305868761843 6.5
    vertex 8.247412404741702 233.4439199599813 4.794762710666712
  endloop
endfacet
facet normal -0.706376 -0.706376 0.0454385
  outer loop
    vertex 10.15770641768583 225.4869727470599 6.5
    vertex 8.763946442566244 226.8807327221795 6.5
    vertex 9.405980785653103 226.1290070901469 4.794762710666702
  endloop
endfacet
facet normal -0.587178 0.808181 -0.0454385
  outer loop
    vertex 10.15770641768584 235.6805868761843 6.5
    vertex 11.00061335876927 236.1971209140088 4.794762710666715
    vertex 9.405980785653146 235.0385525330973 4.794762710666713
  endloop
endfacet
facet normal -0.587178 0.808181 0.0454385
  outer loop
    vertex 10.15770641768583 235.6805868761843 0.5
    vertex 9.405980785653146 235.0385525330973 2.205237289333286
    vertex 11.00061335876927 236.1971209140088 2.205237289333286
  endloop
endfacet
facet normal -0.986668 -0.156273 0.0454385
  outer loop
    vertex 7.869097454468944 228.6369727470599 6.5
    vertex 7.560753507128413 230.5837798116221 6.5
    vertex 7.638316961379038 229.5982426818687 4.794762710666711
  endloop
endfacet
facet normal 0.706376 -0.706376 -0.0454385
  outer loop
    vertex 17.563800596571 225.4869727470599 0.5
    vertex 18.95756057169058 226.8807327221795 0.5
    vertex 18.31552622860367 226.1290070901468 2.205237289333287
  endloop
endfacet
facet normal -0.986668 0.156273 -0.0454385
  outer loop
    vertex 7.869097454468944 232.5305868761843 0.5
    vertex 7.560753507128413 230.5837798116221 0.5
    vertex 7.638316961379043 231.5693169413755 2.205237289333285
  endloop
endfacet
facet normal -0.890086 -0.453522 -0.0454385
  outer loop
    vertex 7.869097454468947 228.6369727470599 0.5
    vertex 8.763946442566247 226.8807327221795 0.5
    vertex 8.247412404741677 227.723639663263 2.205237289333289
  endloop
endfacet
facet normal -0.890086 0.453522 0.0454385
  outer loop
    vertex 7.869097454468947 232.5305868761843 6.5
    vertex 8.763946442566247 234.2868269010647 6.5
    vertex 8.247412404741702 233.4439199599813 4.794762710666712
  endloop
endfacet
facet normal -0.706376 0.706376 -0.0454385
  outer loop
    vertex 10.15770641768583 235.6805868761843 0.5
    vertex 8.763946442566244 234.2868269010647 0.5
    vertex 9.405980785653146 235.0385525330973 2.205237289333286
  endloop
endfacet
facet normal 0.706362 0.706362 0.0458699
  outer loop
    vertex 17.563800596571 235.6805868761843 6.5
    vertex 18.95756057169058 234.2868269010647 6.5
    vertex 18.29923922349722 235.0547802081318 4.811747973859463
  endloop
endfacet
facet normal -0.453522 -0.890086 -0.0454385
  outer loop
    vertex 10.15770641768584 225.4869727470599 0.5
    vertex 11.91394644256625 224.5921237589626 0.5
    vertex 11.00061335876919 224.9704387092354 2.205237289333316
  endloop
endfacet
facet normal 0.453507 0.890057 0.0461443
  outer loop
    vertex 15.80756057169059 236.5754358642816 6.5
    vertex 17.563800596571 235.6805868761843 6.5
    vertex 16.70735250192332 236.2039999285599 4.821296442746379
  endloop
endfacet
facet normal -0.453522 0.890086 0.0454385
  outer loop
    vertex 10.15770641768584 235.6805868761843 6.5
    vertex 11.91394644256625 236.5754358642816 6.5
    vertex 11.00061335876927 236.1971209140088 4.794762710666715
  endloop
endfacet
facet normal 0.453522 -0.890086 0.0454385
  outer loop
    vertex 17.56380059657099 225.4869727470599 6.5
    vertex 15.80756057169058 224.5921237589626 6.5
    vertex 16.72089365548756 224.9704387092354 4.794762710666715
  endloop
endfacet
facet normal -0.308698 0.950074 0.0454385
  outer loop
    vertex 11.91394644256624 236.5754358642816 0.5
    vertex 11.00061335876927 236.1971209140088 2.205237289333286
    vertex 12.87521637737497 236.8062163573715 2.205237289333284
  endloop
endfacet
facet normal 0.156273 0.986668 -0.0454385
  outer loop
    vertex 15.80756057169058 236.5754358642816 0.5
    vertex 13.86075350712841 236.8837798116221 0.5
    vertex 14.84629063688186 236.8062163573715 2.205237289333291
  endloop
endfacet
facet normal -0.309266 -0.949906 0.0450967
  outer loop
    vertex 11.00061335876919 224.9704387092354 2.205237289333316
    vertex 11.91394644256625 224.5921237589626 0.5
    vertex 12.86021797071451 224.3637373165604 2.178703557253652
  endloop
endfacet
facet normal -0.808181 -0.587178 0.0454385
  outer loop
    vertex 8.763946442566247 226.8807327221795 0.5
    vertex 9.405980785653142 226.1290070901469 2.205237289333287
    vertex 8.247412404741677 227.723639663263 2.205237289333289
  endloop
endfacet
facet normal 0.584541 0.810079 -0.0456442
  outer loop
    vertex 17.563800596571 235.6805868761843 6.5
    vertex 18.29923922349722 235.0547802081318 4.811747973859463
    vertex 16.70735250192332 236.2039999285599 4.821296442746379
  endloop
endfacet
facet normal 0.453509 -0.890061 -0.0460507
  outer loop
    vertex 15.80756057169059 224.5921237589626 0.5
    vertex 17.563800596571 225.4869727470599 0.5
    vertex 16.6915080773143 224.955562637119 2.180649584771422
  endloop
endfacet
facet normal 0.15627 -0.986649 -0.0458699
  outer loop
    vertex 13.86075350712842 224.2837798116221 0.5
    vertex 15.80756057169059 224.5921237589626 0.5
    vertex 14.8235757848989 224.3577880623962 2.188252026140566
  endloop
endfacet
facet normal -0.156273 0.986668 0.0454385
  outer loop
    vertex 11.91394644256625 236.5754358642816 6.5
    vertex 13.86075350712842 236.8837798116221 6.5
    vertex 12.87521637737498 236.8062163573715 4.794762710666715
  endloop
endfacet
facet normal 0.156273 0.986668 0.0454385
  outer loop
    vertex 13.86075350712842 236.8837798116221 6.5
    vertex 15.80756057169059 236.5754358642816 6.5
    vertex 14.84629063688187 236.8062163573715 4.794762710666711
  endloop
endfacet
facet normal -0.308698 0.950074 -0.0454385
  outer loop
    vertex 11.00061335876927 236.1971209140088 4.794762710666715
    vertex 11.91394644256625 236.5754358642816 6.5
    vertex 12.87521637737498 236.8062163573715 4.794762710666715
  endloop
endfacet
facet normal -0.998967 -9.48662e-16 0.0454385
  outer loop
    vertex 7.560753507128413 230.5837798116221 0.5
    vertex 7.638316961379044 229.5982426818686 2.205237289333283
    vertex 7.638316961379043 231.5693169413755 2.205237289333285
  endloop
endfacet
facet normal -0.156273 0.986668 -0.0454385
  outer loop
    vertex 13.86075350712841 236.8837798116221 0.5
    vertex 11.91394644256624 236.5754358642816 0.5
    vertex 12.87521637737497 236.8062163573715 2.205237289333284
  endloop
endfacet
facet normal 0.584767 0.809588 0.0511313
  outer loop
    vertex 16.70735250192332 236.2039999285599 4.821296442746379
    vertex 18.29923922349722 235.0547802081318 4.811747973859463
    vertex 17.58488008254744 235.665204931631 3.316403886723324
  endloop
endfacet
facet normal -0.706376 0.706376 0.0454385
  outer loop
    vertex 8.763946442566247 234.2868269010647 6.5
    vertex 10.15770641768584 235.6805868761843 6.5
    vertex 9.405980785653146 235.0385525330973 4.794762710666713
  endloop
endfacet
facet normal -0.453522 0.890086 -0.0454385
  outer loop
    vertex 11.91394644256624 236.5754358642816 0.5
    vertex 10.15770641768583 235.6805868761843 0.5
    vertex 11.00061335876927 236.1971209140088 2.205237289333286
  endloop
endfacet
facet normal -9.89908e-17 0.998967 -0.0454385
  outer loop
    vertex 13.86075350712842 236.8837798116221 6.5
    vertex 14.84629063688187 236.8062163573715 4.794762710666711
    vertex 12.87521637737498 236.8062163573715 4.794762710666715
  endloop
endfacet
facet normal -0.706376 -0.706376 -0.0454385
  outer loop
    vertex 8.763946442566247 226.8807327221795 0.5
    vertex 10.15770641768584 225.4869727470599 0.5
    vertex 9.405980785653142 226.1290070901469 2.205237289333287
  endloop
endfacet
facet normal -1.53561e-16 0.998967 0.0454385
  outer loop
    vertex 14.84629063688186 236.8062163573715 2.205237289333291
    vertex 13.86075350712841 236.8837798116221 0.5
    vertex 12.87521637737497 236.8062163573715 2.205237289333284
  endloop
endfacet
facet normal -0.890086 0.453522 -0.0454385
  outer loop
    vertex 8.763946442566244 234.2868269010647 0.5
    vertex 7.869097454468944 232.5305868761843 0.5
    vertex 8.247412404741716 233.4439199599813 2.205237289333284
  endloop
endfacet
facet normal -0.453522 -0.890086 0.0454385
  outer loop
    vertex 11.91394644256624 224.5921237589626 6.5
    vertex 10.15770641768583 225.4869727470599 6.5
    vertex 11.00061335876927 224.9704387092354 4.794762710666716
  endloop
endfacet
facet normal -0.587178 -0.808181 0.0454385
  outer loop
    vertex 9.405980785653142 226.1290070901469 2.205237289333287
    vertex 10.15770641768584 225.4869727470599 0.5
    vertex 11.00061335876919 224.9704387092354 2.205237289333316
  endloop
endfacet
facet normal -0.890086 -0.453522 0.0454385
  outer loop
    vertex 8.763946442566244 226.8807327221795 6.5
    vertex 7.869097454468944 228.6369727470599 6.5
    vertex 8.247412404741688 227.723639663263 4.794762710666715
  endloop
endfacet
facet normal -0.986668 0.156273 0.0454385
  outer loop
    vertex 7.560753507128413 230.5837798116221 6.5
    vertex 7.869097454468947 232.5305868761843 6.5
    vertex 7.638316961379044 231.5693169413755 4.794762710666714
  endloop
endfacet
facet normal -0.986668 -0.156273 -0.0454385
  outer loop
    vertex 7.560753507128413 230.5837798116221 0.5
    vertex 7.869097454468947 228.6369727470599 0.5
    vertex 7.638316961379044 229.5982426818686 2.205237289333283
  endloop
endfacet
facet normal -0.808181 0.587178 0.0454385
  outer loop
    vertex 9.405980785653146 235.0385525330973 2.205237289333286
    vertex 8.763946442566244 234.2868269010647 0.5
    vertex 8.247412404741716 233.4439199599813 2.205237289333284
  endloop
endfacet
facet normal 0.304645 -0.951378 0.045505
  outer loop
    vertex 14.8235757848989 224.3577880623962 2.188252026140566
    vertex 15.80756057169059 224.5921237589626 0.5
    vertex 16.6915080773143 224.955562637119 2.180649584771422
  endloop
endfacet
facet normal -0.808181 0.587178 -0.0454385
  outer loop
    vertex 8.763946442566247 234.2868269010647 6.5
    vertex 9.405980785653146 235.0385525330973 4.794762710666713
    vertex 8.247412404741702 233.4439199599813 4.794762710666712
  endloop
endfacet
facet normal -0.998967 2.77999e-15 -0.0454385
  outer loop
    vertex 7.560753507128413 230.5837798116221 6.5
    vertex 7.638316961379044 231.5693169413755 4.794762710666714
    vertex 7.638316961379038 229.5982426818687 4.794762710666711
  endloop
endfacet
facet normal -0.808181 -0.587178 -0.0454385
  outer loop
    vertex 8.763946442566244 226.8807327221795 6.5
    vertex 8.247412404741688 227.723639663263 4.794762710666715
    vertex 9.405980785653103 226.1290070901469 4.794762710666702
  endloop
endfacet
facet normal -0.950074 -0.308698 0.0454385
  outer loop
    vertex 7.638316961379044 229.5982426818686 2.205237289333283
    vertex 7.869097454468947 228.6369727470599 0.5
    vertex 8.247412404741677 227.723639663263 2.205237289333289
  endloop
endfacet
facet normal 0.790553 0.611656 -0.0300395
  outer loop
    vertex 18.29923922349722 235.0547802081318 4.811747973859463
    vertex 18.95756057169058 234.2868269010647 6.5
    vertex 19.31361762280504 233.7391360412682 4.718456258795043
  endloop
endfacet
facet normal 0.890086 -0.453522 -0.0454385
  outer loop
    vertex 18.95756057169058 226.8807327221795 0.5
    vertex 19.85240955978788 228.6369727470599 0.5
    vertex 19.47409460951508 227.7236396632629 2.205237289333297
  endloop
endfacet
facet normal 0.890347 0.453654 0.0384789
  outer loop
    vertex 18.95756057169058 234.2868269010647 6.5
    vertex 19.85240955978788 232.5305868761843 6.5
    vertex 19.31361762280504 233.7391360412682 4.718456258795043
  endloop
endfacet
facet normal 0.808181 -0.587178 0.0454385
  outer loop
    vertex 18.31552622860367 226.1290070901468 2.205237289333287
    vertex 18.95756057169058 226.8807327221795 0.5
    vertex 19.47409460951508 227.7236396632629 2.205237289333297
  endloop
endfacet
facet normal 0.706376 -0.706376 0.0454385
  outer loop
    vertex 18.95756057169058 226.8807327221795 6.5
    vertex 17.56380059657099 225.4869727470599 6.5
    vertex 18.31552622860368 226.1290070901469 4.794762710666713
  endloop
endfacet
facet normal 0.587178 -0.808181 -0.0454385
  outer loop
    vertex 17.56380059657099 225.4869727470599 6.5
    vertex 16.72089365548756 224.9704387092354 4.794762710666715
    vertex 18.31552622860368 226.1290070901469 4.794762710666713
  endloop
endfacet
facet normal 0.890086 0.453522 -0.0454385
  outer loop
    vertex 19.85240955978788 232.5305868761843 0.5
    vertex 18.95756057169058 234.2868269010647 0.5
    vertex 19.47409460951513 233.4439199599812 2.205237289333285
  endloop
endfacet
facet normal 0.890086 -0.453522 0.0454385
  outer loop
    vertex 19.85240955978788 228.6369727470599 6.5
    vertex 18.95756057169058 226.8807327221795 6.5
    vertex 19.47409460951513 227.723639663263 4.794762710666714
  endloop
endfacet
facet normal 0.808181 -0.587178 -0.0454385
  outer loop
    vertex 19.47409460951513 227.723639663263 4.794762710666714
    vertex 18.95756057169058 226.8807327221795 6.5
    vertex 18.31552622860368 226.1290070901469 4.794762710666713
  endloop
endfacet
facet normal 0.991922 0.126851 0
  outer loop
    vertex 20.16075350712841 230.5837798116221 4.5
    vertex 20.16075350712841 230.5837798116221 2.5
    vertex 19.95800479338982 232.1691904058164 3.5
  endloop
endfacet
facet normal 0.989552 -0.144175 0
  outer loop
    vertex 20.16075350712841 230.5837798116221 2.5
    vertex 20.16075350712841 230.5837798116221 4.5
    vertex 19.8988453275823 228.7861571683046 3.499999999999999
  endloop
endfacet
facet normal 0.453381 0.88981 -0.0518126
  outer loop
    vertex 17.56380059657099 235.6805868761843 0.5
    vertex 15.80756057169058 236.5754358642816 0.5
    vertex 16.74825918590058 236.1830932476657 1.993542815158607
  endloop
endfacet
facet normal -0.156224 -0.986362 0.0518126
  outer loop
    vertex 13.86075350712841 224.2837798116221 6.5
    vertex 11.91394644256624 224.5921237589626 6.5
    vertex 12.9056008119397 224.3566068311378 5.006457184841415
  endloop
endfacet
facet normal 0.304193 -0.951203 -0.0517707
  outer loop
    vertex 14.8235757848989 224.3577880623962 2.188252026140566
    vertex 16.6915080773143 224.955562637119 2.180649584771422
    vertex 15.68119837615004 224.5525294869504 3.649386258864132
  endloop
endfacet
facet normal 0.792587 0.609129 0.0277222
  outer loop
    vertex 18.29923922349722 235.0547802081318 4.811747973859463
    vertex 19.31361762280504 233.7391360412682 4.718456258795043
    vertex 18.5909217849022 234.7449705142867 3.279769134207682
  endloop
endfacet
facet normal -0.1595 -0.985581 0.0564797
  outer loop
    vertex 12.86021797071451 224.3637373165604 2.178703557253652
    vertex 13.88684844967589 224.2838338551893 3.683596113276707
    vertex 11.91394644256612 224.5921237589627 3.491800523434014
  endloop
endfacet
facet normal 0.450272 0.891103 -0.0564797
  outer loop
    vertex 16.70735250192332 236.2039999285599 4.821296442746379
    vertex 17.58488008254744 235.665204931631 3.316403886723324
    vertex 15.8075605716906 236.5754358642816 3.508199476566058
  endloop
endfacet
facet normal 0.295593 -0.953827 -0.0532901
  outer loop
    vertex 16.72089365548756 224.9704387092354 4.794762710666715
    vertex 15.80756057169058 224.5921237589626 6.5
    vertex 14.79521552382414 224.3534683636002 5.156297027991343
  endloop
endfacet
facet normal 0.801418 0.595859 0.051778
  outer loop
    vertex 19.47409460951513 233.4439199599812 2.205237289333285
    vertex 18.95756057169058 234.2868269010647 0.5
    vertex 18.31552622860368 235.0385525330973 1.786563234100678
  endloop
endfacet
facet normal 0.993467 -0.114123 0
  outer loop
    vertex 20.16075350712841 230.5837798116221 0.5
    vertex 20.16075350712841 230.5837798116221 2.5
    vertex 19.99665024523197 229.155224170658 1.948755233267005
  endloop
endfacet
facet normal 0.992088 0.125545 0
  outer loop
    vertex 20.16075350712841 230.5837798116221 6.5
    vertex 20.16075350712841 230.5837798116221 4.5
    vertex 19.96215779993845 232.153131797532 5.009723079670376
  endloop
endfacet
facet normal 0.986803 -0.156294 -0.042338
  outer loop
    vertex 19.85240955978788 228.6369727470599 0.5
    vertex 20.16075350712841 230.5837798116221 0.5
    vertex 19.99665024523197 229.155224170658 1.948755233267005
  endloop
endfacet
facet normal 0.987147 0.156349 0.0330966
  outer loop
    vertex 19.85240955978788 232.5305868761843 6.5
    vertex 20.16075350712841 230.5837798116221 6.5
    vertex 19.96215779993845 232.153131797532 5.009723079670376
  endloop
endfacet
facet normal 0.993467 0.114123 0
  outer loop
    vertex 20.16075350712841 230.5837798116221 2.5
    vertex 20.16075350712841 230.5837798116221 0.5
    vertex 19.99665024523199 232.0123354525861 1.948755233266952
  endloop
endfacet
facet normal 0.993467 -0.114123 0
  outer loop
    vertex 20.16075350712841 230.5837798116221 4.5
    vertex 20.16075350712841 230.5837798116221 6.5
    vertex 19.99665024523199 229.1552241706582 5.051244766733051
  endloop
endfacet
facet normal 0.986803 0.156294 -0.042338
  outer loop
    vertex 20.16075350712841 230.5837798116221 0.5
    vertex 19.85240955978788 232.5305868761843 0.5
    vertex 19.99665024523199 232.0123354525861 1.948755233266952
  endloop
endfacet
facet normal 0.986803 -0.156294 0.042338
  outer loop
    vertex 20.16075350712841 230.5837798116221 6.5
    vertex 19.85240955978788 228.6369727470599 6.5
    vertex 19.99665024523199 229.1552241706582 5.051244766733051
  endloop
endfacet
facet normal -0.148822 -0.987273 -0.0560786
  outer loop
    vertex 13.88684844967589 224.2838338551893 3.683596113276707
    vertex 12.9056008119397 224.3566068311378 5.006457184841415
    vertex 11.91394644256612 224.5921237589627 3.491800523434014
  endloop
endfacet
facet normal 0.459905 0.886196 0.0560786
  outer loop
    vertex 17.58488008254744 235.665204931631 3.316403886723324
    vertex 16.74825918590058 236.1830932476657 1.993542815158607
    vertex 15.8075605716906 236.5754358642816 3.508199476566058
  endloop
endfacet
facet normal 0.31475 -0.947281 0.0599217
  outer loop
    vertex 15.68119837615004 224.5525294869504 3.649386258864132
    vertex 16.72089365548756 224.9704387092354 4.794762710666715
    vertex 14.79521552382414 224.3534683636002 5.156297027991343
  endloop
endfacet
facet normal 0.81293 0.581269 -0.0356462
  outer loop
    vertex 18.5909217849022 234.7449705142867 3.279769134207682
    vertex 19.47409460951513 233.4439199599812 2.205237289333285
    vertex 18.31552622860368 235.0385525330973 1.786563234100678
  endloop
endfacet
facet normal 0.148775 -0.987876 0.0443405
  outer loop
    vertex 13.88684844967589 224.2838338551893 3.683596113276707
    vertex 14.8235757848989 224.3577880623962 2.188252026140566
    vertex 15.68119837615004 224.5525294869504 3.649386258864132
  endloop
endfacet
facet normal 0.315959 0.94746 0.0498857
  outer loop
    vertex 15.80756057169058 236.5754358642816 0.5
    vertex 14.84629063688186 236.8062163573715 2.205237289333291
    vertex 16.74825918590058 236.1830932476657 1.993542815158607
  endloop
endfacet
facet normal -0.301287 -0.952228 -0.0498857
  outer loop
    vertex 11.91394644256624 224.5921237589626 6.5
    vertex 11.00061335876927 224.9704387092354 4.794762710666716
    vertex 12.9056008119397 224.3566068311378 5.006457184841415
  endloop
endfacet
facet normal 0.674378 0.738091 -0.0208642
  outer loop
    vertex 17.58488008254744 235.665204931631 3.316403886723324
    vertex 18.29923922349722 235.0547802081318 4.811747973859463
    vertex 18.5909217849022 234.7449705142867 3.279769134207682
  endloop
endfacet
facet normal 0.156012 0.985959 0.0595342
  outer loop
    vertex 14.84629063688186 236.8062163573715 2.205237289333291
    vertex 13.86059877296634 236.8837798097219 3.503734393012374
    vertex 15.8075605716906 236.5754358642816 3.508199476566058
  endloop
endfacet
facet normal -0.705859 0.705824 -0.0597939
  outer loop
    vertex 9.405980785653146 235.0385525330973 4.794762710666713
    vertex 10.15736500683733 235.6803388092117 3.500598449669171
    vertex 8.76383873963699 234.2866786561664 3.499832468978843
  endloop
endfacet
facet normal -0.705748 -0.705933 -0.0598214
  outer loop
    vertex 9.405980785653103 226.1290070901469 4.794762710666702
    vertex 8.764151664964903 226.8804502742388 3.499253784960322
    vertex 10.1585318480073 225.486373138937 3.500000000000013
  endloop
endfacet
facet normal -0.453334 -0.889349 -0.0595492
  outer loop
    vertex 11.00061335876927 224.9704387092354 4.794762710666716
    vertex 10.1585318480073 225.486373138937 3.500000000000013
    vertex 11.91394644256612 224.5921237589627 3.491800523434014
  endloop
endfacet
facet normal -0.586732 0.807568 0.0598259
  outer loop
    vertex 9.405980785653146 235.0385525330973 4.794762710666713
    vertex 11.00061335876927 236.1971209140088 4.794762710666715
    vertex 10.15736500683733 235.6803388092117 3.500598449669171
  endloop
endfacet
facet normal -0.985931 0.156116 -0.0597332
  outer loop
    vertex 7.638316961379044 231.5693169413755 4.794762710666714
    vertex 7.868978750134571 232.5302215039035 3.498933579050072
    vertex 7.560753508690198 230.5836395315699 3.498872015952042
  endloop
endfacet
facet normal -0.308465 0.949359 -0.0597258
  outer loop
    vertex 12.87521637737497 236.8062163573715 2.205237289333284
    vertex 11.00061335876927 236.1971209140088 2.205237289333286
    vertex 11.91385089603128 236.5754048184882 3.501579134841176
  endloop
endfacet
facet normal -0.15624 0.985915 0.0596731
  outer loop
    vertex 12.87521637737497 236.8062163573715 2.205237289333284
    vertex 11.91385089603128 236.5754048184882 3.501579134841176
    vertex 13.86059877296634 236.8837798097219 3.503734393012374
  endloop
endfacet
facet normal -0.949351 -0.308463 -0.0598643
  outer loop
    vertex 7.638316961379044 229.5982426818686 2.205237289333283
    vertex 8.247412404741677 227.723639663263 2.205237289333289
    vertex 7.86909745446894 228.63697274706 3.498569098054299
  endloop
endfacet
facet normal -0.949357 0.308465 0.0597493
  outer loop
    vertex 7.638316961379044 231.5693169413755 4.794762710666714
    vertex 8.247412404741702 233.4439199599813 4.794762710666712
    vertex 7.868978750134571 232.5302215039035 3.498933579050072
  endloop
endfacet
facet normal 2.01512e-16 0.998221 -0.059627
  outer loop
    vertex 14.84629063688186 236.8062163573715 2.205237289333291
    vertex 12.87521637737497 236.8062163573715 2.205237289333284
    vertex 13.86059877296634 236.8837798097219 3.503734393012374
  endloop
endfacet
facet normal -0.998214 2.59112e-15 0.0597465
  outer loop
    vertex 7.638316961379038 229.5982426818687 4.794762710666711
    vertex 7.638316961379044 231.5693169413755 4.794762710666714
    vertex 7.560753508690198 230.5836395315699 3.498872015952042
  endloop
endfacet
facet normal -0.807571 -0.586735 0.059764
  outer loop
    vertex 9.405980785653103 226.1290070901469 4.794762710666702
    vertex 8.247412404741688 227.723639663263 4.794762710666715
    vertex 8.764151664964903 226.8804502742388 3.499253784960322
  endloop
endfacet
facet normal 0.705948 -0.705734 -0.0598061
  outer loop
    vertex 18.31552622860368 226.1290070901469 4.794762710666713
    vertex 17.56380059657098 225.4869727470599 3.497674671761404
    vertex 18.95816017981354 226.881558152501 3.499999999999989
  endloop
endfacet
facet normal 0.586737 -0.807574 0.0596915
  outer loop
    vertex 18.31552622860368 226.1290070901469 4.794762710666713
    vertex 16.72089365548756 224.9704387092354 4.794762710666715
    vertex 17.56380059657098 225.4869727470599 3.497674671761404
  endloop
endfacet
facet normal -0.705893 0.705792 0.0597741
  outer loop
    vertex 10.15736500683733 235.6803388092117 3.500598449669171
    vertex 9.405980785653146 235.0385525330973 2.205237289333286
    vertex 8.76383873963699 234.2866786561664 3.499832468978843
  endloop
endfacet
facet normal -0.705778 -0.7059 0.0598558
  outer loop
    vertex 8.764151664964903 226.8804502742388 3.499253784960322
    vertex 9.405980785653142 226.1290070901469 2.205237289333287
    vertex 10.1585318480073 225.486373138937 3.500000000000013
  endloop
endfacet
facet normal 0.705844 -0.705829 0.0599133
  outer loop
    vertex 17.56380059657098 225.4869727470599 3.497674671761404
    vertex 18.31552622860367 226.1290070901468 2.205237289333287
    vertex 18.95816017981354 226.881558152501 3.499999999999989
  endloop
endfacet
facet normal -0.453187 0.889403 -0.0598678
  outer loop
    vertex 10.15736500683733 235.6803388092117 3.500598449669171
    vertex 11.00061335876927 236.1971209140088 4.794762710666715
    vertex 11.91385089603128 236.5754048184882 3.501579134841176
  endloop
endfacet
facet normal -0.889405 -0.453182 0.0598695
  outer loop
    vertex 7.86909745446894 228.63697274706 3.498569098054299
    vertex 8.247412404741677 227.723639663263 2.205237289333289
    vertex 8.764151664964903 226.8804502742388 3.499253784960322
  endloop
endfacet
facet normal -0.453242 0.889381 0.0597676
  outer loop
    vertex 11.00061335876927 236.1971209140088 2.205237289333286
    vertex 10.15736500683733 235.6803388092117 3.500598449669171
    vertex 11.91385089603128 236.5754048184882 3.501579134841176
  endloop
endfacet
facet normal -0.889392 -0.453222 -0.0597692
  outer loop
    vertex 8.247412404741688 227.723639663263 4.794762710666715
    vertex 7.86909745446894 228.63697274706 3.498569098054299
    vertex 8.764151664964903 226.8804502742388 3.499253784960322
  endloop
endfacet
facet normal -0.985925 -0.156157 -0.0597311
  outer loop
    vertex 7.86909745446894 228.63697274706 3.498569098054299
    vertex 7.638316961379038 229.5982426818687 4.794762710666711
    vertex 7.560753508690198 230.5836395315699 3.498872015952042
  endloop
endfacet
facet normal -0.985915 -0.156174 0.0598488
  outer loop
    vertex 7.638316961379044 229.5982426818686 2.205237289333283
    vertex 7.86909745446894 228.63697274706 3.498569098054299
    vertex 7.560753508690198 230.5836395315699 3.498872015952042
  endloop
endfacet
facet normal -0.586733 -0.807569 0.0597983
  outer loop
    vertex 11.00061335876927 224.9704387092354 4.794762710666716
    vertex 9.405980785653103 226.1290070901469 4.794762710666702
    vertex 10.1585318480073 225.486373138937 3.500000000000013
  endloop
endfacet
facet normal -0.80757 0.586734 0.0597906
  outer loop
    vertex 8.247412404741702 233.4439199599813 4.794762710666712
    vertex 9.405980785653146 235.0385525330973 4.794762710666713
    vertex 8.76383873963699 234.2866786561664 3.499832468978843
  endloop
endfacet
facet normal -0.807569 0.586733 -0.059806
  outer loop
    vertex 9.405980785653146 235.0385525330973 2.205237289333286
    vertex 8.247412404741716 233.4439199599813 2.205237289333284
    vertex 8.76383873963699 234.2866786561664 3.499832468978843
  endloop
endfacet
facet normal -0.586733 -0.807569 -0.0597983
  outer loop
    vertex 9.405980785653142 226.1290070901469 2.205237289333287
    vertex 11.00061335876919 224.9704387092354 2.205237289333316
    vertex 10.1585318480073 225.486373138937 3.500000000000013
  endloop
endfacet
facet normal -0.889421 0.453163 -0.059782
  outer loop
    vertex 7.868978750134571 232.5302215039035 3.498933579050072
    vertex 8.247412404741702 233.4439199599813 4.794762710666712
    vertex 8.76383873963699 234.2866786561664 3.499832468978843
  endloop
endfacet
facet normal 0.807569 -0.586733 -0.0597983
  outer loop
    vertex 18.31552622860367 226.1290070901468 2.205237289333287
    vertex 19.47409460951508 227.7236396632629 2.205237289333297
    vertex 18.95816017981354 226.881558152501 3.499999999999989
  endloop
endfacet
facet normal 0.585176 -0.808585 -0.0613161
  outer loop
    vertex 16.6915080773143 224.955562637119 2.180649584771422
    vertex 18.31552622860367 226.1290070901468 2.205237289333287
    vertex 17.56380059657098 225.4869727470599 3.497674671761404
  endloop
endfacet
facet normal -0.985926 0.156111 0.0598342
  outer loop
    vertex 7.868978750134571 232.5302215039035 3.498933579050072
    vertex 7.638316961379043 231.5693169413755 2.205237289333285
    vertex 7.560753508690198 230.5836395315699 3.498872015952042
  endloop
endfacet
facet normal -0.949352 0.308463 -0.0598474
  outer loop
    vertex 8.247412404741716 233.4439199599813 2.205237289333284
    vertex 7.638316961379043 231.5693169413755 2.205237289333285
    vertex 7.868978750134571 232.5302215039035 3.498933579050072
  endloop
endfacet
facet normal -0.949358 -0.308465 0.0597326
  outer loop
    vertex 8.247412404741688 227.723639663263 4.794762710666715
    vertex 7.638316961379038 229.5982426818687 4.794762710666711
    vertex 7.86909745446894 228.63697274706 3.498569098054299
  endloop
endfacet
facet normal -0.586734 0.807571 -0.0597708
  outer loop
    vertex 11.00061335876927 236.1971209140088 2.205237289333286
    vertex 9.405980785653146 235.0385525330973 2.205237289333286
    vertex 10.15736500683733 235.6803388092117 3.500598449669171
  endloop
endfacet
facet normal -0.807568 -0.586732 -0.0598327
  outer loop
    vertex 8.247412404741677 227.723639663263 2.205237289333289
    vertex 9.405980785653142 226.1290070901469 2.205237289333287
    vertex 8.764151664964903 226.8804502742388 3.499253784960322
  endloop
endfacet
facet normal -0.308463 0.94935 0.0598711
  outer loop
    vertex 11.00061335876927 236.1971209140088 4.794762710666715
    vertex 12.87521637737498 236.8062163573715 4.794762710666715
    vertex 11.91385089603128 236.5754048184882 3.501579134841176
  endloop
endfacet
facet normal -0.156109 0.985921 -0.0599176
  outer loop
    vertex 11.91385089603128 236.5754048184882 3.501579134841176
    vertex 12.87521637737498 236.8062163573715 4.794762710666715
    vertex 13.86059877296634 236.8837798097219 3.503734393012374
  endloop
endfacet
facet normal -0.998207 -8.32175e-16 -0.0598503
  outer loop
    vertex 7.638316961379043 231.5693169413755 2.205237289333285
    vertex 7.638316961379044 229.5982426818686 2.205237289333283
    vertex 7.560753508690198 230.5836395315699 3.498872015952042
  endloop
endfacet
facet normal 1.35116e-16 0.9982 0.0599707
  outer loop
    vertex 12.87521637737498 236.8062163573715 4.794762710666715
    vertex 14.84629063688187 236.8062163573715 4.794762710666711
    vertex 13.86059877296634 236.8837798097219 3.503734393012374
  endloop
endfacet
facet normal 0.807569 -0.586733 0.0597983
  outer loop
    vertex 19.47409460951513 227.723639663263 4.794762710666714
    vertex 18.31552622860368 226.1290070901469 4.794762710666713
    vertex 18.95816017981354 226.881558152501 3.499999999999989
  endloop
endfacet
facet normal -0.889443 0.453113 0.0598388
  outer loop
    vertex 8.247412404741716 233.4439199599813 2.205237289333284
    vertex 7.868978750134571 232.5302215039035 3.498933579050072
    vertex 8.76383873963699 234.2866786561664 3.499832468978843
  endloop
endfacet
facet normal 0.156274 0.985885 -0.0600835
  outer loop
    vertex 13.86059877296634 236.8837798097219 3.503734393012374
    vertex 14.84629063688187 236.8062163573715 4.794762710666711
    vertex 15.8075605716906 236.5754358642816 3.508199476566058
  endloop
endfacet
facet normal -0.45288 -0.889555 0.059926
  outer loop
    vertex 10.1585318480073 225.486373138937 3.500000000000013
    vertex 11.00061335876919 224.9704387092354 2.205237289333316
    vertex 11.91394644256612 224.5921237589627 3.491800523434014
  endloop
endfacet
facet normal 0.306583 0.950035 0.0586522
  outer loop
    vertex 14.84629063688187 236.8062163573715 4.794762710666711
    vertex 16.70735250192332 236.2039999285599 4.821296442746379
    vertex 15.8075605716906 236.5754358642816 3.508199476566058
  endloop
endfacet
facet normal 0.156176 -0.986056 0.0574708
  outer loop
    vertex 15.80756057169058 224.5921237589626 6.5
    vertex 13.86075350712841 224.2837798116221 6.5
    vertex 14.79521552382414 224.3534683636002 5.156297027991343
  endloop
endfacet
facet normal -0.310386 -0.9488 -0.0586522
  outer loop
    vertex 11.00061335876919 224.9704387092354 2.205237289333316
    vertex 12.86021797071451 224.3637373165604 2.178703557253652
    vertex 11.91394644256612 224.5921237589627 3.491800523434014
  endloop
endfacet
facet normal 0.705825 0.705825 -0.0601781
  outer loop
    vertex 18.95756057169058 234.2868269010647 0.5
    vertex 17.56380059657099 235.6805868761843 0.5
    vertex 18.31552622860368 235.0385525330973 1.786563234100678
  endloop
endfacet
facet normal 0.940595 -0.338423 0.0274142
  outer loop
    vertex 19.47409460951508 227.7236396632629 2.205237289333297
    vertex 19.85240955978788 228.6369727470599 0.5
    vertex 19.99665024523197 229.155224170658 1.948755233267005
  endloop
endfacet
facet normal 0.926975 0.374185 -0.026508
  outer loop
    vertex 19.31361762280504 233.7391360412682 4.718456258795043
    vertex 19.85240955978788 232.5305868761843 6.5
    vertex 19.96215779993845 232.153131797532 5.009723079670376
  endloop
endfacet
facet normal 0.940595 -0.338423 -0.0274142
  outer loop
    vertex 19.85240955978788 228.6369727470599 6.5
    vertex 19.47409460951513 227.723639663263 4.794762710666714
    vertex 19.99665024523199 229.1552241706582 5.051244766733051
  endloop
endfacet
facet normal 0.940595 0.338423 0.0274142
  outer loop
    vertex 19.85240955978788 232.5305868761843 0.5
    vertex 19.47409460951513 233.4439199599812 2.205237289333285
    vertex 19.99665024523199 232.0123354525861 1.948755233266952
  endloop
endfacet
facet normal 0.925508 0.378726 0.0014825
  outer loop
    vertex 19.95800479338982 232.1691904058164 3.5
    vertex 19.31361762280504 233.7391360412682 4.718456258795043
    vertex 19.96215779993845 232.153131797532 5.009723079670376
  endloop
endfacet
facet normal 0.937768 -0.346479 -0.0233075
  outer loop
    vertex 19.8988453275823 228.7861571683046 3.499999999999999
    vertex 19.47409460951508 227.7236396632629 2.205237289333297
    vertex 19.99665024523197 229.155224170658 1.948755233267005
  endloop
endfacet
facet normal 0.93865 0.34468 -0.0114683
  outer loop
    vertex 19.47409460951513 233.4439199599812 2.205237289333285
    vertex 19.95800479338982 232.1691904058164 3.5
    vertex 19.99665024523199 232.0123354525861 1.948755233266952
  endloop
endfacet
facet normal 0.937768 -0.346479 0.0233075
  outer loop
    vertex 19.47409460951513 227.723639663263 4.794762710666714
    vertex 19.8988453275823 228.7861571683046 3.499999999999999
    vertex 19.99665024523199 229.1552241706582 5.051244766733051
  endloop
endfacet
facet normal 0.992031 0.125989 -0.0013888
  outer loop
    vertex 20.16075350712841 230.5837798116221 4.5
    vertex 19.95800479338982 232.1691904058164 3.5
    vertex 19.96215779993845 232.153131797532 5.009723079670376
  endloop
endfacet
facet normal 0.992819 0.118951 0.0127058
  outer loop
    vertex 19.95800479338982 232.1691904058164 3.5
    vertex 20.16075350712841 230.5837798116221 2.5
    vertex 19.99665024523199 232.0123354525861 1.948755233266952
  endloop
endfacet
facet normal 0.991448 -0.126407 0.0324357
  outer loop
    vertex 20.16075350712841 230.5837798116221 2.5
    vertex 19.8988453275823 228.7861571683046 3.499999999999999
    vertex 19.99665024523197 229.155224170658 1.948755233267005
  endloop
endfacet
facet normal 0.991448 -0.126407 -0.0324357
  outer loop
    vertex 19.8988453275823 228.7861571683046 3.499999999999999
    vertex 20.16075350712841 230.5837798116221 4.5
    vertex 19.99665024523199 229.1552241706582 5.051244766733051
  endloop
endfacet
facet normal 0.305127 0.95062 -0.0567362
  outer loop
    vertex 16.74825918590058 236.1830932476657 1.993542815158607
    vertex 14.84629063688186 236.8062163573715 2.205237289333291
    vertex 15.8075605716906 236.5754358642816 3.508199476566058
  endloop
endfacet
facet normal 0.14713 -0.988137 -0.0440274
  outer loop
    vertex 13.88684844967589 224.2838338551893 3.683596113276707
    vertex 15.68119837615004 224.5525294869504 3.649386258864132
    vertex 14.79521552382414 224.3534683636002 5.156297027991343
  endloop
endfacet
facet normal -0.311907 -0.948417 0.0567362
  outer loop
    vertex 12.9056008119397 224.3566068311378 5.006457184841415
    vertex 11.00061335876927 224.9704387092354 4.794762710666716
    vertex 11.91394644256612 224.5921237589627 3.491800523434014
  endloop
endfacet
facet normal 0.675203 0.737349 0.0204422
  outer loop
    vertex 17.58488008254744 235.665204931631 3.316403886723324
    vertex 18.5909217849022 234.7449705142867 3.279769134207682
    vertex 18.31552622860368 235.0385525330973 1.786563234100678
  endloop
endfacet
facet normal 0.485367 0.87431 5.76718e-15
  outer loop
    vertex 3.703047089442614 236.0968070645621 3.089525421333425
    vertex 3.703047089442594 236.0968070645622 0.5
    vertex 2.367469818969903 236.8382434564059 2.049667428114145
  endloop
endfacet
facet normal 0.682317 0.731057 2.64119e-15
  outer loop
    vertex 3.703047089442594 236.0968070645622 0.5
    vertex 3.703047089442614 236.0968070645621 3.089525421333425
    vertex 4.829606203199408 235.0453558461547 2.019224311542084
  endloop
endfacet
facet normal 0.892113 0.448406 0.0553735
  outer loop
    vertex 6.01147224638463 232.8847284767169 3.496630315397595
    vertex 5.56860654303364 233.9462893898738 2.035218873443861
    vertex 5.096807064562181 234.7030470894426 3.508199476566056
  endloop
endfacet
facet normal 0.891357 0.448784 -0.0638393
  outer loop
    vertex 5.613341102386732 233.8601401483591 4.794762710666712
    vertex 6.01147224638463 232.8847284767169 3.496630315397595
    vertex 5.096807064562181 234.7030470894426 3.508199476566056
  endloop
endfacet
facet normal -0.986703 0.149565 -0.0636205
  outer loop
    vertex -6.298300180675585 230.8536619184842 3.332719358225734
    vertex -6.227517987105418 231.9529006875212 4.81913751468411
    vertex -5.991656052659446 232.9468070645622 3.497674671761418
  endloop
endfacet
facet normal -0.710404 -0.700881 -0.0639643
  outer loop
    vertex -4.472957677759175 226.5634867730418 4.813142693544726
    vertex -5.182099956273694 227.417285938958 3.333658235985237
    vertex -3.703872422652472 225.9037926772241 3.500000000000006
  endloop
endfacet
facet normal 0.310826 -0.949141 -0.0501787
  outer loop
    vertex 1.946807064562182 225.0083439473405 6.5
    vertex 1.01589808306609 224.7824481437769 5.006457184841412
    vertex 2.813897394148727 225.3633359639585 5.156342825086766
  endloop
endfacet
facet normal 0.700748 -0.710699 0.0621257
  outer loop
    vertex 3.591595443307877 225.8240515679143 3.650208637572194
    vertex 4.401724680220577 226.4928035499285 2.162661930796351
    vertex 5.09192607774274 227.2902441025313 3.499999999999972
  endloop
endfacet
facet normal 0.303202 -0.951576 0.0507188
  outer loop
    vertex 1.01589808306609 224.7824481437769 5.006457184841412
    vertex 1.971608129333679 225.0164591265417 3.683596113276695
    vertex 2.813897394148727 225.3633359639585 5.156342825086766
  endloop
endfacet
facet normal -0.987607 0.138929 0.0730185
  outer loop
    vertex -6.222436545749352 231.9855371297535 2.205237289333283
    vertex -6.298300180675585 230.8536619184842 3.332719358225734
    vertex -5.991656052659446 232.9468070645622 3.497674671761418
  endloop
endfacet
facet normal -0.717482 -0.692751 0.0729116
  outer loop
    vertex -5.182099956273694 227.417285938958 3.333658235985237
    vertex -4.454772721475234 226.5452272785247 2.205237289333288
    vertex -3.703872422652472 225.9037926772241 3.500000000000006
  endloop
endfacet
facet normal 0.988426 -0.151705 0
  outer loop
    vertex 6.300000000000014 231 2.5
    vertex 6.300000000000014 231 4.5
    vertex 6.010019535733051 229.1106442420478 3.499999999999997
  endloop
endfacet
facet normal 0.693488 -0.716935 -0.0712648
  outer loop
    vertex 4.454772721475271 226.5452272785247 4.794762710666714
    vertex 3.591595443307877 225.8240515679143 3.650208637572194
    vertex 5.09192607774274 227.2902441025313 3.499999999999972
  endloop
endfacet
facet normal 0.305603 -0.951064 0.0456442
  outer loop
    vertex 1.946807064562187 225.0083439473405 0.5
    vertex 2.8396356586568 225.3762584228927 2.188252026140542
    vertex 0.9705329950171626 224.7752055692109 2.178703557253622
  endloop
endfacet
facet normal -0.808181 0.587178 -0.0454385
  outer loop
    vertex -5.613341102386713 233.8601401483591 4.794762710666715
    vertex -5.096807064562152 234.7030470894426 6.5
    vertex -4.454772721475231 235.4547727214753 4.794762710666705
  endloop
endfacet
facet normal -0.309532 -0.949778 -0.0459486
  outer loop
    vertex -0.985537129753436 224.7775634542506 4.794762710666711
    vertex -1.946807064562155 225.0083439473405 6.5
    vertex -2.863913561232597 225.388583145605 4.818353630921177
  endloop
endfacet
facet normal -0.308698 -0.950074 0.0454385
  outer loop
    vertex -1.946807064562152 225.0083439473405 0.5
    vertex -0.9855371297534303 224.7775634542506 2.20523728933329
    vertex -2.860140148359171 225.3866588976133 2.205237289333293
  endloop
endfacet
facet normal -0.950074 0.308698 0.0454385
  outer loop
    vertex -5.991656052659454 232.9468070645622 0.5
    vertex -6.222436545749352 231.9855371297535 2.205237289333283
    vertex -5.613341102386685 233.8601401483592 2.205237289333292
  endloop
endfacet
facet normal 0.30597 -0.950667 -0.0511313
  outer loop
    vertex 0.9705329950171626 224.7752055692109 2.178703557253622
    vertex 2.8396356586568 225.3762584228927 2.188252026140542
    vertex 1.971608129333679 225.0164591265417 3.683596113276695
  endloop
endfacet
facet normal -0.706376 0.706376 0.0454385
  outer loop
    vertex -5.096807064562152 234.7030470894426 6.5
    vertex -3.703047089442564 236.0968070645622 6.5
    vertex -4.454772721475231 235.4547727214753 4.794762710666705
  endloop
endfacet
facet normal 0.308808 0.950022 -0.0457822
  outer loop
    vertex 0.9855900415923202 237.2224281651068 4.805168746031508
    vertex 1.946807064562187 236.9916560526595 6.5
    vertex 2.855919318651007 236.6154897244458 4.826315110586902
  endloop
endfacet
facet normal -0.706376 -0.706376 -0.0454385
  outer loop
    vertex -5.096807064562152 227.2969529105574 0.5
    vertex -3.703047089442564 225.9031929354378 0.5
    vertex -4.454772721475234 226.5452272785247 2.205237289333288
  endloop
endfacet
facet normal -0.810643 -0.583732 -0.0459856
  outer loop
    vertex -4.472957677759175 226.5634867730418 4.813142693544726
    vertex -5.096807064562156 227.2969529105574 6.5
    vertex -5.62429553454627 228.1614616895165 4.824756537418803
  endloop
endfacet
facet normal -0.986649 -0.15627 0.0458699
  outer loop
    vertex -5.991656052659454 229.0531929354378 6.5
    vertex -6.299999999999986 231 6.5
    vertex -6.218798469895039 229.991761143959 4.811747973859283
  endloop
endfacet
facet normal -0.706361 -0.706361 0.0459014
  outer loop
    vertex -3.703047089442567 225.9031929354378 6.5
    vertex -5.096807064562156 227.2969529105574 6.5
    vertex -4.472957677759175 226.5634867730418 4.813142693544726
  endloop
endfacet
facet normal -0.706376 0.706376 -0.0454385
  outer loop
    vertex -3.703047089442567 236.0968070645622 0.5
    vertex -5.096807064562156 234.7030470894426 0.5
    vertex -4.454772721475239 235.4547727214753 2.205237289333288
  endloop
endfacet
facet normal -0.986668 0.156273 -0.0454385
  outer loop
    vertex -5.991656052659454 232.9468070645622 0.5
    vertex -6.299999999999986 231 0.5
    vertex -6.222436545749352 231.9855371297535 2.205237289333283
  endloop
endfacet
facet normal 0.706359 0.706359 0.0459844
  outer loop
    vertex 3.703047089442597 236.0968070645622 6.5
    vertex 5.096807064562184 234.7030470894426 6.5
    vertex 4.458854000713834 235.4506876997065 4.815108237855426
  endloop
endfacet
facet normal -0.453522 -0.890086 -0.0454385
  outer loop
    vertex -3.703047089442564 225.9031929354378 0.5
    vertex -1.946807064562152 225.0083439473405 0.5
    vertex -2.860140148359171 225.3866588976133 2.205237289333293
  endloop
endfacet
facet normal -0.308698 0.950074 0.0454385
  outer loop
    vertex -1.946807064562155 236.9916560526595 0.5
    vertex -2.860140148359135 236.6133411023867 2.205237289333287
    vertex -0.9855371297534233 237.2224365457494 2.205237289333286
  endloop
endfacet
facet normal 0.453504 0.890051 0.0462922
  outer loop
    vertex 1.946807064562187 236.9916560526595 6.5
    vertex 3.703047089442597 236.0968070645622 6.5
    vertex 2.855919318651007 236.6154897244458 4.826315110586902
  endloop
endfacet
facet normal -0.890086 0.453522 0.0454385
  outer loop
    vertex -5.991656052659452 232.9468070645622 6.5
    vertex -5.096807064562152 234.7030470894426 6.5
    vertex -5.613341102386713 233.8601401483591 4.794762710666715
  endloop
endfacet
facet normal -0.453522 0.890086 0.0454385
  outer loop
    vertex -3.703047089442564 236.0968070645622 6.5
    vertex -1.946807064562152 236.9916560526595 6.5
    vertex -2.860140148359128 236.6133411023867 4.794762710666715
  endloop
endfacet
facet normal -0.587178 0.808181 0.0454385
  outer loop
    vertex -3.703047089442567 236.0968070645622 0.5
    vertex -4.454772721475239 235.4547727214753 2.205237289333288
    vertex -2.860140148359135 236.6133411023867 2.205237289333287
  endloop
endfacet
facet normal 0.156273 0.986668 -0.0454385
  outer loop
    vertex 1.946807064562182 236.9916560526595 0.5
    vertex 1.298741752578978e-14 237.3 0.5
    vertex 0.9855371297534647 237.2224365457494 2.205237289333289
  endloop
endfacet
facet normal 0.156268 -0.986636 -0.0461443
  outer loop
    vertex 1.872706456468907e-14 224.7 0.5
    vertex 1.946807064562187 225.0083439473405 0.5
    vertex 0.9705329950171626 224.7752055692109 2.178703557253622
  endloop
endfacet
facet normal -0.587178 0.808181 -0.0454385
  outer loop
    vertex -3.703047089442564 236.0968070645622 6.5
    vertex -2.860140148359128 236.6133411023867 4.794762710666715
    vertex -4.454772721475231 235.4547727214753 4.794762710666705
  endloop
endfacet
facet normal -0.156273 0.986668 0.0454385
  outer loop
    vertex -1.946807064562152 236.9916560526595 6.5
    vertex 1.872706456468907e-14 237.3 6.5
    vertex -0.9855371297534206 237.2224365457494 4.794762710666715
  endloop
endfacet
facet normal -0.998955 -0.00427007 -0.0454976
  outer loop
    vertex -6.218798469895039 229.991761143959 4.811747973859283
    vertex -6.299999999999986 231 6.5
    vertex -6.227517987105418 231.9529006875212 4.81913751468411
  endloop
endfacet
facet normal 0.156271 0.986656 0.0457169
  outer loop
    vertex 1.872706456468907e-14 237.3 6.5
    vertex 1.946807064562187 236.9916560526595 6.5
    vertex 0.9855900415923202 237.2224281651068 4.805168746031508
  endloop
endfacet
facet normal 0.587457 0.80799 0.0452333
  outer loop
    vertex 2.855919318651007 236.6154897244458 4.826315110586902
    vertex 4.458854000713834 235.4506876997065 4.815108237855426
    vertex 3.703047089442614 236.0968070645621 3.089525421333425
  endloop
endfacet
facet normal -0.308698 0.950074 -0.0454385
  outer loop
    vertex -2.860140148359128 236.6133411023867 4.794762710666715
    vertex -1.946807064562152 236.9916560526595 6.5
    vertex -0.9855371297534206 237.2224365457494 4.794762710666715
  endloop
endfacet
facet normal -0.156273 -0.986668 0.0454385
  outer loop
    vertex 1.298741752578978e-14 224.7 6.5
    vertex -1.946807064562155 225.0083439473405 6.5
    vertex -0.985537129753436 224.7775634542506 4.794762710666711
  endloop
endfacet
facet normal -0.156273 0.986668 -0.0454385
  outer loop
    vertex 1.298741752578978e-14 237.3 0.5
    vertex -1.946807064562155 236.9916560526595 0.5
    vertex -0.9855371297534233 237.2224365457494 2.205237289333286
  endloop
endfacet
facet normal -0.156273 -0.986668 -0.0454385
  outer loop
    vertex -1.946807064562152 225.0083439473405 0.5
    vertex 1.872706456468907e-14 224.7 0.5
    vertex -0.9855371297534303 224.7775634542506 2.20523728933329
  endloop
endfacet
facet normal -0.890086 0.453522 -0.0454385
  outer loop
    vertex -5.096807064562156 234.7030470894426 0.5
    vertex -5.991656052659454 232.9468070645622 0.5
    vertex -5.613341102386685 233.8601401483592 2.205237289333292
  endloop
endfacet
facet normal -0.950975 0.305633 -0.0472801
  outer loop
    vertex -5.991656052659452 232.9468070645622 6.5
    vertex -5.613341102386713 233.8601401483591 4.794762710666715
    vertex -6.227517987105418 231.9529006875212 4.81913751468411
  endloop
endfacet
facet normal -0.453522 0.890086 -0.0454385
  outer loop
    vertex -1.946807064562155 236.9916560526595 0.5
    vertex -3.703047089442567 236.0968070645622 0.5
    vertex -2.860140148359135 236.6133411023867 2.205237289333287
  endloop
endfacet
facet normal 0.453513 -0.890069 -0.0458699
  outer loop
    vertex 1.946807064562187 225.0083439473405 0.5
    vertex 3.703047089442597 225.9031929354378 0.5
    vertex 2.8396356586568 225.3762584228927 2.188252026140542
  endloop
endfacet
facet normal -0.453508 -0.89006 0.0460737
  outer loop
    vertex -1.946807064562155 225.0083439473405 6.5
    vertex -3.703047089442567 225.9031929354378 6.5
    vertex -2.863913561232597 225.388583145605 4.818353630921177
  endloop
endfacet
facet normal -0.890054 -0.453505 0.0462226
  outer loop
    vertex -5.096807064562156 227.2969529105574 6.5
    vertex -5.991656052659454 229.0531929354378 6.5
    vertex -5.62429553454627 228.1614616895165 4.824756537418803
  endloop
endfacet
facet normal -0.587178 -0.808181 0.0454385
  outer loop
    vertex -4.454772721475234 226.5452272785247 2.205237289333288
    vertex -3.703047089442564 225.9031929354378 0.5
    vertex -2.860140148359171 225.3866588976133 2.205237289333293
  endloop
endfacet
facet normal -8.18994e-17 0.998967 0.0454385
  outer loop
    vertex 0.9855371297534647 237.2224365457494 2.205237289333289
    vertex 1.298741752578978e-14 237.3 0.5
    vertex -0.9855371297534233 237.2224365457494 2.205237289333286
  endloop
endfacet
facet normal 0.586999 0.808244 -0.0466284
  outer loop
    vertex 3.703047089442597 236.0968070645622 6.5
    vertex 4.458854000713834 235.4506876997065 4.815108237855426
    vertex 2.855919318651007 236.6154897244458 4.826315110586902
  endloop
endfacet
facet normal 0.000244873 0.998961 -0.0455797
  outer loop
    vertex 1.872706456468907e-14 237.3 6.5
    vertex 0.9855900415923202 237.2224281651068 4.805168746031508
    vertex -0.9855371297534206 237.2224365457494 4.794762710666715
  endloop
endfacet
facet normal -0.588959 -0.806795 -0.0469961
  outer loop
    vertex -3.703047089442567 225.9031929354378 6.5
    vertex -4.472957677759175 226.5634867730418 4.813142693544726
    vertex -2.863913561232597 225.388583145605 4.818353630921177
  endloop
endfacet
facet normal -0.986641 0.156269 0.0460446
  outer loop
    vertex -6.299999999999986 231 6.5
    vertex -5.991656052659452 232.9468070645622 6.5
    vertex -6.227517987105418 231.9529006875212 4.81913751468411
  endloop
endfacet
facet normal -0.808181 0.587178 0.0454385
  outer loop
    vertex -4.454772721475239 235.4547727214753 2.205237289333288
    vertex -5.096807064562156 234.7030470894426 0.5
    vertex -5.613341102386685 233.8601401483592 2.205237289333292
  endloop
endfacet
facet normal -0.950078 -0.308909 -0.0439086
  outer loop
    vertex -5.991656052659454 229.0531929354378 6.5
    vertex -6.218798469895039 229.991761143959 4.811747973859283
    vertex -5.62429553454627 228.1614616895165 4.824756537418803
  endloop
endfacet
facet normal -0.950124 -0.308276 0.0472261
  outer loop
    vertex -5.62429553454627 228.1614616895165 4.824756537418803
    vertex -6.218798469895039 229.991761143959 4.811747973859283
    vertex -5.991729135264389 229.0534178749347 3.254883825812153
  endloop
endfacet
facet normal -0.000592464 -0.998982 0.0450967
  outer loop
    vertex -0.9855371297534303 224.7775634542506 2.20523728933329
    vertex 1.872706456468907e-14 224.7 0.5
    vertex 0.9705329950171626 224.7752055692109 2.178703557253622
  endloop
endfacet
facet normal 0.706347 -0.706347 -0.0463348
  outer loop
    vertex 3.703047089442597 225.9031929354378 0.5
    vertex 5.096807064562184 227.2969529105574 0.5
    vertex 4.401724680220577 226.4928035499285 2.162661930796351
  endloop
endfacet
facet normal 0.58142 -0.812425 0.0437788
  outer loop
    vertex 2.8396356586568 225.3762584228927 2.188252026140542
    vertex 3.703047089442597 225.9031929354378 0.5
    vertex 4.401724680220577 226.4928035499285 2.162661930796351
  endloop
endfacet
facet normal 0.808174 0.587188 -0.0454457
  outer loop
    vertex 4.458854000713834 235.4506876997065 4.815108237855426
    vertex 5.096807064562184 234.7030470894426 6.5
    vertex 5.613341102386732 233.8601401483591 4.794762710666712
  endloop
endfacet
facet normal 0.890086 0.453522 0.0454385
  outer loop
    vertex 5.096807064562184 234.7030470894426 6.5
    vertex 5.991656052659482 232.9468070645622 6.5
    vertex 5.613341102386732 233.8601401483591 4.794762710666712
  endloop
endfacet
facet normal 0.706376 -0.706376 0.0454385
  outer loop
    vertex 5.096807064562182 227.2969529105574 6.5
    vertex 3.703047089442594 225.9031929354378 6.5
    vertex 4.454772721475271 226.5452272785247 4.794762710666714
  endloop
endfacet
facet normal 0.889893 0.453423 -0.0499731
  outer loop
    vertex 5.991656052659481 232.9468070645622 0.5
    vertex 5.096807064562182 234.7030470894426 0.5
    vertex 5.56860654303364 233.9462893898738 2.035218873443861
  endloop
endfacet
facet normal 0.891216 -0.449473 0.0608914
  outer loop
    vertex 5.573083480593586 228.0621878007036 2.15583956159705
    vertex 6.010019535733051 229.1106442420478 3.499999999999997
    vertex 5.09192607774274 227.2902441025313 3.499999999999972
  endloop
endfacet
facet normal 0.891216 -0.449473 -0.0608914
  outer loop
    vertex 6.010019535733051 229.1106442420478 3.499999999999997
    vertex 5.573083480593612 228.0621878007036 4.844160438403006
    vertex 5.09192607774274 227.2902441025313 3.499999999999972
  endloop
endfacet
facet normal 0.890046 -0.453501 -0.0464254
  outer loop
    vertex 5.096807064562184 227.2969529105574 0.5
    vertex 5.991656052659482 229.0531929354378 0.5
    vertex 5.573083480593586 228.0621878007036 2.15583956159705
  endloop
endfacet
facet normal 0.890046 -0.453501 0.0464254
  outer loop
    vertex 5.991656052659481 229.0531929354378 6.5
    vertex 5.096807064562182 227.2969529105574 6.5
    vertex 5.573083480593612 228.0621878007036 4.844160438403006
  endloop
endfacet
facet normal 0.800645 -0.597387 0.0457854
  outer loop
    vertex 4.401724680220577 226.4928035499285 2.162661930796351
    vertex 5.096807064562184 227.2969529105574 0.5
    vertex 5.573083480593586 228.0621878007036 2.15583956159705
  endloop
endfacet
facet normal 0.804858 -0.591975 -0.0420724
  outer loop
    vertex 5.096807064562182 227.2969529105574 6.5
    vertex 4.454772721475271 226.5452272785247 4.794762710666714
    vertex 5.573083480593612 228.0621878007036 4.844160438403006
  endloop
endfacet
facet normal 0.988484 0.151324 0
  outer loop
    vertex 6.300000000000014 231 4.5
    vertex 6.300000000000014 231 2.5
    vertex 6.01147224638463 232.8847284767169 3.496630315397595
  endloop
endfacet
facet normal -0.998689 -0.00463242 0.0509826
  outer loop
    vertex -6.218798469895039 229.991761143959 4.811747973859283
    vertex -6.227517987105418 231.9529006875212 4.81913751468411
    vertex -6.298300180675585 230.8536619184842 3.332719358225734
  endloop
endfacet
facet normal -0.8101 -0.584048 0.0512452
  outer loop
    vertex -4.472957677759175 226.5634867730418 4.813142693544726
    vertex -5.62429553454627 228.1614616895165 4.824756537418803
    vertex -5.182099956273694 227.417285938958 3.333658235985237
  endloop
endfacet
facet normal 0.453712 0.89046 -0.0350088
  outer loop
    vertex 3.703047089442594 236.0968070645622 0.5
    vertex 1.946807064562182 236.9916560526595 0.5
    vertex 2.367469818969903 236.8382434564059 2.049667428114145
  endloop
endfacet
facet normal 0.156224 -0.986362 0.0518126
  outer loop
    vertex 1.946807064562182 225.0083439473405 6.5
    vertex 1.298741752578978e-14 224.7 6.5
    vertex 1.01589808306609 224.7824481437769 5.006457184841412
  endloop
endfacet
facet normal 0.706675 0.706675 -0.0349368
  outer loop
    vertex 5.096807064562182 234.7030470894426 0.5
    vertex 3.703047089442594 236.0968070645622 0.5
    vertex 4.829606203199408 235.0453558461547 2.019224311542084
  endloop
endfacet
facet normal 0.580255 -0.812932 -0.0494563
  outer loop
    vertex 2.8396356586568 225.3762584228927 2.188252026140542
    vertex 4.401724680220577 226.4928035499285 2.162661930796351
    vertex 3.591595443307877 225.8240515679143 3.650208637572194
  endloop
endfacet
facet normal 0.993251 -0.115987 0
  outer loop
    vertex 6.300000000000014 231 4.5
    vertex 6.300000000000014 231 6.5
    vertex 6.130491329975013 229.5484229083161 5.030696413925337
  endloop
endfacet
facet normal 0.993251 -0.115987 0
  outer loop
    vertex 6.300000000000014 231 0.5
    vertex 6.300000000000014 231 2.5
    vertex 6.130491329975019 229.5484229083162 1.969303586074663
  endloop
endfacet
facet normal 0.986875 -0.156306 0.0405674
  outer loop
    vertex 6.300000000000014 231 6.5
    vertex 5.991656052659481 229.0531929354378 6.5
    vertex 6.130491329975013 229.5484229083161 5.030696413925337
  endloop
endfacet
facet normal 0.986875 -0.156306 -0.0405674
  outer loop
    vertex 5.991656052659482 229.0531929354378 0.5
    vertex 6.300000000000014 231 0.5
    vertex 6.130491329975019 229.5484229083162 1.969303586074663
  endloop
endfacet
facet normal 0.443776 0.8947 -0.0507435
  outer loop
    vertex 2.855919318651007 236.6154897244458 4.826315110586902
    vertex 3.703047089442614 236.0968070645621 3.089525421333425
    vertex 1.946807064562195 236.9916560526595 3.508199476566058
  endloop
endfacet
facet normal -0.814347 -0.578064 0.051778
  outer loop
    vertex -5.096807064562152 227.2969529105574 0.5
    vertex -4.454772721475234 226.5452272785247 2.205237289333288
    vertex -5.613341102386705 228.1398598516409 1.786563234100672
  endloop
endfacet
facet normal 0.152868 -0.986631 0.0564797
  outer loop
    vertex 0.9705329950171626 224.7752055692109 2.178703557253622
    vertex 1.971608129333679 225.0164591265417 3.683596113276695
    vertex -1.499020269476416e-14 224.7 3.491800523433983
  endloop
endfacet
facet normal -0.998598 -0.0109981 0.051778
  outer loop
    vertex -6.222436545749352 231.9855371297535 2.205237289333283
    vertex -6.299999999999986 231 0.5
    vertex -6.222436545749356 230.0144628702466 1.786563234099601
  endloop
endfacet
facet normal 0.713819 0.698462 -0.0511246
  outer loop
    vertex 3.703047089442614 236.0968070645621 3.089525421333425
    vertex 4.458854000713834 235.4506876997065 4.815108237855426
    vertex 5.096807064562181 234.7030470894426 3.508199476566056
  endloop
endfacet
facet normal 0.575865 -0.815806 -0.0532962
  outer loop
    vertex 4.454772721475271 226.5452272785247 4.794762710666714
    vertex 3.703047089442594 225.9031929354378 6.5
    vertex 2.813897394148727 225.3633359639585 5.156342825086766
  endloop
endfacet
facet normal 0.993467 0.114123 0
  outer loop
    vertex 6.300000000000014 231 6.5
    vertex 6.300000000000014 231 4.5
    vertex 6.135896738103589 232.4285556409639 5.051244766733048
  endloop
endfacet
facet normal 0.986803 0.156294 0.042338
  outer loop
    vertex 5.991656052659482 232.9468070645622 6.5
    vertex 6.300000000000014 231 6.5
    vertex 6.135896738103589 232.4285556409639 5.051244766733048
  endloop
endfacet
facet normal 0.993467 0.114123 0
  outer loop
    vertex 6.300000000000014 231 2.5
    vertex 6.300000000000014 231 0.5
    vertex 6.135896738103591 232.4285556409639 1.948755233266948
  endloop
endfacet
facet normal 0.986803 0.156294 -0.042338
  outer loop
    vertex 6.300000000000014 231 0.5
    vertex 5.991656052659481 232.9468070645622 0.5
    vertex 6.135896738103591 232.4285556409639 1.948755233266948
  endloop
endfacet
facet normal -0.800818 -0.596349 -0.0553038
  outer loop
    vertex -4.454772721475234 226.5452272785247 2.205237289333288
    vertex -5.182099956273694 227.417285938958 3.333658235985237
    vertex -5.613341102386705 228.1398598516409 1.786563234100672
  endloop
endfacet
facet normal 0.461141 0.886436 0.0397621
  outer loop
    vertex 3.703047089442614 236.0968070645621 3.089525421333425
    vertex 2.367469818969903 236.8382434564059 2.049667428114145
    vertex 1.946807064562195 236.9916560526595 3.508199476566058
  endloop
endfacet
facet normal 0.163546 -0.984941 -0.0560786
  outer loop
    vertex 1.971608129333679 225.0164591265417 3.683596113276695
    vertex 1.01589808306609 224.7824481437769 5.006457184841412
    vertex -1.499020269476416e-14 224.7 3.491800523433983
  endloop
endfacet
facet normal -0.998397 0.0117613 -0.0553709
  outer loop
    vertex -6.298300180675585 230.8536619184842 3.332719358225734
    vertex -6.222436545749352 231.9855371297535 2.205237289333283
    vertex -6.222436545749356 230.0144628702466 1.786563234099601
  endloop
endfacet
facet normal 0.70087 0.712278 0.0379763
  outer loop
    vertex 4.829606203199408 235.0453558461547 2.019224311542084
    vertex 3.703047089442614 236.0968070645621 3.089525421333425
    vertex 5.096807064562181 234.7030470894426 3.508199476566056
  endloop
endfacet
facet normal 0.59206 -0.803666 0.0598766
  outer loop
    vertex 3.591595443307877 225.8240515679143 3.650208637572194
    vertex 4.454772721475271 226.5452272785247 4.794762710666714
    vertex 2.813897394148727 225.3633359639585 5.156342825086766
  endloop
endfacet
facet normal -0.985177 -0.16588 -0.0437103
  outer loop
    vertex -5.991729135264389 229.0534178749347 3.254883825812153
    vertex -6.218798469895039 229.991761143959 4.811747973859283
    vertex -6.298300180675585 230.8536619184842 3.332719358225734
  endloop
endfacet
facet normal 0.270084 0.962586 0.0219779
  outer loop
    vertex 1.946807064562182 236.9916560526595 0.5
    vertex 0.9855371297534647 237.2224365457494 2.205237289333289
    vertex 2.367469818969903 236.8382434564059 2.049667428114145
  endloop
endfacet
facet normal -0.894596 -0.444771 -0.0433229
  outer loop
    vertex -5.62429553454627 228.1614616895165 4.824756537418803
    vertex -5.991729135264389 229.0534178749347 3.254883825812153
    vertex -5.182099956273694 227.417285938958 3.333658235985237
  endloop
endfacet
facet normal 0.00771396 -0.998725 -0.0498857
  outer loop
    vertex 1.298741752578978e-14 224.7 6.5
    vertex -0.985537129753436 224.7775634542506 4.794762710666711
    vertex 1.01589808306609 224.7824481437769 5.006457184841412
  endloop
endfacet
facet normal 0.446446 -0.893723 0.0441146
  outer loop
    vertex 1.971608129333679 225.0164591265417 3.683596113276695
    vertex 2.8396356586568 225.3762584228927 2.188252026140542
    vertex 3.591595443307877 225.8240515679143 3.650208637572194
  endloop
endfacet
facet normal 0.829548 0.558072 0.0201569
  outer loop
    vertex 5.56860654303364 233.9462893898738 2.035218873443861
    vertex 5.096807064562182 234.7030470894426 0.5
    vertex 4.829606203199408 235.0453558461547 2.019224311542084
  endloop
endfacet
facet normal -0.949732 -0.308587 -0.0527511
  outer loop
    vertex -5.613341102386705 228.1398598516409 1.786563234100672
    vertex -5.991729135264389 229.0534178749347 3.254883825812153
    vertex -6.222436545749356 230.0144628702466 1.786563234099601
  endloop
endfacet
facet normal -0.156377 -0.985898 -0.0595914
  outer loop
    vertex -0.985537129753436 224.7775634542506 4.794762710666711
    vertex -1.947214755630727 225.0084764295336 3.498054477888818
    vertex -1.499020269476416e-14 224.7 3.491800523433983
  endloop
endfacet
facet normal 0.155886 0.985974 0.0596296
  outer loop
    vertex 0.9855371297534647 237.2224365457494 2.205237289333289
    vertex -0.0002126949697941229 237.2999999964096 3.499712018460609
    vertex 1.946807064562195 236.9916560526595 3.508199476566058
  endloop
endfacet
facet normal -0.889392 0.453226 -0.0597307
  outer loop
    vertex -5.991656052659446 232.9468070645622 3.497674671761418
    vertex -5.613341102386713 233.8601401483591 4.794762710666715
    vertex -5.096784576516828 234.7030780413839 3.49928130539857
  endloop
endfacet
facet normal -0.453361 -0.88939 -0.0587232
  outer loop
    vertex -1.947214755630727 225.0084764295336 3.498054477888818
    vertex -2.863913561232597 225.388583145605 4.818353630921177
    vertex -3.703872422652472 225.9037926772241 3.500000000000006
  endloop
endfacet
facet normal -0.308115 -0.949491 0.0594254
  outer loop
    vertex -0.985537129753436 224.7775634542506 4.794762710666711
    vertex -2.863913561232597 225.388583145605 4.818353630921177
    vertex -1.947214755630727 225.0084764295336 3.498054477888818
  endloop
endfacet
facet normal -0.586734 0.80757 -0.0597837
  outer loop
    vertex -2.860140148359135 236.6133411023867 2.205237289333287
    vertex -4.454772721475239 235.4547727214753 2.205237289333288
    vertex -3.702770577959161 236.0970079504548 3.500317742620602
  endloop
endfacet
facet normal -0.308464 0.949355 -0.0597876
  outer loop
    vertex -0.9855371297534233 237.2224365457494 2.205237289333286
    vertex -2.860140148359135 236.6133411023867 2.205237289333287
    vertex -1.946879032033246 236.9916326685328 3.500234048234057
  endloop
endfacet
facet normal -0.453158 0.889425 0.0597606
  outer loop
    vertex -1.946879032033246 236.9916326685328 3.500234048234057
    vertex -2.860140148359135 236.6133411023867 2.205237289333287
    vertex -3.702770577959161 236.0970079504548 3.500317742620602
  endloop
endfacet
facet normal -0.949856 0.306657 0.0611095
  outer loop
    vertex -6.227517987105418 231.9529006875212 4.81913751468411
    vertex -5.613341102386713 233.8601401483591 4.794762710666715
    vertex -5.991656052659446 232.9468070645622 3.497674671761418
  endloop
endfacet
facet normal -0.000310134 0.998225 0.05955
  outer loop
    vertex -0.9855371297534206 237.2224365457494 4.794762710666715
    vertex 0.9855900415923202 237.2224281651068 4.805168746031508
    vertex -0.0002126949697941229 237.2999999964096 3.499712018460609
  endloop
endfacet
facet normal -0.889429 0.453135 0.0598708
  outer loop
    vertex -5.613341102386685 233.8601401483592 2.205237289333292
    vertex -5.991656052659446 232.9468070645622 3.497674671761418
    vertex -5.096784576516828 234.7030780413839 3.49928130539857
  endloop
endfacet
facet normal -0.453226 -0.889382 0.0598787
  outer loop
    vertex -2.860140148359171 225.3866588976133 2.205237289333293
    vertex -1.947214755630727 225.0084764295336 3.498054477888818
    vertex -3.703872422652472 225.9037926772241 3.500000000000006
  endloop
endfacet
facet normal -0.156193 0.985915 -0.0597889
  outer loop
    vertex -1.946879032033246 236.9916326685328 3.500234048234057
    vertex -0.9855371297534206 237.2224365457494 4.794762710666715
    vertex -0.0002126949697941229 237.2999999964096 3.499712018460609
  endloop
endfacet
facet normal -0.156162 0.98592 0.0597913
  outer loop
    vertex -0.9855371297534233 237.2224365457494 2.205237289333286
    vertex -1.946879032033246 236.9916326685328 3.500234048234057
    vertex -0.0002126949697941229 237.2999999964096 3.499712018460609
  endloop
endfacet
facet normal -0.807568 0.586732 -0.0598314
  outer loop
    vertex -4.454772721475239 235.4547727214753 2.205237289333288
    vertex -5.613341102386685 233.8601401483592 2.205237289333292
    vertex -5.096784576516828 234.7030780413839 3.49928130539857
  endloop
endfacet
facet normal -0.588771 -0.806062 0.0601148
  outer loop
    vertex -2.863913561232597 225.388583145605 4.818353630921177
    vertex -4.472957677759175 226.5634867730418 4.813142693544726
    vertex -3.703872422652472 225.9037926772241 3.500000000000006
  endloop
endfacet
facet normal -0.807571 0.586735 0.0597653
  outer loop
    vertex -5.613341102386713 233.8601401483591 4.794762710666715
    vertex -4.454772721475231 235.4547727214753 4.794762710666705
    vertex -5.096784576516828 234.7030780413839 3.49928130539857
  endloop
endfacet
facet normal -0.586733 -0.807569 -0.0597983
  outer loop
    vertex -4.454772721475234 226.5452272785247 2.205237289333288
    vertex -2.860140148359171 225.3866588976133 2.205237289333293
    vertex -3.703872422652472 225.9037926772241 3.500000000000006
  endloop
endfacet
facet normal -0.705841 0.705839 0.0598258
  outer loop
    vertex -3.702770577959161 236.0970079504548 3.500317742620602
    vertex -4.454772721475239 235.4547727214753 2.205237289333288
    vertex -5.096784576516828 234.7030780413839 3.49928130539857
  endloop
endfacet
facet normal -0.308462 -0.949349 -0.059888
  outer loop
    vertex -2.860140148359171 225.3866588976133 2.205237289333293
    vertex -0.9855371297534303 224.7775634542506 2.20523728933329
    vertex -1.947214755630727 225.0084764295336 3.498054477888818
  endloop
endfacet
facet normal -0.949348 0.308462 -0.0599055
  outer loop
    vertex -5.613341102386685 233.8601401483592 2.205237289333292
    vertex -6.222436545749352 231.9855371297535 2.205237289333283
    vertex -5.991656052659446 232.9468070645622 3.497674671761418
  endloop
endfacet
facet normal -0.586733 0.807569 0.059813
  outer loop
    vertex -4.454772721475231 235.4547727214753 4.794762710666705
    vertex -2.860140148359128 236.6133411023867 4.794762710666715
    vertex -3.702770577959161 236.0970079504548 3.500317742620602
  endloop
endfacet
facet normal -0.453162 0.889421 -0.0597859
  outer loop
    vertex -2.860140148359128 236.6133411023867 4.794762710666715
    vertex -1.946879032033246 236.9916326685328 3.500234048234057
    vertex -3.702770577959161 236.0970079504548 3.500317742620602
  endloop
endfacet
facet normal -0.308464 0.949354 0.0598091
  outer loop
    vertex -2.860140148359128 236.6133411023867 4.794762710666715
    vertex -0.9855371297534206 237.2224365457494 4.794762710666715
    vertex -1.946879032033246 236.9916326685328 3.500234048234057
  endloop
endfacet
facet normal 1.07806e-16 0.99821 -0.0598116
  outer loop
    vertex 0.9855371297534647 237.2224365457494 2.205237289333289
    vertex -0.9855371297534233 237.2224365457494 2.205237289333286
    vertex -0.0002126949697941229 237.2999999964096 3.499712018460609
  endloop
endfacet
facet normal 0.156394 0.9859 -0.0595157
  outer loop
    vertex -0.0002126949697941229 237.2999999964096 3.499712018460609
    vertex 0.9855900415923202 237.2224281651068 4.805168746031508
    vertex 1.946807064562195 236.9916560526595 3.508199476566058
  endloop
endfacet
facet normal -0.705797 0.705885 -0.0598073
  outer loop
    vertex -4.454772721475231 235.4547727214753 4.794762710666705
    vertex -3.702770577959161 236.0970079504548 3.500317742620602
    vertex -5.096784576516828 234.7030780413839 3.49928130539857
  endloop
endfacet
facet normal -0.155997 -0.98593 0.0600586
  outer loop
    vertex -1.947214755630727 225.0084764295336 3.498054477888818
    vertex -0.9855371297534303 224.7775634542506 2.20523728933329
    vertex -1.499020269476416e-14 224.7 3.491800523433983
  endloop
endfacet
facet normal 0.307524 0.949714 0.0589298
  outer loop
    vertex 0.9855900415923202 237.2224281651068 4.805168746031508
    vertex 2.855919318651007 236.6154897244458 4.826315110586902
    vertex 1.946807064562195 236.9916560526595 3.508199476566058
  endloop
endfacet
facet normal -0.889392 -0.453168 -0.0601781
  outer loop
    vertex -5.991656052659452 229.0531929354378 0.5
    vertex -5.096807064562152 227.2969529105574 0.5
    vertex -5.613341102386705 228.1398598516409 1.786563234100672
  endloop
endfacet
facet normal -0.00199895 -0.998276 -0.0586522
  outer loop
    vertex -0.9855371297534303 224.7775634542506 2.20523728933329
    vertex 0.9705329950171626 224.7752055692109 2.178703557253622
    vertex -1.499020269476416e-14 224.7 3.491800523433983
  endloop
endfacet
facet normal -0.949333 -0.308457 0.0601781
  outer loop
    vertex -5.991656052659452 229.0531929354378 0.5
    vertex -5.613341102386705 228.1398598516409 1.786563234100672
    vertex -6.222436545749356 230.0144628702466 1.786563234099601
  endloop
endfacet
facet normal -0.985898 -0.156151 -0.0601781
  outer loop
    vertex -6.299999999999986 231 0.5
    vertex -5.991656052659452 229.0531929354378 0.5
    vertex -6.222436545749356 230.0144628702466 1.786563234099601
  endloop
endfacet
facet normal 0.45324 -0.889534 0.057472
  outer loop
    vertex 3.703047089442594 225.9031929354378 6.5
    vertex 1.946807064562182 225.0083439473405 6.5
    vertex 2.813897394148727 225.3633359639585 5.156342825086766
  endloop
endfacet
facet normal 0.80822 0.585881 0.0593598
  outer loop
    vertex 4.458854000713834 235.4506876997065 4.815108237855426
    vertex 5.613341102386732 233.8601401483591 4.794762710666712
    vertex 5.096807064562181 234.7030470894426 3.508199476566056
  endloop
endfacet
facet normal 0.937108 -0.347858 0.0286979
  outer loop
    vertex 5.573083480593586 228.0621878007036 2.15583956159705
    vertex 5.991656052659482 229.0531929354378 0.5
    vertex 6.130491329975019 229.5484229083162 1.969303586074663
  endloop
endfacet
facet normal 0.937108 -0.347858 -0.0286979
  outer loop
    vertex 5.991656052659481 229.0531929354378 6.5
    vertex 5.573083480593612 228.0621878007036 4.844160438403006
    vertex 6.130491329975013 229.5484229083161 5.030696413925337
  endloop
endfacet
facet normal 0.990611 -0.130534 -0.0406322
  outer loop
    vertex 6.010019535733051 229.1106442420478 3.499999999999997
    vertex 6.300000000000014 231 4.5
    vertex 6.130491329975013 229.5484229083161 5.030696413925337
  endloop
endfacet
facet normal 0.990611 -0.130534 0.0406322
  outer loop
    vertex 6.300000000000014 231 2.5
    vertex 6.010019535733051 229.1106442420478 3.499999999999997
    vertex 6.130491329975019 229.5484229083162 1.969303586074663
  endloop
endfacet
facet normal 0.940595 0.338423 -0.0274142
  outer loop
    vertex 5.613341102386732 233.8601401483591 4.794762710666712
    vertex 5.991656052659482 232.9468070645622 6.5
    vertex 6.135896738103589 232.4285556409639 5.051244766733048
  endloop
endfacet
facet normal 0.93683 0.348377 0.0313497
  outer loop
    vertex 5.991656052659481 232.9468070645622 0.5
    vertex 5.56860654303364 233.9462893898738 2.035218873443861
    vertex 6.135896738103591 232.4285556409639 1.948755233266948
  endloop
endfacet
facet normal 0.799983 -0.597339 -0.0566853
  outer loop
    vertex 4.401724680220577 226.4928035499285 2.162661930796351
    vertex 5.573083480593586 228.0621878007036 2.15583956159705
    vertex 5.09192607774274 227.2902441025313 3.499999999999972
  endloop
endfacet
facet normal 0.802929 -0.593666 0.0535216
  outer loop
    vertex 5.573083480593612 228.0621878007036 4.844160438403006
    vertex 4.454772721475271 226.5452272785247 4.794762710666714
    vertex 5.09192607774274 227.2902441025313 3.499999999999972
  endloop
endfacet
facet normal 0.934808 -0.354072 -0.0276915
  outer loop
    vertex 6.010019535733051 229.1106442420478 3.499999999999997
    vertex 5.573083480593586 228.0621878007036 2.15583956159705
    vertex 6.130491329975019 229.5484229083162 1.969303586074663
  endloop
endfacet
facet normal 0.934808 -0.354072 0.0276915
  outer loop
    vertex 5.573083480593612 228.0621878007036 4.844160438403006
    vertex 6.010019535733051 229.1106442420478 3.499999999999997
    vertex 6.130491329975013 229.5484229083161 5.030696413925337
  endloop
endfacet
facet normal 0.937483 0.346999 0.0267883
  outer loop
    vertex 6.01147224638463 232.8847284767169 3.496630315397595
    vertex 5.613341102386732 233.8601401483591 4.794762710666712
    vertex 6.135896738103589 232.4285556409639 5.051244766733048
  endloop
endfacet
facet normal 0.935799 0.351392 -0.0283351
  outer loop
    vertex 5.56860654303364 233.9462893898738 2.035218873443861
    vertex 6.01147224638463 232.8847284767169 3.496630315397595
    vertex 6.135896738103591 232.4285556409639 1.948755233266948
  endloop
endfacet
facet normal 0.990694 0.129714 -0.0412287
  outer loop
    vertex 6.300000000000014 231 4.5
    vertex 6.01147224638463 232.8847284767169 3.496630315397595
    vertex 6.135896738103589 232.4285556409639 5.051244766733048
  endloop
endfacet
facet normal 0.990679 0.129774 0.0413893
  outer loop
    vertex 6.01147224638463 232.8847284767169 3.496630315397595
    vertex 6.300000000000014 231 2.5
    vertex 6.135896738103591 232.4285556409639 1.948755233266948
  endloop
endfacet
facet normal -0.984551 -0.169554 0.0437197
  outer loop
    vertex -5.991729135264389 229.0534178749347 3.254883825812153
    vertex -6.298300180675585 230.8536619184842 3.332719358225734
    vertex -6.222436545749356 230.0144628702466 1.786563234099601
  endloop
endfacet
facet normal 0.265166 0.963881 -0.0249058
  outer loop
    vertex 2.367469818969903 236.8382434564059 2.049667428114145
    vertex 0.9855371297534647 237.2224365457494 2.205237289333289
    vertex 1.946807064562195 236.9916560526595 3.508199476566058
  endloop
endfacet
facet normal -0.896247 -0.4414 0.0436656
  outer loop
    vertex -5.182099956273694 227.417285938958 3.333658235985237
    vertex -5.991729135264389 229.0534178749347 3.254883825812153
    vertex -5.613341102386705 228.1398598516409 1.786563234100672
  endloop
endfacet
facet normal -0.00356442 -0.998383 0.0567362
  outer loop
    vertex 1.01589808306609 224.7824481437769 5.006457184841412
    vertex -0.985537129753436 224.7775634542506 4.794762710666711
    vertex -1.499020269476416e-14 224.7 3.491800523433983
  endloop
endfacet
facet normal 0.445 -0.894457 -0.0438309
  outer loop
    vertex 1.971608129333679 225.0164591265417 3.683596113276695
    vertex 3.591595443307877 225.8240515679143 3.650208637572194
    vertex 2.813897394148727 225.3633359639585 5.156342825086766
  endloop
endfacet
facet normal 0.829814 0.557656 -0.0207097
  outer loop
    vertex 5.56860654303364 233.9462893898738 2.035218873443861
    vertex 4.829606203199408 235.0453558461547 2.019224311542084
    vertex 5.096807064562181 234.7030470894426 3.508199476566056
  endloop
endfacet
facet normal 0.485367 0.87431 3.603e-15
  outer loop
    vertex -10.15770641768577 235.6805868761842 3.089525421333417
    vertex -10.15770641768581 235.6805868761843 0.5
    vertex -11.4932836881585 236.422023268028 2.049667428114147
  endloop
endfacet
facet normal 0.682317 0.731057 -4.01159e-16
  outer loop
    vertex -10.15770641768581 235.6805868761843 0.5
    vertex -10.15770641768577 235.6805868761842 3.089525421333417
    vertex -9.031147303928979 234.6291356577768 2.019224311542077
  endloop
endfacet
facet normal 0.892113 0.448406 0.0553735
  outer loop
    vertex -7.849281260743764 232.4685082883389 3.496630315397595
    vertex -8.292146964094744 233.5300692014959 2.035218873443856
    vertex -8.76394644256618 234.2868269010646 3.508199476566055
  endloop
endfacet
facet normal 0.891357 0.448784 -0.0638393
  outer loop
    vertex -8.247412404741649 233.4439199599812 4.794762710666731
    vertex -7.849281260743764 232.4685082883389 3.496630315397595
    vertex -8.76394644256618 234.2868269010646 3.508199476566055
  endloop
endfacet
facet normal 0.89446 -0.441776 0.0691028
  outer loop
    vertex -8.247412404741693 227.7236396632629 2.205237289333279
    vertex -7.822661686674504 228.7861571683046 3.500000000000001
    vertex -8.763346834443265 226.881558152501 3.50000000000001
  endloop
endfacet
facet normal 0.89446 -0.441776 -0.0691028
  outer loop
    vertex -7.822661686674504 228.7861571683046 3.500000000000001
    vertex -8.247412404741663 227.723639663263 4.794762710666715
    vertex -8.763346834443265 226.881558152501 3.50000000000001
  endloop
endfacet
facet normal 0.447865 -0.891877 0.0630235
  outer loop
    vertex -12.03818707253735 224.5531702577294 3.650912571751595
    vertex -11.03008220808824 224.9555207560357 2.180862485315772
    vertex -10.15770641768579 225.4869727470599 3.502325328238585
  endloop
endfacet
facet normal -0.00930965 -0.998425 -0.0553231
  outer loop
    vertex -13.86075350712839 224.2837798116221 6.5
    vertex -14.91304326763229 224.3722835136325 5.079835867155172
    vertex -12.95420090847209 224.3493462057627 5.164159726056482
  endloop
endfacet
facet normal -0.804211 -0.592004 -0.0526809
  outer loop
    vertex -18.95756057169055 226.8807327221795 6.5
    vertex -19.46006569974488 227.6962717216566 5.006442915626812
    vertex -18.29174496121075 226.1053521038379 5.04922332099571
  endloop
endfacet
facet normal -0.461614 -0.885363 0.0551812
  outer loop
    vertex -17.62263743195098 225.5302434917604 3.622794644550571
    vertex -16.7500953545071 224.9854136491613 2.180381117525109
    vertex -15.86175888544025 224.6100056716025 3.588410308375409
  endloop
endfacet
facet normal -0.805402 -0.589908 0.05776
  outer loop
    vertex -19.46006569974488 227.6962717216566 5.006442915626812
    vertex -18.94212850253592 226.8595848441094 3.683366266594081
    vertex -18.29174496121075 226.1053521038379 5.04922332099571
  endloop
endfacet
facet normal -0.0139541 -0.998521 0.0525418
  outer loop
    vertex -14.91304326763229 224.3722835136325 5.079835867155172
    vertex -13.83343594824616 224.2838390380134 3.685733245076491
    vertex -12.95420090847209 224.3493462057627 5.164159726056482
  endloop
endfacet
facet normal -0.463308 -0.884482 -0.0551079
  outer loop
    vertex -16.69433366559614 224.9569846771305 5.019088819353419
    vertex -17.62263743195098 225.5302434917604 3.622794644550571
    vertex -15.86175888544025 224.6100056716025 3.588410308375409
  endloop
endfacet
facet normal 0.439076 -0.895595 -0.0715741
  outer loop
    vertex -11.00061335876924 224.9704387092354 4.794762710666714
    vertex -12.03818707253735 224.5531702577294 3.650912571751595
    vertex -10.15770641768579 225.4869727470599 3.502325328238585
  endloop
endfacet
facet normal -0.00143399 -0.999003 0.0446113
  outer loop
    vertex -13.86075350712838 224.2837798116221 0.5
    vertex -12.89793122935786 224.3577880623962 2.188252026140562
    vertex -14.84629063688196 224.3613432658727 2.205237289333332
  endloop
endfacet
facet normal -0.810111 -0.584494 0.0456764
  outer loop
    vertex -18.95756057169055 226.8807327221795 0.5
    vertex -18.33175390363819 226.1452940952534 2.188252026140558
    vertex -19.48079205480991 227.7368223615407 2.174909562372109
  endloop
endfacet
facet normal -0.00226464 -0.99871 -0.0507333
  outer loop
    vertex -14.84629063688196 224.3613432658727 2.205237289333332
    vertex -12.89793122935786 224.3577880623962 2.188252026140562
    vertex -13.83343594824616 224.2838390380134 3.685733245076491
  endloop
endfacet
facet normal -0.809515 -0.584875 -0.0510574
  outer loop
    vertex -19.48079205480991 227.7368223615407 2.174909562372109
    vertex -18.33175390363819 226.1452940952534 2.188252026140558
    vertex -18.94212850253592 226.8595848441094 3.683366266594081
  endloop
endfacet
facet normal -0.890053 -0.453505 -0.0462491
  outer loop
    vertex -19.85240955978785 228.6369727470599 0.5
    vertex -18.95756057169055 226.8807327221795 0.5
    vertex -19.48079205480991 227.7368223615407 2.174909562372109
  endloop
endfacet
facet normal -0.808181 0.587178 -0.0454385
  outer loop
    vertex -19.47409460951511 233.4439199599812 4.794762710666714
    vertex -18.95756057169055 234.2868269010647 6.5
    vertex -18.31552622860364 235.0385525330973 4.794762710666704
  endloop
endfacet
facet normal 0.30892 0.949995 -0.0455745
  outer loop
    vertex -12.87521637737493 236.8062163573715 4.794762710666711
    vertex -11.91394644256621 236.5754358642816 6.5
    vertex -11.00519417201577 236.1994526015602 4.822520088345627
  endloop
endfacet
facet normal 0.584541 -0.809985 0.0472801
  outer loop
    vertex -10.1577064176858 225.4869727470599 0.5
    vertex -9.405980785653121 226.1290070901469 2.205237289333286
    vertex -11.03008220808824 224.9555207560357 2.180862485315772
  endloop
endfacet
facet normal -0.156273 -0.986668 -0.0454385
  outer loop
    vertex -15.80756057169055 224.5921237589626 0.5
    vertex -13.86075350712838 224.2837798116221 0.5
    vertex -14.84629063688196 224.3613432658727 2.205237289333332
  endloop
endfacet
facet normal -0.706376 0.706376 0.0454385
  outer loop
    vertex -18.95756057169055 234.2868269010647 6.5
    vertex -17.56380059657096 235.6805868761843 6.5
    vertex -18.31552622860364 235.0385525330973 4.794762710666704
  endloop
endfacet
facet normal -0.706362 -0.706362 -0.0458699
  outer loop
    vertex -18.95756057169055 226.8807327221795 0.5
    vertex -17.56380059657096 225.4869727470599 0.5
    vertex -18.33175390363819 226.1452940952534 2.188252026140558
  endloop
endfacet
facet normal -0.986668 0.156273 -0.0454385
  outer loop
    vertex -19.85240955978785 232.5305868761843 0.5
    vertex -20.16075350712838 230.5837798116221 0.5
    vertex -20.08319005287775 231.5693169413756 2.205237289333283
  endloop
endfacet
facet normal -0.986668 -0.156273 0.0454385
  outer loop
    vertex -19.85240955978785 228.6369727470599 6.5
    vertex -20.16075350712838 230.5837798116221 6.5
    vertex -20.08319005287775 229.5982426818686 4.794762710666714
  endloop
endfacet
facet normal -0.453509 -0.890061 -0.0460585
  outer loop
    vertex -17.56380059657096 225.4869727470599 0.5
    vertex -15.80756057169055 224.5921237589626 0.5
    vertex -16.7500953545071 224.9854136491613 2.180381117525109
  endloop
endfacet
facet normal 0.706376 -0.706376 -0.0454385
  outer loop
    vertex -10.1577064176858 225.4869727470599 0.5
    vertex -8.763946442566215 226.8807327221795 0.5
    vertex -9.405980785653121 226.1290070901469 2.205237289333286
  endloop
endfacet
facet normal -0.890086 0.453522 0.0454385
  outer loop
    vertex -19.85240955978785 232.5305868761843 6.5
    vertex -18.95756057169055 234.2868269010647 6.5
    vertex -19.47409460951511 233.4439199599812 4.794762710666714
  endloop
endfacet
facet normal 0.304633 -0.951382 0.0454976
  outer loop
    vertex -12.89793122935786 224.3577880623962 2.188252026140562
    vertex -11.91394644256621 224.5921237589626 0.5
    vertex -11.03008220808824 224.9555207560357 2.180862485315772
  endloop
endfacet
facet normal 0.706359 0.706359 0.0459844
  outer loop
    vertex -10.1577064176858 235.6805868761843 6.5
    vertex -8.763946442566215 234.2868269010647 6.5
    vertex -9.401899506414548 235.0344675113285 4.815108237855425
  endloop
endfacet
facet normal -0.706376 0.706376 -0.0454385
  outer loop
    vertex -17.56380059657097 235.6805868761843 0.5
    vertex -18.95756057169055 234.2868269010647 0.5
    vertex -18.31552622860365 235.0385525330973 2.205237289333287
  endloop
endfacet
facet normal -0.308698 0.950074 0.0454385
  outer loop
    vertex -15.80756057169055 236.5754358642816 0.5
    vertex -16.72089365548754 236.1971209140088 2.205237289333287
    vertex -14.84629063688184 236.8062163573715 2.205237289333296
  endloop
endfacet
facet normal 0.453522 -0.890086 0.0454385
  outer loop
    vertex -10.15770641768581 225.4869727470599 6.5
    vertex -11.91394644256622 224.5921237589626 6.5
    vertex -11.00061335876924 224.9704387092354 4.794762710666714
  endloop
endfacet
facet normal -0.587178 0.808181 -0.0454385
  outer loop
    vertex -17.56380059657096 235.6805868761843 6.5
    vertex -16.72089365548753 236.1971209140088 4.794762710666714
    vertex -18.31552622860364 235.0385525330973 4.794762710666704
  endloop
endfacet
facet normal -0.453522 0.890086 -0.0454385
  outer loop
    vertex -15.80756057169055 236.5754358642816 0.5
    vertex -17.56380059657097 235.6805868761843 0.5
    vertex -16.72089365548754 236.1971209140088 2.205237289333287
  endloop
endfacet
facet normal 0.587047 0.808211 -0.0465947
  outer loop
    vertex -10.1577064176858 235.6805868761843 6.5
    vertex -9.401899506414548 235.0344675113285 4.815108237855425
    vertex -11.00519417201577 236.1994526015602 4.822520088345627
  endloop
endfacet
facet normal -0.587178 0.808181 0.0454385
  outer loop
    vertex -17.56380059657097 235.6805868761843 0.5
    vertex -18.31552622860365 235.0385525330973 2.205237289333287
    vertex -16.72089365548754 236.1971209140088 2.205237289333287
  endloop
endfacet
facet normal -0.453522 0.890086 0.0454385
  outer loop
    vertex -17.56380059657096 235.6805868761843 6.5
    vertex -15.80756057169055 236.5754358642816 6.5
    vertex -16.72089365548753 236.1971209140088 4.794762710666714
  endloop
endfacet
facet normal 0.156273 0.986668 -0.0454385
  outer loop
    vertex -11.91394644256622 236.5754358642816 0.5
    vertex -13.86075350712839 236.8837798116221 0.5
    vertex -12.87521637737494 236.8062163573715 2.205237289333291
  endloop
endfacet
facet normal 0.453509 -0.890062 -0.0460446
  outer loop
    vertex -11.91394644256621 224.5921237589626 0.5
    vertex -10.1577064176858 225.4869727470599 0.5
    vertex -11.03008220808824 224.9555207560357 2.180862485315772
  endloop
endfacet
facet normal -0.156273 0.986668 -0.0454385
  outer loop
    vertex -13.86075350712839 236.8837798116221 0.5
    vertex -15.80756057169055 236.5754358642816 0.5
    vertex -14.84629063688184 236.8062163573715 2.205237289333296
  endloop
endfacet
facet normal 0.453506 0.890056 0.0461875
  outer loop
    vertex -11.91394644256621 236.5754358642816 6.5
    vertex -10.1577064176858 235.6805868761843 6.5
    vertex -11.00519417201577 236.1994526015602 4.822520088345627
  endloop
endfacet
facet normal -0.998961 -0.000244873 0.0455797
  outer loop
    vertex -20.08319005287775 231.5693169413756 2.205237289333283
    vertex -20.16075350712838 230.5837798116221 0.5
    vertex -20.08318167223517 229.5981897700298 2.194831253968511
  endloop
endfacet
facet normal 0.15627 -0.986649 -0.0458699
  outer loop
    vertex -13.86075350712838 224.2837798116221 0.5
    vertex -11.91394644256621 224.5921237589626 0.5
    vertex -12.89793122935786 224.3577880623962 2.188252026140562
  endloop
endfacet
facet normal 1.33087e-16 0.998967 0.0454385
  outer loop
    vertex -12.87521637737494 236.8062163573715 2.205237289333291
    vertex -13.86075350712839 236.8837798116221 0.5
    vertex -14.84629063688184 236.8062163573715 2.205237289333296
  endloop
endfacet
facet normal -0.156273 0.986668 0.0454385
  outer loop
    vertex -15.80756057169055 236.5754358642816 6.5
    vertex -13.86075350712838 236.8837798116221 6.5
    vertex -14.84629063688182 236.8062163573715 4.794762710666714
  endloop
endfacet
facet normal -0.308698 0.950074 -0.0454385
  outer loop
    vertex -16.72089365548753 236.1971209140088 4.794762710666714
    vertex -15.80756057169055 236.5754358642816 6.5
    vertex -14.84629063688182 236.8062163573715 4.794762710666714
  endloop
endfacet
facet normal 0.156273 0.986668 0.0454385
  outer loop
    vertex -13.86075350712838 236.8837798116221 6.5
    vertex -11.91394644256621 236.5754358642816 6.5
    vertex -12.87521637737493 236.8062163573715 4.794762710666711
  endloop
endfacet
facet normal -0.986656 -0.156271 -0.0457169
  outer loop
    vertex -20.16075350712838 230.5837798116221 0.5
    vertex -19.85240955978785 228.6369727470599 0.5
    vertex -20.08318167223517 229.5981897700298 2.194831253968511
  endloop
endfacet
facet normal -0.950298 -0.308027 0.0453018
  outer loop
    vertex -20.08318167223517 229.5981897700298 2.194831253968511
    vertex -19.85240955978785 228.6369727470599 0.5
    vertex -19.48079205480991 227.7368223615407 2.174909562372109
  endloop
endfacet
facet normal 0.58736 0.808057 0.0453012
  outer loop
    vertex -11.00519417201577 236.1994526015602 4.822520088345627
    vertex -9.401899506414548 235.0344675113285 4.815108237855425
    vertex -10.15770641768577 235.6805868761842 3.089525421333417
  endloop
endfacet
facet normal -0.950074 0.308698 0.0454385
  outer loop
    vertex -19.85240955978785 232.5305868761843 0.5
    vertex -20.08319005287775 231.5693169413756 2.205237289333283
    vertex -19.47409460951508 233.4439199599813 2.205237289333267
  endloop
endfacet
facet normal -0.998967 1.80056e-15 -0.0454385
  outer loop
    vertex -20.08319005287775 229.5982426818686 4.794762710666714
    vertex -20.16075350712838 230.5837798116221 6.5
    vertex -20.08319005287775 231.5693169413756 4.794762710666714
  endloop
endfacet
facet normal -0.590603 -0.805678 0.0455143
  outer loop
    vertex -18.33175390363819 226.1452940952534 2.188252026140558
    vertex -17.56380059657096 225.4869727470599 0.5
    vertex -16.7500953545071 224.9854136491613 2.180381117525109
  endloop
endfacet
facet normal -0.45337 -0.889789 0.0522565
  outer loop
    vertex -15.80756057169055 224.5921237589626 6.5
    vertex -17.56380059657097 225.4869727470599 6.5
    vertex -16.69433366559614 224.9569846771305 5.019088819353419
  endloop
endfacet
facet normal -8.24923e-17 0.998967 -0.0454385
  outer loop
    vertex -13.86075350712838 236.8837798116221 6.5
    vertex -12.87521637737493 236.8062163573715 4.794762710666711
    vertex -14.84629063688182 236.8062163573715 4.794762710666714
  endloop
endfacet
facet normal -0.986668 0.156273 0.0454385
  outer loop
    vertex -20.16075350712838 230.5837798116221 6.5
    vertex -19.85240955978785 232.5305868761843 6.5
    vertex -20.08319005287775 231.5693169413756 4.794762710666714
  endloop
endfacet
facet normal -0.950074 0.308698 -0.0454385
  outer loop
    vertex -19.85240955978785 232.5305868761843 6.5
    vertex -19.47409460951511 233.4439199599812 4.794762710666714
    vertex -20.08319005287775 231.5693169413756 4.794762710666714
  endloop
endfacet
facet normal -0.890086 0.453522 -0.0454385
  outer loop
    vertex -18.95756057169055 234.2868269010647 0.5
    vertex -19.85240955978785 232.5305868761843 0.5
    vertex -19.47409460951508 233.4439199599813 2.205237289333267
  endloop
endfacet
facet normal -0.311702 -0.949003 0.0472769
  outer loop
    vertex -16.7500953545071 224.9854136491613 2.180381117525109
    vertex -15.80756057169055 224.5921237589626 0.5
    vertex -14.84629063688196 224.3613432658727 2.205237289333332
  endloop
endfacet
facet normal -0.808181 0.587178 0.0454385
  outer loop
    vertex -18.31552622860365 235.0385525330973 2.205237289333287
    vertex -18.95756057169055 234.2868269010647 0.5
    vertex -19.47409460951508 233.4439199599813 2.205237289333267
  endloop
endfacet
facet normal 0.890086 -0.453522 -0.0454385
  outer loop
    vertex -8.763946442566215 226.8807327221795 0.5
    vertex -7.869097454468917 228.6369727470599 0.5
    vertex -8.247412404741693 227.7236396632629 2.205237289333279
  endloop
endfacet
facet normal 0.890086 0.453522 0.0454385
  outer loop
    vertex -8.763946442566215 234.2868269010647 6.5
    vertex -7.869097454468917 232.5305868761843 6.5
    vertex -8.247412404741649 233.4439199599812 4.794762710666731
  endloop
endfacet
facet normal 0.808174 0.587188 -0.0454457
  outer loop
    vertex -9.401899506414548 235.0344675113285 4.815108237855425
    vertex -8.763946442566215 234.2868269010647 6.5
    vertex -8.247412404741649 233.4439199599812 4.794762710666731
  endloop
endfacet
facet normal 0.808181 -0.587178 0.0454385
  outer loop
    vertex -9.405980785653121 226.1290070901469 2.205237289333286
    vertex -8.763946442566215 226.8807327221795 0.5
    vertex -8.247412404741693 227.7236396632629 2.205237289333279
  endloop
endfacet
facet normal 0.587178 -0.808181 -0.0454385
  outer loop
    vertex -10.15770641768581 225.4869727470599 6.5
    vertex -11.00061335876924 224.9704387092354 4.794762710666714
    vertex -9.405980785653131 226.1290070901468 4.794762710666713
  endloop
endfacet
facet normal 0.706376 -0.706376 0.0454385
  outer loop
    vertex -8.763946442566215 226.8807327221795 6.5
    vertex -10.15770641768581 225.4869727470599 6.5
    vertex -9.405980785653131 226.1290070901468 4.794762710666713
  endloop
endfacet
facet normal 0.889893 0.453423 -0.0499731
  outer loop
    vertex -7.869097454468918 232.5305868761843 0.5
    vertex -8.763946442566215 234.2868269010647 0.5
    vertex -8.292146964094744 233.5300692014959 2.035218873443856
  endloop
endfacet
facet normal 0.890086 -0.453522 0.0454385
  outer loop
    vertex -7.869097454468918 228.6369727470599 6.5
    vertex -8.763946442566215 226.8807327221795 6.5
    vertex -8.247412404741663 227.723639663263 4.794762710666715
  endloop
endfacet
facet normal 0.808181 -0.587178 -0.0454385
  outer loop
    vertex -8.247412404741663 227.723639663263 4.794762710666715
    vertex -8.763946442566215 226.8807327221795 6.5
    vertex -9.405980785653131 226.1290070901468 4.794762710666713
  endloop
endfacet
facet normal 0.988484 0.151324 0
  outer loop
    vertex -7.560753507128385 230.5837798116221 4.5
    vertex -7.560753507128385 230.5837798116221 2.5
    vertex -7.849281260743764 232.4685082883389 3.496630315397595
  endloop
endfacet
facet normal 0.989552 -0.144175 0
  outer loop
    vertex -7.560753507128385 230.5837798116221 2.5
    vertex -7.560753507128385 230.5837798116221 4.5
    vertex -7.822661686674504 228.7861571683046 3.500000000000001
  endloop
endfacet
facet normal -0.88981 -0.453381 0.0518121
  outer loop
    vertex -18.95756057169055 226.8807327221795 6.5
    vertex -19.85240955978785 228.6369727470599 6.5
    vertex -19.46006569974488 227.6962717216566 5.006442915626812
  endloop
endfacet
facet normal 0.453712 0.89046 -0.0350088
  outer loop
    vertex -10.15770641768581 235.6805868761843 0.5
    vertex -11.91394644256622 236.5754358642816 0.5
    vertex -11.4932836881585 236.422023268028 2.049667428114147
  endloop
endfacet
facet normal -0.156204 -0.986232 0.05428
  outer loop
    vertex -13.86075350712839 224.2837798116221 6.5
    vertex -15.80756057169055 224.5921237589626 6.5
    vertex -14.91304326763229 224.3722835136325 5.079835867155172
  endloop
endfacet
facet normal 0.304192 -0.951205 -0.0517402
  outer loop
    vertex -12.89793122935786 224.3577880623962 2.188252026140562
    vertex -11.03008220808824 224.9555207560357 2.180862485315772
    vertex -12.03818707253735 224.5531702577294 3.650912571751595
  endloop
endfacet
facet normal -0.590697 -0.805137 -0.0532064
  outer loop
    vertex -18.33175390363819 226.1452940952534 2.188252026140558
    vertex -16.7500953545071 224.9854136491613 2.180381117525109
    vertex -17.62263743195098 225.5302434917604 3.622794644550571
  endloop
endfacet
facet normal 0.706675 0.706675 -0.0349368
  outer loop
    vertex -8.763946442566215 234.2868269010647 0.5
    vertex -10.15770641768581 235.6805868761843 0.5
    vertex -9.031147303928979 234.6291356577768 2.019224311542077
  endloop
endfacet
facet normal -0.161239 -0.985166 0.0587351
  outer loop
    vertex -14.84629063688196 224.3613432658727 2.205237289333332
    vertex -13.83343594824616 224.2838390380134 3.685733245076491
    vertex -15.86175888544025 224.6100056716025 3.588410308375409
  endloop
endfacet
facet normal -0.891098 -0.4503 0.0563372
  outer loop
    vertex -19.48079205480991 227.7368223615407 2.174909562372109
    vertex -18.94212850253592 226.8595848441094 3.683366266594081
    vertex -19.85240955978788 228.63697274706 3.491800523433992
  endloop
endfacet
facet normal -0.583558 -0.810366 -0.0526031
  outer loop
    vertex -16.69433366559614 224.9569846771305 5.019088819353419
    vertex -17.56380059657097 225.4869727470599 6.5
    vertex -18.29174496121075 226.1053521038379 5.04922332099571
  endloop
endfacet
facet normal 0.443748 0.894706 -0.0508723
  outer loop
    vertex -11.00519417201577 236.1994526015602 4.822520088345627
    vertex -10.15770641768577 235.6805868761842 3.089525421333417
    vertex -11.9139464425662 236.5754358642816 3.508199476566057
  endloop
endfacet
facet normal 0.293105 -0.95451 -0.0547744
  outer loop
    vertex -11.00061335876924 224.9704387092354 4.794762710666714
    vertex -11.91394644256622 224.5921237589626 6.5
    vertex -12.95420090847209 224.3493462057627 5.164159726056482
  endloop
endfacet
facet normal 0.713819 0.698462 -0.0511246
  outer loop
    vertex -10.15770641768577 235.6805868761842 3.089525421333417
    vertex -9.401899506414548 235.0344675113285 4.815108237855425
    vertex -8.76394644256618 234.2868269010646 3.508199476566055
  endloop
endfacet
facet normal 0.993467 -0.114123 0
  outer loop
    vertex -7.560753507128385 230.5837798116221 0.5
    vertex -7.560753507128385 230.5837798116221 2.5
    vertex -7.724856769024827 229.1552241706581 1.948755233266989
  endloop
endfacet
facet normal 0.993467 0.114123 0
  outer loop
    vertex -7.560753507128385 230.5837798116221 6.5
    vertex -7.560753507128385 230.5837798116221 4.5
    vertex -7.724856769024807 232.012335452586 5.051244766733069
  endloop
endfacet
facet normal 0.986803 -0.156294 -0.042338
  outer loop
    vertex -7.869097454468917 228.6369727470599 0.5
    vertex -7.560753507128385 230.5837798116221 0.5
    vertex -7.724856769024827 229.1552241706581 1.948755233266989
  endloop
endfacet
facet normal 0.986803 0.156294 0.042338
  outer loop
    vertex -7.869097454468917 232.5305868761843 6.5
    vertex -7.560753507128385 230.5837798116221 6.5
    vertex -7.724856769024807 232.012335452586 5.051244766733069
  endloop
endfacet
facet normal 0.993467 -0.114123 0
  outer loop
    vertex -7.560753507128385 230.5837798116221 4.5
    vertex -7.560753507128385 230.5837798116221 6.5
    vertex -7.724856769024814 229.1552241706581 5.051244766733052
  endloop
endfacet
facet normal 0.993467 0.114123 0
  outer loop
    vertex -7.560753507128385 230.5837798116221 2.5
    vertex -7.560753507128385 230.5837798116221 0.5
    vertex -7.724856769024811 232.0123354525861 1.948755233266952
  endloop
endfacet
facet normal 0.986803 0.156294 -0.042338
  outer loop
    vertex -7.560753507128385 230.5837798116221 0.5
    vertex -7.869097454468918 232.5305868761843 0.5
    vertex -7.724856769024811 232.0123354525861 1.948755233266952
  endloop
endfacet
facet normal 0.986803 -0.156294 0.042338
  outer loop
    vertex -7.560753507128385 230.5837798116221 6.5
    vertex -7.869097454468918 228.6369727470599 6.5
    vertex -7.724856769024814 229.1552241706581 5.051244766733052
  endloop
endfacet
facet normal -0.886195 -0.459905 -0.0560792
  outer loop
    vertex -18.94212850253592 226.8595848441094 3.683366266594081
    vertex -19.46006569974488 227.6962717216566 5.006442915626812
    vertex -19.85240955978788 228.63697274706 3.491800523433992
  endloop
endfacet
facet normal -0.155781 -0.986083 -0.0580797
  outer loop
    vertex -13.83343594824616 224.2838390380134 3.685733245076491
    vertex -14.91304326763229 224.3722835136325 5.079835867155172
    vertex -15.86175888544025 224.6100056716025 3.588410308375409
  endloop
endfacet
facet normal -0.582189 -0.811259 0.0539911
  outer loop
    vertex -17.62263743195098 225.5302434917604 3.622794644550571
    vertex -16.69433366559614 224.9569846771305 5.019088819353419
    vertex -18.29174496121075 226.1053521038379 5.04922332099571
  endloop
endfacet
facet normal 0.461141 0.886436 0.0397621
  outer loop
    vertex -10.15770641768577 235.6805868761842 3.089525421333417
    vertex -11.4932836881585 236.422023268028 2.049667428114147
    vertex -11.9139464425662 236.5754358642816 3.508199476566057
  endloop
endfacet
facet normal 0.312997 -0.94774 0.0618125
  outer loop
    vertex -12.03818707253735 224.5531702577294 3.650912571751595
    vertex -11.00061335876924 224.9704387092354 4.794762710666714
    vertex -12.95420090847209 224.3493462057627 5.164159726056482
  endloop
endfacet
facet normal 0.70087 0.712278 0.0379763
  outer loop
    vertex -9.031147303928979 234.6291356577768 2.019224311542077
    vertex -10.15770641768577 235.6805868761842 3.089525421333417
    vertex -8.76394644256618 234.2868269010646 3.508199476566055
  endloop
endfacet
facet normal 0.149059 -0.987834 0.0443386
  outer loop
    vertex -13.83343594824616 224.2838390380134 3.685733245076491
    vertex -12.89793122935786 224.3577880623962 2.188252026140562
    vertex -12.03818707253735 224.5531702577294 3.650912571751595
  endloop
endfacet
facet normal 0.270084 0.962586 0.0219779
  outer loop
    vertex -11.91394644256622 236.5754358642816 0.5
    vertex -12.87521637737494 236.8062163573715 2.205237289333291
    vertex -11.4932836881585 236.422023268028 2.049667428114147
  endloop
endfacet
facet normal -0.707834 -0.704764 0.0477304
  outer loop
    vertex -18.94212850253592 226.8595848441094 3.683366266594081
    vertex -18.33175390363819 226.1452940952534 2.188252026140558
    vertex -17.62263743195098 225.5302434917604 3.622794644550571
  endloop
endfacet
facet normal -0.310023 -0.949502 -0.0482918
  outer loop
    vertex -15.80756057169055 224.5921237589626 6.5
    vertex -16.69433366559614 224.9569846771305 5.019088819353419
    vertex -14.91304326763229 224.3722835136325 5.079835867155172
  endloop
endfacet
facet normal -0.94746 -0.315959 -0.0498856
  outer loop
    vertex -19.85240955978785 228.6369727470599 6.5
    vertex -20.08319005287775 229.5982426818686 4.794762710666714
    vertex -19.46006569974488 227.6962717216566 5.006442915626812
  endloop
endfacet
facet normal 0.829548 0.558072 0.0201569
  outer loop
    vertex -8.292146964094744 233.5300692014959 2.035218873443856
    vertex -8.763946442566215 234.2868269010647 0.5
    vertex -9.031147303928979 234.6291356577768 2.019224311542077
  endloop
endfacet
facet normal 0.156016 0.985959 0.0595312
  outer loop
    vertex -12.87521637737494 236.8062163573715 2.205237289333291
    vertex -13.86087440878011 236.883779810462 3.503777222777656
    vertex -11.9139464425662 236.5754358642816 3.508199476566057
  endloop
endfacet
facet normal -0.985974 -0.155884 -0.0596306
  outer loop
    vertex -20.08319005287775 229.5982426818686 4.794762710666714
    vertex -20.16075350348396 230.583994100602 3.500329777447295
    vertex -19.85240955978788 228.63697274706 3.491800523433992
  endloop
endfacet
facet normal -0.586733 0.807569 0.0598023
  outer loop
    vertex -18.31552622860364 235.0385525330973 4.794762710666704
    vertex -16.72089365548753 236.1971209140088 4.794762710666714
    vertex -17.56385955097376 235.6805440427825 3.500086168017127
  endloop
endfacet
facet normal -0.308465 0.949359 -0.0597203
  outer loop
    vertex -14.84629063688184 236.8062163573715 2.205237289333296
    vertex -16.72089365548754 236.1971209140088 2.205237289333287
    vertex -15.80756471817942 236.5754345170041 3.501698766684268
  endloop
endfacet
facet normal -0.949354 0.308464 0.0598023
  outer loop
    vertex -20.08319005287775 231.5693169413756 4.794762710666714
    vertex -19.47409460951511 233.4439199599812 4.794762710666714
    vertex -19.85238704071432 232.5306561814023 3.500086168017135
  endloop
endfacet
facet normal -0.156228 0.985917 0.0596656
  outer loop
    vertex -14.84629063688184 236.8062163573715 2.205237289333296
    vertex -15.80756471817942 236.5754345170041 3.501698766684268
    vertex -13.86087440878011 236.883779810462 3.503777222777656
  endloop
endfacet
facet normal -0.807566 0.586731 -0.0598643
  outer loop
    vertex -18.31552622860365 235.0385525330973 2.205237289333287
    vertex -19.47409460951508 233.4439199599813 2.205237289333267
    vertex -18.95756057169055 234.2868269010647 3.498569098054301
  endloop
endfacet
facet normal -1.74638e-16 0.998221 -0.059625
  outer loop
    vertex -12.87521637737494 236.8062163573715 2.205237289333291
    vertex -14.84629063688184 236.8062163573715 2.205237289333296
    vertex -13.86087440878011 236.883779810462 3.503777222777656
  endloop
endfacet
facet normal -0.998225 0.000310124 -0.0595481
  outer loop
    vertex -20.08319005287775 231.5693169413756 2.205237289333283
    vertex -20.08318167223517 229.5981897700298 2.194831253968511
    vertex -20.16075350348396 230.583994100602 3.500329777447295
  endloop
endfacet
facet normal 0.705948 -0.705734 0.0598061
  outer loop
    vertex -10.15770641768579 225.4869727470599 3.502325328238585
    vertex -9.405980785653121 226.1290070901469 2.205237289333286
    vertex -8.763346834443265 226.881558152501 3.50000000000001
  endloop
endfacet
facet normal 0.58517 -0.808605 -0.0611095
  outer loop
    vertex -11.03008220808824 224.9555207560357 2.180862485315772
    vertex -9.405980785653121 226.1290070901469 2.205237289333286
    vertex -10.15770641768579 225.4869727470599 3.502325328238585
  endloop
endfacet
facet normal -0.985917 0.156184 0.0597803
  outer loop
    vertex -19.85238704071432 232.5306561814023 3.500086168017135
    vertex -20.08319005287775 231.5693169413756 2.205237289333283
    vertex -20.16075350348396 230.583994100602 3.500329777447295
  endloop
endfacet
facet normal -0.453139 0.889429 -0.0598436
  outer loop
    vertex -17.56385955097376 235.6805440427825 3.500086168017127
    vertex -16.72089365548753 236.1971209140088 4.794762710666714
    vertex -15.80756471817942 236.5754345170041 3.501698766684268
  endloop
endfacet
facet normal -0.985918 0.15617 -0.0597994
  outer loop
    vertex -20.08319005287775 231.5693169413756 4.794762710666714
    vertex -19.85238704071432 232.5306561814023 3.500086168017135
    vertex -20.16075350348396 230.583994100602 3.500329777447295
  endloop
endfacet
facet normal -0.453228 0.889389 0.0597614
  outer loop
    vertex -16.72089365548754 236.1971209140088 2.205237289333287
    vertex -17.56385955097376 235.6805440427825 3.500086168017127
    vertex -15.80756471817942 236.5754345170041 3.501698766684268
  endloop
endfacet
facet normal -0.705877 0.705804 0.0598249
  outer loop
    vertex -18.31552622860365 235.0385525330973 2.205237289333287
    vertex -18.95756057169055 234.2868269010647 3.498569098054301
    vertex -17.56385955097376 235.6805440427825 3.500086168017127
  endloop
endfacet
facet normal -0.889432 0.453143 -0.059763
  outer loop
    vertex -19.47409460951511 233.4439199599812 4.794762710666714
    vertex -18.95756057169055 234.2868269010647 3.498569098054301
    vertex -19.85238704071432 232.5306561814023 3.500086168017135
  endloop
endfacet
facet normal -0.705814 0.705871 -0.059763
  outer loop
    vertex -18.95756057169055 234.2868269010647 3.498569098054301
    vertex -18.31552622860364 235.0385525330973 4.794762710666704
    vertex -17.56385955097376 235.6805440427825 3.500086168017127
  endloop
endfacet
facet normal -0.889387 0.453224 0.0598249
  outer loop
    vertex -18.95756057169055 234.2868269010647 3.498569098054301
    vertex -19.47409460951508 233.4439199599813 2.205237289333267
    vertex -19.85238704071432 232.5306561814023 3.500086168017135
  endloop
endfacet
facet normal 0.705844 -0.705829 -0.0599133
  outer loop
    vertex -9.405980785653131 226.1290070901468 4.794762710666713
    vertex -10.15770641768579 225.4869727470599 3.502325328238585
    vertex -8.763346834443265 226.881558152501 3.50000000000001
  endloop
endfacet
facet normal 0.807569 -0.586733 -0.0597983
  outer loop
    vertex -9.405980785653121 226.1290070901469 2.205237289333286
    vertex -8.247412404741693 227.7236396632629 2.205237289333279
    vertex -8.763346834443265 226.881558152501 3.50000000000001
  endloop
endfacet
facet normal -0.586734 0.807569 -0.0597944
  outer loop
    vertex -16.72089365548754 236.1971209140088 2.205237289333287
    vertex -18.31552622860365 235.0385525330973 2.205237289333287
    vertex -17.56385955097376 235.6805440427825 3.500086168017127
  endloop
endfacet
facet normal -0.99821 1.7992e-15 0.0598135
  outer loop
    vertex -20.08319005287775 229.5982426818686 4.794762710666714
    vertex -20.08319005287775 231.5693169413756 4.794762710666714
    vertex -20.16075350348396 230.583994100602 3.500329777447295
  endloop
endfacet
facet normal -0.807572 0.586736 0.0597326
  outer loop
    vertex -19.47409460951511 233.4439199599812 4.794762710666714
    vertex -18.31552622860364 235.0385525330973 4.794762710666704
    vertex -18.95756057169055 234.2868269010647 3.498569098054301
  endloop
endfacet
facet normal -0.949355 0.308464 -0.0597944
  outer loop
    vertex -19.47409460951508 233.4439199599813 2.205237289333267
    vertex -20.08319005287775 231.5693169413756 2.205237289333283
    vertex -19.85238704071432 232.5306561814023 3.500086168017135
  endloop
endfacet
facet normal -0.156101 0.985922 -0.0599176
  outer loop
    vertex -15.80756471817942 236.5754345170041 3.501698766684268
    vertex -14.84629063688182 236.8062163573715 4.794762710666714
    vertex -13.86087440878011 236.883779810462 3.503777222777656
  endloop
endfacet
facet normal -0.308463 0.94935 0.0598766
  outer loop
    vertex -16.72089365548753 236.1971209140088 4.794762710666714
    vertex -14.84629063688182 236.8062163573715 4.794762710666714
    vertex -15.80756471817942 236.5754345170041 3.501698766684268
  endloop
endfacet
facet normal 1.08096e-16 0.9982 0.0599727
  outer loop
    vertex -14.84629063688182 236.8062163573715 4.794762710666714
    vertex -12.87521637737493 236.8062163573715 4.794762710666711
    vertex -13.86087440878011 236.883779810462 3.503777222777656
  endloop
endfacet
facet normal 0.807569 -0.586733 0.0597983
  outer loop
    vertex -8.247412404741663 227.723639663263 4.794762710666715
    vertex -9.405980785653131 226.1290070901468 4.794762710666713
    vertex -8.763346834443265 226.881558152501 3.50000000000001
  endloop
endfacet
facet normal -0.9859 -0.156395 0.0595148
  outer loop
    vertex -20.16075350348396 230.583994100602 3.500329777447295
    vertex -20.08318167223517 229.5981897700298 2.194831253968511
    vertex -19.85240955978788 228.63697274706 3.491800523433992
  endloop
endfacet
facet normal 0.58673 -0.807564 0.0599055
  outer loop
    vertex -9.405980785653131 226.1290070901468 4.794762710666713
    vertex -11.00061335876924 224.9704387092354 4.794762710666714
    vertex -10.15770641768579 225.4869727470599 3.502325328238585
  endloop
endfacet
facet normal 0.156276 0.985884 -0.0600825
  outer loop
    vertex -13.86087440878011 236.883779810462 3.503777222777656
    vertex -12.87521637737493 236.8062163573715 4.794762710666711
    vertex -11.9139464425662 236.5754358642816 3.508199476566057
  endloop
endfacet
facet normal -0.706101 -0.706101 0.0533259
  outer loop
    vertex -17.56380059657097 225.4869727470599 6.5
    vertex -18.95756057169055 226.8807327221795 6.5
    vertex -18.29174496121075 226.1053521038379 5.04922332099571
  endloop
endfacet
facet normal 0.307292 0.94977 0.0592289
  outer loop
    vertex -12.87521637737493 236.8062163573715 4.794762710666711
    vertex -11.00519417201577 236.1994526015602 4.822520088345627
    vertex -11.9139464425662 236.5754358642816 3.508199476566057
  endloop
endfacet
facet normal 0.156175 -0.986049 0.0575885
  outer loop
    vertex -11.91394644256622 224.5921237589626 6.5
    vertex -13.86075350712839 224.2837798116221 6.5
    vertex -12.95420090847209 224.3493462057627 5.164159726056482
  endloop
endfacet
facet normal -0.310308 -0.948912 -0.0572228
  outer loop
    vertex -16.7500953545071 224.9854136491613 2.180381117525109
    vertex -14.84629063688196 224.3613432658727 2.205237289333332
    vertex -15.86175888544025 224.6100056716025 3.588410308375409
  endloop
endfacet
facet normal -0.949979 -0.306815 -0.0583567
  outer loop
    vertex -20.08318167223517 229.5981897700298 2.194831253968511
    vertex -19.48079205480991 227.7368223615407 2.174909562372109
    vertex -19.85240955978788 228.63697274706 3.491800523433992
  endloop
endfacet
facet normal 0.80822 0.585881 0.0593598
  outer loop
    vertex -9.401899506414548 235.0344675113285 4.815108237855425
    vertex -8.247412404741649 233.4439199599812 4.794762710666731
    vertex -8.76394644256618 234.2868269010646 3.508199476566055
  endloop
endfacet
facet normal 0.940595 -0.338423 0.0274142
  outer loop
    vertex -8.247412404741693 227.7236396632629 2.205237289333279
    vertex -7.869097454468917 228.6369727470599 0.5
    vertex -7.724856769024827 229.1552241706581 1.948755233266989
  endloop
endfacet
facet normal 0.940595 0.338423 -0.0274142
  outer loop
    vertex -8.247412404741649 233.4439199599812 4.794762710666731
    vertex -7.869097454468917 232.5305868761843 6.5
    vertex -7.724856769024807 232.012335452586 5.051244766733069
  endloop
endfacet
facet normal 0.93683 0.348377 0.0313497
  outer loop
    vertex -7.869097454468918 232.5305868761843 0.5
    vertex -8.292146964094744 233.5300692014959 2.035218873443856
    vertex -7.724856769024811 232.0123354525861 1.948755233266952
  endloop
endfacet
facet normal 0.940595 -0.338423 -0.0274142
  outer loop
    vertex -7.869097454468918 228.6369727470599 6.5
    vertex -8.247412404741663 227.723639663263 4.794762710666715
    vertex -7.724856769024814 229.1552241706581 5.051244766733052
  endloop
endfacet
facet normal 0.937483 0.346999 0.0267883
  outer loop
    vertex -7.849281260743764 232.4685082883389 3.496630315397595
    vertex -8.247412404741649 233.4439199599812 4.794762710666731
    vertex -7.724856769024807 232.012335452586 5.051244766733069
  endloop
endfacet
facet normal 0.937768 -0.346479 -0.0233075
  outer loop
    vertex -7.822661686674504 228.7861571683046 3.500000000000001
    vertex -8.247412404741693 227.7236396632629 2.205237289333279
    vertex -7.724856769024827 229.1552241706581 1.948755233266989
  endloop
endfacet
facet normal 0.935799 0.351392 -0.0283351
  outer loop
    vertex -8.292146964094744 233.5300692014959 2.035218873443856
    vertex -7.849281260743764 232.4685082883389 3.496630315397595
    vertex -7.724856769024811 232.0123354525861 1.948755233266952
  endloop
endfacet
facet normal 0.937768 -0.346479 0.0233075
  outer loop
    vertex -8.247412404741663 227.723639663263 4.794762710666715
    vertex -7.822661686674504 228.7861571683046 3.500000000000001
    vertex -7.724856769024814 229.1552241706581 5.051244766733052
  endloop
endfacet
facet normal 0.990694 0.129714 -0.0412287
  outer loop
    vertex -7.560753507128385 230.5837798116221 4.5
    vertex -7.849281260743764 232.4685082883389 3.496630315397595
    vertex -7.724856769024807 232.012335452586 5.051244766733069
  endloop
endfacet
facet normal 0.990679 0.129774 0.0413893
  outer loop
    vertex -7.849281260743764 232.4685082883389 3.496630315397595
    vertex -7.560753507128385 230.5837798116221 2.5
    vertex -7.724856769024811 232.0123354525861 1.948755233266952
  endloop
endfacet
facet normal 0.991448 -0.126407 0.0324357
  outer loop
    vertex -7.560753507128385 230.5837798116221 2.5
    vertex -7.822661686674504 228.7861571683046 3.500000000000001
    vertex -7.724856769024827 229.1552241706581 1.948755233266989
  endloop
endfacet
facet normal 0.991448 -0.126407 -0.0324357
  outer loop
    vertex -7.822661686674504 228.7861571683046 3.500000000000001
    vertex -7.560753507128385 230.5837798116221 4.5
    vertex -7.724856769024814 229.1552241706581 5.051244766733052
  endloop
endfacet
facet normal -0.709984 -0.702453 -0.049823
  outer loop
    vertex -18.94212850253592 226.8595848441094 3.683366266594081
    vertex -17.62263743195098 225.5302434917604 3.622794644550571
    vertex -18.29174496121075 226.1053521038379 5.04922332099571
  endloop
endfacet
facet normal 0.265166 0.963881 -0.0249058
  outer loop
    vertex -11.4932836881585 236.422023268028 2.049667428114147
    vertex -12.87521637737494 236.8062163573715 2.205237289333291
    vertex -11.9139464425662 236.5754358642816 3.508199476566057
  endloop
endfacet
facet normal 0.147389 -0.988105 -0.043872
  outer loop
    vertex -13.83343594824616 224.2838390380134 3.685733245076491
    vertex -12.03818707253735 224.5531702577294 3.650912571751595
    vertex -12.95420090847209 224.3493462057627 5.164159726056482
  endloop
endfacet
facet normal -0.95062 -0.305128 0.0567367
  outer loop
    vertex -19.46006569974488 227.6962717216566 5.006442915626812
    vertex -20.08319005287775 229.5982426818686 4.794762710666714
    vertex -19.85240955978788 228.63697274706 3.491800523433992
  endloop
endfacet
facet normal -0.31299 -0.948547 0.047906
  outer loop
    vertex -14.91304326763229 224.3722835136325 5.079835867155172
    vertex -16.69433366559614 224.9569846771305 5.019088819353419
    vertex -15.86175888544025 224.6100056716025 3.588410308375409
  endloop
endfacet
facet normal 0.829814 0.557656 -0.0207097
  outer loop
    vertex -8.292146964094744 233.5300692014959 2.035218873443856
    vertex -9.031147303928979 234.6291356577768 2.019224311542077
    vertex -8.76394644256618 234.2868269010646 3.508199476566055
  endloop
endfacet
facet normal 0 0 1
  outer loop
    vertex 40.51382035060694 224.5835548853438 6.5
    vertex 38.63793947904969 225.5405585447825 6.5
    vertex 38.73369703079184 223.6094631845794 6.5
  endloop
endfacet
facet normal 0 0 1
  outer loop
    vertex 39.29662163003438 227.4854835400368 6.5
    vertex 37.61155957827573 227.6241699303752 6.5
    vertex 38.63793947904969 225.5405585447825 6.5
  endloop
endfacet
facet normal 0 0 1
  outer loop
    vertex 38.63793947904969 225.5405585447825 6.5
    vertex 37.61155957827573 227.6241699303752 6.5
    vertex 36.88901377013197 225.7523917641047 6.5
  endloop
endfacet
facet normal -0 0 1
  outer loop
    vertex 38.73369703079184 223.6094631845794 6.5
    vertex 40.00799534080123 222.9942121403271 6.5
    vertex 40.51382035060694 224.5835548853438 6.5
  endloop
endfacet
facet normal 0 0 1
  outer loop
    vertex 40.25333361005488 226.2652687061061 6.5
    vertex 38.63793947904969 225.5405585447825 6.5
    vertex 40.51382035060694 224.5835548853438 6.5
  endloop
endfacet
facet normal 0 0 1
  outer loop
    vertex 38.13094127470251 231.1142842518365 6.5
    vertex 38.66441063989452 229.1354237911146 6.5
    vertex 39.67882055699792 230.5563546239891 6.5
  endloop
endfacet
facet normal 0 0 1
  outer loop
    vertex 39.29662163003438 227.4854835400368 6.5
    vertex 38.63793947904969 225.5405585447825 6.5
    vertex 40.25333361005488 226.2652687061061 6.5
  endloop
endfacet
facet normal -0 0 1
  outer loop
    vertex 37.27721881621672 229.6188296512484 6.5
    vertex 38.66441063989452 229.1354237911146 6.5
    vertex 38.13094127470251 231.1142842518365 6.5
  endloop
endfacet
facet normal 0 0 1
  outer loop
    vertex 39.67882055699792 230.5563546239891 6.5
    vertex 38.66441063989452 229.1354237911146 6.5
    vertex 40.18652831320851 229.0487140758517 6.5
  endloop
endfacet
facet normal -0 0 1
  outer loop
    vertex 42.74054515677437 227.7164651566752 6.5
    vertex 43.6125219197605 226.2023540700739 6.5
    vertex 44.50598674228377 227.783511855671 6.5
  endloop
endfacet
facet normal 0 0 1
  outer loop
    vertex 41.86225292016322 226.1212997376526 6.5
    vertex 43.6125219197605 226.2023540700739 6.5
    vertex 42.74054515677437 227.7164651566752 6.5
  endloop
endfacet
facet normal 0 0 1
  outer loop
    vertex 46.56131595004314 230.8506796196072 6.5
    vertex 45.49915456771232 229.2738832383922 6.5
    vertex 47.39578098160531 229.1424226889824 6.5
  endloop
endfacet
facet normal 0 0 1
  outer loop
    vertex 42.33623906399867 221.65 6.5
    vertex 41.3826439681075 223.301675155932 6.5
    vertex 40.42904887221633 221.65 6.5
  endloop
endfacet
facet normal 0 0 1
  outer loop
    vertex 43.59649904635677 233.1612193304165 6.5
    vertex 43.64208309750549 231.2935905319178 6.5
    vertex 45.25524161344818 232.232216248588 6.5
  endloop
endfacet
facet normal 0 -0 1
  outer loop
    vertex 38.52185868043399 221.65 6.5
    vertex 38.73369703079184 223.6094631845794 6.5
    vertex 36.97765232067862 222.7590087233285 6.5
  endloop
endfacet
facet normal -0 0 1
  outer loop
    vertex 35.6179521036446 229.8043363476379 6.5
    vertex 37.27721881621672 229.6188296512484 6.5
    vertex 36.6385659704853 231.4083378952495 6.5
  endloop
endfacet
facet normal 0 -0 1
  outer loop
    vertex 35.83459804330379 224.2781863129812 6.5
    vertex 36.88901377013197 225.7523917641047 6.5
    vertex 35.19679107489422 226.0691848894675 6.5
  endloop
endfacet
facet normal -0 0 1
  outer loop
    vertex 39.84360032451961 233.3721321352529 6.5
    vertex 40.88786562944488 231.8688557103402 6.5
    vertex 41.73614597785912 233.5530867703232 6.5
  endloop
endfacet
facet normal -0 0 1
  outer loop
    vertex 40.8693836335587 227.6137674784401 6.5
    vertex 41.86225292016322 226.1212997376526 6.5
    vertex 42.74054515677437 227.7164651566752 6.5
  endloop
endfacet
facet normal 0 0 1
  outer loop
    vertex 40.8693836335587 227.6137674784401 6.5
    vertex 40.25333361005488 226.2652687061061 6.5
    vertex 41.86225292016322 226.1212997376526 6.5
  endloop
endfacet
facet normal 0 0 1
  outer loop
    vertex 40.8693836335587 227.6137674784401 6.5
    vertex 39.29662163003438 227.4854835400368 6.5
    vertex 40.25333361005488 226.2652687061061 6.5
  endloop
endfacet
facet normal 0 0 1
  outer loop
    vertex 40.8693836335587 227.6137674784401 6.5
    vertex 40.18652831320851 229.0487140758517 6.5
    vertex 39.29662163003438 227.4854835400368 6.5
  endloop
endfacet
facet normal 0 0 1
  outer loop
    vertex 41.72237925123211 229.1876032974551 6.5
    vertex 40.18652831320851 229.0487140758517 6.5
    vertex 40.8693836335587 227.6137674784401 6.5
  endloop
endfacet
facet normal 0 0 1
  outer loop
    vertex 41.72237925123211 229.1876032974551 6.5
    vertex 40.8693836335587 227.6137674784401 6.5
    vertex 42.74054515677437 227.7164651566752 6.5
  endloop
endfacet
facet normal 0 0 1
  outer loop
    vertex 44.24342925578101 221.65 6.5
    vertex 42.91705519645802 222.9388275422624 6.5
    vertex 42.33623906399867 221.65 6.5
  endloop
endfacet
facet normal 0 0 1
  outer loop
    vertex 43.63885369419194 229.533274762377 6.5
    vertex 41.72237925123211 229.1876032974551 6.5
    vertex 42.74054515677437 227.7164651566752 6.5
  endloop
endfacet
facet normal 0 0 1
  outer loop
    vertex 43.63885369419194 229.533274762377 6.5
    vertex 42.74054515677437 227.7164651566752 6.5
    vertex 44.50598674228377 227.783511855671 6.5
  endloop
endfacet
facet normal 0 0 1
  outer loop
    vertex 47.4461610912758 225.5531117305047 6.5
    vertex 45.89693821564553 225.2355385328948 6.5
    vertex 46.75446615952184 223.971580077497 6.5
  endloop
endfacet
facet normal 0 0 1
  outer loop
    vertex 44.17876038082127 223.4416719478776 6.5
    vertex 42.91705519645802 222.9388275422624 6.5
    vertex 44.24342925578101 221.65 6.5
  endloop
endfacet
facet normal 0 0 1
  outer loop
    vertex 45.65948742914755 222.6371491770352 6.5
    vertex 44.17876038082127 223.4416719478776 6.5
    vertex 44.24342925578101 221.65 6.5
  endloop
endfacet
facet normal 0 0 1
  outer loop
    vertex 43.64208309750549 231.2935905319178 6.5
    vertex 42.20946960950366 230.7290915949421 6.5
    vertex 43.63885369419194 229.533274762377 6.5
  endloop
endfacet
facet normal 0 0 1
  outer loop
    vertex 43.63885369419194 229.533274762377 6.5
    vertex 44.95534714910941 230.662147026514 6.5
    vertex 43.64208309750549 231.2935905319178 6.5
  endloop
endfacet
facet normal 0 0 1
  outer loop
    vertex 42.78166887713838 224.5503792838958 6.5
    vertex 40.51382035060694 224.5835548853438 6.5
    vertex 41.3826439681075 223.301675155932 6.5
  endloop
endfacet
facet normal 0 0 1
  outer loop
    vertex 45.49915456771232 229.2738832383922 6.5
    vertex 43.63885369419194 229.533274762377 6.5
    vertex 44.50598674228377 227.783511855671 6.5
  endloop
endfacet
facet normal 0 0 1
  outer loop
    vertex 43.63885369419194 229.533274762377 6.5
    vertex 42.20946960950366 230.7290915949421 6.5
    vertex 41.72237925123211 229.1876032974551 6.5
  endloop
endfacet
facet normal 0 0 1
  outer loop
    vertex 45.49915456771232 229.2738832383922 6.5
    vertex 44.95534714910941 230.662147026514 6.5
    vertex 43.63885369419194 229.533274762377 6.5
  endloop
endfacet
facet normal -0 0 1
  outer loop
    vertex 41.86225292016322 226.1212997376526 6.5
    vertex 42.78166887713838 224.5503792838958 6.5
    vertex 43.6125219197605 226.2023540700739 6.5
  endloop
endfacet
facet normal 0 0 1
  outer loop
    vertex 45.89693821564553 225.2355385328948 6.5
    vertex 45.159827476168 226.4943348371474 6.5
    vertex 44.35792485838805 224.8902773585579 6.5
  endloop
endfacet
facet normal 0 0 1
  outer loop
    vertex 38.52185868043399 221.65 6.5
    vertex 40.00799534080123 222.9942121403271 6.5
    vertex 38.73369703079184 223.6094631845794 6.5
  endloop
endfacet
facet normal 0 0 1
  outer loop
    vertex 40.42904887221633 221.65 6.5
    vertex 40.00799534080123 222.9942121403271 6.5
    vertex 38.52185868043399 221.65 6.5
  endloop
endfacet
facet normal 0 -0 1
  outer loop
    vertex 44.35792485838805 224.8902773585579 6.5
    vertex 45.159827476168 226.4943348371474 6.5
    vertex 43.6125219197605 226.2023540700739 6.5
  endloop
endfacet
facet normal -0 0 1
  outer loop
    vertex 44.50598674228377 227.783511855671 6.5
    vertex 45.159827476168 226.4943348371474 6.5
    vertex 46.20227469473038 227.8311182587466 6.5
  endloop
endfacet
facet normal 0 0 1
  outer loop
    vertex 47.39578098160531 229.1424226889824 6.5
    vertex 46.20227469473038 227.8311182587466 6.5
    vertex 47.6826439681075 227.2630123407873 6.5
  endloop
endfacet
facet normal 0 0 1
  outer loop
    vertex 41.86225292016322 226.1212997376526 6.5
    vertex 40.51382035060694 224.5835548853438 6.5
    vertex 42.78166887713838 224.5503792838958 6.5
  endloop
endfacet
facet normal 0 0 1
  outer loop
    vertex 40.51382035060694 224.5835548853438 6.5
    vertex 40.00799534080123 222.9942121403271 6.5
    vertex 41.3826439681075 223.301675155932 6.5
  endloop
endfacet
facet normal 0 -0 1
  outer loop
    vertex 37.61155957827573 227.6241699303752 6.5
    vertex 38.66441063989452 229.1354237911146 6.5
    vertex 37.27721881621672 229.6188296512484 6.5
  endloop
endfacet
facet normal -0 0 1
  outer loop
    vertex 36.42807589370646 228.4716099574752 6.5
    vertex 37.61155957827573 227.6241699303752 6.5
    vertex 37.27721881621672 229.6188296512484 6.5
  endloop
endfacet
facet normal 0 -0 1
  outer loop
    vertex 36.88901377013197 225.7523917641047 6.5
    vertex 37.61155957827573 227.6241699303752 6.5
    vertex 36.24722244750444 227.1903253893079 6.5
  endloop
endfacet
facet normal 0 0 1
  outer loop
    vertex 46.20227469473038 227.8311182587466 6.5
    vertex 45.159827476168 226.4943348371474 6.5
    vertex 46.46796075810042 226.5404532385687 6.5
  endloop
endfacet
facet normal -0 0 1
  outer loop
    vertex 41.3826439681075 223.301675155932 6.5
    vertex 42.91705519645802 222.9388275422624 6.5
    vertex 42.78166887713838 224.5503792838958 6.5
  endloop
endfacet
facet normal 0 0 1
  outer loop
    vertex 45.49915456771232 229.2738832383922 6.5
    vertex 44.50598674228377 227.783511855671 6.5
    vertex 46.20227469473038 227.8311182587466 6.5
  endloop
endfacet
facet normal 0 0 1
  outer loop
    vertex 45.49915456771232 229.2738832383922 6.5
    vertex 46.20227469473038 227.8311182587466 6.5
    vertex 47.39578098160531 229.1424226889824 6.5
  endloop
endfacet
facet normal 0 0 1
  outer loop
    vertex 46.56131595004314 230.8506796196072 6.5
    vertex 44.95534714910941 230.662147026514 6.5
    vertex 45.49915456771232 229.2738832383922 6.5
  endloop
endfacet
facet normal 0 0 1
  outer loop
    vertex 40.25333361005488 226.2652687061061 6.5
    vertex 40.51382035060694 224.5835548853438 6.5
    vertex 41.86225292016322 226.1212997376526 6.5
  endloop
endfacet
facet normal -0 0 1
  outer loop
    vertex 43.64208309750549 231.2935905319178 6.5
    vertex 44.95534714910941 230.662147026514 6.5
    vertex 45.25524161344818 232.232216248588 6.5
  endloop
endfacet
facet normal 0 0 1
  outer loop
    vertex 45.25524161344818 232.232216248588 6.5
    vertex 44.95534714910941 230.662147026514 6.5
    vertex 46.56131595004314 230.8506796196072 6.5
  endloop
endfacet
facet normal 0 0 1
  outer loop
    vertex 43.6125219197605 226.2023540700739 6.5
    vertex 45.159827476168 226.4943348371474 6.5
    vertex 44.50598674228377 227.783511855671 6.5
  endloop
endfacet
facet normal 0 0 1
  outer loop
    vertex 43.59649904635677 233.1612193304165 6.5
    vertex 42.42059420171655 232.1748179271557 6.5
    vertex 43.64208309750549 231.2935905319178 6.5
  endloop
endfacet
facet normal 0 0 1
  outer loop
    vertex 38.73369703079184 223.6094631845794 6.5
    vertex 37.3549819988831 224.2325330386311 6.5
    vertex 36.97765232067862 222.7590087233285 6.5
  endloop
endfacet
facet normal 0 0 1
  outer loop
    vertex 41.73614597785912 233.5530867703232 6.5
    vertex 42.42059420171655 232.1748179271557 6.5
    vertex 43.59649904635677 233.1612193304165 6.5
  endloop
endfacet
facet normal 0 0 1
  outer loop
    vertex 40.88786562944488 231.8688557103402 6.5
    vertex 42.42059420171655 232.1748179271557 6.5
    vertex 41.73614597785912 233.5530867703232 6.5
  endloop
endfacet
facet normal 0 -0 1
  outer loop
    vertex 36.97765232067862 222.7590087233285 6.5
    vertex 37.3549819988831 224.2325330386311 6.5
    vertex 35.83459804330379 224.2781863129812 6.5
  endloop
endfacet
facet normal -0 0 1
  outer loop
    vertex 36.6385659704853 231.4083378952495 6.5
    vertex 38.13094127470251 231.1142842518365 6.5
    vertex 38.09121170481718 232.6348345322017 6.5
  endloop
endfacet
facet normal 0 0 1
  outer loop
    vertex 35.12231497474193 227.9689024843836 6.5
    vertex 36.42807589370646 228.4716099574752 6.5
    vertex 35.6179521036446 229.8043363476379 6.5
  endloop
endfacet
facet normal -0 0 1
  outer loop
    vertex 35.83459804330379 224.2781863129812 6.5
    vertex 37.3549819988831 224.2325330386311 6.5
    vertex 36.88901377013197 225.7523917641047 6.5
  endloop
endfacet
facet normal 0 -0 1
  outer loop
    vertex 37.27721881621672 229.6188296512484 6.5
    vertex 38.13094127470251 231.1142842518365 6.5
    vertex 36.6385659704853 231.4083378952495 6.5
  endloop
endfacet
facet normal 0 0 1
  outer loop
    vertex 35.6179521036446 229.8043363476379 6.5
    vertex 36.42807589370646 228.4716099574752 6.5
    vertex 37.27721881621672 229.6188296512484 6.5
  endloop
endfacet
facet normal 0 -0 1
  outer loop
    vertex 35.19679107489422 226.0691848894675 6.5
    vertex 36.24722244750444 227.1903253893079 6.5
    vertex 35.12231497474193 227.9689024843836 6.5
  endloop
endfacet
facet normal 0 0 1
  outer loop
    vertex 36.88901377013197 225.7523917641047 6.5
    vertex 36.24722244750444 227.1903253893079 6.5
    vertex 35.19679107489422 226.0691848894675 6.5
  endloop
endfacet
facet normal 0 0 1
  outer loop
    vertex 46.75446615952184 223.971580077497 6.5
    vertex 45.34910343169729 224.008299979121 6.5
    vertex 45.65948742914755 222.6371491770352 6.5
  endloop
endfacet
facet normal 0 0 1
  outer loop
    vertex 47.6826439681075 227.2630123407873 6.5
    vertex 46.46796075810042 226.5404532385687 6.5
    vertex 47.4461610912758 225.5531117305047 6.5
  endloop
endfacet
facet normal 0 0 1
  outer loop
    vertex 39.84360032451961 233.3721321352529 6.5
    vertex 39.32648789809642 231.9092922507241 6.5
    vertex 40.88786562944488 231.8688557103402 6.5
  endloop
endfacet
facet normal 0 -0 1
  outer loop
    vertex 42.33623906399867 221.65 6.5
    vertex 42.91705519645802 222.9388275422624 6.5
    vertex 41.3826439681075 223.301675155932 6.5
  endloop
endfacet
facet normal 0 0 1
  outer loop
    vertex 45.89693821564553 225.2355385328948 6.5
    vertex 45.34910343169729 224.008299979121 6.5
    vertex 46.75446615952184 223.971580077497 6.5
  endloop
endfacet
facet normal 0 0 1
  outer loop
    vertex 47.4461610912758 225.5531117305047 6.5
    vertex 46.46796075810042 226.5404532385687 6.5
    vertex 45.89693821564553 225.2355385328948 6.5
  endloop
endfacet
facet normal 0 0 1
  outer loop
    vertex 45.65948742914755 222.6371491770352 6.5
    vertex 45.34910343169729 224.008299979121 6.5
    vertex 44.17876038082127 223.4416719478776 6.5
  endloop
endfacet
facet normal 0 0 1
  outer loop
    vertex 41.3826439681075 223.301675155932 6.5
    vertex 40.00799534080123 222.9942121403271 6.5
    vertex 40.42904887221633 221.65 6.5
  endloop
endfacet
facet normal 0 0 1
  outer loop
    vertex 42.78166887713838 224.5503792838958 6.5
    vertex 42.91705519645802 222.9388275422624 6.5
    vertex 44.17876038082127 223.4416719478776 6.5
  endloop
endfacet
facet normal 0 0 1
  outer loop
    vertex 41.72237925123211 229.1876032974551 6.5
    vertex 40.94504178293094 230.3164073404067 6.5
    vertex 40.18652831320851 229.0487140758517 6.5
  endloop
endfacet
facet normal -0 0 1
  outer loop
    vertex 38.09121170481718 232.6348345322017 6.5
    vertex 39.32648789809642 231.9092922507241 6.5
    vertex 39.84360032451961 233.3721321352529 6.5
  endloop
endfacet
facet normal 0 0 1
  outer loop
    vertex 40.18652831320851 229.0487140758517 6.5
    vertex 38.66441063989452 229.1354237911146 6.5
    vertex 39.29662163003438 227.4854835400368 6.5
  endloop
endfacet
facet normal 0 -0 1
  outer loop
    vertex 44.17876038082127 223.4416719478776 6.5
    vertex 44.35792485838805 224.8902773585579 6.5
    vertex 42.78166887713838 224.5503792838958 6.5
  endloop
endfacet
facet normal 0 0 1
  outer loop
    vertex 38.73369703079184 223.6094631845794 6.5
    vertex 38.63793947904969 225.5405585447825 6.5
    vertex 37.3549819988831 224.2325330386311 6.5
  endloop
endfacet
facet normal 0 0 1
  outer loop
    vertex 42.78166887713838 224.5503792838958 6.5
    vertex 44.35792485838805 224.8902773585579 6.5
    vertex 43.6125219197605 226.2023540700739 6.5
  endloop
endfacet
facet normal -0 0 1
  outer loop
    vertex 40.88786562944488 231.8688557103402 6.5
    vertex 42.20946960950366 230.7290915949421 6.5
    vertex 42.42059420171655 232.1748179271557 6.5
  endloop
endfacet
facet normal 0 0 1
  outer loop
    vertex 46.20227469473038 227.8311182587466 6.5
    vertex 46.46796075810042 226.5404532385687 6.5
    vertex 47.6826439681075 227.2630123407873 6.5
  endloop
endfacet
facet normal 0 0 1
  outer loop
    vertex 45.89693821564553 225.2355385328948 6.5
    vertex 44.35792485838805 224.8902773585579 6.5
    vertex 45.34910343169729 224.008299979121 6.5
  endloop
endfacet
facet normal 0 -0 1
  outer loop
    vertex 37.3549819988831 224.2325330386311 6.5
    vertex 38.63793947904969 225.5405585447825 6.5
    vertex 36.88901377013197 225.7523917641047 6.5
  endloop
endfacet
facet normal 0 0 1
  outer loop
    vertex 40.88786562944488 231.8688557103402 6.5
    vertex 40.94504178293094 230.3164073404067 6.5
    vertex 42.20946960950366 230.7290915949421 6.5
  endloop
endfacet
facet normal 0 0 1
  outer loop
    vertex 40.88786562944488 231.8688557103402 6.5
    vertex 39.32648789809642 231.9092922507241 6.5
    vertex 39.67882055699792 230.5563546239891 6.5
  endloop
endfacet
facet normal -0 0 1
  outer loop
    vertex 35.12231497474193 227.9689024843836 6.5
    vertex 36.24722244750444 227.1903253893079 6.5
    vertex 36.42807589370646 228.4716099574752 6.5
  endloop
endfacet
facet normal 0 0 1
  outer loop
    vertex 39.67882055699792 230.5563546239891 6.5
    vertex 39.32648789809642 231.9092922507241 6.5
    vertex 38.13094127470251 231.1142842518365 6.5
  endloop
endfacet
facet normal 0 0 1
  outer loop
    vertex 42.42059420171655 232.1748179271557 6.5
    vertex 42.20946960950366 230.7290915949421 6.5
    vertex 43.64208309750549 231.2935905319178 6.5
  endloop
endfacet
facet normal 0 -0 1
  outer loop
    vertex 40.18652831320851 229.0487140758517 6.5
    vertex 40.94504178293094 230.3164073404067 6.5
    vertex 39.67882055699792 230.5563546239891 6.5
  endloop
endfacet
facet normal -0 0 1
  outer loop
    vertex 39.67882055699792 230.5563546239891 6.5
    vertex 40.94504178293094 230.3164073404067 6.5
    vertex 40.88786562944488 231.8688557103402 6.5
  endloop
endfacet
facet normal 0 -0 1
  outer loop
    vertex 38.13094127470251 231.1142842518365 6.5
    vertex 39.32648789809642 231.9092922507241 6.5
    vertex 38.09121170481718 232.6348345322017 6.5
  endloop
endfacet
facet normal 0 0 1
  outer loop
    vertex 45.34910343169729 224.008299979121 6.5
    vertex 44.35792485838805 224.8902773585579 6.5
    vertex 44.17876038082127 223.4416719478776 6.5
  endloop
endfacet
facet normal 0 0 1
  outer loop
    vertex 36.24722244750444 227.1903253893079 6.5
    vertex 37.61155957827573 227.6241699303752 6.5
    vertex 36.42807589370646 228.4716099574752 6.5
  endloop
endfacet
facet normal 0 0 1
  outer loop
    vertex 39.29662163003438 227.4854835400368 6.5
    vertex 38.66441063989452 229.1354237911146 6.5
    vertex 37.61155957827573 227.6241699303752 6.5
  endloop
endfacet
facet normal 0 0 1
  outer loop
    vertex 46.46796075810042 226.5404532385687 6.5
    vertex 45.159827476168 226.4943348371474 6.5
    vertex 45.89693821564553 225.2355385328948 6.5
  endloop
endfacet
facet normal 0 0 1
  outer loop
    vertex 42.20946960950366 230.7290915949421 6.5
    vertex 40.94504178293094 230.3164073404067 6.5
    vertex 41.72237925123211 229.1876032974551 6.5
  endloop
endfacet
facet normal 0 0 1
  outer loop
    vertex 25.76697261508318 231.5009861159286 6.5
    vertex 24.31602035270719 232.7441130172215 6.5
    vertex 23.64827479436318 231.3865842741327 6.5
  endloop
endfacet
facet normal 0 0 1
  outer loop
    vertex 25.75669989834047 225.5999166397708 6.5
    vertex 27.90480532451589 226.2418024383018 6.5
    vertex 26.28320739531168 227.6039426569465 6.5
  endloop
endfacet
facet normal -0 0 1
  outer loop
    vertex 23.64827479436318 231.3865842741327 6.5
    vertex 24.60118185191837 230.1028557606146 6.5
    vertex 25.76697261508318 231.5009861159286 6.5
  endloop
endfacet
facet normal 0 0 1
  outer loop
    vertex 25.62159275552523 233.3599022352948 6.5
    vertex 25.76697261508318 231.5009861159286 6.5
    vertex 27.82462636036415 232.6680488654687 6.5
  endloop
endfacet
facet normal 0 0 1
  outer loop
    vertex 27.82462636036415 232.6680488654687 6.5
    vertex 27.05942053611183 234.2546478771395 6.5
    vertex 25.62159275552523 233.3599022352948 6.5
  endloop
endfacet
facet normal -0 0 1
  outer loop
    vertex 29.92497834727649 231.3613790903763 6.5
    vertex 31.22648613085849 229.3477944519654 6.5
    vertex 31.76068824150662 231.371252357991 6.5
  endloop
endfacet
facet normal 0 0 1
  outer loop
    vertex 25.62159275552523 233.3599022352948 6.5
    vertex 24.31602035270719 232.7441130172215 6.5
    vertex 25.76697261508318 231.5009861159286 6.5
  endloop
endfacet
facet normal 0 0 1
  outer loop
    vertex 31.81135584642809 227.3417354191442 6.5
    vertex 31.22648613085849 229.3477944519654 6.5
    vertex 29.87954552003318 227.4250720296097 6.5
  endloop
endfacet
facet normal -0 0 1
  outer loop
    vertex 25.75669989834047 225.5999166397708 6.5
    vertex 27.14816235839973 224.5208349141954 6.5
    vertex 27.90480532451589 226.2418024383018 6.5
  endloop
endfacet
facet normal -0 0 1
  outer loop
    vertex 29.35446721451286 229.4358122532567 6.5
    vertex 31.22648613085849 229.3477944519654 6.5
    vertex 29.92497834727649 231.3613790903763 6.5
  endloop
endfacet
facet normal 0 -0 1
  outer loop
    vertex 29.87954552003318 227.4250720296097 6.5
    vertex 31.22648613085849 229.3477944519654 6.5
    vertex 29.35446721451286 229.4358122532567 6.5
  endloop
endfacet
facet normal 0 -0 1
  outer loop
    vertex 29.72152299704386 225.313336071452 6.5
    vertex 29.87954552003318 227.4250720296097 6.5
    vertex 27.90480532451589 226.2418024383018 6.5
  endloop
endfacet
facet normal 0 0 1
  outer loop
    vertex 29.72152299704386 225.313336071452 6.5
    vertex 31.11107885401579 225.9907055345896 6.5
    vertex 29.87954552003318 227.4250720296097 6.5
  endloop
endfacet
facet normal 0 0 1
  outer loop
    vertex 27.90480532451589 226.2418024383018 6.5
    vertex 28.5451840129123 224.4373211453428 6.5
    vertex 29.72152299704386 225.313336071452 6.5
  endloop
endfacet
facet normal 0 0 1
  outer loop
    vertex 29.87954552003318 227.4250720296097 6.5
    vertex 31.11107885401579 225.9907055345896 6.5
    vertex 31.81135584642809 227.3417354191442 6.5
  endloop
endfacet
facet normal 0 0 1
  outer loop
    vertex 26.28320739531168 227.6039426569465 6.5
    vertex 24.91547305953899 226.9340083012033 6.5
    vertex 25.75669989834047 225.5999166397708 6.5
  endloop
endfacet
facet normal 0 0 1
  outer loop
    vertex 27.67155787628455 223.0366191533734 6.5
    vertex 27.14816235839973 224.5208349141954 6.5
    vertex 25.72475081172238 223.3449631007139 6.5
  endloop
endfacet
facet normal 0 0 1
  outer loop
    vertex 25.72475081172238 223.3449631007139 6.5
    vertex 27.14816235839973 224.5208349141954 6.5
    vertex 25.75669989834047 225.5999166397708 6.5
  endloop
endfacet
facet normal -0 0 1
  outer loop
    vertex 27.14816235839973 224.5208349141954 6.5
    vertex 28.5451840129123 224.4373211453428 6.5
    vertex 27.90480532451589 226.2418024383018 6.5
  endloop
endfacet
facet normal 0 0 1
  outer loop
    vertex 27.82462636036415 232.6680488654687 6.5
    vertex 25.76697261508318 231.5009861159286 6.5
    vertex 28.00120901082335 230.5041452431839 6.5
  endloop
endfacet
facet normal -0 0 1
  outer loop
    vertex 27.89843349875392 228.508931680285 6.5
    vertex 29.87954552003318 227.4250720296097 6.5
    vertex 29.35446721451286 229.4358122532567 6.5
  endloop
endfacet
facet normal 0 0 1
  outer loop
    vertex 21.67990182362508 231.2834262179356 6.5
    vertex 23.64827479436318 231.3865842741327 6.5
    vertex 22.57475081172238 233.039666242816 6.5
  endloop
endfacet
facet normal 0 0 1
  outer loop
    vertex 33.66321392894402 227.3898120888112 6.5
    vertex 31.81135584642809 227.3417354191442 6.5
    vertex 32.76836494084672 225.6335720639308 6.5
  endloop
endfacet
facet normal 0 0 1
  outer loop
    vertex 31.37460496572713 224.2398120888112 6.5
    vertex 29.72152299704386 225.313336071452 6.5
    vertex 29.61836494084672 223.3449631007139 6.5
  endloop
endfacet
facet normal -0 0 1
  outer loop
    vertex 23.96851078684197 234.4334262179356 6.5
    vertex 25.62159275552523 233.3599022352948 6.5
    vertex 25.72475081172238 235.3282752060329 6.5
  endloop
endfacet
facet normal 0 -0 1
  outer loop
    vertex 25.72475081172238 223.3449631007139 6.5
    vertex 25.75669989834047 225.5999166397708 6.5
    vertex 23.96851078684197 224.2398120888112 6.5
  endloop
endfacet
facet normal 0 0 1
  outer loop
    vertex 29.61836494084672 235.3282752060329 6.5
    vertex 29.72152299704387 233.3599022352948 6.5
    vertex 31.37460496572713 234.4334262179356 6.5
  endloop
endfacet
facet normal 0 -0 1
  outer loop
    vertex 22.57475081172238 225.6335720639308 6.5
    vertex 23.5456202718071 227.2112285122697 6.5
    vertex 21.67990182362508 227.3898120888112 6.5
  endloop
endfacet
facet normal 0 0 1
  outer loop
    vertex 32.76836494084672 233.039666242816 6.5
    vertex 31.76068824150662 231.371252357991 6.5
    vertex 33.66321392894402 231.2834262179356 6.5
  endloop
endfacet
facet normal 0 -0 1
  outer loop
    vertex 27.90480532451589 226.2418024383018 6.5
    vertex 29.87954552003318 227.4250720296097 6.5
    vertex 27.89843349875392 228.508931680285 6.5
  endloop
endfacet
facet normal -0 0 1
  outer loop
    vertex 26.28320739531168 227.6039426569465 6.5
    vertex 27.90480532451589 226.2418024383018 6.5
    vertex 27.89843349875392 228.508931680285 6.5
  endloop
endfacet
facet normal 0 0 1
  outer loop
    vertex 28.00120901082335 230.5041452431839 6.5
    vertex 25.76697261508318 231.5009861159286 6.5
    vertex 26.34341954095294 229.485282220219 6.5
  endloop
endfacet
facet normal 0 0 1
  outer loop
    vertex 26.34341954095294 229.485282220219 6.5
    vertex 26.28320739531168 227.6039426569465 6.5
    vertex 27.89843349875392 228.508931680285 6.5
  endloop
endfacet
facet normal 0 0 1
  outer loop
    vertex 28.00120901082335 230.5041452431839 6.5
    vertex 26.34341954095294 229.485282220219 6.5
    vertex 27.89843349875392 228.508931680285 6.5
  endloop
endfacet
facet normal 0 0 1
  outer loop
    vertex 28.00120901082335 230.5041452431839 6.5
    vertex 27.89843349875392 228.508931680285 6.5
    vertex 29.35446721451286 229.4358122532567 6.5
  endloop
endfacet
facet normal -0 0 1
  outer loop
    vertex 28.00120901082335 230.5041452431839 6.5
    vertex 29.35446721451286 229.4358122532567 6.5
    vertex 29.92497834727649 231.3613790903763 6.5
  endloop
endfacet
facet normal 0 0 1
  outer loop
    vertex 27.82462636036415 232.6680488654687 6.5
    vertex 28.00120901082335 230.5041452431839 6.5
    vertex 29.92497834727649 231.3613790903763 6.5
  endloop
endfacet
facet normal 0 -0 1
  outer loop
    vertex 21.67990182362508 227.3898120888112 6.5
    vertex 23.15890101956359 228.8134313036218 6.5
    vertex 21.37155787628455 229.3366191533734 6.5
  endloop
endfacet
facet normal 0 0 1
  outer loop
    vertex 23.5456202718071 227.2112285122697 6.5
    vertex 23.15890101956359 228.8134313036218 6.5
    vertex 21.67990182362508 227.3898120888112 6.5
  endloop
endfacet
facet normal 0 0 1
  outer loop
    vertex 28.45457487666283 234.280393925528 6.5
    vertex 27.05942053611183 234.2546478771395 6.5
    vertex 27.82462636036415 232.6680488654687 6.5
  endloop
endfacet
facet normal 0 0 1
  outer loop
    vertex 24.60118185191837 230.1028557606146 6.5
    vertex 22.76277913469136 230.2842584217106 6.5
    vertex 23.15890101956359 228.8134313036218 6.5
  endloop
endfacet
facet normal -0 0 1
  outer loop
    vertex 27.82462636036415 232.6680488654687 6.5
    vertex 29.92497834727649 231.3613790903763 6.5
    vertex 29.72152299704387 233.3599022352948 6.5
  endloop
endfacet
facet normal 0 0 1
  outer loop
    vertex 31.76068824150662 231.371252357991 6.5
    vertex 31.11003189848017 232.7131252288827 6.5
    vertex 29.92497834727649 231.3613790903763 6.5
  endloop
endfacet
facet normal 0 -0 1
  outer loop
    vertex 29.92497834727649 231.3613790903763 6.5
    vertex 31.11003189848017 232.7131252288827 6.5
    vertex 29.72152299704387 233.3599022352948 6.5
  endloop
endfacet
facet normal 0 0 1
  outer loop
    vertex 24.84152891260647 228.396623690326 6.5
    vertex 24.60118185191837 230.1028557606146 6.5
    vertex 23.15890101956359 228.8134313036218 6.5
  endloop
endfacet
facet normal 0 0 1
  outer loop
    vertex 25.76697261508318 231.5009861159286 6.5
    vertex 24.60118185191837 230.1028557606146 6.5
    vertex 26.34341954095294 229.485282220219 6.5
  endloop
endfacet
facet normal 0 0 1
  outer loop
    vertex 26.34341954095294 229.485282220219 6.5
    vertex 24.84152891260647 228.396623690326 6.5
    vertex 26.28320739531168 227.6039426569465 6.5
  endloop
endfacet
facet normal 0 0 1
  outer loop
    vertex 31.76068824150662 231.371252357991 6.5
    vertex 31.22648613085849 229.3477944519654 6.5
    vertex 32.62914120337745 230.0674013335556 6.5
  endloop
endfacet
facet normal 0 0 1
  outer loop
    vertex 32.65160829609814 228.6541987791783 6.5
    vertex 31.22648613085849 229.3477944519654 6.5
    vertex 31.81135584642809 227.3417354191442 6.5
  endloop
endfacet
facet normal 0 0 1
  outer loop
    vertex 23.64827479436318 231.3865842741327 6.5
    vertex 22.76277913469136 230.2842584217106 6.5
    vertex 24.60118185191837 230.1028557606146 6.5
  endloop
endfacet
facet normal 0 0 1
  outer loop
    vertex 28.45457487666283 234.280393925528 6.5
    vertex 27.82462636036415 232.6680488654687 6.5
    vertex 29.72152299704387 233.3599022352948 6.5
  endloop
endfacet
facet normal 0 0 1
  outer loop
    vertex 24.84152891260647 228.396623690326 6.5
    vertex 23.15890101956359 228.8134313036218 6.5
    vertex 23.5456202718071 227.2112285122697 6.5
  endloop
endfacet
facet normal 0 0 1
  outer loop
    vertex 29.61836494084672 235.3282752060329 6.5
    vertex 28.45457487666283 234.280393925528 6.5
    vertex 29.72152299704387 233.3599022352948 6.5
  endloop
endfacet
facet normal -0 0 1
  outer loop
    vertex 22.57475081172238 233.039666242816 6.5
    vertex 24.31602035270719 232.7441130172215 6.5
    vertex 23.96851078684197 234.4334262179356 6.5
  endloop
endfacet
facet normal 0 0 1
  outer loop
    vertex 23.96851078684197 234.4334262179356 6.5
    vertex 24.31602035270719 232.7441130172215 6.5
    vertex 25.62159275552523 233.3599022352948 6.5
  endloop
endfacet
facet normal 0 0 1
  outer loop
    vertex 32.76836494084672 225.6335720639308 6.5
    vertex 31.11107885401579 225.9907055345896 6.5
    vertex 31.37460496572713 224.2398120888112 6.5
  endloop
endfacet
facet normal 0 0 1
  outer loop
    vertex 33.97155787628455 229.3366191533734 6.5
    vertex 32.65160829609814 228.6541987791783 6.5
    vertex 33.66321392894402 227.3898120888112 6.5
  endloop
endfacet
facet normal 0 0 1
  outer loop
    vertex 25.62159275552523 233.3599022352948 6.5
    vertex 27.05942053611183 234.2546478771395 6.5
    vertex 25.72475081172238 235.3282752060329 6.5
  endloop
endfacet
facet normal 0 0 1
  outer loop
    vertex 31.37460496572713 234.4334262179356 6.5
    vertex 31.11003189848017 232.7131252288827 6.5
    vertex 32.76836494084672 233.039666242816 6.5
  endloop
endfacet
facet normal 0 -0 1
  outer loop
    vertex 23.96851078684197 224.2398120888112 6.5
    vertex 24.15030881962924 225.8583300067037 6.5
    vertex 22.57475081172238 225.6335720639308 6.5
  endloop
endfacet
facet normal 0 0 1
  outer loop
    vertex 31.76068824150662 231.371252357991 6.5
    vertex 32.62914120337745 230.0674013335556 6.5
    vertex 33.66321392894402 231.2834262179356 6.5
  endloop
endfacet
facet normal 0 0 1
  outer loop
    vertex 33.66321392894402 227.3898120888112 6.5
    vertex 32.65160829609814 228.6541987791783 6.5
    vertex 31.81135584642809 227.3417354191442 6.5
  endloop
endfacet
facet normal 0 0 1
  outer loop
    vertex 27.67155787628455 235.6366191533734 6.5
    vertex 28.45457487666283 234.280393925528 6.5
    vertex 29.61836494084672 235.3282752060329 6.5
  endloop
endfacet
facet normal -0 0 1
  outer loop
    vertex 25.72475081172238 235.3282752060329 6.5
    vertex 27.05942053611183 234.2546478771395 6.5
    vertex 27.67155787628455 235.6366191533734 6.5
  endloop
endfacet
facet normal 0 0 1
  outer loop
    vertex 22.57475081172238 225.6335720639308 6.5
    vertex 24.15030881962924 225.8583300067037 6.5
    vertex 23.5456202718071 227.2112285122697 6.5
  endloop
endfacet
facet normal 0 0 1
  outer loop
    vertex 31.37460496572713 224.2398120888112 6.5
    vertex 31.11107885401579 225.9907055345896 6.5
    vertex 29.72152299704386 225.313336071452 6.5
  endloop
endfacet
facet normal 0 0 1
  outer loop
    vertex 32.76836494084672 233.039666242816 6.5
    vertex 31.11003189848017 232.7131252288827 6.5
    vertex 31.76068824150662 231.371252357991 6.5
  endloop
endfacet
facet normal -0 0 1
  outer loop
    vertex 29.72152299704387 233.3599022352948 6.5
    vertex 31.11003189848017 232.7131252288827 6.5
    vertex 31.37460496572713 234.4334262179356 6.5
  endloop
endfacet
facet normal 0 0 1
  outer loop
    vertex 25.75669989834047 225.5999166397708 6.5
    vertex 24.15030881962924 225.8583300067037 6.5
    vertex 23.96851078684197 224.2398120888112 6.5
  endloop
endfacet
facet normal 0 0 1
  outer loop
    vertex 33.66321392894402 231.2834262179356 6.5
    vertex 32.62914120337745 230.0674013335556 6.5
    vertex 33.97155787628455 229.3366191533734 6.5
  endloop
endfacet
facet normal 0 -0 1
  outer loop
    vertex 23.64827479436318 231.3865842741327 6.5
    vertex 24.31602035270719 232.7441130172215 6.5
    vertex 22.57475081172238 233.039666242816 6.5
  endloop
endfacet
facet normal 0 0 1
  outer loop
    vertex 31.81135584642809 227.3417354191442 6.5
    vertex 31.11107885401579 225.9907055345896 6.5
    vertex 32.76836494084672 225.6335720639308 6.5
  endloop
endfacet
facet normal 0 0 1
  outer loop
    vertex 29.61836494084672 223.3449631007139 6.5
    vertex 28.5451840129123 224.4373211453428 6.5
    vertex 27.67155787628455 223.0366191533734 6.5
  endloop
endfacet
facet normal 0 0 1
  outer loop
    vertex 21.37155787628455 229.3366191533734 6.5
    vertex 22.76277913469136 230.2842584217106 6.5
    vertex 21.67990182362508 231.2834262179356 6.5
  endloop
endfacet
facet normal -0 0 1
  outer loop
    vertex 21.67990182362508 231.2834262179356 6.5
    vertex 22.76277913469136 230.2842584217106 6.5
    vertex 23.64827479436318 231.3865842741327 6.5
  endloop
endfacet
facet normal 0 0 1
  outer loop
    vertex 29.72152299704386 225.313336071452 6.5
    vertex 28.5451840129123 224.4373211453428 6.5
    vertex 29.61836494084672 223.3449631007139 6.5
  endloop
endfacet
facet normal 0 0 1
  outer loop
    vertex 26.34341954095294 229.485282220219 6.5
    vertex 24.60118185191837 230.1028557606146 6.5
    vertex 24.84152891260647 228.396623690326 6.5
  endloop
endfacet
facet normal 0 -0 1
  outer loop
    vertex 27.67155787628455 223.0366191533734 6.5
    vertex 28.5451840129123 224.4373211453428 6.5
    vertex 27.14816235839973 224.5208349141954 6.5
  endloop
endfacet
facet normal 0 0 1
  outer loop
    vertex 24.84152891260647 228.396623690326 6.5
    vertex 24.91547305953899 226.9340083012033 6.5
    vertex 26.28320739531168 227.6039426569465 6.5
  endloop
endfacet
facet normal -0 0 1
  outer loop
    vertex 23.5456202718071 227.2112285122697 6.5
    vertex 24.91547305953899 226.9340083012033 6.5
    vertex 24.84152891260647 228.396623690326 6.5
  endloop
endfacet
facet normal 0 0 1
  outer loop
    vertex 23.15890101956359 228.8134313036218 6.5
    vertex 22.76277913469136 230.2842584217106 6.5
    vertex 21.37155787628455 229.3366191533734 6.5
  endloop
endfacet
facet normal 0 0 1
  outer loop
    vertex 25.75669989834047 225.5999166397708 6.5
    vertex 24.91547305953899 226.9340083012033 6.5
    vertex 24.15030881962924 225.8583300067037 6.5
  endloop
endfacet
facet normal 0 0 1
  outer loop
    vertex 32.62914120337745 230.0674013335556 6.5
    vertex 31.22648613085849 229.3477944519654 6.5
    vertex 32.65160829609814 228.6541987791783 6.5
  endloop
endfacet
facet normal 0 0 1
  outer loop
    vertex 27.67155787628455 235.6366191533734 6.5
    vertex 27.05942053611183 234.2546478771395 6.5
    vertex 28.45457487666283 234.280393925528 6.5
  endloop
endfacet
facet normal 0 0 1
  outer loop
    vertex 32.62914120337745 230.0674013335556 6.5
    vertex 32.65160829609814 228.6541987791783 6.5
    vertex 33.97155787628455 229.3366191533734 6.5
  endloop
endfacet
facet normal 0 -0 1
  outer loop
    vertex 24.15030881962924 225.8583300067037 6.5
    vertex 24.91547305953899 226.9340083012033 6.5
    vertex 23.5456202718071 227.2112285122697 6.5
  endloop
endfacet
facet normal 0 0 1
  outer loop
    vertex -29.57614313748589 231.5009861159286 6.5
    vertex -31.02709539986188 232.7441130172215 6.5
    vertex -31.69484095820589 231.3865842741327 6.5
  endloop
endfacet
facet normal 0 0 1
  outer loop
    vertex -29.5864158542286 225.5999166397708 6.5
    vertex -27.43831042805317 226.2418024383018 6.5
    vertex -29.05990835725739 227.6039426569465 6.5
  endloop
endfacet
facet normal -0 0 1
  outer loop
    vertex -31.69484095820589 231.3865842741327 6.5
    vertex -30.7419339006507 230.1028557606146 6.5
    vertex -29.57614313748589 231.5009861159286 6.5
  endloop
endfacet
facet normal 0 0 1
  outer loop
    vertex -29.72152299704383 233.3599022352948 6.5
    vertex -29.57614313748589 231.5009861159286 6.5
    vertex -27.51848939220492 232.6680488654687 6.5
  endloop
endfacet
facet normal 0 0 1
  outer loop
    vertex -27.51848939220492 232.6680488654687 6.5
    vertex -28.28369521645724 234.2546478771395 6.5
    vertex -29.72152299704383 233.3599022352948 6.5
  endloop
endfacet
facet normal -0 0 1
  outer loop
    vertex -25.41813740529258 231.3613790903763 6.5
    vertex -24.11662962171058 229.3477944519654 6.5
    vertex -23.58242751106245 231.371252357991 6.5
  endloop
endfacet
facet normal 0 0 1
  outer loop
    vertex -29.72152299704383 233.3599022352948 6.5
    vertex -31.02709539986188 232.7441130172215 6.5
    vertex -29.57614313748589 231.5009861159286 6.5
  endloop
endfacet
facet normal 0 0 1
  outer loop
    vertex -23.53175990614098 227.3417354191442 6.5
    vertex -24.11662962171058 229.3477944519654 6.5
    vertex -25.46357023253589 227.4250720296097 6.5
  endloop
endfacet
facet normal -0 0 1
  outer loop
    vertex -29.5864158542286 225.5999166397708 6.5
    vertex -28.19495339416934 224.5208349141954 6.5
    vertex -27.43831042805317 226.2418024383018 6.5
  endloop
endfacet
facet normal -0 0 1
  outer loop
    vertex -25.9886485380562 229.4358122532568 6.5
    vertex -24.11662962171058 229.3477944519654 6.5
    vertex -25.41813740529258 231.3613790903763 6.5
  endloop
endfacet
facet normal 0 -0 1
  outer loop
    vertex -25.46357023253589 227.4250720296097 6.5
    vertex -24.11662962171058 229.3477944519654 6.5
    vertex -25.9886485380562 229.4358122532568 6.5
  endloop
endfacet
facet normal 0 -0 1
  outer loop
    vertex -25.62159275552521 225.313336071452 6.5
    vertex -25.46357023253589 227.4250720296097 6.5
    vertex -27.43831042805317 226.2418024383018 6.5
  endloop
endfacet
facet normal 0 0 1
  outer loop
    vertex -25.62159275552521 225.313336071452 6.5
    vertex -24.23203689855327 225.9907055345896 6.5
    vertex -25.46357023253589 227.4250720296097 6.5
  endloop
endfacet
facet normal 0 0 1
  outer loop
    vertex -27.43831042805317 226.2418024383018 6.5
    vertex -26.79793173965677 224.4373211453428 6.5
    vertex -25.62159275552521 225.313336071452 6.5
  endloop
endfacet
facet normal 0 0 1
  outer loop
    vertex -25.46357023253589 227.4250720296097 6.5
    vertex -24.23203689855327 225.9907055345896 6.5
    vertex -23.53175990614098 227.3417354191442 6.5
  endloop
endfacet
facet normal 0 0 1
  outer loop
    vertex -29.05990835725739 227.6039426569465 6.5
    vertex -30.42764269303008 226.9340083012033 6.5
    vertex -29.5864158542286 225.5999166397708 6.5
  endloop
endfacet
facet normal 0 0 1
  outer loop
    vertex -27.67155787628452 223.0366191533734 6.5
    vertex -28.19495339416934 224.5208349141954 6.5
    vertex -29.61836494084669 223.3449631007139 6.5
  endloop
endfacet
facet normal 0 0 1
  outer loop
    vertex -29.61836494084669 223.3449631007139 6.5
    vertex -28.19495339416934 224.5208349141954 6.5
    vertex -29.5864158542286 225.5999166397708 6.5
  endloop
endfacet
facet normal -0 0 1
  outer loop
    vertex -28.19495339416934 224.5208349141954 6.5
    vertex -26.79793173965677 224.4373211453428 6.5
    vertex -27.43831042805317 226.2418024383018 6.5
  endloop
endfacet
facet normal 0 0 1
  outer loop
    vertex -27.51848939220492 232.6680488654687 6.5
    vertex -29.57614313748589 231.5009861159286 6.5
    vertex -27.34190674174571 230.5041452431839 6.5
  endloop
endfacet
facet normal -0 0 1
  outer loop
    vertex -27.44468225381515 228.508931680285 6.5
    vertex -25.46357023253589 227.4250720296097 6.5
    vertex -25.9886485380562 229.4358122532568 6.5
  endloop
endfacet
facet normal 0 0 1
  outer loop
    vertex -21.67990182362505 227.3898120888112 6.5
    vertex -23.53175990614098 227.3417354191442 6.5
    vertex -22.57475081172235 225.6335720639308 6.5
  endloop
endfacet
facet normal 0 0 1
  outer loop
    vertex -33.66321392894399 231.2834262179356 6.5
    vertex -31.69484095820589 231.3865842741327 6.5
    vertex -32.76836494084669 233.039666242816 6.5
  endloop
endfacet
facet normal 0 0 1
  outer loop
    vertex -23.96851078684194 224.2398120888112 6.5
    vertex -25.62159275552521 225.313336071452 6.5
    vertex -25.72475081172235 223.3449631007139 6.5
  endloop
endfacet
facet normal -0 0 1
  outer loop
    vertex -31.3746049657271 234.4334262179356 6.5
    vertex -29.72152299704383 233.3599022352948 6.5
    vertex -29.61836494084669 235.3282752060329 6.5
  endloop
endfacet
facet normal 0 -0 1
  outer loop
    vertex -29.61836494084669 223.3449631007139 6.5
    vertex -29.5864158542286 225.5999166397708 6.5
    vertex -31.3746049657271 224.2398120888112 6.5
  endloop
endfacet
facet normal 0 0 1
  outer loop
    vertex -25.72475081172235 235.3282752060329 6.5
    vertex -25.6215927555252 233.3599022352948 6.5
    vertex -23.96851078684194 234.4334262179356 6.5
  endloop
endfacet
facet normal 0 0 1
  outer loop
    vertex -22.57475081172235 233.039666242816 6.5
    vertex -23.58242751106245 231.371252357991 6.5
    vertex -21.67990182362505 231.2834262179356 6.5
  endloop
endfacet
facet normal 0 -0 1
  outer loop
    vertex -32.76836494084669 225.6335720639308 6.5
    vertex -31.79749548076197 227.2112285122697 6.5
    vertex -33.66321392894399 227.3898120888112 6.5
  endloop
endfacet
facet normal 0 -0 1
  outer loop
    vertex -27.43831042805317 226.2418024383018 6.5
    vertex -25.46357023253589 227.4250720296097 6.5
    vertex -27.44468225381515 228.508931680285 6.5
  endloop
endfacet
facet normal -0 0 1
  outer loop
    vertex -29.05990835725739 227.6039426569465 6.5
    vertex -27.43831042805317 226.2418024383018 6.5
    vertex -27.44468225381515 228.508931680285 6.5
  endloop
endfacet
facet normal 0 0 1
  outer loop
    vertex -28.99969621161612 229.485282220219 6.5
    vertex -29.05990835725739 227.6039426569465 6.5
    vertex -27.44468225381515 228.508931680285 6.5
  endloop
endfacet
facet normal 0 0 1
  outer loop
    vertex -27.34190674174571 230.5041452431839 6.5
    vertex -29.57614313748589 231.5009861159286 6.5
    vertex -28.99969621161612 229.485282220219 6.5
  endloop
endfacet
facet normal 0 0 1
  outer loop
    vertex -27.34190674174571 230.5041452431839 6.5
    vertex -28.99969621161612 229.485282220219 6.5
    vertex -27.44468225381515 228.508931680285 6.5
  endloop
endfacet
facet normal 0 0 1
  outer loop
    vertex -27.34190674174571 230.5041452431839 6.5
    vertex -27.44468225381515 228.508931680285 6.5
    vertex -25.9886485380562 229.4358122532568 6.5
  endloop
endfacet
facet normal -0 0 1
  outer loop
    vertex -27.34190674174571 230.5041452431839 6.5
    vertex -25.9886485380562 229.4358122532568 6.5
    vertex -25.41813740529258 231.3613790903763 6.5
  endloop
endfacet
facet normal 0 0 1
  outer loop
    vertex -27.51848939220492 232.6680488654687 6.5
    vertex -27.34190674174571 230.5041452431839 6.5
    vertex -25.41813740529258 231.3613790903763 6.5
  endloop
endfacet
facet normal 0 0 1
  outer loop
    vertex -31.79749548076197 227.2112285122697 6.5
    vertex -32.18421473300548 228.8134313036218 6.5
    vertex -33.66321392894399 227.3898120888112 6.5
  endloop
endfacet
facet normal 0 -0 1
  outer loop
    vertex -33.66321392894399 227.3898120888112 6.5
    vertex -32.18421473300548 228.8134313036218 6.5
    vertex -33.97155787628452 229.3366191533734 6.5
  endloop
endfacet
facet normal 0 0 1
  outer loop
    vertex -26.88854087590624 234.280393925528 6.5
    vertex -28.28369521645724 234.2546478771395 6.5
    vertex -27.51848939220492 232.6680488654687 6.5
  endloop
endfacet
facet normal 0 0 1
  outer loop
    vertex -30.7419339006507 230.1028557606146 6.5
    vertex -32.58033661787771 230.2842584217106 6.5
    vertex -32.18421473300548 228.8134313036218 6.5
  endloop
endfacet
facet normal -0 0 1
  outer loop
    vertex -27.51848939220492 232.6680488654687 6.5
    vertex -25.41813740529258 231.3613790903763 6.5
    vertex -25.6215927555252 233.3599022352948 6.5
  endloop
endfacet
facet normal 0 0 1
  outer loop
    vertex -23.58242751106245 231.371252357991 6.5
    vertex -24.2330838540889 232.7131252288827 6.5
    vertex -25.41813740529258 231.3613790903763 6.5
  endloop
endfacet
facet normal 0 -0 1
  outer loop
    vertex -25.41813740529258 231.3613790903763 6.5
    vertex -24.2330838540889 232.7131252288827 6.5
    vertex -25.6215927555252 233.3599022352948 6.5
  endloop
endfacet
facet normal 0 0 1
  outer loop
    vertex -30.5015868399626 228.396623690326 6.5
    vertex -30.7419339006507 230.1028557606146 6.5
    vertex -32.18421473300548 228.8134313036218 6.5
  endloop
endfacet
facet normal 0 0 1
  outer loop
    vertex -29.57614313748589 231.5009861159286 6.5
    vertex -30.7419339006507 230.1028557606146 6.5
    vertex -28.99969621161612 229.485282220219 6.5
  endloop
endfacet
facet normal 0 0 1
  outer loop
    vertex -28.99969621161612 229.485282220219 6.5
    vertex -30.5015868399626 228.396623690326 6.5
    vertex -29.05990835725739 227.6039426569465 6.5
  endloop
endfacet
facet normal 0 0 1
  outer loop
    vertex -23.58242751106245 231.371252357991 6.5
    vertex -24.11662962171058 229.3477944519654 6.5
    vertex -22.71397454919162 230.0674013335556 6.5
  endloop
endfacet
facet normal 0 0 1
  outer loop
    vertex -22.69150745647093 228.6541987791783 6.5
    vertex -24.11662962171058 229.3477944519654 6.5
    vertex -23.53175990614098 227.3417354191442 6.5
  endloop
endfacet
facet normal 0 0 1
  outer loop
    vertex -31.69484095820589 231.3865842741327 6.5
    vertex -32.58033661787771 230.2842584217106 6.5
    vertex -30.7419339006507 230.1028557606146 6.5
  endloop
endfacet
facet normal 0 0 1
  outer loop
    vertex -26.88854087590624 234.280393925528 6.5
    vertex -27.51848939220492 232.6680488654687 6.5
    vertex -25.6215927555252 233.3599022352948 6.5
  endloop
endfacet
facet normal 0 0 1
  outer loop
    vertex -30.5015868399626 228.396623690326 6.5
    vertex -32.18421473300548 228.8134313036218 6.5
    vertex -31.79749548076197 227.2112285122697 6.5
  endloop
endfacet
facet normal 0 0 1
  outer loop
    vertex -25.72475081172235 235.3282752060329 6.5
    vertex -26.88854087590624 234.280393925528 6.5
    vertex -25.6215927555252 233.3599022352948 6.5
  endloop
endfacet
facet normal 0 0 1
  outer loop
    vertex -31.3746049657271 234.4334262179356 6.5
    vertex -31.02709539986188 232.7441130172215 6.5
    vertex -29.72152299704383 233.3599022352948 6.5
  endloop
endfacet
facet normal -0 0 1
  outer loop
    vertex -32.76836494084669 233.039666242816 6.5
    vertex -31.02709539986188 232.7441130172215 6.5
    vertex -31.3746049657271 234.4334262179356 6.5
  endloop
endfacet
facet normal 0 0 1
  outer loop
    vertex -22.57475081172235 225.6335720639308 6.5
    vertex -24.23203689855327 225.9907055345896 6.5
    vertex -23.96851078684194 224.2398120888112 6.5
  endloop
endfacet
facet normal 0 0 1
  outer loop
    vertex -21.37155787628452 229.3366191533734 6.5
    vertex -22.69150745647093 228.6541987791783 6.5
    vertex -21.67990182362505 227.3898120888112 6.5
  endloop
endfacet
facet normal 0 0 1
  outer loop
    vertex -29.72152299704383 233.3599022352948 6.5
    vertex -28.28369521645724 234.2546478771395 6.5
    vertex -29.61836494084669 235.3282752060329 6.5
  endloop
endfacet
facet normal 0 0 1
  outer loop
    vertex -23.96851078684194 234.4334262179356 6.5
    vertex -24.2330838540889 232.7131252288827 6.5
    vertex -22.57475081172235 233.039666242816 6.5
  endloop
endfacet
facet normal 0 0 1
  outer loop
    vertex -21.67990182362505 227.3898120888112 6.5
    vertex -22.69150745647093 228.6541987791783 6.5
    vertex -23.53175990614098 227.3417354191442 6.5
  endloop
endfacet
facet normal 0 -0 1
  outer loop
    vertex -31.3746049657271 224.2398120888112 6.5
    vertex -31.19280693293983 225.8583300067037 6.5
    vertex -32.76836494084669 225.6335720639308 6.5
  endloop
endfacet
facet normal 0 0 1
  outer loop
    vertex -27.67155787628452 235.6366191533734 6.5
    vertex -26.88854087590624 234.280393925528 6.5
    vertex -25.72475081172235 235.3282752060329 6.5
  endloop
endfacet
facet normal -0 0 1
  outer loop
    vertex -29.61836494084669 235.3282752060329 6.5
    vertex -28.28369521645724 234.2546478771395 6.5
    vertex -27.67155787628452 235.6366191533734 6.5
  endloop
endfacet
facet normal 0 0 1
  outer loop
    vertex -23.96851078684194 224.2398120888112 6.5
    vertex -24.23203689855327 225.9907055345896 6.5
    vertex -25.62159275552521 225.313336071452 6.5
  endloop
endfacet
facet normal 0 0 1
  outer loop
    vertex -22.57475081172235 233.039666242816 6.5
    vertex -24.2330838540889 232.7131252288827 6.5
    vertex -23.58242751106245 231.371252357991 6.5
  endloop
endfacet
facet normal 0 0 1
  outer loop
    vertex -23.58242751106245 231.371252357991 6.5
    vertex -22.71397454919162 230.0674013335556 6.5
    vertex -21.67990182362505 231.2834262179356 6.5
  endloop
endfacet
facet normal 0 0 1
  outer loop
    vertex -32.76836494084669 225.6335720639308 6.5
    vertex -31.19280693293983 225.8583300067037 6.5
    vertex -31.79749548076197 227.2112285122697 6.5
  endloop
endfacet
facet normal -0 0 1
  outer loop
    vertex -25.6215927555252 233.3599022352948 6.5
    vertex -24.2330838540889 232.7131252288827 6.5
    vertex -23.96851078684194 234.4334262179356 6.5
  endloop
endfacet
facet normal 0 0 1
  outer loop
    vertex -29.5864158542286 225.5999166397708 6.5
    vertex -31.19280693293983 225.8583300067037 6.5
    vertex -31.3746049657271 224.2398120888112 6.5
  endloop
endfacet
facet normal 0 0 1
  outer loop
    vertex -21.67990182362505 231.2834262179356 6.5
    vertex -22.71397454919162 230.0674013335556 6.5
    vertex -21.37155787628452 229.3366191533734 6.5
  endloop
endfacet
facet normal 0 0 1
  outer loop
    vertex -23.53175990614098 227.3417354191442 6.5
    vertex -24.23203689855327 225.9907055345896 6.5
    vertex -22.57475081172235 225.6335720639308 6.5
  endloop
endfacet
facet normal 0 -0 1
  outer loop
    vertex -31.69484095820589 231.3865842741327 6.5
    vertex -31.02709539986188 232.7441130172215 6.5
    vertex -32.76836494084669 233.039666242816 6.5
  endloop
endfacet
facet normal 0 0 1
  outer loop
    vertex -25.72475081172235 223.3449631007139 6.5
    vertex -26.79793173965677 224.4373211453428 6.5
    vertex -27.67155787628452 223.0366191533734 6.5
  endloop
endfacet
facet normal 0 0 1
  outer loop
    vertex -33.97155787628452 229.3366191533734 6.5
    vertex -32.58033661787771 230.2842584217106 6.5
    vertex -33.66321392894399 231.2834262179356 6.5
  endloop
endfacet
facet normal -0 0 1
  outer loop
    vertex -33.66321392894399 231.2834262179356 6.5
    vertex -32.58033661787771 230.2842584217106 6.5
    vertex -31.69484095820589 231.3865842741327 6.5
  endloop
endfacet
facet normal 0 0 1
  outer loop
    vertex -25.62159275552521 225.313336071452 6.5
    vertex -26.79793173965677 224.4373211453428 6.5
    vertex -25.72475081172235 223.3449631007139 6.5
  endloop
endfacet
facet normal 0 0 1
  outer loop
    vertex -28.99969621161612 229.485282220219 6.5
    vertex -30.7419339006507 230.1028557606146 6.5
    vertex -30.5015868399626 228.396623690326 6.5
  endloop
endfacet
facet normal 0 -0 1
  outer loop
    vertex -27.67155787628452 223.0366191533734 6.5
    vertex -26.79793173965677 224.4373211453428 6.5
    vertex -28.19495339416934 224.5208349141954 6.5
  endloop
endfacet
facet normal -0 0 1
  outer loop
    vertex -31.79749548076197 227.2112285122697 6.5
    vertex -30.42764269303008 226.9340083012033 6.5
    vertex -30.5015868399626 228.396623690326 6.5
  endloop
endfacet
facet normal 0 0 1
  outer loop
    vertex -30.5015868399626 228.396623690326 6.5
    vertex -30.42764269303008 226.9340083012033 6.5
    vertex -29.05990835725739 227.6039426569465 6.5
  endloop
endfacet
facet normal 0 0 1
  outer loop
    vertex -32.18421473300548 228.8134313036218 6.5
    vertex -32.58033661787771 230.2842584217106 6.5
    vertex -33.97155787628452 229.3366191533734 6.5
  endloop
endfacet
facet normal 0 0 1
  outer loop
    vertex -29.5864158542286 225.5999166397708 6.5
    vertex -30.42764269303008 226.9340083012033 6.5
    vertex -31.19280693293983 225.8583300067037 6.5
  endloop
endfacet
facet normal 0 0 1
  outer loop
    vertex -22.71397454919162 230.0674013335556 6.5
    vertex -24.11662962171058 229.3477944519654 6.5
    vertex -22.69150745647093 228.6541987791783 6.5
  endloop
endfacet
facet normal 0 0 1
  outer loop
    vertex -27.67155787628452 235.6366191533734 6.5
    vertex -28.28369521645724 234.2546478771395 6.5
    vertex -26.88854087590624 234.280393925528 6.5
  endloop
endfacet
facet normal 0 0 1
  outer loop
    vertex -22.71397454919162 230.0674013335556 6.5
    vertex -22.69150745647093 228.6541987791783 6.5
    vertex -21.37155787628452 229.3366191533734 6.5
  endloop
endfacet
facet normal 0 -0 1
  outer loop
    vertex -31.19280693293983 225.8583300067037 6.5
    vertex -30.42764269303008 226.9340083012033 6.5
    vertex -31.79749548076197 227.2112285122697 6.5
  endloop
endfacet
facet normal 0 0 1
  outer loop
    vertex 13.86075350712841 224.2837798116221 6.5
    vertex 13.48346426924642 226.4865990695124 6.5
    vertex 11.91394644256624 224.5921237589626 6.5
  endloop
endfacet
facet normal -0 0 1
  outer loop
    vertex 10.06251985646113 228.6720270624985 6.5
    vertex 12.16715050600737 228.2180046705013 6.5
    vertex 11.63191331197342 230.2594933194081 6.5
  endloop
endfacet
facet normal 0 0 1
  outer loop
    vertex 11.8107883863691 234.6070628935435 6.5
    vertex 10.32961347666511 233.9223119046428 6.5
    vertex 11.26900083601696 232.3607860398134 6.5
  endloop
endfacet
facet normal 0 0 1
  outer loop
    vertex 11.26900083601696 232.3607860398134 6.5
    vertex 12.85424595662186 233.5098474143001 6.5
    vertex 11.8107883863691 234.6070628935435 6.5
  endloop
endfacet
facet normal -0 0 1
  outer loop
    vertex 7.869097454468947 232.5305868761843 6.5
    vertex 9.468624166523295 230.7004910962778 6.5
    vertex 9.646625300687415 232.6762968126082 6.5
  endloop
endfacet
facet normal 0 0 1
  outer loop
    vertex 7.560753507128413 230.5837798116221 6.5
    vertex 9.468624166523295 230.7004910962778 6.5
    vertex 7.869097454468947 232.5305868761843 6.5
  endloop
endfacet
facet normal 0 0 1
  outer loop
    vertex 11.63191331197342 230.2594933194081 6.5
    vertex 9.468624166523295 230.7004910962778 6.5
    vertex 10.06251985646113 228.6720270624985 6.5
  endloop
endfacet
facet normal 0 0 1
  outer loop
    vertex 10.06251985646113 228.6720270624985 6.5
    vertex 9.468624166523295 230.7004910962778 6.5
    vertex 7.869097454468944 228.6369727470599 6.5
  endloop
endfacet
facet normal 0 -0 1
  outer loop
    vertex 7.869097454468944 228.6369727470599 6.5
    vertex 9.468624166523295 230.7004910962778 6.5
    vertex 7.560753507128413 230.5837798116221 6.5
  endloop
endfacet
facet normal 0 -0 1
  outer loop
    vertex 11.91394644256624 224.5921237589626 6.5
    vertex 13.48346426924642 226.4865990695124 6.5
    vertex 11.75801798366447 226.5366707774583 6.5
  endloop
endfacet
facet normal 0 0 1
  outer loop
    vertex 14.44914907845845 228.2892762877342 6.5
    vertex 13.48346426924642 226.4865990695124 6.5
    vertex 15.91071862788773 226.5604967297007 6.5
  endloop
endfacet
facet normal 0 0 1
  outer loop
    vertex 15.91071862788773 226.5604967297007 6.5
    vertex 13.48346426924642 226.4865990695124 6.5
    vertex 14.74980248986432 225.5325823965441 6.5
  endloop
endfacet
facet normal 0 0 1
  outer loop
    vertex 10.06251985646113 228.6720270624985 6.5
    vertex 10.32140154520981 227.0444278497035 6.5
    vertex 12.16715050600737 228.2180046705013 6.5
  endloop
endfacet
facet normal 0 0 1
  outer loop
    vertex 14.74980248986432 225.5325823965441 6.5
    vertex 13.48346426924642 226.4865990695124 6.5
    vertex 13.86075350712841 224.2837798116221 6.5
  endloop
endfacet
facet normal 0 0 1
  outer loop
    vertex 12.16715050600737 228.2180046705013 6.5
    vertex 10.32140154520981 227.0444278497035 6.5
    vertex 11.75801798366447 226.5366707774583 6.5
  endloop
endfacet
facet normal 0 -0 1
  outer loop
    vertex 15.91071862788773 226.5604967297007 6.5
    vertex 16.34360405488193 228.2748943638451 6.5
    vertex 14.44914907845845 228.2892762877342 6.5
  endloop
endfacet
facet normal 0 0 1
  outer loop
    vertex 14.85450582221361 231.4902434386776 6.5
    vertex 14.52915671017044 233.2497167575138 6.5
    vertex 13.07799831121028 231.8013013542168 6.5
  endloop
endfacet
facet normal 0 0 1
  outer loop
    vertex 11.26900083601696 232.3607860398134 6.5
    vertex 10.32961347666511 233.9223119046428 6.5
    vertex 9.646625300687415 232.6762968126082 6.5
  endloop
endfacet
facet normal 0 0 1
  outer loop
    vertex 14.30679378824454 235.0547805969846 6.5
    vertex 12.89972680977637 235.536883676686 6.5
    vertex 12.85424595662186 233.5098474143001 6.5
  endloop
endfacet
facet normal 0 0 1
  outer loop
    vertex 9.468624166523295 230.7004910962778 6.5
    vertex 11.26900083601696 232.3607860398134 6.5
    vertex 9.646625300687415 232.6762968126082 6.5
  endloop
endfacet
facet normal 0 0 1
  outer loop
    vertex 14.30679378824454 235.0547805969846 6.5
    vertex 12.85424595662186 233.5098474143001 6.5
    vertex 14.52915671017044 233.2497167575138 6.5
  endloop
endfacet
facet normal 0 0 1
  outer loop
    vertex 11.63191331197342 230.2594933194081 6.5
    vertex 11.26900083601696 232.3607860398134 6.5
    vertex 9.468624166523295 230.7004910962778 6.5
  endloop
endfacet
facet normal 0 0 1
  outer loop
    vertex 16.20432294202515 232.910775005319 6.5
    vertex 14.52915671017044 233.2497167575138 6.5
    vertex 14.85450582221361 231.4902434386776 6.5
  endloop
endfacet
facet normal -0 0 1
  outer loop
    vertex 11.75801798366447 226.5366707774583 6.5
    vertex 13.48346426924642 226.4865990695124 6.5
    vertex 12.16715050600737 228.2180046705013 6.5
  endloop
endfacet
facet normal 0 0 1
  outer loop
    vertex 13.52687451353374 230.0302081108157 6.5
    vertex 12.16715050600737 228.2180046705013 6.5
    vertex 14.44914907845845 228.2892762877342 6.5
  endloop
endfacet
facet normal 0 0 1
  outer loop
    vertex 19.85240955978788 228.6369727470599 6.5
    vertex 18.02737425793931 228.3294563687508 6.5
    vertex 18.95756057169058 226.8807327221795 6.5
  endloop
endfacet
facet normal 0 0 1
  outer loop
    vertex 7.869097454468947 232.5305868761843 6.5
    vertex 9.646625300687415 232.6762968126082 6.5
    vertex 8.763946442566247 234.2868269010647 6.5
  endloop
endfacet
facet normal -0 0 1
  outer loop
    vertex 10.15770641768584 235.6805868761843 6.5
    vertex 11.8107883863691 234.6070628935435 6.5
    vertex 11.91394644256625 236.5754358642816 6.5
  endloop
endfacet
facet normal 0 0 1
  outer loop
    vertex 17.56380059657099 225.4869727470599 6.5
    vertex 15.91071862788773 226.5604967297007 6.5
    vertex 15.80756057169058 224.5921237589626 6.5
  endloop
endfacet
facet normal 0 0 1
  outer loop
    vertex 15.80756057169059 236.5754358642816 6.5
    vertex 15.93436357993403 234.6640161414568 6.5
    vertex 17.563800596571 235.6805868761843 6.5
  endloop
endfacet
facet normal 0 0 1
  outer loop
    vertex 18.95756057169058 234.2868269010647 6.5
    vertex 17.94098983696317 232.6573898844277 6.5
    vertex 19.85240955978788 232.5305868761843 6.5
  endloop
endfacet
facet normal 0 -0 1
  outer loop
    vertex 8.763946442566244 226.8807327221795 6.5
    vertex 10.06251985646113 228.6720270624985 6.5
    vertex 7.869097454468944 228.6369727470599 6.5
  endloop
endfacet
facet normal 0 0 1
  outer loop
    vertex 11.91394644256624 224.5921237589626 6.5
    vertex 11.75801798366447 226.5366707774583 6.5
    vertex 10.15770641768583 225.4869727470599 6.5
  endloop
endfacet
facet normal 0 0 1
  outer loop
    vertex 11.63191331197342 230.2594933194081 6.5
    vertex 12.16715050600737 228.2180046705013 6.5
    vertex 13.52687451353374 230.0302081108157 6.5
  endloop
endfacet
facet normal 0 0 1
  outer loop
    vertex 13.07799831121028 231.8013013542168 6.5
    vertex 11.63191331197342 230.2594933194081 6.5
    vertex 13.52687451353374 230.0302081108157 6.5
  endloop
endfacet
facet normal 0 0 1
  outer loop
    vertex 14.85450582221361 231.4902434386776 6.5
    vertex 13.07799831121028 231.8013013542168 6.5
    vertex 13.52687451353374 230.0302081108157 6.5
  endloop
endfacet
facet normal 0 0 1
  outer loop
    vertex 13.52687451353374 230.0302081108157 6.5
    vertex 14.44914907845845 228.2892762877342 6.5
    vertex 15.39530690207769 229.7648719814433 6.5
  endloop
endfacet
facet normal 0 0 1
  outer loop
    vertex 14.85450582221361 231.4902434386776 6.5
    vertex 13.52687451353374 230.0302081108157 6.5
    vertex 15.39530690207769 229.7648719814433 6.5
  endloop
endfacet
facet normal -0 0 1
  outer loop
    vertex 12.16715050600737 228.2180046705013 6.5
    vertex 13.48346426924642 226.4865990695124 6.5
    vertex 14.44914907845845 228.2892762877342 6.5
  endloop
endfacet
facet normal 0 0 1
  outer loop
    vertex 14.85450582221361 231.4902434386776 6.5
    vertex 15.39530690207769 229.7648719814433 6.5
    vertex 16.68008028220908 231.1776618019033 6.5
  endloop
endfacet
facet normal 0 0 1
  outer loop
    vertex 16.20432294202515 232.910775005319 6.5
    vertex 14.85450582221361 231.4902434386776 6.5
    vertex 16.68008028220908 231.1776618019033 6.5
  endloop
endfacet
facet normal 0 0 1
  outer loop
    vertex 15.80756057169059 236.5754358642816 6.5
    vertex 14.30679378824454 235.0547805969846 6.5
    vertex 15.93436357993403 234.6640161414568 6.5
  endloop
endfacet
facet normal 0 0 1
  outer loop
    vertex 19.85240955978788 232.5305868761843 6.5
    vertex 18.39561372286342 231.0342087942263 6.5
    vertex 20.16075350712841 230.5837798116221 6.5
  endloop
endfacet
facet normal 0 0 1
  outer loop
    vertex 13.86075350712842 236.8837798116221 6.5
    vertex 14.30679378824454 235.0547805969846 6.5
    vertex 15.80756057169059 236.5754358642816 6.5
  endloop
endfacet
facet normal 0 0 1
  outer loop
    vertex 17.94098983696317 232.6573898844277 6.5
    vertex 18.39561372286342 231.0342087942263 6.5
    vertex 19.85240955978788 232.5305868761843 6.5
  endloop
endfacet
facet normal -0 0 1
  outer loop
    vertex 14.44914907845845 228.2892762877342 6.5
    vertex 16.34360405488193 228.2748943638451 6.5
    vertex 15.39530690207769 229.7648719814433 6.5
  endloop
endfacet
facet normal 0 0 1
  outer loop
    vertex 14.52915671017044 233.2497167575138 6.5
    vertex 12.85424595662186 233.5098474143001 6.5
    vertex 13.07799831121028 231.8013013542168 6.5
  endloop
endfacet
facet normal -0 0 1
  outer loop
    vertex 17.17586391208606 229.6813382725142 6.5
    vertex 18.74853281488424 229.6444660318162 6.5
    vertex 18.39561372286342 231.0342087942263 6.5
  endloop
endfacet
facet normal 0 0 1
  outer loop
    vertex 16.20432294202515 232.910775005319 6.5
    vertex 16.68008028220908 231.1776618019033 6.5
    vertex 17.94098983696317 232.6573898844277 6.5
  endloop
endfacet
facet normal 0 0 1
  outer loop
    vertex 15.93436357993403 234.6640161414568 6.5
    vertex 14.52915671017044 233.2497167575138 6.5
    vertex 16.20432294202515 232.910775005319 6.5
  endloop
endfacet
facet normal 0 -0 1
  outer loop
    vertex 12.85424595662186 233.5098474143001 6.5
    vertex 12.89972680977637 235.536883676686 6.5
    vertex 11.8107883863691 234.6070628935435 6.5
  endloop
endfacet
facet normal 0 0 1
  outer loop
    vertex 16.68008028220908 231.1776618019033 6.5
    vertex 17.17586391208606 229.6813382725142 6.5
    vertex 18.39561372286342 231.0342087942263 6.5
  endloop
endfacet
facet normal 0 0 1
  outer loop
    vertex 13.07799831121028 231.8013013542168 6.5
    vertex 12.85424595662186 233.5098474143001 6.5
    vertex 11.26900083601696 232.3607860398134 6.5
  endloop
endfacet
facet normal 0 0 1
  outer loop
    vertex 15.93436357993403 234.6640161414568 6.5
    vertex 14.30679378824454 235.0547805969846 6.5
    vertex 14.52915671017044 233.2497167575138 6.5
  endloop
endfacet
facet normal -0 0 1
  outer loop
    vertex 16.68008028220908 231.1776618019033 6.5
    vertex 18.39561372286342 231.0342087942263 6.5
    vertex 17.94098983696317 232.6573898844277 6.5
  endloop
endfacet
facet normal 0 0 1
  outer loop
    vertex 13.07799831121028 231.8013013542168 6.5
    vertex 11.26900083601696 232.3607860398134 6.5
    vertex 11.63191331197342 230.2594933194081 6.5
  endloop
endfacet
facet normal 0 0 1
  outer loop
    vertex 18.95756057169058 226.8807327221795 6.5
    vertex 17.35348368402872 227.0721835384913 6.5
    vertex 17.56380059657099 225.4869727470599 6.5
  endloop
endfacet
facet normal 0 0 1
  outer loop
    vertex 15.91071862788773 226.5604967297007 6.5
    vertex 14.74980248986432 225.5325823965441 6.5
    vertex 15.80756057169058 224.5921237589626 6.5
  endloop
endfacet
facet normal 0 0 1
  outer loop
    vertex 17.563800596571 235.6805868761843 6.5
    vertex 17.37806856454691 234.1010948690406 6.5
    vertex 18.95756057169058 234.2868269010647 6.5
  endloop
endfacet
facet normal 0 0 1
  outer loop
    vertex 11.75801798366447 226.5366707774583 6.5
    vertex 10.32140154520981 227.0444278497035 6.5
    vertex 10.15770641768583 225.4869727470599 6.5
  endloop
endfacet
facet normal -0 0 1
  outer loop
    vertex 15.93436357993403 234.6640161414568 6.5
    vertex 17.37806856454691 234.1010948690406 6.5
    vertex 17.563800596571 235.6805868761843 6.5
  endloop
endfacet
facet normal -0 0 1
  outer loop
    vertex 8.763946442566247 234.2868269010647 6.5
    vertex 10.32961347666511 233.9223119046428 6.5
    vertex 10.15770641768584 235.6805868761843 6.5
  endloop
endfacet
facet normal 0 0 1
  outer loop
    vertex 15.80756057169058 224.5921237589626 6.5
    vertex 14.74980248986432 225.5325823965441 6.5
    vertex 13.86075350712841 224.2837798116221 6.5
  endloop
endfacet
facet normal 0 0 1
  outer loop
    vertex 8.763946442566244 226.8807327221795 6.5
    vertex 10.32140154520981 227.0444278497035 6.5
    vertex 10.06251985646113 228.6720270624985 6.5
  endloop
endfacet
facet normal 0 0 1
  outer loop
    vertex 18.95756057169058 234.2868269010647 6.5
    vertex 17.37806856454691 234.1010948690406 6.5
    vertex 17.94098983696317 232.6573898844277 6.5
  endloop
endfacet
facet normal 0 0 1
  outer loop
    vertex 10.15770641768584 235.6805868761843 6.5
    vertex 10.32961347666511 233.9223119046428 6.5
    vertex 11.8107883863691 234.6070628935435 6.5
  endloop
endfacet
facet normal 0 0 1
  outer loop
    vertex 17.56380059657099 225.4869727470599 6.5
    vertex 17.35348368402872 227.0721835384913 6.5
    vertex 15.91071862788773 226.5604967297007 6.5
  endloop
endfacet
facet normal 0 0 1
  outer loop
    vertex 18.02737425793931 228.3294563687508 6.5
    vertex 17.35348368402872 227.0721835384913 6.5
    vertex 18.95756057169058 226.8807327221795 6.5
  endloop
endfacet
facet normal 0 -0 1
  outer loop
    vertex 9.646625300687415 232.6762968126082 6.5
    vertex 10.32961347666511 233.9223119046428 6.5
    vertex 8.763946442566247 234.2868269010647 6.5
  endloop
endfacet
facet normal 0 -0 1
  outer loop
    vertex 10.15770641768583 225.4869727470599 6.5
    vertex 10.32140154520981 227.0444278497035 6.5
    vertex 8.763946442566244 226.8807327221795 6.5
  endloop
endfacet
facet normal -0 0 1
  outer loop
    vertex 11.91394644256625 236.5754358642816 6.5
    vertex 12.89972680977637 235.536883676686 6.5
    vertex 13.86075350712842 236.8837798116221 6.5
  endloop
endfacet
facet normal 0 0 1
  outer loop
    vertex 20.16075350712841 230.5837798116221 6.5
    vertex 18.74853281488424 229.6444660318162 6.5
    vertex 19.85240955978788 228.6369727470599 6.5
  endloop
endfacet
facet normal -0 0 1
  outer loop
    vertex 15.39530690207769 229.7648719814433 6.5
    vertex 17.17586391208606 229.6813382725142 6.5
    vertex 16.68008028220908 231.1776618019033 6.5
  endloop
endfacet
facet normal 0 0 1
  outer loop
    vertex 19.85240955978788 228.6369727470599 6.5
    vertex 18.74853281488424 229.6444660318162 6.5
    vertex 18.02737425793931 228.3294563687508 6.5
  endloop
endfacet
facet normal 0 0 1
  outer loop
    vertex 11.8107883863691 234.6070628935435 6.5
    vertex 12.89972680977637 235.536883676686 6.5
    vertex 11.91394644256625 236.5754358642816 6.5
  endloop
endfacet
facet normal 0 0 1
  outer loop
    vertex 17.37806856454691 234.1010948690406 6.5
    vertex 16.20432294202515 232.910775005319 6.5
    vertex 17.94098983696317 232.6573898844277 6.5
  endloop
endfacet
facet normal 0 0 1
  outer loop
    vertex 15.93436357993403 234.6640161414568 6.5
    vertex 16.20432294202515 232.910775005319 6.5
    vertex 17.37806856454691 234.1010948690406 6.5
  endloop
endfacet
facet normal 0 -0 1
  outer loop
    vertex 18.02737425793931 228.3294563687508 6.5
    vertex 18.74853281488424 229.6444660318162 6.5
    vertex 17.17586391208606 229.6813382725142 6.5
  endloop
endfacet
facet normal 0 0 1
  outer loop
    vertex 18.02737425793931 228.3294563687508 6.5
    vertex 16.34360405488193 228.2748943638451 6.5
    vertex 17.35348368402872 227.0721835384913 6.5
  endloop
endfacet
facet normal 0 0 1
  outer loop
    vertex 18.39561372286342 231.0342087942263 6.5
    vertex 18.74853281488424 229.6444660318162 6.5
    vertex 20.16075350712841 230.5837798116221 6.5
  endloop
endfacet
facet normal 0 0 1
  outer loop
    vertex 13.86075350712842 236.8837798116221 6.5
    vertex 12.89972680977637 235.536883676686 6.5
    vertex 14.30679378824454 235.0547805969846 6.5
  endloop
endfacet
facet normal 0 0 1
  outer loop
    vertex 18.02737425793931 228.3294563687508 6.5
    vertex 17.17586391208606 229.6813382725142 6.5
    vertex 16.34360405488193 228.2748943638451 6.5
  endloop
endfacet
facet normal 0 0 1
  outer loop
    vertex 17.35348368402872 227.0721835384913 6.5
    vertex 16.34360405488193 228.2748943638451 6.5
    vertex 15.91071862788773 226.5604967297007 6.5
  endloop
endfacet
facet normal 0 -0 1
  outer loop
    vertex 16.34360405488193 228.2748943638451 6.5
    vertex 17.17586391208606 229.6813382725142 6.5
    vertex 15.39530690207769 229.7648719814433 6.5
  endloop
endfacet
facet normal 0 0 1
  outer loop
    vertex 2.647078911216239 232.1424274079041 6.5
    vertex 4.277656242472133 233.1383093868921 6.5
    vertex 3.19289553177086 234.1928955317708 6.5
  endloop
endfacet
facet normal 0 0 1
  outer loop
    vertex 3.19289553177086 234.1928955317708 6.5
    vertex 1.707836986314658 233.6762306864923 6.5
    vertex 2.647078911216239 232.1424274079041 6.5
  endloop
endfacet
facet normal 0 -0 1
  outer loop
    vertex -3.973786249218703 233.1116934103327 6.5
    vertex -2.577122215556822 234.5558204864786 6.5
    vertex -5.096807064562152 234.7030470894426 6.5
  endloop
endfacet
facet normal -0 0 1
  outer loop
    vertex -5.096807064562152 234.7030470894426 6.5
    vertex -2.577122215556822 234.5558204864786 6.5
    vertex -3.703047089442564 236.0968070645622 6.5
  endloop
endfacet
facet normal 0 0 1
  outer loop
    vertex 4.459843652151902 231.706369840781 6.5
    vertex 2.647078911216239 232.1424274079041 6.5
    vertex 3.121077173383781 229.8249548241736 6.5
  endloop
endfacet
facet normal 0 0 1
  outer loop
    vertex 3.121077173383781 229.8249548241736 6.5
    vertex 4.866484106069414 230.062422751771 6.5
    vertex 4.459843652151902 231.706369840781 6.5
  endloop
endfacet
facet normal 0 0 1
  outer loop
    vertex -0.7063698407809952 235.4598436521519 6.5
    vertex -2.577122215556822 234.5558204864786 6.5
    vertex -1.233926927860967 233.0290228581551 6.5
  endloop
endfacet
facet normal 0 0 1
  outer loop
    vertex 1.229315911011135 228.2311845470468 6.5
    vertex -1.085737107198761 227.6148133793728 6.5
    vertex 0.6714403924538631 226.4822696826288 6.5
  endloop
endfacet
facet normal 0 0 1
  outer loop
    vertex -1.233926927860967 233.0290228581551 6.5
    vertex 0.279642280281836 233.9285847567407 6.5
    vertex -0.7063698407809952 235.4598436521519 6.5
  endloop
endfacet
facet normal 0 0 1
  outer loop
    vertex 4.459843652151902 231.706369840781 6.5
    vertex 4.277656242472133 233.1383093868921 6.5
    vertex 2.647078911216239 232.1424274079041 6.5
  endloop
endfacet
facet normal -0 0 1
  outer loop
    vertex -3.176439893382231 227.6791987898564 6.5
    vertex -1.085737107198761 227.6148133793728 6.5
    vertex -2.456637872136859 229.4748318300701 6.5
  endloop
endfacet
facet normal 0 0 1
  outer loop
    vertex -1.946807064562152 236.9916560526595 6.5
    vertex -2.577122215556822 234.5558204864786 6.5
    vertex -0.7063698407809952 235.4598436521519 6.5
  endloop
endfacet
facet normal -0 0 1
  outer loop
    vertex -3.703047089442564 236.0968070645622 6.5
    vertex -2.577122215556822 234.5558204864786 6.5
    vertex -1.946807064562152 236.9916560526595 6.5
  endloop
endfacet
facet normal 0 0 1
  outer loop
    vertex -0.4255829931229467 229.3686842056661 6.5
    vertex -1.085737107198761 227.6148133793728 6.5
    vertex 1.229315911011135 228.2311845470468 6.5
  endloop
endfacet
facet normal 0 0 1
  outer loop
    vertex -2.456637872136859 229.4748318300701 6.5
    vertex -1.085737107198761 227.6148133793728 6.5
    vertex -0.4255829931229467 229.3686842056661 6.5
  endloop
endfacet
facet normal 0 0 1
  outer loop
    vertex -2.456637872136859 229.4748318300701 6.5
    vertex -2.770293390131821 231.6388242709018 6.5
    vertex -4.461550078662762 230.3015667434165 6.5
  endloop
endfacet
facet normal 0 0 1
  outer loop
    vertex -4.461550078662762 230.3015667434165 6.5
    vertex -4.236618192280693 228.7611486418676 6.5
    vertex -2.456637872136859 229.4748318300701 6.5
  endloop
endfacet
facet normal 0 0 1
  outer loop
    vertex -2.770293390131821 231.6388242709018 6.5
    vertex -4.699457154134545 231.7997782978426 6.5
    vertex -4.461550078662762 230.3015667434165 6.5
  endloop
endfacet
facet normal 0 0 1
  outer loop
    vertex -2.456637872136859 229.4748318300701 6.5
    vertex -4.236618192280693 228.7611486418676 6.5
    vertex -3.176439893382231 227.6791987898564 6.5
  endloop
endfacet
facet normal 0 0 1
  outer loop
    vertex -3.973786249218703 233.1116934103327 6.5
    vertex -4.699457154134545 231.7997782978426 6.5
    vertex -2.770293390131821 231.6388242709018 6.5
  endloop
endfacet
facet normal 0 0 1
  outer loop
    vertex 3.121077173383781 229.8249548241736 6.5
    vertex 2.647078911216239 232.1424274079041 6.5
    vertex 1.008515492871426 230.3256977372652 6.5
  endloop
endfacet
facet normal 0 0 1
  outer loop
    vertex 3.703047089442597 236.0968070645622 6.5
    vertex 3.19289553177086 234.1928955317708 6.5
    vertex 5.096807064562184 234.7030470894426 6.5
  endloop
endfacet
facet normal 0 -0 1
  outer loop
    vertex -3.703047089442567 225.9031929354378 6.5
    vertex -3.176439893382231 227.6791987898564 6.5
    vertex -5.096807064562156 227.2969529105574 6.5
  endloop
endfacet
facet normal 0 0 1
  outer loop
    vertex 5.991656052659482 232.9468070645622 6.5
    vertex 4.459843652151902 231.706369840781 6.5
    vertex 6.300000000000014 231 6.5
  endloop
endfacet
facet normal 0 -0 1
  outer loop
    vertex -5.991656052659454 229.0531929354378 6.5
    vertex -4.461550078662762 230.3015667434165 6.5
    vertex -6.299999999999986 231 6.5
  endloop
endfacet
facet normal 0 0 1
  outer loop
    vertex -5.991656052659452 232.9468070645622 6.5
    vertex -3.973786249218703 233.1116934103327 6.5
    vertex -5.096807064562152 234.7030470894426 6.5
  endloop
endfacet
facet normal -0 0 1
  outer loop
    vertex -1.946807064562152 236.9916560526595 6.5
    vertex -0.7063698407809952 235.4598436521519 6.5
    vertex 1.872706456468907e-14 237.3 6.5
  endloop
endfacet
facet normal 0 0 1
  outer loop
    vertex 1.946807064562182 225.0083439473405 6.5
    vertex 0.6714403924538631 226.4822696826288 6.5
    vertex 1.298741752578978e-14 224.7 6.5
  endloop
endfacet
facet normal 0 0 1
  outer loop
    vertex 5.096807064562182 227.2969529105574 6.5
    vertex 3.192895531770858 227.8071044682291 6.5
    vertex 3.703047089442594 225.9031929354378 6.5
  endloop
endfacet
facet normal 0 0 1
  outer loop
    vertex 0.5524650590921232 232.2163927095117 6.5
    vertex -1.233926927860967 233.0290228581551 6.5
    vertex -0.8533214028617212 231.0351829875435 6.5
  endloop
endfacet
facet normal 0 -0 1
  outer loop
    vertex 1.008515492871426 230.3256977372652 6.5
    vertex 2.647078911216239 232.1424274079041 6.5
    vertex 0.5524650590921232 232.2163927095117 6.5
  endloop
endfacet
facet normal 0 0 1
  outer loop
    vertex -0.8533214028617212 231.0351829875435 6.5
    vertex -2.456637872136859 229.4748318300701 6.5
    vertex -0.4255829931229467 229.3686842056661 6.5
  endloop
endfacet
facet normal 0 0 1
  outer loop
    vertex 1.008515492871426 230.3256977372652 6.5
    vertex 0.5524650590921232 232.2163927095117 6.5
    vertex -0.8533214028617212 231.0351829875435 6.5
  endloop
endfacet
facet normal 0 0 1
  outer loop
    vertex 1.008515492871426 230.3256977372652 6.5
    vertex -0.8533214028617212 231.0351829875435 6.5
    vertex -0.4255829931229467 229.3686842056661 6.5
  endloop
endfacet
facet normal 0 0 1
  outer loop
    vertex 1.008515492871426 230.3256977372652 6.5
    vertex -0.4255829931229467 229.3686842056661 6.5
    vertex 1.229315911011135 228.2311845470468 6.5
  endloop
endfacet
facet normal 0 0 1
  outer loop
    vertex -1.233926927860967 233.0290228581551 6.5
    vertex -2.770293390131821 231.6388242709018 6.5
    vertex -0.8533214028617212 231.0351829875435 6.5
  endloop
endfacet
facet normal 0 0 1
  outer loop
    vertex 3.121077173383781 229.8249548241736 6.5
    vertex 1.008515492871426 230.3256977372652 6.5
    vertex 1.229315911011135 228.2311845470468 6.5
  endloop
endfacet
facet normal -0 0 1
  outer loop
    vertex -0.7063698407809952 235.4598436521519 6.5
    vertex 0.9534257759151386 235.4244080923145 6.5
    vertex 1.872706456468907e-14 237.3 6.5
  endloop
endfacet
facet normal 0 0 1
  outer loop
    vertex 1.872706456468907e-14 237.3 6.5
    vertex 0.9534257759151386 235.4244080923145 6.5
    vertex 1.946807064562187 236.9916560526595 6.5
  endloop
endfacet
facet normal 0 0 1
  outer loop
    vertex -0.8533214028617212 231.0351829875435 6.5
    vertex -2.770293390131821 231.6388242709018 6.5
    vertex -2.456637872136859 229.4748318300701 6.5
  endloop
endfacet
facet normal 0 -0 1
  outer loop
    vertex 4.459843652151897 228.7275961584624 6.5
    vertex 4.866484106069414 230.062422751771 6.5
    vertex 3.121077173383781 229.8249548241736 6.5
  endloop
endfacet
facet normal 0 -0 1
  outer loop
    vertex 1.707836986314658 233.6762306864923 6.5
    vertex 2.422674734602916 235.3738074539062 6.5
    vertex 0.9534257759151386 235.4244080923145 6.5
  endloop
endfacet
facet normal 0 0 1
  outer loop
    vertex 3.121077173383781 229.8249548241736 6.5
    vertex 1.229315911011135 228.2311845470468 6.5
    vertex 3.192895531770858 227.8071044682291 6.5
  endloop
endfacet
facet normal 0 0 1
  outer loop
    vertex 0.6714403924538631 226.4822696826288 6.5
    vertex 2.148701197848126 226.6864191161366 6.5
    vertex 1.229315911011135 228.2311845470468 6.5
  endloop
endfacet
facet normal 0 0 1
  outer loop
    vertex 1.229315911011135 228.2311845470468 6.5
    vertex 2.148701197848126 226.6864191161366 6.5
    vertex 3.192895531770858 227.8071044682291 6.5
  endloop
endfacet
facet normal -0 0 1
  outer loop
    vertex 0.279642280281836 233.9285847567407 6.5
    vertex 1.707836986314658 233.6762306864923 6.5
    vertex 0.9534257759151386 235.4244080923145 6.5
  endloop
endfacet
facet normal 0 0 1
  outer loop
    vertex 2.647078911216239 232.1424274079041 6.5
    vertex 1.707836986314658 233.6762306864923 6.5
    vertex 0.5524650590921232 232.2163927095117 6.5
  endloop
endfacet
facet normal 0 0 1
  outer loop
    vertex -3.973786249218703 233.1116934103327 6.5
    vertex -2.622963179592916 233.1117283307578 6.5
    vertex -2.577122215556822 234.5558204864786 6.5
  endloop
endfacet
facet normal 0 0 1
  outer loop
    vertex 0.5524650590921232 232.2163927095117 6.5
    vertex 0.279642280281836 233.9285847567407 6.5
    vertex -1.233926927860967 233.0290228581551 6.5
  endloop
endfacet
facet normal 0 -0 1
  outer loop
    vertex -2.180223334635939 226.474129935241 6.5
    vertex -1.085737107198761 227.6148133793728 6.5
    vertex -3.176439893382231 227.6791987898564 6.5
  endloop
endfacet
facet normal 0 0 1
  outer loop
    vertex 0.6714403924538631 226.4822696826288 6.5
    vertex -1.085737107198761 227.6148133793728 6.5
    vertex -0.8302436488085951 226.0544215380854 6.5
  endloop
endfacet
facet normal 0 0 1
  outer loop
    vertex 3.19289553177086 234.1928955317708 6.5
    vertex 2.422674734602916 235.3738074539062 6.5
    vertex 1.707836986314658 233.6762306864923 6.5
  endloop
endfacet
facet normal 0 0 1
  outer loop
    vertex 4.459843652151897 228.7275961584624 6.5
    vertex 3.121077173383781 229.8249548241736 6.5
    vertex 3.192895531770858 227.8071044682291 6.5
  endloop
endfacet
facet normal 0 -0 1
  outer loop
    vertex 0.279642280281836 233.9285847567407 6.5
    vertex 0.9534257759151386 235.4244080923145 6.5
    vertex -0.7063698407809952 235.4598436521519 6.5
  endloop
endfacet
facet normal 0 0 1
  outer loop
    vertex -3.703047089442567 225.9031929354378 6.5
    vertex -2.180223334635939 226.474129935241 6.5
    vertex -3.176439893382231 227.6791987898564 6.5
  endloop
endfacet
facet normal 0 -0 1
  outer loop
    vertex -5.096807064562156 227.2969529105574 6.5
    vertex -4.236618192280693 228.7611486418676 6.5
    vertex -5.991656052659454 229.0531929354378 6.5
  endloop
endfacet
facet normal 0 0 1
  outer loop
    vertex 6.300000000000014 231 6.5
    vertex 4.866484106069414 230.062422751771 6.5
    vertex 5.991656052659481 229.0531929354378 6.5
  endloop
endfacet
facet normal 0 0 1
  outer loop
    vertex -6.299999999999986 231 6.5
    vertex -4.699457154134545 231.7997782978426 6.5
    vertex -5.991656052659452 232.9468070645622 6.5
  endloop
endfacet
facet normal 0 0 1
  outer loop
    vertex 5.096807064562184 234.7030470894426 6.5
    vertex 4.277656242472133 233.1383093868921 6.5
    vertex 5.991656052659482 232.9468070645622 6.5
  endloop
endfacet
facet normal 0 0 1
  outer loop
    vertex 5.096807064562182 227.2969529105574 6.5
    vertex 4.459843652151897 228.7275961584624 6.5
    vertex 3.192895531770858 227.8071044682291 6.5
  endloop
endfacet
facet normal 0 0 1
  outer loop
    vertex 4.459843652151902 231.706369840781 6.5
    vertex 4.866484106069414 230.062422751771 6.5
    vertex 6.300000000000014 231 6.5
  endloop
endfacet
facet normal 0 0 1
  outer loop
    vertex -4.461550078662762 230.3015667434165 6.5
    vertex -4.699457154134545 231.7997782978426 6.5
    vertex -6.299999999999986 231 6.5
  endloop
endfacet
facet normal -0 0 1
  outer loop
    vertex -5.991656052659452 232.9468070645622 6.5
    vertex -4.699457154134545 231.7997782978426 6.5
    vertex -3.973786249218703 233.1116934103327 6.5
  endloop
endfacet
facet normal 0 -0 1
  outer loop
    vertex 1.946807064562182 225.0083439473405 6.5
    vertex 2.148701197848126 226.6864191161366 6.5
    vertex 0.6714403924538631 226.4822696826288 6.5
  endloop
endfacet
facet normal 0 0 1
  outer loop
    vertex -1.946807064562155 225.0083439473405 6.5
    vertex -2.180223334635939 226.474129935241 6.5
    vertex -3.703047089442567 225.9031929354378 6.5
  endloop
endfacet
facet normal 0 0 1
  outer loop
    vertex 3.703047089442594 225.9031929354378 6.5
    vertex 2.148701197848126 226.6864191161366 6.5
    vertex 1.946807064562182 225.0083439473405 6.5
  endloop
endfacet
facet normal -0 0 1
  outer loop
    vertex 3.19289553177086 234.1928955317708 6.5
    vertex 4.277656242472133 233.1383093868921 6.5
    vertex 5.096807064562184 234.7030470894426 6.5
  endloop
endfacet
facet normal 0 0 1
  outer loop
    vertex -3.176439893382231 227.6791987898564 6.5
    vertex -4.236618192280693 228.7611486418676 6.5
    vertex -5.096807064562156 227.2969529105574 6.5
  endloop
endfacet
facet normal 0 0 1
  outer loop
    vertex 0.6714403924538631 226.4822696826288 6.5
    vertex -0.8302436488085951 226.0544215380854 6.5
    vertex 1.298741752578978e-14 224.7 6.5
  endloop
endfacet
facet normal 0 0 1
  outer loop
    vertex 5.991656052659482 232.9468070645622 6.5
    vertex 4.277656242472133 233.1383093868921 6.5
    vertex 4.459843652151902 231.706369840781 6.5
  endloop
endfacet
facet normal -0 0 1
  outer loop
    vertex -5.991656052659454 229.0531929354378 6.5
    vertex -4.236618192280693 228.7611486418676 6.5
    vertex -4.461550078662762 230.3015667434165 6.5
  endloop
endfacet
facet normal 0 0 1
  outer loop
    vertex 1.298741752578978e-14 224.7 6.5
    vertex -0.8302436488085951 226.0544215380854 6.5
    vertex -1.946807064562155 225.0083439473405 6.5
  endloop
endfacet
facet normal 0 0 1
  outer loop
    vertex 5.991656052659481 229.0531929354378 6.5
    vertex 4.459843652151897 228.7275961584624 6.5
    vertex 5.096807064562182 227.2969529105574 6.5
  endloop
endfacet
facet normal 0 0 1
  outer loop
    vertex 3.192895531770858 227.8071044682291 6.5
    vertex 2.148701197848126 226.6864191161366 6.5
    vertex 3.703047089442594 225.9031929354378 6.5
  endloop
endfacet
facet normal 0 0 1
  outer loop
    vertex -2.577122215556822 234.5558204864786 6.5
    vertex -2.622963179592916 233.1117283307578 6.5
    vertex -1.233926927860967 233.0290228581551 6.5
  endloop
endfacet
facet normal 0 0 1
  outer loop
    vertex 1.946807064562187 236.9916560526595 6.5
    vertex 2.422674734602916 235.3738074539062 6.5
    vertex 3.703047089442597 236.0968070645622 6.5
  endloop
endfacet
facet normal 0 0 1
  outer loop
    vertex -1.233926927860967 233.0290228581551 6.5
    vertex -2.622963179592916 233.1117283307578 6.5
    vertex -2.770293390131821 231.6388242709018 6.5
  endloop
endfacet
facet normal 0 0 1
  outer loop
    vertex 3.703047089442597 236.0968070645622 6.5
    vertex 2.422674734602916 235.3738074539062 6.5
    vertex 3.19289553177086 234.1928955317708 6.5
  endloop
endfacet
facet normal 0 -0 1
  outer loop
    vertex -2.770293390131821 231.6388242709018 6.5
    vertex -2.622963179592916 233.1117283307578 6.5
    vertex -3.973786249218703 233.1116934103327 6.5
  endloop
endfacet
facet normal 0 -0 1
  outer loop
    vertex 0.5524650590921232 232.2163927095117 6.5
    vertex 1.707836986314658 233.6762306864923 6.5
    vertex 0.279642280281836 233.9285847567407 6.5
  endloop
endfacet
facet normal -0 0 1
  outer loop
    vertex 0.9534257759151386 235.4244080923145 6.5
    vertex 2.422674734602916 235.3738074539062 6.5
    vertex 1.946807064562187 236.9916560526595 6.5
  endloop
endfacet
facet normal 0 0 1
  outer loop
    vertex -0.8302436488085951 226.0544215380854 6.5
    vertex -1.085737107198761 227.6148133793728 6.5
    vertex -2.180223334635939 226.474129935241 6.5
  endloop
endfacet
facet normal 0 0 1
  outer loop
    vertex 5.991656052659481 229.0531929354378 6.5
    vertex 4.866484106069414 230.062422751771 6.5
    vertex 4.459843652151897 228.7275961584624 6.5
  endloop
endfacet
facet normal 0 -0 1
  outer loop
    vertex -1.946807064562155 225.0083439473405 6.5
    vertex -0.8302436488085951 226.0544215380854 6.5
    vertex -2.180223334635939 226.474129935241 6.5
  endloop
endfacet
facet normal -0 0 1
  outer loop
    vertex -17.65898715779566 228.6720270624985 6.5
    vertex -15.53442689051484 228.4320800303205 6.5
    vertex -16.08959370228338 230.2594933194081 6.5
  endloop
endfacet
facet normal 0 0 1
  outer loop
    vertex -15.80756057169055 224.5921237589626 6.5
    vertex -13.90426922199146 225.9894360371419 6.5
    vertex -15.7737945941313 226.5172049169481 6.5
  endloop
endfacet
facet normal 0 0 1
  outer loop
    vertex -15.9107186278877 234.6070628935435 6.5
    vertex -17.39189353759169 233.9223119046428 6.5
    vertex -16.45250617823984 232.3607860398134 6.5
  endloop
endfacet
facet normal 0 0 1
  outer loop
    vertex -16.45250617823984 232.3607860398134 6.5
    vertex -14.86726105763494 233.5098474143001 6.5
    vertex -15.9107186278877 234.6070628935435 6.5
  endloop
endfacet
facet normal -0 0 1
  outer loop
    vertex -19.85240955978785 232.5305868761843 6.5
    vertex -18.2528828477335 230.7004910962778 6.5
    vertex -18.07488171356938 232.6762968126082 6.5
  endloop
endfacet
facet normal 0 0 1
  outer loop
    vertex -13.86075350712839 224.2837798116221 6.5
    vertex -13.90426922199146 225.9894360371419 6.5
    vertex -15.80756057169055 224.5921237589626 6.5
  endloop
endfacet
facet normal 0 0 1
  outer loop
    vertex -20.16075350712838 230.5837798116221 6.5
    vertex -18.2528828477335 230.7004910962778 6.5
    vertex -19.85240955978785 232.5305868761843 6.5
  endloop
endfacet
facet normal 0 0 1
  outer loop
    vertex -16.08959370228338 230.2594933194081 6.5
    vertex -18.2528828477335 230.7004910962778 6.5
    vertex -17.65898715779566 228.6720270624985 6.5
  endloop
endfacet
facet normal 0 -0 1
  outer loop
    vertex -19.85240955978785 228.6369727470599 6.5
    vertex -18.2528828477335 230.7004910962778 6.5
    vertex -20.16075350712838 230.5837798116221 6.5
  endloop
endfacet
facet normal 0 0 1
  outer loop
    vertex -17.65898715779566 228.6720270624985 6.5
    vertex -18.2528828477335 230.7004910962778 6.5
    vertex -19.85240955978785 228.6369727470599 6.5
  endloop
endfacet
facet normal 0 0 1
  outer loop
    vertex -17.65898715779566 228.6720270624985 6.5
    vertex -17.09771396214067 227.1978034958013 6.5
    vertex -15.53442689051484 228.4320800303205 6.5
  endloop
endfacet
facet normal 0 0 1
  outer loop
    vertex -11.861436190927 226.603056717202 6.5
    vertex -13.90426922199146 225.9894360371419 6.5
    vertex -11.91394644256622 224.5921237589626 6.5
  endloop
endfacet
facet normal 0 0 1
  outer loop
    vertex -11.91394644256622 224.5921237589626 6.5
    vertex -13.90426922199146 225.9894360371419 6.5
    vertex -13.86075350712839 224.2837798116221 6.5
  endloop
endfacet
facet normal 0 0 1
  outer loop
    vertex -13.44224908626799 228.091807115119 6.5
    vertex -13.90426922199146 225.9894360371419 6.5
    vertex -11.861436190927 226.603056717202 6.5
  endloop
endfacet
facet normal 0 0 1
  outer loop
    vertex -15.53442689051484 228.4320800303205 6.5
    vertex -17.09771396214067 227.1978034958013 6.5
    vertex -15.7737945941313 226.5172049169481 6.5
  endloop
endfacet
facet normal 0 -0 1
  outer loop
    vertex -11.861436190927 226.603056717202 6.5
    vertex -11.41586535198799 228.2500894993619 6.5
    vertex -13.44224908626799 228.091807115119 6.5
  endloop
endfacet
facet normal 0 0 1
  outer loop
    vertex -12.86700119204319 231.4902434386776 6.5
    vertex -13.19235030408636 233.2497167575138 6.5
    vertex -14.64350870304652 231.8013013542168 6.5
  endloop
endfacet
facet normal 0 0 1
  outer loop
    vertex -16.45250617823984 232.3607860398134 6.5
    vertex -17.39189353759169 233.9223119046428 6.5
    vertex -18.07488171356938 232.6762968126082 6.5
  endloop
endfacet
facet normal 0 0 1
  outer loop
    vertex -13.41471322601226 235.0547805969846 6.5
    vertex -14.82178020448043 235.536883676686 6.5
    vertex -14.86726105763494 233.5098474143001 6.5
  endloop
endfacet
facet normal 0 0 1
  outer loop
    vertex -18.2528828477335 230.7004910962778 6.5
    vertex -16.45250617823984 232.3607860398134 6.5
    vertex -18.07488171356938 232.6762968126082 6.5
  endloop
endfacet
facet normal 0 0 1
  outer loop
    vertex -13.41471322601226 235.0547805969846 6.5
    vertex -14.86726105763494 233.5098474143001 6.5
    vertex -13.19235030408636 233.2497167575138 6.5
  endloop
endfacet
facet normal 0 0 1
  outer loop
    vertex -16.08959370228338 230.2594933194081 6.5
    vertex -16.45250617823984 232.3607860398134 6.5
    vertex -18.2528828477335 230.7004910962778 6.5
  endloop
endfacet
facet normal 0 0 1
  outer loop
    vertex -13.90426922199146 225.9894360371419 6.5
    vertex -14.6636849482264 227.2576320248824 6.5
    vertex -15.7737945941313 226.5172049169481 6.5
  endloop
endfacet
facet normal 0 0 1
  outer loop
    vertex -11.51718407223165 232.910775005319 6.5
    vertex -13.19235030408636 233.2497167575138 6.5
    vertex -12.86700119204319 231.4902434386776 6.5
  endloop
endfacet
facet normal 0 0 1
  outer loop
    vertex -14.19463250072306 230.0302081108157 6.5
    vertex -15.53442689051484 228.4320800303205 6.5
    vertex -13.44224908626799 228.091807115119 6.5
  endloop
endfacet
facet normal 0 0 1
  outer loop
    vertex -19.85240955978785 232.5305868761843 6.5
    vertex -18.07488171356938 232.6762968126082 6.5
    vertex -18.95756057169055 234.2868269010647 6.5
  endloop
endfacet
facet normal 0 0 1
  outer loop
    vertex -7.869097454468918 228.6369727470599 6.5
    vertex -9.69413275631749 228.3294563687508 6.5
    vertex -8.763946442566215 226.8807327221795 6.5
  endloop
endfacet
facet normal 0 0 1
  outer loop
    vertex -10.15770641768581 225.4869727470599 6.5
    vertex -11.861436190927 226.603056717202 6.5
    vertex -11.91394644256622 224.5921237589626 6.5
  endloop
endfacet
facet normal -0 0 1
  outer loop
    vertex -17.56380059657096 235.6805868761843 6.5
    vertex -15.9107186278877 234.6070628935435 6.5
    vertex -15.80756057169055 236.5754358642816 6.5
  endloop
endfacet
facet normal 0 0 1
  outer loop
    vertex -11.91394644256621 236.5754358642816 6.5
    vertex -11.78714343432277 234.6640161414568 6.5
    vertex -10.1577064176858 235.6805868761843 6.5
  endloop
endfacet
facet normal 0 0 1
  outer loop
    vertex -8.763946442566215 234.2868269010647 6.5
    vertex -9.780517177293632 232.6573898844277 6.5
    vertex -7.869097454468917 232.5305868761843 6.5
  endloop
endfacet
facet normal 0 -0 1
  outer loop
    vertex -18.95756057169055 226.8807327221795 6.5
    vertex -17.65898715779566 228.6720270624985 6.5
    vertex -19.85240955978785 228.6369727470599 6.5
  endloop
endfacet
facet normal 0 -0 1
  outer loop
    vertex -15.80756057169055 224.5921237589626 6.5
    vertex -15.7737945941313 226.5172049169481 6.5
    vertex -17.56380059657097 225.4869727470599 6.5
  endloop
endfacet
facet normal 0 0 1
  outer loop
    vertex -16.08959370228338 230.2594933194081 6.5
    vertex -15.53442689051484 228.4320800303205 6.5
    vertex -14.19463250072306 230.0302081108157 6.5
  endloop
endfacet
facet normal 0 0 1
  outer loop
    vertex -14.64350870304652 231.8013013542168 6.5
    vertex -16.08959370228338 230.2594933194081 6.5
    vertex -14.19463250072306 230.0302081108157 6.5
  endloop
endfacet
facet normal 0 0 1
  outer loop
    vertex -12.86700119204319 231.4902434386776 6.5
    vertex -14.64350870304652 231.8013013542168 6.5
    vertex -14.19463250072306 230.0302081108157 6.5
  endloop
endfacet
facet normal 0 0 1
  outer loop
    vertex -14.19463250072306 230.0302081108157 6.5
    vertex -13.44224908626799 228.091807115119 6.5
    vertex -12.32620011217911 229.7648719814433 6.5
  endloop
endfacet
facet normal 0 0 1
  outer loop
    vertex -12.86700119204319 231.4902434386776 6.5
    vertex -14.19463250072306 230.0302081108157 6.5
    vertex -12.32620011217911 229.7648719814433 6.5
  endloop
endfacet
facet normal 0 0 1
  outer loop
    vertex -12.86700119204319 231.4902434386776 6.5
    vertex -12.32620011217911 229.7648719814433 6.5
    vertex -11.04142673204772 231.1776618019033 6.5
  endloop
endfacet
facet normal 0 0 1
  outer loop
    vertex -11.51718407223165 232.910775005319 6.5
    vertex -12.86700119204319 231.4902434386776 6.5
    vertex -11.04142673204772 231.1776618019033 6.5
  endloop
endfacet
facet normal 0 0 1
  outer loop
    vertex -9.780517177293632 232.6573898844277 6.5
    vertex -9.325893291393381 231.0342087942263 6.5
    vertex -7.869097454468917 232.5305868761843 6.5
  endloop
endfacet
facet normal 0 0 1
  outer loop
    vertex -7.869097454468917 232.5305868761843 6.5
    vertex -9.325893291393381 231.0342087942263 6.5
    vertex -7.560753507128385 230.5837798116221 6.5
  endloop
endfacet
facet normal 0 0 1
  outer loop
    vertex -11.91394644256621 236.5754358642816 6.5
    vertex -13.41471322601226 235.0547805969846 6.5
    vertex -11.78714343432277 234.6640161414568 6.5
  endloop
endfacet
facet normal 0 0 1
  outer loop
    vertex -13.86075350712838 236.8837798116221 6.5
    vertex -13.41471322601226 235.0547805969846 6.5
    vertex -11.91394644256621 236.5754358642816 6.5
  endloop
endfacet
facet normal 0 0 1
  outer loop
    vertex -13.44224908626799 228.091807115119 6.5
    vertex -11.41586535198799 228.2500894993619 6.5
    vertex -12.32620011217911 229.7648719814433 6.5
  endloop
endfacet
facet normal 0 0 1
  outer loop
    vertex -13.19235030408636 233.2497167575138 6.5
    vertex -14.86726105763494 233.5098474143001 6.5
    vertex -14.64350870304652 231.8013013542168 6.5
  endloop
endfacet
facet normal -0 0 1
  outer loop
    vertex -10.55016243462468 229.6783853124567 6.5
    vertex -8.973619818294548 229.6440441803794 6.5
    vertex -9.325893291393381 231.0342087942263 6.5
  endloop
endfacet
facet normal 0 0 1
  outer loop
    vertex -11.78714343432277 234.6640161414568 6.5
    vertex -13.19235030408636 233.2497167575138 6.5
    vertex -11.51718407223165 232.910775005319 6.5
  endloop
endfacet
facet normal 0 0 1
  outer loop
    vertex -11.51718407223165 232.910775005319 6.5
    vertex -11.04142673204772 231.1776618019033 6.5
    vertex -9.780517177293632 232.6573898844277 6.5
  endloop
endfacet
facet normal 0 -0 1
  outer loop
    vertex -14.86726105763494 233.5098474143001 6.5
    vertex -14.82178020448043 235.536883676686 6.5
    vertex -15.9107186278877 234.6070628935435 6.5
  endloop
endfacet
facet normal 0 0 1
  outer loop
    vertex -11.04142673204772 231.1776618019033 6.5
    vertex -10.55016243462468 229.6783853124567 6.5
    vertex -9.325893291393381 231.0342087942263 6.5
  endloop
endfacet
facet normal 0 0 1
  outer loop
    vertex -14.64350870304652 231.8013013542168 6.5
    vertex -14.86726105763494 233.5098474143001 6.5
    vertex -16.45250617823984 232.3607860398134 6.5
  endloop
endfacet
facet normal 0 0 1
  outer loop
    vertex -11.78714343432277 234.6640161414568 6.5
    vertex -13.41471322601226 235.0547805969846 6.5
    vertex -13.19235030408636 233.2497167575138 6.5
  endloop
endfacet
facet normal -0 0 1
  outer loop
    vertex -11.04142673204772 231.1776618019033 6.5
    vertex -9.325893291393381 231.0342087942263 6.5
    vertex -9.780517177293632 232.6573898844277 6.5
  endloop
endfacet
facet normal 0 0 1
  outer loop
    vertex -14.64350870304652 231.8013013542168 6.5
    vertex -16.45250617823984 232.3607860398134 6.5
    vertex -16.08959370228338 230.2594933194081 6.5
  endloop
endfacet
facet normal 0 0 1
  outer loop
    vertex -8.763946442566215 226.8807327221795 6.5
    vertex -10.37525873087921 227.0782635367058 6.5
    vertex -10.15770641768581 225.4869727470599 6.5
  endloop
endfacet
facet normal -0 0 1
  outer loop
    vertex -18.95756057169055 234.2868269010647 6.5
    vertex -17.39189353759169 233.9223119046428 6.5
    vertex -17.56380059657096 235.6805868761843 6.5
  endloop
endfacet
facet normal 0 0 1
  outer loop
    vertex -10.1577064176858 235.6805868761843 6.5
    vertex -10.34343844970989 234.1010948690406 6.5
    vertex -8.763946442566215 234.2868269010647 6.5
  endloop
endfacet
facet normal 0 -0 1
  outer loop
    vertex -17.56380059657097 225.4869727470599 6.5
    vertex -17.09771396214067 227.1978034958013 6.5
    vertex -18.95756057169055 226.8807327221795 6.5
  endloop
endfacet
facet normal -0 0 1
  outer loop
    vertex -11.78714343432277 234.6640161414568 6.5
    vertex -10.34343844970989 234.1010948690406 6.5
    vertex -10.1577064176858 235.6805868761843 6.5
  endloop
endfacet
facet normal 0 0 1
  outer loop
    vertex -18.95756057169055 226.8807327221795 6.5
    vertex -17.09771396214067 227.1978034958013 6.5
    vertex -17.65898715779566 228.6720270624985 6.5
  endloop
endfacet
facet normal 0 0 1
  outer loop
    vertex -8.763946442566215 234.2868269010647 6.5
    vertex -10.34343844970989 234.1010948690406 6.5
    vertex -9.780517177293632 232.6573898844277 6.5
  endloop
endfacet
facet normal 0 0 1
  outer loop
    vertex -17.56380059657096 235.6805868761843 6.5
    vertex -17.39189353759169 233.9223119046428 6.5
    vertex -15.9107186278877 234.6070628935435 6.5
  endloop
endfacet
facet normal 0 0 1
  outer loop
    vertex -10.15770641768581 225.4869727470599 6.5
    vertex -10.37525873087921 227.0782635367058 6.5
    vertex -11.861436190927 226.603056717202 6.5
  endloop
endfacet
facet normal 0 0 1
  outer loop
    vertex -15.7737945941313 226.5172049169481 6.5
    vertex -17.09771396214067 227.1978034958013 6.5
    vertex -17.56380059657097 225.4869727470599 6.5
  endloop
endfacet
facet normal 0 0 1
  outer loop
    vertex -9.69413275631749 228.3294563687508 6.5
    vertex -10.37525873087921 227.0782635367058 6.5
    vertex -8.763946442566215 226.8807327221795 6.5
  endloop
endfacet
facet normal 0 -0 1
  outer loop
    vertex -18.07488171356938 232.6762968126082 6.5
    vertex -17.39189353759169 233.9223119046428 6.5
    vertex -18.95756057169055 234.2868269010647 6.5
  endloop
endfacet
facet normal 0 0 1
  outer loop
    vertex -15.7737945941313 226.5172049169481 6.5
    vertex -14.6636849482264 227.2576320248824 6.5
    vertex -15.53442689051484 228.4320800303205 6.5
  endloop
endfacet
facet normal -0 0 1
  outer loop
    vertex -15.80756057169055 236.5754358642816 6.5
    vertex -14.82178020448043 235.536883676686 6.5
    vertex -13.86075350712838 236.8837798116221 6.5
  endloop
endfacet
facet normal 0 0 1
  outer loop
    vertex -7.560753507128385 230.5837798116221 6.5
    vertex -8.973619818294548 229.6440441803794 6.5
    vertex -7.869097454468918 228.6369727470599 6.5
  endloop
endfacet
facet normal 0 0 1
  outer loop
    vertex -15.53442689051484 228.4320800303205 6.5
    vertex -14.6636849482264 227.2576320248824 6.5
    vertex -13.44224908626799 228.091807115119 6.5
  endloop
endfacet
facet normal -0 0 1
  outer loop
    vertex -12.32620011217911 229.7648719814433 6.5
    vertex -10.55016243462468 229.6783853124567 6.5
    vertex -11.04142673204772 231.1776618019033 6.5
  endloop
endfacet
facet normal 0 0 1
  outer loop
    vertex -7.869097454468918 228.6369727470599 6.5
    vertex -8.973619818294548 229.6440441803794 6.5
    vertex -9.69413275631749 228.3294563687508 6.5
  endloop
endfacet
facet normal 0 0 1
  outer loop
    vertex -15.9107186278877 234.6070628935435 6.5
    vertex -14.82178020448043 235.536883676686 6.5
    vertex -15.80756057169055 236.5754358642816 6.5
  endloop
endfacet
facet normal 0 0 1
  outer loop
    vertex -10.34343844970989 234.1010948690406 6.5
    vertex -11.51718407223165 232.910775005319 6.5
    vertex -9.780517177293632 232.6573898844277 6.5
  endloop
endfacet
facet normal 0 0 1
  outer loop
    vertex -11.78714343432277 234.6640161414568 6.5
    vertex -11.51718407223165 232.910775005319 6.5
    vertex -10.34343844970989 234.1010948690406 6.5
  endloop
endfacet
facet normal 0 0 1
  outer loop
    vertex -13.44224908626799 228.091807115119 6.5
    vertex -14.6636849482264 227.2576320248824 6.5
    vertex -13.90426922199146 225.9894360371419 6.5
  endloop
endfacet
facet normal 0 -0 1
  outer loop
    vertex -9.69413275631749 228.3294563687508 6.5
    vertex -8.973619818294548 229.6440441803794 6.5
    vertex -10.55016243462468 229.6783853124567 6.5
  endloop
endfacet
facet normal 0 0 1
  outer loop
    vertex -9.69413275631749 228.3294563687508 6.5
    vertex -11.41586535198799 228.2500894993619 6.5
    vertex -10.37525873087921 227.0782635367058 6.5
  endloop
endfacet
facet normal 0 0 1
  outer loop
    vertex -9.325893291393381 231.0342087942263 6.5
    vertex -8.973619818294548 229.6440441803794 6.5
    vertex -7.560753507128385 230.5837798116221 6.5
  endloop
endfacet
facet normal 0 0 1
  outer loop
    vertex -13.86075350712838 236.8837798116221 6.5
    vertex -14.82178020448043 235.536883676686 6.5
    vertex -13.41471322601226 235.0547805969846 6.5
  endloop
endfacet
facet normal 0 0 1
  outer loop
    vertex -9.69413275631749 228.3294563687508 6.5
    vertex -10.55016243462468 229.6783853124567 6.5
    vertex -11.41586535198799 228.2500894993619 6.5
  endloop
endfacet
facet normal 0 0 1
  outer loop
    vertex -10.37525873087921 227.0782635367058 6.5
    vertex -11.41586535198799 228.2500894993619 6.5
    vertex -11.861436190927 226.603056717202 6.5
  endloop
endfacet
facet normal 0 -0 1
  outer loop
    vertex -11.41586535198799 228.2500894993619 6.5
    vertex -10.55016243462468 229.6783853124567 6.5
    vertex -12.32620011217911 229.7648719814433 6.5
  endloop
endfacet
endsolid Created by Gmsh
